chr	center	observed_log	atac_pred_log	true_residual	class	K562seq_to_GM_residual	K562mm_to_GM_residual	K562resSeq_to_GM_residual	K562resMM_to_GM_residual
chr21	44241004	0.0	5.4393153	-5.4393153	accessible_not_acetylated	-2.091141	-1.196496	-1.5054882	-1.2848873
chr22	21468317	0.6931472	5.886979	-5.193832	accessible_not_acetylated	-3.633706	-1.7580872	-1.7195058	-1.2849236
chr20	52974332	0.0	5.0755568	-5.0755568	accessible_not_acetylated	-2.7848284	0.0004453659	0.04489565	-0.085289955
chr22	23966837	0.0	5.0314507	-5.0314507	accessible_not_acetylated	-0.068520546	0.3570385	-0.15021276	0.24935341
chr7	144195698	0.0	4.9326854	-4.9326854	accessible_not_acetylated	-2.2686481	0.08725977	-0.38730383	0.11692953
chr7	144355395	0.0	4.9109035	-4.9109035	accessible_not_acetylated	-0.54902124	0.4018216	0.08291912	0.3957801
chr6	170291557	0.0	4.880221	-4.880221	accessible_not_acetylated	-1.5303111	-1.3428824	-1.0549839	-1.0265474
chr8	88327432	0.0	4.7003326	-4.7003326	accessible_not_acetylated	-1.8797987	-1.5901437	-0.6254444	-1.5635629
chr10	75402101	1.3862944	6.069256	-4.6829615	accessible_not_acetylated	-3.7292213	-0.45991325	-0.8335571	-0.25166512
chr8	104754601	0.0	4.655171	-4.655171	accessible_not_acetylated	-2.0556426	0.60170794	0.2824769	0.3251481
chr7	74964817	0.0	4.632757	-4.632757	accessible_not_acetylated	-0.52516365	-0.98499584	-0.3486576	-0.64634705
chr12	29681587	0.0	4.561903	-4.561903	accessible_not_acetylated	-1.6288261	-0.05835104	0.08035231	0.14856434
chr10	28302966	0.0	4.553737	-4.553737	accessible_not_acetylated	-2.2335436	-1.3855731	-1.2904811	-1.4148083
chr12	70366066	1.0986123	5.6433353	-4.544723	accessible_not_acetylated	-2.8112092	-1.3430347	-1.0336943	-1.0781198
chr17	19127468	0.0	4.5304885	-4.5304885	accessible_not_acetylated	-1.0414248	0.2108841	0.16280222	0.22587156
chr17	19047023	0.0	4.530208	-4.530208	accessible_not_acetylated	-1.5629866	-0.04845333	-0.13014269	0.20784426
chr12	29682227	0.6931472	5.2124043	-4.519257	accessible_not_acetylated	-2.9198916	-0.5771303	0.1365099	-0.1427021
chr7	2519596	0.0	4.514902	-4.514902	accessible_not_acetylated	-1.8099766	-1.1951971	-0.9636843	-0.73220706
chr7	29289207	0.6931472	5.1991644	-4.506017	accessible_not_acetylated	-2.5246065	0.27415705	0.2039547	0.62393713
chr22	28883548	0.0	4.473456	-4.473456	accessible_not_acetylated	-0.3986888	-0.914546	-0.9825311	-0.7756753
chr6	91719628	0.6931472	5.152136	-4.4589887	accessible_not_acetylated	-2.96829	-0.1359849	0.050186634	0.45818472
chr10	102231077	0.0	4.442442	-4.442442	accessible_not_acetylated	-0.72212577	-1.003315	-0.9650488	-1.4382315
chr10	43221309	0.0	4.4161353	-4.4161353	accessible_not_acetylated	-1.4237864	-0.08409262	-0.40708065	0.22545147
chr7	39406558	0.0	4.407509	-4.407509	accessible_not_acetylated	-1.7869449	-0.1877532	0.016593456	2.861023e-05
chr7	82384158	1.0986123	5.485417	-4.3868046	accessible_not_acetylated	-3.1848726	-0.26529694	0.17239618	0.03239298
chr12	15778257	0.0	4.366937	-4.366937	accessible_not_acetylated	-2.0052001	-0.48127556	-0.008060455	0.035083294
chr8	29334985	0.0	4.3638797	-4.3638797	accessible_not_acetylated	-1.8618109	0.8590741	0.27195787	0.47807837
chr10	77637819	0.0	4.338888	-4.338888	accessible_not_acetylated	-1.8324182	-0.5783253	-0.86804676	-1.0586944
chr10	24574299	0.0	4.3131256	-4.3131256	accessible_not_acetylated	-1.953927	-0.4197929	0.06566715	-0.121052265
chr18	34222315	1.0986123	5.407845	-4.3092327	accessible_not_acetylated	-1.9015226	-0.21162748	-0.34962177	0.14017296
chr18	34977017	0.0	4.298208	-4.298208	accessible_not_acetylated	-1.4545734	-1.6704564	-0.9231467	-1.7146788
chr7	1459487	0.6931472	4.9908524	-4.297705	accessible_not_acetylated	-0.8195548	-1.7028947	-0.9420428	-1.3772564
chr8	119417008	0.6931472	4.990453	-4.2973056	accessible_not_acetylated	-2.3250935	-0.52978134	-0.3025236	-0.3330145
chr10	18404642	0.6931472	4.988582	-4.295435	accessible_not_acetylated	-2.9182792	-0.3038621	0.032712936	-0.25953913
chr7	39304928	0.6931472	4.980996	-4.287849	accessible_not_acetylated	-2.6101024	-0.13398266	0.052796364	-0.11187267
chr6	170290561	0.0	4.2812886	-4.2812886	accessible_not_acetylated	-0.46827483	-1.3435483	-1.102417	-1.1105685
chr12	42484211	0.6931472	4.9692397	-4.2760925	accessible_not_acetylated	-1.4099643	-1.0529141	-0.6350975	-0.49941778
chr6	97668842	0.0	4.253335	-4.253335	accessible_not_acetylated	-1.1401215	0.2708454	-0.14390087	-0.01967001
chr7	116524803	0.0	4.253325	-4.253325	accessible_not_acetylated	-2.1084342	-1.4198494	-0.75224304	-1.0141723
chr8	23120400	0.0	4.2308736	-4.2308736	accessible_not_acetylated	-1.5590684	0.6634345	0.5112362	0.98348427
chr7	74773961	0.0	4.2011523	-4.2011523	accessible_not_acetylated	-1.051969	1.4340525	-0.0077323914	0.6463752
chr18	4446107	0.0	4.194797	-4.194797	accessible_not_acetylated	-2.5763807	-0.17601061	-0.01349926	0.00084257126
chr20	52972388	0.0	4.1872005	-4.1872005	accessible_not_acetylated	-0.8121824	-0.07154083	0.04732418	0.3042636
chr7	143836686	1.3862944	5.5693507	-4.1830564	accessible_not_acetylated	-1.5292459	0.20462084	-0.7767749	0.08249521
chr6	122789270	0.6931472	4.8720303	-4.178883	accessible_not_acetylated	-1.5100985	-0.06224537	-0.40559435	-0.1095252
chr10	18501578	0.6931472	4.8641386	-4.1709914	accessible_not_acetylated	-3.1010456	0.13707066	0.14250183	0.17259693
chr18	34223551	0.6931472	4.861126	-4.167979	accessible_not_acetylated	-2.2245712	-0.63405085	-0.4870906	-0.38664007
chr17	81095073	0.0	4.1675887	-4.1675887	accessible_not_acetylated	-1.1216364	-0.3076191	-0.31637263	-0.30842495
chr7	82336068	0.0	4.162228	-4.162228	accessible_not_acetylated	-2.078441	-0.34347916	0.21270895	0.23711538
chr6	3455278	0.0	4.149572	-4.149572	accessible_not_acetylated	-1.2174253	-0.25832772	-0.12703705	0.060180187
chr10	43202547	0.0	4.132686	-4.132686	accessible_not_acetylated	-1.3506258	-1.4643266	-1.385515	-1.3251314
chr7	44039161	0.6931472	4.8205185	-4.1273713	accessible_not_acetylated	-2.3119428	-0.6389451	-0.59601593	-0.6082864
chr8	67432887	0.0	4.1180763	-4.1180763	accessible_not_acetylated	-1.7239871	0.062232494	0.07484388	-0.086149216
chr10	119029562	0.0	4.113396	-4.113396	accessible_not_acetylated	-1.1329286	-1.1635239	-0.8248503	-1.183557
chr17	80036640	0.0	4.1048036	-4.1048036	accessible_not_acetylated	0.45381117	-1.2682729	-0.25714564	-0.36469197
chr22	18906222	0.0	4.103057	-4.103057	accessible_not_acetylated	0.22547388	-1.3787947	-0.5163686	-0.70476913
chr17	34382762	1.0986123	5.198139	-4.099527	accessible_not_acetylated	-2.0169044	0.3385911	0.24878407	0.46972132
chr6	40253490	0.0	4.0934987	-4.0934987	accessible_not_acetylated	-1.2412624	0.002775669	0.07750511	0.15304232
chr12	13632058	0.6931472	4.7814837	-4.0883365	accessible_not_acetylated	-1.6703329	0.7629242	0.1909709	0.4911661
chr10	29735453	0.6931472	4.763745	-4.0705976	accessible_not_acetylated	-1.4149518	-0.53833437	-0.7728424	-0.8146119
chr12	106113210	0.6931472	4.7631984	-4.070051	accessible_not_acetylated	-1.9275329	0.60311174	0.07348299	0.7545576
chr17	45894353	0.0	4.057212	-4.057212	accessible_not_acetylated	0.18516254	-1.3508487	-0.380136	-1.0566256
chr18	34493827	0.0	4.051154	-4.051154	accessible_not_acetylated	-2.6779456	-1.4149659	-1.0943072	-1.4786
chr17	65712638	1.3862944	5.437034	-4.05074	accessible_not_acetylated	-2.8423376	0.31955814	0.30665493	0.24731827
chr7	95867527	0.6931472	4.741633	-4.0484858	accessible_not_acetylated	-2.3053806	-0.07257748	0.017385006	0.36759186
chr8	113437997	0.0	4.0444236	-4.0444236	accessible_not_acetylated	-1.0172739	-0.18870592	-0.12902808	-0.03524065
chr7	82434649	0.6931472	4.735937	-4.04279	accessible_not_acetylated	-2.7478242	-0.38102627	-0.032803535	-0.009760857
chr12	29682755	0.6931472	4.7220016	-4.0288544	accessible_not_acetylated	-2.7526107	-0.32358408	0.10371065	0.070561886
chr6	122790026	1.0986123	5.1243877	-4.0257754	accessible_not_acetylated	-0.90009594	0.60116243	-0.11019516	0.36046505
chr10	33772822	0.6931472	4.6978	-4.004653	accessible_not_acetylated	-2.1053364	0.25435972	0.29930925	0.6019497
chr12	15732117	1.3862944	5.3781023	-3.991808	accessible_not_acetylated	-2.8029275	0.2692151	0.12958956	-0.11045742
chr12	48977912	1.0986123	5.088827	-3.9902148	accessible_not_acetylated	-2.4605577	-0.45157814	-0.38612223	-0.67347956
chr7	82443806	0.6931472	4.678006	-3.984859	accessible_not_acetylated	-1.7357955	-0.033179283	-1.0633154	-0.62596893
chr6	157273970	1.0986123	5.0828166	-3.9842043	accessible_not_acetylated	-2.2225194	0.051703453	-0.6752033	-0.5066056
chr17	65750866	0.6931472	4.674947	-3.9817996	accessible_not_acetylated	-2.3871164	-0.44315052	0.035359383	-0.035226345
chr6	98834703	0.0	3.9752386	-3.9752386	accessible_not_acetylated	-0.7893448	-2.6086776	-1.6442916	-1.7826064
chr10	33334905	0.0	3.9743633	-3.9743633	accessible_not_acetylated	-1.7261562	-1.679687	-1.3387237	-1.7035968
chr18	34159440	0.6931472	4.6653724	-3.9722252	accessible_not_acetylated	-1.8106236	-0.5729332	-0.66635203	-0.48510218
chr7	95772544	0.0	3.9518356	-3.9518356	accessible_not_acetylated	-0.11124921	-1.1571493	-0.5811584	-1.0152798
chr22	37818869	0.0	3.9362066	-3.9362066	accessible_not_acetylated	-1.5356336	-1.7046366	-0.6234143	-1.3680212
chr6	151702545	1.3862944	5.321571	-3.9352765	accessible_not_acetylated	-3.048438	-0.7273283	-0.10181284	-0.5349264
chr12	68933209	0.6931472	4.627541	-3.934394	accessible_not_acetylated	-1.9701326	-1.1493883	-0.7489512	-0.93441534
chr8	23102844	0.0	3.9317033	-3.9317033	accessible_not_acetylated	-1.7825189	-0.51541543	-0.8493612	-0.28148103
chr6	53651759	0.6931472	4.6233377	-3.9301906	accessible_not_acetylated	-1.4891858	-1.0696993	-0.64531803	-0.123758316
chr22	46150372	1.0986123	5.0164924	-3.91788	accessible_not_acetylated	-1.9423563	-0.9240217	-0.7619157	-0.62062645
chr8	117443532	0.0	3.9137552	-3.9137552	accessible_not_acetylated	-2.2059298	-0.47979832	-0.0031311512	-0.36322093
chr10	33594728	0.6931472	4.6059146	-3.9127674	accessible_not_acetylated	-2.0740693	-0.1280179	0.21165848	0.5957761
chr6	84575469	0.6931472	4.6032248	-3.9100776	accessible_not_acetylated	-2.045491	0.6821661	0.11079502	0.2669425
chr6	22888220	0.6931472	4.599777	-3.90663	accessible_not_acetylated	-2.340673	-0.1990881	0.05041313	0.073628426
chr12	99382178	0.0	3.9034462	-3.9034462	accessible_not_acetylated	-0.9696145	1.0366836	0.48587275	1.0907607
chr6	138499535	1.3862944	5.28134	-3.8950458	accessible_not_acetylated	-2.4775255	0.3160839	0.11864042	0.093357086
chr20	6123420	1.0986123	4.9857764	-3.887164	accessible_not_acetylated	-2.131131	0.19017935	-0.67327833	-0.0031795502
chr7	90211620	1.609438	5.4955215	-3.8860836	accessible_not_acetylated	-2.7013757	-1.0068955	-1.0641809	-0.416883
chr8	29334240	0.6931472	4.5689764	-3.8758292	accessible_not_acetylated	-2.3215263	0.18613434	-0.0020594597	0.20151043
chr17	44308545	0.0	3.8757133	-3.8757133	accessible_not_acetylated	-1.8015709	-1.6382132	-1.0895221	-1.3391166
chr8	119969792	0.6931472	4.5681252	-3.874978	accessible_not_acetylated	-2.436582	0.031525135	-0.07015228	-0.44879436
chr10	104893114	0.6931472	4.558626	-3.865479	accessible_not_acetylated	-1.9822726	0.49858284	0.20510674	0.23701477
chr7	95718990	0.0	3.8571029	-3.8571029	accessible_not_acetylated	-1.5753205	0.18974209	0.4163952	0.38868332
chr6	32579103	0.0	3.847057	-3.847057	accessible_not_acetylated	-1.5593665	0.22782302	0.1019125	-0.17111611
chr20	45406329	0.0	3.8440816	-3.8440816	accessible_not_acetylated	-0.46965003	-1.9698927	-1.1237557	-1.1888916
chr7	82567622	0.6931472	4.5274644	-3.8343172	accessible_not_acetylated	-2.4926875	-0.10124397	-0.006705761	-0.19885683
chr7	29289888	1.0986123	4.9251685	-3.8265562	accessible_not_acetylated	-1.7686946	0.31845903	0.13993502	0.3476634
chr17	41786764	0.6931472	4.514779	-3.821632	accessible_not_acetylated	-1.7373042	-0.6427059	-0.5946667	-0.6902907
chr6	54291321	0.6931472	4.5123568	-3.8192096	accessible_not_acetylated	-1.7782733	0.081291676	0.4350133	0.8110657
chr18	4441370	0.0	3.8188727	-3.8188727	accessible_not_acetylated	-1.7266033	-0.06367922	0.12531662	-0.045559883
chr8	119416311	0.6931472	4.5112143	-3.818067	accessible_not_acetylated	-1.6882465	-0.75806975	-0.4594636	-0.47285843
chr6	150599887	1.9459102	5.7639284	-3.8180182	accessible_not_acetylated	-2.6963193	-0.8445406	-0.9817648	-0.7643347
chr6	62286265	0.6931472	4.505793	-3.812646	accessible_not_acetylated	-0.8841808	-0.3282838	-0.60812163	-0.6445842
chr17	47851153	0.0	3.8121777	-3.8121777	accessible_not_acetylated	-0.6636684	-2.0482383	-0.49689054	-1.4906757
chr6	84546641	1.609438	5.410828	-3.8013902	accessible_not_acetylated	-2.9037712	-0.14829922	0.14606619	-0.22775078
chr8	23223870	0.6931472	4.4887314	-3.7955842	accessible_not_acetylated	-0.9237397	-0.016777515	-0.079862595	0.7849798
chr7	29278025	0.6931472	4.488121	-3.7949739	accessible_not_acetylated	-1.4669378	-0.081383705	-0.07453537	0.1963563
chr8	108787479	0.0	3.7853343	-3.7853343	accessible_not_acetylated	-1.4852448	-0.5641334	-0.77723813	-1.0724485
chr6	157274932	1.7917595	5.5554614	-3.763702	accessible_not_acetylated	-1.8165541	-0.8329139	-1.1470656	-0.24288082
chr10	18402999	1.7917595	5.5520587	-3.7602992	accessible_not_acetylated	-3.7544355	-0.35907507	0.15949821	0.28047705
chr8	136071331	0.6931472	4.4527245	-3.7595773	accessible_not_acetylated	-1.781301	0.2522869	0.3073759	0.16260147
chr20	63179250	0.0	3.7570748	-3.7570748	accessible_not_acetylated	-0.86728764	-1.4729464	-0.9147401	-0.8027942
chr6	50278017	0.0	3.7541938	-3.7541938	accessible_not_acetylated	-1.3679352	0.15836453	-0.11820793	-0.08588147
chr17	44920214	1.3862944	5.131986	-3.7456918	accessible_not_acetylated	-2.7195625	-0.59890366	-0.14233685	0.35511446
chr22	19756736	0.0	3.7456658	-3.7456658	accessible_not_acetylated	-0.63461614	-1.710079	-0.7710562	-1.144774
chr10	97320272	0.6931472	4.431066	-3.7379189	accessible_not_acetylated	-2.0340567	-0.7403884	-0.89639425	-1.025588
chr7	15581142	0.0	3.7363703	-3.7363703	accessible_not_acetylated	-0.881341	-0.2926314	0.054388046	0.4300959
chr7	90212463	1.0986123	4.834097	-3.7354846	accessible_not_acetylated	-2.1566873	-0.6508813	-0.5003853	-0.23409462
chr10	117471524	0.0	3.7284048	-3.7284048	accessible_not_acetylated	-1.5102923	0.0063824654	0.07733989	-0.04004407
chr17	49969088	0.0	3.7275572	-3.7275572	accessible_not_acetylated	0.4404626	-1.4297953	-0.91229224	-1.2287986
chr7	73424184	1.0986123	4.8239393	-3.725327	accessible_not_acetylated	-2.8165174	-1.20258	-1.0147836	-0.78926134
chr18	79395013	0.6931472	4.417496	-3.724349	accessible_not_acetylated	-1.2343314	-0.2639842	-0.15555573	-0.61476326
chr20	6769682	1.3862944	5.1097803	-3.723486	accessible_not_acetylated	-0.7515273	0.54101515	0.33731174	0.30434656
chr7	34718955	0.0	3.7161307	-3.7161307	accessible_not_acetylated	-0.951514	0.31192398	0.105697155	0.53088427
chr12	24085053	0.0	3.715991	-3.715991	accessible_not_acetylated	-1.1089675	0.284801	0.23070788	0.6088228
chr8	96145698	0.6931472	4.406567	-3.71342	accessible_not_acetylated	-0.060325623	-0.8540659	-0.52344537	-0.5206542
chr8	104670785	2.0794415	5.7870054	-3.7075639	accessible_not_acetylated	-3.1227014	-0.519474	0.113910675	-0.009131908
chr20	6848216	0.0	3.7062206	-3.7062206	accessible_not_acetylated	-2.1078038	0.4615879	-0.060053587	0.24948311
chr6	130366280	0.6931472	4.396365	-3.703218	accessible_not_acetylated	-0.6959133	-0.85164046	-0.996541	-0.93735623
chr6	157385712	1.609438	5.298917	-3.6894789	accessible_not_acetylated	-2.4803836	-0.05994129	0.16954947	-0.20907736
chr21	31559245	2.0794415	5.768182	-3.6887403	accessible_not_acetylated	-2.2164276	-0.9724231	-1.3823009	-0.5016279
chr7	34756145	1.609438	5.295649	-3.686211	accessible_not_acetylated	-2.9958854	-0.29478836	-0.10805893	0.18648863
chr7	13991038	1.3862944	5.069176	-3.6828818	accessible_not_acetylated	0.25551176	-0.06279087	0.27966738	0.5739255
chr10	96511443	0.0	3.6775126	-3.6775126	accessible_not_acetylated	-1.1012068	-0.4468403	-0.19580317	0.04033971
chr8	106924288	0.0	3.6764061	-3.6764061	accessible_not_acetylated	-1.2952898	0.6530783	0.05852008	0.32634473
chr7	73213199	1.609438	5.284211	-3.6747732	accessible_not_acetylated	-2.8577676	-0.36265612	-0.4421072	-0.4323473
chr17	81483400	0.6931472	4.364421	-3.6712737	accessible_not_acetylated	-1.619273	-1.3820744	-0.6850817	-0.64966726
chr6	102501808	1.0986123	4.768572	-3.6699595	accessible_not_acetylated	-3.082185	-0.17739296	-0.1057539	-0.07856512
chr7	5524435	1.3862944	5.0553107	-3.6690164	accessible_not_acetylated	-2.939353	-0.35511303	-0.04370451	-0.38105154
chr10	6207899	0.6931472	4.3602858	-3.6671386	accessible_not_acetylated	-1.6392949	0.3041649	0.31197786	0.36905193
chr18	57058060	1.0986123	4.7628484	-3.664236	accessible_not_acetylated	-2.7927618	0.22118807	-0.039636612	0.41292
chr7	102517777	0.6931472	4.3537283	-3.660581	accessible_not_acetylated	-1.6925299	-0.979228	-0.59648633	-0.8710084
chr17	70169479	1.3862944	5.0444975	-3.6582031	accessible_not_acetylated	-0.9150653	-0.7322235	-0.93909454	-0.49513292
chr10	34291626	0.0	3.6577556	-3.6577556	accessible_not_acetylated	-0.94863296	-0.26946115	0.120880365	0.052216053
chr7	87628348	1.3862944	5.0409727	-3.6546783	accessible_not_acetylated	0.08974218	-0.6092644	-0.7416458	-0.3903594
chr10	56496295	0.0	3.6513562	-3.6513562	accessible_not_acetylated	-1.8012367	0.44721508	0.07235217	0.8887391
chr20	891920	0.6931472	4.3387604	-3.6456132	accessible_not_acetylated	-1.5585501	0.15620232	-0.027598858	-0.27620506
chr20	46022955	0.0	3.6412199	-3.6412199	accessible_not_acetylated	-1.2327769	-0.54212475	-0.61853576	-0.650151
chr10	18409935	1.3862944	5.023973	-3.6376786	accessible_not_acetylated	-2.3353124	-0.10303545	0.0324111	0.15133572
chr10	2700850	0.0	3.6369014	-3.6369014	accessible_not_acetylated	-1.3347397	0.0965569	0.043538094	0.33968258
chr18	23662885	0.0	3.632154	-3.632154	accessible_not_acetylated	-1.3766427	-1.3926797	-0.633255	-0.5862696
chr7	34748227	1.0986123	4.7292027	-3.6305904	accessible_not_acetylated	-1.928709	-0.14400768	0.18773031	0.50551414
chr12	15689076	1.3862944	5.016026	-3.6297317	accessible_not_acetylated	-2.494749	-0.19766045	-0.1208601	-0.020894527
chr20	6838260	2.1972246	5.8260226	-3.628798	accessible_not_acetylated	-3.1319964	0.3611741	0.5710969	0.67022705
chr20	46021988	0.6931472	4.3179607	-3.6248136	accessible_not_acetylated	-0.7156079	-1.7586911	-0.9038937	-0.88888764
chr6	162727850	1.3862944	5.0057683	-3.619474	accessible_not_acetylated	0.8944721	-0.9499402	-0.1742053	-0.21947384
chr12	39612965	1.9459102	5.5644197	-3.6185095	accessible_not_acetylated	-2.5811048	-0.49774456	-0.08139515	-0.11079693
chr12	15772241	2.0794415	5.6971397	-3.6176982	accessible_not_acetylated	-3.1544306	-0.016797066	0.12976217	-0.1880846
chr12	6200155	1.0986123	4.713538	-3.6149259	accessible_not_acetylated	-1.0460715	-0.08171368	-0.48057032	0.25034428
chr10	47384356	0.0	3.6088636	-3.6088636	accessible_not_acetylated	-0.8429849	-1.6743572	-1.005657	-1.5358465
chr18	4277410	1.3862944	4.9951406	-3.6088462	accessible_not_acetylated	-2.904297	-0.043389797	-0.17953539	0.19217157
chr20	6122334	1.0986123	4.698332	-3.5997195	accessible_not_acetylated	-2.2708	-0.18116856	-0.3369956	0.07376242
chr10	102403975	0.6931472	4.288492	-3.595345	accessible_not_acetylated	-2.3456993	-0.33620143	-0.5980272	-0.5983968
chr17	46590668	0.0	3.594912	-3.594912	accessible_not_acetylated	-0.71906424	-0.6433234	-0.22667909	-0.23827505
chr12	15789171	2.0794415	5.6740794	-3.5946379	accessible_not_acetylated	-2.4993274	0.32687664	-0.483387	-0.10019112
chr7	151409063	0.6931472	4.2861595	-3.5930123	accessible_not_acetylated	-1.4187057	0.18626118	-0.4170735	-0.35022974
chr22	21467169	0.0	3.5923443	-3.5923443	accessible_not_acetylated	-1.4868472	-0.5255647	-0.5248904	-0.60469365
chr18	4230629	1.0986123	4.6872497	-3.5886374	accessible_not_acetylated	-3.459143	-0.112552166	-0.037599087	0.121964455
chr7	122619831	0.6931472	4.2816834	-3.5885363	accessible_not_acetylated	-1.8577092	-0.22840548	0.086037636	0.10915947
chr7	122886638	1.3862944	4.97469	-3.5883956	accessible_not_acetylated	-2.4830277	-0.2861681	-1.1062932	-0.48460865
chr12	49346945	0.6931472	4.279167	-3.58602	accessible_not_acetylated	-1.1056116	-0.83290815	-0.6342175	-0.67829037
chr12	70366842	1.3862944	4.9716487	-3.5853543	accessible_not_acetylated	-2.6256998	-1.285953	-0.9476533	-1.1085396
chr12	49967426	0.6931472	4.2771893	-3.584042	accessible_not_acetylated	-2.30269	-0.68153286	-0.766093	-0.4151163
chr12	52006857	0.6931472	4.275661	-3.5825138	accessible_not_acetylated	-0.6712189	-0.77562	-0.9677324	-0.9950993
chr10	59012989	0.0	3.5789812	-3.5789812	accessible_not_acetylated	-1.1177661	-0.032807827	0.017898083	0.14344192
chr7	2522315	1.0986123	4.6773763	-3.578764	accessible_not_acetylated	-2.4753425	-0.15804291	-0.34958124	-0.31260395
chr10	117443208	0.0	3.577573	-3.577573	accessible_not_acetylated	-0.8066354	-0.53544736	-0.066303015	-0.16324615
chr20	21102827	0.0	3.5760505	-3.5760505	accessible_not_acetylated	-0.016311169	-0.62578654	-0.36157584	-0.95969653
chr6	165486406	0.6931472	4.269117	-3.5759697	accessible_not_acetylated	-1.0061135	0.8838115	0.2843976	0.867609
chr6	165702274	0.6931472	4.2685485	-3.5754013	accessible_not_acetylated	-1.8891053	0.65450335	0.18755913	0.6192641
chr17	76586113	0.6931472	4.267023	-3.573876	accessible_not_acetylated	-2.415135	-1.7872181	-1.1785932	-1.6516557
chr17	56593698	0.0	3.569901	-3.569901	accessible_not_acetylated	-2.8600354	-2.5057244	-1.3243508	-2.337382
chr17	33459760	1.609438	5.1792064	-3.5697684	accessible_not_acetylated	-2.8391497	0.62913084	-0.010538578	0.24275064
chr12	117106036	0.6931472	4.2621946	-3.5690475	accessible_not_acetylated	-2.1513677	0.04269457	-0.19361305	0.7612004
chr20	14401663	1.609438	5.176104	-3.5666661	accessible_not_acetylated	-4.0302987	-0.9375982	-0.06003046	-0.4484353
chr6	144286283	1.3862944	4.9504642	-3.56417	accessible_not_acetylated	-1.5102592	-1.1624901	-0.7929535	-1.0275013
chr17	73342497	1.3862944	4.950152	-3.5638576	accessible_not_acetylated	-2.20749	-0.7873292	-0.49999142	-0.059595585
chr18	50195204	0.6931472	4.2566943	-3.5635471	accessible_not_acetylated	-1.3364596	-1.4978333	-0.59496474	-0.92394066
chr7	27151006	1.0986123	4.66206	-3.5634475	accessible_not_acetylated	-0.98209286	-0.568203	-0.2148838	-0.32734585
chr6	128520658	0.6931472	4.2565074	-3.5633602	accessible_not_acetylated	-0.24629498	-1.649611	-1.0133805	-1.2675219
chr12	49342652	1.3862944	4.9476757	-3.5613813	accessible_not_acetylated	-2.5301857	-1.7283025	-1.1178374	-1.2885971
chr10	117479525	0.6931472	4.250819	-3.557672	accessible_not_acetylated	-2.4050512	0.42153454	-0.13655043	0.13654423
chr20	6767934	0.6931472	4.2474723	-3.554325	accessible_not_acetylated	-3.1293745	-0.7125113	-1.5283048	-1.2677805
chr6	53811365	0.6931472	4.2429614	-3.5498142	accessible_not_acetylated	-0.5956547	1.3960247	0.4427719	1.5333757
chr8	121724740	0.0	3.5479357	-3.5479357	accessible_not_acetylated	0.16602683	-0.16928267	0.5428579	0.5152738
chr17	49568282	0.6931472	4.2368164	-3.5436692	accessible_not_acetylated	-1.1350183	0.12741804	-0.3817706	0.70112324
chr17	46361768	1.3862944	4.92667	-3.5403757	accessible_not_acetylated	-0.63187885	0.27887058	-0.17785645	0.70431805
chr6	6008310	1.9459102	5.4755483	-3.529638	accessible_not_acetylated	-1.1897149	-0.3711424	-0.19877386	-0.14451456
chr17	7717506	0.6931472	4.222054	-3.5289068	accessible_not_acetylated	-1.5565789	-1.8181815	-1.1268516	-1.3633914
chr21	34375464	0.0	3.5225008	-3.5225008	accessible_not_acetylated	1.0936663	-0.24926639	0.3146932	-0.03677559
chr8	106081226	0.0	3.51922	-3.51922	accessible_not_acetylated	-1.1650372	-0.19044948	-0.059021473	-0.013906002
chr12	113153195	0.6931472	4.2117105	-3.5185633	accessible_not_acetylated	-0.5262456	-0.63740253	-0.70380974	-0.67605424
chr7	138979371	0.0	3.5168762	-3.5168762	accessible_not_acetylated	-0.8343427	-0.24270582	0.07588649	0.22019339
chr7	88346511	0.0	3.51338	-3.51338	accessible_not_acetylated	-1.0478897	-0.3668642	-0.12399936	0.035404205
chr21	43427132	0.0	3.510973	-3.510973	accessible_not_acetylated	-0.33822012	0.05076146	-1.0593524	-0.17169309
chr7	114085819	0.0	3.5095546	-3.5095546	accessible_not_acetylated	1.3489864	0.35233283	-0.18826485	-0.21792841
chr17	81959867	0.0	3.5076385	-3.5076385	accessible_not_acetylated	-0.36613035	-1.4457147	-0.8464439	-0.892653
chr20	6747165	0.6931472	4.198307	-3.5051599	accessible_not_acetylated	-1.432524	0.2092619	0.32968998	0.37065125
chr12	22335679	1.0986123	4.60182	-3.5032077	accessible_not_acetylated	0.8433504	-0.72301865	0.19846487	-0.0036706924
chr12	53985279	0.0	3.5020308	-3.5020308	accessible_not_acetylated	-0.7754886	-1.1038713	-0.5975423	-0.53716826
chr6	29976634	0.6931472	4.194184	-3.5010366	accessible_not_acetylated	-1.4457729	-0.68134665	-0.4204421	-0.32495618
chr22	28977832	1.0986123	4.5959516	-3.4973392	accessible_not_acetylated	-2.3805373	-0.039593697	0.18049479	-0.0019125938
chr17	50560863	1.3862944	4.881247	-3.4949527	accessible_not_acetylated	-2.446189	-1.8795133	-1.3220124	-1.5735283
chr10	33509302	1.3862944	4.8811088	-3.4948144	accessible_not_acetylated	-2.140449	0.5057378	0.5175791	1.090126
chr12	113130566	0.0	3.4937606	-3.4937606	accessible_not_acetylated	-1.088736	-0.6455946	-0.49914718	-0.36546087
chr10	43205260	0.6931472	4.1866164	-3.4934692	accessible_not_acetylated	-2.003387	-1.1068461	-0.82616854	-0.36194873
chr17	48817167	0.6931472	4.1811123	-3.487965	accessible_not_acetylated	-1.4715395	-1.17029	-0.52745533	-0.69508696
chr22	19757303	0.0	3.4863706	-3.4863706	accessible_not_acetylated	-0.15644598	-1.1438513	-0.78528595	-0.9441278
chr12	15780870	1.0986123	4.5848575	-3.4862452	accessible_not_acetylated	-1.6213996	1.1098123	0.18020391	0.394547
chr12	54036919	0.0	3.483357	-3.483357	accessible_not_acetylated	-0.5417528	-0.2029643	-0.42260814	-0.1833601
chr6	54290713	0.0	3.4795072	-3.4795072	accessible_not_acetylated	-0.61622095	0.10840249	0.11234927	0.42085838
chr17	19063719	0.6931472	4.1704907	-3.4773436	accessible_not_acetylated	0.3544755	0.1564765	0.03160143	0.5180459
chr21	42219097	1.0986123	4.5708275	-3.4722152	accessible_not_acetylated	-1.5042868	-0.90674543	-1.0931983	-0.8214655
chr12	81956723	1.3862944	4.858406	-3.4721117	accessible_not_acetylated	-2.8389769	0.43111706	-0.24527311	0.08767891
chr10	29633428	1.0986123	4.565993	-3.4673805	accessible_not_acetylated	-2.469296	-0.06886625	-0.1503067	-0.20871592
chr12	113136215	0.0	3.4653258	-3.4653258	accessible_not_acetylated	-0.42344904	-0.99279165	-0.26973844	-0.21897411
chr12	52058603	0.0	3.4653234	-3.4653234	accessible_not_acetylated	-1.418005	0.25397205	-0.4069867	-0.20987153
chr10	29646721	0.0	3.460659	-3.460659	accessible_not_acetylated	-0.6810899	0.3292563	0.11822772	0.4058776
chr17	39668510	0.0	3.4602723	-3.4602723	accessible_not_acetylated	-0.7570598	-1.384583	-1.044241	-1.5453291
chr21	31508836	1.3862944	4.844445	-3.4581509	accessible_not_acetylated	-2.113946	-0.0153102875	-0.07921314	0.17102861
chr7	15658162	0.0	3.4566245	-3.4566245	accessible_not_acetylated	-0.5768206	0.2300911	-0.009064913	0.30372047
chr17	31558931	0.0	3.4561462	-3.4561462	accessible_not_acetylated	-0.44399714	-1.1527352	-0.50713515	-0.5257075
chr12	91009464	0.6931472	4.1479588	-3.4548116	accessible_not_acetylated	-2.0509806	0.66787815	0.18631601	1.0225701
chr7	2689987	1.609438	5.0635695	-3.4541316	accessible_not_acetylated	-2.2855306	0.071840286	-0.38997412	0.36661005
chr6	151627844	0.0	3.4499624	-3.4499624	accessible_not_acetylated	0.27057743	0.73150706	0.7137382	1.0644476
chr7	122629444	1.0986123	4.548318	-3.4497056	accessible_not_acetylated	-2.1394334	-0.2059207	-0.09535551	-0.5918808
chr7	520117	1.0986123	4.5411253	-3.442513	accessible_not_acetylated	-2.7179275	-1.5413833	-1.2978334	-1.3986683
chr22	29071823	1.0986123	4.541016	-3.4424038	accessible_not_acetylated	-1.3549848	-1.153575	-0.51262	-0.5744767
chr12	54032901	0.0	3.4420114	-3.4420114	accessible_not_acetylated	-1.1450555	-0.24001741	-0.2426331	-0.48280334
chr6	138693396	1.3862944	4.827793	-3.4414988	accessible_not_acetylated	-1.6605246	-0.78777933	-1.1140232	-0.91789055
chr18	48540729	1.0986123	4.5385647	-3.4399524	accessible_not_acetylated	-1.2006941	-0.7379303	-1.0291314	-1.1617067
chr18	4416948	0.0	3.4386582	-3.4386582	accessible_not_acetylated	-1.6186521	0.19000244	-0.00988555	0.2205913
chr6	92231276	1.3862944	4.824257	-3.4379625	accessible_not_acetylated	-2.5649705	0.19363546	0.17526865	0.3190379
chr17	48025178	1.7917595	5.2292743	-3.4375148	accessible_not_acetylated	-0.8571	0.6032753	0.0845871	0.37770128
chr18	73150416	0.6931472	4.129348	-3.4362006	accessible_not_acetylated	-2.7293108	-0.06357288	-0.20915914	-0.25806308
chr6	149941936	0.6931472	4.1278996	-3.4347525	accessible_not_acetylated	-0.18633103	-0.51623154	-0.2831738	-0.1163826
chr6	41428308	0.6931472	4.125664	-3.432517	accessible_not_acetylated	-0.35470915	-1.8410108	-1.2728381	-1.1037514
chr20	6770694	1.0986123	4.529846	-3.431234	accessible_not_acetylated	-1.0087063	-0.41925478	-0.17746258	-0.24420881
chr6	2903075	1.9459102	5.3751693	-3.429259	accessible_not_acetylated	-2.7686367	-0.99214077	-0.91866016	-0.77240944
chr12	52059612	0.6931472	4.1221156	-3.4289684	accessible_not_acetylated	-1.7758529	0.3484068	-0.2506044	0.31378746
chr6	119322903	1.7917595	5.2204785	-3.428719	accessible_not_acetylated	-2.6847498	-0.4276123	0.09412813	0.24003363
chr7	29285575	1.0986123	4.5265317	-3.4279194	accessible_not_acetylated	-0.784729	0.88760424	0.8879657	1.5120134
chr20	54345759	0.6931472	4.117893	-3.424746	accessible_not_acetylated	-0.906044	0.37012434	0.019658089	0.27958393
chr12	52060282	0.6931472	4.111008	-3.417861	accessible_not_acetylated	-1.9265957	0.57803535	-0.24751735	0.52410746
chr6	10423472	0.6931472	4.1082225	-3.4150753	accessible_not_acetylated	-1.782078	-1.291987	-0.27125812	-0.78279185
chr10	34941731	0.6931472	4.103535	-3.410388	accessible_not_acetylated	-1.559922	0.6995826	0.22163105	0.18509483
chr10	102404995	0.0	3.4094923	-3.4094923	accessible_not_acetylated	-1.8850325	0.20920324	-0.8910239	-0.7306993
chr22	29030909	0.0	3.4091687	-3.4091687	accessible_not_acetylated	0.32711887	-0.9796629	-0.4210899	-0.8046751
chr10	59176587	0.0	3.4089863	-3.4089863	accessible_not_acetylated	-0.7726054	-1.670139	-0.788599	-1.6000535
chr20	55117563	1.0986123	4.506982	-3.4083695	accessible_not_acetylated	-2.4472246	-0.7993083	-0.13220024	-0.39437485
chr10	18400467	2.4849067	5.8925204	-3.4076138	accessible_not_acetylated	-3.7424345	0.065404415	-0.15849018	0.3674369
chr7	125423936	0.0	3.4005778	-3.4005778	accessible_not_acetylated	-1.7071242	0.57432675	0.041140556	0.8522632
chr7	82049622	1.0986123	4.498595	-3.399983	accessible_not_acetylated	-1.9419684	-0.036016464	-0.10451412	-0.006023407
chr10	8054667	1.3862944	4.782786	-3.3964915	accessible_not_acetylated	-1.3005621	-0.31810904	-0.4755864	-0.38233376
chr21	42778184	0.6931472	4.088319	-3.3951716	accessible_not_acetylated	-1.7051895	0.38609076	-0.16370654	-0.030003548
chr12	57215853	1.0986123	4.4929266	-3.3943143	accessible_not_acetylated	-1.8836851	-0.02949667	-0.60903597	-0.45483112
chr10	75409119	1.0986123	4.492837	-3.3942246	accessible_not_acetylated	-1.6128948	-1.3235824	-0.8741679	-1.2298286
chr17	79811466	1.0986123	4.4908237	-3.3922114	accessible_not_acetylated	-2.7885633	-1.5583725	-0.7043083	-1.2339294
chr7	95432933	0.0	3.391832	-3.391832	accessible_not_acetylated	-0.6604645	0.05803752	0.03845334	0.09246755
chr8	26448462	1.0986123	4.489702	-3.39109	accessible_not_acetylated	-2.006907	-0.81482244	-0.78100085	-0.6222372
chr12	32399534	0.6931472	4.0841475	-3.3910003	accessible_not_acetylated	-1.7573898	-2.078856	-1.0744405	-2.257155
chr22	50271915	0.6931472	4.0831985	-3.3900514	accessible_not_acetylated	-1.055598	-2.0145898	-0.9487231	-1.6475511
chr7	54393043	0.0	3.389727	-3.389727	accessible_not_acetylated	-1.1126659	0.18232536	-0.14950562	0.076648235
chr12	74488366	0.0	3.3883548	-3.3883548	accessible_not_acetylated	-1.523368	0.2512617	0.095380545	0.47682667
chr7	82078956	0.0	3.3867347	-3.3867347	accessible_not_acetylated	-0.9687073	0.6443188	0.086879015	0.47729468
chr21	23472104	0.6931472	4.0789137	-3.3857665	accessible_not_acetylated	-2.231468	-0.6004195	-0.09735274	-0.10016346
chr6	32582903	0.0	3.3845203	-3.3845203	accessible_not_acetylated	-1.7163427	-0.13259268	-0.11024594	-0.103628874
chr8	23145831	0.0	3.3821359	-3.3821359	accessible_not_acetylated	-0.8978112	0.25209665	-0.11115718	0.00085783005
chr12	31237641	2.0794415	5.458814	-3.3793726	accessible_not_acetylated	-3.3080537	-0.046628475	-0.0898242	0.29595995
chr17	44920790	1.609438	4.9871073	-3.3776693	accessible_not_acetylated	-2.2011013	-0.3600607	-0.019979	-0.007853508
chr8	141942989	0.6931472	4.0682526	-3.3751054	accessible_not_acetylated	-1.4377346	-1.0058739	0.028247356	-0.31936884
chr17	74982407	1.3862944	4.7578826	-3.3715882	accessible_not_acetylated	-1.3038747	-0.88152266	-0.42074108	-0.8156309
chr17	68200941	0.6931472	4.059137	-3.3659897	accessible_not_acetylated	-0.9263494	-0.13353491	-0.5498204	-0.54207134
chr17	46579722	1.3862944	4.7469087	-3.3606143	accessible_not_acetylated	-0.157619	0.38925076	-0.13443804	0.712657
chr12	68844570	0.0	3.3584652	-3.3584652	accessible_not_acetylated	-0.19962716	0.1706419	-0.10061383	-0.023349524
chr7	519156	1.0986123	4.455617	-3.3570046	accessible_not_acetylated	-2.0041866	-1.1534839	-1.3964262	-1.5970154
chr12	65121566	0.0	3.3537388	-3.3537388	accessible_not_acetylated	-1.0763962	-1.2407517	-0.8110397	-0.9861026
chr12	53097848	1.3862944	4.7391725	-3.352878	accessible_not_acetylated	-2.3678122	-1.4171567	-0.8338065	-1.0266459
chr8	72537390	0.0	3.3515308	-3.3515308	accessible_not_acetylated	-0.6708064	-2.097403	-0.9294617	-1.765317
chr17	50200271	2.1972246	5.547917	-3.3506923	accessible_not_acetylated	-2.0028572	-0.45759583	-0.55237055	0.18235683
chr10	49396016	0.0	3.3504126	-3.3504126	accessible_not_acetylated	0.53846407	-1.6828392	-0.84293246	-1.2339981
chr6	149864371	1.0986123	4.448652	-3.3500395	accessible_not_acetylated	-0.30141926	-1.5665958	-1.2502694	-1.2008877
chr17	75877997	2.0794415	5.4290857	-3.3496442	accessible_not_acetylated	-3.1538987	-0.85890675	-1.0602798	-0.6409154
chr22	23070276	0.6931472	4.041576	-3.3484287	accessible_not_acetylated	-1.44245	-0.4318304	-0.58401155	-0.3470862
chr18	64127405	0.6931472	4.039487	-3.3463397	accessible_not_acetylated	-1.6172364	-0.13216448	0.093101025	0.30459833
chr10	76207165	0.6931472	4.035007	-3.3418598	accessible_not_acetylated	-1.1741931	0.64331865	0.63690424	0.5377078
chr22	21417403	0.0	3.3400817	-3.3400817	accessible_not_acetylated	-0.3903947	-0.82632446	-1.004945	-1.0142617
chr10	83555471	0.0	3.3392797	-3.3392797	accessible_not_acetylated	-1.4156759	0.52697015	-0.0755105	0.44017148
chr10	73910589	1.7917595	5.13072	-3.3389606	accessible_not_acetylated	-2.7895699	-0.51646614	-0.37424755	-0.4079733
chr6	155089050	1.0986123	4.434696	-3.336084	accessible_not_acetylated	-1.6124399	0.061211586	0.04049158	0.28288937
chr10	44864876	0.6931472	4.0278616	-3.3347144	accessible_not_acetylated	-0.31199813	-0.55344605	-0.20441294	0.14565325
chr17	66302570	0.6931472	4.0275307	-3.3343835	accessible_not_acetylated	-1.5587876	-0.24856138	-0.83220077	-0.28190565
chr18	79394031	1.3862944	4.7140737	-3.3277793	accessible_not_acetylated	-2.080349	-0.8173244	-0.76704836	-0.7579117
chr8	9152985	0.0	3.327127	-3.327127	accessible_not_acetylated	-0.53765655	-0.20018959	0.020328283	-0.011205912
chr6	120966566	1.0986123	4.422928	-3.3243155	accessible_not_acetylated	-1.678644	0.88942385	0.29196405	0.81009674
chr12	48971802	0.0	3.323133	-3.323133	accessible_not_acetylated	-1.3627876	-0.41232395	-0.57987833	-0.5976496
chr7	36115714	1.0986123	4.420993	-3.3223805	accessible_not_acetylated	-2.0944204	-0.1724	0.019456387	-0.28494883
chr7	131556581	0.6931472	4.0143623	-3.3212152	accessible_not_acetylated	-2.0558338	-1.322681	-1.1534858	-1.1714523
chr18	4449022	1.3862944	4.703138	-3.3168435	accessible_not_acetylated	-2.720081	0.17434645	0.04023218	0.091947556
chr17	50560086	0.6931472	4.0084357	-3.3152885	accessible_not_acetylated	-0.12127519	-0.6831584	-0.47134137	-0.5072775
chr20	676730	0.0	3.3120852	-3.3120852	accessible_not_acetylated	0.8199897	-0.54231024	-0.4440515	-0.62756157
chr6	53794681	2.5649493	5.8765826	-3.3116333	accessible_not_acetylated	-2.7884896	-0.44028187	-1.0830407	-0.5205693
chr8	113546415	1.0986123	4.4095726	-3.3109603	accessible_not_acetylated	-1.6336033	0.9934697	0.24712086	0.19988537
chr6	32087776	0.0	3.3108375	-3.3108375	accessible_not_acetylated	-0.6849618	-1.791203	-1.3773475	-1.7078314
chr17	43021639	1.0986123	4.405442	-3.30683	accessible_not_acetylated	-1.3784349	-0.4260645	0.10923338	0.12050247
chr21	19369068	0.6931472	3.9994886	-3.3063414	accessible_not_acetylated	-1.655016	0.647486	0.18437076	0.26300597
chr6	41427713	1.0986123	4.404146	-3.305534	accessible_not_acetylated	-0.18569326	-1.5640814	-1.0081229	-0.9512179
chr8	80348064	1.9459102	5.249558	-3.3036478	accessible_not_acetylated	-2.1639793	0.61394453	0.53739214	1.3055844
chr7	122747053	1.0986123	4.401701	-3.3030887	accessible_not_acetylated	-1.89673	0.7303157	0.1219039	0.8716507
chr17	81537700	0.0	3.295434	-3.295434	accessible_not_acetylated	-1.0188515	-0.8960762	-0.9942682	-0.55583596
chr20	64285928	0.6931472	3.9881074	-3.2949603	accessible_not_acetylated	-2.0344815	-1.5051486	-2.0421731	-1.2170012
chr22	24421604	0.0	3.2927647	-3.2927647	accessible_not_acetylated	-1.2439914	-1.191915	-0.55352235	-0.4187553
chr7	39304305	0.6931472	3.9847167	-3.2915695	accessible_not_acetylated	-1.9457314	0.38613296	-0.052327394	0.065911055
chr20	3173439	1.609438	4.900353	-3.290915	accessible_not_acetylated	-2.1095893	-1.1531179	-1.172698	-0.8385682
chr20	7231535	0.0	3.2879248	-3.2879248	accessible_not_acetylated	-1.7915028	0.038071632	0.045584917	0.40500498
chr10	70991401	0.0	3.2877884	-3.2877884	accessible_not_acetylated	-0.5621877	-0.15790677	-0.17307067	0.06473708
chr6	40252692	1.9459102	5.233038	-3.2871277	accessible_not_acetylated	-2.9719474	-0.09294796	0.0060973167	-0.042644024
chr7	98131969	1.3862944	4.673108	-3.2868137	accessible_not_acetylated	-2.3394008	0.25857687	-0.005722046	0.106833935
chr12	57239464	1.9459102	5.232443	-3.2865326	accessible_not_acetylated	-1.6668825	0.01850748	-0.49988222	-0.09960556
chr10	63866698	0.0	3.2856607	-3.2856607	accessible_not_acetylated	-1.2975503	-0.76667213	-0.4271593	-0.16297078
chr17	48597821	1.3862944	4.671732	-3.2854376	accessible_not_acetylated	-0.6940477	-1.0897617	-0.29153156	-0.48663855
chr10	123835875	1.3862944	4.671105	-3.2848105	accessible_not_acetylated	-2.419291	0.3094554	-0.07046461	0.22782183
chr10	18424379	1.3862944	4.669128	-3.2828336	accessible_not_acetylated	-2.0806804	-0.09948492	-0.08815241	0.19135141
chr10	6580363	0.6931472	3.974674	-3.2815268	accessible_not_acetylated	-1.649713	-0.5491719	-1.123524	-1.2415771
chr8	29333546	1.3862944	4.6648545	-3.2785602	accessible_not_acetylated	-2.4433944	-0.12195444	-0.14554834	-0.22701502
chr10	3776436	1.609438	4.8854227	-3.2759848	accessible_not_acetylated	-2.015292	-0.6561241	-0.13397217	-0.018394947
chr17	3892394	1.3862944	4.6606197	-3.2743254	accessible_not_acetylated	-1.6398525	-1.10497	-0.9085603	-1.1452627
chr7	117715969	0.0	3.2728946	-3.2728946	accessible_not_acetylated	-0.8951168	-0.07158685	-0.06663346	0.1885252
chr22	28930953	1.0986123	4.3666596	-3.2680473	accessible_not_acetylated	-1.6156869	-0.1932993	0.24729347	0.18578863
chr12	68932566	1.3862944	4.653045	-3.2667508	accessible_not_acetylated	-0.91312647	0.5316634	0.078822136	0.6960139
chr6	31352175	1.0986123	4.365043	-3.2664309	accessible_not_acetylated	-2.1923144	0.17852879	-0.07228756	-0.06294966
chr7	34732644	1.7917595	5.054491	-3.2627316	accessible_not_acetylated	-2.672748	-0.25898314	0.007680416	0.38642645
chr18	23662160	0.0	3.2621381	-3.2621381	accessible_not_acetylated	-1.3387429	-0.8244493	-0.5962775	-0.5797384
chr12	48788978	1.0986123	4.3597794	-3.261167	accessible_not_acetylated	-0.557915	-0.8967657	-0.79498243	-0.34737635
chr18	79396608	1.3862944	4.646722	-3.2604275	accessible_not_acetylated	-1.9452901	-1.1439598	-1.1355004	-1.3051407
chr8	23219607	2.3025851	5.561797	-3.259212	accessible_not_acetylated	-3.2593973	-0.017852306	-0.06736374	-0.09185648
chr17	57956254	1.3862944	4.643575	-3.2572808	accessible_not_acetylated	-1.8590708	0.1349845	-0.19381809	0.33574057
chr8	23162715	1.9459102	5.202593	-3.2566826	accessible_not_acetylated	-1.6315479	-0.3318243	-0.071288586	-0.25521755
chr7	82053756	1.0986123	4.354883	-3.256271	accessible_not_acetylated	-1.9739242	-0.17106152	-0.11157751	0.2620721
chr20	3239681	0.6931472	3.9487648	-3.2556176	accessible_not_acetylated	0.187294	-1.2036202	-0.7238474	-0.8655362
chr7	95450623	1.3862944	4.637907	-3.2516127	accessible_not_acetylated	-1.2250607	0.23776817	0.056451797	0.42659664
chr7	32047274	0.0	3.2498481	-3.2498481	accessible_not_acetylated	-0.6145034	0.42457604	0.19571209	0.28239536
chr10	73911097	1.7917595	5.0413136	-3.2495542	accessible_not_acetylated	-3.2002974	-0.69093084	-1.1985276	-0.77409697
chr6	32086840	0.0	3.2490568	-3.2490568	accessible_not_acetylated	-0.1955452	-0.25431085	-0.3626876	-0.06283021
chr6	108117523	0.0	3.2460217	-3.2460217	accessible_not_acetylated	0.18919873	-0.40882993	-0.5338907	-0.48745728
chr7	142854312	1.9459102	5.1915073	-3.2455971	accessible_not_acetylated	-1.187428	0.37380028	-0.4021225	0.04527092
chr7	82050387	1.9459102	5.19098	-3.2450697	accessible_not_acetylated	-2.5040464	-0.12742567	0.1518035	-0.13155556
chr8	120812069	1.3862944	4.630491	-3.2441964	accessible_not_acetylated	-2.2012236	-0.65268564	-0.80546546	-1.0800993
chr6	117482479	2.1972246	5.439999	-3.2427745	accessible_not_acetylated	-2.4619286	-0.9755511	-0.827374	-0.8161583
chr10	18312926	0.0	3.241854	-3.241854	accessible_not_acetylated	-0.83942246	-0.59976363	-0.034438133	0.15526557
chr17	48626286	0.6931472	3.9338722	-3.240725	accessible_not_acetylated	-1.3751283	-1.477485	-0.8238623	-1.3871713
chr17	82698771	1.3862944	4.626587	-3.2402925	accessible_not_acetylated	-2.3093226	-1.7743263	-1.0497906	-1.257072
chr22	18527801	0.6931472	3.9330454	-3.2398982	accessible_not_acetylated	-1.7326484	-0.58279705	-0.480618	-0.43496847
chr7	101163609	0.6931472	3.9328926	-3.2397454	accessible_not_acetylated	-1.1687083	-1.0623658	-0.9467318	-1.4605646
chr18	68992884	0.6931472	3.930707	-3.2375598	accessible_not_acetylated	-0.73314667	-0.3418448	-0.009910345	-0.07708025
chr12	90065385	0.0	3.2329564	-3.2329564	accessible_not_acetylated	-0.46788192	0.062191963	0.22852635	0.2995038
chr17	50130410	1.7917595	5.0243344	-3.232575	accessible_not_acetylated	-3.2438927	-0.76682186	-1.0783825	-0.61199427
chr20	46308498	0.0	3.2321196	-3.2321196	accessible_not_acetylated	-1.5685675	-1.8227973	-1.3987219	-1.6991707
chr17	74987581	0.0	3.2300353	-3.2300353	accessible_not_acetylated	-1.2122293	-0.5944085	-0.980762	-0.34095812
chr6	170293016	0.0	3.228925	-3.228925	accessible_not_acetylated	-0.51596904	-0.1579442	0.10946822	0.037965298
chr6	22657325	1.3862944	4.6135616	-3.2272673	accessible_not_acetylated	-2.2149272	-0.6588528	-0.038640976	0.048536777
chr7	36153135	1.609438	4.83587	-3.2264318	accessible_not_acetylated	-1.7097592	-0.98973846	-0.95316625	-1.2872107
chr8	206973	0.0	3.2257278	-3.2257278	accessible_not_acetylated	-1.6220142	-1.5676053	-1.6857474	-0.69255686
chr10	84196921	0.0	3.224473	-3.224473	accessible_not_acetylated	-1.4645553	-0.53084135	-0.08507013	-0.3661561
chr8	23161784	1.3862944	4.609008	-3.2227135	accessible_not_acetylated	-1.2133229	-0.25911856	0.090874195	-0.08246374
chr7	114631571	1.3862944	4.6076584	-3.221364	accessible_not_acetylated	-2.786446	-0.60668325	-0.13192081	-0.37623167
chr7	39321512	1.0986123	4.3192186	-3.2206063	accessible_not_acetylated	-1.7790904	0.082259655	-0.013221264	0.1748681
chr17	61410986	0.6931472	3.912631	-3.2194839	accessible_not_acetylated	-0.60284543	-1.4010506	-0.8997693	-0.8479061
chr18	73151058	1.0986123	4.315277	-3.2166648	accessible_not_acetylated	-1.7875576	-0.28528404	-0.047466278	-0.42293692
chr10	75295292	1.609438	4.823771	-3.214333	accessible_not_acetylated	-2.182118	-0.6818986	-0.7687845	-0.6732373
chr17	47694106	1.3862944	4.599985	-3.2136908	accessible_not_acetylated	-1.4475577	-0.7189932	-0.67546535	-1.168448
chr21	43107592	0.0	3.2132092	-3.2132092	accessible_not_acetylated	2.2667193	0.862689	-0.795002	-0.15634298
chr18	40124307	1.3862944	4.599232	-3.2129378	accessible_not_acetylated	-2.5217125	0.30669546	0.114384174	0.32460976
chr7	1466847	0.0	3.2120364	-3.2120364	accessible_not_acetylated	-0.9213886	-0.99167013	-0.70077395	-0.5728593
chr12	47066782	1.0986123	4.3106303	-3.212018	accessible_not_acetylated	-1.9467351	0.49175358	0.2336688	0.034071445
chr20	6613651	1.0986123	4.3094735	-3.2108612	accessible_not_acetylated	-1.1479661	0.03919077	0.49991465	0.47511053
chr7	40965919	1.3862944	4.596819	-3.2105246	accessible_not_acetylated	-2.920825	-0.094314575	-0.15068197	0.0014629364
chr12	57455290	1.609438	4.8190994	-3.2096615	accessible_not_acetylated	-2.5844023	0.020641327	-0.36083984	-0.061588287
chr7	100896087	0.6931472	3.9006166	-3.2074695	accessible_not_acetylated	-0.7635853	-0.48088264	-0.41822958	-0.89617586
chr6	17405612	0.0	3.2059326	-3.2059326	accessible_not_acetylated	-0.837343	0.1475985	-0.26379323	-0.24681234
chr17	35764536	1.3862944	4.5913596	-3.2050653	accessible_not_acetylated	-3.264712	-0.9234295	-1.3422842	-1.049799
chr7	87598734	1.3862944	4.591237	-3.2049427	accessible_not_acetylated	-2.0466316	0.20225048	0.18821526	0.16538906
chr17	979986	1.3862944	4.5912323	-3.204938	accessible_not_acetylated	-0.69174504	-1.4818559	-0.5339279	-0.9829211
chr6	155085992	0.0	3.2040129	-3.2040129	accessible_not_acetylated	-0.16718769	0.14791727	0.35474062	0.43972516
chr8	106270174	1.7917595	4.994897	-3.2031374	accessible_not_acetylated	-1.6566508	-1.3753402	-1.1719847	-0.7397065
chr20	57710021	0.6931472	3.8956358	-3.2024887	accessible_not_acetylated	-1.0281687	-1.2767036	-0.7236681	-0.8717892
chr18	4444534	1.0986123	4.298555	-3.1999426	accessible_not_acetylated	-1.4881103	-0.1392026	0.055626392	-0.15981388
chr10	65395090	0.6931472	3.8919663	-3.1988192	accessible_not_acetylated	-0.30419636	1.4273505	1.2701492	1.3078451
chr6	91718367	1.609438	4.807894	-3.1984563	accessible_not_acetylated	-2.7812417	-0.09575415	0.21905518	0.10453367
chr18	4237121	2.0794415	5.277651	-3.1982093	accessible_not_acetylated	-2.3283715	0.17540455	0.35529947	0.7754922
chr20	62410338	1.0986123	4.2957616	-3.1971493	accessible_not_acetylated	-2.56475	-1.8238366	-1.1190133	-0.7414837
chr10	89929474	1.7917595	4.984224	-3.1924644	accessible_not_acetylated	-2.8659644	0.081410885	0.021434784	0.07200289
chr12	106073392	1.609438	4.801418	-3.19198	accessible_not_acetylated	-2.994566	0.091585636	-0.059841156	0.18268394
chr12	57243815	1.0986123	4.290277	-3.1916647	accessible_not_acetylated	0.15367079	0.12134409	-0.45745063	0.060092926
chr12	52006006	1.609438	4.800242	-3.190804	accessible_not_acetylated	-1.1149416	0.11692476	-0.09100008	0.12312126
chr6	120965997	1.3862944	4.5763636	-3.1900692	accessible_not_acetylated	-1.9036071	0.9030299	0.24535513	0.87932444
chr7	11726460	0.0	3.1898868	-3.1898868	accessible_not_acetylated	-1.4412732	0.29060292	-0.07518053	0.20024419
chr8	22066898	0.6931472	3.8827307	-3.1895835	accessible_not_acetylated	-2.2109175	-1.6950958	-1.3623779	-1.4481833
chr12	102958108	2.3025851	5.4909563	-3.1883712	accessible_not_acetylated	-3.465268	-0.5800066	-1.1389041	-0.2750225
chr7	82050932	1.0986123	4.285037	-3.1864247	accessible_not_acetylated	-1.960474	-0.124278545	0.051427364	0.05016327
chr8	22865004	0.6931472	3.8794405	-3.1862934	accessible_not_acetylated	-0.9778354	-0.99279714	-0.97699976	-1.1740115
chr6	22888723	0.6931472	3.8718038	-3.1786566	accessible_not_acetylated	-1.4298542	0.3233533	0.022424698	0.4067421
chr12	15733061	2.4849067	5.6632032	-3.1782966	accessible_not_acetylated	-2.7980816	0.43808222	0.2844019	0.12758875
chr8	54942052	0.6931472	3.869468	-3.1763208	accessible_not_acetylated	-1.3758657	-0.39653063	-0.025879145	-0.24316072
chr6	53437456	1.7917595	4.96661	-3.1748505	accessible_not_acetylated	-1.9391298	0.124567986	0.5676942	0.77230024
chr8	73191405	0.0	3.1739314	-3.1739314	accessible_not_acetylated	-1.0654819	-0.52544236	0.089247465	0.03886032
chr6	138107523	1.3862944	4.5587935	-3.1724992	accessible_not_acetylated	0.40855932	-1.0800853	-0.39788628	-1.266192
chr6	53432725	0.6931472	3.863809	-3.170662	accessible_not_acetylated	-1.1529906	0.345088	0.06666136	0.58011484
chr8	83694566	1.3862944	4.55617	-3.1698756	accessible_not_acetylated	-2.3285537	-0.2536354	-0.58975315	0.08259916
chr10	21496993	1.9459102	5.1129456	-3.1670353	accessible_not_acetylated	-3.082272	-1.6533918	-1.2898369	-1.3124082
chr17	7294677	0.0	3.1652522	-3.1652522	accessible_not_acetylated	0.41150236	-1.732074	-0.97888446	-0.99480534
chr6	50278826	0.6931472	3.8577163	-3.1645691	accessible_not_acetylated	-1.4199898	0.1404593	0.046959877	0.29764152
chr12	131828396	0.0	3.16432	-3.16432	accessible_not_acetylated	-1.3719165	-1.7809073	-1.2067472	-1.7061688
chr12	91618314	1.0986123	4.260026	-3.1614137	accessible_not_acetylated	-1.8368328	1.1806417	0.4714737	0.656827
chr12	79056293	1.0986123	4.2598057	-3.1611934	accessible_not_acetylated	-2.424843	0.5006733	0.16646194	0.16894293
chr10	117005577	0.0	3.1596334	-3.1596334	accessible_not_acetylated	-0.22748661	-1.4604778	-0.4747932	-1.1757066
chr17	78314380	2.0794415	5.238794	-3.1593523	accessible_not_acetylated	-3.5711513	-1.4521346	-1.2319226	-1.1156301
chr10	101213812	0.0	3.1592202	-3.1592202	accessible_not_acetylated	1.34835	-0.8574228	-0.52819014	-0.65903616
chr8	60885213	0.0	3.159153	-3.159153	accessible_not_acetylated	-0.9655745	-0.22223973	-0.20337987	-0.06687331
chr17	33459256	1.9459102	5.1025467	-3.1566365	accessible_not_acetylated	-2.713913	0.7894659	0.032837868	0.4745865
chr7	5898709	2.1972246	5.3523884	-3.1551638	accessible_not_acetylated	-0.490067	-0.047145367	0.23233175	-0.32793236
chr20	6829374	1.0986123	4.2527075	-3.1540952	accessible_not_acetylated	-2.050334	-0.24281597	-0.32126188	-0.4947505
chr10	28677434	0.6931472	3.8464484	-3.1533012	accessible_not_acetylated	0.025415182	-1.6212225	-1.2179914	-2.089281
chr7	110675656	1.0986123	4.250599	-3.1519866	accessible_not_acetylated	-1.9347553	0.09539604	-0.02098322	-0.07662344
chr17	67247028	1.609438	4.7555695	-3.1461315	accessible_not_acetylated	-1.2152314	1.1399465	0.3575058	1.1945572
chr20	45407031	0.0	3.1460268	-3.1460268	accessible_not_acetylated	0.6871042	-1.1883667	-0.6077287	-0.94342947
chr10	86355818	0.0	3.1457012	-3.1457012	accessible_not_acetylated	-0.45977616	-0.19862151	-0.1392715	-0.23639989
chr12	57214430	1.0986123	4.2419314	-3.1433191	accessible_not_acetylated	-2.2407317	-0.98403263	-0.5332532	-0.49745417
chr8	143276627	0.6931472	3.833603	-3.1404557	accessible_not_acetylated	-2.065658	-1.0981479	-1.3690042	-1.0944195
chr10	34650378	0.6931472	3.830314	-3.1371667	accessible_not_acetylated	-1.7950904	-0.4409423	-0.051959515	-0.0386014
chr7	34755233	1.7917595	4.9287887	-3.1370292	accessible_not_acetylated	-2.292398	0.12657833	0.044365883	0.6101055
chr12	958793	1.609438	4.7460575	-3.1366196	accessible_not_acetylated	-2.1003475	0.117148876	0.13008451	0.5075197
chr10	75428594	0.6931472	3.8262968	-3.1331496	accessible_not_acetylated	-0.04498315	0.5810857	0.5512104	0.6438966
chr22	29475774	0.0	3.1293492	-3.1293492	accessible_not_acetylated	-0.71678495	-0.7059765	0.0061690807	-0.2618699
chr8	23243600	2.1972246	5.3231516	-3.125927	accessible_not_acetylated	-2.3715572	-0.20282888	0.045032978	-0.11557484
chr17	44315367	0.0	3.124004	-3.124004	accessible_not_acetylated	-0.55138206	-1.4110297	-0.7370386	-0.99684787
chr18	64100508	1.7917595	4.914263	-3.1225033	accessible_not_acetylated	-2.3754392	-0.010586739	0.11949444	0.049761772
chr12	47904897	1.7917595	4.913274	-3.1215143	accessible_not_acetylated	-1.6218758	-0.17507553	-0.5723758	0.23790932
chr10	114639419	0.6931472	3.8120127	-3.1188655	accessible_not_acetylated	-1.0762408	-0.03296399	0.12024641	0.3403921
chr17	75721348	1.0986123	4.2155046	-3.1168923	accessible_not_acetylated	-1.8581457	-2.025908	-1.4425817	-1.6619809
chr12	26123085	1.0986123	4.214233	-3.1156206	accessible_not_acetylated	-1.8121169	-0.91758585	-0.4130211	-0.906476
chr18	2395816	1.609438	4.724658	-3.11522	accessible_not_acetylated	-2.6703863	0.0119514465	-0.10644579	-0.22378397
chr6	81753414	2.1972246	5.3121133	-3.1148887	accessible_not_acetylated	-1.7209094	-0.16126966	-0.40352297	-0.41101408
chr17	66192235	1.609438	4.7236547	-3.1142168	accessible_not_acetylated	-0.15117931	-0.76809835	-0.36888647	-0.6717601
chr22	20431120	0.0	3.1140032	-3.1140032	accessible_not_acetylated	0.019358635	-1.9080071	-0.50637627	-1.4699808
chr18	36460205	0.0	3.1138408	-3.1138408	accessible_not_acetylated	-0.6954067	0.44276452	0.17562866	0.15407062
chr6	3457038	0.6931472	3.8063853	-3.113238	accessible_not_acetylated	-1.990994	-1.8129933	-1.53667	-1.4515955
chr10	21516981	0.6931472	3.8063204	-3.1131732	accessible_not_acetylated	-2.551815	-1.4863024	-1.4133737	-1.8168892
chr17	77888079	0.6931472	3.8045735	-3.1114264	accessible_not_acetylated	0.36926174	-0.68241453	0.22653818	0.11929655
chr10	29636437	1.0986123	4.209903	-3.1112905	accessible_not_acetylated	-2.02858	-0.13162231	-0.16927814	-0.23020554
chr7	1183151	0.0	3.110916	-3.110916	accessible_not_acetylated	-0.48012805	-0.7413366	-0.21483254	-0.26062012
chr22	20299358	1.3862944	4.4971323	-3.110838	accessible_not_acetylated	-2.1063673	-2.4390576	-1.7935333	-2.6233282
chr7	123055050	0.0	3.1098192	-3.1098192	accessible_not_acetylated	-0.29281902	0.23699594	0.21960211	0.51248574
chr21	31554767	1.609438	4.7171183	-3.1076803	accessible_not_acetylated	-1.9245293	0.22897339	0.10267258	0.40516186
chr10	29772907	0.0	3.1075983	-3.1075983	accessible_not_acetylated	-0.7682564	0.039110184	0.09023166	-0.1448915
chr8	93884578	0.0	3.106582	-3.106582	accessible_not_acetylated	-1.0431085	0.56914544	0.047924757	0.1669612
chr17	30921754	1.3862944	4.4908814	-3.104587	accessible_not_acetylated	-1.8852453	-0.7502136	-0.35496426	-0.7659683
chr12	81942784	0.6931472	3.7973862	-3.104239	accessible_not_acetylated	-1.1289182	0.46260786	0.10895872	0.30954456
chr7	120988851	0.6931472	3.7947595	-3.1016123	accessible_not_acetylated	-1.1679666	-0.16730714	-0.24486542	-0.19134402
chr12	57242986	1.7917595	4.892051	-3.1002917	accessible_not_acetylated	-1.2685935	-0.39562225	-0.9926932	-0.42853546
chr12	48995609	0.0	3.1000547	-3.1000547	accessible_not_acetylated	-0.14430237	-0.43886948	-0.24317741	-0.29837108
chr8	123541291	1.3862944	4.4860554	-3.099761	accessible_not_acetylated	-1.2549665	-1.2502744	-1.0983782	-1.3963358
chr7	27161098	1.3862944	4.4858475	-3.099553	accessible_not_acetylated	-1.261378	-1.5708852	-0.93725324	-0.45074558
chr7	134865607	1.0986123	4.197814	-3.0992017	accessible_not_acetylated	-1.5430117	-0.060321808	0.038202763	0.18316889
chr10	18399328	2.6390574	5.736808	-3.0977504	accessible_not_acetylated	-3.2463746	-0.06592369	0.17342281	0.29853964
chr12	52007723	0.6931472	3.7902994	-3.0971522	accessible_not_acetylated	-0.44435287	-1.5124993	-0.6856327	-1.0189781
chr12	81955860	2.0794415	5.1755543	-3.0961127	accessible_not_acetylated	-3.2443795	0.0034828186	-0.17343855	-0.2176261
chr12	76879048	2.3978953	5.4916544	-3.093759	accessible_not_acetylated	-1.8236771	-0.9205117	-0.9086976	-0.7397671
chr17	50309578	1.609438	4.7012324	-3.0917945	accessible_not_acetylated	-1.755197	0.16356707	-0.069282055	0.14075327
chr10	102409489	0.6931472	3.784275	-3.0911279	accessible_not_acetylated	-0.48953795	-0.9819107	-0.4720502	-0.7289746
chr8	22598798	1.0986123	4.1888437	-3.0902314	accessible_not_acetylated	-1.2631128	-1.2660699	-0.5304694	-0.40555358
chr6	81752607	2.7080503	5.793342	-3.0852919	accessible_not_acetylated	-1.6920815	-1.5027065	-0.6936827	-0.8294883
chr20	25065935	0.0	3.0845666	-3.0845666	accessible_not_acetylated	-0.944283	0.44615436	-0.015465498	0.24865413
chr12	13000312	0.6931472	3.7766485	-3.0835013	accessible_not_acetylated	0.106929064	-1.6710861	-0.71058846	-1.072046
chr7	117575471	0.0	3.083053	-3.083053	accessible_not_acetylated	-1.9079243	0.34144878	-0.08320379	-0.11963177
chr20	6624296	2.3025851	5.38523	-3.082645	accessible_not_acetylated	-2.0929866	-0.118005276	0.5114174	0.20214176
chr7	156475374	1.0986123	4.181223	-3.0826106	accessible_not_acetylated	-0.9021082	-0.09680176	0.47526598	0.1691618
chr10	70477870	1.9459102	5.023305	-3.0773947	accessible_not_acetylated	-0.68102646	0.31133652	0.2251916	0.22121572
chr7	36367266	0.6931472	3.7698193	-3.076672	accessible_not_acetylated	0.6383271	0.27596188	0.4384365	0.07938433
chr12	29782367	2.3978953	5.474171	-3.0762758	accessible_not_acetylated	-1.4913042	0.74713373	0.69554853	1.062377
chr6	157981023	1.3862944	4.4625506	-3.0762563	accessible_not_acetylated	-0.9994917	-0.88192177	-0.10125017	-0.50646544
chr12	122993507	1.3862944	4.4619875	-3.0756931	accessible_not_acetylated	-1.9649177	0.83939505	-0.110012054	0.5821538
chr8	23103671	1.3862944	4.4591794	-3.072885	accessible_not_acetylated	-1.6733279	-0.44644165	-0.43247032	-0.13991976
chr6	131510328	0.6931472	3.76529	-3.0721428	accessible_not_acetylated	-1.2832775	-0.15009594	-0.118428946	0.2653339
chr18	79395844	1.3862944	4.4584312	-3.0721369	accessible_not_acetylated	-2.3192942	-0.47051454	-0.65291166	-0.9245229
chr17	47721457	0.6931472	3.7649155	-3.0717683	accessible_not_acetylated	-0.9539163	-0.4375391	-0.4365828	-0.1662004
chr17	49032537	0.0	3.0713024	-3.0713024	accessible_not_acetylated	-0.5214379	0.14859772	-0.09651613	-0.33594012
chr6	63096684	1.9459102	5.01547	-3.0695598	accessible_not_acetylated	-2.7564878	0.364758	0.08403969	0.31608343
chr17	40443637	1.0986123	4.167064	-3.068452	accessible_not_acetylated	-2.2368045	-1.3804603	-1.3083587	-0.7984462
chr17	77724896	0.0	3.0678782	-3.0678782	accessible_not_acetylated	-1.0063267	-0.6573231	-0.39702106	-0.35618734
chr10	86047787	0.6931472	3.7604723	-3.067325	accessible_not_acetylated	-1.340977	0.3213625	0.079163074	0.29111338
chr20	7137807	1.609438	4.6758194	-3.0663815	accessible_not_acetylated	-2.4363844	-0.16907692	0.2377882	0.12787104
chr7	69412802	0.0	3.0649464	-3.0649464	accessible_not_acetylated	0.09446287	0.45112395	0.0920248	0.5567119
chr20	8983709	0.6931472	3.757628	-3.0644808	accessible_not_acetylated	-1.5316365	0.6425142	0.07148337	0.038520575
chr7	150979100	1.3862944	4.450599	-3.0643048	accessible_not_acetylated	-0.92867875	-1.472414	-0.84252095	-1.2991247
chr12	3077190	0.6931472	3.7573175	-3.0641704	accessible_not_acetylated	-0.10907698	-1.2384148	-0.70383453	-1.0289645
chr20	54346502	0.0	3.0636983	-3.0636983	accessible_not_acetylated	-0.9802003	0.2692709	0.13515139	0.28313684
chr10	34724825	1.0986123	4.16064	-3.0620275	accessible_not_acetylated	-2.2185018	-0.6077831	-0.13394833	-0.10895252
chr7	157009390	1.609438	4.670386	-3.060948	accessible_not_acetylated	-2.1411657	0.055505753	-0.82877755	-0.045427322
chr8	23225187	2.7725887	5.8330564	-3.0604677	accessible_not_acetylated	-2.7878249	-0.5320816	-0.72949505	0.14984035
chr17	74342741	0.0	3.0570545	-3.0570545	accessible_not_acetylated	-0.550097	-0.68638396	-0.76913524	-0.51400566
chr8	22054816	0.6931472	3.7492204	-3.0560732	accessible_not_acetylated	-1.3634017	-1.2427208	-0.74469924	-0.6794481
chr7	87599460	1.7917595	4.847343	-3.0555835	accessible_not_acetylated	-1.8759823	0.47175646	0.17351103	0.35228252
chr18	80179329	1.0986123	4.1538043	-3.055192	accessible_not_acetylated	-1.8502514	-0.5774789	-0.24671698	-0.112785816
chr17	72592125	1.7917595	4.844976	-3.0532165	accessible_not_acetylated	-1.4152193	-0.35857868	-0.46275997	-0.21344614
chr7	123540147	0.0	3.0516164	-3.0516164	accessible_not_acetylated	-1.2829682	0.06151986	-0.03548193	0.12707138
chr17	43546078	2.3025851	5.3533745	-3.0507894	accessible_not_acetylated	-2.5361276	-0.42707634	-1.2491345	-0.41219616
chr8	119874577	2.1972246	5.246169	-3.0489445	accessible_not_acetylated	-2.8529232	-0.046444893	-0.5768995	-0.21039867
chr6	122791048	0.6931472	3.7420776	-3.0489304	accessible_not_acetylated	0.1331582	0.82581973	0.4978373	0.79230475
chr8	21359831	1.7917595	4.8399982	-3.0482388	accessible_not_acetylated	-1.7867601	1.2747359	0.32791138	0.8849087
chr8	108293524	1.609438	4.65555	-3.046112	accessible_not_acetylated	-2.8263655	-0.6692662	-0.11930084	-0.6545739
chr7	47253602	0.0	3.0443826	-3.0443826	accessible_not_acetylated	0.72228193	0.056755543	0.13385844	-0.1609292
chr17	74923483	0.0	3.044084	-3.044084	accessible_not_acetylated	-1.5179285	-1.3538922	-1.1944488	-1.5060425
chr20	46994528	1.0986123	4.1417837	-3.0431714	accessible_not_acetylated	-1.4874349	0.78807163	-0.0497694	0.42923403
chr17	42098648	0.0	3.040779	-3.040779	accessible_not_acetylated	-0.49633074	-1.2304612	-0.8692992	-1.0058656
chr12	12891021	0.0	3.0404382	-3.0404382	accessible_not_acetylated	-0.039694786	-0.77038383	-0.5398271	-0.5513046
chr10	18423315	1.609438	4.6468825	-3.0374446	accessible_not_acetylated	-2.6253266	0.2107234	0.052833557	0.16989374
chr12	102900669	1.0986123	4.136028	-3.0374155	accessible_not_acetylated	-0.95651317	0.076010704	-0.060564995	0.24800682
chr10	18406421	1.609438	4.643229	-3.033791	accessible_not_acetylated	-2.0368216	-0.047893047	0.08899641	-0.18638754
chr17	8079420	0.6931472	3.7259436	-3.0327964	accessible_not_acetylated	-2.6116548	-0.7199564	-0.90013075	-0.6585078
chr21	42777659	1.0986123	4.1311917	-3.0325794	accessible_not_acetylated	-1.6664186	0.48892975	-0.03690958	0.1512618
chr18	23682697	2.0794415	5.111301	-3.0318594	accessible_not_acetylated	-2.8249142	0.12718153	0.056935787	-0.15586805
chr10	60944275	0.0	3.031797	-3.031797	accessible_not_acetylated	-0.46472168	-1.2105321	-0.9983485	-1.6745447
chr10	34754880	2.0794415	5.1111593	-3.0317178	accessible_not_acetylated	-2.716926	0.034290314	-0.033272743	0.23719454
chr8	66177616	0.0	3.0308003	-3.0308003	accessible_not_acetylated	-0.9448161	-0.82058334	-0.8057313	-1.04583
chr12	26125014	0.6931472	3.7238045	-3.0306573	accessible_not_acetylated	0.074649096	-0.4678278	-0.00612998	-0.09170532
chr10	30959609	1.0986123	4.1288786	-3.0302663	accessible_not_acetylated	-2.0348291	-0.493222	0.023572922	-0.014439583
chr12	48789652	1.3862944	4.4136724	-3.027378	accessible_not_acetylated	-1.2087421	-1.1618042	-1.0375943	-0.70564246
chr18	4443326	0.0	3.0257242	-3.0257242	accessible_not_acetylated	-0.5139339	0.21900034	-0.0032770634	0.15999532
chr17	56780537	0.6931472	3.7184463	-3.025299	accessible_not_acetylated	-1.4915686	-0.20395994	-0.5219765	-0.6455159
chr18	27378557	0.0	3.02365	-3.02365	accessible_not_acetylated	0.20588589	0.65111494	0.16197205	0.33135152
chr18	67516810	1.3862944	4.408388	-3.0220938	accessible_not_acetylated	-0.74068546	-1.1300495	-0.68851733	-1.2344103
chr8	64585381	0.6931472	3.7146304	-3.0214832	accessible_not_acetylated	-1.212007	-0.2603097	0.019118309	-0.062111616
chr12	57765205	1.609438	4.6305065	-3.0210686	accessible_not_acetylated	-1.4028294	-0.17250872	0.09497404	-0.43507814
chr12	62695011	1.0986123	4.1188307	-3.0202184	accessible_not_acetylated	-1.6561012	-0.54324865	0.063435555	0.1007247
chr12	53232615	1.7917595	4.8112864	-3.019527	accessible_not_acetylated	-2.0954888	-0.21942472	-0.59492636	0.23877573
chr12	13536711	1.7917595	4.810603	-3.0188437	accessible_not_acetylated	-2.3158238	0.013218403	0.25371027	0.78107166
chr20	10350368	2.0794415	5.0982127	-3.0187712	accessible_not_acetylated	-2.9911938	0.34587765	0.08062363	-0.030024052
chr6	14025314	0.0	3.0179148	-3.0179148	accessible_not_acetylated	-0.13492537	-0.23931313	-0.040799856	-0.127172
chr6	150004939	2.8903718	5.906565	-3.0161934	accessible_not_acetylated	-2.176466	-0.6622634	-0.8721986	-0.6488552
chr12	56079599	1.3862944	4.40198	-3.0156856	accessible_not_acetylated	-1.669173	-0.4930234	-0.51075673	-0.6983855
chr10	79068995	1.609438	4.625027	-3.0155892	accessible_not_acetylated	-1.6497898	-0.7387674	-1.04737	-1.3277986
chr8	119043419	1.3862944	4.4016266	-3.0153322	accessible_not_acetylated	-1.7231627	0.15911579	0.04049492	-0.026490688
chr22	21876734	0.0	3.0150695	-3.0150695	accessible_not_acetylated	-0.85457754	0.45395708	-0.032408476	0.05672288
chr18	11237682	0.6931472	3.7066298	-3.0134826	accessible_not_acetylated	-1.4861565	-0.20141101	0.022681952	-0.11036563
chr8	29343358	1.3862944	4.399772	-3.0134778	accessible_not_acetylated	-2.3933494	0.2835784	-0.40665984	-0.424232
chr17	17496204	1.609438	4.6219635	-3.0125256	accessible_not_acetylated	-1.7801037	-1.3910513	-0.79676485	-0.9856949
chr12	54217956	1.7917595	4.8040495	-3.01229	accessible_not_acetylated	-2.2803729	-0.277349	-0.40893126	0.08732748
chr6	112307901	0.6931472	3.7048624	-3.0117152	accessible_not_acetylated	-1.1789045	0.027650833	0.07063913	0.5625837
chr7	83162900	0.0	3.0103443	-3.0103443	accessible_not_acetylated	-0.64972615	-0.6333568	-0.71783996	-1.1900675
chr6	44005338	1.0986123	4.108835	-3.010223	accessible_not_acetylated	-1.7236567	-0.7821634	-0.3712945	-0.48774362
chr10	111077031	0.0	3.008355	-3.008355	accessible_not_acetylated	-0.9775274	-1.9319235	-1.2273804	-1.702073
chr8	127743091	1.609438	4.6151543	-3.0057163	accessible_not_acetylated	-1.9227304	0.033748627	0.14912128	0.5656223
chr12	49297588	0.6931472	3.698615	-3.005468	accessible_not_acetylated	-1.4066329	-1.1785269	-0.83381295	-1.0441108
chr12	24360867	1.0986123	4.103386	-3.0047736	accessible_not_acetylated	-1.8487697	0.48576784	0.12742376	0.26989603
chr20	44135554	0.0	3.0043888	-3.0043888	accessible_not_acetylated	0.24859071	0.5725019	0.5617199	0.59654737
chr12	50055981	0.0	3.0041022	-3.0041022	accessible_not_acetylated	-0.86561155	-0.16070843	-0.3295207	0.17122126
chr7	122710275	1.0986123	4.1015043	-3.002892	accessible_not_acetylated	-1.8339663	0.32443714	0.100265026	0.59295225
chr18	4270200	2.5649493	5.56454	-2.9995906	accessible_not_acetylated	-2.7495651	0.14990139	0.26972532	0.35305643
chr6	138455189	1.7917595	4.7910604	-2.999301	accessible_not_acetylated	-2.4602084	0.76128244	-0.03556013	0.36064196
chr12	19801134	1.3862944	4.384696	-2.9984016	accessible_not_acetylated	-2.000964	0.5042591	0.048624992	0.1661396
chr10	92689891	1.3862944	4.381681	-2.9953866	accessible_not_acetylated	-1.652257	-1.5026481	-1.3519604	-1.4905331
chr17	29613576	1.0986123	4.093955	-2.9953427	accessible_not_acetylated	-1.7762325	-1.6055889	-1.0543106	-1.2425158
chr12	63302473	1.7917595	4.786387	-2.9946275	accessible_not_acetylated	-2.1153033	0.37292624	0.32065964	0.6158128
chr8	110060432	0.0	2.9943106	-2.9943106	accessible_not_acetylated	-0.10720205	0.46039963	0.19243145	-0.030721903
chr12	108769007	1.0986123	4.090513	-2.991901	accessible_not_acetylated	-2.127307	-1.264225	-0.7294724	-0.8867018
chr12	15771388	2.7080503	5.699623	-2.9915729	accessible_not_acetylated	-3.2508135	0.12671423	0.04421234	-0.022432804
chr22	20247267	1.3862944	4.375578	-2.9892836	accessible_not_acetylated	-2.6161337	-0.97774744	-0.76542616	-0.40759087
chr20	64049598	0.6931472	3.68153	-2.9883828	accessible_not_acetylated	-0.7690697	-0.37067795	-0.97061944	-0.73153996
chr7	17261372	0.6931472	3.679908	-2.9867609	accessible_not_acetylated	-1.9422294	0.4754541	0.047671795	1.1213949
chr22	37996239	0.0	2.9861426	-2.9861426	accessible_not_acetylated	-0.15506387	-0.33504343	-0.10273504	-0.24654579
chr10	17617348	1.9459102	4.930953	-2.9850428	accessible_not_acetylated	-2.5614457	-1.2467716	-1.0010233	-1.1128163
chr17	40555781	1.609438	4.592199	-2.982761	accessible_not_acetylated	-2.2025616	0.31789112	0.17313719	-0.047163486
chr6	21737080	0.0	2.9822776	-2.9822776	accessible_not_acetylated	-0.27273464	-0.11713719	0.09767175	0.24718595
chr12	47904078	2.3025851	5.284752	-2.9821668	accessible_not_acetylated	-2.3255906	0.2753544	-0.016387463	0.50061893
chr10	86668802	0.6931472	3.6750927	-2.9819455	accessible_not_acetylated	-1.6162884	-0.7977841	-0.2993424	-0.36367083
chr10	2790991	0.0	2.9809184	-2.9809184	accessible_not_acetylated	-0.411	-0.25856543	-0.22356057	-0.46872592
chr20	62825026	0.0	2.978717	-2.978717	accessible_not_acetylated	-0.7449689	-1.241581	-0.929158	-1.1148204
chr12	51270707	1.609438	4.587538	-2.9780998	accessible_not_acetylated	-0.792068	-0.7334819	-0.28807306	0.1833148
chr17	38257337	1.609438	4.587279	-2.977841	accessible_not_acetylated	-1.081605	-0.23081827	-0.7098136	-0.4119525
chr12	57633227	1.3862944	4.3628907	-2.9765964	accessible_not_acetylated	-2.4198325	-1.1724024	-0.8725662	-1.3939788
chr7	73154822	1.3862944	4.3621106	-2.9758162	accessible_not_acetylated	0.6610122	-0.51864004	-0.33651543	-0.53355694
chr10	76882056	2.3025851	5.2782297	-2.9756446	accessible_not_acetylated	-2.182053	0.20135403	0.09713411	0.58485556
chr6	39725211	2.0794415	5.054939	-2.9754972	accessible_not_acetylated	-0.082514286	-0.30417776	0.0047459602	0.031847477
chr18	34225042	1.0986123	4.073178	-2.9745655	accessible_not_acetylated	-1.1358643	-0.6414981	-0.8078468	-0.5712836
chr6	74492025	1.9459102	4.92006	-2.97415	accessible_not_acetylated	-2.427381	-0.17883492	0.096654415	0.39155912
chr20	32457605	0.6931472	3.6665504	-2.9734032	accessible_not_acetylated	-1.5161078	-1.4795034	-1.4932806	-1.6740706
chr6	108848519	0.6931472	3.6664953	-2.9733481	accessible_not_acetylated	-0.07764959	-0.70040035	-0.60246587	-0.86637497
chr17	61411750	1.609438	4.5823894	-2.9729514	accessible_not_acetylated	-1.2775011	-0.3457594	-0.8763423	-0.37824726
chr10	75773744	1.0986123	4.071315	-2.9727025	accessible_not_acetylated	-0.8783245	0.6230526	0.3890128	0.9499202
chr6	84411145	1.7917595	4.763616	-2.9718566	accessible_not_acetylated	-1.5291531	0.35312176	0.11759424	0.22624302
chr12	7131519	1.3862944	4.3580627	-2.9717684	accessible_not_acetylated	-2.3030472	-0.46313	-0.38237286	-0.4269979
chr7	151727840	0.6931472	3.6636815	-2.9705343	accessible_not_acetylated	-0.7554779	-0.5769129	-0.3154738	0.16672444
chr7	137847589	1.9459102	4.9164047	-2.9704945	accessible_not_acetylated	-1.6635401	-0.19165373	-0.5609951	-0.058755398
chr7	39360095	1.609438	4.5793576	-2.9699197	accessible_not_acetylated	-2.2898793	-0.5184636	-0.121963024	-0.6903205
chr7	122637982	0.6931472	3.662142	-2.9689949	accessible_not_acetylated	-0.68670774	0.16046548	0.018273354	0.3442943
chr8	74571364	1.0986123	4.0665197	-2.9679074	accessible_not_acetylated	-1.922019	0.33054924	0.09040785	0.07268667
chr8	90231377	1.0986123	4.0660834	-2.9674711	accessible_not_acetylated	-1.2629917	0.23847961	0.1874795	0.5941706
chr6	97669365	1.7917595	4.7592306	-2.9674711	accessible_not_acetylated	-1.304951	-0.015256882	0.0032281876	0.09348059
chr6	30102143	1.0986123	4.065727	-2.967115	accessible_not_acetylated	-0.16392279	-1.3006377	-0.7239227	-1.1555705
chr12	75934617	2.0794415	5.0462956	-2.966854	accessible_not_acetylated	-2.4258478	0.31812096	-0.0043797493	0.70986795
chr20	6845411	0.6931472	3.6599562	-2.966809	accessible_not_acetylated	-1.5110774	0.26955462	-0.052897215	-0.12333107
chr10	21353122	1.3862944	4.3526516	-2.9663572	accessible_not_acetylated	-2.369287	-0.31040192	-0.15205479	-0.05739069
chr10	81082341	0.0	2.9657743	-2.9657743	accessible_not_acetylated	-0.44434524	-0.28790045	-0.2754798	-0.28503346
chr17	68101692	2.1972246	5.1626287	-2.965404	accessible_not_acetylated	-1.0972304	-0.96637774	-0.32720327	-0.5701375
chr12	52346727	0.6931472	3.6584244	-2.9652772	accessible_not_acetylated	-1.2601576	0.025537014	-0.08136964	0.56494427
chr10	80144672	1.0986123	4.0624237	-2.9638114	accessible_not_acetylated	-2.1094668	-0.9512265	-0.7850888	-1.1210899
chr18	80180067	1.609438	4.5729485	-2.9635105	accessible_not_acetylated	-2.3360627	-0.57261944	-0.5049257	-0.42656326
chr12	41303203	0.6931472	3.6560688	-2.9629216	accessible_not_acetylated	-1.9429516	0.39718723	0.031203985	0.15524173
chr18	23689442	0.6931472	3.6560652	-2.962918	accessible_not_acetylated	-0.96720195	-1.1707478	-0.6997733	-1.6192567
chr10	86337489	0.0	2.962278	-2.962278	accessible_not_acetylated	-0.13794136	-0.79225206	-0.29999113	-0.7357135
chr21	42220414	1.609438	4.5708427	-2.9614048	accessible_not_acetylated	-1.0587959	0.5404	-0.166574	0.5746355
chr20	23200602	0.0	2.9611583	-2.9611583	accessible_not_acetylated	-0.95295167	-0.83625984	-0.2620895	-0.5778799
chr12	23949790	1.0986123	4.0577607	-2.9591484	accessible_not_acetylated	-2.0526392	-0.37356758	-0.19657254	-0.11254597
chr8	26667238	0.6931472	3.6511817	-2.9580345	accessible_not_acetylated	-1.0507107	0.45046854	0.2114644	0.25073266
chr22	28882992	1.609438	4.567241	-2.9578032	accessible_not_acetylated	1.4627852	-0.8767748	-0.31742907	-0.9107988
chr20	54067704	1.609438	4.5664735	-2.9570355	accessible_not_acetylated	-2.436863	0.66582775	-0.0636549	0.32485342
chr7	122544653	1.609438	4.5640507	-2.9546127	accessible_not_acetylated	-1.9781346	1.1749811	0.16265154	0.71947
chr21	42242741	1.3862944	4.3403816	-2.9540873	accessible_not_acetylated	-1.0367899	-0.09163475	-0.030052185	-0.064015865
chr6	32445913	1.7917595	4.7458124	-2.954053	accessible_not_acetylated	-2.5204437	-0.5986333	-0.1407876	-0.68161964
chr7	125098646	1.0986123	4.0523415	-2.9537292	accessible_not_acetylated	-1.2298834	0.5509453	0.36256313	0.7074261
chr6	3752036	0.6931472	3.6467028	-2.9535556	accessible_not_acetylated	1.3438463	-1.8709772	-0.79566646	-1.3228202
chr8	22599624	1.9459102	4.899046	-2.9531357	accessible_not_acetylated	-1.2399645	-1.3269622	-0.4738803	0.24170303
chr8	133689348	1.7917595	4.7442718	-2.9525123	accessible_not_acetylated	-2.168947	0.3252263	0.3069892	0.5517926
chr6	40251734	1.9459102	4.896939	-2.9510286	accessible_not_acetylated	-2.5422108	-0.042202473	0.22952318	0.43662405
chr7	35024468	0.0	2.9509082	-2.9509082	accessible_not_acetylated	-0.71217704	0.72611094	0.09308314	0.5246792
chr20	14402657	1.0986123	4.0492697	-2.9506574	accessible_not_acetylated	-1.7277868	0.50085783	0.052443504	0.45428276
chr8	22554006	1.3862944	4.3353086	-2.9490142	accessible_not_acetylated	-2.0864315	-0.4384346	-0.6131878	-0.44529223
chr17	77916952	0.0	2.948742	-2.948742	accessible_not_acetylated	-0.67996097	0.45835686	-0.048975706	0.09906864
chr6	122710306	1.0986123	4.045116	-2.9465036	accessible_not_acetylated	-1.600707	0.6688762	0.091433525	1.3427382
chr12	49343382	1.0986123	4.044961	-2.9463487	accessible_not_acetylated	-1.2001297	-0.72321844	-0.28647995	-0.18365788
chr6	39615793	1.0986123	4.044571	-2.9459586	accessible_not_acetylated	-0.92854714	0.07906437	0.35496187	0.59685516
chr8	93917748	1.9459102	4.891665	-2.9457548	accessible_not_acetylated	-2.2280478	-1.1724575	-0.7763357	-0.8606491
chr7	101163094	1.0986123	4.04325	-2.9446378	accessible_not_acetylated	-0.9152446	-0.38348866	-0.38481092	-0.86931705
chr8	89543100	1.0986123	4.0429416	-2.9443293	accessible_not_acetylated	-1.6671276	0.38425112	-0.039692402	-0.05517888
chr17	66194329	0.0	2.9430184	-2.9430184	accessible_not_acetylated	-0.8997998	0.6385603	0.1095655	0.3919394
chr17	38559368	1.7917595	4.73425	-2.9424906	accessible_not_acetylated	-1.4709868	-0.10452175	-0.3843503	0.2990842
chr7	106166220	0.0	2.9422805	-2.9422805	accessible_not_acetylated	-1.056611	-0.0013344288	-0.098266125	0.13941455
chr18	4385059	1.3862944	4.327443	-2.9411488	accessible_not_acetylated	-2.4336336	0.28372574	-0.1068306	0.39352226
chr17	70168211	0.6931472	3.6332378	-2.9400907	accessible_not_acetylated	-0.38593388	-0.010087013	-0.020072699	-0.18369102
chr7	32042953	0.6931472	3.6326847	-2.9395375	accessible_not_acetylated	-1.5277967	-0.45988035	0.0022797585	0.18210673
chr17	34382055	1.0986123	4.037342	-2.9387298	accessible_not_acetylated	-2.0051727	0.19743729	-0.04522443	0.046729088
chr7	98133375	1.3862944	4.324188	-2.9378939	accessible_not_acetylated	-0.7528188	0.42730856	0.25494194	0.3115139
chr6	92827260	1.3862944	4.322404	-2.9361095	accessible_not_acetylated	-0.90044117	1.0403748	0.15092707	0.6382046
chr6	91730953	0.6931472	3.6287556	-2.9356084	accessible_not_acetylated	-0.96111727	0.6676593	0.028299093	0.5972333
chr22	20702932	2.4849067	5.4203835	-2.9354768	accessible_not_acetylated	-2.9316454	-0.40050745	-1.6468978	-0.92723083
chr17	32319653	0.6931472	3.628255	-2.9351077	accessible_not_acetylated	-1.5359817	-0.22613287	-0.5661192	-0.116565466
chr18	3319696	1.3862944	4.3210316	-2.9347372	accessible_not_acetylated	-2.1647801	-0.30327797	0.13214874	0.15370274
chr6	74467803	2.0794415	5.0134487	-2.9340072	accessible_not_acetylated	-3.0382485	-0.7916031	-0.12107897	-0.46605444
chr18	4077446	1.3862944	4.318224	-2.9319296	accessible_not_acetylated	-2.437405	0.1040802	-0.08074188	0.055273056
chr18	42190857	1.0986123	4.0302362	-2.931624	accessible_not_acetylated	-2.89424	-0.486264	-0.28601074	-0.1043365
chr17	47699001	0.0	2.9313788	-2.9313788	accessible_not_acetylated	-0.9631084	-0.7417679	-0.87214184	-0.863909
chr17	31660834	0.0	2.9312954	-2.9312954	accessible_not_acetylated	-0.5317452	0.37325287	-0.110013485	0.21218276
chr10	101013155	1.0986123	4.028451	-2.9298387	accessible_not_acetylated	-1.1459637	0.57390404	0.20018148	0.51465416
chr7	129780432	1.0986123	4.027663	-2.929051	accessible_not_acetylated	-0.6081064	-1.0808535	-0.9851346	-1.6525717
chr7	116672181	0.0	2.9287739	-2.9287739	accessible_not_acetylated	0.82200027	-1.198546	-0.25061655	-0.89179945
chr12	104957112	0.6931472	3.6219115	-2.9287643	accessible_not_acetylated	-1.452776	0.13607931	0.014084339	-0.070944786
chr10	96513995	2.1972246	5.1255407	-2.928316	accessible_not_acetylated	-2.4633956	-0.53781223	-1.2542362	-0.40782928
chr17	7350472	2.1972246	5.123106	-2.9258814	accessible_not_acetylated	-1.3919482	-0.35555506	-0.5946288	-0.086573124
chr12	20492350	0.0	2.9251194	-2.9251194	accessible_not_acetylated	1.3504963	0.97571754	0.5193925	1.1699319
chr12	51269689	1.0986123	4.023702	-2.9250898	accessible_not_acetylated	-0.1443131	-1.2255774	-0.56607676	-0.3994143
chr6	39310676	0.0	2.9236887	-2.9236887	accessible_not_acetylated	-0.22825456	-0.33270693	-0.10454202	-0.16278124
chr7	123054531	0.6931472	3.6149082	-2.921761	accessible_not_acetylated	-0.5070367	0.059352398	0.25992393	0.28406549
chr7	39293812	0.0	2.9216704	-2.9216704	accessible_not_acetylated	0.4674995	0.5600319	0.43456483	0.02701807
chr17	75877440	2.7725887	5.69367	-2.921081	accessible_not_acetylated	-3.2186518	-0.29357815	-0.6344085	-0.39478636
chr10	18449728	0.6931472	3.612802	-2.9196548	accessible_not_acetylated	-0.7621083	0.047085524	-0.08255744	-0.16744256
chr7	157276821	0.0	2.9195752	-2.9195752	accessible_not_acetylated	-0.36770368	0.54388285	-0.27194142	0.11630535
chr12	98149454	1.7917595	4.7106595	-2.9189	accessible_not_acetylated	-1.3099282	0.27538633	0.3982978	1.0182719
chr7	44020314	0.6931472	3.6118195	-2.9186723	accessible_not_acetylated	-1.6510656	-0.06879926	-0.54462695	-0.54556155
chr7	108469119	0.0	2.9183686	-2.9183686	accessible_not_acetylated	-0.49510384	-0.56601214	-0.3320279	-0.55073166
chr12	57216752	1.0986123	4.0167294	-2.918117	accessible_not_acetylated	-2.0394056	-0.965796	-0.88844657	-0.9671948
chr20	6837113	1.9459102	4.863808	-2.917898	accessible_not_acetylated	-2.9651089	-0.13379383	-0.114732265	-0.3394909
chr20	19706805	1.0986123	4.0143504	-2.915738	accessible_not_acetylated	-1.3974895	0.6909375	0.28748083	0.92594767
chr22	25120356	1.0986123	4.013361	-2.9147487	accessible_not_acetylated	-1.053535	0.117319584	0.33076477	0.006269932
chr18	30500537	2.0794415	4.9929533	-2.9135118	accessible_not_acetylated	-2.2034187	-0.39078808	-0.009595871	-0.21093178
chr7	90154416	1.609438	4.5221033	-2.9126654	accessible_not_acetylated	-1.693193	-0.36189842	-0.2571845	0.15131521
chr10	34755488	1.609438	4.521861	-2.9124231	accessible_not_acetylated	-1.765672	-0.2813921	0.088618755	-0.015315056
chr10	101566767	1.3862944	4.2985125	-2.912218	accessible_not_acetylated	-2.0292232	-1.0880654	-0.2764511	-0.7365253
chr21	31344040	1.0986123	4.007406	-2.908794	accessible_not_acetylated	-1.5818474	-0.86613345	-0.2698195	-0.057188034
chr17	28494930	0.0	2.9082398	-2.9082398	accessible_not_acetylated	-0.85545874	-0.14559412	-0.2986889	0.08265662
chr6	157369672	1.609438	4.517083	-2.9076452	accessible_not_acetylated	-2.331366	-0.44639397	-0.27922773	0.029099464
chr12	88934565	0.0	2.906166	-2.906166	accessible_not_acetylated	0.60884905	0.5611391	0.3066373	0.4849112
chr6	34056450	0.0	2.90378	-2.90378	accessible_not_acetylated	0.32657027	-0.9896114	-0.65701103	-0.7316413
chr7	70829540	0.0	2.9030752	-2.9030752	accessible_not_acetylated	-0.38829255	-0.46897364	-0.12540007	-0.16401649
chr17	36034513	1.0986123	4.0015645	-2.9029522	accessible_not_acetylated	-1.8115606	0.66530037	0.19488573	0.81389046
chr18	4454500	1.609438	4.511825	-2.9023871	accessible_not_acetylated	-2.3710127	-0.013724804	-1.1486566	-0.42347717
chr22	18611919	0.0	2.9019997	-2.9019997	accessible_not_acetylated	0.0522213	-0.8880656	-0.21386051	-0.5678606
chr17	74972772	0.0	2.9015179	-2.9015179	accessible_not_acetylated	0.73279023	-1.5020711	-0.67750716	-1.3125914
chr10	81257825	0.0	2.9004176	-2.9004176	accessible_not_acetylated	-0.52337646	0.38869023	0.15498638	0.15801406
chr20	43731620	0.0	2.900008	-2.900008	accessible_not_acetylated	0.20305037	0.44407272	0.2490573	0.52179885
chr7	73324315	0.0	2.899821	-2.899821	accessible_not_acetylated	-1.1398387	-1.1191319	-0.5699954	-0.94044054
chr10	75487566	1.0986123	3.9975617	-2.8989494	accessible_not_acetylated	-1.6014223	-0.11333108	0.11433053	0.15508771
chr8	23163514	2.7725887	5.670673	-2.8980842	accessible_not_acetylated	-3.1932576	-0.31377745	-0.42338514	-0.30443192
chr20	63554148	2.5649493	5.4620385	-2.8970892	accessible_not_acetylated	-2.626233	-0.7908349	-1.062201	-0.74127007
chr17	19062271	1.0986123	3.9950209	-2.8964086	accessible_not_acetylated	1.0299234	0.045111656	0.052594185	0.23401356
chr18	4271260	1.9459102	4.8419447	-2.8960345	accessible_not_acetylated	-3.2670798	-0.18978405	-0.03206396	-0.31865263
chr17	82351373	1.609438	4.505045	-2.895607	accessible_not_acetylated	-2.3059206	-1.1166716	-0.7668853	-0.9376204
chr20	3248783	0.0	2.8925285	-2.8925285	accessible_not_acetylated	0.042392015	-1.410624	-0.49600983	-0.8835187
chr12	29784759	0.0	2.892402	-2.892402	accessible_not_acetylated	-0.21115065	-0.6738403	-0.4028685	-0.523921
chr8	32885025	1.9459102	4.8382773	-2.8923671	accessible_not_acetylated	-2.681233	-0.32902765	0.12805414	0.11828232
chr6	144248657	0.6931472	3.5852847	-2.8921375	accessible_not_acetylated	-1.172025	0.0149149895	0.04019475	0.34066582
chr20	4161035	1.0986123	3.9905198	-2.8919075	accessible_not_acetylated	-1.0841608	-0.66761017	-0.2030747	-0.43690372
chr18	49959337	1.0986123	3.9904776	-2.8918653	accessible_not_acetylated	-1.9186223	-0.25657892	-0.024051905	0.12706804
chr6	84581878	1.9459102	4.8371844	-2.8912742	accessible_not_acetylated	-2.5765045	-0.029276848	0.16156578	0.18846512
chr18	63843163	0.0	2.8902912	-2.8902912	accessible_not_acetylated	-1.2550036	-0.042848587	0.056974173	-0.17510962
chr12	13537759	1.9459102	4.836065	-2.8901546	accessible_not_acetylated	-2.6236558	-0.29803085	0.054490566	0.1964941
chr18	35409160	1.0986123	3.988677	-2.8900647	accessible_not_acetylated	-2.001261	-0.7919824	-0.26429558	-0.42050576
chr17	44775957	2.1972246	5.0864964	-2.8892717	accessible_not_acetylated	-2.3155599	-1.120553	-1.3391614	-1.119107
chr6	31529188	0.6931472	3.5818527	-2.8887055	accessible_not_acetylated	-0.72579265	-0.078346014	-0.18020296	-0.16793776
chr12	39611988	2.3025851	5.191075	-2.8884897	accessible_not_acetylated	-2.618318	-0.12728167	0.28879786	-0.26726198
chr7	82367283	1.0986123	3.9861112	-2.8874989	accessible_not_acetylated	-1.8921087	0.07793617	-0.09861946	0.073186874
chr8	74602077	1.0986123	3.986031	-2.8874187	accessible_not_acetylated	-1.4863899	-0.15788698	-0.14200997	0.17922688
chr7	94658279	1.0986123	3.985424	-2.8868117	accessible_not_acetylated	-1.4959922	-0.16321659	-1.7555783	-1.5287485
chr18	36297613	2.1972246	5.083047	-2.8858223	accessible_not_acetylated	-2.7427604	-0.84346676	-1.4492545	-0.87248516
chr7	150974696	1.609438	4.4948897	-2.8854518	accessible_not_acetylated	-1.4459915	-1.2465997	-0.92590547	-1.0296264
chr21	19461947	0.6931472	3.578548	-2.8854008	accessible_not_acetylated	-0.996202	-0.039872408	0.094840765	0.4069283
chr6	149963316	0.0	2.8853478	-2.8853478	accessible_not_acetylated	0.27243137	-0.51741004	-0.057566643	-0.7865484
chr18	4232843	1.9459102	4.830336	-2.8844259	accessible_not_acetylated	-2.8444724	-0.12760878	-0.0056295395	-0.342731
chr10	117470925	0.6931472	3.5771248	-2.8839777	accessible_not_acetylated	-2.1856937	-0.18079686	-0.27228403	-0.6473429
chr10	29635899	1.9459102	4.829749	-2.883839	accessible_not_acetylated	-2.4664726	-0.030521393	-0.10058069	-0.23788834
chr12	57460150	1.9459102	4.829701	-2.8837907	accessible_not_acetylated	-2.7255392	-0.50735426	-0.86455154	-0.20126057
chr18	4455345	2.3025851	5.186189	-2.883604	accessible_not_acetylated	-2.9491017	-0.47263575	-0.871737	-0.625638
chr17	72560420	0.0	2.881667	-2.881667	accessible_not_acetylated	-0.45254993	0.034486532	-0.33099818	-0.4641297
chr18	4449929	1.609438	4.488862	-2.879424	accessible_not_acetylated	-1.6121485	0.54914284	0.3253951	0.26215696
chr7	30134831	1.0986123	3.9768856	-2.8782732	accessible_not_acetylated	-0.6447072	-0.37405658	-0.13612819	-0.20698142
chr8	56682357	1.0986123	3.9743454	-2.8757331	accessible_not_acetylated	-1.57535	0.3749373	0.32734323	0.16635871
chr20	676179	0.0	2.8739774	-2.8739774	accessible_not_acetylated	0.38714123	-0.82569337	-0.6403148	-1.2877729
chr22	22960653	0.0	2.8734546	-2.8734546	accessible_not_acetylated	-0.024915934	0.14530659	0.10907507	0.30983448
chr10	49136004	0.0	2.8725758	-2.8725758	accessible_not_acetylated	0.14226055	-0.2413361	0.27616262	0.14359021
chr7	6526665	0.0	2.8723407	-2.8723407	accessible_not_acetylated	-1.0229889	-1.8393497	-1.1655577	-1.447107
chr10	79445897	1.7917595	4.663977	-2.8722177	accessible_not_acetylated	-1.6637766	-0.46711588	-0.8234792	-0.45726967
chr6	150069224	1.0986123	3.970698	-2.8720858	accessible_not_acetylated	-0.3241365	-0.6432469	-1.1353374	-0.69825053
chr18	36188986	0.0	2.8705888	-2.8705888	accessible_not_acetylated	0.26449704	0.20663214	0.34028983	0.1237874
chr8	88278469	0.0	2.8687513	-2.8687513	accessible_not_acetylated	-0.70404005	-0.11936903	0.059152603	-0.003974676
chr17	21368942	1.0986123	3.966381	-2.8677688	accessible_not_acetylated	-1.6030574	-0.31790495	-0.28324676	-0.45395708
chr7	28443000	1.9459102	4.812126	-2.866216	accessible_not_acetylated	-2.5879416	0.8148861	0.20754337	0.28772354
chr6	53917582	1.609438	4.4755836	-2.8661456	accessible_not_acetylated	-1.7785897	-0.42086458	-0.11069727	-0.00429821
chr6	53440510	2.4849067	5.3509774	-2.8660707	accessible_not_acetylated	-2.431559	-0.37428617	0.2694478	0.017614365
chr12	131682551	0.0	2.8658435	-2.8658435	accessible_not_acetylated	0.14038897	-0.023171186	-0.12280178	0.04199505
chr6	17993511	1.3862944	4.2519736	-2.8656793	accessible_not_acetylated	-1.0599971	0.7068	0.42547798	1.5387807
chr6	53239736	2.5649493	5.4298844	-2.8649352	accessible_not_acetylated	-2.9291003	0.28694248	0.10318804	0.45353508
chr6	150599363	2.1972246	5.0594096	-2.862185	accessible_not_acetylated	-1.7181919	0.39573908	-0.017978668	0.27831173
chr10	2792264	1.9459102	4.807723	-2.8618128	accessible_not_acetylated	-3.0979228	-0.21392441	-0.0059022903	0.19477272
chr17	50117414	0.0	2.8601193	-2.8601193	accessible_not_acetylated	-0.29147506	-1.2233496	-0.67426133	-1.354001
chr6	148204188	1.3862944	4.2462745	-2.85998	accessible_not_acetylated	-1.4746208	-0.25967956	0.032995224	0.24798155
chr6	74491403	1.3862944	4.2456512	-2.8593569	accessible_not_acetylated	-2.0519614	-0.17202806	-0.0006799698	0.3993206
chr8	133569857	3.218876	6.077669	-2.8587933	accessible_not_acetylated	-2.4741755	-0.18742132	-0.50217485	0.21016884
chr20	52975397	2.0794415	4.937986	-2.8585443	accessible_not_acetylated	-1.7518139	0.9194045	0.3687353	0.77415466
chr7	142587744	0.0	2.8574078	-2.8574078	accessible_not_acetylated	-0.4311552	-0.19023156	0.019518852	0.050082684
chr21	44107326	0.0	2.855647	-2.855647	accessible_not_acetylated	1.942388	0.66442585	-0.16606593	-0.24525213
chr7	108063605	0.6931472	3.5480473	-2.8549001	accessible_not_acetylated	-1.3352854	-0.47413707	0.08670449	0.15189505
chr7	13932391	0.6931472	3.5474055	-2.8542583	accessible_not_acetylated	-1.2658637	0.21039844	0.0021781921	0.092947006
chr18	33871676	0.6931472	3.546584	-2.8534367	accessible_not_acetylated	-1.0394323	0.09125161	0.09567881	0.14983988
chr6	15148581	1.3862944	4.236789	-2.8504949	accessible_not_acetylated	-0.9428482	-0.206254	0.16141224	0.59989405
chr7	65873094	2.0794415	4.929907	-2.8504653	accessible_not_acetylated	-1.8231618	-1.005691	-1.0047886	-0.85565853
chr10	34758606	1.609438	4.459895	-2.8504572	accessible_not_acetylated	-1.2154531	1.330739	0.8520942	1.5049362
chr18	2522304	0.6931472	3.5435088	-2.8503616	accessible_not_acetylated	-1.0044267	0.40024424	0.19401765	0.29527736
chr6	77549477	1.9459102	4.7945137	-2.8486035	accessible_not_acetylated	-2.1765683	-0.5481534	0.096832275	0.1355443
chr17	75878689	1.7917595	4.6395674	-2.847808	accessible_not_acetylated	-1.1577623	-1.1632409	-0.95151544	-0.6830647
chr7	128869586	1.7917595	4.638936	-2.8471766	accessible_not_acetylated	-3.4723043	-1.5607095	-1.6328182	-1.3290257
chr18	34978225	1.0986123	3.9449494	-2.846337	accessible_not_acetylated	-0.1781981	-0.44592094	0.14895225	-0.5334537
chr7	102671757	2.0794415	4.924373	-2.8449316	accessible_not_acetylated	-1.1992991	0.6261916	0.670032	0.65929556
chr12	77999166	1.7917595	4.6335626	-2.841803	accessible_not_acetylated	-2.04097	0.08659792	0.12510252	0.044404984
chr20	25090951	1.0986123	3.9403791	-2.8417668	accessible_not_acetylated	-1.5803409	-1.0959816	-0.0035007	-0.34251332
chr21	30718438	0.6931472	3.534351	-2.841204	accessible_not_acetylated	-0.2979951	0.8067696	0.22549939	0.9301994
chr7	91264420	2.4849067	5.3254356	-2.840529	accessible_not_acetylated	-1.2949729	-0.7179065	-0.8704119	-0.327909
chr10	53135416	0.6931472	3.5330186	-2.8398714	accessible_not_acetylated	-0.55522156	0.10792875	0.08191538	0.19425082
chr6	128630327	0.0	2.8393345	-2.8393345	accessible_not_acetylated	0.46907473	-0.34939814	0.34031653	0.27583885
chr12	49539070	0.6931472	3.5321336	-2.8389864	accessible_not_acetylated	-2.489863	-1.7467097	-1.3697517	-1.6124266
chr18	4284594	1.9459102	4.784349	-2.8384387	accessible_not_acetylated	-2.25593	0.057231426	-0.021530628	0.01444006
chr6	157387662	1.3862944	4.2240868	-2.8377924	accessible_not_acetylated	-2.0956488	-0.32835698	-0.039950848	-0.21078682
chr8	79768002	2.7080503	5.5452456	-2.8371954	accessible_not_acetylated	-3.2527285	-1.186132	-1.0821795	-0.51803875
chr8	75352467	1.0986123	3.9339564	-2.835344	accessible_not_acetylated	-1.3167427	0.43097472	0.16590858	0.005122423
chr18	73235686	0.6931472	3.528245	-2.8350978	accessible_not_acetylated	-1.0804644	0.8298254	0.17949271	0.6155906
chr8	118950919	1.609438	4.442484	-2.833046	accessible_not_acetylated	-2.473864	-0.3372593	-0.03225851	-0.305696
chr6	127118902	0.0	2.8326168	-2.8326168	accessible_not_acetylated	-0.044330835	-1.4310039	-1.0693885	-0.9764452
chr10	33136728	0.6931472	3.524518	-2.8313708	accessible_not_acetylated	-1.0834036	-0.16818714	0.19952345	-0.16395283
chr17	17496933	1.0986123	3.9298902	-2.8312778	accessible_not_acetylated	-1.5711589	-0.9542208	-1.2352359	-1.2284279
chr7	41295604	0.6931472	3.5229526	-2.8298054	accessible_not_acetylated	-0.9672568	0.19337034	-0.006167412	0.050349712
chr20	19709858	0.0	2.829657	-2.829657	accessible_not_acetylated	-0.43354154	-0.027930975	0.17377281	0.0072135925
chr8	143572758	0.0	2.8295565	-2.8295565	accessible_not_acetylated	0.10873914	-0.80025816	-0.74183774	-0.79043937
chr21	45076403	0.6931472	3.5225105	-2.8293633	accessible_not_acetylated	-0.030832052	0.24982238	0.2897532	0.25010252
chr6	3063884	1.7917595	4.621111	-2.8293514	accessible_not_acetylated	-1.1085424	-0.5866294	-0.85323143	-0.66243577
chr12	131224468	0.6931472	3.5207062	-2.827559	accessible_not_acetylated	-0.99360347	-1.0282035	-1.1047068	-0.66868997
chr22	20016851	0.6931472	3.5201778	-2.8270307	accessible_not_acetylated	0.1501894	-0.79234266	-0.80011153	-1.2783835
chr10	21293210	0.0	2.82659	-2.82659	accessible_not_acetylated	0.065084934	-0.026525497	0.28163123	-0.2511537
chr10	35642325	1.609438	4.4354644	-2.8260264	accessible_not_acetylated	-1.6749609	-1.5114322	-0.9942336	-1.4456978
chr8	110026666	1.3862944	4.2115273	-2.825233	accessible_not_acetylated	-1.1879413	-0.10654116	0.20909166	0.3069296
chr20	31836350	0.6931472	3.5174115	-2.8242643	accessible_not_acetylated	-0.49859643	0.767678	0.5553858	0.52446675
chr8	80490091	1.3862944	4.2101355	-2.823841	accessible_not_acetylated	-1.2778144	-0.2568214	0.053702354	0.33325434
chr12	132560066	1.609438	4.431987	-2.8225489	accessible_not_acetylated	-3.4387624	-1.1745524	-0.9241431	-1.002924
chr17	9576617	2.1972246	5.019702	-2.8224773	accessible_not_acetylated	-0.57210827	-0.10467577	-0.03147793	0.19298887
chr7	137754582	1.7917595	4.6136694	-2.82191	accessible_not_acetylated	-2.483172	0.33821392	-0.1089983	0.5734949
chr10	34572739	0.0	2.8218977	-2.8218977	accessible_not_acetylated	-0.416008	-0.32800102	-0.15754747	0.023303986
chr12	81962193	1.609438	4.4305744	-2.8211365	accessible_not_acetylated	-2.4440517	-0.094602585	0.14471102	0.22748756
chr6	148747660	2.0794415	4.8976274	-2.8181858	accessible_not_acetylated	-2.1046307	-0.47153044	-1.4416842	-0.850296
chr10	75404284	1.3862944	4.2037053	-2.817411	accessible_not_acetylated	-1.526103	-0.8029294	-0.77895474	-1.0099688
chr7	122618782	1.3862944	4.2032623	-2.816968	accessible_not_acetylated	-0.92980075	-0.44981813	0.09318733	0.012998104
chr20	7003732	0.6931472	3.5096316	-2.8164845	accessible_not_acetylated	-1.1187267	0.7653537	0.12763333	0.74673796
chr10	29725605	1.0986123	3.9149284	-2.8163161	accessible_not_acetylated	-0.09746885	-0.04837966	0.7847233	0.19793892
chr17	57955323	0.6931472	3.5093837	-2.8162365	accessible_not_acetylated	-1.3215547	-0.9799483	-0.9687762	-0.75136733
chr8	120732430	2.6390574	5.45524	-2.8161824	accessible_not_acetylated	-2.7452989	0.10583305	0.009391308	-0.066563606
chr6	148770333	0.0	2.815361	-2.815361	accessible_not_acetylated	-0.5055933	-0.0819304	0.045718193	0.16740608
chr7	106598873	1.7917595	4.6068854	-2.815126	accessible_not_acetylated	-0.86686945	-0.12542963	0.4485669	-0.28558683
chr10	102229940	0.0	2.815089	-2.815089	accessible_not_acetylated	-0.0036382675	0.23363304	-0.48374248	-0.24408555
chr17	27456207	2.3978953	5.2126455	-2.8147502	accessible_not_acetylated	-2.8310676	-1.2547226	-0.8763585	-1.1100831
chr12	32788620	0.0	2.8121767	-2.8121767	accessible_not_acetylated	-0.34688044	0.020587921	0.19582748	-0.050310373
chr6	148748618	1.7917595	4.6037574	-2.811998	accessible_not_acetylated	-1.706125	-0.6139183	-0.70730543	-0.5752163
chr7	28330389	1.0986123	3.9101207	-2.8115084	accessible_not_acetylated	-0.68313503	0.29160953	0.08594537	0.065816164
chr7	69668587	1.609438	4.420635	-2.8111973	accessible_not_acetylated	-1.9139137	-0.09385824	0.0727396	0.14815044
chr18	4320355	2.6390574	5.449886	-2.8108284	accessible_not_acetylated	-3.4206424	-0.16489363	0.14139223	0.15578651
chr7	94008725	0.0	2.8106332	-2.8106332	accessible_not_acetylated	-0.397053	0.7469506	0.0019340515	0.3053341
chr6	90081199	0.6931472	3.5035236	-2.8103764	accessible_not_acetylated	-0.55629086	0.117723465	0.29924822	0.4061079
chr7	42237019	0.0	2.8086326	-2.8086326	accessible_not_acetylated	0.79366183	-1.3347584	-1.0632738	-1.0673145
chr18	56532480	2.3978953	5.204613	-2.8067179	accessible_not_acetylated	-3.08117	0.41033888	0.0053515434	0.4879055
chr20	4148770	0.0	2.8059459	-2.8059459	accessible_not_acetylated	1.0547035	-1.1945126	-1.034712	-1.4509057
chr12	53996785	0.0	2.8056436	-2.8056436	accessible_not_acetylated	0.08706093	-0.4131217	-0.5336156	-0.36526537
chr6	128600717	1.9459102	4.7511444	-2.8052342	accessible_not_acetylated	-1.9820719	-0.107376575	0.31691313	0.29710674
chr18	74679913	2.4849067	5.289573	-2.8046665	accessible_not_acetylated	-2.8006897	-0.049797535	-0.039466858	0.19733095
chr7	133696266	1.0986123	3.9030142	-2.8044019	accessible_not_acetylated	-1.4477584	0.32529354	0.023442745	0.46286154
chr6	89434033	1.3862944	4.19019	-2.8038955	accessible_not_acetylated	-0.5320127	-0.031555653	-0.06334257	-0.10590601
chr12	40105951	2.0794415	4.8825045	-2.803063	accessible_not_acetylated	-1.7064149	-0.8230529	-0.62798595	-0.44019032
chr17	9240052	1.0986123	3.901537	-2.8029246	accessible_not_acetylated	-1.0380828	-1.2634125	-0.82069325	-0.10439587
chr12	98352761	2.1972246	4.999409	-2.8021846	accessible_not_acetylated	-1.7526858	1.364449	0.38599348	0.5073929
chr10	132541722	1.7917595	4.5939217	-2.8021622	accessible_not_acetylated	-2.6988227	-0.47745037	-0.101822376	-0.36208773
chr10	93073889	0.0	2.8015356	-2.8015356	accessible_not_acetylated	-1.1482974	-1.682452	-1.0831684	-1.6492944
chr10	76871865	1.609438	4.409923	-2.8004851	accessible_not_acetylated	-2.3604984	0.2577567	0.08865023	0.25893927
chr18	4278477	1.3862944	4.1867447	-2.8004503	accessible_not_acetylated	-1.9701076	-0.0762043	-0.008924007	-0.18362284
chr20	36156853	0.0	2.799609	-2.799609	accessible_not_acetylated	-0.47600007	-0.19059324	-0.22324967	-0.22113538
chr7	156909096	0.0	2.7990317	-2.7990317	accessible_not_acetylated	-0.32146025	0.15100956	-0.31940126	-0.042194843
chr6	53240410	2.1972246	4.995766	-2.7985415	accessible_not_acetylated	-2.8312523	-0.004116535	-0.08024502	-0.05862999
chr21	45643358	1.7917595	4.588854	-2.7970943	accessible_not_acetylated	-0.30610895	-2.4621625	-1.7353773	-1.8327229
chr17	43907763	0.0	2.796411	-2.796411	accessible_not_acetylated	1.3329239	-1.0464834	-0.28880572	-0.9886048
chr17	57046496	1.3862944	4.182391	-2.7960968	accessible_not_acetylated	-1.4337294	-1.3322592	-0.85548663	-0.40227723
chr8	94242424	1.0986123	3.894654	-2.7960417	accessible_not_acetylated	-0.886678	1.0799129	0.3517115	0.48295856
chr8	118951992	2.6390574	5.4346833	-2.795626	accessible_not_acetylated	-1.6413095	0.05417919	-0.34622478	0.24596882
chr6	77564968	1.0986123	3.893427	-2.7948146	accessible_not_acetylated	-1.1660843	0.42018652	0.24936056	0.2537446
chr7	5424064	1.3862944	4.180938	-2.7946434	accessible_not_acetylated	-1.6257939	-0.41857004	-0.738642	-0.17856884
chr10	108360369	1.0986123	3.8929586	-2.7943463	accessible_not_acetylated	-1.8621113	0.46201563	0.06734562	0.45424128
chr22	31105126	0.0	2.7933688	-2.7933688	accessible_not_acetylated	0.42081928	-1.4638518	-0.630955	-0.939126
chr10	34723985	0.6931472	3.4862418	-2.7930946	accessible_not_acetylated	-1.8956968	-0.79779387	-0.28647494	-0.2488432
chr18	4453660	1.9459102	4.73855	-2.79264	accessible_not_acetylated	-1.9058399	-0.21733856	-0.28800106	0.19170427
chr8	26449492	2.4849067	5.277465	-2.7925582	accessible_not_acetylated	-2.8588674	-1.0936456	-1.0774975	-0.5689583
chr6	32642802	2.4849067	5.2773986	-2.792492	accessible_not_acetylated	-2.972752	-0.23301029	-0.031228542	0.34138966
chr7	116776768	0.6931472	3.485118	-2.7919707	accessible_not_acetylated	-1.427681	0.8013196	-0.01050663	0.16099358
chr7	29244362	1.3862944	4.177389	-2.7910948	accessible_not_acetylated	-1.0145242	0.29061508	0.12781715	0.37285614
chr18	3839834	0.0	2.7904856	-2.7904856	accessible_not_acetylated	-0.41001487	0.20208049	0.07366896	0.09699416
chr20	43914757	1.9459102	4.73622	-2.7903097	accessible_not_acetylated	-1.473248	-0.7044096	-0.77842975	-0.5765972
chr8	96645460	2.0794415	4.8696003	-2.7901587	accessible_not_acetylated	-1.5721524	-0.66558695	-0.33715343	-0.62638235
chr6	22887226	1.3862944	4.17645	-2.7901554	accessible_not_acetylated	-1.9150138	0.37901497	0.09028149	0.58412075
chr12	1662052	1.3862944	4.176127	-2.7898326	accessible_not_acetylated	-1.6023059	-1.3654866	-0.69427943	-0.5087466
chr20	3666117	1.609438	4.3983555	-2.7889175	accessible_not_acetylated	-1.799444	-0.01565504	0.17372656	0.14652443
chr20	48457355	1.609438	4.3983135	-2.7888756	accessible_not_acetylated	-1.4986703	0.7266822	0.4396577	0.4664607
chr12	88580473	1.0986123	3.8873634	-2.7887511	accessible_not_acetylated	-0.9295306	-1.6825571	-0.6368382	-1.4642706
chr17	21280229	0.0	2.788715	-2.788715	accessible_not_acetylated	-0.59883547	-0.19186878	-0.39443493	-0.092547655
chr20	21559513	2.0794415	4.8674107	-2.787969	accessible_not_acetylated	-2.497919	-0.50675344	-0.24969053	-0.07328892
chr8	38409836	2.7080503	5.4955864	-2.7875361	accessible_not_acetylated	-2.705757	0.11318874	-0.01962614	0.113900185
chr10	19816442	1.3862944	4.172154	-2.7858596	accessible_not_acetylated	-0.5716791	-1.3539128	-1.048373	-1.5236192
chr17	7296559	0.6931472	3.478219	-2.7850718	accessible_not_acetylated	-0.026248693	-0.7537155	-0.1677773	-0.17671514
chr10	24715522	0.6931472	3.477696	-2.7845488	accessible_not_acetylated	-1.645616	-0.4409101	-0.20850563	-0.10735679
chr17	18141375	0.0	2.7837374	-2.7837374	accessible_not_acetylated	-0.36789775	-0.36411643	-0.061629057	-0.12497902
chr17	44968512	0.0	2.7834053	-2.7834053	accessible_not_acetylated	-0.055999994	-1.4442652	-0.8226104	-1.0805274
chr7	17206585	1.3862944	4.1689897	-2.7826953	accessible_not_acetylated	-0.8363242	0.398005	0.3183403	0.69832325
chr20	4998462	2.1972246	4.9777985	-2.7805738	accessible_not_acetylated	-2.0918176	0.54069424	0.06828642	0.10179472
chr17	7718242	0.0	2.7781734	-2.7781734	accessible_not_acetylated	-0.046268225	-0.44276237	-0.36109948	-0.30877352
chr22	37818351	0.6931472	3.4712923	-2.778145	accessible_not_acetylated	-1.3798292	-1.1695662	-0.7557905	-1.0960915
chr7	32036717	0.6931472	3.471281	-2.7781339	accessible_not_acetylated	-1.1798239	0.34170866	0.4524536	1.0044217
chr6	39646965	1.0986123	3.8752227	-2.7766104	accessible_not_acetylated	-0.7792518	-0.14914918	-0.021462202	0.1827159
chr17	73360336	0.0	2.7764153	-2.7764153	accessible_not_acetylated	0.026728868	-0.36408544	-0.18477917	-0.2950065
chr8	108071373	1.0986123	3.8745546	-2.7759423	accessible_not_acetylated	-1.1387148	0.36722517	0.2742796	-0.010663271
chr20	19860878	1.0986123	3.8736403	-2.775028	accessible_not_acetylated	-1.3846588	1.4654906	0.30956054	0.60471416
chr7	95715500	0.6931472	3.4677956	-2.7746484	accessible_not_acetylated	-1.800156	0.2197001	-0.090144634	0.44907212
chr20	46995728	1.0986123	3.8729324	-2.7743201	accessible_not_acetylated	-1.7980947	0.11669898	0.17286015	-0.015719414
chr18	4450503	1.9459102	4.719583	-2.7736728	accessible_not_acetylated	-1.8593693	0.005712986	0.18270874	0.087337494
chr6	21666443	1.0986123	3.872168	-2.7735558	accessible_not_acetylated	-0.9446466	-1.1732016	-0.48842335	-1.2376335
chr17	38604879	1.3862944	4.159326	-2.7730317	accessible_not_acetylated	-1.990022	-1.7180903	-1.2427988	-1.2414823
chr8	132918318	0.6931472	3.465399	-2.7722518	accessible_not_acetylated	-0.38116717	0.47346163	0.058241367	0.39748502
chr12	79057047	1.609438	4.381465	-2.772027	accessible_not_acetylated	-3.037406	0.13604403	0.033925533	-0.0919466
chr8	10928617	0.0	2.7712777	-2.7712777	accessible_not_acetylated	-0.15045929	0.036384583	-0.25441694	0.09460282
chr22	28976752	0.6931472	3.4642751	-2.771128	accessible_not_acetylated	-0.88736534	0.78670144	0.3133099	0.79710984
chr6	77548692	2.6390574	5.4096303	-2.770573	accessible_not_acetylated	-2.589271	-0.4356346	0.0384717	-0.06350231
chr10	77926588	1.7917595	4.561733	-2.7699733	accessible_not_acetylated	-2.636746	-1.2882257	-0.86215496	-1.1285505
chr20	63520238	2.3978953	5.1677628	-2.7698674	accessible_not_acetylated	-2.1204998	-1.7604678	-1.5696161	-0.9069061
chr17	64781999	0.0	2.769837	-2.769837	accessible_not_acetylated	0.1811161	-0.6946869	-0.37063694	-0.80765104
chr6	150600749	2.3025851	5.072102	-2.769517	accessible_not_acetylated	-1.3440707	-0.4817872	-0.7324562	-0.4332533
chr22	25111117	1.3862944	4.15551	-2.7692156	accessible_not_acetylated	-0.76541495	-0.16199923	-0.23440766	0.13029003
chr6	63384055	1.7917595	4.560919	-2.7691593	accessible_not_acetylated	-2.4896622	-0.48831224	-0.018312454	-0.15228987
chr20	1802512	1.7917595	4.559798	-2.7680383	accessible_not_acetylated	-0.5976851	-0.40466404	-0.246634	-0.490417
chr6	16764823	2.1972246	4.964786	-2.7675614	accessible_not_acetylated	-2.5403097	-0.49868488	-0.0659976	-0.46986103
chr12	63844159	2.5649493	5.3316245	-2.7666752	accessible_not_acetylated	-3.4933789	-1.1014214	-0.8371415	-0.52037144
chr10	61391004	1.3862944	4.150456	-2.7641616	accessible_not_acetylated	-1.6784594	0.13736773	0.20718288	0.28917742
chr8	37695733	1.0986123	3.8623862	-2.763774	accessible_not_acetylated	-1.4219632	-1.7138903	-1.4843938	-1.8110023
chr7	25855205	0.0	2.763702	-2.763702	accessible_not_acetylated	-0.27645564	0.40689373	-0.3006358	-0.20866847
chr8	80347009	0.0	2.7634864	-2.7634864	accessible_not_acetylated	-1.2049171	0.25621748	-0.122658014	-0.010591745
chr12	48183583	1.609438	4.3718657	-2.7624278	accessible_not_acetylated	-1.8392563	-0.3877225	-0.47125363	-1.1646829
chr6	137034064	0.6931472	3.4555657	-2.7624185	accessible_not_acetylated	-0.31637335	1.011123	0.168149	0.76619935
chr18	4386759	1.609438	4.3715563	-2.7621183	accessible_not_acetylated	-2.5291336	-0.04169655	0.010456085	0.06321001
chr6	53427003	2.5649493	5.326843	-2.7618935	accessible_not_acetylated	-2.4562528	0.4684968	0.24480152	0.8917661
chr10	67262780	0.0	2.7601087	-2.7601087	accessible_not_acetylated	-0.9341129	0.3722992	-0.12924242	0.27450085
chr6	30482237	0.0	2.7588284	-2.7588284	accessible_not_acetylated	-0.050072193	-0.36322808	-0.32562017	-0.70715165
chr7	136896755	0.6931472	3.4516225	-2.7584753	accessible_not_acetylated	-1.1588356	0.22113466	0.24610853	0.6563201
chr10	24716491	1.3862944	4.1446056	-2.7583113	accessible_not_acetylated	-1.2798591	-0.050372124	0.04157257	0.033620834
chr10	53069247	1.0986123	3.856668	-2.7580557	accessible_not_acetylated	-1.7723114	0.14913797	-0.057325125	0.16581678
chr17	33519979	0.0	2.7576647	-2.7576647	accessible_not_acetylated	-0.3868475	0.14208794	0.23382664	0.21868467
chr17	77867540	1.0986123	3.85608	-2.7574677	accessible_not_acetylated	-0.868176	0.23806953	-0.19633341	0.1592598
chr6	40232914	0.6931472	3.45038	-2.757233	accessible_not_acetylated	-0.1787293	0.043290615	0.2545085	0.51148486
chr10	86354986	0.6931472	3.4500742	-2.756927	accessible_not_acetylated	-0.8465426	-0.28194642	0.0015525818	-0.15441728
chr17	8631091	2.3978953	5.154805	-2.7569098	accessible_not_acetylated	-2.3687737	-1.8089857	-0.94242334	-1.2192154
chr21	43281167	0.0	2.7556853	-2.7556853	accessible_not_acetylated	-1.2201521	-1.0034201	-0.26749682	-0.66842246
chr22	46537388	0.6931472	3.44866	-2.7555127	accessible_not_acetylated	-2.1500173	-2.1225495	-1.5210792	-1.4072423
chr6	138984538	1.9459102	4.700861	-2.7549508	accessible_not_acetylated	-1.8497198	-0.38884068	0.50634575	0.19874811
chr10	18450450	1.0986123	3.853106	-2.7544937	accessible_not_acetylated	-1.4227252	0.08487725	-0.25495672	-0.3547287
chr18	50131762	0.6931472	3.447205	-2.754058	accessible_not_acetylated	-1.1361556	0.2116518	0.19264889	0.23700714
chr6	46501697	0.0	2.753453	-2.753453	accessible_not_acetylated	0.41936278	0.14680696	0.7037451	0.4629798
chr8	141306073	0.6931472	3.4460363	-2.7528892	accessible_not_acetylated	-0.92229986	-0.91867423	-0.31254745	-0.21287322
chr10	16189571	0.6931472	3.445941	-2.7527938	accessible_not_acetylated	-1.1784122	0.12122893	0.0018351078	0.09443283
chr10	18457129	1.0986123	3.8512378	-2.7526255	accessible_not_acetylated	-1.338084	0.5691967	0.027779818	0.18324661
chr10	44864184	0.6931472	3.4446716	-2.7515244	accessible_not_acetylated	-0.44886732	-0.44213223	-0.14747286	-0.15167618
chr7	151783001	1.0986123	3.8498883	-2.751276	accessible_not_acetylated	-1.528837	-0.57604027	-0.10442805	-0.20670772
chr17	74862392	0.0	2.7507172	-2.7507172	accessible_not_acetylated	-0.30536366	-0.71779346	-0.7105899	-0.54318714
chr10	19143301	0.0	2.7503686	-2.7503686	accessible_not_acetylated	-0.9256412	0.37636614	0.004805088	0.24260163
chr8	105000826	0.0	2.7502484	-2.7502484	accessible_not_acetylated	-0.6034131	0.34635043	0.03037715	0.005965233
chr7	39433790	0.6931472	3.442664	-2.7495167	accessible_not_acetylated	-1.4728602	0.03425622	-0.04485774	0.18261719
chr20	45346403	1.0986123	3.84804	-2.7494278	accessible_not_acetylated	-0.6584971	0.32125187	0.35913134	0.4078822
chr18	4354134	2.1972246	4.945646	-2.7484212	accessible_not_acetylated	-1.7899544	0.48329878	0.29026127	0.8855057
chr7	24572531	2.1972246	4.9452524	-2.7480278	accessible_not_acetylated	-1.7569017	-0.5403633	-0.13247108	-0.3178668
chr6	90730428	1.0986123	3.846104	-2.7474916	accessible_not_acetylated	-1.9610121	-0.17611337	-0.10487485	-0.1174624
chr6	49827147	1.3862944	4.1333456	-2.7470512	accessible_not_acetylated	-1.823209	0.20932579	-0.08449888	0.32360268
chr12	19894276	3.0445225	5.789864	-2.7453415	accessible_not_acetylated	-3.7638173	0.005340576	0.25887442	0.45756006
chr20	46014128	1.609438	4.3533864	-2.7439485	accessible_not_acetylated	-1.5045419	-1.0086114	-0.68731165	-1.0498943
chr10	29617737	0.0	2.7436774	-2.7436774	accessible_not_acetylated	-0.5305376	-0.363343	-0.13862538	-0.09020281
chr6	5086098	0.6931472	3.4358177	-2.7426705	accessible_not_acetylated	-1.3044167	-2.3332565	-1.714911	-1.9492885
chr6	4963067	0.0	2.7426538	-2.7426538	accessible_not_acetylated	-0.49726844	-0.20006871	-0.09944844	0.12347889
chr6	24360020	1.0986123	3.8408914	-2.742279	accessible_not_acetylated	-0.20796657	0.097750664	-0.30108643	0.31568623
chr7	28409222	1.9459102	4.68804	-2.7421296	accessible_not_acetylated	-0.51278496	-0.54370785	-0.31245613	-0.30200148
chr6	39362195	0.6931472	3.4348116	-2.7416644	accessible_not_acetylated	-0.8827667	-0.12350249	-0.15699601	0.2037332
chr18	4283978	1.3862944	4.127625	-2.7413306	accessible_not_acetylated	-1.7857373	0.07523394	-0.018843174	0.2062397
chr10	18414136	1.0986123	3.8393934	-2.740781	accessible_not_acetylated	-1.5591335	0.25042605	-0.039806604	-0.012587309
chr17	49968565	0.6931472	3.4338398	-2.7406926	accessible_not_acetylated	0.98557377	-0.9154656	-0.49056315	-0.61220837
chr20	11056580	1.0986123	3.839041	-2.7404287	accessible_not_acetylated	-1.2862875	0.6104295	0.11444473	0.24783778
chr6	158752785	0.0	2.7402442	-2.7402442	accessible_not_acetylated	-0.99416137	-0.68879294	-0.4186759	-0.51372886
chr10	34447866	1.0986123	3.8385782	-2.739966	accessible_not_acetylated	-1.9566444	-0.54323244	-0.30229783	-0.07326269
chr12	981446	0.6931472	3.4313889	-2.7382417	accessible_not_acetylated	-0.7321334	0.0054574013	0.34525967	0.4687462
chr12	48970097	1.3862944	4.123698	-2.7374039	accessible_not_acetylated	-1.5301783	-1.4460063	-0.64417386	-1.1614237
chr7	31696176	1.0986123	3.835877	-2.7372646	accessible_not_acetylated	-1.7430451	0.08995104	0.014518023	0.34301805
chr12	124685030	0.6931472	3.4303284	-2.7371812	accessible_not_acetylated	-0.2957008	0.84294987	0.4328959	0.79616165
chr8	22579108	1.0986123	3.8357322	-2.73712	accessible_not_acetylated	-2.8260536	-1.8665588	-1.8822289	-1.8631837
chr6	43855493	1.0986123	3.8352063	-2.736594	accessible_not_acetylated	-1.5176432	-0.7662418	-0.08411932	-0.13320494
chr17	49575962	0.6931472	3.4293585	-2.7362113	accessible_not_acetylated	-1.2697353	-2.2220879	-1.1166501	-1.9633688
chr17	18371642	1.609438	4.3451166	-2.7356787	accessible_not_acetylated	-0.77968955	0.64852524	0.4353366	0.8574629
chr10	130190333	1.0986123	3.833566	-2.7349536	accessible_not_acetylated	-2.0399222	-1.7176692	-1.5378411	-1.8282869
chr20	5911327	0.0	2.73375	-2.73375	accessible_not_acetylated	0.6334188	-0.9744735	-0.22663999	-0.38394403
chr17	81119663	0.6931472	3.4267197	-2.7335725	accessible_not_acetylated	0.6863408	-0.97807264	0.0864923	-0.3968222
chr6	28802766	0.0	2.7334428	-2.7334428	accessible_not_acetylated	0.17388678	-0.054073334	0.06110859	-0.09086275
chr17	16492191	0.0	2.7325768	-2.7325768	accessible_not_acetylated	-1.224111	-1.602051	-1.1005768	-1.1792455
chr6	138692189	2.0794415	4.8117394	-2.732298	accessible_not_acetylated	-1.6624796	-0.38731623	-0.8414426	-0.47670126
chr10	33776586	1.0986123	3.8298965	-2.7312841	accessible_not_acetylated	-1.2581258	0.74156713	0.06394863	0.59529257
chr10	84308994	1.3862944	4.117206	-2.7309117	accessible_not_acetylated	-2.1827	-0.025552273	0.12570095	0.19606161
chr18	7567315	0.6931472	3.4239428	-2.7307956	accessible_not_acetylated	-0.47429824	-1.5816057	-0.94628406	-1.6847382
chr17	63832678	0.0	2.7307887	-2.7307887	accessible_not_acetylated	-0.72003174	-0.413136	-0.52655077	-0.34885836
chr18	51266974	1.0986123	3.8289776	-2.7303653	accessible_not_acetylated	-1.6077971	-0.23054266	-0.18332195	0.16931415
chr6	51892925	0.0	2.730295	-2.730295	accessible_not_acetylated	-0.0063228607	-0.15540195	0.07338619	0.123995304
chr12	91008078	0.6931472	3.4233851	-2.730238	accessible_not_acetylated	-1.226531	0.1333909	0.094197035	0.45295715
chr8	106060503	0.6931472	3.423258	-2.730111	accessible_not_acetylated	0.2317872	1.0356634	0.8107488	0.9671924
chr8	74321361	0.0	2.7296193	-2.7296193	accessible_not_acetylated	-0.08943272	-1.3332019	-0.75624835	-1.0544417
chr21	31354788	1.0986123	3.827756	-2.7291436	accessible_not_acetylated	0.25530243	0.90364075	0.4114294	0.9395108
chr8	130036935	1.0986123	3.8271961	-2.7285838	accessible_not_acetylated	-1.6584044	0.93683815	-0.18099427	0.2433238
chr21	38245053	2.7080503	5.436407	-2.7283568	accessible_not_acetylated	-2.6235373	0.42140913	0.21733284	0.5835781
chr8	140509305	2.3025851	5.030798	-2.7282128	accessible_not_acetylated	-2.5237665	-0.3996749	-0.29198027	-0.19761753
chr20	6632437	0.0	2.7281735	-2.7281735	accessible_not_acetylated	-0.33520007	0.28196764	0.34470487	0.3168187
chr10	128373460	0.0	2.727548	-2.727548	accessible_not_acetylated	-1.2727864	-0.23539042	-0.33684874	-0.12855291
chr6	53441264	2.0794415	4.8069606	-2.727519	accessible_not_acetylated	-1.9150674	0.43142653	0.17689037	0.29161835
chr12	79686279	2.6390574	5.36651	-2.7274525	accessible_not_acetylated	-2.4447412	-0.35048676	0.09334326	-0.31134272
chr12	79682919	2.5649493	5.2918124	-2.7268631	accessible_not_acetylated	-2.6994703	-0.6085768	0.31626987	-0.49108553
chr17	82316006	0.0	2.7267728	-2.7267728	accessible_not_acetylated	-0.41072965	-1.1828753	-0.8533765	-0.7989404
chr17	75588199	1.609438	4.335492	-2.7260542	accessible_not_acetylated	-1.2651641	-1.4192419	-1.0031376	-1.171135
chr6	41780761	1.7917595	4.517808	-2.7260485	accessible_not_acetylated	-0.46564388	-0.43610954	-0.6681247	-0.72318697
chr7	157011054	2.4849067	5.2102923	-2.7253857	accessible_not_acetylated	-2.0633616	-0.63026047	-0.97231245	-0.6438079
chr17	72122841	2.3978953	5.122262	-2.7243667	accessible_not_acetylated	-1.1884911	-0.65769196	-0.6414299	-0.5344491
chr7	97272378	1.3862944	4.1104894	-2.724195	accessible_not_acetylated	-1.6823664	0.24393606	0.118729115	0.22273207
chr7	151245593	0.6931472	3.4171052	-2.723958	accessible_not_acetylated	-1.6072676	-1.0460348	-1.1187634	-1.552556
chr10	62433344	0.0	2.7239375	-2.7239375	accessible_not_acetylated	2.125021	1.3536181	0.7022476	1.3263311
chr17	39573922	1.0986123	3.8210893	-2.722477	accessible_not_acetylated	0.056759357	-1.0517621	-0.26208448	-0.54235506
chr20	63653476	0.0	2.7222826	-2.7222826	accessible_not_acetylated	-0.1663003	-1.0961783	-1.1988676	-1.0335684
chr7	2688201	2.0794415	4.801716	-2.7222743	accessible_not_acetylated	-2.6137395	-0.7715244	-0.9874921	-0.7944789
chr7	101126311	2.1972246	4.9193687	-2.7221441	accessible_not_acetylated	-2.0454123	0.105831146	-0.0243783	0.4577198
chr7	156919060	2.5649493	5.2864537	-2.7215044	accessible_not_acetylated	-3.0396109	0.4404626	0.12507915	0.15706444
chr10	43105197	1.3862944	4.1068974	-2.720603	accessible_not_acetylated	-1.432318	-0.584162	-0.93119764	-0.8238137
chr8	143136264	0.0	2.7201989	-2.7201989	accessible_not_acetylated	-0.9287466	-0.69678926	-0.6241009	-0.47175193
chr7	129825484	2.3025851	5.0208516	-2.7182665	accessible_not_acetylated	-2.5839777	-0.6534343	-0.8700738	-0.70121
chr7	128409961	2.0794415	4.7977	-2.7182584	accessible_not_acetylated	-1.1472492	-0.6310487	-0.8215153	-0.7840471
chr20	4759358	0.0	2.7175574	-2.7175574	accessible_not_acetylated	-0.026890993	-0.2022171	-0.36310077	0.21120167
chr10	33743727	1.609438	4.3269663	-2.7175283	accessible_not_acetylated	-2.082507	-0.07540321	-0.11987257	-0.14037418
chr7	138396536	2.0794415	4.796568	-2.7171264	accessible_not_acetylated	-2.0357335	-0.032488823	-0.044332504	0.23798943
chr20	41783690	0.0	2.7170258	-2.7170258	accessible_not_acetylated	0.37338114	0.34531212	0.18014503	0.15626717
chr8	106095205	1.0986123	3.815002	-2.7163897	accessible_not_acetylated	-1.4632819	-0.20419669	0.0530169	-0.11776757
chr7	43112435	1.3862944	4.102584	-2.7162895	accessible_not_acetylated	-0.7878542	-0.8294525	-0.4495368	-0.94789934
chr12	16833547	1.9459102	4.660105	-2.714195	accessible_not_acetylated	-2.5888367	0.57851315	0.24040174	0.39575815
chr7	101289935	1.0986123	3.812537	-2.7139246	accessible_not_acetylated	-1.7072961	-0.6622541	-0.23409486	-0.33375263
chr17	35404557	0.6931472	3.4069037	-2.7137566	accessible_not_acetylated	-0.9321432	0.2931881	0.1426518	0.56726646
chr10	73909203	2.5649493	5.2780867	-2.7131374	accessible_not_acetylated	-2.1718485	0.3949299	0.13689041	0.5474739
chr17	42423310	0.0	2.7104363	-2.7104363	accessible_not_acetylated	1.0721426	-1.2999399	-0.715248	-1.2557081
chr22	21015174	0.0	2.709068	-2.709068	accessible_not_acetylated	1.3812864	-0.4998665	-0.12779593	-0.2692039
chr17	40679091	1.0986123	3.8071232	-2.7085109	accessible_not_acetylated	-0.59394	0.1297946	0.379426	0.31165028
chr8	97775655	0.6931472	3.3988261	-2.705679	accessible_not_acetylated	0.45954394	-1.0381305	-0.20654011	-1.003305
chr12	49345334	1.0986123	3.8036284	-2.7050161	accessible_not_acetylated	-0.16541171	-1.5315323	-1.0072322	-0.8450303
chr7	89030185	0.0	2.704435	-2.704435	accessible_not_acetylated	-0.34828138	0.9823315	0.3680551	0.605155
chr20	6576061	2.3025851	5.0065994	-2.7040143	accessible_not_acetylated	-2.2163124	0.6551051	0.40941143	0.38726425
chr6	138456180	2.7080503	5.4118543	-2.703804	accessible_not_acetylated	-2.2126384	0.23263407	0.08287954	0.12534237
chr7	114758765	1.3862944	4.0898128	-2.7035184	accessible_not_acetylated	-2.312885	0.09231615	0.014192104	0.32918692
chr18	4157755	0.6931472	3.3960865	-2.7029393	accessible_not_acetylated	-1.4059142	0.37455702	0.32457232	0.5862534
chr8	143903500	0.0	2.702239	-2.702239	accessible_not_acetylated	0.05542636	-0.23453283	-0.30262136	-0.29704952
chr7	39392437	0.0	2.7006829	-2.7006829	accessible_not_acetylated	0.06253958	0.5618627	0.09489703	0.23036146
chr7	36279381	1.609438	4.3100767	-2.7006388	accessible_not_acetylated	-1.9491181	-0.5582614	0.057013035	-0.3996923
chr7	117323289	0.6931472	3.3932295	-2.7000823	accessible_not_acetylated	0.09003973	-1.0294256	-0.45155644	-1.0217261
chr7	54596928	0.0	2.6998398	-2.6998398	accessible_not_acetylated	-0.50963163	0.006287813	0.10666275	0.27250433
chr12	38386657	1.3862944	4.0858655	-2.6995711	accessible_not_acetylated	-1.5071096	0.2586136	0.21552515	0.3998108
chr6	75484780	1.0986123	3.7978084	-2.699196	accessible_not_acetylated	-1.4533834	-0.19457245	-0.18521714	-0.23959541
chr8	30050438	0.6931472	3.3920743	-2.6989272	accessible_not_acetylated	-1.3235486	0.6178248	0.16905856	0.42756462
chr6	83702293	0.0	2.6985133	-2.6985133	accessible_not_acetylated	-0.41110182	0.35157967	0.003519535	0.33319116
chr7	69381366	0.0	2.6978884	-2.6978884	accessible_not_acetylated	0.16048813	-0.08853531	0.66316724	0.95386076
chr17	74736958	2.1972246	4.894935	-2.6977105	accessible_not_acetylated	-2.3513355	-0.636991	-0.95737624	-0.5650096
chr10	101032447	1.9459102	4.643478	-2.6975677	accessible_not_acetylated	-1.2850175	0.04198885	-0.353127	-0.48366165
chr7	1412962	0.0	2.6968012	-2.6968012	accessible_not_acetylated	0.1189692	-1.112608	-0.5466509	-0.80171776
chr10	86047101	1.0986123	3.7951593	-2.696547	accessible_not_acetylated	-1.227216	0.14843488	0.058590412	0.030641079
chr12	112548294	0.6931472	3.3887205	-2.6955733	accessible_not_acetylated	-1.6475683	-0.33926058	-0.25251627	-0.24228716
chr8	28402087	2.944439	5.6394863	-2.6950474	accessible_not_acetylated	-2.4184525	-1.4324379	-0.9095111	-0.7600355
chr6	159169396	0.0	2.6937563	-2.6937563	accessible_not_acetylated	0.5158608	-1.4942175	-0.8550726	-1.4521002
chr12	85424985	2.3025851	4.9940095	-2.6914244	accessible_not_acetylated	-2.9213905	-0.46128988	-0.28991175	-0.5453825
chr12	52213657	0.0	2.691222	-2.691222	accessible_not_acetylated	-0.43921518	-0.1931777	-0.45151258	-0.5249231
chr7	5144088	2.3978953	5.0889835	-2.6910882	accessible_not_acetylated	-2.4167566	-0.5932498	-0.38089895	-0.5740223
chr12	132561344	1.9459102	4.6364355	-2.6905253	accessible_not_acetylated	-2.1462684	-0.5618744	-1.0987034	-0.947664
chr6	17987623	1.0986123	3.7877262	-2.6891139	accessible_not_acetylated	-0.9002452	-0.820981	-0.7483375	-0.45417476
chr17	57940421	2.5649493	5.253643	-2.6886938	accessible_not_acetylated	-2.233768	0.4366498	0.020501137	0.102443695
chr10	132547046	0.6931472	3.3817434	-2.6885962	accessible_not_acetylated	-0.8716235	-0.6617558	-0.5685594	-0.67183256
chr6	132819898	0.6931472	3.3816664	-2.6885192	accessible_not_acetylated	-0.7558279	0.55433106	0.16338873	0.22198844
chr10	58967706	0.0	2.6883202	-2.6883202	accessible_not_acetylated	0.21611595	-0.23720074	0.00068354607	-0.18383622
chr18	2847008	1.609438	4.297171	-2.6877332	accessible_not_acetylated	-1.8141587	-0.9874878	-0.38268065	-0.98918366
chr8	64569095	1.609438	4.295995	-2.6865573	accessible_not_acetylated	-2.3428218	0.40133333	0.027943134	0.4424324
chr10	29643283	0.6931472	3.3792603	-2.686113	accessible_not_acetylated	-1.2625158	0.23846889	0.12055516	0.038858414
chr17	9021392	1.9459102	4.631795	-2.6858847	accessible_not_acetylated	-1.8103902	-1.4083686	-0.9105084	-1.2728133
chr6	151722557	1.0986123	3.7844343	-2.685822	accessible_not_acetylated	-1.3420663	0.2728696	0.18144512	0.21920347
chr6	70270644	1.0986123	3.78409	-2.6854777	accessible_not_acetylated	-1.2271352	0.3093586	0.036888123	0.34025526
chr8	30912366	1.0986123	3.7838738	-2.6852615	accessible_not_acetylated	-0.970587	-1.823406	-1.1811795	-1.3463211
chr10	87659718	0.0	2.6849782	-2.6849782	accessible_not_acetylated	0.07643318	-1.3285182	-0.93994737	-1.3951241
chr12	53482158	1.0986123	3.7833762	-2.684764	accessible_not_acetylated	-1.3921819	0.024699688	0.034965754	0.19653869
chr6	99334734	1.3862944	4.0706306	-2.6843362	accessible_not_acetylated	-1.8565848	-1.0310097	-0.19893456	-0.44541836
chr12	1278069	0.6931472	3.3773737	-2.6842265	accessible_not_acetylated	-0.8622694	0.78208494	0.119766474	0.79671717
chr12	7638859	0.6931472	3.3770533	-2.683906	accessible_not_acetylated	-0.6368911	-0.34513664	0.09190059	-0.49111223
chr18	37434362	1.609438	4.2929173	-2.6834793	accessible_not_acetylated	-1.5875325	0.16416883	-0.1971693	0.09312105
chr20	6940202	0.6931472	3.376188	-2.6830409	accessible_not_acetylated	-1.5921726	-0.38404465	-0.15164018	-0.18759346
chr10	75764428	0.6931472	3.376023	-2.6828759	accessible_not_acetylated	-0.8993287	0.44401646	0.17680001	0.15509653
chr17	41812240	2.0794415	4.7621784	-2.6827369	accessible_not_acetylated	-1.6291251	-1.0925779	-0.8116858	-0.66250753
chr6	89118081	0.0	2.682553	-2.682553	accessible_not_acetylated	0.7322149	-1.410881	-1.0985184	-1.1064587
chr6	43275484	1.3862944	4.0668063	-2.680512	accessible_not_acetylated	-0.76148057	-1.4451919	-1.0950966	-1.0047545
chr8	110038384	0.0	2.680153	-2.680153	accessible_not_acetylated	-0.745487	0.0479815	-0.023617744	-0.044745922
chr10	56481834	1.0986123	3.7785137	-2.6799014	accessible_not_acetylated	-2.6054847	0.46949983	-0.0012733936	0.19688916
chr10	80143895	0.6931472	3.3728552	-2.679708	accessible_not_acetylated	-1.1781974	-0.79956484	-0.6960981	-0.79673743
chr8	67376357	0.6931472	3.3725262	-2.679379	accessible_not_acetylated	-0.51875114	0.17101741	0.061585188	0.17161202
chr17	50270280	0.0	2.6782053	-2.6782053	accessible_not_acetylated	-0.1753335	0.3117535	-0.25986218	0.43739676
chr18	4231476	1.3862944	4.0632477	-2.6769533	accessible_not_acetylated	-2.342533	0.21893644	-0.14938855	0.23993301
chr7	20798289	1.0986123	3.7745261	-2.6759138	accessible_not_acetylated	-1.4374189	-0.92839336	-0.8763256	-0.91558146
chr21	23452858	0.0	2.675352	-2.675352	accessible_not_acetylated	0.10530162	-0.17171621	-0.1653974	0.1509738
chr6	122872477	1.0986123	3.7738829	-2.6752706	accessible_not_acetylated	-1.6451864	0.16969919	0.14606833	0.4448166
chr20	31870115	1.0986123	3.773713	-2.6751008	accessible_not_acetylated	-0.48716664	-0.32370973	-0.7236457	-0.38533497
chr20	45348131	1.609438	4.2843657	-2.6749277	accessible_not_acetylated	-1.1512964	-0.6843715	-0.32017446	-0.437603
chr7	100604163	2.0794415	4.7535906	-2.674149	accessible_not_acetylated	-1.5902672	-0.86485195	-0.5821037	-0.6036544
chr8	38721524	0.6931472	3.3671012	-2.673954	accessible_not_acetylated	-0.56814265	-0.2875235	0.20790148	0.05113864
chr21	23968829	0.6931472	3.3663814	-2.6732342	accessible_not_acetylated	-0.7004173	0.8277824	0.16835093	0.367054
chr12	93570305	2.8332133	5.5057583	-2.672545	accessible_not_acetylated	-1.7576065	-0.03149128	-0.5915723	-0.22825146
chr10	64731989	0.6931472	3.3656762	-2.672529	accessible_not_acetylated	-0.03556013	0.16636252	0.024928808	0.15660167
chr18	4433626	1.7917595	4.464192	-2.6724324	accessible_not_acetylated	-2.191626	0.06183386	0.053405285	0.040450096
chr10	73653980	0.0	2.671687	-2.671687	accessible_not_acetylated	-0.06725979	0.12352848	-0.029615402	-0.24819112
chr17	77881864	2.8332133	5.5042825	-2.6710691	accessible_not_acetylated	-2.3491294	-0.2985444	-0.08480501	-0.6302457
chr18	58045669	2.0794415	4.7503595	-2.670918	accessible_not_acetylated	-1.77419	-0.14064789	-0.007422447	0.1751895
chr8	113545370	1.9459102	4.616815	-2.6709049	accessible_not_acetylated	-1.662971	0.26010847	0.24210644	0.84551907
chr8	30016256	0.0	2.6704967	-2.6704967	accessible_not_acetylated	-0.13260984	-0.37839437	-0.26294804	-0.06405735
chr12	69053187	0.0	2.6704674	-2.6704674	accessible_not_acetylated	-0.68164885	0.15048599	0.18232894	0.23259807
chr6	159897815	0.0	2.6697347	-2.6697347	accessible_not_acetylated	0.5074668	-0.5700712	-0.049554348	-0.094652176
chr17	44007057	2.5649493	5.233403	-2.668454	accessible_not_acetylated	-2.281517	-0.7266083	-0.8160348	-0.73833275
chr8	120868957	0.6931472	3.3605862	-2.667439	accessible_not_acetylated	-0.28584433	0.29644823	0.12714791	0.29972672
chr6	138007269	0.6931472	3.3598335	-2.6666863	accessible_not_acetylated	-0.20742822	-0.2636342	0.35325384	0.38442492
chr18	4084746	0.0	2.6665595	-2.6665595	accessible_not_acetylated	-0.058629036	0.18145657	0.11925626	0.05561781
chr10	125691288	0.6931472	3.3589458	-2.6657987	accessible_not_acetylated	-0.27580023	0.25526166	0.64437723	0.36241436
chr8	22164995	1.7917595	4.4560094	-2.66425	accessible_not_acetylated	-1.3054547	-0.8939991	-0.97579336	-0.90621924
chr6	138161915	0.0	2.664224	-2.664224	accessible_not_acetylated	-0.1564486	-1.6757213	-1.1722214	-1.5112809
chr12	55881044	0.0	2.6619859	-2.6619859	accessible_not_acetylated	-0.3727286	0.11286545	-0.20884848	-0.11903596
chr7	117468665	0.6931472	3.355002	-2.6618547	accessible_not_acetylated	-0.34670734	0.24409628	0.002297163	0.1213963
chr7	12322470	0.0	2.6616843	-2.6616843	accessible_not_acetylated	-0.41278458	-0.092125654	-0.16968489	0.011981249
chr20	63554787	2.3025851	4.963645	-2.6610599	accessible_not_acetylated	-2.5393176	-0.27357006	-0.7434497	-0.23945665
chr12	12704143	2.3978953	5.0587735	-2.6608782	accessible_not_acetylated	-2.7204347	-0.1279974	0.04197693	0.122618675
chr7	27083834	0.6931472	3.3537555	-2.6606083	accessible_not_acetylated	-1.2273409	-0.033932686	0.020515442	0.03402114
chr10	132308048	1.0986123	3.7592106	-2.6605983	accessible_not_acetylated	-0.9374485	-2.174313	-1.02708	-1.9611442
chr10	1499216	0.6931472	3.353662	-2.6605148	accessible_not_acetylated	0.36948323	1.3067422	1.7652745	0.779253
chr17	4565757	1.3862944	4.0463557	-2.6600614	accessible_not_acetylated	-1.3742621	0.027301311	0.17064762	0.20395803
chr8	68022308	0.6931472	3.3529882	-2.659841	accessible_not_acetylated	-1.2785163	-0.6661813	-0.16016006	0.011837482
chr8	72949348	1.0986123	3.7579937	-2.6593814	accessible_not_acetylated	-1.9225425	0.088535786	-0.035737514	-0.50629926
chr10	6406652	0.0	2.6583338	-2.6583338	accessible_not_acetylated	-0.9186555	-0.2369585	-0.2028501	-0.14605665
chr17	33520586	0.0	2.6572833	-2.6572833	accessible_not_acetylated	-0.33708572	0.0427351	-0.058638096	-0.06050968
chr7	96075597	0.0	2.657151	-2.657151	accessible_not_acetylated	-0.3699348	-0.42349887	-0.35273266	-0.6654029
chr22	28921074	2.5649493	5.2209635	-2.6560142	accessible_not_acetylated	-2.125857	0.46052408	-0.013193607	0.25135517
chr12	15776399	0.6931472	3.3487248	-2.6555777	accessible_not_acetylated	-0.39084363	-0.0044169426	0.10373402	0.10604191
chr12	65657120	0.0	2.6552403	-2.6552403	accessible_not_acetylated	-1.0360254	1.0191233	0.14826894	0.34482408
chr18	4205206	0.6931472	3.3475928	-2.6544456	accessible_not_acetylated	-0.4419291	0.12829423	0.051234484	0.043220997
chr12	53048948	0.0	2.6542377	-2.6542377	accessible_not_acetylated	0.20218778	-0.3445909	-0.38415003	-0.40383697
chr7	12403919	0.6931472	3.3470213	-2.6538742	accessible_not_acetylated	0.124032974	-0.8353307	-0.1657083	-0.36945462
chr10	90806893	0.0	2.653222	-2.653222	accessible_not_acetylated	-0.46525645	-0.46844816	-0.11854935	-0.13338375
chr10	100847710	0.0	2.6529357	-2.6529357	accessible_not_acetylated	-0.35236907	0.2921846	0.6529453	0.30905294
chr17	83081324	1.3862944	4.0382323	-2.651938	accessible_not_acetylated	-1.0980263	-1.1866097	-1.1218696	-1.207742
chr17	40063075	1.3862944	4.035949	-2.6496549	accessible_not_acetylated	-2.2465372	-0.9895921	-0.96827316	-0.4450817
chr7	69597881	1.7917595	4.439842	-2.6480827	accessible_not_acetylated	-2.2882159	-0.525352	-0.86664915	-0.8261471
chr12	6821796	0.0	2.647791	-2.647791	accessible_not_acetylated	-0.42901826	-0.79126453	-0.50732446	-0.59998035
chr20	48488899	2.3025851	4.950196	-2.6476107	accessible_not_acetylated	-2.114831	-0.28007317	-0.68502855	-0.32953405
chr20	6635594	0.6931472	3.3405325	-2.6473854	accessible_not_acetylated	-0.9971585	0.17527962	0.101365805	0.41594815
chr18	32470694	1.0986123	3.7449822	-2.64637	accessible_not_acetylated	-1.3424697	-1.160306	-0.9685831	-1.2611959
chr12	122865891	1.3862944	4.032488	-2.6461935	accessible_not_acetylated	-0.84664416	-0.8068576	-0.699234	-0.653013
chr8	118107399	1.0986123	3.7442245	-2.6456122	accessible_not_acetylated	0.076668024	1.0422993	0.731956	0.69254446
chr12	53696457	0.0	2.6436934	-2.6436934	accessible_not_acetylated	0.44877362	0.021057606	0.08458495	-0.033973694
chr6	28790868	0.0	2.6436267	-2.6436267	accessible_not_acetylated	0.36177564	-0.028577328	0.07145524	0.18392086
chr18	596823	0.0	2.6430676	-2.6430676	accessible_not_acetylated	0.938715	-1.185868	-0.47854447	-0.9258144
chr12	15701764	2.3025851	4.944691	-2.642106	accessible_not_acetylated	-2.564819	0.50789547	0.35326672	-0.0055150986
chr18	11689153	0.0	2.641807	-2.641807	accessible_not_acetylated	0.7958889	-0.99970007	-0.37295985	-1.225438
chr8	126111846	1.9459102	4.587716	-2.641806	accessible_not_acetylated	-2.401702	0.23337841	0.18519878	0.15980959
chr17	76385952	1.609438	4.25103	-2.641592	accessible_not_acetylated	-2.2000499	-1.5437493	-0.6737733	-1.0516925
chr17	76384054	2.7725887	5.4127536	-2.6401649	accessible_not_acetylated	-2.0518532	-0.8117542	-0.55858326	-0.5685029
chr12	53099567	0.6931472	3.333181	-2.6400337	accessible_not_acetylated	-0.87164664	-0.005084038	-0.41396284	0.41254473
chr12	98318602	2.3978953	5.0376964	-2.639801	accessible_not_acetylated	-3.1588535	-0.025887966	-0.06915331	-0.38366938
chr10	8053755	1.9459102	4.5853133	-2.639403	accessible_not_acetylated	-0.8178885	-0.47066832	-0.42878675	-0.33013916
chr21	31299103	2.3025851	4.941556	-2.6389709	accessible_not_acetylated	-2.2612596	-0.19862604	0.14532137	0.362226
chr22	36028970	0.6931472	3.3316948	-2.6385477	accessible_not_acetylated	0.55797267	-1.1895826	-0.7235329	-0.9038193
chr18	44797088	2.1972246	4.8353696	-2.638145	accessible_not_acetylated	-2.32597	0.26071215	0.13791466	0.30970907
chr10	25062647	0.0	2.6379225	-2.6379225	accessible_not_acetylated	1.0692947	-0.17275834	0.39003205	0.038134575
chr18	57083699	2.6390574	5.276556	-2.6374986	accessible_not_acetylated	-2.8730989	-0.43853474	0.20197916	0.44354153
chr17	28251601	1.0986123	3.7350855	-2.6364732	accessible_not_acetylated	-0.9013083	-0.8170948	-0.28514385	-0.34804177
chr6	4156057	0.0	2.6363585	-2.6363585	accessible_not_acetylated	0.15662384	0.140589	-0.19833708	0.29157615
chr17	70405724	1.7917595	4.4278965	-2.636137	accessible_not_acetylated	-1.4857118	0.6396022	0.6642809	0.6737633
chr21	16419202	0.0	2.6358604	-2.6358604	accessible_not_acetylated	0.102524996	-0.18353319	-0.051951647	-0.11450076
chr10	34815362	1.0986123	3.7340455	-2.6354332	accessible_not_acetylated	-1.51426	-0.7129266	-1.145154	-1.1424229
chr7	142535248	0.0	2.6353946	-2.6353946	accessible_not_acetylated	-0.03634262	0.38198042	0.02057457	0.6118994
chr17	66371194	0.0	2.6347566	-2.6347566	accessible_not_acetylated	0.42969108	0.24994755	0.027880669	-0.013968945
chr22	44192501	1.0986123	3.7327232	-2.634111	accessible_not_acetylated	-1.3468866	-1.1233654	-0.7941108	-0.8040166
chr8	106082944	1.3862944	4.019478	-2.6331835	accessible_not_acetylated	-1.2425246	0.543098	0.30496025	0.2966032
chr8	79832042	0.6931472	3.326239	-2.633092	accessible_not_acetylated	-0.71963215	0.097929716	0.03480363	0.2464819
chr6	157879939	0.6931472	3.3257418	-2.6325946	accessible_not_acetylated	-1.110748	-0.31047583	-0.054835796	-0.2912867
chr12	43816326	0.0	2.6320055	-2.6320055	accessible_not_acetylated	0.20132995	0.48730922	0.3392532	0.5943599
chr18	4435279	1.7917595	4.422812	-2.6310525	accessible_not_acetylated	-1.4886248	-0.21984625	0.139647	0.09141159
chr7	102616758	2.0794415	4.7103634	-2.6309218	accessible_not_acetylated	-2.061462	-0.54589653	-0.63795376	-0.54426575
chr12	48818452	1.7917595	4.4217124	-2.629953	accessible_not_acetylated	-1.7904236	-1.199327	-1.1264133	-0.7946427
chr17	42184089	2.8332133	5.462495	-2.6292815	accessible_not_acetylated	-3.0262294	-0.96431494	-0.6024318	-0.54781294
chr7	108095410	0.6931472	3.322335	-2.6291878	accessible_not_acetylated	-1.320502	0.062459707	0.06812692	-0.17644024
chr18	42188148	2.8332133	5.462135	-2.6289215	accessible_not_acetylated	-3.3851657	-0.100103855	-0.13408947	0.27573156
chr12	57851173	0.0	2.628759	-2.628759	accessible_not_acetylated	-0.28090692	-0.09480667	-0.046544313	-0.07778883
chr7	117323890	0.6931472	3.321702	-2.6285548	accessible_not_acetylated	0.73576784	-0.5791297	-0.3107972	-0.66557884
chr17	37761269	1.3862944	4.014838	-2.6285439	accessible_not_acetylated	-1.9361339	0.23848438	-0.15452719	0.62571573
chr12	93571319	2.7725887	5.401044	-2.6284552	accessible_not_acetylated	-1.3930187	-0.46256733	-0.92489624	-0.6959481
chr12	132477319	0.6931472	3.3214102	-2.628263	accessible_not_acetylated	-1.0336466	-1.1435537	-0.9745555	-1.110913
chr18	41010348	1.9459102	4.57311	-2.6272	accessible_not_acetylated	-2.9625092	-0.21023273	-0.17990828	-0.36933804
chr6	2186719	0.0	2.6270025	-2.6270025	accessible_not_acetylated	-0.3815093	0.049796104	-0.08050513	0.14907765
chr21	43703387	0.0	2.626926	-2.626926	accessible_not_acetylated	0.68943167	-0.46234512	-0.18690085	-0.23649693
chr7	81791991	0.6931472	3.3198826	-2.6267354	accessible_not_acetylated	-1.0753686	0.17717957	-0.04692006	-0.12118578
chr8	12872811	1.3862944	4.011331	-2.6250367	accessible_not_acetylated	-1.6049488	0.117943764	-0.039296627	0.20807552
chr8	41797757	1.0986123	3.7235992	-2.624987	accessible_not_acetylated	-0.3481853	-1.1674571	-0.75483084	-0.98135686
chr7	151008958	1.9459102	4.5705957	-2.6246855	accessible_not_acetylated	-2.0444	-0.9714794	-0.7885382	-0.8992481
chr12	132189753	1.609438	4.2338533	-2.6244154	accessible_not_acetylated	-1.0612361	-1.8916764	-1.0373349	-1.4349144
chr12	53989332	0.6931472	3.317299	-2.6241517	accessible_not_acetylated	-0.691946	-0.06346035	-0.062164545	0.31194067
chr20	35601476	1.609438	4.233082	-2.6236439	accessible_not_acetylated	-1.1793413	-1.8489969	-1.1359394	-1.6896791
chr6	154684317	1.3862944	4.0094047	-2.6231103	accessible_not_acetylated	-1.3039668	0.14156151	-0.04689026	0.72080946
chr12	9814332	0.0	2.6229787	-2.6229787	accessible_not_acetylated	-0.6145928	-0.106273174	-0.7944541	-0.60768867
chr8	136452441	0.0	2.6228716	-2.6228716	accessible_not_acetylated	-0.22270036	0.00760746	-0.05188942	0.026147842
chr12	48996940	2.0794415	4.7021	-2.6226583	accessible_not_acetylated	-2.1912966	0.11408615	-0.3132167	0.16672802
chr10	117478448	0.0	2.6222107	-2.6222107	accessible_not_acetylated	-0.10121536	-0.04742694	0.3118708	0.4174006
chr8	143408060	0.6931472	3.3150332	-2.621886	accessible_not_acetylated	0.6139822	-1.3329408	-0.95801616	-1.0101836
chr18	44637652	1.3862944	4.0075355	-2.621241	accessible_not_acetylated	-1.8060851	0.4109168	0.20308065	0.7114811
chr7	122627991	0.6931472	3.3134594	-2.6203122	accessible_not_acetylated	-1.7993802	-0.0047130585	0.00758934	0.2765417
chr6	53483918	1.3862944	4.005841	-2.6195464	accessible_not_acetylated	-0.8780525	0.45219517	-0.004798889	0.24686766
chr18	4328785	0.6931472	3.3124394	-2.6192923	accessible_not_acetylated	-1.884811	-0.12547326	-0.026327372	0.030457973
chr10	11874992	0.0	2.6191487	-2.6191487	accessible_not_acetylated	1.1436157	-0.26930737	-0.31369638	-0.02432847
chr17	37743645	2.7080503	5.327167	-2.6191168	accessible_not_acetylated	-2.1699712	0.07964182	-0.5770345	-0.08407259
chr17	82414687	0.0	2.6188745	-2.6188745	accessible_not_acetylated	0.0659523	-0.32947206	-0.28442502	0.28048182
chr6	138577506	1.0986123	3.7173645	-2.6187522	accessible_not_acetylated	-1.3614628	0.1551547	0.12917209	0.32868552
chr17	4901063	0.6931472	3.311849	-2.618702	accessible_not_acetylated	2.2315764	-0.9733591	0.07970929	-0.87986827
chr22	18023922	1.9459102	4.564361	-2.6184509	accessible_not_acetylated	-2.8243253	-0.7833457	-0.85313916	-0.5751996
chr20	3745157	1.0986123	3.7165291	-2.6179168	accessible_not_acetylated	-0.14355421	-0.24414968	-0.4642949	-0.46900916
chr18	36493845	2.0794415	4.6972938	-2.6178522	accessible_not_acetylated	-1.9476614	1.4010835	0.42368078	0.6171789
chr10	133336990	0.0	2.6177275	-2.6177275	accessible_not_acetylated	0.527936	-1.0163193	-0.18707013	-0.8384534
chr10	71964813	1.3862944	4.0037947	-2.6175003	accessible_not_acetylated	-1.6967852	-1.4622772	-1.0132582	-1.6498618
chr12	54217148	2.6390574	5.2558236	-2.6167662	accessible_not_acetylated	-1.9432731	0.2624998	0.18886662	0.486897
chr7	26180007	0.6931472	3.3097203	-2.616573	accessible_not_acetylated	-0.30570102	0.54487777	-0.08572936	0.32104683
chr18	1370768	0.0	2.6165328	-2.6165328	accessible_not_acetylated	-0.27373672	0.20108533	0.07670808	-0.05717659
chr10	24929318	2.3978953	5.0135202	-2.615625	accessible_not_acetylated	-2.634574	-0.18150806	-0.0003027916	0.14445925
chr7	139483725	0.6931472	3.3086164	-2.6154692	accessible_not_acetylated	-0.5720668	-2.0313463	-1.1067617	-1.5299829
chr10	95561455	1.0986123	3.7137554	-2.615143	accessible_not_acetylated	-0.17401123	-1.1779652	-0.58780265	-1.2553346
chr8	104677883	0.6931472	3.3082874	-2.6151402	accessible_not_acetylated	-1.070272	0.30972838	0.13979936	0.03221941
chr18	27240487	1.0986123	3.712962	-2.6143496	accessible_not_acetylated	-0.76265883	0.1661408	0.05730748	-0.024532557
chr7	84194901	1.0986123	3.7125266	-2.6139143	accessible_not_acetylated	-0.58788323	0.055668116	-0.22852683	-0.12038541
chr7	100895207	1.609438	4.222881	-2.613443	accessible_not_acetylated	-1.385941	-1.5437546	-1.292454	-1.5621009
chr17	60143072	0.6931472	3.305869	-2.612722	accessible_not_acetylated	-0.69670296	-0.37729406	-0.09262943	-0.2135942
chr17	7445286	0.6931472	3.3053532	-2.612206	accessible_not_acetylated	-0.38549328	-1.3438783	-0.53465295	-0.75072885
chr10	34434474	0.0	2.6117744	-2.6117744	accessible_not_acetylated	0.333601	0.27395082	0.4544525	0.28314757
chr6	53481544	1.609438	4.2201467	-2.6107087	accessible_not_acetylated	-2.322759	0.23019695	0.025941849	0.2701354
chr10	101019147	1.0986123	3.7087417	-2.6101294	accessible_not_acetylated	-1.9844468	-1.5490873	-0.78586006	-1.1103759
chr18	31242041	1.0986123	3.7086794	-2.6100671	accessible_not_acetylated	-1.6265237	-0.3718593	-0.09411645	-0.26624346
chr12	98212029	1.3862944	3.9962254	-2.609931	accessible_not_acetylated	-1.2158377	-0.33734083	0.024196148	-0.09126091
chr7	122715602	1.9459102	4.5545087	-2.6085985	accessible_not_acetylated	-1.8018157	0.15705776	0.12951088	0.51931095
chr6	107490112	0.6931472	3.3010228	-2.6078756	accessible_not_acetylated	-0.4269507	-1.3477845	-1.087493	-1.6250948
chr7	41691714	0.0	2.6070254	-2.6070254	accessible_not_acetylated	0.45192552	-0.015139341	0.26452398	0.37003756
chr6	32642017	2.5649493	5.1714234	-2.6064742	accessible_not_acetylated	-2.597419	-0.1829629	0.119855404	0.01358366
chr17	70208300	1.9459102	4.5513287	-2.6054184	accessible_not_acetylated	-1.86236	0.4574871	0.20235395	0.12958622
chr8	124757468	2.4849067	5.090242	-2.6053352	accessible_not_acetylated	-2.6270285	-0.16649628	0.092374325	0.031150818
chr6	36599940	1.609438	4.2139597	-2.6045218	accessible_not_acetylated	-1.0753925	0.3475294	0.09982252	0.5724044
chr7	151008268	1.3862944	3.9907389	-2.6044445	accessible_not_acetylated	-1.3103573	-0.6748462	-0.27991867	-0.5344553
chr6	19804803	0.0	2.6037557	-2.6037557	accessible_not_acetylated	2.106448	-1.1243021	-0.3972559	-1.2467605
chr12	89695276	1.9459102	4.5495157	-2.6036055	accessible_not_acetylated	-2.4761214	-0.56031466	-0.051011562	-0.32198143
chr7	138752726	1.3862944	3.989857	-2.6035626	accessible_not_acetylated	-0.9251406	0.5064285	0.44154763	0.8258922
chr12	6274200	0.0	2.6035419	-2.6035419	accessible_not_acetylated	0.24808359	-0.098136425	-0.11771011	-0.16309547
chr6	100185701	1.0986123	3.7014174	-2.6028051	accessible_not_acetylated	-1.1095588	0.46828938	0.15599918	0.2020979
chr8	75402195	0.6931472	3.2959144	-2.6027672	accessible_not_acetylated	-1.36596	-0.19222927	-0.2633536	0.06289554
chr18	64099559	1.7917595	4.3945193	-2.6027598	accessible_not_acetylated	-2.425921	-0.18563414	-0.026804447	-0.12338829
chr12	102954288	1.3862944	3.9881773	-2.601883	accessible_not_acetylated	-0.93323827	1.1389046	0.5690417	0.9127464
chr12	52879895	1.3862944	3.9881067	-2.6018124	accessible_not_acetylated	-2.278009	-1.1097536	-1.143939	-1.3787031
chr7	18469235	0.0	2.6014643	-2.6014643	accessible_not_acetylated	-0.55348516	0.03504324	-0.028086424	-0.04521513
chr17	78329608	0.6931472	3.2944274	-2.6012802	accessible_not_acetylated	0.15621781	-0.45128298	-0.13104486	-0.31664562
chr6	24391944	1.7917595	4.3927093	-2.6009498	accessible_not_acetylated	-2.0414295	-0.06111288	0.047752857	0.40219688
chr8	22552760	1.609438	4.210322	-2.600884	accessible_not_acetylated	-1.5271089	-0.20120096	-0.4978335	-0.64405274
chr8	28317131	0.0	2.5998251	-2.5998251	accessible_not_acetylated	-0.21360493	-0.5673716	-0.31300712	-0.5095942
chr8	23218236	2.4849067	5.084564	-2.5996575	accessible_not_acetylated	-2.3489215	0.7392502	0.4514246	0.6037216
chr22	25008826	0.0	2.5985656	-2.5985656	accessible_not_acetylated	0.018657446	0.17063141	0.14743328	-0.0838418
chr10	5552072	0.0	2.5984385	-2.5984385	accessible_not_acetylated	-0.09381008	-0.10935378	-0.21296382	-0.4095862
chr6	68238391	1.609438	4.207363	-2.5979252	accessible_not_acetylated	-1.5176072	0.39813423	0.30998135	0.7405977
chr10	59005873	0.6931472	3.2910008	-2.5978537	accessible_not_acetylated	-1.3890352	0.08506632	-0.1421938	-0.15570378
chr6	2841747	1.3862944	3.983907	-2.5976126	accessible_not_acetylated	-0.254205	-0.7445338	-0.56404305	-1.0518987
chr7	95596613	0.0	2.597049	-2.597049	accessible_not_acetylated	0.9491334	-1.0449122	-0.2997172	-1.1166877
chr6	70956082	1.0986123	3.6949575	-2.5963452	accessible_not_acetylated	-1.7369432	-1.5218928	-1.8514879	-2.180881
chr6	52954616	0.6931472	3.2891126	-2.5959654	accessible_not_acetylated	-0.49803972	0.15709567	0.33929205	0.39911842
chr12	48864622	2.1972246	4.7931533	-2.5959287	accessible_not_acetylated	-1.9661031	0.07587814	-0.07249594	0.07183313
chr10	127855228	0.6931472	3.2884471	-2.5953	accessible_not_acetylated	-0.97822285	-0.75117207	-0.22104573	-0.28032303
chr12	49903977	0.0	2.5952988	-2.5952988	accessible_not_acetylated	-0.11324024	-1.0930862	-1.1371808	-1.0265397
chr10	84194453	1.3862944	3.9812238	-2.5949295	accessible_not_acetylated	-1.1637547	-0.55133533	-0.52053	-0.69299555
chr6	138691675	1.609438	4.2035103	-2.5940723	accessible_not_acetylated	-1.33177	0.24569035	-0.03324175	0.15869188
chr8	71362261	0.0	2.5940197	-2.5940197	accessible_not_acetylated	0.61859226	-0.6699505	-0.4190433	-0.6221198
chr20	10714873	0.6931472	3.2871294	-2.5939822	accessible_not_acetylated	-0.70074034	-0.338799	0.21678925	-0.08974147
chr18	48669183	0.0	2.5938182	-2.5938182	accessible_not_acetylated	-0.64075756	-0.50987434	-0.1580913	-0.3420906
chr10	7587567	1.609438	4.202989	-2.5935512	accessible_not_acetylated	-1.4072511	0.06118059	0.14453459	0.48219395
chr18	56512209	1.3862944	3.9794464	-2.593152	accessible_not_acetylated	-1.448554	0.5755644	0.3791585	0.5078449
chr6	83709408	0.6931472	3.2861776	-2.5930305	accessible_not_acetylated	-0.06760979	-1.4347062	-0.973135	-1.3926797
chr10	54195050	0.6931472	3.2856784	-2.5925312	accessible_not_acetylated	-1.5130838	0.31485128	-0.011552334	0.27366304
chr6	10355492	0.0	2.5922408	-2.5922408	accessible_not_acetylated	0.34925604	0.31771874	0.34242463	0.21054125
chr12	53477054	0.0	2.5922337	-2.5922337	accessible_not_acetylated	0.059652805	0.6436906	0.01766777	0.3488872
chr18	4428952	0.6931472	3.285366	-2.5922189	accessible_not_acetylated	-1.2745078	0.3988061	-0.06315708	0.06145835
chr7	23520535	0.0	2.59218	-2.59218	accessible_not_acetylated	0.10522556	-0.28950858	-0.2749772	-0.33092928
chr10	84205739	0.0	2.5921345	-2.5921345	accessible_not_acetylated	-0.7130002	0.25859952	-0.26769495	-0.24275923
chr6	37698011	1.7917595	4.3837714	-2.592012	accessible_not_acetylated	-1.3088677	-1.2464986	-0.85077477	-0.8377533
chr7	137846864	2.0794415	4.6711607	-2.5917192	accessible_not_acetylated	-2.6910338	-1.612742	-1.2933383	-1.1962352
chr6	126461259	0.0	2.5915155	-2.5915155	accessible_not_acetylated	0.25958157	0.46363735	0.18410921	0.57659984
chr22	42369286	2.0794415	4.670952	-2.5915103	accessible_not_acetylated	-0.15740061	-1.1110983	-0.5335431	-0.30878353
chr12	124321186	1.0986123	3.690014	-2.5914016	accessible_not_acetylated	-1.3190646	0.031067371	-0.55716133	-0.1684947
chr8	88120748	0.0	2.5910726	-2.5910726	accessible_not_acetylated	0.51271653	0.5807326	0.40645504	0.3468809
chr12	99445116	0.0	2.5908487	-2.5908487	accessible_not_acetylated	0.07904601	0.83054805	0.1073575	0.37039876
chr22	50484433	0.0	2.590773	-2.590773	accessible_not_acetylated	-0.24603653	-0.6959139	-0.4431944	-0.39918947
chr17	8120066	3.5263605	6.1170225	-2.590662	accessible_not_acetylated	-2.6072605	0.10360861	0.034149647	0.0828557
chr17	2837382	0.0	2.5900955	-2.5900955	accessible_not_acetylated	-0.60585487	-0.020817757	-0.16568327	-0.17914677
chr12	16832494	2.3978953	4.9865894	-2.588694	accessible_not_acetylated	-2.3164387	0.046545982	0.16632652	0.35963726
chr6	44002789	2.5649493	5.153621	-2.588672	accessible_not_acetylated	-1.4821713	0.08797407	-0.6634259	-0.53790617
chr7	150190107	0.6931472	3.281208	-2.5880609	accessible_not_acetylated	-1.0389693	0.20010328	0.026974201	0.3187437
chr7	15651940	0.0	2.5880122	-2.5880122	accessible_not_acetylated	-1.4698681	1.0150166	-0.13573313	0.20567966
chr6	75209115	0.6931472	3.2799852	-2.586838	accessible_not_acetylated	-0.37196183	0.21071792	0.003443718	0.3566649
chr12	11500800	0.6931472	3.2795606	-2.5864134	accessible_not_acetylated	-1.3850605	-0.84533596	-0.7686007	-1.163775
chr12	8914661	2.0794415	4.6657786	-2.586337	accessible_not_acetylated	-0.6026778	-1.0572004	-0.4082694	-0.1749425
chr17	64774401	1.3862944	3.9725585	-2.5862641	accessible_not_acetylated	-1.4162323	-0.45449257	-0.70668054	-0.45264125
chr7	5435900	1.9459102	4.5315905	-2.5856802	accessible_not_acetylated	-2.129836	1.0178199	-0.06205702	0.5677371
chr8	133568914	3.3322046	5.9176817	-2.585477	accessible_not_acetylated	-2.4959333	0.43143034	0.121889114	0.21517038
chr6	157324178	2.0794415	4.6647296	-2.585288	accessible_not_acetylated	-1.2915146	0.34790325	-0.17347336	0.25165796
chr7	39312468	0.6931472	3.278204	-2.5850568	accessible_not_acetylated	0.47249722	0.39922047	0.23179936	-0.0043742657
chr22	35957054	0.0	2.58497	-2.58497	accessible_not_acetylated	0.91008615	0.20752382	0.285182	0.29538965
chr10	3173079	2.6390574	5.2240267	-2.5849693	accessible_not_acetylated	-1.4324014	-0.9304967	-1.3795185	-1.0537758
chr18	48668080	1.3862944	3.970808	-2.5845137	accessible_not_acetylated	-1.6737106	-0.18832588	-0.23641634	-0.040400505
chr6	10460333	2.3978953	4.982062	-2.5841665	accessible_not_acetylated	-2.2817705	0.31567335	0.047768116	0.11922407
chr6	148669	1.0986123	3.6818526	-2.5832403	accessible_not_acetylated	-2.0306938	-1.1915584	-2.5103402	-2.6014774
chr10	17854508	1.0986123	3.6815784	-2.582966	accessible_not_acetylated	-1.2980177	0.28574014	-0.030671358	0.36310124
chr10	21351763	1.0986123	3.6810882	-2.582476	accessible_not_acetylated	-0.9130449	-0.0982573	0.31774068	0.47702813
chr10	133335475	0.6931472	3.2756085	-2.5824614	accessible_not_acetylated	-0.7279737	-1.4746313	-0.50325894	-1.5882308
chr8	38410775	1.0986123	3.6805816	-2.5819693	accessible_not_acetylated	-1.3776484	0.2764716	-0.019237995	-0.17570639
chr17	43025240	1.0986123	3.680437	-2.5818248	accessible_not_acetylated	-0.29935527	0.013415337	-0.27851772	0.28737617
chr20	63483218	0.0	2.5817766	-2.5817766	accessible_not_acetylated	-0.23337817	-0.7140777	-0.6898565	-0.5728605
chr8	80325250	1.0986123	3.680011	-2.5813987	accessible_not_acetylated	-0.15921307	0.004765272	0.1580677	-0.039453745
chr7	105773277	0.0	2.5806363	-2.5806363	accessible_not_acetylated	-0.24164915	0.087515116	0.09782076	0.15594268
chr6	44252970	1.609438	4.189806	-2.580368	accessible_not_acetylated	-1.9677219	-0.15497065	-0.19062924	-0.24994493
chr12	58470470	1.0986123	3.6786861	-2.5800738	accessible_not_acetylated	-1.8797561	-0.09280729	0.16564417	0.60388994
chr12	32659412	0.6931472	3.2731075	-2.5799603	accessible_not_acetylated	-1.2674766	-0.28534698	-0.29128265	-0.25414324
chr7	2520398	1.3862944	3.966021	-2.5797267	accessible_not_acetylated	-2.4931102	-0.7984495	-0.9454949	-0.79625344
chr22	46538835	0.6931472	3.272726	-2.5795789	accessible_not_acetylated	0.59767246	-1.0531383	-0.32807446	-0.8579545
chr7	124766025	0.6931472	3.2726183	-2.579471	accessible_not_acetylated	-0.1783979	-1.0966723	-0.71529436	-1.2148395
chr10	106655384	1.0986123	3.6779413	-2.579329	accessible_not_acetylated	-2.0220695	-0.33349442	-0.13899946	-0.18325543
chr8	48921440	0.6931472	3.2723053	-2.579158	accessible_not_acetylated	-0.5557852	-1.4108558	-0.65165734	-0.58791137
chr7	69430529	0.0	2.5790548	-2.5790548	accessible_not_acetylated	0.3279078	-0.30064726	0.19876456	-0.1061821
chr7	95319625	0.0	2.5784836	-2.5784836	accessible_not_acetylated	-0.28955364	0.04084444	0.13994098	0.32236838
chr17	38558333	1.609438	4.1878304	-2.5783925	accessible_not_acetylated	-1.2254782	-0.6025491	-0.3608842	-0.51566195
chr17	73164144	1.9459102	4.5225396	-2.5766294	accessible_not_acetylated	-2.0683568	0.39433336	0.1821146	0.27876043
chr21	44133611	0.0	2.5762851	-2.5762851	accessible_not_acetylated	2.3667877	0.8866198	-0.08764005	-0.22784281
chr8	84854716	1.3862944	3.9625146	-2.5762203	accessible_not_acetylated	-1.2249706	0.14720893	-0.13391018	0.33351684
chr7	80919028	0.6931472	3.2693539	-2.5762067	accessible_not_acetylated	0.24779725	-1.3532526	-0.57210827	-1.3202503
chr6	52049666	0.0	2.5759826	-2.5759826	accessible_not_acetylated	-0.679445	-0.72707033	-0.19685459	-0.26871824
chr7	125568982	1.3862944	3.9622338	-2.5759394	accessible_not_acetylated	-2.1965575	-0.071796656	-0.32817245	0.13435769
chr10	52257558	1.609438	4.185074	-2.575636	accessible_not_acetylated	-1.2150235	0.6798067	0.39327812	0.43142366
chr8	133567550	1.3862944	3.9614882	-2.575194	accessible_not_acetylated	-1.5788748	0.08985758	-0.08316088	0.09212446
chr7	122751686	0.0	2.5746176	-2.5746176	accessible_not_acetylated	-0.015075445	0.52552867	0.071912766	0.24014044
chr8	110161400	0.6931472	3.2675486	-2.5744014	accessible_not_acetylated	-0.4816165	0.9784589	0.23578167	0.5659001
chr12	6204675	0.6931472	3.2675042	-2.574357	accessible_not_acetylated	-1.0680189	-0.25906706	-0.09425545	-0.036387444
chr20	62822943	0.6931472	3.2670934	-2.5739462	accessible_not_acetylated	-0.76941276	-0.44297433	-0.5511143	0.7457416
chr6	26493446	0.0	2.5739	-2.5739	accessible_not_acetylated	0.2796445	-0.0940516	-0.044473648	0.2185638
chr20	44002380	2.8903718	5.4642377	-2.573866	accessible_not_acetylated	-2.8771122	0.6872339	0.2886219	0.43814087
chr22	46116627	0.6931472	3.2659242	-2.572777	accessible_not_acetylated	-0.97152925	-0.79407	-0.6082599	-0.46551657
chr6	44172889	1.0986123	3.6709313	-2.572319	accessible_not_acetylated	-0.8510549	-0.5377207	-0.22031641	-0.21745968
chr8	90467136	2.9957323	5.5665326	-2.5708003	accessible_not_acetylated	-3.9884295	-0.5224657	0.011555672	-0.4039178
chr10	103838084	0.0	2.5691574	-2.5691574	accessible_not_acetylated	-0.39345098	-0.07015109	-0.013736248	-0.1260755
chr12	19129691	0.0	2.569107	-2.569107	accessible_not_acetylated	0.48769855	-1.2652953	-0.8103831	-1.016403
chr17	7215124	2.8332133	5.4020686	-2.5688553	accessible_not_acetylated	-1.8969679	-0.18825722	-0.30990458	0.46753168
chr12	54304258	0.6931472	3.2616048	-2.5684576	accessible_not_acetylated	-0.021561623	-0.5112548	-0.07214761	-0.20516253
chr17	65556570	2.3978953	4.966303	-2.5684075	accessible_not_acetylated	-2.9809031	-0.12406206	-0.20823956	-0.29403496
chr22	44329739	1.0986123	3.666253	-2.5676408	accessible_not_acetylated	-1.435514	-0.24190855	0.16941714	-0.33529663
chr8	133449736	0.0	2.5671043	-2.5671043	accessible_not_acetylated	0.086853266	-0.24361467	-0.24066067	-0.20939541
chr7	97305789	1.9459102	4.513008	-2.567098	accessible_not_acetylated	-1.3204134	0.7854905	0.3509431	0.9600291
chr8	139706065	1.0986123	3.6655617	-2.5669494	accessible_not_acetylated	-0.21882463	-0.81245637	-0.2982614	-0.3351903
chr17	32139047	0.0	2.5643578	-2.5643578	accessible_not_acetylated	-0.42634678	-0.40262222	-0.5341296	-0.008074045
chr12	52203293	0.0	2.5643377	-2.5643377	accessible_not_acetylated	0.28408337	0.28747177	0.06829071	0.31065488
chr12	81759330	0.0	2.564271	-2.564271	accessible_not_acetylated	-0.38907814	-0.89051354	-0.565614	-0.8119345
chr22	28955984	1.9459102	4.509115	-2.563205	accessible_not_acetylated	-1.8453097	-0.3721857	0.048330307	-0.13134384
chr18	34122927	0.0	2.5631266	-2.5631266	accessible_not_acetylated	-1.1831248	-0.72124887	-0.4280076	-0.21865535
chr22	29306728	1.3862944	3.9489646	-2.5626702	accessible_not_acetylated	-0.41977096	-1.6455908	-0.9040544	-1.3253131
chr12	53486074	0.0	2.5616083	-2.5616083	accessible_not_acetylated	-0.55545807	0.08839941	-0.26051664	-0.07393074
chr10	84563533	1.0986123	3.6596391	-2.5610268	accessible_not_acetylated	-1.715963	0.060172558	0.18552947	-0.25537515
chr12	88932653	1.0986123	3.659298	-2.5606856	accessible_not_acetylated	-2.0438323	-0.01930952	-0.07081294	-0.09493089
chr8	116901946	2.5649493	5.1254683	-2.560519	accessible_not_acetylated	-3.0196989	-0.4275031	-0.119040966	-0.19364357
chr12	14577308	0.0	2.5598135	-2.5598135	accessible_not_acetylated	-0.5032017	-0.07941413	-0.02969265	0.24246883
chr7	138981385	1.3862944	3.9458623	-2.559568	accessible_not_acetylated	-0.8942604	-0.907444	-0.83282995	-0.75555634
chr12	19915727	2.1972246	4.756382	-2.5591574	accessible_not_acetylated	-2.8030868	-0.023092747	0.025234222	-0.26733017
chr21	32569793	1.0986123	3.6568036	-2.5581913	accessible_not_acetylated	-0.11602306	-0.18954968	-0.47532177	-0.08602953
chr12	118104140	1.609438	4.1663356	-2.5568976	accessible_not_acetylated	-0.39421844	-0.80428076	-0.7704296	-0.5634856
chr7	91263549	1.3862944	3.943126	-2.5568316	accessible_not_acetylated	-1.3678973	-0.69711566	-0.29408264	-0.4019606
chr10	117542571	0.0	2.5564198	-2.5564198	accessible_not_acetylated	-0.11860633	-1.3173852	-0.8051498	-1.1557761
chr8	133017351	1.609438	4.165153	-2.555715	accessible_not_acetylated	-2.0583456	0.12425661	-0.0009331703	-0.27975512
chr17	49496594	0.0	2.555674	-2.555674	accessible_not_acetylated	-0.72754586	-0.9196826	-0.87710917	-1.4378496
chr12	98417563	0.0	2.5546198	-2.5546198	accessible_not_acetylated	0.30415034	0.585639	0.17544413	0.262089
chr10	75904912	0.0	2.5544436	-2.5544436	accessible_not_acetylated	0.3062992	-0.10441136	0.072649	0.005539179
chr6	157461821	3.295837	5.8499203	-2.5540833	accessible_not_acetylated	-3.1960585	-0.035791874	0.026058197	0.19155788
chr12	29428190	2.4849067	5.038849	-2.5539422	accessible_not_acetylated	-1.5430603	0.6778407	0.14852142	0.34954786
chr6	16654881	1.3862944	3.939961	-2.5536666	accessible_not_acetylated	-1.430866	0.40132332	0.025889635	0.35807657
chr17	78360151	2.944439	5.49807	-2.5536308	accessible_not_acetylated	-1.9211128	-0.518209	-0.5711069	-0.0064606667
chr8	124751879	1.0986123	3.6495566	-2.5509443	accessible_not_acetylated	-0.5421579	0.7618098	0.32458162	0.5767846
chr17	40553181	2.1972246	4.7479177	-2.550693	accessible_not_acetylated	-1.9793932	1.1183605	0.12506676	0.66112757
chr6	99588944	1.0986123	3.6486144	-2.550002	accessible_not_acetylated	-0.9961648	-1.0490615	-0.8677306	-1.4015462
chr7	54774149	0.0	2.5493226	-2.5493226	accessible_not_acetylated	0.23848605	-0.26916075	-0.2863269	-0.22617722
chr10	76033677	0.0	2.5484405	-2.5484405	accessible_not_acetylated	-0.08396411	-0.33258915	0.15677881	0.001101017
chr17	66728128	1.0986123	3.6466022	-2.5479898	accessible_not_acetylated	-0.07720375	-0.5722866	-0.13527298	-0.3447566
chr20	6715674	0.6931472	3.241114	-2.5479667	accessible_not_acetylated	-0.42433906	0.3689773	0.10962653	0.2897284
chr6	77464022	1.3862944	3.9336357	-2.5473413	accessible_not_acetylated	-1.1328754	-0.876328	-0.9761262	-1.2916024
chr7	522674	1.7917595	4.3390055	-2.547246	accessible_not_acetylated	-1.4976914	-1.126617	-0.8706243	-1.0455313
chr8	21488013	2.7080503	5.25504	-2.54699	accessible_not_acetylated	-3.1275804	0.50102997	0.047056198	0.30922985
chr20	21503555	1.0986123	3.6454902	-2.5468779	accessible_not_acetylated	-1.4566128	-0.36041737	-0.19490838	0.12197113
chr8	57994532	1.3862944	3.9321663	-2.545872	accessible_not_acetylated	-1.4769742	-1.5826771	-0.9855304	-1.6760802
chr12	4399082	0.0	2.5453827	-2.5453827	accessible_not_acetylated	-0.4786992	-0.4666226	-0.35853052	-0.4704821
chr12	75011195	0.0	2.5452924	-2.5452924	accessible_not_acetylated	-0.047748566	0.61245966	0.016275406	0.27742767
chr12	27970077	1.0986123	3.643845	-2.5452328	accessible_not_acetylated	-0.77371526	-0.22665167	-0.34190702	-0.24550295
chr17	2796366	0.6931472	3.2382355	-2.5450883	accessible_not_acetylated	-0.70615554	-0.94493484	-0.52885294	-0.7706058
chr7	50120770	0.6931472	3.237858	-2.5447109	accessible_not_acetylated	-1.062324	-0.2817123	-0.068837166	0.15133548
chr17	41309253	0.0	2.543633	-2.543633	accessible_not_acetylated	0.1454897	-0.11502886	-0.0045399666	0.23983812
chr20	10362748	2.0794415	4.6229043	-2.5434628	accessible_not_acetylated	-2.0908828	0.35085964	-0.003730297	0.30350828
chr10	69427429	0.0	2.543462	-2.543462	accessible_not_acetylated	-0.70038855	-0.721671	-0.45224357	-0.53578806
chr17	82351990	1.609438	4.1527157	-2.5432777	accessible_not_acetylated	-2.346652	-1.3532038	-0.8656621	-0.82218766
chr22	32207059	0.0	2.5425994	-2.5425994	accessible_not_acetylated	0.44470215	-0.9437649	-0.49930334	-0.59232545
chr6	2999662	2.5649493	5.1072345	-2.5422852	accessible_not_acetylated	-0.7272458	-1.4478183	-0.7534175	-0.92985106
chr17	74532258	0.6931472	3.2352047	-2.5420575	accessible_not_acetylated	-0.44821692	0.188066	0.009582996	0.5739703
chr12	40377055	0.0	2.5410316	-2.5410316	accessible_not_acetylated	0.21723843	0.10010886	0.27552652	0.07108593
chr20	11130551	2.1972246	4.737903	-2.5406785	accessible_not_acetylated	-2.2458189	0.89337826	0.34549475	1.1638532
chr10	120456953	0.0	2.5403738	-2.5403738	accessible_not_acetylated	-0.99255705	-1.400287	-1.1021388	-1.268861
chr10	16519238	1.3862944	3.9257832	-2.5394888	accessible_not_acetylated	-1.5248201	-0.180228	-0.33441424	-0.7226536
chr18	34493317	1.0986123	3.6373494	-2.538737	accessible_not_acetylated	-2.1057048	-0.7140975	-0.8048847	-0.7757182
chr20	32483796	1.3862944	3.9250202	-2.5387259	accessible_not_acetylated	0.008702755	-1.777411	-1.0196118	-1.3363175
chr17	63961844	0.6931472	3.231473	-2.5383258	accessible_not_acetylated	-0.6971619	-1.3410403	-1.1045599	-1.4390031
chr10	34775194	1.3862944	3.9244208	-2.5381265	accessible_not_acetylated	-1.9132318	-0.31952477	-0.0811007	-0.085716486
chr12	69885862	0.6931472	3.2304626	-2.5373154	accessible_not_acetylated	-1.0495477	0.50095034	-0.027091026	0.50737476
chr17	50331544	1.0986123	3.6355147	-2.5369024	accessible_not_acetylated	-0.74052787	0.7403693	0.0585382	0.70244265
chr6	104326593	0.6931472	3.229951	-2.5368037	accessible_not_acetylated	0.15558338	-0.23352027	0.30758333	0.17145419
chr7	125491295	1.609438	4.1457343	-2.5362964	accessible_not_acetylated	-1.050405	0.70363235	0.23711061	0.62614584
chr12	89354160	1.609438	4.1457324	-2.5362945	accessible_not_acetylated	-0.3248396	-1.4520082	-0.94168353	-1.4961464
chr12	1630566	1.3862944	3.9196038	-2.5333095	accessible_not_acetylated	-1.107513	-1.1362653	-0.958416	-1.0282943
chr6	155088451	1.0986123	3.6310127	-2.5324004	accessible_not_acetylated	-0.64877176	0.6242397	0.17690396	0.6286166
chr10	15088703	1.0986123	3.6307147	-2.5321023	accessible_not_acetylated	-0.57667637	-0.5146978	-0.6037109	-0.6288831
chr20	8132192	1.0986123	3.6307003	-2.532088	accessible_not_acetylated	-1.6348349	-0.8201499	-1.2342634	-1.1114128
chr6	139369658	0.0	2.5318506	-2.5318506	accessible_not_acetylated	-0.24014282	-0.41084504	-0.053423405	-0.09319115
chr18	4101277	1.0986123	3.6288438	-2.5302315	accessible_not_acetylated	-1.738586	0.50265646	0.0702157	0.43427896
chr7	157016637	2.1972246	4.727434	-2.5302095	accessible_not_acetylated	-2.4815364	0.18336773	-0.2641611	-0.29379606
chr6	84033658	0.6931472	3.2228675	-2.5297203	accessible_not_acetylated	-0.24758983	-1.5808938	-0.78881955	-1.1219602
chr12	95700571	1.3862944	3.9151816	-2.5288873	accessible_not_acetylated	-1.8472028	0.5399122	-0.33309793	0.41481066
chr18	4233430	2.1972246	4.725606	-2.5283813	accessible_not_acetylated	-2.5400321	-0.173913	0.11148882	-0.044217587
chr21	43370604	0.6931472	3.2214248	-2.5282776	accessible_not_acetylated	-0.30831647	-0.35987687	0.14424682	0.2082932
chr17	47271122	1.3862944	3.9142623	-2.527968	accessible_not_acetylated	-1.9918449	0.4311576	0.07474685	0.37376738
chr17	65557494	2.3025851	4.830426	-2.527841	accessible_not_acetylated	-2.2443323	0.51365805	0.44393063	0.4394493
chr7	14714401	2.0794415	4.6070127	-2.5275712	accessible_not_acetylated	-2.3393638	0.20758677	-0.11177683	0.016281128
chr10	5666661	0.6931472	3.2198808	-2.5267336	accessible_not_acetylated	0.33736563	-1.1149838	-0.3519764	-1.016928
chr10	2759435	1.0986123	3.6252456	-2.5266333	accessible_not_acetylated	-1.2575355	0.27385783	0.16684175	0.7748828
chr7	151167548	0.0	2.526388	-2.526388	accessible_not_acetylated	0.49623084	-1.8520739	-1.4321753	-1.6176937
chr7	148620904	0.0	2.5263638	-2.5263638	accessible_not_acetylated	1.8168464	0.27579737	0.4682629	0.29176307
chr12	98229320	1.0986123	3.624289	-2.5256767	accessible_not_acetylated	-1.7612958	-0.18781137	0.119607925	0.4232297
chr20	19779852	1.3862944	3.9113338	-2.5250394	accessible_not_acetylated	-1.5454693	0.19970965	0.18096328	0.39876866
chr7	30799874	2.8903718	5.415157	-2.524785	accessible_not_acetylated	-2.6493979	0.1649828	0.14999914	0.4479499
chr8	38468750	1.0986123	3.6231098	-2.5244975	accessible_not_acetylated	0.5841284	-1.0747178	-0.72780585	-1.0795715
chr12	76025064	1.0986123	3.6223936	-2.5237813	accessible_not_acetylated	-0.19312334	0.3945694	0.22839975	0.6335702
chr7	43314490	3.0910425	5.6146464	-2.523604	accessible_not_acetylated	-2.9856396	0.06977606	0.07584143	0.049708843
chr10	77197761	0.6931472	3.2159405	-2.5227933	accessible_not_acetylated	-0.8913219	-0.13635921	0.030105352	0.10572362
chr6	63097419	1.9459102	4.467987	-2.5220768	accessible_not_acetylated	-2.7081022	0.286973	-0.102751255	0.60545206
chr18	3790911	1.0986123	3.620432	-2.5218196	accessible_not_acetylated	-0.8124893	-0.1915803	-0.0098629	0.12020683
chr21	42831061	0.0	2.5213995	-2.5213995	accessible_not_acetylated	0.060184717	-0.30815196	-0.08062649	-0.22516346
chr6	7261351	1.9459102	4.4665604	-2.5206501	accessible_not_acetylated	-1.7074554	-0.3919754	-0.1885252	-0.61832714
chr20	10351142	2.8332133	5.3537765	-2.5205631	accessible_not_acetylated	-2.4704533	0.630455	0.22180033	0.22165442
chr20	57710583	1.609438	4.1298594	-2.5204215	accessible_not_acetylated	-0.49908185	-0.9311302	-0.26483154	-0.62503433
chr8	101127045	2.0794415	4.599707	-2.5202656	accessible_not_acetylated	-0.8313894	-0.11836672	-0.52999496	-0.30943108
chr6	165707570	0.6931472	3.2129812	-2.519834	accessible_not_acetylated	-0.5528629	-0.14872503	0.2685597	0.2551272
chr6	17988238	1.609438	4.128543	-2.519105	accessible_not_acetylated	-1.1046219	-0.49583936	-0.27113366	-0.15257406
chr17	15945099	1.9459102	4.4644	-2.5184896	accessible_not_acetylated	-2.9392817	-1.5475287	-0.8025732	-1.1604433
chr8	38664944	0.0	2.518444	-2.518444	accessible_not_acetylated	0.11281133	0.12033534	-0.097638845	-0.30665016
chr7	95396375	0.6931472	3.2112408	-2.5180936	accessible_not_acetylated	0.5671792	-1.050446	-0.039316416	-0.39529872
chr6	31350511	1.9459102	4.461856	-2.5159457	accessible_not_acetylated	-2.0509596	0.09020233	0.054675102	0.46995735
chr18	4417729	1.609438	4.1248393	-2.5154014	accessible_not_acetylated	-1.3376305	0.10847807	0.10933113	0.26180935
chr6	122752779	1.609438	4.124571	-2.515133	accessible_not_acetylated	-1.8408692	-0.43947816	-0.028245926	0.01875639
chr10	22932803	0.0	2.5150464	-2.5150464	accessible_not_acetylated	-0.28729486	0.048087597	0.047122	0.07330561
chr8	70068922	0.0	2.515027	-2.515027	accessible_not_acetylated	0.2858467	-0.22846985	-0.17234898	0.055045366
chr7	36748405	1.609438	4.124389	-2.5149512	accessible_not_acetylated	-1.2323623	0.50602484	0.18961763	0.49656343
chr12	64010097	2.1972246	4.7121353	-2.5149107	accessible_not_acetylated	-1.2015805	1.1020718	0.67875147	1.5635576
chr17	66679056	1.0986123	3.6132917	-2.5146794	accessible_not_acetylated	-1.0756099	-0.038676262	-0.22548556	-0.032485723
chr12	15722511	0.0	2.5145164	-2.5145164	accessible_not_acetylated	-0.029608727	0.31845474	0.19088578	0.25667095
chr7	8433954	0.0	2.514387	-2.514387	accessible_not_acetylated	1.4846141	-1.1254222	-0.66936207	-1.1609185
chr7	108456397	0.6931472	3.2072992	-2.514152	accessible_not_acetylated	-0.21060133	-1.7452279	-0.6273844	-1.5593117
chr6	130913372	1.0986123	3.6122518	-2.5136395	accessible_not_acetylated	-0.4883721	0.05695796	0.14203548	0.5173602
chr12	88931820	1.0986123	3.6119947	-2.5133824	accessible_not_acetylated	-1.7798388	0.09788942	-0.13094425	-0.115115404
chr12	120960111	2.6390574	5.1519346	-2.5128772	accessible_not_acetylated	-2.747933	0.43104696	0.3574667	0.45383883
chr10	101779246	2.3978953	4.910631	-2.5127358	accessible_not_acetylated	-1.778436	-0.52399015	-0.5274143	-0.52904415
chr8	133570643	3.3672957	5.8798194	-2.5125237	accessible_not_acetylated	-1.5404301	0.2857871	-0.17679644	0.3551073
chr7	39414456	1.9459102	4.458277	-2.512367	accessible_not_acetylated	-0.86934304	0.093580246	-0.19179106	0.011670589
chr6	53793747	1.9459102	4.457824	-2.511914	accessible_not_acetylated	-0.74080276	0.22175694	0.24046278	0.21622992
chr6	137025932	2.1972246	4.709132	-2.5119076	accessible_not_acetylated	-2.0710516	0.9919381	0.13830328	0.5244236
chr7	27096036	2.3025851	4.8144054	-2.5118203	accessible_not_acetylated	-1.1076634	0.31121397	-0.46491718	0.23597717
chr12	124681517	1.3862944	3.8966637	-2.5103693	accessible_not_acetylated	-1.0027814	0.6176834	-0.13565278	0.49150515
chr22	46503474	0.6931472	3.2033818	-2.5102346	accessible_not_acetylated	-0.60724473	-0.45766807	-0.20506287	-0.09696102
chr8	37302353	0.0	2.5096076	-2.5096076	accessible_not_acetylated	0.43653297	-0.0074670315	0.5725384	0.4185462
chr7	105024441	2.1972246	4.705356	-2.5081315	accessible_not_acetylated	-2.5727313	-0.67563915	-0.035565376	-0.6514559
chr7	95434946	2.7080503	5.21589	-2.5078397	accessible_not_acetylated	-1.2080498	-0.15310335	-0.3345394	0.0037679672
chr8	22042752	0.0	2.5065172	-2.5065172	accessible_not_acetylated	-0.676445	-0.8899493	-0.9664769	-1.1186574
chr18	36298586	2.3025851	4.808942	-2.5063567	accessible_not_acetylated	-2.0159616	-1.0573583	-1.0461612	-0.8936112
chr10	34687537	0.0	2.5061758	-2.5061758	accessible_not_acetylated	-0.04985094	-0.05758357	-0.045077324	0.106033325
chr8	141076078	0.0	2.506041	-2.506041	accessible_not_acetylated	0.06215477	-0.3287456	-0.47363734	-0.5461495
chr6	76000787	0.0	2.505887	-2.505887	accessible_not_acetylated	-0.30589056	0.098134756	-0.034495354	0.28842306
chr8	133897180	1.0986123	3.604108	-2.5054958	accessible_not_acetylated	-1.2137573	0.06930494	0.01310873	-0.2763512
chr12	22101746	0.6931472	3.198515	-2.5053678	accessible_not_acetylated	-0.8678644	-0.47500992	-0.14460301	-0.1739192
chr10	34790195	1.0986123	3.6038074	-2.5051951	accessible_not_acetylated	-1.0039134	0.26211905	-0.14576197	-0.06502652
chr7	120857930	3.4011974	5.9040117	-2.5028143	accessible_not_acetylated	-2.8584065	-0.8276253	-0.6270423	-0.15357113
chr7	114716135	1.0986123	3.6012678	-2.5026555	accessible_not_acetylated	-1.1447184	0.2642808	0.08615327	0.66834354
chr17	47719622	2.0794415	4.5820923	-2.5026507	accessible_not_acetylated	-1.7094014	0.25076294	-0.1791935	0.19152021
chr8	27465906	0.6931472	3.1954663	-2.502319	accessible_not_acetylated	-0.9761467	-0.70276856	-0.39308047	-0.12048435
chr12	6812750	0.0	2.5023026	-2.5023026	accessible_not_acetylated	-0.294899	0.04206848	-0.27634215	-0.013970375
chr10	6543455	1.9459102	4.4477925	-2.5018823	accessible_not_acetylated	-1.2336273	0.3895812	0.23772812	0.48216057
chr12	95790758	0.0	2.5015216	-2.5015216	accessible_not_acetylated	-1.0190538	-1.7657316	-1.2817609	-1.5340985
chr21	38236507	0.0	2.5010867	-2.5010867	accessible_not_acetylated	-0.39823174	-0.16486502	0.027677298	0.2012794
chr7	102642791	0.0	2.500976	-2.500976	accessible_not_acetylated	-0.08069968	-0.9386575	-0.70459294	-0.72193694
chr17	75515763	2.944439	5.4449306	-2.5004916	accessible_not_acetylated	-1.3283	-0.13763523	-0.8392415	-0.14176846
chr10	29647705	1.0986123	3.5989072	-2.500295	accessible_not_acetylated	-0.70086026	0.47121453	-0.049815416	0.06666851
chr7	156923374	1.9459102	4.446127	-2.5002167	accessible_not_acetylated	-1.6254001	0.08155537	0.17417383	0.23967934
chr7	120334633	2.5649493	5.064767	-2.4998176	accessible_not_acetylated	-2.0017424	-0.50555325	0.10602617	-0.0860877
chr8	50056640	1.0986123	3.598005	-2.4993927	accessible_not_acetylated	0.21650434	0.5691254	0.6549332	1.2195313
chr20	14431808	0.0	2.4992716	-2.4992716	accessible_not_acetylated	-0.2671659	0.7187493	0.14208508	0.28979087
chr6	138685492	0.0	2.4992552	-2.4992552	accessible_not_acetylated	-0.20566273	-0.04386425	0.0038616657	-0.06947994
chr22	37330863	0.6931472	3.192263	-2.4991157	accessible_not_acetylated	-0.71485734	-0.5651567	-0.3473177	-0.40496016
chr6	142566872	0.0	2.4987917	-2.4987917	accessible_not_acetylated	-0.45989203	-0.41896915	-0.13036156	-0.11173344
chr10	18422131	1.9459102	4.4435263	-2.497616	accessible_not_acetylated	-1.5934663	-0.09140873	0.13045788	-0.037337303
chr10	125688843	0.0	2.497261	-2.497261	accessible_not_acetylated	-0.6531708	-0.1700666	-0.25129795	-0.24040508
chr6	10419028	1.0986123	3.594964	-2.4963517	accessible_not_acetylated	-0.5144594	-1.0730815	-0.38298774	-0.96353984
chr6	144285065	1.9459102	4.4419084	-2.4959981	accessible_not_acetylated	-0.8068361	-0.65371966	-0.930449	-0.8437407
chr8	133572204	3.1354942	5.6314054	-2.4959111	accessible_not_acetylated	-1.8300841	-0.56288195	-1.048204	-0.7579851
chr7	100604824	2.5649493	5.060435	-2.4954855	accessible_not_acetylated	-2.350803	-1.9244671	-1.2656772	-1.2708654
chr10	49124562	0.0	2.495185	-2.495185	accessible_not_acetylated	-0.7589979	0.23387575	0.21720386	0.14867115
chr6	129767199	1.7917595	4.2868457	-2.4950862	accessible_not_acetylated	-0.88880897	-0.2255168	-0.15750551	0.54363966
chr21	36135841	2.3978953	4.8929095	-2.4950142	accessible_not_acetylated	-0.26232052	-0.80275726	-0.8902626	-0.58670855
chr17	57941642	1.0986123	3.5929909	-2.4943786	accessible_not_acetylated	-0.7755892	0.52946854	0.3644638	0.48419857
chr22	30667883	2.6390574	5.1329427	-2.4938853	accessible_not_acetylated	-0.39510107	-0.5073123	0.25557852	0.37553787
chr17	18377704	0.0	2.492145	-2.492145	accessible_not_acetylated	-0.4149053	-0.75387335	-0.8525343	-0.6928201
chr17	2025345	0.0	2.4919891	-2.4919891	accessible_not_acetylated	-1.2023543	-1.996304	-1.6083173	-1.8133112
chr10	23362458	2.1972246	4.68912	-2.4918952	accessible_not_acetylated	-2.0751228	0.09840822	0.050967693	0.26509953
chr17	36099445	0.0	2.4910889	-2.4910889	accessible_not_acetylated	0.4078524	0.48834372	0.43861747	0.5764499
chr8	135454056	0.0	2.4908464	-2.4908464	accessible_not_acetylated	-0.06603217	-0.08813095	0.024854422	-0.18826818
chr6	90296896	0.0	2.4904337	-2.4904337	accessible_not_acetylated	0.84073377	-1.4364753	-0.95811296	-1.5821649
chr17	33523799	0.6931472	3.1834898	-2.4903426	accessible_not_acetylated	-0.9310062	-0.015367985	-0.041627645	0.20768118
chr6	30113180	2.8903718	5.380077	-2.489705	accessible_not_acetylated	-3.0208032	-0.11246252	0.14739084	0.51159286
chr12	53995388	1.3862944	3.8759022	-2.4896078	accessible_not_acetylated	0.41072845	0.14341593	-0.18379092	0.023416042
chr6	109009753	1.3862944	3.875797	-2.4895027	accessible_not_acetylated	0.21858478	-0.43334126	-0.25299215	-0.041446447
chr6	148746921	2.4849067	4.974033	-2.4891262	accessible_not_acetylated	-1.2847466	-0.06029463	-0.8960886	0.08427143
chr7	14834615	1.0986123	3.587647	-2.4890347	accessible_not_acetylated	-0.70227337	0.69723225	0.17459321	0.8972726
chr7	82572417	0.0	2.488945	-2.488945	accessible_not_acetylated	-0.17299485	-0.0904336	-0.099948645	0.1128099
chr12	54207980	0.0	2.4883752	-2.4883752	accessible_not_acetylated	-0.030680656	-0.10037613	-0.3393848	0.17375302
chr12	16608183	0.0	2.488122	-2.488122	accessible_not_acetylated	-0.14480734	0.21914911	-0.015255928	-0.040625334
chr21	17699836	1.609438	4.0974884	-2.4880505	accessible_not_acetylated	-1.1115274	0.5735431	0.30887985	1.122879
chr12	120641527	0.6931472	3.18086	-2.4877129	accessible_not_acetylated	-0.68117857	-0.67025614	-0.51654863	-0.5668731
chr12	98351234	1.609438	4.0970964	-2.4876585	accessible_not_acetylated	-0.875684	0.58166504	-0.12738252	0.1655078
chr8	133886393	0.0	2.4872415	-2.4872415	accessible_not_acetylated	0.31718755	-0.57839966	0.049729586	-0.056634188
chr10	1421026	1.0986123	3.585836	-2.4872236	accessible_not_acetylated	-1.8074882	-0.7029815	-0.50702786	-0.55985403
chr10	2782423	0.6931472	3.1801567	-2.4870095	accessible_not_acetylated	-0.5721612	0.4244988	0.2825396	0.4562838
chr18	3924010	0.0	2.4860547	-2.4860547	accessible_not_acetylated	0.49261498	0.3900764	0.6187761	0.33639932
chr7	156929945	0.0	2.4860435	-2.4860435	accessible_not_acetylated	0.3646207	-0.046860695	-0.12747145	-0.017126799
chr7	41711667	0.0	2.4858801	-2.4858801	accessible_not_acetylated	-0.28612828	-0.32737613	-0.024735928	0.075206995
chr18	61893071	0.0	2.4852297	-2.4852297	accessible_not_acetylated	0.37313914	-0.3938253	-0.34000897	-0.7230959
chr22	41957791	1.0986123	3.5832129	-2.4846005	accessible_not_acetylated	-1.2278795	-1.1990027	-0.7506285	-0.3373375
chr20	4161650	1.609438	4.0934906	-2.4840527	accessible_not_acetylated	-1.3350751	-0.8089657	-0.53216743	-0.6347499
chr7	29196462	0.6931472	3.1768134	-2.4836662	accessible_not_acetylated	0.14887285	0.51911664	0.34485793	0.7788167
chr17	3738833	1.0986123	3.5822325	-2.4836202	accessible_not_acetylated	-0.6263671	0.0020384789	-0.04961562	-0.003418684
chr7	102478934	1.7917595	4.275301	-2.4835415	accessible_not_acetylated	-0.43178177	1.0675063	0.72102594	0.7958822
chr12	122966673	1.3862944	3.8690238	-2.4827294	accessible_not_acetylated	-0.27759147	-1.1356568	-0.90509844	-0.89123535
chr21	37009987	1.3862944	3.8689742	-2.4826798	accessible_not_acetylated	-1.0560567	-0.06350374	-0.39494824	-0.2448597
chr20	31870745	1.609438	4.0920453	-2.4826074	accessible_not_acetylated	-0.78756404	-0.36504054	-0.420928	-0.009819508
chr6	148791036	0.6931472	3.1750317	-2.4818845	accessible_not_acetylated	-0.75920415	-0.45796895	0.11732292	-0.096740484
chr10	6231602	0.6931472	3.1743588	-2.4812117	accessible_not_acetylated	-1.8360554	-0.90270925	-0.5800619	-0.9722252
chr17	62165468	0.6931472	3.174211	-2.4810638	accessible_not_acetylated	-1.2029418	-0.13244057	-0.04481411	0.051062584
chr18	36017980	0.6931472	3.1735969	-2.4804497	accessible_not_acetylated	-1.1426053	-0.13881636	-0.27748275	-0.12369847
chr17	32998506	0.0	2.4800398	-2.4800398	accessible_not_acetylated	-0.099196196	-0.2762215	-0.28879166	-0.17975283
chr22	19179014	2.9957323	5.474613	-2.478881	accessible_not_acetylated	-1.6484628	-0.69669867	-0.5012913	-0.1366868
chr18	57052382	2.3025851	4.7813168	-2.4787316	accessible_not_acetylated	-2.2873037	-0.36877775	-0.104549885	-0.20085478
chr7	105769187	0.6931472	3.1717799	-2.4786327	accessible_not_acetylated	-0.022549868	-0.016169786	0.21419048	0.27018428
chr10	86338187	0.0	2.4784822	-2.4784822	accessible_not_acetylated	-0.2690258	-0.5350261	-0.14900303	-0.29743838
chr12	52057456	1.0986123	3.5768013	-2.478189	accessible_not_acetylated	-1.240484	0.014399052	-0.5389621	-0.22524166
chr6	15736696	1.3862944	3.8641562	-2.477862	accessible_not_acetylated	-1.086396	-0.078694105	-0.19411516	-0.16327143
chr6	53201430	1.0986123	3.576236	-2.4776237	accessible_not_acetylated	-0.67370486	0.65439105	0.20718098	0.3667593
chr12	63305158	1.3862944	3.8633556	-2.4770613	accessible_not_acetylated	-0.34491992	0.8622527	0.507174	0.56489515
chr17	52148045	1.609438	4.0862484	-2.4768105	accessible_not_acetylated	-1.1733778	0.5318861	0.57850075	0.3205657
chr8	144826804	2.6390574	5.1147985	-2.4757411	accessible_not_acetylated	-1.4996872	-1.7085338	-1.4634097	-1.1899819
chr20	36182543	0.6931472	3.1686172	-2.47547	accessible_not_acetylated	-0.51531196	-0.44754696	0.16718698	0.34942746
chr6	17393504	0.0	2.475407	-2.475407	accessible_not_acetylated	0.13030577	-1.0912998	-0.8530979	-0.6749823
chr21	33204103	3.0910425	5.5662136	-2.475171	accessible_not_acetylated	-2.3386576	0.50031567	0.6300945	0.41079855
chr12	98351855	2.0794415	4.554542	-2.4751005	accessible_not_acetylated	-1.4795959	0.59424925	0.0043120384	0.066698074
chr8	24438844	0.6931472	3.1680522	-2.474905	accessible_not_acetylated	-1.3612858	-0.15864778	-0.16486573	-0.056974173
chr12	63668574	1.0986123	3.5733237	-2.4747114	accessible_not_acetylated	-0.67517686	-0.63687086	-0.33646607	-0.9169214
chr6	136550819	1.609438	4.0827246	-2.4732866	accessible_not_acetylated	1.0312524	-0.8606379	-0.53838634	-0.72391677
chr8	95802251	3.218876	5.6921	-2.4732242	accessible_not_acetylated	-2.4755704	0.3499117	0.55519104	0.84869146
chr6	43854339	0.6931472	3.1663349	-2.4731877	accessible_not_acetylated	-0.76025605	-0.14174867	0.060984135	0.35403776
chr12	125186299	0.0	2.4729757	-2.4729757	accessible_not_acetylated	-1.3227093	-1.251684	-1.1923558	-1.4506339
chr20	33444437	2.3978953	4.870394	-2.472499	accessible_not_acetylated	0.32793665	-0.7102065	-0.34148693	-0.2988639
chr22	29072970	1.0986123	3.5701988	-2.4715865	accessible_not_acetylated	0.2819426	-0.5359318	-0.84728837	-0.48624182
chr12	11498264	1.9459102	4.4173827	-2.4714725	accessible_not_acetylated	-1.4557998	0.4211502	0.34931326	0.6436157
chr18	51753731	1.0986123	3.5697222	-2.4711099	accessible_not_acetylated	-1.7758352	-0.14231515	-0.028059244	0.0315001
chr10	77505132	0.0	2.4703877	-2.4703877	accessible_not_acetylated	0.06995797	0.26336193	0.23871756	0.51918435
chr7	32043879	0.6931472	3.1634693	-2.4703221	accessible_not_acetylated	-1.1924758	0.120645046	0.14538407	0.25534368
chr10	93075765	0.0	2.4702485	-2.4702485	accessible_not_acetylated	0.5990639	-0.14764476	-0.2214005	-0.32364178
chr7	32049168	1.0986123	3.5683944	-2.469782	accessible_not_acetylated	-1.6079278	0.16446757	0.07693696	0.08887172
chr12	547099	0.0	2.4695928	-2.4695928	accessible_not_acetylated	0.2247243	-0.39729714	-0.05815506	-0.2027998
chr12	55707904	0.6931472	3.1623425	-2.4691954	accessible_not_acetylated	-0.4004135	-1.5757253	-0.9679558	-1.3706608
chr6	157382129	2.3025851	4.771578	-2.4689927	accessible_not_acetylated	-1.7893329	-0.1719389	-0.9984944	0.123511314
chr6	41182540	0.0	2.468403	-2.468403	accessible_not_acetylated	0.74256325	-0.48792768	0.29703093	0.12639594
chr7	41108359	2.0794415	4.547637	-2.4681954	accessible_not_acetylated	-2.4657137	0.7986469	0.31472683	0.3875985
chr22	26657506	1.0986123	3.5667684	-2.468156	accessible_not_acetylated	-0.80956626	-1.1793611	-0.8282039	-1.5229259
chr21	45099075	0.0	2.4675047	-2.4675047	accessible_not_acetylated	-0.110497475	0.31314993	-0.08117652	0.19878793
chr7	121994961	0.6931472	3.160491	-2.4673438	accessible_not_acetylated	-1.274789	-0.8758955	-0.072438955	-0.22935534
chr17	78239594	0.0	2.467019	-2.467019	accessible_not_acetylated	0.034461737	-0.28498363	-0.20109749	-0.26577187
chr10	16195382	1.609438	4.0764084	-2.4669704	accessible_not_acetylated	-1.3209541	0.66595936	0.51201916	0.7009425
chr8	108333698	1.0986123	3.56554	-2.4669278	accessible_not_acetylated	-1.4434576	-0.13445783	0.028273582	0.33493686
chr17	44911216	0.6931472	3.1599836	-2.4668365	accessible_not_acetylated	-0.7846198	-1.1320589	-0.32928586	-0.22711992
chr12	49295125	0.0	2.4668164	-2.4668164	accessible_not_acetylated	0.23945308	-1.1776549	-0.8485987	-0.85404587
chr7	100605803	0.6931472	3.1599433	-2.4667962	accessible_not_acetylated	0.28681302	-0.8247602	-0.42806673	-1.0515745
chr8	118108951	2.3025851	4.7692175	-2.4666324	accessible_not_acetylated	-2.2498977	0.2819729	0.15627909	0.12986279
chr22	50783634	2.4849067	4.9510255	-2.4661188	accessible_not_acetylated	-0.56075525	0.2652688	-0.2613964	0.17880392
chr12	75330141	2.1972246	4.6627407	-2.465516	accessible_not_acetylated	-0.4930334	0.52645683	0.14151478	0.3406601
chr7	2689117	2.9957323	5.461052	-2.4653196	accessible_not_acetylated	-2.8056276	0.39946175	-0.28100157	0.14519167
chr10	17756947	2.3978953	4.8625293	-2.464634	accessible_not_acetylated	-1.3874328	0.3673501	0.11547327	0.6504512
chr7	45089516	0.6931472	3.1575847	-2.4644375	accessible_not_acetylated	-0.6450672	-1.2416289	-0.4329319	-0.86626387
chr12	113131658	0.0	2.4638872	-2.4638872	accessible_not_acetylated	-0.29307508	-0.12411404	-0.20344257	-0.1363728
chr6	83607183	0.0	2.463334	-2.463334	accessible_not_acetylated	-0.10855484	-0.2722268	-0.2396009	0.2666452
chr12	77070575	1.9459102	4.408668	-2.4627578	accessible_not_acetylated	-2.244666	0.29937792	0.21952105	0.48871088
chr10	117480269	1.0986123	3.5601604	-2.461548	accessible_not_acetylated	-1.5938997	-0.33307195	-0.31028962	-0.30608916
chr22	16805122	1.3862944	3.8476133	-2.461319	accessible_not_acetylated	-2.3476934	-0.0153102875	-0.021111488	-0.009684086
chr18	4251438	2.4849067	4.946191	-2.4612842	accessible_not_acetylated	-2.228189	-0.1885519	0.0831399	-0.23786354
chr7	29320140	1.3862944	3.8475406	-2.4612463	accessible_not_acetylated	-1.1281731	-0.08933902	0.07952452	0.2654798
chr6	107726850	0.0	2.4611628	-2.4611628	accessible_not_acetylated	0.033104658	0.4679265	-0.10659289	0.3076973
chr10	121449587	2.1972246	4.6580534	-2.4608288	accessible_not_acetylated	-1.7974234	0.20915604	0.2413373	0.26718283
chr7	97078743	1.0986123	3.559202	-2.4605896	accessible_not_acetylated	-1.4202106	0.26140857	0.2967775	0.41285443
chr6	22929337	1.0986123	3.5591679	-2.4605556	accessible_not_acetylated	-0.34815645	0.7173953	0.38986397	0.95205116
chr10	91908937	2.8903718	5.3509192	-2.4605474	accessible_not_acetylated	-3.0147803	-0.88108206	-0.7407956	-0.37299633
chr10	48231908	2.3978953	4.8583374	-2.460442	accessible_not_acetylated	-2.46974	0.8166809	0.25230312	0.5482507
chr8	109063051	1.0986123	3.5589373	-2.460325	accessible_not_acetylated	-0.81217813	0.634362	0.22506809	0.36067033
chr6	30480703	0.6931472	3.153048	-2.4599009	accessible_not_acetylated	-0.27366376	-0.27249432	-0.02047205	-0.4034698
chr6	170438663	0.6931472	3.1529853	-2.4598382	accessible_not_acetylated	-0.8227804	-0.90635276	-0.5106418	-0.509053
chr7	118288258	0.0	2.459609	-2.459609	accessible_not_acetylated	-0.32976127	0.5053773	0.030312061	0.3066442
chr7	129785369	0.6931472	3.1524591	-2.459312	accessible_not_acetylated	1.4666591	-0.34732246	-0.43440986	-0.44601178
chr6	88082022	0.0	2.4588008	-2.4588008	accessible_not_acetylated	-0.42385292	-0.28959703	-0.12332177	-0.08617711
chr18	36439391	1.0986123	3.5572338	-2.4586215	accessible_not_acetylated	-1.5603776	-0.0097100735	-0.052419424	-0.2903297
chr10	107553686	1.0986123	3.5570014	-2.458389	accessible_not_acetylated	-2.1085587	-0.33453822	-0.18243623	0.014646292
chr17	8744836	1.3862944	3.8446198	-2.4583254	accessible_not_acetylated	-1.1993842	-0.85004044	-0.47531295	-0.4297278
chr8	136296422	2.0794415	4.5363426	-2.456901	accessible_not_acetylated	-0.7209871	0.53073883	0.6666136	0.74401903
chr6	36559594	0.6931472	3.1499195	-2.4567723	accessible_not_acetylated	-1.3277323	0.08215308	-0.10908508	0.26274586
chr10	75525300	0.0	2.4566414	-2.4566414	accessible_not_acetylated	0.19472718	0.06708622	0.12957788	0.17619753
chr10	23338142	0.6931472	3.1488953	-2.455748	accessible_not_acetylated	-0.8268652	0.14218712	0.1814189	0.31254172
chr17	47254648	2.4849067	4.9404945	-2.4555879	accessible_not_acetylated	-2.7318335	-0.3095379	-0.8461704	-0.6243677
chr18	46168139	2.1972246	4.6522555	-2.455031	accessible_not_acetylated	-1.9884024	0.57428026	0.083498	0.58131933
chr8	23164044	2.8332133	5.288231	-2.4550176	accessible_not_acetylated	-2.5762088	0.014084816	-0.50995445	-0.39483595
chr8	128240496	1.9459102	4.400771	-2.454861	accessible_not_acetylated	-1.7071269	0.10093975	-0.21797943	0.46990538
chr7	123624873	0.0	2.4544075	-2.4544075	accessible_not_acetylated	0.16510177	0.35670495	0.10167718	0.6249292
chr8	113616103	0.6931472	3.1473305	-2.4541833	accessible_not_acetylated	-0.81394553	0.88717103	0.275733	0.9659159
chr22	50170220	0.0	2.4538975	-2.4538975	accessible_not_acetylated	-1.3597593	-1.2425421	-0.7081032	-0.82222116
chr17	33667140	2.3025851	4.7564173	-2.4538321	accessible_not_acetylated	-1.4503844	0.6253629	0.72257805	0.31807995
chr10	84564107	1.0986123	3.5522852	-2.453673	accessible_not_acetylated	-1.8703885	-0.28172064	-0.114366055	-0.54201245
chr7	141190745	0.0	2.4533863	-2.4533863	accessible_not_acetylated	-0.42042565	-0.06633282	-0.102421045	0.033573627
chr8	10887480	0.0	2.4532104	-2.4532104	accessible_not_acetylated	-0.07935643	-0.3514266	-0.12229371	-0.13265848
chr10	98167359	0.6931472	3.1458962	-2.452749	accessible_not_acetylated	-1.0247166	-0.061000586	-0.101379156	-0.114038706
chr7	49773660	0.0	2.4526453	-2.4526453	accessible_not_acetylated	0.68189025	-1.5257596	-0.98287845	-1.4080874
chr17	36483156	0.0	2.4520783	-2.4520783	accessible_not_acetylated	-1.0186592	-0.6125263	-0.5338069	-1.0753454
chr8	109052534	2.3025851	4.7541575	-2.4515724	accessible_not_acetylated	-2.6272953	0.8106928	0.046638966	0.724627
chr7	55255669	1.609438	4.0605845	-2.4511466	accessible_not_acetylated	-1.1816275	0.389863	-0.34373617	0.16627407
chr10	120161351	1.609438	4.059838	-2.4503999	accessible_not_acetylated	-2.0798476	0.06545925	0.052747726	0.11128569
chr7	100171600	0.6931472	3.1427953	-2.4496481	accessible_not_acetylated	-0.5805054	-1.9742856	-1.1946772	-1.7222798
chr8	70069716	0.6931472	3.1427863	-2.449639	accessible_not_acetylated	-0.36169672	-1.1257601	-0.679971	-1.0835955
chr10	77756629	0.0	2.449416	-2.449416	accessible_not_acetylated	0.45950675	-0.2931025	0.123977184	0.08268762
chr10	117622906	1.3862944	3.835689	-2.4493947	accessible_not_acetylated	-1.7874317	0.5470586	0.011019707	0.14882064
chr7	120856236	3.3672957	5.8165493	-2.4492536	accessible_not_acetylated	-3.2610323	-0.8454094	-0.28076982	-0.40734863
chr17	50198432	0.0	2.4488282	-2.4488282	accessible_not_acetylated	-0.6674118	0.32151222	0.07415223	0.29696465
chr17	79931526	2.3025851	4.751288	-2.4487028	accessible_not_acetylated	-2.6833339	-0.25279522	-0.78371406	0.25943232
chr8	65043294	0.6931472	3.1415825	-2.4484353	accessible_not_acetylated	-0.2653973	0.51906085	0.16728497	0.20633268
chr7	83843138	0.6931472	3.1412225	-2.4480753	accessible_not_acetylated	-0.8288281	-0.29204273	-0.08125234	0.15795231
chr8	88657864	0.6931472	3.141172	-2.4480247	accessible_not_acetylated	-0.6843667	0.22046304	0.012803078	0.12994981
chr10	75430271	1.0986123	3.546195	-2.4475827	accessible_not_acetylated	-0.25291038	0.016950369	-0.14310575	0.26452208
chr8	91662174	0.6931472	3.1406806	-2.4475334	accessible_not_acetylated	-0.23487067	0.17277646	0.3351407	0.1137383
chr7	28411328	3.0445225	5.491641	-2.4471185	accessible_not_acetylated	-1.159142	0.84332895	0.55321693	1.015028
chr6	118750374	0.0	2.4470549	-2.4470549	accessible_not_acetylated	-0.28943658	-0.020885468	0.009204626	0.13442373
chr17	7214286	2.7725887	5.2194266	-2.446838	accessible_not_acetylated	-2.0008926	-0.34570646	-0.415339	0.0016012192
chr7	69664612	3.218876	5.6653533	-2.4464774	accessible_not_acetylated	-3.1283305	-0.50795364	0.25420713	-0.29839087
chr7	136031014	1.7917595	4.238181	-2.4464216	accessible_not_acetylated	-2.1452065	0.23770857	-0.016156197	-0.20134878
chr6	36600697	1.3862944	3.832356	-2.4460616	accessible_not_acetylated	-0.28791308	-0.018825531	0.08864498	0.123468876
chr10	123994786	0.6931472	3.138982	-2.4458349	accessible_not_acetylated	-0.5215244	-0.94888306	-0.61901164	-0.785563
chr6	116616438	2.1972246	4.642726	-2.4455013	accessible_not_acetylated	-1.2211514	0.12466669	0.04972267	0.5416565
chr8	133016706	1.609438	4.054926	-2.445488	accessible_not_acetylated	-1.8498693	-0.0018625259	0.12408638	0.041166306
chr17	27354707	1.3862944	3.8317046	-2.4454103	accessible_not_acetylated	-0.3821175	-0.27731133	-0.051348448	0.29506063
chr10	72089032	0.0	2.4452753	-2.4452753	accessible_not_acetylated	0.030712843	-0.70282936	-0.59018517	-0.6781256
chr7	101127026	2.1972246	4.6423573	-2.4451327	accessible_not_acetylated	-1.6857429	-0.1781435	-0.015474319	0.31950617
chr6	63584301	0.6931472	3.1380157	-2.4448686	accessible_not_acetylated	-0.3603444	0.61057734	0.13382697	0.1840868
chr17	78923648	0.0	2.4448202	-2.4448202	accessible_not_acetylated	-0.31530786	-0.56412053	-0.51619697	-0.23169327
chr20	45450575	0.0	2.4447896	-2.4447896	accessible_not_acetylated	-0.047311544	-0.22537875	0.08692503	0.11056137
chr7	113800134	1.7917595	4.2362475	-2.444488	accessible_not_acetylated	-2.2375913	-0.31336403	0.11990309	0.098176
chr10	54801279	0.0	2.44433	-2.44433	accessible_not_acetylated	0.11867213	0.0648756	0.09618282	0.20794511
chr8	141228574	0.0	2.4438205	-2.4438205	accessible_not_acetylated	-0.2319746	-0.59751964	-0.4806353	-0.5563228
chr6	7262205	0.6931472	3.1366305	-2.4434834	accessible_not_acetylated	-0.14081025	-0.4119494	-0.1716013	-0.35848308
chr17	82330508	0.0	2.442688	-2.442688	accessible_not_acetylated	-0.9798348	-1.1554831	-0.93907046	-0.8136091
chr12	6827600	0.0	2.4425826	-2.4425826	accessible_not_acetylated	-0.4822836	-0.27434134	-0.35187912	-0.046158552
chr6	146771120	0.0	2.441417	-2.441417	accessible_not_acetylated	0.7997222	0.11011243	0.2602458	0.12319136
chr20	21099865	1.0986123	3.5392914	-2.440679	accessible_not_acetylated	-0.6376462	-0.32577252	-0.44721937	-0.49179363
chr17	78232879	0.0	2.4402683	-2.4402683	accessible_not_acetylated	0.5547712	-0.095130205	-0.2292962	-0.10736513
chr17	64777146	1.9459102	4.3860307	-2.4401205	accessible_not_acetylated	-1.5830216	0.10364151	-0.8763771	-0.6894927
chr7	82054732	1.609438	4.0495424	-2.4401045	accessible_not_acetylated	-2.997458	-0.11397505	-0.088869095	0.065763
chr10	133424617	0.0	2.4395583	-2.4395583	accessible_not_acetylated	-0.7230475	-1.6200639	-1.1875354	-1.6939789
chr8	120068118	1.3862944	3.8256855	-2.4393911	accessible_not_acetylated	-1.2802935	0.645679	0.15048528	0.37528324
chr10	29659716	2.5649493	5.0037894	-2.4388402	accessible_not_acetylated	-2.647376	0.29544497	0.18071985	0.35015345
chr17	38509539	0.0	2.4378128	-2.4378128	accessible_not_acetylated	0.22490764	-0.54321134	-0.57436204	-0.6992874
chr17	75525015	2.3025851	4.7397885	-2.4372034	accessible_not_acetylated	-1.3454676	-0.9967804	-0.47226238	-0.8555689
chr18	3542022	2.0794415	4.516578	-2.4371367	accessible_not_acetylated	-1.5779593	0.5677161	0.09496403	0.44243002
chr7	128697600	0.6931472	3.1295738	-2.4364266	accessible_not_acetylated	0.12451482	-0.56763315	-0.13476324	-0.48065495
chr6	100036407	0.0	2.4357865	-2.4357865	accessible_not_acetylated	0.7244711	1.1842794	0.77780604	1.0171628
chr6	77562129	1.7917595	4.226767	-2.4350076	accessible_not_acetylated	-1.8266866	0.5108404	0.15111494	0.5452218
chr8	106086976	1.7917595	4.226649	-2.4348893	accessible_not_acetylated	-1.6522458	0.41719484	0.2595868	0.4473791
chr8	108355886	0.0	2.4334104	-2.4334104	accessible_not_acetylated	-0.18204713	0.20753717	9.7990036e-05	0.09160185
chr6	30103370	1.9459102	4.377922	-2.4320118	accessible_not_acetylated	-1.2196033	-0.33591986	0.12756634	-0.043460846
chr20	18985650	0.0	2.4316115	-2.4316115	accessible_not_acetylated	0.008514404	-0.22361994	-0.05030203	-0.36031103
chr12	68845401	0.6931472	3.1247272	-2.43158	accessible_not_acetylated	-0.635169	0.0039253235	-0.20747423	-0.3794651
chr8	6816469	0.0	2.4311597	-2.4311597	accessible_not_acetylated	-0.5415486	-0.88662314	-0.20383573	0.14532304
chr12	103273877	1.609438	4.040245	-2.430807	accessible_not_acetylated	-0.87453866	0.62935495	0.21461582	1.0035334
chr17	40363534	1.3862944	3.8170753	-2.430781	accessible_not_acetylated	-1.7694056	-1.4339166	-0.68258286	-0.78475285
chr8	140099221	1.0986123	3.5293732	-2.4307609	accessible_not_acetylated	-1.0419741	-0.7730379	-1.6736598	-1.8049514
chr12	128969785	1.3862944	3.816051	-2.4297566	accessible_not_acetylated	-2.1870322	-0.22368193	-0.8538172	-0.80987144
chr20	32482798	0.6931472	3.1222334	-2.4290862	accessible_not_acetylated	1.0377569	-1.6817108	-0.9437723	-1.5583625
chr17	17812358	1.0986123	3.5274653	-2.428853	accessible_not_acetylated	0.06565833	-0.08614969	-0.3104856	-0.35813904
chr12	48980720	0.6931472	3.121882	-2.4287348	accessible_not_acetylated	1.2130342	-0.7445028	-0.33176732	-0.6896782
chr10	27742403	0.6931472	3.1210213	-2.427874	accessible_not_acetylated	-0.21583009	-0.93497896	-0.6477165	-0.5925877
chr6	120876728	1.3862944	3.813501	-2.4272065	accessible_not_acetylated	-1.0407012	0.043796778	-0.06246376	0.20741081
chr12	120960800	2.1972246	4.6241727	-2.426948	accessible_not_acetylated	-1.8892105	0.30019808	0.2531762	0.16547298
chr10	87342564	3.2580965	5.6848216	-2.4267251	accessible_not_acetylated	-1.9770815	-0.33682775	-0.4998331	-0.39217043
chr17	40608389	1.0986123	3.5242472	-2.4256349	accessible_not_acetylated	-0.9706681	0.058135986	0.048915863	0.34058952
chr6	122798394	1.3862944	3.8110833	-2.424789	accessible_not_acetylated	-1.6379743	0.7022395	0.11152029	0.6783209
chr12	29625768	1.3862944	3.8107948	-2.4245005	accessible_not_acetylated	-1.379991	0.05426073	0.16338897	0.109261036
chr7	46747464	0.0	2.4242365	-2.4242365	accessible_not_acetylated	0.4243436	-0.105084896	0.12897038	0.021940231
chr8	143841076	1.7917595	4.2159877	-2.4242282	accessible_not_acetylated	-1.8678985	-2.372985	-1.7377706	-2.5418992
chr6	47357997	1.9459102	4.369754	-2.4238436	accessible_not_acetylated	-1.7199037	0.38889503	0.1417408	0.2802267
chr7	73743101	1.609438	4.0331316	-2.4236937	accessible_not_acetylated	-0.74826765	-0.83699703	-0.2402308	-0.18883753
chr7	128841273	0.6931472	3.1163163	-2.4231691	accessible_not_acetylated	-0.19191599	-0.2619977	-0.22995424	-0.32428718
chr17	35313086	1.3862944	3.809299	-2.4230046	accessible_not_acetylated	-0.6850343	0.17624092	0.049030304	0.20730639
chr18	3772797	0.0	2.422739	-2.422739	accessible_not_acetylated	-0.7576337	-0.111742735	-0.24816465	0.01532793
chr7	85293249	1.7917595	4.2136774	-2.421918	accessible_not_acetylated	-2.4785724	0.06015587	-0.017271042	0.011711121
chr8	90467799	3.218876	5.640739	-2.421863	accessible_not_acetylated	-3.2388575	0.19353342	0.26648092	0.14547539
chr6	113690670	2.1972246	4.619052	-2.4218273	accessible_not_acetylated	-2.5030098	-0.36155844	-0.21044588	0.023173809
chr10	90319709	2.0794415	4.501052	-2.4216104	accessible_not_acetylated	-1.5453076	0.4947443	0.50639963	1.0322409
chr21	38170416	0.0	2.4216099	-2.4216099	accessible_not_acetylated	0.30146003	0.011622906	0.1547718	0.19108868
chr10	122375588	2.0794415	4.5006647	-2.4212232	accessible_not_acetylated	-2.0872998	-0.0009121895	-0.5224073	-0.38143158
chr12	91438501	0.6931472	3.113161	-2.420014	accessible_not_acetylated	-0.9958358	0.6439228	0.0041384697	0.1988368
chr8	120125107	0.0	2.4199893	-2.4199893	accessible_not_acetylated	0.9179435	-0.85951114	-0.17501378	-0.32109857
chr18	4351241	1.0986123	3.5181813	-2.419569	accessible_not_acetylated	-1.9262718	0.13850594	0.033973932	0.37719417
chr6	35497995	1.0986123	3.5181115	-2.4194992	accessible_not_acetylated	0.73740077	-0.6507449	-0.26535988	-1.0506573
chr17	62652515	2.0794415	4.4986873	-2.4192457	accessible_not_acetylated	-0.40891123	-0.7240095	0.2425332	-0.33664608
chr17	81733950	0.0	2.4191213	-2.4191213	accessible_not_acetylated	-0.60004985	-0.69102824	-0.4916513	-0.44064832
chr8	109975847	0.0	2.417942	-2.417942	accessible_not_acetylated	1.1768415	-0.57274556	-0.17554235	-0.76247823
chr20	39717125	0.0	2.4173186	-2.4173186	accessible_not_acetylated	0.59526634	0.70185304	0.2543013	0.81523204
chr20	11890791	1.7917595	4.2090673	-2.4173079	accessible_not_acetylated	-0.5296905	-0.4507556	-0.060492992	-0.27683306
chr17	79797193	3.3322046	5.749266	-2.4170616	accessible_not_acetylated	-2.3175511	-1.1052499	0.032796383	-0.9932127
chr10	114043876	1.3862944	3.8033333	-2.417039	accessible_not_acetylated	-3.3858767	-1.9762932	-1.5700238	-2.1372635
chr6	43243679	0.0	2.4170368	-2.4170368	accessible_not_acetylated	0.5626259	-1.1084435	-0.5908959	-1.0078213
chr12	15670963	0.0	2.4169688	-2.4169688	accessible_not_acetylated	-1.0087949	0.46081638	0.027269125	0.26053143
chr8	67393136	2.0794415	4.496306	-2.4168644	accessible_not_acetylated	-1.7478495	0.785727	-0.09000254	0.25691843
chr18	58850497	0.0	2.4167557	-2.4167557	accessible_not_acetylated	0.553339	-0.28342772	-0.044867277	-0.11289835
chr17	29615672	1.609438	4.026052	-2.416614	accessible_not_acetylated	-0.22028422	-0.30346298	-0.89453554	-0.720855
chr7	6531101	1.609438	4.025866	-2.416428	accessible_not_acetylated	-0.70066047	-1.5760984	-0.6057477	-1.1544518
chr8	133919654	0.6931472	3.10946	-2.416313	accessible_not_acetylated	-0.41230464	0.56399655	-0.123595	0.055594206
chr12	12172278	1.9459102	4.3613033	-2.415393	accessible_not_acetylated	-1.8080044	0.2158699	0.13483477	0.67001534
chr8	41264511	1.7917595	4.206878	-2.4151187	accessible_not_acetylated	-1.2580225	0.6731787	0.11307764	0.7161393
chr10	113521374	0.0	2.4149578	-2.4149578	accessible_not_acetylated	0.22971892	-0.4638163	0.005017519	-0.042625427
chr18	58088208	1.0986123	3.5132122	-2.4146	accessible_not_acetylated	-1.0766008	0.6335354	0.3044579	0.9138169
chr10	110610474	1.0986123	3.5126727	-2.4140604	accessible_not_acetylated	-0.98619246	-0.534297	-0.013817072	0.26627922
chr6	150336538	1.0986123	3.5125797	-2.4139674	accessible_not_acetylated	-0.8398161	0.16046953	0.32587647	0.5798919
chr12	46920814	0.0	2.413539	-2.413539	accessible_not_acetylated	-0.5715885	0.18336868	0.0005970001	0.48007107
chr12	120647155	0.6931472	3.1062603	-2.413113	accessible_not_acetylated	-0.9516065	-0.094480515	-0.4329753	-0.35598612
chr6	53244786	2.0794415	4.4923677	-2.4129262	accessible_not_acetylated	-1.7881713	0.56542444	0.11231136	0.41594315
chr8	143369442	2.5649493	4.977868	-2.4129188	accessible_not_acetylated	-1.9024563	-0.93495417	-0.69876003	-0.32333374
chr20	6094077	1.3862944	3.7990832	-2.4127889	accessible_not_acetylated	-1.7713497	0.75050735	0.046512127	0.17664719
chr10	14499119	0.0	2.4117763	-2.4117763	accessible_not_acetylated	0.22134781	-0.28638792	-0.16288257	-0.17727923
chr20	1871974	2.7725887	5.1843157	-2.411727	accessible_not_acetylated	-2.5812323	0.5130553	0.024830341	0.3510232
chr22	44702382	1.7917595	4.202503	-2.4107437	accessible_not_acetylated	-0.90102625	-0.8536763	-0.96527815	-0.92726517
chr20	6705569	0.6931472	3.1032956	-2.4101484	accessible_not_acetylated	-0.5174043	0.32623553	0.30881596	0.58351517
chr10	97850018	0.0	2.410097	-2.410097	accessible_not_acetylated	-0.6114148	-1.5160935	-1.2602328	-1.8765619
chr7	122632415	1.609438	4.019071	-2.4096332	accessible_not_acetylated	-3.2650099	-0.61265755	-0.1301372	-0.6036496
chr10	62268859	1.0986123	3.507457	-2.4088447	accessible_not_acetylated	1.0673397	-1.4756866	-0.3763771	-1.0300126
chr22	30256127	0.6931472	3.1015377	-2.4083905	accessible_not_acetylated	-1.0760539	-0.6449523	-0.7862041	-0.51460767
chr7	521920	1.9459102	4.3539133	-2.408003	accessible_not_acetylated	-0.87081623	-1.1597018	-0.7737422	-0.7396736
chr10	117169055	0.0	2.4079099	-2.4079099	accessible_not_acetylated	0.06899142	-0.62866485	0.029058933	-0.75602794
chr12	53345138	1.609438	4.0162487	-2.4068108	accessible_not_acetylated	-1.894793	-0.7411971	-0.8889351	-0.36565638
chr10	77497326	1.0986123	3.504931	-2.4063187	accessible_not_acetylated	-1.3570039	-0.1713717	-0.04062748	-0.16844153
chr7	988534	1.0986123	3.5044246	-2.4058123	accessible_not_acetylated	-1.735427	-1.6542628	-1.2153039	-1.061933
chr12	123151129	1.609438	4.014485	-2.405047	accessible_not_acetylated	-2.2122054	-1.5242367	-1.0079653	-1.3267126
chr6	10404308	3.0445225	5.4493723	-2.4048498	accessible_not_acetylated	-0.121944904	-0.3392625	-0.117693424	0.12305355
chr8	75407373	3.218876	5.623476	-2.4046001	accessible_not_acetylated	-1.275228	-0.086504936	-0.28881168	-0.09934664
chr7	12686707	2.3025851	4.7065907	-2.4040055	accessible_not_acetylated	-0.40191507	-0.6250148	0.11006212	-0.5586729
chr8	142634874	0.0	2.4033086	-2.4033086	accessible_not_acetylated	-0.72334766	-1.4416473	-1.1382778	-1.01335
chr10	28261358	0.0	2.4030347	-2.4030347	accessible_not_acetylated	0.49064946	0.16107917	0.33154202	0.2898891
chr22	39986074	0.6931472	3.0961032	-2.402956	accessible_not_acetylated	-0.3992927	-0.2466011	-0.02783823	0.00085258484
chr12	47741570	2.7725887	5.1755304	-2.4029417	accessible_not_acetylated	-3.4925866	-0.14529419	-0.45546484	-0.121585846
chr8	61495187	0.6931472	3.0958986	-2.4027514	accessible_not_acetylated	-0.9127002	0.33188057	-0.004839897	0.13705349
chr22	32540318	1.0986123	3.5010605	-2.4024482	accessible_not_acetylated	-1.054501	-0.60645294	0.015744686	0.008636475
chr6	131107335	1.3862944	3.7879684	-2.401674	accessible_not_acetylated	-1.6976788	0.45787263	0.088190794	0.061015606
chr12	20369244	0.0	2.4014063	-2.4014063	accessible_not_acetylated	-1.0311692	-1.418374	-1.164971	-1.5513731
chr10	100878637	0.0	2.4013774	-2.4013774	accessible_not_acetylated	-0.18014836	-0.18217397	-0.015381575	-0.108759165
chr8	22054205	0.6931472	3.09317	-2.4000227	accessible_not_acetylated	-0.4664278	-0.29463983	-0.36930156	0.08612037
chr20	14343939	0.6931472	3.0929816	-2.3998344	accessible_not_acetylated	-1.1773202	0.1353395	0.022761583	0.20771384
chr6	122020795	0.6931472	3.0929308	-2.3997836	accessible_not_acetylated	-0.6348169	0.3244753	0.032722235	0.7075484
chr12	103841941	2.4849067	4.8840404	-2.3991337	accessible_not_acetylated	-1.967375	0.27953196	-0.088329315	0.70484924
chr20	32018545	1.0986123	3.49734	-2.3987277	accessible_not_acetylated	-0.10559845	-1.5979824	-0.6767485	-0.6307373
chr10	6347928	3.2580965	5.6549964	-2.3969	accessible_not_acetylated	-3.3692424	0.13893747	-0.06658268	0.37831688
chr12	93591486	1.7917595	4.188625	-2.3968654	accessible_not_acetylated	-0.51615334	0.02331543	0.0046277046	-0.037466526
chr17	47695266	1.7917595	4.188524	-2.3967643	accessible_not_acetylated	-1.0656886	0.11167002	-0.33162332	0.4243703
chr10	97117662	0.0	2.396602	-2.396602	accessible_not_acetylated	-0.338969	-0.49133182	-0.104765415	0.1448555
chr10	35641293	1.0986123	3.4950383	-2.396426	accessible_not_acetylated	-1.2655699	-0.89485455	-0.92555165	-1.2964423
chr18	60599503	1.3862944	3.7825751	-2.3962808	accessible_not_acetylated	-1.809841	0.55984735	0.0584805	0.33245754
chr7	6516576	0.0	2.3961868	-2.3961868	accessible_not_acetylated	0.15679884	0.3794818	-0.049220085	0.2822821
chr17	50919863	1.7917595	4.187041	-2.3952813	accessible_not_acetylated	-2.1860552	-0.6243262	-0.28312826	0.1383214
chr7	69209056	1.609438	4.004564	-2.3951259	accessible_not_acetylated	-1.1530044	0.062173843	0.01776743	0.14976358
chr17	75753038	1.3862944	3.7812462	-2.3949518	accessible_not_acetylated	-1.2856452	-0.63841295	-0.5463762	-0.15887713
chr18	36568592	0.6931472	3.0880823	-2.3949351	accessible_not_acetylated	-1.3107369	-0.07141614	-0.3914044	-0.25702047
chr18	4252326	2.6390574	5.033805	-2.3947475	accessible_not_acetylated	-1.947119	0.30357265	0.4406824	0.2124281
chr10	106652530	1.3862944	3.7806416	-2.3943472	accessible_not_acetylated	-1.6827521	0.047070026	0.08817482	0.068867445
chr8	71053444	1.7917595	4.1860037	-2.3942442	accessible_not_acetylated	-1.8207333	0.265903	0.5318103	0.48919296
chr7	35537561	0.0	2.3937757	-2.3937757	accessible_not_acetylated	-0.051716566	0.12277722	-0.35338783	-0.2158153
chr12	24379081	1.7917595	4.183716	-2.3919563	accessible_not_acetylated	-1.9836063	0.20170641	0.02141571	0.34896564
chr20	11373574	1.0986123	3.490532	-2.3919196	accessible_not_acetylated	-1.023155	0.20011282	0.059410572	0.23182535
chr22	20429379	0.6931472	3.0850086	-2.3918614	accessible_not_acetylated	0.2678411	-1.1476961	-0.6562946	-0.9425688
chr10	77232087	1.0986123	3.4900692	-2.3914568	accessible_not_acetylated	-1.6662331	-0.0659461	0.06556082	0.33861136
chr10	97687281	2.944439	5.3358693	-2.3914304	accessible_not_acetylated	-1.2768316	-0.47023344	-0.6090827	-0.62747097
chr8	37267652	2.7080503	5.0990677	-2.3910174	accessible_not_acetylated	-2.232221	0.030341625	0.27054882	0.43781233
chr8	119873677	1.7917595	4.1827116	-2.390952	accessible_not_acetylated	-1.8978744	-0.09189415	-0.36951566	-0.65207434
chr12	48980195	1.0986123	3.489431	-2.3908186	accessible_not_acetylated	1.1506076	-0.4877658	-0.09454656	-0.5174556
chr22	39311098	2.0794415	4.469982	-2.3905406	accessible_not_acetylated	-2.495442	-0.44277382	-0.5889385	-0.4507761
chr6	50285978	0.0	2.3902187	-2.3902187	accessible_not_acetylated	-0.62303376	0.46707416	-0.027063608	0.44428182
chr22	19613411	0.0	2.389779	-2.389779	accessible_not_acetylated	1.0016813	0.85104084	0.060085773	0.32467318
chr7	81685146	1.9459102	4.3356	-2.3896897	accessible_not_acetylated	-1.8258076	0.9296627	0.32376814	0.85646343
chr18	22169436	0.0	2.3895602	-2.3895602	accessible_not_acetylated	1.0054305	-1.3490492	-0.74438906	-1.532783
chr6	44000357	2.7725887	5.162104	-2.3895154	accessible_not_acetylated	-2.3989086	0.51629734	-0.0035190582	0.51559305
chr18	5031287	0.6931472	3.08225	-2.389103	accessible_not_acetylated	-0.7976353	0.57147765	0.08933425	0.12857199
chr7	31373517	0.0	2.388899	-2.388899	accessible_not_acetylated	0.079562426	-0.004200697	-0.14904785	-0.10003972
chr6	79239950	3.0910425	5.479675	-2.3886323	accessible_not_acetylated	-3.0638847	-0.5872016	0.028913021	0.52028465
chr6	100127077	2.4849067	4.87325	-2.3883433	accessible_not_acetylated	-2.2817683	-0.17739248	-0.037029743	-0.0071811676
chr21	31560015	2.4849067	4.872495	-2.3875885	accessible_not_acetylated	-0.20315123	0.12086105	0.1590972	0.7169075
chr18	36420453	2.4849067	4.87229	-2.3873835	accessible_not_acetylated	-1.8213215	0.48859644	0.62820435	0.49628592
chr20	1470339	0.6931472	3.080406	-2.3872588	accessible_not_acetylated	0.19666696	0.45549107	-0.076348305	0.21249485
chr7	125727378	0.6931472	3.08014	-2.386993	accessible_not_acetylated	-0.9891741	0.18884754	-0.086771965	-0.07514024
chr8	108325673	1.609438	3.9959235	-2.3864856	accessible_not_acetylated	-2.0361977	1.0513535	0.036248684	0.5248728
chr17	83081860	1.3862944	3.77251	-2.3862157	accessible_not_acetylated	-0.8959236	-0.49298716	-0.61026406	-0.3938012
chr8	22848522	0.0	2.3859878	-2.3859878	accessible_not_acetylated	0.2511077	0.13223457	0.09927893	0.08955383
chr6	158704478	2.3978953	4.7838335	-2.3859382	accessible_not_acetylated	-1.8184822	0.35676575	-0.2071166	0.34561777
chr8	133898260	1.3862944	3.7721024	-2.385808	accessible_not_acetylated	-1.3547218	0.18460941	0.20360303	0.12273455
chr7	149720385	2.7080503	5.0936227	-2.3855724	accessible_not_acetylated	-2.4195533	-1.0334973	-0.44135332	-0.5894551
chr17	981197	0.6931472	3.0779753	-2.384828	accessible_not_acetylated	-0.055467844	0.45339012	-0.4266162	0.40646982
chr22	28932383	1.0986123	3.4830906	-2.3844783	accessible_not_acetylated	-1.1225865	0.34740043	0.25553894	0.42793822
chr7	120760502	2.3025851	4.686879	-2.384294	accessible_not_acetylated	-2.2566626	0.017225266	0.054710865	0.37100458
chr18	33937538	1.609438	3.9934404	-2.3840024	accessible_not_acetylated	-2.1921089	-0.0017926693	-0.040132284	0.28202748
chr20	46132587	1.0986123	3.4818377	-2.3832254	accessible_not_acetylated	-0.7574849	0.7420273	-0.24105144	0.2896819
chr10	61498963	0.0	2.3832076	-2.3832076	accessible_not_acetylated	0.01645112	0.52093506	-0.021945715	0.20453501
chr17	17782362	2.1972246	4.5800705	-2.3828459	accessible_not_acetylated	-1.8078718	-1.5713205	-1.2292237	-1.8377895
chr20	51750348	0.0	2.382818	-2.382818	accessible_not_acetylated	0.46152163	0.68562746	0.7866223	0.7962191
chr18	51235365	0.6931472	3.0757613	-2.3826141	accessible_not_acetylated	0.22581124	0.9099076	0.2057643	0.94565535
chr6	91437537	1.7917595	4.1739044	-2.382145	accessible_not_acetylated	-2.3635218	-0.5831945	-0.102883816	-0.21486568
chr7	49001718	0.0	2.3819125	-2.3819125	accessible_not_acetylated	0.46408868	0.039307833	-0.057663918	0.3839383
chr7	141074231	0.0	2.3818655	-2.3818655	accessible_not_acetylated	0.5147929	-1.3944503	-0.7959001	-1.4933525
chr17	37490360	2.9957323	5.377097	-2.3813648	accessible_not_acetylated	-3.174481	-0.5257678	-0.76674604	-1.0115538
chr10	43204169	1.609438	3.990016	-2.380578	accessible_not_acetylated	-2.029256	-1.2728717	-1.1405628	-0.7865207
chr22	19773125	1.3862944	3.7668488	-2.3805544	accessible_not_acetylated	-1.7515993	-0.76387095	-0.509053	-0.3747759
chr10	48656218	2.6390574	5.019128	-2.3800704	accessible_not_acetylated	-2.9635394	-1.0617418	-0.8140249	-0.64295864
chr17	73340263	1.609438	3.98943	-2.379992	accessible_not_acetylated	-0.5965059	1.1063542	0.2880063	0.92327213
chr22	45645798	0.0	2.3798654	-2.3798654	accessible_not_acetylated	-0.109139204	-0.64407814	-0.6473689	-0.6620747
chr7	73770270	0.0	2.3791976	-2.3791976	accessible_not_acetylated	0.6641915	-1.226613	-0.51991224	-1.1209613
chr12	116881427	0.0	2.378802	-2.378802	accessible_not_acetylated	-0.14794064	-1.4332242	-0.6284436	-0.8688309
chr7	29234585	0.0	2.3784323	-2.3784323	accessible_not_acetylated	0.12583947	0.33676577	0.31036282	0.49196196
chr17	40550869	2.3025851	4.68049	-2.377905	accessible_not_acetylated	-1.9702938	0.34044743	-0.007892132	0.1356802
chr8	104678818	0.6931472	3.0699513	-2.376804	accessible_not_acetylated	-1.0919887	-0.56972694	-0.07121706	-0.2665093
chr10	21527257	2.7080503	5.084708	-2.376658	accessible_not_acetylated	-0.48072433	-0.3833809	-0.20786858	-0.14928007
chr17	15901137	1.0986123	3.4747167	-2.3761044	accessible_not_acetylated	-1.3716431	-0.14821386	-0.118407965	0.0969336
chr20	50594908	1.0986123	3.474366	-2.3757536	accessible_not_acetylated	-0.6385138	0.042537928	0.11751199	-0.05743313
chr12	106525373	0.6931472	3.068297	-2.3751497	accessible_not_acetylated	-0.978456	0.2464881	0.14902186	0.296443
chr12	32657738	0.0	2.3749907	-2.3749907	accessible_not_acetylated	0.08010721	-0.25495028	-0.29842377	-0.25381064
chr12	19834028	1.9459102	4.320548	-2.3746378	accessible_not_acetylated	-1.295903	0.12702656	0.1266694	0.18395662
chr12	2227602	0.0	2.3745458	-2.3745458	accessible_not_acetylated	0.98873043	0.65504766	0.16353106	0.5017667
chr20	3752266	1.0986123	3.4729896	-2.3743773	accessible_not_acetylated	-0.13274503	-1.080394	-0.5173135	-1.2225769
chr8	81732587	2.3978953	4.772053	-2.3741574	accessible_not_acetylated	-1.9848115	-0.12282276	-0.34138393	-0.22186136
chr21	24200270	0.6931472	3.0662003	-2.373053	accessible_not_acetylated	-1.2574277	0.51179194	0.015486956	0.4419062
chr18	4242871	1.3862944	3.7589993	-2.372705	accessible_not_acetylated	-1.3181944	-0.023763418	-0.018751144	0.24846792
chr8	21487085	3.295837	5.668522	-2.372685	accessible_not_acetylated	-3.0730336	-0.1321311	-0.0072755814	-0.070010185
chr7	155344792	2.7725887	5.1451154	-2.3725266	accessible_not_acetylated	-2.5408413	-0.35466385	-0.8877754	0.058450222
chr22	30252954	0.6931472	3.0656042	-2.372457	accessible_not_acetylated	0.0012600422	-0.5828953	-0.22615075	-0.19041395
chr8	142865240	0.0	2.3715086	-2.3715086	accessible_not_acetylated	0.29840016	-0.08778143	-0.16400719	-0.42326677
chr12	9754825	2.0794415	4.4507236	-2.371282	accessible_not_acetylated	-2.02933	-0.020533085	0.15803576	-0.5404701
chr6	170460338	1.3862944	3.7566931	-2.3703988	accessible_not_acetylated	-1.5810468	0.060282707	0.07793188	-0.0032129288
chr7	41298678	0.6931472	3.0634193	-2.3702722	accessible_not_acetylated	-0.6160822	0.127213	0.11543369	0.39562225
chr12	78864668	0.6931472	3.0633783	-2.3702312	accessible_not_acetylated	-1.1151191	-1.0369964	-1.1671158	-1.5758679
chr7	39322331	1.3862944	3.7559073	-2.369613	accessible_not_acetylated	-1.3655696	0.4463694	-0.09633207	0.17989373
chr22	38766314	0.0	2.3694704	-2.3694704	accessible_not_acetylated	0.12376404	-0.4859239	-0.11072278	-0.3267951
chr18	3877466	0.0	2.3694527	-2.3694527	accessible_not_acetylated	0.16026545	0.24126244	0.06648278	0.23529911
chr20	63042593	2.7725887	5.141936	-2.369347	accessible_not_acetylated	-2.9057379	0.7897148	-0.097093105	0.23158264
chr7	4798269	0.0	2.3693035	-2.3693035	accessible_not_acetylated	-0.8738935	-0.98166394	-0.60599923	-0.8633138
chr8	18581029	0.0	2.3692427	-2.3692427	accessible_not_acetylated	0.43140292	0.41248035	0.1374731	0.23629642
chr12	42482997	1.609438	3.9785557	-2.3691177	accessible_not_acetylated	-2.2220855	-0.14784575	-0.6880429	-0.16436625
chr7	41107847	2.0794415	4.448408	-2.3689666	accessible_not_acetylated	-1.3626807	0.8650527	0.2671833	0.50587654
chr10	33264382	1.0986123	3.4671383	-2.368526	accessible_not_acetylated	0.07478428	0.51903653	0.52577853	0.993361
chr7	128103885	1.9459102	4.3140903	-2.36818	accessible_not_acetylated	-1.3161922	-0.7302356	-0.81217766	-0.542068
chr20	42435413	0.0	2.3681464	-2.3681464	accessible_not_acetylated	0.05765724	0.409652	-0.0056881905	-0.0028970242
chr18	5057940	1.609438	3.9772935	-2.3678555	accessible_not_acetylated	-1.7907898	-0.508281	0.0008573532	-0.19984889
chr8	64567818	0.0	2.367678	-2.367678	accessible_not_acetylated	-0.21606374	0.19415188	-0.0904541	-0.5844978
chr12	105986916	0.6931472	3.0607529	-2.3676057	accessible_not_acetylated	-0.6847606	-0.16175699	-0.04997182	0.089417696
chr7	122597351	0.6931472	3.0603695	-2.3672223	accessible_not_acetylated	-1.2514881	-0.033944607	-0.20044422	-0.021707773
chr18	42258605	0.0	2.367129	-2.367129	accessible_not_acetylated	0.2116735	0.2847705	0.260324	0.28019452
chr10	67612989	2.3025851	4.669111	-2.3665257	accessible_not_acetylated	-1.9289706	0.34315348	0.35208035	0.5594177
chr12	77925680	0.0	2.366147	-2.366147	accessible_not_acetylated	-0.7196541	-0.054620266	-0.32764864	0.23711371
chr12	23899657	1.0986123	3.464589	-2.3659768	accessible_not_acetylated	-1.4065335	0.21698284	0.04685068	0.21576023
chr8	143368797	2.3978953	4.7636623	-2.365767	accessible_not_acetylated	-0.79378915	-1.4180081	-0.5479202	-0.37669992
chr12	102962894	1.0986123	3.4633913	-2.364779	accessible_not_acetylated	-1.2753222	-0.13391876	-0.203583	-0.505126
chr17	76541015	0.0	2.364159	-2.364159	accessible_not_acetylated	0.18101907	-0.037234306	-0.39954126	-0.13077593
chr20	35734154	1.7917595	4.155858	-2.3640985	accessible_not_acetylated	-2.1020005	-0.5399499	0.034994602	-0.32325602
chr6	39625331	0.6931472	3.0570939	-2.3639467	accessible_not_acetylated	-0.392555	0.9790709	0.30356598	0.49878025
chr20	25237934	0.6931472	3.0565479	-2.3634007	accessible_not_acetylated	0.80310917	0.55008864	0.49531984	0.3672502
chr21	41167800	0.6931472	3.05515	-2.3620028	accessible_not_acetylated	0.17539144	-1.719269	-1.0466871	-1.1366208
chr20	38165423	1.0986123	3.458788	-2.3601756	accessible_not_acetylated	-0.44725728	-0.26245856	-0.15473676	-0.53748155
chr8	8301648	2.1972246	4.557051	-2.3598266	accessible_not_acetylated	-2.6009893	0.64221144	0.07896805	-0.0210495
chr10	86367600	0.0	2.3598146	-2.3598146	accessible_not_acetylated	0.34967113	-1.0961928	-0.74792707	-1.1229782
chr7	22500236	0.0	2.359637	-2.359637	accessible_not_acetylated	1.2883134	-0.9189526	-0.4497056	-0.94824994
chr22	18061472	1.609438	3.968244	-2.3588061	accessible_not_acetylated	-1.3402109	0.17270899	0.024919033	0.25251722
chr6	3324640	2.1972246	4.555558	-2.3583336	accessible_not_acetylated	-1.3936293	1.3523769	0.94612026	1.2798629
chr12	47229695	0.0	2.357281	-2.357281	accessible_not_acetylated	-0.9986564	0.3159759	-0.3671664	0.44864392
chr10	89135136	0.0	2.356905	-2.356905	accessible_not_acetylated	-0.45566428	0.32360363	-0.1674025	-0.011179209
chr10	78973694	2.1972246	4.553879	-2.3566542	accessible_not_acetylated	-0.81912637	-0.08275032	-0.2765603	-0.014895916
chr8	109645111	3.2580965	5.614722	-2.3566253	accessible_not_acetylated	-3.4119577	-0.66407585	-0.84287024	-0.8835969
chr12	47759098	2.3978953	4.7545114	-2.356616	accessible_not_acetylated	-1.1068959	-0.97842836	-0.953835	-0.59158134
chr20	19828392	1.609438	3.9658444	-2.3564065	accessible_not_acetylated	-0.8568256	0.8730762	0.52249503	0.51503634
chr6	76004373	1.609438	3.965575	-2.356137	accessible_not_acetylated	-1.082216	0.29621768	0.11714625	0.66885257
chr7	87600821	1.7917595	4.147805	-2.3560457	accessible_not_acetylated	-1.2441988	0.6891804	-0.051418304	0.12848806
chr12	132908617	2.4849067	4.8409314	-2.3560247	accessible_not_acetylated	0.068674564	-0.34215164	-0.13518095	-0.12269974
chr8	30556247	2.3025851	4.6584806	-2.3558955	accessible_not_acetylated	-2.6439261	-1.07584	-0.8428323	-0.6192484
chr8	23682967	1.9459102	4.3017282	-2.355818	accessible_not_acetylated	-1.2338917	-0.73823833	-0.900414	-0.74184847
chr6	134035985	0.6931472	3.048714	-2.3555667	accessible_not_acetylated	-0.27669477	0.2604072	0.117344856	0.1749587
chr6	39608865	2.8903718	5.2449045	-2.3545327	accessible_not_acetylated	-2.67285	0.017588615	0.08091593	0.13211775
chr6	108904880	0.6931472	3.04752	-2.3543727	accessible_not_acetylated	-0.2452023	-0.054528713	0.13474584	-0.13159609
chr12	15755127	0.0	2.354042	-2.354042	accessible_not_acetylated	-0.23412871	0.23602057	0.18853259	0.17282653
chr21	45556066	2.6390574	4.9928613	-2.3538039	accessible_not_acetylated	-2.3489842	-0.7842331	-0.6727915	-0.7940197
chr12	4807073	2.0794415	4.433131	-2.3536897	accessible_not_acetylated	-1.7655497	0.48921204	0.43986416	0.4191785
chr17	76074800	0.0	2.3536844	-2.3536844	accessible_not_acetylated	-0.6757313	-1.3874772	-1.1883165	-1.2767625
chr22	47193317	0.0	2.352885	-2.352885	accessible_not_acetylated	0.45910263	-0.63348055	-0.81894255	-0.85057425
chr17	44558045	1.0986123	3.4510322	-2.3524199	accessible_not_acetylated	-1.930667	-1.5155748	-1.0479088	-0.79321456
chr6	30136771	0.6931472	3.045516	-2.3523688	accessible_not_acetylated	-0.64261293	-0.14240217	-0.020663738	-0.029232264
chr12	54006271	1.0986123	3.45082	-2.3522077	accessible_not_acetylated	-0.81911635	-0.49817848	-0.57563806	-0.4163282
chr8	64842614	1.3862944	3.7382705	-2.3519762	accessible_not_acetylated	-2.1385548	-0.23702598	-0.0580554	-0.052238464
chr20	46220890	0.0	2.3516333	-2.3516333	accessible_not_acetylated	1.3166192	-0.15169096	0.07980275	-0.052553654
chr17	18372374	1.7917595	4.1433716	-2.351612	accessible_not_acetylated	-1.0679069	0.4814391	0.19140434	0.6921053
chr10	50211010	0.0	2.3512177	-2.3512177	accessible_not_acetylated	-0.14865112	0.38937664	-0.0033988953	0.09482813
chr18	4435891	1.7917595	4.142817	-2.3510575	accessible_not_acetylated	-1.5734901	-0.16431212	0.027384281	-0.22228909
chr6	159904672	1.0986123	3.4495616	-2.3509493	accessible_not_acetylated	-0.5545037	0.14687395	0.22319508	0.23546886
chr10	93379873	0.0	2.3506665	-2.3506665	accessible_not_acetylated	0.15139842	0.26883054	0.2932601	0.16718507
chr8	93700583	2.4849067	4.835475	-2.3505683	accessible_not_acetylated	-1.8115695	-0.16122246	-1.2231884	-0.8005705
chr12	52052551	2.1972246	4.547538	-2.3503132	accessible_not_acetylated	-2.5356545	0.4037671	-0.36277485	-0.29556847
chr17	49231067	2.1972246	4.547398	-2.3501735	accessible_not_acetylated	-1.4263368	0.14340639	-0.43051243	-0.12275791
chr10	34527266	1.0986123	3.448729	-2.3501167	accessible_not_acetylated	-1.5730662	0.017620087	0.25291467	0.26243043
chr12	29691602	2.0794415	4.4293118	-2.3498702	accessible_not_acetylated	-2.1063826	0.82374096	0.37257576	0.69809437
chr12	49804292	0.0	2.3497486	-2.3497486	accessible_not_acetylated	-0.23948598	-0.06685805	-0.04371643	0.107941866
chr8	108348418	1.3862944	3.7359514	-2.349657	accessible_not_acetylated	-1.4159493	0.7443414	0.11794877	0.3088646
chr17	17972641	2.6390574	4.9885974	-2.34954	accessible_not_acetylated	-1.0585115	-0.01411438	-0.13432693	0.23560572
chr7	47254525	0.6931472	3.0424485	-2.3493013	accessible_not_acetylated	0.7166858	-0.2474761	-0.36616063	0.05758357
chr7	55280245	2.0794415	4.428535	-2.3490934	accessible_not_acetylated	-2.199789	-0.6133461	-0.5157378	-0.1476655
chr18	30712618	0.0	2.3487964	-2.3487964	accessible_not_acetylated	-0.506932	0.5825367	0.0050742626	0.11476445
chr22	24593139	1.3862944	3.735054	-2.3487597	accessible_not_acetylated	-0.8071735	-0.9618354	-0.8612182	-0.8151016
chr10	44911315	0.0	2.3462007	-2.3462007	accessible_not_acetylated	-0.013186216	-0.5504948	-0.53352165	-0.47008502
chr10	33746986	1.3862944	3.732362	-2.3460677	accessible_not_acetylated	-2.0770392	-0.14874268	-0.09656882	-0.14734983
chr10	112916113	0.6931472	3.0385451	-2.345398	accessible_not_acetylated	0.025116444	-0.10860038	0.23234653	0.1494894
chr10	127353760	1.0986123	3.4436803	-2.345068	accessible_not_acetylated	-0.9309857	-0.6930752	-0.1705935	-0.42869568
chr8	81156674	2.1972246	4.54189	-2.3446655	accessible_not_acetylated	-2.3516476	-0.4441533	-0.18264866	-0.033873558
chr7	120856960	3.9512436	6.2954435	-2.3442	accessible_not_acetylated	-3.2542906	-0.6103864	-0.4803686	-0.26595068
chr17	81484565	1.609438	3.953537	-2.344099	accessible_not_acetylated	-0.94934607	-0.3155985	-0.734957	-0.71712637
chr10	34836215	1.0986123	3.4425657	-2.3439534	accessible_not_acetylated	-1.0247085	0.2979927	-0.05087447	0.3373425
chr7	123534849	3.0910425	5.434967	-2.3439245	accessible_not_acetylated	-2.2214298	-0.82224655	-0.59137344	-0.71327305
chr22	24592544	1.3862944	3.7292802	-2.3429859	accessible_not_acetylated	-1.2794099	-1.005173	-0.8483422	-0.9431665
chr17	50178532	1.0986123	3.4415855	-2.3429732	accessible_not_acetylated	-0.7038269	-0.7078681	-0.4144318	-0.34820056
chr6	98323563	0.0	2.3428013	-2.3428013	accessible_not_acetylated	-0.1468811	0.019981861	0.1757617	0.1117928
chr8	100649665	0.0	2.3426688	-2.3426688	accessible_not_acetylated	-0.28855944	-1.1946898	-1.029591	-0.92929494
chr12	120972990	0.0	2.3425775	-2.3425775	accessible_not_acetylated	0.014627218	0.0068707466	-0.05308771	0.16596007
chr18	2450821	0.0	2.3419025	-2.3419025	accessible_not_acetylated	-0.19294429	0.7409158	0.06788945	0.49543214
chr12	131454889	0.0	2.3418589	-2.3418589	accessible_not_acetylated	-0.2042427	-0.5168308	-0.17329311	0.22839308
chr6	105025045	0.0	2.3417673	-2.3417673	accessible_not_acetylated	0.37829208	0.3857205	-0.046880722	0.20660257
chr6	134174867	2.8903718	5.2315903	-2.3412185	accessible_not_acetylated	8.4877014e-05	-0.7849479	-0.10447359	-0.6560292
chr20	35604621	0.0	2.3412015	-2.3412015	accessible_not_acetylated	0.33337831	-0.2170918	-0.099440575	-0.26644135
chr8	19408591	0.0	2.3409336	-2.3409336	accessible_not_acetylated	-0.08180094	-0.7872374	-0.2664957	-0.250813
chr8	74571918	1.0986123	3.4393756	-2.3407633	accessible_not_acetylated	-0.81070924	0.61255956	0.1394403	0.18012929
chr8	103373364	0.0	2.3404903	-2.3404903	accessible_not_acetylated	0.2863345	-0.2882061	-0.34619975	-0.13629436
chr20	19820727	1.0986123	3.4390686	-2.3404562	accessible_not_acetylated	-1.0770679	-0.30145645	-0.07115579	-0.3627398
chr6	138001952	0.0	2.3397079	-2.3397079	accessible_not_acetylated	-0.1475892	-0.6101377	-0.44564283	-0.39772248
chr6	87074256	0.0	2.339324	-2.339324	accessible_not_acetylated	0.7285464	0.22041655	0.10563445	0.102488995
chr10	101031198	1.7917595	4.13104	-2.3392806	accessible_not_acetylated	-0.91094065	-0.17802978	-0.7581289	-0.37507224
chr10	34524528	1.7917595	4.1307597	-2.3390002	accessible_not_acetylated	-1.8536727	0.24399853	0.053649426	0.5202851
chr7	22103825	0.0	2.3389127	-2.3389127	accessible_not_acetylated	0.6028156	0.28873754	-0.48028088	0.10161829
chr20	45993671	0.0	2.3387897	-2.3387897	accessible_not_acetylated	1.1085279	0.5631597	0.01399827	0.42976975
chr10	34809574	2.3978953	4.7361884	-2.338293	accessible_not_acetylated	-2.5828776	-0.5649476	-0.069812775	-0.277287
chr10	103245886	0.0	2.3382742	-2.3382742	accessible_not_acetylated	-0.0372262	-0.58561254	-0.20002818	0.0012848377
chr18	36302972	1.0986123	3.4361312	-2.337519	accessible_not_acetylated	-0.5288923	-0.0581038	0.05976677	-0.21812487
chr17	7781674	1.609438	3.9469533	-2.3375154	accessible_not_acetylated	-1.7098157	0.014742374	-0.079479694	-0.083114386
chr10	1426028	2.0794415	4.4166784	-2.337237	accessible_not_acetylated	-1.8309588	0.5341768	0.16093016	0.7531786
chr7	98281381	2.1972246	4.534403	-2.3371782	accessible_not_acetylated	-0.787271	-1.32159	-0.9157386	-0.60529566
chr6	165575150	1.609438	3.9465983	-2.3371603	accessible_not_acetylated	-1.2691269	-0.062921286	0.25337195	0.33876538
chr7	155167951	0.0	2.3367677	-2.3367677	accessible_not_acetylated	-0.56189644	-0.43684518	-0.26620173	-0.12770963
chr17	48562221	2.3025851	4.6392565	-2.3366714	accessible_not_acetylated	-2.402236	-0.060320854	-0.13690901	0.13537836
chr12	100554115	0.6931472	3.029739	-2.3365917	accessible_not_acetylated	-0.12265754	0.24736547	0.20690703	0.17531943
chr12	79127304	0.6931472	3.0294867	-2.3363395	accessible_not_acetylated	-0.0871191	0.9198761	0.46989083	0.7052932
chr6	1610445	1.609438	3.9450295	-2.3355916	accessible_not_acetylated	-0.45061207	-1.0148325	-0.96442294	-0.9370973
chr7	36188459	1.0986123	3.4339414	-2.335329	accessible_not_acetylated	-1.8247347	-0.5170469	-0.1685524	-0.009075165
chr6	81452047	0.6931472	3.0283241	-2.335177	accessible_not_acetylated	0.096120596	0.9324739	0.7567148	1.1813517
chr18	8661940	0.6931472	3.028272	-2.3351247	accessible_not_acetylated	-0.4443152	-0.39092422	-0.058975935	-0.24260926
chr20	6637249	0.6931472	3.0275898	-2.3344426	accessible_not_acetylated	-0.5571258	0.18852901	0.0421319	0.023224592
chr6	165662100	0.0	2.3344247	-2.3344247	accessible_not_acetylated	0.28215575	-1.6073489	-1.4698962	-1.6867489
chr6	118777409	0.0	2.334186	-2.334186	accessible_not_acetylated	0.13547301	-0.12460232	-0.030286074	0.17505717
chr6	148948202	0.0	2.3340642	-2.3340642	accessible_not_acetylated	0.20456433	0.49875975	-0.038021326	0.14716434
chr10	90858140	1.3862944	3.719718	-2.3334236	accessible_not_acetylated	-1.7910509	-0.832427	-0.76989937	-0.9065485
chr8	48550559	0.0	2.333348	-2.333348	accessible_not_acetylated	0.3110683	0.10782981	0.39033437	0.24895096
chr10	19144395	0.6931472	3.0259645	-2.3328173	accessible_not_acetylated	-0.98343444	0.23343325	0.13612485	0.31661296
chr7	151411875	0.6931472	3.0255878	-2.3324406	accessible_not_acetylated	-0.57446384	-0.8508117	-0.10615897	0.058664083
chr12	113138224	0.0	2.3324404	-2.3324404	accessible_not_acetylated	0.43500328	0.13561106	0.16890883	0.14749742
chr20	64100469	1.7917595	4.1239533	-2.3321939	accessible_not_acetylated	-1.314698	-0.52536416	-0.15059042	0.12084532
chr17	28888360	2.5649493	4.897058	-2.3321087	accessible_not_acetylated	-2.5367286	-0.18229055	-0.2987151	0.014993191
chr12	24231164	1.7917595	4.1228533	-2.3310938	accessible_not_acetylated	-1.8136237	0.19583797	0.17440367	-0.04415989
chr17	72120906	3.295837	5.626871	-2.3310342	accessible_not_acetylated	-1.8644688	-0.08327818	-0.7732978	0.12911415
chr17	57861272	1.3862944	3.717122	-2.3308277	accessible_not_acetylated	0.07397866	-0.36444998	-0.52078533	-0.28090334
chr18	3984353	1.609438	3.9399526	-2.3305147	accessible_not_acetylated	-1.4266422	0.42248607	0.23737168	0.3043487
chr10	69094164	3.2580965	5.588577	-2.3304803	accessible_not_acetylated	-2.896293	-0.96283007	-0.13069439	-0.41158485
chr7	121314196	2.944439	5.2748346	-2.3303957	accessible_not_acetylated	-2.690525	-0.54242945	0.031567097	0.24290848
chr6	130370000	0.6931472	3.0233405	-2.3301933	accessible_not_acetylated	-0.7306707	0.147609	0.016726017	0.2375207
chr10	86364214	0.0	2.3300695	-2.3300695	accessible_not_acetylated	0.1587658	-0.5793996	-0.3316946	-0.5878699
chr8	57766622	0.0	2.3299532	-2.3299532	accessible_not_acetylated	0.10700202	0.25664496	0.06902313	0.18178487
chr20	6651061	0.6931472	3.0230231	-2.329876	accessible_not_acetylated	-0.5138948	0.42041016	0.23928547	0.31615067
chr6	123925537	0.6931472	3.02285	-2.3297029	accessible_not_acetylated	-1.0242646	0.23281384	0.1333034	0.46826673
chr6	119309361	2.1972246	4.526913	-2.3296885	accessible_not_acetylated	-1.163377	-0.1465764	0.18272686	0.14455175
chr10	17858958	1.0986123	3.427788	-2.3291757	accessible_not_acetylated	-1.4714282	0.26825333	0.026239157	0.08389783
chr12	48972848	1.0986123	3.4274774	-2.328865	accessible_not_acetylated	-0.9749861	-0.6573334	-0.33260775	-0.4513831
chr17	50055935	3.0910425	5.4197917	-2.3287492	accessible_not_acetylated	-1.6574767	-0.20505333	-0.7954197	-0.6178341
chr6	21402588	0.6931472	3.0215473	-2.3284001	accessible_not_acetylated	-0.28262854	-0.08650184	-0.062563896	0.08962679
chr6	106510759	2.9957323	5.3234553	-2.327723	accessible_not_acetylated	-2.152328	-1.0453725	-0.42073822	-0.24634695
chr21	25580088	1.9459102	4.2733502	-2.32744	accessible_not_acetylated	-2.428471	-0.5976198	-0.07510233	-0.5452833
chr7	90245140	2.7725887	5.0994453	-2.3268566	accessible_not_acetylated	-0.29993486	-0.15286255	-0.14582253	-0.031478405
chr6	155333583	4.26268	2.9932854	1.2693946	acetylated_beyond_accessibility	-0.5621064	0.45544386	0.001232624	0.5001385
chr17	67608891	3.7841897	2.5146556	1.2695341	acetylated_beyond_accessibility	-0.5969598	-0.159518	-0.25861335	0.07181978
chr22	31654612	3.583519	2.3137984	1.2697206	acetylated_beyond_accessibility	0.019658804	0.26482725	0.19124174	0.05213499
chr6	35718293	4.0775375	2.807753	1.2697845	acetylated_beyond_accessibility	-0.112077236	0.19221067	-0.05521965	0.27508926
chr6	7917121	4.26268	2.9928906	1.2697895	acetylated_beyond_accessibility	-0.7728052	0.08249307	-0.054196358	-0.045996428
chr7	102028702	3.2580965	1.9881518	1.2699447	acetylated_beyond_accessibility	0.7147956	-0.25160587	-0.016076446	-0.20613074
chr12	11861236	2.944439	1.6744742	1.2699647	acetylated_beyond_accessibility	1.471472	0.33876324	0.1361233	0.2521417
chr12	10558984	3.2580965	1.9880008	1.2700957	acetylated_beyond_accessibility	0.8214029	0.28272116	-0.012901187	0.12254679
chr17	65014051	3.8918204	2.6216054	1.270215	acetylated_beyond_accessibility	0.6247375	1.0150337	0.7360213	1.3440611
chr6	158912569	4.634729	3.3644698	1.2702591	acetylated_beyond_accessibility	-0.57808566	0.31524158	0.04254651	0.54304624
chr6	31186837	4.3438053	3.0734446	1.2703607	acetylated_beyond_accessibility	0.085938215	0.20661545	0.014758348	-0.016064167
chr8	143928542	4.890349	3.6196706	1.2706783	acetylated_beyond_accessibility	-0.3747754	0.23638916	-0.3445227	0.22490716
chr12	122407313	3.218876	1.9480366	1.2708393	acetylated_beyond_accessibility	0.2677771	0.13145173	-0.15120757	-0.06957471
chr8	102279663	2.944439	1.6735694	1.2708695	acetylated_beyond_accessibility	0.8629892	0.15827179	0.048127174	0.16772199
chr10	11145408	4.248495	2.9773517	1.2711434	acetylated_beyond_accessibility	-0.18742657	0.23557782	-0.010997295	0.25039864
chr6	36432449	3.6888795	2.4176128	1.2712667	acetylated_beyond_accessibility	0.34620118	0.17749858	-0.08253479	0.59333587
chr12	101345986	2.6390574	1.3677268	1.2713306	acetylated_beyond_accessibility	0.8393855	0.59886515	0.091062784	0.07599592
chr12	49754039	4.59512	3.3235846	1.2715354	acetylated_beyond_accessibility	0.2979064	1.0445895	0.2835636	1.295351
chr8	102557584	6.156979	4.885266	1.2717133	acetylated_beyond_accessibility	-2.379496	0.1738019	0.09620762	0.67809343
chr17	77128010	2.8332133	1.5610621	1.2721512	acetylated_beyond_accessibility	1.2760777	0.2999686	0.12572527	0.1498816
chr22	33256021	2.944439	1.6721746	1.2722644	acetylated_beyond_accessibility	0.8823756	0.20570087	0.141312	0.16444325
chr8	42331363	5.0172796	3.7449124	1.2723672	acetylated_beyond_accessibility	-1.2088926	0.12183881	0.084582806	0.14801621
chr17	67548253	3.465736	2.1931577	1.2725782	acetylated_beyond_accessibility	0.023010254	-0.079612255	-0.047041655	-0.06296873
chr20	15318137	5.278115	4.0052643	1.2728505	acetylated_beyond_accessibility	-2.0308228	0.22664595	0.0451169	-0.4837656
chr12	131608116	4.634729	3.3615732	1.2731557	acetylated_beyond_accessibility	-0.57774234	0.4440012	0.2035327	0.49153066
chr10	14047424	2.8903718	1.6171942	1.2731776	acetylated_beyond_accessibility	0.5640702	0.3463695	0.21180594	0.14201844
chr7	129137262	4.5217886	3.2484202	1.2733684	acetylated_beyond_accessibility	-0.90494347	0.12656784	-0.013600349	0.516016
chr6	136742285	3.2580965	1.9845006	1.2735958	acetylated_beyond_accessibility	-0.5830393	0.279238	-0.17561877	0.044730425
chr6	37290275	3.1354942	1.8618114	1.2736828	acetylated_beyond_accessibility	1.0242021	0.3540089	0.37214398	0.3047824
chr17	2491227	5.293305	4.0195017	1.2738032	acetylated_beyond_accessibility	-1.3831666	0.86549854	0.18726683	0.90795803
chr18	63199102	3.6635616	2.3894691	1.2740924	acetylated_beyond_accessibility	0.95266056	2.0842228	0.9062767	2.3589883
chr12	118376414	5.2257466	3.9516358	1.2741108	acetylated_beyond_accessibility	0.95690775	-0.3499198	0.155437	-0.1432159
chr7	38168194	4.1271343	2.852678	1.2744563	acetylated_beyond_accessibility	-0.9818969	0.22935939	-0.024771452	-0.08195639
chr12	51009279	2.8332133	1.558723	1.2744904	acetylated_beyond_accessibility	1.2181368	0.5932646	0.16685534	-0.010564327
chr17	57498556	2.8332133	1.5582292	1.2749841	acetylated_beyond_accessibility	0.50179076	0.15886962	0.099731684	0.15609968
chr6	35895446	3.1780539	1.9029074	1.2751465	acetylated_beyond_accessibility	1.1864185	0.0031218529	0.11613965	0.16571474
chr20	61911995	4.1108737	2.8355567	1.275317	acetylated_beyond_accessibility	0.54634094	0.2649343	0.25343275	0.22408295
chr6	151380219	5.187386	3.9115224	1.2758636	acetylated_beyond_accessibility	-1.6142573	0.6059737	-0.017077446	0.54133177
chr18	58792325	3.1780539	1.902122	1.2759318	acetylated_beyond_accessibility	0.18314004	0.12914705	-0.13844347	0.19176292
chr6	158292240	3.3322046	2.0560882	1.2761164	acetylated_beyond_accessibility	0.31004906	0.21461248	0.06842542	0.37375426
chr6	46103675	3.2580965	1.9819045	1.276192	acetylated_beyond_accessibility	0.023842573	-0.109353304	-0.2101667	0.17115259
chr18	62664140	4.0943446	2.817865	1.2764797	acetylated_beyond_accessibility	0.7576916	0.693182	0.5804658	0.49355078
chr12	104816337	3.1780539	1.9015496	1.2765043	acetylated_beyond_accessibility	0.03805518	0.14871716	-0.16303086	-0.12943363
chr8	31078485	4.1108737	2.8343637	1.27651	acetylated_beyond_accessibility	0.83171463	0.053438425	0.81810045	0.30218244
chr8	47478469	3.0445225	1.7678216	1.276701	acetylated_beyond_accessibility	0.83579326	0.24648857	0.18148506	0.14465714
chr8	81064818	4.3820267	3.1050363	1.2769904	acetylated_beyond_accessibility	-0.6586313	0.62261486	-0.07625985	0.36378908
chr10	26755646	3.912023	2.6348863	1.2771368	acetylated_beyond_accessibility	0.51122904	1.0355785	0.460464	1.1345072
chr10	102564445	3.6888795	2.4115033	1.2773762	acetylated_beyond_accessibility	-0.050762177	0.4486618	0.023875475	0.19731665
chr12	49422214	3.4011974	2.1237946	1.2774029	acetylated_beyond_accessibility	0.89402294	0.33965445	0.03973794	0.21271396
chr17	77165155	3.637586	2.3600638	1.2775223	acetylated_beyond_accessibility	1.6016855	0.4464271	0.17255902	0.25583744
chr22	42895277	4.8441873	3.5666375	1.2775497	acetylated_beyond_accessibility	-0.5828657	0.6148529	0.3775735	0.67175007
chr12	10602904	2.7080503	1.4300932	1.2779571	acetylated_beyond_accessibility	1.0997013	0.1460309	-0.07898569	0.14149559
chr22	22692921	2.7080503	1.4300585	1.2779918	acetylated_beyond_accessibility	1.3421862	0.06395197	-0.2839322	-0.061453342
chr8	58151683	3.7612002	2.482894	1.2783062	acetylated_beyond_accessibility	0.28168344	0.56853795	0.4262333	0.4271717
chr17	7897955	2.8332133	1.5545208	1.2786925	acetylated_beyond_accessibility	1.0921221	0.54064107	0.5115855	0.54007816
chr21	46559787	3.988984	2.710221	1.278763	acetylated_beyond_accessibility	0.6310272	0.2943666	0.1285286	0.29271436
chr7	7202106	3.713572	2.4346447	1.2789273	acetylated_beyond_accessibility	0.6068499	0.7283325	0.10515523	0.6470041
chr12	119673915	2.8903718	1.611022	1.2793498	acetylated_beyond_accessibility	1.9553366	0.5400467	0.14737868	0.38803267
chr18	10935193	3.0910425	1.8116536	1.2793889	acetylated_beyond_accessibility	0.9875834	0.22634935	0.01132822	0.074548125
chr6	107878232	3.0910425	1.811549	1.2794936	acetylated_beyond_accessibility	0.52373815	0.058362484	-0.092270136	0.123218894
chr12	4643917	2.8903718	1.6108747	1.2794971	acetylated_beyond_accessibility	1.1776843	0.80397916	0.20286489	0.34051776
chr12	123742453	3.8066626	2.5271597	1.2795029	acetylated_beyond_accessibility	0.5656347	-0.33806682	0.037447214	0.0167315
chr17	8849916	4.394449	3.1149197	1.2795296	acetylated_beyond_accessibility	-1.2696896	0.1531291	-0.20573425	-0.21280265
chr17	77371768	4.060443	2.7807846	1.2796583	acetylated_beyond_accessibility	-0.18468404	-0.034683704	-0.51428366	-0.16699672
chr21	14684284	4.543295	3.263481	1.279814	acetylated_beyond_accessibility	-0.31977654	0.85801864	0.036896467	0.49571395
chr12	11807447	4.1271343	2.8472784	1.279856	acetylated_beyond_accessibility	-0.76252866	0.29029107	0.065862894	0.21162558
chr17	81601718	2.9957323	1.7158264	1.2799059	acetylated_beyond_accessibility	1.2696427	0.18091512	-0.15429235	0.36333263
chr6	16329649	3.0445225	1.764376	1.2801465	acetylated_beyond_accessibility	1.1506838	0.30384886	0.2812146	0.21404696
chr20	62021115	3.713572	2.4332316	1.2803404	acetylated_beyond_accessibility	0.07899022	-0.29389048	-0.14140272	-0.14933372
chr22	49503524	3.637586	2.3571715	1.2804146	acetylated_beyond_accessibility	0.65128374	0.28722763	-0.09061599	-0.028541327
chr22	40504613	4.4308167	3.1502132	1.2806034	acetylated_beyond_accessibility	-1.2191137	0.45109987	-0.004920721	0.1099689
chr12	29155278	2.9957323	1.7150012	1.2807311	acetylated_beyond_accessibility	0.6011418	0.44237792	0.08571291	0.4700216
chr22	33237269	2.8332133	1.5522784	1.2809349	acetylated_beyond_accessibility	0.60344183	0.33383608	0.013280988	0.26413786
chr22	40203752	4.0430512	2.762058	1.2809932	acetylated_beyond_accessibility	-0.20941854	0.13735557	-0.083307505	0.18142843
chr20	48832370	4.317488	3.0361266	1.2813616	acetylated_beyond_accessibility	-0.2416594	0.34532595	0.33991003	0.122023106
chr6	7126993	3.0445225	1.7631483	1.2813742	acetylated_beyond_accessibility	2.0488188	0.39060903	0.16631365	0.25510788
chr10	95864174	3.6635616	2.3820336	1.281528	acetylated_beyond_accessibility	0.48513865	0.61788464	0.08039117	-0.03243518
chr6	144075438	4.934474	3.6520016	1.2824724	acetylated_beyond_accessibility	-0.97114635	0.40930963	0.10991216	0.47866273
chr12	94857978	2.7080503	1.4254819	1.2825683	acetylated_beyond_accessibility	0.538205	0.43422973	-0.04189694	0.042112827
chr8	26258227	3.912023	2.6293461	1.2826769	acetylated_beyond_accessibility	0.80057573	1.370992	0.4402814	1.271177
chr6	41705265	5.8377304	4.554137	1.2835932	acetylated_beyond_accessibility	-2.2691753	-0.17334127	-0.07470417	0.26525688
chr18	9710956	4.5217886	3.2374628	1.2843258	acetylated_beyond_accessibility	-0.77628493	1.1828406	-0.17770886	0.077364445
chr17	29682257	3.8918204	2.6073658	1.2844546	acetylated_beyond_accessibility	-0.047482014	0.7580116	0.12018895	0.5662248
chr12	94795378	3.3322046	2.0474095	1.284795	acetylated_beyond_accessibility	1.0209372	0.31695175	-0.08401358	0.25368452
chr10	45354459	3.583519	2.2983956	1.2851233	acetylated_beyond_accessibility	0.14522028	0.6689868	0.47644138	0.3350458
chr7	24916724	4.158883	2.8735793	1.2853038	acetylated_beyond_accessibility	0.089817286	0.6043227	0.13041091	0.42143583
chr6	111564815	3.5263605	2.240783	1.2855775	acetylated_beyond_accessibility	1.1781754	0.37937784	0.3158512	0.17632842
chr17	27888655	4.276666	2.9907641	1.285902	acetylated_beyond_accessibility	-0.37195635	0.1294198	0.24771047	0.2140472
chr10	124971529	4.7957907	3.509741	1.2860496	acetylated_beyond_accessibility	-1.0577686	-0.18544173	-0.092213154	0.0051498413
chr7	8114363	5.2257466	3.9394841	1.2862625	acetylated_beyond_accessibility	-1.3066235	1.0952334	0.13406706	0.7321181
chr7	36950358	4.65396	3.3670614	1.2868989	acetylated_beyond_accessibility	-0.24347425	-0.106560946	0.3802793	0.6018145
chr6	163814273	2.8903718	1.6032479	1.2871239	acetylated_beyond_accessibility	1.3387082	0.24436426	0.15224445	-0.050699234
chr12	120850002	4.2904596	3.0032334	1.2872262	acetylated_beyond_accessibility	0.28100038	0.26589775	0.1112957	0.38201022
chr6	137155953	3.713572	2.426236	1.2873361	acetylated_beyond_accessibility	-0.073446274	0.46370673	0.14289045	0.6503005
chr8	127269015	3.218876	1.9309852	1.2878907	acetylated_beyond_accessibility	0.48599792	0.09457111	0.06832135	-0.023266315
chr18	26183925	3.1780539	1.8901274	1.2879264	acetylated_beyond_accessibility	0.895164	0.453676	0.51609254	0.24659538
chr12	2925585	3.0445225	1.7565095	1.288013	acetylated_beyond_accessibility	2.0359478	0.49544716	0.36924624	0.4327135
chr21	14736630	4.060443	2.7722323	1.2882106	acetylated_beyond_accessibility	-0.52219677	0.14679646	0.0030574799	0.22317767
chr12	50635549	2.8903718	1.6015314	1.2888404	acetylated_beyond_accessibility	0.7857548	0.31222856	-0.05009091	0.14965296
chr17	4331860	3.4965076	2.2075424	1.2889652	acetylated_beyond_accessibility	0.5509267	0.11715174	-0.0619483	0.2509942
chr21	36079192	3.295837	2.0068662	1.2889707	acetylated_beyond_accessibility	0.8356817	-0.2483511	-0.020896077	0.23573852
chr6	33057640	4.1271343	2.8380406	1.2890937	acetylated_beyond_accessibility	-0.40012002	0.25398993	0.1913464	0.28492498
chr17	80760700	3.5553482	2.2661161	1.289232	acetylated_beyond_accessibility	-0.09632921	-0.14043593	-0.1724639	-0.22208977
chr17	27481544	4.4188404	3.1293535	1.2894869	acetylated_beyond_accessibility	-0.5350785	0.63635397	0.297966	0.6093409
chr7	37821937	4.406719	3.1172028	1.2895164	acetylated_beyond_accessibility	-0.95483637	0.58661795	-0.03800583	0.094609976
chr8	28082295	3.3322046	2.0425205	1.289684	acetylated_beyond_accessibility	0.77168965	0.21264982	0.12854815	0.24104595
chr12	93408951	2.8903718	1.6006094	1.2897624	acetylated_beyond_accessibility	1.1407684	0.609177	0.14820302	0.30684292
chr18	2998395	4.394449	3.1044111	1.2900381	acetylated_beyond_accessibility	-0.22406459	0.19159293	0.23752308	0.4028697
chr21	33932239	3.9702919	2.6801128	1.290179	acetylated_beyond_accessibility	-0.20228505	-0.15051508	0.2298851	0.10589242
chr21	14826658	5.062595	3.7722745	1.2903204	acetylated_beyond_accessibility	-0.9650948	0.13999319	0.062954426	0.23010206
chr12	56336851	4.4308167	3.1401181	1.2906985	acetylated_beyond_accessibility	-0.35366154	0.1558938	0.02111578	-0.09554911
chr12	1716516	3.8501477	2.5594244	1.2907233	acetylated_beyond_accessibility	-0.4387288	0.36696196	0.20389414	0.22787356
chr8	116735332	3.8501477	2.5591764	1.2909713	acetylated_beyond_accessibility	-0.27268505	0.41369867	0.33728623	0.19618988
chr10	121910868	4.1271343	2.835661	1.2914734	acetylated_beyond_accessibility	0.4222753	1.3650794	0.7440362	0.9671309
chr17	80899541	2.9957323	1.7042538	1.2914785	acetylated_beyond_accessibility	1.2462064	0.2803359	-0.036118746	-0.17499912
chr10	72175293	4.454347	3.1626368	1.2917104	acetylated_beyond_accessibility	-0.6521511	0.69218755	0.8693695	0.50393677
chr22	22942907	5.398163	4.1060915	1.2920713	acetylated_beyond_accessibility	-0.9050014	0.4047618	-0.004740715	0.23454475
chr10	50452713	4.634729	3.3426294	1.2920995	acetylated_beyond_accessibility	-0.7993758	0.42526484	0.08150959	0.29301572
chr10	74675083	3.5263605	2.2338245	1.292536	acetylated_beyond_accessibility	-0.8773464	0.19949603	-0.18756557	0.07660174
chr12	3728647	3.912023	2.619308	1.2927151	acetylated_beyond_accessibility	0.47701645	-0.10025883	0.2668054	0.23145866
chr10	103660146	3.7841897	2.4914255	1.2927642	acetylated_beyond_accessibility	-0.5918975	-0.4551053	-0.6559223	-0.47061372
chr6	15435064	4.4886365	3.1958432	1.2927933	acetylated_beyond_accessibility	-0.7071624	0.5972612	0.18598843	0.78792787
chr12	32261684	2.8332133	1.540271	1.2929423	acetylated_beyond_accessibility	0.75706315	0.32597876	0.23630488	0.3163334
chr18	11096641	4.477337	3.184064	1.293273	acetylated_beyond_accessibility	0.20635653	0.55884194	0.39510798	0.4424019
chr17	75678063	3.9702919	2.6767998	1.2934921	acetylated_beyond_accessibility	0.46342635	0.11266947	0.025406837	0.19227481
chr6	145736681	4.406719	3.1131139	1.2936053	acetylated_beyond_accessibility	-0.49024796	0.46644545	-0.06638312	0.66325736
chr17	76439938	2.1972246	0.9033524	1.2938722	acetylated_beyond_accessibility	1.8943328	0.42804587	0.19875264	0.24682617
chr7	101122437	4.5108595	3.2168486	1.2940109	acetylated_beyond_accessibility	-0.3341446	1.0543697	-0.06034851	0.66911054
chr7	102331803	3.5553482	2.2608895	1.2944586	acetylated_beyond_accessibility	1.388936	0.22829628	0.114207745	0.25230265
chr21	14762849	5.4553213	4.1607647	1.2945566	acetylated_beyond_accessibility	-1.4824398	0.41394615	0.12271929	0.49054003
chr7	90700710	3.7376697	2.4428158	1.2948539	acetylated_beyond_accessibility	-0.39730144	0.5900183	-0.13603282	0.13254738
chr17	17477115	4.8751974	3.5802593	1.2949381	acetylated_beyond_accessibility	-0.12569928	-0.33269548	-0.25006938	-0.22231412
chr12	124469734	3.1354942	1.8405112	1.294983	acetylated_beyond_accessibility	-0.029185534	-0.13417912	-0.20015883	-0.104147196
chr6	119442890	3.7841897	2.4890594	1.2951303	acetylated_beyond_accessibility	1.2825186	0.06289053	0.2352972	0.25251937
chr6	13433986	4.7004805	3.4050446	1.2954359	acetylated_beyond_accessibility	-0.6680014	0.34929037	0.45275116	0.16932392
chr17	5200541	4.9698133	3.6742606	1.2955527	acetylated_beyond_accessibility	-1.1821835	-0.26295757	-0.20589924	-0.31721973
chr7	132906422	3.1354942	1.8395424	1.2959518	acetylated_beyond_accessibility	0.1522913	0.12150228	-0.18338656	-0.2909807
chr22	44063596	4.65396	3.3577852	1.296175	acetylated_beyond_accessibility	-1.2261076	-0.76890707	-0.23717737	-0.286139
chr6	156900927	3.5553482	2.2591693	1.2961788	acetylated_beyond_accessibility	-0.18255162	0.0026562214	-0.17570138	0.14702916
chr12	124551585	4.7791233	3.4821281	1.2969952	acetylated_beyond_accessibility	-0.7698705	0.07893658	-0.22928405	-0.08447337
chr18	10976661	3.465736	2.1686084	1.2971275	acetylated_beyond_accessibility	-0.111881256	0.3758061	0.092273235	0.31641555
chr7	139829636	4.912655	3.6154733	1.2971816	acetylated_beyond_accessibility	-0.87134624	0.55331993	0.25345707	0.6558261
chr10	11686029	5.5645204	4.267286	1.2972345	acetylated_beyond_accessibility	-1.4816418	0.3250203	0.035706997	0.34469652
chr17	59166177	3.9702919	2.6729221	1.2973697	acetylated_beyond_accessibility	-0.4798007	0.39255095	-0.066688776	0.24033093
chr17	27805838	5.4161005	4.1186805	1.29742	acetylated_beyond_accessibility	-0.7820928	1.2830877	0.39344883	0.81665945
chr7	6259012	5.1298985	3.8323483	1.2975502	acetylated_beyond_accessibility	-1.8154156	0.6148987	0.2087369	0.32786226
chr6	13395569	5.030438	3.7327795	1.2976584	acetylated_beyond_accessibility	0.5280814	-0.15110469	0.8101387	0.8393464
chr7	86978959	3.5263605	2.2285843	1.2977762	acetylated_beyond_accessibility	-0.18865967	0.20919037	0.10421634	0.2065351
chr22	40509713	4.0430512	2.7451656	1.2978857	acetylated_beyond_accessibility	0.51462126	0.49948	-0.038358927	0.25596762
chr10	22657998	3.8918204	2.593466	1.2983544	acetylated_beyond_accessibility	-0.3075328	0.15971613	-0.022232056	0.3068459
chr8	102366250	2.8903718	1.591948	1.2984238	acetylated_beyond_accessibility	0.938509	0.36081338	0.13307774	0.2140485
chr12	94990359	3.7612002	2.462373	1.2988272	acetylated_beyond_accessibility	-0.36824727	-0.059211016	-0.06074524	-0.027841806
chr7	127930566	3.4965076	2.1973262	1.2991815	acetylated_beyond_accessibility	-0.0628736	0.08403301	-0.028220654	-0.2518791
chr10	14023587	3.912023	2.61259	1.299433	acetylated_beyond_accessibility	-0.076245785	-0.23281479	-0.16556025	-0.14942336
chr7	127948960	2.5649493	1.2654499	1.2994994	acetylated_beyond_accessibility	1.14409	0.3358457	0.045636177	0.2018274
chr6	32861343	3.5553482	2.2557125	1.2996356	acetylated_beyond_accessibility	0.2842512	-0.4057598	-0.2741711	-0.15787935
chr17	67659202	4.0073333	2.7075179	1.2998154	acetylated_beyond_accessibility	0.3822856	0.6109054	0.27152848	0.42216563
chr17	7951618	4.2904596	2.9905186	1.2999411	acetylated_beyond_accessibility	-0.26827097	0.05126047	-0.048246145	0.11498308
chr10	50497904	4.8751974	3.5751035	1.3000939	acetylated_beyond_accessibility	-1.5518496	0.7426398	-0.1259129	-0.083209276
chr6	16043942	4.6634393	3.3628423	1.300597	acetylated_beyond_accessibility	-0.36690354	0.090848684	0.32843566	0.3571589
chr7	44622915	5.4380794	4.1362524	1.301827	acetylated_beyond_accessibility	-1.5030656	1.0614729	0.11398888	0.49208212
chr6	69816778	4.8751974	3.5730572	1.3021402	acetylated_beyond_accessibility	-1.343297	0.6040578	0.09929061	0.75632334
chr20	53829150	5.6312118	4.3287315	1.3024802	acetylated_beyond_accessibility	-0.8237798	0.46103764	0.12877607	0.41533995
chr20	35768296	5.880533	4.5779414	1.3025918	acetylated_beyond_accessibility	-1.3446112	1.0905123	0.26977682	0.48756504
chr7	127793321	3.4011974	2.0984197	1.3027778	acetylated_beyond_accessibility	0.75342846	0.16648006	0.06553292	0.1340375
chr17	39767360	4.75359	3.4506364	1.3029537	acetylated_beyond_accessibility	-0.26912785	0.307683	0.11847854	0.37219143
chr6	72689289	5.771441	4.4681544	1.3032866	acetylated_beyond_accessibility	-1.7292662	0.54214716	0.10144663	0.7865224
chr18	62572506	3.2580965	1.9539325	1.3041639	acetylated_beyond_accessibility	0.35970116	-0.1446712	-0.024597168	-0.025924563
chr6	15421094	5.09375	3.788986	1.304764	acetylated_beyond_accessibility	-0.6097429	1.172795	0.34347367	1.0853283
chr6	156316	4.0430512	2.7380204	1.3050308	acetylated_beyond_accessibility	-0.10983205	-0.19291353	0.17120457	0.17669702
chr6	5514546	3.8286414	2.5234087	1.3052328	acetylated_beyond_accessibility	-0.35269475	0.085163355	-0.14484382	0.19735742
chr7	24728687	3.8501477	2.5447476	1.3054001	acetylated_beyond_accessibility	-0.07291961	-0.20566058	0.070595264	0.0013656616
chr7	47672436	3.583519	2.2777352	1.3057837	acetylated_beyond_accessibility	-0.21304941	0.360291	0.16391969	0.23858833
chr22	37311340	4.356709	3.0501957	1.3065133	acetylated_beyond_accessibility	0.51361585	0.15223455	0.3223207	0.2818575
chr6	7304936	3.5553482	2.2486115	1.3067367	acetylated_beyond_accessibility	-0.10257363	0.20715642	-0.019723654	0.2223525
chr17	76427881	4.1108737	2.804121	1.3067527	acetylated_beyond_accessibility	-0.7317314	0.0797286	0.3394823	0.26146245
chr17	42374742	4.0943446	2.7874327	1.306912	acetylated_beyond_accessibility	-0.5611501	-0.022602081	-0.043369293	0.01475358
chr20	53661162	5.7300997	4.423186	1.3069139	acetylated_beyond_accessibility	-1.7497594	-0.24485302	-0.048661232	0.17381763
chr21	33299451	4.248495	2.94154	1.3069551	acetylated_beyond_accessibility	-0.21041656	0.65425396	0.46391964	0.5541029
chr12	632472	4.3438053	3.036683	1.3071222	acetylated_beyond_accessibility	-0.011078119	0.9405618	0.1577344	0.7787709
chr6	159467036	3.0445225	1.7367811	1.3077414	acetylated_beyond_accessibility	0.9276593	-0.022301435	-0.113993764	0.016616583
chr17	661771	2.8903718	1.5823483	1.3080235	acetylated_beyond_accessibility	0.47290087	0.31696177	-0.10588217	-0.045675635
chr8	129886924	3.8066626	2.4982164	1.3084462	acetylated_beyond_accessibility	0.5790236	0.5244467	0.1445558	0.026939392
chr22	37224189	5.17615	3.867611	1.3085389	acetylated_beyond_accessibility	-1.5150108	0.37984896	-0.17428088	0.23789454
chr12	50402797	3.9702919	2.66159	1.3087018	acetylated_beyond_accessibility	0.5797596	0.64479303	0.14336324	0.507385
chr22	50622415	5.313206	4.0044975	1.3087087	acetylated_beyond_accessibility	-0.7453718	0.3693862	0.04959345	0.7393012
chr10	71844951	3.218876	1.9098017	1.3090742	acetylated_beyond_accessibility	0.34695482	0.09268308	-0.10058093	-0.18732762
chr17	55653442	2.944439	1.6352127	1.3092263	acetylated_beyond_accessibility	0.16101944	0.3117566	-0.014174342	0.006181717
chr8	141144041	3.4339871	2.1246312	1.309356	acetylated_beyond_accessibility	0.4664998	0.16446757	0.013608694	-0.023405075
chr6	36382124	4.3694477	3.0599647	1.309483	acetylated_beyond_accessibility	-1.0602	-0.20389032	0.029537678	0.00047659874
chr7	37821258	4.1743875	2.864893	1.3094945	acetylated_beyond_accessibility	-0.14496279	0.998827	0.06465936	0.35100985
chr17	42250179	3.871201	2.5616155	1.3095856	acetylated_beyond_accessibility	-0.12325549	0.8149538	-0.0105855465	0.28263807
chr22	33790099	3.9512436	2.64136	1.3098836	acetylated_beyond_accessibility	-0.60832095	-0.053744078	0.10073924	0.17857051
chr6	132404507	3.912023	2.6018984	1.3101246	acetylated_beyond_accessibility	-0.50781846	0.2048595	-0.053533554	0.2464056
chr6	5175238	5.1474943	3.837294	1.3102002	acetylated_beyond_accessibility	-1.1785119	0.18533134	0.0069987774	-0.03313613
chr6	135466104	3.3672957	2.0568085	1.3104873	acetylated_beyond_accessibility	0.70790696	0.36243033	0.22419071	0.5694678
chr12	121787239	4.6728287	3.361528	1.3113008	acetylated_beyond_accessibility	-0.18121028	0.10007572	-0.06750655	0.0610528
chr7	26158616	4.6051702	3.2937224	1.3114479	acetylated_beyond_accessibility	-0.93222404	-0.029873133	-0.068511724	0.1554997
chr12	11875744	3.8918204	2.580072	1.3117485	acetylated_beyond_accessibility	0.016062021	0.4756999	0.37104583	0.29090476
chr12	6746027	4.624973	3.312777	1.3121958	acetylated_beyond_accessibility	1.7141051	0.3649292	0.8994765	0.63894653
chr22	42958008	3.871201	2.5589821	1.3122189	acetylated_beyond_accessibility	-0.3260057	0.45388532	-0.05641985	0.04593849
chr7	5662239	3.218876	1.9060215	1.3128544	acetylated_beyond_accessibility	0.9120325	0.4345175	0.4309491	0.3228804
chr6	44263209	6.3279366	5.014933	1.3130035	acetylated_beyond_accessibility	-2.127186	0.38375902	-0.10113573	0.348557
chr8	133217120	3.1780539	1.8650467	1.3130071	acetylated_beyond_accessibility	1.236484	0.32160282	0.06950021	0.1836834
chr6	110665160	3.4339871	2.12095	1.3130372	acetylated_beyond_accessibility	0.41024637	0.5654361	0.2110033	0.33118057
chr18	13464818	3.912023	2.5989537	1.3130693	acetylated_beyond_accessibility	-0.019825697	-0.0072524548	-0.13249063	-0.30662298
chr17	39903651	3.4339871	2.120909	1.3130782	acetylated_beyond_accessibility	1.3358173	0.32149005	0.2471788	0.29743767
chr10	101859714	5.049856	3.7367535	1.3131027	acetylated_beyond_accessibility	-1.5197415	0.15599704	0.09299016	0.10531807
chr22	24325254	2.9957323	1.6824987	1.3132336	acetylated_beyond_accessibility	0.69808507	0.20401692	-0.010078192	0.3026117
chr20	25361155	3.871201	2.5575302	1.3136709	acetylated_beyond_accessibility	0.29689503	-0.21741486	-0.05870986	-0.018564224
chr22	33565746	4.0073333	2.6936328	1.3137004	acetylated_beyond_accessibility	0.008503675	0.87333083	0.1987431	0.6443043
chr7	155746403	4.454347	3.140615	1.3137321	acetylated_beyond_accessibility	-0.2457993	0.34463596	0.10545659	0.211308
chr22	42202925	2.8332133	1.5193467	1.3138666	acetylated_beyond_accessibility	1.7146449	0.034533024	0.3708353	0.19206476
chr17	67441255	3.912023	2.598054	1.3139691	acetylated_beyond_accessibility	0.9880719	0.69080496	0.28215313	0.22213268
chr6	163782788	2.9957323	1.6816803	1.314052	acetylated_beyond_accessibility	1.0394799	-0.06090367	0.029346108	-0.009300709
chr17	72025979	2.8903718	1.5762641	1.3141077	acetylated_beyond_accessibility	0.12600553	0.22002411	0.0008134842	0.06004846
chr6	6086305	3.4011974	2.086938	1.3142595	acetylated_beyond_accessibility	1.3655906	-0.10338187	0.42267752	0.19199824
chr12	50575197	3.7841897	2.4697623	1.3144274	acetylated_beyond_accessibility	0.14860177	0.22516203	0.09679079	0.43217564
chr6	29559852	3.5263605	2.2116573	1.3147032	acetylated_beyond_accessibility	-0.007347107	-0.07930994	-0.009058237	0.023556232
chr17	61784622	4.4188404	3.1038675	1.3149729	acetylated_beyond_accessibility	-0.5842588	0.12229633	0.081532955	0.32786798
chr7	132872220	3.9702919	2.6551015	1.3151903	acetylated_beyond_accessibility	-0.044192076	0.25890422	0.13641763	0.18990731
chr10	50364870	3.912023	2.5967267	1.3152964	acetylated_beyond_accessibility	-0.47313285	0.3017168	-0.10879445	0.04636979
chr12	94191191	4.0775375	2.7620935	1.315444	acetylated_beyond_accessibility	-0.72974586	0.5838485	0.26091218	0.5507102
chr17	49390787	4.9416423	3.626164	1.3154783	acetylated_beyond_accessibility	-0.33533096	-0.20870161	0.05356145	0.08648753
chr10	11257112	4.1743875	2.8587968	1.3155906	acetylated_beyond_accessibility	-0.17223883	-0.42622972	-0.2680204	-0.32177353
chr21	36511943	4.7791233	3.463416	1.3157072	acetylated_beyond_accessibility	-1.0758865	0.2155087	0.43803692	0.35840893
chr18	31630697	3.8066626	2.4905677	1.3160949	acetylated_beyond_accessibility	0.3740542	0.23229647	0.4487579	0.20687652
chr20	5781041	3.3322046	2.015977	1.3162277	acetylated_beyond_accessibility	0.7255094	0.46844912	0.2438817	0.191468
chr17	78708674	5.6903596	4.374093	1.3162665	acetylated_beyond_accessibility	-1.6171818	1.083292	0.021600246	0.6072707
chr8	102566489	5.1817837	3.8652236	1.31656	acetylated_beyond_accessibility	-0.90785766	0.41753983	0.3195598	0.42438102
chr10	101968939	5.8493247	4.5325646	1.3167601	acetylated_beyond_accessibility	-2.3154893	0.076515675	0.06189394	-0.018538475
chr22	36734582	2.7725887	1.4557834	1.3168054	acetylated_beyond_accessibility	1.2151537	0.29111564	0.273484	0.47920132
chr7	126378807	3.3322046	2.015316	1.3168886	acetylated_beyond_accessibility	-0.28319585	0.21846962	-0.14107156	0.29452324
chr22	48113038	3.988984	2.6720898	1.3168943	acetylated_beyond_accessibility	0.5491626	0.3983686	0.71708345	1.0158026
chr8	65762135	3.6635616	2.346571	1.3169906	acetylated_beyond_accessibility	0.2880907	0.5175798	0.21538305	0.37696695
chr10	73804094	5.583496	4.265739	1.3177571	acetylated_beyond_accessibility	-1.627861	0.4786296	0.087620735	0.4827628
chr20	32839457	2.9957323	1.677844	1.3178883	acetylated_beyond_accessibility	0.7524657	0.19450808	0.07716644	0.100740075
chr10	31701918	3.9318256	2.6135695	1.3182561	acetylated_beyond_accessibility	-0.7163887	0.005255699	-0.14179039	-0.02772355
chr17	50696596	3.3672957	2.049035	1.3182607	acetylated_beyond_accessibility	0.40014625	0.082033634	0.005131483	0.078523874
chr7	100693474	4.454347	3.1360266	1.3183205	acetylated_beyond_accessibility	0.037032127	-0.068457365	-0.46509027	-0.21774745
chr22	19361933	4.8202815	3.5018601	1.3184214	acetylated_beyond_accessibility	-1.4440415	1.1822104	0.13021946	0.5177746
chr12	130395249	2.7725887	1.4540222	1.3185666	acetylated_beyond_accessibility	2.213581	0.19171286	0.19707155	0.08326161
chr6	160791885	3.7376697	2.418967	1.3187027	acetylated_beyond_accessibility	1.1313014	0.16996694	0.4101758	0.5211432
chr18	13678730	3.871201	2.552445	1.3187561	acetylated_beyond_accessibility	-0.19587302	0.26324105	-0.04578924	-0.07672167
chr18	58946760	4.7791233	3.460247	1.3188763	acetylated_beyond_accessibility	-0.7006941	-0.19049048	0.16397119	0.020028591
chr7	47291735	4.0430512	2.7241602	1.318891	acetylated_beyond_accessibility	1.1997867	0.5439	0.446589	0.6943507
chr17	49389434	3.7612002	2.4420886	1.3191116	acetylated_beyond_accessibility	0.34801865	0.007624626	-0.010263443	-0.1774478
chr6	36383773	3.912023	2.5928075	1.3192155	acetylated_beyond_accessibility	0.6913996	0.021185875	0.3181417	0.41830516
chr8	129539372	3.7841897	2.4649417	1.319248	acetylated_beyond_accessibility	-0.033456802	0.08841038	0.23232794	0.070850134
chr12	101908607	3.8501477	2.53085	1.3192978	acetylated_beyond_accessibility	-0.35789776	0.3536358	0.1488936	0.31825256
chr20	9511094	3.5263605	2.2067308	1.3196297	acetylated_beyond_accessibility	-0.6549293	0.16615486	-0.06835818	0.0047028065
chr6	117768891	3.4965076	2.17668	1.3198276	acetylated_beyond_accessibility	-0.043578863	0.18484521	0.14857697	0.23180723
chr7	101250524	3.988984	2.6691527	1.3198314	acetylated_beyond_accessibility	-0.5518813	0.22314262	-0.11384201	-0.06760788
chr10	103135428	3.7841897	2.4642928	1.3198969	acetylated_beyond_accessibility	-0.77969027	-0.09588504	0.020330667	0.06888199
chr12	9331337	3.4965076	2.1759713	1.3205364	acetylated_beyond_accessibility	-0.07146382	0.23825479	0.12831855	0.041785955
chr18	2687800	4.3694477	3.0487328	1.320715	acetylated_beyond_accessibility	-1.5208668	-0.040640354	-0.04024744	0.18931389
chr20	41551182	2.9957323	1.674829	1.3209033	acetylated_beyond_accessibility	0.08136773	0.04507327	-0.09503007	-0.012649655
chr17	77405910	5.056246	3.735291	1.3209548	acetylated_beyond_accessibility	-1.2415419	0.032657146	-0.5690131	0.28465652
chr6	11835317	5.8289456	4.507985	1.3209605	acetylated_beyond_accessibility	-2.0274212	-0.068695545	0.026370049	0.34079313
chr6	33840239	3.9318256	2.6107013	1.3211243	acetylated_beyond_accessibility	2.1809647	1.6781733	1.4898336	1.6680872
chr6	11815586	3.0445225	1.7233152	1.3212073	acetylated_beyond_accessibility	0.5810933	0.33374286	0.09207046	0.16292131
chr22	37222707	4.8441873	3.5229197	1.3212676	acetylated_beyond_accessibility	-0.8574469	0.35291672	-0.09515357	0.31541252
chr22	22865838	1.3862944	0.06449634	1.3217981	acetylated_beyond_accessibility	2.2252963	0.22953126	0.2029807	0.19730708
chr20	50166221	4.5325994	3.2106624	1.3219371	acetylated_beyond_accessibility	0.8549838	2.1596322	0.7042937	2.155233
chr10	818738	3.7376697	2.4156651	1.3220046	acetylated_beyond_accessibility	0.05602956	-0.036999702	0.2620361	0.23977113
chr17	80738616	5.0998664	3.7770662	1.3228002	acetylated_beyond_accessibility	-0.8541565	0.16157866	-0.36145067	0.4294486
chr17	29699567	2.6390574	1.3162562	1.3228012	acetylated_beyond_accessibility	1.6237115	0.35938275	0.05671835	0.25280344
chr21	32813610	2.7725887	1.4495723	1.3230164	acetylated_beyond_accessibility	1.334518	0.04129982	0.10845184	-0.08317518
chr17	69244815	2.3978953	1.0746175	1.3232778	acetylated_beyond_accessibility	0.2582152	0.40840292	0.042575836	0.09494579
chr12	94172257	3.7612002	2.4377573	1.3234429	acetylated_beyond_accessibility	1.0746686	0.9599893	0.72682405	0.97378564
chr10	86487088	4.0775375	2.754079	1.3234584	acetylated_beyond_accessibility	0.15340614	0.50124955	0.24119973	0.6116626
chr20	49230463	3.8501477	2.5265992	1.3235486	acetylated_beyond_accessibility	0.67162466	-0.07425523	-0.008580208	0.07179332
chr6	5095434	4.1431346	2.81928	1.3238547	acetylated_beyond_accessibility	-0.40914965	-0.22896576	0.09141517	0.34374237
chr17	38898443	5.613128	4.289188	1.3239403	acetylated_beyond_accessibility	-1.4251912	0.56028175	-0.23339796	0.24156904
chr17	63585768	2.7080503	1.3840716	1.3239787	acetylated_beyond_accessibility	0.3428676	-0.00044834614	-0.084201336	0.10416031
chr7	3063262	3.9702919	2.6462333	1.3240585	acetylated_beyond_accessibility	0.19100952	-0.024081945	-0.09590721	-0.10208726
chr12	25101218	3.7612002	2.437097	1.3241031	acetylated_beyond_accessibility	-0.32006168	0.78124285	0.3500352	0.7186537
chr8	28347465	4.75359	3.4291456	1.3244445	acetylated_beyond_accessibility	-0.1813941	0.626096	-0.054184914	0.28727722
chr18	63075205	3.9318256	2.6070457	1.32478	acetylated_beyond_accessibility	0.23145247	0.36199522	-0.034250975	-0.24449039
chr22	24376683	2.8903718	1.5655524	1.3248194	acetylated_beyond_accessibility	0.71416056	0.14684224	-0.12094009	0.028663754
chr18	76467526	3.6109178	2.28586	1.3250577	acetylated_beyond_accessibility	0.24853086	-0.19864678	-0.13662004	0.06713486
chr8	28371588	3.9512436	2.6259956	1.325248	acetylated_beyond_accessibility	-0.16581702	0.1730299	0.31141114	0.40096807
chr8	42168242	4.727388	3.4019945	1.3253934	acetylated_beyond_accessibility	-0.78688884	0.8052933	0.07391167	0.43770862
chr8	38943868	3.0910425	1.765157	1.3258855	acetylated_beyond_accessibility	0.598192	0.23388743	-0.16453421	0.16729426
chr6	158380472	3.1354942	1.8090391	1.3264551	acetylated_beyond_accessibility	0.82194614	0.019241095	-0.04853499	-0.060496688
chr10	73478801	3.3672957	2.0396314	1.3276644	acetylated_beyond_accessibility	-0.32773733	0.087460995	0.06347561	0.20543885
chr17	80789741	5.7137327	4.386036	1.3276968	acetylated_beyond_accessibility	-2.3190842	-0.18467712	0.24607992	0.56526184
chr20	53699485	3.8066626	2.4789011	1.3277614	acetylated_beyond_accessibility	-0.22800612	0.1654129	0.052254915	0.10733652
chr20	47348835	4.75359	3.4257412	1.3278489	acetylated_beyond_accessibility	-0.274477	0.6977167	0.3484969	0.47310734
chr12	50580758	4.2195077	2.891612	1.3278956	acetylated_beyond_accessibility	-0.22894073	0.35246706	-0.08018041	-0.018467188
chr18	23995333	3.637586	2.3094735	1.3281126	acetylated_beyond_accessibility	-0.18454313	-0.32761288	-0.22399116	-0.11395264
chr22	35047289	2.8903718	1.5618606	1.3285112	acetylated_beyond_accessibility	2.1587605	0.44470835	0.37370515	0.41075706
chr6	7178496	3.583519	2.2546175	1.3289015	acetylated_beyond_accessibility	0.39509416	0.2247529	0.15082264	0.10331869
chr22	42995361	4.465908	3.136663	1.3292451	acetylated_beyond_accessibility	-0.022390366	0.36091137	0.25995684	0.22403121
chr7	37068178	3.4011974	2.0718727	1.3293247	acetylated_beyond_accessibility	0.3268311	0.19564414	0.095933914	0.21326733
chr12	108809701	2.4849067	1.1553973	1.3295094	acetylated_beyond_accessibility	1.5814835	0.42569637	-0.075004935	0.2862221
chr6	6609662	4.65396	3.3240514	1.3299088	acetylated_beyond_accessibility	-0.4103725	0.2914133	0.255399	0.56003046
chr6	18186621	3.9318256	2.6012585	1.3305671	acetylated_beyond_accessibility	0.64680696	0.35047293	0.54325676	1.0520413
chr12	118042305	2.9957323	1.6645973	1.331135	acetylated_beyond_accessibility	0.66835165	0.07174909	-0.26022172	-0.06757867
chr22	42217600	3.871201	2.5400152	1.3311858	acetylated_beyond_accessibility	0.859282	0.069422245	0.22343731	0.25893688
chr10	5711758	4.1271343	2.7958968	1.3312376	acetylated_beyond_accessibility	-0.77139735	0.4418528	-0.02289939	0.16660476
chr22	23846715	3.8918204	2.560513	1.3313074	acetylated_beyond_accessibility	0.7171533	0.12379074	0.27805305	0.3435099
chr18	10888689	3.5553482	2.223309	1.3320391	acetylated_beyond_accessibility	-0.20609021	0.07843208	0.11217332	0.1600306
chr6	160735633	4.0073333	2.6751232	1.3322101	acetylated_beyond_accessibility	-0.90277433	-0.33908677	-0.08034086	-0.23854017
chr17	81889861	3.3322046	1.9999894	1.3322152	acetylated_beyond_accessibility	1.0657047	0.0776397	0.13510382	-0.024173498
chr18	62771695	3.871201	2.538749	1.332452	acetylated_beyond_accessibility	-0.089497566	0.1206727	0.092125416	0.33734655
chr12	118314103	4.26268	2.9302049	1.3324752	acetylated_beyond_accessibility	-0.7017298	0.4152584	0.15271401	0.25336528
chr8	28141911	3.637586	2.3049605	1.3326256	acetylated_beyond_accessibility	0.64071536	0.10991168	0.27425838	0.18193054
chr8	70214653	4.7095304	3.3768811	1.3326492	acetylated_beyond_accessibility	-1.5266931	0.8816047	-0.3152802	-0.012311459
chr20	45701388	3.5553482	2.222644	1.3327041	acetylated_beyond_accessibility	0.12872648	0.0292418	0.030267	-0.05297208
chr6	5208030	2.8332133	1.5003314	1.3328819	acetylated_beyond_accessibility	1.6179025	0.473727	0.2742257	0.37543654
chr7	6015887	4.0943446	2.7613268	1.3330178	acetylated_beyond_accessibility	-0.1563425	-6.818771e-05	-0.011591196	0.114138365
chr12	127555778	2.7080503	1.375025	1.3330252	acetylated_beyond_accessibility	1.0669549	0.37390697	0.25998676	0.19835472
chr10	124465530	4.0775375	2.7438335	1.333704	acetylated_beyond_accessibility	0.07073617	-0.012842894	0.09235072	0.41497254
chr22	32412281	4.955827	3.6220603	1.3337669	acetylated_beyond_accessibility	1.396739	0.54805136	-0.08662224	-0.29616523
chr10	5896732	4.4426513	3.1087434	1.3339078	acetylated_beyond_accessibility	-0.30271935	0.30225968	0.045401096	0.11264467
chr6	73030348	2.9957323	1.6615489	1.3341835	acetylated_beyond_accessibility	0.57244897	0.2737527	-0.052470446	-0.050777435
chr6	32865860	3.5263605	2.1920037	1.3343568	acetylated_beyond_accessibility	1.0411568	0.3558147	0.40009022	0.14444256
chr20	41559417	3.3672957	2.0327945	1.3345013	acetylated_beyond_accessibility	0.739866	0.29774046	0.14804125	0.121222496
chr10	3468405	2.6390574	1.3044968	1.3345606	acetylated_beyond_accessibility	1.1779306	0.14727998	0.30248857	0.047363043
chr12	68772877	3.3672957	2.032515	1.3347807	acetylated_beyond_accessibility	0.20666075	0.34573126	-0.049470305	0.23027372
chr8	59106673	2.6390574	1.3033199	1.3357375	acetylated_beyond_accessibility	1.1437471	-0.015091777	0.19480276	-0.088804364
chr6	22366597	2.9957323	1.6599549	1.3357774	acetylated_beyond_accessibility	0.7884892	0.12286937	0.121317744	0.19659126
chr18	23071521	4.2341065	2.89821	1.3358965	acetylated_beyond_accessibility	-0.48719788	0.95888734	0.068363905	0.015263319
chr21	28953452	3.4339871	2.097732	1.3362551	acetylated_beyond_accessibility	0.2477572	0.03762579	0.101962805	-0.13895488
chr8	142326236	3.8501477	2.5137575	1.3363903	acetylated_beyond_accessibility	2.4145281	0.13599682	0.40914297	-0.33175397
chr22	17243700	5.123964	3.7872758	1.336688	acetylated_beyond_accessibility	-0.38063264	1.4886136	0.26826763	0.46959114
chr7	129110599	3.6109178	2.2740483	1.3368695	acetylated_beyond_accessibility	2.1334267	0.37407637	0.75610495	0.24892282
chr17	65027542	4.465908	3.1290283	1.3368797	acetylated_beyond_accessibility	-0.6840608	1.405457	-0.056983948	0.4471786
chr10	3091599	3.218876	1.881584	1.3372918	acetylated_beyond_accessibility	0.5350908	-0.027555823	-0.129251	0.00029718876
chr7	3957150	4.1431346	2.805838	1.3372965	acetylated_beyond_accessibility	-0.061469793	0.14497662	-0.093210936	0.31058955
chr12	67630937	3.2580965	1.9207412	1.3373553	acetylated_beyond_accessibility	0.5418633	0.32849586	0.117629886	0.45514905
chr7	129095394	4.762174	3.4247477	1.3374264	acetylated_beyond_accessibility	-0.67818475	0.21871161	0.12693477	0.58157945
chr22	35141055	3.6888795	2.3510797	1.3377998	acetylated_beyond_accessibility	0.32426882	-0.12229657	-0.14669418	-0.15956283
chr12	112303321	5.2311087	3.8932695	1.3378391	acetylated_beyond_accessibility	-0.96979713	1.1291857	0.27912903	0.9076166
chr17	68349442	3.0910425	1.7530549	1.3379877	acetylated_beyond_accessibility	0.25919747	0.108505726	-0.20864105	-0.107712746
chr10	69471187	3.295837	1.957688	1.338149	acetylated_beyond_accessibility	-0.27145112	-0.07853174	-0.25539005	-0.26241338
chr10	62080399	4.962845	3.6246696	1.3381753	acetylated_beyond_accessibility	-0.80081916	0.0581553	0.30422735	0.26159692
chr18	26355375	3.871201	2.5328484	1.3383527	acetylated_beyond_accessibility	-0.73403406	0.24880624	-0.118257284	0.12632895
chr10	11530963	3.9512436	2.612878	1.3383656	acetylated_beyond_accessibility	-0.7642889	-0.1674931	-0.20486546	-0.18873072
chr22	22885162	1.609438	0.2706815	1.3387564	acetylated_beyond_accessibility	1.301598	0.047306836	-0.5332806	-0.04895982
chr10	11682419	5.273	3.9332867	1.3397131	acetylated_beyond_accessibility	-2.0062847	-0.10637784	-0.3039961	-0.4186728
chr17	4932217	3.5263605	2.1865792	1.3397813	acetylated_beyond_accessibility	1.200141	-0.2756983	-0.2934966	-0.34439254
chr17	78484731	4.905275	3.5653505	1.3399243	acetylated_beyond_accessibility	-0.4739995	-0.20283079	-0.58357835	-0.18726325
chr7	127935715	2.8332133	1.4932439	1.3399694	acetylated_beyond_accessibility	1.0947468	0.11329627	-0.090302706	0.13890135
chr22	26674726	5.293305	3.9532037	1.3401012	acetylated_beyond_accessibility	-0.632184	0.5739989	0.70598507	0.47247553
chr22	22208050	3.637586	2.2973657	1.3402205	acetylated_beyond_accessibility	0.33327556	0.24869108	0.09833002	0.6619201
chr6	156886617	3.4339871	2.0937061	1.340281	acetylated_beyond_accessibility	1.4993863	0.42147183	0.8219719	0.3359406
chr12	62745503	3.8918204	2.5514884	1.340332	acetylated_beyond_accessibility	-0.3068881	0.50376034	0.20908117	0.31871748
chr7	5671250	3.3322046	1.9916697	1.3405349	acetylated_beyond_accessibility	0.5066409	0.37600994	0.0075725317	0.14226747
chr7	150515788	4.477337	3.1367197	1.3406172	acetylated_beyond_accessibility	-1.0397136	-0.32604027	-0.12711763	0.0074248314
chr6	83086973	5.1474943	3.8063886	1.3411057	acetylated_beyond_accessibility	-0.4868114	0.29788804	0.0953269	0.584882
chr17	55430864	3.713572	2.3723733	1.3411987	acetylated_beyond_accessibility	0.14505959	0.15224409	-0.05996895	0.14270735
chr17	29650600	2.5649493	1.2236831	1.3412662	acetylated_beyond_accessibility	1.4474428	0.35883427	0.1660099	0.17944992
chr8	66608089	3.9318256	2.5904531	1.3413725	acetylated_beyond_accessibility	-0.4557233	0.25858212	-0.05403471	-0.011388302
chr21	14527129	4.6051702	3.2637126	1.3414576	acetylated_beyond_accessibility	-0.9733546	-0.09145403	0.08355451	0.07837272
chr21	14825570	4.3438053	3.00189	1.3419154	acetylated_beyond_accessibility	-1.4369695	0.5915992	-0.15626812	0.45735478
chr20	50147017	5.3375382	3.995508	1.3420303	acetylated_beyond_accessibility	-1.3966122	1.7808368	0.3827641	1.1522467
chr20	35819525	4.1743875	2.8323448	1.3420427	acetylated_beyond_accessibility	-0.11939716	0.6591606	0.008612871	0.17351675
chr18	10890459	3.7612002	2.4191191	1.3420811	acetylated_beyond_accessibility	-0.1567316	0.4904678	0.19108176	0.25183582
chr17	57442452	4.727388	3.3851962	1.3421917	acetylated_beyond_accessibility	-1.0814459	0.20977736	-0.07033038	0.051640987
chr17	42985595	4.8598123	3.517581	1.3422313	acetylated_beyond_accessibility	-0.065924644	0.8444452	0.15975523	0.6445527
chr22	22935422	6.514713	5.17216	1.3425527	acetylated_beyond_accessibility	-3.5340648	0.4146633	-0.42893982	0.17377138
chr17	42320000	3.9512436	2.6081252	1.3431184	acetylated_beyond_accessibility	0.5513823	0.10650635	0.20017242	0.40899253
chr17	78379263	4.564348	3.2210279	1.3433204	acetylated_beyond_accessibility	1.8037972	-0.035778046	0.0055947304	-0.058397293
chr6	11724768	4.2341065	2.8900156	1.3440909	acetylated_beyond_accessibility	-0.8461807	0.2167449	-0.119166136	-0.10202265
chr22	42864400	2.9957323	1.6516299	1.3441024	acetylated_beyond_accessibility	0.6070092	-0.02767539	-0.037602305	-0.050430894
chr6	16474116	6.6795993	5.3354616	1.3441377	acetylated_beyond_accessibility	-2.4878483	1.0677357	0.45996952	0.76672745
chr12	109987898	3.1780539	1.8338201	1.3442338	acetylated_beyond_accessibility	1.3672888	0.9093034	0.17119169	0.4071691
chr20	56454801	4.0775375	2.7322528	1.3452847	acetylated_beyond_accessibility	-0.18165588	0.998713	0.31017995	0.46511364
chr10	132931466	3.5263605	2.1809168	1.3454437	acetylated_beyond_accessibility	1.1046255	0.04592991	-0.036640406	-0.38787174
chr22	31547192	3.713572	2.3680425	1.3455296	acetylated_beyond_accessibility	-0.01524663	0.07757282	-0.034428596	0.37053466
chr6	88567285	3.0445225	1.6986146	1.3459079	acetylated_beyond_accessibility	0.52170205	-0.051359177	-0.020672917	-0.037269115
chr8	129415725	3.9512436	2.6052709	1.3459728	acetylated_beyond_accessibility	0.26237226	0.12231398	0.2761526	0.24985671
chr20	37273437	3.583519	2.237106	1.3464129	acetylated_beyond_accessibility	0.016183376	-0.28657508	-0.2262907	-0.4573604
chr10	114389613	3.465736	2.1183581	1.3473778	acetylated_beyond_accessibility	0.012570381	0.2319789	0.1331222	0.046847343
chr10	119131883	5.2832036	3.9357948	1.3474088	acetylated_beyond_accessibility	0.14645195	0.89903355	0.5515022	0.54494953
chr6	137206847	3.4965076	2.1488616	1.347646	acetylated_beyond_accessibility	-0.23185706	0.60126853	-0.02913642	0.4448912
chr7	37681858	3.637586	2.2898815	1.3477046	acetylated_beyond_accessibility	-0.54811263	0.015829802	-0.007478237	0.5809293
chr7	3095233	3.912023	2.5642414	1.3477817	acetylated_beyond_accessibility	0.5597105	0.378026	0.34516096	0.48977923
chr12	64802402	3.4011974	2.0530992	1.3480983	acetylated_beyond_accessibility	-0.18858719	0.16715312	0.21629167	0.44014716
chr7	1152187	3.5263605	2.1781328	1.3482277	acetylated_beyond_accessibility	-0.032339334	0.085394144	-0.09459615	0.16646647
chr17	82593194	3.7841897	2.435536	1.3486538	acetylated_beyond_accessibility	-0.20820904	-0.23124719	-0.46958625	0.0075695515
chr10	48615177	4.158883	2.8097777	1.3491054	acetylated_beyond_accessibility	-0.83293366	0.79093504	-0.042069435	0.15444732
chr20	48781861	5.497168	4.147726	1.349442	acetylated_beyond_accessibility	-1.4064355	0.43167162	0.4758644	0.57762957
chr10	70653547	3.2580965	1.9085429	1.3495536	acetylated_beyond_accessibility	0.7832186	0.052783728	-0.072646976	-0.104599476
chr8	10807326	3.6635616	2.3139663	1.3495953	acetylated_beyond_accessibility	-0.07402396	-0.138762	-0.06711006	-0.15607023
chr8	94399933	3.6888795	2.3387566	1.3501229	acetylated_beyond_accessibility	0.94545555	0.3933215	0.09483075	0.20340991
chr6	138944586	3.1780539	1.8278131	1.3502407	acetylated_beyond_accessibility	0.2945435	0.46800447	0.115861654	0.33345628
chr17	29433772	4.4308167	3.079908	1.3509088	acetylated_beyond_accessibility	-0.39440012	0.2059412	-0.1081543	0.22571254
chr17	28937459	2.944439	1.5933042	1.3511348	acetylated_beyond_accessibility	2.3528314	0.41598368	0.18530834	0.32209003
chr20	50790821	4.574711	3.2235014	1.3512094	acetylated_beyond_accessibility	-1.4010323	-0.376194	-0.7399311	-0.9203479
chr7	149180970	2.4849067	1.1336377	1.351269	acetylated_beyond_accessibility	1.4871137	0.31366968	0.09425831	0.33539665
chr8	123613849	2.8903718	1.5390145	1.3513573	acetylated_beyond_accessibility	1.7885002	0.54263437	0.8303517	0.2747078
chr7	130102255	3.4965076	2.1451051	1.3514025	acetylated_beyond_accessibility	0.009072065	0.19374728	-0.0930419	0.013978004
chr20	38084452	2.4849067	1.133287	1.3516197	acetylated_beyond_accessibility	1.6340432	0.26365197	0.18321276	0.02940929
chr21	25512644	4.75359	3.401555	1.352035	acetylated_beyond_accessibility	-0.761065	0.2544005	0.20498896	0.099998474
chr12	108824372	3.9318256	2.5795465	1.3522792	acetylated_beyond_accessibility	-0.32053804	0.33279705	-0.0003838539	-0.013438225
chr17	48163261	3.8918204	2.5393412	1.3524792	acetylated_beyond_accessibility	-0.3296063	0.12114549	0.06968403	0.09928012
chr17	31251780	4.5217886	3.1691194	1.3526692	acetylated_beyond_accessibility	-0.7175884	0.047588825	-0.022458553	0.10130334
chr17	2272485	3.218876	1.8661218	1.3527541	acetylated_beyond_accessibility	0.70403814	0.28091192	0.10836184	0.19724035
chr6	36515995	2.8903718	1.5368037	1.3535681	acetylated_beyond_accessibility	1.2673345	0.065556526	0.025946975	0.09103334
chr22	17777375	6.133398	4.779747	1.353651	acetylated_beyond_accessibility	-1.7307308	0.9670434	0.43243027	1.2002654
chr17	75065943	3.8501477	2.49621	1.3539376	acetylated_beyond_accessibility	0.26694727	-0.035644054	-0.22214627	0.0655818
chr8	65791431	5.484797	4.1306567	1.3541403	acetylated_beyond_accessibility	-1.5417304	-0.5464847	-0.035292625	0.16127348
chr6	111379609	3.218876	1.8645871	1.3542888	acetylated_beyond_accessibility	0.076105356	-0.14657879	-0.02565229	-0.029931426
chr17	4333891	3.1780539	1.8236172	1.3544366	acetylated_beyond_accessibility	1.2905037	-0.028495431	-0.22807217	-0.29407
chr10	89738988	4.276666	2.9222076	1.3544586	acetylated_beyond_accessibility	-1.1592319	0.52549887	-0.13597107	-0.24620748
chr12	31875296	4.7004805	3.345963	1.3545175	acetylated_beyond_accessibility	0.28877997	0.59089375	0.42083454	0.53094673
chr17	74697546	3.6888795	2.3341112	1.3547683	acetylated_beyond_accessibility	-0.14762735	0.3769331	0.14689851	0.26228166
chr17	30832432	5.209486	3.8544798	1.3550062	acetylated_beyond_accessibility	1.9683104	0.5449538	0.4149618	0.5760236
chr10	102009998	3.218876	1.8636651	1.3552108	acetylated_beyond_accessibility	0.6598253	0.121118546	0.124400616	0.22662354
chr17	78696694	5.313206	3.9579802	1.355226	acetylated_beyond_accessibility	-1.4889569	0.39487457	0.12372923	-0.08219838
chr22	33524806	3.1354942	1.780246	1.3552482	acetylated_beyond_accessibility	1.0626287	0.22989821	0.054834247	0.20799041
chr22	42929429	5.2574954	3.9020157	1.3554797	acetylated_beyond_accessibility	-1.2121015	0.27409458	0.022904158	0.19094706
chr10	73576760	3.7376697	2.3819206	1.3557491	acetylated_beyond_accessibility	-0.45575535	0.47362018	0.02794385	0.23263049
chr18	76476387	4.276666	2.9203181	1.356348	acetylated_beyond_accessibility	0.58067226	0.8521249	0.40325713	0.5907364
chr8	11133212	3.8501477	2.4936783	1.3564694	acetylated_beyond_accessibility	0.4219823	0.80393195	0.35489106	0.13058162
chr22	40196814	3.6635616	2.3066297	1.3569319	acetylated_beyond_accessibility	1.4050097	0.85437775	0.5566077	0.88797283
chr10	123359580	3.6635616	2.3059075	1.3576541	acetylated_beyond_accessibility	0.60417485	0.23738933	0.21046948	0.12515521
chr22	42912660	2.944439	1.5862565	1.3581824	acetylated_beyond_accessibility	2.29727	0.26566875	0.36382246	0.48269916
chr12	122336607	3.637586	2.279161	1.3584251	acetylated_beyond_accessibility	0.603035	-0.2786646	-0.16561484	-0.19668913
chr6	34346507	3.8066626	2.4474628	1.3591998	acetylated_beyond_accessibility	0.40862703	1.1868641	-0.07486439	0.45824456
chr17	27810568	5.6801724	4.3207455	1.359427	acetylated_beyond_accessibility	-1.7183175	0.6189008	-0.037631035	0.37012053
chr21	14879611	3.4011974	2.0417578	1.3594396	acetylated_beyond_accessibility	0.7940693	0.39168406	0.5167723	0.3316698
chr20	439332	3.6635616	2.30351	1.3600516	acetylated_beyond_accessibility	0.5981548	0.011767626	0.079655886	0.13161278
chr10	11256249	4.26268	2.901793	1.360887	acetylated_beyond_accessibility	-0.14100909	-0.13251996	-0.10534787	-0.15170813
chr10	11532554	5.1532917	3.7923195	1.3609722	acetylated_beyond_accessibility	-1.0005503	-0.3645451	0.07022667	0.07131243
chr17	1042670	2.1972246	0.836064	1.3611606	acetylated_beyond_accessibility	0.534906	1.1088736	0.2767309	1.113456
chr22	22943734	4.9272537	3.565658	1.3615956	acetylated_beyond_accessibility	-1.1883593	-0.1353445	-0.16452146	0.04506588
chr6	113763066	4.553877	3.1922548	1.3616221	acetylated_beyond_accessibility	-0.51130915	0.17177033	0.30840778	0.8447702
chr21	29225024	3.6888795	2.326916	1.3619635	acetylated_beyond_accessibility	-0.112978935	0.45097494	-0.075351	0.5562453
chr10	26740396	4.8121843	3.4501085	1.3620758	acetylated_beyond_accessibility	-0.6912613	0.012868881	-0.25197196	-0.4318719
chr21	33247823	2.8903718	1.5282905	1.3620813	acetylated_beyond_accessibility	1.073112	0.08838034	0.2491467	0.1834414
chr20	35055550	4.7791233	3.4163194	1.3628039	acetylated_beyond_accessibility	-1.0060794	0.10388279	-0.069815874	0.104748964
chr8	17027237	2.8903718	1.5275412	1.3628306	acetylated_beyond_accessibility	2.6939416	-0.5196657	-0.13742411	-0.79956406
chr7	99016421	2.9957323	1.6325774	1.3631549	acetylated_beyond_accessibility	0.37545705	-0.047407866	-0.09931362	-0.06592059
chr12	122413814	5.1298985	3.7664733	1.3634253	acetylated_beyond_accessibility	-0.8347547	0.23158216	0.16839552	0.20385075
chr17	7029902	3.2580965	1.8944967	1.3635998	acetylated_beyond_accessibility	0.7091043	0.06529963	0.1038928	-0.056158066
chr12	27309495	4.983607	3.6197553	1.3638515	acetylated_beyond_accessibility	-1.9069643	0.5498929	0.0068182945	0.110125065
chr10	100034065	4.158883	2.7949796	1.3639035	acetylated_beyond_accessibility	-0.30090094	-0.14035845	-0.11337209	-0.09354639
chr18	79624688	4.8598123	3.495404	1.3644083	acetylated_beyond_accessibility	-0.82392764	0.33626175	0.19048715	0.5918071
chr12	115354209	4.477337	3.1127534	1.3645835	acetylated_beyond_accessibility	-0.67845535	0.28286123	0.16108465	0.3892932
chr6	32860738	3.7376697	2.373002	1.3646677	acetylated_beyond_accessibility	0.13273048	-0.36940026	-0.1705625	-0.1421752
chr6	32816974	5.6801724	4.3142242	1.3659482	acetylated_beyond_accessibility	-2.0191336	0.7292967	0.1515603	0.48909712
chr20	9504831	2.5649493	1.1985488	1.3664005	acetylated_beyond_accessibility	1.4664319	0.20609355	0.25330663	0.1465491
chr20	37854011	4.0073333	2.640929	1.3664043	acetylated_beyond_accessibility	-0.110028744	0.43786287	0.28262734	0.10895777
chr10	30155538	3.1780539	1.8115721	1.3664818	acetylated_beyond_accessibility	0.64220285	0.12355387	0.23144007	0.12783897
chr8	96283289	4.3307333	2.9640331	1.3667002	acetylated_beyond_accessibility	-0.30419493	0.43766236	0.12773752	0.010224104
chr8	53245942	3.4011974	2.0341468	1.3670506	acetylated_beyond_accessibility	1.2959344	0.008971214	0.1789906	0.16177702
chr22	18151455	4.0253515	2.6581912	1.3671603	acetylated_beyond_accessibility	-0.060100555	-0.2573719	-0.1876669	-0.15363026
chr22	42945207	3.713572	2.3461246	1.3674474	acetylated_beyond_accessibility	0.91815853	-0.08570051	0.28777504	0.142169
chr7	150567341	3.295837	1.9281735	1.3676634	acetylated_beyond_accessibility	0.5023489	0.01965189	0.08865404	-0.033220053
chr8	41957183	4.0775375	2.709519	1.3680186	acetylated_beyond_accessibility	0.6229389	-0.3019936	0.28306174	-0.34060407
chr20	32334367	5.293305	3.9249225	1.3683825	acetylated_beyond_accessibility	-1.1226072	0.4127059	0.20078278	0.14543152
chr12	111562890	3.4011974	2.0326378	1.3685596	acetylated_beyond_accessibility	0.62364507	0.3322041	-0.104854584	0.17299461
chr20	53867893	5.4026775	4.0337915	1.368886	acetylated_beyond_accessibility	-1.5741923	0.42662573	0.25742435	0.22394514
chr20	15319678	3.6888795	2.3198776	1.3690019	acetylated_beyond_accessibility	-0.4819361	0.07434535	-0.24761868	-0.020594835
chr21	44911874	3.8918204	2.522498	1.3693225	acetylated_beyond_accessibility	0.43608522	-0.11863756	-0.5287825	-0.44694304
chr6	75273105	4.2904596	2.9210954	1.3693643	acetylated_beyond_accessibility	-0.34842324	0.7112093	0.16319156	0.28956962
chr10	50468218	3.871201	2.501731	1.3694701	acetylated_beyond_accessibility	-0.2282877	0.6348603	0.028217554	0.40540314
chr7	70718130	3.465736	2.096153	1.3695829	acetylated_beyond_accessibility	0.57001066	-0.11434758	-0.084064245	0.002748251
chr7	150755090	4.1108737	2.740914	1.3699596	acetylated_beyond_accessibility	-0.6788385	0.6666758	0.11019611	0.35937595
chr6	134827722	2.8903718	1.5190467	1.3713251	acetylated_beyond_accessibility	0.5894574	0.118762136	-0.081511855	0.033102036
chr20	47481884	2.9957323	1.6239903	1.371742	acetylated_beyond_accessibility	1.3131318	0.4117949	0.33449554	0.20926607
chr8	134571498	5.0238805	3.6520135	1.371867	acetylated_beyond_accessibility	-1.3136175	1.1842682	0.14643598	0.31598377
chr12	26712276	3.6635616	2.2909784	1.3725832	acetylated_beyond_accessibility	-0.07778263	0.6429448	0.13571882	0.36026382
chr22	31792498	4.3438053	2.9712024	1.3726029	acetylated_beyond_accessibility	-0.16354084	-0.31336927	-0.13534832	-0.27026343
chr10	48748745	4.0430512	2.6702259	1.3728254	acetylated_beyond_accessibility	-0.60718656	0.28322172	0.13797998	0.09394717
chr17	57435325	3.3322046	1.9593713	1.3728333	acetylated_beyond_accessibility	0.45303488	0.41425014	0.08326554	0.29579997
chr18	76474475	4.0073333	2.634394	1.3729393	acetylated_beyond_accessibility	-0.27747154	0.52622676	-0.047287464	0.1645
chr10	33093592	3.1354942	1.7621927	1.3733015	acetylated_beyond_accessibility	0.41246176	0.11581063	-0.043278098	0.109632134
chr12	56716690	3.6888795	2.3155751	1.3733044	acetylated_beyond_accessibility	0.350667	0.18235207	-0.36402726	-0.25769067
chr10	103632266	3.1780539	1.8040082	1.3740456	acetylated_beyond_accessibility	0.4108143	-0.32156658	-0.24757624	-0.10242033
chr8	8359508	3.1354942	1.7607898	1.3747045	acetylated_beyond_accessibility	0.37119663	0.07191861	0.11487019	0.030869126
chr17	17765748	3.8918204	2.5169606	1.3748598	acetylated_beyond_accessibility	0.11693239	-0.269912	0.027834892	0.0015439987
chr10	26384901	3.6888795	2.31375	1.3751295	acetylated_beyond_accessibility	0.21378684	0.2721665	0.15941763	0.26229072
chr21	33340178	3.871201	2.4958925	1.3753085	acetylated_beyond_accessibility	-0.41869354	-0.2916324	-0.32252836	-0.08195257
chr17	69430697	3.988984	2.6130893	1.3758948	acetylated_beyond_accessibility	0.6260662	0.31165433	0.28675818	0.3866644
chr6	99495481	3.0445225	1.6685668	1.3759557	acetylated_beyond_accessibility	0.7976481	0.28199375	0.018932462	0.19847453
chr18	62881810	3.3322046	1.9556148	1.3765898	acetylated_beyond_accessibility	1.0672472	0.8540244	0.49701095	0.42672324
chr10	3829245	4.26268	2.885575	1.377105	acetylated_beyond_accessibility	0.61272216	0.48869348	0.3141954	0.42094684
chr17	5049569	3.8501477	2.4728854	1.3772624	acetylated_beyond_accessibility	-0.1703105	-0.27307534	-0.4283259	-0.28394032
chr18	63278646	3.1354942	1.7579758	1.3775184	acetylated_beyond_accessibility	0.16581309	0.2137593	0.110657096	0.10921502
chr6	16322852	3.583519	2.205929	1.37759	acetylated_beyond_accessibility	0.3419907	0.00037956238	-0.027534246	-0.08835721
chr10	91005702	5.220356	3.8424335	1.3779225	acetylated_beyond_accessibility	-1.5892487	0.1691289	0.11193752	0.41212606
chr6	87645266	3.6109178	2.2327502	1.3781676	acetylated_beyond_accessibility	-0.045037746	0.5838468	-0.083547354	0.14981198
chr6	36378575	3.465736	2.0874422	1.3782938	acetylated_beyond_accessibility	0.35747647	-0.06435132	-0.014879227	-0.10297358
chr10	93346941	2.944439	1.5660418	1.3783971	acetylated_beyond_accessibility	0.9498979	0.34322405	0.20921385	0.1695503
chr22	25961792	3.4011974	2.0227053	1.3784921	acetylated_beyond_accessibility	-0.021772623	0.0078058243	0.033303976	0.10792422
chr18	46068889	3.8286414	2.4499836	1.3786578	acetylated_beyond_accessibility	-0.3053484	0.15003777	0.015308142	0.2822957
chr22	41303145	4.2195077	2.839657	1.3798506	acetylated_beyond_accessibility	0.4871323	0.029173136	-0.061016083	0.23793435
chr6	166541991	3.295837	1.9158478	1.3799891	acetylated_beyond_accessibility	1.0411124	0.20116282	-0.058458686	0.21613336
chr12	27530650	3.7612002	2.3808675	1.3803327	acetylated_beyond_accessibility	0.42836618	0.05617428	0.29270244	0.2084341
chr6	1869286	4.4308167	3.0497043	1.3811123	acetylated_beyond_accessibility	-0.810493	-0.35030222	-0.048053265	-0.12850738
chr8	69805293	3.4339871	2.0524158	1.3815713	acetylated_beyond_accessibility	0.4054618	0.03677535	0.14148068	0.071594
chr8	99498758	4.8751974	3.493569	1.3816285	acetylated_beyond_accessibility	-0.38584757	1.2412429	0.26835108	0.7643266
chr12	11719914	4.762174	3.380363	1.3818111	acetylated_beyond_accessibility	-0.21851301	0.7521882	0.63390064	0.28309536
chr6	28267066	4.4886365	3.106293	1.3823435	acetylated_beyond_accessibility	-0.35068297	0.24850702	-0.088361025	0.5283992
chr6	166281279	3.8918204	2.5090442	1.3827763	acetylated_beyond_accessibility	-0.044977188	-0.31718183	-0.10773134	-0.07144427
chr20	41067962	3.0910425	1.7078586	1.383184	acetylated_beyond_accessibility	1.014467	0.3811245	0.12448323	0.21906257
chr7	70735044	3.8501477	2.4667563	1.3833914	acetylated_beyond_accessibility	0.922693	0.77099943	0.14950132	0.54582
chr12	50514469	4.4426513	3.059125	1.3835263	acetylated_beyond_accessibility	-0.6445155	0.35991907	0.0721364	0.22984076
chr10	80158795	3.1780539	1.7943965	1.3836573	acetylated_beyond_accessibility	0.36774242	0.1249454	-0.032637	0.16322553
chr22	40400308	4.4188404	3.0346134	1.384227	acetylated_beyond_accessibility	-0.46400523	0.4899404	-0.08524251	0.089446306
chr7	100192087	3.988984	2.6045055	1.3844786	acetylated_beyond_accessibility	-0.21288896	0.38617754	0.038527012	0.26576614
chr20	32109603	5.8377304	4.4532185	1.384512	acetylated_beyond_accessibility	-0.46481776	1.2168202	1.0485373	1.1293392
chr18	48756757	3.9702919	2.5853868	1.3849051	acetylated_beyond_accessibility	0.65393066	0.10101175	0.30272007	0.031627417
chr18	62652146	4.634729	3.2496395	1.3850894	acetylated_beyond_accessibility	-1.0543041	-0.05666375	-0.1075201	0.035379887
chr21	14685724	4.804021	3.4189234	1.3850975	acetylated_beyond_accessibility	-1.1473212	0.20586228	-0.08113074	-0.20268989
chr22	50399881	3.1780539	1.7924477	1.3856062	acetylated_beyond_accessibility	1.2182773	-0.052397728	-0.04062617	0.16177821
chr10	86798817	4.204693	2.8189058	1.385787	acetylated_beyond_accessibility	-0.4383886	0.9157264	-0.030726671	0.46720743
chr12	95185296	2.8332133	1.4468541	1.3863592	acetylated_beyond_accessibility	0.25457275	0.1401695	-0.13695931	0.04114282
chr22	31526395	3.3672957	1.9804121	1.3868836	acetylated_beyond_accessibility	-0.43541002	0.05822456	-0.03601575	0.13548982
chr8	130182473	3.871201	2.4841795	1.3870215	acetylated_beyond_accessibility	-0.4890839	0.79240227	0.021780968	0.37038398
chr7	5670570	3.637586	2.2498603	1.3877258	acetylated_beyond_accessibility	0.95485544	0.3893938	0.14218998	0.23271441
chr8	38347441	3.637586	2.2496247	1.3879614	acetylated_beyond_accessibility	0.46712422	0.80498314	0.6333351	1.2801647
chr8	37146434	4.0430512	2.6549451	1.3881061	acetylated_beyond_accessibility	-0.12899423	0.23157644	-0.02504325	0.3481412
chr12	27310139	5.0369525	3.648458	1.3884945	acetylated_beyond_accessibility	-1.5217733	0.17042065	0.022627115	0.28066015
chr12	54345392	3.2580965	1.8688152	1.3892813	acetylated_beyond_accessibility	0.8327942	0.18086028	0.009441614	0.35568666
chr10	13776926	4.3307333	2.9414167	1.3893166	acetylated_beyond_accessibility	-0.51062274	0.44243956	0.04262209	0.15213108
chr12	67449794	4.4308167	3.0414376	1.389379	acetylated_beyond_accessibility	0.34776616	0.63156843	0.5193758	0.7805338
chr12	4931243	2.6390574	1.2495095	1.389548	acetylated_beyond_accessibility	1.4148427	0.2983085	0.087663054	0.18456829
chr6	106247483	4.0943446	2.7046387	1.3897059	acetylated_beyond_accessibility	0.039097548	0.44446898	0.117121935	0.27998066
chr10	11273085	4.828314	3.4384828	1.3898311	acetylated_beyond_accessibility	-0.47021532	0.37885118	0.14729404	0.5105102
chr22	37896415	4.94876	3.5586503	1.3901098	acetylated_beyond_accessibility	-0.7014482	1.3846271	0.33632636	1.1865385
chr6	15337223	3.9512436	2.560924	1.3903196	acetylated_beyond_accessibility	0.25659037	0.24021602	0.1039536	0.007989883
chr10	74982688	4.6821313	3.2916028	1.3905284	acetylated_beyond_accessibility	-1.130249	0.3395133	0.18391037	0.26511216
chr7	70739852	3.7841897	2.39326	1.3909297	acetylated_beyond_accessibility	1.1669979	0.047623634	-0.054236174	0.042766094
chr10	69202518	3.4339871	2.0429835	1.3910036	acetylated_beyond_accessibility	-0.16929388	0.042423964	-0.21355462	-0.011361837
chr17	8844745	3.3672957	1.9761989	1.3910968	acetylated_beyond_accessibility	-0.12809896	0.40119624	0.07979512	0.122976065
chr22	46791362	3.4965076	2.1054037	1.391104	acetylated_beyond_accessibility	0.8570545	0.10855985	0.03836012	-0.18191373
chr6	111736170	3.583519	2.191913	1.3916061	acetylated_beyond_accessibility	0.590884	0.70410967	0.23146534	0.4130137
chr18	47888403	3.0910425	1.6994114	1.3916311	acetylated_beyond_accessibility	0.8019247	0.06887841	-0.059009552	0.023819447
chr7	1000393	3.7376697	2.3460302	1.3916395	acetylated_beyond_accessibility	-0.59668255	-0.6320863	-0.70204055	-0.6228646
chr8	6629694	3.1354942	1.743639	1.3918552	acetylated_beyond_accessibility	0.5492873	0.113120556	0.01339519	-0.012196898
chr12	94415404	3.295837	1.9038651	1.3919718	acetylated_beyond_accessibility	-0.6903269	0.41876554	0.026703596	0.2935667
chr6	34374245	3.2580965	1.8657162	1.3923802	acetylated_beyond_accessibility	0.4921856	-0.053818226	-0.13974857	-0.006022334
chr10	12730965	3.8066626	2.4138083	1.3928542	acetylated_beyond_accessibility	0.28251314	0.12831545	0.2778101	0.22235942
chr8	66870757	3.4011974	2.0081167	1.3930807	acetylated_beyond_accessibility	3.526712	0.78095675	0.6331091	0.5185127
chr8	9581482	2.7080503	1.314921	1.3931292	acetylated_beyond_accessibility	0.7530719	0.27573407	-0.01466465	-0.027982354
chr20	40941471	3.6635616	2.2696707	1.3938909	acetylated_beyond_accessibility	-0.086829185	-0.015872002	-0.07165122	0.1721623
chr20	31560152	3.218876	1.8248893	1.3939866	acetylated_beyond_accessibility	0.63495004	0.47692358	0.14222252	0.16957426
chr6	166907591	4.204693	2.810588	1.394105	acetylated_beyond_accessibility	0.07887101	0.78359866	0.12836695	0.5387025
chr6	87737351	4.8520303	3.457585	1.3944452	acetylated_beyond_accessibility	-1.0546768	0.16804385	0.3364284	0.35877228
chr6	166410704	3.295837	1.9013846	1.3944523	acetylated_beyond_accessibility	0.48879552	-0.07711053	-0.15495181	0.019841313
chr22	38267279	2.9957323	1.6011599	1.3945724	acetylated_beyond_accessibility	0.60712063	0.27581477	-0.30494583	-0.11467469
chr20	48774144	4.624973	3.2303305	1.3946424	acetylated_beyond_accessibility	-0.44744134	0.08290839	0.22956514	-0.12093687
chr18	63175540	3.871201	2.4762914	1.3949096	acetylated_beyond_accessibility	-0.22897983	-0.03466201	0.042067528	-0.026719809
chr12	131994869	3.7376697	2.342054	1.3956158	acetylated_beyond_accessibility	1.1118128	0.6177945	0.3523302	0.6177275
chr8	104281485	3.6109178	2.2149844	1.3959334	acetylated_beyond_accessibility	0.36341095	0.29655027	0.21690488	-0.040834665
chr7	66751843	5.164786	3.768736	1.39605	acetylated_beyond_accessibility	-0.96947265	0.28960514	0.0887928	0.17434931
chr17	50708825	5.5683446	4.17192	1.3964248	acetylated_beyond_accessibility	-1.4112301	0.34066105	0.008185387	0.2447815
chr8	1580506	2.3978953	1.0007874	1.397108	acetylated_beyond_accessibility	2.3752503	0.75922525	0.35381305	0.6177286
chr7	39972334	3.912023	2.5146422	1.3973808	acetylated_beyond_accessibility	0.014039993	0.85444355	0.038853645	0.6451309
chr18	76528887	3.7376697	2.340219	1.3974507	acetylated_beyond_accessibility	0.86388636	-0.22322655	0.20433044	-0.10871196
chr17	57537702	4.0430512	2.6455941	1.3974571	acetylated_beyond_accessibility	0.46600103	0.25721025	-0.045246124	0.18900466
chr6	142855265	5.31812	3.9201093	1.3980107	acetylated_beyond_accessibility	-0.44043803	0.5524192	0.69530535	0.16408539
chr20	34405579	4.644391	3.24596	1.3984311	acetylated_beyond_accessibility	-0.46843147	0.30456257	-0.4701333	-0.17893171
chr20	34720462	4.828314	3.4289603	1.3993535	acetylated_beyond_accessibility	-1.372493	0.39766598	-0.028072596	0.34467268
chr7	5689457	4.0253515	2.6259654	1.3993862	acetylated_beyond_accessibility	0.45084715	0.34169173	-0.091653585	0.23522854
chr12	11697419	2.8903718	1.4909608	1.399411	acetylated_beyond_accessibility	0.893492	0.45868635	0.0981977	0.35339963
chr17	77186322	3.8501477	2.4507174	1.3994303	acetylated_beyond_accessibility	-0.3072214	-0.0686028	-0.12531066	-0.06696057
chr6	11700345	2.8903718	1.4907018	1.39967	acetylated_beyond_accessibility	0.1305939	-0.29883063	-0.09969151	0.091987014
chr12	120226104	3.7841897	2.3845167	1.399673	acetylated_beyond_accessibility	1.5754635	-0.21408367	0.11303425	0.012388706
chr12	39368349	3.1780539	1.7777796	1.4002743	acetylated_beyond_accessibility	-0.358559	0.42749834	0.05022335	0.26722312
chr20	36054266	3.8066626	2.4059958	1.4006667	acetylated_beyond_accessibility	-0.012520313	0.31942415	0.08141875	0.101979494
chr12	119259694	2.7725887	1.3714792	1.4011096	acetylated_beyond_accessibility	0.8155638	0.2303704	0.17919588	0.27131617
chr8	26389739	3.0445225	1.6433718	1.4011507	acetylated_beyond_accessibility	1.2727501	0.04281783	0.025272131	0.015946507
chr10	109915163	3.6635616	2.2624047	1.4011569	acetylated_beyond_accessibility	0.62334824	0.9144132	0.101118326	0.39694142
chr6	35310746	3.5263605	2.1248152	1.4015453	acetylated_beyond_accessibility	1.0529318	0.28542447	0.19272065	0.30305314
chr12	92569102	4.3438053	2.942071	1.4017344	acetylated_beyond_accessibility	-0.61030793	0.42027712	0.11767483	0.24810553
chr12	109477487	5.480639	4.078844	1.4017949	acetylated_beyond_accessibility	2.7914534	0.77837133	0.73236084	0.2585783
chr18	63235121	3.912023	2.5100155	1.4020076	acetylated_beyond_accessibility	-0.27155924	0.32742858	0.019395828	0.41671133
chr6	56889739	4.553877	3.1516368	1.40224	acetylated_beyond_accessibility	-1.0294294	0.3014052	-0.050168514	0.11906171
chr10	62049341	5.7807436	4.377915	1.4028287	acetylated_beyond_accessibility	-1.0276499	0.24934149	0.048784733	0.039208412
chr17	39681276	2.8903718	1.487421	1.4029508	acetylated_beyond_accessibility	1.4119525	0.11771393	-0.07294595	-0.010879993
chr6	13448439	3.8066626	2.4032962	1.4033663	acetylated_beyond_accessibility	0.41301942	0.3508947	0.3050859	0.294477
chr8	20223916	3.5263605	2.1227922	1.4035683	acetylated_beyond_accessibility	0.97772837	0.7466459	0.2871256	0.47653198
chr10	102280473	4.2341065	2.83037	1.4037366	acetylated_beyond_accessibility	0.114085674	0.05860591	0.06501341	0.11760783
chr10	63603892	2.944439	1.5406272	1.4038117	acetylated_beyond_accessibility	0.45780134	0.04910803	0.119954705	0.05904448
chr12	94689695	3.7376697	2.3338394	1.4038303	acetylated_beyond_accessibility	0.3050983	0.37953377	0.13713908	0.22034693
chr12	89040232	3.1780539	1.7741003	1.4039536	acetylated_beyond_accessibility	0.5229769	0.15981579	-0.05826378	-0.17973208
chr10	74934644	3.3322046	1.927917	1.4042876	acetylated_beyond_accessibility	0.2828138	0.3262887	-0.046757936	0.093129635
chr17	29674485	3.1780539	1.773325	1.4047289	acetylated_beyond_accessibility	0.67094874	0.21362603	-0.014752626	0.16549575
chr17	42194529	4.6051702	3.199955	1.4052153	acetylated_beyond_accessibility	-0.46731305	1.114583	-0.061201572	0.33798385
chr21	25459571	5.187386	3.7814677	1.4059184	acetylated_beyond_accessibility	-1.3559952	0.28715205	-0.073088884	-0.23908663
chr12	108609738	3.4011974	1.994916	1.4062815	acetylated_beyond_accessibility	0.436419	-0.30816615	-0.43834138	-0.31038213
chr20	47474200	5.587249	4.1807957	1.4064531	acetylated_beyond_accessibility	-1.747364	0.37244558	0.38615894	0.4602599
chr10	12635376	2.9957323	1.5891593	1.406573	acetylated_beyond_accessibility	0.9393065	0.19186735	0.31603646	0.24333
chr18	48924489	4.5217886	3.1151233	1.4066653	acetylated_beyond_accessibility	-0.34092236	-0.6046951	-0.13027644	-0.31736374
chr6	7207908	3.3322046	1.9248562	1.4073484	acetylated_beyond_accessibility	0.618598	0.37374806	0.18173432	0.30845332
chr8	38945207	3.8066626	2.3991501	1.4075124	acetylated_beyond_accessibility	0.17399073	0.106660366	0.2723472	0.3625307
chr6	170089696	3.9702919	2.562343	1.407949	acetylated_beyond_accessibility	1.0879531	-0.1414578	-0.0007646084	-0.1255486
chr7	117630717	3.5263605	2.1181734	1.4081872	acetylated_beyond_accessibility	0.7460475	-0.19420111	0.024070501	-0.22084141
chr6	163461885	3.6109178	2.2024484	1.4084694	acetylated_beyond_accessibility	0.32556415	0.5409901	0.06601119	0.34204435
chr12	123445825	4.394449	2.9859614	1.4084878	acetylated_beyond_accessibility	-0.60137177	-0.120346546	-0.3184917	-0.18940043
chr17	48443052	4.189655	2.7811265	1.4085283	acetylated_beyond_accessibility	0.41591978	0.6379204	0.6195078	0.607039
chr22	24302698	2.9957323	1.5871828	1.4085495	acetylated_beyond_accessibility	0.99871445	0.30367887	-0.04222381	0.08596575
chr21	33433607	4.9698133	3.5610087	1.4088047	acetylated_beyond_accessibility	-0.15136814	0.89174676	0.19602656	0.48648334
chr10	74451660	3.2580965	1.8491964	1.4089	acetylated_beyond_accessibility	-0.54186475	0.16960335	-0.1601243	0.06508541
chr17	57599423	3.4011974	1.9918442	1.4093533	acetylated_beyond_accessibility	1.2143185	0.24378586	0.51752186	0.33947277
chr12	80485578	3.0445225	1.6347089	1.4098136	acetylated_beyond_accessibility	1.0392506	0.35585678	0.12839079	0.27492428
chr20	49843367	3.295837	1.8856287	1.4102082	acetylated_beyond_accessibility	0.6799154	0.15568256	0.21196175	0.15304923
chr10	22597371	4.189655	2.7789094	1.4107454	acetylated_beyond_accessibility	-0.4864061	0.7294071	-0.019336462	0.51632
chr6	14254729	3.465736	2.0546558	1.4110801	acetylated_beyond_accessibility	0.9167056	-0.032385826	0.036863804	0.4181726
chr18	12316215	3.713572	2.302428	1.411144	acetylated_beyond_accessibility	-0.009793282	-0.2497592	-0.064508915	-0.15043855
chr22	20745386	3.3672957	1.9556125	1.4116832	acetylated_beyond_accessibility	1.5093342	0.20661509	-0.08101356	0.062342048
chr12	64714814	4.634729	3.2228255	1.4119034	acetylated_beyond_accessibility	-0.027380228	0.6898284	0.35307217	0.6373787
chr10	110074523	3.8066626	2.3939073	1.4127553	acetylated_beyond_accessibility	0.05228734	0.5762296	0.00013637543	0.13239789
chr17	56846158	3.218876	1.8060656	1.4128103	acetylated_beyond_accessibility	-0.26543307	0.5413394	-0.039723873	0.38745952
chr17	45076368	3.1780539	1.7652044	1.4128494	acetylated_beyond_accessibility	1.040118	0.13011086	0.047537684	0.10700381
chr20	53941340	5.0238805	3.610883	1.4129975	acetylated_beyond_accessibility	-1.3564146	0.48461747	0.19851232	0.20839572
chr22	49829979	4.7004805	3.2870958	1.4133847	acetylated_beyond_accessibility	-0.5939889	0.8108051	0.16491604	0.871053
chr7	70778775	3.295837	1.8824387	1.4133983	acetylated_beyond_accessibility	0.76721716	0.06697011	0.10019553	0.17769814
chr21	37146770	3.5553482	2.1417453	1.4136028	acetylated_beyond_accessibility	0.883204	0.0700326	0.018348932	0.11584473
chr21	34693320	4.1108737	2.697154	1.4137197	acetylated_beyond_accessibility	0.35260034	0.005742073	0.16061926	0.06645489
chr7	100527610	4.4188404	3.004808	1.4140325	acetylated_beyond_accessibility	-0.68948007	0.76498365	-0.075733185	0.24908113
chr10	823213	3.7612002	2.3466485	1.4145517	acetylated_beyond_accessibility	-0.040401936	-0.0065283775	-0.20432258	-0.2324152
chr17	31250472	4.744932	3.3298702	1.415062	acetylated_beyond_accessibility	-0.2063539	0.5594382	0.2817297	0.55658937
chr18	36150110	4.574711	3.1592915	1.4154193	acetylated_beyond_accessibility	-0.31294227	0.55901504	0.24663019	1.0231831
chr17	69548105	4.1431346	2.72749	1.4156446	acetylated_beyond_accessibility	-0.09341669	0.68812895	0.10879183	0.7183244
chr8	124031707	3.218876	1.802906	1.4159698	acetylated_beyond_accessibility	1.1157854	0.10475159	0.25383878	0.092250586
chr6	118574171	3.2580965	1.8419905	1.416106	acetylated_beyond_accessibility	0.8636949	0.23808026	0.3353541	0.37915063
chr7	37316149	2.9957323	1.5791595	1.4165728	acetylated_beyond_accessibility	0.68383265	0.23598683	0.07583773	0.1545279
chr17	67515245	3.8918204	2.475244	1.4165764	acetylated_beyond_accessibility	0.26488018	0.6341381	0.26589298	0.28875494
chr12	94688639	3.3672957	1.9504209	1.4168749	acetylated_beyond_accessibility	0.77154016	0.35571694	0.15266299	0.43440723
chr17	50420948	3.6888795	2.2708664	1.4180131	acetylated_beyond_accessibility	-0.0030930042	0.18327713	-0.2254281	0.10080743
chr20	37383325	4.0430512	2.6245596	1.4184916	acetylated_beyond_accessibility	0.72703457	0.6611743	0.37644625	0.20697427
chr20	53630091	3.583519	2.1648777	1.4186413	acetylated_beyond_accessibility	0.39971995	0.12322545	-0.24408114	-0.10727692
chr10	13706754	5.5012584	4.08257	1.4186883	acetylated_beyond_accessibility	-1.0121958	-0.17011714	0.075134754	-0.06936312
chr22	40129275	2.8903718	1.4716325	1.4187393	acetylated_beyond_accessibility	0.8880055	0.1969173	0.20595467	0.14606738
chr22	23807129	4.3820267	2.9632425	1.4187841	acetylated_beyond_accessibility	-0.9518542	0.08078432	-0.20750403	-0.22631669
chr10	59672353	3.2580965	1.8393087	1.4187877	acetylated_beyond_accessibility	-0.051854372	0.19183826	0.019819736	0.13722968
chr18	11019492	4.0430512	2.6235743	1.419477	acetylated_beyond_accessibility	-0.47186732	0.34160233	0.06692982	0.06194043
chr17	44438755	3.3672957	1.9475551	1.4197407	acetylated_beyond_accessibility	0.8443098	0.4692266	0.05621791	0.5481801
chr6	117616829	4.0430512	2.6232617	1.4197896	acetylated_beyond_accessibility	-0.8280387	-0.46136093	-0.50934124	-0.02812314
chr6	34340670	3.4011974	1.9813547	1.4198427	acetylated_beyond_accessibility	1.5785372	0.13372588	0.6306715	0.30095148
chr17	42502274	2.1972246	0.7772827	1.4199419	acetylated_beyond_accessibility	1.5138571	0.35427058	-0.024686515	0.2758292
chr6	27819890	4.4886365	3.0684361	1.4202003	acetylated_beyond_accessibility	-0.73552513	0.029837608	0.0131726265	0.083854675
chr7	17069377	3.9512436	2.5308032	1.4204404	acetylated_beyond_accessibility	0.68298006	0.17814064	0.26507163	0.44550037
chr18	35688939	3.7612002	2.3406677	1.4205325	acetylated_beyond_accessibility	0.35613394	0.6084199	0.36413717	0.5847256
chr21	36504438	4.26268	2.842096	1.420584	acetylated_beyond_accessibility	-0.22212124	-0.10006595	0.010785818	-0.034339905
chr12	9649773	5.7170277	4.2959704	1.4210572	acetylated_beyond_accessibility	-1.6823571	0.45911026	-0.10974836	-0.021626472
chr17	80649855	3.1780539	1.7567534	1.4213004	acetylated_beyond_accessibility	1.2419622	0.09560156	0.09252322	0.18381977
chr8	11524920	3.7841897	2.3625827	1.421607	acetylated_beyond_accessibility	0.21612334	0.14263868	0.014281511	0.19923878
chr21	14482077	3.912023	2.490013	1.4220102	acetylated_beyond_accessibility	0.7557831	0.54705596	0.17477727	0.3211727
chr6	15355703	4.4188404	2.9964824	1.422358	acetylated_beyond_accessibility	-0.25582337	-0.11234665	-0.20431113	0.2129004
chr6	132085219	3.295837	1.8726807	1.4231563	acetylated_beyond_accessibility	0.7029314	0.4113655	0.23549938	0.3613696
chr18	11049463	3.465736	2.0423338	1.4234021	acetylated_beyond_accessibility	0.8794205	0.2625711	0.099684715	0.2643466
chr12	120822071	4.0073333	2.583527	1.4238062	acetylated_beyond_accessibility	-0.07008433	0.5795417	0.09910178	0.52250004
chr8	27360714	5.826	4.401776	1.4242244	acetylated_beyond_accessibility	-2.2320287	0.22257996	-0.0033311844	0.29919672
chr18	10851970	4.477337	3.0530407	1.4242961	acetylated_beyond_accessibility	-0.8769107	-0.5198655	-0.36160707	0.04688859
chr17	61816148	3.7376697	2.3133268	1.4243429	acetylated_beyond_accessibility	1.0518565	0.35797644	0.32843947	0.32322335
chr6	22088151	3.295837	1.8714762	1.4243608	acetylated_beyond_accessibility	0.2239933	0.16866708	-0.030168533	-0.0007737875
chr8	141245605	5.247024	3.8224652	1.4245589	acetylated_beyond_accessibility	-1.5349045	-0.2570312	-0.12500644	0.227463
chr12	122457818	3.6888795	2.2638464	1.4250331	acetylated_beyond_accessibility	0.2695577	0.16575265	-0.14260674	0.07310915
chr8	27375977	4.905275	3.4800763	1.4251986	acetylated_beyond_accessibility	-1.0395157	0.036448	0.07736254	-0.00052428246
chr12	122935746	4.1743875	2.7480247	1.4263628	acetylated_beyond_accessibility	1.3777506	-0.15905118	-0.0152487755	0.16546154
chr8	38769645	6.2106	4.7841516	1.4264483	acetylated_beyond_accessibility	-0.8185351	1.7203875	0.9833622	1.4678731
chr6	30508629	5.5451775	4.1185813	1.4265962	acetylated_beyond_accessibility	-1.1834159	0.41544437	0.6367812	0.9975519
chr8	127231523	3.8918204	2.464473	1.4273474	acetylated_beyond_accessibility	0.046969414	0.044256687	-0.028095007	0.06904483
chr17	67519693	3.465736	2.03824	1.427496	acetylated_beyond_accessibility	0.26616907	0.26588917	-0.022511005	0.17264462
chr7	22385461	4.59512	3.1675882	1.4275317	acetylated_beyond_accessibility	-0.8102956	0.25331783	-0.040073395	0.05416584
chr6	28259193	3.1354942	1.7064426	1.4290516	acetylated_beyond_accessibility	3.9791586	0.26837897	0.9408872	0.025148392
chr8	95229859	3.912023	2.4824595	1.4295635	acetylated_beyond_accessibility	0.055431128	0.28151464	0.255682	0.16793942
chr12	123995174	3.0445225	1.6148353	1.4296873	acetylated_beyond_accessibility	1.2204363	0.35575593	0.4631524	0.27345133
chr20	2955600	3.7612002	2.3314168	1.4297833	acetylated_beyond_accessibility	0.36743045	-0.03407502	0.20921206	0.17993951
chr20	25319352	5.655992	4.225078	1.4309139	acetylated_beyond_accessibility	-1.8076382	0.3082881	-0.35244632	-0.1392622
chr20	48772582	3.9512436	2.5200512	1.4311924	acetylated_beyond_accessibility	0.21666813	-0.0627718	-0.071244955	0.2018032
chr10	110410078	5.463832	4.0319915	1.4318404	acetylated_beyond_accessibility	-0.822912	1.2486053	0.11032963	0.39778137
chr10	7457993	4.634729	3.2024462	1.4322827	acetylated_beyond_accessibility	0.13790894	0.58699155	0.117926836	-0.16134405
chr6	163459699	4.3694477	2.936885	1.4325626	acetylated_beyond_accessibility	-0.8554616	0.25329924	-0.04886055	0.13288164
chr17	3817050	3.465736	2.0326896	1.4330463	acetylated_beyond_accessibility	0.52997184	0.069480896	-0.01402545	-0.20286202
chr12	4538634	5.891644	4.458491	1.4331532	acetylated_beyond_accessibility	0.40005636	1.6654754	0.48216677	1.8286223
chr17	67456238	3.637586	2.2039208	1.4336653	acetylated_beyond_accessibility	0.38046145	0.8333106	-0.05668187	0.43344378
chr17	57459407	5.2983174	3.864636	1.4336815	acetylated_beyond_accessibility	-1.0025573	0.906878	0.27544498	0.86107016
chr20	53623649	6.016157	4.5812273	1.4349298	acetylated_beyond_accessibility	-0.86042976	0.69010925	0.2574997	0.50724316
chr20	48809732	2.9957323	1.5605931	1.4351392	acetylated_beyond_accessibility	1.0440285	0.07626963	0.30853748	0.049188375
chr7	40311532	2.944439	1.5090287	1.4354103	acetylated_beyond_accessibility	0.746454	0.73596835	0.15726542	0.34054363
chr17	5219773	2.944439	1.5089496	1.4354893	acetylated_beyond_accessibility	1.3759712	0.2535392	0.113200784	0.17626727
chr12	31950523	3.1780539	1.7423434	1.4357104	acetylated_beyond_accessibility	0.7214277	0.08262718	-0.065650344	0.099962234
chr7	155710712	3.6635616	2.227199	1.4363625	acetylated_beyond_accessibility	0.44073176	-0.30112338	-0.114766836	-0.21112084
chr17	78144502	4.955827	3.51924	1.4365873	acetylated_beyond_accessibility	-1.7317826	0.004169464	-0.7549107	-0.33237958
chr6	10541022	3.1780539	1.7409015	1.4371524	acetylated_beyond_accessibility	0.6703527	0.050373077	0.0205822	0.15450275
chr21	25495001	4.3438053	2.9066198	1.4371855	acetylated_beyond_accessibility	-1.1455252	-0.23967052	-0.29326868	0.15635657
chr22	36357154	3.6109178	2.1734443	1.4374735	acetylated_beyond_accessibility	0.7283168	0.6559577	0.41290975	0.48701215
chr7	66749047	4.0430512	2.6055622	1.437489	acetylated_beyond_accessibility	-0.23872423	0.1107769	-0.004713297	0.22513008
chr21	37461611	3.8918204	2.4543295	1.4374909	acetylated_beyond_accessibility	-0.51081824	0.2725706	-0.15240669	0.19382238
chr22	45222849	3.4011974	1.9636748	1.4375226	acetylated_beyond_accessibility	0.35853362	0.20405364	0.0029072762	0.07028937
chr8	94450281	3.2580965	1.8205254	1.437571	acetylated_beyond_accessibility	0.19535351	0.16085672	0.020019174	0.11876464
chr10	72218525	5.0875964	3.6499496	1.4376469	acetylated_beyond_accessibility	-1.1981218	1.1139789	-0.09806204	0.3084805
chr10	95784681	6.363028	4.9252343	1.4377937	acetylated_beyond_accessibility	-2.1461406	0.8187747	0.5369201	0.39830256
chr17	42586871	4.934474	3.496243	1.438231	acetylated_beyond_accessibility	-0.36792445	0.9031944	0.2715273	0.9542804
chr8	42355754	4.3438053	2.9052424	1.4385629	acetylated_beyond_accessibility	-0.31974745	0.8210232	0.08542299	-0.012430668
chr10	12051419	4.204693	2.765991	1.4387019	acetylated_beyond_accessibility	-0.14382863	0.3027997	-0.010126591	0.32041335
chr6	89365941	3.295837	1.8570693	1.4387677	acetylated_beyond_accessibility	0.35062885	-0.17613697	-0.09331083	-0.043650746
chr8	134572585	5.2257466	3.7863455	1.4394011	acetylated_beyond_accessibility	-0.5117037	0.35891438	0.5465822	0.77208996
chr6	88760269	4.2341065	2.7944956	1.439611	acetylated_beyond_accessibility	-0.36744356	0.55595756	-0.036884785	0.36658716
chr6	43392167	4.477337	3.03752	1.439817	acetylated_beyond_accessibility	0.11443305	0.47566414	0.17405534	0.767894
chr8	22540523	4.2195077	2.7791402	1.4403675	acetylated_beyond_accessibility	0.14362454	-0.035514116	0.23172784	0.28276443
chr20	62030993	4.394449	2.954065	1.4403841	acetylated_beyond_accessibility	0.600647	0.702934	0.24448323	0.9388716
chr12	123659639	4.2341065	2.793521	1.4405856	acetylated_beyond_accessibility	-0.06770444	-0.14666462	-0.086993694	0.12031913
chr7	129091673	4.1743875	2.7338014	1.4405861	acetylated_beyond_accessibility	0.49914908	0.4800954	-0.052147627	0.7926607
chr6	56811709	4.394449	2.953841	1.4406083	acetylated_beyond_accessibility	-0.7395971	0.13935447	-0.09662151	0.065724134
chr22	35054231	4.983607	3.5429215	1.4406853	acetylated_beyond_accessibility	-1.49329	0.5875292	-0.025031328	0.24816108
chr7	133059852	4.304065	2.863232	1.4408333	acetylated_beyond_accessibility	0.54220295	0.4905765	0.26501822	0.70436645
chr12	49452023	4.317488	2.876543	1.4409451	acetylated_beyond_accessibility	-0.6794491	-0.10733271	-0.032423496	0.65681195
chr21	34678076	3.8066626	2.3653145	1.4413481	acetylated_beyond_accessibility	0.22775769	-0.36602473	-0.067159176	-0.12694907
chr12	49672886	5.351858	3.910386	1.441472	acetylated_beyond_accessibility	-1.3305533	0.5622778	-0.0872519	0.26434278
chr10	11683755	6.169611	4.728058	1.4415531	acetylated_beyond_accessibility	-2.5482416	0.98978996	0.08352423	0.63927364
chr22	18150031	4.8675346	3.4257414	1.4417932	acetylated_beyond_accessibility	0.1356051	0.11230302	-0.44067764	-0.30494642
chr7	130458431	3.4339871	1.9921843	1.4418029	acetylated_beyond_accessibility	0.064014554	0.56187093	-0.13627422	0.19669521
chr20	46063911	3.8286414	2.3867881	1.4418533	acetylated_beyond_accessibility	-0.13051677	-0.0795486	0.17435789	-0.0025644302
chr22	44048056	4.1743875	2.732423	1.4419644	acetylated_beyond_accessibility	-0.62017727	0.28715777	-0.37854886	-0.41595125
chr8	102814765	5.1298985	3.6876464	1.4422522	acetylated_beyond_accessibility	-0.84634566	0.3184886	-0.2185862	0.27065277
chr20	32971849	5.7300997	4.2875533	1.4425464	acetylated_beyond_accessibility	-1.4406722	0.043675423	0.28803873	0.45980453
chr10	32943554	3.7612002	2.3185127	1.4426875	acetylated_beyond_accessibility	0.7552862	0.2490077	0.10518265	0.19595456
chr17	69607249	4.0253515	2.5826328	1.4427187	acetylated_beyond_accessibility	-0.5572033	0.3267939	0.11260486	0.37474036
chr8	43191425	3.4339871	1.9907537	1.4432335	acetylated_beyond_accessibility	1.0805864	0.4309783	0.4564612	0.29200172
chr17	4293767	3.9512436	2.5079534	1.4432902	acetylated_beyond_accessibility	-0.32656693	0.8869579	-0.019882917	0.43037152
chr10	62912171	3.912023	2.4684477	1.4435754	acetylated_beyond_accessibility	0.4173634	-0.03844428	-0.011075735	-0.063705444
chr10	106958799	3.713572	2.2694387	1.4441333	acetylated_beyond_accessibility	0.09176898	0.13118172	-0.015285492	0.16088367
chr8	123139648	4.248495	2.804282	1.4442132	acetylated_beyond_accessibility	-0.008283615	0.6030388	0.57498693	0.4753704
chr7	150661280	5.164786	3.7202902	1.4444957	acetylated_beyond_accessibility	-1.2039745	0.2079978	0.035334587	0.11529398
chr22	35148748	3.912023	2.467472	1.444551	acetylated_beyond_accessibility	-0.26326275	-0.23873925	-0.11438084	-0.15265799
chr22	43004463	3.6888795	2.2442174	1.4446621	acetylated_beyond_accessibility	0.6008811	-0.0035552979	0.050076723	-0.12954497
chr22	47495296	2.3025851	0.85788417	1.444701	acetylated_beyond_accessibility	4.941539	0.92000973	2.1329389	0.80492175
chr18	10852702	4.454347	3.0095768	1.4447703	acetylated_beyond_accessibility	-0.60869217	-0.18077207	-0.1501913	0.0898447
chr10	67849472	5.0875964	3.6425595	1.4450369	acetylated_beyond_accessibility	1.0008464	0.98743296	0.33960032	0.5117316
chr20	37308068	5.278115	3.8330657	1.445049	acetylated_beyond_accessibility	-0.9425926	0.5323694	0.16022444	0.31376433
chr12	31887380	4.276666	2.831018	1.4456482	acetylated_beyond_accessibility	-0.60472727	0.63212013	0.13190746	0.20216894
chr20	38823093	3.8501477	2.404013	1.4461348	acetylated_beyond_accessibility	0.12257004	-0.05000186	-0.032372236	0.096722364
chr17	45284326	3.583519	2.1368837	1.4466352	acetylated_beyond_accessibility	0.6592119	-0.0036492348	-0.07756853	-0.067478895
chr17	42365199	2.7725887	1.3259231	1.4466656	acetylated_beyond_accessibility	1.0070554	0.4826969	0.33278072	0.35716188
chr12	127163108	2.8903718	1.4434326	1.4469392	acetylated_beyond_accessibility	1.3079267	0.45240116	0.17097759	0.3484081
chr6	150880576	3.1780539	1.7310358	1.447018	acetylated_beyond_accessibility	0.20718896	0.1411761	-0.030620456	0.08190644
chr17	82546003	3.8918204	2.4447048	1.4471157	acetylated_beyond_accessibility	-0.21581817	0.44788527	-0.25011206	-0.011487246
chr6	132320243	2.4849067	1.0371732	1.4477335	acetylated_beyond_accessibility	0.47228205	-0.077902675	-0.18526381	-0.14733183
chr17	48453737	3.5553482	2.1075861	1.447762	acetylated_beyond_accessibility	0.9909477	0.4787948	0.1419394	0.3498175
chr10	5904400	5.198497	3.7505434	1.4479535	acetylated_beyond_accessibility	-0.8856678	0.5949662	-0.08276868	0.23224735
chr17	4355098	3.6635616	2.2153533	1.4482083	acetylated_beyond_accessibility	0.84390616	-0.17501354	0.04630685	-0.024298191
chr6	137722839	3.8286414	2.3804271	1.4482143	acetylated_beyond_accessibility	1.5600979	0.9302151	0.38936782	0.43000388
chr17	4257132	2.944439	1.4960786	1.4483603	acetylated_beyond_accessibility	1.2450987	0.9104117	0.76750076	0.95750463
chr20	49168831	4.204693	2.756189	1.4485037	acetylated_beyond_accessibility	-0.32045364	-0.11203718	-0.20355392	-0.1281035
chr12	11798198	3.3322046	1.8836216	1.448583	acetylated_beyond_accessibility	0.43147337	0.3893181	0.23361266	0.33719027
chr18	23943282	4.204693	2.7560434	1.4486494	acetylated_beyond_accessibility	-0.10955691	0.7269621	0.22976446	0.71408486
chr6	130263341	3.1780539	1.7285242	1.4495296	acetylated_beyond_accessibility	0.9794786	-0.054053307	0.32143736	0.13288593
chr7	148306972	3.583519	2.1338758	1.4496431	acetylated_beyond_accessibility	0.13717127	-0.03313303	0.0012814999	0.08082557
chr6	34657580	6.669498	5.2193546	1.4501433	acetylated_beyond_accessibility	-1.4499559	0.9903655	0.49360466	0.6566353
chr6	42630051	3.637586	2.1865497	1.4510365	acetylated_beyond_accessibility	1.3355622	0.5054538	0.14569807	0.23731661
chr7	74265271	3.912023	2.4604568	1.4515662	acetylated_beyond_accessibility	0.5336826	-0.17141366	-0.34555244	-0.08142614
chr12	50574619	3.3322046	1.8805606	1.451644	acetylated_beyond_accessibility	0.52388644	0.42425847	0.16384482	0.38966656
chr12	130815320	4.0253515	2.5736241	1.4517274	acetylated_beyond_accessibility	-0.48177052	0.24529791	-0.11401343	0.062770605
chr6	42217342	4.574711	3.122349	1.4523618	acetylated_beyond_accessibility	0.34455514	0.8126693	0.45601058	0.14510989
chr12	111057218	3.8066626	2.3542454	1.4524171	acetylated_beyond_accessibility	1.9546192	0.38389564	1.6762416	0.58094716
chr10	74163736	4.2341065	2.7814329	1.4526737	acetylated_beyond_accessibility	-0.39603496	0.56175494	0.20058084	0.339
chr10	52900725	3.7376697	2.2844474	1.4532223	acetylated_beyond_accessibility	0.28957534	0.47958684	0.17430091	0.21463943
chr12	119828488	2.944439	1.4907699	1.4536691	acetylated_beyond_accessibility	1.2585628	0.09019709	-0.08930957	0.00043857098
chr17	33964579	4.465908	3.012166	1.453742	acetylated_beyond_accessibility	0.3974514	0.34093714	0.497586	0.6620805
chr20	63917982	3.1354942	1.6810796	1.4544146	acetylated_beyond_accessibility	0.9187081	-0.061728477	-0.24068081	0.04548669
chr10	11533590	4.6821313	3.2275705	1.4545608	acetylated_beyond_accessibility	-0.46002436	0.21946335	0.25614834	0.31328797
chr20	47435180	4.9767337	3.5220737	1.4546599	acetylated_beyond_accessibility	-1.5930648	-0.23813677	-0.07702589	-0.12677002
chr12	123661737	4.0775375	2.6227148	1.4548228	acetylated_beyond_accessibility	-0.6835326	0.5693886	-0.2784648	-0.25306296
chr20	2664258	4.8520303	3.397061	1.4549692	acetylated_beyond_accessibility	2.9656265	1.55849	0.95951104	0.9204242
chr18	11005778	4.804021	3.348869	1.4551518	acetylated_beyond_accessibility	-0.16579127	0.53501797	0.23210335	0.44603372
chr8	59065546	2.7725887	1.3169692	1.4556196	acetylated_beyond_accessibility	1.6259797	-0.052552223	0.08666694	0.042307973
chr8	127182128	4.804021	3.348245	1.455776	acetylated_beyond_accessibility	-1.0952208	1.0301669	0.28415918	0.33388066
chr6	37317495	3.8286414	2.3723347	1.4563067	acetylated_beyond_accessibility	0.57164574	0.20004463	0.21349096	0.22401619
chr22	46770945	4.934474	3.4779582	1.4565158	acetylated_beyond_accessibility	-0.6033304	-0.041627884	-0.09867668	0.23065138
chr12	7752789	2.5649493	1.107555	1.4573942	acetylated_beyond_accessibility	1.6410259	-0.07490599	-0.45909107	-0.12235016
chr18	79187017	3.9512436	2.4936328	1.4576108	acetylated_beyond_accessibility	0.07143855	0.29387283	0.1157527	0.09968567
chr22	41482597	3.988984	2.531294	1.45769	acetylated_beyond_accessibility	0.18430161	-0.25152516	-0.07510209	0.12584376
chr12	121520710	4.59512	3.1373453	1.4577746	acetylated_beyond_accessibility	-0.049259424	0.21347952	0.0101668835	0.44824457
chr10	95963811	4.0775375	2.6197474	1.4577901	acetylated_beyond_accessibility	1.4955518	0.7229693	0.47982812	0.62996316
chr10	11266591	4.3307333	2.8729312	1.457802	acetylated_beyond_accessibility	-0.92344797	0.095127106	0.034136057	0.13191581
chr10	114499400	5.5947113	4.136828	1.4578834	acetylated_beyond_accessibility	-0.6722448	0.5145526	0.36530685	0.4628334
chr12	104566453	4.189655	2.7312512	1.4584036	acetylated_beyond_accessibility	-0.2248385	0.71318674	0.36647868	0.5125668
chr8	125309907	3.8066626	2.3480852	1.4585774	acetylated_beyond_accessibility	0.1962986	0.05210948	-0.10625768	-0.0181849
chr22	33242360	3.713572	2.2549648	1.4586072	acetylated_beyond_accessibility	-0.6483935	0.12408686	-0.023885489	0.07231188
chr10	7193254	3.713572	2.254285	1.4592869	acetylated_beyond_accessibility	0.3902452	-0.29571986	-0.10546541	-0.06867099
chr20	38853465	3.0445225	1.5851161	1.4594064	acetylated_beyond_accessibility	1.0901043	0.4319098	0.45526886	0.19151688
chr6	42378450	3.6635616	2.2038217	1.4597399	acetylated_beyond_accessibility	0.9282048	-0.30911016	0.046031	0.07532406
chr12	31571004	2.8903718	1.4305613	1.4598105	acetylated_beyond_accessibility	1.2242274	0.32920718	0.109628916	0.1448574
chr18	9717351	3.1780539	1.7181432	1.4599106	acetylated_beyond_accessibility	0.57791734	0.14227402	0.13140082	-0.07687235
chr12	112182704	3.8918204	2.4317796	1.4600408	acetylated_beyond_accessibility	-0.4263506	-0.086272	-0.29103303	-0.37300754
chr7	149248918	3.6635616	2.2034078	1.4601538	acetylated_beyond_accessibility	0.6164906	0.21140337	0.07666135	0.011297703
chr17	5619455	3.218876	1.7585381	1.4603378	acetylated_beyond_accessibility	3.656477	0.41151106	0.7290565	0.41708958
chr10	26557289	3.1780539	1.7177086	1.4603453	acetylated_beyond_accessibility	0.8105023	0.27289772	0.18660319	0.074228406
chr20	53760101	3.5263605	2.065949	1.4604115	acetylated_beyond_accessibility	0.49458957	0.43668008	-0.28081	0.16868544
chr22	26703145	2.9957323	1.535183	1.4605494	acetylated_beyond_accessibility	1.4173269	0.4331584	0.088590264	0.3211527
chr21	35234931	2.7725887	1.3116	1.4609888	acetylated_beyond_accessibility	0.374835	0.034422636	-0.16934526	-0.24452496
chr10	30158639	3.295837	1.8347147	1.4611223	acetylated_beyond_accessibility	0.55115914	0.36243224	0.12951624	0.24877167
chr6	32920736	2.9957323	1.5345803	1.461152	acetylated_beyond_accessibility	0.5022739	0.18950713	-0.14677858	0.022174954
chr17	28118545	3.7612002	2.2998974	1.4613028	acetylated_beyond_accessibility	0.8385706	0.5626166	0.004122734	0.5082903
chr7	150736263	3.0910425	1.629559	1.4614835	acetylated_beyond_accessibility	0.18383253	0.14744842	-0.21788633	0.10840142
chr17	8851780	4.727388	3.2651143	1.4622736	acetylated_beyond_accessibility	-1.1188896	0.11486769	0.12227321	0.22603822
chr6	15439610	3.7841897	2.3217597	1.46243	acetylated_beyond_accessibility	1.4599183	0.5862613	0.44140315	0.62245774
chr6	27601877	3.9702919	2.5078185	1.4624734	acetylated_beyond_accessibility	0.6058936	0.35135818	-0.059445858	0.18852925
chr10	97561210	4.0430512	2.5803514	1.4626999	acetylated_beyond_accessibility	0.020999432	0.04099369	0.05802226	0.024468422
chr7	77824367	3.988984	2.526009	1.462975	acetylated_beyond_accessibility	-0.115682125	0.61371946	-0.078458786	-0.15853381
chr7	74264722	3.8066626	2.343123	1.4635396	acetylated_beyond_accessibility	0.4308374	-0.28778195	-0.08457065	-0.066730976
chr7	99551592	4.65396	3.1900558	1.4639044	acetylated_beyond_accessibility	0.31608272	0.45718908	0.10921073	0.25203943
chr6	347416	5.1532917	3.6893516	1.4639401	acetylated_beyond_accessibility	-1.1520321	0.36258316	-0.06978679	-0.003952503
chr17	67475553	4.0775375	2.6135015	1.464036	acetylated_beyond_accessibility	-0.08484268	0.2313056	0.1427033	0.57669497
chr20	41480225	2.9957323	1.5315344	1.4641979	acetylated_beyond_accessibility	0.99558854	0.00442338	-0.030407667	-0.05911386
chr6	89271208	4.189655	2.7253458	1.464309	acetylated_beyond_accessibility	0.0048162937	0.022988796	-0.25812483	0.047519922
chr12	115487395	2.7725887	1.3079872	1.4646015	acetylated_beyond_accessibility	1.100158	0.46781194	0.29015422	0.37671447
chr17	29705670	5.370638	3.9060102	1.4646277	acetylated_beyond_accessibility	-1.7111912	0.22004032	0.25663614	0.13384438
chr10	11669316	3.8066626	2.3417003	1.4649622	acetylated_beyond_accessibility	0.1620605	0.4365635	0.08132458	0.161623
chr12	103832650	3.912023	2.446524	1.4654992	acetylated_beyond_accessibility	0.031838655	0.7459042	0.06401539	0.3764155
chr8	53895831	4.7706847	3.3049102	1.4657745	acetylated_beyond_accessibility	-0.9437349	0.3036232	-0.18817306	-0.020225286
chr17	78698517	4.574711	3.1083298	1.4663811	acetylated_beyond_accessibility	-0.8198142	0.5015197	0.42187715	0.47605038
chr10	11586986	3.3672957	1.9007291	1.4665667	acetylated_beyond_accessibility	0.45467842	0.4098233	0.25755417	0.24461114
chr22	29798481	5.1119876	3.644918	1.4670696	acetylated_beyond_accessibility	-0.012042999	0.20919704	0.2178216	0.3988366
chr17	6936569	3.5263605	2.0591764	1.4671841	acetylated_beyond_accessibility	0.098647594	0.36934423	0.0008583069	0.007642269
chr6	10540291	3.6109178	2.1434093	1.4675086	acetylated_beyond_accessibility	0.83785343	-0.12583184	0.21546435	0.15930438
chr22	29642160	3.3322046	1.8642058	1.4679987	acetylated_beyond_accessibility	1.3645544	-0.05365312	0.15471053	0.019182801
chr7	127685843	4.0943446	2.6262875	1.4680572	acetylated_beyond_accessibility	0.11793518	0.13029051	0.02695942	0.12042856
chr8	59066928	2.4849067	1.0163603	1.4685464	acetylated_beyond_accessibility	1.250057	-0.04354608	-0.21759576	-0.13157952
chr12	4246310	3.8501477	2.3815677	1.46858	acetylated_beyond_accessibility	0.28396273	0.33245063	-0.26474786	0.11255765
chr17	29665287	3.912023	2.4433517	1.4686713	acetylated_beyond_accessibility	0.5723772	0.7212286	0.47330308	0.38508034
chr10	73379540	3.6635616	2.1947446	1.468817	acetylated_beyond_accessibility	1.1978683	0.24173951	0.13826871	0.12796164
chr6	32192827	5.9107966	4.4418974	1.4688993	acetylated_beyond_accessibility	-1.1673641	-0.022871971	0.00042915344	0.48695707
chr12	49674397	4.4426513	2.9736676	1.4689837	acetylated_beyond_accessibility	0.28601384	0.34871292	0.24649954	0.23761272
chr7	23381270	3.295837	1.8267533	1.4690837	acetylated_beyond_accessibility	0.72584546	0.026066184	0.16109598	0.16271794
chr21	35026855	3.3672957	1.8982036	1.4690921	acetylated_beyond_accessibility	1.6903939	-0.73992324	-0.26874995	-0.9034226
chr12	108545154	3.2580965	1.7889125	1.4691839	acetylated_beyond_accessibility	1.0104189	0.4282868	0.24675822	0.22848487
chr6	166541139	3.9318256	2.4626348	1.4691908	acetylated_beyond_accessibility	0.94626045	0.91323066	0.49009538	0.42868686
chr18	11021670	4.5217886	3.0514119	1.4703767	acetylated_beyond_accessibility	-0.8711536	0.35679245	0.06858921	0.06268096
chr17	65009040	3.3322046	1.8611364	1.4710681	acetylated_beyond_accessibility	0.94741774	0.830194	0.09418082	0.3883257
chr20	48783302	5.826	4.354635	1.4713655	acetylated_beyond_accessibility	-1.776849	0.8815012	0.09451628	0.40507174
chr22	26708808	5.6869755	4.215461	1.4715147	acetylated_beyond_accessibility	-1.8311517	-0.22192192	0.1748085	0.3432498
chr8	38279324	4.0253515	2.5536723	1.4716792	acetylated_beyond_accessibility	0.14140916	-0.04804516	-0.0069200993	-0.022352695
chr6	111389143	3.218876	1.7471415	1.4717344	acetylated_beyond_accessibility	0.2654587	0.04369867	0.04095173	0.075628996
chr22	40401819	3.5553482	2.082458	1.4728901	acetylated_beyond_accessibility	0.25386333	0.028729677	0.13998699	0.055005074
chr10	33096021	3.9318256	2.4579225	1.4739032	acetylated_beyond_accessibility	-0.58635235	0.7386961	-0.051957607	0.48072052
chr12	112109190	5.7899604	4.3157563	1.4742041	acetylated_beyond_accessibility	-0.092200756	1.2566795	0.42442417	1.2211394
chr12	122452881	4.1743875	2.7000537	1.4743338	acetylated_beyond_accessibility	0.3241048	0.15591383	0.14745545	0.16966987
chr12	50420226	2.944439	1.469656	1.474783	acetylated_beyond_accessibility	0.86603737	0.16814661	-0.051310778	0.06901789
chr12	130585897	2.6390574	1.1642451	1.4748123	acetylated_beyond_accessibility	0.81926703	0.027321458	-0.21813154	-0.08237052
chr20	847072	4.5325994	3.0576358	1.4749637	acetylated_beyond_accessibility	-0.33604503	0.14058232	-0.08874464	0.07353711
chr10	96290916	5.3612924	3.8862946	1.4749978	acetylated_beyond_accessibility	-1.7291284	0.3127458	-0.24192548	0.15109992
chr20	48753044	3.6109178	2.1358862	1.4750316	acetylated_beyond_accessibility	0.114192486	0.24847269	0.14863682	0.25274444
chr17	76145751	4.59512	3.1194067	1.4757133	acetylated_beyond_accessibility	-0.7711241	-0.40195513	-0.48015213	0.2669437
chr7	6725228	4.1108737	2.634851	1.4760227	acetylated_beyond_accessibility	0.8968229	0.6822467	-0.051051617	-0.059835434
chr17	75066726	3.0910425	1.6144009	1.4766417	acetylated_beyond_accessibility	0.43247557	0.074290395	-0.27258956	0.2442615
chr6	154257182	4.317488	2.8396063	1.4778819	acetylated_beyond_accessibility	0.60412836	-0.01365757	0.21880221	0.42889214
chr18	63140238	5.170484	3.6922894	1.4781947	acetylated_beyond_accessibility	-0.68113303	0.7212372	0.300035	0.2736168
chr7	43666074	3.295837	1.8174628	1.4783741	acetylated_beyond_accessibility	0.26965153	0.09431791	0.03688264	0.080801725
chr17	80726980	2.7725887	1.2940935	1.4784952	acetylated_beyond_accessibility	1.1539024	0.48162544	0.57565176	0.7626065
chr7	98771737	4.7957907	3.3172886	1.478502	acetylated_beyond_accessibility	0.13243747	0.8995726	0.3139739	0.60221696
chr8	133393968	2.6390574	1.1604424	1.478615	acetylated_beyond_accessibility	1.2913177	0.016758204	0.1648159	-0.0065221786
chr22	32476496	4.1271343	2.648075	1.4790592	acetylated_beyond_accessibility	0.6678715	0.5576649	-0.060694695	0.3375466
chr22	31846403	3.8066626	2.3270805	1.4795821	acetylated_beyond_accessibility	-0.10109019	0.13521028	0.18558002	0.19629192
chr10	115022893	3.7612002	2.2807689	1.4804313	acetylated_beyond_accessibility	0.12536836	0.52855587	-0.004986763	0.04505992
chr6	111766396	5.236442	3.7557738	1.4806683	acetylated_beyond_accessibility	-1.2900562	0.40457082	0.4773829	0.532356
chr22	26479429	5.351858	3.870258	1.4816	acetylated_beyond_accessibility	-0.79162383	0.71565604	0.0079677105	1.0329487
chr12	21509837	4.1431346	2.6613822	1.4817524	acetylated_beyond_accessibility	0.29229426	1.2518425	-0.039296865	0.56003356
chr10	61940094	4.6821313	3.1996753	1.482456	acetylated_beyond_accessibility	-0.6508777	0.46853495	0.27323532	0.5890219
chr17	20074700	3.9318256	2.449316	1.4825096	acetylated_beyond_accessibility	0.0050807	-0.33808446	-0.13971496	-0.38394165
chr10	11265616	4.0073333	2.5248008	1.4825325	acetylated_beyond_accessibility	-0.80839264	0.1732924	-0.22898006	-0.004419327
chr12	66620206	3.3322046	1.8496149	1.4825897	acetylated_beyond_accessibility	0.036781788	0.4987676	0.2495749	0.3677857
chr18	10872085	3.637586	2.1546896	1.4828966	acetylated_beyond_accessibility	-0.13647914	-0.1014688	0.019281149	-0.035149813
chr22	30325298	4.248495	2.7654483	1.4830468	acetylated_beyond_accessibility	0.294199	0.27062297	0.20813513	0.15413547
chr17	7012472	5.857933	4.374371	1.483562	acetylated_beyond_accessibility	0.7642188	1.0376387	0.66495085	1.342915
chr22	31846914	3.7841897	2.300458	1.4837317	acetylated_beyond_accessibility	-0.17631626	-0.041080475	0.009957552	-0.019417524
chr10	73501782	3.9512436	2.4672542	1.4839895	acetylated_beyond_accessibility	0.64913106	0.36570978	0.24607038	0.45238495
chr17	71893134	2.1972246	0.7127128	1.4845119	acetylated_beyond_accessibility	1.4675491	0.318415	0.091076136	0.2111311
chr20	37857166	2.8332133	1.3483806	1.4848328	acetylated_beyond_accessibility	1.8191264	0.2417171	0.44235206	0.16603327
chr17	48427835	4.644391	3.159236	1.4851551	acetylated_beyond_accessibility	-0.65363	0.8072119	-0.031169176	0.27188134
chr6	88762712	4.7184987	3.233029	1.4854698	acetylated_beyond_accessibility	-0.6204121	0.020041466	-0.039009094	0.15729713
chr18	2962050	5.2983174	3.8123975	1.48592	acetylated_beyond_accessibility	-2.2043335	0.33173323	-0.06584954	-0.024251461
chr7	41826135	2.8903718	1.4037659	1.4866059	acetylated_beyond_accessibility	0.38135397	0.0008560419	-0.059907556	0.08179903
chr12	51330067	2.8903718	1.4037224	1.4866494	acetylated_beyond_accessibility	1.1970612	0.41184795	0.23225772	0.3296653
chr7	150569525	3.0445225	1.5578662	1.4866563	acetylated_beyond_accessibility	0.4217472	-0.043723226	-0.20552707	-0.061269164
chr22	40276700	4.787492	3.300519	1.4869728	acetylated_beyond_accessibility	-0.6201854	0.78304005	0.0043509007	0.45288062
chr8	145045648	3.0910425	1.6035281	1.4875144	acetylated_beyond_accessibility	1.6176752	0.43564236	0.3277353	0.26600194
chr6	166586942	4.406719	2.9188225	1.4878967	acetylated_beyond_accessibility	-0.4046769	0.33597374	0.0017619133	0.06004858
chr17	47740759	3.4011974	1.9128885	1.4883089	acetylated_beyond_accessibility	0.52661395	0.3084159	0.047754407	0.16131377
chr12	115504407	4.8598123	3.3713446	1.4884677	acetylated_beyond_accessibility	-0.7528136	-0.094022274	0.01444602	-0.04848814
chr8	17614430	3.218876	1.730276	1.4885999	acetylated_beyond_accessibility	1.03592	0.14239061	0.119246006	0.10220921
chr7	105448332	3.5263605	2.037518	1.4888425	acetylated_beyond_accessibility	0.6185894	0.04995346	-0.055656075	0.27091527
chr7	100211618	5.463832	3.974941	1.4888909	acetylated_beyond_accessibility	-1.1697044	0.69357276	0.19722533	0.69199586
chr12	92485528	5.09375	3.604167	1.489583	acetylated_beyond_accessibility	-1.9358101	0.17099762	0.15069151	-0.080133915
chr10	95215019	3.295837	1.8060243	1.4898126	acetylated_beyond_accessibility	1.5427406	0.568269	0.8277345	0.41553354
chr18	76499950	5.32301	3.8325207	1.4904892	acetylated_beyond_accessibility	-1.0413599	0.8622434	0.20109963	0.77974534
chr8	102306998	3.465736	1.9751675	1.4905684	acetylated_beyond_accessibility	1.1743171	0.23632932	0.29915237	0.14790273
chr22	42833323	4.0430512	2.5522354	1.4908159	acetylated_beyond_accessibility	0.30845475	0.058954954	-0.18225479	-0.21216583
chr17	38881685	3.5263605	2.035472	1.4908886	acetylated_beyond_accessibility	1.0388064	0.25897646	0.06255984	0.22019577
chr12	9634403	3.1780539	1.6869011	1.4911528	acetylated_beyond_accessibility	0.65905404	0.3665073	0.03456664	-0.04470384
chr17	58692603	5.1298985	3.637879	1.4920197	acetylated_beyond_accessibility	1.4572377	0.8873024	0.45322895	1.3303485
chr20	48777145	3.1780539	1.6853496	1.4927043	acetylated_beyond_accessibility	0.9916953	0.35127628	0.18324459	0.19995177
chr10	96706660	4.762174	3.2693703	1.4928038	acetylated_beyond_accessibility	-0.4104371	0.8878758	0.19757485	0.5594039
chr20	15268108	2.944439	1.4514838	1.4929551	acetylated_beyond_accessibility	0.6806227	-0.14031303	-0.27720737	-0.12111437
chr6	38307097	5.616771	4.1237082	1.493063	acetylated_beyond_accessibility	-1.2606394	-0.39457655	-0.0011100769	-0.009040356
chr21	43881495	3.218876	1.7254105	1.4934654	acetylated_beyond_accessibility	0.3339901	-0.11520362	-0.30170655	-0.09324455
chr6	68088597	3.637586	2.1438806	1.4937055	acetylated_beyond_accessibility	-0.060423374	0.6103771	-0.028499365	0.47007918
chr17	21062323	3.871201	2.3773093	1.4938917	acetylated_beyond_accessibility	-0.4432894	0.01271534	-0.15011692	0.32284737
chr20	53706815	6.0776424	4.583399	1.4942436	acetylated_beyond_accessibility	-2.1102576	0.045740604	0.0083556175	-0.41827965
chr8	30645503	3.6888795	2.19454	1.4943395	acetylated_beyond_accessibility	0.45030713	0.29139018	0.12839651	0.17401314
chr17	67403069	3.6109178	2.1163764	1.4945414	acetylated_beyond_accessibility	1.0643532	0.26003408	0.06251502	0.058033705
chr6	155143391	3.7612002	2.2659912	1.495209	acetylated_beyond_accessibility	0.7458246	0.34694648	0.44846487	0.38439226
chr17	67516290	3.7376697	2.2419744	1.4956954	acetylated_beyond_accessibility	0.05448103	0.15699458	-0.029003382	0.09680605
chr7	24779245	4.4308167	2.9346328	1.4961839	acetylated_beyond_accessibility	0.03586316	0.43617868	0.315521	0.26325393
chr8	127243295	3.4965076	2.0001545	1.4963531	acetylated_beyond_accessibility	0.45775723	0.21993351	0.3148799	0.28988934
chr18	8912621	4.0253515	2.5288455	1.496506	acetylated_beyond_accessibility	0.094803095	-0.6361877	-0.10449028	-0.22991395
chr6	42429410	3.7376697	2.2407768	1.4968929	acetylated_beyond_accessibility	1.2435789	0.08190322	0.0940156	-0.018792152
chr10	33096522	3.8501477	2.3525536	1.4975941	acetylated_beyond_accessibility	-0.3792106	0.3542192	-0.002956152	0.1440928
chr17	76443010	4.2195077	2.7214375	1.4980702	acetylated_beyond_accessibility	0.8038826	0.7888932	0.51033974	0.59208655
chr10	101683614	3.295837	1.7976635	1.4981735	acetylated_beyond_accessibility	0.42706442	0.21421218	0.117046475	0.053223014
chr12	123660510	4.1743875	2.6757984	1.498589	acetylated_beyond_accessibility	-0.07385802	0.68854046	0.45557976	0.7811818
chr10	26545103	4.2195077	2.7196152	1.4998925	acetylated_beyond_accessibility	-0.09516287	0.8033314	0.12226987	0.17745972
chr6	137933942	3.6635616	2.1632879	1.5002737	acetylated_beyond_accessibility	0.9304366	0.61453533	0.4085133	0.4961717
chr22	40817338	5.1357985	3.6354053	1.5003932	acetylated_beyond_accessibility	-0.19178224	0.8265345	0.22557807	0.7192962
chr17	42929377	4.2195077	2.7181315	1.5013762	acetylated_beyond_accessibility	1.675241	0.9434395	1.2982888	1.1144919
chr17	3993879	4.553877	3.0524583	1.5014186	acetylated_beyond_accessibility	-0.6566031	0.10248089	0.0010592937	0.28121257
chr20	41553462	3.9512436	2.4493086	1.501935	acetylated_beyond_accessibility	0.29293704	0.59879065	0.24452186	0.33349895
chr10	133489995	4.304065	2.8014686	1.5025966	acetylated_beyond_accessibility	-0.39889932	-0.0047619343	0.025545359	0.079550266
chr12	12016963	4.1271343	2.6242852	1.5028491	acetylated_beyond_accessibility	0.32011414	0.6898427	0.2680366	0.5219226
chr20	35490776	5.8021183	4.2991986	1.5029197	acetylated_beyond_accessibility	-1.6720707	1.0918169	0.28052807	0.64162874
chr12	47317212	3.0445225	1.5415175	1.503005	acetylated_beyond_accessibility	0.8727076	0.63589215	0.13477468	0.4918635
chr21	31012915	3.4965076	1.9930205	1.5034871	acetylated_beyond_accessibility	0.460541	0.09424758	0.17133021	0.23403406
chr17	4127810	3.3322046	1.828337	1.5038676	acetylated_beyond_accessibility	0.44430757	0.04121864	-0.03700018	0.060296416
chr10	73119598	3.4965076	1.9925756	1.503932	acetylated_beyond_accessibility	0.14347029	0.15386152	-0.06673765	0.050899982
chr10	10418635	3.3322046	1.8277893	1.5044153	acetylated_beyond_accessibility	1.1817539	0.6649606	0.12306428	0.3074627
chr8	63751585	3.6635616	2.1577094	1.5058522	acetylated_beyond_accessibility	-0.16459453	0.39929533	0.042172194	0.16922283
chr17	2105881	3.295837	1.7899781	1.5058588	acetylated_beyond_accessibility	0.67324126	0.30917013	-0.024101138	0.1410296
chr12	93175886	3.465736	1.9596485	1.5060874	acetylated_beyond_accessibility	0.55024016	0.5866538	0.10717189	0.36028922
chr10	50443368	2.8332133	1.3259802	1.5072331	acetylated_beyond_accessibility	0.30861259	-0.01594925	-0.016447783	-0.018535733
chr12	105083516	3.3322046	1.8247718	1.5074328	acetylated_beyond_accessibility	1.023157	-0.077112675	-0.19203198	0.11662054
chr17	45291375	3.465736	1.9579978	1.5077381	acetylated_beyond_accessibility	0.51468945	0.33899498	0.031000495	0.32979584
chr17	80856873	5.620401	4.1126456	1.5077553	acetylated_beyond_accessibility	0.3751855	1.551744	0.6543274	1.7429361
chr12	11799184	3.7612002	2.2533264	1.5078738	acetylated_beyond_accessibility	0.26650667	0.42538214	0.21222806	0.41445422
chr10	11588037	3.0910425	1.58289	1.5081525	acetylated_beyond_accessibility	-0.019588709	0.014111638	-0.07251537	0.014665842
chr17	75667169	5.187386	3.6791716	1.5082145	acetylated_beyond_accessibility	3.3313017	1.7059922	0.96288013	1.2710419
chr6	34817243	3.8066626	2.2984173	1.5082452	acetylated_beyond_accessibility	1.1050622	0.34633636	0.27361965	0.30901527
chr12	14274070	3.6888795	2.180231	1.5086484	acetylated_beyond_accessibility	1.039779	0.34839678	0.28238368	0.58181834
chr6	107066990	3.713572	2.2045376	1.5090344	acetylated_beyond_accessibility	0.3380406	-0.16624641	-0.048722267	0.02775526
chr6	33343993	4.4188404	2.9087048	1.5101357	acetylated_beyond_accessibility	-0.2951069	0.004173994	0.052721977	0.33249784
chr7	150686261	5.9427996	4.432537	1.5102625	acetylated_beyond_accessibility	-1.3238597	0.54787683	0.16121912	0.5604992
chr17	45077820	4.276666	2.7663627	1.5103035	acetylated_beyond_accessibility	-0.08174348	0.30901718	0.12428284	0.37892103
chr12	121227461	4.8598123	3.3494682	1.510344	acetylated_beyond_accessibility	-0.90986156	0.4332409	-0.2688141	0.19434881
chr8	102313152	3.9512436	2.440855	1.5103886	acetylated_beyond_accessibility	-0.34913397	0.3098824	-0.00043272972	0.07793546
chr8	8339117	3.465736	1.9539495	1.5117865	acetylated_beyond_accessibility	0.8174031	0.47538376	0.51167655	0.33057308
chr18	51630876	3.1780539	1.6659558	1.5120981	acetylated_beyond_accessibility	0.5652237	0.33791518	-0.079289556	0.18203473
chr20	20702949	3.9512436	2.4390657	1.512178	acetylated_beyond_accessibility	-0.3271029	0.14782166	-0.07020855	-0.13174343
chr22	44127388	2.4849067	0.9726722	1.5122344	acetylated_beyond_accessibility	1.2832906	0.3833959	0.05636239	0.1778475
chr12	10557738	4.762174	3.2488084	1.5133657	acetylated_beyond_accessibility	-0.79921293	0.05193615	0.21284628	0.26871753
chr12	94790940	3.295837	1.7816336	1.5142033	acetylated_beyond_accessibility	0.68989706	0.40206456	0.37200737	0.36535645
chr22	44064193	4.89784	3.3834991	1.5143409	acetylated_beyond_accessibility	-0.17629576	-0.11354971	0.12961054	0.18769479
chr18	49788713	3.7376697	2.223055	1.5146148	acetylated_beyond_accessibility	0.39234352	0.74548364	0.18542266	0.6247275
chr17	2282456	3.295837	1.7804865	1.5153505	acetylated_beyond_accessibility	0.5716058	0.3542999	0.27175105	0.1938448
chr22	29415026	4.158883	2.6432076	1.5156755	acetylated_beyond_accessibility	0.58534575	0.6411071	-0.077787876	0.048657656
chr7	21412701	4.5325994	3.0167723	1.5158272	acetylated_beyond_accessibility	-0.64154196	0.15899515	-0.060554504	0.21665454
chr7	651491	2.6390574	1.1228611	1.5161963	acetylated_beyond_accessibility	1.8189948	0.7946805	-0.060699224	0.5943873
chr6	30856828	3.295837	1.7795331	1.5163038	acetylated_beyond_accessibility	0.48703837	0.004744053	0.0376848	0.073225975
chr18	13000602	4.2195077	2.702395	1.5171127	acetylated_beyond_accessibility	-0.0781939	0.26238298	0.003112793	0.24656105
chr10	12594684	3.1354942	1.6181431	1.5173512	acetylated_beyond_accessibility	2.0663571	0.3775754	0.58867574	0.32986045
chr6	143276771	4.0775375	2.5593817	1.5181558	acetylated_beyond_accessibility	-0.18247414	0.46468997	-0.011994123	0.6854317
chr6	42022695	4.9767337	3.4581225	1.5186112	acetylated_beyond_accessibility	-1.1911993	-0.02578044	0.052803516	-0.19164205
chr20	3420363	4.454347	2.9356666	1.5186806	acetylated_beyond_accessibility	-0.28924108	1.7871056	0.3757944	1.3971124
chr6	16041600	3.9318256	2.4130402	1.5187855	acetylated_beyond_accessibility	-0.511204	0.1313765	-0.078831434	0.22115755
chr20	36757915	4.8202815	3.3004072	1.5198743	acetylated_beyond_accessibility	-0.58324194	0.90569377	0.17763638	0.38757038
chr12	104467732	4.8675346	3.3474565	1.5200782	acetylated_beyond_accessibility	-0.514518	0.6509423	0.17276311	0.8764267
chr8	76983504	4.5108595	2.9904816	1.5203779	acetylated_beyond_accessibility	-0.9321852	0.26405644	-0.022022724	0.17298889
chr6	141484908	4.356709	2.8339102	1.5227988	acetylated_beyond_accessibility	-0.1964724	0.38088202	0.11310935	0.32951403
chr7	24914004	4.5325994	3.0097208	1.5228786	acetylated_beyond_accessibility	0.29037666	0.66342926	0.16244435	0.42630816
chr7	43679532	4.7004805	3.1771522	1.5233283	acetylated_beyond_accessibility	-0.88447523	0.30228424	-0.24000955	-0.27927542
chr7	132871639	3.9702919	2.4469323	1.5233595	acetylated_beyond_accessibility	-0.24632502	0.2855916	0.09210825	0.11505246
chr8	38955281	4.356709	2.8331742	1.5235348	acetylated_beyond_accessibility	-0.7621262	0.36471605	-0.036664724	-0.04926634
chr8	80151570	3.6888795	2.1645641	1.5243154	acetylated_beyond_accessibility	0.37774158	0.8528974	0.1751957	0.35320854
chr7	129134752	3.583519	2.0576165	1.5259025	acetylated_beyond_accessibility	0.8249147	0.18959951	0.19087458	0.29616666
chr6	106248001	3.988984	2.4624622	1.5265219	acetylated_beyond_accessibility	-0.26557374	0.2904632	0.05166793	0.27915406
chr12	9700623	2.6390574	1.1123177	1.5267397	acetylated_beyond_accessibility	1.6836005	0.42358184	0.27602577	0.33568513
chr6	137926404	4.8675346	3.3403769	1.5271578	acetylated_beyond_accessibility	-0.3888595	0.3282478	0.32609224	0.41789675
chr6	22373670	4.4308167	2.903091	1.5277257	acetylated_beyond_accessibility	-0.60239315	-0.1537528	-0.05297947	0.50257874
chr6	34319234	4.3820267	2.8541842	1.5278425	acetylated_beyond_accessibility	0.2474606	0.3215208	0.23431325	0.09741473
chr22	27920126	5.529429	4.0014973	1.5279317	acetylated_beyond_accessibility	-0.054522276	1.220851	0.47367573	0.65371704
chr8	9136406	4.6151204	3.0870671	1.5280533	acetylated_beyond_accessibility	-0.3295126	0.5551324	0.31094623	0.12974286
chr8	8358830	3.583519	2.0545795	1.5289395	acetylated_beyond_accessibility	0.3377266	0.27596855	0.04573536	0.060574293
chr18	13465725	3.713572	2.184263	1.529309	acetylated_beyond_accessibility	0.79695606	0.18879223	0.17726088	0.17264867
chr6	154800502	3.5263605	1.9966872	1.5296733	acetylated_beyond_accessibility	0.8753302	0.6174903	0.049673557	0.4980843
chr10	3832666	3.8501477	2.3202147	1.529933	acetylated_beyond_accessibility	0.06703997	1.0837514	-0.06915784	0.103392124
chr17	76208275	4.1271343	2.596769	1.5303652	acetylated_beyond_accessibility	-0.5709753	0.6091907	-0.009443283	0.3087616
chr10	110068277	5.2311087	3.700451	1.5306578	acetylated_beyond_accessibility	-0.851933	0.6246195	0.16838908	0.32597876
chr10	3095836	3.912023	2.3811855	1.5308375	acetylated_beyond_accessibility	1.2536814	0.8632841	0.33517313	0.72332287
chr12	92492423	4.406719	2.875249	1.5314703	acetylated_beyond_accessibility	-1.094296	0.28813934	-0.063093185	0.39192772
chr12	6735926	3.4011974	1.8692932	1.5319042	acetylated_beyond_accessibility	0.7824459	0.18247366	0.6100092	0.21308208
chr7	150632172	5.7930136	4.260846	1.5321674	acetylated_beyond_accessibility	-0.86370516	1.1738815	0.63156796	1.1469316
chr6	36075809	2.944439	1.4117382	1.5327008	acetylated_beyond_accessibility	1.0386655	-0.02540505	-0.18058658	-0.081007004
chr17	48429343	5.3612924	3.8285265	1.5327659	acetylated_beyond_accessibility	-0.4649155	0.7216091	0.29911757	0.8787346
chr7	130350396	4.060443	2.5276213	1.5328217	acetylated_beyond_accessibility	-0.38399816	-0.026504517	0.14456415	-0.17633295
chr10	70653019	3.3322046	1.7992802	1.5329244	acetylated_beyond_accessibility	0.43954587	-0.20858729	-0.2068224	-0.20009518
chr17	42928854	4.356709	2.8236976	1.5330114	acetylated_beyond_accessibility	1.693438	1.2574835	1.1513319	1.1418672
chr12	110079859	5.529429	3.9964147	1.5330143	acetylated_beyond_accessibility	-0.31170917	1.0857606	0.34881115	0.9359112
chr10	87843263	3.8501477	2.317131	1.5330167	acetylated_beyond_accessibility	-0.7056793	-0.30835128	-0.2701683	-0.12443876
chr10	101996178	3.583519	2.0502992	1.5332198	acetylated_beyond_accessibility	0.09386325	0.1458621	0.15800405	0.11335039
chr6	32437597	6.4052286	4.8719983	1.5332303	acetylated_beyond_accessibility	-2.3333466	0.7040777	0.25974703	0.82049084
chr8	9728163	3.713572	2.1802344	1.5333376	acetylated_beyond_accessibility	-0.26425564	0.20433235	-0.15818	0.02536869
chr22	50400561	3.1354942	1.6020813	1.5334129	acetylated_beyond_accessibility	1.3146188	0.09612954	0.11844492	0.28021824
chr8	70524061	4.276666	2.7431192	1.5335469	acetylated_beyond_accessibility	0.9770372	0.2863574	0.32116032	0.31412625
chr12	96948959	3.5263605	1.9926736	1.5336869	acetylated_beyond_accessibility	0.67622995	0.41109538	0.15002131	0.3049233
chr21	33244448	3.9318256	2.3981068	1.5337188	acetylated_beyond_accessibility	0.5803621	0.13818288	0.37601686	0.26046395
chr7	123191383	4.905275	3.3712974	1.5339775	acetylated_beyond_accessibility	-0.6211703	0.8474374	0.30989027	0.5244963
chr6	15437299	3.8066626	2.272342	1.5343206	acetylated_beyond_accessibility	0.9152789	0.2473836	0.30274034	0.5538242
chr20	53706208	5.303305	3.7685313	1.5347738	acetylated_beyond_accessibility	-1.3285975	0.48030138	0.027873755	0.20420146
chr17	43519188	3.0445225	1.5092981	1.5352244	acetylated_beyond_accessibility	0.45196903	0.41320312	0.0141534805	0.22428274
chr22	40519769	4.454347	2.9190989	1.5352483	acetylated_beyond_accessibility	-0.20856881	0.5485444	0.04748392	0.1807909
chr8	94455126	5.0689044	3.5334241	1.5354803	acetylated_beyond_accessibility	-1.2226934	0.11375308	0.10590291	0.19283509
chr22	42945954	3.9702919	2.4343414	1.5359504	acetylated_beyond_accessibility	0.7611959	0.055457115	0.08730698	0.069561005
chr8	123019116	3.218876	1.6817288	1.537147	acetylated_beyond_accessibility	0.86330724	0.10012913	0.1827867	0.03796053
chr12	110384400	3.6635616	2.126255	1.5373065	acetylated_beyond_accessibility	-0.13736486	0.280452	-0.30167174	-0.40179372
chr6	89794456	3.5553482	2.0170546	1.5382936	acetylated_beyond_accessibility	0.29877543	0.24291897	0.012933731	0.13946056
chr22	43996099	4.75359	3.2150528	1.5385373	acetylated_beyond_accessibility	-0.07690644	0.37029576	0.0927732	0.15860057
chr8	6718333	4.304065	2.7650144	1.5390508	acetylated_beyond_accessibility	0.061834097	0.35758114	0.35763764	0.31881404
chr10	45465066	4.4886365	2.9494987	1.5391378	acetylated_beyond_accessibility	-0.45547342	0.45861387	-0.26380277	-0.16521835
chr17	69516475	5.1119876	3.5726833	1.5393043	acetylated_beyond_accessibility	-1.8656595	0.136065	-0.0030088425	-0.049230337
chr21	14556703	3.713572	2.174238	1.539334	acetylated_beyond_accessibility	-0.39223385	0.053236723	-0.12832594	0.06266165
chr12	122559136	3.7841897	2.2445025	1.5396872	acetylated_beyond_accessibility	-0.034383297	-0.10156798	-0.23839402	0.0075764656
chr7	86785830	3.8501477	2.3100524	1.5400953	acetylated_beyond_accessibility	0.35386944	0.6415477	-0.06373191	0.10729718
chr17	12867960	3.3672957	1.826986	1.5403098	acetylated_beyond_accessibility	0.86238706	0.2693833	0.33486497	0.3666438
chr10	61979112	3.7376697	2.1968687	1.540801	acetylated_beyond_accessibility	0.12696552	-0.007692337	0.12828088	-0.27544212
chr21	42426613	4.2904596	2.7493932	1.5410664	acetylated_beyond_accessibility	-0.48871017	0.28732228	-0.034499645	0.17433786
chr6	52210265	3.8286414	2.2869868	1.5416546	acetylated_beyond_accessibility	0.24041295	0.025197506	0.015007734	0.1414249
chr21	14520729	3.912023	2.3703084	1.5417147	acetylated_beyond_accessibility	0.19009042	0.023394108	0.075606585	0.14521265
chr17	42315613	4.574711	3.0329914	1.5417194	acetylated_beyond_accessibility	0.3346522	0.49335766	-0.06311655	0.32212114
chr7	86949242	4.406719	2.8649588	1.5417604	acetylated_beyond_accessibility	-0.6234739	-0.014845371	-0.1757884	0.10718703
chr17	35032552	4.189655	2.6476822	1.5419726	acetylated_beyond_accessibility	0.3291967	0.16702509	0.30098367	0.24469328
chr17	17757704	3.7376697	2.1956844	1.5419853	acetylated_beyond_accessibility	0.37300444	-0.45380223	-0.4651413	-0.58950627
chr6	21099994	3.637586	2.0954583	1.5421278	acetylated_beyond_accessibility	0.45558357	0.17881536	0.1398468	0.3515706
chr10	11528704	4.4998097	2.9565	1.5433097	acetylated_beyond_accessibility	0.20114255	-0.13685751	0.16748667	0.04554963
chr10	102008109	3.5263605	1.9830387	1.5433218	acetylated_beyond_accessibility	0.7431607	0.1054194	0.009837389	-0.13448286
chr17	31251242	4.9416423	3.3977451	1.5438972	acetylated_beyond_accessibility	-0.12418127	0.38108397	0.055829525	0.34299254
chr21	41864478	5.123964	3.5794432	1.5445206	acetylated_beyond_accessibility	-0.97164655	-0.1662178	-0.27969265	-0.1953311
chr12	14948936	6.169611	4.6250014	1.5446095	acetylated_beyond_accessibility	-1.68221	0.49909544	0.29069233	0.60089254
chr22	40766293	3.1354942	1.5908552	1.544639	acetylated_beyond_accessibility	1.5061554	0.2947421	-0.041689634	-0.040002465
chr22	23177416	3.7841897	2.2394862	1.5447035	acetylated_beyond_accessibility	2.1553822	0.6849861	0.4863515	0.30511403
chr12	115505026	4.574711	3.0292058	1.545505	acetylated_beyond_accessibility	-0.87535715	-0.22483587	-0.15724707	-0.263772
chr6	137171449	5.327876	3.7819414	1.5459347	acetylated_beyond_accessibility	-0.7364528	0.03719306	0.08198571	0.23360252
chr21	25508510	5.030438	3.4842942	1.5461438	acetylated_beyond_accessibility	-0.3648398	0.38586187	0.14844036	0.16243601
chr10	71845813	3.5553482	2.0091248	1.5462234	acetylated_beyond_accessibility	1.3486562	0.2881832	0.2802949	0.18185091
chr12	4919124	3.0910425	1.5447699	1.5462726	acetylated_beyond_accessibility	0.95762503	0.21594799	0.06070447	0.10497248
chr6	38320219	4.5849676	3.038546	1.5464215	acetylated_beyond_accessibility	-0.58250237	0.3096199	-0.038953304	0.18894672
chr22	23269267	3.8918204	2.3453724	1.546448	acetylated_beyond_accessibility	-0.22970581	-0.46615815	-0.313416	-0.35980654
chr10	61974769	4.6051702	3.0584226	1.5467477	acetylated_beyond_accessibility	-0.73749685	0.3874557	0.1061008	0.15110421
chr7	66748261	3.8066626	2.2596414	1.5470212	acetylated_beyond_accessibility	0.53028035	0.2410872	0.16119647	0.42608857
chr22	37282404	4.6051702	3.0581412	1.547029	acetylated_beyond_accessibility	1.1900587	0.93516874	0.43532515	0.53379107
chr18	11016001	3.8918204	2.344669	1.5471513	acetylated_beyond_accessibility	-0.15617585	0.20123601	-0.060726404	-0.010857582
chr12	94800447	3.0910425	1.5431826	1.5478599	acetylated_beyond_accessibility	1.9679394	0.49134088	0.26959884	0.3055408
chr12	94193393	3.9702919	2.4213076	1.5489843	acetylated_beyond_accessibility	0.22459006	0.07673836	0.044359446	0.1994021
chr22	18083848	3.4011974	1.85203	1.5491674	acetylated_beyond_accessibility	0.8016248	0.06817186	-0.0535177	0.026474595
chr12	22682843	3.1354942	1.5863054	1.5491889	acetylated_beyond_accessibility	0.39831424	1.5646088	-0.002854824	0.32889175
chr7	70779535	3.713572	2.1636739	1.5498981	acetylated_beyond_accessibility	0.78308916	0.03216505	0.03472805	0.16308737
chr6	22363718	4.26268	2.7114186	1.5512614	acetylated_beyond_accessibility	-0.119008064	-0.067478895	0.092148066	0.0346992
chr17	67614199	3.871201	2.3198123	1.5513887	acetylated_beyond_accessibility	-0.022706509	-0.24775362	-0.37736356	-0.42916226
chr18	11020418	4.6821313	3.130273	1.5518582	acetylated_beyond_accessibility	-0.98182297	0.43662548	-0.055123568	-0.058021307
chr18	11033693	3.7841897	2.2322292	1.5519605	acetylated_beyond_accessibility	0.5298822	0.4275248	0.1731658	0.38884497
chr12	697688	2.7725887	1.220597	1.5519917	acetylated_beyond_accessibility	1.8353279	0.09696913	0.09891677	0.010708332
chr8	61636107	4.8121843	3.2601628	1.5520215	acetylated_beyond_accessibility	-0.13717055	0.8791938	0.04909563	0.27064157
chr8	42182971	5.4467373	3.8945167	1.5522206	acetylated_beyond_accessibility	-0.22414708	0.9746654	0.113776445	0.46068406
chr17	78761249	3.5553482	2.0020766	1.5532715	acetylated_beyond_accessibility	0.35849	0.13103819	0.0026175976	0.14029479
chr17	35022988	3.9318256	2.3773267	1.5544989	acetylated_beyond_accessibility	0.1704669	0.3218248	0.30498838	0.30938005
chr12	14284076	5.916202	4.3616796	1.5545225	acetylated_beyond_accessibility	-1.2480476	0.5448017	0.18924999	0.6349778
chr10	88395864	2.5649493	1.0100696	1.5548797	acetylated_beyond_accessibility	0.1410718	0.22702312	0.053580284	-0.0032958984
chr12	31835431	3.637586	2.0824785	1.5551076	acetylated_beyond_accessibility	0.40676355	0.35428333	0.021980524	0.19380903
chr18	26458731	5.26269	3.706957	1.555733	acetylated_beyond_accessibility	-0.8807585	1.2644842	0.3410461	0.83769345
chr21	46606298	3.8501477	2.2939925	1.5561552	acetylated_beyond_accessibility	0.41061616	0.027789116	0.021898746	0.16693544
chr22	35089316	3.465736	1.9094539	1.556282	acetylated_beyond_accessibility	-0.43502843	0.32892847	-0.10378003	-0.043193102
chr17	64076132	4.919981	3.363315	1.5566659	acetylated_beyond_accessibility	-1.3937395	0.31609917	0.08557367	0.13686705
chr7	100192694	3.9512436	2.394265	1.5569787	acetylated_beyond_accessibility	0.313262	0.15334344	0.16928339	0.033335686
chr17	82554502	3.9318256	2.3747468	1.5570788	acetylated_beyond_accessibility	-0.083283186	-0.10846186	-0.3085661	0.16376472
chr7	151925958	3.583519	2.025907	1.557612	acetylated_beyond_accessibility	1.0713542	0.5556874	0.2949152	0.4896121
chr12	121629906	4.4998097	2.941896	1.5579138	acetylated_beyond_accessibility	0.35399103	0.7044945	0.5517862	0.4308002
chr12	123681802	4.7004805	3.1421218	1.5583587	acetylated_beyond_accessibility	-1.0088487	0.59786606	-0.051301003	0.1847949
chr12	112240085	3.1354942	1.5769918	1.5585024	acetylated_beyond_accessibility	1.0479581	0.19001377	-0.024647593	0.15831566
chr6	11705321	3.2580965	1.6995921	1.5585043	acetylated_beyond_accessibility	0.93890715	0.29101086	0.54783344	0.25292993
chr22	50376370	3.5553482	1.9967043	1.5586438	acetylated_beyond_accessibility	0.9893701	-0.15415132	0.30128956	-0.027556539
chr20	48002828	5.4553213	3.8964095	1.5589118	acetylated_beyond_accessibility	-0.93711305	1.2020617	0.31359148	0.8977804
chr21	34032199	3.637586	2.0769968	1.5605893	acetylated_beyond_accessibility	0.4749999	0.7294793	0.105802536	0.42267895
chr8	109294438	3.713572	2.151127	1.5624449	acetylated_beyond_accessibility	0.11364174	0.24107528	-0.009191513	0.17897344
chr12	31589859	5.0998664	3.5365906	1.5632758	acetylated_beyond_accessibility	0.8466034	0.03539896	0.11836052	0.025691986
chr10	11270864	4.477337	2.9140592	1.5632777	acetylated_beyond_accessibility	-0.31984043	0.40693736	-0.2120161	-0.2127142
chr17	80679396	3.6109178	2.047576	1.5633419	acetylated_beyond_accessibility	1.6970983	0.1939292	-0.1144315	-0.041239977
chr6	34183166	4.8598123	3.2959325	1.5638797	acetylated_beyond_accessibility	-0.042811394	0.50264335	0.3275056	0.6208317
chr18	2640688	5.241747	3.6777031	1.5640438	acetylated_beyond_accessibility	-1.1783168	0.3456266	0.12628412	0.20459127
chr20	5642747	5.062595	3.4980102	1.5645847	acetylated_beyond_accessibility	-0.95830655	0.6329365	0.13146687	0.7030039
chr6	106649112	3.8066626	2.2419782	1.5646844	acetylated_beyond_accessibility	0.32686543	0.6521044	-0.14186168	0.03782606
chr22	42911748	2.9957323	1.4308404	1.5648919	acetylated_beyond_accessibility	1.8119038	0.19239426	0.045445085	0.25022566
chr21	45659204	3.4965076	1.9314525	1.5650551	acetylated_beyond_accessibility	0.5758178	-0.241081	-0.1853646	-0.0786953
chr12	32301315	4.1271343	2.5620272	1.5651071	acetylated_beyond_accessibility	0.35503292	0.19995713	0.11131191	0.12622046
chr7	100059475	3.2580965	1.692514	1.5655825	acetylated_beyond_accessibility	0.64980125	0.09094882	-0.33223367	-0.27546322
chr18	9243220	3.465736	1.8988452	1.5668907	acetylated_beyond_accessibility	0.09640479	-0.01284337	0.012687564	0.05439973
chr22	44044097	4.691348	3.1237702	1.5675778	acetylated_beyond_accessibility	-0.7285814	0.3968377	-0.11074662	0.36986828
chr21	33339304	3.912023	2.3443334	1.5676897	acetylated_beyond_accessibility	-0.59041405	-0.22791934	-0.5127857	-0.06772661
chr6	158011957	4.276666	2.7086928	1.5679734	acetylated_beyond_accessibility	-0.29249668	0.018001795	0.03238845	-0.09910822
chr17	3818920	2.7725887	1.2045342	1.5680546	acetylated_beyond_accessibility	1.0940036	0.42300916	0.29313123	0.38350415
chr12	9700111	2.8903718	1.3219324	1.5684394	acetylated_beyond_accessibility	1.4256016	0.32621217	0.26947653	0.2583927
chr7	5743798	3.3322046	1.7637182	1.5684863	acetylated_beyond_accessibility	0.18689287	0.071080446	0.050935984	-0.0010325909
chr6	15347132	3.637586	2.0690966	1.5684896	acetylated_beyond_accessibility	0.36040854	0.08860135	-0.0020737648	0.12507701
chr12	101951244	4.0253515	2.4563615	1.56899	acetylated_beyond_accessibility	-0.07582426	0.009102106	-0.03167963	0.11587238
chr8	129529123	3.3322046	1.7631726	1.569032	acetylated_beyond_accessibility	0.17027795	0.066450596	0.10022652	0.016951323
chr8	99499281	5.123964	3.55431	1.5696537	acetylated_beyond_accessibility	-0.33070803	1.0831125	0.18900037	0.32033634
chr17	37606221	4.1108737	2.5409162	1.5699575	acetylated_beyond_accessibility	0.2766595	0.83021855	0.14469385	0.62376
chr8	11117302	3.1780539	1.6074927	1.5705612	acetylated_beyond_accessibility	0.558794	0.084653854	-0.032692075	-0.16576803
chr7	135558644	5.3423343	3.7714393	1.570895	acetylated_beyond_accessibility	-0.6948242	0.22129035	-0.13714147	0.19535518
chr12	110599510	3.6635616	2.092578	1.5709836	acetylated_beyond_accessibility	0.24944925	-0.08464241	-0.084833145	-0.18504381
chr21	34526899	4.624973	3.0535514	1.5714214	acetylated_beyond_accessibility	-0.17566442	-0.1870141	0.19703507	0.16029835
chr8	80156376	4.1743875	2.6023414	1.572046	acetylated_beyond_accessibility	0.36766124	1.2798636	0.30760312	0.37135506
chr20	34415064	5.09375	3.5213645	1.5723855	acetylated_beyond_accessibility	-0.66939855	0.27138734	-0.057262182	-0.062669516
chr12	92397033	3.1354942	1.5623016	1.5731926	acetylated_beyond_accessibility	0.793689	0.55602074	0.2459892	0.35355175
chr6	31727692	4.248495	2.6751583	1.5733368	acetylated_beyond_accessibility	1.0832849	0.12120175	0.06747484	0.78233314
chr6	82227968	3.7612002	2.1877718	1.5734284	acetylated_beyond_accessibility	0.28063107	0.3250699	-0.0034060478	0.27630472
chr6	5193552	3.0445225	1.4710816	1.5734409	acetylated_beyond_accessibility	2.0306182	0.19305956	0.27985156	0.32184148
chr20	36519201	2.944439	1.3703781	1.5740608	acetylated_beyond_accessibility	0.6507448	-0.2572502	-0.113883615	-0.15923941
chr12	107702207	3.2580965	1.6833777	1.5747187	acetylated_beyond_accessibility	0.6416898	0.0053350925	-0.13834655	-0.017116427
chr12	4565006	3.871201	2.2963352	1.5748658	acetylated_beyond_accessibility	-0.10940385	0.53540707	0.027452946	0.41688895
chr7	30179199	5.062595	3.4875143	1.5750806	acetylated_beyond_accessibility	-1.2362468	1.163737	0.19269776	0.48452044
chr7	23346455	3.988984	2.4133332	1.5756509	acetylated_beyond_accessibility	0.57255316	0.40095305	-0.061115026	0.11056042
chr10	87534812	4.6151204	3.038305	1.5768154	acetylated_beyond_accessibility	-0.5678818	0.86376595	0.11087775	0.43662596
chr22	31544980	3.637586	2.0598192	1.5777669	acetylated_beyond_accessibility	0.5897031	-0.13974929	-0.27512825	-0.2704556
chr18	63214221	4.4426513	2.8646777	1.5779736	acetylated_beyond_accessibility	0.0039703846	0.33655643	0.20345187	0.13706946
chr17	8976779	5.1059456	3.5279245	1.578021	acetylated_beyond_accessibility	-2.1663818	0.30688047	0.041336536	0.34789753
chr20	50115988	4.2341065	2.6555	1.5786066	acetylated_beyond_accessibility	1.8982692	0.83581734	0.34858418	0.40508556
chr17	2063460	3.637586	2.0578187	1.5797675	acetylated_beyond_accessibility	1.0700829	-0.046515226	-0.033241034	-0.13928449
chr10	103383004	3.7612002	2.1807733	1.5804269	acetylated_beyond_accessibility	0.12483311	0.41174912	0.073847294	0.3100145
chr20	41505370	3.6109178	2.0303676	1.5805502	acetylated_beyond_accessibility	0.30032635	-0.14534545	0.00919795	0.05982113
chr17	34961763	5.26269	3.6816692	1.5810208	acetylated_beyond_accessibility	2.2633667	1.8428917	1.246355	1.3839626
chr12	115522233	3.8066626	2.225614	1.5810485	acetylated_beyond_accessibility	0.5861473	0.3636837	0.3402989	0.4684553
chr21	44355564	3.583519	2.0014932	1.5820258	acetylated_beyond_accessibility	1.3521674	0.058507442	0.10324073	0.13143325
chr6	13338133	3.9512436	2.3691049	1.5821388	acetylated_beyond_accessibility	0.109868765	-0.21747017	0.021114826	-0.045987844
chr8	41502630	3.3322046	1.7492192	1.5829854	acetylated_beyond_accessibility	0.549423	0.5200882	0.12683618	0.15433502
chr22	41884063	3.6635616	2.080356	1.5832057	acetylated_beyond_accessibility	1.3826244	0.08810806	0.11506724	-0.029932022
chr6	116390795	4.9972124	3.4138417	1.5833707	acetylated_beyond_accessibility	-1.3017755	0.27558017	-0.039661884	0.470469
chr8	11506992	5.09375	3.5095592	1.5841908	acetylated_beyond_accessibility	-1.1660316	0.3987553	0.043863535	0.3707149
chr20	33881913	4.477337	2.8917618	1.5855751	acetylated_beyond_accessibility	0.42633033	-0.1146059	-0.04263544	-0.015376091
chr12	11811197	4.962845	3.3764062	1.5864387	acetylated_beyond_accessibility	-1.184658	0.2802477	0.050443172	0.12984705
chr6	22071807	3.2580965	1.6700518	1.5880446	acetylated_beyond_accessibility	0.72702646	-0.05283904	-0.06682539	-0.04823315
chr17	47200345	4.75359	3.1652155	1.5883746	acetylated_beyond_accessibility	-0.24961066	0.50532246	0.39407706	0.813848
chr6	46104438	3.7841897	2.195783	1.5884068	acetylated_beyond_accessibility	0.024795294	0.17525554	-0.043441534	0.30424023
chr7	138026756	4.7004805	3.1116042	1.5888762	acetylated_beyond_accessibility	-0.28127933	0.118076324	0.14734507	0.24060106
chr7	45204295	3.8501477	2.2602282	1.5899196	acetylated_beyond_accessibility	0.2625885	-0.12690425	-0.10910702	-0.18880296
chr7	43577639	3.0445225	1.4545889	1.5899336	acetylated_beyond_accessibility	0.97327805	0.19980705	0.0554446	0.0873034
chr6	118810615	4.0253515	2.435384	1.5899675	acetylated_beyond_accessibility	0.7949045	1.2280908	0.40618372	1.1719024
chr12	66629822	3.5263605	1.9363662	1.5899943	acetylated_beyond_accessibility	0.50621307	0.09504497	-0.070509076	-0.012039781
chr12	122544975	4.3307333	2.740405	1.5903282	acetylated_beyond_accessibility	-0.5839901	0.41471195	-0.012983084	0.44329977
chr20	41097621	3.1354942	1.5450935	1.5904007	acetylated_beyond_accessibility	0.38101912	-0.191059	-0.118493676	0.04592848
chr6	31337089	2.6390574	1.0479808	1.5910766	acetylated_beyond_accessibility	1.6600294	0.16327417	0.10652375	0.16375554
chr17	609725	2.7080503	1.1159014	1.5921489	acetylated_beyond_accessibility	1.0798684	0.12329435	-0.14704227	0.04169047
chr6	5581392	3.637586	2.0449357	1.5926504	acetylated_beyond_accessibility	2.4387116	0.4380772	0.9550271	0.1633079
chr18	33700751	4.356709	2.76398	1.5927291	acetylated_beyond_accessibility	0.27355003	1.1271696	0.39627767	0.8375356
chr7	155685624	4.0430512	2.4485567	1.5944946	acetylated_beyond_accessibility	0.4257512	0.08584523	-0.0023708344	0.082764626
chr12	130568241	2.8332133	1.2385794	1.5946339	acetylated_beyond_accessibility	0.8669356	0.19619489	0.0021338463	0.22934115
chr12	130590030	3.5263605	1.9311827	1.5951778	acetylated_beyond_accessibility	-0.07390368	-0.08835018	-0.1906941	-0.24602365
chr17	7122571	3.583519	1.987458	1.596061	acetylated_beyond_accessibility	-0.13990903	0.44522285	-0.19649172	0.07545829
chr17	45087658	2.944439	1.3482599	1.596179	acetylated_beyond_accessibility	1.4958065	0.16845334	-0.17070293	0.14601684
chr22	30347718	4.65396	3.057449	1.5965111	acetylated_beyond_accessibility	0.77961946	1.0433757	0.5772059	0.68880343
chr17	31888240	3.871201	2.2741694	1.5970316	acetylated_beyond_accessibility	0.10607219	0.012320995	-0.21110749	-0.08140159
chr10	870827	4.189655	2.592574	1.597081	acetylated_beyond_accessibility	0.2487967	0.42251015	0.23549795	0.39541817
chr7	91995456	4.0073333	2.4098978	1.5974355	acetylated_beyond_accessibility	0.78615713	0.032169342	0.004584551	0.10469961
chr6	159467876	3.8286414	2.2309124	1.597729	acetylated_beyond_accessibility	1.0468011	0.38308334	0.10165119	0.31934476
chr6	68087900	3.6635616	2.0655897	1.5979719	acetylated_beyond_accessibility	-0.039271116	0.49914432	0.13588166	0.21945095
chr12	11895104	3.912023	2.3139162	1.5981069	acetylated_beyond_accessibility	0.23941278	0.11710024	-0.1311624	0.081474066
chr22	18152640	4.691348	3.0925808	1.5987673	acetylated_beyond_accessibility	0.5036917	0.1077075	0.020475864	0.067163944
chr10	68047481	4.0943446	2.4948828	1.5994618	acetylated_beyond_accessibility	-0.23497438	0.06357288	-0.08794165	0.19882846
chr17	20078221	2.9957323	1.3962451	1.5994872	acetylated_beyond_accessibility	0.50468314	0.19357169	0.0223099	0.13551903
chr6	22322549	3.912023	2.3121176	1.5999055	acetylated_beyond_accessibility	-0.11862612	-0.10609603	-0.10713768	-0.083877325
chr10	101971921	4.6051702	3.004371	1.6007993	acetylated_beyond_accessibility	-0.2033546	0.025142193	-0.10755277	-0.12739873
chr6	15366538	3.295837	1.6941234	1.6017135	acetylated_beyond_accessibility	0.63223135	-0.16859233	0.20135868	-0.3529135
chr12	42374353	3.7612002	2.1594825	1.6017177	acetylated_beyond_accessibility	-0.25840938	0.023900986	-0.26484752	-0.08008003
chr12	27307489	3.8286414	2.2258868	1.6027546	acetylated_beyond_accessibility	-0.93977594	0.46111107	-0.02045989	0.21630883
chr17	3810784	3.0910425	1.4881036	1.6029389	acetylated_beyond_accessibility	0.5641453	0.2204436	-0.16217661	0.114314556
chr8	101841296	3.912023	2.3084621	1.6035609	acetylated_beyond_accessibility	0.22998571	0.45716357	0.20294833	0.39329028
chr10	62021704	4.553877	2.9496324	1.6042445	acetylated_beyond_accessibility	-0.89066553	0.022702456	0.059367895	0.122476816
chr8	38303482	4.276666	2.672235	1.6044312	acetylated_beyond_accessibility	0.36151838	0.4269519	0.12777805	-0.0017075539
chr18	23194834	3.5263605	1.921855	1.6045055	acetylated_beyond_accessibility	0.6857066	0.18364954	0.05733943	0.14939952
chr7	135557821	5.755742	4.150793	1.604949	acetylated_beyond_accessibility	0.015495777	1.1092429	0.3272395	0.729579
chr17	9373253	3.1780539	1.5730201	1.6050338	acetylated_beyond_accessibility	0.7908999	0.2234118	-0.1789875	-0.058739424
chr12	110316990	4.0775375	2.4721842	1.6053534	acetylated_beyond_accessibility	0.53336453	0.6748023	0.1733315	0.4330635
chr12	58920506	4.0430512	2.4371061	1.6059451	acetylated_beyond_accessibility	2.2030602	-1.3380047	-0.3869779	-0.98655343
chr6	38774110	3.6888795	2.082656	1.6062236	acetylated_beyond_accessibility	0.39622283	0.32927775	0.07795668	0.2692101
chr17	29714396	4.2341065	2.6274405	1.6066661	acetylated_beyond_accessibility	0.43340302	0.7556262	0.22538137	0.75157595
chr17	48295392	5.3375382	3.7304025	1.6071358	acetylated_beyond_accessibility	0.7260308	0.80625725	0.36379194	0.6716161
chr8	98808270	4.1743875	2.5667555	1.6076319	acetylated_beyond_accessibility	0.23264766	0.10557389	0.30331087	0.5330417
chr10	61974026	3.713572	2.104696	1.608876	acetylated_beyond_accessibility	-0.4950745	0.13589573	-0.13083422	0.11172581
chr10	95293369	6.0063534	4.3971863	1.6091671	acetylated_beyond_accessibility	-1.9713337	0.8181925	-0.11104441	0.050913334
chr7	112286417	3.8286414	2.2182908	1.6103506	acetylated_beyond_accessibility	0.86224985	0.2337327	0.093361616	0.2509091
chr6	35248264	4.7706847	3.1597252	1.6109595	acetylated_beyond_accessibility	0.90016127	0.32787728	0.7065792	0.531682
chr6	113757223	3.5553482	1.9436882	1.61166	acetylated_beyond_accessibility	0.22092557	0.21655369	-0.013858914	0.13925672
chr8	116651969	4.75359	3.1410456	1.6125445	acetylated_beyond_accessibility	0.058266163	1.2451587	0.6909578	1.5247469
chr10	73156303	3.4011974	1.7876484	1.613549	acetylated_beyond_accessibility	-0.08160186	0.1054765	-0.2338227	-0.05522144
chr12	97453007	4.26268	2.6489263	1.6137538	acetylated_beyond_accessibility	-0.6530671	0.3698182	0.13911724	0.35903597
chr17	4130938	2.8332133	1.2178407	1.6153727	acetylated_beyond_accessibility	1.8605933	0.5828066	0.64412904	0.37800694
chr8	92951534	3.713572	2.0981324	1.6154397	acetylated_beyond_accessibility	0.71326995	-0.030374289	0.10586953	-0.027917385
chr7	155763987	5.187386	3.571787	1.6155989	acetylated_beyond_accessibility	0.014430046	0.09239364	0.03896427	0.42794538
chr6	125818589	4.8520303	3.2362566	1.6157737	acetylated_beyond_accessibility	-0.271065	0.42253137	0.22675157	0.5677862
chr10	110060039	3.6635616	2.0477576	1.615804	acetylated_beyond_accessibility	0.656837	0.34985065	-0.0017499924	0.10719848
chr8	60979639	4.644391	3.0284398	1.6159513	acetylated_beyond_accessibility	-0.25102973	0.15609741	0.200346	0.21702218
chr17	59126717	2.9957323	1.3792373	1.616495	acetylated_beyond_accessibility	0.990507	0.5481596	0.21785128	0.30420947
chr8	59111611	2.3025851	0.68605316	1.616532	acetylated_beyond_accessibility	1.97692	0.1877135	0.13825941	0.11508119
chr8	11114006	4.0775375	2.4607694	1.6167681	acetylated_beyond_accessibility	-0.08247447	0.6243098	0.047087908	0.46862411
chr8	28375557	3.713572	2.0966399	1.6169322	acetylated_beyond_accessibility	0.663378	-0.25716066	0.047185183	-0.17622471
chr6	11514164	5.3936276	3.7766838	1.6169438	acetylated_beyond_accessibility	-1.8764844	0.3130765	-0.039538383	0.50124645
chr10	10589672	3.6109178	1.993413	1.6175048	acetylated_beyond_accessibility	0.83307004	0.20970869	0.30104136	0.25722456
chr17	18025791	3.912023	2.2945046	1.6175184	acetylated_beyond_accessibility	0.30194187	1.4224834	0.41902328	1.0770993
chr6	35664013	3.7376697	2.1193805	1.6182892	acetylated_beyond_accessibility	0.86232114	0.41362405	0.14519548	0.21921468
chr17	2259198	5.9401712	4.3216686	1.6185026	acetylated_beyond_accessibility	-1.316529	0.22297955	0.036900043	0.22840881
chr17	72019348	2.8332133	1.2142134	1.619	acetylated_beyond_accessibility	1.4756117	0.3231058	0.05847156	0.14623344
chr6	38428011	4.204693	2.5856698	1.6190231	acetylated_beyond_accessibility	0.40748334	-0.075920105	0.03635621	0.26502705
chr17	12909201	2.8332133	1.2132102	1.6200031	acetylated_beyond_accessibility	1.3889617	0.34635425	0.18528879	0.21507812
chr20	38843585	5.4026775	3.7815568	1.6211207	acetylated_beyond_accessibility	-1.132745	1.5283248	0.3622663	1.1304748
chr8	27399819	2.944439	1.3229111	1.6215278	acetylated_beyond_accessibility	1.0328482	0.12441981	0.15187538	0.031723976
chr12	31890924	4.5849676	2.962584	1.6223836	acetylated_beyond_accessibility	0.45681095	0.59604645	0.2588191	0.43442345
chr22	23152991	3.988984	2.3658392	1.6231449	acetylated_beyond_accessibility	0.81547093	0.1926291	-0.05037427	0.031643867
chr17	43006743	5.4293456	3.8061686	1.623177	acetylated_beyond_accessibility	-1.2498443	0.43523836	-0.11982393	0.61446047
chr6	22373148	4.7361984	3.1129901	1.6232083	acetylated_beyond_accessibility	-0.7103176	-0.03561926	-0.05961275	0.37547374
chr17	2232418	3.6109178	1.9874433	1.6234745	acetylated_beyond_accessibility	0.9333595	0.17158711	0.09094989	0.06542575
chr22	31218965	4.248495	2.6244268	1.6240683	acetylated_beyond_accessibility	-0.5194993	0.23202562	-0.048955202	0.20132494
chr12	124796564	4.0943446	2.469116	1.6252286	acetylated_beyond_accessibility	0.12421703	0.6206968	0.029976368	0.14554262
chr10	26528355	3.8918204	2.2662742	1.6255462	acetylated_beyond_accessibility	-0.06771326	0.43837	0.108159065	0.23717213
chr22	42022651	4.1743875	2.5487232	1.6256642	acetylated_beyond_accessibility	1.0721402	1.1246696	0.28347635	1.8262033
chr17	2231188	3.7612002	2.1353822	1.625818	acetylated_beyond_accessibility	0.5159066	0.2606411	0.1809206	0.2495532
chr10	129473405	2.7725887	1.1467612	1.6258276	acetylated_beyond_accessibility	1.6385295	0.14570534	-0.021535277	0.23849773
chr8	80122232	4.4426513	2.8166654	1.6259859	acetylated_beyond_accessibility	-0.17947268	1.4016588	0.13734245	0.5926008
chr12	121708521	3.7841897	2.1581187	1.626071	acetylated_beyond_accessibility	-0.1605531	-0.29133952	-0.07627559	-0.16076839
chr8	134546721	3.9702919	2.3441358	1.6261561	acetylated_beyond_accessibility	0.71805716	0.32036042	0.3398502	-0.02179718
chr17	57527584	3.8501477	2.223877	1.6262708	acetylated_beyond_accessibility	0.27594638	-0.16749287	-0.29223752	-0.11142063
chr8	27374704	4.8202815	3.1934588	1.6268227	acetylated_beyond_accessibility	-0.54774594	-0.0015003681	0.07778096	-0.103574514
chr10	121678990	3.465736	1.8388388	1.6268971	acetylated_beyond_accessibility	0.62715125	-0.18515372	-0.097740054	-0.07564604
chr12	94247476	2.9957323	1.3687	1.6270323	acetylated_beyond_accessibility	2.2330196	0.3878349	0.28673208	0.33569252
chr20	57378948	3.218876	1.5916393	1.6272366	acetylated_beyond_accessibility	1.0689502	0.13602734	0.047358036	-0.036582947
chr10	93337368	3.871201	2.2437012	1.6274998	acetylated_beyond_accessibility	0.3405285	-0.011684418	0.10007548	0.07515383
chr17	20065055	4.477337	2.848817	1.6285198	acetylated_beyond_accessibility	0.0135707855	0.79456544	0.35178113	0.82767344
chr17	67451541	3.3672957	1.7382619	1.6290338	acetylated_beyond_accessibility	0.39594245	0.029630065	-0.28369522	-0.16673088
chr17	64271060	3.988984	2.3598163	1.6291678	acetylated_beyond_accessibility	0.56228375	0.14488626	-0.1564343	0.21852612
chr17	69451030	3.218876	1.5894265	1.6294494	acetylated_beyond_accessibility	0.810199	0.2983632	0.19976759	0.13358808
chr18	26191529	4.6634393	3.0338242	1.6296151	acetylated_beyond_accessibility	-1.2365191	1.0264232	-0.1627016	-0.09233475
chr7	157387363	3.713572	2.083551	1.6300211	acetylated_beyond_accessibility	1.6710889	0.72317886	0.56267834	0.671855
chr17	68498828	5.5333896	3.9024816	1.630908	acetylated_beyond_accessibility	-0.8521526	1.0904913	0.3738308	0.8839011
chr10	12242146	5.214936	3.5838454	1.6310904	acetylated_beyond_accessibility	0.30113244	0.24242449	0.454777	0.40277505
chr6	11330616	4.060443	2.4290993	1.6313436	acetylated_beyond_accessibility	1.1940119	0.43639684	0.28091455	0.36705923
chr10	110058269	3.3322046	1.7004514	1.6317532	acetylated_beyond_accessibility	0.6939533	0.5254288	0.118397236	0.2492603
chr17	57493390	3.637586	2.005827	1.6317592	acetylated_beyond_accessibility	1.1100166	0.2336011	0.20525813	0.47775507
chr12	104928694	3.0445225	1.4118263	1.6326963	acetylated_beyond_accessibility	0.5665002	0.30191576	0.122110486	0.2605412
chr6	87806300	4.744932	3.1115575	1.6333747	acetylated_beyond_accessibility	-0.9043541	0.2214768	0.020093441	0.084327936
chr20	37308895	5.6937323	4.0599527	1.6337795	acetylated_beyond_accessibility	-1.3190727	1.1932831	0.51500034	0.70521545
chr7	24653827	4.0775375	2.4431758	1.6343617	acetylated_beyond_accessibility	-0.49681115	0.569674	0.07802868	0.19791365
chr17	62611726	4.189655	2.5543857	1.6352692	acetylated_beyond_accessibility	-0.041145325	0.40161467	0.037334442	0.23642206
chr20	19263553	2.8332133	1.1978421	1.6353712	acetylated_beyond_accessibility	1.6922526	0.29135263	0.1217581	0.118142605
chr12	31715437	5.5412636	3.9057746	1.635489	acetylated_beyond_accessibility	-0.9721253	0.5124612	0.36817694	0.07660103
chr6	11198997	3.6635616	2.028041	1.6355207	acetylated_beyond_accessibility	1.3036904	0.283242	0.26607895	0.41281486
chr22	23709145	3.4011974	1.7654222	1.6357752	acetylated_beyond_accessibility	0.73439777	0.22404683	-0.024879932	0.14720786
chr18	50830776	3.8918204	2.255615	1.6362054	acetylated_beyond_accessibility	-0.42645168	-0.15766168	-0.38988304	-0.3003633
chr6	87628692	3.4339871	1.7976103	1.6363769	acetylated_beyond_accessibility	0.88631415	0.4242611	0.019298553	0.42602348
chr18	24000808	4.3438053	2.7063937	1.6374116	acetylated_beyond_accessibility	-0.32369065	0.05363202	0.020877361	-0.063862085
chr10	11662725	4.1431346	2.5046868	1.6384478	acetylated_beyond_accessibility	1.0704331	0.47564292	0.052226067	0.0049664974
chr17	20234489	2.4849067	0.8464503	1.6384563	acetylated_beyond_accessibility	1.6267555	0.71783686	0.19026875	0.6391829
chr6	5340022	4.6821313	3.0434115	1.6387198	acetylated_beyond_accessibility	-0.29703712	0.1565237	0.28901815	0.39304352
chr12	120157693	3.465736	1.8258482	1.6398877	acetylated_beyond_accessibility	0.82253516	0.14848304	-0.034923077	0.23297918
chr6	158009670	3.8066626	2.1656423	1.6410203	acetylated_beyond_accessibility	0.5186744	-0.22776937	-0.11651635	-0.19480717
chr10	86392311	5.583496	3.9418454	1.6416507	acetylated_beyond_accessibility	-0.9139707	0.563962	-0.12514377	-0.13874817
chr12	101950128	3.713572	2.0714796	1.6420925	acetylated_beyond_accessibility	1.0758188	0.72518086	0.24681592	0.25222278
chr18	10937487	3.4339871	1.7911627	1.6428244	acetylated_beyond_accessibility	1.0661755	0.07493949	0.028265476	0.22000384
chr8	28905651	3.9512436	2.3073654	1.6438782	acetylated_beyond_accessibility	-0.46696723	0.99684095	0.034145832	0.66873455
chr17	42343342	4.553877	2.9099083	1.6439686	acetylated_beyond_accessibility	-0.47008395	-0.36668372	-0.3414812	-0.15291762
chr21	37631070	4.3694477	2.7249813	1.6444664	acetylated_beyond_accessibility	-0.14390993	0.82288194	0.36652422	0.68279386
chr22	45698228	2.7080503	1.0635474	1.6445029	acetylated_beyond_accessibility	1.831363	0.4345299	0.21704483	0.37671888
chr8	27345598	2.8903718	1.2457138	1.644658	acetylated_beyond_accessibility	1.1957895	0.20375967	0.2867142	0.1346761
chr12	25100514	4.2341065	2.587401	1.6467056	acetylated_beyond_accessibility	0.9040842	0.91923285	0.90009975	0.8182676
chr8	97277959	3.4339871	1.7872629	1.6467242	acetylated_beyond_accessibility	2.9555993	-1.0023377	0.4158163	-0.72188735
chr18	10878251	5.398163	3.7513342	1.6468287	acetylated_beyond_accessibility	-1.3512337	0.40437412	-0.00032424927	0.25228834
chr8	42329998	4.2904596	2.64174	1.6487195	acetylated_beyond_accessibility	0.016222477	0.6318338	0.19366074	0.4149077
chr12	94421864	3.583519	1.9341551	1.6493639	acetylated_beyond_accessibility	0.4658519	0.42910945	0.18349326	0.28917658
chr10	87842399	3.3322046	1.682831	1.6493735	acetylated_beyond_accessibility	0.9980235	0.055612087	-0.13464022	-0.11345744
chr8	70651819	3.7841897	2.1343963	1.6497934	acetylated_beyond_accessibility	0.72013307	0.73937297	-0.016922474	0.4688158
chr6	151482475	3.7841897	2.1341581	1.6500316	acetylated_beyond_accessibility	0.45023417	0.5750003	0.24413228	0.6045346
chr10	69461277	3.4011974	1.7511632	1.6500342	acetylated_beyond_accessibility	1.2502868	0.07351649	0.04411769	0.0382967
chr7	129030134	2.944439	1.2943985	1.6500404	acetylated_beyond_accessibility	0.80298805	0.20318234	-0.055016756	0.21122468
chr12	8109011	2.7080503	1.0578835	1.6501667	acetylated_beyond_accessibility	0.5979496	0.178666	-0.1505062	-0.01600027
chr22	26705587	4.454347	2.803784	1.6505632	acetylated_beyond_accessibility	-0.8591014	0.46624184	0.02536726	-0.02852273
chr10	21895992	4.0073333	2.3552635	1.6520698	acetylated_beyond_accessibility	-0.3187387	0.16810393	-0.12333846	0.020861149
chr12	94816158	5.5373344	3.8848772	1.6524572	acetylated_beyond_accessibility	-0.7737608	-0.08996105	0.20936012	0.41999626
chr12	9713227	4.1743875	2.5211797	1.6532078	acetylated_beyond_accessibility	-0.5771234	0.7078123	-0.06961155	0.27062893
chr7	6016488	4.0943446	2.4408977	1.6534469	acetylated_beyond_accessibility	0.42869067	0.2804978	0.44745994	0.2777741
chr12	130459380	2.7725887	1.1185901	1.6539986	acetylated_beyond_accessibility	0.8097975	0.004256487	-0.5235832	-0.12983388
chr8	144701957	3.7841897	2.1297336	1.6544561	acetylated_beyond_accessibility	1.1169691	0.40335298	0.29515553	0.48314357
chr7	92737793	4.9767337	3.3221834	1.6545503	acetylated_beyond_accessibility	-1.1867962	0.47207618	0.003313303	0.6750295
chr8	123612562	3.1354942	1.4808753	1.654619	acetylated_beyond_accessibility	1.4872205	0.22347546	0.40670156	0.10861027
chr17	5210654	5.187386	3.5321884	1.6551976	acetylated_beyond_accessibility	-1.0311699	-0.0039334297	-0.05639696	0.23190117
chr10	88975119	3.9318256	2.2756097	1.6562159	acetylated_beyond_accessibility	0.2814157	0.34576297	-0.05249214	-0.019419432
chr12	64876235	5.049856	3.3933387	1.6565175	acetylated_beyond_accessibility	-0.6000478	-0.046963215	-0.075395584	0.13609886
chr7	70736874	4.65396	2.99705	1.6569102	acetylated_beyond_accessibility	-0.058387518	0.33462262	0.05352974	0.07984519
chr10	13701691	3.583519	1.9265549	1.6569641	acetylated_beyond_accessibility	0.37416673	0.3111899	0.03637433	0.24577618
chr6	36109312	3.713572	2.0554488	1.6581233	acetylated_beyond_accessibility	0.37520432	0.07173967	0.18072748	0.30602598
chr10	62166960	4.0943446	2.4356847	1.6586599	acetylated_beyond_accessibility	0.10659814	0.87771535	-0.03298545	0.94973135
chr6	7171090	3.583519	1.9229836	1.6605353	acetylated_beyond_accessibility	0.61540294	0.041235447	0.04141569	0.22000408
chr17	1904334	4.26268	2.601949	1.6607311	acetylated_beyond_accessibility	0.39878583	0.18895173	-0.010214567	0.17935133
chr12	115481255	3.5263605	1.8655581	1.6608024	acetylated_beyond_accessibility	1.2212224	0.35787868	0.115677476	0.17905569
chr6	38494135	3.2580965	1.5970155	1.661081	acetylated_beyond_accessibility	0.48943985	-0.083402514	-0.3248787	-0.34191978
chr22	30348927	4.9416423	3.2805486	1.6610937	acetylated_beyond_accessibility	-0.6377895	0.44914484	-0.17378712	0.5017035
chr6	2222226	5.379897	3.7184103	1.6614869	acetylated_beyond_accessibility	-0.5737512	-0.033791542	0.11161375	0.8494799
chr10	93313996	3.7841897	2.122493	1.6616967	acetylated_beyond_accessibility	0.55433035	0.1084888	0.22458458	0.044446707
chr18	5980232	3.871201	2.2094934	1.6617076	acetylated_beyond_accessibility	-0.15919805	-0.11148524	-0.21120715	-0.35557997
chr12	31477727	3.8066626	2.1446264	1.6620362	acetylated_beyond_accessibility	-0.3314823	0.15778327	-0.005151987	-0.024440765
chr22	44953475	4.644391	2.9811096	1.6632814	acetylated_beyond_accessibility	-0.65145373	0.13397312	-0.31426287	0.12541294
chr7	137888546	4.0430512	2.3796902	1.6633611	acetylated_beyond_accessibility	0.60775495	0.1975789	0.063652754	0.20243692
chr12	14256698	3.1354942	1.4716096	1.6638846	acetylated_beyond_accessibility	1.6778858	0.3807732	0.33920133	0.28640938
chr18	9120991	3.4011974	1.7369115	1.6642859	acetylated_beyond_accessibility	0.46928596	0.21802282	-0.13296866	-0.1757741
chr18	58947392	4.624973	2.9599361	1.6650367	acetylated_beyond_accessibility	-0.7979405	0.0017058849	0.13829541	0.11288643
chr12	32266014	4.189655	2.5245728	1.665082	acetylated_beyond_accessibility	0.27308965	0.3111782	0.084504604	0.5096333
chr18	76457017	4.0430512	2.3774912	1.66556	acetylated_beyond_accessibility	0.63247895	0.2279439	0.11772823	0.037318468
chr12	130797187	3.8918204	2.225923	1.6658974	acetylated_beyond_accessibility	1.2939997	0.5874014	0.04164982	0.6077361
chr20	44641537	4.94876	3.2823126	1.6664474	acetylated_beyond_accessibility	-0.34089518	0.33399224	-0.038346767	0.43742347
chr8	98753855	3.4965076	1.8299371	1.6665705	acetylated_beyond_accessibility	0.6038748	0.12838113	0.010643721	-0.020478845
chr6	42369735	4.276666	2.6099272	1.666739	acetylated_beyond_accessibility	0.3309164	-0.08344293	0.14212418	0.0704515
chr18	53226341	3.1780539	1.511009	1.6670449	acetylated_beyond_accessibility	0.6571393	0.1089226	-0.033856153	-0.014585853
chr6	36649860	3.8286414	2.1615906	1.6670508	acetylated_beyond_accessibility	0.4704101	0.26617002	0.3765142	0.29970622
chr17	9101478	3.0910425	1.4231129	1.6679296	acetylated_beyond_accessibility	0.6307678	0.39953792	0.029345274	0.27405596
chr12	49821379	4.2195077	2.5515056	1.6680021	acetylated_beyond_accessibility	-0.06261945	-0.11992884	-0.0011389256	0.23325396
chr10	30159503	3.465736	1.7969327	1.6688032	acetylated_beyond_accessibility	0.50591063	0.41256094	0.2654996	0.25950146
chr17	82900416	2.6390574	0.9701775	1.66888	acetylated_beyond_accessibility	2.3460248	0.44763154	0.24066705	0.4086197
chr10	95297618	4.9767337	3.3074398	1.6692939	acetylated_beyond_accessibility	-0.401016	0.60500836	0.121311665	0.5046351
chr17	59375994	3.6109178	1.9412968	1.669621	acetylated_beyond_accessibility	0.22069359	0.58248067	-0.019495726	0.44594598
chr10	62020793	4.7361984	3.0652761	1.6709223	acetylated_beyond_accessibility	-1.5887238	0.2737956	0.061941624	0.31050634
chr7	99005915	3.7612002	2.090143	1.6710572	acetylated_beyond_accessibility	-0.07276893	-0.47247136	-0.41275358	-0.43784332
chr8	85513774	4.2341065	2.5626473	1.6714592	acetylated_beyond_accessibility	-0.010256052	0.7200515	0.030338049	-0.15379882
chr12	66628138	4.0073333	2.3352358	1.6720974	acetylated_beyond_accessibility	-0.219311	-0.05304742	-0.015746355	0.023660421
chr12	39369938	4.1271343	2.4529724	1.6741619	acetylated_beyond_accessibility	0.08815789	0.76881504	0.05044055	0.4872656
chr17	57480825	4.1431346	2.4683664	1.6747682	acetylated_beyond_accessibility	0.045548677	0.48094773	0.5368204	0.32228732
chr8	98736404	4.2341065	2.559189	1.6749175	acetylated_beyond_accessibility	-0.6547284	0.45941162	-0.071810246	0.5039797
chr12	109463392	3.218876	1.5439488	1.6749271	acetylated_beyond_accessibility	0.9394113	0.19239819	0.15920317	0.13758111
chr10	73118199	5.2040067	3.5288079	1.6751988	acetylated_beyond_accessibility	0.04570055	0.9490888	0.26287985	1.0187771
chr22	31229872	4.7706847	3.093365	1.6773198	acetylated_beyond_accessibility	0.7139771	0.38136268	0.15646791	-0.07858968
chr10	102001637	5.5134287	3.8360422	1.6773865	acetylated_beyond_accessibility	-1.408685	1.1779339	0.3132174	0.54221654
chr6	2127720	3.988984	2.3114545	1.6775296	acetylated_beyond_accessibility	1.0688665	-0.19992971	0.036506414	-0.053037643
chr18	11021164	4.8675346	3.189816	1.6777186	acetylated_beyond_accessibility	-0.4301982	0.5863726	0.1498537	0.13741875
chr6	38306546	5.236442	3.558374	1.6780682	acetylated_beyond_accessibility	-0.5255482	0.097391844	0.02797079	0.22613716
chr22	23696414	4.7706847	3.090741	1.6799438	acetylated_beyond_accessibility	-0.63624144	-0.128402	-0.34686017	-0.36043453
chr12	9707958	4.454347	2.7742498	1.6800973	acetylated_beyond_accessibility	-0.46109128	0.07120013	0.028650045	0.47071028
chr18	12053533	3.218876	1.5369828	1.6818931	acetylated_beyond_accessibility	0.1383847	0.4487716	0.0438596	0.08002865
chr17	44708829	4.919981	3.2372699	1.6827111	acetylated_beyond_accessibility	2.5016475	0.48080397	0.56383395	0.59528613
chr7	117048672	3.7612002	2.0782332	1.682967	acetylated_beyond_accessibility	0.12451434	0.34405518	0.2968011	0.3611827
chr21	14557611	4.158883	2.4757931	1.68309	acetylated_beyond_accessibility	-0.062102556	0.31953835	0.20578218	0.3475411
chr21	35046073	4.3820267	2.6982844	1.6837423	acetylated_beyond_accessibility	0.16609454	-0.038268805	0.38774395	0.2901001
chr6	34290106	3.6888795	2.0046515	1.684228	acetylated_beyond_accessibility	0.5331044	-0.122370005	-0.21954799	-0.11341596
chr17	16956621	3.7376697	2.0532212	1.6844485	acetylated_beyond_accessibility	1.0656395	0.6997943	0.29110575	0.43810773
chr6	36675126	3.295837	1.6113718	1.6844652	acetylated_beyond_accessibility	1.0897524	0.14377952	0.18620694	0.23094738
chr18	11035903	4.3307333	2.6461883	1.684545	acetylated_beyond_accessibility	0.07702112	0.17076755	0.1655364	0.108780384
chr7	21345644	4.828314	3.1437242	1.6845896	acetylated_beyond_accessibility	-0.9058931	-0.20055842	-0.09040618	-0.040509462
chr12	110523630	3.4339871	1.7486097	1.6853775	acetylated_beyond_accessibility	1.3089145	0.41869915	0.20936549	0.25264466
chr10	15814807	3.5553482	1.8688297	1.6865184	acetylated_beyond_accessibility	0.7317605	0.13061082	0.18164945	0.06666303
chr10	103911208	4.3438053	2.6565924	1.687213	acetylated_beyond_accessibility	0.2975421	0.270159	-0.2558875	-0.101353645
chr7	150717979	3.1780539	1.4906225	1.6874313	acetylated_beyond_accessibility	0.13976836	0.1584177	-0.08616924	0.099062204
chr6	56869369	4.2195077	2.5319016	1.6876061	acetylated_beyond_accessibility	0.049293756	-0.15722203	0.033627987	0.34240985
chr6	129606799	4.9767337	3.2884285	1.6883051	acetylated_beyond_accessibility	0.23723936	1.1979067	0.19125724	0.3104236
chr10	11263881	3.6888795	1.9996433	1.6892362	acetylated_beyond_accessibility	0.99484277	0.37852907	0.028389215	0.2143259
chr17	42379064	5.605802	3.9156156	1.6901865	acetylated_beyond_accessibility	-1.2052643	0.8981681	0.113603115	0.14483261
chr6	36676421	5.8377304	4.1466074	1.691123	acetylated_beyond_accessibility	-1.485003	-0.05210066	-0.08167362	0.078018665
chr17	72022511	4.7706847	3.0785751	1.6921096	acetylated_beyond_accessibility	-0.9267299	0.14717674	0.24148774	-0.2080853
chr10	62002093	5.198497	3.505651	1.6928458	acetylated_beyond_accessibility	-1.521949	0.43469954	-0.061124325	0.032170773
chr22	45775507	6.066108	4.373253	1.6928554	acetylated_beyond_accessibility	-1.614886	0.52614117	-0.039702415	0.7364149
chr17	57464689	4.7361984	3.043301	1.6928973	acetylated_beyond_accessibility	-0.6773522	0.12670517	-0.02981019	0.28970098
chr17	46736328	3.3672957	1.6733071	1.6939887	acetylated_beyond_accessibility	0.91804755	0.35529935	0.06350505	0.1671226
chr12	11810323	4.6728287	2.9786706	1.6941581	acetylated_beyond_accessibility	-0.67339444	0.19994831	0.1896596	0.006948948
chr22	36940894	4.204693	2.5091858	1.695507	acetylated_beyond_accessibility	-0.29704952	1.1592607	-0.032776117	0.4608972
chr20	37745996	3.0445225	1.3487089	1.6958137	acetylated_beyond_accessibility	1.9534426	0.38029337	0.34871674	0.41325974
chr8	6416474	4.8675346	3.1707666	1.696768	acetylated_beyond_accessibility	-0.6218233	1.3728912	0.40389562	0.809783
chr17	76783306	4.060443	2.362865	1.697578	acetylated_beyond_accessibility	-0.51910114	-0.07555008	-0.20795274	0.1557002
chr10	3445800	2.7080503	1.0098801	1.6981702	acetylated_beyond_accessibility	1.5084023	0.07885504	-0.042633057	0.0025302172
chr22	26691003	3.2580965	1.5586641	1.6994324	acetylated_beyond_accessibility	1.3478522	0.3031646	0.26164484	0.3575766
chr12	121632401	3.8286414	2.1291919	1.6994495	acetylated_beyond_accessibility	1.0361438	0.2904935	0.15318704	0.22448754
chr22	36253091	4.9698133	3.2701693	1.6996441	acetylated_beyond_accessibility	-0.5438857	0.4317975	-0.06739068	0.0400815
chr12	9701914	3.713572	2.0139074	1.6996646	acetylated_beyond_accessibility	0.29605317	-0.012027502	-0.10429704	-0.032467723
chr7	47480369	4.0430512	2.3414068	1.7016444	acetylated_beyond_accessibility	0.108621836	-0.23664522	-0.3757155	-0.2465558
chr21	37455596	3.4339871	1.731734	1.7022531	acetylated_beyond_accessibility	2.757447	0.91347265	1.3537745	0.6446557
chr17	2157399	3.2580965	1.5558426	1.7022538	acetylated_beyond_accessibility	1.7110868	0.6041367	0.59877086	0.60450435
chr17	10033852	3.988984	2.2866693	1.7023149	acetylated_beyond_accessibility	0.12303281	-0.14472389	-0.1872406	-0.12242031
chr22	40585328	4.0943446	2.391937	1.7024076	acetylated_beyond_accessibility	-0.16318774	0.3185928	-0.111857414	-0.16708589
chr7	130978732	3.4011974	1.6987022	1.7024952	acetylated_beyond_accessibility	0.904565	0.33706105	-0.02870655	0.27077448
chr6	136751026	5.799093	4.09615	1.7029428	acetylated_beyond_accessibility	-1.672404	-0.0667963	0.024339199	0.30993986
chr8	101700625	4.060443	2.3547623	1.7056806	acetylated_beyond_accessibility	0.25063443	0.14550567	-0.013578415	0.4351802
chr6	37048944	4.1108737	2.404535	1.7063386	acetylated_beyond_accessibility	0.472867	0.83982086	0.36864567	0.41531825
chr18	21853188	4.3694477	2.6626604	1.7067873	acetylated_beyond_accessibility	-0.26916647	0.6664429	-0.0442667	-0.022677422
chr12	9669712	5.351858	3.6441422	1.707716	acetylated_beyond_accessibility	-1.2151761	0.58525753	-0.0020394325	0.80592966
chr7	47494367	3.9702919	2.2624836	1.7078083	acetylated_beyond_accessibility	1.8510866	0.042408943	0.24542785	0.04679799
chr17	57426177	3.9318256	2.2239401	1.7078855	acetylated_beyond_accessibility	0.45606112	0.4631245	0.10470986	0.2851181
chr22	42959950	3.6888795	1.9809107	1.7079688	acetylated_beyond_accessibility	1.7060405	0.052934766	0.1976608	0.11277306
chr22	40051606	3.912023	2.2021296	1.7098935	acetylated_beyond_accessibility	0.91092086	0.4231465	0.18675017	0.21571565
chr22	25660509	3.0445225	1.3344735	1.710049	acetylated_beyond_accessibility	1.1932775	0.3216846	0.36779845	0.28270257
chr8	27797495	3.5263605	1.8160012	1.7103593	acetylated_beyond_accessibility	1.0972891	0.13548803	0.23471165	-0.03413248
chr18	10938091	3.3322046	1.6213479	1.7108567	acetylated_beyond_accessibility	1.5959549	0.33283353	0.13832605	0.22773802
chr10	83983860	3.7841897	2.0715597	1.71263	acetylated_beyond_accessibility	0.42343545	0.18430209	0.13919163	0.2387526
chr18	23992813	4.59512	2.882454	1.712666	acetylated_beyond_accessibility	-1.0263985	0.19475245	-0.03962779	-0.05926633
chr7	2354452	6.5539336	4.839301	1.7146325	acetylated_beyond_accessibility	-0.42165136	1.3019528	-0.13396406	0.9227867
chr12	131711170	5.598422	3.8821955	1.7162266	acetylated_beyond_accessibility	0.55650043	0.67593575	-0.050311804	0.6327324
chr17	8844217	3.871201	2.1549382	1.7162628	acetylated_beyond_accessibility	-0.1947056	0.25810003	0.0989809	0.08518815
chr22	26532702	4.3438053	2.6266603	1.717145	acetylated_beyond_accessibility	-0.38142967	0.09605503	-0.20119381	0.08377957
chr12	64638998	2.8903718	1.172956	1.7174158	acetylated_beyond_accessibility	2.2034295	0.31460667	0.50204515	0.2672702
chr20	63617270	3.7612002	2.0424235	1.7187767	acetylated_beyond_accessibility	0.595047	-0.118777275	0.23925495	-0.32252622
chr12	130574570	3.713572	1.9947932	1.7187788	acetylated_beyond_accessibility	0.13506389	-0.2565874	-0.3427509	-0.15586519
chr17	57524130	4.4188404	2.699717	1.7191234	acetylated_beyond_accessibility	0.47537017	0.18885708	0.1407702	0.41375184
chr6	153234	3.218876	1.4996135	1.7192624	acetylated_beyond_accessibility	1.5209193	0.11542606	0.0584507	0.09706497
chr21	33301160	3.8066626	2.0861907	1.7204719	acetylated_beyond_accessibility	0.9333098	0.36845756	0.31423593	0.28059936
chr12	123743224	3.7376697	2.0159688	1.7217009	acetylated_beyond_accessibility	1.2280879	-0.016690493	0.21596193	-0.17576385
chr18	62651405	4.905275	3.183218	1.7220569	acetylated_beyond_accessibility	-1.0434134	0.05408287	-0.10052943	0.18494487
chr22	50578667	3.4339871	1.7116582	1.7223289	acetylated_beyond_accessibility	1.6107357	-0.5573276	-0.5378077	-0.6080651
chr22	37230215	6.3613024	4.6387544	1.722548	acetylated_beyond_accessibility	-1.2043872	0.8295884	0.014576435	0.50205183
chr7	151485569	4.0073333	2.2846632	1.7226701	acetylated_beyond_accessibility	1.2201674	0.50007486	0.37452984	0.53192997
chr17	74784544	3.1780539	1.4548014	1.7232524	acetylated_beyond_accessibility	1.1609195	0.20462954	0.14626527	0.12315202
chr17	17119650	4.317488	2.5940871	1.7234011	acetylated_beyond_accessibility	0.7444644	0.15975475	0.5807564	0.3440814
chr17	42358637	4.276666	2.5509439	1.7257223	acetylated_beyond_accessibility	-0.45586777	0.08714056	-0.28716278	0.007588625
chr22	33889690	4.2904596	2.564269	1.7261906	acetylated_beyond_accessibility	0.031921387	-0.013180733	0.006859541	0.0818882
chr10	90132187	3.7376697	2.0108545	1.7268152	acetylated_beyond_accessibility	-0.35548735	-0.18243897	-0.062160015	-0.1512245
chr7	3957970	3.8066626	2.079511	1.7271516	acetylated_beyond_accessibility	0.5802133	-0.20576143	-0.008277893	-0.07989049
chr7	102030842	4.248495	2.5213404	1.7271547	acetylated_beyond_accessibility	-0.75832736	-0.04486227	-0.45894003	-0.50991106
chr8	8363912	3.7376697	2.010163	1.7275066	acetylated_beyond_accessibility	0.71097946	0.1688633	0.066491365	0.26007724
chr8	132326156	4.1271343	2.3982131	1.7289212	acetylated_beyond_accessibility	0.47068095	0.54781055	0.49723148	0.5239136
chr22	33806336	3.218876	1.489634	1.7292418	acetylated_beyond_accessibility	0.7712035	0.38765228	-0.006277323	0.36053276
chr6	158803220	4.3820267	2.6526086	1.729418	acetylated_beyond_accessibility	0.6384151	0.7597337	0.27904654	0.80472684
chr12	94372709	4.189655	2.4600654	1.7295895	acetylated_beyond_accessibility	-0.022886515	0.89912605	0.550441	0.9444053
chr6	137120924	5.4510384	3.7207415	1.7302969	acetylated_beyond_accessibility	-1.4558787	-0.08143449	0.09233284	0.15163684
chr21	41926711	6.042633	4.3122573	1.7303758	acetylated_beyond_accessibility	-1.8053534	0.29902744	0.04894066	0.24748659
chr17	75331875	3.218876	1.487986	1.7308899	acetylated_beyond_accessibility	1.3187703	0.17025876	-0.02211678	0.1332736
chr6	8017620	3.6109178	1.8799632	1.7309546	acetylated_beyond_accessibility	1.2084665	0.43885565	0.29876518	0.32396054
chr21	33367423	3.6109178	1.8778403	1.7330775	acetylated_beyond_accessibility	0.5793166	0.11217666	0.026976228	0.085366845
chr8	130064265	4.060443	2.3268516	1.7335913	acetylated_beyond_accessibility	0.5910673	0.1725738	0.25083542	0.19970894
chr7	150734525	3.5263605	1.7926626	1.7336979	acetylated_beyond_accessibility	0.5798552	0.39639425	0.36553717	0.3749566
chr8	98745355	4.1431346	2.40837	1.7347646	acetylated_beyond_accessibility	0.2323966	0.282506	0.16203809	-0.0071291924
chr12	94282848	3.912023	2.1769342	1.7350888	acetylated_beyond_accessibility	1.1883099	0.2594173	0.5491183	0.376359
chr12	115354729	4.65396	2.9186716	1.7352886	acetylated_beyond_accessibility	-0.07894325	0.638433	0.241606	0.6043329
chr12	115375120	5.4553213	3.7196774	1.7356439	acetylated_beyond_accessibility	-0.6904416	0.8250327	0.36487675	0.7708478
chr22	33274394	3.7612002	2.0252542	1.7359459	acetylated_beyond_accessibility	1.6740053	0.6270652	0.096413136	0.5493784
chr18	11035020	4.2195077	2.4827895	1.7367182	acetylated_beyond_accessibility	0.83251023	0.7566097	0.18550754	0.087791204
chr17	614033	2.3978953	0.6604662	1.7374291	acetylated_beyond_accessibility	1.016904	0.35667825	-0.029548228	0.26765215
chr10	48577334	3.7612002	2.02177	1.7394302	acetylated_beyond_accessibility	0.6277895	0.405792	0.111208916	-0.17322707
chr22	45696398	3.7841897	2.0441704	1.7400193	acetylated_beyond_accessibility	-0.10013747	0.3019066	-0.05575013	0.036990404
chr20	47576735	4.304065	2.564012	1.7400532	acetylated_beyond_accessibility	-0.45991564	0.6775193	-0.26777506	-0.012980461
chr12	131593159	3.9512436	2.2099028	1.7413409	acetylated_beyond_accessibility	1.1651657	0.68983984	0.7576597	1.0214267
chr7	127929244	4.477337	2.7354631	1.7418737	acetylated_beyond_accessibility	0.62055683	0.5372534	0.094689846	0.4801135
chr18	47036372	2.7080503	0.96567506	1.7423751	acetylated_beyond_accessibility	1.0659425	0.40773398	-0.05906892	-0.19668084
chr12	110549988	3.8286414	2.0862522	1.7423892	acetylated_beyond_accessibility	0.93561983	0.13280773	-0.13280225	0.08742809
chr17	5198673	5.0172796	3.2743316	1.742948	acetylated_beyond_accessibility	-0.48947477	0.27153158	-0.19600105	0.08805275
chr8	42173188	3.4339871	1.6897373	1.7442498	acetylated_beyond_accessibility	0.6900976	0.01778078	-0.098082304	-0.12151635
chr17	2478769	2.9957323	1.2474272	1.7483051	acetylated_beyond_accessibility	1.220556	0.32567263	0.13758051	0.3562957
chr7	66148574	4.4188404	2.669767	1.7490735	acetylated_beyond_accessibility	0.5352509	-0.30382395	0.2371962	0.08602142
chr12	31533746	2.8332133	1.084077	1.7491363	acetylated_beyond_accessibility	1.1674191	0.3382386	-0.007232785	0.16723609
chr22	22023198	4.406719	2.6567984	1.7499208	acetylated_beyond_accessibility	-0.18791485	-0.3130684	-0.14770484	-0.027346373
chr10	110075566	4.5325994	2.7825203	1.7500792	acetylated_beyond_accessibility	-1.2730936	0.116348505	0.027572393	0.09516764
chr7	157178213	2.8903718	1.1395938	1.750778	acetylated_beyond_accessibility	1.1675322	0.06515503	-0.17422026	-0.083170414
chr17	40155983	3.0910425	1.3386233	1.7524192	acetylated_beyond_accessibility	1.2881668	0.36079574	0.02510345	0.20977342
chr12	102724215	3.1780539	1.4253767	1.7526772	acetylated_beyond_accessibility	1.4166257	0.5548612	0.2728331	0.31873536
chr10	91204776	3.912023	2.1593244	1.7526987	acetylated_beyond_accessibility	-0.31903565	0.35974646	-0.031775713	0.119703054
chr20	49688166	4.4998097	2.7466938	1.7531159	acetylated_beyond_accessibility	0.23413134	0.2690065	0.029534817	0.031063795
chr10	50363515	5.327876	3.573248	1.7546282	acetylated_beyond_accessibility	-1.1522577	0.22413635	0.05969715	0.33416748
chr17	65025445	3.7841897	2.0288396	1.7553501	acetylated_beyond_accessibility	0.76499987	0.040144205	-0.20836353	-0.05549419
chr12	49233926	4.2341065	2.4785905	1.755516	acetylated_beyond_accessibility	1.3293335	0.06842804	0.09325504	0.17005014
chr18	63178715	4.158883	2.4029357	1.7559474	acetylated_beyond_accessibility	0.29479504	-0.38064122	-0.1332407	-0.544919
chr18	711792	4.189655	2.4334838	1.756171	acetylated_beyond_accessibility	1.8708742	-0.1002264	0.18722534	-0.25346112
chr10	74983421	4.4998097	2.742511	1.7572987	acetylated_beyond_accessibility	0.10379696	0.62024	0.24725366	0.39465547
chr20	37823776	3.8066626	2.0475829	1.7590797	acetylated_beyond_accessibility	0.8594253	0.107005596	-0.048175454	-0.12986827
chr12	120823068	3.9512436	2.191865	1.7593787	acetylated_beyond_accessibility	0.63697433	0.3467245	0.32539558	0.22772169
chr7	70720500	4.5108595	2.75125	1.7596095	acetylated_beyond_accessibility	0.034452677	-0.041692495	0.13391685	0.28555083
chr12	103589761	3.6888795	1.9280154	1.7608641	acetylated_beyond_accessibility	0.43691647	0.36743653	0.2650987	0.4179896
chr10	101923466	3.637586	1.876316	1.7612702	acetylated_beyond_accessibility	-0.026904583	0.37915623	-0.15944707	-0.12602496
chr17	4099186	3.4339871	1.6717293	1.7622578	acetylated_beyond_accessibility	1.6047754	0.07139957	0.04026127	-0.1033386
chr21	33296425	3.9318256	2.1695428	1.7622828	acetylated_beyond_accessibility	-0.10776687	-0.33100915	-0.06782246	-0.21379745
chr7	155751594	4.5108595	2.7477748	1.7630847	acetylated_beyond_accessibility	-0.73639154	0.4490764	0.085534334	0.09412956
chr10	11322899	4.0253515	2.2620826	1.763269	acetylated_beyond_accessibility	0.9518504	0.18954992	0.036213636	0.04238105
chr12	31599133	4.3438053	2.5797591	1.7640462	acetylated_beyond_accessibility	-0.06974888	0.6517925	0.11536431	0.5134549
chr17	1821048	4.060443	2.2960334	1.7644095	acetylated_beyond_accessibility	-0.3833412	0.5043497	-0.021105766	0.38004136
chr12	31480525	3.3672957	1.6027099	1.7645859	acetylated_beyond_accessibility	0.44374716	0.102820516	-0.049990654	0.057297945
chr7	150631083	5.5412636	3.776605	1.7646587	acetylated_beyond_accessibility	-1.2910726	0.09835124	0.18311048	0.5602906
chr12	11823111	5.556828	3.7913933	1.7654347	acetylated_beyond_accessibility	-0.97696733	0.8120384	0.049001932	0.5680289
chr22	20551486	4.1108737	2.3448958	1.7659779	acetylated_beyond_accessibility	1.2402639	0.291049	0.06713271	0.13752699
chr7	127692506	4.1108737	2.3435354	1.7673383	acetylated_beyond_accessibility	0.8433938	0.32478476	0.03231263	0.14188385
chr7	130112267	3.295837	1.5282576	1.7675793	acetylated_beyond_accessibility	0.71540856	0.34789717	0.027137637	0.20946145
chr22	31218039	4.189655	2.4194236	1.7702312	acetylated_beyond_accessibility	0.5659976	0.599597	0.29003835	0.43921804
chr6	116398564	3.988984	2.2185237	1.7704604	acetylated_beyond_accessibility	-0.14251041	0.13256311	-0.058692932	0.26801276
chr10	11548900	4.2341065	2.4613912	1.7727153	acetylated_beyond_accessibility	-0.49149418	0.3635702	-0.007609844	0.12811494
chr20	53754654	5.3752785	3.6012273	1.7740512	acetylated_beyond_accessibility	-0.8941982	0.9889116	0.1459136	0.10551119
chr18	5975399	5.0875964	3.3122377	1.7753587	acetylated_beyond_accessibility	-0.33903193	0.3478408	0.17043924	0.10710263
chr7	139714703	4.691348	2.9157686	1.7755795	acetylated_beyond_accessibility	-0.7141931	0.031145573	-0.13221526	-0.2134223
chr7	66747410	3.912023	2.1342013	1.7778218	acetylated_beyond_accessibility	0.6209476	0.3181622	0.027383804	0.17660594
chr18	3060794	4.5849676	2.807141	1.7778265	acetylated_beyond_accessibility	-0.33324504	0.4909532	0.10839391	0.22460938
chr7	150621172	4.317488	2.539322	1.7781663	acetylated_beyond_accessibility	0.086483955	0.40244293	0.1264162	0.42680192
chr20	3491414	2.9957323	1.2161916	1.7795407	acetylated_beyond_accessibility	0.7553029	0.023736358	-0.048739195	-0.027149558
chr12	14278779	4.75359	2.9738388	1.7797513	acetylated_beyond_accessibility	-0.42741203	0.3101101	-0.052883625	0.24557495
chr18	51811994	3.7841897	2.0041792	1.7800105	acetylated_beyond_accessibility	1.2344189	-0.051898003	0.20183611	0.1369605
chr8	70515502	4.0943446	2.31338	1.7809646	acetylated_beyond_accessibility	-0.618294	0.9946246	0.019529581	0.41110158
chr10	13831933	4.4426513	2.659707	1.7829442	acetylated_beyond_accessibility	-0.19815946	0.45377636	0.07990289	0.3628049
chr18	59874423	3.6109178	1.8254008	1.785517	acetylated_beyond_accessibility	0.52688384	0.25498295	0.25948334	0.1249758
chr17	57624592	3.8501477	2.0645006	1.7856472	acetylated_beyond_accessibility	1.3752968	0.3690622	0.47086287	0.42773008
chr10	101986445	5.332719	3.5463815	1.7863374	acetylated_beyond_accessibility	-0.4343896	0.15825129	0.18866658	0.5088134
chr20	47584944	4.0073333	2.220844	1.7864892	acetylated_beyond_accessibility	0.47711515	0.044077396	-0.16407633	0.10415387
chr6	30508051	5.0106354	3.223252	1.7873833	acetylated_beyond_accessibility	-0.38980126	0.23947716	0.47601748	0.8107631
chr20	38064174	4.0073333	2.219805	1.7875283	acetylated_beyond_accessibility	0.5677726	0.2152133	-0.048588037	0.09274387
chr10	88898993	5.1119876	3.3241858	1.7878017	acetylated_beyond_accessibility	-1.2518415	-0.13835001	0.0024058819	-0.1788733
chr6	30857692	3.912023	2.1228278	1.7891953	acetylated_beyond_accessibility	0.0778079	-0.14821029	0.038456917	-0.03880763
chr21	37507903	3.7376697	1.9484301	1.7892396	acetylated_beyond_accessibility	1.095751	0.25189376	0.36298394	0.21277046
chr20	50502224	4.0430512	2.251957	1.7910943	acetylated_beyond_accessibility	0.5388093	-0.13409114	-0.072452545	-0.06657314
chr12	130576331	3.4965076	1.7045499	1.7919577	acetylated_beyond_accessibility	0.5951868	0.069019675	-0.12666488	0.112835884
chr21	29182378	3.583519	1.7913153	1.7922037	acetylated_beyond_accessibility	1.7404475	0.49985147	0.57524204	0.53667116
chr12	103588933	3.6635616	1.8685443	1.7950172	acetylated_beyond_accessibility	-0.012699962	0.37833762	0.09758806	0.297724
chr20	33837671	4.2341065	2.4380047	1.7961018	acetylated_beyond_accessibility	0.4576471	0.40492868	0.15009308	0.38719678
chr6	52190603	3.637586	1.8391142	1.7984719	acetylated_beyond_accessibility	1.0862184	-0.064786434	0.1847291	0.063079834
chr17	16194639	2.1972246	0.39814562	1.799079	acetylated_beyond_accessibility	2.098986	0.15999061	0.1381101	0.06974453
chr17	61904522	4.248495	2.447434	1.8010612	acetylated_beyond_accessibility	-0.07296014	0.40060568	-0.13953376	0.17623281
chr8	953833	3.218876	1.417455	1.8014209	acetylated_beyond_accessibility	0.9761596	0.2578497	0.17291474	0.04203391
chr20	36908814	3.4965076	1.6946236	1.801884	acetylated_beyond_accessibility	0.75410163	-0.14246476	-0.15520787	-0.25749874
chr17	30518174	3.4339871	1.6315203	1.8024669	acetylated_beyond_accessibility	0.36773288	0.27954054	0.049102783	0.18838286
chr12	122399665	4.189655	2.386781	1.8028738	acetylated_beyond_accessibility	1.5888121	0.27961755	0.38947058	0.409755
chr17	69093516	3.4011974	1.5979078	1.8032897	acetylated_beyond_accessibility	1.6921384	0.63112545	0.0027638674	0.5970206
chr20	4369794	3.713572	1.9092803	1.8042917	acetylated_beyond_accessibility	1.8134942	0.5722468	1.003344	0.5220218
chr7	98786084	4.0943446	2.2896085	1.8047361	acetylated_beyond_accessibility	0.43769407	-0.25851893	0.2944169	0.01774478
chr17	39793027	5.1474943	3.3415895	1.8059049	acetylated_beyond_accessibility	-0.44199824	0.5232663	0.22306108	0.3416474
chr10	101973534	4.8121843	3.0062132	1.8059711	acetylated_beyond_accessibility	-0.5399878	0.8705244	0.28820705	0.5842576
chr12	12676810	4.0775375	2.2698975	1.8076401	acetylated_beyond_accessibility	0.3783009	0.36766386	0.116132975	0.13265944
chr22	24146480	4.317488	2.50907	1.8084183	acetylated_beyond_accessibility	0.33259368	-0.3212688	-0.104245424	-0.23882246
chr21	14676168	5.1298985	3.3212316	1.808667	acetylated_beyond_accessibility	0.24512506	0.8704612	0.22504997	0.57214546
chr8	98781107	3.583519	1.7745318	1.8089871	acetylated_beyond_accessibility	0.57162714	0.4047742	0.18290961	0.21052337
chr7	87028108	3.7841897	1.9722791	1.8119106	acetylated_beyond_accessibility	0.6958215	0.2843976	0.036250353	0.17306757
chr20	48761858	4.934474	3.1224484	1.8120255	acetylated_beyond_accessibility	-0.4994514	-0.002927065	-0.15123272	0.067160845
chr8	8493269	4.8751974	3.0629122	1.8122852	acetylated_beyond_accessibility	-0.45482183	0.7506206	0.10585022	0.3026502
chr17	37090181	3.912023	2.0996594	1.8123636	acetylated_beyond_accessibility	1.7432883	0.34030533	0.31288338	0.5121031
chr12	4434908	3.1354942	1.3228631	1.8126311	acetylated_beyond_accessibility	2.107367	0.30895066	0.033633947	0.26044548
chr12	31562841	3.637586	1.8247633	1.8128228	acetylated_beyond_accessibility	1.1236682	0.17520618	-0.27807617	0.044611692
chr18	58715734	3.9702919	2.1568048	1.813487	acetylated_beyond_accessibility	-0.048003912	0.19142795	0.005482435	0.014942408
chr17	82536281	4.1743875	2.360269	1.8141184	acetylated_beyond_accessibility	0.47003508	0.44599247	0.061330557	0.31919146
chr20	34887101	3.465736	1.6508566	1.8148793	acetylated_beyond_accessibility	0.84275305	0.09393203	0.112443924	0.082701445
chr20	25355401	3.6888795	1.8739123	1.8149672	acetylated_beyond_accessibility	0.43115544	-0.12900162	-0.19109595	-0.16444302
chr12	124477362	4.2904596	2.4752758	1.8151839	acetylated_beyond_accessibility	-0.44774032	0.12218833	0.15745616	0.14128709
chr6	137097258	5.2983174	3.482937	1.8153803	acetylated_beyond_accessibility	-1.903868	0.4061327	-0.13011909	0.10279322
chr21	46357147	3.2580965	1.4426708	1.8154256	acetylated_beyond_accessibility	1.2396333	0.20348668	-0.026108503	-0.070171475
chr20	37377500	4.3820267	2.566562	1.8154647	acetylated_beyond_accessibility	-0.10168791	0.2702024	0.08922124	0.14047813
chr20	36484574	3.8918204	2.0753226	1.8164978	acetylated_beyond_accessibility	0.487571	-0.25024056	-0.0704937	-0.34817576
chr8	11878297	5.7037826	3.886612	1.8171706	acetylated_beyond_accessibility	-0.94254184	0.57511234	0.518311	0.75325346
chr12	118120954	4.26268	2.4453967	1.8172834	acetylated_beyond_accessibility	1.5309596	0.76841474	0.23525476	0.58630943
chr10	49827456	4.0430512	2.224459	1.8185923	acetylated_beyond_accessibility	0.971962	0.41664886	0.24129105	0.714587
chr7	99552132	4.919981	3.1008322	1.8191488	acetylated_beyond_accessibility	0.39528084	0.9284632	0.25927973	0.8079889
chr12	127150237	3.988984	2.1697803	1.8192039	acetylated_beyond_accessibility	0.120566845	0.4440384	0.29305553	0.3451271
chr17	77206136	4.248495	2.42912	1.819375	acetylated_beyond_accessibility	0.23576617	0.19014597	-0.005402565	-0.13350415
chr17	47067536	4.836282	3.0155401	1.8207417	acetylated_beyond_accessibility	0.5534401	0.6851635	-0.079257965	0.73507977
chr21	44790098	4.0073333	2.1860855	1.8212478	acetylated_beyond_accessibility	0.90263844	0.43863368	0.163831	0.32646203
chr17	57487693	4.0073333	2.184906	1.8224273	acetylated_beyond_accessibility	0.63418007	0.0632596	0.03040433	0.13864565
chr12	50568184	3.5263605	1.7020738	1.8242867	acetylated_beyond_accessibility	1.1467361	0.29788053	0.049849987	0.22224963
chr18	77108326	4.3438053	2.5194035	1.8244019	acetylated_beyond_accessibility	-0.25849247	0.08837628	0.09986138	-0.12800312
chr17	8843616	4.0073333	2.182879	1.8244543	acetylated_beyond_accessibility	0.121234655	0.32365227	0.04549718	0.14567399
chr17	57487005	4.1431346	2.317924	1.8252106	acetylated_beyond_accessibility	0.5663421	0.24611473	0.12229729	0.25741005
chr10	11261746	4.406719	2.580951	1.8257682	acetylated_beyond_accessibility	0.016052246	0.38985968	0.082542896	-0.0123775005
chr7	6582034	4.787492	2.9610493	1.8264425	acetylated_beyond_accessibility	-0.1085372	0.09538388	0.030928612	0.20810533
chr7	101754671	3.5263605	1.6995991	1.8267614	acetylated_beyond_accessibility	1.5157193	0.230811	-0.034884095	0.23095202
chr8	96281733	4.6151204	2.7864747	1.8286457	acetylated_beyond_accessibility	0.3979075	0.5470469	0.6247225	0.5262592
chr6	34285094	3.4965076	1.6670934	1.8294142	acetylated_beyond_accessibility	0.9875823	-0.023026824	-0.081766486	-0.05313182
chr20	53917754	5.484797	3.6550183	1.8297787	acetylated_beyond_accessibility	-0.83033323	1.2539692	0.5016694	0.47985792
chr7	144192	3.0445225	1.2135084	1.8310142	acetylated_beyond_accessibility	0.86654687	-0.12265754	-0.14519453	0.033121824
chr10	50456883	5.117994	3.2864149	1.831579	acetylated_beyond_accessibility	-0.82584286	0.17913556	0.032839537	0.0037341118
chr10	98474854	3.5553482	1.7234411	1.831907	acetylated_beyond_accessibility	0.4105034	-0.22571838	-0.06664872	-0.11866248
chr7	6396091	3.988984	2.156991	1.8319931	acetylated_beyond_accessibility	1.1344786	0.041837692	0.045351744	0.07727456
chr7	150365945	4.624973	2.7922435	1.8327293	acetylated_beyond_accessibility	0.10658646	0.6431632	-0.015407562	0.38231087
chr18	55510168	3.871201	2.0376184	1.8335826	acetylated_beyond_accessibility	0.6100383	0.020097733	0.1528368	0.0789969
chr17	8850510	4.553877	2.7201514	1.8337255	acetylated_beyond_accessibility	-0.57900286	-0.09330559	-0.17936778	-0.24477506
chr7	157376038	3.3322046	1.4983318	1.8338728	acetylated_beyond_accessibility	0.9100101	0.13586545	0.015493989	0.12404442
chr18	11003005	4.2904596	2.4563308	1.8341289	acetylated_beyond_accessibility	0.14984918	0.060004473	0.2860651	-0.006486416
chr17	69451583	4.0253515	2.190352	1.8349996	acetylated_beyond_accessibility	0.44017076	0.14795113	0.038638353	-0.04496026
chr10	95231113	4.0073333	2.171508	1.8358252	acetylated_beyond_accessibility	0.58286	0.08801055	-0.14206052	0.1547215
chr18	2589536	3.8066626	1.9705794	1.8360832	acetylated_beyond_accessibility	0.10390401	0.23581815	-0.050524473	-0.15005946
chr10	88118959	4.634729	2.7983727	1.8363562	acetylated_beyond_accessibility	-0.9935074	-0.28906775	-0.01173234	-0.058975935
chr17	5211599	4.8520303	3.0147448	1.8372855	acetylated_beyond_accessibility	-0.59064984	0.22921371	-0.07033777	0.1279478
chr10	3469289	3.3322046	1.4946723	1.8375323	acetylated_beyond_accessibility	1.1482444	0.19061923	0.52194023	0.067239165
chr10	26543950	4.804021	2.9655674	1.8384535	acetylated_beyond_accessibility	-0.4731748	0.4688158	-0.014587641	0.88168144
chr17	57524977	4.8441873	3.0056925	1.8384948	acetylated_beyond_accessibility	-0.9766412	-0.14905882	-0.20489836	-0.053702116
chr10	62018749	4.406719	2.5674992	1.83922	acetylated_beyond_accessibility	-0.22829103	0.24222279	0.0107934475	0.028575659
chr18	74408098	3.4011974	1.5610127	1.8401847	acetylated_beyond_accessibility	0.60464025	0.36411834	-0.10801375	-0.055756688
chr10	50542122	4.7957907	2.9551232	1.8406675	acetylated_beyond_accessibility	-0.4742515	0.537935	0.18958235	0.34591174
chr12	50125423	4.1743875	2.3334079	1.8409796	acetylated_beyond_accessibility	0.27872753	0.27328253	-0.025531769	0.017798424
chr17	72020892	4.7095304	2.8674893	1.842041	acetylated_beyond_accessibility	-0.7840123	0.12415314	0.14720821	0.022182941
chr22	42978055	4.465908	2.622746	1.8431621	acetylated_beyond_accessibility	0.07763076	0.1860776	0.37612104	0.5608897
chr12	113262093	3.988984	2.1452875	1.8436966	acetylated_beyond_accessibility	0.20479107	0.24246359	-0.11368203	-0.014846802
chr10	69172612	4.0775375	2.233017	1.8445206	acetylated_beyond_accessibility	-0.4120146	0.23963594	-0.09499478	-0.036963463
chr18	23541073	4.1108737	2.2653272	1.8455465	acetylated_beyond_accessibility	1.0283155	0.27618575	-0.0042951107	0.15725541
chr22	43000598	5.0369525	3.1909037	1.8460488	acetylated_beyond_accessibility	-0.50464153	0.9608598	0.2232511	0.45250654
chr22	43378223	4.1108737	2.2642398	1.8466339	acetylated_beyond_accessibility	0.7669282	0.215096	0.08993173	0.010123014
chr12	9702505	3.713572	1.8631811	1.8503909	acetylated_beyond_accessibility	0.6323931	0.18117118	0.0032030344	0.077147365
chr7	73845977	3.9512436	2.1004012	1.8508425	acetylated_beyond_accessibility	1.5899074	0.18601727	0.08504534	0.17828894
chr6	150310	4.189655	2.338053	1.8516018	acetylated_beyond_accessibility	-0.41193223	-0.6130719	-0.04664421	-0.11919427
chr7	5682288	4.2341065	2.3820086	1.852098	acetylated_beyond_accessibility	-0.06209874	-0.14370036	-0.16196918	-0.26458
chr7	135573729	3.3672957	1.5151521	1.8521436	acetylated_beyond_accessibility	0.69210994	0.021977901	-0.12544191	-0.005082965
chr6	156674453	3.4339871	1.5817444	1.8522427	acetylated_beyond_accessibility	-0.334625	-0.026465178	-0.07495022	0.03630376
chr17	2064543	4.3694477	2.5162063	1.8532414	acetylated_beyond_accessibility	0.0037226677	-0.20329714	-0.11667347	-0.049591064
chr22	33787836	3.7612002	1.9074509	1.8537493	acetylated_beyond_accessibility	0.23594213	0.13504481	0.13007998	-0.004600525
chr22	33896328	5.652489	3.7985554	1.8539338	acetylated_beyond_accessibility	-0.87204623	0.08268356	0.20681	1.2861719
chr10	74675988	4.204693	2.3497047	1.8549881	acetylated_beyond_accessibility	-0.34842777	0.7538643	0.07805395	0.08960271
chr12	122547564	3.1780539	1.3211119	1.8569419	acetylated_beyond_accessibility	1.4392009	0.5347886	0.0688349	0.2839936
chr6	33696739	4.2341065	2.3769546	1.857152	acetylated_beyond_accessibility	1.1190529	0.1208334	0.12881899	-0.037115574
chr21	25491493	4.6151204	2.7572298	1.8578906	acetylated_beyond_accessibility	-0.5631628	0.58476424	0.115358114	0.7488613
chr17	2290290	3.6109178	1.7524419	1.8584759	acetylated_beyond_accessibility	3.1113625e-05	0.7524085	-0.06427121	0.31586194
chr17	44095943	4.356709	2.496863	1.8598461	acetylated_beyond_accessibility	1.255662	0.10325575	0.24456048	0.24009824
chr12	9719148	4.276666	2.4156866	1.8609796	acetylated_beyond_accessibility	-0.17944336	0.16645098	-0.012168646	0.11769152
chr22	35125079	4.919981	3.0542011	1.8657799	acetylated_beyond_accessibility	-0.5038905	0.2135992	0.14962173	0.28512955
chr10	74673076	3.3322046	1.4659373	1.8662673	acetylated_beyond_accessibility	0.7397462	0.24329364	0.19916236	0.08483124
chr22	40107681	3.5553482	1.6890702	1.8662779	acetylated_beyond_accessibility	0.54708457	0.16396332	-0.025900483	-0.08340144
chr7	104180158	3.0445225	1.1770823	1.8674402	acetylated_beyond_accessibility	0.9758017	0.10758591	-0.007679224	0.14121675
chr20	9516776	3.0910425	1.22258	1.8684626	acetylated_beyond_accessibility	2.145136	0.043545008	0.43456173	-0.0067749023
chr8	143039217	3.5553482	1.6867628	1.8685853	acetylated_beyond_accessibility	1.1604571	-0.5858433	-0.6755918	-0.60907376
chr12	130589277	3.0910425	1.2222664	1.8687761	acetylated_beyond_accessibility	0.9527862	0.3237995	0.19765449	0.22067606
chr7	128955202	5.1532917	3.2841618	1.8691299	acetylated_beyond_accessibility	-0.44428372	0.8683336	0.0635438	1.0349529
chr6	89364819	3.8918204	2.018753	1.8730674	acetylated_beyond_accessibility	0.31021714	0.34794807	0.070525646	0.41438246
chr10	3482475	3.7841897	1.9100934	1.8740963	acetylated_beyond_accessibility	-0.2274288	0.047558546	0.06884849	0.14472878
chr20	58417096	2.944439	1.0701511	1.8742878	acetylated_beyond_accessibility	1.4919987	0.1435678	0.31614494	0.009663582
chr17	30831416	4.744932	2.870426	1.8745062	acetylated_beyond_accessibility	1.407388	0.87101054	0.18713498	0.72921443
chr17	76441142	3.583519	1.7077818	1.8757372	acetylated_beyond_accessibility	1.4987044	0.6239042	0.1250931	0.6610522
chr22	33317575	3.2580965	1.3820603	1.8760362	acetylated_beyond_accessibility	1.1317523	-0.00785923	-0.16856885	0.10345304
chr6	113755868	5.123964	3.2470772	1.8768866	acetylated_beyond_accessibility	-0.7361307	0.25190258	0.2441392	0.38477063
chr10	6101455	4.0943446	2.2158942	1.8784504	acetylated_beyond_accessibility	0.56050444	0.5611892	0.097742796	-0.0052275658
chr17	16203502	3.2580965	1.3796009	1.8784956	acetylated_beyond_accessibility	1.8468608	0.0723747	0.107095	0.31258547
chr7	135575414	3.7376697	1.858262	1.8794078	acetylated_beyond_accessibility	0.15315878	0.25190985	-0.103958845	0.03873229
chr22	38374220	3.912023	2.0311563	1.8808668	acetylated_beyond_accessibility	0.22602987	0.0010902882	-0.038837433	0.04580927
chr22	33897183	5.5947113	3.711421	1.8832903	acetylated_beyond_accessibility	-0.055695057	0.16322184	0.31598616	0.37560225
chr12	32265226	4.26268	2.3780255	1.8846545	acetylated_beyond_accessibility	0.32277012	0.37963343	0.05402875	0.28272128
chr21	14677254	4.0430512	2.1578422	1.8852091	acetylated_beyond_accessibility	0.1620214	0.32348204	0.078692675	0.33626127
chr7	75923074	3.8286414	1.9433473	1.8852941	acetylated_beyond_accessibility	1.813073	0.26881897	0.33563006	0.4859563
chr17	75326025	4.2341065	2.3477464	1.8863602	acetylated_beyond_accessibility	1.4628506	0.13671684	0.5052824	0.049672365
chr22	36355489	4.7004805	2.8134458	1.8870347	acetylated_beyond_accessibility	0.55156016	0.026343107	-0.06342983	0.15859723
chr10	13723491	4.553877	2.6634476	1.8904293	acetylated_beyond_accessibility	-0.31966424	0.4514463	0.39783192	0.34316802
chr12	50006071	3.2580965	1.3655251	1.8925713	acetylated_beyond_accessibility	0.9744545	0.51214385	0.3095516	0.43921816
chr8	128095938	4.6051702	2.7122324	1.8929379	acetylated_beyond_accessibility	-0.50403166	0.48214412	0.17687798	0.26912308
chr8	134548384	4.564348	2.6713805	1.8929677	acetylated_beyond_accessibility	-0.17852569	0.47919893	0.08736992	0.07102466
chr10	11710933	4.4426513	2.5490572	1.893594	acetylated_beyond_accessibility	0.16248369	1.2413943	0.34724975	0.9488025
chr22	45246728	4.804021	2.9102027	1.8938181	acetylated_beyond_accessibility	0.76793647	0.26071095	0.5795305	0.7385371
chr17	82776633	3.3322046	1.4377359	1.8944687	acetylated_beyond_accessibility	1.3589305	0.4691553	0.09777856	0.34362257
chr12	66616849	4.1431346	2.2481723	1.8949623	acetylated_beyond_accessibility	0.28173995	0.10948372	0.010922909	-0.016283274
chr17	77235700	4.8121843	2.916172	1.8960123	acetylated_beyond_accessibility	0.19218564	0.6109586	0.13554096	0.099053144
chr12	92488870	4.317488	2.4210873	1.8964009	acetylated_beyond_accessibility	-0.03579855	0.64113903	0.25150943	0.39383984
chr22	50105932	3.6635616	1.7668	1.8967615	acetylated_beyond_accessibility	0.9006165	0.4804834	-0.05051267	-0.09043324
chr17	57486106	4.574711	2.6758695	1.8988414	acetylated_beyond_accessibility	0.0057225227	0.052723408	0.123459816	0.31286526
chr17	57735643	3.988984	2.0883663	1.9006178	acetylated_beyond_accessibility	-0.070530176	0.09760308	0.089371204	0.022375584
chr22	46072712	3.7612002	1.860179	1.9010212	acetylated_beyond_accessibility	1.8319707	-0.8414922	-0.47577286	-0.7598026
chr6	166168669	3.8066626	1.9054854	1.9011772	acetylated_beyond_accessibility	2.6008084	-0.4698633	0.14736223	-0.4600098
chr8	65800688	4.2341065	2.3327806	1.901326	acetylated_beyond_accessibility	0.69854045	0.5874772	0.14376426	0.35404468
chr10	101939360	3.3672957	1.4653454	1.9019504	acetylated_beyond_accessibility	0.9361994	0.4685365	0.2648909	0.23608267
chr17	57526543	4.744932	2.8425636	1.9023685	acetylated_beyond_accessibility	-0.23770308	0.31143188	-0.022574186	-0.0017900467
chr7	102122210	4.882802	2.9796603	1.9031417	acetylated_beyond_accessibility	0.029761553	1.3180816	0.55886245	1.5961282
chr6	160775855	3.295837	1.3922536	1.9035833	acetylated_beyond_accessibility	0.9470031	0.043368578	-0.052913904	0.0071976185
chr20	41078501	3.7376697	1.833461	1.9042087	acetylated_beyond_accessibility	0.58914614	-0.029563904	0.013253808	-0.03565967
chr12	130627404	2.5649493	0.6598493	1.9051	acetylated_beyond_accessibility	1.6159788	0.86235917	0.70541954	0.82375777
chr10	61937809	4.276666	2.3714197	1.9052465	acetylated_beyond_accessibility	0.037013292	0.53878474	0.06266904	0.39129996
chr10	31709213	4.356709	2.450658	1.9060509	acetylated_beyond_accessibility	-0.49700332	0.1781683	0.09935355	0.15686822
chr12	123083932	4.8751974	2.9685073	1.9066901	acetylated_beyond_accessibility	-0.87303185	-0.14546347	-0.30727768	-0.023631096
chr6	27738496	4.454347	2.5452218	1.9091253	acetylated_beyond_accessibility	1.0082614	0.0839746	-0.14511156	0.2521577
chr8	27370772	4.8751974	2.9642878	1.9109097	acetylated_beyond_accessibility	-0.08952546	0.46964335	-0.0077638626	0.27382565
chr21	43949688	3.7841897	1.8722851	1.9119046	acetylated_beyond_accessibility	0.80802584	0.109559536	0.06549919	0.196702
chr12	66625036	4.4886365	2.5751896	1.9134469	acetylated_beyond_accessibility	-0.9789748	0.47887135	0.013096094	0.79681516
chr18	79275615	4.6728287	2.757871	1.9149578	acetylated_beyond_accessibility	0.20094419	0.056329012	0.3561306	0.2278719
chr20	17783890	3.637586	1.721859	1.9157271	acetylated_beyond_accessibility	1.1031828	0.27457452	-0.019527793	0.018350363
chr22	40764931	4.317488	2.4009597	1.9165285	acetylated_beyond_accessibility	0.21270132	-0.02967	0.055453062	0.30121636
chr21	35236288	3.1354942	1.2171229	1.9183713	acetylated_beyond_accessibility	0.95756257	0.010389686	-0.14191389	0.03250158
chr10	50325563	3.8918204	1.9727829	1.9190376	acetylated_beyond_accessibility	0.22882581	0.7588918	0.25546098	0.67126966
chr6	5619472	3.5553482	1.6354121	1.9199361	acetylated_beyond_accessibility	0.9332169	0.07102287	0.33712304	0.23403645
chr18	48923186	4.158883	2.238439	1.920444	acetylated_beyond_accessibility	0.0969398	-0.4432385	-0.4715004	-0.5244341
chr6	38308998	3.9702919	2.04932	1.9209719	acetylated_beyond_accessibility	0.03272605	-0.26402402	-0.14072096	0.023766994
chr6	110866742	4.5325994	2.6098664	1.9227331	acetylated_beyond_accessibility	0.20395827	0.88335276	0.05231309	1.063436
chr12	49663314	5.9939613	4.070482	1.9234796	acetylated_beyond_accessibility	-1.0184927	0.56173325	0.21256256	0.44180822
chr12	11876758	3.713572	1.7897676	1.9238044	acetylated_beyond_accessibility	0.5968517	0.47143567	0.111528635	0.32194912
chr6	52186516	3.637586	1.7134705	1.9241157	acetylated_beyond_accessibility	0.66235185	0.19276309	0.07442343	0.12933064
chr6	150987583	3.7841897	1.8563261	1.9278636	acetylated_beyond_accessibility	1.8357799	0.38479614	0.49587965	0.43534374
chr8	9138505	3.988984	2.0607476	1.9282365	acetylated_beyond_accessibility	1.3203101	0.20501304	0.0143351555	0.09676385
chr6	33183532	3.5553482	1.6266294	1.9287188	acetylated_beyond_accessibility	3.6082225	0.9336703	1.4298725	0.63211393
chr10	84171834	5.463832	3.5343976	1.9294343	acetylated_beyond_accessibility	-0.88007665	1.7922559	0.38963985	0.41749287
chr18	2605863	4.0073333	2.077511	1.9298222	acetylated_beyond_accessibility	0.27768373	0.62875676	0.08838582	0.35889482
chr7	20271049	4.406719	2.4766731	1.9300461	acetylated_beyond_accessibility	0.27590752	0.44702864	-0.07978797	0.098260164
chr20	37298382	4.406719	2.4754796	1.9312396	acetylated_beyond_accessibility	0.06272316	1.291528	-0.110694885	0.33004165
chr22	26786130	3.6109178	1.677257	1.9336609	acetylated_beyond_accessibility	1.4624408	0.45931733	0.4337331	0.4745704
chr6	35394106	3.9318256	1.9974349	1.9343908	acetylated_beyond_accessibility	1.0414746	0.64864516	0.45763445	0.54878116
chr17	20060050	4.248495	2.3139706	1.9345245	acetylated_beyond_accessibility	0.65985894	0.9856591	0.4479561	0.47893834
chr7	150648329	4.406719	2.4719675	1.9347517	acetylated_beyond_accessibility	-0.25156283	-0.33672738	-0.1970377	-0.05959201
chr10	72107542	3.3672957	1.4314945	1.9358013	acetylated_beyond_accessibility	1.224894	0.02431345	-0.07848942	-0.034248114
chr20	40942175	3.8918204	1.9558964	1.935924	acetylated_beyond_accessibility	0.852844	0.22095108	0.16626334	0.14225674
chr21	43362226	4.787492	2.8507051	1.9367867	acetylated_beyond_accessibility	0.7546172	-0.73644996	-0.22307158	-0.53830075
chr20	38542403	3.1354942	1.1968505	1.9386437	acetylated_beyond_accessibility	1.5021853	0.25079727	0.16790009	0.11120343
chr8	60967539	3.7612002	1.822211	1.9389892	acetylated_beyond_accessibility	0.8335664	-0.19271588	-0.28767633	-0.09055245
chr10	91246128	3.9318256	1.9913437	1.9404819	acetylated_beyond_accessibility	0.4626925	0.51499104	0.2094338	0.3345158
chr17	59027907	3.988984	2.047422	1.9415622	acetylated_beyond_accessibility	1.5514903	0.26964068	0.28568602	0.2814386
chr8	54011379	4.574711	2.632998	1.9417129	acetylated_beyond_accessibility	0.141639	-0.13417888	-0.0042603016	0.17918777
chr12	31407770	4.0430512	2.100947	1.9421043	acetylated_beyond_accessibility	0.37687874	0.54881525	0.09941864	0.26266074
chr21	34544127	4.465908	2.5227008	1.9432073	acetylated_beyond_accessibility	-0.10285735	0.13573861	0.06800985	0.015868902
chr8	53903543	4.3694477	2.4245522	1.9448955	acetylated_beyond_accessibility	0.29881907	0.13487792	0.08678055	0.21457505
chr12	31498439	3.3322046	1.3865569	1.9456477	acetylated_beyond_accessibility	0.91652894	0.12568426	0.06258178	0.17672014
chr17	78695371	5.739793	3.7931151	1.9466777	acetylated_beyond_accessibility	-1.1076896	1.1076388	0.16584563	1.0079536
chr12	65209836	4.3820267	2.434848	1.9471786	acetylated_beyond_accessibility	-0.65277195	0.7887981	-0.0032243729	0.36811352
chr10	88062625	5.786897	3.8380332	1.948864	acetylated_beyond_accessibility	-0.329257	0.85366964	0.32499027	0.90560675
chr6	160742263	4.454347	2.5051234	1.9492238	acetylated_beyond_accessibility	-0.69682455	0.2671051	-0.0031883717	0.047310114
chr22	40094708	3.637586	1.6875219	1.9500642	acetylated_beyond_accessibility	0.4096315	0.41948247	-0.12755013	-0.108596444
chr22	33785500	3.7376697	1.787486	1.9501837	acetylated_beyond_accessibility	-0.04398501	0.5206071	0.16238606	0.21081197
chr6	89321846	4.0253515	2.0715659	1.9537857	acetylated_beyond_accessibility	1.121799	0.37984943	0.2869382	0.43059444
chr17	44416832	4.189655	2.234672	1.9549828	acetylated_beyond_accessibility	0.37287998	0.49151802	0.098979	0.070086956
chr18	50832825	4.356709	2.4016778	1.9550312	acetylated_beyond_accessibility	-0.07600355	0.26951194	0.0019938946	0.36423063
chr18	63348637	3.4965076	1.5408015	1.9557061	acetylated_beyond_accessibility	0.28626835	0.011422396	-0.30884528	-0.15135229
chr6	129606156	4.9272537	2.9709342	1.9563196	acetylated_beyond_accessibility	0.37771773	0.76669335	0.11642289	0.444587
chr7	149325	4.7095304	2.750811	1.9587193	acetylated_beyond_accessibility	3.6070375	-0.29824352	1.1651375	0.09599662
chr18	26358180	3.7841897	1.8216393	1.9625504	acetylated_beyond_accessibility	0.35373855	0.06891	-0.16608226	-0.10871112
chr8	27330977	4.317488	2.35385	1.9636383	acetylated_beyond_accessibility	0.12469578	0.32314253	0.08024502	-0.065398216
chr7	88042304	4.060443	2.0964115	1.9640315	acetylated_beyond_accessibility	-0.2453047	0.85571456	-0.015018463	0.016203403
chr20	38543773	3.218876	1.2537167	1.9651592	acetylated_beyond_accessibility	1.0404727	0.35434294	0.21337771	0.19722247
chr10	13706000	5.1119876	3.1423364	1.9696512	acetylated_beyond_accessibility	-0.5248313	-0.24265003	-0.23499489	-0.45127583
chr20	19260780	3.6888795	1.7181728	1.9707067	acetylated_beyond_accessibility	1.2127938	0.16102386	0.30988622	0.1763444
chr7	98994258	3.7612002	1.7900256	1.9711746	acetylated_beyond_accessibility	1.0943674	0.05214393	-0.19883323	0.025594711
chr10	124749204	4.2341065	2.2628	1.9713066	acetylated_beyond_accessibility	0.007241726	0.73525	-0.063097715	0.15812278
chr20	37776028	3.218876	1.242481	1.9763949	acetylated_beyond_accessibility	1.1373091	0.050813198	0.073423624	-0.0043076277
chr17	39800721	4.624973	2.6462078	1.978765	acetylated_beyond_accessibility	-0.28258252	0.94608164	0.16989326	0.3379357
chr12	49661354	4.4308167	2.4498923	1.9809244	acetylated_beyond_accessibility	0.7083399	0.7919605	0.24820662	1.1217935
chr10	123501255	3.5553482	1.5722282	1.98312	acetylated_beyond_accessibility	-0.005675912	-0.08377659	-0.22617197	-0.09483194
chr7	137933179	3.988984	2.004468	1.9845161	acetylated_beyond_accessibility	1.1183159	0.3763275	0.17983818	0.36072397
chr12	9733256	5.587249	3.6019034	1.9853454	acetylated_beyond_accessibility	-1.1121521	0.6639843	0.041429758	0.48343754
chr21	42393351	5.613128	3.6275077	1.9856205	acetylated_beyond_accessibility	-0.68269396	1.3824153	-0.006980419	0.7739949
chr10	98479036	3.583519	1.5967242	1.9867948	acetylated_beyond_accessibility	0.7975935	0.1626736	0.14087033	0.15886724
chr22	40651996	4.4998097	2.510638	1.9891717	acetylated_beyond_accessibility	1.804846	0.059663057	-0.0057353973	-0.121901274
chr12	118274239	3.295837	1.3036401	1.9921968	acetylated_beyond_accessibility	1.4499669	1.1871922	-0.1116246	0.2172004
chr7	139700689	3.9512436	1.9572251	1.9940186	acetylated_beyond_accessibility	0.6629319	0.19114137	0.15882778	0.20790124
chr17	34991271	3.4011974	1.4064467	1.9947507	acetylated_beyond_accessibility	1.0964265	0.22834074	-0.013777614	0.25764012
chr6	37547822	4.8121843	2.8172314	1.9949529	acetylated_beyond_accessibility	-0.1524384	-0.025354385	-0.104025364	-0.052820206
chr18	50321117	4.624973	2.6283026	1.9966702	acetylated_beyond_accessibility	-0.5423572	0.6666541	-0.05535674	0.45183086
chr6	166173562	4.1743875	2.1770284	1.997359	acetylated_beyond_accessibility	0.6962757	-0.2965796	-0.11669636	0.05150938
chr10	95821912	4.4426513	2.4420972	2.000554	acetylated_beyond_accessibility	-0.33444428	0.27243352	0.13469863	-0.035387516
chr20	47585612	4.317488	2.310436	2.0070522	acetylated_beyond_accessibility	0.4284935	0.026122093	-0.11204529	0.15290189
chr17	57448827	3.6888795	1.681102	2.0077775	acetylated_beyond_accessibility	0.9182925	0.49756718	0.35463357	0.57594657
chr7	150671099	4.65396	2.645132	2.0088282	acetylated_beyond_accessibility	-0.34088898	0.14139223	0.1168704	0.32053232
chr17	29713823	4.762174	2.7531433	2.0090308	acetylated_beyond_accessibility	0.5649588	0.6057701	0.22566581	0.55374956
chr17	2245062	4.5325994	2.5233665	2.009233	acetylated_beyond_accessibility	0.13410807	0.16426897	-0.2123909	0.32042694
chr22	37300623	3.6109178	1.6007721	2.0101457	acetylated_beyond_accessibility	1.4642789	-0.07606876	-0.29120803	-0.19162822
chr17	611470	3.6635616	1.6526332	2.0109284	acetylated_beyond_accessibility	0.7586911	0.48028612	0.24812365	0.25317693
chr22	26535045	4.454347	2.43946	2.014887	acetylated_beyond_accessibility	0.16093802	0.16506982	0.03279853	0.2648511
chr17	59124886	3.6109178	1.594321	2.0165968	acetylated_beyond_accessibility	0.7124815	0.5023072	-0.14081573	0.2035414
chr6	38307915	5.420535	3.398043	2.0224922	acetylated_beyond_accessibility	-0.88854647	-0.22486115	0.15212703	0.33616662
chr20	48873033	4.5108595	2.4883275	2.022532	acetylated_beyond_accessibility	0.5146117	1.060009	0.41356874	0.8498256
chr6	11467515	5.278115	3.2547228	2.023392	acetylated_beyond_accessibility	-1.2155437	0.055145502	-0.018459558	0.024597406
chr12	12572915	4.4308167	2.4070144	2.0238023	acetylated_beyond_accessibility	0.0013148785	0.4710288	-0.10073376	0.3515427
chr6	38483698	4.0775375	2.0527337	2.0248039	acetylated_beyond_accessibility	1.5065987	0.46729207	0.36860156	0.5236161
chr22	22907824	4.2195077	2.1939902	2.0255175	acetylated_beyond_accessibility	0.5561254	0.26391268	0.27933192	0.36933446
chr20	20681088	4.4886365	2.461994	2.0266426	acetylated_beyond_accessibility	1.4271462	0.43754458	0.9377439	0.6400869
chr8	102456839	5.043425	3.0160334	2.0273917	acetylated_beyond_accessibility	-0.5464096	-0.07668495	0.08942127	0.23336124
chr17	38883789	4.276666	2.2483644	2.0283017	acetylated_beyond_accessibility	0.78610635	0.022694588	-0.19453263	-0.17296076
chr20	15334228	3.4011974	1.3718343	2.0293632	acetylated_beyond_accessibility	0.3297881	0.19500446	0.105047226	0.059423447
chr20	53660520	5.908083	3.878405	2.0296779	acetylated_beyond_accessibility	-0.47349906	0.3708949	-0.12223029	0.42179108
chr17	12816065	4.983607	2.9524136	2.0311933	acetylated_beyond_accessibility	0.5614369	0.8416767	0.25633574	0.63313675
chr8	38946339	3.6888795	1.656835	2.0320444	acetylated_beyond_accessibility	1.5157436	0.6454519	0.49880278	0.3725387
chr17	2195875	4.189655	2.1572843	2.0323706	acetylated_beyond_accessibility	1.2876914	0.34802723	0.23341513	0.40275645
chr10	5971428	4.59512	2.5623782	2.0327418	acetylated_beyond_accessibility	0.532393	1.062052	0.48192835	0.46221113
chr8	101701517	4.828314	2.7948694	2.0334444	acetylated_beyond_accessibility	-0.38260078	0.089910746	-0.15072846	0.13453746
chr12	110455971	4.356709	2.3199592	2.0367498	acetylated_beyond_accessibility	0.04676795	0.20668316	-0.00021100044	0.2702179
chr17	57552379	4.962845	2.9253955	2.0374494	acetylated_beyond_accessibility	-0.30385995	0.3275113	-0.10100508	0.011480808
chr6	166488250	4.5108595	2.4719896	2.0388699	acetylated_beyond_accessibility	1.2137816	0.90635705	0.28979015	1.1287789
chr20	15332859	4.7184987	2.678614	2.0398848	acetylated_beyond_accessibility	-0.4900911	0.25237393	0.059847116	0.09772062
chr6	42781515	5.2832036	3.2425406	2.040663	acetylated_beyond_accessibility	-0.37462616	-0.37619495	-0.5214226	-0.119879246
chr10	11674104	4.2904596	2.2491927	2.041267	acetylated_beyond_accessibility	0.34957457	0.07262945	0.14526105	0.14862919
chr17	80774841	4.564348	2.5224123	2.041936	acetylated_beyond_accessibility	0.9823003	-0.3460753	-0.24590182	-0.16673684
chr22	33853792	5.0689044	3.0264752	2.0424292	acetylated_beyond_accessibility	-0.812078	0.44012475	-0.0006427765	0.01193881
chr20	34747790	4.5217886	2.4754868	2.0463018	acetylated_beyond_accessibility	-0.37219834	-0.028270006	-0.028020859	0.11043954
chr8	53910509	3.713572	1.6668653	2.0467067	acetylated_beyond_accessibility	1.0256836	0.064810276	0.067171335	0.18438053
chr17	2218620	4.3307333	2.2840014	2.046732	acetylated_beyond_accessibility	0.5368855	0.6195946	0.042753696	0.19503713
chr17	14428428	3.0910425	1.042124	2.0489185	acetylated_beyond_accessibility	1.8336399	0.3455534	0.12966824	0.3155632
chr10	15831625	4.0430512	1.9902327	2.0528185	acetylated_beyond_accessibility	1.3031211	0.12888503	0.07737541	-0.02271688
chr12	14281126	4.406719	2.3531199	2.0535994	acetylated_beyond_accessibility	0.21090007	0.19630194	0.2173214	0.19687605
chr6	33062170	3.988984	1.9349632	2.054021	acetylated_beyond_accessibility	0.86878514	1.2919903	0.28945065	1.5400677
chr6	2231143	4.6728287	2.6163979	2.0564308	acetylated_beyond_accessibility	-0.0915153	0.97963405	0.04306841	0.12391758
chr17	30939209	4.317488	2.2597444	2.0577438	acetylated_beyond_accessibility	0.24876547	0.04164672	-0.094411135	0.1419611
chr10	13704382	5.1059456	3.0478866	2.058059	acetylated_beyond_accessibility	-0.056263685	0.26365662	-0.044359207	0.057092667
chr12	9615715	3.5263605	1.4664674	2.0598931	acetylated_beyond_accessibility	0.327698	0.6677613	-0.023937106	0.05695498
chr10	95745780	3.713572	1.6530302	2.0605419	acetylated_beyond_accessibility	1.2895286	0.25749326	0.3482828	0.23562825
chr12	122400667	3.8918204	1.8312705	2.06055	acetylated_beyond_accessibility	2.7839706	0.41681576	0.9626813	0.51487374
chr6	6656213	4.317488	2.2535725	2.0639157	acetylated_beyond_accessibility	0.55452704	0.14447784	0.17342877	0.31579494
chr12	31479949	4.0775375	2.0134656	2.064072	acetylated_beyond_accessibility	0.37685776	0.0070466995	-0.072188616	0.13459182
chr12	95202982	4.060443	1.9956017	2.0648413	acetylated_beyond_accessibility	0.88462186	0.56234074	0.038864136	0.22584248
chr7	150716349	4.477337	2.4105952	2.0667417	acetylated_beyond_accessibility	0.20850205	-0.13506055	0.16811585	0.121222734
chr8	8362926	4.4308167	2.3638425	2.0669742	acetylated_beyond_accessibility	0.43766475	0.34951735	0.15143466	0.18462706
chr22	33269408	3.8501477	1.7781079	2.0720398	acetylated_beyond_accessibility	0.7132981	0.51108146	-0.0995301	0.31089592
chr17	77182359	4.4426513	2.3687246	2.0739267	acetylated_beyond_accessibility	1.0107076	0.39856744	0.2746334	0.5057459
chr17	16954560	3.8501477	1.7750418	2.075106	acetylated_beyond_accessibility	0.9666183	0.46786284	0.63497996	0.3594184
chr6	150888397	4.2195077	2.1440992	2.0754085	acetylated_beyond_accessibility	0.2752564	0.45372176	0.08034444	0.5765593
chr6	16439242	4.564348	2.4886017	2.0757465	acetylated_beyond_accessibility	0.7936597	1.2821412	0.48451042	0.62666345
chr8	53893612	4.406719	2.329178	2.077541	acetylated_beyond_accessibility	0.33832622	0.16367984	-0.009602785	0.117328405
chr18	23994560	4.406719	2.3289583	2.077761	acetylated_beyond_accessibility	-0.5008216	-0.37960982	-0.1377027	0.0595479
chr6	11847730	4.204693	2.1251073	2.0795856	acetylated_beyond_accessibility	0.3101461	-0.088060856	0.23749709	0.09035492
chr7	137917115	4.9904327	2.9107447	2.079688	acetylated_beyond_accessibility	0.13593149	0.52472353	0.054421425	0.20881224
chr22	24242912	3.871201	1.7902191	2.080982	acetylated_beyond_accessibility	0.35924459	0.14357889	-0.2364918	-0.28842235
chr17	16955803	3.5263605	1.445231	2.0811296	acetylated_beyond_accessibility	1.2951958	0.57516384	0.2192316	0.48783767
chr8	41547901	3.6635616	1.5807346	2.082827	acetylated_beyond_accessibility	0.9134301	0.38035572	0.008663893	0.03069985
chr22	30302801	4.1108737	2.0275416	2.083332	acetylated_beyond_accessibility	0.8236387	0.05429411	0.25034428	-0.014444113
chr6	170345911	3.637586	1.5541018	2.0834842	acetylated_beyond_accessibility	0.6687306	0.12110245	-0.032140613	0.113170624
chr20	46555667	3.9318256	1.8479308	2.0838947	acetylated_beyond_accessibility	0.5542203	-0.09666169	-0.11400628	-0.15095234
chr6	137124570	3.912023	1.8272724	2.0847507	acetylated_beyond_accessibility	0.45073175	-0.049143553	0.033628106	0.07527983
chr22	45772827	5.09375	3.0076127	2.0861373	acetylated_beyond_accessibility	-1.3515087	0.3321576	0.0119075775	0.38521624
chr22	45136852	3.8066626	1.717258	2.0894046	acetylated_beyond_accessibility	-0.3035879	0.34647083	-0.07221651	-0.02254057
chr10	73717769	4.1743875	2.0824528	2.0919347	acetylated_beyond_accessibility	0.2733817	1.0775471	0.0026972294	0.5578091
chr12	9719973	4.406719	2.3140063	2.0927129	acetylated_beyond_accessibility	0.46203613	0.21974325	0.32271194	0.37353182
chr7	65798729	5.043425	2.9501123	2.0933127	acetylated_beyond_accessibility	-0.57664824	0.5642071	0.29870367	0.5509274
chr12	9706450	3.4339871	1.3368862	2.097101	acetylated_beyond_accessibility	0.7015619	0.46307862	0.16212308	0.27408254
chr6	31186049	5.0369525	2.9393785	2.097574	acetylated_beyond_accessibility	0.5781951	-0.048408747	0.13031507	0.1577599
chr12	11774091	4.8121843	2.714364	2.0978203	acetylated_beyond_accessibility	0.095971584	-0.056531906	-0.017565012	0.0754416
chr17	63752034	3.8918204	1.7924075	2.099413	acetylated_beyond_accessibility	2.0393937	0.31017065	0.18899512	0.2762468
chr6	34651387	4.3307333	2.231089	2.0996442	acetylated_beyond_accessibility	0.59969735	0.024691343	-0.13405132	0.12773585
chr6	35669584	5.0369525	2.9325986	2.104354	acetylated_beyond_accessibility	-0.81849146	0.92948127	-0.008838654	0.34238863
chr17	2064035	4.2341065	2.1282592	2.1058474	acetylated_beyond_accessibility	0.93343806	0.16445255	0.119904995	0.009656906
chr17	47162103	3.4965076	1.3861102	2.1103973	acetylated_beyond_accessibility	1.0119165	0.3478366	0.114408016	0.114617944
chr10	61941568	5.0172796	2.9050648	2.1122148	acetylated_beyond_accessibility	1.0582125	0.9649627	0.16945195	0.4340334
chr7	149074407	3.465736	1.3529563	2.1127796	acetylated_beyond_accessibility	0.7877865	0.23751593	0.025352001	0.18441796
chr10	106958106	3.8918204	1.7780466	2.1137738	acetylated_beyond_accessibility	1.155891	0.12419784	0.18058419	0.183766
chr6	159462164	3.4965076	1.3826581	2.1138496	acetylated_beyond_accessibility	0.82971394	-0.08985293	0.049886584	-0.25065315
chr17	1873535	2.8332133	0.71889913	2.114314	acetylated_beyond_accessibility	1.7229449	0.18962139	-0.025597632	0.14751863
chr12	124006671	4.5217886	2.4063659	2.1154227	acetylated_beyond_accessibility	0.16491294	-0.1238606	-0.0026221275	-0.035949707
chr10	26474953	4.1431346	2.0272133	2.1159213	acetylated_beyond_accessibility	0.42521977	-0.097536564	-0.09180665	-0.12059319
chr12	11905709	3.7376697	1.6213396	2.1163301	acetylated_beyond_accessibility	0.8634701	0.35657322	-0.00048446655	0.010285854
chr17	41976709	4.983607	2.8666315	2.1169753	acetylated_beyond_accessibility	-0.006417036	0.34149504	-0.25276875	0.070461035
chr12	127083528	4.3694477	2.2505314	2.1189163	acetylated_beyond_accessibility	1.8271925	1.4462092	0.6352439	1.0412409
chr7	6143903	3.7841897	1.6631621	2.1210275	acetylated_beyond_accessibility	1.2069851	0.431584	0.14427483	0.23973012
chr12	8123678	3.871201	1.7497201	2.121481	acetylated_beyond_accessibility	0.6457565	0.42880344	0.10460782	0.15935695
chr17	44417738	4.1271343	2.0054638	2.1216705	acetylated_beyond_accessibility	0.8065486	1.4623497	0.57264924	0.6907959
chr17	80765313	3.6635616	1.5410665	2.1224952	acetylated_beyond_accessibility	1.2300106	0.21104813	0.19696093	0.3686241
chr6	170088120	4.1271343	2.003503	2.1236312	acetylated_beyond_accessibility	1.36867	-0.50450134	-0.5498134	-0.91969573
chr20	9515817	3.3322046	1.2059646	2.12624	acetylated_beyond_accessibility	1.6625898	-0.2039169	-0.2131837	-0.24058652
chr18	76928773	3.8918204	1.7626002	2.1292202	acetylated_beyond_accessibility	1.2691336	0.3469069	0.3694737	0.25107503
chr10	71909441	4.5849676	2.4553304	2.1296372	acetylated_beyond_accessibility	0.97600055	0.11010456	0.38163853	0.23404837
chr18	12315660	4.4426513	2.3126953	2.129956	acetylated_beyond_accessibility	0.3792026	-0.03515935	0.02820301	-0.06983733
chr22	42892842	4.762174	2.6306324	2.1315417	acetylated_beyond_accessibility	1.6181312	0.48530006	0.60941887	0.4713025
chr20	32064958	4.9904327	2.855351	2.1350818	acetylated_beyond_accessibility	-0.479841	-0.2891152	-0.052568674	-0.18458128
chr12	97452454	4.4886365	2.3529387	2.1356978	acetylated_beyond_accessibility	-0.7010211	0.32336903	0.15566564	0.43032885
chr12	7747399	3.1780539	1.042061	2.135993	acetylated_beyond_accessibility	1.206241	0.087503314	-0.3532244	-0.07198882
chr20	25354894	4.0430512	1.9058053	2.137246	acetylated_beyond_accessibility	0.702333	0.07122588	-0.023877144	0.034558892
chr22	26535695	4.4886365	2.350339	2.1382976	acetylated_beyond_accessibility	0.5728822	0.26059675	0.038849115	0.27367592
chr8	8362349	4.1271343	1.9883554	2.138779	acetylated_beyond_accessibility	0.9136112	0.39591217	0.23713517	0.2489152
chr17	12878544	3.5553482	1.4159935	2.1393547	acetylated_beyond_accessibility	1.7754514	0.35697317	0.26807594	0.36064398
chr20	44490075	5.075174	2.9355025	2.1396713	acetylated_beyond_accessibility	-0.4776299	0.27698088	0.12367344	0.7426312
chr10	90947186	4.204693	2.059558	2.145135	acetylated_beyond_accessibility	0.79798603	0.52599335	0.08890724	0.29966927
chr10	13705219	4.905275	2.7578948	2.14738	acetylated_beyond_accessibility	-0.32330108	0.11105752	-0.18440771	-0.2432332
chr22	45770136	4.356709	2.2083757	2.1483333	acetylated_beyond_accessibility	0.053498507	-0.14238334	-0.004788637	-0.08169937
chr18	58716239	4.189655	2.0413141	2.1483407	acetylated_beyond_accessibility	-0.00045919418	0.15209031	0.02585721	0.031105995
chr18	77106513	4.1271343	1.9785128	2.1486216	acetylated_beyond_accessibility	1.1114604	0.33436632	-0.033945084	-0.005619049
chr12	9730973	5.5451775	3.395113	2.1500645	acetylated_beyond_accessibility	-1.1849389	-0.35782433	0.01495719	0.0001449585
chr20	38543257	3.4339871	1.2831738	2.1508133	acetylated_beyond_accessibility	1.1836767	0.27720284	0.018799543	0.12587774
chr20	34754301	4.204693	2.0504274	2.1542654	acetylated_beyond_accessibility	0.65499973	-0.09970856	0.15621328	0.26786017
chr6	35602477	4.0073333	1.8526547	2.1546786	acetylated_beyond_accessibility	1.2601771	0.20167899	0.34143567	0.2412157
chr20	45842449	4.75359	2.594711	2.158879	acetylated_beyond_accessibility	-0.09528661	0.2504928	-0.012038946	0.119044304
chr10	95310376	4.787492	2.6285887	2.1589031	acetylated_beyond_accessibility	0.31374478	0.6111336	0.13026166	0.41472483
chr6	1013898	4.248495	2.0893652	2.1591299	acetylated_beyond_accessibility	0.8007562	0.13796926	0.07798481	0.051799297
chr12	11855361	4.0943446	1.9347624	2.1595821	acetylated_beyond_accessibility	0.2869159	0.17397416	0.0598377	-0.015929103
chr8	1501608	3.2580965	1.0981271	2.1599693	acetylated_beyond_accessibility	1.5239604	0.3419093	0.12545013	0.15589154
chr22	35137193	3.912023	1.749444	2.162579	acetylated_beyond_accessibility	0.945189	0.20209956	0.08070433	0.21100795
chr10	86391751	5.3565865	3.1937926	2.1627939	acetylated_beyond_accessibility	-0.26638484	0.49142194	-0.025579214	-0.17549276
chr22	42047358	4.574711	2.4095168	2.165194	acetylated_beyond_accessibility	0.6860373	1.1186013	0.17777514	0.5963528
chr17	2254167	5.7170277	3.5516448	2.1653829	acetylated_beyond_accessibility	-0.9649906	0.8373723	0.22582746	0.5369415
chr10	123507492	4.248495	2.0830097	2.1654854	acetylated_beyond_accessibility	0.04384041	0.24834871	0.36132932	0.29721498
chr7	150737473	5.1532917	2.9846315	2.1686602	acetylated_beyond_accessibility	0.2878046	-0.24532223	0.17017484	-0.13048124
chr6	160789540	4.0943446	1.9244723	2.1698723	acetylated_beyond_accessibility	-0.7757282	-0.87983227	-0.86343896	-0.47508407
chr6	170347384	4.204693	2.0327392	2.1719537	acetylated_beyond_accessibility	0.30965972	-0.06264043	0.03502512	0.09361315
chr6	6616725	3.7612002	1.5886106	2.1725895	acetylated_beyond_accessibility	1.1823893	0.41708612	0.21493614	0.4025488
chr12	92416890	4.4308167	2.2543306	2.176486	acetylated_beyond_accessibility	0.47160482	0.47950268	0.54921937	0.5872531
chr6	6657626	4.3307333	2.154059	2.1766744	acetylated_beyond_accessibility	0.49906754	0.5313332	0.40127182	0.59758306
chr20	37071720	3.8501477	1.6728864	2.1772614	acetylated_beyond_accessibility	1.5142593	0.24783587	0.37650132	0.35875273
chr8	53906793	4.836282	2.6571522	2.1791296	acetylated_beyond_accessibility	0.19777656	0.5829992	0.19667578	0.43598366
chr12	66623799	3.8066626	1.6254802	2.1811824	acetylated_beyond_accessibility	1.19351	0.61016846	0.15953684	0.2774552
chr8	6777945	4.2341065	2.0513213	2.1827853	acetylated_beyond_accessibility	0.6488633	0.26154566	0.03700185	0.06100607
chr10	68684624	3.8286414	1.6454105	2.1832309	acetylated_beyond_accessibility	0.5245795	-0.12902021	-0.1111002	-0.14434862
chr6	155352754	5.4510384	3.2665854	2.184453	acetylated_beyond_accessibility	0.119167805	0.5202167	0.2823465	0.015609741
chr10	97423102	4.553877	2.3691614	2.1847155	acetylated_beyond_accessibility	-0.06793213	0.45541716	0.3156643	0.29532552
chr17	72023337	4.189655	2.0034473	2.1862075	acetylated_beyond_accessibility	0.1912179	0.350106	0.0691247	0.13825774
chr7	98996431	4.744932	2.5563507	2.1885815	acetylated_beyond_accessibility	-0.9128586	-0.061240673	-0.18661022	-0.028605223
chr8	1482184	3.1780539	0.9874557	2.190598	acetylated_beyond_accessibility	2.4013577	0.0012329221	-0.12620246	0.028683782
chr12	50520514	5.0106354	2.8112602	2.1993752	acetylated_beyond_accessibility	-0.5773015	0.36416292	-0.20590854	-0.09539056
chr22	50361378	3.465736	1.2659111	2.1998248	acetylated_beyond_accessibility	1.8213308	0.44877064	0.32910836	0.31823456
chr12	115483200	3.4965076	1.2936486	2.202859	acetylated_beyond_accessibility	0.30954826	0.20476484	0.093256	0.09788239
chr8	54012186	4.624973	2.4219081	2.2030647	acetylated_beyond_accessibility	0.32301497	-0.11675644	-0.04298091	-0.060096025
chr17	75487646	5.049856	2.8437943	2.2060618	acetylated_beyond_accessibility	0.20376015	0.045669556	0.39620662	0.44034052
chr12	9729991	5.117994	2.8995497	2.218444	acetylated_beyond_accessibility	-1.1745619	-0.0066916943	0.046918392	0.24415278
chr6	87904215	4.8598123	2.6285095	2.2313027	acetylated_beyond_accessibility	0.19554567	0.29710054	0.045333147	0.31008196
chr12	120156875	3.8918204	1.6601405	2.23168	acetylated_beyond_accessibility	1.4895172	0.23248959	-0.076988816	0.2813866
chr6	6651493	4.1431346	1.9098337	2.233301	acetylated_beyond_accessibility	0.40189576	-0.05117297	-0.13765371	-0.12886977
chr7	4748389	3.7376697	1.5009592	2.2367105	acetylated_beyond_accessibility	2.0393918	0.15401506	0.04074025	-0.058113694
chr6	156635316	4.7004805	2.4634457	2.2370348	acetylated_beyond_accessibility	0.279176	0.5608716	0.1462388	0.032385826
chr6	34288768	4.787492	2.5491242	2.2383676	acetylated_beyond_accessibility	0.57889056	-0.016100407	0.0892477	0.32611132
chr12	9667548	5.17615	2.9349718	2.241178	acetylated_beyond_accessibility	-0.70761395	0.98949766	0.22568655	0.7520642
chr17	4102306	3.9702919	1.7281659	2.242126	acetylated_beyond_accessibility	1.059608	0.1566112	0.09480882	0.1705718
chr22	46221166	3.5553482	1.3102523	2.2450957	acetylated_beyond_accessibility	1.4043835	0.20529044	0.13562489	0.23489141
chr10	97419236	3.713572	1.4647326	2.2488394	acetylated_beyond_accessibility	1.023066	-0.20218635	-0.36440706	-0.4113021
chr12	11906525	3.7612002	1.5077786	2.2534215	acetylated_beyond_accessibility	1.686672	0.51401067	0.28014743	0.34651053
chr17	3871135	4.3307333	2.075036	2.2556973	acetylated_beyond_accessibility	0.47705007	-0.10632694	-0.3294642	-0.08134925
chr7	150664127	5.7037826	3.446574	2.2572086	acetylated_beyond_accessibility	-0.5978267	0.73847175	0.16945529	0.5532448
chr6	154905	4.5849676	2.3164728	2.2684948	acetylated_beyond_accessibility	1.1395683	0.060318947	0.18773484	0.37652016
chr21	46500672	4.8598123	2.590873	2.2689393	acetylated_beyond_accessibility	1.4044244	1.6941521	0.7723415	1.6178029
chr12	9721983	5.327876	3.0573382	2.2705379	acetylated_beyond_accessibility	-0.3520012	0.24132586	0.13328171	0.37416697
chr12	9674180	4.962845	2.6868896	2.2759552	acetylated_beyond_accessibility	-0.1338408	-0.09443283	-0.018704176	-0.10157871
chr6	166174467	4.1743875	1.8925159	2.2818716	acetylated_beyond_accessibility	0.401479	-0.07152629	-0.059993267	0.09647262
chr6	166172731	3.7841897	1.4987323	2.2854574	acetylated_beyond_accessibility	1.0666955	-0.055354714	0.01570034	0.05782485
chr21	42395464	4.1743875	1.8870506	2.2873368	acetylated_beyond_accessibility	1.3105104	-0.033708096	0.28899908	0.17853832
chr17	5201224	4.6728287	2.384615	2.2882137	acetylated_beyond_accessibility	0.04423809	0.43762445	-0.030379295	0.26294875
chr22	42834536	5.0875964	2.7988324	2.288764	acetylated_beyond_accessibility	-0.55762506	0.41048574	0.16814375	0.25402784
chr6	1001862	4.8121843	2.5162408	2.2959435	acetylated_beyond_accessibility	0.2706046	0.264606	0.029004335	0.059339046
chr20	37072445	3.6888795	1.391582	2.2972975	acetylated_beyond_accessibility	1.3884599	0.03053236	0.041051745	0.11420977
chr12	11856038	4.3694477	2.0721092	2.2973385	acetylated_beyond_accessibility	0.49949527	0.517282	0.559041	0.4459827
chr20	36484057	4.3820267	2.0721312	2.3098955	acetylated_beyond_accessibility	1.0202875	0.08094311	0.30835915	-0.2060709
chr10	119212201	5.4930615	3.1829062	2.3101554	acetylated_beyond_accessibility	-0.23805451	0.34954786	0.035489798	0.14515877
chr8	94442905	4.8751974	2.564931	2.3102665	acetylated_beyond_accessibility	0.12381673	0.673764	0.13827181	0.40587616
chr22	23826398	4.1431346	1.8302627	2.312872	acetylated_beyond_accessibility	0.5977974	-0.13005304	-0.27179027	-0.1836803
chr6	5337830	4.762174	2.4437203	2.3184538	acetylated_beyond_accessibility	-0.48126674	0.4587679	-0.00073194504	0.19663787
chr21	44065616	4.0943446	1.7751184	2.3192263	acetylated_beyond_accessibility	1.7288883	0.15754128	0.23332548	0.066167355
chr7	21346607	4.6728287	2.3472996	2.325529	acetylated_beyond_accessibility	-0.19628358	0.134305	-0.04934621	-0.073982
chr18	21682957	4.454347	2.117329	2.3370183	acetylated_beyond_accessibility	0.15057707	0.7533183	0.056936264	0.36808562
chr22	18106942	4.787492	2.4501586	2.3373332	acetylated_beyond_accessibility	1.0631192	1.488769	0.03703761	1.2298255
chr6	163460641	5.1059456	2.7638352	2.3421104	acetylated_beyond_accessibility	-0.44762087	1.189177	0.037432194	0.45574713
chr6	26225154	4.4426513	2.0952075	2.3474438	acetylated_beyond_accessibility	1.4855103	0.54381824	0.10868478	0.34997368
chr6	166499724	4.727388	2.3766303	2.3507576	acetylated_beyond_accessibility	-0.16680121	0.13621545	0.12273145	0.05037594
chr21	43893537	4.553877	2.1993198	2.354557	acetylated_beyond_accessibility	1.5152869	0.6749587	0.1965189	0.21652126
chr6	5564915	4.204693	1.846695	2.357998	acetylated_beyond_accessibility	0.8383169	0.049636126	0.03746307	0.04265845
chr21	44353576	4.8202815	2.457363	2.3629186	acetylated_beyond_accessibility	-0.32319307	-0.43880415	-0.42391992	-0.076805115
chr12	10543698	3.7841897	1.4193388	2.364851	acetylated_beyond_accessibility	0.78798926	0.36108947	0.03968382	0.17606819
chr17	80783024	4.248495	1.8807635	2.3677316	acetylated_beyond_accessibility	1.2095187	0.1737194	-0.14207959	0.24340034
chr12	7749329	4.248495	1.878757	2.369738	acetylated_beyond_accessibility	1.0604446	-0.15220821	-0.1258235	-0.13603318
chr20	15333360	4.8675346	2.4970722	2.3704624	acetylated_beyond_accessibility	-0.50532675	0.10371852	0.038669348	0.0046772957
chr6	155378513	4.2904596	1.9131317	2.377328	acetylated_beyond_accessibility	0.03550148	-0.13419652	0.03948164	-0.12259519
chr22	46058281	4.6051702	2.2237897	2.3813806	acetylated_beyond_accessibility	-0.0931406	0.15821886	-0.022147179	0.24969149
chr8	10805511	3.7612002	1.3772663	2.383934	acetylated_beyond_accessibility	1.8345844	0.6148406	0.040602088	0.28638756
chr6	35311479	4.8520303	2.467288	2.3847423	acetylated_beyond_accessibility	1.1527426	0.4713595	0.3421216	0.2839079
chr17	80911879	5.4161005	3.0280886	2.388012	acetylated_beyond_accessibility	-0.13223195	-0.19187546	-0.23361158	0.22947836
chr20	64011062	5.5412636	3.1496546	2.391609	acetylated_beyond_accessibility	-0.6005254	0.014768124	-0.051091194	-0.14106584
chr17	12859758	4.406719	2.0109172	2.395802	acetylated_beyond_accessibility	1.3573186	0.41783047	0.27789235	0.37308645
chr20	48751762	4.8520303	2.443542	2.4084883	acetylated_beyond_accessibility	-0.07498908	-0.18759179	-0.13305187	-0.30435944
chr18	3037587	4.7095304	2.295377	2.4141533	acetylated_beyond_accessibility	1.580277	1.3553383	0.51206565	1.3128083
chr17	2254808	5.192957	2.775206	2.4177508	acetylated_beyond_accessibility	-0.43859935	0.72077084	0.16010499	0.25493765
chr10	45455254	4.5108595	2.0929375	2.417922	acetylated_beyond_accessibility	-0.07638478	-0.0050919056	-0.16704512	-0.13309419
chr21	42388239	4.0775375	1.6492293	2.4283082	acetylated_beyond_accessibility	0.69583845	0.358387	0.20919323	0.25645602
chr12	9725747	4.634729	2.2049088	2.42982	acetylated_beyond_accessibility	-0.33507717	0.17819881	-0.06675863	0.277596
chr6	34664529	5.7071104	3.2754765	2.431634	acetylated_beyond_accessibility	0.776453	0.8378811	0.765234	0.93390656
chr12	31586891	4.890349	2.455015	2.435334	acetylated_beyond_accessibility	-0.16364574	0.36145568	0.23118424	0.668174
chr12	58919412	4.2904596	1.8520834	2.4383762	acetylated_beyond_accessibility	2.9888465	0.062752485	0.036848307	0.058689713
chr17	77667143	3.871201	1.4257983	2.4454026	acetylated_beyond_accessibility	1.9275986	0.30163157	0.46983945	0.303298
chr10	88392384	5.3082676	2.8487952	2.4594724	acetylated_beyond_accessibility	-0.47276735	0.3419013	0.12281442	0.30767798
chr10	3478135	4.983607	2.5184133	2.4651935	acetylated_beyond_accessibility	-0.59829414	0.026041508	0.252311	0.12797284
chr12	92421201	4.304065	1.8270831	2.476982	acetylated_beyond_accessibility	0.60737395	0.79265356	0.4236436	0.4441607
chr22	26707827	5.081404	2.604218	2.4771862	acetylated_beyond_accessibility	-0.12233782	0.048642635	-0.039897442	0.29000378
chr6	160790259	4.4886365	2.0076747	2.4809618	acetylated_beyond_accessibility	-0.09817958	-0.2646358	-0.36707497	-0.1376071
chr8	53905666	4.919981	2.4359348	2.4840462	acetylated_beyond_accessibility	-0.022100687	0.10119963	0.109960794	0.013050795
chr12	67482821	3.9512436	1.453586	2.4976578	acetylated_beyond_accessibility	0.9141804	0.41800642	0.09619045	0.31863177
chr12	67483474	4.304065	1.8043103	2.499755	acetylated_beyond_accessibility	0.7202554	0.26398206	0.061327577	0.28219295
chr10	26799517	4.465908	1.9646344	2.5012736	acetylated_beyond_accessibility	-0.37807703	0.20038223	-0.27916312	-0.1936822
chr7	150649113	4.89784	2.3924093	2.5054307	acetylated_beyond_accessibility	0.89973307	-0.02931881	-0.009146452	0.2309308
chr12	130628319	3.4011974	0.88864535	2.512552	acetylated_beyond_accessibility	1.6321621	0.45390505	0.3910926	0.32739633
chr12	9731937	5.8998976	3.3867183	2.5131793	acetylated_beyond_accessibility	-0.1945467	0.55792713	0.053245068	0.48203564
chr10	95743427	3.7612002	1.2386326	2.5225677	acetylated_beyond_accessibility	0.24606729	0.068202734	-0.056426644	-0.027830005
chr17	4101448	4.59512	2.0720408	2.5230792	acetylated_beyond_accessibility	1.6217933	0.30364966	0.17875648	0.33857703
chr17	16199247	3.7612002	1.2336156	2.5275846	acetylated_beyond_accessibility	1.7260413	0.26118326	0.14157951	0.1399939
chr8	124197958	4.7095304	2.1810808	2.5284495	acetylated_beyond_accessibility	1.3506064	0.11526966	0.65072656	0.047177076
chr10	95742323	4.89784	2.3628533	2.5349867	acetylated_beyond_accessibility	0.38756847	-0.05342412	0.20183754	-0.007420063
chr17	75242748	4.454347	1.9190388	2.5353084	acetylated_beyond_accessibility	0.7081995	0.032102108	0.04940462	0.19529247
chr12	31585786	4.394449	1.8514189	2.5430303	acetylated_beyond_accessibility	0.59701455	0.2801472	0.25643885	0.29048574
chr12	9670997	5.17615	2.6301198	2.54603	acetylated_beyond_accessibility	-1.1647832	-0.083714485	-0.296463	-0.1879785
chr10	45462531	5.8522024	3.2824352	2.5697672	acetylated_beyond_accessibility	-0.5366328	1.242387	0.022031546	0.09866524
chr21	25967770	5.2040067	2.6288393	2.5751674	acetylated_beyond_accessibility	0.4009943	0.8562484	0.09346151	0.57025313
chr22	33793186	3.8501477	1.260423	2.5897248	acetylated_beyond_accessibility	1.3847091	0.028131962	-0.055856586	0.053405523
chr17	12866438	4.7004805	2.0982747	2.6022058	acetylated_beyond_accessibility	1.1449494	0.1856165	0.21151328	0.1616869
chr21	43894038	4.5849676	1.9767654	2.6082022	acetylated_beyond_accessibility	2.071346	0.13978457	0.15533257	0.043295145
chr8	28476087	4.804021	2.1916072	2.6124136	acetylated_beyond_accessibility	0.5954416	0.092699766	0.21792793	0.25965524
chr12	123164312	3.6635616	1.0483024	2.6152592	acetylated_beyond_accessibility	1.3101254	0.5108814	0.15397215	0.32151854
chr6	166176313	4.0430512	1.4228742	2.620177	acetylated_beyond_accessibility	1.6476071	0.14554548	0.26423085	0.1616286
chr12	130814201	4.8121843	2.1675146	2.6446698	acetylated_beyond_accessibility	0.5209775	-0.12705302	-0.020422459	-0.01798153
chr8	27352070	5.1357985	2.4903052	2.6454933	acetylated_beyond_accessibility	0.8251798	-0.06300449	0.045136213	0.17715406
chr12	11824279	5.117994	2.4661572	2.6518366	acetylated_beyond_accessibility	-0.21434093	0.13963675	0.106235504	0.25127578
chr10	7184855	4.59512	1.9343584	2.6607616	acetylated_beyond_accessibility	0.5874629	0.40844393	0.40276837	0.26337433
chr6	1002375	4.8121843	2.1229084	2.689276	acetylated_beyond_accessibility	0.9144366	0.16145658	-0.03740406	0.034735203
chr12	54473727	3.9512436	1.2585988	2.6926448	acetylated_beyond_accessibility	2.2859313	0.09766495	0.518358	-0.20917797
chr10	3472793	4.1271343	1.4127512	2.7143831	acetylated_beyond_accessibility	0.65646005	0.31736958	0.093230724	0.26737928
chr12	67485008	4.0430512	1.3175277	2.7255235	acetylated_beyond_accessibility	1.5291823	0.28820884	0.17718685	0.37312376
chr20	64011697	5.560682	2.8100913	2.7505906	acetylated_beyond_accessibility	1.603234	0.20550966	0.9084687	0.217237
chr22	45783612	4.204693	1.43082	2.7738729	acetylated_beyond_accessibility	1.4990082	0.18240166	-0.040867448	0.04624915
chr8	27350078	4.564348	1.7892504	2.7750978	acetylated_beyond_accessibility	0.90824175	0.4023068	0.25987434	0.22651052
chr17	80791962	4.5217886	1.7379963	2.7837923	acetylated_beyond_accessibility	2.4890707	0.49282336	0.9120567	0.5675819
chr21	35043731	4.394449	1.6049167	2.7895327	acetylated_beyond_accessibility	1.105265	0.40222943	0.27332938	0.039198995
chr10	7185453	4.3694477	1.5784853	2.7909625	acetylated_beyond_accessibility	1.040817	0.32157338	0.2945919	0.17794025
chr21	44354687	4.7095304	1.9157672	2.7937632	acetylated_beyond_accessibility	0.8396106	0.111765385	0.053641796	-0.0016690493
chr12	92420293	4.477337	1.6740465	2.8032904	acetylated_beyond_accessibility	0.2013042	0.30362678	0.087990046	0.23082292
chr21	44354120	4.919981	2.115396	2.804585	acetylated_beyond_accessibility	0.10380864	0.055719614	-0.062568426	0.099545
chr22	18106188	5.669881	2.851726	2.8181548	acetylated_beyond_accessibility	0.5503626	0.75168943	-0.088146925	0.6725731
chr12	11825507	4.836282	2.0028396	2.8334422	acetylated_beyond_accessibility	0.12919521	0.11055541	-0.08900678	0.06031537
chr12	10554760	4.394449	1.5593195	2.8351297	acetylated_beyond_accessibility	1.5183187	0.2984376	0.22074842	0.23158014
chr7	155741275	5.57973	2.7317955	2.8479345	acetylated_beyond_accessibility	0.8606641	0.9028046	0.39914417	0.586282
chr12	67484271	4.5217886	1.6591367	2.8626518	acetylated_beyond_accessibility	1.6193336	0.38676178	0.4126824	0.29366267
chr20	32066024	4.934474	2.0640903	2.8703837	acetylated_beyond_accessibility	0.19720101	-0.2568097	-0.3029058	-0.20739412
chr8	28777577	4.204693	1.3026271	2.9020658	acetylated_beyond_accessibility	0.9937513	0.2276218	0.013617158	0.03137338
chr17	2248372	4.1108737	1.1277337	2.98314	acetylated_beyond_accessibility	2.3075671	0.45707667	0.14011896	0.21991253
chr17	78479112	4.553877	1.4813569	3.07252	acetylated_beyond_accessibility	0.5829098	0.5818794	0.14078188	0.4712906
chr20	64012764	4.8520303	1.5850091	3.2670212	acetylated_beyond_accessibility	4.7094054	0.93807244	1.6452925	0.3618791
chr22	45785125	4.5849676	1.2411768	3.3437908	acetylated_beyond_accessibility	1.4282608	0.19784868	0.35903108	0.16195917
chr6	11851573	5.278115	1.911452	3.3666627	acetylated_beyond_accessibility	0.9159658	0.31464076	0.18467212	0.26482558
chr8	1476494	4.6821313	1.3141749	3.3679564	acetylated_beyond_accessibility	1.3823252	0.10424948	-0.011892557	0.025686622
chr10	3485485	5.159055	1.7809334	3.3781219	acetylated_beyond_accessibility	1.6575718	0.11660457	0.24377751	0.18106258
chr10	3484666	5.3082676	1.8892936	3.418974	acetylated_beyond_accessibility	0.62746084	-0.1332736	-0.2779585	-0.09565067
chr8	1477091	4.9698133	1.3010345	3.668779	acetylated_beyond_accessibility	1.3446393	-0.020284414	-0.26409268	-0.0369004
chr6	11852149	5.31812	1.5959533	3.7221665	acetylated_beyond_accessibility	0.996415	0.07414782	0.01598847	0.080628395
chr22	46069950	5.030438	1.2989879	3.73145	acetylated_beyond_accessibility	2.0352378	-0.3503958	-0.36380386	-0.3263784
chr8	1478991	4.962845	1.1532129	3.8096318	acetylated_beyond_accessibility	1.6118315	0.19604743	-0.3593685	-0.025467038
chr22	33842132	5.2983174	1.4669365	3.8313808	acetylated_beyond_accessibility	1.1288475	0.09514463	-0.024306774	0.12704253
chr22	33842645	5.3752785	1.388407	3.9868715	acetylated_beyond_accessibility	1.2396827	0.05185294	-0.19296217	0.088270664
chr8	1480020	5.327876	1.294004	4.033872	acetylated_beyond_accessibility	2.06781	0.41216063	0.100900054	0.1161443
