chr	center	observed_log	atac_pred_log	true_residual	class	multimodal_residual
chr22	18906222	0.0	5.60223	-5.60223	accessible_not_acetylated	-0.9548354
chr21	43427132	0.0	5.3438673	-5.3438673	accessible_not_acetylated	-1.0397925
chr22	23966837	0.0	5.258157	-5.258157	accessible_not_acetylated	-0.5618272
chr21	6467633	0.0	5.2199817	-5.2199817	accessible_not_acetylated	-0.5963793
chr17	46590668	0.0	5.2039037	-5.2039037	accessible_not_acetylated	-0.98284864
chr21	34375464	0.0	5.1753263	-5.1753263	accessible_not_acetylated	-0.43435097
chr7	144195698	0.0	4.9416647	-4.9416647	accessible_not_acetylated	-1.3027432
chr21	44241004	0.0	4.919916	-4.919916	accessible_not_acetylated	-1.1571233
chr20	63135012	0.0	4.88354	-4.88354	accessible_not_acetylated	-1.2139711
chr18	46964526	0.0	4.869506	-4.869506	accessible_not_acetylated	-1.2131553
chr22	21467169	0.0	4.8568153	-4.8568153	accessible_not_acetylated	-0.4267025
chr7	102642791	0.0	4.8131905	-4.8131905	accessible_not_acetylated	-0.6587534
chr21	46699290	0.0	4.805909	-4.805909	accessible_not_acetylated	-1.601821
chr7	144355395	0.0	4.793955	-4.793955	accessible_not_acetylated	-0.918849
chr6	31982056	0.0	4.668908	-4.668908	accessible_not_acetylated	-0.419415
chr21	44107367	1.0986123	5.7519283	-4.653316	accessible_not_acetylated	-0.9305768
chr7	74773961	0.0	4.6364546	-4.6364546	accessible_not_acetylated	-0.5472436
chr6	32014794	0.0	4.630153	-4.630153	accessible_not_acetylated	-0.41788387
chr7	75237802	0.6931472	5.295848	-4.6027007	accessible_not_acetylated	-0.7657623
chr21	44133609	0.6931472	5.167782	-4.4746346	accessible_not_acetylated	-0.7755375
chr22	18936553	0.0	4.4346952	-4.4346952	accessible_not_acetylated	-1.1642003
chr21	43076392	1.0986123	5.512947	-4.414335	accessible_not_acetylated	-1.068109
chr7	102551231	0.0	4.365309	-4.365309	accessible_not_acetylated	-0.59569645
chr21	43169007	0.0	4.273285	-4.273285	accessible_not_acetylated	-0.6563828
chr7	75395628	0.0	4.264116	-4.264116	accessible_not_acetylated	-1.1517949
chr7	102592752	1.0986123	5.313614	-4.2150016	accessible_not_acetylated	-0.38363886
chr10	79703226	0.0	4.177109	-4.177109	accessible_not_acetylated	-0.3975749
chr17	19047023	0.0	4.1689916	-4.1689916	accessible_not_acetylated	-0.9022076
chr10	87379331	0.6931472	4.856569	-4.1634216	accessible_not_acetylated	0.22788858
chr10	46465881	0.0	4.1557865	-4.1557865	accessible_not_acetylated	-1.3934026
chr22	15775829	0.6931472	4.8080473	-4.1149	accessible_not_acetylated	-0.33323622
chr7	102650324	0.0	4.063402	-4.063402	accessible_not_acetylated	-0.7097964
chr10	7666998	0.6931472	4.713107	-4.01996	accessible_not_acetylated	-2.3979738
chr7	143620965	1.3862944	5.403919	-4.017625	accessible_not_acetylated	-0.28468943
chr10	87225447	0.0	4.012001	-4.012001	accessible_not_acetylated	-0.41532445
chr7	73235371	1.3862944	5.3967285	-4.010434	accessible_not_acetylated	-0.6874666
chr21	43450023	0.0	4.005989	-4.005989	accessible_not_acetylated	-0.6665375
chr7	102517778	1.0986123	5.1013927	-4.0027804	accessible_not_acetylated	-0.363595
chr20	62961519	1.0986123	5.086317	-3.9877048	accessible_not_acetylated	-1.3824916
chr22	23979828	0.0	3.964009	-3.964009	accessible_not_acetylated	-1.2584887
chr21	43479534	0.0	3.9539742	-3.9539742	accessible_not_acetylated	-0.5941193
chr21	43478223	0.0	3.8852654	-3.8852654	accessible_not_acetylated	-0.8430002
chr17	43303713	0.0	3.8485842	-3.8485842	accessible_not_acetylated	-0.4802754
chr17	19127468	0.0	3.8152595	-3.8152595	accessible_not_acetylated	-0.7439792
chr8	12089337	0.0	3.8073375	-3.8073375	accessible_not_acetylated	-0.73378015
chr10	46579015	0.6931472	4.4811816	-3.7880344	accessible_not_acetylated	-1.5074058
chr22	21424533	1.3862944	5.173442	-3.7871475	accessible_not_acetylated	0.34697104
chr21	34459644	0.0	3.7625875	-3.7625875	accessible_not_acetylated	-1.05721
chr22	21420374	1.7917595	5.506933	-3.7151737	accessible_not_acetylated	-0.89475155
chr7	76461777	1.3862944	5.0969934	-3.710699	accessible_not_acetylated	-0.4114871
chr10	133424617	0.0	3.7032638	-3.7032638	accessible_not_acetylated	-1.5840635
chr10	38356408	1.609438	5.2865605	-3.6771226	accessible_not_acetylated	0.22436285
chr8	62248941	0.6931472	4.3187675	-3.6256204	accessible_not_acetylated	-1.3226881
chr17	63873729	0.6931472	4.316539	-3.6233916	accessible_not_acetylated	-0.7331877
chr21	9325040	1.609438	5.207302	-3.5978642	accessible_not_acetylated	-1.6256316
chr7	143836704	1.609438	5.1975937	-3.5881557	accessible_not_acetylated	0.02491045
chr17	18476784	0.0	3.5642052	-3.5642052	accessible_not_acetylated	-0.89453363
chr10	46911395	1.0986123	4.656477	-3.5578647	accessible_not_acetylated	-0.98431873
chr22	18611919	1.3862944	4.8756447	-3.4893503	accessible_not_acetylated	-0.5755663
chr7	102616728	1.3862944	4.871827	-3.4855328	accessible_not_acetylated	-0.07974291
chr17	20843975	1.0986123	4.5700727	-3.4714603	accessible_not_acetylated	-0.63346267
chr17	19142630	1.3862944	4.856889	-3.4705944	accessible_not_acetylated	-0.23701239
chr22	18528689	2.3025851	5.77118	-3.468595	accessible_not_acetylated	-0.74446964
chr22	23947586	1.3862944	4.8270116	-3.4407172	accessible_not_acetylated	-1.0842209
chr8	12601482	1.609438	5.0326843	-3.4232464	accessible_not_acetylated	-1.4186604
chr17	8885963	1.609438	5.0256515	-3.4162135	accessible_not_acetylated	-0.97291183
chr6	131701401	1.0986123	4.4870605	-3.3884482	accessible_not_acetylated	-0.4858141
chr17	63896661	0.6931472	4.0793076	-3.3861604	accessible_not_acetylated	-0.5148525
chr8	17801133	1.3862944	4.7543726	-3.3680782	accessible_not_acetylated	-1.3137627
chr17	20467535	0.0	3.3507848	-3.3507848	accessible_not_acetylated	-0.9163637
chr10	116609796	1.7917595	5.1347017	-3.3429422	accessible_not_acetylated	-0.4814415
chr21	43107392	2.0794415	5.4220843	-3.3426428	accessible_not_acetylated	-0.90498114
chr7	72969466	1.0986123	4.4368124	-3.3382	accessible_not_acetylated	-1.0612118
chr10	46375589	0.6931472	4.026317	-3.33317	accessible_not_acetylated	-0.8410003
chr22	21514503	2.0794415	5.409788	-3.3303466	accessible_not_acetylated	-0.58175516
chr7	57404721	1.3862944	4.709115	-3.3228207	accessible_not_acetylated	-0.8655474
chr8	12436426	1.9459102	5.259492	-3.3135817	accessible_not_acetylated	-1.187604
chr17	19111233	2.0794415	5.386847	-3.3074055	accessible_not_acetylated	-0.633039
chr7	150110544	2.0794415	5.3669415	-3.2875	accessible_not_acetylated	-0.58463
chr21	5123911	1.3862944	4.670081	-3.2837868	accessible_not_acetylated	-0.41353512
chr17	19076627	1.3862944	4.6628795	-3.276585	accessible_not_acetylated	-0.30475378
chr8	12951510	1.3862944	4.662836	-3.2765417	accessible_not_acetylated	-1.0875661
chr21	10119269	2.0794415	5.3404226	-3.260981	accessible_not_acetylated	-1.0560656
chr7	143837431	2.0794415	5.3318453	-3.2524037	accessible_not_acetylated	-0.08065224
chr10	133127947	1.609438	4.844836	-3.2353983	accessible_not_acetylated	-1.187526
chr21	8213359	1.3862944	4.6171036	-3.2308092	accessible_not_acetylated	-1.4617789
chr8	7847879	0.0	3.2214925	-3.2214925	accessible_not_acetylated	-0.3283863
chr6	1389640	1.0986123	4.317912	-3.2192998	accessible_not_acetylated	-0.90083027
chr10	46441162	1.3862944	4.597156	-3.2108617	accessible_not_acetylated	-0.8239591
chr22	45413655	0.0	3.1893766	-3.1893766	accessible_not_acetylated	-0.8739176
chr7	144259628	1.3862944	4.568731	-3.1824365	accessible_not_acetylated	-0.49382162
chr17	8965745	1.609438	4.7863245	-3.1768866	accessible_not_acetylated	-1.1982605
chr6	170612604	2.0794415	5.2494874	-3.1700459	accessible_not_acetylated	-0.19766426
chr8	1817025	1.609438	4.776957	-3.167519	accessible_not_acetylated	-1.4720676
chr10	129467171	1.9459102	5.1113815	-3.1654713	accessible_not_acetylated	-0.902298
chr7	31052460	0.6931472	3.853518	-3.1603708	accessible_not_acetylated	-1.4907181
chr7	40530	1.3862944	4.5265656	-3.1402712	accessible_not_acetylated	-0.17656612
chr22	50456982	1.3862944	4.5247107	-3.1384163	accessible_not_acetylated	-1.2245128
chr10	101776002	0.0	3.13689	-3.13689	accessible_not_acetylated	-2.126945
chr6	32666689	1.609438	4.741596	-3.1321583	accessible_not_acetylated	-0.5296097
chr7	102507618	2.0794415	5.2113705	-3.131929	accessible_not_acetylated	-0.7884793
chr22	18529207	2.4849067	5.6090765	-3.1241698	accessible_not_acetylated	-0.6945772
chr6	167384510	0.6931472	3.8029757	-3.1098285	accessible_not_acetylated	-0.24019074
chr12	66968	2.3025851	5.4056077	-3.1030226	accessible_not_acetylated	-0.5058179
chr10	132449133	2.0794415	5.162961	-3.0835195	accessible_not_acetylated	-1.7498837
chr7	73191059	2.1972246	5.280449	-3.0832243	accessible_not_acetylated	-0.11966944
chr17	136693	1.7917595	4.86957	-3.0778103	accessible_not_acetylated	-0.35023546
chr22	15690025	0.0	3.074333	-3.074333	accessible_not_acetylated	-0.63808393
chr10	46598002	2.1972246	5.2606134	-3.0633888	accessible_not_acetylated	-0.52472305
chr17	19507559	2.1972246	5.255733	-3.0585084	accessible_not_acetylated	-1.3420851
chr10	42475998	1.9459102	5.0039215	-3.0580113	accessible_not_acetylated	-0.8312912
chr22	33921174	2.1972246	5.2534447	-3.05622	accessible_not_acetylated	-1.217628
chr17	45601798	1.7917595	4.8476186	-3.055859	accessible_not_acetylated	-0.93453336
chr22	32140833	1.609438	4.663533	-3.0540953	accessible_not_acetylated	-0.1477809
chr17	22409342	1.0986123	4.1496725	-3.0510602	accessible_not_acetylated	-0.8484347
chr8	7894564	0.6931472	3.743478	-3.0503309	accessible_not_acetylated	-0.8508885
chr8	7521501	2.1972246	5.246417	-3.0491924	accessible_not_acetylated	0.008437157
chr10	93993922	1.7917595	4.833413	-3.0416536	accessible_not_acetylated	-0.47807074
chr12	132618779	1.0986123	4.1305013	-3.031889	accessible_not_acetylated	-1.6398928
chr10	114404778	1.0986123	4.1279545	-3.0293422	accessible_not_acetylated	-1.7421756
chr18	58768611	1.7917595	4.8101673	-3.0184078	accessible_not_acetylated	-1.0845687
chr22	42510343	1.609438	4.620222	-3.0107841	accessible_not_acetylated	-0.7878821
chr10	88583136	2.0794415	5.0899134	-3.0104718	accessible_not_acetylated	-0.88315153
chr12	95790758	0.6931472	3.6992726	-3.0061255	accessible_not_acetylated	-1.3445554
chr12	119154622	1.9459102	4.944149	-2.9982388	accessible_not_acetylated	-0.17671394
chr22	21419179	2.3025851	5.297632	-2.995047	accessible_not_acetylated	-0.12755156
chr7	192436	1.3862944	4.3736124	-2.987318	accessible_not_acetylated	-1.3975801
chr17	76225877	1.609438	4.59574	-2.986302	accessible_not_acetylated	-0.3592162
chr17	18722088	1.609438	4.5896535	-2.9802155	accessible_not_acetylated	-0.37756538
chr17	8885354	2.0794415	5.0564904	-2.9770489	accessible_not_acetylated	-0.99594164
chr10	45914898	1.3862944	4.3609066	-2.9746122	accessible_not_acetylated	-0.6495793
chr21	34401072	0.0	2.9724374	-2.9724374	accessible_not_acetylated	-0.06561136
chr10	47706003	2.1972246	5.16926	-2.9720354	accessible_not_acetylated	-0.00084400177
chr10	111077031	0.6931472	3.6629338	-2.9697866	accessible_not_acetylated	-1.2236428
chr21	5154856	2.1972246	5.162363	-2.9651384	accessible_not_acetylated	-0.384068
chr7	102505970	2.1972246	5.162178	-2.9649534	accessible_not_acetylated	-0.10944557
chr7	74941912	1.3862944	4.3301077	-2.9438133	accessible_not_acetylated	-0.27183676
chr12	44876274	2.1972246	5.1315536	-2.934329	accessible_not_acetylated	-0.8939347
chr22	49046735	1.609438	4.5430846	-2.9336467	accessible_not_acetylated	-0.76888514
chr6	167170592	1.0986123	4.031421	-2.9328089	accessible_not_acetylated	-0.30945897
chr20	5316732	0.6931472	3.6216905	-2.9285433	accessible_not_acetylated	-0.96531606
chr7	45088947	2.0794415	5.00702	-2.9275784	accessible_not_acetylated	-1.0037374
chr10	132186860	1.7917595	4.717065	-2.9253054	accessible_not_acetylated	-1.0228903
chr10	103855406	0.6931472	3.6129467	-2.9197996	accessible_not_acetylated	-1.7553021
chr10	133196424	1.609438	4.5234003	-2.9139624	accessible_not_acetylated	-1.1127732
chr20	44810338	0.6931472	3.6003115	-2.9071643	accessible_not_acetylated	-1.5143359
chr7	102490732	2.3978953	5.3032103	-2.905315	accessible_not_acetylated	0.0779686
chr17	16991571	1.7917595	4.695001	-2.9032416	accessible_not_acetylated	-0.8947201
chr22	10742087	1.9459102	4.842967	-2.8970568	accessible_not_acetylated	-1.132473
chr17	32060885	2.3025851	5.198993	-2.896408	accessible_not_acetylated	-0.008558273
chr22	18527801	2.3025851	5.1981344	-2.8955493	accessible_not_acetylated	-0.66905403
chr12	132094726	1.0986123	3.9934554	-2.894843	accessible_not_acetylated	-0.9258976
chr7	74788767	2.4849067	5.3784637	-2.893557	accessible_not_acetylated	-0.60608006
chr18	67516819	2.4849067	5.3732357	-2.888329	accessible_not_acetylated	-0.5556059
chr22	41935104	1.3862944	4.2743587	-2.8880644	accessible_not_acetylated	-0.96297956
chr10	79780747	2.4849067	5.3720837	-2.887177	accessible_not_acetylated	0.17800617
chr18	10454627	1.0986123	3.9850323	-2.88642	accessible_not_acetylated	-1.8485019
chr20	2816301	1.3862944	4.2669687	-2.8806744	accessible_not_acetylated	-0.75132704
chr20	17226859	1.7917595	4.669903	-2.8781433	accessible_not_acetylated	-0.8471999
chr10	87436344	2.3025851	5.177847	-2.8752618	accessible_not_acetylated	0.29742813
chr18	50560082	1.9459102	4.8172083	-2.871298	accessible_not_acetylated	-1.5155563
chr17	1643216	1.9459102	4.8154035	-2.8694932	accessible_not_acetylated	-1.4275439
chr21	43044710	2.0794415	4.948672	-2.8692303	accessible_not_acetylated	-0.75539637
chr20	62518113	1.3862944	4.255393	-2.8690987	accessible_not_acetylated	-1.3215287
chr18	72544483	1.609438	4.4780397	-2.8686018	accessible_not_acetylated	-0.7706423
chr6	32589836	1.7917595	4.6532454	-2.861486	accessible_not_acetylated	-0.11885452
chr22	46054144	1.3862944	4.247691	-2.8613968	accessible_not_acetylated	-0.99523807
chr17	19495264	1.609438	4.46968	-2.860242	accessible_not_acetylated	-0.84667873
chr10	98388460	1.7917595	4.6514797	-2.8597202	accessible_not_acetylated	-0.69096303
chr12	38053829	1.3862944	4.244807	-2.8585124	accessible_not_acetylated	-0.849957
chr17	46579862	2.3025851	5.1513863	-2.8488011	accessible_not_acetylated	-0.16908216
chr10	87357719	1.0986123	3.9454288	-2.8468165	accessible_not_acetylated	-0.36458397
chr8	142912282	1.9459102	4.7909884	-2.8450782	accessible_not_acetylated	-0.60135365
chr17	19031913	1.9459102	4.7904243	-2.8445141	accessible_not_acetylated	-0.18032551
chr8	7416832	0.6931472	3.5371182	-2.843971	accessible_not_acetylated	-0.6386094
chr8	25184677	1.7917595	4.6338625	-2.842103	accessible_not_acetylated	-1.1657264
chr12	82686982	2.3025851	5.140894	-2.8383088	accessible_not_acetylated	-0.6329608
chr22	42573606	1.609438	4.4445486	-2.8351107	accessible_not_acetylated	-0.8117726
chr17	30644877	2.3025851	5.135105	-2.83252	accessible_not_acetylated	0.11302471
chr8	80578510	1.9459102	4.775489	-2.8295786	accessible_not_acetylated	-1.2221487
chr22	32207053	1.9459102	4.7721786	-2.8262684	accessible_not_acetylated	-0.8482485
chr22	49735504	1.7917595	4.6099863	-2.8182268	accessible_not_acetylated	-0.9733336
chr10	50133769	1.9459102	4.7591596	-2.8132493	accessible_not_acetylated	-0.040772438
chr10	86338187	1.9459102	4.7503347	-2.8044245	accessible_not_acetylated	-0.40421867
chr20	6767560	1.3862944	4.1859303	-2.799636	accessible_not_acetylated	-1.08588
chr12	3077125	2.4849067	5.27966	-2.7947536	accessible_not_acetylated	-1.2561984
chr10	43077015	2.3025851	5.0896716	-2.7870865	accessible_not_acetylated	-1.145731
chr21	43117358	1.9459102	4.729548	-2.7836378	accessible_not_acetylated	-0.7669797
chr10	50152889	2.0794415	4.861756	-2.7823143	accessible_not_acetylated	-0.7957492
chr12	132908751	2.7080503	5.4835224	-2.7754722	accessible_not_acetylated	-1.044878
chr17	4639536	1.7917595	4.567189	-2.7754297	accessible_not_acetylated	-0.9973204
chr22	20278796	2.1972246	4.9711924	-2.7739677	accessible_not_acetylated	-0.9780948
chr20	63361396	0.6931472	3.4643283	-2.771181	accessible_not_acetylated	-1.3288527
chr20	916334	1.0986123	3.8679752	-2.769363	accessible_not_acetylated	-0.97881866
chr22	33920422	1.609438	4.3787384	-2.7693005	accessible_not_acetylated	-1.6682684
chr20	29879061	2.6390574	5.4083123	-2.769255	accessible_not_acetylated	-0.35585403
chr22	50775290	2.1972246	4.966215	-2.7689905	accessible_not_acetylated	-0.74054337
chr20	63071864	2.0794415	4.847823	-2.7683816	accessible_not_acetylated	-1.2369487
chr7	44036574	2.5649493	5.3326483	-2.767699	accessible_not_acetylated	-0.11262417
chr21	25639862	1.9459102	4.712642	-2.766732	accessible_not_acetylated	-0.8400874
chr21	44551505	1.3862944	4.1493955	-2.763101	accessible_not_acetylated	-0.67555356
chr21	13846924	1.7917595	4.553731	-2.7619715	accessible_not_acetylated	-0.9369018
chr17	21405135	1.7917595	4.552169	-2.7604094	accessible_not_acetylated	-1.0883389
chr17	19533853	0.6931472	3.4476957	-2.7545485	accessible_not_acetylated	-1.168369
chr7	74964486	2.5649493	5.3143883	-2.749439	accessible_not_acetylated	-0.54107
chr22	43412013	0.0	2.742401	-2.742401	accessible_not_acetylated	-1.4876599
chr17	4543910	1.0986123	3.84059	-2.7419777	accessible_not_acetylated	-0.8259814
chr10	122112808	1.9459102	4.686146	-2.7402356	accessible_not_acetylated	-0.8629043
chr17	21764802	2.3978953	5.1377506	-2.7398553	accessible_not_acetylated	-0.6095071
chr17	20896140	1.9459102	4.685025	-2.739115	accessible_not_acetylated	-1.005132
chr7	5283019	1.9459102	4.6830697	-2.7371595	accessible_not_acetylated	-1.2122307
chr22	18573814	2.3978953	5.129348	-2.7314525	accessible_not_acetylated	-0.17874098
chr8	40897824	1.609438	4.3396482	-2.7302103	accessible_not_acetylated	-0.9228425
chr21	6499064	2.7080503	5.4371386	-2.7290883	accessible_not_acetylated	-0.84814787
chr10	123559525	2.0794415	4.8059473	-2.7265058	accessible_not_acetylated	-0.82463
chr18	7117814	1.0986123	3.8236396	-2.7250273	accessible_not_acetylated	-1.7529621
chr6	31357245	2.0794415	4.803998	-2.7245564	accessible_not_acetylated	-0.6318908
chr17	81432301	1.609438	4.3245287	-2.7150908	accessible_not_acetylated	-1.0680745
chr18	31685305	2.1972246	4.91171	-2.7144852	accessible_not_acetylated	-0.831007
chr12	15221484	1.7917595	4.5037827	-2.7120233	accessible_not_acetylated	-1.0644114
chr22	21363107	2.4849067	5.1945915	-2.7096848	accessible_not_acetylated	-0.68450356
chr18	14178989	2.0794415	4.7823114	-2.70287	accessible_not_acetylated	-0.1787777
chr22	43343394	1.7917595	4.4936013	-2.7018418	accessible_not_acetylated	-0.9872711
chr12	131646684	1.9459102	4.6470227	-2.7011125	accessible_not_acetylated	-0.3340602
chr10	87301626	2.3025851	5.00251	-2.699925	accessible_not_acetylated	0.27207565
chr7	114922153	1.609438	4.309125	-2.699687	accessible_not_acetylated	-1.1422384
chr10	133626795	1.0986123	3.7968428	-2.6982305	accessible_not_acetylated	-0.93598056
chr6	48068689	1.0986123	3.793901	-2.6952887	accessible_not_acetylated	-0.6490567
chr10	86349006	2.1972246	4.8910713	-2.6938467	accessible_not_acetylated	-0.58666515
chr7	5302803	2.3025851	4.9962626	-2.6936774	accessible_not_acetylated	-0.9727349
chr10	132204889	1.7917595	4.4816036	-2.6898441	accessible_not_acetylated	-1.1835988
chr22	37509241	1.7917595	4.4780865	-2.686327	accessible_not_acetylated	-0.9266777
chr18	45825579	1.3862944	4.071988	-2.6856937	accessible_not_acetylated	-1.0761051
chr17	15732276	0.6931472	3.3741302	-2.680983	accessible_not_acetylated	-0.25167108
chr22	49827256	2.3025851	4.9788446	-2.6762595	accessible_not_acetylated	-1.5774844
chr7	124033469	1.3862944	4.0623093	-2.676015	accessible_not_acetylated	-1.4043982
chr8	103500747	0.6931472	3.3662324	-2.6730852	accessible_not_acetylated	-1.0736759
chr7	1446296	2.0794415	4.7523518	-2.6729102	accessible_not_acetylated	-1.28548
chr10	47776029	1.9459102	4.6170707	-2.6711605	accessible_not_acetylated	-0.6516514
chr7	75154106	2.1972246	4.8643723	-2.6671476	accessible_not_acetylated	-0.25030756
chr12	132788770	1.9459102	4.6127095	-2.6667993	accessible_not_acetylated	-0.5704813
chr18	79587112	1.9459102	4.611371	-2.6654608	accessible_not_acetylated	-0.84821963
chr22	18551692	2.3025851	4.9675455	-2.6649604	accessible_not_acetylated	-1.0805693
chr7	100574733	1.9459102	4.6099434	-2.6640332	accessible_not_acetylated	-0.82949686
chr17	28365151	1.3862944	4.047257	-2.6609626	accessible_not_acetylated	-0.70271873
chr8	46118349	1.7917595	4.447113	-2.6553535	accessible_not_acetylated	-0.8425071
chr22	50267859	2.3025851	4.9566092	-2.6540241	accessible_not_acetylated	-1.0893803
chr7	57404186	1.9459102	4.5996604	-2.6537502	accessible_not_acetylated	-0.7158456
chr7	102611854	2.5649493	5.218545	-2.6535957	accessible_not_acetylated	-0.697649
chr22	42512582	2.1972246	4.846919	-2.6496944	accessible_not_acetylated	-0.54657793
chr10	132164872	1.9459102	4.595065	-2.649155	accessible_not_acetylated	-0.8488066
chr18	49758184	2.1972246	4.8446884	-2.6474638	accessible_not_acetylated	-0.5004387
chr12	6312719	1.7917595	4.4388814	-2.647122	accessible_not_acetylated	-0.8659599
chr22	44668617	1.9459102	4.589786	-2.6438758	accessible_not_acetylated	-1.5953941
chr8	118622093	2.0794415	4.7230463	-2.6436048	accessible_not_acetylated	-0.32349253
chr6	77464022	1.0986123	3.7415495	-2.6429372	accessible_not_acetylated	-0.85930324
chr17	75721308	2.3978953	5.0387716	-2.6408763	accessible_not_acetylated	-1.0387716
chr8	141473379	2.0794415	4.718775	-2.6393332	accessible_not_acetylated	-0.8027234
chr22	42343817	2.0794415	4.714361	-2.6349196	accessible_not_acetylated	-1.5939271
chr7	149224276	1.609438	4.24411	-2.6346722	accessible_not_acetylated	-1.3382976
chr18	70499298	2.0794415	4.7139425	-2.634501	accessible_not_acetylated	-0.91974163
chr17	46361810	2.5649493	5.198933	-2.6339839	accessible_not_acetylated	0.058488846
chr17	82079370	2.3025851	4.9355407	-2.6329556	accessible_not_acetylated	-1.0042555
chr17	32265907	2.0794415	4.710367	-2.6309257	accessible_not_acetylated	-1.5758827
chr12	125983534	2.0794415	4.7103252	-2.6308837	accessible_not_acetylated	-1.0530329
chr7	143362747	1.9459102	4.574707	-2.6287968	accessible_not_acetylated	-0.95791197
chr22	42509758	1.9459102	4.5729914	-2.6270812	accessible_not_acetylated	-0.925766
chr8	30384500	1.3862944	4.0113735	-2.6250792	accessible_not_acetylated	-1.349716
chr7	2538125	1.9459102	4.5704184	-2.6245081	accessible_not_acetylated	-0.8617172
chr18	37254112	2.7725887	5.3961716	-2.6235828	accessible_not_acetylated	-1.1280222
chr21	5128495	2.6390574	5.262063	-2.6230056	accessible_not_acetylated	-0.7029557
chr8	85463901	2.3025851	4.925157	-2.622572	accessible_not_acetylated	-0.85660934
chr6	1610445	0.6931472	3.315199	-2.6220517	accessible_not_acetylated	-1.181505
chr17	21678857	2.1972246	4.819162	-2.6219373	accessible_not_acetylated	-0.71067095
chr8	7424439	2.3025851	4.919675	-2.6170897	accessible_not_acetylated	-0.082380295
chr6	123803845	0.6931472	3.3095431	-2.616396	accessible_not_acetylated	-0.59620285
chr7	45846792	1.3862944	4.0002804	-2.613986	accessible_not_acetylated	-0.48074102
chr20	64328036	2.7080503	5.3209925	-2.6129422	accessible_not_acetylated	-0.4804697
chr7	43986054	2.6390574	5.249628	-2.6105707	accessible_not_acetylated	-0.7266464
chr10	77637819	1.0986123	3.7077482	-2.6091359	accessible_not_acetylated	-1.946801
chr22	45977186	1.3862944	3.9931438	-2.6068494	accessible_not_acetylated	-1.3885093
chr10	30726970	2.3025851	4.9091177	-2.6065326	accessible_not_acetylated	-0.08306742
chr10	131855124	1.7917595	4.3978987	-2.6061392	accessible_not_acetylated	-0.6646874
chr8	72537168	1.9459102	4.5474663	-2.601556	accessible_not_acetylated	-1.3436894
chr17	14236862	1.0986123	3.6982331	-2.5996208	accessible_not_acetylated	-0.80585194
chr10	46634878	2.4849067	5.0810895	-2.5961828	accessible_not_acetylated	0.117969036
chr20	63472689	1.7917595	4.38505	-2.5932903	accessible_not_acetylated	-1.1176736
chr10	132163632	2.5649493	5.157832	-2.5928829	accessible_not_acetylated	-0.14796925
chr7	73135031	2.0794415	4.6715508	-2.5921092	accessible_not_acetylated	-0.6641631
chr17	39709749	1.7917595	4.3831587	-2.5913992	accessible_not_acetylated	-1.0491242
chr6	32894706	1.9459102	4.5360184	-2.5901082	accessible_not_acetylated	-0.8750334
chr8	103140692	1.7917595	4.380863	-2.5891037	accessible_not_acetylated	-0.8760803
chr10	86363316	2.1972246	4.7856913	-2.5884666	accessible_not_acetylated	-0.78034496
chr6	170438646	2.3978953	4.983141	-2.5852456	accessible_not_acetylated	-0.5869975
chr7	171809	1.7917595	4.375065	-2.5833054	accessible_not_acetylated	-1.0039802
chr7	73157646	2.8332133	5.415244	-2.5820308	accessible_not_acetylated	0.09567785
chr18	35581591	3.1780539	5.7534175	-2.5753636	accessible_not_acetylated	-1.219779
chr17	6556558	1.609438	4.1809635	-2.5715256	accessible_not_acetylated	-1.4448459
chr10	79512600	1.609438	4.179764	-2.5703259	accessible_not_acetylated	-0.7425387
chr17	63701986	1.9459102	4.51547	-2.5695598	accessible_not_acetylated	-0.6604488
chr22	42571268	1.9459102	4.5145006	-2.5685904	accessible_not_acetylated	-0.7690532
chr10	102086367	1.3862944	3.9546466	-2.5683522	accessible_not_acetylated	-0.3832786
chr22	15811354	2.0794415	4.6459103	-2.5664687	accessible_not_acetylated	0.047027588
chr12	118981675	1.9459102	4.5107293	-2.564819	accessible_not_acetylated	-0.97287583
chr6	57673476	1.9459102	4.5104246	-2.5645144	accessible_not_acetylated	-0.4118514
chr17	31391672	1.9459102	4.507036	-2.561126	accessible_not_acetylated	-1.4728074
chr17	10730329	1.0986123	3.6594253	-2.560813	accessible_not_acetylated	-1.2312832
chr7	38358328	2.1972246	4.752974	-2.5557494	accessible_not_acetylated	-0.25535774
chr12	78864668	1.0986123	3.6539578	-2.5553455	accessible_not_acetylated	-0.91981006
chr20	23723861	2.1972246	4.7515078	-2.5542831	accessible_not_acetylated	-0.699183
chr10	107164708	1.3862944	3.9387531	-2.5524588	accessible_not_acetylated	-1.4076746
chr10	125775821	1.609438	4.160121	-2.550683	accessible_not_acetylated	-1.3171208
chr18	67516136	2.6390574	5.188339	-2.5492818	accessible_not_acetylated	-0.5349479
chr22	18608657	2.4849067	5.0310907	-2.546184	accessible_not_acetylated	-0.62818193
chr21	44534359	2.7080503	5.2539916	-2.5459414	accessible_not_acetylated	-0.81461096
chr10	98268287	2.5649493	5.1106396	-2.5456903	accessible_not_acetylated	-1.1905568
chr20	56630243	2.0794415	4.6250396	-2.545598	accessible_not_acetylated	-0.99253607
chr8	96161017	2.3978953	4.94156	-2.5436645	accessible_not_acetylated	-0.8147559
chr22	33058438	1.9459102	4.4886003	-2.54269	accessible_not_acetylated	-0.7071121
chr8	103370486	2.9957323	5.538044	-2.5423117	accessible_not_acetylated	-0.7798691
chr18	61894444	2.4849067	5.024394	-2.5394874	accessible_not_acetylated	-0.847538
chr10	784792	2.1972246	4.7352905	-2.538066	accessible_not_acetylated	-0.99056983
chr12	43551971	1.609438	4.146404	-2.5369658	accessible_not_acetylated	-1.2634945
chr12	2674631	1.609438	4.1462674	-2.5368295	accessible_not_acetylated	-0.9253979
chr10	133200346	2.0794415	4.615493	-2.5360513	accessible_not_acetylated	-0.8634937
chr8	20255292	1.609438	4.144578	-2.53514	accessible_not_acetylated	-0.70846295
chr20	6213287	2.5649493	5.0982857	-2.5333364	accessible_not_acetylated	-0.78564787
chr21	10521513	1.7917595	4.3219895	-2.53023	accessible_not_acetylated	-0.90661764
chr10	132248193	1.9459102	4.4752913	-2.529381	accessible_not_acetylated	-0.8108039
chr22	44192637	2.7080503	5.2369413	-2.528891	accessible_not_acetylated	-0.62668514
chr7	73123888	2.5649493	5.093442	-2.5284927	accessible_not_acetylated	-0.07091427
chr6	70955509	2.3978953	4.925444	-2.5275488	accessible_not_acetylated	-0.51492405
chr8	119208370	1.0986123	3.6247578	-2.5261455	accessible_not_acetylated	-1.1671598
chr12	1531306	2.3025851	4.8284407	-2.5258555	accessible_not_acetylated	-1.4111214
chr10	68828350	2.944439	5.469576	-2.525137	accessible_not_acetylated	-1.1804943
chr7	32738594	2.3978953	4.9193916	-2.5214963	accessible_not_acetylated	-0.38873672
chr20	63479191	1.7917595	4.311132	-2.5193725	accessible_not_acetylated	-1.205513
chr10	79311039	2.1972246	4.7133374	-2.5161128	accessible_not_acetylated	-0.9901099
chr21	22578864	1.0986123	3.6140847	-2.5154724	accessible_not_acetylated	-0.1792531
chr6	32045105	2.6390574	5.152047	-2.5129898	accessible_not_acetylated	-0.6048093
chr7	73328157	1.3862944	3.8990393	-2.512745	accessible_not_acetylated	-1.1424122
chr22	42129542	1.9459102	4.458542	-2.5126317	accessible_not_acetylated	-1.1135375
chr17	59594634	2.1972246	4.7089496	-2.511725	accessible_not_acetylated	-0.25263548
chr7	65562731	2.3978953	4.908761	-2.5108657	accessible_not_acetylated	0.33405352
chr10	805162	2.1972246	4.7075872	-2.5103626	accessible_not_acetylated	-0.9644191
chr20	4823650	2.0794415	4.58582	-2.5063787	accessible_not_acetylated	-1.225889
chr17	19237497	2.7725887	5.2764716	-2.503883	accessible_not_acetylated	-0.9550071
chr12	42589558	2.3978953	4.9014344	-2.503539	accessible_not_acetylated	-0.7749896
chr7	56175229	2.1972246	4.6998243	-2.5025997	accessible_not_acetylated	-1.1377735
chr8	143483545	1.7917595	4.2918673	-2.5001078	accessible_not_acetylated	-1.0777025
chr18	77900297	2.6390574	5.138928	-2.4998705	accessible_not_acetylated	-0.6344218
chr17	18411158	1.7917595	4.2901187	-2.4983592	accessible_not_acetylated	-0.9491029
chr10	102629938	1.7917595	4.2900314	-2.498272	accessible_not_acetylated	-1.2837403
chr8	69644139	2.0794415	4.576562	-2.4971204	accessible_not_acetylated	-0.8728657
chr10	97849914	2.5649493	5.061488	-2.4965389	accessible_not_acetylated	-1.0032921
chr20	63070038	2.1972246	4.691857	-2.4946322	accessible_not_acetylated	-0.9349146
chr7	90211709	2.3978953	4.890178	-2.4922829	accessible_not_acetylated	-0.9182677
chr20	51768411	1.0986123	3.5898902	-2.491278	accessible_not_acetylated	-1.2981157
chr10	119029708	2.8332133	5.321677	-2.4884639	accessible_not_acetylated	-0.8522606
chr21	13806618	2.1972246	4.6817255	-2.484501	accessible_not_acetylated	-0.20605087
chr7	102671756	2.7080503	5.1917744	-2.483724	accessible_not_acetylated	-0.4555235
chr6	130366280	2.0794415	4.563081	-2.4836392	accessible_not_acetylated	-0.8266132
chr7	56327361	1.609438	4.09279	-2.4833522	accessible_not_acetylated	-0.7919581
chr22	17446893	2.0794415	4.561217	-2.4817753	accessible_not_acetylated	-0.5252056
chr10	129963827	1.0986123	3.5798461	-2.4812338	accessible_not_acetylated	-1.3178504
chr22	41575281	2.1972246	4.6760855	-2.4788609	accessible_not_acetylated	-1.0418751
chr22	41246305	2.1972246	4.675497	-2.4782724	accessible_not_acetylated	-0.7995405
chr20	30569995	2.4849067	4.9613457	-2.476439	accessible_not_acetylated	-0.18388653
chr10	132419118	1.9459102	4.4222574	-2.4763472	accessible_not_acetylated	-1.5984616
chr6	133241356	1.3862944	3.8602247	-2.4739304	accessible_not_acetylated	-0.84497523
chr21	19900585	2.3025851	4.7755804	-2.4729953	accessible_not_acetylated	-0.42771244
chr7	152806843	2.3025851	4.775468	-2.4728827	accessible_not_acetylated	-0.34764528
chr7	4800030	2.3025851	4.7747116	-2.4721265	accessible_not_acetylated	-0.7697315
chr7	102672923	2.7725887	5.2435007	-2.470912	accessible_not_acetylated	-0.4351201
chr10	47466846	2.0794415	4.5503078	-2.4708662	accessible_not_acetylated	-0.35462046
chr20	25987436	2.1972246	4.667304	-2.4700794	accessible_not_acetylated	-1.0544591
chr12	45537	2.4849067	4.953444	-2.4685373	accessible_not_acetylated	-0.9659984
chr18	12076525	2.4849067	4.9516153	-2.4667087	accessible_not_acetylated	-0.5003996
chr8	11330985	0.6931472	3.1587782	-2.465631	accessible_not_acetylated	-0.47984552
chr10	76315543	2.3978953	4.863407	-2.4655118	accessible_not_acetylated	-0.91465473
chr8	142475726	2.7080503	5.1719494	-2.4638991	accessible_not_acetylated	-0.68960905
chr10	114043568	2.0794415	4.5431137	-2.4636722	accessible_not_acetylated	-1.3435159
chr7	80135004	2.0794415	4.5430326	-2.463591	accessible_not_acetylated	-1.4557207
chr17	82084147	1.9459102	4.4089804	-2.4630702	accessible_not_acetylated	-0.9339807
chr21	46098113	2.3978953	4.860701	-2.4628057	accessible_not_acetylated	-0.62658405
chr21	45333208	2.0794415	4.542018	-2.4625764	accessible_not_acetylated	-0.76622486
chr10	101139786	1.7917595	4.2543125	-2.462553	accessible_not_acetylated	-1.1836319
chr7	5898689	2.8332133	5.2954273	-2.462214	accessible_not_acetylated	-0.43354797
chr10	102409130	2.4849067	4.947018	-2.4621115	accessible_not_acetylated	-1.4581428
chr7	76438061	2.3978953	4.8591905	-2.4612951	accessible_not_acetylated	-0.508029
chr7	143563413	2.5649493	5.0247736	-2.4598243	accessible_not_acetylated	0.15650845
chr12	40224850	2.3978953	4.8562717	-2.4583764	accessible_not_acetylated	-1.0576239
chr12	120093701	2.5649493	5.022186	-2.4572365	accessible_not_acetylated	-0.8085966
chr18	33424574	2.3025851	4.7585754	-2.4559903	accessible_not_acetylated	-0.5488281
chr6	127516296	2.6390574	5.093753	-2.4546955	accessible_not_acetylated	-0.795661
chr17	39151649	1.7917595	4.2459407	-2.4541812	accessible_not_acetylated	-1.1259863
chr22	50185873	2.6390574	5.0917215	-2.4526641	accessible_not_acetylated	-0.59641886
chr6	57946324	2.3025851	4.7546806	-2.4520955	accessible_not_acetylated	-0.26400423
chr20	49568170	1.7917595	4.24368	-2.4519205	accessible_not_acetylated	-1.2666254
chr7	2390635	2.3025851	4.7540545	-2.4514694	accessible_not_acetylated	-0.8097379
chr10	132194452	1.9459102	4.3968897	-2.4509795	accessible_not_acetylated	-1.4024551
chr7	98211402	2.3025851	4.752448	-2.449863	accessible_not_acetylated	-1.3213096
chr17	15817742	1.609438	4.0580063	-2.4485683	accessible_not_acetylated	-0.86922455
chr8	63086053	1.3862944	3.8347957	-2.4485013	accessible_not_acetylated	-0.9209986
chr22	24606502	2.0794415	4.52641	-2.4469686	accessible_not_acetylated	-0.5622175
chr10	49614036	1.609438	4.0558777	-2.4464397	accessible_not_acetylated	-0.9846897
chr7	74967115	2.8332133	5.277895	-2.4446816	accessible_not_acetylated	0.30708265
chr7	43970893	2.3978953	4.841781	-2.4438858	accessible_not_acetylated	-0.9302244
chr7	28180744	2.5649493	5.008069	-2.4431198	accessible_not_acetylated	-0.7316265
chr10	132354967	2.1972246	4.6386433	-2.4414186	accessible_not_acetylated	-1.0467916
chr18	80247484	2.4849067	4.925494	-2.4405875	accessible_not_acetylated	-0.8231549
chr18	76406216	2.0794415	4.5199647	-2.4405231	accessible_not_acetylated	-0.7838974
chr7	102448404	2.0794415	4.5198483	-2.4404068	accessible_not_acetylated	-0.708961
chr18	79586268	2.1972246	4.636799	-2.4395742	accessible_not_acetylated	-1.2786806
chr17	17388227	2.1972246	4.6364446	-2.43922	accessible_not_acetylated	-0.85612774
chr17	17782706	2.3025851	4.741446	-2.438861	accessible_not_acetylated	-0.9608755
chr22	17121058	2.5649493	5.0023327	-2.4373834	accessible_not_acetylated	-1.3636708
chr20	420816	2.1972246	4.634062	-2.4368372	accessible_not_acetylated	-1.153276
chr6	34571636	2.3025851	4.736375	-2.4337897	accessible_not_acetylated	-0.69263935
chr20	1002264	1.3862944	3.8197913	-2.433497	accessible_not_acetylated	-1.5597603
chr21	43991454	2.3025851	4.735305	-2.4327197	accessible_not_acetylated	-0.6663637
chr12	120094215	2.7080503	5.1407332	-2.432683	accessible_not_acetylated	-0.7493262
chr12	130337887	1.7917595	4.224413	-2.4326534	accessible_not_acetylated	-1.5983031
chr10	133379241	3.0445225	5.4769697	-2.4324472	accessible_not_acetylated	-0.9313779
chr12	132598223	2.3978953	4.8303165	-2.4324212	accessible_not_acetylated	-1.182878
chr18	37394156	2.7080503	5.1398115	-2.4317613	accessible_not_acetylated	-0.6515713
chr8	22156874	2.0794415	4.510997	-2.4315553	accessible_not_acetylated	-1.0785453
chr20	23799400	2.6390574	5.070224	-2.4311664	accessible_not_acetylated	-1.0422897
chr8	7887107	2.3978953	4.828598	-2.4307027	accessible_not_acetylated	0.36255074
chr8	24942057	1.7917595	4.222166	-2.4304066	accessible_not_acetylated	-0.88909817
chr10	37988703	1.9459102	4.3756194	-2.4297092	accessible_not_acetylated	-0.53394055
chr20	57118392	2.1972246	4.6267176	-2.429493	accessible_not_acetylated	-1.1833177
chr22	50674641	1.609438	4.0382767	-2.4288387	accessible_not_acetylated	-1.8458486
chr8	1973877	1.609438	4.0378046	-2.4283667	accessible_not_acetylated	-1.4554379
chr18	59269275	2.6390574	5.0668106	-2.4277532	accessible_not_acetylated	-1.0920749
chr10	127907048	2.3978953	4.825444	-2.427549	accessible_not_acetylated	-1.0047708
chr22	39662481	2.3978953	4.825405	-2.4275098	accessible_not_acetylated	-1.0735276
chr18	47025128	2.4849067	4.912237	-2.4273305	accessible_not_acetylated	-0.15536308
chr22	45164505	2.8903718	5.316597	-2.4262252	accessible_not_acetylated	-1.0167999
chr17	2826310	1.609438	4.0354633	-2.4260254	accessible_not_acetylated	-0.4432757
chr8	23682829	2.5649493	4.990385	-2.4254358	accessible_not_acetylated	-1.0717692
chr10	118594543	1.7917595	4.217037	-2.4252777	accessible_not_acetylated	-1.3018193
chr7	458013	1.9459102	4.3710623	-2.425152	accessible_not_acetylated	-1.3969688
chr22	30802974	2.7725887	5.1960125	-2.4234238	accessible_not_acetylated	-0.7673192
chr17	9021541	1.0986123	3.5219264	-2.423314	accessible_not_acetylated	-1.1230118
chr12	132134187	2.9957323	5.419041	-2.4233088	accessible_not_acetylated	-0.8818183
chr20	6123544	1.609438	4.032545	-2.4231071	accessible_not_acetylated	-0.75927496
chr8	142777281	2.8903718	5.3129177	-2.422546	accessible_not_acetylated	-1.3656001
chr17	38428381	2.1972246	4.6197157	-2.422491	accessible_not_acetylated	-1.2302377
chr7	128271047	2.3978953	4.819595	-2.4216995	accessible_not_acetylated	-0.8013005
chr17	39225914	2.3978953	4.818227	-2.4203315	accessible_not_acetylated	-0.9724405
chr7	73154911	2.8332133	5.252721	-2.4195075	accessible_not_acetylated	-0.5016947
chr7	63926259	2.6390574	5.05822	-2.4191625	accessible_not_acetylated	-0.49542046
chr10	128324288	2.3978953	4.8166075	-2.4187121	accessible_not_acetylated	-0.19636726
chr22	47193291	2.1972246	4.6158094	-2.4185848	accessible_not_acetylated	-0.87569714
chr18	10630106	2.5649493	4.982671	-2.4177215	accessible_not_acetylated	-0.07501793
chr7	75092803	2.6390574	5.0563726	-2.4173152	accessible_not_acetylated	-0.14226866
chr8	2238484	2.4849067	4.9021006	-2.417194	accessible_not_acetylated	-0.34757042
chr10	81875313	0.6931472	3.1093102	-2.416163	accessible_not_acetylated	-1.6994307
chr22	50705461	2.3025851	4.718264	-2.415679	accessible_not_acetylated	-1.1200554
chr7	94394561	2.1972246	4.612616	-2.4153914	accessible_not_acetylated	-0.7423837
chr6	100969143	2.3025851	4.7172723	-2.4146872	accessible_not_acetylated	-0.7329285
chr8	109071229	2.1972246	4.6104827	-2.413258	accessible_not_acetylated	-0.9403262
chr8	107600126	1.7917595	4.2048864	-2.413127	accessible_not_acetylated	-0.64980054
chr22	46355575	2.3025851	4.715531	-2.4129457	accessible_not_acetylated	-0.7562673
chr17	73690802	1.7917595	4.204173	-2.4124136	accessible_not_acetylated	-0.23260713
chr17	74369432	2.0794415	4.4918375	-2.412396	accessible_not_acetylated	-0.89912677
chr20	31475287	2.0794415	4.4906874	-2.4112458	accessible_not_acetylated	-1.0815635
chr17	18563558	2.4849067	4.8960285	-2.4111218	accessible_not_acetylated	-0.34296417
chr10	132230026	1.9459102	4.356885	-2.4109747	accessible_not_acetylated	-1.1847267
chr12	10435980	2.4849067	4.8950963	-2.4101896	accessible_not_acetylated	0.016280174
chr8	17496935	2.1972246	4.60686	-2.4096355	accessible_not_acetylated	-1.2113159
chr12	58920460	2.1972246	4.604416	-2.4071913	accessible_not_acetylated	-1.1730604
chr6	70956093	2.7725887	5.179176	-2.4065871	accessible_not_acetylated	-0.9733834
chr7	63068439	2.4849067	4.8880205	-2.4031138	accessible_not_acetylated	-0.49703407
chr7	100341503	2.3978953	4.8007994	-2.402904	accessible_not_acetylated	-0.36636257
chr8	126318917	2.7725887	5.1750917	-2.402503	accessible_not_acetylated	-0.7236686
chr12	120346847	2.0794415	4.481135	-2.4016933	accessible_not_acetylated	-1.2091739
chr17	81491393	2.3025851	4.7038803	-2.4012952	accessible_not_acetylated	-0.93831086
chr6	100354693	2.3978953	4.7985997	-2.4007044	accessible_not_acetylated	-0.6936245
chr10	129889331	2.3978953	4.7985363	-2.400641	accessible_not_acetylated	-0.9862988
chr20	8132182	2.0794415	4.4797807	-2.4003391	accessible_not_acetylated	-0.67596006
chr17	35804096	2.9957323	5.3958707	-2.4001384	accessible_not_acetylated	-0.36730146
chr7	75077739	2.4849067	4.8847857	-2.399879	accessible_not_acetylated	0.022807598
chr17	9240190	2.7725887	5.17168	-2.3990912	accessible_not_acetylated	-0.85713625
chr8	41842039	2.3025851	4.6995063	-2.3969212	accessible_not_acetylated	-0.76387024
chr17	12789483	2.4849067	4.879773	-2.3948665	accessible_not_acetylated	-0.69809914
chr12	187802	1.609438	4.004237	-2.3947992	accessible_not_acetylated	-0.7610383
chr6	69233053	2.6390574	5.033354	-2.3942964	accessible_not_acetylated	-0.3725624
chr6	71288441	1.609438	4.0021133	-2.3926754	accessible_not_acetylated	-0.68739176
chr17	8832825	2.1972246	4.5895905	-2.392366	accessible_not_acetylated	-0.8467963
chr18	59265678	2.4849067	4.8770175	-2.3921108	accessible_not_acetylated	-0.33887243
chr8	37798854	2.4849067	4.8769064	-2.3919997	accessible_not_acetylated	-0.7773628
chr12	132439780	1.9459102	4.3371453	-2.391235	accessible_not_acetylated	-0.9655993
chr20	62466414	2.3025851	4.6934175	-2.3908324	accessible_not_acetylated	-1.1331961
chr10	87214878	2.6390574	5.0267935	-2.387736	accessible_not_acetylated	-0.6282964
chr17	1179852	2.5649493	4.952002	-2.3870528	accessible_not_acetylated	-1.228857
chr18	79400934	2.3025851	4.689033	-2.386448	accessible_not_acetylated	-1.1595836
chr7	6827432	2.3025851	4.6861267	-2.3835416	accessible_not_acetylated	-0.20545197
chr22	21417697	2.7080503	5.0905104	-2.38246	accessible_not_acetylated	-0.19620705
chr10	47461454	2.7725887	5.1542406	-2.3816519	accessible_not_acetylated	0.14305878
chr12	14554583	2.0794415	4.4603777	-2.3809361	accessible_not_acetylated	-0.47752476
chr10	132396941	2.5649493	4.9436445	-2.3786952	accessible_not_acetylated	-0.86843777
chr8	143095392	2.3978953	4.7760525	-2.3781571	accessible_not_acetylated	-1.0585446
chr10	11462	1.7917595	4.169151	-2.3773913	accessible_not_acetylated	-1.6372423
chr20	9839039	1.0986123	3.4747417	-2.3761294	accessible_not_acetylated	-0.8344109
chr7	31246	2.944439	5.3202724	-2.3758335	accessible_not_acetylated	-0.32310915
chr10	43342645	2.4849067	4.8598385	-2.3749318	accessible_not_acetylated	-0.8666377
chr10	135314	2.944439	5.319035	-2.374596	accessible_not_acetylated	-1.0390763
chr10	42475451	2.7080503	5.0825243	-2.374474	accessible_not_acetylated	-0.6819773
chr17	979893	2.944439	5.3184066	-2.3739676	accessible_not_acetylated	-1.1449366
chr20	56629260	2.7725887	5.144906	-2.3723173	accessible_not_acetylated	-0.4251938
chr20	10672493	2.4849067	4.8570824	-2.3721757	accessible_not_acetylated	-0.73040724
chr8	144266557	1.3862944	3.7582757	-2.3719814	accessible_not_acetylated	-1.4446883
chr17	76027452	1.9459102	4.3176994	-2.3717892	accessible_not_acetylated	-1.0768011
chr7	155367933	0.0	2.3697495	-2.3697495	accessible_not_acetylated	-1.3732699
chr10	115093364	1.3862944	3.7554474	-2.369153	accessible_not_acetylated	-1.5922446
chr18	13217744	2.3025851	4.6713486	-2.3687634	accessible_not_acetylated	-1.2523382
chr7	98520659	2.8903718	5.259099	-2.3687272	accessible_not_acetylated	-1.3300045
chr7	76614010	2.3025851	4.6704392	-2.367854	accessible_not_acetylated	-0.42006493
chr10	132448594	2.944439	5.3119984	-2.3675594	accessible_not_acetylated	-1.0951529
chr21	42653672	2.3025851	4.670125	-2.36754	accessible_not_acetylated	-0.4881544
chr10	43115272	2.5649493	4.9316564	-2.366707	accessible_not_acetylated	-1.0205569
chr20	34558644	2.3025851	4.6691666	-2.3665814	accessible_not_acetylated	-1.4934223
chr6	117907335	2.3978953	4.764167	-2.3662715	accessible_not_acetylated	-0.97761846
chr8	544953	2.4849067	4.849788	-2.3648815	accessible_not_acetylated	-1.1381154
chr8	74321474	2.5649493	4.9288006	-2.3638513	accessible_not_acetylated	-1.0267367
chr20	31870039	2.3978953	4.7616835	-2.3637881	accessible_not_acetylated	-0.993942
chr7	48035510	1.9459102	4.3090773	-2.363167	accessible_not_acetylated	-1.1420615
chr12	9065070	1.609438	3.9723802	-2.3629422	accessible_not_acetylated	-1.0336576
chr12	131251518	2.3025851	4.6649504	-2.3623652	accessible_not_acetylated	-0.31538534
chr18	77650981	2.3025851	4.664218	-2.3616328	accessible_not_acetylated	-0.64856434
chr10	42932850	2.3978953	4.759305	-2.3614097	accessible_not_acetylated	-0.6066923
chr17	5035432	1.7917595	4.1529	-2.3611407	accessible_not_acetylated	-1.0473471
chr7	63900767	2.7080503	5.068471	-2.3604207	accessible_not_acetylated	-0.66982365
chr22	44721406	1.9459102	4.3063	-2.36039	accessible_not_acetylated	-0.56056666
chr10	124615064	1.7917595	4.1514387	-2.3596792	accessible_not_acetylated	-0.58238435
chr18	49493330	3.0445225	5.403532	-2.3590095	accessible_not_acetylated	-0.22067738
chr22	17135562	2.0794415	4.4373026	-2.357861	accessible_not_acetylated	-0.8499224
chr10	100828013	2.5649493	4.922627	-2.3576777	accessible_not_acetylated	-0.75425863
chr10	103458960	2.0794415	4.4369535	-2.357512	accessible_not_acetylated	-1.120728
chr17	16492195	2.4849067	4.842216	-2.3573093	accessible_not_acetylated	-1.1289144
chr17	4818454	2.1972246	4.554137	-2.3569126	accessible_not_acetylated	-0.78272176
chr22	47914718	1.609438	3.9661038	-2.3566658	accessible_not_acetylated	-0.33496618
chr6	138424356	2.6390574	4.99483	-2.3557727	accessible_not_acetylated	-1.1071129
chr8	144042696	2.5649493	4.9199114	-2.354962	accessible_not_acetylated	-0.85425234
chr20	6768097	1.609438	3.963425	-2.353987	accessible_not_acetylated	-1.1673288
chr17	45620396	2.4849067	4.8380637	-2.353157	accessible_not_acetylated	-0.3216014
chr12	72272748	1.609438	3.961143	-2.351705	accessible_not_acetylated	-1.220758
chr10	43208516	2.5649493	4.9164457	-2.3514965	accessible_not_acetylated	-0.660223
chr7	1845229	1.9459102	4.2972207	-2.3513105	accessible_not_acetylated	-0.8722074
chr17	47500820	2.1972246	4.5481267	-2.350902	accessible_not_acetylated	-0.19331121
chr8	142614536	3.0910425	5.441842	-2.3507996	accessible_not_acetylated	-0.8294053
chr22	46150872	2.7725887	5.1215353	-2.3489466	accessible_not_acetylated	-1.3832059
chr17	45501576	1.9459102	4.294589	-2.3486788	accessible_not_acetylated	-0.3090074
chr10	79758799	2.3978953	4.7461615	-2.3482661	accessible_not_acetylated	-0.5749283
chr18	79950997	2.4849067	4.832889	-2.3479824	accessible_not_acetylated	-0.7446842
chr10	79685288	2.3978953	4.744997	-2.3471017	accessible_not_acetylated	-0.35834694
chr10	48160866	2.1972246	4.543949	-2.3467245	accessible_not_acetylated	-0.32663345
chr10	133160335	2.7725887	5.1192007	-2.346612	accessible_not_acetylated	-0.83576536
chr10	79781694	2.8903718	5.236828	-2.346456	accessible_not_acetylated	-0.07607269
chr10	86366697	2.0794415	4.425194	-2.3457522	accessible_not_acetylated	-1.6036978
chr8	33599941	2.1972246	4.5421414	-2.3449168	accessible_not_acetylated	-0.7559464
chr17	75831335	2.3025851	4.6469016	-2.3443165	accessible_not_acetylated	-0.73703074
chr17	77548470	2.1972246	4.5411077	-2.343883	accessible_not_acetylated	-0.76976085
chr8	142750395	2.1972246	4.5409985	-2.3437738	accessible_not_acetylated	-0.97584033
chr8	133645358	2.0794415	4.42315	-2.3437085	accessible_not_acetylated	-0.34527922
chr12	131598940	2.7080503	5.051631	-2.3435807	accessible_not_acetylated	-0.6635394
chr12	132809570	2.1972246	4.540487	-2.3432622	accessible_not_acetylated	-0.6463094
chr7	102619475	2.5649493	4.907952	-2.3430026	accessible_not_acetylated	-0.5676584
chr17	22513309	2.3025851	4.6451774	-2.3425922	accessible_not_acetylated	-0.28420782
chr22	41240931	1.9459102	4.288294	-2.3423836	accessible_not_acetylated	-0.9827173
chr7	1235886	1.609438	3.9515705	-2.3421326	accessible_not_acetylated	-1.6159544
chr10	88728595	2.3978953	4.739856	-2.3419604	accessible_not_acetylated	-1.0050027
chr7	4959213	0.6931472	3.0337853	-2.3406382	accessible_not_acetylated	-1.449192
chr20	2752345	2.5649493	4.905494	-2.340545	accessible_not_acetylated	-1.1860063
chr12	8243496	2.8332133	5.1735716	-2.3403583	accessible_not_acetylated	-1.4760921
chr18	74292080	3.0445225	5.384572	-2.3400495	accessible_not_acetylated	-0.8048749
chr21	36130276	2.6390574	4.9790454	-2.339988	accessible_not_acetylated	-0.53854847
chr8	141436832	2.5649493	4.9048996	-2.3399503	accessible_not_acetylated	-1.7237492
chr7	143387831	2.7725887	5.1124687	-2.33988	accessible_not_acetylated	-0.74897814
chr10	8235803	2.4849067	4.8244386	-2.339532	accessible_not_acetylated	-0.2909751
chr8	8228546	2.944439	5.283389	-2.3389502	accessible_not_acetylated	-1.4002731
chr20	21705658	1.3862944	3.7234714	-2.337177	accessible_not_acetylated	-1.2755096
chr6	56844284	2.6390574	4.975546	-2.3364885	accessible_not_acetylated	-0.326097
chr22	50600486	2.6390574	4.9751444	-2.336087	accessible_not_acetylated	-0.81819344
chr21	45509807	2.3978953	4.731828	-2.3339329	accessible_not_acetylated	-0.946229
chr18	12208466	2.4849067	4.818404	-2.3334975	accessible_not_acetylated	-0.46480513
chr12	88580355	2.3978953	4.731288	-2.3333926	accessible_not_acetylated	-0.737731
chr10	86349669	2.6390574	4.9717684	-2.332711	accessible_not_acetylated	-0.46267605
chr10	11018063	2.0794415	4.412135	-2.3326936	accessible_not_acetylated	-1.7180367
chr7	48455040	2.5649493	4.8943768	-2.3294275	accessible_not_acetylated	-0.94775414
chr18	5630754	2.0794415	4.4078665	-2.328425	accessible_not_acetylated	-1.1774669
chr12	11395564	0.6931472	3.0208015	-2.3276544	accessible_not_acetylated	0.0090818405
chr17	78925413	2.3025851	4.629829	-2.3272438	accessible_not_acetylated	-1.1559818
chr7	152872393	2.3025851	4.6296363	-2.3270512	accessible_not_acetylated	-1.2256398
chr22	17275640	2.4849067	4.811679	-2.3267722	accessible_not_acetylated	-0.6065283
chr7	66734378	2.1972246	4.5230265	-2.3258018	accessible_not_acetylated	-0.6952431
chr20	24918515	2.4849067	4.810662	-2.3257551	accessible_not_acetylated	-0.36385965
chr17	81559257	2.0794415	4.404831	-2.3253894	accessible_not_acetylated	-1.1705785
chr22	30823206	2.0794415	4.4047117	-2.3252702	accessible_not_acetylated	-0.7110541
chr8	120812069	1.609438	3.9334023	-2.3239644	accessible_not_acetylated	-1.1961088
chr6	38165874	1.9459102	4.26961	-2.3236997	accessible_not_acetylated	-0.7229066
chr10	43266029	2.4849067	4.808278	-2.3233714	accessible_not_acetylated	-1.0011048
chr22	36457964	2.3025851	4.6257133	-2.3231282	accessible_not_acetylated	-0.9914036
chr18	75979	2.4849067	4.807473	-2.3225665	accessible_not_acetylated	-0.7702484
chr7	6826304	2.8903718	5.2122164	-2.3218446	accessible_not_acetylated	-0.28687143
chr12	132501443	2.6390574	4.960533	-2.3214757	accessible_not_acetylated	-0.97033286
chr18	30383836	2.6390574	4.960514	-2.3214567	accessible_not_acetylated	-0.20262241
chr7	909015	2.7725887	5.0929995	-2.3204107	accessible_not_acetylated	-0.6325822
chr7	1842601	2.3025851	4.6226444	-2.3200593	accessible_not_acetylated	-1.0347993
chr7	100573820	2.1972246	4.517251	-2.3200264	accessible_not_acetylated	-1.048321
chr18	46757169	0.6931472	3.0129342	-2.319787	accessible_not_acetylated	-1.0627947
chr10	133276888	2.5649493	4.8845577	-2.3196084	accessible_not_acetylated	-0.68315554
chr22	45284986	1.9459102	4.265406	-2.319496	accessible_not_acetylated	-1.2171044
chr17	21681251	1.7917595	4.1107726	-2.319013	accessible_not_acetylated	-0.58790326
chr22	41359118	2.3025851	4.6212974	-2.3187122	accessible_not_acetylated	-0.6212554
chr7	20778175	2.4849067	4.8035955	-2.3186889	accessible_not_acetylated	-0.8928859
chr12	51849174	2.1972246	4.515089	-2.3178644	accessible_not_acetylated	-1.172854
chr18	13461709	2.3978953	4.715412	-2.3175168	accessible_not_acetylated	-0.56178665
chr18	44744511	2.3025851	4.6194086	-2.3168235	accessible_not_acetylated	-0.8469882
chr6	79947598	1.7917595	4.1081753	-2.3164158	accessible_not_acetylated	-0.70432687
chr12	6789471	2.3025851	4.618445	-2.3158598	accessible_not_acetylated	-1.2331398
chr10	14604388	2.7725887	5.0876946	-2.315106	accessible_not_acetylated	-0.68569136
chr18	7980340	2.1972246	4.51231	-2.3150854	accessible_not_acetylated	-1.1507778
chr12	53950574	2.5649493	4.8798304	-2.314881	accessible_not_acetylated	-0.35604334
chr7	157279425	2.5649493	4.8796988	-2.3147495	accessible_not_acetylated	-1.1694467
chr7	2476383	2.1972246	4.511967	-2.3147426	accessible_not_acetylated	-1.3497531
chr10	97185926	1.609438	3.923214	-2.313776	accessible_not_acetylated	-1.3553424
chr6	138278462	2.1972246	4.510935	-2.3137102	accessible_not_acetylated	-0.6262238
chr10	30677554	2.5649493	4.8771715	-2.3122222	accessible_not_acetylated	-0.89574766
chr12	13001501	2.3025851	4.6139827	-2.3113976	accessible_not_acetylated	-0.9805479
chr10	132962237	1.9459102	4.257228	-2.3113177	accessible_not_acetylated	-0.6906774
chr17	3048961	2.8903718	5.2010922	-2.3107204	accessible_not_acetylated	-0.46561956
chr17	50468866	2.1972246	4.5077133	-2.3104887	accessible_not_acetylated	-1.1677635
chr22	41926806	2.7080503	5.0185137	-2.3104634	accessible_not_acetylated	-1.0771565
chr18	14748239	1.3862944	3.6967201	-2.3104258	accessible_not_acetylated	-1.364233
chr7	44536625	2.3025851	4.6128902	-2.310305	accessible_not_acetylated	-0.7137444
chr7	29684372	3.0445225	5.35439	-2.3098676	accessible_not_acetylated	-0.4395647
chr17	76586063	2.4849067	4.7944226	-2.309516	accessible_not_acetylated	-1.5133128
chr21	45507744	2.1972246	4.505667	-2.3084426	accessible_not_acetylated	-0.5881951
chr12	31110029	2.0794415	4.387352	-2.3079104	accessible_not_acetylated	-0.40247726
chr6	44270914	2.3978953	4.705793	-2.3078976	accessible_not_acetylated	-0.9704509
chr22	49305125	2.6390574	4.9465933	-2.307536	accessible_not_acetylated	-0.9576559
chr7	2505000	2.1972246	4.5035124	-2.3062878	accessible_not_acetylated	-0.7621794
chr20	10218810	2.7080503	5.0139866	-2.3059363	accessible_not_acetylated	-0.7217994
chr17	70169498	2.7725887	5.0783515	-2.3057628	accessible_not_acetylated	-0.3346033
chr10	98423850	2.1972246	4.5019865	-2.304762	accessible_not_acetylated	-1.1003554
chr20	62813762	2.7080503	5.01257	-2.3045197	accessible_not_acetylated	-1.6877091
chr8	1763555	3.7841897	6.0882006	-2.3040109	accessible_not_acetylated	-0.6264458
chr8	143794786	2.1972246	4.5012054	-2.3039808	accessible_not_acetylated	-0.6528945
chr10	29488067	2.3025851	4.6062574	-2.3036723	accessible_not_acetylated	-0.56359386
chr17	2369932	2.1972246	4.500891	-2.3036666	accessible_not_acetylated	-0.9170513
chr12	34333538	2.7080503	5.011256	-2.303206	accessible_not_acetylated	-0.6777139
chr7	44039227	2.7725887	5.0754395	-2.3028507	accessible_not_acetylated	-0.38977718
chr10	117241072	1.7917595	4.094073	-2.3023133	accessible_not_acetylated	-1.232152
chr18	62992152	2.8332133	5.135474	-2.3022609	accessible_not_acetylated	-0.6654606
chr7	39414588	2.4849067	4.78485	-2.2999434	accessible_not_acetylated	-0.7180233
chr12	132176455	2.0794415	4.3791785	-2.299737	accessible_not_acetylated	-1.0224638
chr20	56533245	1.7917595	4.0912933	-2.2995338	accessible_not_acetylated	-0.55205774
chr17	67377943	2.9957323	5.294898	-2.2991657	accessible_not_acetylated	-0.9913926
chr17	79097615	2.1972246	4.4956684	-2.2984438	accessible_not_acetylated	-1.0341156
chr17	66835052	2.4849067	4.7831445	-2.2982378	accessible_not_acetylated	-0.64872646
chr18	46375149	2.3025851	4.600349	-2.2977638	accessible_not_acetylated	-0.48242426
chr12	102824519	2.1972246	4.494977	-2.2977524	accessible_not_acetylated	-0.7003548
chr7	87628412	1.609438	3.9071853	-2.2977474	accessible_not_acetylated	-1.308023
chr12	131341811	2.1972246	4.4945827	-2.297358	accessible_not_acetylated	-0.20722294
chr8	69835064	1.9459102	4.243061	-2.2971509	accessible_not_acetylated	-0.564415
chr22	37893709	2.4849067	4.781479	-2.2965722	accessible_not_acetylated	-0.5284977
chr10	11885279	2.6390574	4.935069	-2.2960117	accessible_not_acetylated	-1.0292559
chr8	144392639	2.1972246	4.4917426	-2.294518	accessible_not_acetylated	-0.9748838
chr18	59273463	2.4849067	4.7790675	-2.2941608	accessible_not_acetylated	-0.63965845
chr20	64238992	2.0794415	4.3733053	-2.2938638	accessible_not_acetylated	-0.7973807
chr8	55103003	2.3025851	4.59597	-2.293385	accessible_not_acetylated	-1.2296526
chr20	41366858	2.0794415	4.371632	-2.2921906	accessible_not_acetylated	-1.7103219
chr17	10657309	1.3862944	3.6776056	-2.2913113	accessible_not_acetylated	-1.0773761
chr17	20320928	2.5649493	4.855651	-2.2907016	accessible_not_acetylated	-1.1758902
chr20	25585423	2.5649493	4.854841	-2.289892	accessible_not_acetylated	-1.2169251
chr7	954689	2.3978953	4.6871243	-2.289229	accessible_not_acetylated	-1.1821575
chr20	9069108	2.4849067	4.773796	-2.2888894	accessible_not_acetylated	-1.0775442
chr20	30722987	2.1972246	4.485183	-2.2879581	accessible_not_acetylated	-0.5497241
chr17	75743050	2.1972246	4.4848094	-2.2875848	accessible_not_acetylated	-1.1171012
chr20	63736459	2.1972246	4.484204	-2.2869792	accessible_not_acetylated	-0.9560611
chr7	141702087	2.8903718	5.1769648	-2.286593	accessible_not_acetylated	-1.2409346
chr10	24208790	1.3862944	3.6712456	-2.2849512	accessible_not_acetylated	-0.7307863
chr6	153131254	1.3862944	3.6710162	-2.2847219	accessible_not_acetylated	-0.6806693
chr12	65278873	2.6390574	4.922979	-2.2839215	accessible_not_acetylated	-1.0999837
chr17	76307680	1.7917595	4.0755234	-2.283764	accessible_not_acetylated	-1.0646026
chr7	45157767	1.9459102	4.2288866	-2.2829764	accessible_not_acetylated	-1.2831631
chr6	101393655	2.3978953	4.6804705	-2.2825751	accessible_not_acetylated	-0.576231
chr8	17413531	1.3862944	3.6685073	-2.282213	accessible_not_acetylated	-0.9882374
chr22	21544874	3.0910425	5.3729773	-2.2819347	accessible_not_acetylated	-0.1820898
chr7	10649365	2.3978953	4.6797266	-2.2818313	accessible_not_acetylated	-0.59907293
chr18	59697428	2.4849067	4.766609	-2.2817025	accessible_not_acetylated	-0.85685205
chr8	1734602	2.1972246	4.475869	-2.2786446	accessible_not_acetylated	-0.5203748
chr8	67952251	2.3978953	4.67564	-2.2777448	accessible_not_acetylated	-1.0027521
chr12	131439004	2.6390574	4.9166784	-2.277621	accessible_not_acetylated	-0.20568609
chr10	131084515	2.3025851	4.5781984	-2.2756133	accessible_not_acetylated	-0.8831475
chr10	120457017	1.9459102	4.2214055	-2.2754953	accessible_not_acetylated	-1.605912
chr10	70283694	1.9459102	4.2211504	-2.2752402	accessible_not_acetylated	-1.3848071
chr22	46110341	2.5649493	4.839834	-2.274885	accessible_not_acetylated	-0.82940054
chr12	122137651	2.7080503	4.9824705	-2.2744203	accessible_not_acetylated	-0.61939526
chr18	46555926	2.3978953	4.671596	-2.2737007	accessible_not_acetylated	-0.10079384
chr10	128047533	2.3978953	4.671536	-2.2736406	accessible_not_acetylated	-1.3034217
chr7	45089526	2.8332133	5.1067314	-2.273518	accessible_not_acetylated	-0.8717003
chr20	64090451	2.3025851	4.574874	-2.2722888	accessible_not_acetylated	-1.1704807
chr8	142278929	2.3978953	4.6700935	-2.2721982	accessible_not_acetylated	-1.2338774
chr7	64464031	2.8332133	5.104704	-2.2714906	accessible_not_acetylated	-0.73793745
chr7	75442548	2.9957323	5.2671785	-2.2714462	accessible_not_acetylated	-0.3459444
chr17	68197400	2.1972246	4.468462	-2.2712374	accessible_not_acetylated	-1.2366767
chr7	963688	2.3978953	4.669102	-2.2712069	accessible_not_acetylated	-0.9006181
chr22	30397875	2.0794415	4.3504753	-2.2710338	accessible_not_acetylated	-0.5538316
chr12	122029949	2.0794415	4.3491373	-2.2696958	accessible_not_acetylated	-0.54096174
chr17	21592513	2.1972246	4.466764	-2.2695394	accessible_not_acetylated	-0.9733248
chr17	45405477	3.0910425	5.359451	-2.2684083	accessible_not_acetylated	-0.9455724
chr10	1020617	2.3978953	4.666134	-2.2682385	accessible_not_acetylated	-0.75808024
chr8	12194382	3.4339871	5.702091	-2.268104	accessible_not_acetylated	-0.9635396
chr18	12199737	2.5649493	4.8327775	-2.2678282	accessible_not_acetylated	-0.21200228
chr12	132414150	2.7725887	5.0402145	-2.2676258	accessible_not_acetylated	-1.0928748
chr20	29687657	2.1972246	4.4647384	-2.2675138	accessible_not_acetylated	-0.9560387
chr8	141573533	2.4849067	4.7522984	-2.2673917	accessible_not_acetylated	-0.24742365
chr10	59709873	2.9957323	5.2627845	-2.2670522	accessible_not_acetylated	-0.9186139
chr10	130341512	2.1972246	4.46404	-2.2668152	accessible_not_acetylated	-0.811919
chr22	44312851	1.609438	3.8760571	-2.2666192	accessible_not_acetylated	-1.1125724
chr7	158471294	2.0794415	4.3458395	-2.266398	accessible_not_acetylated	-0.69983625
chr21	40847113	1.609438	3.8752065	-2.2657685	accessible_not_acetylated	-0.8652911
chr7	55689557	2.6390574	4.904805	-2.2657478	accessible_not_acetylated	-0.34554815
chr8	46219128	2.3025851	4.5677686	-2.2651834	accessible_not_acetylated	-0.6710763
chr20	62427573	1.9459102	4.210964	-2.265054	accessible_not_acetylated	-0.8385887
chr8	142173062	2.3025851	4.567307	-2.2647219	accessible_not_acetylated	-1.2170048
chr7	19772781	1.9459102	4.2105637	-2.2646534	accessible_not_acetylated	-0.8315563
chr17	11599008	2.4849067	4.7493486	-2.264442	accessible_not_acetylated	-0.48417568
chr22	44702746	2.0794415	4.3431807	-2.263739	accessible_not_acetylated	-0.96855664
chr20	25299821	2.1972246	4.460264	-2.2630396	accessible_not_acetylated	-0.7117622
chr10	128158280	2.1972246	4.4593716	-2.262147	accessible_not_acetylated	-0.20330143
chr18	8478859	2.5649493	4.8266172	-2.261668	accessible_not_acetylated	-0.16867828
chr22	20310906	2.7725887	5.03419	-2.2616014	accessible_not_acetylated	-0.6795101
chr10	116742868	3.0910425	5.3514843	-2.2604418	accessible_not_acetylated	-1.1854506
chr22	38993094	2.3978953	4.6577168	-2.2598214	accessible_not_acetylated	-0.72330046
chr17	13600800	3.0445225	5.3040543	-2.2595317	accessible_not_acetylated	-1.2109318
chr17	19745052	2.1972246	4.456553	-2.2593284	accessible_not_acetylated	-1.1478453
chr12	2752803	2.7080503	4.9669685	-2.2589183	accessible_not_acetylated	-0.835155
chr20	30585387	2.6390574	4.897689	-2.2586315	accessible_not_acetylated	-0.46129417
chr20	16228920	2.3978953	4.656398	-2.2585025	accessible_not_acetylated	-0.47270775
chr7	5241368	2.7080503	4.965952	-2.2579017	accessible_not_acetylated	-0.5027876
chr17	76022434	2.4849067	4.742641	-2.2577343	accessible_not_acetylated	-1.196718
chr10	89837720	2.3025851	4.559493	-2.256908	accessible_not_acetylated	-1.0557477
chr8	103298830	1.9459102	4.202622	-2.2567117	accessible_not_acetylated	-1.2048225
chr17	56510712	2.3978953	4.6545334	-2.256638	accessible_not_acetylated	-1.1935947
chr17	40177988	2.5649493	4.821562	-2.2566125	accessible_not_acetylated	-0.948617
chr8	141531001	2.4849067	4.7408075	-2.2559009	accessible_not_acetylated	-0.6013708
chr22	17819475	2.1972246	4.4530754	-2.2558508	accessible_not_acetylated	-0.7968581
chr21	6508833	2.4849067	4.7405324	-2.2556257	accessible_not_acetylated	-0.76306415
chr6	36330096	2.3978953	4.6533427	-2.2554474	accessible_not_acetylated	-0.86428666
chr8	143475852	2.0794415	4.334095	-2.2546535	accessible_not_acetylated	-0.86040807
chr8	8227822	2.5649493	4.819528	-2.2545788	accessible_not_acetylated	-1.8253503
chr12	77324873	2.6390574	4.89355	-2.2544925	accessible_not_acetylated	-0.43008232
chr10	18710277	2.4849067	4.738902	-2.2539954	accessible_not_acetylated	-0.5600486
chr17	386263	2.7725887	5.026434	-2.2538452	accessible_not_acetylated	-0.931118
chr8	1930847	2.3978953	4.6515265	-2.253631	accessible_not_acetylated	-0.85852075
chr7	32998790	3.0445225	5.297802	-2.2532794	accessible_not_acetylated	-0.5186105
chr10	6117955	2.3978953	4.650522	-2.252627	accessible_not_acetylated	-1.0478022
chr7	76986148	3.0445225	5.297124	-2.2526014	accessible_not_acetylated	-0.29033804
chr18	50784936	2.4849067	4.7373257	-2.252419	accessible_not_acetylated	-0.5277686
chr18	24014536	2.9957323	5.247941	-2.2522087	accessible_not_acetylated	-1.0111237
chr6	37490589	2.3978953	4.6492133	-2.251318	accessible_not_acetylated	-0.3152256
chr22	44752557	2.3978953	4.6491427	-2.2512474	accessible_not_acetylated	-1.2475102
chr17	18564251	2.4849067	4.7361526	-2.251246	accessible_not_acetylated	-0.07080269
chr6	105179983	2.5649493	4.8157983	-2.250849	accessible_not_acetylated	-0.9753449
chr18	10414425	2.0794415	4.3296103	-2.2501688	accessible_not_acetylated	-1.1423159
chr8	316775	2.5649493	4.814931	-2.2499816	accessible_not_acetylated	-0.25044823
chr6	106974759	2.3978953	4.647801	-2.2499056	accessible_not_acetylated	-0.60224056
chr10	29553917	2.3978953	4.6476526	-2.2497573	accessible_not_acetylated	-0.42822933
chr20	11890744	2.7725887	5.021819	-2.2492304	accessible_not_acetylated	-0.9049444
chr20	63347671	2.1972246	4.4456873	-2.2484627	accessible_not_acetylated	-0.95611525
chr22	49826112	2.6390574	4.8875113	-2.2484539	accessible_not_acetylated	-0.56456566
chr8	94641135	1.7917595	4.0397444	-2.247985	accessible_not_acetylated	-0.8376155
chr22	30635759	3.218876	5.466729	-2.2478533	accessible_not_acetylated	-1.0139375
chr22	39457319	2.3978953	4.6452875	-2.2473922	accessible_not_acetylated	-1.5126314
chr10	124610086	2.3978953	4.6451316	-2.2472363	accessible_not_acetylated	-1.1373723
chr17	81189828	2.3025851	4.549603	-2.2470179	accessible_not_acetylated	-0.9465678
chr6	170611576	2.8903718	5.1366367	-2.246265	accessible_not_acetylated	-0.26794434
chr17	20633392	2.4849067	4.731103	-2.2461963	accessible_not_acetylated	-0.7098093
chr12	123409310	2.7725887	5.018336	-2.245747	accessible_not_acetylated	-0.6462107
chr12	50057637	2.9957323	5.240801	-2.2450686	accessible_not_acetylated	-1.0007176
chr7	104198979	1.7917595	4.036824	-2.2450647	accessible_not_acetylated	-0.70461464
chr20	61885139	2.4849067	4.7294064	-2.2444997	accessible_not_acetylated	-0.93148017
chr7	73245038	2.5649493	4.809306	-2.2443569	accessible_not_acetylated	0.26118755
chr10	119468974	2.3025851	4.5460434	-2.2434583	accessible_not_acetylated	-1.1865339
chr10	80408475	2.5649493	4.8069525	-2.2420032	accessible_not_acetylated	-0.98816633
chr7	50898832	2.3978953	4.6397724	-2.241877	accessible_not_acetylated	-0.468287
chr12	546499	2.7080503	4.9478245	-2.2397742	accessible_not_acetylated	-0.953969
chr7	12303476	2.4849067	4.7241726	-2.239266	accessible_not_acetylated	-0.61598444
chr12	97283490	1.609438	3.8485332	-2.2390952	accessible_not_acetylated	-0.42774773
chr10	26643314	2.3978953	4.636939	-2.2390437	accessible_not_acetylated	-0.48545265
chr7	32299127	2.3025851	4.541124	-2.2385387	accessible_not_acetylated	-0.76728654
chr10	33334905	2.3025851	4.540886	-2.2383008	accessible_not_acetylated	-1.077323
chr6	127118902	1.609438	3.8470287	-2.2375908	accessible_not_acetylated	-0.5832319
chr17	32887617	1.609438	3.846898	-2.2374601	accessible_not_acetylated	-0.55225563
chr22	17024527	2.6390574	4.875654	-2.2365968	accessible_not_acetylated	-0.6433406
chr7	65260895	2.3978953	4.6343393	-2.236444	accessible_not_acetylated	0.36501598
chr17	27087411	3.0445225	5.279805	-2.2352827	accessible_not_acetylated	-0.4506955
chr7	66385650	2.0794415	4.314666	-2.2352242	accessible_not_acetylated	-0.57020354
chr10	43263583	2.4849067	4.7196317	-2.234725	accessible_not_acetylated	-0.8332362
chr8	106427512	2.0794415	4.313801	-2.2343593	accessible_not_acetylated	-0.27835798
chr6	121686736	2.5649493	4.7989216	-2.2339723	accessible_not_acetylated	-0.61449957
chr8	142624204	2.7080503	4.9417896	-2.2337394	accessible_not_acetylated	-0.64659977
chr22	30541789	2.5649493	4.7984524	-2.233503	accessible_not_acetylated	-0.7689023
chr6	21594862	2.3025851	4.5351887	-2.2326035	accessible_not_acetylated	-1.068074
chr17	16690165	2.3025851	4.534979	-2.2323937	accessible_not_acetylated	-1.191823
chr10	93590402	2.3978953	4.6302814	-2.232386	accessible_not_acetylated	-0.39469576
chr10	43093600	2.3978953	4.6299925	-2.2320971	accessible_not_acetylated	-0.9949
chr22	49372846	2.4849067	4.7162385	-2.2313318	accessible_not_acetylated	-0.87465954
chr18	61322453	2.3025851	4.533657	-2.231072	accessible_not_acetylated	-0.62773395
chr18	70291371	2.6390574	4.8692513	-2.2301939	accessible_not_acetylated	-0.49191904
chr17	49972765	2.0794415	4.3095803	-2.2301388	accessible_not_acetylated	-1.2923753
chr18	13658302	2.3978953	4.6272726	-2.2293773	accessible_not_acetylated	-0.6303892
chr20	57710001	3.3672957	5.5955963	-2.2283006	accessible_not_acetylated	-1.2519417
chr12	114242145	3.1780539	5.4062753	-2.2282214	accessible_not_acetylated	-0.5950823
chr22	45573756	1.7917595	4.0197973	-2.2280378	accessible_not_acetylated	-0.5567167
chr12	65881966	2.1972246	4.4248886	-2.227664	accessible_not_acetylated	-1.0068033
chr18	11163833	2.6390574	4.8664513	-2.2273939	accessible_not_acetylated	-0.5050831
chr8	144416533	2.3978953	4.624463	-2.2265677	accessible_not_acetylated	-1.0634646
chr18	57354090	2.3978953	4.624366	-2.2264705	accessible_not_acetylated	-0.90102124
chr12	123264796	2.3978953	4.6237226	-2.2258272	accessible_not_acetylated	-0.74886703
chr8	142612844	2.4849067	4.7098045	-2.2248979	accessible_not_acetylated	-1.0491018
chr7	100762261	2.1972246	4.421932	-2.2247076	accessible_not_acetylated	-0.8313751
chr10	42754422	2.7080503	4.9326916	-2.2246413	accessible_not_acetylated	-0.948179
chr12	3492603	2.0794415	4.3036704	-2.2242289	accessible_not_acetylated	-0.81771374
chr10	132420635	2.6390574	4.862815	-2.2237575	accessible_not_acetylated	-0.97481394
chr12	128853433	1.609438	3.8331666	-2.2237287	accessible_not_acetylated	-1.7785618
chr10	132142601	2.5649493	4.788662	-2.2237127	accessible_not_acetylated	-0.93220854
chr21	41754693	2.5649493	4.7885103	-2.223561	accessible_not_acetylated	-0.708364
chr7	6613013	2.1972246	4.420292	-2.2230673	accessible_not_acetylated	-0.8821697
chr8	49911693	1.7917595	4.014683	-2.2229233	accessible_not_acetylated	-0.90108705
chr18	63936311	2.5649493	4.787795	-2.2228458	accessible_not_acetylated	-0.47335052
chr20	36261641	2.1972246	4.4197054	-2.2224808	accessible_not_acetylated	-0.811012
chr22	29720354	1.3862944	3.6087584	-2.222464	accessible_not_acetylated	-1.8236718
chr18	76620433	2.1972246	4.4196424	-2.2224178	accessible_not_acetylated	-0.6263287
chr17	21768242	2.3025851	4.5236564	-2.2210712	accessible_not_acetylated	-0.6533711
chr17	2051207	2.4849067	4.7059655	-2.2210588	accessible_not_acetylated	-0.937592
chr18	68623542	2.1972246	4.41802	-2.2207952	accessible_not_acetylated	-0.7092209
chr7	76514994	2.5649493	4.7855577	-2.2206085	accessible_not_acetylated	-0.96544313
chr17	50129970	2.4849067	4.7052464	-2.2203398	accessible_not_acetylated	-1.1095331
chr8	26513967	1.3862944	3.6065881	-2.2202938	accessible_not_acetylated	-0.9604435
chr12	122592824	1.7917595	4.0114527	-2.2196932	accessible_not_acetylated	-0.80005383
chr22	38110867	2.4849067	4.703833	-2.2189264	accessible_not_acetylated	-1.1934783
chr18	63949291	2.4849067	4.7037997	-2.218893	accessible_not_acetylated	-0.3276143
chr7	6615895	1.9459102	4.164709	-2.2187989	accessible_not_acetylated	-1.7898791
chr10	132389223	2.3978953	4.61623	-2.2183347	accessible_not_acetylated	-1.6430647
chr7	100575408	2.5649493	4.782812	-2.2178628	accessible_not_acetylated	-0.93406796
chr10	100680925	2.6390574	4.8568916	-2.2178342	accessible_not_acetylated	-0.80558777
chr10	132360943	2.4849067	4.7020736	-2.217167	accessible_not_acetylated	-0.7407298
chr17	22694833	2.5649493	4.7820597	-2.2171104	accessible_not_acetylated	-0.59153795
chr10	29735881	2.6390574	4.8555627	-2.2165053	accessible_not_acetylated	-0.7848096
chr18	58671345	3.295837	5.5115876	-2.2157507	accessible_not_acetylated	-1.0846887
chr12	102917514	2.8332133	5.04822	-2.2150068	accessible_not_acetylated	-0.58926916
chr17	1468067	2.0794415	4.2941833	-2.2147417	accessible_not_acetylated	-1.2205267
chr7	5296901	2.944439	5.159088	-2.2146492	accessible_not_acetylated	-1.0069089
chr18	79627072	2.3025851	4.5172157	-2.2146306	accessible_not_acetylated	-1.0114386
chr7	142376086	2.3978953	4.6124964	-2.214601	accessible_not_acetylated	-0.49257183
chr10	47942685	2.3025851	4.516899	-2.214314	accessible_not_acetylated	0.14755344
chr8	8236793	2.0794415	4.293602	-2.2141604	accessible_not_acetylated	-1.417104
chr7	76504789	2.3978953	4.6120014	-2.214106	accessible_not_acetylated	-1.0483456
chr17	35194393	1.0986123	3.312694	-2.2140818	accessible_not_acetylated	-0.4325757
chr17	58280935	1.609438	3.8233109	-2.213873	accessible_not_acetylated	-0.41550326
chr12	8396836	2.0794415	4.293059	-2.2136173	accessible_not_acetylated	-0.4624653
chr22	30396940	2.0794415	4.2929926	-2.213551	accessible_not_acetylated	-1.3284323
chr12	70366240	3.2580965	5.4715023	-2.2134058	accessible_not_acetylated	-1.0613866
chr17	79090698	2.3025851	4.5156765	-2.2130914	accessible_not_acetylated	-0.76537323
chr10	101030010	2.5649493	4.7779303	-2.212981	accessible_not_acetylated	-0.8327706
chr17	82057710	2.5649493	4.777687	-2.2127378	accessible_not_acetylated	-0.795146
chr17	8799349	1.7917595	4.004466	-2.2127066	accessible_not_acetylated	-1.2912025
chr6	131807973	2.944439	5.1571345	-2.2126956	accessible_not_acetylated	-0.5506711
chr6	7016510	2.3025851	4.513421	-2.210836	accessible_not_acetylated	-0.26633263
chr6	168042419	2.1972246	4.4075236	-2.210299	accessible_not_acetylated	-0.67209435
chr21	41660392	2.4849067	4.694921	-2.2100143	accessible_not_acetylated	-0.7027199
chr22	21512007	3.0910425	5.29972	-2.2086773	accessible_not_acetylated	-0.7609787
chr10	133230427	2.3978953	4.606433	-2.2085376	accessible_not_acetylated	-1.8864846
chr21	45643374	2.7725887	4.9807367	-2.208148	accessible_not_acetylated	-0.12413359
chr10	132249111	2.8332133	5.0407047	-2.2074914	accessible_not_acetylated	-0.4753046
chr8	41903675	2.3025851	4.5091763	-2.2065911	accessible_not_acetylated	-0.8480747
chr10	68576286	2.6390574	4.845625	-2.2065675	accessible_not_acetylated	-0.7037554
chr20	49482777	2.5649493	4.7702923	-2.205343	accessible_not_acetylated	-1.3179724
chr12	132550606	2.6390574	4.8440623	-2.205005	accessible_not_acetylated	-1.1528172
chr22	44889759	2.0794415	4.283455	-2.2040133	accessible_not_acetylated	-0.777127
chr8	144504081	2.3978953	4.6011324	-2.203237	accessible_not_acetylated	-0.8523755
chr10	101829668	2.8332133	5.036185	-2.2029715	accessible_not_acetylated	-0.8324952
chr10	37701517	2.1972246	4.3993177	-2.2020931	accessible_not_acetylated	-1.0252931
chr6	131199871	2.3025851	4.504534	-2.2019486	accessible_not_acetylated	-0.33423948
chr8	58098345	2.0794415	4.2801037	-2.2006621	accessible_not_acetylated	-0.55441785
chr10	89854005	2.6390574	4.839387	-2.2003295	accessible_not_acetylated	-0.5115032
chr12	96828368	2.3025851	4.502865	-2.2002797	accessible_not_acetylated	-0.55303144
chr8	142777832	2.9957323	5.1957636	-2.2000313	accessible_not_acetylated	-1.2836077
chr8	12659498	1.609438	3.8079326	-2.1984947	accessible_not_acetylated	-1.699482
chr6	138161920	2.6390574	4.8368087	-2.1977513	accessible_not_acetylated	-0.81428146
chr7	1449085	2.4849067	4.682643	-2.1977363	accessible_not_acetylated	-1.1510155
chr7	1667758	2.5649493	4.7626486	-2.1976993	accessible_not_acetylated	-0.86322856
chr7	72946339	2.7725887	4.970276	-2.1976871	accessible_not_acetylated	-0.46610403
chr7	145697694	2.8903718	5.087612	-2.1972404	accessible_not_acetylated	-0.87135935
chr6	106335225	3.583519	5.7798967	-2.1963778	accessible_not_acetylated	-1.3687606
chr17	2796437	2.0794415	4.2757874	-2.1963458	accessible_not_acetylated	-1.3216755
chr12	131165010	2.0794415	4.275676	-2.1962342	accessible_not_acetylated	-0.8721764
chr12	108598138	2.3978953	4.5939684	-2.196073	accessible_not_acetylated	-0.8377638
chr12	120111113	2.7080503	4.903171	-2.1951208	accessible_not_acetylated	-0.80446434
chr18	21242241	2.3025851	4.4976172	-2.1950321	accessible_not_acetylated	-1.4520481
chr10	50704633	2.6390574	4.833637	-2.1945798	accessible_not_acetylated	-0.061270714
chr7	6571603	2.1972246	4.391711	-2.1944866	accessible_not_acetylated	-0.6222079
chr17	45586311	2.6390574	4.833494	-2.1944368	accessible_not_acetylated	-0.16185093
chr8	81281036	2.7725887	4.9667797	-2.194191	accessible_not_acetylated	-0.6340585
chr10	117169055	1.7917595	3.985807	-2.1940475	accessible_not_acetylated	-0.69617915
chr12	106247750	2.7080503	4.9019647	-2.1939144	accessible_not_acetylated	-1.7299778
chr10	131746969	1.9459102	4.1397047	-2.1937945	accessible_not_acetylated	-1.4559884
chr7	73247240	2.3978953	4.5915537	-2.1936584	accessible_not_acetylated	-0.056721687
chr10	86672476	2.4849067	4.678503	-2.1935964	accessible_not_acetylated	-0.5777378
chr7	152445590	2.4849067	4.6779404	-2.1930337	accessible_not_acetylated	-0.77301955
chr12	51820934	2.1972246	4.389769	-2.1925445	accessible_not_acetylated	-1.7032266
chr22	50783652	3.1354942	5.327449	-2.1919546	accessible_not_acetylated	-0.9261699
chr22	24592859	2.7080503	4.8997855	-2.1917353	accessible_not_acetylated	-1.1227953
chr6	128520660	2.6390574	4.8302245	-2.191167	accessible_not_acetylated	-0.5363016
chr17	46260077	2.944439	5.1355343	-2.1910954	accessible_not_acetylated	-0.8261924
chr8	138700521	2.4849067	4.6759205	-2.1910138	accessible_not_acetylated	-0.70417094
chr8	545696	2.7080503	4.898802	-2.1907516	accessible_not_acetylated	-0.8082032
chr10	88880418	2.5649493	4.755624	-2.1906745	accessible_not_acetylated	-0.8833144
chr8	66962590	2.0794415	4.269732	-2.1902905	accessible_not_acetylated	-1.1875367
chr18	51110509	2.7080503	4.898006	-2.1899557	accessible_not_acetylated	-0.37345362
chr21	31597856	2.3978953	4.5876074	-2.189712	accessible_not_acetylated	-0.2971983
chr21	44985118	2.4849067	4.6741114	-2.1892047	accessible_not_acetylated	-0.8551626
chr17	15143725	2.0794415	4.268615	-2.1891732	accessible_not_acetylated	-0.15692854
chr22	44802484	2.3978953	4.5864725	-2.1885772	accessible_not_acetylated	-0.8488631
chr10	79560461	1.9459102	4.1340322	-2.188122	accessible_not_acetylated	-0.67098355
chr12	109625426	2.4849067	4.67288	-2.1879735	accessible_not_acetylated	-0.34634256
chr12	31012470	2.4849067	4.672862	-2.1879554	accessible_not_acetylated	-0.47761154
chr18	48410411	2.944439	5.1323214	-2.1878824	accessible_not_acetylated	-0.5291624
chr12	21394300	2.8903718	5.0781517	-2.18778	accessible_not_acetylated	-0.5038023
chr17	75835417	2.4849067	4.672324	-2.1874175	accessible_not_acetylated	-0.7497144
chr10	116273645	1.3862944	3.5734842	-2.1871898	accessible_not_acetylated	-0.9589398
chr20	62494035	2.3978953	4.584033	-2.1861377	accessible_not_acetylated	-0.8414786
chr10	133101249	2.6390574	4.825118	-2.1860607	accessible_not_acetylated	-0.55097485
chr20	31523891	2.1972246	4.3829165	-2.1856918	accessible_not_acetylated	-0.6534524
chr12	6871710	3.0910425	5.2762904	-2.185248	accessible_not_acetylated	-0.4377389
chr17	30238488	2.6390574	4.824079	-2.1850216	accessible_not_acetylated	-0.86983776
chr6	117265557	1.9459102	4.1309023	-2.184992	accessible_not_acetylated	-0.71955824
chr22	32776182	2.0794415	4.264217	-2.1847754	accessible_not_acetylated	0.011496544
chr10	46398430	2.8903718	5.0749335	-2.1845617	accessible_not_acetylated	0.04702139
chr17	3738812	2.4849067	4.669233	-2.1843262	accessible_not_acetylated	-0.5446358
chr22	45502838	1.7917595	3.976069	-2.1843095	accessible_not_acetylated	-1.5570676
chr8	19939446	2.8903718	5.074555	-2.1841831	accessible_not_acetylated	-0.93748856
chr17	82046239	2.3978953	4.5813375	-2.183442	accessible_not_acetylated	-0.9274533
chr22	26756824	2.7080503	4.8912354	-2.183185	accessible_not_acetylated	-0.616755
chr8	38269220	2.0794415	4.262102	-2.1826606	accessible_not_acetylated	-1.0624621
chr8	108083685	1.9459102	4.1284723	-2.182562	accessible_not_acetylated	-0.77401614
chr6	44276290	2.6390574	4.82115	-2.1820924	accessible_not_acetylated	-0.81798744
chr21	41167912	2.944439	5.1260843	-2.1816454	accessible_not_acetylated	-0.9909668
chr10	116849511	1.7917595	3.9730115	-2.181252	accessible_not_acetylated	-1.1130505
chr17	44921648	2.3978953	4.5786567	-2.1807613	accessible_not_acetylated	-0.43809938
chr10	119360572	2.6390574	4.819762	-2.1807048	accessible_not_acetylated	-0.90898204
chr22	18156286	2.3978953	4.5785947	-2.1806993	accessible_not_acetylated	-0.33734655
chr12	94389990	2.1972246	4.3770027	-2.179778	accessible_not_acetylated	-1.2499762
chr10	132352796	2.7080503	4.8874707	-2.1794205	accessible_not_acetylated	-0.9062557
chr20	30891614	2.4849067	4.6642933	-2.1793866	accessible_not_acetylated	-0.8948374
chr10	89789679	2.6390574	4.818317	-2.1792595	accessible_not_acetylated	-0.54288197
chr18	50195134	2.8332133	5.012295	-2.1790814	accessible_not_acetylated	-1.0538399
chr10	118908669	2.3025851	4.4815207	-2.1789355	accessible_not_acetylated	-0.81568027
chr6	132401534	2.4849067	4.662143	-2.1772366	accessible_not_acetylated	-0.7969942
chr20	43914663	2.3978953	4.574658	-2.1767626	accessible_not_acetylated	-1.222229
chr6	72622291	3.1780539	5.3539577	-2.1759038	accessible_not_acetylated	-1.218359
chr22	29704685	2.0794415	4.2544847	-2.175043	accessible_not_acetylated	-1.0097237
chr12	131916893	2.3978953	4.5726624	-2.174767	accessible_not_acetylated	-1.3098738
chr21	17512636	2.8332133	5.0079727	-2.1747594	accessible_not_acetylated	-0.4441371
chr10	86728342	2.1972246	4.3719773	-2.1747527	accessible_not_acetylated	-0.5856559
chr7	75156829	3.295837	5.470562	-2.174725	accessible_not_acetylated	-0.47005892
chr21	44455441	2.944439	5.1189294	-2.1744905	accessible_not_acetylated	-1.0237694
chr22	36776248	2.8903718	5.0646963	-2.1743245	accessible_not_acetylated	-0.5902457
chr10	86668668	2.3025851	4.476256	-2.1736708	accessible_not_acetylated	-0.91138077
chr7	2665051	2.7725887	4.9448214	-2.1722326	accessible_not_acetylated	-1.0945282
chr6	32013048	2.8332133	5.0053244	-2.172111	accessible_not_acetylated	-0.078965664
chr12	103496010	2.4849067	4.655969	-2.1710625	accessible_not_acetylated	-0.5645337
chr7	45574513	2.7080503	4.879013	-2.1709628	accessible_not_acetylated	-1.267287
chr7	1059805	3.0910425	5.261983	-2.1709404	accessible_not_acetylated	-0.99921846
chr22	45240952	3.1354942	5.3037443	-2.16825	accessible_not_acetylated	-1.3281128
chr10	128210325	2.8903718	5.0582914	-2.1679196	accessible_not_acetylated	-0.4833479
chr12	4124204	2.4849067	4.6527452	-2.1678386	accessible_not_acetylated	-0.9438698
chr22	50473400	2.5649493	4.732622	-2.1676729	accessible_not_acetylated	-0.69107103
chr7	2647092	3.2580965	5.4249554	-2.166859	accessible_not_acetylated	-1.2619343
chr7	43445401	2.3025851	4.4694138	-2.1668286	accessible_not_acetylated	-1.0204768
chr8	26865655	1.9459102	4.112441	-2.1665308	accessible_not_acetylated	-1.0063374
chr17	4932274	1.7917595	3.9578161	-2.1660566	accessible_not_acetylated	-0.50615954
chr18	79557002	2.1972246	4.363053	-2.1658282	accessible_not_acetylated	-1.3706398
chr17	4533758	2.1972246	4.3628583	-2.1656337	accessible_not_acetylated	-0.95969963
chr8	21456227	2.4849067	4.6500483	-2.1651416	accessible_not_acetylated	-0.33313608
chr10	129366197	2.7080503	4.8731885	-2.1651382	accessible_not_acetylated	0.06927538
chr17	45490911	2.944439	5.1095448	-2.1651058	accessible_not_acetylated	-0.13753843
chr6	116370905	2.7080503	4.872321	-2.1642709	accessible_not_acetylated	-1.0088248
chr17	3945098	3.1780539	5.342204	-2.1641502	accessible_not_acetylated	-0.7066641
chr6	1604515	2.8903718	5.053019	-2.1626472	accessible_not_acetylated	-0.74022484
chr8	37841423	2.4849067	4.647366	-2.1624594	accessible_not_acetylated	-0.7834017
chr17	32079948	2.5649493	4.727103	-2.162154	accessible_not_acetylated	-0.30446386
chr12	34367283	2.3025851	4.4647045	-2.1621194	accessible_not_acetylated	-0.70626783
chr20	61966187	2.5649493	4.727016	-2.1620667	accessible_not_acetylated	-1.0205545
chr20	61874885	2.4849067	4.6463566	-2.16145	accessible_not_acetylated	-0.73874784
chr22	42130881	1.9459102	4.107277	-2.1613667	accessible_not_acetylated	-0.80039144
chr10	86766654	2.5649493	4.725756	-2.160807	accessible_not_acetylated	-0.4215417
chr12	65121566	1.9459102	4.1066375	-2.1607273	accessible_not_acetylated	-1.1438849
chr20	18779181	2.0794415	4.2400665	-2.160625	accessible_not_acetylated	-0.43920493
chr18	66258179	2.7725887	4.932474	-2.1598854	accessible_not_acetylated	-0.40020466
chr22	21438206	2.8903718	5.050187	-2.1598153	accessible_not_acetylated	-0.23803091
chr8	23321717	2.0794415	4.238137	-2.1586952	accessible_not_acetylated	-0.33157778
chr21	19853898	2.6390574	4.797163	-2.1581056	accessible_not_acetylated	-0.67599297
chr20	23928956	2.5649493	4.7230287	-2.1580794	accessible_not_acetylated	-0.49715996
chr12	110689104	2.7725887	4.9306674	-2.1580787	accessible_not_acetylated	-0.9302926
chr8	144397053	3.218876	5.376655	-2.1577792	accessible_not_acetylated	-0.6147437
chr8	64798791	2.1972246	4.354383	-2.1571584	accessible_not_acetylated	-1.2192562
chr10	79502656	2.7080503	4.8651733	-2.157123	accessible_not_acetylated	-0.37215567
chr7	22356914	0.6931472	2.850156	-2.157009	accessible_not_acetylated	-1.5873964
chr12	132219137	2.3978953	4.5547204	-2.156825	accessible_not_acetylated	-0.46259356
chr7	988712	2.6390574	4.7957153	-2.156658	accessible_not_acetylated	-1.120296
chr12	64319936	2.5649493	4.721215	-2.1562655	accessible_not_acetylated	-0.5907898
chr7	1844517	2.4849067	4.6409335	-2.1560268	accessible_not_acetylated	-1.0918729
chr12	49295125	2.0794415	4.2354627	-2.156021	accessible_not_acetylated	-1.1149466
chr18	12227575	2.6390574	4.7947187	-2.1556613	accessible_not_acetylated	-0.12921524
chr10	133324470	2.8332133	4.9879737	-2.1547604	accessible_not_acetylated	-0.683166
chr7	2520451	2.7725887	4.9272766	-2.154688	accessible_not_acetylated	-0.9876964
chr10	111076273	2.4849067	4.6390104	-2.1541038	accessible_not_acetylated	-0.29470348
chr20	32470414	2.6390574	4.7930717	-2.1540143	accessible_not_acetylated	-0.7702999
chr6	100355198	1.7917595	3.9451709	-2.1534114	accessible_not_acetylated	-0.9475174
chr7	76513110	2.8903718	5.0429735	-2.1526017	accessible_not_acetylated	-1.0478895
chr7	44228161	2.4849067	4.6373444	-2.1524377	accessible_not_acetylated	-1.4125516
chr6	43243564	2.5649493	4.7172666	-2.1523173	accessible_not_acetylated	-0.8674133
chr7	65141193	2.7080503	4.860075	-2.1520247	accessible_not_acetylated	-0.8605435
chr8	144185183	2.1972246	4.3486786	-2.151454	accessible_not_acetylated	-0.9262922
chr7	30905695	2.6390574	4.7898707	-2.1508133	accessible_not_acetylated	-0.6975155
chr12	3237045	2.3978953	4.5481706	-2.1502752	accessible_not_acetylated	-0.24944162
chr10	79165359	2.6390574	4.789319	-2.1502616	accessible_not_acetylated	-0.7310152
chr22	45930488	2.0794415	4.2295756	-2.150134	accessible_not_acetylated	-0.85550475
chr18	48161839	2.944439	5.093609	-2.14917	accessible_not_acetylated	-0.6512575
chr18	79424096	2.3025851	4.451641	-2.149056	accessible_not_acetylated	-1.0392995
chr20	63688744	2.1972246	4.3462467	-2.149022	accessible_not_acetylated	-0.64702153
chr10	97724456	2.3025851	4.4512053	-2.1486201	accessible_not_acetylated	-0.7925558
chr20	62476743	3.1354942	5.283953	-2.148459	accessible_not_acetylated	-0.9716668
chr18	14074403	2.5649493	4.7132835	-2.1483343	accessible_not_acetylated	-0.28418398
chr20	32018768	3.0910425	5.2389483	-2.1479058	accessible_not_acetylated	-0.9896631
chr17	8016055	2.3978953	4.545649	-2.1477537	accessible_not_acetylated	-0.8170781
chr18	59308795	2.944439	5.092152	-2.1477132	accessible_not_acetylated	-0.2671857
chr7	103446033	2.8903718	5.037655	-2.147283	accessible_not_acetylated	-0.8016734
chr7	5731557	2.4849067	4.6318665	-2.1469598	accessible_not_acetylated	-0.2532525
chr17	80220386	3.0910425	5.2378597	-2.1468172	accessible_not_acetylated	-0.8530302
chr8	55450735	2.4849067	4.6316724	-2.1467657	accessible_not_acetylated	-0.8028922
chr12	8390752	1.609438	3.756166	-2.146728	accessible_not_acetylated	-0.8944459
chr17	2685988	2.5649493	4.711182	-2.1462328	accessible_not_acetylated	-0.5416956
chr7	2612604	3.0445225	5.190546	-2.1460235	accessible_not_acetylated	-1.0024753
chr21	9778691	2.7080503	4.854061	-2.1460109	accessible_not_acetylated	-0.46916962
chr12	105330616	2.5649493	4.71048	-2.145531	accessible_not_acetylated	-0.66613865
chr7	54546966	2.6390574	4.7843084	-2.145251	accessible_not_acetylated	-1.1565723
chr18	79394580	3.0910425	5.2361484	-2.1451058	accessible_not_acetylated	-1.0031404
chr6	35516137	2.3025851	4.4473433	-2.1447582	accessible_not_acetylated	-0.70349836
chr8	87872950	2.8903718	5.0344896	-2.1441178	accessible_not_acetylated	-0.3048792
chr20	3732669	2.0794415	4.223284	-2.1438422	accessible_not_acetylated	-1.2104793
chr18	50449568	2.3978953	4.5416403	-2.143745	accessible_not_acetylated	-0.7290325
chr22	33274405	2.3025851	4.446115	-2.14353	accessible_not_acetylated	-0.41576958
chr17	38256372	3.3322046	5.4754963	-2.1432917	accessible_not_acetylated	-0.66556644
chr12	123452411	2.6390574	4.7822275	-2.14317	accessible_not_acetylated	-0.37706995
chr20	36154349	2.3025851	4.4453964	-2.1428113	accessible_not_acetylated	-0.82349944
chr7	52159626	2.3978953	4.540289	-2.1423936	accessible_not_acetylated	-0.39641666
chr7	73319017	2.8332133	4.975396	-2.1421828	accessible_not_acetylated	-0.87954855
chr6	54846770	1.0986123	3.2407851	-2.1421728	accessible_not_acetylated	-0.56377554
chr8	41647359	2.0794415	4.2213545	-2.141913	accessible_not_acetylated	-1.0135341
chr12	131939256	1.9459102	4.0876317	-2.1417215	accessible_not_acetylated	-0.6265092
chr12	32896964	3.3322046	5.47387	-2.1416652	accessible_not_acetylated	-0.82344055
chr10	80132501	2.0794415	4.2208624	-2.1414208	accessible_not_acetylated	-1.1883719
chr22	50304727	2.5649493	4.706044	-2.141095	accessible_not_acetylated	-0.93970156
chr7	75359230	2.5649493	4.7060165	-2.1410673	accessible_not_acetylated	0.052348614
chr10	123573425	2.3978953	4.5380597	-2.1401644	accessible_not_acetylated	-0.82682323
chr17	76473721	2.3978953	4.537912	-2.1400166	accessible_not_acetylated	-0.68352485
chr22	46627590	2.4849067	4.624884	-2.1399775	accessible_not_acetylated	-0.8391583
chr10	89207314	1.9459102	4.085472	-2.139562	accessible_not_acetylated	-0.7187729
chr7	71752279	2.8332133	4.9727554	-2.139542	accessible_not_acetylated	-0.6007786
chr18	79952257	2.944439	5.0839553	-2.1395164	accessible_not_acetylated	-0.847837
chr8	142536903	2.3025851	4.441743	-2.1391578	accessible_not_acetylated	-1.070962
chr18	13824095	2.944439	5.083556	-2.1391172	accessible_not_acetylated	0.009732246
chr6	11538226	2.8903718	5.028994	-2.1386223	accessible_not_acetylated	-0.84141636
chr12	124538494	2.1972246	4.335761	-2.1385365	accessible_not_acetylated	-0.77105117
chr10	46891018	2.4849067	4.622062	-2.1371555	accessible_not_acetylated	-0.42472696
chr8	76678082	2.5649493	4.7020946	-2.1371453	accessible_not_acetylated	-1.2567325
chr8	7926336	1.3862944	3.5233624	-2.137068	accessible_not_acetylated	-0.17384195
chr22	23674458	2.1972246	4.333682	-2.1364574	accessible_not_acetylated	-1.111696
chr10	114875155	2.3978953	4.533839	-2.135944	accessible_not_acetylated	-0.8627436
chr17	81806115	2.3978953	4.533809	-2.1359138	accessible_not_acetylated	-1.2065632
chr8	142816487	2.7725887	4.9083433	-2.1357546	accessible_not_acetylated	-0.72469425
chr7	152823547	2.6390574	4.7743874	-2.13533	accessible_not_acetylated	0.13850641
chr12	98457159	2.944439	5.0797105	-2.1352715	accessible_not_acetylated	-1.0519276
chr10	86714286	2.1972246	4.3322735	-2.1350489	accessible_not_acetylated	-0.33068085
chr20	47207133	2.6390574	4.774062	-2.1350048	accessible_not_acetylated	-0.27459574
chr20	61952167	2.5649493	4.6997113	-2.134762	accessible_not_acetylated	-1.0326815
chr6	43204813	2.4849067	4.6191783	-2.1342716	accessible_not_acetylated	-0.71483207
chr17	81651783	2.3025851	4.4367795	-2.1341944	accessible_not_acetylated	-0.9477484
chr8	144262620	2.1972246	4.3309517	-2.133727	accessible_not_acetylated	-0.7924614
chr7	94656267	2.6390574	4.772764	-2.1337068	accessible_not_acetylated	-0.63635397
chr17	72592720	2.7080503	4.840537	-2.1324868	accessible_not_acetylated	-0.60078573
chr12	132275325	2.4849067	4.6171956	-2.132289	accessible_not_acetylated	-0.8501668
chr12	34318131	2.3025851	4.434399	-2.131814	accessible_not_acetylated	-0.55407476
chr8	73285294	2.6390574	4.7707872	-2.1317298	accessible_not_acetylated	-0.6746831
chr7	45854453	2.5649493	4.6963725	-2.1314232	accessible_not_acetylated	-0.50890684
chr22	42510999	2.3025851	4.4334955	-2.1309104	accessible_not_acetylated	-0.5184748
chr8	142295618	2.4849067	4.6149573	-2.1300507	accessible_not_acetylated	-0.8855636
chr8	1897597	2.1972246	4.3259983	-2.1287737	accessible_not_acetylated	-0.72201014
chr17	2053741	2.8903718	5.0188746	-2.1285028	accessible_not_acetylated	-1.0059042
chr12	30796428	3.0910425	5.219509	-2.1284666	accessible_not_acetylated	-0.8857875
chr22	43187131	3.3322046	5.460492	-2.1282876	accessible_not_acetylated	-0.35521412
chr12	34341467	2.8332133	4.9614873	-2.128274	accessible_not_acetylated	-0.63986826
chr10	34814757	2.944439	5.072423	-2.127984	accessible_not_acetylated	-1.027771
chr8	22599187	3.218876	5.34671	-2.1278343	accessible_not_acetylated	-1.0660338
chr7	98287743	2.6390574	4.7666183	-2.1275609	accessible_not_acetylated	-0.99812007
chr18	37266458	2.5649493	4.692356	-2.1274068	accessible_not_acetylated	-0.4871874
chr22	30695022	2.3978953	4.5248957	-2.1270003	accessible_not_acetylated	-1.1058578
chr8	144273875	2.7725887	4.899315	-2.1267262	accessible_not_acetylated	-0.8037219
chr20	26135776	2.3025851	4.429167	-2.1265817	accessible_not_acetylated	-0.5253761
chr20	25361098	2.3025851	4.429017	-2.126432	accessible_not_acetylated	-0.9000728
chr6	18387393	2.6390574	4.7653236	-2.1262662	accessible_not_acetylated	-0.89329433
chr12	132490550	2.9957323	5.1217847	-2.1260524	accessible_not_acetylated	-0.92074585
chr20	50770927	2.3025851	4.4284916	-2.1259065	accessible_not_acetylated	-0.38172388
chr12	26122625	2.7725887	4.898424	-2.1258354	accessible_not_acetylated	-1.5078397
chr12	120999700	2.3978953	4.5225873	-2.124692	accessible_not_acetylated	-0.5376775
chr21	14011035	2.8903718	5.0147214	-2.1243496	accessible_not_acetylated	-0.82497215
chr7	156923381	2.3978953	4.521989	-2.1240935	accessible_not_acetylated	-0.43704128
chr22	39664605	2.8332133	4.9566073	-2.123394	accessible_not_acetylated	-0.87472963
chr10	131840347	2.1972246	4.319156	-2.1219316	accessible_not_acetylated	-0.87951946
chr17	18973342	2.3025851	4.4243703	-2.1217852	accessible_not_acetylated	-0.91192865
chr8	55559875	2.7725887	4.8940525	-2.1214638	accessible_not_acetylated	-0.524138
chr18	37553895	2.5649493	4.686389	-2.1214397	accessible_not_acetylated	-0.59804153
chr22	43923874	3.0445225	5.1657715	-2.121249	accessible_not_acetylated	-0.88999176
chr8	133453512	3.0910425	5.212161	-2.1211185	accessible_not_acetylated	-0.720284
chr18	36297101	3.1780539	5.299074	-2.1210203	accessible_not_acetylated	-0.7626829
chr7	32732311	2.944439	5.0650835	-2.1206446	accessible_not_acetylated	0.13063383
chr17	11598415	2.8903718	5.010885	-2.120513	accessible_not_acetylated	-0.36476564
chr22	50253748	2.3978953	4.5182	-2.1203046	accessible_not_acetylated	-1.0578563
chr6	69867472	3.1780539	5.297973	-2.1199193	accessible_not_acetylated	-1.001431
chr12	52006944	1.9459102	4.065372	-2.1194618	accessible_not_acetylated	-1.3384709
chr8	66177642	2.8903718	5.0095015	-2.1191297	accessible_not_acetylated	-0.45483828
chr7	1670146	2.5649493	4.6836777	-2.1187284	accessible_not_acetylated	-0.9728627
chr7	140640476	2.4849067	4.6030807	-2.118174	accessible_not_acetylated	-1.5905054
chr8	142383491	2.5649493	4.681498	-2.1165488	accessible_not_acetylated	-0.8483262
chr17	82698772	3.0445225	5.1606846	-2.116162	accessible_not_acetylated	-0.4546585
chr10	100745584	2.1972246	4.311803	-2.1145782	accessible_not_acetylated	-1.1977751
chr22	41929707	2.3025851	4.417008	-2.1144228	accessible_not_acetylated	-0.8200741
chr10	11792993	2.3025851	4.4156837	-2.1130986	accessible_not_acetylated	-0.7725766
chr20	2658668	3.1354942	5.2483354	-2.1128411	accessible_not_acetylated	-0.61207867
chr12	102212	3.1780539	5.290882	-2.1128283	accessible_not_acetylated	-0.36702538
chr17	39214098	2.4849067	4.597383	-2.1124763	accessible_not_acetylated	-1.1727886
chr21	42219156	1.7917595	3.9037747	-2.1120152	accessible_not_acetylated	-0.784281
chr17	82441131	2.3025851	4.4145517	-2.1119666	accessible_not_acetylated	-0.7030213
chr8	11201366	1.609438	3.721081	-2.111643	accessible_not_acetylated	-0.9464958
chr17	30559565	1.9459102	4.057502	-2.1115916	accessible_not_acetylated	-1.3811953
chr12	121653277	2.4849067	4.5964227	-2.111516	accessible_not_acetylated	-0.84687424
chr8	139706903	2.4849067	4.59559	-2.1106834	accessible_not_acetylated	-0.69765687
chr7	51188151	2.4849067	4.595257	-2.1103501	accessible_not_acetylated	-0.4057579
chr6	32005581	1.7917595	3.9014478	-2.1096883	accessible_not_acetylated	-0.7832334
chr6	31498983	3.0910425	5.2005987	-2.1095562	accessible_not_acetylated	-0.7296915
chr10	133124941	2.7725887	4.8820777	-2.109489	accessible_not_acetylated	-0.34578133
chr8	143387111	2.6390574	4.7485056	-2.1094482	accessible_not_acetylated	-0.60697556
chr8	140440743	2.5649493	4.674101	-2.1091516	accessible_not_acetylated	-0.7814412
chr8	60156569	2.3978953	4.5062943	-2.108399	accessible_not_acetylated	-0.9893341
chr6	116877210	2.6390574	4.747349	-2.1082914	accessible_not_acetylated	-0.69203997
chr10	123100231	2.4849067	4.5929	-2.1079931	accessible_not_acetylated	-0.499681
chr8	132140744	2.3978953	4.5058002	-2.107905	accessible_not_acetylated	-0.7729945
chr17	81165722	2.3978953	4.5056763	-2.107781	accessible_not_acetylated	-1.388421
chr18	26405605	2.6390574	4.7463617	-2.1073043	accessible_not_acetylated	-0.40285683
chr6	96991811	2.5649493	4.67109	-2.1061409	accessible_not_acetylated	-0.6473284
chr18	47754595	2.7725887	4.8786774	-2.1060886	accessible_not_acetylated	-0.59161377
chr12	125093287	2.7080503	4.8141136	-2.1060634	accessible_not_acetylated	-0.8004236
chr10	133268091	2.7725887	4.878381	-2.105792	accessible_not_acetylated	-0.94015527
chr17	63484818	2.8332133	4.93844	-2.1052265	accessible_not_acetylated	-0.5182233
chr8	81112083	2.944439	5.0494704	-2.1050315	accessible_not_acetylated	-0.6054697
chr7	30964020	2.3978953	4.502862	-2.1049666	accessible_not_acetylated	-0.5981972
chr7	102261084	2.3978953	4.5024548	-2.1045594	accessible_not_acetylated	-0.49316692
chr10	133347331	2.4849067	4.5889306	-2.104024	accessible_not_acetylated	-1.1012092
chr10	101217623	2.5649493	4.6688213	-2.103872	accessible_not_acetylated	-0.71900535
chr8	142510137	2.3978953	4.50157	-2.103675	accessible_not_acetylated	-1.4360268
chr10	98299515	2.0794415	4.1830187	-2.1035771	accessible_not_acetylated	-0.8149121
chr8	7913626	2.8332133	4.9367447	-2.1035314	accessible_not_acetylated	0.3358159
chr8	60122058	2.8903718	4.993517	-2.1031451	accessible_not_acetylated	-0.4032998
chr20	54194840	2.4849067	4.587411	-2.1025043	accessible_not_acetylated	-0.5800357
chr10	25639830	2.6390574	4.7415075	-2.1024501	accessible_not_acetylated	-0.66362286
chr22	38733424	2.6390574	4.7408295	-2.101772	accessible_not_acetylated	-0.42112255
chr10	133159347	2.7725887	4.8738694	-2.1012807	accessible_not_acetylated	-1.0206363
chr7	69598579	2.7725887	4.873825	-2.1012363	accessible_not_acetylated	-0.9384577
chr22	31248328	2.8332133	4.9343095	-2.1010962	accessible_not_acetylated	-0.48710155
chr18	12093740	2.4849067	4.585885	-2.1009784	accessible_not_acetylated	-0.97601295
chr8	139647299	2.8903718	4.991296	-2.100924	accessible_not_acetylated	-0.5808368
chr10	89785305	2.7080503	4.8089695	-2.1009192	accessible_not_acetylated	-0.34836864
chr6	167204130	2.7725887	4.873245	-2.100656	accessible_not_acetylated	-0.05765772
chr10	132257475	2.3025851	4.402335	-2.09975	accessible_not_acetylated	-0.83601713
chr17	3551338	2.3025851	4.4023147	-2.0997295	accessible_not_acetylated	-0.56564474
chr10	46556071	2.6390574	4.737977	-2.0989196	accessible_not_acetylated	-1.0099957
chr20	13221770	1.0986123	3.1973166	-2.0987043	accessible_not_acetylated	-1.3610739
chr22	38230317	1.609438	3.7080753	-2.0986373	accessible_not_acetylated	-0.4621725
chr20	2692891	2.6390574	4.737653	-2.0985954	accessible_not_acetylated	-1.5341156
chr22	27801498	1.9459102	4.0444927	-2.0985825	accessible_not_acetylated	-1.525054
chr6	160679612	2.4849067	4.5827613	-2.0978546	accessible_not_acetylated	-0.79138565
chr12	130286205	2.3978953	4.495486	-2.0975904	accessible_not_acetylated	-0.60661817
chr17	15341664	2.4849067	4.582454	-2.0975475	accessible_not_acetylated	-0.28320503
chr7	100298419	2.7080503	4.805107	-2.0970569	accessible_not_acetylated	-0.28998852
chr10	46283134	3.0910425	5.187831	-2.0967884	accessible_not_acetylated	-0.2664585
chr7	74922704	2.7080503	4.804263	-2.0962129	accessible_not_acetylated	-0.51929045
chr21	43037093	2.5649493	4.6606703	-2.095721	accessible_not_acetylated	-0.1961813
chr18	46344130	2.3025851	4.3980656	-2.0954804	accessible_not_acetylated	-0.84165716
chr17	68061620	2.3025851	4.397287	-2.0947018	accessible_not_acetylated	-0.67523766
chr7	44104360	2.4849067	4.579561	-2.0946546	accessible_not_acetylated	-1.1751244
chr8	12362018	0.0	2.0944412	-2.0944412	accessible_not_acetylated	-0.33854508
chr7	101308850	3.1354942	5.229438	-2.0939436	accessible_not_acetylated	-0.9042187
chr18	30361946	2.7725887	4.8664637	-2.093875	accessible_not_acetylated	-0.6068287
chr7	2526212	2.944439	5.0382595	-2.0938206	accessible_not_acetylated	-0.99503374
chr21	44711580	2.1972246	4.2902975	-2.093073	accessible_not_acetylated	-0.475209
chr12	19440064	3.3672957	5.4595227	-2.092227	accessible_not_acetylated	-0.8468189
chr17	38288399	2.1972246	4.28926	-2.0920353	accessible_not_acetylated	-0.35152578
chr17	76036601	2.1972246	4.2892456	-2.092021	accessible_not_acetylated	-0.7441313
chr12	2976779	2.8332133	4.9251957	-2.0919824	accessible_not_acetylated	-0.6922889
chr22	44623851	2.4849067	4.5764413	-2.0915346	accessible_not_acetylated	-1.0783455
chr8	141508003	2.8332133	4.924526	-2.091313	accessible_not_acetylated	-0.6355367
chr17	1229653	2.6390574	4.7303114	-2.091254	accessible_not_acetylated	-1.8641765
chr10	86584169	2.3978953	4.488981	-2.0910854	accessible_not_acetylated	-0.5257087
chr17	20866649	2.1972246	4.288239	-2.0910144	accessible_not_acetylated	-1.3891907
chr10	35641531	3.3322046	5.4231973	-2.0909927	accessible_not_acetylated	-0.9043145
chr10	86178592	2.4849067	4.5756397	-2.090733	accessible_not_acetylated	-0.5685086
chr17	78231309	2.1972246	4.2878485	-2.0906239	accessible_not_acetylated	-1.148987
chr22	38298476	2.3978953	4.4879866	-2.0900912	accessible_not_acetylated	-0.9551809
chr18	37444791	2.6390574	4.7286997	-2.0896423	accessible_not_acetylated	-0.43626404
chr12	108880080	1.9459102	4.0355453	-2.0896351	accessible_not_acetylated	-0.87042046
chr7	30682525	2.7725887	4.8612556	-2.088667	accessible_not_acetylated	-1.2201676
chr12	53961563	2.3978953	4.4865227	-2.0886273	accessible_not_acetylated	-1.1498864
chr12	132506954	2.8332133	4.9217863	-2.088573	accessible_not_acetylated	-0.625278
chr17	66192235	2.9957323	5.0841665	-2.0884342	accessible_not_acetylated	-0.6831956
chr17	2025391	3.1354942	5.2238417	-2.0883474	accessible_not_acetylated	-1.2618814
chr21	46117823	2.3978953	4.4861536	-2.0882583	accessible_not_acetylated	-0.8641012
chr6	105136938	2.7080503	4.796	-2.0879498	accessible_not_acetylated	-1.1022639
chr18	79951687	3.0445225	5.132372	-2.0878494	accessible_not_acetylated	-0.5208931
chr10	43266919	1.7917595	3.8795104	-2.087751	accessible_not_acetylated	-1.8869698
chr7	152782468	2.8332133	4.9194117	-2.0861983	accessible_not_acetylated	0.21032381
chr22	42582101	3.0445225	5.1297913	-2.0852687	accessible_not_acetylated	-0.62496567
chr6	168302786	2.4849067	4.5696945	-2.0847878	accessible_not_acetylated	-0.55853176
chr22	20714808	2.4849067	4.569584	-2.0846772	accessible_not_acetylated	-0.721277
chr7	130578036	2.0794415	4.1638365	-2.084395	accessible_not_acetylated	-0.53083634
chr21	41362022	2.1972246	4.2800508	-2.0828261	accessible_not_acetylated	-0.33437037
chr10	42952333	2.8332133	4.9158645	-2.0826511	accessible_not_acetylated	-0.94468
chr7	128939966	3.0910425	5.1736755	-2.082633	accessible_not_acetylated	-0.6136112
chr7	45073604	2.3978953	4.480262	-2.0823665	accessible_not_acetylated	-1.020931
chr18	49887584	2.1972246	4.279541	-2.0823164	accessible_not_acetylated	-0.5782993
chr6	142072186	2.3978953	4.4795704	-2.081675	accessible_not_acetylated	-0.49392676
chr22	43228549	2.5649493	4.646367	-2.0814178	accessible_not_acetylated	-0.6758349
chr17	14813863	2.3025851	4.3836856	-2.0811005	accessible_not_acetylated	-0.75861
chr7	5382630	2.8332133	4.914274	-2.081061	accessible_not_acetylated	-0.8309579
chr8	142198254	2.7080503	4.7889776	-2.0809274	accessible_not_acetylated	-0.31835604
chr22	41998715	2.3978953	4.4787626	-2.0808673	accessible_not_acetylated	-0.78870225
chr7	2471613	2.6390574	4.7192316	-2.0801742	accessible_not_acetylated	-1.1222997
chr8	144273144	3.1354942	5.2153797	-2.0798855	accessible_not_acetylated	-0.7434459
chr12	6384944	2.8903718	4.9699264	-2.0795546	accessible_not_acetylated	-0.719759
chr7	132576564	1.9459102	4.024953	-2.0790427	accessible_not_acetylated	-1.4029493
chr7	101180276	1.7917595	3.8705034	-2.078744	accessible_not_acetylated	-1.2067058
chr22	22900715	3.1780539	5.256587	-2.0785332	accessible_not_acetylated	-0.6277809
chr12	124617427	2.6390574	4.717095	-2.0780375	accessible_not_acetylated	-0.8929415
chr7	151876018	2.7725887	4.8501596	-2.077571	accessible_not_acetylated	-0.96941805
chr7	122886244	3.0445225	5.1219654	-2.077443	accessible_not_acetylated	-0.954936
chr21	8420160	3.1354942	5.212887	-2.0773926	accessible_not_acetylated	0.30339336
chr20	47857396	2.1972246	4.2744923	-2.0772676	accessible_not_acetylated	-0.5716889
chr22	43165945	2.9957323	5.0728645	-2.0771322	accessible_not_acetylated	-0.67541504
chr20	62831084	2.6390574	4.716054	-2.0769966	accessible_not_acetylated	-1.023891
chr7	97005977	2.1972246	4.273844	-2.0766191	accessible_not_acetylated	-1.2672129
chr7	87934324	3.0445225	5.121023	-2.0765007	accessible_not_acetylated	-0.899837
chr7	44238531	2.6390574	4.7155523	-2.076495	accessible_not_acetylated	-0.8327
chr10	110150237	2.4849067	4.5612535	-2.0763469	accessible_not_acetylated	-0.31292868
chr18	73258880	3.218876	5.295166	-2.0762901	accessible_not_acetylated	-0.33879757
chr7	149815905	2.4849067	4.560941	-2.0760345	accessible_not_acetylated	-0.8814206
chr17	2798831	2.3025851	4.37852	-2.075935	accessible_not_acetylated	-0.93301296
chr12	101739472	1.9459102	4.0218024	-2.0758922	accessible_not_acetylated	-0.74423075
chr10	99485396	2.3025851	4.3784103	-2.0758252	accessible_not_acetylated	-0.6089668
chr12	68933030	2.944439	5.020177	-2.075738	accessible_not_acetylated	-0.660933
chr8	143711956	2.5649493	4.640603	-2.0756538	accessible_not_acetylated	-1.107558
chr10	101843920	0.0	2.075556	-2.075556	accessible_not_acetylated	-0.96394765
chr8	142786592	2.3025851	4.3780527	-2.0754676	accessible_not_acetylated	-1.0891836
chr8	141445086	2.8332133	4.908166	-2.0749526	accessible_not_acetylated	-1.2951088
chr20	48565222	2.5649493	4.6398573	-2.074908	accessible_not_acetylated	-0.5179601
chr18	78879213	2.1972246	4.2717113	-2.0744867	accessible_not_acetylated	-0.6795335
chr17	79105390	2.3978953	4.4721775	-2.0742822	accessible_not_acetylated	-1.2858303
chr10	123994656	3.0445225	5.117993	-2.0734704	accessible_not_acetylated	-0.69897413
chr10	128035687	2.5649493	4.6383605	-2.0734112	accessible_not_acetylated	-0.75303006
chr12	54588659	2.1972246	4.2706203	-2.0733957	accessible_not_acetylated	-1.2604384
chr7	100373444	2.8903718	4.9637547	-2.0733829	accessible_not_acetylated	-0.8455992
chr10	127694776	2.0794415	4.152768	-2.0733266	accessible_not_acetylated	-0.20710921
chr6	112254715	2.0794415	4.1525583	-2.0731168	accessible_not_acetylated	-0.49125743
chr20	51767226	2.5649493	4.6377697	-2.0728204	accessible_not_acetylated	-0.7562611
chr10	102107217	2.7725887	4.8454065	-2.0728178	accessible_not_acetylated	-0.6294651
chr12	62035679	2.944439	5.017234	-2.072795	accessible_not_acetylated	-0.5175171
chr7	31058328	2.4849067	4.557679	-2.0727725	accessible_not_acetylated	-0.6579673
chr17	63454779	2.7080503	4.7806983	-2.072648	accessible_not_acetylated	-0.84209037
chr22	43014532	3.218876	5.291236	-2.07236	accessible_not_acetylated	-0.93048143
chr10	62268852	3.3322046	5.4044847	-2.0722802	accessible_not_acetylated	-0.91582966
chr8	79613335	2.6390574	4.7110825	-2.072025	accessible_not_acetylated	-0.823426
chr22	15528158	0.0	2.0708804	-2.0708804	accessible_not_acetylated	-0.12154126
chr22	50219548	2.6390574	4.709707	-2.0706494	accessible_not_acetylated	-0.914958
chr6	166476878	2.4849067	4.555366	-2.0704594	accessible_not_acetylated	-0.54755545
chr10	91883986	2.4849067	4.555197	-2.07029	accessible_not_acetylated	-0.56248426
chr10	100563182	2.7080503	4.777994	-2.069944	accessible_not_acetylated	-0.6970329
chr12	105084579	3.3672957	5.4367766	-2.069481	accessible_not_acetylated	-0.7428937
chr22	37639641	3.0910425	5.1604824	-2.06944	accessible_not_acetylated	-0.9548173
chr20	3670808	2.3978953	4.4672775	-2.0693822	accessible_not_acetylated	-0.9230938
chr20	62401543	2.6390574	4.707957	-2.0688994	accessible_not_acetylated	-0.8685622
chr20	60055924	1.609438	3.6780412	-2.0686033	accessible_not_acetylated	-0.33639526
chr17	4604440	1.7917595	3.8603182	-2.0685587	accessible_not_acetylated	-0.9991033
chr10	49361949	2.4849067	4.553364	-2.0684571	accessible_not_acetylated	-0.68171144
chr22	19029453	2.8903718	4.958558	-2.0681863	accessible_not_acetylated	-1.389745
chr17	44759172	2.8332133	4.901239	-2.0680256	accessible_not_acetylated	-1.4528935
chr17	81721185	2.5649493	4.6327124	-2.067763	accessible_not_acetylated	-0.68165517
chr20	46058903	2.0794415	4.1471148	-2.0676732	accessible_not_acetylated	-1.0300913
chr8	109975847	1.7917595	3.8588698	-2.0671103	accessible_not_acetylated	-0.8373301
chr7	29989809	2.0794415	4.1463804	-2.0669389	accessible_not_acetylated	-1.1847999
chr20	35634317	1.9459102	4.0127487	-2.0668385	accessible_not_acetylated	-0.681972
chr12	118103915	3.0910425	5.1573687	-2.0663261	accessible_not_acetylated	-1.1241736
chr17	7438250	2.944439	5.010764	-2.0663252	accessible_not_acetylated	-0.8947673
chr7	29680159	3.0445225	5.110676	-2.0661533	accessible_not_acetylated	0.19824743
chr21	42027972	2.5649493	4.63106	-2.0661108	accessible_not_acetylated	-0.60160637
chr17	6436169	2.4849067	4.550761	-2.0658545	accessible_not_acetylated	-0.5622487
chr17	22288321	2.8903718	4.9560304	-2.0656586	accessible_not_acetylated	-0.6234107
chr6	39064332	2.3025851	4.36813	-2.065545	accessible_not_acetylated	-0.5730512
chr7	28179871	2.7725887	4.8372493	-2.0646605	accessible_not_acetylated	-0.88247514
chr7	2321194	2.6390574	4.703096	-2.0640385	accessible_not_acetylated	-0.86056876
chr10	38390905	1.9459102	4.009657	-2.0637467	accessible_not_acetylated	-0.9285853
chr17	4899652	2.0794415	4.1430864	-2.063645	accessible_not_acetylated	-1.1191227
chr7	44030181	2.7725887	4.835861	-2.0632725	accessible_not_acetylated	-0.17612171
chr20	16576410	2.7725887	4.8354836	-2.0628948	accessible_not_acetylated	-0.32981443
chr8	37858300	2.9957323	5.058613	-2.0628805	accessible_not_acetylated	-0.35005188
chr21	33101435	2.7080503	4.7707596	-2.0627093	accessible_not_acetylated	-0.8444812
chr18	75173269	2.1972246	4.2598467	-2.062622	accessible_not_acetylated	-0.5471039
chr21	44734312	1.9459102	4.008292	-2.062382	accessible_not_acetylated	-0.3495245
chr20	48488805	2.0794415	4.1417522	-2.0623107	accessible_not_acetylated	-0.67605066
chr10	127196158	1.0986123	3.1603637	-2.0617514	accessible_not_acetylated	-1.4120605
chr7	1593680	2.4849067	4.5463343	-2.0614276	accessible_not_acetylated	-0.951401
chr10	133351835	2.9957323	5.0567207	-2.0609884	accessible_not_acetylated	-0.8717184
chr12	131851396	2.6390574	4.6988773	-2.05982	accessible_not_acetylated	-1.0063062
chr17	19506678	2.7080503	4.7676544	-2.0596042	accessible_not_acetylated	-0.93362665
chr21	19493745	3.1780539	5.2371573	-2.0591035	accessible_not_acetylated	-0.8756485
chr7	155559675	2.4849067	4.543576	-2.058669	accessible_not_acetylated	-0.8272724
chr20	2816872	2.6390574	4.697625	-2.0585678	accessible_not_acetylated	-0.6009183
chr10	119418568	2.6390574	4.6974316	-2.0583742	accessible_not_acetylated	-0.56529903
chr7	2649275	2.4849067	4.542383	-2.0574765	accessible_not_acetylated	-1.1080844
chr20	642806	3.1354942	5.1927576	-2.0572634	accessible_not_acetylated	-1.2507179
chr20	62228273	2.4849067	4.542122	-2.0572152	accessible_not_acetylated	-1.1132798
chr22	46589497	2.3978953	4.454674	-2.0567784	accessible_not_acetylated	-0.7638204
chr7	146116529	2.8332133	4.888777	-2.0555634	accessible_not_acetylated	-0.8212538
chr6	7630965	2.5649493	4.620127	-2.055178	accessible_not_acetylated	-0.5411439
chr10	117165980	2.7080503	4.762808	-2.0547576	accessible_not_acetylated	-0.4777794
chr17	18154002	3.1780539	5.232294	-2.0542402	accessible_not_acetylated	-0.6840029
chr18	36057968	3.1354942	5.1896734	-2.0541792	accessible_not_acetylated	-0.43453503
chr6	8282776	2.8332133	4.887318	-2.0541048	accessible_not_acetylated	-0.4327278
chr20	43571496	2.3978953	4.451954	-2.0540586	accessible_not_acetylated	-0.34014034
chr12	55707710	2.7725887	4.8259916	-2.053403	accessible_not_acetylated	-0.85004544
chr10	124544855	2.4849067	4.5380964	-2.0531898	accessible_not_acetylated	-0.964736
chr18	24397918	3.3672957	5.4203568	-2.053061	accessible_not_acetylated	-0.8746605
chr17	45813518	2.3978953	4.4505324	-2.052637	accessible_not_acetylated	-0.5752301
chr7	39864127	2.7080503	4.7603254	-2.0522752	accessible_not_acetylated	-0.75218487
chr20	5001145	2.6390574	4.690619	-2.0515616	accessible_not_acetylated	-1.159544
chr17	732392	3.1354942	5.186649	-2.0511546	accessible_not_acetylated	-1.2168369
chr18	14132520	3.218876	5.269861	-2.0509853	accessible_not_acetylated	-0.19519329
chr22	42511767	2.5649493	4.61579	-2.0508406	accessible_not_acetylated	-0.41356897
chr8	7397960	2.8903718	4.94116	-2.0507884	accessible_not_acetylated	0.12246561
chr18	76565357	2.5649493	4.615275	-2.0503256	accessible_not_acetylated	-0.43832016
chr17	60160942	2.3978953	4.4478474	-2.049952	accessible_not_acetylated	-0.7184384
chr10	117138301	1.609438	3.65921	-2.049772	accessible_not_acetylated	-0.9428294
chr20	61425829	2.4849067	4.5346165	-2.0497098	accessible_not_acetylated	-0.77714443
chr10	103693133	2.944439	4.9940176	-2.0495787	accessible_not_acetylated	-0.8095093
chr12	121804731	3.0910425	5.140206	-2.0491633	accessible_not_acetylated	-0.8250761
chr7	73424404	2.8332133	4.8823643	-2.049151	accessible_not_acetylated	-1.0208132
chr22	39040892	3.5263605	5.575409	-2.0490484	accessible_not_acetylated	-0.52890205
chr6	121260930	2.5649493	4.6137934	-2.048844	accessible_not_acetylated	-0.6104722
chr7	19117648	2.3025851	4.3504105	-2.0478253	accessible_not_acetylated	-1.2084196
chr10	87407700	1.7917595	3.8394923	-2.0477328	accessible_not_acetylated	-0.6762762
chr20	3785820	3.0445225	5.092032	-2.0475094	accessible_not_acetylated	-1.061348
chr10	117375179	3.4011974	5.4485493	-2.0473518	accessible_not_acetylated	-1.1478386
chr10	133235437	2.7725887	4.8198843	-2.0472956	accessible_not_acetylated	-1.0448501
chr22	29480195	2.7725887	4.819871	-2.0472822	accessible_not_acetylated	-1.1117938
chr7	33904910	2.3025851	4.349761	-2.047176	accessible_not_acetylated	-1.2139571
chr8	11466999	3.1780539	5.2252026	-2.0471487	accessible_not_acetylated	-0.68379927
chr17	68259181	2.5649493	4.6118026	-2.0468533	accessible_not_acetylated	-0.9346504
chr7	44325631	1.609438	3.656276	-2.046838	accessible_not_acetylated	-1.7554042
chr12	6317439	2.3978953	4.4447174	-2.046822	accessible_not_acetylated	-0.6081233
chr12	3208048	2.4849067	4.5312805	-2.0463738	accessible_not_acetylated	-0.37221098
chr6	79257464	2.1972246	4.243596	-2.0463715	accessible_not_acetylated	-0.052751064
chr17	38257303	3.1354942	5.1817694	-2.0462751	accessible_not_acetylated	-0.6511364
chr21	26967120	1.7917595	3.8380232	-2.0462637	accessible_not_acetylated	-0.41309762
chr7	44307410	2.5649493	4.6112013	-2.046252	accessible_not_acetylated	-1.004024
chr20	63246900	2.3978953	4.443577	-2.0456815	accessible_not_acetylated	-1.0523076
chr10	121697074	2.3978953	4.443426	-2.0455308	accessible_not_acetylated	-0.47216344
chr20	2693966	2.3978953	4.443141	-2.0452456	accessible_not_acetylated	-1.0354087
chr18	74819908	2.7080503	4.7532253	-2.045175	accessible_not_acetylated	-0.554657
chr17	80441271	2.4849067	4.5297823	-2.0448756	accessible_not_acetylated	-0.47016382
chr17	489590	2.8903718	4.935133	-2.0447612	accessible_not_acetylated	-1.2814178
chr17	48964294	2.3978953	4.4424	-2.0445046	accessible_not_acetylated	-0.98697996
chr20	63652572	3.1780539	5.222475	-2.0444212	accessible_not_acetylated	-0.9831171
chr17	6713497	2.5649493	4.609249	-2.0442998	accessible_not_acetylated	-0.8373585
chr7	76627115	3.218876	5.263056	-2.04418	accessible_not_acetylated	-0.21637297
chr18	13395075	2.4849067	4.528507	-2.0436006	accessible_not_acetylated	-0.40404224
chr12	124584048	2.5649493	4.608225	-2.0432756	accessible_not_acetylated	-0.10760689
chr8	141567137	2.5649493	4.608221	-2.0432718	accessible_not_acetylated	-0.867291
chr10	5874360	2.5649493	4.608074	-2.043125	accessible_not_acetylated	-0.38924885
chr12	128267402	1.609438	3.651884	-2.0424461	accessible_not_acetylated	-1.055778
chr10	85718710	2.5649493	4.6072083	-2.042259	accessible_not_acetylated	-0.8903446
chr12	15789576	1.3862944	3.4285378	-2.0422435	accessible_not_acetylated	-1.0529673
chr6	29723339	1.9459102	3.9881358	-2.0422256	accessible_not_acetylated	-0.76321054
chr7	27096049	2.3025851	4.3447742	-2.0421891	accessible_not_acetylated	-0.8843231
chr12	131902361	2.7080503	4.750233	-2.042183	accessible_not_acetylated	-0.7485366
chr18	2906932	3.1354942	5.1774073	-2.041913	accessible_not_acetylated	-0.9316788
chr7	71733332	2.8332133	4.874614	-2.0414004	accessible_not_acetylated	-0.8237791
chr22	24421666	2.8903718	4.931585	-2.041213	accessible_not_acetylated	-0.84915686
chr6	166308383	1.9459102	3.9867067	-2.0407965	accessible_not_acetylated	-0.8521075
chr7	152833569	2.7080503	4.748843	-2.040793	accessible_not_acetylated	-0.103649616
chr22	44723988	2.3025851	4.3433733	-2.0407882	accessible_not_acetylated	-0.075687885
chr20	20712775	3.3322046	5.372811	-2.0406063	accessible_not_acetylated	-0.7169771
chr8	120123670	3.0910425	5.131156	-2.0401134	accessible_not_acetylated	-0.5786872
chr7	157612386	2.4849067	4.5249605	-2.0400538	accessible_not_acetylated	-0.52873206
chr6	168209084	2.5649493	4.604776	-2.0398266	accessible_not_acetylated	-0.40159845
chr8	144390493	2.5649493	4.6047454	-2.039796	accessible_not_acetylated	-0.9128578
chr12	66235333	3.295837	5.335576	-2.0397391	accessible_not_acetylated	-0.48279047
chr10	79274358	2.7080503	4.747698	-2.0396476	accessible_not_acetylated	-0.82159877
chr8	144203460	3.583519	5.6226025	-2.0390835	accessible_not_acetylated	-0.629406
chr21	10342257	3.1354942	5.17438	-2.0388856	accessible_not_acetylated	-0.36669827
chr8	62902055	2.3025851	4.341034	-2.0384488	accessible_not_acetylated	-0.65428185
chr20	3786609	3.3322046	5.3703575	-2.038153	accessible_not_acetylated	-0.75185585
chr22	42426188	2.1972246	4.23534	-2.0381155	accessible_not_acetylated	-0.96897984
chr12	48789104	2.6390574	4.6770253	-2.037968	accessible_not_acetylated	-1.5368724
chr6	133891564	2.7080503	4.7459426	-2.0378923	accessible_not_acetylated	-0.66935635
chr7	125568875	3.2580965	5.295927	-2.0378306	accessible_not_acetylated	-0.4943843
chr10	93745645	2.4849067	4.522515	-2.0376081	accessible_not_acetylated	-0.51780367
chr12	56230835	2.4849067	4.522474	-2.0375671	accessible_not_acetylated	-0.577991
chr18	48667844	2.3978953	4.4354243	-2.037529	accessible_not_acetylated	-0.8545623
chr12	130042414	2.4849067	4.522309	-2.0374022	accessible_not_acetylated	-0.6722076
chr22	48783228	2.0794415	4.1163235	-2.036882	accessible_not_acetylated	-0.84151626
chr10	50667568	2.7080503	4.744793	-2.0367427	accessible_not_acetylated	-0.33610487
chr20	62496617	2.944439	4.980771	-2.0363321	accessible_not_acetylated	-0.60987425
chr7	45663481	2.7725887	4.808451	-2.0358624	accessible_not_acetylated	-0.50605345
chr17	30576319	2.6390574	4.6747108	-2.0356534	accessible_not_acetylated	-0.48317766
chr7	45146965	2.7080503	4.7434354	-2.0353851	accessible_not_acetylated	-0.7994592
chr17	64847154	2.8903718	4.9257197	-2.035348	accessible_not_acetylated	-0.25521803
chr7	99306072	2.5649493	4.6002965	-2.0353472	accessible_not_acetylated	-0.5848613
chr21	42767315	2.0794415	4.1147623	-2.0353208	accessible_not_acetylated	-0.57339835
chr8	144260127	2.8903718	4.9255476	-2.0351758	accessible_not_acetylated	-0.7519965
chr10	7810663	2.7725887	4.8072624	-2.0346737	accessible_not_acetylated	-0.34178638
chr7	53035655	1.0986123	3.1326232	-2.034011	accessible_not_acetylated	-1.1544676
chr8	28385580	2.8332133	4.8671885	-2.0339751	accessible_not_acetylated	-1.0961795
chr12	459986	2.8332133	4.8671083	-2.033895	accessible_not_acetylated	-1.2242541
chr18	77055145	2.7080503	4.7418556	-2.0338054	accessible_not_acetylated	-0.5820818
chr7	155405564	2.7080503	4.741685	-2.0336347	accessible_not_acetylated	-0.6834593
chr8	138697216	2.1972246	4.2308283	-2.0336037	accessible_not_acetylated	-0.4807787
chr10	79694049	2.6390574	4.6719265	-2.032869	accessible_not_acetylated	-0.3678198
chr8	93917760	3.1354942	5.168235	-2.0327406	accessible_not_acetylated	-0.7547455
chr8	11015736	2.944439	4.976531	-2.032092	accessible_not_acetylated	-0.90866566
chr17	1473337	2.1972246	4.2289944	-2.0317698	accessible_not_acetylated	-0.837759
chr7	44065451	2.6390574	4.6701326	-2.0310752	accessible_not_acetylated	-0.7435155
chr6	169978930	1.9459102	3.9767375	-2.0308273	accessible_not_acetylated	-0.6145451
chr17	29622714	3.295837	5.3259864	-2.0301495	accessible_not_acetylated	-0.9223008
chr18	77983321	2.7725887	4.8024573	-2.0298686	accessible_not_acetylated	-0.7185626
chr10	13234328	2.0794415	4.109272	-2.0298305	accessible_not_acetylated	-1.007765
chr12	79929294	2.7725887	4.802387	-2.0297985	accessible_not_acetylated	-0.43289328
chr6	159169381	2.7725887	4.802312	-2.0297232	accessible_not_acetylated	-0.8673639
chr17	77308987	2.3978953	4.4274573	-2.029562	accessible_not_acetylated	-0.7260423
chr10	62608323	2.3025851	4.3314667	-2.0288815	accessible_not_acetylated	-0.9211476
chr12	123050182	2.6390574	4.6678615	-2.028804	accessible_not_acetylated	-0.6637316
chr8	11457344	3.0910425	5.1195345	-2.028492	accessible_not_acetylated	-0.18525457
chr22	46336396	2.9957323	5.024173	-2.0284405	accessible_not_acetylated	-0.83456373
chr7	2587271	2.0794415	4.107731	-2.0282893	accessible_not_acetylated	-0.9252143
chr12	116113718	2.4849067	4.5130544	-2.0281477	accessible_not_acetylated	-0.6000862
chr12	48970105	2.6390574	4.6670785	-2.028021	accessible_not_acetylated	-1.186243
chr6	167157831	2.0794415	4.1070614	-2.0276198	accessible_not_acetylated	-0.8276441
chr22	42270349	3.0910425	5.1185694	-2.0275269	accessible_not_acetylated	-0.7426934
chr12	88235344	2.3978953	4.4254036	-2.0275083	accessible_not_acetylated	-0.45725775
chr17	22435362	2.8903718	4.917402	-2.02703	accessible_not_acetylated	-0.32604313
chr12	57237170	3.218876	5.2458944	-2.0270185	accessible_not_acetylated	-0.47655773
chr12	113468173	2.944439	4.9713063	-2.0268674	accessible_not_acetylated	-1.1718688
chr7	137846864	2.1972246	4.2238693	-2.0266447	accessible_not_acetylated	-1.3869011
chr17	7705157	2.3025851	4.32888	-2.0262947	accessible_not_acetylated	-0.994643
chr10	12643489	2.4849067	4.510881	-2.0259743	accessible_not_acetylated	-0.7838478
chr10	71719821	2.5649493	4.590914	-2.0259645	accessible_not_acetylated	-0.8617296
chr7	98230410	2.5649493	4.590863	-2.025914	accessible_not_acetylated	-0.7456262
chr17	36768552	2.0794415	4.1050577	-2.0256162	accessible_not_acetylated	-0.89285874
chr12	9448079	3.4011974	5.426581	-2.0253835	accessible_not_acetylated	-0.47971725
chr22	39350460	2.7080503	4.7327604	-2.0247102	accessible_not_acetylated	-1.2673106
chr8	19013717	2.8332133	4.8577213	-2.024508	accessible_not_acetylated	-0.9368398
chr20	25058182	2.0794415	4.103572	-2.0241303	accessible_not_acetylated	-1.116688
chr6	161308310	2.6390574	4.6630507	-2.0239933	accessible_not_acetylated	-0.5836978
chr6	168413582	3.1780539	5.201907	-2.0238533	accessible_not_acetylated	-0.762311
chr20	61662891	2.3978953	4.4213095	-2.0234141	accessible_not_acetylated	-0.89735675
chr21	33025907	2.0794415	4.1028533	-2.0234118	accessible_not_acetylated	-0.6206808
chr8	120124399	2.8332133	4.856435	-2.0232215	accessible_not_acetylated	-0.46387482
chr7	150060689	2.8332133	4.8562956	-2.0230823	accessible_not_acetylated	0.20502377
chr10	102230505	3.2580965	5.281099	-2.0230024	accessible_not_acetylated	-0.7522836
chr17	4498705	2.7725887	4.7945056	-2.0219169	accessible_not_acetylated	-0.9826145
chr8	144396286	2.7725887	4.7944264	-2.0218377	accessible_not_acetylated	-0.6558728
chr17	60767064	2.9957323	5.017408	-2.0216756	accessible_not_acetylated	-0.9125662
chr20	1304927	2.0794415	4.1010942	-2.0216527	accessible_not_acetylated	-0.9173813
chr8	232997	3.1354942	5.157091	-2.021597	accessible_not_acetylated	-0.3271823
chr6	24481714	2.8332133	4.8545375	-2.0213242	accessible_not_acetylated	-0.47022247
chr7	128940690	3.0445225	5.065776	-2.0212533	accessible_not_acetylated	-0.6848178
chr8	41331385	2.8332133	4.8540497	-2.0208364	accessible_not_acetylated	-0.67881393
chr22	24175352	2.7725887	4.7930183	-2.0204296	accessible_not_acetylated	-0.60294485
chr18	33440567	3.0910425	5.1111817	-2.0201392	accessible_not_acetylated	-0.87097406
chr7	17989050	2.5649493	4.5849743	-2.020025	accessible_not_acetylated	-0.2877531
chr7	128890817	2.8903718	4.910328	-2.019956	accessible_not_acetylated	-1.2113886
chr12	125861828	2.4849067	4.5043173	-2.0194106	accessible_not_acetylated	-0.8028014
chr7	1863284	2.944439	4.9635134	-2.0190744	accessible_not_acetylated	-0.8654318
chr10	101570124	3.2580965	5.276811	-2.0187147	accessible_not_acetylated	-0.8349185
chr17	81732445	2.4849067	4.5028844	-2.0179777	accessible_not_acetylated	-0.845752
chr8	48921714	2.9957323	5.01336	-2.0176277	accessible_not_acetylated	-0.50885725
chr22	28792788	2.9957323	5.0130844	-2.017352	accessible_not_acetylated	-0.42503214
chr12	94948594	2.6390574	4.656309	-2.0172517	accessible_not_acetylated	-0.9120257
chr22	46122630	3.1780539	5.195258	-2.0172043	accessible_not_acetylated	-1.0194325
chr22	24600226	2.3025851	4.3187094	-2.0161242	accessible_not_acetylated	-0.9892771
chr8	48735311	2.4849067	4.5009975	-2.0160909	accessible_not_acetylated	-1.0073843
chr10	45672775	3.583519	5.599367	-2.0158482	accessible_not_acetylated	-0.92558
chr7	74027788	2.6390574	4.654849	-2.0157917	accessible_not_acetylated	-0.59919024
chr17	19024902	2.6390574	4.6545897	-2.0155323	accessible_not_acetylated	-1.0292454
chr7	158587786	3.0910425	5.1065598	-2.0155172	accessible_not_acetylated	-0.8033204
chr17	68049219	2.8903718	4.905711	-2.0153394	accessible_not_acetylated	-0.1413207
chr7	76583446	2.8903718	4.9054604	-2.0150886	accessible_not_acetylated	-0.19885111
chr6	34438918	2.1972246	4.212282	-2.0150576	accessible_not_acetylated	-0.43199396
chr7	1719249	2.8332133	4.8482065	-2.0149932	accessible_not_acetylated	-0.9098599
chr17	64848012	2.5649493	4.579765	-2.0148156	accessible_not_acetylated	-0.11890125
chr20	63309695	3.0445225	5.0593224	-2.0147998	accessible_not_acetylated	-0.89478254
chr20	63526160	2.7080503	4.7228336	-2.0147834	accessible_not_acetylated	-0.35857058
chr10	128494897	2.6390574	4.6533365	-2.0142791	accessible_not_acetylated	-0.6718855
chr7	11832198	1.7917595	3.8059971	-2.0142376	accessible_not_acetylated	-1.097801
chr10	37995916	1.3862944	3.4002085	-2.013914	accessible_not_acetylated	-0.91176844
chr8	2354793	2.0794415	4.0933003	-2.0138588	accessible_not_acetylated	-0.64139676
chr21	8759233	3.0445225	5.0583205	-2.013798	accessible_not_acetylated	-2.0189342
chr12	4445614	1.0986123	3.1119943	-2.013382	accessible_not_acetylated	-0.4569316
chr10	3318660	2.3025851	4.3159666	-2.0133815	accessible_not_acetylated	-1.0379367
chr21	25872487	2.8903718	4.903518	-2.0131464	accessible_not_acetylated	-0.6418071
chr20	10219671	3.0445225	5.057475	-2.0129526	accessible_not_acetylated	-0.7593856
chr7	48455555	2.8332133	4.8460655	-2.0128522	accessible_not_acetylated	-0.8326454
chr12	34363212	2.944439	4.957239	-2.0128002	accessible_not_acetylated	-0.757874
chr12	56234931	2.3978953	4.410687	-2.0127916	accessible_not_acetylated	-0.59231305
chr21	14119243	2.8903718	4.9029775	-2.0126057	accessible_not_acetylated	-0.44762945
chr8	17027323	3.0910425	5.103264	-2.0122213	accessible_not_acetylated	-0.98374367
chr8	133191038	1.9459102	3.9579227	-2.0120125	accessible_not_acetylated	-0.7226529
chr12	128387988	2.6390574	4.6508555	-2.0117981	accessible_not_acetylated	-0.6091094
chr8	144332722	3.1780539	5.1892176	-2.0111637	accessible_not_acetylated	-0.43099928
chr8	52414085	2.4849067	4.4960613	-2.0111547	accessible_not_acetylated	-0.5181601
chr10	90857998	2.9957323	5.0068264	-2.011094	accessible_not_acetylated	-0.91155624
chr17	56593902	2.6390574	4.6495667	-2.0105093	accessible_not_acetylated	-1.3982584
chr22	29412974	2.6390574	4.649497	-2.0104396	accessible_not_acetylated	-0.120575905
chr7	41892545	2.3978953	4.4081993	-2.010304	accessible_not_acetylated	-0.58679295
chr8	30557226	2.5649493	4.5751863	-2.010237	accessible_not_acetylated	-0.53513193
chr12	70366959	3.1780539	5.188285	-2.010231	accessible_not_acetylated	-1.0915022
chr22	23565446	2.3978953	4.408088	-2.0101929	accessible_not_acetylated	-1.0397608
chr12	12830696	2.4849067	4.495056	-2.0101495	accessible_not_acetylated	-0.74813366
chr7	152736684	2.5649493	4.5747857	-2.0098364	accessible_not_acetylated	-0.7351911
chr17	3013142	2.7725887	4.782151	-2.0095625	accessible_not_acetylated	-0.992085
chr12	119153723	2.944439	4.9538865	-2.0094476	accessible_not_acetylated	-0.059174538
chr7	1468967	2.6390574	4.648469	-2.0094116	accessible_not_acetylated	-0.95075107
chr10	103667584	3.1354942	5.144724	-2.0092297	accessible_not_acetylated	-0.20506859
chr12	131474504	2.7725887	4.781674	-2.0090852	accessible_not_acetylated	-0.71528196
chr18	61582040	2.7725887	4.781114	-2.0085254	accessible_not_acetylated	-0.5624747
chr6	7480053	2.5649493	4.573249	-2.0082996	accessible_not_acetylated	-0.592818
chr8	59119755	3.0445225	5.05225	-2.0077274	accessible_not_acetylated	-0.60078955
chr7	44113528	3.1780539	5.1854258	-2.007372	accessible_not_acetylated	-0.8538022
chr7	155994009	2.3025851	4.3099346	-2.0073495	accessible_not_acetylated	-0.7719631
chr7	103280167	2.8332133	4.8405204	-2.007307	accessible_not_acetylated	-0.9146309
chr12	6914647	3.0445225	5.0517774	-2.0072548	accessible_not_acetylated	-0.9346137
chr17	82823262	2.7080503	4.7147565	-2.0067062	accessible_not_acetylated	-0.73087096
chr7	64946936	2.6390574	4.6453643	-2.006307	accessible_not_acetylated	-0.7573726
chr20	32052187	2.3978953	4.40403	-2.0061345	accessible_not_acetylated	-0.9400978
chr6	131135828	3.4011974	5.4070473	-2.0058498	accessible_not_acetylated	-1.1093497
chr22	48943980	2.5649493	4.57047	-2.0055206	accessible_not_acetylated	-0.7403927
chr12	132621068	2.944439	4.9498587	-2.0054197	accessible_not_acetylated	-0.9044509
chr6	33009622	2.6390574	4.64442	-2.0053627	accessible_not_acetylated	-0.78625846
chr17	37655895	2.5649493	4.570086	-2.0051367	accessible_not_acetylated	-0.6455362
chr7	75985660	2.7725887	4.7777195	-2.0051308	accessible_not_acetylated	-1.111906
chr17	44374903	2.9957323	5.0008445	-2.0051122	accessible_not_acetylated	-0.8712764
chr8	92876565	3.583519	5.5885935	-2.0050745	accessible_not_acetylated	0.013225079
chr18	79954519	2.3025851	4.307534	-2.004949	accessible_not_acetylated	-0.72387505
chr8	143599169	3.218876	5.22375	-2.0048742	accessible_not_acetylated	-0.93446445
chr21	46127009	2.6390574	4.643025	-2.0039675	accessible_not_acetylated	-0.9365208
chr20	25860019	2.4849067	4.4887495	-2.0038428	accessible_not_acetylated	-0.6958697
chr12	47942517	2.5649493	4.5682554	-2.0033062	accessible_not_acetylated	-0.8428509
chr10	125370776	2.8903718	4.893387	-2.003015	accessible_not_acetylated	-0.55155563
chr7	8433835	3.1354942	5.1380806	-2.0025864	accessible_not_acetylated	-0.78257275
chr22	46681172	2.3978953	4.400195	-2.0022998	accessible_not_acetylated	-0.5975907
chr10	133201584	2.3025851	4.3048334	-2.0022483	accessible_not_acetylated	-1.2790818
chr22	11492756	1.0986123	3.100621	-2.0020087	accessible_not_acetylated	-0.071457386
chr20	23605973	2.0794415	4.0813866	-2.001945	accessible_not_acetylated	-0.70657325
chr20	30614932	2.4849067	4.4855843	-2.0006776	accessible_not_acetylated	-0.058604717
chr17	31516959	3.1780539	5.1782203	-2.0001664	accessible_not_acetylated	-0.21286106
chr20	63574289	3.3672957	5.367048	-1.999752	accessible_not_acetylated	-0.7906666
chr20	63559700	3.0445225	5.0442295	-1.999707	accessible_not_acetylated	-1.1332643
chr17	63700163	3.0445225	5.043995	-1.9994724	accessible_not_acetylated	-1.1764293
chr8	96495118	2.7725887	4.7719846	-1.9993958	accessible_not_acetylated	-0.9729991
chr8	97849743	2.8332133	4.8325644	-1.999351	accessible_not_acetylated	-0.039215565
chr6	19837369	1.3862944	3.3855824	-1.9992881	accessible_not_acetylated	-0.97599983
chr22	46537170	0.6931472	2.6923819	-1.9992347	accessible_not_acetylated	-1.934802
chr6	108117898	2.7080503	4.70716	-1.9991097	accessible_not_acetylated	-0.9114139
chr8	96493830	2.7080503	4.706895	-1.9988446	accessible_not_acetylated	-1.1125014
chr20	48657057	2.8903718	4.88916	-1.9987884	accessible_not_acetylated	-0.2858529
chr17	30651265	2.8332133	4.8314676	-1.9982543	accessible_not_acetylated	-0.24557686
chr17	18377764	1.7917595	3.7898846	-1.9981251	accessible_not_acetylated	-1.1227393
chr7	50159320	2.8332133	4.8312554	-1.9980421	accessible_not_acetylated	-0.7027559
chr12	11500784	2.3025851	4.3006034	-1.9980183	accessible_not_acetylated	-1.2019563
chr12	122863048	2.6390574	4.636704	-1.9976466	accessible_not_acetylated	-0.62842274
chr6	29942469	2.3025851	4.3001447	-1.9975595	accessible_not_acetylated	-0.8780441
chr6	77650361	2.944439	4.941902	-1.9974632	accessible_not_acetylated	-0.64994335
chr10	44292749	2.4849067	4.482292	-1.9973855	accessible_not_acetylated	-1.3619804
chr10	50698035	2.944439	4.9416695	-1.9972305	accessible_not_acetylated	0.3512745
chr22	27551613	1.9459102	3.9428282	-1.996918	accessible_not_acetylated	-0.78677773
chr10	93206838	2.1972246	4.194085	-1.9968605	accessible_not_acetylated	-0.4765935
chr20	46709706	2.8332133	4.830044	-1.9968305	accessible_not_acetylated	-1.028378
chr22	50271836	3.1780539	5.174774	-1.9967203	accessible_not_acetylated	-0.8380532
chr20	10674001	3.1780539	5.1745915	-1.9965377	accessible_not_acetylated	-0.90150166
chr12	107134807	3.0445225	5.040684	-1.9961617	accessible_not_acetylated	-0.4387927
chr8	80171446	3.295837	5.2916174	-1.9957805	accessible_not_acetylated	-0.8271942
chr8	38924533	2.5649493	4.5599365	-1.9949872	accessible_not_acetylated	-0.39802027
chr17	63698090	2.7725887	4.7670507	-1.994462	accessible_not_acetylated	-0.6807203
chr6	163712792	2.8332133	4.827447	-1.9942336	accessible_not_acetylated	-0.80349684
chr12	44876966	2.7725887	4.766821	-1.9942322	accessible_not_acetylated	-0.9163089
chr22	39020193	3.0445225	5.038644	-1.9941213	accessible_not_acetylated	-0.56578255
chr20	38601854	2.8903718	4.884309	-1.993937	accessible_not_acetylated	-0.51138115
chr10	128078671	2.7080503	4.7019625	-1.9939122	accessible_not_acetylated	-0.70304847
chr20	45469582	2.4849067	4.478809	-1.9939022	accessible_not_acetylated	-0.88003707
chr21	44302854	2.6390574	4.632918	-1.9938605	accessible_not_acetylated	-0.30679607
chr20	10047592	2.0794415	4.0732512	-1.9938097	accessible_not_acetylated	-0.55626464
chr7	44020381	3.0910425	5.0847826	-1.9937401	accessible_not_acetylated	-0.5582509
chr7	66494780	3.218876	5.2125425	-1.9936666	accessible_not_acetylated	-0.5598693
chr8	93700509	3.0910425	5.084706	-1.9936633	accessible_not_acetylated	-1.016901
chr18	63319911	3.295837	5.2893286	-1.9934916	accessible_not_acetylated	-1.0557528
chr20	18019327	2.6390574	4.6325474	-1.99349	accessible_not_acetylated	-0.35008574
chr8	141555069	2.6390574	4.63253	-1.9934728	accessible_not_acetylated	-0.42858696
chr10	75193961	2.3978953	4.3911943	-1.993299	accessible_not_acetylated	-0.66451144
chr18	59220167	1.609438	3.6027143	-1.9932764	accessible_not_acetylated	-1.4987986
chr10	133267578	2.8903718	4.883272	-1.9929004	accessible_not_acetylated	-0.9654598
chr6	138692807	3.0445225	5.037314	-1.9927914	accessible_not_acetylated	-0.9973645
chr8	47188919	2.9957323	4.988194	-1.9924617	accessible_not_acetylated	-1.066359
chr8	18387290	2.7725887	4.764833	-1.9922442	accessible_not_acetylated	-0.8611579
chr10	43046757	2.7725887	4.7644787	-1.99189	accessible_not_acetylated	-0.73442984
chr20	19583990	2.6390574	4.6308527	-1.9917953	accessible_not_acetylated	-0.50472116
chr7	63900242	2.944439	4.9359665	-1.9915276	accessible_not_acetylated	-0.64542484
chr10	80474015	2.7080503	4.6995463	-1.9914961	accessible_not_acetylated	-0.6133771
chr12	123151133	3.465736	5.4564962	-1.9907603	accessible_not_acetylated	-1.2186427
chr6	71420886	1.609438	3.599855	-1.990417	accessible_not_acetylated	-0.8091314
chr18	62325436	3.0445225	5.0348077	-1.9902852	accessible_not_acetylated	-0.98687696
chr22	45672149	3.295837	5.2859354	-1.9900985	accessible_not_acetylated	-1.0383468
chr17	3678265	2.3025851	4.2923546	-1.9897695	accessible_not_acetylated	-1.2011724
chr17	20852823	2.9957323	4.9853497	-1.9896173	accessible_not_acetylated	-0.7740445
chr22	42152525	2.4849067	4.4744806	-1.989574	accessible_not_acetylated	-1.1696479
chr7	5811558	2.7725887	4.7621317	-1.989543	accessible_not_acetylated	-0.49797773
chr21	44637355	2.0794415	4.0688086	-1.989367	accessible_not_acetylated	-0.66886115
chr12	130776545	2.9957323	4.9849873	-1.989255	accessible_not_acetylated	-0.7096906
chr22	37429172	2.4849067	4.4740925	-1.9891858	accessible_not_acetylated	-0.83503747
chr12	14568652	3.2580965	5.2470493	-1.9889529	accessible_not_acetylated	-0.5734997
chr6	118409076	2.6390574	4.627928	-1.9888704	accessible_not_acetylated	-0.36168146
chr12	39866308	2.5649493	4.553755	-1.9888055	accessible_not_acetylated	-0.54798126
chr12	120656226	2.4849067	4.4734836	-1.9885769	accessible_not_acetylated	-1.1415727
chr18	44679377	2.944439	4.9328947	-1.9884558	accessible_not_acetylated	-0.18066311
chr8	1733718	2.4849067	4.473025	-1.9881182	accessible_not_acetylated	-0.46057415
chr17	45432916	2.3025851	4.290415	-1.9878297	accessible_not_acetylated	-1.0855291
chr20	36344847	2.4849067	4.4724193	-1.9875126	accessible_not_acetylated	-0.82040334
chr20	62549685	2.5649493	4.552392	-1.9874427	accessible_not_acetylated	-0.7988732
chr8	144500978	3.2580965	5.245532	-1.9874356	accessible_not_acetylated	-1.0122089
chr20	37915277	2.5649493	4.5517426	-1.9867933	accessible_not_acetylated	-0.80106544
chr10	113108661	2.7725887	4.7592	-1.9866114	accessible_not_acetylated	-0.5434542
chr12	131224661	3.3672957	5.3536587	-1.9863629	accessible_not_acetylated	0.04207039
chr22	41914892	3.0910425	5.077236	-1.9861937	accessible_not_acetylated	-1.278882
chr17	46851389	3.0910425	5.077148	-1.9861054	accessible_not_acetylated	-1.0695276
chr6	168071814	2.7080503	4.6940036	-1.9859533	accessible_not_acetylated	-0.6229086
chr12	37547825	2.7080503	4.6934905	-1.9854403	accessible_not_acetylated	-1.0633097
chr20	21506325	3.0445225	5.0294323	-1.9849098	accessible_not_acetylated	-0.8441601
chr6	122482029	3.1780539	5.162778	-1.984724	accessible_not_acetylated	-0.41662216
chr17	491329	2.8332133	4.8178225	-1.9846091	accessible_not_acetylated	-1.0545042
chr18	41936985	2.6390574	4.6236596	-1.9846022	accessible_not_acetylated	-0.55544615
chr12	123907950	2.8332133	4.8178005	-1.9845872	accessible_not_acetylated	-1.027972
chr20	23750937	1.609438	3.5938065	-1.9843686	accessible_not_acetylated	-0.47301674
chr12	119303380	2.1972246	4.181551	-1.9843264	accessible_not_acetylated	-0.06824827
chr18	46096827	3.0445225	5.028813	-1.9842904	accessible_not_acetylated	-0.4160285
chr10	120949062	2.8332133	4.817321	-1.9841075	accessible_not_acetylated	-0.18561172
chr10	12349371	3.2580965	5.2418594	-1.983763	accessible_not_acetylated	-0.8603449
chr12	122835475	3.218876	5.2026005	-1.9837246	accessible_not_acetylated	-1.120883
chr20	57622671	2.5649493	4.548417	-1.9834678	accessible_not_acetylated	-0.4176526
chr7	121328900	2.8903718	4.8737373	-1.9833655	accessible_not_acetylated	-0.5382695
chr22	44180889	2.1972246	4.18038	-1.9831553	accessible_not_acetylated	-0.6292958
chr10	42866858	3.0445225	5.02754	-1.9830177	accessible_not_acetylated	-0.23698139
chr22	24231258	2.944439	4.9273043	-1.9828653	accessible_not_acetylated	-1.087712
chr22	49369221	2.7080503	4.6908317	-1.9827814	accessible_not_acetylated	-0.8599005
chr8	18668040	2.9957323	4.977971	-1.9822388	accessible_not_acetylated	-0.60426426
chr7	30911710	2.8903718	4.8721647	-1.9817929	accessible_not_acetylated	-0.90962243
chr17	42282816	3.0445225	5.02574	-1.9812176	accessible_not_acetylated	-0.60450315
chr20	36854697	2.7080503	4.6892176	-1.9811673	accessible_not_acetylated	-0.7222421
chr7	65838705	2.7725887	4.753668	-1.9810791	accessible_not_acetylated	-0.7750094
chr20	3740369	2.6390574	4.6199284	-1.980871	accessible_not_acetylated	-0.71673346
chr8	88327488	1.9459102	3.926765	-1.9808547	accessible_not_acetylated	-0.93285155
chr6	79663877	2.7725887	4.7532845	-1.9806957	accessible_not_acetylated	-0.68934536
chr10	46462694	1.7917595	3.7722924	-1.9805329	accessible_not_acetylated	-0.6783185
chr20	3105070	2.3025851	4.2828608	-1.9802756	accessible_not_acetylated	-0.7057061
chr17	80260593	3.9318256	5.911828	-1.9800024	accessible_not_acetylated	-0.9152584
chr10	125895867	3.2580965	5.2377353	-1.9796388	accessible_not_acetylated	-0.92639065
chr22	38336314	2.8903718	4.869877	-1.9795051	accessible_not_acetylated	-0.6933522
chr17	73261880	2.1972246	4.176389	-1.9791646	accessible_not_acetylated	-0.68571377
chr7	29677513	2.8332133	4.812358	-1.9791446	accessible_not_acetylated	-0.023643017
chr12	11355590	0.0	1.9791425	-1.9791425	accessible_not_acetylated	-0.09977901
chr10	127854162	2.7725887	4.7516594	-1.9790707	accessible_not_acetylated	-0.67560863
chr7	38359209	2.9957323	4.97462	-1.9788876	accessible_not_acetylated	-0.12399864
chr7	100351928	2.7725887	4.7512326	-1.9786439	accessible_not_acetylated	-0.79486513
chr17	43906766	2.7725887	4.7511764	-1.9785876	accessible_not_acetylated	-0.8447902
chr18	11148762	1.609438	3.5880208	-1.9785829	accessible_not_acetylated	-1.3028085
chr21	20998310	3.295837	5.274381	-1.9785442	accessible_not_acetylated	-0.8217583
chr22	25333647	2.7725887	4.7511263	-1.9785376	accessible_not_acetylated	-0.4195423
chr8	12182792	2.1972246	4.1757245	-1.9784999	accessible_not_acetylated	-1.2682171
chr17	3755092	3.295837	5.273967	-1.9781299	accessible_not_acetylated	-0.7055583
chr21	45506758	2.8332133	4.8113384	-1.9781251	accessible_not_acetylated	-0.75965834
chr10	73798864	3.0910425	5.068862	-1.9778194	accessible_not_acetylated	-0.39319038
chr17	75615631	2.8332133	4.810698	-1.9774847	accessible_not_acetylated	-0.6471267
chr22	38454876	2.6390574	4.6163826	-1.9773252	accessible_not_acetylated	-1.5484731
chr10	84204285	2.7725887	4.749714	-1.9771252	accessible_not_acetylated	-0.29627037
chr22	42539584	3.0910425	5.068063	-1.9770203	accessible_not_acetylated	-0.19502687
chr17	39573932	2.7725887	4.7494073	-1.9768186	accessible_not_acetylated	-0.6393657
chr17	81952296	2.7080503	4.684825	-1.9767747	accessible_not_acetylated	-0.884892
chr20	37258101	2.3978953	4.374581	-1.9766855	accessible_not_acetylated	-0.7514889
chr18	61635990	2.3978953	4.3743625	-1.9764671	accessible_not_acetylated	-0.6221943
chr8	28411984	3.0910425	5.0674047	-1.9763622	accessible_not_acetylated	-1.1396823
chr20	62375703	2.7080503	4.684208	-1.9761577	accessible_not_acetylated	-0.45159245
chr8	65841495	3.295837	5.271985	-1.9761481	accessible_not_acetylated	-0.46547747
chr22	50184132	2.6390574	4.6151915	-1.9761341	accessible_not_acetylated	-1.0994842
chr17	19234875	2.8332133	4.808997	-1.9757838	accessible_not_acetylated	-0.4229951
chr17	8888650	2.8903718	4.8661423	-1.9757705	accessible_not_acetylated	-0.54296064
chr17	36877958	2.3978953	4.373485	-1.9755898	accessible_not_acetylated	-0.5662236
chr22	32801613	2.3978953	4.373237	-1.9753418	accessible_not_acetylated	-1.2589586
chr7	93039901	2.6390574	4.6132526	-1.9741952	accessible_not_acetylated	-0.8334203
chr10	26931437	2.7725887	4.7465725	-1.9739838	accessible_not_acetylated	-0.62040424
chr10	133335510	2.7080503	4.6819515	-1.9739013	accessible_not_acetylated	-1.1534328
chr10	98394639	2.5649493	4.538582	-1.9736326	accessible_not_acetylated	-0.943532
chr7	5488003	2.8903718	4.863713	-1.973341	accessible_not_acetylated	-0.74181175
chr20	44651878	3.218876	5.1921673	-1.9732914	accessible_not_acetylated	-0.70974684
chr12	99984727	3.218876	5.1921372	-1.9732614	accessible_not_acetylated	-1.2089257
chr17	47531113	3.218876	5.19207	-1.9731941	accessible_not_acetylated	-0.60506153
chr6	109448075	2.8903718	4.86336	-1.9729881	accessible_not_acetylated	-0.6239166
chr18	30386823	3.295837	5.2687836	-1.9729466	accessible_not_acetylated	-0.5224266
chr17	76270407	3.4011974	5.3731594	-1.971962	accessible_not_acetylated	-0.6135998
chr12	6703890	2.8332133	4.8050075	-1.9717941	accessible_not_acetylated	-0.7828226
chr7	6531248	2.8332133	4.8049335	-1.9717202	accessible_not_acetylated	-0.8530252
chr7	47893353	2.6390574	4.6104126	-1.9713552	accessible_not_acetylated	-0.62226224
chr22	44622278	2.0794415	4.050604	-1.9711623	accessible_not_acetylated	-0.862164
chr10	119378977	2.6390574	4.610075	-1.9710176	accessible_not_acetylated	-0.7941568
chr6	108134075	3.0910425	5.061991	-1.9709487	accessible_not_acetylated	-0.5855999
chr20	62825038	3.0445225	5.015435	-1.9709127	accessible_not_acetylated	-0.372437
chr20	885157	2.3025851	4.2733173	-1.9707322	accessible_not_acetylated	-1.2661846
chr6	122610242	2.944439	4.915054	-1.9706149	accessible_not_acetylated	-0.46612024
chr6	136923993	2.3025851	4.273198	-1.970613	accessible_not_acetylated	-0.83288765
chr22	25334252	2.8332133	4.8036532	-1.9704399	accessible_not_acetylated	-0.4712186
chr7	1530716	3.0445225	5.0149097	-1.9703872	accessible_not_acetylated	-0.7646527
chr10	100519838	1.9459102	3.9160736	-1.9701633	accessible_not_acetylated	-0.82932425
chr7	152319656	2.1972246	4.1673684	-1.9701438	accessible_not_acetylated	-0.5122881
chr17	74351980	2.944439	4.9141827	-1.9697437	accessible_not_acetylated	-0.95064306
chr7	32464535	3.0445225	5.0142612	-1.9697387	accessible_not_acetylated	-0.6589446
chr7	1431632	2.7725887	4.742159	-1.9695702	accessible_not_acetylated	-0.84990644
chr12	52172219	2.6390574	4.6085057	-1.9694483	accessible_not_acetylated	-0.6978984
chr7	2232347	3.218876	5.1882467	-1.9693708	accessible_not_acetylated	-0.7891698
chr17	12021084	3.218876	5.1882396	-1.9693637	accessible_not_acetylated	-0.9715328
chr17	63903927	2.4849067	4.454204	-1.9692974	accessible_not_acetylated	-0.07892513
chr17	20646831	2.3025851	4.2718377	-1.9692526	accessible_not_acetylated	-0.08868313
chr17	4536281	3.0910425	5.060109	-1.9690666	accessible_not_acetylated	-0.8936753
chr10	104307031	2.7080503	4.676735	-1.9686847	accessible_not_acetylated	-0.5098362
chr17	74972780	3.3322046	5.300433	-1.9682286	accessible_not_acetylated	-1.0178885
chr22	41928074	2.6390574	4.607198	-1.9681408	accessible_not_acetylated	-0.5242324
chr10	97759605	2.8332133	4.801144	-1.9679308	accessible_not_acetylated	-0.62001276
chr8	9906929	2.7080503	4.6758585	-1.9678082	accessible_not_acetylated	-0.8640146
chr17	1087564	2.7725887	4.7401967	-1.967608	accessible_not_acetylated	-0.47730875
chr12	124397087	2.3978953	4.365237	-1.9673419	accessible_not_acetylated	-1.0219371
chr17	38453617	2.1972246	4.164478	-1.9672532	accessible_not_acetylated	-1.5432694
chr17	76476496	2.0794415	4.046451	-1.9670095	accessible_not_acetylated	-1.0168126
chr21	10405601	2.6390574	4.6060266	-1.9669693	accessible_not_acetylated	-0.87050843
chr6	168050587	2.6390574	4.6059265	-1.9668691	accessible_not_acetylated	-0.74823594
chr7	158496093	2.4849067	4.451721	-1.9668145	accessible_not_acetylated	-1.1129029
chr7	216852	2.7080503	4.674342	-1.9662919	accessible_not_acetylated	-1.0047135
chr8	23320190	2.8332133	4.7994423	-1.966229	accessible_not_acetylated	-0.733459
chr8	22042752	2.3978953	4.363986	-1.9660907	accessible_not_acetylated	-0.90388775
chr6	122366097	2.7080503	4.674008	-1.9659576	accessible_not_acetylated	-0.13717747
chr8	143771027	3.1354942	5.1013517	-1.9658575	accessible_not_acetylated	-0.95410013
chr22	21468455	3.3672957	5.3330803	-1.9657845	accessible_not_acetylated	-0.45093918
chr12	53470086	2.8903718	4.8561053	-1.9657335	accessible_not_acetylated	-0.38311005
chr21	31873314	2.3025851	4.2682495	-1.9656644	accessible_not_acetylated	-1.0271866
chr20	60116653	2.944439	4.909962	-1.9655232	accessible_not_acetylated	-0.10344076
chr10	96370754	2.7080503	4.673504	-1.9654536	accessible_not_acetylated	-0.082556725
chr10	131454283	2.7080503	4.6729813	-1.964931	accessible_not_acetylated	-0.6486368
chr10	34119675	2.6390574	4.6038485	-1.964791	accessible_not_acetylated	-0.51993656
chr10	133394986	3.4011974	5.3658276	-1.9646301	accessible_not_acetylated	-0.25461388
chr8	57994553	2.4849067	4.4495273	-1.9646206	accessible_not_acetylated	-1.2879899
chr7	44805115	2.9957323	4.9603467	-1.9646144	accessible_not_acetylated	-0.29750156
chr12	123533868	3.4339871	5.39855	-1.9645629	accessible_not_acetylated	-1.2406912
chr22	46096434	2.3978953	4.362264	-1.9643688	accessible_not_acetylated	-0.9545765
chr12	3034324	2.6390574	4.603375	-1.9643176	accessible_not_acetylated	-0.29534292
chr10	100656686	2.7080503	4.672201	-1.9641509	accessible_not_acetylated	-0.5890455
chr22	24424105	3.0910425	5.0548735	-1.963831	accessible_not_acetylated	-1.0499263
chr17	82078119	3.0445225	5.008196	-1.9636734	accessible_not_acetylated	-0.73811245
chr21	46265017	2.8332133	4.796712	-1.9634986	accessible_not_acetylated	-0.6436453
chr8	55102456	1.9459102	3.909301	-1.9633908	accessible_not_acetylated	-1.5363252
chr8	48105987	2.7080503	4.671236	-1.9631858	accessible_not_acetylated	-0.74375224
chr7	159335625	2.7725887	4.735771	-1.9631824	accessible_not_acetylated	-0.9012413
chr8	11986459	2.3025851	4.265685	-1.9631	accessible_not_acetylated	-0.518147
chr8	142632223	2.4849067	4.447937	-1.9630303	accessible_not_acetylated	-1.0134757
chr22	50475089	3.295837	5.258746	-1.9629092	accessible_not_acetylated	-1.0974874
chr10	1075153	2.4849067	4.4477425	-1.9628358	accessible_not_acetylated	-0.4648888
chr21	45991002	2.4849067	4.4475946	-1.962688	accessible_not_acetylated	-0.817271
chr7	125181997	2.944439	4.907002	-1.962563	accessible_not_acetylated	-0.93350077
chr7	3301262	3.218876	5.1813154	-1.9624395	accessible_not_acetylated	-1.1106472
chr7	2380352	2.4849067	4.4467673	-1.9618607	accessible_not_acetylated	-1.0140884
chr7	56328544	2.3025851	4.2643375	-1.9617524	accessible_not_acetylated	-0.44596148
chr17	83103643	3.0910425	5.052769	-1.9617267	accessible_not_acetylated	-1.0159845
chr18	37282576	2.7725887	4.7342916	-1.9617028	accessible_not_acetylated	-0.7552948
chr12	53695589	2.7080503	4.669676	-1.9616256	accessible_not_acetylated	-0.37057877
chr7	76626094	3.1780539	5.1396313	-1.9615774	accessible_not_acetylated	0.04354143
chr22	44620380	2.8903718	4.851747	-1.9613752	accessible_not_acetylated	-1.2831106
chr20	44942629	2.944439	4.905198	-1.9607592	accessible_not_acetylated	-0.43624353
chr10	19816279	2.5649493	4.525524	-1.9605749	accessible_not_acetylated	-1.026978
chr20	25751111	2.944439	4.9048214	-1.9603825	accessible_not_acetylated	-0.26480532
chr8	139675931	2.8903718	4.8504543	-1.9600825	accessible_not_acetylated	0.056478024
chr10	103736963	2.7725887	4.7323904	-1.9598017	accessible_not_acetylated	-0.3200388
chr20	63484009	2.7080503	4.6678514	-1.9598012	accessible_not_acetylated	-1.0571554
chr12	14567493	3.3672957	5.326744	-1.9594483	accessible_not_acetylated	-0.8361888
chr12	96108493	2.4849067	4.4442725	-1.9593658	accessible_not_acetylated	-0.97989225
chr10	103452405	2.7080503	4.6672797	-1.9592295	accessible_not_acetylated	-0.87808967
chr10	124706016	2.4849067	4.4441347	-1.959228	accessible_not_acetylated	-0.7336097
chr8	141408171	2.7080503	4.666973	-1.9589229	accessible_not_acetylated	-0.44167185
chr7	48108294	2.3978953	4.356763	-1.9588675	accessible_not_acetylated	-0.84578156
chr6	109978481	2.6390574	4.5974026	-1.9583452	accessible_not_acetylated	-0.81166077
chr17	9959511	2.1972246	4.155277	-1.9580522	accessible_not_acetylated	-0.7936597
chr12	125186310	3.0910425	5.049001	-1.9579587	accessible_not_acetylated	-0.79146147
chr17	51335162	1.9459102	3.9034438	-1.9575336	accessible_not_acetylated	-0.518718
chr18	76462501	2.4849067	4.442418	-1.9575114	accessible_not_acetylated	-0.26124096
chr17	80967779	2.6390574	4.596257	-1.9571998	accessible_not_acetylated	-0.7815981
chr7	32733051	3.1354942	5.0925846	-1.9570904	accessible_not_acetylated	0.06046915
chr10	119104369	3.1354942	5.09257	-1.9570756	accessible_not_acetylated	-0.76358557
chr6	67062702	3.0445225	5.0014944	-1.9569719	accessible_not_acetylated	-0.30413723
chr20	35297381	2.5649493	4.521907	-1.9569576	accessible_not_acetylated	-0.755677
chr10	132308302	3.4339871	5.390708	-1.9567208	accessible_not_acetylated	-0.92754126
chr18	12865752	2.6390574	4.595158	-1.9561007	accessible_not_acetylated	-0.42333937
chr8	143722749	2.9957323	4.9509897	-1.9552574	accessible_not_acetylated	-0.7605548
chr17	22703443	2.7725887	4.727473	-1.954884	accessible_not_acetylated	-0.27013826
chr17	7281739	3.3672957	5.321342	-1.9540462	accessible_not_acetylated	-0.83263206
chr10	129658880	2.0794415	4.033427	-1.9539852	accessible_not_acetylated	-0.7746558
chr12	131311407	2.7725887	4.7264895	-1.9539008	accessible_not_acetylated	-0.2323556
chr8	144249386	2.6390574	4.592825	-1.9537675	accessible_not_acetylated	-0.79611826
chr20	40689702	3.0445225	4.99823	-1.9537075	accessible_not_acetylated	-0.897542
chr6	161140163	3.3672957	5.3209515	-1.9536557	accessible_not_acetylated	-0.9672775
chr20	3676169	2.6390574	4.5925474	-1.95349	accessible_not_acetylated	-0.48916292
chr21	44982733	2.4849067	4.4383073	-1.9534006	accessible_not_acetylated	-0.7683594
chr22	50578667	2.3978953	4.351267	-1.9533715	accessible_not_acetylated	-1.1494718
chr18	47260524	2.1972246	4.1504984	-1.9532738	accessible_not_acetylated	-0.81416845
chr10	92691981	3.6109178	5.563762	-1.9528444	accessible_not_acetylated	-0.9038663
chr17	61479269	2.6390574	4.591704	-1.9526465	accessible_not_acetylated	-0.8447845
chr17	9745080	2.1972246	4.1497335	-1.9525089	accessible_not_acetylated	-0.80690575
chr17	3535627	2.7080503	4.6602473	-1.9521971	accessible_not_acetylated	-1.2070935
chr10	128268192	2.8332133	4.785392	-1.9521785	accessible_not_acetylated	-0.6439209
chr7	74851229	3.1354942	5.087592	-1.9520979	accessible_not_acetylated	0.03941822
chr18	5196927	2.7080503	4.6601305	-1.9520802	accessible_not_acetylated	-0.5024061
chr10	102661341	3.1780539	5.1299725	-1.9519186	accessible_not_acetylated	-0.72402954
chr7	66741263	3.583519	5.5350704	-1.9515514	accessible_not_acetylated	-0.8185215
chr20	63696555	2.8903718	4.8418164	-1.9514446	accessible_not_acetylated	-0.7815037
chr7	4804156	2.6390574	4.5903435	-1.9512861	accessible_not_acetylated	-1.073251
chr21	42351099	2.3978953	4.3491774	-1.951282	accessible_not_acetylated	-0.6502204
chr17	3433622	2.3025851	4.2536187	-1.9510336	accessible_not_acetylated	-0.60365367
chr17	19063720	2.8332133	4.784085	-1.9508715	accessible_not_acetylated	-0.5747938
chr17	67377264	3.2580965	5.2089267	-1.9508302	accessible_not_acetylated	-0.595932
chr22	50606398	2.4849067	4.4353743	-1.9504676	accessible_not_acetylated	-1.3721104
chr12	128572474	2.944439	4.894806	-1.950367	accessible_not_acetylated	-0.81841135
chr7	35971528	2.8332133	4.783521	-1.9503078	accessible_not_acetylated	-0.80216837
chr20	37415575	2.3978953	4.348075	-1.9501796	accessible_not_acetylated	-1.1435342
chr17	35148263	2.0794415	4.029369	-1.9499273	accessible_not_acetylated	-0.42203593
chr6	67031958	2.3978953	4.3474483	-1.949553	accessible_not_acetylated	-0.41943264
chr8	143422370	2.6390574	4.5885854	-1.949528	accessible_not_acetylated	-1.1071765
chr10	9875370	3.4011974	5.3505545	-1.949357	accessible_not_acetylated	-0.5857086
chr22	49935427	3.218876	5.1680956	-1.9492197	accessible_not_acetylated	-1.0390544
chr7	815899	3.0910425	5.040125	-1.9490824	accessible_not_acetylated	-0.5153618
chr17	14362338	2.0794415	4.0283647	-1.9489231	accessible_not_acetylated	-0.2661414
chr18	79353424	2.3025851	4.2512064	-1.9486213	accessible_not_acetylated	-0.78612304
chr10	124529717	2.8332133	4.7817335	-1.9485202	accessible_not_acetylated	-0.64770126
chr6	167997077	2.3025851	4.250975	-1.94839	accessible_not_acetylated	-0.86844015
chr6	31888934	2.8332133	4.781307	-1.9480939	accessible_not_acetylated	-0.90712094
chr12	96153239	2.7080503	4.656123	-1.9480729	accessible_not_acetylated	-0.83493876
chr8	16528836	2.3025851	4.250435	-1.9478498	accessible_not_acetylated	-0.35226393
chr10	27999050	2.1972246	4.144697	-1.9474726	accessible_not_acetylated	-1.257653
chr17	46244448	2.9957323	4.9430647	-1.9473324	accessible_not_acetylated	-0.6109805
chr20	63832446	3.0445225	4.99162	-1.9470975	accessible_not_acetylated	-1.11222
chr7	32964515	3.218876	5.1659164	-1.9470406	accessible_not_acetylated	-0.538013
chr21	44461639	2.7725887	4.719576	-1.9469872	accessible_not_acetylated	-0.72192264
chr17	41754413	2.3978953	4.344879	-1.9469838	accessible_not_acetylated	-0.8033395
chr6	170295829	3.2580965	5.205046	-1.9469497	accessible_not_acetylated	-1.0870614
chr7	42691231	2.7080503	4.6546564	-1.9466062	accessible_not_acetylated	-0.63217115
chr10	124613280	3.0445225	4.991003	-1.9464805	accessible_not_acetylated	-0.6482582
chr12	120350332	2.4849067	4.4312053	-1.9462986	accessible_not_acetylated	-0.8235016
chr17	50689407	2.3978953	4.344135	-1.9462395	accessible_not_acetylated	-0.8760781
chr8	7686843	1.0986123	3.044638	-1.9460256	accessible_not_acetylated	-0.7484791
chr10	133088003	2.3978953	4.343795	-1.9458995	accessible_not_acetylated	-1.1983109
chr7	10786513	3.4011974	5.347089	-1.9458914	accessible_not_acetylated	0.0021305084
chr12	53115760	2.944439	4.889823	-1.945384	accessible_not_acetylated	-0.54397917
chr6	35496316	3.4965076	5.4418745	-1.9453669	accessible_not_acetylated	-0.8918042
chr12	10153433	2.7725887	4.7173724	-1.9447837	accessible_not_acetylated	-0.7267251
chr8	11704133	2.4849067	4.4296865	-1.9447799	accessible_not_acetylated	-0.9496076
chr17	5758896	1.9459102	3.890583	-1.9446728	accessible_not_acetylated	-0.5151944
chr22	31881390	2.5649493	4.5095854	-1.9446361	accessible_not_acetylated	-0.29292107
chr10	132802894	2.4849067	4.429397	-1.9444904	accessible_not_acetylated	-0.94453
chr17	76888006	2.7725887	4.717051	-1.9444623	accessible_not_acetylated	-0.8309221
chr10	100970157	3.1354942	5.0798674	-1.9443731	accessible_not_acetylated	-0.53972244
chr10	132185746	2.8332133	4.7774515	-1.9442382	accessible_not_acetylated	-1.0151398
chr18	26272239	2.7080503	4.652169	-1.944119	accessible_not_acetylated	-0.45515823
chr22	44701911	2.9957323	4.939451	-1.9437189	accessible_not_acetylated	-0.7172246
chr10	77589932	2.4849067	4.4285502	-1.9436436	accessible_not_acetylated	-0.7991662
chr7	155797134	3.0910425	5.034668	-1.9436255	accessible_not_acetylated	-0.8630929
chr7	144075754	2.8332133	4.7767944	-1.9435811	accessible_not_acetylated	-0.33614445
chr12	71117951	2.8903718	4.83366	-1.9432883	accessible_not_acetylated	-0.7075877
chr8	13132646	3.4339871	5.376993	-1.943006	accessible_not_acetylated	-0.4929433
chr20	31968000	2.7080503	4.650908	-1.9428577	accessible_not_acetylated	-1.1103847
chr7	64869313	2.4849067	4.427734	-1.9428272	accessible_not_acetylated	-0.70138025
chr8	123540381	2.8903718	4.83296	-1.9425883	accessible_not_acetylated	-0.7785053
chr22	24769000	2.6390574	4.581568	-1.9425104	accessible_not_acetylated	-0.28776646
chr21	44920825	2.4849067	4.427209	-1.9423022	accessible_not_acetylated	-0.84331775
chr20	47712672	2.6390574	4.581317	-1.9422596	accessible_not_acetylated	-0.6239252
chr12	49539066	3.0910425	5.0332856	-1.9422431	accessible_not_acetylated	-0.72787714
chr17	39246474	2.4849067	4.427143	-1.9422364	accessible_not_acetylated	-0.6053233
chr20	29874082	2.6390574	4.581155	-1.9420974	accessible_not_acetylated	-1.4756167
chr18	72867575	0.6931472	2.6350229	-1.9418757	accessible_not_acetylated	-1.2148536
chr10	130191649	2.1972246	4.139085	-1.9418602	accessible_not_acetylated	-1.1083755
chr6	41639991	2.4849067	4.4266214	-1.9417148	accessible_not_acetylated	-0.7568884
chr7	141068065	2.8332133	4.774866	-1.9416528	accessible_not_acetylated	-1.0039072
chr8	143793907	2.5649493	4.5063987	-1.9414494	accessible_not_acetylated	-0.609828
chr20	24164566	2.0794415	4.020605	-1.9411635	accessible_not_acetylated	-0.20499659
chr22	49999569	3.1354942	5.076517	-1.9410229	accessible_not_acetylated	-0.8679776
chr20	31995179	2.7080503	4.6488295	-1.9407792	accessible_not_acetylated	-1.2669051
chr8	47678522	2.7725887	4.7129602	-1.9403715	accessible_not_acetylated	-0.5487194
chr17	30687674	2.6390574	4.5793457	-1.9402883	accessible_not_acetylated	-0.69650006
chr22	37054243	2.3978953	4.338001	-1.9401054	accessible_not_acetylated	-0.92035604
chr22	46613178	2.3025851	4.2424326	-1.9398475	accessible_not_acetylated	-1.1478748
chr12	108090500	3.1354942	5.07514	-1.9396458	accessible_not_acetylated	-0.78831387
chr7	96993325	2.3025851	4.2422285	-1.9396434	accessible_not_acetylated	-0.37549686
chr8	43141273	3.295837	5.2352204	-1.9393835	accessible_not_acetylated	-0.3873763
chr22	17119675	2.8903718	4.829382	-1.9390101	accessible_not_acetylated	-1.0429718
chr22	30879145	2.6390574	4.5778637	-1.9388063	accessible_not_acetylated	-0.98494744
chr10	19713977	2.3025851	4.2413454	-1.9387603	accessible_not_acetylated	-0.9110396
chr6	111087493	2.9957323	4.9339137	-1.9381814	accessible_not_acetylated	-0.8643255
chr18	47254753	2.4849067	4.4230795	-1.9381728	accessible_not_acetylated	-0.7583463
chr7	69211979	2.4849067	4.422816	-1.9379091	accessible_not_acetylated	-0.40457106
chr17	81461096	2.8903718	4.8282304	-1.9378586	accessible_not_acetylated	-0.63514996
chr8	100863859	2.8332133	4.771016	-1.9378028	accessible_not_acetylated	-0.57875633
chr8	22054856	3.1780539	5.115699	-1.937645	accessible_not_acetylated	-0.31196404
chr12	70365614	3.4011974	5.33883	-1.9376326	accessible_not_acetylated	-0.8494754
chr7	131556687	3.0910425	5.028672	-1.9376297	accessible_not_acetylated	-0.7026291
chr10	133373414	3.0910425	5.028495	-1.9374523	accessible_not_acetylated	-0.41271973
chr20	1900527	2.6390574	4.57638	-1.9373224	accessible_not_acetylated	-0.45206976
chr8	903161	2.5649493	4.502146	-1.9371965	accessible_not_acetylated	-0.3973055
chr20	46174715	2.7725887	4.7097154	-1.9371266	accessible_not_acetylated	-0.7727225
chr17	74736884	2.9957323	4.9328184	-1.9370861	accessible_not_acetylated	-0.88647795
chr8	22130829	2.5649493	4.501999	-1.9370496	accessible_not_acetylated	-1.1469371
chr7	23100890	2.7080503	4.644808	-1.9367576	accessible_not_acetylated	-0.23418903
chr10	114632159	2.0794415	4.015749	-1.9363074	accessible_not_acetylated	-0.92612123
chr22	17261100	2.7080503	4.644338	-1.9362879	accessible_not_acetylated	-0.62053204
chr10	52314435	2.1972246	4.1334906	-1.936266	accessible_not_acetylated	-1.0669138
chr10	122298940	2.7725887	4.70874	-1.9361515	accessible_not_acetylated	-0.5471277
chr12	132544121	2.6390574	4.574881	-1.9358237	accessible_not_acetylated	-0.9695463
chr22	50170759	2.944439	4.88007	-1.9356313	accessible_not_acetylated	-1.1339839
chr6	31272155	3.1354942	5.071045	-1.9355507	accessible_not_acetylated	-0.6567764
chr17	81528092	2.944439	4.8799334	-1.9354944	accessible_not_acetylated	-1.1300366
chr17	75504471	2.7725887	4.7080736	-1.9354849	accessible_not_acetylated	-0.7052865
chr10	97457405	2.3978953	4.333105	-1.9352098	accessible_not_acetylated	-0.90482616
chr18	77984827	2.9957323	4.9308877	-1.9351554	accessible_not_acetylated	-0.5953555
chr12	113057856	2.3978953	4.332978	-1.9350824	accessible_not_acetylated	-1.4663384
chr21	44285773	2.5649493	4.5000086	-1.9350593	accessible_not_acetylated	-1.0303571
chr10	132547787	2.1972246	4.1322765	-1.9350519	accessible_not_acetylated	-0.98313475
chr6	24126151	2.7725887	4.707598	-1.9350095	accessible_not_acetylated	-0.34567356
chr17	36211062	1.7917595	3.7264333	-1.9346738	accessible_not_acetylated	-0.61648965
chr20	62954155	2.8903718	4.824523	-1.9341512	accessible_not_acetylated	-0.9378364
chr22	20149708	2.8332133	4.7672987	-1.9340854	accessible_not_acetylated	-0.9342325
chr7	55343459	2.944439	4.8780985	-1.9336596	accessible_not_acetylated	-0.8765602
chr10	126387178	2.3978953	4.331256	-1.9333606	accessible_not_acetylated	-0.35559225
chr17	44316403	2.7725887	4.7057652	-1.9331765	accessible_not_acetylated	-0.8266716
chr7	38354438	2.9957323	4.9288464	-1.933114	accessible_not_acetylated	-0.68912363
chr22	30249309	2.3025851	4.235539	-1.9329538	accessible_not_acetylated	-0.84835076
chr8	142464015	1.7917595	3.7246485	-1.932889	accessible_not_acetylated	-1.0574772
chr7	100374037	3.1780539	5.110738	-1.932684	accessible_not_acetylated	-0.7460365
chr10	74208276	2.7080503	4.640299	-1.9322486	accessible_not_acetylated	-0.7365029
chr12	7131285	2.9957323	4.9279494	-1.9322171	accessible_not_acetylated	-0.9327922
chr12	15996481	2.1972246	4.1293187	-1.9320941	accessible_not_acetylated	-0.4383309
chr22	41919762	2.944439	4.8762465	-1.9318075	accessible_not_acetylated	-1.0242102
chr7	158548112	2.5649493	4.496694	-1.9317448	accessible_not_acetylated	-0.73787713
chr17	42552557	2.7080503	4.6396914	-1.9316411	accessible_not_acetylated	-0.5184288
chr8	6835599	2.1972246	4.128854	-1.9316292	accessible_not_acetylated	-0.6781223
chr20	29326650	2.4849067	4.4163303	-1.9314237	accessible_not_acetylated	-1.3707654
chr22	39557529	2.7725887	4.7034607	-1.930872	accessible_not_acetylated	-0.672812
chr17	16569241	2.4849067	4.4157495	-1.9308429	accessible_not_acetylated	-1.1839056
chr10	84237424	2.9957323	4.926541	-1.9308085	accessible_not_acetylated	-0.3985381
chr17	79024069	2.3978953	4.3285995	-1.9307041	accessible_not_acetylated	-1.0969131
chr10	119139646	2.8903718	4.820717	-1.930345	accessible_not_acetylated	-0.62230206
chr7	1466917	3.0445225	4.974856	-1.9303334	accessible_not_acetylated	-1.0022826
chr17	50095264	3.218876	5.148936	-1.9300599	accessible_not_acetylated	-0.4597621
chr20	25543797	3.3322046	5.2618484	-1.9296439	accessible_not_acetylated	-0.05217886
chr20	62480416	2.7080503	4.6376705	-1.9296203	accessible_not_acetylated	-0.71304846
chr7	73399575	2.4849067	4.414526	-1.9296193	accessible_not_acetylated	-0.46395922
chr20	62508771	2.5649493	4.493664	-1.9287145	accessible_not_acetylated	-1.24067
chr7	136116334	2.8903718	4.8190727	-1.9287009	accessible_not_acetylated	-0.474092
chr22	19854894	5.857933	5.2465067	0.61142635	acetylated_beyond_accessibility	0.095713615
chr18	8891163	5.6489744	5.0371575	0.6118169	acetylated_beyond_accessibility	0.2138915
chr20	30228294	2.7080503	2.09613	0.61192036	acetylated_beyond_accessibility	0.38742018
chr7	142804848	4.890349	4.278364	0.6119847	acetylated_beyond_accessibility	-0.62697506
chr18	11947396	6.0063534	5.394365	0.61198854	acetylated_beyond_accessibility	-0.20067263
chr22	22264004	3.6888795	3.0765202	0.6123593	acetylated_beyond_accessibility	0.09987879
chr7	103919541	6.173786	5.5611486	0.6126375	acetylated_beyond_accessibility	0.3080802
chr7	106529482	3.871201	3.2583892	0.6128118	acetylated_beyond_accessibility	-0.032204628
chr17	32143186	5.986452	5.373456	0.6129961	acetylated_beyond_accessibility	0.37946033
chr22	35212200	5.652489	5.0392313	0.6132579	acetylated_beyond_accessibility	0.25449514
chr12	89733785	5.3471074	4.733743	0.6133642	acetylated_beyond_accessibility	0.031425
chr10	97664585	5.988961	5.375313	0.6136484	acetylated_beyond_accessibility	0.4602518
chr21	37338971	5.659482	5.0455923	0.6138897	acetylated_beyond_accessibility	0.16244316
chr20	32682707	5.463832	4.849927	0.61390495	acetylated_beyond_accessibility	0.55945206
chr18	1359629	3.6888795	3.0748744	0.6140051	acetylated_beyond_accessibility	-0.06416631
chr8	631062	5.5683446	4.9543047	0.6140399	acetylated_beyond_accessibility	-0.28343153
chr10	7007179	5.0238805	4.4096746	0.61420584	acetylated_beyond_accessibility	0.2915058
chr17	22228428	5.820083	5.205641	0.61444235	acetylated_beyond_accessibility	-0.10097313
chr12	7677581	5.4722705	4.857785	0.61448526	acetylated_beyond_accessibility	-0.1117754
chr6	22025860	6.0935698	5.4787736	0.61479616	acetylated_beyond_accessibility	0.31416845
chr10	91591493	5.556828	4.9419365	0.6148915	acetylated_beyond_accessibility	-0.07022762
chr21	14677713	5.7004437	5.0854964	0.6149473	acetylated_beyond_accessibility	0.49495983
chr7	116030813	3.583519	2.968053	0.6154659	acetylated_beyond_accessibility	0.4049058
chr8	130343295	5.8636312	5.2481527	0.6154785	acetylated_beyond_accessibility	0.78949356
chr21	24272698	5.8348107	5.2192054	0.61560535	acetylated_beyond_accessibility	0.55609417
chr17	27473751	5.894403	5.2783847	0.6160183	acetylated_beyond_accessibility	0.28060055
chr6	20444897	5.7620516	5.1459637	0.6160879	acetylated_beyond_accessibility	0.20253563
chr12	23781103	5.365976	4.749478	0.616498	acetylated_beyond_accessibility	-0.17931604
chr6	8100580	6.059123	5.442098	0.6170249	acetylated_beyond_accessibility	0.5132923
chr18	322729	5.6489744	5.031748	0.6172266	acetylated_beyond_accessibility	0.44856167
chr7	39589882	5.7137327	5.096342	0.61739063	acetylated_beyond_accessibility	0.39538145
chr6	28505752	4.9972124	4.379747	0.6174655	acetylated_beyond_accessibility	0.45356274
chr12	93570330	5.768321	5.150342	0.61797905	acetylated_beyond_accessibility	0.37008238
chr7	50356254	5.8289456	5.2109146	0.618031	acetylated_beyond_accessibility	0.055036068
chr12	93115582	5.7037826	5.0856695	0.61811304	acetylated_beyond_accessibility	0.12061405
chr6	15266670	5.811141	5.192166	0.61897516	acetylated_beyond_accessibility	0.14022303
chr18	46408680	5.365976	4.746896	0.61908007	acetylated_beyond_accessibility	0.45569134
chr21	33386441	5.7365723	5.117226	0.61934614	acetylated_beyond_accessibility	0.37419987
chr6	161407816	4.919981	4.3005295	0.6194515	acetylated_beyond_accessibility	0.16737366
chr22	22827272	4.8598123	4.2403107	0.6195016	acetylated_beyond_accessibility	0.5422921
chr8	124954711	5.7930136	5.17345	0.6195636	acetylated_beyond_accessibility	0.48435163
chr12	21813333	4.890349	4.2707114	0.6196375	acetylated_beyond_accessibility	0.47939444
chr6	90464657	5.3375382	4.717855	0.61968327	acetylated_beyond_accessibility	0.2546091
chr8	58596115	5.710427	5.090378	0.620049	acetylated_beyond_accessibility	0.27789688
chr6	20811495	5.613128	4.9930267	0.62010145	acetylated_beyond_accessibility	0.47725582
chr17	15959040	5.880533	5.2601857	0.6203475	acetylated_beyond_accessibility	0.30637693
chr12	101696903	5.918894	5.2985344	0.6203594	acetylated_beyond_accessibility	0.39340973
chr6	49666994	5.7930136	5.171989	0.6210246	acetylated_beyond_accessibility	0.31481552
chr17	55738243	5.8607864	5.239591	0.6211953	acetylated_beyond_accessibility	0.31826735
chr21	35317111	4.5108595	3.8894944	0.6213651	acetylated_beyond_accessibility	0.24935341
chr7	42987879	5.3844953	4.7628593	0.6216359	acetylated_beyond_accessibility	0.26599407
chr22	19815514	5.799093	5.177452	0.6216407	acetylated_beyond_accessibility	-0.24073124
chr10	110483757	5.3375382	4.715848	0.6216903	acetylated_beyond_accessibility	0.31306362
chr12	103805354	5.768321	5.146285	0.622036	acetylated_beyond_accessibility	0.27400827
chr6	106829613	5.7776523	5.155188	0.6224642	acetylated_beyond_accessibility	-0.28682613
chr6	20069330	6.163315	5.540723	0.622592	acetylated_beyond_accessibility	0.4167366
chr7	126699127	5.5373344	4.9147034	0.6226311	acetylated_beyond_accessibility	0.22964525
chr7	24829734	5.220356	4.597685	0.6226711	acetylated_beyond_accessibility	0.0020036697
chr7	39810384	5.9480352	5.3252106	0.62282467	acetylated_beyond_accessibility	0.31877136
chr6	27139270	5.811141	5.1882153	0.62292576	acetylated_beyond_accessibility	0.67043066
chr20	38666540	5.888878	5.265542	0.62333584	acetylated_beyond_accessibility	0.3525157
chr7	88205259	5.609472	4.9859724	0.6234994	acetylated_beyond_accessibility	0.6398182
chr12	7241581	5.669881	5.046187	0.62369394	acetylated_beyond_accessibility	0.20032787
chr21	33304637	5.638355	5.0146236	0.62373114	acetylated_beyond_accessibility	0.14754868
chr6	27633328	5.247024	4.6223884	0.6246357	acetylated_beyond_accessibility	0.008055687
chr10	17049408	5.192957	4.568104	0.62485313	acetylated_beyond_accessibility	-0.056527138
chr7	133355444	5.214936	4.5899057	0.62503004	acetylated_beyond_accessibility	0.60541534
chr17	47353051	4.276666	3.6516027	0.6250634	acetylated_beyond_accessibility	0.018198967
chr20	61526053	6.0958247	5.4706964	0.62512827	acetylated_beyond_accessibility	0.2988944
chr12	111636934	5.9687076	5.342532	0.6261754	acetylated_beyond_accessibility	0.6523018
chr18	57667157	5.897154	5.2709	0.6262541	acetylated_beyond_accessibility	0.21637058
chr17	59838346	5.971262	5.3447223	0.6265397	acetylated_beyond_accessibility	0.5563226
chr12	120229374	5.869297	5.242567	0.62672997	acetylated_beyond_accessibility	0.4370618
chr10	60990859	4.4886365	3.861564	0.6270726	acetylated_beyond_accessibility	0.2999065
chr7	88683275	5.8493247	5.221697	0.62762785	acetylated_beyond_accessibility	-0.054146767
chr7	107078996	5.799093	5.171459	0.6276336	acetylated_beyond_accessibility	0.82741547
chr17	50208797	5.9687076	5.3409834	0.6277242	acetylated_beyond_accessibility	0.24796486
chr10	17129817	3.5553482	2.9275599	0.6277883	acetylated_beyond_accessibility	-0.16797233
chr22	22959388	5.6903596	5.0624104	0.62794924	acetylated_beyond_accessibility	0.4716897
chr22	12631156	2.6390574	2.0106611	0.6283963	acetylated_beyond_accessibility	0.4062066
chr7	150321067	5.5012584	4.872853	0.6284056	acetylated_beyond_accessibility	0.35891867
chr22	24262597	3.0910425	2.462133	0.6289096	acetylated_beyond_accessibility	-1.222867
chr18	22668163	5.7930136	5.163604	0.6294098	acetylated_beyond_accessibility	0.1417036
chr12	51021874	5.9964523	5.3669896	0.6294627	acetylated_beyond_accessibility	0.19667435
chr22	31901734	5.521461	4.8916607	0.6298003	acetylated_beyond_accessibility	-0.054768562
chr18	8730603	5.641907	5.0120306	0.6298766	acetylated_beyond_accessibility	0.5105076
chr6	10519181	5.7776523	5.147703	0.6299491	acetylated_beyond_accessibility	0.19132137
chr20	57451953	5.8607864	5.230212	0.6305742	acetylated_beyond_accessibility	0.041613102
chr12	47194871	5.293305	4.6626887	0.6306162	acetylated_beyond_accessibility	-0.27607012
chr6	16043979	5.476464	4.8445215	0.6319423	acetylated_beyond_accessibility	0.1857338
chr6	119038266	5.811141	5.1791506	0.63199043	acetylated_beyond_accessibility	0.8209119
chr6	26327657	5.9053617	5.273256	0.6321058	acetylated_beyond_accessibility	0.36893463
chr10	12063322	5.6664267	5.0338387	0.6325879	acetylated_beyond_accessibility	-0.03421831
chr12	24695983	5.805135	5.1719446	0.63319016	acetylated_beyond_accessibility	0.08816099
chr20	11870715	2.8332133	2.1997297	0.63348365	acetylated_beyond_accessibility	0.13372493
chr6	35651476	5.313206	4.6795874	0.63361883	acetylated_beyond_accessibility	0.42931223
chr7	30897286	5.9839363	5.3499727	0.6339636	acetylated_beyond_accessibility	0.095277786
chr7	121160536	6.025866	5.3914003	0.6344657	acetylated_beyond_accessibility	0.059226036
chr10	95531620	5.811141	5.176521	0.6346202	acetylated_beyond_accessibility	0.33053446
chr6	20202126	5.616771	4.982122	0.6346493	acetylated_beyond_accessibility	0.31692362
chr8	16545462	4.919981	4.2851734	0.6348076	acetylated_beyond_accessibility	0.2880664
chr18	62664057	5.5947113	4.959859	0.6348524	acetylated_beyond_accessibility	0.6674776
chr6	150276461	6.070738	5.434389	0.6363487	acetylated_beyond_accessibility	0.020948887
chr18	3448278	5.897154	5.2608023	0.6363516	acetylated_beyond_accessibility	0.5884228
chr18	3585987	5.7037826	5.067132	0.63665056	acetylated_beyond_accessibility	0.68545246
chr22	39246932	4.8202815	4.183268	0.63701344	acetylated_beyond_accessibility	-0.14262295
chr17	59388207	4.9972124	4.360023	0.6371894	acetylated_beyond_accessibility	-0.14014244
chr17	15237303	5.0039463	4.3663373	0.637609	acetylated_beyond_accessibility	0.28915215
chr10	124421014	5.961005	5.3232765	0.6377287	acetylated_beyond_accessibility	0.27576637
chr6	134358433	4.3820267	3.7433705	0.63865614	acetylated_beyond_accessibility	0.27532053
chr10	17228363	6.037871	5.3987722	0.63909864	acetylated_beyond_accessibility	0.13686657
chr12	4388870	5.4467373	4.8074656	0.63927174	acetylated_beyond_accessibility	0.44938612
chr22	39920966	5.1119876	4.47258	0.63940763	acetylated_beyond_accessibility	0.19940758
chr6	20571413	4.9904327	4.350875	0.63955784	acetylated_beyond_accessibility	0.12725782
chr6	49964105	3.3322046	2.692172	0.64003253	acetylated_beyond_accessibility	0.60416937
chr6	139974034	5.6937323	5.053377	0.6403551	acetylated_beyond_accessibility	0.2788248
chr6	32168514	5.765191	5.124789	0.64040184	acetylated_beyond_accessibility	0.20801306
chr7	106952709	5.7899604	5.1492634	0.640697	acetylated_beyond_accessibility	0.1938715
chr6	31197880	5.7430034	5.1021914	0.6408119	acetylated_beyond_accessibility	0.29542255
chr10	50555266	5.8021183	5.1609783	0.64114	acetylated_beyond_accessibility	0.7702551
chr6	32857767	5.5053315	4.863898	0.6414337	acetylated_beyond_accessibility	0.38448572
chr7	101857147	5.9053617	5.263158	0.6422038	acetylated_beyond_accessibility	0.055554867
chr6	25698767	5.5093884	4.867041	0.64234734	acetylated_beyond_accessibility	0.07909298
chr6	108562811	5.8348107	5.1922317	0.6425791	acetylated_beyond_accessibility	0.18633747
chr20	43584111	5.645447	5.002655	0.64279175	acetylated_beyond_accessibility	-0.032251835
chr6	146914093	5.9532433	5.3104444	0.6427989	acetylated_beyond_accessibility	0.28263664
chr6	34560852	5.8230457	5.179703	0.6433425	acetylated_beyond_accessibility	0.23130465
chr22	44676741	6.079933	5.435994	0.643939	acetylated_beyond_accessibility	-0.4086852
chr10	22817618	6.0497336	5.405769	0.64396477	acetylated_beyond_accessibility	0.07583952
chr20	685113	5.049856	4.4058266	0.6440296	acetylated_beyond_accessibility	0.022707462
chr6	135568569	4.553877	3.909823	0.64405394	acetylated_beyond_accessibility	0.67488384
chr10	25493465	5.9788857	5.3341956	0.64469004	acetylated_beyond_accessibility	0.9198775
chr7	73793802	5.7899604	5.1446466	0.64531374	acetylated_beyond_accessibility	0.07877588
chr17	28233455	2.8903718	2.2444854	0.6458864	acetylated_beyond_accessibility	-0.3881557
chr12	108856022	6.2383246	5.5922117	0.6461129	acetylated_beyond_accessibility	-0.083984375
chr7	22167136	4.787492	4.141377	0.6461148	acetylated_beyond_accessibility	0.39308023
chr17	16194564	3.3672957	2.7210603	0.64623547	acetylated_beyond_accessibility	0.47844315
chr17	59784473	6.0958247	5.449585	0.64623976	acetylated_beyond_accessibility	0.23092175
chr12	43210600	3.9318256	3.2854834	0.6463423	acetylated_beyond_accessibility	0.57465553
chr17	69857591	5.602119	4.9553967	0.6467223	acetylated_beyond_accessibility	0.46987295
chr6	37112181	5.488938	4.8419356	0.6470022	acetylated_beyond_accessibility	-0.16455317
chr7	138528268	5.549076	4.9019575	0.64711857	acetylated_beyond_accessibility	0.15352154
chr12	71299928	5.6903596	5.043221	0.6471386	acetylated_beyond_accessibility	0.16533566
chr22	21093861	5.164786	4.5174103	0.6473756	acetylated_beyond_accessibility	0.60858536
chr10	32548396	4.5325994	3.8847392	0.6478603	acetylated_beyond_accessibility	0.27228332
chr6	135301489	4.836282	4.1882358	0.648046	acetylated_beyond_accessibility	0.35806513
chr22	22557741	6.082219	5.434119	0.6480999	acetylated_beyond_accessibility	0.25760508
chr17	66346143	5.616771	4.9686627	0.6481085	acetylated_beyond_accessibility	0.06509876
chr21	39484153	4.7004805	4.052166	0.6483145	acetylated_beyond_accessibility	0.3846798
chr20	50298831	5.463832	4.815364	0.648468	acetylated_beyond_accessibility	0.15547228
chr8	124976900	3.583519	2.9350247	0.64849424	acetylated_beyond_accessibility	-0.30782056
chr7	18177856	5.9558372	5.30713	0.6487074	acetylated_beyond_accessibility	0.3622923
chr22	19408417	5.8522024	5.202958	0.6492443	acetylated_beyond_accessibility	0.11835575
chr22	39967639	4.9416423	4.291794	0.64984846	acetylated_beyond_accessibility	0.08770323
chr6	105815274	5.4424176	4.7922187	0.65019894	acetylated_beyond_accessibility	0.60333586
chr6	135195653	5.42495	4.7745194	0.6504307	acetylated_beyond_accessibility	0.036435127
chr17	34413327	5.389072	4.738616	0.65045595	acetylated_beyond_accessibility	0.07500076
chr6	136403230	6.075346	5.42469	0.6506562	acetylated_beyond_accessibility	0.18358278
chr22	21755407	5.8021183	5.151286	0.6508322	acetylated_beyond_accessibility	0.62753105
chr6	139777461	5.886104	5.235016	0.65108824	acetylated_beyond_accessibility	0.18226099
chr22	20830218	4.6821313	4.030947	0.6511841	acetylated_beyond_accessibility	-0.05878973
chr6	119628308	5.755742	5.1045046	0.6512375	acetylated_beyond_accessibility	0.5686679
chr10	3709031	4.564348	3.9130495	0.65129876	acetylated_beyond_accessibility	-0.042171717
chr10	104253295	5.7462034	5.0942984	0.65190506	acetylated_beyond_accessibility	0.44447422
chr10	45279077	5.8522024	5.2001476	0.6520548	acetylated_beyond_accessibility	0.0032691956
chr8	37591578	5.7037826	5.0506973	0.65308523	acetylated_beyond_accessibility	0.29435062
chr20	30349134	2.944439	2.290645	0.65379405	acetylated_beyond_accessibility	-0.15956044
chr7	127823174	5.9506426	5.2962885	0.6543541	acetylated_beyond_accessibility	0.3475542
chr6	36478309	5.9788857	5.324167	0.6547189	acetylated_beyond_accessibility	0.40654087
chr8	10775766	5.5174527	4.862264	0.65518856	acetylated_beyond_accessibility	-0.07448435
chr10	43380918	5.857933	5.2025185	0.6554146	acetylated_beyond_accessibility	0.4557686
chr6	108502879	4.94876	4.293087	0.655673	acetylated_beyond_accessibility	0.5001211
chr8	127800900	5.7300997	5.074293	0.65580654	acetylated_beyond_accessibility	0.44140816
chr6	134605241	4.3694477	3.7136292	0.65581846	acetylated_beyond_accessibility	-0.21777177
chr8	102654178	5.749393	5.0933533	0.6560397	acetylated_beyond_accessibility	0.09305191
chr6	136738308	5.7589016	5.102717	0.6561847	acetylated_beyond_accessibility	0.12586403
chr6	53630114	5.365976	4.709713	0.6562629	acetylated_beyond_accessibility	0.7070551
chr12	116598686	5.8406415	5.184014	0.65662766	acetylated_beyond_accessibility	0.022714615
chr22	20557446	5.7838254	5.127157	0.6566682	acetylated_beyond_accessibility	-0.031022549
chr20	31572983	5.894403	5.237179	0.6572242	acetylated_beyond_accessibility	0.0795517
chr7	6221470	5.209486	4.552144	0.65734196	acetylated_beyond_accessibility	-0.038093567
chr17	44575649	3.8918204	3.2341566	0.6576638	acetylated_beyond_accessibility	0.185987
chr17	40536387	5.8230457	5.1653676	0.6576781	acetylated_beyond_accessibility	0.18014288
chr10	69217401	6.0088134	5.3506117	0.6582017	acetylated_beyond_accessibility	0.7186756
chr17	40517545	5.4026775	4.7435126	0.6591649	acetylated_beyond_accessibility	-0.25387144
chr12	123374755	5.5093884	4.850048	0.6593404	acetylated_beyond_accessibility	-0.25271702
chr8	23600468	3.9512436	3.2917302	0.6595135	acetylated_beyond_accessibility	0.098834515
chr10	24902183	5.976351	5.3162403	0.6601105	acetylated_beyond_accessibility	-0.30479336
chr8	128002655	5.786897	5.1267824	0.66011477	acetylated_beyond_accessibility	-0.04877329
chr7	75842801	5.9107966	5.2505064	0.66029024	acetylated_beyond_accessibility	-0.1255703
chr6	68653329	6.182085	5.5211344	0.66095066	acetylated_beyond_accessibility	0.6141138
chr10	21180789	5.4510384	4.7897816	0.6612568	acetylated_beyond_accessibility	0.37198925
chr17	28105738	5.433722	4.772363	0.66135883	acetylated_beyond_accessibility	0.5374422
chr7	118218560	5.398163	4.7367663	0.6613965	acetylated_beyond_accessibility	0.6205082
chr12	11840572	4.8202815	4.158831	0.6614504	acetylated_beyond_accessibility	0.12742472
chr6	26032315	5.7838254	5.1222625	0.6615629	acetylated_beyond_accessibility	0.687356
chr7	108538437	5.710427	5.0486526	0.66177416	acetylated_beyond_accessibility	0.44085455
chr21	45067713	5.7525725	5.090735	0.6618376	acetylated_beyond_accessibility	0.3998928
chr6	109284736	5.3423343	4.6803503	0.66198397	acetylated_beyond_accessibility	0.0010681152
chr12	89825793	4.7791233	4.117121	0.6620021	acetylated_beyond_accessibility	0.018785954
chr12	93571302	5.6903596	5.0283093	0.66205025	acetylated_beyond_accessibility	0.3893609
chr17	47288697	5.9107966	5.248397	0.66239977	acetylated_beyond_accessibility	-0.09040499
chr8	72107525	5.926926	5.2640295	0.66289663	acetylated_beyond_accessibility	0.45403767
chr12	104598971	6.1800165	5.5170083	0.6630082	acetylated_beyond_accessibility	0.31953096
chr7	116339772	4.912655	4.249489	0.66316605	acetylated_beyond_accessibility	0.27445078
chr7	124993508	5.056246	4.3925447	0.66370106	acetylated_beyond_accessibility	-0.07287216
chr7	116212465	5.771441	5.1075916	0.66384935	acetylated_beyond_accessibility	0.7256918
chr8	93413082	4.691348	4.026908	0.66444016	acetylated_beyond_accessibility	-0.06625342
chr7	135937085	5.6240177	4.959548	0.6644697	acetylated_beyond_accessibility	0.48721552
chr10	91220547	5.971262	5.30646	0.6648021	acetylated_beyond_accessibility	-0.064386845
chr17	70524380	3.4011974	2.7363667	0.6648307	acetylated_beyond_accessibility	0.88978076
chr7	107318714	5.894403	5.2290726	0.6653304	acetylated_beyond_accessibility	0.042447567
chr6	151229832	5.9053617	5.2398624	0.6654992	acetylated_beyond_accessibility	0.1984148
chr10	113060747	5.918894	5.2533865	0.6655073	acetylated_beyond_accessibility	0.10338688
chr6	126111103	5.590987	4.9251614	0.66582584	acetylated_beyond_accessibility	0.15778494
chr7	92161469	5.525453	4.858942	0.66651106	acetylated_beyond_accessibility	0.43903923
chr17	48258468	4.9972124	4.330512	0.66670036	acetylated_beyond_accessibility	0.045277596
chr22	41311702	5.3375382	4.6707296	0.6668086	acetylated_beyond_accessibility	0.49398565
chr10	79093900	6.042633	5.3755436	0.66708946	acetylated_beyond_accessibility	0.14133263
chr12	89162922	4.7791233	4.1118383	0.66728497	acetylated_beyond_accessibility	-0.0040507317
chr20	31674192	5.659482	4.9921694	0.6673126	acetylated_beyond_accessibility	-0.14761496
chr22	20003558	4.7004805	4.033148	0.66733265	acetylated_beyond_accessibility	-0.15867972
chr7	64802851	5.1357985	4.4682207	0.66757774	acetylated_beyond_accessibility	0.58222437
chr7	106415650	4.644391	3.9761178	0.6682732	acetylated_beyond_accessibility	0.7503283
chr20	29884565	5.961005	5.29247	0.66853523	acetylated_beyond_accessibility	0.11652517
chr10	131897751	6.216606	5.547942	0.668664	acetylated_beyond_accessibility	-0.16292953
chr18	8994623	5.303305	4.6338882	0.6694169	acetylated_beyond_accessibility	0.027601242
chr8	97214867	5.9053617	5.2353897	0.66997194	acetylated_beyond_accessibility	0.4822073
chr17	1322237	5.811141	5.1411138	0.67002726	acetylated_beyond_accessibility	0.0072612762
chr20	43538497	5.872118	5.2020426	0.6700754	acetylated_beyond_accessibility	0.43633938
chr22	44689357	4.1431346	3.4729633	0.67017126	acetylated_beyond_accessibility	0.29254413
chr21	44594393	5.8777356	5.2064905	0.6712451	acetylated_beyond_accessibility	-0.09780741
chr7	140242723	5.9322453	5.260702	0.6715431	acetylated_beyond_accessibility	0.52876806
chr8	41553274	4.7004805	4.0286865	0.67179394	acetylated_beyond_accessibility	-0.31493258
chr12	45274199	5.7071104	5.0352426	0.67186785	acetylated_beyond_accessibility	0.48222876
chr18	62450473	5.755742	5.0837307	0.6720114	acetylated_beyond_accessibility	0.15308857
chr7	129423898	5.278115	4.605747	0.6723676	acetylated_beyond_accessibility	0.28485394
chr7	100510919	5.8081427	5.135641	0.67250156	acetylated_beyond_accessibility	0.23231792
chr22	30729035	5.2522736	4.5797625	0.6725111	acetylated_beyond_accessibility	0.22192574
chr10	73649183	5.673323	5.000659	0.67266417	acetylated_beyond_accessibility	0.04178047
chr18	55592778	5.8289456	5.1556253	0.6733203	acetylated_beyond_accessibility	-0.17807579
chr6	51108231	5.497168	4.823444	0.6737242	acetylated_beyond_accessibility	0.1589837
chr8	139546427	4.060443	3.386228	0.67421484	acetylated_beyond_accessibility	-0.60275936
chr12	108337598	5.9053617	5.231107	0.6742544	acetylated_beyond_accessibility	0.61785793
chr7	47686109	5.988961	5.312893	0.6760683	acetylated_beyond_accessibility	0.2838974
chr8	140693479	5.627621	4.951233	0.67638826	acetylated_beyond_accessibility	0.5051532
chr20	12952519	1.7917595	1.1150813	0.6766782	acetylated_beyond_accessibility	0.58842003
chr10	5071715	6.2106	5.533869	0.6767311	acetylated_beyond_accessibility	-0.16330528
chr10	106819683	4.787492	4.110291	0.6772008	acetylated_beyond_accessibility	-0.05644846
chr7	75991145	6.100319	5.423048	0.6772709	acetylated_beyond_accessibility	0.068378925
chr8	125163493	5.164786	4.487443	0.6773429	acetylated_beyond_accessibility	0.2824998
chr10	61475619	5.480639	4.8031588	0.6774802	acetylated_beyond_accessibility	0.38544178
chr20	36080142	4.3694477	3.6916077	0.67784	acetylated_beyond_accessibility	0.22862911
chr22	39833056	6.0210233	5.342719	0.6783042	acetylated_beyond_accessibility	-0.11788511
chr10	77911806	6.025866	5.347452	0.67841387	acetylated_beyond_accessibility	-0.21926403
chr22	39821078	4.65396	3.9754827	0.6784775	acetylated_beyond_accessibility	-0.016170502
chr20	38342854	5.2832036	4.6042557	0.6789479	acetylated_beyond_accessibility	0.43742132
chr18	1037131	4.1271343	3.4479208	0.6792135	acetylated_beyond_accessibility	-0.4144771
chr6	4177152	5.8833222	5.203902	0.6794205	acetylated_beyond_accessibility	0.08465099
chr12	110468531	5.9401712	5.2601905	0.67998075	acetylated_beyond_accessibility	0.071689606
chr17	29711115	5.497168	4.8163223	0.68084574	acetylated_beyond_accessibility	0.58102846
chr20	33690204	5.7930136	5.1121426	0.680871	acetylated_beyond_accessibility	0.30272198
chr18	35506370	5.273	4.591794	0.68120575	acetylated_beyond_accessibility	0.040432453
chr6	158869615	5.6801724	4.9989142	0.6812582	acetylated_beyond_accessibility	0.28943014
chr10	61752904	5.5412636	4.859868	0.68139553	acetylated_beyond_accessibility	0.15625381
chr8	99771335	5.669881	4.9882517	0.6816292	acetylated_beyond_accessibility	0.6380882
chr20	37702666	4.1431346	3.461222	0.68191266	acetylated_beyond_accessibility	0.16570473
chr18	25228584	4.6634393	3.9814954	0.6819439	acetylated_beyond_accessibility	0.107366085
chr12	45727806	5.9914646	5.309106	0.68235874	acetylated_beyond_accessibility	0.20633125
chr20	47365382	6.177944	5.4955807	0.6823635	acetylated_beyond_accessibility	0.17357874
chr6	52304135	5.872118	5.1896057	0.6825123	acetylated_beyond_accessibility	0.13526678
chr7	100802234	6.212606	5.5298777	0.6827283	acetylated_beyond_accessibility	-0.26972723
chr22	47107626	4.0253515	3.3422966	0.6830549	acetylated_beyond_accessibility	0.43256068
chr6	49736900	5.4424176	4.759147	0.68327045	acetylated_beyond_accessibility	0.26362228
chr8	93617593	4.276666	3.5930307	0.6836355	acetylated_beyond_accessibility	0.253659
chr18	23528610	5.9939613	5.3102236	0.68373775	acetylated_beyond_accessibility	0.49855995
chr12	108117586	5.918894	5.2348866	0.68400717	acetylated_beyond_accessibility	0.011873245
chr6	139518805	5.988961	5.3048186	0.6841426	acetylated_beyond_accessibility	0.3895192
chr12	70695522	4.691348	4.0070825	0.6842656	acetylated_beyond_accessibility	0.10570145
chr12	26274753	6.086775	5.401568	0.6852069	acetylated_beyond_accessibility	0.3637247
chr10	58018045	4.1271343	3.4417396	0.68539476	acetylated_beyond_accessibility	0.5160358
chr18	54900492	4.634729	3.9488862	0.68584275	acetylated_beyond_accessibility	-0.005249262
chr10	32985922	5.365976	4.6800165	0.68595934	acetylated_beyond_accessibility	-0.2414236
chr8	98791044	4.934474	4.247862	0.6866121	acetylated_beyond_accessibility	0.44494534
chr8	42957585	4.89784	4.210883	0.6869569	acetylated_beyond_accessibility	-0.08417988
chr12	88029399	3.1780539	2.49094	0.68711376	acetylated_beyond_accessibility	0.58638
chr10	124454134	4.919981	4.2325344	0.6874466	acetylated_beyond_accessibility	0.4333477
chr18	2659530	5.521461	4.833474	0.68798685	acetylated_beyond_accessibility	0.22734737
chr17	76660031	5.765191	5.076882	0.6883092	acetylated_beyond_accessibility	-0.12141609
chr21	29661892	4.394449	3.7059727	0.68847656	acetylated_beyond_accessibility	0.43162823
chr8	78881589	4.4426513	3.7540603	0.688591	acetylated_beyond_accessibility	0.2325244
chr21	35945317	4.564348	3.8754506	0.6888976	acetylated_beyond_accessibility	0.31741428
chr7	6991354	3.6888795	2.9999647	0.6889148	acetylated_beyond_accessibility	-0.35748172
chr6	37203066	5.293305	4.6037807	0.6895242	acetylated_beyond_accessibility	0.21632528
chr6	14039073	5.7807436	5.0905843	0.6901593	acetylated_beyond_accessibility	0.44908762
chr6	53593188	4.6728287	3.9816308	0.6911979	acetylated_beyond_accessibility	0.02520895
chr12	55452213	3.0445225	2.3522458	0.6922767	acetylated_beyond_accessibility	0.45481348
chr6	106313019	6.1420374	5.449373	0.6926646	acetylated_beyond_accessibility	0.3784504
chr22	23178616	5.755742	5.0624666	0.69327545	acetylated_beyond_accessibility	0.6282196
chr6	27290691	6.001415	5.307985	0.69342995	acetylated_beyond_accessibility	0.3356247
chr10	67791147	5.966147	5.2716837	0.69446325	acetylated_beyond_accessibility	0.8722038
chr6	25608778	4.787492	4.09148	0.696012	acetylated_beyond_accessibility	0.121067524
chr6	13276217	5.7268476	5.0307403	0.6961074	acetylated_beyond_accessibility	-0.07315493
chr6	157747626	4.8598123	4.162711	0.6971011	acetylated_beyond_accessibility	0.54368067
chr10	11146841	5.043425	4.3459587	0.6974664	acetylated_beyond_accessibility	0.21416569
chr12	116361028	5.786897	5.0891213	0.69777584	acetylated_beyond_accessibility	-0.0731411
chr17	40594510	4.060443	3.3616927	0.69875026	acetylated_beyond_accessibility	0.566288
chr7	73573031	5.918894	5.219966	0.6989279	acetylated_beyond_accessibility	0.18171644
chr8	54153409	5.986452	5.2874956	0.6989565	acetylated_beyond_accessibility	0.43427896
chr6	157861996	5.6347895	4.935821	0.6989684	acetylated_beyond_accessibility	0.9083681
chr12	57539502	6.1441855	5.4450183	0.69916725	acetylated_beyond_accessibility	0.45828915
chr7	92810458	5.6664267	4.9670086	0.69941807	acetylated_beyond_accessibility	0.19895506
chr6	34865287	5.799093	5.099352	0.6997409	acetylated_beyond_accessibility	0.38673115
chr12	96040873	4.836282	4.1359296	0.7003522	acetylated_beyond_accessibility	0.46297264
chr21	13921587	3.7612002	3.0603466	0.7008536	acetylated_beyond_accessibility	0.06843495
chr7	51376817	6.1800165	5.47911	0.70090675	acetylated_beyond_accessibility	0.36631966
chr17	34981956	5.902633	5.201417	0.7012162	acetylated_beyond_accessibility	0.41074324
chr17	48488922	5.7745514	5.0723495	0.70220184	acetylated_beyond_accessibility	0.12032318
chr17	55662532	5.529429	4.8267765	0.70265245	acetylated_beyond_accessibility	-0.13584137
chr6	134018055	6.086775	5.3839965	0.70277834	acetylated_beyond_accessibility	0.005405426
chr10	22734218	4.6634393	3.960453	0.70298624	acetylated_beyond_accessibility	-0.13149881
chr6	139611789	5.488938	4.7854886	0.70344925	acetylated_beyond_accessibility	0.6539655
chr22	40055762	5.7071104	5.0024424	0.70466805	acetylated_beyond_accessibility	0.11781025
chr10	28949234	5.5134287	4.80853	0.70489883	acetylated_beyond_accessibility	0.42365074
chr22	21567623	5.846439	5.1415367	0.7049022	acetylated_beyond_accessibility	-0.10723305
chr7	26689240	5.236442	4.531334	0.70510817	acetylated_beyond_accessibility	0.3896904
chr17	27547465	5.5947113	4.889329	0.70538235	acetylated_beyond_accessibility	0.14254713
chr6	155737050	5.655992	4.9503193	0.70567274	acetylated_beyond_accessibility	0.3394122
chr10	4982030	6.169611	5.463699	0.7059121	acetylated_beyond_accessibility	0.21085978
chr8	11862745	6.037871	5.331842	0.70602894	acetylated_beyond_accessibility	0.43317223
chr12	14257881	6.410175	5.703752	0.7064228	acetylated_beyond_accessibility	-0.16414165
chr22	36368563	6.1590953	5.4520597	0.70703554	acetylated_beyond_accessibility	-0.21927261
chr10	70743063	6.1590953	5.4513884	0.7077069	acetylated_beyond_accessibility	-0.40924263
chr10	63707496	5.030438	4.322423	0.70801497	acetylated_beyond_accessibility	0.26527786
chr6	147480033	5.1532917	4.444777	0.7085147	acetylated_beyond_accessibility	0.2180953
chr18	515294	2.944439	2.2345672	0.70987177	acetylated_beyond_accessibility	-1.3606042
chr10	70559252	5.9053617	5.194721	0.71064043	acetylated_beyond_accessibility	-0.07746792
chr18	70028916	4.8202815	4.1095057	0.71077585	acetylated_beyond_accessibility	0.28439188
chr17	77364142	5.9375362	5.226756	0.71078014	acetylated_beyond_accessibility	-0.23058271
chr8	72134713	6.280396	5.5695	0.710896	acetylated_beyond_accessibility	0.56027365
chr8	8680390	4.543295	3.8316536	0.7116413	acetylated_beyond_accessibility	-0.10700297
chr20	25955811	1.3862944	0.67430973	0.71198463	acetylated_beyond_accessibility	0.62495005
chr6	4322993	5.389072	4.6769495	0.71212244	acetylated_beyond_accessibility	0.07312155
chr10	80497571	6.0684257	5.3562884	0.7121372	acetylated_beyond_accessibility	0.319057
chr17	32971399	5.673323	4.9611077	0.7122154	acetylated_beyond_accessibility	-0.15471506
chr7	154817375	3.8066626	3.0942369	0.7124257	acetylated_beyond_accessibility	0.45270395
chr7	106590674	5.365976	4.6531096	0.7128663	acetylated_beyond_accessibility	0.080067635
chr6	15793297	5.8377304	5.1248226	0.7129078	acetylated_beyond_accessibility	0.24040318
chr7	151008253	5.8522024	5.13902	0.71318245	acetylated_beyond_accessibility	0.29561615
chr22	36982348	5.5947113	4.8812337	0.7134776	acetylated_beyond_accessibility	0.28336096
chr18	70422278	3.9702919	3.2568119	0.71348	acetylated_beyond_accessibility	0.16547728
chr17	40854429	5.2983174	4.584738	0.71357965	acetylated_beyond_accessibility	0.20235443
chr8	99770416	5.9839363	5.2703514	0.7135849	acetylated_beyond_accessibility	0.2732892
chr6	119170947	5.1416636	4.4274426	0.714221	acetylated_beyond_accessibility	0.91867065
chr21	19850354	4.356709	3.641961	0.7147479	acetylated_beyond_accessibility	0.42251778
chr8	23668790	5.4161005	4.7012033	0.71489716	acetylated_beyond_accessibility	0.42558575
chr10	5934301	5.880533	5.165262	0.715271	acetylated_beyond_accessibility	-0.13537407
chr7	102421105	5.8230457	5.107462	0.7155838	acetylated_beyond_accessibility	0.1311841
chr6	137223962	5.613128	4.8973656	0.7157626	acetylated_beyond_accessibility	0.12662268
chr12	110118520	5.056246	4.340227	0.7160187	acetylated_beyond_accessibility	-0.15664291
chr12	93569811	5.8493247	5.132646	0.7166786	acetylated_beyond_accessibility	0.4203825
chr18	35682737	5.7589016	5.041645	0.71725655	acetylated_beyond_accessibility	0.21825504
chr7	22645832	4.2195077	3.5021667	0.71734095	acetylated_beyond_accessibility	0.18155575
chr12	121202801	5.616771	4.89932	0.7174511	acetylated_beyond_accessibility	0.14794731
chr6	46793356	3.4339871	2.7162206	0.7177665	acetylated_beyond_accessibility	0.35433984
chr6	139625593	6.0137153	5.29541	0.7183051	acetylated_beyond_accessibility	0.055404663
chr6	25535324	5.961005	5.2425656	0.7184396	acetylated_beyond_accessibility	0.2501955
chr17	6994388	5.786897	5.0674596	0.7194376	acetylated_beyond_accessibility	0.22742796
chr22	19432051	6.228511	5.5088797	0.7196312	acetylated_beyond_accessibility	-0.10734463
chr21	21200326	5.934894	5.214783	0.7201109	acetylated_beyond_accessibility	0.79836416
chr8	105520657	5.587249	4.867118	0.7201309	acetylated_beyond_accessibility	0.33418655
chr6	32970082	6.056784	5.3364677	0.7203164	acetylated_beyond_accessibility	-0.07916117
chr10	22390362	6.2766433	5.556324	0.7203193	acetylated_beyond_accessibility	0.06912041
chr10	25766899	5.7004437	4.9797664	0.7206774	acetylated_beyond_accessibility	0.30311537
chr12	9733299	3.6109178	2.889913	0.7210047	acetylated_beyond_accessibility	0.47645187
chr10	22817103	6.3062754	5.5851746	0.7211008	acetylated_beyond_accessibility	-0.2855587
chr18	57659733	5.7462034	5.0246773	0.72152615	acetylated_beyond_accessibility	0.27607727
chr18	50928784	4.248495	3.5267425	0.72175264	acetylated_beyond_accessibility	0.058588266
chr12	95516953	5.641907	4.920083	0.72182417	acetylated_beyond_accessibility	0.56434155
chr8	68215305	5.1059456	4.3839116	0.722034	acetylated_beyond_accessibility	0.379035
chr12	7963208	5.7589016	5.036842	0.7220597	acetylated_beyond_accessibility	0.1347065
chr12	106943041	5.3612924	4.6392117	0.7220807	acetylated_beyond_accessibility	0.5813093
chr6	29491772	4.4426513	3.7201414	0.72250986	acetylated_beyond_accessibility	0.106417656
chr10	72261598	5.9506426	5.228044	0.72259855	acetylated_beyond_accessibility	0.38513803
chr6	4936783	5.159055	4.435654	0.72340107	acetylated_beyond_accessibility	0.88568735
chr12	116552370	5.9322453	5.2087326	0.72351265	acetylated_beyond_accessibility	-0.11639023
chr7	10707765	6.1882644	5.464713	0.7235513	acetylated_beyond_accessibility	0.34860754
chr7	29647167	5.7899604	5.066201	0.7237592	acetylated_beyond_accessibility	0.57304096
chr7	110994940	5.605802	4.881832	0.72396994	acetylated_beyond_accessibility	0.35234928
chr6	2542795	5.894403	5.1700068	0.7243962	acetylated_beyond_accessibility	0.17337227
chr12	108485611	5.765191	5.040647	0.72454405	acetylated_beyond_accessibility	0.13330126
chr12	54337422	6.0544395	5.329561	0.7248783	acetylated_beyond_accessibility	0.39736128
chr6	4337107	5.31812	4.593165	0.7249551	acetylated_beyond_accessibility	-0.41519594
chr22	16645905	3.465736	2.740675	0.72506094	acetylated_beyond_accessibility	-0.3910687
chr10	80772747	5.902633	5.1762075	0.72642565	acetylated_beyond_accessibility	-0.047712326
chr8	28636527	4.6634393	3.9368024	0.7266369	acetylated_beyond_accessibility	0.11485863
chr20	45670239	2.9957323	2.2685685	0.7271638	acetylated_beyond_accessibility	-0.03498602
chr6	149728715	6.1312265	5.404051	0.7271757	acetylated_beyond_accessibility	0.4504485
chr20	5737281	5.755742	5.028305	0.727437	acetylated_beyond_accessibility	0.26946974
chr6	53067997	5.9454207	5.21773	0.7276907	acetylated_beyond_accessibility	0.5956321
chr7	29795879	4.9767337	4.2486477	0.728086	acetylated_beyond_accessibility	0.106105804
chr8	104617432	6.0063534	5.277689	0.7286644	acetylated_beyond_accessibility	0.18057203
chr7	24779267	5.7807436	5.051676	0.7290678	acetylated_beyond_accessibility	-0.009741783
chr7	1461109	5.869297	5.1402025	0.7290945	acetylated_beyond_accessibility	0.08394432
chr6	110966041	5.278115	4.549007	0.72910786	acetylated_beyond_accessibility	0.6330824
chr17	63433369	6.052089	5.3226156	0.7294736	acetylated_beyond_accessibility	0.10328388
chr12	83196836	5.7899604	5.0603724	0.72958803	acetylated_beyond_accessibility	0.45058918
chr6	26216915	5.7620516	5.0323086	0.729743	acetylated_beyond_accessibility	0.5627279
chr22	28316230	5.1817837	4.451543	0.7302408	acetylated_beyond_accessibility	0.66974354
chr20	45069481	4.634729	3.9044273	0.7303016	acetylated_beyond_accessibility	0.19570613
chr18	55119536	5.673323	4.9416103	0.7317128	acetylated_beyond_accessibility	0.121525764
chr22	21556350	5.8493247	5.1175575	0.7317672	acetylated_beyond_accessibility	0.17686272
chr7	106534590	5.6629605	4.930876	0.73208475	acetylated_beyond_accessibility	0.10782719
chr6	20404119	5.8493247	5.116977	0.7323475	acetylated_beyond_accessibility	0.195961
chr12	122887569	6.066108	5.3331532	0.732955	acetylated_beyond_accessibility	0.35913563
chr6	35184287	5.4071717	4.6740704	0.73310137	acetylated_beyond_accessibility	0.4419589
chr6	158882074	5.32301	4.5898685	0.7331414	acetylated_beyond_accessibility	-0.25149584
chr10	98778525	6.3261495	5.5927763	0.73337317	acetylated_beyond_accessibility	0.4538164
chr7	37405980	5.32301	4.5895386	0.7334714	acetylated_beyond_accessibility	0.074329376
chr12	71236626	6.089045	5.3550406	0.7340045	acetylated_beyond_accessibility	0.45150995
chr17	57386157	4.189655	3.4555626	0.73409224	acetylated_beyond_accessibility	0.6225157
chr18	1003418	5.049856	4.315762	0.73409414	acetylated_beyond_accessibility	-0.110719204
chr22	17980752	6.104793	5.370618	0.7341752	acetylated_beyond_accessibility	0.30672503
chr22	25759997	5.529429	4.794996	0.7344332	acetylated_beyond_accessibility	0.1615758
chr12	104928694	3.1354942	2.4010239	0.73447037	acetylated_beyond_accessibility	0.6908467
chr12	27984455	4.7361984	4.001603	0.7345953	acetylated_beyond_accessibility	0.06970072
chr7	66639794	5.8607864	5.1259756	0.7348108	acetylated_beyond_accessibility	0.23571587
chr6	30340759	5.655992	4.9207087	0.7352834	acetylated_beyond_accessibility	0.22625256
chr6	31734840	5.9215784	5.1861897	0.73538876	acetylated_beyond_accessibility	-0.029270649
chr10	3891214	5.894403	5.1589727	0.73543024	acetylated_beyond_accessibility	0.3666954
chr20	25237971	6.122493	5.3870597	0.7354331	acetylated_beyond_accessibility	0.42115355
chr20	50192155	5.894403	5.1586905	0.7357125	acetylated_beyond_accessibility	-0.05450201
chr10	50565461	6.107023	5.3709373	0.7360854	acetylated_beyond_accessibility	0.124601364
chr12	96446126	5.669881	4.933181	0.73670006	acetylated_beyond_accessibility	0.22508097
chr18	6683277	5.8289456	5.092094	0.7368517	acetylated_beyond_accessibility	0.62173796
chr6	15569321	5.9454207	5.2081776	0.7372432	acetylated_beyond_accessibility	0.18453789
chr6	146879776	6.0330863	5.2948456	0.7382407	acetylated_beyond_accessibility	0.46579123
chr12	94204957	4.7184987	3.9800572	0.73844147	acetylated_beyond_accessibility	0.1914115
chr6	28136861	6.0330863	5.2944455	0.7386408	acetylated_beyond_accessibility	0.07345867
chr7	159197579	5.9427996	5.204068	0.7387314	acetylated_beyond_accessibility	0.44014835
chr7	85421121	3.0445225	2.305725	0.7387974	acetylated_beyond_accessibility	0.3037951
chr7	92809885	5.8348107	5.0959167	0.738894	acetylated_beyond_accessibility	0.17591476
chr7	121077082	5.826	5.087034	0.738966	acetylated_beyond_accessibility	0.7611766
chr12	2984388	4.8520303	4.1130614	0.73896885	acetylated_beyond_accessibility	-0.13887143
chr8	123514405	5.32301	4.5838585	0.7391515	acetylated_beyond_accessibility	0.3078804
chr6	40378314	6.0063534	5.266963	0.7393904	acetylated_beyond_accessibility	-0.002895832
chr7	54996172	4.4998097	3.7604141	0.7393956	acetylated_beyond_accessibility	0.5441685
chr17	58659318	6.073045	5.333563	0.7394819	acetylated_beyond_accessibility	0.5384941
chr12	68474680	5.1059456	4.3661623	0.7397833	acetylated_beyond_accessibility	0.28331947
chr6	36118765	6.0210233	5.281005	0.74001837	acetylated_beyond_accessibility	0.57359123
chr21	34771710	5.609472	4.868892	0.7405796	acetylated_beyond_accessibility	0.37854338
chr6	1703337	5.9687076	5.227688	0.7410197	acetylated_beyond_accessibility	-0.08430767
chr20	31610811	6.2709885	5.529746	0.7412424	acetylated_beyond_accessibility	0.08812523
chr7	6956213	3.988984	3.247102	0.7418821	acetylated_beyond_accessibility	0.181561
chr12	592213	5.8348107	5.092474	0.74233675	acetylated_beyond_accessibility	-0.09829283
chr21	43855144	6.0137153	5.2712917	0.74242353	acetylated_beyond_accessibility	0.1768074
chr6	26537942	5.9506426	5.2076955	0.7429471	acetylated_beyond_accessibility	0.527051
chr20	56419291	6.059123	5.3160076	0.7431154	acetylated_beyond_accessibility	0.15674877
chr7	106358405	5.6664267	4.92305	0.74337673	acetylated_beyond_accessibility	0.46984577
chr17	75448645	5.9053617	5.161512	0.74384975	acetylated_beyond_accessibility	0.5077529
chr7	135923872	5.7137327	4.9694786	0.7442541	acetylated_beyond_accessibility	0.3596735
chr12	56931788	5.5947113	4.849655	0.74505615	acetylated_beyond_accessibility	0.12551165
chr22	16821699	3.3672957	2.6220853	0.7452104	acetylated_beyond_accessibility	0.3385136
chr7	121049533	5.9532433	5.2079916	0.74525166	acetylated_beyond_accessibility	0.40779638
chr7	64914781	5.913503	5.1682434	0.74525976	acetylated_beyond_accessibility	0.4099965
chr6	134296138	5.9558372	5.2105103	0.745327	acetylated_beyond_accessibility	0.16550541
chr10	17247432	4.905275	4.1593385	0.7459364	acetylated_beyond_accessibility	0.11295271
chr17	77070898	6.0185933	5.272486	0.7461071	acetylated_beyond_accessibility	0.118255615
chr7	137967509	6.0063534	5.260211	0.7461424	acetylated_beyond_accessibility	0.47811127
chr6	135291725	5.365976	4.6191707	0.7468052	acetylated_beyond_accessibility	0.09318018
chr10	30553257	6.1180973	5.371102	0.74699545	acetylated_beyond_accessibility	0.31061792
chr18	35219552	3.0445225	2.296698	0.74782443	acetylated_beyond_accessibility	-0.5298655
chr10	100359253	5.5451775	4.797109	0.74806833	acetylated_beyond_accessibility	-0.010437965
chr7	30146458	5.9107966	5.162572	0.74822474	acetylated_beyond_accessibility	0.3463168
chr7	51376192	5.9053617	5.1566534	0.74870825	acetylated_beyond_accessibility	0.03565216
chr22	19780536	5.9532433	5.2045116	0.7487316	acetylated_beyond_accessibility	0.21669626
chr7	77944475	6.089045	5.34031	0.74873495	acetylated_beyond_accessibility	0.38804817
chr10	104339961	6.0544395	5.30557	0.7488694	acetylated_beyond_accessibility	0.29576826
chr6	86599167	3.3672957	2.6182551	0.7490406	acetylated_beyond_accessibility	-0.28694916
chr6	149718163	5.8636312	5.1144176	0.7492137	acetylated_beyond_accessibility	0.20606422
chr7	108080369	6.059123	5.3097878	0.7493353	acetylated_beyond_accessibility	0.3474784
chr6	155080212	5.888878	5.1391172	0.7497606	acetylated_beyond_accessibility	0.5466261
chr17	42780421	6.025866	5.275927	0.74993896	acetylated_beyond_accessibility	0.08028698
chr8	123630524	5.755742	5.0054903	0.75025177	acetylated_beyond_accessibility	0.5297575
chr7	8233113	5.902633	5.1521835	0.75044966	acetylated_beyond_accessibility	0.8601513
chr7	144862774	5.6240177	4.8722677	0.75175	acetylated_beyond_accessibility	0.425992
chr18	22194306	6.059123	5.3073225	0.75180054	acetylated_beyond_accessibility	0.25172138
chr12	7352817	4.9698133	4.2178226	0.7519908	acetylated_beyond_accessibility	0.12213802
chr12	49869250	6.1654177	5.413318	0.7520995	acetylated_beyond_accessibility	0.09942961
chr22	22111301	5.891644	5.1393385	0.7523055	acetylated_beyond_accessibility	0.4305129
chr10	21208922	5.7930136	5.040679	0.7523346	acetylated_beyond_accessibility	0.135458
chr20	64221323	6.107023	5.354538	0.7524848	acetylated_beyond_accessibility	0.43804693
chr7	129401619	5.811141	5.058527	0.752614	acetylated_beyond_accessibility	0.36374664
chr6	28747910	6.0980744	5.34515	0.75292444	acetylated_beyond_accessibility	0.34209347
chr7	116950195	5.7620516	5.009078	0.75297356	acetylated_beyond_accessibility	0.4301448
chr7	130686568	3.4965076	2.7431934	0.75331426	acetylated_beyond_accessibility	-0.23218751
chr20	23132646	6.1590953	5.405509	0.7535863	acetylated_beyond_accessibility	0.14571714
chr10	73909154	6.0450053	5.2909436	0.7540617	acetylated_beyond_accessibility	0.33020163
chr10	96619324	6.122493	5.3681293	0.75436354	acetylated_beyond_accessibility	0.13713312
chr21	35485549	5.327876	4.573508	0.7543683	acetylated_beyond_accessibility	0.6982341
chr22	39774135	5.7899604	5.034422	0.75553846	acetylated_beyond_accessibility	-0.3694191
chr17	57856595	5.192957	4.437052	0.75590515	acetylated_beyond_accessibility	-0.13168478
chr6	147222458	5.9427996	5.1866016	0.7561979	acetylated_beyond_accessibility	0.7054453
chr20	5784965	5.886104	5.129569	0.75653505	acetylated_beyond_accessibility	0.60836077
chr18	45059921	5.918894	5.1622314	0.75666237	acetylated_beyond_accessibility	0.28889084
chr12	50589886	5.9989367	5.24221	0.75672674	acetylated_beyond_accessibility	0.14915466
chr17	48626527	6.1092477	5.3524766	0.7567711	acetylated_beyond_accessibility	0.46367025
chr6	13668731	5.7365723	4.9794674	0.7571049	acetylated_beyond_accessibility	0.87441826
chr8	109369729	5.7430034	4.985671	0.7573323	acetylated_beyond_accessibility	0.2569704
chr17	57343196	5.303305	4.5459056	0.75739956	acetylated_beyond_accessibility	0.6488509
chr6	20034201	5.476464	4.718859	0.7576046	acetylated_beyond_accessibility	0.30415773
chr10	122931501	5.9687076	5.211077	0.75763035	acetylated_beyond_accessibility	0.5375428
chr6	2841804	5.918894	5.1608076	0.7580862	acetylated_beyond_accessibility	0.086111546
chr18	11925936	5.627621	4.869406	0.75821495	acetylated_beyond_accessibility	0.07638502
chr7	138250086	4.6634393	3.904696	0.7587433	acetylated_beyond_accessibility	0.017442942
chr12	124259712	6.001415	5.242654	0.7587609	acetylated_beyond_accessibility	0.29402733
chr12	89181712	3.8918204	3.1327603	0.75906014	acetylated_beyond_accessibility	0.72868633
chr10	73930868	5.7745514	5.01537	0.7591815	acetylated_beyond_accessibility	0.2780385
chr8	27363891	6.322565	5.563216	0.75934887	acetylated_beyond_accessibility	0.30313015
chr7	77873555	5.7462034	4.9868546	0.75934887	acetylated_beyond_accessibility	0.44528723
chr21	39004356	4.7957907	4.0362287	0.759562	acetylated_beyond_accessibility	0.33787775
chr18	30676248	6.003887	5.244194	0.75969315	acetylated_beyond_accessibility	0.5090151
chr22	42462288	5.32301	4.5630856	0.7599244	acetylated_beyond_accessibility	0.7209554
chr6	3912122	5.3612924	4.601042	0.76025057	acetylated_beyond_accessibility	-0.12068558
chr10	123135254	6.0282784	5.2680144	0.7602639	acetylated_beyond_accessibility	-0.15830469
chr10	71883145	5.645447	4.884262	0.7611847	acetylated_beyond_accessibility	0.055386543
chr18	59546402	4.8121843	4.0504975	0.7616868	acetylated_beyond_accessibility	0.7914338
chr17	15236573	5.799093	5.037088	0.76200485	acetylated_beyond_accessibility	0.20865536
chr7	138670821	4.5325994	3.7705543	0.76204515	acetylated_beyond_accessibility	-0.08063245
chr6	40715968	5.9687076	5.2066393	0.7620683	acetylated_beyond_accessibility	0.26679134
chr7	12719288	5.902633	5.1402693	0.7623639	acetylated_beyond_accessibility	0.1753025
chr12	128020056	3.4965076	2.7339177	0.76258993	acetylated_beyond_accessibility	0.7631097
chr6	81938399	5.826	5.06274	0.76326036	acetylated_beyond_accessibility	0.6145015
chr12	105850311	4.955827	4.192063	0.7637644	acetylated_beyond_accessibility	0.006799221
chr12	121650057	5.988961	5.225185	0.7637763	acetylated_beyond_accessibility	0.20469856
chr12	75938394	5.575949	4.8120546	0.76389456	acetylated_beyond_accessibility	-0.20782423
chr7	106585511	5.966147	5.2019672	0.7641797	acetylated_beyond_accessibility	0.20253372
chr7	37357445	5.9558372	5.191431	0.7644062	acetylated_beyond_accessibility	-0.022320747
chr7	12647695	5.8777356	5.1132717	0.7644639	acetylated_beyond_accessibility	-0.03145981
chr18	46866700	5.3844953	4.619535	0.7649603	acetylated_beyond_accessibility	0.5749202
chr12	6345828	5.9964523	5.23123	0.76522255	acetylated_beyond_accessibility	0.013140202
chr6	7165879	5.9480352	5.1822944	0.7657409	acetylated_beyond_accessibility	0.7873912
chr17	8420548	5.963579	5.1976824	0.7658968	acetylated_beyond_accessibility	0.18863726
chr17	48443034	5.365976	4.599775	0.766201	acetylated_beyond_accessibility	0.09182978
chr12	70756287	5.7462034	4.9794083	0.76679516	acetylated_beyond_accessibility	0.07534647
chr6	129684649	5.918894	5.151546	0.7673478	acetylated_beyond_accessibility	0.16156101
chr18	8913489	6.0185933	5.2512217	0.76737165	acetylated_beyond_accessibility	0.23033524
chr6	16224612	5.918894	5.151275	0.76761866	acetylated_beyond_accessibility	0.46680307
chr12	123743174	4.8751974	4.107572	0.76762533	acetylated_beyond_accessibility	-0.32383156
chr7	116466572	5.398163	4.630419	0.76774406	acetylated_beyond_accessibility	0.48976994
chr12	7242524	5.655992	4.8882217	0.7677703	acetylated_beyond_accessibility	0.13089418
chr7	43757054	5.8777356	5.1099358	0.76779985	acetylated_beyond_accessibility	-0.08423662
chr20	9149250	5.961005	5.1924825	0.76852274	acetylated_beyond_accessibility	0.5978317
chr22	21867645	6.079933	5.3112297	0.76870346	acetylated_beyond_accessibility	-0.30454397
chr6	37232752	6.175867	5.4071503	0.7687168	acetylated_beyond_accessibility	0.08761454
chr7	135160318	6.09131	5.3217573	0.7695527	acetylated_beyond_accessibility	0.066930294
chr6	49636864	5.869297	5.098756	0.7705412	acetylated_beyond_accessibility	1.104146
chr21	14630874	5.549076	4.7783065	0.7707696	acetylated_beyond_accessibility	0.10839033
chr20	23152565	6.0544395	5.2830534	0.77138615	acetylated_beyond_accessibility	0.15010548
chr12	66920417	5.313206	4.5415287	0.7716775	acetylated_beyond_accessibility	0.25220966
chr17	36728704	5.9427996	5.1703873	0.7724123	acetylated_beyond_accessibility	0.41742754
chr6	4292095	5.313206	4.5401397	0.7730665	acetylated_beyond_accessibility	-0.12413359
chr7	5555312	6.1092477	5.335806	0.7734418	acetylated_beyond_accessibility	-0.31788445
chr10	3852598	5.891644	5.117696	0.7739482	acetylated_beyond_accessibility	0.43669033
chr10	22134230	6.331502	5.5575314	0.7739706	acetylated_beyond_accessibility	-0.023347855
chr17	53748369	5.370638	4.596168	0.77446985	acetylated_beyond_accessibility	0.17568064
chr7	139340416	6.1420374	5.366786	0.7752514	acetylated_beyond_accessibility	0.14837074
chr20	22922021	5.5645204	4.7890544	0.77546597	acetylated_beyond_accessibility	0.28018188
chr22	21587938	6.1654177	5.3894014	0.77601624	acetylated_beyond_accessibility	0.18230534
chr12	49233177	6.1484685	5.372257	0.77621126	acetylated_beyond_accessibility	0.5392957
chr7	101266110	5.866468	5.089944	0.77652407	acetylated_beyond_accessibility	0.44526005
chr6	105810723	6.20859	5.4319816	0.77660847	acetylated_beyond_accessibility	0.22169971
chr20	48842066	5.241747	4.4646616	0.7770853	acetylated_beyond_accessibility	0.31582928
chr12	123033889	5.8607864	5.0836954	0.777091	acetylated_beyond_accessibility	0.07826233
chr22	22836737	5.9215784	5.144374	0.7772045	acetylated_beyond_accessibility	0.29937553
chr12	55426253	3.6109178	2.833476	0.77744174	acetylated_beyond_accessibility	0.7352271
chr8	73312491	6.1590953	5.381053	0.7780423	acetylated_beyond_accessibility	0.77750874
chr22	30184054	5.062595	4.284411	0.77818394	acetylated_beyond_accessibility	0.4848776
chr17	72997783	4.6051702	3.8267655	0.7784047	acetylated_beyond_accessibility	-0.04620266
chr20	49765281	6.122493	5.3413105	0.7811823	acetylated_beyond_accessibility	0.5732994
chr10	45175727	5.09375	4.312376	0.781374	acetylated_beyond_accessibility	0.16594172
chr20	4082946	5.9401712	5.158618	0.78155327	acetylated_beyond_accessibility	0.32235765
chr22	27314559	5.620401	4.8386965	0.7817044	acetylated_beyond_accessibility	0.26130056
chr7	108246468	6.1114674	5.3296967	0.7817707	acetylated_beyond_accessibility	0.24134445
chr20	31918171	5.1817837	4.399825	0.7819586	acetylated_beyond_accessibility	0.3629527
chr10	60425755	4.7095304	3.927499	0.7820313	acetylated_beyond_accessibility	-0.08775568
chr10	71894111	5.7071104	4.924718	0.7823925	acetylated_beyond_accessibility	0.3906603
chr7	16398743	3.465736	2.6832304	0.7825055	acetylated_beyond_accessibility	0.6913886
chr8	71831495	5.9584246	5.1757064	0.7827182	acetylated_beyond_accessibility	-0.07125139
chr7	2758107	5.857933	5.074752	0.7831812	acetylated_beyond_accessibility	0.21681595
chr22	30216897	5.934894	5.151518	0.7833762	acetylated_beyond_accessibility	-0.07489443
chr6	109804241	3.6888795	2.9048154	0.78406405	acetylated_beyond_accessibility	0.46873713
chr6	90458806	6.1654177	5.381021	0.78439665	acetylated_beyond_accessibility	0.09684563
chr7	158835322	5.891644	5.107155	0.78448915	acetylated_beyond_accessibility	-0.060800076
chr18	8998975	5.5683446	4.7838397	0.7845049	acetylated_beyond_accessibility	-0.29736662
chr20	1061663	5.0106354	4.225979	0.7846565	acetylated_beyond_accessibility	0.1443224
chr10	3740369	5.4553213	4.670556	0.78476524	acetylated_beyond_accessibility	0.117806435
chr18	812604	5.8607864	5.075652	0.7851343	acetylated_beyond_accessibility	0.18535233
chr7	149719169	6.1246834	5.3395157	0.7851677	acetylated_beyond_accessibility	0.048538685
chr6	167857217	5.7960577	5.0107927	0.78526497	acetylated_beyond_accessibility	1.0595441
chr8	67110017	5.8081427	5.02239	0.7857528	acetylated_beyond_accessibility	0.43226576
chr7	66461130	5.332719	4.546935	0.78578377	acetylated_beyond_accessibility	0.28094578
chr10	72637612	5.7268476	4.940799	0.7860484	acetylated_beyond_accessibility	0.7653403
chr7	158863817	6.0980744	5.311966	0.7861085	acetylated_beyond_accessibility	0.097130775
chr7	24763482	5.805135	5.0190153	0.78611946	acetylated_beyond_accessibility	0.44477415
chr17	40567578	3.3672957	2.580901	0.78639483	acetylated_beyond_accessibility	0.46137166
chr7	111224007	5.9322453	5.145809	0.7864361	acetylated_beyond_accessibility	0.49649048
chr17	47982323	5.8636312	5.07693	0.7867012	acetylated_beyond_accessibility	0.22508335
chr17	82886226	5.988961	5.201566	0.787395	acetylated_beyond_accessibility	0.2010827
chr12	132471266	5.9375362	5.149989	0.7875471	acetylated_beyond_accessibility	0.21949625
chr7	103025675	5.605802	4.817157	0.78864527	acetylated_beyond_accessibility	-0.2937193
chr8	28943973	6.063785	5.274953	0.7888322	acetylated_beyond_accessibility	0.47562933
chr20	829229	6.0063534	5.21719	0.7891636	acetylated_beyond_accessibility	0.07372761
chr7	127838156	5.9738097	5.1838455	0.7899642	acetylated_beyond_accessibility	-0.03847599
chr12	47833763	5.986452	5.1964574	0.7899947	acetylated_beyond_accessibility	-0.0045986176
chr6	50959300	6.003887	5.213591	0.7902961	acetylated_beyond_accessibility	0.90913343
chr17	62179709	5.549076	4.7586613	0.7904148	acetylated_beyond_accessibility	0.36752844
chr10	978995	3.988984	3.1984756	0.7905085	acetylated_beyond_accessibility	-0.52515864
chr12	20810703	2.944439	2.1538472	0.7905917	acetylated_beyond_accessibility	0.29286957
chr7	107008097	6.1675167	5.376791	0.7907257	acetylated_beyond_accessibility	0.612658
chr10	3665559	6.2859983	5.4948835	0.7911148	acetylated_beyond_accessibility	-0.019313812
chr6	150268112	6.2576675	5.4660063	0.79166126	acetylated_beyond_accessibility	-0.20875835
chr18	12492051	6.2383246	5.4457693	0.79255533	acetylated_beyond_accessibility	0.10149193
chr6	109237236	6.0234475	5.230068	0.7933793	acetylated_beyond_accessibility	0.37517214
chr22	26405041	6.0306854	5.237155	0.79353046	acetylated_beyond_accessibility	-0.2410059
chr22	21629425	6.0935698	5.2996454	0.79392433	acetylated_beyond_accessibility	0.026792526
chr6	68740943	5.8377304	5.0434275	0.79430294	acetylated_beyond_accessibility	0.45659447
chr12	113231736	5.9788857	5.1841803	0.7947054	acetylated_beyond_accessibility	0.22913933
chr8	73520800	6.0844994	5.2891207	0.7953787	acetylated_beyond_accessibility	0.12213802
chr10	14993607	2.5649493	1.7685567	0.79639256	acetylated_beyond_accessibility	0.050497413
chr7	124992962	5.4595857	4.663063	0.7965226	acetylated_beyond_accessibility	0.26065207
chr18	14543600	1.609438	0.8124021	0.7970358	acetylated_beyond_accessibility	0.12787443
chr7	106365383	5.652489	4.855443	0.7970462	acetylated_beyond_accessibility	0.02869749
chr22	19947716	5.9788857	5.1815577	0.797328	acetylated_beyond_accessibility	0.3280449
chr22	27594963	5.365976	4.568428	0.7975478	acetylated_beyond_accessibility	0.14677191
chr6	31703030	5.855072	5.057388	0.7976842	acetylated_beyond_accessibility	0.40945292
chr12	110354360	6.1092477	5.3114433	0.79780436	acetylated_beyond_accessibility	0.24321556
chr8	133540337	6.3733196	5.575407	0.7979126	acetylated_beyond_accessibility	0.15502691
chr10	26222752	4.8598123	4.0617657	0.7980466	acetylated_beyond_accessibility	0.93311214
chr22	19681483	5.8493247	5.0506725	0.7986522	acetylated_beyond_accessibility	0.2164197
chr12	62232318	5.894403	5.0949206	0.79948235	acetylated_beyond_accessibility	0.39632607
chr7	104967306	5.8522024	5.0525	0.79970264	acetylated_beyond_accessibility	0.39729595
chr8	124947118	4.26268	3.4629579	0.7997222	acetylated_beyond_accessibility	0.20224953
chr8	79818770	5.117994	4.3180604	0.79993343	acetylated_beyond_accessibility	0.033630848
chr17	76737691	5.9322453	5.132105	0.8001404	acetylated_beyond_accessibility	0.29639673
chr6	3913256	5.587249	4.7871084	0.8001404	acetylated_beyond_accessibility	0.031318665
chr17	63275671	4.26268	3.4625022	0.8001778	acetylated_beyond_accessibility	0.0857327
chr8	9232854	4.962845	4.161857	0.8009877	acetylated_beyond_accessibility	-0.12913942
chr17	77122723	5.9215784	5.120543	0.8010354	acetylated_beyond_accessibility	0.37674522
chr6	44974673	4.6151204	3.813795	0.8013253	acetylated_beyond_accessibility	-0.040062428
chr6	15089162	6.3080983	5.506662	0.8014364	acetylated_beyond_accessibility	0.08162117
chr10	72689847	5.4380794	4.636392	0.80168724	acetylated_beyond_accessibility	0.23243427
chr6	31652513	5.9532433	5.150472	0.8027711	acetylated_beyond_accessibility	0.20222902
chr7	16399826	3.4339871	2.6306129	0.8033743	acetylated_beyond_accessibility	0.0948987
chr10	98463197	5.6240177	4.8200135	0.8040042	acetylated_beyond_accessibility	0.1294303
chr18	9804152	6.107023	5.30297	0.8040528	acetylated_beyond_accessibility	-0.07281017
chr22	21755957	5.976351	5.171896	0.8044548	acetylated_beyond_accessibility	0.7077689
chr7	140488481	6.150603	5.3461227	0.8044801	acetylated_beyond_accessibility	0.291687
chr17	61145316	4.8121843	4.0075555	0.80462885	acetylated_beyond_accessibility	0.5748124
chr8	93874053	4.8441873	4.0388765	0.8053107	acetylated_beyond_accessibility	-0.022185802
chr22	19479502	5.961005	5.155321	0.8056841	acetylated_beyond_accessibility	0.28500223
chr22	20080277	5.9532433	5.1472826	0.80596066	acetylated_beyond_accessibility	-0.0052547455
chr18	22468039	5.645447	4.83936	0.80608654	acetylated_beyond_accessibility	0.37333488
chr20	29031750	5.433722	4.6275206	0.80620146	acetylated_beyond_accessibility	0.28184414
chr17	42267238	6.082219	5.2759147	0.80630445	acetylated_beyond_accessibility	0.5579643
chr12	26696903	5.5174527	4.7111096	0.8063431	acetylated_beyond_accessibility	0.17639637
chr6	13320048	6.073045	5.2663484	0.8066964	acetylated_beyond_accessibility	0.41037893
chr6	82894128	6.175867	5.369082	0.8067851	acetylated_beyond_accessibility	0.37839746
chr18	50425336	6.107023	5.299445	0.8075776	acetylated_beyond_accessibility	-0.13035202
chr12	55331700	3.5263605	2.718717	0.8076434	acetylated_beyond_accessibility	0.3650248
chr6	108576117	5.8406415	5.0327325	0.807909	acetylated_beyond_accessibility	0.49403048
chr12	28130841	6.135565	5.3262105	0.8093543	acetylated_beyond_accessibility	-0.0396986
chr7	131337091	4.7791233	3.9696794	0.80944395	acetylated_beyond_accessibility	0.15991974
chr7	81209208	5.9107966	5.1012535	0.80954313	acetylated_beyond_accessibility	0.2165165
chr8	61076602	6.2576675	5.447465	0.8102026	acetylated_beyond_accessibility	-0.03293276
chr12	108135583	4.6634393	3.8528051	0.81063414	acetylated_beyond_accessibility	0.3106494
chr6	16047638	5.7807436	4.97008	0.8106637	acetylated_beyond_accessibility	-0.015064716
chr17	58679664	6.082219	5.2708573	0.8113618	acetylated_beyond_accessibility	0.6985545
chr21	33684239	4.553877	3.7420917	0.8117852	acetylated_beyond_accessibility	0.5464659
chr10	29132148	5.9215784	5.1090393	0.8125391	acetylated_beyond_accessibility	0.1597395
chr6	10314597	6.086775	5.274123	0.81265163	acetylated_beyond_accessibility	0.62064695
chr12	92395040	5.3423343	4.529017	0.8133173	acetylated_beyond_accessibility	0.029793262
chr7	91633300	5.170484	4.356612	0.81387186	acetylated_beyond_accessibility	0.2592349
chr7	22707215	3.6888795	2.874004	0.8148756	acetylated_beyond_accessibility	-0.7022202
chr12	43238446	4.189655	3.3747613	0.8148935	acetylated_beyond_accessibility	0.8776829
chr22	38786037	5.8021183	4.9868927	0.8152256	acetylated_beyond_accessibility	0.52531004
chr12	111405772	5.918894	5.1023254	0.8165684	acetylated_beyond_accessibility	0.07800007
chr12	70659257	5.768321	4.950915	0.8174062	acetylated_beyond_accessibility	-0.016439915
chr22	21754731	5.9375362	5.1200066	0.8175297	acetylated_beyond_accessibility	0.69565105
chr12	51246501	5.9964523	5.178633	0.8178191	acetylated_beyond_accessibility	0.043489456
chr6	31620534	5.8021183	4.9826784	0.8194399	acetylated_beyond_accessibility	0.21518469
chr6	112651522	5.4595857	4.639694	0.81989145	acetylated_beyond_accessibility	0.40174294
chr6	79545174	6.1484685	5.3278446	0.8206239	acetylated_beyond_accessibility	0.4697256
chr12	23423472	5.9322453	5.111382	0.82086325	acetylated_beyond_accessibility	0.30667782
chr12	31896737	5.659482	4.8384366	0.8210454	acetylated_beyond_accessibility	0.18340969
chr7	35753875	5.1119876	4.290409	0.8215785	acetylated_beyond_accessibility	0.36131287
chr6	136226605	6.082219	5.260202	0.8220172	acetylated_beyond_accessibility	0.5823736
chr20	41715750	5.814131	4.9919825	0.8221483	acetylated_beyond_accessibility	0.1358056
chr6	90323099	4.3438053	3.521546	0.8222594	acetylated_beyond_accessibility	0.38562036
chr7	143492134	5.5174527	4.695116	0.8223367	acetylated_beyond_accessibility	0.2890091
chr7	156697485	3.7841897	2.9616802	0.8225095	acetylated_beyond_accessibility	0.2850635
chr18	50396223	5.8406415	5.017639	0.82300234	acetylated_beyond_accessibility	0.12831783
chr17	58631744	6.1984787	5.375167	0.8233118	acetylated_beyond_accessibility	0.42460775
chr6	163586176	5.9687076	5.14535	0.8233576	acetylated_beyond_accessibility	1.1499853
chr8	27497312	4.2341065	3.410267	0.8238394	acetylated_beyond_accessibility	-0.4051404
chr6	29263176	4.3820267	3.5580363	0.82399035	acetylated_beyond_accessibility	0.5430193
chr8	12661240	2.1972246	1.3729697	0.8242549	acetylated_beyond_accessibility	0.58994985
chr6	32168006	6.228511	5.4026566	0.8258543	acetylated_beyond_accessibility	0.10729599
chr18	2402219	4.3438053	3.517806	0.82599926	acetylated_beyond_accessibility	0.060314655
chr21	42459245	4.2341065	3.407867	0.8262396	acetylated_beyond_accessibility	0.61844635
chr8	29250108	6.073045	5.246692	0.8263526	acetylated_beyond_accessibility	0.42471552
chr20	38159058	6.244167	5.4176598	0.8265071	acetylated_beyond_accessibility	0.26854944
chr12	89678366	6.152733	5.325923	0.8268099	acetylated_beyond_accessibility	0.18860388
chr7	128860746	6.052089	5.225051	0.8270383	acetylated_beyond_accessibility	0.97434664
chr17	73474494	5.918894	5.091813	0.8270807	acetylated_beyond_accessibility	0.5432048
chr10	11499617	6.0330863	5.2058115	0.8272748	acetylated_beyond_accessibility	0.16938114
chr10	103197357	5.7300997	4.9019938	0.8281059	acetylated_beyond_accessibility	0.27189732
chr7	157398200	5.9322453	5.1040945	0.82815075	acetylated_beyond_accessibility	0.4395876
chr7	103003196	3.8501477	3.0209985	0.82914925	acetylated_beyond_accessibility	-0.16115046
chr20	34888770	5.638355	4.8091917	0.8291631	acetylated_beyond_accessibility	-0.11614704
chr8	81461523	3.218876	2.388438	0.8304379	acetylated_beyond_accessibility	0.31208992
chr22	21641635	6.1246834	5.2940407	0.8306427	acetylated_beyond_accessibility	0.20851612
chr10	97789141	6.196444	5.365306	0.83113813	acetylated_beyond_accessibility	0.19763565
chr6	31777238	6.070738	5.2395344	0.83120346	acetylated_beyond_accessibility	0.0870204
chr8	38081605	6.1114674	5.280082	0.83138514	acetylated_beyond_accessibility	0.37184286
chr20	4012858	6.196444	5.364959	0.8314853	acetylated_beyond_accessibility	0.16977692
chr6	145787644	5.7004437	4.8683424	0.83210135	acetylated_beyond_accessibility	0.61036015
chr18	60053885	5.8522024	5.020033	0.83216953	acetylated_beyond_accessibility	0.5406399
chr20	56363163	6.2595816	5.4271803	0.8324013	acetylated_beyond_accessibility	0.111413
chr6	146892797	5.857933	5.025005	0.8329282	acetylated_beyond_accessibility	0.39943933
chr7	116610320	4.465908	3.6329317	0.83297634	acetylated_beyond_accessibility	0.23064876
chr6	18053721	6.100319	5.2671976	0.8331213	acetylated_beyond_accessibility	0.22222614
chr7	22373239	5.5134287	4.679907	0.83352184	acetylated_beyond_accessibility	0.1025219
chr10	3873914	5.4026775	4.568842	0.8338356	acetylated_beyond_accessibility	0.015643597
chr6	17907891	6.1717005	5.3377814	0.83391905	acetylated_beyond_accessibility	0.17728567
chr10	73586849	5.5012584	4.666929	0.8343296	acetylated_beyond_accessibility	0.24146795
chr18	55982118	5.556828	4.722467	0.8343611	acetylated_beyond_accessibility	0.4667182
chr7	129067376	5.9964523	5.1617193	0.834733	acetylated_beyond_accessibility	0.46207857
chr22	11796161	2.8903718	2.0552979	0.83507395	acetylated_beyond_accessibility	-0.04292798
chr20	59021176	6.274762	5.4396734	0.83508873	acetylated_beyond_accessibility	0.43362617
chr8	58643421	6.082219	5.2470446	0.83517456	acetylated_beyond_accessibility	0.4965949
chr17	66581014	3.912023	3.0767887	0.8352344	acetylated_beyond_accessibility	0.13142514
chr22	21713199	6.0402546	5.2046824	0.83557224	acetylated_beyond_accessibility	0.6502557
chr22	31896693	5.8636312	5.027705	0.83592606	acetylated_beyond_accessibility	0.3026843
chr7	107035586	5.8406415	5.00445	0.83619165	acetylated_beyond_accessibility	0.3893304
chr8	93027221	5.2522736	4.4159527	0.8363209	acetylated_beyond_accessibility	0.29862642
chr12	8887051	5.9532433	5.116872	0.8363714	acetylated_beyond_accessibility	0.11278629
chr10	102456055	6.1420374	5.305294	0.83674335	acetylated_beyond_accessibility	0.49829102
chr17	64923113	5.9964523	5.1596828	0.8367696	acetylated_beyond_accessibility	0.55716085
chr12	47316823	5.0172796	4.180455	0.8368244	acetylated_beyond_accessibility	-0.1542964
chr6	150151120	6.234411	5.3972483	0.8371625	acetylated_beyond_accessibility	0.17048168
chr22	22557177	5.9053617	5.068055	0.8373065	acetylated_beyond_accessibility	0.41066504
chr10	131918907	3.5263605	2.6885192	0.8378413	acetylated_beyond_accessibility	-0.7598685
chr7	16261889	6.0544395	5.216571	0.8378687	acetylated_beyond_accessibility	1.0926065
chr22	32576944	5.5412636	4.7020226	0.839241	acetylated_beyond_accessibility	0.6845126
chr12	31845865	4.8675346	4.0272536	0.840281	acetylated_beyond_accessibility	0.30793047
chr6	154520435	5.880533	5.0400176	0.8405156	acetylated_beyond_accessibility	0.6520624
chr17	66348926	6.09131	5.2507844	0.8405256	acetylated_beyond_accessibility	0.19284439
chr8	41797663	6.075346	5.2341356	0.84121037	acetylated_beyond_accessibility	0.4482193
chr17	13334573	5.159055	4.317647	0.84140825	acetylated_beyond_accessibility	0.2583723
chr8	10796181	5.817111	4.9756594	0.84145164	acetylated_beyond_accessibility	1.0638847
chr12	25692441	6.248043	5.4065175	0.84152555	acetylated_beyond_accessibility	-0.20319366
chr6	100891331	4.9904327	4.1486635	0.8417692	acetylated_beyond_accessibility	0.8612075
chr6	32288626	5.313206	4.470419	0.84278727	acetylated_beyond_accessibility	0.40865326
chr8	95101728	5.3082676	4.4647174	0.8435502	acetylated_beyond_accessibility	0.19788551
chr7	22434132	6.073045	5.229294	0.84375095	acetylated_beyond_accessibility	-0.06785154
chr12	18682056	5.2983174	4.454123	0.8441944	acetylated_beyond_accessibility	0.3490734
chr17	47266170	5.8081427	4.9637475	0.84439516	acetylated_beyond_accessibility	0.2977829
chr12	106945451	3.218876	2.3742356	0.84464025	acetylated_beyond_accessibility	0.7043519
chr21	44823243	4.6634393	3.8187723	0.84466696	acetylated_beyond_accessibility	0.015876055
chr12	6639520	5.799093	4.953893	0.8451996	acetylated_beyond_accessibility	-0.009508133
chr6	108361672	6.173786	5.328511	0.8452749	acetylated_beyond_accessibility	0.5069318
chr12	57936161	6.161207	5.3159227	0.84528446	acetylated_beyond_accessibility	0.5808959
chr12	65655306	5.638355	4.7918096	0.8465452	acetylated_beyond_accessibility	0.46652937
chr12	62249016	6.216606	5.3696423	0.8469639	acetylated_beyond_accessibility	0.6028137
chr6	157906694	6.1675167	5.320455	0.84706163	acetylated_beyond_accessibility	0.56201077
chr7	128280648	4.060443	3.2133534	0.8470895	acetylated_beyond_accessibility	0.26494813
chr7	127365748	6.070738	5.223629	0.84710884	acetylated_beyond_accessibility	0.6178174
chr22	29952352	5.9295893	5.082039	0.8475504	acetylated_beyond_accessibility	0.5311141
chr6	11834181	6.2422233	5.3945613	0.847662	acetylated_beyond_accessibility	0.30706406
chr10	95426324	5.5645204	4.7166724	0.84784794	acetylated_beyond_accessibility	-0.001388073
chr12	27847519	4.1431346	3.294939	0.84819555	acetylated_beyond_accessibility	0.4690647
chr10	35379463	6.322565	5.474139	0.84842587	acetylated_beyond_accessibility	0.6946354
chr8	101149940	6.216606	5.3679	0.84870625	acetylated_beyond_accessibility	0.7410331
chr12	32054293	5.6629605	4.813689	0.8492713	acetylated_beyond_accessibility	-0.09093094
chr8	29225872	5.8607864	5.011344	0.8494425	acetylated_beyond_accessibility	0.46042347
chr8	53884819	6.126869	5.2772856	0.8495836	acetylated_beyond_accessibility	0.38117647
chr20	53642975	5.9295893	5.079754	0.8498354	acetylated_beyond_accessibility	0.09194422
chr7	155205546	6.1441855	5.2941685	0.8500171	acetylated_beyond_accessibility	0.21721363
chr22	22995384	4.89784	4.0473833	0.8504567	acetylated_beyond_accessibility	-0.079564095
chr6	83132316	4.94876	4.0981174	0.8506427	acetylated_beyond_accessibility	0.8407078
chr10	46018723	6.042633	5.1916156	0.8510175	acetylated_beyond_accessibility	0.34537077
chr6	105896544	5.6970935	4.846018	0.85107565	acetylated_beyond_accessibility	0.5142994
chr22	40329434	6.079933	5.228692	0.8512411	acetylated_beyond_accessibility	-0.07346296
chr7	142808019	4.934474	4.082754	0.85171986	acetylated_beyond_accessibility	0.29936552
chr12	55295232	3.1354942	2.283669	0.85182524	acetylated_beyond_accessibility	0.4997871
chr6	4371441	5.817111	4.9649453	0.8521657	acetylated_beyond_accessibility	0.19043875
chr12	28243035	6.2595816	5.407	0.8525815	acetylated_beyond_accessibility	0.7410836
chr6	27837210	6.0354815	5.182754	0.8527274	acetylated_beyond_accessibility	1.2531533
chr7	70569638	6.0776424	5.224863	0.8527794	acetylated_beyond_accessibility	0.24917936
chr8	37867109	5.9215784	5.068	0.85357857	acetylated_beyond_accessibility	0.276196
chr7	87110995	5.7745514	4.9207306	0.8538208	acetylated_beyond_accessibility	0.13000679
chr20	5675500	5.908083	5.053856	0.85422707	acetylated_beyond_accessibility	0.39851952
chr6	31814941	5.886104	5.031827	0.85427713	acetylated_beyond_accessibility	0.3551135
chr12	93229740	6.042633	5.1877375	0.8548956	acetylated_beyond_accessibility	0.45397043
chr12	76114265	6.25575	5.3990335	0.85671663	acetylated_beyond_accessibility	0.28607225
chr10	124718110	6.3851943	5.528379	0.85681534	acetylated_beyond_accessibility	0.20246363
chr6	44471765	6.1114674	5.2544265	0.8570409	acetylated_beyond_accessibility	0.34425974
chr10	49166141	6.1114674	5.253997	0.8574705	acetylated_beyond_accessibility	0.079465866
chr8	40599902	6.3099184	5.4522963	0.85762215	acetylated_beyond_accessibility	0.7786069
chr12	92358255	6.0354815	5.17747	0.85801125	acetylated_beyond_accessibility	0.04895878
chr7	101856612	5.976351	5.1175594	0.85879135	acetylated_beyond_accessibility	0.24738169
chr7	121047083	5.926926	5.067996	0.8589301	acetylated_beyond_accessibility	0.37761736
chr18	25240054	5.886104	5.027146	0.85895824	acetylated_beyond_accessibility	0.5074687
chr6	14807361	4.6634393	3.8043203	0.85911894	acetylated_beyond_accessibility	0.41431236
chr8	100764132	5.7365723	4.877102	0.85947037	acetylated_beyond_accessibility	0.035232544
chr17	58787101	5.5373344	4.67759	0.85974455	acetylated_beyond_accessibility	0.26141977
chr22	29840735	5.288267	4.4280953	0.8601718	acetylated_beyond_accessibility	-0.09998417
chr10	3737985	4.0943446	3.2339973	0.8603473	acetylated_beyond_accessibility	0.09344578
chr12	79932539	6.063785	5.203429	0.86035585	acetylated_beyond_accessibility	0.6793628
chr6	161205231	6.042633	5.1819963	0.8606367	acetylated_beyond_accessibility	0.26725817
chr10	42645277	6.297109	5.4355326	0.86157656	acetylated_beyond_accessibility	0.45324326
chr12	65657055	4.8202815	3.9582214	0.86206007	acetylated_beyond_accessibility	0.074235916
chr12	119592383	5.2522736	4.389795	0.86247873	acetylated_beyond_accessibility	0.27861595
chr12	56336822	6.1882644	5.3254137	0.86285067	acetylated_beyond_accessibility	0.24450874
chr10	95397932	5.209486	4.345232	0.864254	acetylated_beyond_accessibility	0.043626785
chr7	107319977	5.7620516	4.896511	0.8655405	acetylated_beyond_accessibility	0.12815714
chr17	78374420	4.4886365	3.6220493	0.86658716	acetylated_beyond_accessibility	0.055091143
chr12	31843687	5.7589016	4.892286	0.8666158	acetylated_beyond_accessibility	0.011723042
chr6	160820889	3.1354942	2.26808	0.86741424	acetylated_beyond_accessibility	0.54670644
chr21	29217936	5.2983174	4.430619	0.86769867	acetylated_beyond_accessibility	0.7220006
chr7	88586401	4.912655	4.0446663	0.8679886	acetylated_beyond_accessibility	0.10592222
chr20	45071492	5.5947113	4.7264366	0.8682747	acetylated_beyond_accessibility	0.5504103
chr6	137914749	6.1923623	5.323974	0.8683882	acetylated_beyond_accessibility	0.12841034
chr12	89393884	6.1290503	5.260655	0.8683953	acetylated_beyond_accessibility	0.49594116
chr21	14673840	5.805135	4.935978	0.86915684	acetylated_beyond_accessibility	0.5924201
chr7	102993666	5.8348107	4.9649363	0.8698745	acetylated_beyond_accessibility	0.30436087
chr7	22682301	6.1590953	5.288726	0.87036943	acetylated_beyond_accessibility	0.18382978
chr6	47135897	5.652489	4.7817917	0.8706975	acetylated_beyond_accessibility	0.37644863
chr8	102393122	6.1092477	5.238468	0.8707795	acetylated_beyond_accessibility	0.12561226
chr8	99138044	6.2265368	5.3555937	0.87094307	acetylated_beyond_accessibility	0.06267977
chr22	23250236	6.2690964	5.397621	0.8714752	acetylated_beyond_accessibility	-0.19624186
chr7	136033616	6.1246834	5.2529364	0.871747	acetylated_beyond_accessibility	0.43338156
chr12	128317292	5.365976	4.4938726	0.8721032	acetylated_beyond_accessibility	0.76515436
chr8	104665568	6.1420374	5.2697906	0.87224674	acetylated_beyond_accessibility	1.2350807
chr12	116197309	6.4118185	5.539014	0.87280464	acetylated_beyond_accessibility	0.50980186
chr22	50118821	6.0450053	5.1711235	0.8738818	acetylated_beyond_accessibility	0.08762026
chr22	22002123	6.0330863	5.1591682	0.87391806	acetylated_beyond_accessibility	0.581069
chr7	22680756	6.0185933	5.143998	0.87459517	acetylated_beyond_accessibility	0.50831985
chr12	32034307	5.6489744	4.773764	0.8752103	acetylated_beyond_accessibility	-0.044626236
chr22	40190473	6.0306854	5.155204	0.8754816	acetylated_beyond_accessibility	0.39788914
chr6	39222354	6.173786	5.2982383	0.8755479	acetylated_beyond_accessibility	0.07300711
chr7	25495524	6.25575	5.379424	0.8763261	acetylated_beyond_accessibility	0.62222767
chr10	17428797	6.2363696	5.359977	0.87639284	acetylated_beyond_accessibility	0.13629055
chr6	15434440	5.3565865	4.4798794	0.8767071	acetylated_beyond_accessibility	0.12883139
chr6	159499208	5.7137327	4.8358135	0.8779192	acetylated_beyond_accessibility	0.79493284
chr6	31821957	5.897154	5.018313	0.8788409	acetylated_beyond_accessibility	0.22006989
chr12	23887403	5.9401712	5.0604925	0.8796787	acetylated_beyond_accessibility	0.21663904
chr20	47331652	6.104793	5.225024	0.87976885	acetylated_beyond_accessibility	0.37469244
chr6	34282037	6.214608	5.334523	0.880085	acetylated_beyond_accessibility	-0.1167469
chr21	14582180	6.037871	5.157651	0.88021994	acetylated_beyond_accessibility	0.6752467
chr17	12439255	5.7620516	4.8816314	0.8804202	acetylated_beyond_accessibility	0.12820578
chr17	55344638	6.0210233	5.140307	0.8807163	acetylated_beyond_accessibility	0.36484337
chr10	3095676	6.1202974	5.2394767	0.88082075	acetylated_beyond_accessibility	0.7087445
chr8	80016913	5.583496	4.702497	0.8809991	acetylated_beyond_accessibility	0.422709
chr12	108628604	6.2766433	5.395155	0.8814883	acetylated_beyond_accessibility	0.31183624
chr6	17843444	6.2383246	5.356828	0.8814964	acetylated_beyond_accessibility	0.34011698
chr10	96688999	4.836282	3.9540591	0.88222265	acetylated_beyond_accessibility	0.19843435
chr7	29791473	3.4011974	2.5188503	0.8823471	acetylated_beyond_accessibility	-0.54665565
chr6	137866320	6.0282784	5.1458797	0.8823986	acetylated_beyond_accessibility	0.31435776
chr8	116553700	5.768321	4.8858986	0.88242245	acetylated_beyond_accessibility	0.4915409
chr6	29965017	6.228511	5.346083	0.8824277	acetylated_beyond_accessibility	0.36460304
chr7	7042687	5.379897	4.497368	0.88252926	acetylated_beyond_accessibility	-0.29304743
chr8	102547310	5.6970935	4.8138695	0.883224	acetylated_beyond_accessibility	-0.23354864
chr8	101948146	5.4071717	4.523378	0.88379383	acetylated_beyond_accessibility	0.19579983
chr12	126998948	6.437752	5.5535398	0.884212	acetylated_beyond_accessibility	0.63880444
chr12	62261033	5.913503	5.0287175	0.88478565	acetylated_beyond_accessibility	1.0624814
chr17	63378763	4.574711	3.689818	0.88489294	acetylated_beyond_accessibility	0.31428432
chr12	90043434	3.8286414	2.9437394	0.884902	acetylated_beyond_accessibility	0.43908834
chr20	37850909	6.2766433	5.3909225	0.88572073	acetylated_beyond_accessibility	0.68819237
chr7	107743831	5.9788857	5.0929728	0.8859129	acetylated_beyond_accessibility	0.3974023
chr6	39993402	5.8522024	4.9649916	0.88721085	acetylated_beyond_accessibility	0.38353968
chr7	121138461	6.1420374	5.2545786	0.8874588	acetylated_beyond_accessibility	0.2660656
chr6	14477052	6.352629	5.4648848	0.8877444	acetylated_beyond_accessibility	0.030193806
chr6	16858381	5.2257466	4.3378725	0.8878741	acetylated_beyond_accessibility	0.16576529
chr18	46153431	6.2461066	5.3581924	0.8879142	acetylated_beyond_accessibility	0.40605927
chr6	1704122	5.8289456	4.9407077	0.88823795	acetylated_beyond_accessibility	-0.31181288
chr6	4911324	6.003887	5.1155205	0.8883667	acetylated_beyond_accessibility	0.51360273
chr8	38210824	6.0684257	5.1800375	0.88838816	acetylated_beyond_accessibility	0.42947245
chr6	28335943	5.986452	5.097847	0.8886051	acetylated_beyond_accessibility	1.100368
chr12	93087549	5.6970935	4.8084745	0.88861895	acetylated_beyond_accessibility	0.26621914
chr22	26606870	3.9702919	3.0812578	0.88903403	acetylated_beyond_accessibility	0.51067686
chr10	32971774	6.1944056	5.305128	0.88927746	acetylated_beyond_accessibility	0.32014942
chr22	19316892	5.433722	4.5438957	0.8898263	acetylated_beyond_accessibility	-0.41553593
chr7	123609388	6.1377273	5.2474327	0.89029455	acetylated_beyond_accessibility	0.3196149
chr17	32894445	5.9053617	5.0146155	0.8907461	acetylated_beyond_accessibility	0.18260098
chr6	15482145	5.9687076	5.077715	0.89099264	acetylated_beyond_accessibility	0.39956093
chr6	25974140	5.3612924	4.47008	0.89121246	acetylated_beyond_accessibility	0.44515085
chr7	1856537	6.375025	5.483678	0.89134693	acetylated_beyond_accessibility	-0.1695261
chr8	124017857	5.4380794	4.546532	0.8915472	acetylated_beyond_accessibility	0.12596321
chr8	30932964	5.8377304	4.945584	0.8921466	acetylated_beyond_accessibility	0.07969189
chr17	69066728	4.7957907	3.9035864	0.8922043	acetylated_beyond_accessibility	-0.09330511
chr7	22374127	5.123964	4.2314396	0.89252424	acetylated_beyond_accessibility	0.14964724
chr10	11898531	6.2304816	5.3376703	0.8928113	acetylated_beyond_accessibility	0.6625786
chr8	93689820	4.543295	3.6495798	0.89371514	acetylated_beyond_accessibility	-0.038320065
chr17	64332138	6.1312265	5.237316	0.8939104	acetylated_beyond_accessibility	-0.044108868
chr8	42215185	6.216606	5.322652	0.8939543	acetylated_beyond_accessibility	0.19284773
chr22	19396712	6.0234475	5.12941	0.8940377	acetylated_beyond_accessibility	0.12403774
chr6	137919924	6.261492	5.366957	0.8945346	acetylated_beyond_accessibility	0.071529865
chr20	17958893	6.289716	5.39517	0.89454556	acetylated_beyond_accessibility	0.5279045
chr22	36480263	5.963579	5.0685472	0.8950319	acetylated_beyond_accessibility	0.21431684
chr12	55400528	3.295837	2.4000883	0.8957486	acetylated_beyond_accessibility	0.97984505
chr6	163181338	6.2025356	5.306208	0.8963275	acetylated_beyond_accessibility	0.2578106
chr7	12951815	5.5012584	4.6034384	0.89782	acetylated_beyond_accessibility	0.31756067
chr12	56653964	4.3820267	3.4842014	0.89782524	acetylated_beyond_accessibility	0.22970438
chr22	20071858	6.331502	5.432641	0.89886093	acetylated_beyond_accessibility	0.41305828
chr6	134585738	5.587249	4.688299	0.8989496	acetylated_beyond_accessibility	0.48627138
chr8	100472242	6.1484685	5.248889	0.8995795	acetylated_beyond_accessibility	0.7526536
chr21	35619389	4.624973	3.725206	0.8997669	acetylated_beyond_accessibility	0.22327352
chr12	92003920	5.8777356	4.9779215	0.8998141	acetylated_beyond_accessibility	0.33662415
chr12	127157797	6.3561077	5.456119	0.89998865	acetylated_beyond_accessibility	0.26381445
chr6	43969647	6.2989492	5.3986382	0.900311	acetylated_beyond_accessibility	0.42062235
chr7	138243646	6.1944056	5.293522	0.9008837	acetylated_beyond_accessibility	0.3178897
chr12	131230022	6.212606	5.3114552	0.9011507	acetylated_beyond_accessibility	0.87800217
chr7	92886221	5.241747	4.3399963	0.90175056	acetylated_beyond_accessibility	0.80988884
chr12	23416460	5.4722705	4.570189	0.9020815	acetylated_beyond_accessibility	0.15911627
chr7	119925611	5.6869755	4.784384	0.9025917	acetylated_beyond_accessibility	0.15668726
chr7	150318051	6.0402546	5.137291	0.90296364	acetylated_beyond_accessibility	0.3534317
chr7	24911278	5.8998976	4.996416	0.9034815	acetylated_beyond_accessibility	0.21562433
chr6	135305104	5.389072	4.484411	0.9046612	acetylated_beyond_accessibility	0.6374655
chr6	43947188	6.2672005	5.3622227	0.9049778	acetylated_beyond_accessibility	-0.12346029
chr12	31715567	6.297109	5.391644	0.9054651	acetylated_beyond_accessibility	0.6767831
chr6	4274737	5.267858	4.3622656	0.90559244	acetylated_beyond_accessibility	0.3118267
chr8	105322023	6.100319	5.1947045	0.9056144	acetylated_beyond_accessibility	0.9247017
chr18	3604227	6.1377273	5.231222	0.9065051	acetylated_beyond_accessibility	1.122221
chr12	111404996	6.1246834	5.2177887	0.9068947	acetylated_beyond_accessibility	0.29519844
chr8	123616617	5.587249	4.6797915	0.90745735	acetylated_beyond_accessibility	0.020227432
chr12	56818850	4.304065	3.3958797	0.9081855	acetylated_beyond_accessibility	0.24686861
chr7	91513170	4.8441873	3.93481	0.90937734	acetylated_beyond_accessibility	0.10000396
chr6	13274140	6.280396	5.3706903	0.90970564	acetylated_beyond_accessibility	0.23878622
chr17	58290059	5.332719	4.4223623	0.9103565	acetylated_beyond_accessibility	0.06291771
chr10	99776106	4.394449	3.4838076	0.9106417	acetylated_beyond_accessibility	-0.19689631
chr17	41530549	6.0935698	5.182342	0.9112277	acetylated_beyond_accessibility	0.29395485
chr7	2956760	6.079933	5.1682434	0.91168976	acetylated_beyond_accessibility	-0.10621214
chr6	15555168	6.177944	5.2661643	0.9117799	acetylated_beyond_accessibility	0.004152298
chr12	96329740	5.5451775	4.6331005	0.91207695	acetylated_beyond_accessibility	0.21938801
chr21	34190724	6.073045	5.160922	0.9121227	acetylated_beyond_accessibility	0.30630207
chr12	48472664	2.9957323	2.0832088	0.9125235	acetylated_beyond_accessibility	0.3587134
chr7	6024109	6.381816	5.4689007	0.9129152	acetylated_beyond_accessibility	-0.06040573
chr10	128599493	6.4488893	5.53547	0.91341925	acetylated_beyond_accessibility	0.22251129
chr22	20546326	6.079933	5.1659107	0.91402245	acetylated_beyond_accessibility	0.52502966
chr6	7899781	6.175867	5.261339	0.9145279	acetylated_beyond_accessibility	0.4799304
chr6	37840689	6.0137153	5.0991817	0.9145336	acetylated_beyond_accessibility	0.14234304
chr22	40322321	5.5012584	4.5864687	0.9147897	acetylated_beyond_accessibility	0.26681566
chr7	140508338	6.001415	5.086562	0.9148526	acetylated_beyond_accessibility	0.29856348
chr7	101903144	6.1862087	5.271288	0.9149208	acetylated_beyond_accessibility	0.49308443
chr12	26846211	5.8435445	4.9282894	0.91525507	acetylated_beyond_accessibility	0.53877926
chr18	49109744	4.3307333	3.4154706	0.9152627	acetylated_beyond_accessibility	-0.12426543
chr22	39744136	4.2341065	3.3187916	0.9153149	acetylated_beyond_accessibility	0.50666976
chr10	7252268	6.3207684	5.405237	0.91553116	acetylated_beyond_accessibility	0.23723412
chr12	69660294	5.888878	4.972965	0.9159131	acetylated_beyond_accessibility	0.12691975
chr12	64721030	5.57973	4.6637464	0.9159837	acetylated_beyond_accessibility	0.40498543
chr7	130494736	5.6629605	4.7465916	0.91636896	acetylated_beyond_accessibility	0.25276995
chr22	21982839	6.107023	5.190528	0.91649485	acetylated_beyond_accessibility	0.10799599
chr22	46604059	6.0684257	5.151432	0.9169936	acetylated_beyond_accessibility	0.15901136
chr12	62250888	5.9584246	5.0412936	0.91713095	acetylated_beyond_accessibility	0.39076948
chr8	123183164	6.0234475	5.1061172	0.91733027	acetylated_beyond_accessibility	0.25286055
chr22	21014331	6.184149	5.266799	0.9173498	acetylated_beyond_accessibility	0.33823967
chr22	21666130	6.122493	5.204953	0.9175396	acetylated_beyond_accessibility	0.4598012
chr18	58041839	5.869297	4.9515224	0.9177747	acetylated_beyond_accessibility	0.49202108
chr6	10853949	3.5553482	2.6371922	0.9181559	acetylated_beyond_accessibility	0.8239665
chr22	20354413	3.4965076	2.577458	0.91904974	acetylated_beyond_accessibility	-0.21049285
chr8	27362080	6.184149	5.2650924	0.9190564	acetylated_beyond_accessibility	0.39787865
chr10	5510451	4.89784	3.9774663	0.9203737	acetylated_beyond_accessibility	0.09372735
chr6	15063218	6.104793	5.183826	0.9209671	acetylated_beyond_accessibility	-0.037703037
chr6	143805031	6.1136823	5.1924677	0.9212146	acetylated_beyond_accessibility	-0.102900505
chr6	84547666	6.089045	5.1677866	0.92125845	acetylated_beyond_accessibility	0.34832478
chr6	136873939	3.8501477	2.9288654	0.9212823	acetylated_beyond_accessibility	0.1272335
chr20	55103432	6.1092477	5.187273	0.92197466	acetylated_beyond_accessibility	0.516057
chr17	29293991	6.2989492	5.376551	0.9223981	acetylated_beyond_accessibility	-0.1481185
chr7	99881549	4.890349	3.9676392	0.9227097	acetylated_beyond_accessibility	0.22781634
chr8	124651554	6.3189683	5.3959856	0.9229827	acetylated_beyond_accessibility	0.29834175
chr20	38160126	6.2690964	5.345838	0.9232583	acetylated_beyond_accessibility	0.20379114
chr20	41050883	6.2595816	5.3357754	0.9238062	acetylated_beyond_accessibility	0.8907089
chr8	85378210	6.196444	5.2724504	0.9239936	acetylated_beyond_accessibility	0.035409927
chr12	7444185	3.4011974	2.476872	0.92432547	acetylated_beyond_accessibility	0.38146877
chr7	50497203	6.1025586	5.176489	0.92606974	acetylated_beyond_accessibility	0.30065966
chr8	85961279	5.9506426	5.0243278	0.92631483	acetylated_beyond_accessibility	0.26956844
chr7	129880202	6.381816	5.4552383	0.92657757	acetylated_beyond_accessibility	0.359447
chr6	47242825	6.1092477	5.1825223	0.9267254	acetylated_beyond_accessibility	0.17955923
chr10	72904159	5.5174527	4.5902615	0.92719126	acetylated_beyond_accessibility	0.28261757
chr22	23220279	6.182085	5.254693	0.927392	acetylated_beyond_accessibility	0.37371874
chr6	88171525	5.170484	4.242022	0.928462	acetylated_beyond_accessibility	0.49866056
chr17	28866049	6.1246834	5.196164	0.92851925	acetylated_beyond_accessibility	0.4306116
chr17	45333183	6.1420374	5.2133245	0.92871284	acetylated_beyond_accessibility	0.21518183
chr12	120291874	6.295266	5.36631	0.92895603	acetylated_beyond_accessibility	0.5472603
chr6	20409722	6.2383246	5.3083706	0.92995405	acetylated_beyond_accessibility	0.50615025
chr22	29084115	4.882802	3.9525893	0.93021274	acetylated_beyond_accessibility	-0.048088074
chr17	80254979	6.1484685	5.218243	0.9302254	acetylated_beyond_accessibility	-0.20226383
chr7	81327700	4.804021	3.873681	0.9303398	acetylated_beyond_accessibility	0.5594311
chr10	4848594	6.4118185	5.481445	0.93037367	acetylated_beyond_accessibility	0.585588
chr18	2302909	6.4707994	5.539969	0.9308305	acetylated_beyond_accessibility	0.3287568
chr22	20858743	6.2422233	5.3099613	0.93226194	acetylated_beyond_accessibility	0.118517876
chr7	56107318	6.313548	5.380988	0.93255997	acetylated_beyond_accessibility	0.8737016
chr12	10939207	3.295837	2.362585	0.93325186	acetylated_beyond_accessibility	0.22075748
chr18	8914070	6.001415	5.067919	0.933496	acetylated_beyond_accessibility	0.26395988
chr6	118709811	6.135565	5.2017827	0.9337821	acetylated_beyond_accessibility	0.73337317
chr10	6034160	5.187386	4.2529526	0.93443346	acetylated_beyond_accessibility	-0.42391467
chr17	82288196	6.0844994	5.149801	0.9346986	acetylated_beyond_accessibility	-0.358171
chr21	29988124	4.934474	3.9996195	0.9348545	acetylated_beyond_accessibility	0.9882746
chr7	130025989	5.9558372	5.0195503	0.9362869	acetylated_beyond_accessibility	0.09527731
chr12	69624209	6.291569	5.3551545	0.9364147	acetylated_beyond_accessibility	0.87870693
chr8	8777893	5.673323	4.7362905	0.9370327	acetylated_beyond_accessibility	0.55900574
chr8	48873824	5.159055	4.22168	0.93737507	acetylated_beyond_accessibility	0.4798212
chr8	98306409	6.222576	5.284951	0.93762493	acetylated_beyond_accessibility	0.3439746
chr17	34884999	5.811141	4.872494	0.9386468	acetylated_beyond_accessibility	0.2888527
chr18	35104884	5.811141	4.8723097	0.9388313	acetylated_beyond_accessibility	0.20052338
chr8	9172886	6.001415	5.062501	0.9389138	acetylated_beyond_accessibility	-0.04281044
chr12	75934618	5.9584246	5.0194626	0.938962	acetylated_beyond_accessibility	0.2790451
chr8	61759825	6.200509	5.261456	0.93905306	acetylated_beyond_accessibility	0.2917409
chr8	42571707	5.8318825	4.8928022	0.93908024	acetylated_beyond_accessibility	0.1331482
chr6	119312865	6.54103	5.6015725	0.9394574	acetylated_beyond_accessibility	0.40295315
chr10	15457578	4.0253515	3.0854285	0.93992305	acetylated_beyond_accessibility	-0.18260932
chr10	3803984	6.251904	5.3113327	0.9405713	acetylated_beyond_accessibility	0.52151775
chr7	91555028	6.135565	5.1942635	0.94130135	acetylated_beyond_accessibility	0.5706167
chr12	42443139	6.204558	5.263054	0.941504	acetylated_beyond_accessibility	0.42819738
chr17	63432080	6.152733	5.2111897	0.9415431	acetylated_beyond_accessibility	0.74605846
chr18	9870535	6.280396	5.3383822	0.94201374	acetylated_beyond_accessibility	0.015319347
chr12	32644653	4.7004805	3.757598	0.94288254	acetylated_beyond_accessibility	0.6650176
chr7	87331187	5.638355	4.695117	0.9432378	acetylated_beyond_accessibility	0.5942316
chr6	42017371	6.423247	5.479676	0.9435711	acetylated_beyond_accessibility	-0.15164614
chr22	37802941	6.216606	5.2729216	0.9436846	acetylated_beyond_accessibility	-0.29324007
chr6	14728788	5.8998976	4.9550085	0.94488907	acetylated_beyond_accessibility	0.21418238
chr12	119672363	6.001415	5.0564933	0.9449215	acetylated_beyond_accessibility	0.52479887
chr7	75493626	1.3862944	0.44127417	0.9450202	acetylated_beyond_accessibility	0.5647397
chr22	35656524	5.313206	4.3680882	0.94511795	acetylated_beyond_accessibility	0.17821836
chr6	106521048	5.9053617	4.9589853	0.9463763	acetylated_beyond_accessibility	0.24045181
chr20	4192477	6.1202974	5.1738024	0.94649506	acetylated_beyond_accessibility	0.39006615
chr22	22638507	2.7725887	1.8260541	0.94653463	acetylated_beyond_accessibility	-0.61851084
chr10	73262314	5.7137327	4.7671595	0.94657326	acetylated_beyond_accessibility	0.26895905
chr17	76405966	6.4723463	5.5243745	0.9479718	acetylated_beyond_accessibility	0.09370041
chr6	27290180	6.086775	5.1384	0.94837475	acetylated_beyond_accessibility	0.50852203
chr7	101138526	6.059123	5.1105366	0.94858646	acetylated_beyond_accessibility	0.5878048
chr12	108691780	6.2576675	5.308383	0.94928455	acetylated_beyond_accessibility	0.7017174
chr20	50166214	6.338594	5.389178	0.94941616	acetylated_beyond_accessibility	0.3494978
chr20	44552237	5.062595	4.1122437	0.95035124	acetylated_beyond_accessibility	0.2859769
chr21	38089736	6.037871	5.0873585	0.9505124	acetylated_beyond_accessibility	1.0131812
chr12	39652	3.4011974	2.450536	0.9506614	acetylated_beyond_accessibility	-0.5528238
chr17	42629844	5.4161005	4.465171	0.95092964	acetylated_beyond_accessibility	0.20949411
chr10	71753493	6.322565	5.371542	0.9510231	acetylated_beyond_accessibility	-0.08290386
chr6	4420349	4.983607	4.0323734	0.9512334	acetylated_beyond_accessibility	0.30867767
chr8	125334273	6.419995	5.4678373	0.9521575	acetylated_beyond_accessibility	0.39936972
chr10	125816681	6.3868794	5.4347196	0.9521599	acetylated_beyond_accessibility	0.21093225
chr6	34306354	6.177944	5.2247877	0.9531565	acetylated_beyond_accessibility	0.047801495
chr7	129699135	5.8522024	4.89791	0.9542923	acetylated_beyond_accessibility	0.13154173
chr7	127892702	6.20859	5.2541122	0.9544778	acetylated_beyond_accessibility	0.53748703
chr7	108012698	6.154858	5.2001514	0.95470667	acetylated_beyond_accessibility	0.4341793
chr6	106924976	5.049856	4.09484	0.95501614	acetylated_beyond_accessibility	0.094667435
chr12	89160883	4.0430512	3.087028	0.9560232	acetylated_beyond_accessibility	0.601485
chr10	78256287	6.056784	5.1004124	0.9563718	acetylated_beyond_accessibility	0.045487404
chr20	45935261	6.1882644	5.231577	0.95668745	acetylated_beyond_accessibility	-0.082185745
chr17	48547163	6.336826	5.3797665	0.9570594	acetylated_beyond_accessibility	0.2700348
chr10	45495789	5.0106354	4.053073	0.95756245	acetylated_beyond_accessibility	0.106808186
chr17	33908454	5.497168	4.539117	0.9580512	acetylated_beyond_accessibility	0.19455099
chr12	56959374	2.944439	1.985782	0.9586569	acetylated_beyond_accessibility	-0.22995007
chr17	64082297	6.381816	5.4229884	0.9588275	acetylated_beyond_accessibility	0.48008394
chr20	57410222	6.2934194	5.3345146	0.95890474	acetylated_beyond_accessibility	0.3217392
chr7	29788439	2.4849067	1.5259069	0.95899975	acetylated_beyond_accessibility	-0.20867729
chr8	27315490	6.086775	5.1271486	0.9596262	acetylated_beyond_accessibility	0.5556116
chr7	138350878	5.880533	4.919813	0.96072006	acetylated_beyond_accessibility	0.09734726
chr17	27529564	6.336826	5.375863	0.9609628	acetylated_beyond_accessibility	0.13997316
chr12	31733868	5.9788857	5.016999	0.9618869	acetylated_beyond_accessibility	0.42141867
chr22	40711760	5.976351	5.0140057	0.9623451	acetylated_beyond_accessibility	0.24536133
chr17	6961419	3.9318256	2.968978	0.9628477	acetylated_beyond_accessibility	0.52953243
chr12	122974945	6.20859	5.245643	0.9629469	acetylated_beyond_accessibility	0.13300419
chr22	24635255	3.1354942	2.1722245	0.9632697	acetylated_beyond_accessibility	-1.0955048
chr18	25223388	5.676754	4.713209	0.96354485	acetylated_beyond_accessibility	0.36525822
chr20	37154727	6.0306854	5.067111	0.9635744	acetylated_beyond_accessibility	-0.14659595
chr7	44847895	6.2363696	5.2727118	0.96365786	acetylated_beyond_accessibility	0.29749537
chr10	17263791	3.4965076	2.5319278	0.9645798	acetylated_beyond_accessibility	-0.024754286
chr6	135522996	5.7365723	4.771472	0.9651003	acetylated_beyond_accessibility	0.26715326
chr12	126869848	6.011267	5.0460944	0.96517277	acetylated_beyond_accessibility	0.14914083
chr8	11350948	6.331502	5.3659034	0.9655986	acetylated_beyond_accessibility	0.36569738
chr6	137693871	4.762174	3.7965555	0.9656186	acetylated_beyond_accessibility	0.58722353
chr6	30516433	6.089045	5.1232533	0.9657917	acetylated_beyond_accessibility	0.28152943
chr17	59619586	6.089045	5.1223755	0.96666956	acetylated_beyond_accessibility	0.1535759
chr12	7293890	6.073045	5.1054273	0.9676175	acetylated_beyond_accessibility	0.29035234
chr22	22996873	4.762174	3.7940285	0.9681456	acetylated_beyond_accessibility	-0.42057872
chr17	39334790	6.2025356	5.2340894	0.96844625	acetylated_beyond_accessibility	0.28688622
chr18	10841188	5.293305	4.324421	0.968884	acetylated_beyond_accessibility	-0.06335068
chr7	127839066	6.082219	5.1131916	0.9690275	acetylated_beyond_accessibility	0.7581134
chr8	96949647	5.411646	4.44259	0.96905565	acetylated_beyond_accessibility	0.21681213
chr17	29731068	4.5108595	3.5414243	0.9694352	acetylated_beyond_accessibility	0.14377618
chr8	60326161	5.6869755	4.716967	0.9700084	acetylated_beyond_accessibility	0.5385046
chr12	83314051	4.828314	3.8574338	0.97088003	acetylated_beyond_accessibility	0.45233393
chr8	95927215	5.7899604	4.8186893	0.97127104	acetylated_beyond_accessibility	0.6223717
chr17	44288603	6.461468	5.4893427	0.97212553	acetylated_beyond_accessibility	0.4509349
chr6	52929440	5.159055	4.186439	0.9726162	acetylated_beyond_accessibility	0.23565531
chr12	124917522	6.1441855	5.171313	0.97287273	acetylated_beyond_accessibility	0.4992752
chr8	105202368	5.2311087	4.257317	0.9737916	acetylated_beyond_accessibility	0.5456929
chr6	135523512	6.0776424	5.103056	0.9745865	acetylated_beyond_accessibility	0.35502815
chr6	139497382	6.182085	5.2073317	0.9747534	acetylated_beyond_accessibility	0.64789486
chr6	37059453	6.0958247	5.1209006	0.9749241	acetylated_beyond_accessibility	-0.08975363
chr17	75072124	6.0776424	5.102517	0.9751253	acetylated_beyond_accessibility	0.231112
chr7	27071775	5.32301	4.3477497	0.97526026	acetylated_beyond_accessibility	0.15808487
chr22	22521048	6.1202974	5.1449337	0.97536373	acetylated_beyond_accessibility	0.6160178
chr10	4822408	5.7137327	4.7360544	0.9776783	acetylated_beyond_accessibility	0.030529976
chr8	15702022	6.184149	5.2060814	0.9780674	acetylated_beyond_accessibility	0.71273375
chr8	630384	3.988984	3.0109096	0.97807455	acetylated_beyond_accessibility	-0.5605285
chr22	19218109	6.070738	5.092415	0.978323	acetylated_beyond_accessibility	0.5424371
chr17	63381308	5.620401	4.6420627	0.97833824	acetylated_beyond_accessibility	0.57805204
chr6	28941212	6.1114674	5.1330695	0.97839785	acetylated_beyond_accessibility	0.49937725
chr6	19804841	6.182085	5.2035193	0.9785657	acetylated_beyond_accessibility	-0.06730032
chr6	119256985	6.2383246	5.2583303	0.9799943	acetylated_beyond_accessibility	0.24762726
chr21	29647509	6.455199	5.4745574	0.98064137	acetylated_beyond_accessibility	0.07231331
chr10	71861169	6.056784	5.0755286	0.98125553	acetylated_beyond_accessibility	0.4870553
chr6	139445622	6.261492	5.278949	0.982543	acetylated_beyond_accessibility	0.85370207
chr10	61460997	4.4426513	3.4591892	0.9834621	acetylated_beyond_accessibility	-0.06613994
chr8	115427792	6.5308776	5.5473576	0.98352003	acetylated_beyond_accessibility	0.6372614
chr6	36351107	5.961005	4.975943	0.9850621	acetylated_beyond_accessibility	0.14583492
chr12	98440208	6.1882644	5.203032	0.98523235	acetylated_beyond_accessibility	0.897974
chr8	96830057	5.7037826	4.7184	0.98538256	acetylated_beyond_accessibility	0.34308004
chr6	151088151	6.0063534	5.019954	0.9863992	acetylated_beyond_accessibility	0.42387152
chr6	125307373	6.510258	5.523159	0.9870992	acetylated_beyond_accessibility	0.5373812
chr12	27852960	5.9964523	5.009309	0.9871435	acetylated_beyond_accessibility	0.17997932
chr10	11710899	6.350886	5.363291	0.9875951	acetylated_beyond_accessibility	0.42041397
chr7	42986465	5.902633	4.914879	0.98775434	acetylated_beyond_accessibility	0.21693754
chr8	124848203	6.0282784	5.0403867	0.9878917	acetylated_beyond_accessibility	-0.1489172
chr17	28236383	3.1354942	2.1468532	0.988641	acetylated_beyond_accessibility	-0.0010285378
chr12	65671072	4.828314	3.8387403	0.9895735	acetylated_beyond_accessibility	0.32519913
chr6	168106228	5.476464	4.486627	0.9898367	acetylated_beyond_accessibility	0.22530651
chr20	805897	2.8903718	1.9000123	0.99035954	acetylated_beyond_accessibility	0.39995956
chr12	93178047	5.659482	4.66889	0.990592	acetylated_beyond_accessibility	0.5778365
chr10	59960913	3.6888795	2.6977406	0.99113894	acetylated_beyond_accessibility	-0.041682243
chr6	109877725	4.3694477	3.378292	0.9911556	acetylated_beyond_accessibility	0.24995685
chr12	50050875	6.2859983	5.2944307	0.9915676	acetylated_beyond_accessibility	0.5835743
chr22	23177367	6.2859983	5.294347	0.99165154	acetylated_beyond_accessibility	0.1450715
chr20	53917540	6.249975	5.258299	0.99167633	acetylated_beyond_accessibility	0.4532466
chr10	71638941	6.4831076	5.491011	0.9920964	acetylated_beyond_accessibility	0.14376116
chr6	34664563	6.175867	5.1836376	0.99222946	acetylated_beyond_accessibility	0.07276726
chr7	22667812	6.066108	5.073207	0.9929013	acetylated_beyond_accessibility	0.40467024
chr10	118483040	6.150603	5.157149	0.993454	acetylated_beyond_accessibility	-0.038568974
chr10	61780338	6.289716	5.2960525	0.9936633	acetylated_beyond_accessibility	-0.05884695
chr6	157811644	6.3456364	5.351802	0.9938345	acetylated_beyond_accessibility	0.30303335
chr10	22017666	6.0980744	5.1036344	0.9944401	acetylated_beyond_accessibility	0.16588831
chr6	15058809	5.5412636	4.546413	0.99485064	acetylated_beyond_accessibility	0.3320055
chr8	8346368	6.152733	5.156619	0.9961138	acetylated_beyond_accessibility	0.30385876
chr10	73956680	6.43294	5.4367385	0.9962015	acetylated_beyond_accessibility	0.49891615
chr12	106301934	6.204558	5.208057	0.99650097	acetylated_beyond_accessibility	0.33041668
chr6	49736215	5.9687076	4.9710426	0.9976649	acetylated_beyond_accessibility	0.7890315
chr12	28882562	4.7361984	3.738411	0.9977875	acetylated_beyond_accessibility	0.7009783
chr12	51905847	6.249975	5.2521687	0.99780655	acetylated_beyond_accessibility	0.62066555
chr7	106679680	6.1717005	5.1737776	0.9979229	acetylated_beyond_accessibility	-0.046364784
chr10	69308736	5.8318825	4.8336554	0.9982271	acetylated_beyond_accessibility	-0.20519638
chr17	22376941	1.3862944	0.38786578	0.9984286	acetylated_beyond_accessibility	0.50902665
chr10	17216628	6.2025356	5.2037163	0.99881935	acetylated_beyond_accessibility	0.12885666
chr10	93078199	5.9053617	4.9057856	0.9995761	acetylated_beyond_accessibility	0.7129574
chr12	102429894	6.2186003	5.2184463	1.000154	acetylated_beyond_accessibility	-0.007145405
chr21	35548188	6.0234475	5.023228	1.0002193	acetylated_beyond_accessibility	0.20702362
chr12	108689535	6.329721	5.329478	1.0002432	acetylated_beyond_accessibility	0.56550217
chr10	61778282	5.220356	4.2196393	1.0007167	acetylated_beyond_accessibility	0.15596151
chr17	75970365	6.1675167	5.1667876	1.0007291	acetylated_beyond_accessibility	0.1083312
chr7	67019935	6.212606	5.2117167	1.0008893	acetylated_beyond_accessibility	0.24504423
chr20	58252029	6.1590953	5.158042	1.0010533	acetylated_beyond_accessibility	0.48510695
chr7	135664168	6.4473057	5.4454756	1.0018301	acetylated_beyond_accessibility	0.65617037
chr6	15922658	6.1654177	5.1635594	1.0018582	acetylated_beyond_accessibility	0.32044172
chr7	140322998	6.206576	5.2045183	1.0020576	acetylated_beyond_accessibility	0.66922855
chr10	17578819	5.42495	4.422783	1.0021672	acetylated_beyond_accessibility	0.6727152
chr6	129854360	5.971262	4.968415	1.0028472	acetylated_beyond_accessibility	0.4447856
chr7	139118388	6.272877	5.2699785	1.0028987	acetylated_beyond_accessibility	0.53209877
chr6	158854609	6.2025356	5.198711	1.0038247	acetylated_beyond_accessibility	0.026480198
chr22	21001987	6.2576675	5.2538166	1.0038509	acetylated_beyond_accessibility	0.4910431
chr17	66468726	5.963579	4.959487	1.0040922	acetylated_beyond_accessibility	-0.01935339
chr21	32545880	6.089045	5.082831	1.0062141	acetylated_beyond_accessibility	0.09660959
chr21	35106416	6.340359	5.334124	1.0062351	acetylated_beyond_accessibility	0.67208433
chr10	21807326	6.104793	5.0983624	1.0064306	acetylated_beyond_accessibility	0.39319086
chr6	157825596	6.3062754	5.299676	1.0065994	acetylated_beyond_accessibility	0.40860605
chr22	19648593	5.420535	4.413832	1.0067029	acetylated_beyond_accessibility	-0.25004673
chr21	14454637	6.543912	5.5366063	1.0073056	acetylated_beyond_accessibility	0.29749537
chr12	126908156	6.2841344	5.276496	1.0076385	acetylated_beyond_accessibility	0.6068406
chr6	36954410	5.924256	4.9165697	1.0076861	acetylated_beyond_accessibility	0.27509212
chr22	25726671	6.363028	5.3547487	1.0082793	acetylated_beyond_accessibility	-0.12824821
chr12	98509189	5.869297	4.860688	1.0086088	acetylated_beyond_accessibility	0.4619608
chr12	64656613	5.2522736	4.2433643	1.0089092	acetylated_beyond_accessibility	0.35035658
chr18	55732620	6.4264884	5.416863	1.0096254	acetylated_beyond_accessibility	0.29494047
chr8	53736941	4.65396	3.6437452	1.010215	acetylated_beyond_accessibility	0.27698493
chr6	42092354	6.383507	5.3732734	1.0102334	acetylated_beyond_accessibility	0.20322084
chr21	31738080	6.1246834	5.1114955	1.0131879	acetylated_beyond_accessibility	0.048761845
chr12	1439888	5.6664267	4.653202	1.0132246	acetylated_beyond_accessibility	0.22418594
chr22	37552905	6.169611	5.1554375	1.0141735	acetylated_beyond_accessibility	0.60447264
chr7	135929699	6.152733	5.1380987	1.0146341	acetylated_beyond_accessibility	0.12092829
chr10	87500811	6.2989492	5.282727	1.0162225	acetylated_beyond_accessibility	0.21431589
chr7	102983823	5.7589016	4.742053	1.0168486	acetylated_beyond_accessibility	0.74354744
chr10	60828408	6.003887	4.9868546	1.0170326	acetylated_beyond_accessibility	0.10993099
chr17	27603093	6.517671	5.500601	1.0170703	acetylated_beyond_accessibility	0.21335888
chr8	107305315	6.0306854	5.012971	1.0177145	acetylated_beyond_accessibility	-0.1623497
chr7	108090956	5.814131	4.7940817	1.0200491	acetylated_beyond_accessibility	0.4438095
chr7	134835038	6.2106	5.190013	1.020587	acetylated_beyond_accessibility	0.22543335
chr17	78029887	5.9295893	4.9087467	1.0208426	acetylated_beyond_accessibility	0.19530296
chr7	140275529	6.0776424	5.0553293	1.0223131	acetylated_beyond_accessibility	0.5375366
chr12	23722834	6.376727	5.353337	1.0233903	acetylated_beyond_accessibility	0.687171
chr12	7289939	3.2580965	2.2346067	1.0234897	acetylated_beyond_accessibility	0.5902083
chr10	30070294	5.6903596	4.6666603	1.0236993	acetylated_beyond_accessibility	0.8036871
chr8	123922425	6.349139	5.3245153	1.0246239	acetylated_beyond_accessibility	0.55877876
chr17	62995541	6.1882644	5.1628304	1.025434	acetylated_beyond_accessibility	0.5329051
chr6	163572734	6.1377273	5.111589	1.0261383	acetylated_beyond_accessibility	0.7174945
chr7	106774886	6.2878585	5.2608414	1.0270171	acetylated_beyond_accessibility	0.6833415
chr10	98910214	6.4345465	5.405966	1.0285807	acetylated_beyond_accessibility	0.6694832
chr6	15698404	5.7037826	4.674832	1.0289507	acetylated_beyond_accessibility	0.37956953
chr22	28686785	3.0910425	2.060585	1.0304575	acetylated_beyond_accessibility	-0.009762049
chr12	113933332	6.505784	5.475066	1.0307178	acetylated_beyond_accessibility	0.45490026
chr12	93021374	6.1136823	5.082085	1.0315971	acetylated_beyond_accessibility	0.4984908
chr7	22708450	5.4161005	4.383591	1.0325093	acetylated_beyond_accessibility	-0.14466715
chr6	2932405	6.424869	5.3918986	1.0329704	acetylated_beyond_accessibility	0.17914724
chr20	32286025	5.918894	4.8858285	1.0330653	acetylated_beyond_accessibility	0.7991848
chr6	157861407	6.2304816	5.197084	1.0333977	acetylated_beyond_accessibility	0.9764991
chr10	73245133	6.3062754	5.2725735	1.0337019	acetylated_beyond_accessibility	0.8350134
chr7	139853284	5.7838254	4.749731	1.0340943	acetylated_beyond_accessibility	0.4905963
chr21	35475876	5.6937323	4.659085	1.0346475	acetylated_beyond_accessibility	0.14771986
chr8	134720442	6.4457197	5.410683	1.0350366	acetylated_beyond_accessibility	0.11265707
chr20	44010538	5.609472	4.574072	1.0353999	acetylated_beyond_accessibility	0.23369074
chr22	19266572	4.465908	3.430392	1.035516	acetylated_beyond_accessibility	0.02606225
chr8	128048593	6.3189683	5.2832623	1.035706	acetylated_beyond_accessibility	0.37088966
chr6	119139355	6.291569	5.254933	1.0366364	acetylated_beyond_accessibility	0.23023558
chr22	22254962	3.4339871	2.3972654	1.0367217	acetylated_beyond_accessibility	0.16406131
chr18	3247627	6.2106	5.1721945	1.0384054	acetylated_beyond_accessibility	0.26541138
chr12	28192346	6.0330863	4.9945316	1.0385547	acetylated_beyond_accessibility	0.529016
chr18	6676304	6.4052286	5.3658495	1.0393791	acetylated_beyond_accessibility	0.40803814
chr17	33904610	6.196444	5.1564903	1.0399537	acetylated_beyond_accessibility	0.26829338
chr12	48311496	5.659482	4.6192813	1.0402007	acetylated_beyond_accessibility	0.053590298
chr8	95090539	6.1202974	5.080022	1.0402756	acetylated_beyond_accessibility	0.87168264
chr12	89540738	6.289716	5.2489576	1.0407581	acetylated_beyond_accessibility	0.27908802
chr8	36559501	4.4426513	3.4007876	1.0418637	acetylated_beyond_accessibility	0.29555392
chr8	105244014	6.313548	5.2716484	1.0418997	acetylated_beyond_accessibility	0.3358655
chr22	28396287	4.691348	3.6487086	1.0426395	acetylated_beyond_accessibility	0.4106052
chr12	122098315	6.4264884	5.383327	1.0431614	acetylated_beyond_accessibility	0.30652428
chr8	23509147	6.3868794	5.343381	1.0434985	acetylated_beyond_accessibility	0.12603521
chr17	59684972	6.1800165	5.1348057	1.0452108	acetylated_beyond_accessibility	0.4664836
chr12	22353784	4.553877	3.5072398	1.046637	acetylated_beyond_accessibility	0.7989483
chr18	30679790	6.184149	5.1369195	1.0472293	acetylated_beyond_accessibility	0.65658617
chr12	121738466	6.0935698	5.045456	1.0481138	acetylated_beyond_accessibility	0.6813154
chr18	2854293	6.4707994	5.422624	1.0481753	acetylated_beyond_accessibility	0.891212
chr12	92379285	5.9939613	4.9454722	1.0484891	acetylated_beyond_accessibility	0.58107185
chr17	44246108	6.133398	5.0845313	1.0488667	acetylated_beyond_accessibility	0.5649891
chr7	117014374	6.1136823	5.0636177	1.0500646	acetylated_beyond_accessibility	0.71884394
chr6	30717610	6.1944056	5.144074	1.0503316	acetylated_beyond_accessibility	0.34239292
chr12	123719615	6.4800444	5.427844	1.0522003	acetylated_beyond_accessibility	0.3391533
chr6	26297204	6.489205	5.4366126	1.0525923	acetylated_beyond_accessibility	0.4173212
chr8	128428292	6.6133842	5.5594473	1.053937	acetylated_beyond_accessibility	0.39888716
chr22	21015024	6.364751	5.310521	1.0542297	acetylated_beyond_accessibility	0.39590788
chr17	78082648	5.587249	4.532802	1.0544467	acetylated_beyond_accessibility	0.0650754
chr6	137905086	6.3561077	5.301566	1.0545416	acetylated_beyond_accessibility	0.46054792
chr7	32506434	6.1862087	5.13128	1.0549288	acetylated_beyond_accessibility	0.18711853
chr8	101048897	6.2595816	5.204508	1.0550737	acetylated_beyond_accessibility	0.33436108
chr7	108586200	5.918894	4.8637934	1.0551004	acetylated_beyond_accessibility	0.18228579
chr7	99665525	6.558198	5.5019255	1.0562725	acetylated_beyond_accessibility	0.305768
chr20	30669592	3.912023	2.8557265	1.0562966	acetylated_beyond_accessibility	-0.38332653
chr22	39801361	5.2311087	4.1746535	1.0564551	acetylated_beyond_accessibility	0.55219555
chr10	98461151	6.4264884	5.369095	1.0573936	acetylated_beyond_accessibility	0.33753014
chr6	15018596	5.9738097	4.9160867	1.057723	acetylated_beyond_accessibility	0.43899775
chr18	57141825	6.152733	5.0945444	1.0581884	acetylated_beyond_accessibility	0.33477592
chr20	745889	4.0430512	2.9840744	1.0589769	acetylated_beyond_accessibility	-0.49388838
chr7	106979295	6.244167	5.1850834	1.0590835	acetylated_beyond_accessibility	0.69559526
chr18	9422155	5.6664267	4.6043506	1.0620761	acetylated_beyond_accessibility	0.43649626
chr22	41846122	6.274762	5.212451	1.0623112	acetylated_beyond_accessibility	0.384861
chr12	71753100	6.0776424	5.0143642	1.0632782	acetylated_beyond_accessibility	0.5931735
chr17	31227158	4.0775375	3.013342	1.0641956	acetylated_beyond_accessibility	0.1257658
chr7	107010408	6.499787	5.435546	1.0642409	acetylated_beyond_accessibility	0.51293564
chr7	116465953	6.0450053	4.9807343	1.064271	acetylated_beyond_accessibility	0.59426737
chr10	60313242	6.3117347	5.2470303	1.0647044	acetylated_beyond_accessibility	0.075232506
chr21	44582178	4.804021	3.7390943	1.0649266	acetylated_beyond_accessibility	0.21174955
chr20	50292721	6.5539336	5.4889154	1.0650182	acetylated_beyond_accessibility	-0.31225872
chr17	49832949	5.880533	4.8148494	1.0656838	acetylated_beyond_accessibility	0.30952168
chr6	13913177	6.2576675	5.1912074	1.0664601	acetylated_beyond_accessibility	0.7692809
chr6	31834941	6.265301	5.1984572	1.066844	acetylated_beyond_accessibility	0.49118757
chr6	36889213	6.3099184	5.2425957	1.0673227	acetylated_beyond_accessibility	0.17498827
chr6	6968848	6.265301	5.1967487	1.0685525	acetylated_beyond_accessibility	0.1694417
chr6	135110354	6.09131	5.022472	1.0688381	acetylated_beyond_accessibility	0.16008186
chr6	135325816	6.4150968	5.3460293	1.0690675	acetylated_beyond_accessibility	0.097670555
chr7	142809201	5.924256	4.8550863	1.0691695	acetylated_beyond_accessibility	0.06876612
chr18	2894808	6.1984787	5.1292696	1.0692091	acetylated_beyond_accessibility	-0.08003044
chr22	29197293	5.8289456	4.7595243	1.0694213	acetylated_beyond_accessibility	-0.086483
chr6	135192016	6.196444	5.1270094	1.0694346	acetylated_beyond_accessibility	0.5693331
chr6	13355628	6.056784	4.9870105	1.0697737	acetylated_beyond_accessibility	0.21731997
chr20	49790499	6.4707994	5.400956	1.0698433	acetylated_beyond_accessibility	0.2861457
chr10	102989363	6.376727	5.3065443	1.0701828	acetylated_beyond_accessibility	0.21277428
chr17	75784910	6.2245584	5.153921	1.0706372	acetylated_beyond_accessibility	0.2858901
chr7	12715800	6.391917	5.320957	1.07096	acetylated_beyond_accessibility	0.39119864
chr6	43627418	6.4504704	5.379345	1.0711255	acetylated_beyond_accessibility	0.32386017
chr6	147166511	6.336826	5.2650404	1.0717854	acetylated_beyond_accessibility	1.1278567
chr8	59604696	4.912655	3.840761	1.0718939	acetylated_beyond_accessibility	0.35012746
chr7	12723141	6.455199	5.382284	1.0729146	acetylated_beyond_accessibility	0.2620082
chr6	149119413	6.234411	5.160537	1.073874	acetylated_beyond_accessibility	0.37976885
chr17	32897620	6.393591	5.3192716	1.0743194	acetylated_beyond_accessibility	0.2558403
chr10	71266514	6.4361506	5.361555	1.0745955	acetylated_beyond_accessibility	0.69383335
chr8	23527914	6.5132303	5.438452	1.0747786	acetylated_beyond_accessibility	0.3136506
chr10	31278774	5.68358	4.607128	1.0764518	acetylated_beyond_accessibility	1.090539
chr6	13360838	5.934894	4.8581333	1.0767608	acetylated_beyond_accessibility	0.16137648
chr10	95720953	4.6728287	3.59599	1.0768387	acetylated_beyond_accessibility	0.0948205
chr20	50482744	6.3189683	5.2418375	1.0771308	acetylated_beyond_accessibility	0.36222887
chr7	117792486	6.49224	5.414526	1.077714	acetylated_beyond_accessibility	0.020165443
chr6	146914779	6.5496507	5.47193	1.0777206	acetylated_beyond_accessibility	0.45840263
chr22	20523245	6.4676986	5.389407	1.0782914	acetylated_beyond_accessibility	-0.06733894
chr12	118330699	5.971262	4.89271	1.0785518	acetylated_beyond_accessibility	0.40513992
chr10	11141608	6.395262	5.316454	1.0788078	acetylated_beyond_accessibility	0.28700542
chr18	9005650	6.052089	4.971809	1.0802803	acetylated_beyond_accessibility	0.11172342
chr8	102811032	6.173786	5.0928454	1.0809407	acetylated_beyond_accessibility	0.65849066
chr7	151039794	6.452049	5.371085	1.0809636	acetylated_beyond_accessibility	-0.13128805
chr17	74282865	5.652489	4.5707245	1.0817647	acetylated_beyond_accessibility	0.13848257
chr17	27474262	6.364751	5.2819853	1.0827656	acetylated_beyond_accessibility	0.45957184
chr8	47557388	6.107023	5.024026	1.0829968	acetylated_beyond_accessibility	0.8023486
chr22	30182233	4.3694477	3.2859719	1.0834758	acetylated_beyond_accessibility	0.47794414
chr10	95532712	6.156979	5.071188	1.0857911	acetylated_beyond_accessibility	0.46932507
chr6	143065157	6.011267	4.9250054	1.0862617	acetylated_beyond_accessibility	-0.04981327
chr8	129446792	5.8021183	4.715457	1.0866613	acetylated_beyond_accessibility	0.14120054
chr18	59516536	4.744932	3.6568866	1.0880456	acetylated_beyond_accessibility	0.33704233
chr10	113854540	6.559615	5.4714236	1.0881915	acetylated_beyond_accessibility	-0.27229738
chr6	124981699	6.461468	5.3730025	1.0884657	acetylated_beyond_accessibility	0.28287697
chr7	102081055	6.499787	5.40923	1.0905566	acetylated_beyond_accessibility	0.6263714
chr12	31833455	5.613128	4.522009	1.0911193	acetylated_beyond_accessibility	-0.16187096
chr17	27968396	6.4876842	5.396113	1.0915713	acetylated_beyond_accessibility	-0.2936144
chr8	18130285	5.5012584	4.408961	1.0922976	acetylated_beyond_accessibility	0.27358627
chr10	71635552	6.2383246	5.1456494	1.0926752	acetylated_beyond_accessibility	0.05088377
chr17	55451432	6.3613024	5.266843	1.0944595	acetylated_beyond_accessibility	0.34346342
chr6	134315372	5.9687076	4.87386	1.0948477	acetylated_beyond_accessibility	0.6211333
chr20	17925549	6.177944	5.081627	1.0963173	acetylated_beyond_accessibility	0.5620947
chr6	15106902	6.25575	5.158362	1.0973883	acetylated_beyond_accessibility	0.1980505
chr6	88670647	4.26268	3.1645417	1.0981383	acetylated_beyond_accessibility	-0.11467171
chr17	69013665	5.723585	4.624333	1.0992522	acetylated_beyond_accessibility	0.14507866
chr6	15735946	6.0844994	4.984407	1.1000924	acetylated_beyond_accessibility	0.16901731
chr7	150313562	6.4861608	5.3857346	1.1004262	acetylated_beyond_accessibility	0.3171749
chr7	103843911	6.371612	5.270341	1.1012712	acetylated_beyond_accessibility	0.68160915
chr6	10771574	6.54103	5.439437	1.101593	acetylated_beyond_accessibility	0.6021986
chr12	51972995	6.4002576	5.297809	1.1024485	acetylated_beyond_accessibility	0.34776354
chr12	93938534	5.669881	4.566939	1.102942	acetylated_beyond_accessibility	0.062026978
chr6	27473113	6.1862087	5.0822034	1.1040053	acetylated_beyond_accessibility	0.44515276
chr17	63028561	4.0253515	2.9204278	1.1049237	acetylated_beyond_accessibility	0.55733395
chr6	36025720	5.7170277	4.6113214	1.1057062	acetylated_beyond_accessibility	0.18710089
chr22	39946770	6.3099184	5.203746	1.1061726	acetylated_beyond_accessibility	0.33035183
chr12	89757050	6.0306854	4.924229	1.1064563	acetylated_beyond_accessibility	0.14989805
chr17	33871863	6.398595	5.292078	1.1065168	acetylated_beyond_accessibility	0.48702383
chr7	130132493	6.4002576	5.29348	1.1067777	acetylated_beyond_accessibility	-0.20764875
chr21	43884318	6.1114674	5.003475	1.1079922	acetylated_beyond_accessibility	0.7582054
chr6	30769588	6.395262	5.287103	1.1081586	acetylated_beyond_accessibility	0.16887665
chr21	45411649	6.280396	5.171968	1.108428	acetylated_beyond_accessibility	0.6543231
chr18	968374	6.2025356	5.093877	1.1086588	acetylated_beyond_accessibility	0.09605789
chr10	63111076	5.820083	4.710381	1.1097021	acetylated_beyond_accessibility	-0.17115116
chr6	149140620	6.481577	5.3718333	1.1097436	acetylated_beyond_accessibility	0.33829784
chr17	59837778	6.4297194	5.3198366	1.1098828	acetylated_beyond_accessibility	0.855649
chr10	11115556	4.65396	3.5439425	1.1100178	acetylated_beyond_accessibility	-0.026573181
chr7	158781503	3.713572	2.6014075	1.1121645	acetylated_beyond_accessibility	-0.71727705
chr17	44266778	6.3681874	5.255626	1.1125612	acetylated_beyond_accessibility	0.16658878
chr17	13538720	6.2690964	5.156008	1.1130886	acetylated_beyond_accessibility	0.39127254
chr17	33874886	6.313548	5.199905	1.1136432	acetylated_beyond_accessibility	-0.083185196
chr8	90197503	6.4361506	5.320345	1.1158056	acetylated_beyond_accessibility	0.73860216
chr10	71860604	6.4118185	5.2949324	1.1168861	acetylated_beyond_accessibility	0.4895811
chr6	135306720	6.216606	5.099017	1.117589	acetylated_beyond_accessibility	-0.09759569
chr6	49505391	3.218876	2.100679	1.118197	acetylated_beyond_accessibility	0.6590986
chr12	89180185	3.8501477	2.731771	1.1183767	acetylated_beyond_accessibility	0.32365346
chr7	70568993	6.163315	5.0443506	1.1189642	acetylated_beyond_accessibility	0.24099398
chr6	135074105	5.8348107	4.715716	1.1190948	acetylated_beyond_accessibility	0.26522207
chr20	33689096	5.9788857	4.8594656	1.11942	acetylated_beyond_accessibility	0.44192314
chr6	4942139	6.4345465	5.3150616	1.1194849	acetylated_beyond_accessibility	0.74128675
chr6	2816348	3.713572	2.593215	1.120357	acetylated_beyond_accessibility	0.19576716
chr12	93742382	6.4707994	5.3501306	1.1206689	acetylated_beyond_accessibility	0.5063672
chr7	97954221	3.0445225	1.9236724	1.1208501	acetylated_beyond_accessibility	-0.26163745
chr12	10390054	2.8903718	1.7693334	1.1210384	acetylated_beyond_accessibility	0.62767625
chr12	50918749	4.6051702	3.483076	1.1220942	acetylated_beyond_accessibility	0.53728867
chr17	81792768	3.1780539	2.0558324	1.1222215	acetylated_beyond_accessibility	-0.68538165
chr6	4727830	6.5834093	5.4605613	1.122848	acetylated_beyond_accessibility	0.31859684
chr6	3288521	6.3868794	5.2629533	1.1239262	acetylated_beyond_accessibility	0.06717348
chr21	36430214	6.4661446	5.3398066	1.126338	acetylated_beyond_accessibility	0.3629055
chr6	139648626	6.7129564	5.5863414	1.126615	acetylated_beyond_accessibility	0.11946106
chr7	106216613	6.0844994	4.9578066	1.1266928	acetylated_beyond_accessibility	0.3171363
chr6	2857931	6.378426	5.2514153	1.1270108	acetylated_beyond_accessibility	0.4287963
chr6	52301536	6.089045	4.960378	1.1286669	acetylated_beyond_accessibility	0.20771074
chr17	58492784	6.340359	5.210834	1.1295252	acetylated_beyond_accessibility	0.52407646
chr6	126118246	5.8493247	4.719695	1.1296296	acetylated_beyond_accessibility	0.37224388
chr20	53181132	5.986452	4.856608	1.1298442	acetylated_beyond_accessibility	0.2981534
chr6	143727305	5.6937323	4.5634165	1.1303158	acetylated_beyond_accessibility	-0.13994122
chr6	146549037	6.3080983	5.1769524	1.131146	acetylated_beyond_accessibility	0.6394763
chr7	135943689	6.2422233	5.1103945	1.1318288	acetylated_beyond_accessibility	0.3264575
chr6	143164759	6.4150968	5.2818475	1.1332493	acetylated_beyond_accessibility	0.6906295
chr10	14181414	5.9558372	4.822259	1.1335783	acetylated_beyond_accessibility	0.29505253
chr7	16397569	3.8286414	2.6948025	1.1338389	acetylated_beyond_accessibility	0.43263197
chr10	21130329	6.2576675	5.123517	1.1341505	acetylated_beyond_accessibility	0.5420227
chr7	73562553	6.317165	5.180414	1.1367507	acetylated_beyond_accessibility	0.67166805
chr12	4153734	6.413459	5.275793	1.1376657	acetylated_beyond_accessibility	0.23491478
chr8	127619111	5.9989367	4.861253	1.1376839	acetylated_beyond_accessibility	0.5436144
chr8	129583477	6.4504704	5.311974	1.1384964	acetylated_beyond_accessibility	0.8322978
chr17	57379876	6.4769726	5.337565	1.1394076	acetylated_beyond_accessibility	0.21315765
chr6	20846734	6.295266	5.1556497	1.1396165	acetylated_beyond_accessibility	0.38381004
chr17	82345534	6.35437	5.2131176	1.1412525	acetylated_beyond_accessibility	0.42123652
chr8	3108388	5.6869755	4.545409	1.1415663	acetylated_beyond_accessibility	0.5481658
chr8	16565858	5.5134287	4.3705845	1.1428442	acetylated_beyond_accessibility	0.031492233
chr7	129054740	6.003887	4.8590527	1.1448345	acetylated_beyond_accessibility	0.48534632
chr6	133701819	6.505784	5.3604097	1.1453743	acetylated_beyond_accessibility	1.045773
chr6	84667739	5.3565865	4.210837	1.1457496	acetylated_beyond_accessibility	0.6189151
chr8	11879681	6.461468	5.315403	1.1460652	acetylated_beyond_accessibility	0.39428997
chr12	60144474	6.452049	5.305767	1.1462817	acetylated_beyond_accessibility	0.6152129
chr6	134195610	6.3868794	5.2380676	1.1488118	acetylated_beyond_accessibility	0.3895626
chr10	17003313	6.1092477	4.9602385	1.1490092	acetylated_beyond_accessibility	0.4506569
chr6	42028484	6.410175	5.259903	1.1502719	acetylated_beyond_accessibility	0.5186753
chr18	3706684	6.481577	5.3310695	1.1505075	acetylated_beyond_accessibility	-0.08466673
chr17	601901	6.291569	5.1398625	1.1517067	acetylated_beyond_accessibility	0.18494844
chr7	6451457	6.0402546	4.8884215	1.151833	acetylated_beyond_accessibility	0.3938651
chr22	21109168	5.6970935	4.5444975	1.152596	acetylated_beyond_accessibility	-0.14750099
chr10	29009628	6.3332796	5.1804075	1.1528721	acetylated_beyond_accessibility	0.25246143
chr17	4002484	6.3969297	5.243196	1.1537337	acetylated_beyond_accessibility	0.16213655
chr7	6056757	6.2822666	5.128169	1.1540976	acetylated_beyond_accessibility	0.48328638
chr6	13987655	6.517671	5.3598714	1.1577997	acetylated_beyond_accessibility	0.4029808
chr17	82462115	6.610696	5.4527707	1.1579251	acetylated_beyond_accessibility	0.07834959
chr8	129581731	6.496775	5.3386884	1.1580868	acetylated_beyond_accessibility	-0.08416319
chr7	135410216	5.556828	4.397846	1.1589818	acetylated_beyond_accessibility	0.6939149
chr6	69758433	5.755742	4.5965137	1.1592283	acetylated_beyond_accessibility	0.29396534
chr7	129586203	4.75359	3.5929513	1.1606388	acetylated_beyond_accessibility	0.037951946
chr10	102112540	6.539586	5.3782387	1.1613474	acetylated_beyond_accessibility	0.56027985
chr7	25228486	3.295837	2.1344543	1.1613827	acetylated_beyond_accessibility	0.30106282
chr7	102993142	6.419995	5.2575254	1.1624694	acetylated_beyond_accessibility	0.4843235
chr22	22262898	4.1743875	3.010307	1.1640804	acetylated_beyond_accessibility	-0.26652813
chr20	381308	6.3456364	5.18051	1.1651263	acetylated_beyond_accessibility	0.43328905
chr12	108123620	6.25575	5.090507	1.1652431	acetylated_beyond_accessibility	-0.3392229
chr17	67784503	6.297109	5.131757	1.1653523	acetylated_beyond_accessibility	0.6660528
chr12	96376300	6.289716	5.1240706	1.1656451	acetylated_beyond_accessibility	0.6432972
chr12	46430576	6.3733196	5.206304	1.1670156	acetylated_beyond_accessibility	0.6508026
chr17	27822334	3.3672957	2.19909	1.1682057	acetylated_beyond_accessibility	0.6504371
chr12	75781787	5.7203116	4.551314	1.1689978	acetylated_beyond_accessibility	0.6224766
chr7	139916289	6.50129	5.330961	1.1703286	acetylated_beyond_accessibility	0.964509
chr17	69103946	6.1463294	4.973896	1.1724334	acetylated_beyond_accessibility	0.10407829
chr6	26351678	6.2672005	5.094643	1.1725574	acetylated_beyond_accessibility	0.3578496
chr21	35417112	4.644391	3.4703665	1.1740246	acetylated_beyond_accessibility	0.5249953
chr6	31827379	6.4473057	5.272898	1.1744075	acetylated_beyond_accessibility	0.23488855
chr10	5462543	6.562444	5.3878155	1.1746287	acetylated_beyond_accessibility	0.11998844
chr18	9424451	4.6728287	3.4970531	1.1757755	acetylated_beyond_accessibility	-0.52838683
chr20	5720067	6.2106	5.0338297	1.1767702	acetylated_beyond_accessibility	0.39816284
chr10	17203634	5.6970935	4.52015	1.1769433	acetylated_beyond_accessibility	0.68879604
chr10	69489072	3.988984	2.8112607	1.1777234	acetylated_beyond_accessibility	-0.06224966
chr12	93925965	4.0775375	2.898405	1.1791325	acetylated_beyond_accessibility	0.6482849
chr7	66265786	4.5108595	3.3314614	1.1793981	acetylated_beyond_accessibility	0.0008249283
chr7	6965233	2.3978953	1.2180648	1.1798306	acetylated_beyond_accessibility	0.23419762
chr6	147709698	6.249975	5.070032	1.1799431	acetylated_beyond_accessibility	0.8541117
chr8	38092313	6.403574	5.2233496	1.1802244	acetylated_beyond_accessibility	0.71057034
chr7	112573907	6.073045	4.892255	1.18079	acetylated_beyond_accessibility	0.22388363
chr10	80772192	6.4297194	5.248825	1.1808944	acetylated_beyond_accessibility	0.41467667
chr6	157393362	6.44254	5.261522	1.1810184	acetylated_beyond_accessibility	0.2216425
chr20	47607034	6.280396	5.0993624	1.1810336	acetylated_beyond_accessibility	0.051245213
chr12	65182390	5.846439	4.664817	1.181622	acetylated_beyond_accessibility	0.55261517
chr6	129684148	6.2934194	5.111751	1.1816683	acetylated_beyond_accessibility	0.5794978
chr18	2325865	6.529419	5.3477073	1.1817117	acetylated_beyond_accessibility	0.85203695
chr6	3023988	6.381816	5.1992474	1.1825686	acetylated_beyond_accessibility	0.31521034
chr20	31706998	6.410175	5.2270145	1.1831603	acetylated_beyond_accessibility	0.41031122
chr7	12731725	6.3207684	5.137532	1.1832361	acetylated_beyond_accessibility	0.6408944
chr6	90045156	6.0282784	4.844049	1.1842294	acetylated_beyond_accessibility	0.2557454
chr12	55492377	3.5553482	2.3687646	1.1865835	acetylated_beyond_accessibility	0.7263274
chr10	13404486	6.418365	5.2315187	1.1868463	acetylated_beyond_accessibility	0.576478
chr12	92404957	6.4630294	5.2759523	1.187077	acetylated_beyond_accessibility	0.50806046
chr17	62143762	6.2595816	5.071725	1.1878567	acetylated_beyond_accessibility	0.5108037
chr12	46549806	6.163315	4.974891	1.1884236	acetylated_beyond_accessibility	0.4638195
chr6	129852461	6.398595	5.209793	1.1888018	acetylated_beyond_accessibility	0.5974822
chr12	75892973	6.496775	5.3065953	1.1901798	acetylated_beyond_accessibility	0.75134563
chr12	9764931	6.313548	5.1229486	1.1905994	acetylated_beyond_accessibility	0.47479677
chr7	106346794	5.971262	4.7806253	1.1906366	acetylated_beyond_accessibility	0.16156864
chr10	84293823	6.6554403	5.4643645	1.1910758	acetylated_beyond_accessibility	0.3033166
chr8	97778599	6.2595816	5.067671	1.1919107	acetylated_beyond_accessibility	0.5798011
chr12	56126955	6.6133842	5.421261	1.1921234	acetylated_beyond_accessibility	0.6786704
chr18	3246832	6.338594	5.145366	1.1932278	acetylated_beyond_accessibility	0.6739869
chr12	32000541	6.4583383	5.264664	1.1936741	acetylated_beyond_accessibility	0.30428314
chr7	16740409	6.338594	5.143712	1.1948819	acetylated_beyond_accessibility	0.84277964
chr17	27574094	6.559615	5.3645754	1.1950397	acetylated_beyond_accessibility	0.4731903
chr10	78459177	5.609472	4.413432	1.1960397	acetylated_beyond_accessibility	0.27932978
chr10	64508245	6.89467	5.6981726	1.1964974	acetylated_beyond_accessibility	0.5393715
chr12	120540606	6.559615	5.361928	1.1976871	acetylated_beyond_accessibility	0.6950731
chr12	57520594	6.3189683	5.1209126	1.1980557	acetylated_beyond_accessibility	0.48759222
chr17	41679331	6.5861716	5.387094	1.1990776	acetylated_beyond_accessibility	0.8918576
chr22	22520321	6.2595816	5.060486	1.1990957	acetylated_beyond_accessibility	0.8011031
chr6	154432899	6.369901	5.168329	1.2015724	acetylated_beyond_accessibility	0.6012683
chr18	9825713	6.265301	5.0637054	1.2015958	acetylated_beyond_accessibility	0.07518196
chr6	14240633	4.8520303	3.6504264	1.2016039	acetylated_beyond_accessibility	0.7998524
chr6	158405572	5.4553213	4.253407	1.2019143	acetylated_beyond_accessibility	0.06773615
chr8	8216546	3.7612002	2.5579906	1.2032096	acetylated_beyond_accessibility	-0.6154666
chr7	106019053	6.2859983	5.08169	1.2043085	acetylated_beyond_accessibility	0.1954279
chr22	20025571	6.6253924	5.419551	1.2058415	acetylated_beyond_accessibility	0.25908995
chr6	144543517	6.4297194	5.222975	1.2067447	acetylated_beyond_accessibility	0.08638096
chr17	62170557	6.3733196	5.165763	1.2075567	acetylated_beyond_accessibility	0.041217804
chr22	26632886	6.393591	5.1854258	1.2081652	acetylated_beyond_accessibility	0.24836206
chr12	49092518	6.5694814	5.360969	1.2085123	acetylated_beyond_accessibility	0.0028505325
chr12	8172553	1.609438	0.4005822	1.2088557	acetylated_beyond_accessibility	0.74728477
chr10	124693041	6.60123	5.3918643	1.2093658	acetylated_beyond_accessibility	0.50716734
chr7	106814005	6.295266	5.08473	1.210536	acetylated_beyond_accessibility	0.22765017
chr18	70025837	6.4676986	5.2558365	1.2118621	acetylated_beyond_accessibility	0.19409657
chr20	29782084	6.214608	5.00221	1.212398	acetylated_beyond_accessibility	-0.06552696
chr7	128239291	4.0073333	2.7937655	1.2135677	acetylated_beyond_accessibility	0.44537878
chr12	112351325	6.4281054	5.2139087	1.2141967	acetylated_beyond_accessibility	0.52394295
chr22	31895698	6.473891	5.2566233	1.2172675	acetylated_beyond_accessibility	0.17963934
chr20	30671444	5.4161005	4.1978807	1.2182198	acetylated_beyond_accessibility	-0.2877643
chr22	21876734	6.291569	5.072174	1.2193952	acetylated_beyond_accessibility	0.334805
chr21	5244019	6.222576	5.0031495	1.2194266	acetylated_beyond_accessibility	1.0610676
chr6	26189086	6.2304816	5.010456	1.2200255	acetylated_beyond_accessibility	0.61531115
chr7	129720382	6.4281054	5.2058706	1.2222347	acetylated_beyond_accessibility	0.09767771
chr12	29243285	5.3936276	4.1713324	1.2222953	acetylated_beyond_accessibility	0.12924051
chr20	28576192	2.4849067	1.2621114	1.2227952	acetylated_beyond_accessibility	0.70492935
chr6	135084718	6.505784	5.2824426	1.2233415	acetylated_beyond_accessibility	0.0612545
chr7	116501622	6.2672005	5.043418	1.2237825	acetylated_beyond_accessibility	0.63902426
chr21	44854909	6.6541524	5.428576	1.2255764	acetylated_beyond_accessibility	0.27375412
chr22	45643131	4.7706847	3.5447218	1.2259629	acetylated_beyond_accessibility	0.5872767
chr17	27447024	6.350886	5.1244497	1.2264361	acetylated_beyond_accessibility	0.29090214
chr6	37050581	6.50279	5.2755837	1.2272062	acetylated_beyond_accessibility	0.07605696
chr10	50327632	6.43294	5.2045975	1.2283425	acetylated_beyond_accessibility	0.61496353
chr7	103657636	6.510258	5.2808104	1.2294478	acetylated_beyond_accessibility	0.4793005
chr6	4320409	5.030438	3.8007011	1.2297368	acetylated_beyond_accessibility	0.31882095
chr10	24897549	6.3189683	5.0878224	1.2311459	acetylated_beyond_accessibility	0.4324174
chr10	48468375	6.4952655	5.260749	1.2345166	acetylated_beyond_accessibility	0.14308071
chr22	19109959	6.53814	5.30319	1.2349496	acetylated_beyond_accessibility	0.57723045
chr6	143806515	6.4216223	5.184505	1.2371173	acetylated_beyond_accessibility	0.27397728
chr20	23133162	6.6895995	5.4515963	1.2380033	acetylated_beyond_accessibility	0.625267
chr22	21938446	6.5235624	5.2852535	1.2383089	acetylated_beyond_accessibility	0.34553814
chr12	46432027	6.349139	5.1107574	1.2383819	acetylated_beyond_accessibility	0.42509174
chr6	31738122	6.4907236	5.2522225	1.2385011	acetylated_beyond_accessibility	0.37333775
chr6	119324918	6.3117347	5.0722566	1.2394781	acetylated_beyond_accessibility	0.70212936
chr10	49183809	6.3969297	5.1571674	1.2397623	acetylated_beyond_accessibility	0.8185978
chr21	34110866	6.3189683	5.0787563	1.240212	acetylated_beyond_accessibility	0.7941661
chr7	139124497	6.7345915	5.4920406	1.2425508	acetylated_beyond_accessibility	0.72446156
chr21	37348766	4.65396	3.4108107	1.2431495	acetylated_beyond_accessibility	0.09792638
chr6	154514050	6.126869	4.8828325	1.2440367	acetylated_beyond_accessibility	0.9167776
chr7	134084296	6.3421216	5.0978756	1.244246	acetylated_beyond_accessibility	0.43271637
chr12	93373297	6.5453496	5.3007793	1.2445703	acetylated_beyond_accessibility	0.40537548
chr21	35014746	5.6664267	4.419538	1.2468886	acetylated_beyond_accessibility	0.33035946
chr20	36873673	5.572154	4.325118	1.247036	acetylated_beyond_accessibility	0.08842039
chr6	158853461	6.6093493	5.3622656	1.2470837	acetylated_beyond_accessibility	0.024626732
chr6	167856223	6.315358	5.0676823	1.2476759	acetylated_beyond_accessibility	1.4204683
chr6	136234740	6.5957804	5.3478026	1.2479777	acetylated_beyond_accessibility	-0.026023388
chr7	119926124	6.2265368	4.9777355	1.2488012	acetylated_beyond_accessibility	0.4242878
chr8	37673795	6.4457197	5.196335	1.2493849	acetylated_beyond_accessibility	0.78229284
chr8	95093123	6.504288	5.254641	1.2496471	acetylated_beyond_accessibility	0.543499
chr6	146898114	6.6883545	5.4379683	1.2503862	acetylated_beyond_accessibility	0.44609976
chr8	37891931	6.733402	5.4829407	1.2504611	acetylated_beyond_accessibility	0.62604094
chr17	54861216	6.7141705	5.463279	1.2508917	acetylated_beyond_accessibility	0.9581542
chr17	35560911	6.6463904	5.3954906	1.2508998	acetylated_beyond_accessibility	0.18955994
chr10	17244959	5.1416636	3.8895984	1.2520652	acetylated_beyond_accessibility	0.7765155
chr6	119311912	6.58755	5.334485	1.2530651	acetylated_beyond_accessibility	0.82987547
chr12	47056029	5.1817837	3.9277062	1.2540774	acetylated_beyond_accessibility	0.24593973
chr10	31972657	6.4952655	5.240534	1.2547317	acetylated_beyond_accessibility	0.7918558
chr20	372021	6.5834093	5.3283434	1.2550659	acetylated_beyond_accessibility	0.5491648
chr20	1255840	5.966147	4.709646	1.2565007	acetylated_beyond_accessibility	0.22439957
chr17	76641057	6.4831076	5.225417	1.2576904	acetylated_beyond_accessibility	0.61790323
chr8	129316831	6.2709885	5.0131807	1.2578077	acetylated_beyond_accessibility	0.74647474
chr18	79601442	6.161207	4.903047	1.2581601	acetylated_beyond_accessibility	0.38712645
chr12	28883811	4.3438053	3.0855393	1.258266	acetylated_beyond_accessibility	0.89413667
chr17	27986975	6.8101425	5.5494614	1.2606812	acetylated_beyond_accessibility	0.35560274
chr22	20117355	6.516193	5.2543974	1.2617955	acetylated_beyond_accessibility	-0.13768196
chr10	60429223	4.890349	3.6278908	1.2624581	acetylated_beyond_accessibility	0.5209329
chr8	49110355	6.182085	4.9184275	1.2636576	acetylated_beyond_accessibility	0.37992477
chr12	70086576	2.8332133	1.5694556	1.2637577	acetylated_beyond_accessibility	1.5240517
chr6	13395532	6.58755	5.323015	1.264535	acetylated_beyond_accessibility	0.57513857
chr6	144886863	6.5235624	5.2590218	1.2645407	acetylated_beyond_accessibility	0.38357925
chr10	126199486	5.9687076	4.701426	1.2672815	acetylated_beyond_accessibility	0.2098527
chr6	108578779	6.3279366	5.059381	1.2685556	acetylated_beyond_accessibility	0.6145277
chr17	66343774	6.3801227	5.1112366	1.2688861	acetylated_beyond_accessibility	0.03200674
chr6	86683698	6.7286286	5.4596963	1.2689323	acetylated_beyond_accessibility	0.5731902
chr7	103254175	5.0998664	3.8308244	1.269042	acetylated_beyond_accessibility	0.74892807
chr6	15299747	6.6821084	5.41275	1.2693586	acetylated_beyond_accessibility	0.6978049
chr10	6473920	6.4345465	5.164447	1.2700996	acetylated_beyond_accessibility	0.19429874
chr8	107215537	5.4722705	4.200832	1.2714386	acetylated_beyond_accessibility	0.35258865
chr10	61588946	6.280396	5.0089073	1.2714887	acetylated_beyond_accessibility	0.15993023
chr7	150312987	6.3733196	5.10166	1.2716599	acetylated_beyond_accessibility	0.33519602
chr17	11909220	6.555357	5.2819486	1.2734084	acetylated_beyond_accessibility	0.56044483
chr6	30047402	5.6970935	4.422659	1.2744346	acetylated_beyond_accessibility	0.026056767
chr12	131576910	4.912655	3.6373014	1.2753534	acetylated_beyond_accessibility	-1.352871
chr22	20917367	6.6093493	5.3337717	1.2755775	acetylated_beyond_accessibility	0.43469
chr6	45446197	6.5998707	5.324031	1.2758398	acetylated_beyond_accessibility	0.014757156
chr6	33840414	6.3332796	5.0524306	1.280849	acetylated_beyond_accessibility	0.7420745
chr7	37591281	4.7004805	3.4177334	1.282747	acetylated_beyond_accessibility	0.42909884
chr17	33905510	6.731018	5.44745	1.2835679	acetylated_beyond_accessibility	0.73180676
chr7	101352650	6.369901	5.0860596	1.2838416	acetylated_beyond_accessibility	0.38988638
chr20	50691420	6.669498	5.385162	1.2843361	acetylated_beyond_accessibility	0.18673086
chr8	145004997	6.3801227	5.0955305	1.2845922	acetylated_beyond_accessibility	0.9050145
chr7	99835351	6.5539336	5.2688446	1.285089	acetylated_beyond_accessibility	0.08125019
chr22	17672875	6.4630294	5.1775093	1.2855201	acetylated_beyond_accessibility	0.26309156
chr6	43910883	6.464588	5.1787167	1.2858715	acetylated_beyond_accessibility	0.33126926
chr6	41325672	6.082219	4.7958326	1.2863865	acetylated_beyond_accessibility	-0.16014528
chr6	28981492	6.4281054	5.1394277	1.2886777	acetylated_beyond_accessibility	0.45114088
chr6	26027300	6.35437	5.0640817	1.2902884	acetylated_beyond_accessibility	0.47656298
chr6	133958109	6.539586	5.249183	1.2904029	acetylated_beyond_accessibility	0.7900305
chr6	42199638	6.779922	5.4872546	1.2926674	acetylated_beyond_accessibility	0.46874952
chr7	140242154	6.4297194	5.1362495	1.2934699	acetylated_beyond_accessibility	0.5634093
chr8	124684681	5.6489744	4.3552103	1.2937641	acetylated_beyond_accessibility	0.68883705
chr22	28560358	6.2841344	4.988023	1.2961116	acetylated_beyond_accessibility	0.7256112
chr6	32131712	6.5638556	5.267735	1.2961206	acetylated_beyond_accessibility	0.38525295
chr6	47134917	6.5453496	5.249049	1.2963004	acetylated_beyond_accessibility	0.4163456
chr17	61175994	5.7776523	4.4811654	1.2964869	acetylated_beyond_accessibility	-0.33670664
chr20	26010469	2.7725887	1.4755447	1.297044	acetylated_beyond_accessibility	0.16907346
chr7	130135900	6.552508	5.2549496	1.2975583	acetylated_beyond_accessibility	0.4548564
chr8	129689439	6.6895995	5.3900394	1.2995601	acetylated_beyond_accessibility	0.24724245
chr10	60262933	6.6093493	5.309491	1.2998581	acetylated_beyond_accessibility	0.4849987
chr10	29006262	5.5412636	4.2386293	1.3026342	acetylated_beyond_accessibility	-0.28555655
chr12	121144027	6.297109	4.9921126	1.3049965	acetylated_beyond_accessibility	0.093691826
chr10	13416035	6.3885612	5.081892	1.3066692	acetylated_beyond_accessibility	0.13829803
chr10	84527620	3.0910425	1.7843202	1.3067223	acetylated_beyond_accessibility	0.10286617
chr18	55748475	6.673298	5.366023	1.3072748	acetylated_beyond_accessibility	0.421525
chr17	78666046	6.7592554	5.451399	1.3078566	acetylated_beyond_accessibility	0.3740945
chr6	15915622	6.350886	5.042906	1.3079801	acetylated_beyond_accessibility	0.67468596
chr6	158040469	6.683361	5.374976	1.3083849	acetylated_beyond_accessibility	0.29401016
chr21	35482882	6.248043	4.936306	1.3117371	acetylated_beyond_accessibility	0.09245539
chr18	31739064	5.886104	4.5696135	1.3164907	acetylated_beyond_accessibility	0.26766014
chr22	39840288	5.9584246	4.641474	1.3169508	acetylated_beyond_accessibility	0.057308674
chr8	41823020	6.6970344	5.3769784	1.320056	acetylated_beyond_accessibility	0.49048328
chr8	28943443	6.652863	5.3322735	1.3205895	acetylated_beyond_accessibility	0.9586201
chr17	78272396	6.7580943	5.437358	1.3207364	acetylated_beyond_accessibility	0.27596283
chr10	24921545	6.4800444	5.1588464	1.321198	acetylated_beyond_accessibility	0.60823107
chr12	47158935	5.0172796	3.696	1.3212795	acetylated_beyond_accessibility	0.54427767
chr6	44058860	6.5206213	5.1986976	1.3219237	acetylated_beyond_accessibility	0.40968227
chr17	48373356	4.574711	3.2517595	1.3229513	acetylated_beyond_accessibility	0.21566987
chr6	136237012	6.375025	5.0494375	1.3255873	acetylated_beyond_accessibility	0.47108603
chr8	128045165	6.768493	5.4427443	1.3257489	acetylated_beyond_accessibility	0.51178026
chr7	44000889	1.7917595	0.4634531	1.3283064	acetylated_beyond_accessibility	0.0107809305
chr6	4620768	6.2186003	4.8898277	1.3287725	acetylated_beyond_accessibility	0.36175537
chr7	72805929	6.7417006	5.4127064	1.3289943	acetylated_beyond_accessibility	0.11042738
chr20	29050198	3.4965076	2.167431	1.3290765	acetylated_beyond_accessibility	0.060053587
chr6	17962793	6.391917	5.062011	1.3299065	acetylated_beyond_accessibility	0.57492685
chr17	29727067	6.4167323	5.08376	1.3329725	acetylated_beyond_accessibility	0.22261429
chr7	100641411	6.795706	5.459306	1.3364	acetylated_beyond_accessibility	0.07698679
chr7	108235505	6.6707664	5.3337774	1.3369889	acetylated_beyond_accessibility	0.72156906
chr6	37109964	6.637258	5.3002634	1.3369946	acetylated_beyond_accessibility	0.14442348
chr8	61760330	6.692084	5.353251	1.3388329	acetylated_beyond_accessibility	0.5740495
chr7	106718401	6.222576	4.8835487	1.3390274	acetylated_beyond_accessibility	0.059682846
chr6	119627310	6.6883545	5.348848	1.3395066	acetylated_beyond_accessibility	0.3140273
chr6	26204445	6.461468	5.120602	1.3408661	acetylated_beyond_accessibility	0.3356781
chr8	11350427	6.7464123	5.4026995	1.3437128	acetylated_beyond_accessibility	0.35471535
chr6	49888733	6.3851943	5.0413055	1.3438888	acetylated_beyond_accessibility	0.58863926
chr10	6920349	6.629363	5.2840357	1.3453274	acetylated_beyond_accessibility	0.4512806
chr17	61175463	6.3332796	4.987491	1.3457885	acetylated_beyond_accessibility	-0.064881325
chr17	47867172	6.6567264	5.3105845	1.3461418	acetylated_beyond_accessibility	0.12749767
chr7	106569740	6.4488893	5.1010857	1.3478036	acetylated_beyond_accessibility	0.6701722
chr18	25229313	5.9738097	4.623991	1.3498187	acetylated_beyond_accessibility	-0.09500408
chr10	45407721	5.5683446	4.2180634	1.3502812	acetylated_beyond_accessibility	0.1327877
chr6	84062873	6.559615	5.208938	1.350677	acetylated_beyond_accessibility	0.8607974
chr6	14711277	6.6783423	5.3256397	1.3527026	acetylated_beyond_accessibility	0.24276209
chr6	151045981	4.4426513	3.0897243	1.352927	acetylated_beyond_accessibility	-0.4606235
chr22	19419860	6.7452364	5.3922253	1.3530111	acetylated_beyond_accessibility	0.39343596
chr22	22468984	5.3565865	4.0024614	1.354125	acetylated_beyond_accessibility	0.06814194
chr10	11178580	6.692084	5.3364353	1.3556485	acetylated_beyond_accessibility	-0.0184803
chr12	104138216	6.8068295	5.4511137	1.3557158	acetylated_beyond_accessibility	-0.6524806
chr22	22519769	6.206576	4.849861	1.3567147	acetylated_beyond_accessibility	1.0695577
chr8	129692469	6.522093	5.164691	1.3574018	acetylated_beyond_accessibility	0.58616304
chr6	27774171	6.4150968	5.0568814	1.3582153	acetylated_beyond_accessibility	0.12600517
chr6	4928575	6.336826	4.978431	1.3583946	acetylated_beyond_accessibility	0.35996866
chr6	37191950	6.8035054	5.442984	1.3605213	acetylated_beyond_accessibility	-0.025362492
chr12	93758138	6.4504704	5.0894837	1.3609867	acetylated_beyond_accessibility	0.37492037
chr6	34273456	6.5366917	5.1739883	1.3627033	acetylated_beyond_accessibility	0.4938631
chr10	11612652	6.8079348	5.4444313	1.3635035	acetylated_beyond_accessibility	0.8160944
chr6	119137491	6.7968235	5.432042	1.3647814	acetylated_beyond_accessibility	0.42935467
chr20	380708	6.5750756	5.209653	1.3654227	acetylated_beyond_accessibility	0.7269592
chr20	32752766	6.787845	5.4207315	1.3671136	acetylated_beyond_accessibility	0.7603307
chr7	76077602	5.5451775	4.1768703	1.3683071	acetylated_beyond_accessibility	0.61356974
chr22	18859502	3.6109178	2.2409153	1.3700025	acetylated_beyond_accessibility	-0.24249935
chr17	62187828	5.587249	4.217012	1.3702369	acetylated_beyond_accessibility	-0.06727409
chr7	113142775	6.632002	5.2612762	1.3707256	acetylated_beyond_accessibility	0.1010623
chr17	40516988	6.612041	5.240083	1.3719578	acetylated_beyond_accessibility	-0.06339502
chr17	40844808	5.587249	4.213561	1.3736877	acetylated_beyond_accessibility	0.47323036
chr10	30437273	6.705639	5.3306394	1.3749995	acetylated_beyond_accessibility	0.66580915
chr6	161254811	6.694562	5.3190856	1.3754764	acetylated_beyond_accessibility	0.7388201
chr17	13510281	6.5930448	5.2159104	1.3771343	acetylated_beyond_accessibility	0.4238901
chr6	45294498	6.1923623	4.812431	1.3799314	acetylated_beyond_accessibility	0.87264013
chr12	124887354	6.232448	4.8518434	1.3806047	acetylated_beyond_accessibility	0.35211086
chr6	30872896	6.75227	5.3700604	1.3822098	acetylated_beyond_accessibility	0.9401984
chr10	28839806	6.7044144	5.320736	1.3836784	acetylated_beyond_accessibility	0.19537354
chr22	40814166	6.291569	4.906172	1.3853974	acetylated_beyond_accessibility	0.5858216
chr10	35391635	6.8035054	5.4176583	1.3858471	acetylated_beyond_accessibility	0.28106642
chr6	140018780	4.8441873	3.458127	1.3860602	acetylated_beyond_accessibility	0.6210027
chr12	54359304	6.659294	5.2713933	1.3879008	acetylated_beyond_accessibility	0.24810314
chr8	127899503	6.598509	5.2102785	1.3882303	acetylated_beyond_accessibility	0.6066537
chr12	123458500	6.875232	5.483494	1.3917384	acetylated_beyond_accessibility	-0.49476862
chr17	79723867	4.564348	3.1720111	1.3923371	acetylated_beyond_accessibility	0.44798136
chr10	72321495	6.590301	5.1976247	1.3926764	acetylated_beyond_accessibility	0.30367613
chr21	14762890	6.8319535	5.438479	1.3934746	acetylated_beyond_accessibility	0.5047116
chr18	3596861	6.7475867	5.352724	1.3948627	acetylated_beyond_accessibility	0.5059967
chr12	32047796	6.8167357	5.4212184	1.3955173	acetylated_beyond_accessibility	0.725822
chr22	16147125	2.1972246	0.8011386	1.396086	acetylated_beyond_accessibility	-0.17718071
chr22	22736218	6.100319	4.703616	1.3967028	acetylated_beyond_accessibility	-0.015821457
chr10	17029858	6.493754	5.096348	1.3974061	acetylated_beyond_accessibility	0.49428654
chr21	38476580	6.313548	4.915851	1.397697	acetylated_beyond_accessibility	0.3020563
chr6	14452876	6.7093043	5.309247	1.4000573	acetylated_beyond_accessibility	0.34271383
chr6	83974589	6.8480053	5.4459524	1.4020529	acetylated_beyond_accessibility	0.68477297
chr20	53297063	6.122493	4.719611	1.4028816	acetylated_beyond_accessibility	0.13211823
chr6	126112388	6.8762646	5.4720554	1.4042091	acetylated_beyond_accessibility	0.25644207
chr8	10777407	6.8068295	5.4017906	1.4050388	acetylated_beyond_accessibility	0.67858744
chr17	42699267	6.931472	5.526192	1.4052796	acetylated_beyond_accessibility	0.07566881
chr20	29058071	3.583519	2.1765966	1.4069223	acetylated_beyond_accessibility	-0.10339475
chr10	28807505	6.975414	5.566684	1.40873	acetylated_beyond_accessibility	0.5712633
chr7	100307701	2.5649493	1.1540203	1.410929	acetylated_beyond_accessibility	-0.19484365
chr20	30713783	3.713572	2.3023872	1.4111848	acetylated_beyond_accessibility	-0.0028014183
chr20	23334303	4.5108595	3.097535	1.4133246	acetylated_beyond_accessibility	-0.1108017
chr6	39999259	6.496775	5.0811005	1.4156747	acetylated_beyond_accessibility	0.6072626
chr7	22350827	6.522093	5.104348	1.4177446	acetylated_beyond_accessibility	0.44077682
chr7	91300302	6.7286286	5.309039	1.4195895	acetylated_beyond_accessibility	0.58267975
chr20	41262017	6.066108	4.6453533	1.4207549	acetylated_beyond_accessibility	0.30770826
chr8	85959296	6.8741984	5.45341	1.4207883	acetylated_beyond_accessibility	0.8665209
chr6	45437165	6.489205	5.067482	1.4217229	acetylated_beyond_accessibility	0.6482005
chr6	135321488	6.6066504	5.182863	1.4237871	acetylated_beyond_accessibility	0.44427395
chr7	121041988	6.6745615	5.249692	1.4248695	acetylated_beyond_accessibility	0.8065343
chr17	59786838	6.779922	5.3543777	1.4255443	acetylated_beyond_accessibility	0.7841377
chr8	79793835	6.49224	5.064821	1.4274192	acetylated_beyond_accessibility	0.6567774
chr12	1171835	4.8202815	3.3923736	1.427908	acetylated_beyond_accessibility	0.40492105
chr8	15582525	6.727432	5.2995224	1.4279094	acetylated_beyond_accessibility	0.5134053
chr18	814566	6.5666723	5.138137	1.4285355	acetylated_beyond_accessibility	1.1983271
chr7	117014883	6.4002576	4.970087	1.4301705	acetylated_beyond_accessibility	1.198122
chr12	123388277	6.6631327	5.2319627	1.43117	acetylated_beyond_accessibility	0.8665724
chr8	134713150	6.5539336	5.1217155	1.4322181	acetylated_beyond_accessibility	0.044050694
chr6	26296096	6.8330317	5.3982496	1.434782	acetylated_beyond_accessibility	0.42955732
chr12	23559344	6.5072775	5.0713267	1.4359508	acetylated_beyond_accessibility	0.3216505
chr21	29656911	6.872128	5.4345016	1.4376264	acetylated_beyond_accessibility	0.34829044
chr10	92756899	6.922644	5.483271	1.439373	acetylated_beyond_accessibility	0.42615938
chr6	16267902	6.504288	5.063894	1.4403944	acetylated_beyond_accessibility	0.53754044
chr17	59829281	6.768493	5.3228474	1.4456458	acetylated_beyond_accessibility	0.3271289
chr6	31690734	6.6133842	5.1675215	1.4458628	acetylated_beyond_accessibility	0.8325739
chr6	13354751	6.393591	4.9469995	1.4465914	acetylated_beyond_accessibility	0.04477024
chr8	129456344	6.4457197	4.997575	1.4481449	acetylated_beyond_accessibility	0.32024527
chr17	69093490	6.744059	5.294141	1.4499183	acetylated_beyond_accessibility	0.4510584
chr12	83173413	6.7007313	5.24629	1.4544411	acetylated_beyond_accessibility	0.11602402
chr12	89235880	5.2832036	3.825552	1.4576516	acetylated_beyond_accessibility	-0.23469782
chr17	59290373	6.398595	4.940354	1.458241	acetylated_beyond_accessibility	0.38176346
chr6	37103478	6.853299	5.3950415	1.4582577	acetylated_beyond_accessibility	0.03452158
chr17	40828185	6.919684	5.460267	1.4594169	acetylated_beyond_accessibility	0.44267225
chr20	53296544	6.324359	4.8647184	1.4596405	acetylated_beyond_accessibility	0.2869773
chr6	16270436	6.7604146	5.300304	1.4601107	acetylated_beyond_accessibility	0.41317606
chr8	9075078	6.5971456	5.136403	1.4607425	acetylated_beyond_accessibility	0.8033619
chr6	10401819	6.419995	4.956017	1.4639778	acetylated_beyond_accessibility	0.8141608
chr8	55848225	6.582025	5.1150675	1.4669576	acetylated_beyond_accessibility	0.8113799
chr22	21947795	6.517671	5.048869	1.468802	acetylated_beyond_accessibility	0.7205906
chr10	3926859	6.823286	5.3521633	1.4711227	acetylated_beyond_accessibility	0.22572899
chr6	43631395	6.8057227	5.332851	1.4728718	acetylated_beyond_accessibility	0.7648387
chr10	74021353	6.9363427	5.4632063	1.4731364	acetylated_beyond_accessibility	0.21079159
chr6	42197943	6.812345	5.3388543	1.4734907	acetylated_beyond_accessibility	0.29930544
chr6	82206215	6.591674	5.118183	1.4734907	acetylated_beyond_accessibility	0.054635525
chr7	137963128	6.782192	5.3086853	1.4735069	acetylated_beyond_accessibility	0.5315747
chr10	117411638	6.5764694	5.1015577	1.4749117	acetylated_beyond_accessibility	0.32193947
chr22	22559325	6.942157	5.4667864	1.4753704	acetylated_beyond_accessibility	0.26120996
chr17	45345865	6.698268	5.222018	1.4762502	acetylated_beyond_accessibility	-0.07823467
chr12	47360877	6.4150968	4.938752	1.4763446	acetylated_beyond_accessibility	0.53882885
chr7	143504686	6.552508	5.0757093	1.4767985	acetylated_beyond_accessibility	1.0262685
chr6	11938773	6.838405	5.360135	1.47827	acetylated_beyond_accessibility	0.23581648
chr7	105012910	6.6707664	5.19191	1.4788566	acetylated_beyond_accessibility	0.76058054
chr10	15703898	5.9964523	4.5164065	1.4800458	acetylated_beyond_accessibility	0.41494226
chr6	11393157	5.9839363	4.503414	1.4805222	acetylated_beyond_accessibility	0.5064659
chr22	19644029	6.6995006	5.218302	1.4811988	acetylated_beyond_accessibility	0.11845827
chr6	158905494	4.5217886	3.0400567	1.4817319	acetylated_beyond_accessibility	0.8639903
chr21	46320658	6.880384	5.398571	1.481813	acetylated_beyond_accessibility	0.2142992
chr12	31749361	6.9402223	5.4582033	1.482019	acetylated_beyond_accessibility	0.019610882
chr8	125942335	6.7452364	5.2631283	1.4821081	acetylated_beyond_accessibility	0.48855639
chr10	50577907	6.7923446	5.3097796	1.4825649	acetylated_beyond_accessibility	0.8405471
chr6	16215699	6.8700533	5.383848	1.4862051	acetylated_beyond_accessibility	0.26057005
chr22	46180558	4.934474	3.4454126	1.4890614	acetylated_beyond_accessibility	0.5112736
chr6	37667675	6.349139	4.859914	1.4892254	acetylated_beyond_accessibility	0.57079077
chr22	21791892	6.9157233	5.4263554	1.489368	acetylated_beyond_accessibility	-0.20132065
chr7	50246773	4.1271343	2.6360078	1.4911265	acetylated_beyond_accessibility	0.37705827
chr10	4867616	7.0850644	5.5936537	1.4914107	acetylated_beyond_accessibility	0.7117748
chr18	3624100	6.857514	5.3648386	1.4926753	acetylated_beyond_accessibility	0.46452045
chr22	19419292	6.8079348	5.314702	1.4932327	acetylated_beyond_accessibility	0.4524207
chr17	55817505	6.558198	5.0616627	1.4965353	acetylated_beyond_accessibility	0.010829449
chr20	56412302	6.9206715	5.4208164	1.499855	acetylated_beyond_accessibility	0.55635643
chr20	402112	6.6970344	5.194761	1.5022736	acetylated_beyond_accessibility	-0.0067396164
chr22	22636491	3.6109178	2.1067255	1.5041924	acetylated_beyond_accessibility	-0.7344146
chr18	618196	6.7499313	5.245457	1.5044742	acetylated_beyond_accessibility	0.6325021
chr7	42986984	6.6476884	5.140918	1.5067706	acetylated_beyond_accessibility	0.51329756
chr7	35161423	3.3322046	1.8197511	1.5124534	acetylated_beyond_accessibility	1.2024661
chr17	62172866	6.64379	5.125501	1.5182886	acetylated_beyond_accessibility	0.25028324
chr8	21960290	6.914731	5.394727	1.5200038	acetylated_beyond_accessibility	0.7960758
chr7	88690009	6.331502	4.8107705	1.5207314	acetylated_beyond_accessibility	0.5014267
chr10	7028244	6.612041	5.0909033	1.5211377	acetylated_beyond_accessibility	0.7680435
chr6	28616434	6.5567784	5.030285	1.5264935	acetylated_beyond_accessibility	0.633574
chr12	32005686	6.9650803	5.4305797	1.5345006	acetylated_beyond_accessibility	0.3192873
chr6	20458513	6.8265452	5.2917886	1.5347567	acetylated_beyond_accessibility	0.78972197
chr7	136245528	6.7627296	5.226927	1.5358028	acetylated_beyond_accessibility	0.13957262
chr7	106072247	6.7923446	5.25613	1.5362144	acetylated_beyond_accessibility	-0.047575474
chr6	13678286	6.669498	5.1322894	1.5372086	acetylated_beyond_accessibility	1.1631536
chr10	95532195	6.942157	5.395339	1.5468178	acetylated_beyond_accessibility	0.8321829
chr12	111994902	6.1903152	4.6389174	1.5513978	acetylated_beyond_accessibility	0.26905727
chr10	71980529	6.063785	4.5110455	1.5527396	acetylated_beyond_accessibility	0.4302864
chr20	22412019	6.902743	5.345678	1.557065	acetylated_beyond_accessibility	0.46051025
chr7	29793895	6.927558	5.3692465	1.5583115	acetylated_beyond_accessibility	0.18255138
chr6	3393159	6.954639	5.3932757	1.5613632	acetylated_beyond_accessibility	0.6604934
chr10	7007755	6.35437	4.7917633	1.5626068	acetylated_beyond_accessibility	0.3526106
chr7	8762984	6.879356	5.31635	1.5630059	acetylated_beyond_accessibility	0.37251234
chr6	15079435	6.5694814	5.005045	1.5644364	acetylated_beyond_accessibility	0.8087201
chr12	92403964	7.108244	5.5375295	1.5707145	acetylated_beyond_accessibility	0.67316914
chr17	28189679	5.8230457	4.249069	1.5739765	acetylated_beyond_accessibility	0.69647217
chr10	50550492	6.8741984	5.298985	1.5752134	acetylated_beyond_accessibility	1.0202861
chr10	15451354	7.088409	5.5121584	1.5762506	acetylated_beyond_accessibility	0.30982685
chr22	19891724	6.774224	5.196307	1.5779166	acetylated_beyond_accessibility	0.4278741
chr17	69047361	7.111512	5.5327864	1.5787258	acetylated_beyond_accessibility	0.60114384
chr7	126701228	6.776507	5.197381	1.5791259	acetylated_beyond_accessibility	0.57474184
chr12	108700228	6.6970344	5.1159716	1.5810628	acetylated_beyond_accessibility	0.7199712
chr6	37315014	6.8330317	5.2516947	1.581337	acetylated_beyond_accessibility	0.8929553
chr22	19397231	6.742881	5.159191	1.5836897	acetylated_beyond_accessibility	0.69877243
chr6	25910466	6.4297194	4.8458757	1.5838437	acetylated_beyond_accessibility	0.5682969
chr6	26331988	6.823286	5.23678	1.5865059	acetylated_beyond_accessibility	0.30673838
chr18	987772	6.452049	4.8647175	1.5873313	acetylated_beyond_accessibility	0.36368275
chr20	53175596	7.0030656	5.4152136	1.587852	acetylated_beyond_accessibility	1.0789256
chr21	14753960	7.20934	5.620665	1.588675	acetylated_beyond_accessibility	1.0461469
chr22	46604566	6.5889263	4.99683	1.5920963	acetylated_beyond_accessibility	1.1402755
chr10	23047676	6.931472	5.3363104	1.5951614	acetylated_beyond_accessibility	0.63648033
chr12	116559565	7.0290875	5.432229	1.5968585	acetylated_beyond_accessibility	0.4454589
chr6	20575620	6.3117347	4.712163	1.5995717	acetylated_beyond_accessibility	0.52893114
chr10	69316095	6.7730803	5.172651	1.6004295	acetylated_beyond_accessibility	1.0160508
chr8	93502227	6.8543544	5.2500877	1.6042666	acetylated_beyond_accessibility	0.4110942
chr17	58786203	6.761573	5.156462	1.6051106	acetylated_beyond_accessibility	0.3506837
chr18	1464404	6.274762	4.6659517	1.6088104	acetylated_beyond_accessibility	0.053325176
chr10	17662860	7.1123276	5.5035057	1.6088219	acetylated_beyond_accessibility	0.45848274
chr18	1002876	5.908083	4.29784	1.6102428	acetylated_beyond_accessibility	0.3764887
chr6	15905903	7.075809	5.462151	1.613658	acetylated_beyond_accessibility	0.2034297
chr7	22647650	6.163315	4.5486555	1.6146593	acetylated_beyond_accessibility	0.9344778
chr8	2733863	7.145196	5.5300694	1.6151266	acetylated_beyond_accessibility	0.67097425
chr12	52662506	7.183871	5.5662265	1.6176443	acetylated_beyond_accessibility	0.23606634
chr22	21784885	6.7381525	5.118725	1.6194277	acetylated_beyond_accessibility	0.6246333
chr10	73456389	6.9488974	5.3292856	1.6196117	acetylated_beyond_accessibility	0.7800522
chr8	26391226	6.8178306	5.191344	1.6264868	acetylated_beyond_accessibility	0.6404877
chr8	30731641	4.4886365	2.8542218	1.6344147	acetylated_beyond_accessibility	-0.21247077
chr7	87107404	6.7719355	5.1369743	1.6349611	acetylated_beyond_accessibility	0.4760599
chr10	22683506	7.044905	5.409246	1.6356592	acetylated_beyond_accessibility	0.6542163
chr6	7199058	6.8834624	5.2447453	1.6387172	acetylated_beyond_accessibility	0.82929087
chr6	83946582	3.9702919	2.3251958	1.6450961	acetylated_beyond_accessibility	0.4314971
chr17	28262312	4.1108737	2.4649506	1.6459231	acetylated_beyond_accessibility	0.48701143
chr6	26336724	7.0875735	5.440332	1.6472416	acetylated_beyond_accessibility	0.7167101
chr6	28566353	6.966967	5.3194284	1.6475387	acetylated_beyond_accessibility	0.19098902
chr6	26103973	6.8265452	5.178595	1.6479502	acetylated_beyond_accessibility	0.73339796
chr7	155324389	6.9353704	5.285488	1.6498823	acetylated_beyond_accessibility	0.4907136
chr12	117042492	6.96319	5.3115134	1.6516767	acetylated_beyond_accessibility	0.686471
chr6	150271596	7.070724	5.417836	1.6528878	acetylated_beyond_accessibility	0.5339036
chr17	40648124	6.9688506	5.314297	1.6545534	acetylated_beyond_accessibility	-0.6524892
chr8	9012151	6.6463904	4.9892383	1.6571522	acetylated_beyond_accessibility	0.19783354
chr18	9869991	7.0387836	5.3793793	1.6594043	acetylated_beyond_accessibility	0.6416998
chr6	70337638	7.044033	5.3832054	1.6608276	acetylated_beyond_accessibility	0.85040474
chr8	7362968	1.609438	-0.051552653	1.6609906	acetylated_beyond_accessibility	1.1534667
chr6	11931632	7.1356874	5.469084	1.6666036	acetylated_beyond_accessibility	0.35195017
chr12	32031311	7.0121155	5.3447742	1.6673412	acetylated_beyond_accessibility	0.56998396
chr6	105746760	5.8081427	4.136267	1.6718755	acetylated_beyond_accessibility	0.16191578
chr20	22914463	5.484797	3.806454	1.678343	acetylated_beyond_accessibility	0.6423013
chr7	111475330	7.09091	5.412058	1.6788521	acetylated_beyond_accessibility	0.48150396
chr12	104467583	6.8501263	5.1672077	1.6829185	acetylated_beyond_accessibility	0.6841459
chr6	26285694	6.838405	5.1524763	1.6859288	acetylated_beyond_accessibility	0.48922253
chr6	13979963	6.932448	5.2381544	1.6942935	acetylated_beyond_accessibility	0.26851988
chr8	129692983	6.946976	5.2500362	1.69694	acetylated_beyond_accessibility	0.5929327
chr18	35110722	6.8243737	5.1252365	1.6991372	acetylated_beyond_accessibility	0.7412586
chr6	84270219	7.080868	5.379544	1.701324	acetylated_beyond_accessibility	0.8403826
chr7	121076522	6.7345915	5.031928	1.7026634	acetylated_beyond_accessibility	1.0797839
chr6	72561138	7.1647205	5.458767	1.7059536	acetylated_beyond_accessibility	1.3028541
chr7	2023120	6.788972	5.0802975	1.7086744	acetylated_beyond_accessibility	0.7025604
chr8	104618082	6.9498563	5.2402134	1.7096429	acetylated_beyond_accessibility	0.54668474
chr6	14950794	6.1944056	4.484705	1.7097006	acetylated_beyond_accessibility	0.3036728
chr7	129958840	7.0656133	5.3535337	1.7120795	acetylated_beyond_accessibility	1.2579141
chr12	11799089	6.496775	4.7837496	1.7130256	acetylated_beyond_accessibility	-0.012296677
chr10	79178753	7.041412	5.328106	1.713306	acetylated_beyond_accessibility	0.40933514
chr12	56988449	6.982863	5.269358	1.7135048	acetylated_beyond_accessibility	0.7850089
chr12	113649406	7.1356874	5.4209867	1.7147007	acetylated_beyond_accessibility	0.90786934
chr8	90167927	7.049255	5.328577	1.7206779	acetylated_beyond_accessibility	1.4980221
chr6	47420805	7.0422864	5.317839	1.7244473	acetylated_beyond_accessibility	0.7135768
chr8	123167496	7.0405364	5.3152847	1.7252517	acetylated_beyond_accessibility	0.90688896
chr8	128177519	6.905753	5.1779113	1.7278419	acetylated_beyond_accessibility	0.41164255
chr6	2990884	6.865891	5.1367545	1.7291365	acetylated_beyond_accessibility	0.6278925
chr6	143808041	7.1623974	5.416211	1.7461863	acetylated_beyond_accessibility	0.22196388
chr7	73886472	7.072422	5.325979	1.7464428	acetylated_beyond_accessibility	-0.0035181046
chr8	124007166	6.8501263	5.1031003	1.747026	acetylated_beyond_accessibility	0.1498251
chr7	107836550	7.111512	5.359133	1.7523794	acetylated_beyond_accessibility	1.0696378
chr7	23802380	6.8987145	5.144251	1.7544637	acetylated_beyond_accessibility	0.39812088
chr10	16996471	6.89467	5.1401873	1.7544827	acetylated_beyond_accessibility	0.22669506
chr8	129558004	7.113956	5.3553114	1.7586446	acetylated_beyond_accessibility	0.7470732
chr6	160101619	6.921658	5.1599016	1.7617564	acetylated_beyond_accessibility	0.86864996
chr7	99833616	6.6080008	4.8458023	1.7621984	acetylated_beyond_accessibility	0.71264505
chr7	139091059	7.1292977	5.3624544	1.7668433	acetylated_beyond_accessibility	0.84247017
chr22	24729091	7.3297496	5.562873	1.7668767	acetylated_beyond_accessibility	0.3921752
chr8	90187863	6.84375	5.073409	1.7703409	acetylated_beyond_accessibility	0.7793708
chr10	21097859	6.976348	5.2053137	1.7710342	acetylated_beyond_accessibility	0.25550747
chr20	51033906	6.7464123	4.967889	1.7785234	acetylated_beyond_accessibility	0.46596813
chr12	93316139	7.1340938	5.3485546	1.7855392	acetylated_beyond_accessibility	1.0140281
chr12	4538777	6.985642	5.199456	1.7861857	acetylated_beyond_accessibility	-0.23903275
chr7	87140075	6.985642	5.1975403	1.7881017	acetylated_beyond_accessibility	0.32928228
chr7	30761221	7.2800083	5.468364	1.8116446	acetylated_beyond_accessibility	0.5601382
chr6	147162150	7.0544496	5.2366223	1.8178272	acetylated_beyond_accessibility	0.6001363
chr6	37302261	7.0596175	5.2354345	1.824183	acetylated_beyond_accessibility	1.2775235
chr7	5457660	7.021084	5.1903086	1.8307753	acetylated_beyond_accessibility	0.43025398
chr17	42312832	6.9772816	5.1437783	1.8335032	acetylated_beyond_accessibility	0.77132463
chr18	9009227	7.377759	5.5378866	1.8398724	acetylated_beyond_accessibility	0.7650137
chr7	12385562	7.257003	5.415867	1.841136	acetylated_beyond_accessibility	0.45389414
chr10	48470344	7.183871	5.3419085	1.8419623	acetylated_beyond_accessibility	0.27059078
chr7	129439118	7.044033	5.196535	1.8474979	acetylated_beyond_accessibility	1.1541276
chr7	139044487	6.930495	5.081745	1.8487496	acetylated_beyond_accessibility	0.5728717
chr7	6842528	3.583519	1.7306678	1.8528512	acetylated_beyond_accessibility	0.86746454
chr8	18122851	7.3225102	5.463073	1.8594375	acetylated_beyond_accessibility	0.8153553
chr7	106978771	7.1244783	5.261031	1.8634472	acetylated_beyond_accessibility	0.89601564
chr21	35027117	7.1876574	5.319986	1.8676715	acetylated_beyond_accessibility	0.19215393
chr6	26123061	6.929517	5.059808	1.869709	acetylated_beyond_accessibility	0.64348125
chr12	1304476	7.049255	5.177311	1.871944	acetylated_beyond_accessibility	0.043297768
chr12	54295880	7.3185396	5.445645	1.8728948	acetylated_beyond_accessibility	0.8396077
chr8	101198249	6.9810057	5.1065645	1.8744411	acetylated_beyond_accessibility	0.70319176
chr20	38948157	7.3408356	5.4647264	1.8761091	acetylated_beyond_accessibility	0.36502457
chr10	45848611	2.9957323	1.1174817	1.8782506	acetylated_beyond_accessibility	-0.14543945
chr17	996931	7.1499166	5.259977	1.8899398	acetylated_beyond_accessibility	-0.122159004
chr7	103996287	7.247081	5.3488226	1.8982582	acetylated_beyond_accessibility	0.66913176
chr6	44966947	6.8638034	4.9575686	1.9062347	acetylated_beyond_accessibility	0.43616533
chr7	44995316	7.094235	5.1852903	1.9089446	acetylated_beyond_accessibility	1.0309601
chr12	8317807	3.2580965	1.3480921	1.9100044	acetylated_beyond_accessibility	1.1511889
chr7	111438974	7.128496	5.2182198	1.9102764	acetylated_beyond_accessibility	0.6542454
chr12	33588386	7.341484	5.430135	1.9113493	acetylated_beyond_accessibility	0.6603551
chr7	5458164	7.1974354	5.279894	1.9175415	acetylated_beyond_accessibility	0.51974344
chr20	31675484	7.282761	5.3571167	1.9256444	acetylated_beyond_accessibility	0.85117674
chr12	131627271	3.9702919	2.03992	1.9303718	acetylated_beyond_accessibility	-0.56095815
chr17	36545719	6.886532	4.9543095	1.9322224	acetylated_beyond_accessibility	0.15916395
chr22	20867597	7.297091	5.3641157	1.9329753	acetylated_beyond_accessibility	0.29517984
chr17	55816804	7.174724	5.238994	1.93573	acetylated_beyond_accessibility	0.33011007
chr6	157515364	7.213032	5.2764416	1.9365902	acetylated_beyond_accessibility	0.88089705
chr8	127898755	7.3421316	5.4051905	1.9369411	acetylated_beyond_accessibility	0.6775136
chr10	46001523	7.3981743	5.4563613	1.941813	acetylated_beyond_accessibility	0.6778283
chr8	102591274	7.251345	5.3084574	1.9428878	acetylated_beyond_accessibility	0.5235667
chr6	163777501	7.2086005	5.2624574	1.9461432	acetylated_beyond_accessibility	1.2855687
chr6	125083317	6.9508147	5.0018635	1.9489512	acetylated_beyond_accessibility	1.1148605
chr21	29641982	7.2442274	5.2948184	1.949409	acetylated_beyond_accessibility	0.8091035
chr22	19723497	7.211557	5.248128	1.963429	acetylated_beyond_accessibility	0.5312915
chr12	51884793	6.7945867	4.8275967	1.96699	acetylated_beyond_accessibility	0.42367887
chr12	8325295	4.1743875	2.1876156	1.9867718	acetylated_beyond_accessibility	0.48146534
chr17	28173230	7.156956	5.16563	1.9913263	acetylated_beyond_accessibility	0.56702566
chr17	28865434	7.2654295	5.2681556	1.9972739	acetylated_beyond_accessibility	0.8670163
chr6	150272107	7.374629	5.376875	1.9977541	acetylated_beyond_accessibility	0.63570786
chr8	105329128	7.4366174	5.434834	2.0017834	acetylated_beyond_accessibility	0.9949322
chr7	107007522	7.3138866	5.3099136	2.003973	acetylated_beyond_accessibility	1.2999601
chr7	138257679	7.474205	5.4652557	2.0089493	acetylated_beyond_accessibility	0.8273239
chr6	38789560	4.828314	2.8096967	2.0186172	acetylated_beyond_accessibility	1.1992526
chr10	60978785	7.1981835	5.17214	2.0260434	acetylated_beyond_accessibility	0.46920395
chr6	51050443	7.3926477	5.3616076	2.0310402	acetylated_beyond_accessibility	0.9868798
chr22	39920413	6.905753	4.8746905	2.0310626	acetylated_beyond_accessibility	0.45351171
chr7	20219791	7.420579	5.3857393	2.0348396	acetylated_beyond_accessibility	0.7682471
chr6	137863405	7.3575563	5.3146863	2.04287	acetylated_beyond_accessibility	1.135684
chr21	35483402	7.0698743	5.0160108	2.0538635	acetylated_beyond_accessibility	0.5290632
chr6	16031396	7.358831	5.3034415	2.0553894	acetylated_beyond_accessibility	1.0418859
chr7	138352827	7.463937	5.3993387	2.064598	acetylated_beyond_accessibility	0.9911628
chr12	54304493	7.3920317	5.3245945	2.0674372	acetylated_beyond_accessibility	0.56585217
chr8	129582304	7.564757	5.496645	2.068112	acetylated_beyond_accessibility	0.64877033
chr6	49646397	7.440147	5.3701954	2.0699515	acetylated_beyond_accessibility	0.6948037
chr12	101407664	7.134891	5.054783	2.0801082	acetylated_beyond_accessibility	-0.005321026
chr12	116385980	7.506592	5.4163814	2.0902104	acetylated_beyond_accessibility	0.23484373
chr21	29649558	7.3645473	5.2728295	2.0917177	acetylated_beyond_accessibility	0.53369904
chr12	119665580	7.369601	5.277537	2.092064	acetylated_beyond_accessibility	1.1188989
chr20	31676228	7.481556	5.3875313	2.0940247	acetylated_beyond_accessibility	0.82072544
chr22	23223889	7.4436636	5.3477592	2.0959044	acetylated_beyond_accessibility	0.5940113
chr6	14734506	7.3607397	5.248766	2.1119738	acetylated_beyond_accessibility	0.5378933
chr22	20777957	7.422374	5.309552	2.1128216	acetylated_beyond_accessibility	0.7557831
chr8	128177016	7.4430785	5.3183146	2.124764	acetylated_beyond_accessibility	0.73826265
chr7	6992385	3.5553482	1.4252802	2.1300678	acetylated_beyond_accessibility	0.08703554
chr12	131711064	7.056175	4.919081	2.137094	acetylated_beyond_accessibility	-0.28350115
chr8	93551908	6.901737	4.75422	2.1475172	acetylated_beyond_accessibility	0.37227583
chr8	104622936	7.403061	5.2509303	2.1521306	acetylated_beyond_accessibility	0.630157
chr18	967242	7.002156	4.8212643	2.1808915	acetylated_beyond_accessibility	0.68674755
chr10	70667267	7.5632005	5.3765097	2.1866908	acetylated_beyond_accessibility	0.44011497
chr6	67888730	7.283448	5.088845	2.1946034	acetylated_beyond_accessibility	0.6621113
chr10	43418187	7.565275	5.370096	2.195179	acetylated_beyond_accessibility	0.88804054
chr20	47360809	7.425358	5.221987	2.203371	acetylated_beyond_accessibility	0.55202484
chr8	127960447	7.5948844	5.387285	2.2075992	acetylated_beyond_accessibility	1.2374377
chr17	62234321	5.3565865	3.137197	2.2193894	acetylated_beyond_accessibility	0.56357646
chr6	43926836	7.46451	5.228781	2.2357287	acetylated_beyond_accessibility	1.0223093
chr20	30682308	4.1431346	1.8855658	2.2575688	acetylated_beyond_accessibility	0.13285565
chr10	17426050	7.620705	5.358567	2.262138	acetylated_beyond_accessibility	0.8964548
chr6	37183415	7.6797137	5.4174113	2.2623024	acetylated_beyond_accessibility	0.23023939
chr18	3652992	7.550135	5.2861524	2.2639828	acetylated_beyond_accessibility	1.7183461
chr8	23494120	7.4832444	5.216141	2.2671032	acetylated_beyond_accessibility	0.4550662
chr8	42052271	7.3951077	5.1275525	2.2675552	acetylated_beyond_accessibility	-0.13822031
chr7	64999700	7.573531	5.303566	2.2699652	acetylated_beyond_accessibility	1.265471
chr17	49739906	7.5475016	5.273758	2.2737436	acetylated_beyond_accessibility	1.2395306
chr12	93922698	6.350886	4.0688214	2.2820644	acetylated_beyond_accessibility	0.72036743
chr7	138333031	4.7004805	2.4160013	2.2844791	acetylated_beyond_accessibility	0.26388288
chr17	74514507	5.638355	3.3351412	2.3032136	acetylated_beyond_accessibility	1.3377528
chr7	30594607	7.6852436	5.3814125	2.303831	acetylated_beyond_accessibility	0.104162216
chr17	42320110	7.8387375	5.5299497	2.3087878	acetylated_beyond_accessibility	0.4872074
chr7	116877187	7.5147996	5.1946764	2.3201232	acetylated_beyond_accessibility	1.8121848
chr20	33732024	7.6118426	5.268173	2.3436694	acetylated_beyond_accessibility	-0.29887533
chr10	72272771	7.493874	5.1445417	2.3493323	acetylated_beyond_accessibility	1.1627369
chr6	119542278	6.7464123	4.383039	2.3633733	acetylated_beyond_accessibility	0.83369017
chr7	121038817	7.6043963	5.23324	2.3711562	acetylated_beyond_accessibility	1.1729293
chr12	62910725	7.388946	5.0066442	2.3823018	acetylated_beyond_accessibility	0.7040014
chr18	9877381	7.761745	5.369231	2.3925138	acetylated_beyond_accessibility	1.5062723
chr6	135323386	7.930566	5.517641	2.4129248	acetylated_beyond_accessibility	0.5778117
chr10	71946226	5.57973	3.1572886	2.4224415	acetylated_beyond_accessibility	-0.57110405
chr17	62226817	3.1354942	0.7103365	2.4251578	acetylated_beyond_accessibility	0.6396139
chr6	109304611	7.779467	5.3413696	2.4380975	acetylated_beyond_accessibility	0.8741212
chr8	143205952	3.4339871	0.99365485	2.4403324	acetylated_beyond_accessibility	0.49811447
chr21	34908591	7.9676266	5.5133886	2.454238	acetylated_beyond_accessibility	0.90439844
chr10	50327031	7.777374	5.297181	2.4801927	acetylated_beyond_accessibility	0.98156166
chr10	72320889	7.6591716	5.1677837	2.4913878	acetylated_beyond_accessibility	1.0471525
chr10	61765833	8.002359	5.5076537	2.4947057	acetylated_beyond_accessibility	0.945848
chr6	104675324	4.5217886	2.016311	2.5054777	acetylated_beyond_accessibility	0.51483464
chr10	45470569	8.014336	5.4395943	2.5747414	acetylated_beyond_accessibility	0.4279766
chr17	42388559	7.8690195	5.2482033	2.6208162	acetylated_beyond_accessibility	-0.09985304
chr17	646049	4.8202815	2.1986685	2.621613	acetylated_beyond_accessibility	2.8662534
chr6	146876621	7.984803	5.3135023	2.671301	acetylated_beyond_accessibility	0.92453957
chr7	106569201	8.024207	5.2758255	2.7483816	acetylated_beyond_accessibility	1.3780246
chr7	6995807	5.247024	2.4934087	2.7536154	acetylated_beyond_accessibility	-0.39496398
chr7	16269089	8.138272	5.378381	2.7598915	acetylated_beyond_accessibility	0.66813326
chr20	29629575	4.248495	1.3820317	2.8664634	acetylated_beyond_accessibility	0.8018615
chr7	150960302	7.9820747	5.065546	2.9165287	acetylated_beyond_accessibility	1.121386
chr18	3603396	8.232174	5.200759	3.031415	acetylated_beyond_accessibility	1.4454947
chr6	67889255	8.334231	4.9953723	3.338859	acetylated_beyond_accessibility	1.391026
chr20	64303260	3.9512436	0.5975599	3.3536837	acetylated_beyond_accessibility	1.2972705
