chr	center	observed_log	atac_pred_log	true_residual	class	sequence5p_residual	multimodal5p_residual	residual5p_residual
chr7	143620965	0.0	5.372001	-5.372001	accessible_not_acetylated	-1.990777	-0.039882183	-0.9814129
chr22	23966837	0.0	4.886141	-4.886141	accessible_not_acetylated	0.07644987	-0.18128967	-0.15022564
chr17	50560867	0.0	4.726606	-4.726606	accessible_not_acetylated	-2.2820408	-1.7705526	-1.3281054
chr7	74788767	0.6931472	5.157537	-4.46439	accessible_not_acetylated	-1.509582	-1.2693124	-1.3387928
chr8	142614536	0.0	4.3357954	-4.3357954	accessible_not_acetylated	-2.0867894	-1.8101122	-1.271085
chr7	143836704	1.0986123	5.4295645	-4.330952	accessible_not_acetylated	-1.3565655	0.31766987	-0.7864628
chr7	75237802	0.0	4.327964	-4.327964	accessible_not_acetylated	0.38278103	0.13237095	-0.43370724
chr21	8989412	1.3862944	5.6453266	-4.2590322	accessible_not_acetylated	-2.5116203	0.4188261	0.15723705
chr12	82686982	0.6931472	4.890962	-4.197815	accessible_not_acetylated	-1.9255421	-1.3758478	-1.1266799
chr22	21467169	0.0	4.1505194	-4.1505194	accessible_not_acetylated	-2.0450885	-0.26046133	-0.52501035
chr12	109714334	0.6931472	4.8075433	-4.114396	accessible_not_acetylated	-3.1141205	-1.889811	-1.3936996
chr7	73123888	0.6931472	4.78607	-4.0929227	accessible_not_acetylated	-2.659101	-0.41188812	-0.295187
chr7	73235371	1.0986123	5.142604	-4.0439916	accessible_not_acetylated	-1.7931371	-1.326519	-1.3559422
chr7	44036574	0.0	3.9589758	-3.9589758	accessible_not_acetylated	-1.2934945	-0.10807085	-0.45510387
chr17	46590668	0.0	3.898624	-3.898624	accessible_not_acetylated	-1.0233939	-0.47686434	-0.22655845
chr22	18906222	0.0	3.8884692	-3.8884692	accessible_not_acetylated	0.43888712	-0.0837841	-0.5162642
chr7	150110544	0.0	3.8574278	-3.8574278	accessible_not_acetylated	-1.2119324	-1.5779295	-1.1205459
chr17	8885963	0.0	3.8542051	-3.8542051	accessible_not_acetylated	-1.8374577	-1.9373008	-2.7848554
chr21	34375464	0.0	3.8501055	-3.8501055	accessible_not_acetylated	0.7665522	-0.12442136	0.31475234
chr21	8992210	2.0794415	5.8907337	-3.8112922	accessible_not_acetylated	-2.7689145	0.7572789	0.21576786
chr21	8420160	1.609438	5.359061	-3.7496228	accessible_not_acetylated	-2.8260782	0.45140553	0.562593
chr12	46358319	1.609438	5.3545694	-3.7451315	accessible_not_acetylated	-3.3721027	-0.50643826	-0.0050578117
chr8	28623020	1.609438	5.3359	-3.726462	accessible_not_acetylated	-1.3087082	-1.4256742	-0.82803154
chr22	18528689	1.0986123	4.7844663	-3.685854	accessible_not_acetylated	-2.5663745	0.12467766	-1.5244529
chr21	8990385	2.1972246	5.8586173	-3.6613927	accessible_not_acetylated	-2.6913974	0.1817708	0.36630106
chr7	102517778	0.0	3.6413314	-3.6413314	accessible_not_acetylated	-0.97799945	-1.1938455	-0.5960636
chr21	8996199	2.0794415	5.701542	-3.6221004	accessible_not_acetylated	-2.9572663	-0.22362947	0.15538883
chr21	43076392	0.6931472	4.3121214	-3.6189742	accessible_not_acetylated	-1.1844158	-0.71310306	-1.0207968
chr7	102592752	1.0986123	4.709709	-3.6110969	accessible_not_acetylated	-2.3094487	-0.13079834	-0.6157656
chr21	8988855	0.6931472	4.299585	-3.6064377	accessible_not_acetylated	0.017872334	1.0103974	0.3518877
chr21	6467633	0.6931472	4.2947197	-3.6015725	accessible_not_acetylated	-0.68018055	-0.73611045	-0.995805
chr7	102490732	0.6931472	4.270091	-3.5769439	accessible_not_acetylated	-1.6799254	0.06903458	-0.41355133
chr21	45643374	1.0986123	4.6487017	-3.5500894	accessible_not_acetylated	-0.25258636	-2.7060213	-1.725121
chr7	73154911	1.609438	5.153964	-3.544526	accessible_not_acetylated	-0.16178179	-0.43231773	-0.41002846
chr8	37695623	1.609438	5.129504	-3.5200663	accessible_not_acetylated	-2.8043752	-1.6964812	-1.4279056
chr7	29680800	1.0986123	4.609047	-3.5104346	accessible_not_acetylated	-2.1480017	-0.4319725	0.068579674
chr22	21514503	1.0986123	4.597811	-3.499199	accessible_not_acetylated	-1.5039577	0.85853815	0.33350134
chr18	26197296	0.0	3.4955425	-3.4955425	accessible_not_acetylated	-0.9340286	-0.4913156	-0.30493927
chr21	8994141	2.7080503	6.1954765	-3.4874263	accessible_not_acetylated	-4.493844	-0.7893872	0.10686493
chr17	63476966	0.6931472	4.179698	-3.4865508	accessible_not_acetylated	-2.5885055	-1.8677936	-1.5009952
chr22	21424533	0.6931472	4.1770363	-3.483889	accessible_not_acetylated	-1.6178067	0.5644264	-0.2838819
chr18	67516819	1.3862944	4.8316765	-3.445382	accessible_not_acetylated	-1.1301296	-1.8442221	-0.6734319
chr10	116742868	1.0986123	4.5410542	-3.442442	accessible_not_acetylated	-2.1206217	-1.7657573	-1.2557125
chr22	18970685	1.0986123	4.530067	-3.4314547	accessible_not_acetylated	-2.1770728	-0.8599186	-1.1060648
chr12	70366240	1.3862944	4.8113976	-3.4251032	accessible_not_acetylated	-2.343463	-2.0780978	-1.2362437
chr12	125186310	0.0	3.4094715	-3.4094715	accessible_not_acetylated	-2.271347	-1.325028	-1.205538
chr7	76514994	0.0	3.4036062	-3.4036062	accessible_not_acetylated	-1.2816148	-0.9915402	-0.71053195
chr10	75409105	1.609438	5.0048003	-3.3953624	accessible_not_acetylated	-2.1013238	-1.2849088	-0.87765837
chr6	127516296	0.0	3.3890364	-3.3890364	accessible_not_acetylated	-0.9610317	-1.9466608	-1.425757
chr17	50560058	1.3862944	4.77094	-3.3846455	accessible_not_acetylated	-0.82832766	-0.77828026	-0.4394288
chr20	10674001	1.3862944	4.7704945	-3.3842	accessible_not_acetylated	-1.0912747	-1.7018235	-0.5912814
chr17	46260077	0.0	3.3607712	-3.3607712	accessible_not_acetylated	-1.6978027	-1.1158051	-0.8560426
chr6	31272155	1.0986123	4.438139	-3.3395267	accessible_not_acetylated	-0.7043624	-1.0247586	-0.3036685
chr18	12227575	0.0	3.3358312	-3.3358312	accessible_not_acetylated	-0.85563755	0.34573293	0.06647992
chr10	133351835	0.6931472	4.009664	-3.3165169	accessible_not_acetylated	-2.4767299	-1.8705883	-0.95788
chr18	61894444	0.0	3.306856	-3.306856	accessible_not_acetylated	-0.8780441	-1.7193838	-1.1525953
chr17	44308567	0.6931472	3.9688964	-3.2757492	accessible_not_acetylated	-1.8865597	-1.3807821	-1.0896025
chr17	18563558	0.0	3.2507372	-3.2507372	accessible_not_acetylated	-0.90561867	-0.708128	-0.31997776
chr8	47188919	0.0	3.2363505	-3.2363505	accessible_not_acetylated	-0.88812876	-1.5427551	-1.1301799
chr22	18527801	0.6931472	3.9184508	-3.2253036	accessible_not_acetylated	-1.7181995	-0.102039814	-0.48071575
chr6	166628074	1.609438	4.834222	-3.224784	accessible_not_acetylated	-0.77146053	-1.2581599	-0.60090494
chr6	11538226	1.3862944	4.603312	-3.2170177	accessible_not_acetylated	-1.6777327	-1.7109599	-1.4494715
chr21	45973940	1.3862944	4.585959	-3.1996646	accessible_not_acetylated	-1.2901692	-1.0345273	-0.9266772
chr10	46598002	0.0	3.1445131	-3.1445131	accessible_not_acetylated	-0.59299135	-0.5634353	-0.38157678
chr21	8993207	2.7725887	5.9061313	-3.1335425	accessible_not_acetylated	-3.581721	0.014719009	-0.009022713
chr22	20270385	1.609438	4.727311	-3.1178732	accessible_not_acetylated	-2.056572	-0.9701462	-0.6766982
chr22	18529207	1.9459102	5.054198	-3.1082876	accessible_not_acetylated	-1.9450729	-0.16506672	-1.4937654
chr7	74964486	1.9459102	5.045675	-3.0997646	accessible_not_acetylated	-0.39273357	-0.15459967	-0.02147007
chr6	3752026	0.0	3.0842357	-3.0842357	accessible_not_acetylated	1.9192305	-1.7299409	-0.8060219
chr12	64780641	0.0	3.0828853	-3.0828853	accessible_not_acetylated	-1.3586543	-1.491584	-0.6655643
chr7	144355395	0.0	3.0680885	-3.0680885	accessible_not_acetylated	1.2937493	-0.4986291	0.08328509
chr7	102671756	1.7917595	4.853149	-3.0613894	accessible_not_acetylated	-1.1280305	0.7177782	0.6787796
chr7	5898689	2.3978953	5.4503875	-3.0524921	accessible_not_acetylated	-0.54863024	-0.26452494	0.21201944
chr12	66968	1.3862944	4.43629	-3.0499954	accessible_not_acetylated	-2.930396	-1.1856794	-0.8601756
chr7	158587786	0.6931472	3.7390857	-3.0459385	accessible_not_acetylated	-1.2322037	-2.0062976	-1.0102484
chr22	33921174	0.0	3.0219514	-3.0219514	accessible_not_acetylated	0.54328156	-1.0518532	-0.7789283
chr22	17121058	0.0	3.0203507	-3.0203507	accessible_not_acetylated	-1.8828363	-1.9279459	-1.6094646
chr10	12349371	1.0986123	4.1172986	-3.0186863	accessible_not_acetylated	-1.9294169	-1.8418689	-1.0012012
chr12	62435858	1.609438	4.622783	-3.0133452	accessible_not_acetylated	-2.7401094	-1.611794	-0.8818798
chr10	87301626	0.6931472	3.7061853	-3.0130382	accessible_not_acetylated	-0.7401993	-0.14872408	-0.09620595
chr7	75991145	1.609438	4.6165624	-3.0071244	accessible_not_acetylated	-2.511576	-1.1670113	-0.66122127
chr8	544953	0.0	2.9992945	-2.9992945	accessible_not_acetylated	1.4829547	-1.0556278	-1.2298195
chr17	7717512	1.609438	4.602421	-2.9929829	accessible_not_acetylated	-1.9249914	-1.4514523	-1.1172924
chr7	73191059	1.609438	4.597641	-2.988203	accessible_not_acetylated	-0.7336049	1.0546579	0.41935253
chr7	73157646	1.9459102	4.9326396	-2.9867294	accessible_not_acetylated	-1.8711691	0.050691128	0.057744026
chr18	24014536	1.0986123	4.0836744	-2.9850621	accessible_not_acetylated	-0.26124	-2.0476618	-0.47383213
chr7	74773961	0.0	2.9849648	-2.9849648	accessible_not_acetylated	0.16403413	-0.10818052	-0.0075936317
chr8	11466999	1.3862944	4.366286	-2.9799914	accessible_not_acetylated	-0.9687996	-0.68864536	-0.7679138
chr21	43044710	0.0	2.9792478	-2.9792478	accessible_not_acetylated	-0.7044854	-0.6344969	-0.29122782
chr7	122887437	0.6931472	3.6547995	-2.9616523	accessible_not_acetylated	-0.4856875	-0.36949444	-0.12336159
chr7	143837431	1.3862944	4.3476005	-2.961306	accessible_not_acetylated	-0.81115174	0.19044209	-0.5781114
chr8	94948813	1.609438	4.568979	-2.9595408	accessible_not_acetylated	-0.3606143	-1.4618807	-0.8514209
chr7	123612225	0.0	2.95747	-2.95747	accessible_not_acetylated	0.071474075	0.43293905	0.3762076
chr17	79991794	0.0	2.9563375	-2.9563375	accessible_not_acetylated	-0.78451586	-0.56879854	-1.0107181
chr8	141445086	0.0	2.9473991	-2.9473991	accessible_not_acetylated	-0.9807571	-0.8801451	-0.75359607
chr17	46361810	1.3862944	4.3318133	-2.945519	accessible_not_acetylated	-0.004111767	0.28334856	-0.1729703
chr7	102642791	0.0	2.9428399	-2.9428399	accessible_not_acetylated	-0.52252674	-0.9834094	-0.7045772
chr17	68049219	0.6931472	3.6357107	-2.9425635	accessible_not_acetylated	-1.6515805	0.112782	0.020140648
chr20	21506325	0.6931472	3.6263516	-2.9332044	accessible_not_acetylated	-0.7397599	-1.5368547	-0.92411995
chr18	67516136	1.3862944	4.313281	-2.9269867	accessible_not_acetylated	-0.8958354	-1.4517086	-0.58783984
chr17	19063720	0.6931472	3.6194534	-2.9263062	accessible_not_acetylated	0.89667606	-0.3740759	0.033751965
chr17	81741432	1.609438	4.5317154	-2.9222775	accessible_not_acetylated	-3.3746307	-1.547914	-1.2438626
chr10	75402078	1.3862944	4.306264	-2.9199696	accessible_not_acetylated	-2.011147	-1.0300333	-0.87582874
chr12	49539066	0.6931472	3.606721	-2.9135737	accessible_not_acetylated	-2.5721288	-1.3839865	-1.3785896
chr7	29680159	1.609438	4.519925	-2.9104872	accessible_not_acetylated	-1.9897931	0.011518478	0.18324041
chr22	21363107	1.0986123	4.0047007	-2.9060884	accessible_not_acetylated	-1.3346345	-0.68793964	0.13707066
chr8	119863184	0.0	2.905938	-2.905938	accessible_not_acetylated	-0.2791686	-0.8532789	-0.36698318
chr18	32470696	1.609438	4.5141854	-2.9047475	accessible_not_acetylated	-2.1139643	-1.175036	-0.9680748
chr6	43617898	1.7917595	4.6892457	-2.8974862	accessible_not_acetylated	-2.264389	-0.5423684	-0.29916573
chr8	67952251	0.0	2.8957133	-2.8957133	accessible_not_acetylated	-1.0548737	-1.6474712	-0.8346276
chr17	8885354	0.6931472	3.5831184	-2.8899713	accessible_not_acetylated	-1.4946179	-1.5313592	-2.4776998
chr8	144397053	1.609438	4.496849	-2.887411	accessible_not_acetylated	-1.9586892	-1.670604	-1.142453
chr17	45405477	1.3862944	4.2662935	-2.8799992	accessible_not_acetylated	-1.7765691	-1.8745828	-1.2878094
chr8	142475726	1.0986123	3.9749203	-2.876308	accessible_not_acetylated	-0.42000365	-0.91328955	-1.1865687
chr18	48410411	1.0986123	3.9738457	-2.8752334	accessible_not_acetylated	-1.1622739	-1.7471039	-0.9064338
chr12	106247750	0.0	2.8739448	-2.8739448	accessible_not_acetylated	-0.99578464	-2.1173606	-1.2690867
chr7	5451008	0.6931472	3.5666327	-2.8734856	accessible_not_acetylated	-1.0364332	-1.0249934	-0.66971684
chr12	48183491	1.0986123	3.9677773	-2.869165	accessible_not_acetylated	-1.2723987	-0.12690449	-0.39847064
chr6	47309174	1.9459102	4.8121753	-2.866265	accessible_not_acetylated	-2.4161046	-1.1646502	-1.2805872
chr20	62220145	0.0	2.8581343	-2.8581343	accessible_not_acetylated	-1.0658691	-1.2338154	-1.3415716
chr10	96514212	1.609438	4.4642735	-2.8548355	accessible_not_acetylated	-1.8736229	-1.490202	-0.88683724
chr17	35764247	1.9459102	4.7995405	-2.8536303	accessible_not_acetylated	-3.393898	-1.3833404	-1.314817
chr18	36297101	1.0986123	3.9522367	-2.8536243	accessible_not_acetylated	-0.95876694	-0.27364755	-0.9076903
chr20	2692891	0.0	2.8532073	-2.8532073	accessible_not_acetylated	-1.0369457	-1.8032924	-0.9441757
chr22	18573814	2.0794415	4.931902	-2.8524604	accessible_not_acetylated	-2.2511303	0.55652046	-0.21751261
chr6	150072371	0.0	2.8454173	-2.8454173	accessible_not_acetylated	0.552649	0.32505202	-0.06971717
chr10	117241870	0.0	2.8379343	-2.8379343	accessible_not_acetylated	-0.69848156	-1.1122091	-0.9939592
chr7	1666012	0.6931472	3.5297148	-2.8365676	accessible_not_acetylated	-2.1418743	-1.7134882	-1.1560452
chr17	19108711	0.0	2.8248365	-2.8248365	accessible_not_acetylated	-0.097821474	0.5440538	0.17955208
chr10	119029708	2.0794415	4.9039316	-2.82449	accessible_not_acetylated	-2.2812827	-1.099448	-0.899065
chr18	47025128	0.6931472	3.5062146	-2.8130674	accessible_not_acetylated	-1.0808568	-0.29559374	-0.13763857
chr21	8991504	1.9459102	4.7423286	-2.7964184	accessible_not_acetylated	-1.9185319	1.1422439	0.12598515
chr7	24757772	0.6931472	3.4884377	-2.7952905	accessible_not_acetylated	-0.6532779	-1.5654116	-0.9281752
chr7	5302803	0.6931472	3.485561	-2.7924137	accessible_not_acetylated	-1.4885269	-1.3966277	-0.6040447
chr8	80578510	0.0	2.7920365	-2.7920365	accessible_not_acetylated	-0.4633634	-1.8548754	-1.2493236
chr20	37903052	0.6931472	3.484266	-2.7911189	accessible_not_acetylated	-0.2602167	-1.7186074	-1.0783498
chr17	36935081	0.0	2.790872	-2.790872	accessible_not_acetylated	1.120167	-1.0353341	-0.4071896
chr20	63179238	0.0	2.7886724	-2.7886724	accessible_not_acetylated	0.10307145	-1.6762056	-0.9103519
chr21	44241004	0.0	2.787731	-2.787731	accessible_not_acetylated	0.55980515	-2.1666694	-1.5055399
chr7	76438061	0.0	2.7767591	-2.7767591	accessible_not_acetylated	0.118181705	-0.09177542	-0.34122562
chr17	8121749	2.4849067	5.254184	-2.769277	accessible_not_acetylated	-3.8162215	-1.9307094	-1.3611631
chr8	143953435	3.218876	5.9880652	-2.7691894	accessible_not_acetylated	-3.5631983	-1.888032	-1.6068969
chr12	26833252	2.3978953	5.166335	-2.7684398	accessible_not_acetylated	-1.9161503	-0.82746077	-0.7404089
chr22	50600486	0.0	2.765154	-2.765154	accessible_not_acetylated	-0.67967916	-1.8287886	-0.88473856
chr17	46979264	0.0	2.7525966	-2.7525966	accessible_not_acetylated	-0.7030263	-1.6355836	-1.2881539
chr17	46851389	0.6931472	3.4436803	-2.750533	accessible_not_acetylated	-0.81811094	-2.034772	-1.0521665
chr10	132389223	0.0	2.7500172	-2.7500172	accessible_not_acetylated	-0.47846365	-0.7335191	-0.23434663
chr12	44876274	1.3862944	4.135678	-2.7493834	accessible_not_acetylated	-1.6831052	-1.5136628	-1.0608697
chr6	167834285	2.9957323	5.7381043	-2.742372	accessible_not_acetylated	-3.5179002	-1.3888679	-0.21021271
chr12	122865839	1.0986123	3.8402576	-2.7416453	accessible_not_acetylated	-0.5407417	-0.84029245	-0.6381326
chr6	170423290	0.0	2.7408574	-2.7408574	accessible_not_acetylated	0.52784085	-0.7545924	-0.3568306
chr7	102289962	0.0	2.7342257	-2.7342257	accessible_not_acetylated	-0.3266418	-0.50105095	-0.55846834
chr17	81961285	1.3862944	4.119906	-2.7336116	accessible_not_acetylated	-2.3223405	-1.7802348	-1.1421242
chr12	49975382	0.0	2.7283483	-2.7283483	accessible_not_acetylated	-0.24409461	-0.6732731	-0.5128827
chr20	63135012	0.6931472	3.4212177	-2.7280705	accessible_not_acetylated	-1.6377134	-2.6086836	-2.8946984
chr12	49342652	2.3978953	5.1207013	-2.722806	accessible_not_acetylated	-2.702723	-1.1798201	-1.118134
chr22	21468455	3.0445225	5.766761	-2.7222383	accessible_not_acetylated	-3.2233002	-0.7576575	-1.6360607
chr7	1670146	0.0	2.7202222	-2.7202222	accessible_not_acetylated	0.81442666	-1.6075995	-0.96789277
chr6	41734306	1.9459102	4.663719	-2.717809	accessible_not_acetylated	-1.9363973	-1.1361468	-1.294107
chr22	19037128	1.7917595	4.508298	-2.7165384	accessible_not_acetylated	-1.989609	0.10618067	-0.3663807
chr12	42483824	1.9459102	4.6621513	-2.7162411	accessible_not_acetylated	-2.4765153	-0.962399	-1.1012378
chr10	75408359	1.0986123	3.8137143	-2.715102	accessible_not_acetylated	-0.5761483	-0.949152	-0.7627971
chr18	46964526	0.0	2.7114718	-2.7114718	accessible_not_acetylated	-0.8777089	-1.5341724	-0.62901616
chr17	74972780	1.0986123	3.809133	-2.7105207	accessible_not_acetylated	-0.16146493	-1.3294334	-0.65375066
chr7	116525535	2.5649493	5.266405	-2.7014558	accessible_not_acetylated	-2.3939319	-0.51472664	-0.8400531
chr7	158588323	1.0986123	3.7942662	-2.695654	accessible_not_acetylated	-1.1945467	-1.9618398	-0.78290844
chr6	56844284	0.6931472	3.3882806	-2.6951334	accessible_not_acetylated	-1.1345973	-0.9012687	-0.9583721
chr7	5296901	1.609438	4.3030243	-2.6935863	accessible_not_acetylated	-2.1512265	-1.2730756	-0.96381545
chr7	67364322	0.6931472	3.385453	-2.6923058	accessible_not_acetylated	-1.3183801	-1.3515089	-0.6273625
chr22	41926806	1.3862944	4.076312	-2.6900177	accessible_not_acetylated	-2.5903316	-1.5042114	-1.1023188
chr6	31982056	0.0	2.6899812	-2.6899812	accessible_not_acetylated	-0.1043551	-0.069067	-0.043922663
chr12	9752031	2.4849067	5.1736326	-2.688726	accessible_not_acetylated	-3.5758772	-0.7838783	-0.08090496
chr7	120857022	2.7080503	5.395991	-2.6879406	accessible_not_acetylated	-2.410501	-0.76461554	-0.5471368
chr21	44107367	0.6931472	3.3726726	-2.6795254	accessible_not_acetylated	1.5136275	0.58780885	-0.14411378
chr10	28302834	2.3025851	4.980535	-2.67795	accessible_not_acetylated	-2.5755048	-1.1326928	-1.2279177
chr17	8119744	2.944439	5.617916	-2.6734772	accessible_not_acetylated	-2.4482024	-0.35898829	0.026777744
chr7	3301262	0.0	2.6721673	-2.6721673	accessible_not_acetylated	-0.022342205	-1.2060926	-0.8174896
chr8	28494321	1.7917595	4.462918	-2.6711583	accessible_not_acetylated	-2.4247715	-1.4668653	-0.763824
chr10	103452405	0.0	2.6662767	-2.6662767	accessible_not_acetylated	-0.7092099	-1.2369843	-1.0028536
chr7	149813291	0.6931472	3.3572912	-2.664144	accessible_not_acetylated	-1.3234665	-0.530005	-0.6176493
chr6	88166035	0.0	2.6617906	-2.6617906	accessible_not_acetylated	1.3094375	-1.3858894	-0.5616243
chr7	102672923	0.6931472	3.3544803	-2.661333	accessible_not_acetylated	-1.6765038	0.3630023	-0.44591856
chr17	35764764	1.7917595	4.452449	-2.6606894	accessible_not_acetylated	-3.0522528	-1.1004796	-1.2342873
chr20	53594097	3.218876	5.8789015	-2.6600256	accessible_not_acetylated	-1.9782293	-1.4886765	-0.8367233
chr22	19036052	2.5649493	5.2225614	-2.657612	accessible_not_acetylated	-3.2249923	-0.98099375	-0.47891378
chr7	87220203	2.8332133	5.4857845	-2.6525712	accessible_not_acetylated	-1.3966208	-0.5364537	-0.4727211
chr6	99603513	1.7917595	4.4413743	-2.6496148	accessible_not_acetylated	-0.8503549	-0.7657597	-0.46897483
chr6	125749572	2.7725887	5.4168115	-2.6442227	accessible_not_acetylated	-0.8823352	-0.7735224	-0.7475972
chr17	83098015	0.0	2.6423619	-2.6423619	accessible_not_acetylated	-0.8876538	-0.7173896	-0.82498693
chr17	38604757	1.609438	4.250013	-2.640575	accessible_not_acetylated	-2.2204058	-1.6471834	-1.1372452
chr22	19953141	2.1972246	4.8374453	-2.6402206	accessible_not_acetylated	-2.2386966	-1.0847831	-0.43326664
chr12	123409310	1.0986123	3.7382283	-2.639616	accessible_not_acetylated	-0.8485093	-0.05773306	-0.07325292
chr7	87475743	0.0	2.6384358	-2.6384358	accessible_not_acetylated	-0.22579074	-0.96667635	-0.7461817
chr22	41926201	1.7917595	4.429978	-2.6382184	accessible_not_acetylated	-2.5643606	-1.4486742	-0.9540882
chr12	3300070	0.0	2.6373265	-2.6373265	accessible_not_acetylated	-0.13570356	-0.46238732	0.006590128
chr10	87436344	1.0986123	3.728653	-2.6300406	accessible_not_acetylated	-1.2527804	-0.53301907	-0.22976875
chr12	113093086	1.0986123	3.7248454	-2.626233	accessible_not_acetylated	-0.44093442	-0.87739706	-0.7335434
chr18	37485377	0.6931472	3.3149502	-2.621803	accessible_not_acetylated	0.6699405	-0.78038955	-0.26800036
chr6	166627491	1.9459102	4.566521	-2.620611	accessible_not_acetylated	-0.90937567	-1.4544525	-1.2710094
chr7	1369090	1.609438	4.228921	-2.619483	accessible_not_acetylated	-2.5545216	-2.363903	-1.6776047
chr6	132819707	2.8332133	5.4524145	-2.6192012	accessible_not_acetylated	-2.699381	-0.111246586	0.3169694
chr8	106270388	2.8332133	5.451258	-2.6180449	accessible_not_acetylated	-2.5201404	-1.6382403	-1.1937919
chr12	123151133	2.5649493	5.1828303	-2.617881	accessible_not_acetylated	-3.3721175	-1.2904706	-1.0139794
chr10	113679718	2.0794415	4.691614	-2.6121726	accessible_not_acetylated	-2.3371646	-1.5965846	-1.0746295
chr7	28179871	0.0	2.6096973	-2.6096973	accessible_not_acetylated	-1.1326106	-1.0363163	-0.9240823
chr20	59515199	0.0	2.6071796	-2.6071796	accessible_not_acetylated	-0.33177233	-0.68728113	-0.5355444
chr6	31529102	2.4849067	5.089366	-2.6044593	accessible_not_acetylated	-2.2053359	0.011143208	-0.1450386
chr22	15775829	0.0	2.6035895	-2.6035895	accessible_not_acetylated	-1.1012062	-0.9370477	-0.8729639
chr6	42453255	2.0794415	4.682557	-2.6031156	accessible_not_acetylated	-0.9946499	-1.5236211	-0.93965316
chr8	93917760	1.3862944	3.9857943	-2.5995	accessible_not_acetylated	-1.3869722	-1.5166657	-0.75273204
chr22	32207053	0.0	2.5965083	-2.5965083	accessible_not_acetylated	0.3801496	-0.85893726	-0.49701548
chr17	50596800	0.0	2.5959706	-2.5959706	accessible_not_acetylated	-0.7024696	-0.7506232	-0.50871825
chr7	520271	1.7917595	4.381651	-2.5898914	accessible_not_acetylated	-2.358078	-1.3581204	-1.2989526
chr20	50794904	2.0794415	4.662497	-2.5830555	accessible_not_acetylated	-2.1080065	-2.3368695	-1.2110105
chr17	78353227	1.7917595	4.3746433	-2.5828838	accessible_not_acetylated	-1.8996003	-1.360086	-0.54818654
chr8	12951510	0.0	2.5821364	-2.5821364	accessible_not_acetylated	0.9468427	-1.3741779	-0.76544046
chr17	44759172	0.6931472	3.272622	-2.579475	accessible_not_acetylated	-1.8136991	-2.1729178	-1.3981777
chr7	151632095	2.7080503	5.2857575	-2.5777073	accessible_not_acetylated	-2.6838357	-1.3514304	-0.7882328
chr12	57238438	2.7080503	5.282553	-2.574503	accessible_not_acetylated	-1.4418187	-0.260324	-0.4788823
chr7	144195698	0.0	2.5729847	-2.5729847	accessible_not_acetylated	0.09085059	-0.38287163	-0.38706923
chr10	50152889	0.6931472	3.2642717	-2.5711246	accessible_not_acetylated	-1.3363838	-1.4745246	-0.5036998
chr10	86400237	1.9459102	4.516564	-2.5706537	accessible_not_acetylated	-2.1336465	-1.2015088	-1.0797632
chr10	71964338	0.0	2.5672283	-2.5672283	accessible_not_acetylated	-0.75394034	-1.8329618	-1.4450887
chr10	79382072	0.6931472	3.2583861	-2.565239	accessible_not_acetylated	-0.89128137	-0.7532408	-0.45931053
chr17	82698772	2.3025851	4.8670897	-2.5645046	accessible_not_acetylated	-2.54731	-1.8073654	-1.0491099
chr20	40689702	0.6931472	3.2567103	-2.563563	accessible_not_acetylated	0.038131714	-0.99205256	-0.7854214
chr6	138692807	1.3862944	3.9483376	-2.5620432	accessible_not_acetylated	-1.2504485	-2.2194948	-1.8001561
chr6	32014794	0.0	2.560466	-2.560466	accessible_not_acetylated	0.025160074	-0.05991602	-0.043922663
chr17	38417135	2.0794415	4.6394296	-2.559988	accessible_not_acetylated	-1.5428257	-0.32886076	-0.17347622
chr8	92875736	2.4849067	5.0445967	-2.55969	accessible_not_acetylated	-3.537839	-0.64600277	-0.06569815
chr10	80144261	1.3862944	3.9419138	-2.5556195	accessible_not_acetylated	-1.7271218	-0.86693835	-0.8571384
chr17	50912023	0.0	2.5536683	-2.5536683	accessible_not_acetylated	-0.011801481	-0.18805313	0.08035922
chr10	30368355	0.0	2.5512726	-2.5512726	accessible_not_acetylated	-1.0483317	-0.91768944	-0.58960617
chr8	80171446	1.3862944	3.9342108	-2.5479164	accessible_not_acetylated	-1.6226797	-1.2135179	-0.56736135
chr12	108598138	0.0	2.5474362	-2.5474362	accessible_not_acetylated	0.50517344	-0.30398607	-0.467175
chr7	76260543	1.9459102	4.4921074	-2.5461972	accessible_not_acetylated	-1.5530024	-1.6878519	-1.3664913
chr21	10342257	2.6390574	5.1850643	-2.546007	accessible_not_acetylated	-1.8755147	-0.03276348	-0.40591383
chr12	123973083	2.7080503	5.253694	-2.5456438	accessible_not_acetylated	-1.3949196	-1.0282655	-0.7592664
chr10	25175360	0.0	2.544825	-2.544825	accessible_not_acetylated	-0.3556564	-1.3300076	-0.7513573
chr20	29328080	0.0	2.5421462	-2.5421462	accessible_not_acetylated	-0.061006546	-0.12888098	-0.2748332
chr6	116060560	1.7917595	4.3333225	-2.541563	accessible_not_acetylated	0.063694	0.02076006	0.22057772
chr12	132173287	0.0	2.540351	-2.540351	accessible_not_acetylated	-0.75016046	-1.0619591	-0.9481003
chr10	86366697	0.0	2.5398834	-2.5398834	accessible_not_acetylated	-1.0612541	-1.7903614	-1.1575388
chr21	36747565	0.6931472	3.232768	-2.5396209	accessible_not_acetylated	-0.55948925	-1.6254067	-1.0721867
chr18	58671345	2.1972246	4.7343163	-2.5370917	accessible_not_acetylated	-0.8941946	-1.7385929	-0.87641716
chr22	21417697	3.0910425	5.6271825	-2.53614	accessible_not_acetylated	-2.719703	-0.9927449	-0.9758434
chr12	56146397	2.3978953	4.929462	-2.5315666	accessible_not_acetylated	-2.1361287	-0.50435925	-0.29967785
chr10	84156163	1.9459102	4.4743924	-2.5284822	accessible_not_acetylated	-2.650498	0.031328678	0.0368948
chr18	59265678	0.0	2.526616	-2.526616	accessible_not_acetylated	1.5389466	-0.528865	-0.28801107
chr12	25958784	1.0986123	3.6245933	-2.525981	accessible_not_acetylated	-1.3486667	-1.5695534	-0.8456569
chr20	56630243	0.0	2.5259738	-2.5259738	accessible_not_acetylated	0.6109047	-1.085975	-0.6551094
chr7	124765794	1.9459102	4.469444	-2.5235336	accessible_not_acetylated	-0.81492925	-0.62076664	-0.6771159
chr8	37479466	0.0	2.5221858	-2.5221858	accessible_not_acetylated	0.21774173	-0.6997788	-0.31127286
chr10	84156988	2.4849067	5.0057187	-2.520812	accessible_not_acetylated	-2.9344325	0.26825285	0.28238058
chr7	65562731	0.0	2.5197499	-2.5197499	accessible_not_acetylated	-0.49431252	0.14782882	0.004708767
chr8	144467861	2.0794415	4.5941854	-2.5147438	accessible_not_acetylated	-2.4394014	-1.437316	-1.3361719
chr12	114684517	2.5649493	5.078763	-2.5138137	accessible_not_acetylated	-2.3149252	-0.98006535	-0.7116399
chr22	45978755	0.6931472	3.2037354	-2.5105882	accessible_not_acetylated	-0.6174674	-1.271338	-1.116457
chr7	152823547	0.0	2.5099301	-2.5099301	accessible_not_acetylated	-0.22297335	-0.0020170212	0.28120232
chr22	26756824	0.0	2.508627	-2.508627	accessible_not_acetylated	-0.086251974	-1.2830971	-0.54693913
chr7	88759448	2.3025851	4.8109336	-2.5083485	accessible_not_acetylated	-2.5567348	-1.1934962	-1.0339625
chr21	44534359	0.6931472	3.2014542	-2.508307	accessible_not_acetylated	-0.7841611	-2.1234837	-0.37788296
chr20	62813762	0.0	2.508103	-2.508103	accessible_not_acetylated	-0.8278147	-0.71146345	-1.0921485
chr18	37394156	1.3862944	3.8924677	-2.5061734	accessible_not_acetylated	-1.0729804	-1.6010995	-0.86105776
chr20	57118392	0.0	2.5046425	-2.5046425	accessible_not_acetylated	-0.57944953	-1.2237837	-1.5730777
chr6	149864214	3.218876	5.722494	-2.5036182	accessible_not_acetylated	-1.909931	-1.4843631	-1.4550972
chr12	46357721	2.7080503	5.2102814	-2.5022311	accessible_not_acetylated	-2.3428204	0.23765945	0.20840454
chr6	11537509	2.5649493	5.065844	-2.5008948	accessible_not_acetylated	-1.1424654	-0.96606874	-1.0624328
chr17	42180305	1.3862944	3.8857322	-2.4994378	accessible_not_acetylated	-0.22159576	-0.6156149	-0.48024797
chr8	144332722	2.5649493	5.06425	-2.4993007	accessible_not_acetylated	-0.8395505	-1.7693079	-0.7567892
chr21	43427132	0.0	2.4955812	-2.4955812	accessible_not_acetylated	0.67716765	0.073857546	-1.0592314
chr7	75156829	2.6390574	5.134456	-2.4953988	accessible_not_acetylated	-1.3520007	-0.15605593	-1.2372024
chr8	19757596	1.7917595	4.2864685	-2.494709	accessible_not_acetylated	-1.4750412	-1.5740454	-0.8204317
chr7	56175229	0.0	2.4937549	-2.4937549	accessible_not_acetylated	2.2196841	-1.162752	-0.6222807
chr10	132186860	0.0	2.4934435	-2.4934435	accessible_not_acetylated	0.3340013	-1.7383211	-1.2442527
chr10	25934072	0.0	2.4899232	-2.4899232	accessible_not_acetylated	1.1078701	-1.1703391	-0.88578534
chr17	49058621	0.0	2.4874043	-2.4874043	accessible_not_acetylated	-0.34006476	-0.21650839	-0.08606529
chr12	51848085	0.0	2.4850361	-2.4850361	accessible_not_acetylated	-0.09279847	-1.4065952	-1.1862977
chr17	61463832	0.0	2.4838815	-2.4838815	accessible_not_acetylated	0.35111094	-0.7127001	-0.83112574
chr17	44775760	2.8332133	5.316531	-2.4833179	accessible_not_acetylated	-2.8145802	-1.2587519	-1.4208784
chr17	38257303	2.4849067	4.967509	-2.4826021	accessible_not_acetylated	-1.4886832	-0.47069502	-0.71974707
chr17	79097615	0.0	2.4760687	-2.4760687	accessible_not_acetylated	0.97031	-0.9624326	-0.7700474
chr22	50485405	1.0986123	3.5743084	-2.475696	accessible_not_acetylated	-1.1988084	-0.17099953	-0.38160086
chr6	147508643	2.0794415	4.5549436	-2.475502	accessible_not_acetylated	-1.6563694	-1.9806061	-0.9112282
chr20	3670808	0.0	2.4746695	-2.4746695	accessible_not_acetylated	-0.66731465	-0.97909844	-0.63109064
chr8	130443522	1.0986123	3.569254	-2.4706416	accessible_not_acetylated	-0.68564415	-1.6087723	-0.83401656
chr20	64328036	2.5649493	5.0350146	-2.4700654	accessible_not_acetylated	-2.9585845	-1.0433218	-1.1293547
chr20	21100374	1.9459102	4.412293	-2.4663827	accessible_not_acetylated	-0.44136834	-0.7878494	-0.46210623
chr6	43619318	2.6390574	5.1050563	-2.465999	accessible_not_acetylated	-2.5380652	-1.0159779	-0.18060303
chr6	18277356	0.0	2.4647596	-2.4647596	accessible_not_acetylated	0.5913665	-1.2559617	-0.82549345
chr8	81112083	1.0986123	3.563218	-2.4646058	accessible_not_acetylated	-0.9044957	-1.5297995	-0.90337706
chr21	41746097	0.0	2.4606268	-2.4606268	accessible_not_acetylated	0.08393836	-0.577307	-0.41151643
chr7	94658264	1.0986123	3.556637	-2.4580247	accessible_not_acetylated	-1.0764067	0.029774427	-1.7607268
chr8	100917349	1.609438	4.0667057	-2.4572678	accessible_not_acetylated	-1.2306685	-0.06959438	-0.06640291
chr17	70168847	1.7917595	4.2466955	-2.454936	accessible_not_acetylated	-0.5854163	-1.343718	-0.65844846
chr10	71212534	2.1972246	4.651685	-2.4544606	accessible_not_acetylated	-1.8306937	-1.2147589	-0.71916866
chr7	74967115	2.6390574	5.0930586	-2.4540012	accessible_not_acetylated	-1.7450235	0.4101696	0.2736106
chr10	58319805	0.0	2.4523456	-2.4523456	accessible_not_acetylated	-0.14025664	-0.15775609	-0.067278385
chr7	70790977	0.0	2.4521637	-2.4521637	accessible_not_acetylated	0.61646295	-0.9507952	-0.19434333
chr8	59118854	0.6931472	3.1415966	-2.4484494	accessible_not_acetylated	0.41179347	-1.3591366	-0.7561643
chr10	132464012	0.0	2.4418125	-2.4418125	accessible_not_acetylated	-0.71443963	-0.88921785	-0.7132859
chr7	143563413	0.6931472	3.1331465	-2.4399993	accessible_not_acetylated	-1.259441	-0.32937694	-0.09737182
chr6	170612604	2.944439	5.383985	-2.439546	accessible_not_acetylated	-1.7512403	-0.42984295	-0.17622519
chr22	20299093	2.944439	5.382019	-2.43758	accessible_not_acetylated	-2.2778153	-0.8367734	-1.4293294
chr22	44192637	1.0986123	3.5359528	-2.4373405	accessible_not_acetylated	-1.2231567	-0.9085772	-0.87378097
chr7	97075947	0.0	2.4365344	-2.4365344	accessible_not_acetylated	0.6003902	0.044642925	0.36200786
chr7	141702087	1.3862944	3.820789	-2.4344947	accessible_not_acetylated	-1.5097301	-0.9539926	-0.85719323
chr8	11446963	0.0	2.4307966	-2.4307966	accessible_not_acetylated	-0.13299513	-0.41879582	-0.5238801
chr6	138001952	0.0	2.4304667	-2.4304667	accessible_not_acetylated	-0.23846841	-0.49976444	-0.4456073
chr22	47193291	0.0	2.4291697	-2.4291697	accessible_not_acetylated	0.3585508	-0.7989423	-0.8523629
chr8	66920794	2.7725887	5.2015424	-2.4289536	accessible_not_acetylated	-3.0641434	-1.1959672	-0.2219863
chr12	32399595	2.4849067	4.9125605	-2.4276538	accessible_not_acetylated	-2.6503217	-1.2743073	-1.1670866
chr8	72537168	0.0	2.4194024	-2.4194024	accessible_not_acetylated	0.083726406	-2.0464725	-1.2809725
chr17	75743050	0.0	2.417064	-2.417064	accessible_not_acetylated	-0.6761699	-0.7015083	-0.5934061
chr22	43245287	0.0	2.41586	-2.41586	accessible_not_acetylated	-0.521507	-0.9546145	-0.6311393
chr20	37943995	0.0	2.4148335	-2.4148335	accessible_not_acetylated	0.97475433	-0.84373593	-1.0604975
chr18	12737425	0.0	2.4140065	-2.4140065	accessible_not_acetylated	0.49886227	-0.47002792	-0.100580215
chr7	5443852	0.0	2.4105756	-2.4105756	accessible_not_acetylated	1.3222585	-0.5988945	0.09843469
chr7	157425554	1.3862944	3.7953858	-2.4090915	accessible_not_acetylated	-1.9190135	-1.516221	-0.7409806
chr18	63439450	0.0	2.4079373	-2.4079373	accessible_not_acetylated	-0.28507638	-0.37132716	-0.10368991
chr6	44298352	1.609438	4.0156794	-2.4062414	accessible_not_acetylated	-0.8295405	-0.29468966	-0.29185653
chr7	102551231	0.0	2.396555	-2.396555	accessible_not_acetylated	0.39396858	-0.16162062	0.49371552
chr12	53232125	1.3862944	3.7822318	-2.3959374	accessible_not_acetylated	-1.2663605	-0.83840704	-0.71771073
chr22	21512007	2.4849067	4.8766594	-2.3917527	accessible_not_acetylated	-2.2787995	0.30583286	-0.13957071
chr7	2526212	1.0986123	3.4897401	-2.3911278	accessible_not_acetylated	-1.4769256	-1.4735048	-1.0731909
chr7	98520659	0.6931472	3.0833938	-2.3902466	accessible_not_acetylated	-0.85277677	-1.4123574	-1.4591761
chr17	67377943	2.7080503	5.09785	-2.3897996	accessible_not_acetylated	-2.1086035	-1.0891018	-1.138557
chr7	32732311	2.1972246	4.586131	-2.3889065	accessible_not_acetylated	-1.8125119	0.45342827	0.006984234
chr12	44876966	1.0986123	3.4865646	-2.3879523	accessible_not_acetylated	-1.6366428	-1.3041492	-0.6851263
chr6	152953331	0.0	2.3862448	-2.3862448	accessible_not_acetylated	0.042034388	-0.0024957657	-0.15162468
chr12	132176455	0.0	2.385716	-2.385716	accessible_not_acetylated	-0.39675915	-0.8994143	-1.3205768
chr12	49553703	0.6931472	3.0748496	-2.3817024	accessible_not_acetylated	-0.7226231	-0.55758524	-0.094590664
chr12	120093701	1.0986123	3.479299	-2.3806868	accessible_not_acetylated	-1.8019209	-1.0940728	-1.066638
chr8	74321474	0.6931472	3.073676	-2.380529	accessible_not_acetylated	-0.31179214	-1.3765903	-0.7089915
chr12	38138887	0.0	2.3780866	-2.3780866	accessible_not_acetylated	1.7840409	-0.77165294	-0.20012712
chr7	122886244	1.3862944	3.7639098	-2.3776155	accessible_not_acetylated	-1.9518589	-0.97123957	-1.2838626
chr10	46579015	0.0	2.3774297	-2.3774297	accessible_not_acetylated	-0.22514796	-1.7005987	-1.5523438
chr21	17512636	1.3862944	3.7633379	-2.3770435	accessible_not_acetylated	0.6579149	-0.28563905	-0.74093795
chr12	122137651	1.3862944	3.7631073	-2.376813	accessible_not_acetylated	-1.941261	-0.9757705	-0.8575704
chr12	57243341	2.7725887	5.1480556	-2.3754668	accessible_not_acetylated	-1.4154131	-0.18432236	-1.0847621
chr8	138914562	0.0	2.3744469	-2.3744469	accessible_not_acetylated	0.7421913	-0.7744603	-0.6734412
chr12	62269152	3.465736	5.8394213	-2.3736854	accessible_not_acetylated	-3.761863	-0.4988942	0.0710783
chr8	37694570	1.9459102	4.318757	-2.3728468	accessible_not_acetylated	-1.9320529	-0.63106084	-0.38323355
chr8	123541707	2.0794415	4.452153	-2.3727117	accessible_not_acetylated	-1.3808477	-1.0287926	-0.954757
chr8	37840435	0.6931472	3.0656788	-2.3725317	accessible_not_acetylated	-0.776361	-0.4714713	-0.5003483
chr17	19188100	1.3862944	3.7582831	-2.3719888	accessible_not_acetylated	0.85351515	-0.11445665	0.1180501
chr12	63843903	2.3978953	4.7680197	-2.3701243	accessible_not_acetylated	-2.623404	-1.4586124	-0.7461772
chr8	41654280	2.1972246	4.567	-2.3697753	accessible_not_acetylated	-2.0234294	-0.46319485	-1.1689215
chr22	20146059	0.6931472	3.0622182	-2.369071	accessible_not_acetylated	-0.8944907	-0.89665675	-0.6160617
chr17	70169498	1.3862944	3.7543426	-2.3680482	accessible_not_acetylated	0.35820675	-1.045187	-0.9180627
chr12	57235367	2.3978953	4.7655764	-2.367681	accessible_not_acetylated	-1.8535042	0.09994221	-0.6614909
chr10	88880418	0.6931472	3.0603614	-2.3672142	accessible_not_acetylated	-0.3755803	-1.7930522	-0.7977905
chr17	67378842	2.6390574	5.0042334	-2.365176	accessible_not_acetylated	-1.7479002	-1.2925363	-0.4784069
chr7	954689	0.0	2.364539	-2.364539	accessible_not_acetylated	-1.280446	-1.2459408	-1.1357746
chr22	50271836	1.3862944	3.7506208	-2.3643265	accessible_not_acetylated	-0.6629822	-2.1129177	-0.98163223
chr12	13001501	0.6931472	3.0569701	-2.363823	accessible_not_acetylated	-0.44240308	-0.95419025	-0.58871174
chr21	5123911	0.0	2.363275	-2.363275	accessible_not_acetylated	0.04413104	-0.22014785	-0.63759494
chr20	62218546	0.0	2.3624659	-2.3624659	accessible_not_acetylated	-0.12580872	-0.68956447	-0.9975158
chr12	56079592	3.4339871	5.7943625	-2.3603754	accessible_not_acetylated	-3.0590088	-0.25356054	-0.5101156
chr12	62277367	2.944439	5.30244	-2.3580012	accessible_not_acetylated	-2.9643137	-0.65272284	-0.05295658
chr12	115952265	0.6931472	3.0491552	-2.356008	accessible_not_acetylated	-1.0362716	-0.322402	-0.15297174
chr7	144259628	0.0	2.3553052	-2.3553052	accessible_not_acetylated	-0.7225863	-0.3448074	-0.45983243
chr6	170295829	1.3862944	3.7393076	-2.3530133	accessible_not_acetylated	-0.010994911	-1.8453712	-1.2057469
chr12	13278363	0.0	2.3508906	-2.3508906	accessible_not_acetylated	0.18147159	-0.6504005	-0.5205672
chr17	2050491	2.0794415	4.429856	-2.3504143	accessible_not_acetylated	-0.43265867	-1.3749976	-0.5988796
chr6	69867472	1.7917595	4.1406837	-2.3489242	accessible_not_acetylated	-0.19098711	-0.9967382	-0.35517025
chr18	22169644	2.4849067	4.833644	-2.3487372	accessible_not_acetylated	-1.0778246	-1.3117862	-0.5317669
chr10	100828013	0.6931472	3.0416265	-2.3484793	accessible_not_acetylated	-0.21637726	-1.7723687	-0.8874407
chr22	20605020	2.1972246	4.545204	-2.3479795	accessible_not_acetylated	-2.215571	-0.7859111	-0.4449215
chr12	75342029	0.0	2.3479288	-2.3479288	accessible_not_acetylated	0.16058421	-0.30476618	-0.23349357
chr10	75400037	0.0	2.3475878	-2.3475878	accessible_not_acetylated	-0.04684639	-1.3754044	-1.1325016
chr10	62608323	0.0	2.3449812	-2.3449812	accessible_not_acetylated	-0.002183199	-0.16229105	0.5269823
chr6	34514775	1.0986123	3.4431026	-2.3444903	accessible_not_acetylated	-1.6156349	-1.4511285	-0.7919686
chr10	119207589	2.8903718	5.23451	-2.3441381	accessible_not_acetylated	-2.5583396	-2.4768796	-0.8063159
chr7	100483691	2.7080503	5.0521207	-2.3440704	accessible_not_acetylated	-3.02667	-1.6005859	-1.4899893
chr7	73361513	0.0	2.3436728	-2.3436728	accessible_not_acetylated	-0.19449711	-0.32123852	-0.18838906
chr12	121536673	2.5649493	4.907603	-2.3426535	accessible_not_acetylated	-2.057943	-1.1673312	-1.1550827
chr6	156762876	0.0	2.3415864	-2.3415864	accessible_not_acetylated	0.056062937	0.01669693	0.018589973
chr20	46011968	1.3862944	3.7248194	-2.338525	accessible_not_acetylated	-0.9026754	-0.50224996	-0.45727944
chr10	61466052	0.0	2.3384366	-2.3384366	accessible_not_acetylated	0.018249512	-0.29264736	-0.0049083233
chr8	97869299	0.6931472	3.0299513	-2.3368042	accessible_not_acetylated	-1.1699365	-1.704853	-1.5216713
chr12	57216767	1.7917595	4.125009	-2.3332496	accessible_not_acetylated	-2.1396136	-1.0473413	-0.87745523
chr17	63700163	1.3862944	3.716323	-2.3300285	accessible_not_acetylated	0.03815818	-1.8832215	-0.9652729
chr7	44068384	0.6931472	3.0219426	-2.3287954	accessible_not_acetylated	-0.532712	-0.050650597	-0.027094841
chr12	51918118	1.609438	3.932508	-2.32307	accessible_not_acetylated	-0.86185384	-0.527822	-0.09702492
chr8	143385330	2.1972246	4.5174603	-2.3202357	accessible_not_acetylated	-2.209962	-1.5618029	-1.3471045
chr10	46634878	1.609438	3.9286592	-2.3192213	accessible_not_acetylated	-1.614747	0.11059022	0.08966994
chr7	148976689	1.7917595	4.109514	-2.3177547	accessible_not_acetylated	-1.6648247	-0.6407666	-0.21483874
chr10	101095753	1.0986123	3.4157774	-2.3171651	accessible_not_acetylated	-0.67492557	-1.2045677	-0.28551888
chr12	6556083	0.0	2.3165283	-2.3165283	accessible_not_acetylated	0.33113074	-1.4619281	-0.8772495
chr6	68728351	0.0	2.3144097	-2.3144097	accessible_not_acetylated	-0.9526262	0.007999182	-0.115288734
chr21	41167912	1.0986123	3.4104502	-2.311838	accessible_not_acetylated	-0.27300692	-1.4369152	-1.0390203
chr8	141531001	0.0	2.3096335	-2.3096335	accessible_not_acetylated	-0.035278082	-0.7205596	-0.6674974
chr21	45509807	0.6931472	3.002499	-2.309352	accessible_not_acetylated	-1.8496754	-2.0073562	-1.6716915
chr12	62278215	2.6390574	4.9476233	-2.3085659	accessible_not_acetylated	-2.7485213	-0.56101036	-0.004518032
chr8	48555023	0.0	2.3084188	-2.3084188	accessible_not_acetylated	1.3939474	-0.26689434	0.17235279
chr22	46149647	0.6931472	2.9982026	-2.3050554	accessible_not_acetylated	-0.057629585	-1.1651578	-0.6435449
chr22	44738560	0.0	2.3039384	-2.3039384	accessible_not_acetylated	0.18762231	-0.32766902	-0.45931005
chr22	22900715	1.7917595	4.095294	-2.3035345	accessible_not_acetylated	-1.0903761	0.10149431	-0.3617797
chr6	45422079	1.609438	3.9110546	-2.3016167	accessible_not_acetylated	-1.743823	-1.7006757	-1.4355288
chr10	128212118	0.0	2.2986436	-2.2986436	accessible_not_acetylated	0.39588284	-0.44569898	-0.47060275
chr20	32018768	2.3025851	4.6001563	-2.2975712	accessible_not_acetylated	-1.4290669	-1.4129145	-0.97740483
chr10	75409639	2.0794415	4.3766117	-2.2971702	accessible_not_acetylated	-1.2809901	-1.0642798	-0.47502446
chr7	153406747	2.7080503	5.004534	-2.2964835	accessible_not_acetylated	-2.7933757	-0.31607056	0.0485754
chr20	63484009	0.0	2.2928834	-2.2928834	accessible_not_acetylated	-0.10798216	-1.2283933	-0.9756458
chr12	100200047	3.4339871	5.7253437	-2.2913566	accessible_not_acetylated	-2.2731497	-0.43978357	-0.65254116
chr8	100158234	1.3862944	3.6766353	-2.290341	accessible_not_acetylated	-1.349149	-1.5340648	-0.61438656
chr20	46029376	0.0	2.2898455	-2.2898455	accessible_not_acetylated	0.13712215	-1.4357808	-1.2540689
chr10	129467171	0.6931472	2.9829698	-2.2898226	accessible_not_acetylated	-0.31600213	-1.9235964	-0.75333357
chr12	131830570	2.7725887	5.057808	-2.2852192	accessible_not_acetylated	-3.4167018	-1.4799142	-1.5221577
chr12	125141200	0.0	2.2835689	-2.2835689	accessible_not_acetylated	-0.43052065	-0.12205362	-0.21839595
chr17	67377264	2.0794415	4.3627343	-2.2832928	accessible_not_acetylated	-1.6196375	-0.5466037	-0.7894902
chr12	46359221	2.3025851	4.5856743	-2.2830892	accessible_not_acetylated	-2.7182431	-0.029425144	0.10787773
chr7	21409423	0.0	2.2808945	-2.2808945	accessible_not_acetylated	0.99616885	-0.26303744	-0.17438698
chr6	4743266	0.0	2.2786736	-2.2786736	accessible_not_acetylated	0.36025834	-0.11456251	0.13507557
chr12	53961563	0.0	2.278019	-2.278019	accessible_not_acetylated	-0.4730388	-1.2113522	-0.76750994
chr22	20299618	2.944439	5.222451	-2.2780123	accessible_not_acetylated	-2.8908567	-1.1726751	-1.732327
chr7	102616728	1.609438	3.8840399	-2.274602	accessible_not_acetylated	-1.3771429	-0.572495	-0.6688478
chr7	90211709	0.6931472	2.9671023	-2.273955	accessible_not_acetylated	-0.18926167	-1.4112126	-1.1045297
chr7	156999905	2.944439	5.2169847	-2.2725458	accessible_not_acetylated	-1.0164313	-0.69754267	-0.8707433
chr20	36864884	1.7917595	4.0622067	-2.2704473	accessible_not_acetylated	-1.5110755	-0.58940315	-0.23048759
chr7	74866376	0.0	2.2694802	-2.2694802	accessible_not_acetylated	-0.07464075	0.32152843	-0.2578194
chr17	66585211	0.0	2.2683344	-2.2683344	accessible_not_acetylated	1.0587087	0.59817886	0.22159338
chr10	133201584	0.0	2.2681813	-2.2681813	accessible_not_acetylated	-0.093818665	-1.1643584	-1.0213891
chr21	44133609	1.9459102	4.213985	-2.2680748	accessible_not_acetylated	0.7313795	0.8780966	-0.08802557
chr8	38468755	0.6931472	2.9607177	-2.2675705	accessible_not_acetylated	1.2454419	-1.3594878	-0.72552276
chr21	45973146	1.3862944	3.6536982	-2.2674038	accessible_not_acetylated	-0.5240743	-1.2429113	-1.0171511
chr6	125748693	2.7080503	4.9753475	-2.2672973	accessible_not_acetylated	0.14246893	0.085718155	-0.17962503
chr7	155805381	1.7917595	4.056858	-2.2650986	accessible_not_acetylated	-1.3966894	-0.48674488	-1.0310221
chr22	50276394	0.0	2.2646165	-2.2646165	accessible_not_acetylated	-0.33890784	-1.2263161	-1.2517997
chr7	73606125	0.6931472	2.9574928	-2.2643456	accessible_not_acetylated	-0.5647807	-1.0863625	-0.35858917
chr22	18968331	2.5649493	4.8278723	-2.262923	accessible_not_acetylated	-2.3939152	-0.406559	-0.5674815
chr17	76586063	0.6931472	2.955872	-2.2627249	accessible_not_acetylated	-0.88381886	-2.0076122	-1.1796035
chr6	158537194	1.609438	3.8716886	-2.2622507	accessible_not_acetylated	0.2871697	-1.6914592	-1.0902488
chr21	43169007	0.0	2.2620773	-2.2620773	accessible_not_acetylated	0.14230919	-0.4193468	-0.20693326
chr6	128520660	0.6931472	2.9539123	-2.260765	accessible_not_acetylated	1.0567408	-1.8205669	-1.0096576
chr17	4498705	0.0	2.2600229	-2.2600229	accessible_not_acetylated	0.07088137	-1.1100985	-0.89723635
chr22	23402166	1.3862944	3.645804	-2.2595096	accessible_not_acetylated	-0.43975163	-0.8876648	-1.0047288
chr17	73952946	0.0	2.2589092	-2.2589092	accessible_not_acetylated	0.7359059	-1.1521754	-0.34754705
chr10	132308302	1.9459102	4.204469	-2.258559	accessible_not_acetylated	-1.4652166	-2.0327415	-1.2602894
chr8	52467441	0.6931472	2.9516888	-2.2585416	accessible_not_acetylated	0.22228956	-0.22799945	0.10817766
chr8	47213470	0.0	2.2579474	-2.2579474	accessible_not_acetylated	-0.24026275	-0.25664234	-0.103425026
chr10	21293090	0.0	2.2572272	-2.2572272	accessible_not_acetylated	0.6474924	-0.06603742	0.29385757
chr21	5154856	2.3025851	4.558765	-2.2561798	accessible_not_acetylated	0.08745718	-0.5254936	-0.63774776
chr6	90296181	2.7080503	4.963537	-2.255487	accessible_not_acetylated	-1.075243	-1.3068151	-1.2082562
chr6	133991194	2.6390574	4.893415	-2.2543576	accessible_not_acetylated	-1.628875	-0.18182087	0.25384378
chr7	117715984	0.0	2.253494	-2.253494	accessible_not_acetylated	0.13896513	-0.27626407	-0.05581951
chr10	68344629	1.609438	3.862589	-2.253151	accessible_not_acetylated	-1.9149697	-0.2357049	-0.017371178
chr8	46441547	0.0	2.2528207	-2.2528207	accessible_not_acetylated	0.57175183	-0.3621204	-0.14155316
chr17	67044535	0.0	2.2525783	-2.2525783	accessible_not_acetylated	-0.39162207	-0.65072393	-0.74769866
chr22	20285905	1.9459102	4.1978426	-2.2519324	accessible_not_acetylated	-1.9555278	-0.18959618	-0.789382
chr22	30802974	0.6931472	2.9449534	-2.2518063	accessible_not_acetylated	-0.70278645	-1.4866049	-0.79235125
chr20	60116653	0.0	2.251506	-2.251506	accessible_not_acetylated	0.3853805	0.29012585	-0.12914133
chr7	77679096	0.0	2.250557	-2.250557	accessible_not_acetylated	-0.36864638	-0.16034818	-0.25234818
chr7	150979302	2.5649493	4.8151913	-2.250242	accessible_not_acetylated	-1.541182	-0.6680088	-0.9343264
chr6	70166541	0.0	2.2498627	-2.2498627	accessible_not_acetylated	0.05300784	0.272707	0.17863464
chr17	49848083	0.6931472	2.9428897	-2.2497425	accessible_not_acetylated	-0.6129761	-0.3303542	-0.30634356
chr6	31842256	2.1972246	4.4459715	-2.2487469	accessible_not_acetylated	-1.9882522	-0.4154153	-0.32641077
chr10	132223256	0.0	2.2483423	-2.2483423	accessible_not_acetylated	-0.4489441	-0.80786777	-0.8198812
chr7	44113528	2.1972246	4.444792	-2.2475672	accessible_not_acetylated	-1.7787752	-0.28232145	-0.7160802
chr17	27456356	3.3672957	5.614003	-2.2467074	accessible_not_acetylated	-3.3211813	-1.5050182	-1.0915442
chr20	63380136	0.0	2.246532	-2.246532	accessible_not_acetylated	-0.25643754	-0.056559563	-0.44375944
chr17	81805129	0.0	2.2454138	-2.2454138	accessible_not_acetylated	-1.1591394	-1.3837702	-1.2370517
chr22	20238962	2.3978953	4.6418424	-2.243947	accessible_not_acetylated	-2.7848454	-1.2003355	-0.8393812
chr12	48995587	1.3862944	3.6277347	-2.2414403	accessible_not_acetylated	-0.6518252	-0.49920464	-0.23380923
chr12	123150547	3.1354942	5.376188	-2.2406936	accessible_not_acetylated	-3.0514202	-1.1266785	-0.844172
chr20	18830203	0.0	2.239636	-2.239636	accessible_not_acetylated	0.68639064	-0.20917535	0.1046834
chr8	22054856	2.1972246	4.4367824	-2.2395577	accessible_not_acetylated	-2.0823314	-0.75818133	-0.7849748
chr6	35737031	1.609438	3.847818	-2.23838	accessible_not_acetylated	-1.0781147	-0.023690462	-0.24860859
chr21	42234877	1.9459102	4.183488	-2.2375777	accessible_not_acetylated	-0.64321446	-2.2245657	-0.8487568
chr10	35641531	2.6390574	4.8752317	-2.2361743	accessible_not_acetylated	-2.1676764	-0.42946577	-0.9248507
chr7	72969466	0.0	2.235461	-2.235461	accessible_not_acetylated	0.7700434	-0.42902493	-0.21672082
chr12	49538096	1.7917595	4.026157	-2.2343974	accessible_not_acetylated	-0.88432837	-0.9089651	-0.9436295
chr17	8965745	0.0	2.2320268	-2.2320268	accessible_not_acetylated	1.0126681	-1.4329299	-1.1297761
chr6	34056379	2.6390574	4.868507	-2.2294495	accessible_not_acetylated	-1.625869	-1.3291004	-0.62079716
chr12	120640888	1.0986123	3.3255854	-2.226973	accessible_not_acetylated	-1.8104227	-1.1111827	-1.0970497
chr17	45784987	0.6931472	2.9185405	-2.2253933	accessible_not_acetylated	0.03836751	-1.5056129	-0.8197317
chr17	50931801	2.1972246	4.421723	-2.2244983	accessible_not_acetylated	-1.8283753	-0.80986786	-0.4476502
chr20	64038445	3.1780539	5.401835	-2.223781	accessible_not_acetylated	-2.849258	-1.4846447	-1.0080218
chr22	38843949	1.9459102	4.167618	-2.2217076	accessible_not_acetylated	-3.2086163	-1.9006805	-0.9580612
chr10	43205134	2.5649493	4.785043	-2.2200935	accessible_not_acetylated	-2.5886588	-1.2605197	-0.80150914
chr18	37254112	2.3978953	4.617524	-2.2196288	accessible_not_acetylated	-3.5228453	-1.5211921	-1.2327874
chr7	128891437	1.609438	3.8283472	-2.2189093	accessible_not_acetylated	-1.1802928	-1.3378282	-1.2207081
chr7	29684372	3.2580965	5.476487	-2.2183907	accessible_not_acetylated	-1.9576924	-0.68038464	-0.1889
chr17	1229653	0.0	2.217361	-2.217361	accessible_not_acetylated	-0.9342133	-1.7997558	-1.2177848
chr6	72597843	0.0	2.217116	-2.217116	accessible_not_acetylated	-0.055847645	-0.45335126	-0.3703673
chr10	103485875	0.0	2.2152035	-2.2152035	accessible_not_acetylated	0.08612609	-0.39251566	-0.17049408
chr21	45206934	0.0	2.2149293	-2.2149293	accessible_not_acetylated	-0.024478674	-0.55685496	-0.37678373
chr10	46465881	0.0	2.2139432	-2.2139432	accessible_not_acetylated	-1.0541661	-1.1320784	-0.9220748
chr6	11044448	2.1972246	4.4082284	-2.2110038	accessible_not_acetylated	-0.92847157	-1.949516	-0.950773
chr10	43077015	1.0986123	3.3089316	-2.2103193	accessible_not_acetylated	-1.195719	-1.963237	-1.1840518
chr12	30796428	2.3025851	4.512617	-2.210032	accessible_not_acetylated	-1.3535993	-1.5922589	-0.7956333
chr6	170286879	1.0986123	3.3063314	-2.207719	accessible_not_acetylated	0.17337036	-1.0087271	-0.37934566
chr7	120857912	3.2580965	5.465102	-2.2070057	accessible_not_acetylated	-2.4459603	-0.6258216	-0.67642117
chr17	75516492	3.3322046	5.537295	-2.2050903	accessible_not_acetylated	-2.26547	-1.2452383	-1.1739712
chr10	47461454	1.609438	3.8139126	-2.2044747	accessible_not_acetylated	-1.2721725	-0.871613	-0.6172893
chr8	143718925	1.0986123	3.3003328	-2.2017205	accessible_not_acetylated	-1.5258482	-0.7780106	-1.1535304
chr7	27160992	1.0986123	3.2995815	-2.2009692	accessible_not_acetylated	-0.18222189	-1.5626127	-0.9069693
chr8	22234274	0.0	2.2005188	-2.2005188	accessible_not_acetylated	0.059211016	-0.42062688	-0.39303648
chr20	61874885	0.0	2.2004564	-2.2004564	accessible_not_acetylated	-0.38280475	-0.80412126	-0.8918134
chr7	75395628	0.0	2.1972873	-2.1972873	accessible_not_acetylated	1.0987012	-0.30150115	-0.33188534
chr20	43507707	2.3978953	4.594269	-2.1963735	accessible_not_acetylated	-0.63529325	-1.1734128	-0.7564609
chr8	144466910	2.8903718	5.0862904	-2.1959186	accessible_not_acetylated	-1.4058902	-0.9704528	-1.1881635
chr7	128208621	1.3862944	3.580648	-2.1943536	accessible_not_acetylated	-1.0351584	0.027379036	-0.14121103
chr6	152969802	1.3862944	3.580286	-2.1939917	accessible_not_acetylated	-1.547112	0.1819799	0.13380241
chr21	41508158	0.0	2.193929	-2.193929	accessible_not_acetylated	1.0521536	-1.5680382	-1.2054121
chr7	98218427	1.3862944	3.579876	-2.1935816	accessible_not_acetylated	-1.8992803	0.13640547	-0.13806558
chr6	166259045	1.0986123	3.2888827	-2.1902704	accessible_not_acetylated	-0.025063515	-0.55017614	-0.046618223
chr8	144331935	2.3978953	4.585548	-2.1876526	accessible_not_acetylated	0.051845074	-1.3000782	-0.7720158
chr17	61411750	0.0	2.1875105	-2.1875105	accessible_not_acetylated	1.1175461	-1.0321399	-0.8765216
chr7	45579468	0.0	2.1863003	-2.1863003	accessible_not_acetylated	0.39699006	-0.39097118	-0.4295206
chr6	161375574	2.5649493	4.75116	-2.1862109	accessible_not_acetylated	-1.5082686	0.1080699	-0.07224798
chr12	113065512	0.0	2.1859465	-2.1859465	accessible_not_acetylated	-0.18530416	-0.7146456	-0.65810156
chr12	109713638	1.7917595	3.9774685	-2.185709	accessible_not_acetylated	-0.582603	-0.5411458	-0.4017644
chr10	43079093	1.0986123	3.2837517	-2.1851394	accessible_not_acetylated	-1.2686379	-1.0858731	-0.550323
chr17	49576633	2.3025851	4.486101	-2.183516	accessible_not_acetylated	-1.8037577	-1.4657302	-1.2078471
chr7	150060689	0.0	2.1830087	-2.1830087	accessible_not_acetylated	0.7508633	0.33793497	0.0677588
chr20	3239577	1.3862944	3.5691211	-2.1828268	accessible_not_acetylated	0.2802267	-1.6682076	-0.8967514
chr20	10671604	0.6931472	2.875697	-2.1825497	accessible_not_acetylated	0.88552165	-0.9752269	-0.63840604
chr10	102230505	2.1972246	4.379021	-2.1817966	accessible_not_acetylated	-0.79137444	-0.42342496	-0.66401434
chr8	22999823	2.4849067	4.6667	-2.1817932	accessible_not_acetylated	-1.023469	-1.4447558	-1.0692692
chr18	5630754	0.0	2.1815436	-2.1815436	accessible_not_acetylated	0.6775887	-1.0742618	-0.8404447
chr21	8213359	0.0	2.1812074	-2.1812074	accessible_not_acetylated	4.109626	-0.6914425	-0.18191671
chr7	127253526	2.5649493	4.7458467	-2.1808975	accessible_not_acetylated	-1.164783	-0.030470848	-1.0710363
chr17	16304957	0.0	2.1802616	-2.1802616	accessible_not_acetylated	0.049480915	-0.07457638	-0.1403799
chr7	2469085	0.6931472	2.8728485	-2.1797013	accessible_not_acetylated	-1.2398853	-0.7600641	-0.5291238
chr20	25543797	1.3862944	3.5650399	-2.1787455	accessible_not_acetylated	-0.7845869	0.26254773	-0.23253751
chr20	63499229	1.0986123	3.2760775	-2.1774652	accessible_not_acetylated	-0.0861063	-0.9592917	-0.90892553
chr7	45088947	1.9459102	4.123312	-2.1774018	accessible_not_acetylated	-1.8385334	-1.7370214	-0.9869709
chr6	13566340	0.0	2.176632	-2.176632	accessible_not_acetylated	1.1185846	0.23099947	0.69181776
chr8	108083685	0.0	2.174475	-2.174475	accessible_not_acetylated	0.18231106	-0.79848576	-0.76500106
chr10	87342801	3.7841897	5.9578533	-2.1736636	accessible_not_acetylated	-2.150316	-0.5635357	-0.53522444
chr17	62478766	2.8903718	5.0628157	-2.1724439	accessible_not_acetylated	-2.6831722	-1.5024962	-1.2835574
chr6	29942469	0.0	2.1712673	-2.1712673	accessible_not_acetylated	0.59983087	-0.6030543	-0.4916687
chr7	95772532	2.0794415	4.2502346	-2.170793	accessible_not_acetylated	-0.4655671	-1.1171546	-0.5728905
chr6	90295354	1.7917595	3.9606414	-2.168882	accessible_not_acetylated	0.24336243	-1.32282	-0.64564633
chr10	127907048	0.0	2.1684432	-2.1684432	accessible_not_acetylated	0.76402473	-1.1350243	-1.112674
chr18	75979	0.0	2.1683087	-2.1683087	accessible_not_acetylated	0.63003397	-0.55963576	-0.23872507
chr20	37901914	2.0794415	4.247725	-2.1682835	accessible_not_acetylated	-0.40373516	-0.5419154	0.0053424835
chr22	19150283	0.0	2.1682827	-2.1682827	accessible_not_acetylated	-0.41822398	-1.626023	-1.5054287
chr17	67092907	0.0	2.1678042	-2.1678042	accessible_not_acetylated	0.5612645	-0.10377836	0.010130644
chr17	2025391	1.7917595	3.9590507	-2.1672912	accessible_not_acetylated	-2.6617322	-2.4512162	-1.5670958
chr7	82443806	0.0	2.1672685	-2.1672685	accessible_not_acetylated	0.77422523	-1.3890812	-1.0629699
chr8	69835064	0.0	2.166985	-2.166985	accessible_not_acetylated	1.1494079	-0.8427098	-0.26501536
chr6	104943995	0.0	2.1656976	-2.1656976	accessible_not_acetylated	-1.1272671	0.46983504	-0.23991656
chr6	1389640	0.0	2.1651535	-2.1651535	accessible_not_acetylated	1.1995213	-2.0188923	-0.94010437
chr8	66920240	2.944439	5.109544	-2.1651049	accessible_not_acetylated	-2.210641	-0.5124645	-0.09297323
chr12	53938708	2.1972246	4.3616037	-2.1643791	accessible_not_acetylated	-2.3330674	-1.0746503	-0.61089516
chr7	43986054	1.609438	3.7735178	-2.16408	accessible_not_acetylated	-2.1673965	-1.5120916	-0.893944
chr12	120584682	2.0794415	4.2424846	-2.163043	accessible_not_acetylated	-1.5850692	-1.1445327	-0.78871655
chr20	63071864	0.0	2.1599236	-2.1599236	accessible_not_acetylated	0.8728752	-0.9138168	-0.9125066
chr6	47484901	2.9957323	5.1538982	-2.158166	accessible_not_acetylated	-2.519335	-0.7280927	0.1162796
chr10	133088003	0.0	2.158012	-2.158012	accessible_not_acetylated	0.73318696	-1.2918842	-1.1450975
chr22	20267536	2.3025851	4.4589734	-2.1563883	accessible_not_acetylated	-1.672801	-0.9039798	-1.0460577
chr17	38846936	1.609438	3.7649465	-2.1555085	accessible_not_acetylated	-1.6185145	-0.51652765	-0.36628437
chr17	35804096	2.5649493	4.720271	-2.1553218	accessible_not_acetylated	-2.2106693	-0.023488998	-0.4317937
chr17	75723459	0.6931472	2.8474145	-2.1542673	accessible_not_acetylated	-0.8128042	-0.69498014	-0.739933
chr22	37394677	0.0	2.154028	-2.154028	accessible_not_acetylated	0.39192224	-0.8421533	-0.42064142
chr7	32739889	1.609438	3.762738	-2.1533	accessible_not_acetylated	-0.77753186	0.18669772	0.06156659
chr8	46668375	0.0	2.150997	-2.150997	accessible_not_acetylated	0.2554841	-0.8084643	-0.4704919
chr6	138424356	1.0986123	3.249314	-2.1507018	accessible_not_acetylated	-0.402709	-1.530354	-0.5860212
chr18	48983936	0.0	2.1502876	-2.1502876	accessible_not_acetylated	0.19530964	-0.20982683	-0.33636236
chr20	25985122	0.0	2.1496117	-2.1496117	accessible_not_acetylated	1.0935133	-0.18167353	0.016250134
chr10	42754422	1.3862944	3.535259	-2.1489646	accessible_not_acetylated	-0.50119257	-1.7925545	-1.2427995
chr7	32733051	2.3025851	4.451545	-2.1489596	accessible_not_acetylated	-1.8066883	0.025701523	-0.07731342
chr8	33566774	2.6390574	4.7864356	-2.1473782	accessible_not_acetylated	-2.0313275	-0.5599632	-0.6228728
chr8	125415124	0.0	2.1471615	-2.1471615	accessible_not_acetylated	0.19841123	-0.21323895	-0.31747794
chr12	9065070	0.0	2.1465302	-2.1465302	accessible_not_acetylated	-0.212062	-1.3776141	-1.1504934
chr7	152782468	1.0986123	3.2451265	-2.1465142	accessible_not_acetylated	-0.5018163	0.14239669	0.0014307499
chr21	21175039	3.2580965	5.404475	-2.1463788	accessible_not_acetylated	-3.0992877	-1.0595012	-0.20357466
chr8	46257078	0.0	2.145713	-2.145713	accessible_not_acetylated	0.17640567	-0.4741516	-0.52931285
chr12	77373	1.9459102	4.091569	-2.1456587	accessible_not_acetylated	-0.21126318	-0.52414656	-0.37336278
chr17	39089416	0.0	2.1451898	-2.1451898	accessible_not_acetylated	0.1919632	-0.08433533	-0.16252708
chr17	81537398	1.0986123	3.2430105	-2.1443982	accessible_not_acetylated	-1.0080867	-1.356365	-0.9600713
chr18	69968261	0.0	2.144331	-2.144331	accessible_not_acetylated	0.41792798	-0.20319128	-0.044065237
chr21	31873314	0.0	2.1385539	-2.1385539	accessible_not_acetylated	1.0332544	-1.6493003	-1.5335816
chr20	47804559	0.0	2.137928	-2.137928	accessible_not_acetylated	0.5136757	-0.11394906	0.02711916
chr8	56057627	0.0	2.1376917	-2.1376917	accessible_not_acetylated	-0.42547762	-0.40934992	-0.82962584
chr17	19076627	0.0	2.1363926	-2.1363926	accessible_not_acetylated	0.21128607	-0.17115796	-0.27844775
chr10	133159347	1.0986123	3.2337663	-2.135154	accessible_not_acetylated	-0.9833162	-1.4162658	-0.62320733
chr22	42343817	0.0	2.1349425	-2.1349425	accessible_not_acetylated	-0.9771346	-0.85984504	-0.67756104
chr8	22135144	1.0986123	3.2324831	-2.1338708	accessible_not_acetylated	-0.5209441	0.50944996	-0.105124235
chr17	39151649	0.0	2.1337643	-2.1337643	accessible_not_acetylated	-0.26081133	-1.0368949	-1.0492922
chr6	47490218	2.7080503	4.841394	-2.1333437	accessible_not_acetylated	-2.3945785	-0.67852354	-0.1096406
chr22	20154980	1.609438	3.7417371	-2.1322992	accessible_not_acetylated	-1.6827192	-1.0814722	-1.0128629
chr8	41896206	0.0	2.1318207	-2.1318207	accessible_not_acetylated	0.81500745	-0.64946795	-0.46933043
chr7	2688201	0.0	2.131429	-2.131429	accessible_not_acetylated	0.055481434	-0.8256118	-0.9875326
chr6	117265557	0.0	2.1310523	-2.1310523	accessible_not_acetylated	1.3650944	-1.030829	-0.52263117
chr12	120650506	0.0	2.130322	-2.130322	accessible_not_acetylated	0.36342525	-0.24407423	-0.24678195
chr17	32413521	0.0	2.1293595	-2.1293595	accessible_not_acetylated	-0.12492442	-0.03742695	-0.112210274
chr8	7521501	0.6931472	2.8223774	-2.1292303	accessible_not_acetylated	0.93639255	0.16753268	0.23745465
chr10	62594197	0.0	2.128906	-2.128906	accessible_not_acetylated	0.27311468	0.025433302	-0.10763264
chr10	121598385	0.6931472	2.821929	-2.1287818	accessible_not_acetylated	-0.11508727	-1.052312	-0.6722274
chr7	72946339	1.609438	3.7365527	-2.1271148	accessible_not_acetylated	-1.1773059	-1.1018558	-0.30439544
chr8	85463901	1.9459102	4.0724096	-2.1264994	accessible_not_acetylated	-1.542896	-1.6195066	-1.2330511
chr18	22168486	1.3862944	3.5112035	-2.1249092	accessible_not_acetylated	1.567198	-0.4528613	0.28380322
chr7	148865314	2.7725887	4.8969507	-2.124362	accessible_not_acetylated	-2.5142925	-0.81462336	-0.048922062
chr10	101566694	1.9459102	4.069404	-2.123494	accessible_not_acetylated	-1.6991749	-0.7757604	-0.26942468
chr17	60139987	0.0	2.1224146	-2.1224146	accessible_not_acetylated	1.1358125	-0.25489676	-0.5503135
chr12	70365614	2.3025851	4.4242883	-2.1217031	accessible_not_acetylated	-0.41981888	-0.8576417	-0.305614
chr10	100828958	0.6931472	2.8146112	-2.121464	accessible_not_acetylated	0.36171365	-0.92936075	-0.71239233
chr7	128879994	2.1972246	4.3184614	-2.1212368	accessible_not_acetylated	-2.940256	-1.1184669	-0.807683
chr12	95446657	0.0	2.1205943	-2.1205943	accessible_not_acetylated	2.4586341	-0.48060787	0.094902515
chr21	41426030	0.0	2.1202917	-2.1202917	accessible_not_acetylated	0.7078197	-0.8821044	-0.6404214
chr17	19047023	0.0	2.1187654	-2.1187654	accessible_not_acetylated	0.84810543	-0.113360405	-0.13025689
chr7	44112930	2.3978953	4.51653	-2.1186347	accessible_not_acetylated	-1.5232985	-0.2051487	-0.32875252
chr6	163729491	1.3862944	3.5028393	-2.116545	accessible_not_acetylated	-0.2808652	-0.057830095	-0.045852423
chr17	81902608	2.6390574	4.752928	-2.1138704	accessible_not_acetylated	-3.0700686	-1.1649528	-1.2857418
chr7	74851229	3.583519	5.696977	-2.1134582	accessible_not_acetylated	-1.4387369	0.07038784	-0.5680566
chr6	132830435	0.0	2.1124117	-2.1124117	accessible_not_acetylated	-0.315948	-0.122796535	-0.104477406
chr10	49607116	0.0	2.1121945	-2.1121945	accessible_not_acetylated	1.2555783	0.12579918	0.21340513
chr7	150001186	0.0	2.1109908	-2.1109908	accessible_not_acetylated	1.7355978	0.20395589	0.059726715
chr20	10218810	1.0986123	3.2095788	-2.1109664	accessible_not_acetylated	1.8471935	-0.8807492	-0.25801253
chr6	96889084	0.6931472	2.8039813	-2.1108341	accessible_not_acetylated	-0.36924767	0.2267263	0.27049327
chr18	37282576	0.6931472	2.8025565	-2.1094093	accessible_not_acetylated	-0.7664468	-0.5536523	-0.3254478
chr12	52022997	2.3025851	4.4115486	-2.1089635	accessible_not_acetylated	-1.6561601	-0.84140253	-0.66411304
chr8	109644820	3.4011974	5.51003	-2.1088324	accessible_not_acetylated	-3.1983776	-1.2266273	-0.8566518
chr6	166308383	0.0	2.1087914	-2.1087914	accessible_not_acetylated	0.30501795	-1.4824833	-1.3866513
chr7	148976057	1.609438	3.717363	-2.1079252	accessible_not_acetylated	-1.4708157	-0.54375434	-0.16444969
chr17	2051207	1.0986123	3.205659	-2.1070466	accessible_not_acetylated	1.3041267	-1.2916888	-0.36756754
chr10	119030669	2.7080503	4.8145084	-2.1064582	accessible_not_acetylated	-3.0073504	-0.5603523	-0.47020912
chr22	30289574	2.7080503	4.814211	-2.1061606	accessible_not_acetylated	-0.5865054	-1.5841742	-0.8050289
chr17	58200222	0.0	2.103069	-2.103069	accessible_not_acetylated	0.66440463	-0.11176479	-0.17876315
chr7	69598579	1.0986123	3.2010763	-2.102464	accessible_not_acetylated	0.04689789	-1.5122273	-0.8891072
chr6	85670741	0.6931472	2.7944667	-2.1013196	accessible_not_acetylated	-0.54017067	0.1345067	0.07431173
chr6	44297108	1.9459102	4.04661	-2.1006997	accessible_not_acetylated	-0.119556665	-0.70957756	-0.31133723
chr8	126510482	0.0	2.0995512	-2.0995512	accessible_not_acetylated	0.26081944	-0.3201201	-0.12844229
chr20	63554144	2.4849067	4.584396	-2.0994892	accessible_not_acetylated	-1.7452624	-1.4250329	-1.0723298
chr6	79735446	0.0	2.0991251	-2.0991251	accessible_not_acetylated	1.0310054	0.1282208	0.34052658
chr7	149776546	1.609438	3.7085538	-2.0991158	accessible_not_acetylated	-1.2664754	-0.33553076	-0.5544591
chr8	2238484	0.0	2.098987	-2.098987	accessible_not_acetylated	0.5107839	0.032821894	-0.1565777
chr6	34145470	0.0	2.0988736	-2.0988736	accessible_not_acetylated	0.38490367	-1.4595921	-1.4630928
chr12	51424944	1.609438	3.7075229	-2.098085	accessible_not_acetylated	0.07470679	-0.89927626	-0.7622981
chr6	116616613	2.3025851	4.4005537	-2.0979686	accessible_not_acetylated	-1.005696	-0.39593077	-0.02875328
chr21	31088601	0.0	2.097774	-2.097774	accessible_not_acetylated	0.6596856	-0.9353306	-0.8405384
chr20	63832446	1.3862944	3.4829686	-2.0966742	accessible_not_acetylated	-0.8100481	-1.9662642	-1.0365427
chr7	71733332	0.6931472	2.7894616	-2.0963144	accessible_not_acetylated	-1.3795445	-1.6670873	-0.7050855
chr12	120094215	1.609438	3.7054539	-2.096016	accessible_not_acetylated	-1.9936476	-1.3597364	-0.99436593
chr12	49343357	2.3978953	4.4934964	-2.095601	accessible_not_acetylated	-1.666065	-0.26721954	-0.3137226
chr12	93593017	2.9957323	5.0912313	-2.095499	accessible_not_acetylated	-3.2685757	-0.27579212	0.023063183
chr8	7355378	0.6931472	2.7870817	-2.0939345	accessible_not_acetylated	-0.4157822	-2.0575159	-0.48844457
chr10	112950205	2.4849067	4.5786176	-2.093711	accessible_not_acetylated	-0.78074145	-1.1890943	-0.36243105
chr18	31143257	0.0	2.0926154	-2.0926154	accessible_not_acetylated	0.11136603	0.30850196	-0.10955918
chr6	44253686	3.0910425	5.183383	-2.0923405	accessible_not_acetylated	-2.8285398	-0.4906416	-0.023335457
chr6	3126555	1.9459102	4.0371513	-2.0912411	accessible_not_acetylated	-1.7009039	-1.3463542	-0.6998749
chr17	39628497	0.0	2.0909922	-2.0909922	accessible_not_acetylated	0.8386605	-0.22103775	-0.24896896
chr10	30387763	0.0	2.0908506	-2.0908506	accessible_not_acetylated	0.7038524	-0.155128	0.1796143
chr17	29617267	1.9459102	4.035902	-2.0899918	accessible_not_acetylated	-1.6410882	-1.2437153	-0.77828693
chr22	42129542	0.0	2.0893202	-2.0893202	accessible_not_acetylated	0.15036511	-0.589551	-0.57680845
chr12	57604621	0.0	2.088616	-2.088616	accessible_not_acetylated	0.50194955	-0.27161515	-0.5136795
chr7	116524819	2.944439	5.032943	-2.0885038	accessible_not_acetylated	-2.8670864	-0.9741831	-0.7479992
chr12	132414150	1.0986123	3.186698	-2.0880857	accessible_not_acetylated	-1.4939271	-1.414463	-1.0930934
chr6	73515203	3.713572	5.799735	-2.086163	accessible_not_acetylated	-2.6310563	-0.5473852	0.18980122
chr18	34977010	2.3025851	4.388458	-2.0858727	accessible_not_acetylated	-1.5379877	-1.059576	-0.9120996
chr22	38083163	0.0	2.0852942	-2.0852942	accessible_not_acetylated	0.599596	-0.62581575	-0.5523341
chr20	3732669	0.0	2.0846953	-2.0846953	accessible_not_acetylated	1.1462874	-1.1325268	-0.8589759
chr17	50954447	0.6931472	2.776548	-2.0834007	accessible_not_acetylated	-0.5302582	-0.6840491	-0.7179487
chr17	76467547	0.0	2.083039	-2.083039	accessible_not_acetylated	-0.13653207	-0.2842641	-0.6453624
chr20	6123544	0.0	2.082784	-2.082784	accessible_not_acetylated	0.9605682	-0.57520556	-0.4690069
chr22	16391723	0.0	2.082528	-2.082528	accessible_not_acetylated	-0.26248848	-0.42808092	-0.9447949
chr12	4107572	0.0	2.0824332	-2.0824332	accessible_not_acetylated	1.1907697	-0.09042323	0.2592442
chr7	73247240	0.0	2.082082	-2.082082	accessible_not_acetylated	-0.18602908	-0.0069777966	-0.10214925
chr12	3077125	1.7917595	3.8734822	-2.0817227	accessible_not_acetylated	-0.33423972	-1.2994399	-0.6919255
chr6	47496311	3.1354942	5.217179	-2.0816846	accessible_not_acetylated	-3.2829928	-0.85565996	-0.018074512
chr17	80478165	0.0	2.0811374	-2.0811374	accessible_not_acetylated	0.63955903	-1.4511131	-1.2489665
chr7	55415377	0.0	2.0795693	-2.0795693	accessible_not_acetylated	-0.054283857	-0.6407324	-0.39801812
chr8	96161017	1.3862944	3.4648538	-2.0785594	accessible_not_acetylated	-1.4240417	-2.161203	-1.1706557
chr7	99143288	3.3322046	5.410122	-2.0779173	accessible_not_acetylated	-2.5063334	-1.12638	-1.09692
chr17	49575864	2.3978953	4.47542	-2.0775247	accessible_not_acetylated	-2.3181086	-1.8946753	-0.9963441
chr20	49482777	0.0	2.0770555	-2.0770555	accessible_not_acetylated	0.6958449	-1.2722337	-1.0466987
chr8	48921714	1.3862944	3.4629323	-2.076638	accessible_not_acetylated	-0.9196768	-1.249943	-0.64850116
chr18	5196927	0.0	2.0753043	-2.0753043	accessible_not_acetylated	1.3377473	-0.36842263	-0.43083405
chr6	39048780	0.0	2.0748281	-2.0748281	accessible_not_acetylated	1.302156	-1.0989447	-1.095829
chr22	19027557	1.9459102	4.0202775	-2.0743673	accessible_not_acetylated	-0.44703245	-0.051760197	0.022002697
chr21	36698826	0.0	2.0729978	-2.0729978	accessible_not_acetylated	1.4431901	-1.304717	-1.0380743
chr6	131701401	0.0	2.071424	-2.071424	accessible_not_acetylated	0.0891819	-0.45927763	-0.5384662
chr8	56211521	3.3672957	5.4383554	-2.0710597	accessible_not_acetylated	-1.6658518	-1.0377202	-1.0676856
chr12	57237170	2.3978953	4.467361	-2.0694656	accessible_not_acetylated	-1.8810523	0.23650503	-0.3205371
chr7	26186734	3.637586	5.7069006	-2.0693145	accessible_not_acetylated	-2.8177795	-0.4530325	0.12195253
chr17	4899652	0.0	2.0683084	-2.0683084	accessible_not_acetylated	0.9935546	-0.72146666	-0.15196371
chr12	12891223	2.3025851	4.370221	-2.067636	accessible_not_acetylated	-1.3455348	-1.059999	-0.620697
chr7	146116529	1.0986123	3.1659822	-2.06737	accessible_not_acetylated	-0.24240065	-1.1215386	-1.0007257
chr10	124418336	3.3322046	5.3975086	-2.065304	accessible_not_acetylated	-2.4438791	-0.8366823	-0.9698849
chr17	74966480	0.0	2.0642743	-2.0642743	accessible_not_acetylated	0.26855063	-0.0474329	-0.15942132
chr18	13217744	0.6931472	2.7568054	-2.0636582	accessible_not_acetylated	-0.7951274	-1.7648354	-1.4647747
chr8	60653558	2.5649493	4.628509	-2.0635598	accessible_not_acetylated	-1.6968977	-1.003737	-0.20640707
chr22	37417097	0.0	2.0629373	-2.0629373	accessible_not_acetylated	0.50295115	-0.50356996	-0.5851941
chr21	6499064	2.6390574	4.701025	-2.0619676	accessible_not_acetylated	0.9555483	-0.07271433	-0.5255742
chr10	132396123	1.7917595	3.8531518	-2.0613923	accessible_not_acetylated	-1.1700749	-1.4144692	-1.0769906
chr17	62653378	2.3025851	4.3623204	-2.0597353	accessible_not_acetylated	-0.87381124	-1.0491614	-0.50299263
chr12	132550606	1.0986123	3.1581674	-2.059555	accessible_not_acetylated	-1.6459117	-1.3942126	-0.78393555
chr18	44679377	1.3862944	3.4442189	-2.0579245	accessible_not_acetylated	-1.4426174	-1.4051068	-0.8544524
chr6	29633154	3.7612002	5.8183556	-2.0571554	accessible_not_acetylated	-3.6004171	-1.4320083	-1.2830639
chr7	2494845	0.0	2.055915	-2.055915	accessible_not_acetylated	-0.36201394	-0.63400674	-0.73457503
chr7	7513346	0.0	2.053518	-2.053518	accessible_not_acetylated	0.20806861	0.22229934	0.16453099
chr17	56593902	0.6931472	2.746172	-2.0530248	accessible_not_acetylated	-1.5809948	-2.2592185	-1.2803806
chr6	167170592	0.0	2.0521712	-2.0521712	accessible_not_acetylated	0.36859727	-0.20907879	0.07851386
chr10	132654889	0.0	2.0506523	-2.0506523	accessible_not_acetylated	-0.045098066	-0.7955327	-0.8420315
chr10	122374572	1.609438	3.6595223	-2.0500844	accessible_not_acetylated	1.6419504	-0.9957626	-0.48378682
chr10	50704633	0.6931472	2.7417803	-2.048633	accessible_not_acetylated	-0.675601	-0.16499615	0.0702796
chr17	63538307	0.6931472	2.7416482	-2.048501	accessible_not_acetylated	-1.0901768	-1.290879	-0.7501919
chr6	70604720	0.0	2.0475368	-2.0475368	accessible_not_acetylated	1.1202176	0.07902932	0.051597357
chr12	57240662	2.7080503	4.755547	-2.0474968	accessible_not_acetylated	-2.579752	-0.42542982	-0.42422247
chr6	139882194	1.0986123	3.1444106	-2.0457983	accessible_not_acetylated	-0.028362036	-0.74929404	0.34304285
chr12	53695589	0.6931472	2.7378192	-2.044672	accessible_not_acetylated	0.14727807	-0.9465045	-0.37882042
chr7	101059495	0.0	2.043715	-2.043715	accessible_not_acetylated	0.43197608	0.21359062	-0.2915609
chr6	894485	0.0	2.0432494	-2.0432494	accessible_not_acetylated	0.015532255	-0.37878513	-0.25770617
chr22	18608657	1.7917595	3.8345115	-2.042752	accessible_not_acetylated	-2.140088	-0.75636077	-0.53106356
chr21	44455441	0.6931472	2.7354302	-2.042283	accessible_not_acetylated	0.7818806	-1.5755472	-1.4694732
chr21	42233810	1.0986123	3.140298	-2.0416856	accessible_not_acetylated	-0.0064418316	0.028276443	0.12790275
chr12	132415103	1.7917595	3.83318	-2.0414205	accessible_not_acetylated	-1.9717131	-1.5015943	-1.0448389
chr6	138107605	2.0794415	4.1203794	-2.040938	accessible_not_acetylated	0.79729795	-0.8618033	-0.3179047
chr18	48829000	2.5649493	4.602807	-2.0378578	accessible_not_acetylated	-2.5478816	-1.3166001	-0.5378771
chr12	50057637	2.0794415	4.1165257	-2.037084	accessible_not_acetylated	-2.4499693	-1.2410812	-0.9497051
chr8	37841423	0.6931472	2.7297165	-2.0365694	accessible_not_acetylated	-0.8990984	-1.5010865	-0.9524851
chr10	79537312	0.0	2.0363681	-2.0363681	accessible_not_acetylated	-0.9183326	-0.69488335	-0.5263579
chr6	49570746	1.3862944	3.421791	-2.0354967	accessible_not_acetylated	-0.62477684	0.16925335	0.13473392
chr12	57460681	2.4849067	4.519515	-2.0346084	accessible_not_acetylated	-1.4828465	-0.1780281	-0.7332165
chr21	31137000	0.0	2.0341747	-2.0341747	accessible_not_acetylated	0.13630962	-0.10537076	-0.1740582
chr7	116236210	0.6931472	2.7268555	-2.0337083	accessible_not_acetylated	-0.9483837	-0.6018286	-0.27571058
chr6	67879257	3.295837	5.3286405	-2.0328035	accessible_not_acetylated	-3.2414753	-0.7005739	-0.018176079
chr22	18611919	1.3862944	3.4190772	-2.0327828	accessible_not_acetylated	-0.4648614	-0.22826791	-0.21352744
chr7	51161218	0.0	2.0325701	-2.0325701	accessible_not_acetylated	0.3089459	-0.5582067	-0.28084195
chr12	72272748	0.0	2.032545	-2.032545	accessible_not_acetylated	0.5505786	-1.1268647	-0.81205916
chr12	120361913	0.6931472	2.7252407	-2.0320935	accessible_not_acetylated	-0.046336412	-1.2219477	-0.81280494
chr22	37580098	0.0	2.0320313	-2.0320313	accessible_not_acetylated	-0.026877642	-0.5980973	-0.45152593
chr17	28552472	3.1780539	5.2099733	-2.0319195	accessible_not_acetylated	-2.7378354	-0.9828286	-1.0408797
chr10	21516865	2.3025851	4.3339233	-2.0313382	accessible_not_acetylated	-3.0137563	-1.3315549	-1.4114134
chr12	131808989	0.0	2.0309687	-2.0309687	accessible_not_acetylated	1.0549378	-1.0111314	-0.66835284
chr12	119989875	1.7917595	3.82198	-2.0302205	accessible_not_acetylated	-1.2454886	-0.9678812	-0.67584515
chr18	48949987	1.9459102	3.9760194	-2.0301092	accessible_not_acetylated	-1.71177	-1.7613904	-0.83863306
chr20	63472689	0.0	2.0295784	-2.0295784	accessible_not_acetylated	0.84118223	-1.2157178	-0.3907144
chr8	39107528	0.0	2.029555	-2.029555	accessible_not_acetylated	0.53456736	-0.45431256	-0.40434337
chr12	132134187	2.1972246	4.226318	-2.0290933	accessible_not_acetylated	-2.3543172	-0.25770283	-0.5178435
chr22	37088271	0.0	2.0290513	-2.0290513	accessible_not_acetylated	0.8272126	-0.32680714	-0.26457512
chr10	46398430	1.3862944	3.4152527	-2.0289583	accessible_not_acetylated	-0.96254444	-0.47873592	-0.59128594
chr6	73456060	1.0986123	3.1274512	-2.0288389	accessible_not_acetylated	-0.7518177	0.289289	-0.060749292
chr17	45586311	1.0986123	3.1263824	-2.02777	accessible_not_acetylated	-0.82378817	-1.0651124	-0.9113507
chr10	131746969	0.0	2.027117	-2.027117	accessible_not_acetylated	-0.07901025	-0.57162595	-0.5863049
chr7	18086998	1.3862944	3.4131308	-2.0268364	accessible_not_acetylated	-0.49147964	-0.94540834	-0.8281255
chr12	130879323	2.7080503	4.7346716	-2.0266213	accessible_not_acetylated	-2.2443016	0.019249916	-0.31831694
chr21	36156365	2.944439	4.9706144	-2.0261755	accessible_not_acetylated	-0.8208914	-0.8811693	-1.1291986
chr18	26407031	1.7917595	3.8171005	-2.025341	accessible_not_acetylated	-1.1090012	-0.3026657	-0.105881214
chr18	31512546	1.3862944	3.4110353	-2.024741	accessible_not_acetylated	-1.1675684	0.06928539	0.0940969
chr10	6201713	1.0986123	3.1219363	-2.023324	accessible_not_acetylated	-1.2372633	-1.3561887	-1.1444275
chr6	157273869	2.7725887	4.795137	-2.0225482	accessible_not_acetylated	-2.08961	-0.10283518	-0.59728384
chr18	7567057	2.3025851	4.3232474	-2.0206623	accessible_not_acetylated	-1.4302664	-1.019408	-0.8310368
chr7	38196996	0.0	2.0203347	-2.0203347	accessible_not_acetylated	-0.057787538	0.07620716	-0.17492282
chr8	144527073	2.7080503	4.7275667	-2.0195165	accessible_not_acetylated	-0.28137636	-0.6984887	-0.59512615
chr6	71288441	0.0	2.0182087	-2.0182087	accessible_not_acetylated	0.65642786	-1.0401902	-0.9761894
chr17	7350357	1.7917595	3.8095465	-2.017787	accessible_not_acetylated	-0.059528828	-0.5291877	-0.53104734
chr20	10672493	1.609438	3.6271212	-2.0176833	accessible_not_acetylated	0.29654264	-1.2211456	-0.7284584
chr7	44039227	2.7080503	4.7256474	-2.0175972	accessible_not_acetylated	-2.2995536	-0.10757637	-0.64733267
chr7	151251897	1.609438	3.6269696	-2.0175316	accessible_not_acetylated	-1.5897112	-0.15122199	-0.6593678
chr10	70193545	0.6931472	2.7106164	-2.0174692	accessible_not_acetylated	0.51545477	0.09363699	0.12095857
chr7	128890817	1.609438	3.626645	-2.0172071	accessible_not_acetylated	-1.7175859	-1.3295317	-1.2930801
chr7	102650324	0.0	2.017081	-2.017081	accessible_not_acetylated	0.6654093	0.0702889	0.3453622
chr7	963688	0.6931472	2.7101088	-2.0169616	accessible_not_acetylated	0.67212343	-1.1127064	-0.50616527
chr17	6831741	0.0	2.0169091	-2.0169091	accessible_not_acetylated	1.1068125	-0.45438433	0.090743065
chr17	81519035	2.944439	4.96072	-2.0162811	accessible_not_acetylated	-1.6401749	-1.3436184	-1.0353117
chr22	35521844	0.6931472	2.7093647	-2.0162175	accessible_not_acetylated	0.044947386	-0.6306565	0.03409195
chr12	57239237	3.3322046	5.3470316	-2.014827	accessible_not_acetylated	-1.4694166	0.0032653809	-0.5404811
chr17	28381752	0.0	2.0148091	-2.0148091	accessible_not_acetylated	0.06164217	-0.61098576	-0.45915222
chr18	37566037	0.0	2.0147135	-2.0147135	accessible_not_acetylated	0.005649805	-0.7703278	-0.8497267
chr8	16120656	0.0	2.01453	-2.01453	accessible_not_acetylated	0.44861293	-0.7674267	-0.34657776
chr21	43450023	0.0	2.014045	-2.014045	accessible_not_acetylated	0.38495636	-0.5289881	-0.5996648
chr6	132820892	2.7725887	4.7854686	-2.0128798	accessible_not_acetylated	-1.6104884	0.09712267	0.049699306
chr21	44908196	0.6931472	2.705739	-2.0125918	accessible_not_acetylated	0.27180362	-0.4298854	-0.28117108
chr7	76461777	2.3025851	4.314655	-2.0120697	accessible_not_acetylated	-1.2271104	-0.09540272	0.026983738
chr17	27641256	0.0	2.0119727	-2.0119727	accessible_not_acetylated	0.6310837	0.2545836	0.3856485
chr10	46375589	0.0	2.0113838	-2.0113838	accessible_not_acetylated	0.110779285	-0.4427234	-0.44968712
chr12	116882937	0.0	2.011305	-2.011305	accessible_not_acetylated	0.23139238	0.12883615	-0.09697199
chr7	73623184	2.9957323	5.0062895	-2.0105572	accessible_not_acetylated	-1.5198941	-0.0051813126	-0.42066574
chr8	37784075	3.1354942	5.145961	-2.0104666	accessible_not_acetylated	-2.9065115	-1.0452433	-0.7725172
chr6	31498983	2.9957323	5.0061336	-2.0104012	accessible_not_acetylated	-2.3406084	-0.50366116	-0.38000965
chr17	30352426	0.0	2.010385	-2.010385	accessible_not_acetylated	0.20772696	-0.11847556	-0.08668172
chr22	42130881	0.0	2.0100698	-2.0100698	accessible_not_acetylated	0.65292597	-0.0900228	-0.17995346
chr18	36057968	1.9459102	3.9557812	-2.009871	accessible_not_acetylated	-0.9545269	-0.09505224	-0.16941166
chr18	6561659	1.0986123	3.1071026	-2.0084903	accessible_not_acetylated	1.7141387	-0.16768956	0.2438469
chr12	120649225	1.7917595	3.7999606	-2.0082011	accessible_not_acetylated	-1.9930192	-1.12391	-0.5647268
chr12	1821943	0.0	2.007719	-2.007719	accessible_not_acetylated	0.6038666	-0.437384	-0.6099322
chr7	149787650	2.0794415	4.0870285	-2.007587	accessible_not_acetylated	-1.7623391	-0.913929	-0.6997359
chr8	11015736	2.0794415	4.0869503	-2.0075088	accessible_not_acetylated	-1.1461442	-1.6546266	-0.7659776
chr6	70957085	0.0	2.0073013	-2.0073013	accessible_not_acetylated	0.20452023	-0.90593076	-1.3053539
chr22	37823381	0.0	2.0067422	-2.0067422	accessible_not_acetylated	0.75442266	-0.1940614	-0.3277793
chr6	136550143	2.9957323	5.002224	-2.0064917	accessible_not_acetylated	-0.7747617	-1.4257157	-1.0402205
chr20	62369080	2.4849067	4.491354	-2.0064473	accessible_not_acetylated	-2.1293073	-0.8061707	-0.53677106
chr20	6768097	0.0	2.0062158	-2.0062158	accessible_not_acetylated	-0.55243564	-1.5010843	-1.439611
chr20	38460415	0.6931472	2.698155	-2.0050077	accessible_not_acetylated	-0.13188386	-0.08050132	-0.030579567
chr17	21284605	2.7080503	4.712552	-2.0045018	accessible_not_acetylated	-1.0764575	-0.831934	-1.3319206
chr10	124567630	0.0	2.0044913	-2.0044913	accessible_not_acetylated	-0.13002229	-0.46146834	-0.4541142
chr7	36153133	3.0445225	5.0489855	-2.004463	accessible_not_acetylated	-1.9234848	-1.0205655	-0.9512925
chr12	122838143	0.6931472	2.696786	-2.0036387	accessible_not_acetylated	0.1238606	0.17858076	0.102391005
chr8	23574527	1.7917595	3.795037	-2.0032775	accessible_not_acetylated	-0.80784273	0.74019647	0.05649829
chr8	125292061	0.0	2.0017269	-2.0017269	accessible_not_acetylated	0.7409179	-0.12531853	0.19956946
chr6	8282776	1.3862944	3.3874898	-2.0011954	accessible_not_acetylated	-0.68797255	-0.6398325	-0.36980724
chr20	63309695	1.0986123	3.099684	-2.0010717	accessible_not_acetylated	-1.3264713	-1.469387	-0.8300595
chr7	2660801	1.3862944	3.3872995	-2.0010052	accessible_not_acetylated	-1.4198856	-0.9337263	-0.9358635
chr17	19127468	0.0	2.0008192	-2.0008192	accessible_not_acetylated	1.488136	-0.0126132965	0.16284561
chr7	2475222	1.0986123	3.0984933	-1.999881	accessible_not_acetylated	-0.9781456	-1.4994565	-0.8717854
chr8	52941807	0.0	1.9995031	-1.9995031	accessible_not_acetylated	1.1760652	-0.7903266	-0.5583439
chr17	63622680	3.1780539	5.176079	-1.998025	accessible_not_acetylated	-2.738625	-0.5003824	-1.0387068
chr7	54546966	0.6931472	2.690503	-1.9973557	accessible_not_acetylated	-0.38656878	-1.7017915	-1.0411459
chr7	143346239	2.0794415	4.076277	-1.9968352	accessible_not_acetylated	-1.2920876	0.02550888	-0.059778214
chr6	12011959	3.295837	5.2923512	-1.9965143	accessible_not_acetylated	-2.5925968	-1.3345392	-1.1719813
chr8	22599187	2.5649493	4.559403	-1.9944537	accessible_not_acetylated	-1.889354	-0.72045994	-0.6213045
chr21	44907365	0.6931472	2.687417	-1.9942698	accessible_not_acetylated	-0.30118966	-0.9082842	-0.4837532
chr20	2750919	1.0986123	3.0924876	-1.9938753	accessible_not_acetylated	-0.1277132	-0.6300945	-0.4258845
chr22	10742087	1.0986123	3.0907292	-1.9921169	accessible_not_acetylated	0.06606078	-1.2293991	-0.75175047
chr6	40587580	0.0	1.9916115	-1.9916115	accessible_not_acetylated	0.4709549	-1.270062	-1.0219482
chr12	112404013	2.3978953	4.389061	-1.9911656	accessible_not_acetylated	-1.8233705	-0.3413639	-0.13339329
chr7	1842601	0.6931472	2.6832724	-1.9901252	accessible_not_acetylated	0.056441307	-0.87280357	-0.5248585
chr17	62654036	2.0794415	4.0693355	-1.9898939	accessible_not_acetylated	-1.0990105	-0.43867254	-0.33108377
chr8	22565731	2.7080503	4.6979294	-1.9898791	accessible_not_acetylated	-1.6763535	-1.1962731	-1.3052709
chr8	118621000	0.0	1.9898429	-1.9898429	accessible_not_acetylated	1.3412666	0.09392047	-0.008841634
chr17	18682331	2.8903718	4.8800797	-1.989708	accessible_not_acetylated	-0.19992208	0.2527151	0.107934475
chr7	1348651	0.0	1.9895055	-1.9895055	accessible_not_acetylated	-0.2965796	-0.7943692	-0.81367874
chr22	20968017	2.3978953	4.3869267	-1.9890313	accessible_not_acetylated	-2.0229113	-0.21639156	-0.8975425
chr7	73245038	1.0986123	3.0858846	-1.9872723	accessible_not_acetylated	0.36792088	-0.24249172	0.16614175
chr17	43303713	0.0	1.9862726	-1.9862726	accessible_not_acetylated	0.285964	-0.11243868	-0.14721608
chr6	168059314	1.0986123	3.083838	-1.9852257	accessible_not_acetylated	-0.9429419	-1.1686146	-0.6351552
chr10	119005554	0.0	1.9843736	-1.9843736	accessible_not_acetylated	0.98397636	0.25230694	0.48413754
chr10	43415716	2.8332133	4.815273	-1.9820595	accessible_not_acetylated	-2.2309155	-0.74128675	-0.3801961
chr20	2816301	0.0	1.9797215	-1.9797215	accessible_not_acetylated	0.38563704	-0.61195445	-0.5913868
chr20	22584463	1.609438	3.5883627	-1.9789248	accessible_not_acetylated	-0.2453649	-2.070451	-1.0611365
chr8	75407126	0.6931472	2.6713755	-1.9782283	accessible_not_acetylated	1.40575	-0.95267296	-0.25459743
chr21	43479534	0.0	1.9775531	-1.9775531	accessible_not_acetylated	1.4267242	-0.5620283	-0.24572599
chr20	45312401	0.6931472	2.6701577	-1.9770105	accessible_not_acetylated	-0.106967926	-0.7777536	-0.2536714
chr12	12999890	2.8903718	4.866615	-1.976243	accessible_not_acetylated	-1.2774341	-0.573082	-0.24527216
chr17	18154002	1.9459102	3.9211364	-1.9752262	accessible_not_acetylated	-1.1210661	-1.2765284	-1.0875413
chr20	62228273	0.6931472	2.66757	-1.9744229	accessible_not_acetylated	-0.62976265	-0.8959358	-0.73382664
chr7	26292981	1.609438	3.5833511	-1.9739132	accessible_not_acetylated	-1.4200137	-0.33739996	-0.23049784
chr6	131807973	1.7917595	3.7653887	-1.9736292	accessible_not_acetylated	-0.16634107	-0.8808677	-0.6034663
chr17	30644877	1.0986123	3.0705786	-1.9719663	accessible_not_acetylated	-0.77307534	-0.25327492	-0.30775785
chr7	102286332	2.5649493	4.5364	-1.9714506	accessible_not_acetylated	-2.0053263	-0.6181245	-0.9361205
chr12	45537	0.6931472	2.664405	-1.9712579	accessible_not_acetylated	0.042512894	0.7566035	0.13097978
chr7	87628412	0.0	1.968391	-1.968391	accessible_not_acetylated	3.0272055	-0.992995	-0.7996037
chr7	2476383	0.6931472	2.6611507	-1.9680035	accessible_not_acetylated	-0.497442	-1.0525334	-0.47343922
chr20	51023154	1.609438	3.5773995	-1.9679615	accessible_not_acetylated	-0.42371488	-1.4386787	-1.102601
chr22	50162498	0.0	1.9676757	-1.9676757	accessible_not_acetylated	0.014555097	-0.4005561	-0.5643995
chr10	68827373	2.3025851	4.269797	-1.9672117	accessible_not_acetylated	-1.9166927	-0.5064225	-1.0831938
chr6	47439177	0.6931472	2.6602201	-1.967073	accessible_not_acetylated	-0.13055992	0.1900549	-0.012165308
chr6	157274902	3.8501477	5.8172016	-1.9670539	accessible_not_acetylated	-2.1459885	-0.96140957	-1.2074127
chr7	90596301	2.6390574	4.6054397	-1.9663823	accessible_not_acetylated	-1.5481691	-0.8466139	-0.9633002
chr7	17934431	0.6931472	2.659165	-1.9660177	accessible_not_acetylated	-0.36999607	0.56015396	0.21269107
chr17	48871234	0.6931472	2.659128	-1.9659808	accessible_not_acetylated	0.22513461	-0.13306403	-0.11124945
chr7	123673594	1.9459102	3.9115853	-1.9656751	accessible_not_acetylated	0.64114046	-0.29395866	0.14190626
chr18	69839077	2.8903718	4.855466	-1.9650941	accessible_not_acetylated	-1.1441216	-0.5130539	-0.106387615
chr6	57946324	0.6931472	2.6580093	-1.9648621	accessible_not_acetylated	-0.16218138	-0.22202134	0.3096323
chr6	127118902	0.0	1.9648151	-1.9648151	accessible_not_acetylated	0.8235929	-1.070051	-1.0694938
chr17	1179852	1.3862944	3.3508148	-1.9645205	accessible_not_acetylated	-1.1188397	-2.089982	-1.2771897
chr20	29443405	0.0	1.964323	-1.964323	accessible_not_acetylated	0.24239588	-0.2518325	-0.37299967
chr10	73911071	2.944439	4.9086375	-1.9641986	accessible_not_acetylated	-3.0519986	-1.0617967	-1.1886444
chr10	62268852	2.3025851	4.266759	-1.9641738	accessible_not_acetylated	0.340456	-1.2725494	-0.38742495
chr6	163439362	1.9459102	3.909953	-1.9640429	accessible_not_acetylated	-1.1753614	-0.0444026	-0.2996452
chr18	34859643	0.6931472	2.6571667	-1.9640195	accessible_not_acetylated	-0.04626918	0.19824648	0.12527347
chr6	130365586	1.0986123	3.0625267	-1.9639144	accessible_not_acetylated	0.8412621	-0.5869417	-0.76279926
chr6	136551323	2.3025851	4.2663302	-1.9637451	accessible_not_acetylated	0.46948528	0.013018608	0.07763767
chr7	153407616	3.3322046	5.2958546	-1.96365	accessible_not_acetylated	-2.6223834	-0.561491	-0.04204607
chr6	41735252	3.1780539	5.1399465	-1.9618926	accessible_not_acetylated	-1.2626629	-1.4511251	-1.0422792
chr12	118103915	1.9459102	3.9075356	-1.9616253	accessible_not_acetylated	-0.49243283	-1.5423484	-1.1054072
chr12	31119117	1.609438	3.5709572	-1.9615192	accessible_not_acetylated	-1.5702825	-1.1847515	-1.2807832
chr18	37444791	1.0986123	3.0596104	-1.960998	accessible_not_acetylated	-0.79098964	-1.0459852	-0.545279
chr17	75515767	3.4965076	5.4574256	-1.960918	accessible_not_acetylated	-1.3534522	-0.14776659	-0.8315649
chr6	116431047	0.0	1.9594104	-1.9594104	accessible_not_acetylated	0.50084186	-0.24068213	0.06359458
chr10	68576286	1.3862944	3.345468	-1.9591737	accessible_not_acetylated	-1.1440668	-0.56743836	-0.36794186
chr8	27908220	0.0	1.9590626	-1.9590626	accessible_not_acetylated	1.3515155	0.18324447	-0.14676476
chr20	21505505	1.3862944	3.3449016	-1.9586072	accessible_not_acetylated	-0.55249715	-0.6253753	-0.43252063
chr10	86632319	0.6931472	2.6512034	-1.9580562	accessible_not_acetylated	-0.322757	-1.502372	-0.7498336
chr21	43478223	0.0	1.9573295	-1.9573295	accessible_not_acetylated	0.04017186	-0.8183973	-0.8130206
chr18	11981270	3.5263605	5.482288	-1.9559274	accessible_not_acetylated	-3.6833706	-1.334065	-1.227643
chr10	90921275	0.0	1.9556367	-1.9556367	accessible_not_acetylated	0.8037932	0.0676806	0.10887313
chr10	92435202	0.0	1.9555074	-1.9555074	accessible_not_acetylated	-0.49066055	-0.44196236	-0.22193146
chr10	133336973	0.6931472	2.6485114	-1.9553642	accessible_not_acetylated	0.47681284	-1.1210424	-0.2379787
chr10	84762381	0.0	1.955348	-1.955348	accessible_not_acetylated	0.73844385	0.033900023	0.18884706
chr10	80356755	0.6931472	2.6482148	-1.9550676	accessible_not_acetylated	0.38921738	-1.5658084	-1.0760658
chr12	49273673	2.7080503	4.662246	-1.954196	accessible_not_acetylated	-2.5817509	-0.29694176	-0.12481403
chr10	80130435	0.6931472	2.6468556	-1.9537084	accessible_not_acetylated	-0.37242937	-0.32667518	-0.19823313
chr8	28411984	1.3862944	3.3399355	-1.9536412	accessible_not_acetylated	-0.39997888	-2.265865	-1.2756197
chr17	10791169	1.0986123	3.0520787	-1.9534664	accessible_not_acetylated	-0.44977665	0.49903727	0.21639013
chr7	45846792	0.0	1.9531611	-1.9531611	accessible_not_acetylated	0.41008747	0.19209707	-0.09035015
chr12	93429664	1.7917595	3.7449064	-1.9531469	accessible_not_acetylated	-1.2884417	-0.54483366	-0.2161448
chr20	33862996	1.3862944	3.3373945	-1.9511001	accessible_not_acetylated	-0.92122173	-1.440237	-0.4303162
chr6	5746587	0.0	1.9510314	-1.9510314	accessible_not_acetylated	0.249609	-0.06710148	-0.2236402
chr7	100675679	2.9957323	4.9463005	-1.9505682	accessible_not_acetylated	-1.9227076	-0.22878551	-1.2009974
chr10	48656232	2.7080503	4.6576037	-1.9495535	accessible_not_acetylated	-2.5704126	-1.1469164	-0.80671453
chr18	24397918	1.7917595	3.7396362	-1.9478767	accessible_not_acetylated	0.009138823	-1.4388399	-0.23645043
chr7	73319017	1.0986123	3.046465	-1.9478526	accessible_not_acetylated	-1.0372238	-0.6519065	-0.37059498
chr7	44348538	0.6931472	2.6407435	-1.9475963	accessible_not_acetylated	-0.38204455	-0.5912578	-0.28169894
chr17	64000648	2.0794415	4.0262322	-1.9467907	accessible_not_acetylated	-2.0643792	-0.8006635	-0.46317673
chr6	150418341	2.0794415	4.025677	-1.9462357	accessible_not_acetylated	-1.3049505	-0.49409366	0.015098572
chr8	8318781	0.6931472	2.6393359	-1.9461887	accessible_not_acetylated	-1.6034485	-1.6126512	-1.4442456
chr17	73976321	0.0	1.9458455	-1.9458455	accessible_not_acetylated	1.2991015	0.2299496	-0.034105778
chr12	91986283	0.6931472	2.6386852	-1.945538	accessible_not_acetylated	-0.48259974	0.42048264	0.29120803
chr7	30296517	1.609438	3.5548344	-1.9453964	accessible_not_acetylated	-0.41071105	0.36306906	0.014777899
chr7	76626094	2.5649493	4.5089607	-1.9440114	accessible_not_acetylated	-1.1183629	0.002600193	0.15826035
chr22	27754668	0.0	1.9437507	-1.9437507	accessible_not_acetylated	1.8587493	-0.2858963	-0.09947598
chr7	123770597	0.6931472	2.6368084	-1.9436612	accessible_not_acetylated	0.07813382	0.4474473	0.080471516
chr17	15699614	2.8903718	4.833987	-1.9436154	accessible_not_acetylated	-0.8995092	0.37949324	0.2206583
chr17	15817742	0.0	1.9432788	-1.9432788	accessible_not_acetylated	0.14749885	-0.32171714	-0.37155354
chr7	76282817	1.7917595	3.7323651	-1.9406056	accessible_not_acetylated	-1.3357952	-1.8531884	-1.2182255
chr22	23754443	0.0	1.9404626	-1.9404626	accessible_not_acetylated	0.3476584	-0.21773958	-0.48268914
chr21	46699290	0.0	1.9400544	-1.9400544	accessible_not_acetylated	0.03166318	-0.8749846	0.1942687
chr10	132449133	1.0986123	3.0375419	-1.9389296	accessible_not_acetylated	-0.8683624	-1.2015216	-1.2439712
chr17	9240959	1.609438	3.548267	-1.938829	accessible_not_acetylated	-0.60889864	-0.4930849	-0.6891713
chr12	132904921	0.0	1.9378011	-1.9378011	accessible_not_acetylated	0.94475317	0.091273785	-0.35791266
chr20	25585423	1.0986123	3.0359826	-1.9373703	accessible_not_acetylated	1.4908328	-1.9529037	-0.8184662
chr8	47737967	2.9957323	4.932693	-1.9369607	accessible_not_acetylated	-2.5599337	-0.8301902	-1.0084476
chr7	23680113	0.0	1.9364877	-1.9364877	accessible_not_acetylated	1.8990207	-0.72645164	-0.3111987
chr8	10672636	0.0	1.9360077	-1.9360077	accessible_not_acetylated	1.0132294	0.22454476	-0.16355789
chr10	132352796	0.0	1.9355905	-1.9355905	accessible_not_acetylated	-0.35918593	-0.3922391	-0.89081895
chr20	62321513	2.7725887	4.7074695	-1.9348807	accessible_not_acetylated	-2.469401	-2.4315436	-2.4451642
chr22	39706603	0.0	1.9344518	-1.9344518	accessible_not_acetylated	0.48285604	-0.3801756	-0.4339416
chr17	63873729	0.0	1.9342126	-1.9342126	accessible_not_acetylated	0.5034443	0.22500145	-0.074138045
chr20	30537587	0.6931472	2.6272645	-1.9341173	accessible_not_acetylated	1.7281327	-0.27734017	-0.007275343
chr17	1203438	0.0	1.934038	-1.934038	accessible_not_acetylated	2.8294039	-0.88775015	-0.14893258
chr10	43070855	0.6931472	2.62718	-1.9340329	accessible_not_acetylated	-0.3700137	-0.66679525	-0.37175655
chr8	20099437	0.0	1.9338925	-1.9338925	accessible_not_acetylated	0.9996896	-0.018654823	0.639446
chr6	135015347	0.6931472	2.626654	-1.9335067	accessible_not_acetylated	-0.1583569	0.1511538	-0.23026419
chr22	30635129	2.8332133	4.766368	-1.9331546	accessible_not_acetylated	-2.193249	-1.1104918	-0.44737673
chr12	6558211	0.0	1.9327741	-1.9327741	accessible_not_acetylated	0.040691733	-0.07384169	-0.15178204
chr20	38806376	2.4849067	4.4172387	-1.932332	accessible_not_acetylated	-2.040415	-1.609684	-1.6392221
chr8	120812069	0.0	1.9320738	-1.9320738	accessible_not_acetylated	0.49867487	-1.0101309	-0.80538166
chr12	62267717	2.944439	4.874836	-1.930397	accessible_not_acetylated	-2.1897902	-0.0711813	0.1755395
chr8	80091805	0.0	1.9298257	-1.9298257	accessible_not_acetylated	-0.2123537	-0.34478676	-0.32962978
chr7	32964515	2.3025851	4.232113	-1.9295278	accessible_not_acetylated	-1.2968211	-0.5564585	-0.023296833
chr10	132893956	0.0	1.9294639	-1.9294639	accessible_not_acetylated	-0.19680548	-0.4360057	-0.3495779
chr8	64380087	0.0	1.9293642	-1.9293642	accessible_not_acetylated	1.5592065	0.1777308	-0.050513268
chr7	965082	1.0986123	3.0278654	-1.9292531	accessible_not_acetylated	0.13526917	-0.10388899	-0.23688078
chr7	97973500	0.6931472	2.622296	-1.9291489	accessible_not_acetylated	-0.08363962	-0.57313275	-0.3461678
chr10	25704821	0.6931472	2.6222036	-1.9290564	accessible_not_acetylated	-0.40561295	-0.14136004	-0.21914554
chr21	14011035	1.609438	3.5379772	-1.9285393	accessible_not_acetylated	-1.1642294	-1.0121353	-0.77034616
chr10	118908669	0.0	1.9281576	-1.9281576	accessible_not_acetylated	0.32818818	-0.23727453	-0.30842924
chr20	36092656	2.3978953	4.325444	-1.9275489	accessible_not_acetylated	-1.4855611	-1.4615166	-0.8395214
chr22	50606398	0.0	1.9271163	-1.9271163	accessible_not_acetylated	0.38478434	-0.37434387	-0.56092536
chr17	81953624	0.6931472	2.6186242	-1.925477	accessible_not_acetylated	-0.4639449	-0.22691393	-0.45417213
chr8	30384500	0.0	1.9245362	-1.9245362	accessible_not_acetylated	0.84935164	-1.2396262	-1.1713111
chr6	135063018	1.0986123	3.0230966	-1.9244843	accessible_not_acetylated	-0.0029096603	-0.21584392	-0.33298206
chr10	43046757	1.0986123	3.022856	-1.9242437	accessible_not_acetylated	-1.3723278	-0.7322688	-0.47343135
chr8	108703984	0.0	1.923955	-1.923955	accessible_not_acetylated	0.30536962	-0.143713	0.10314131
chr12	9751501	3.1354942	5.05939	-1.9238958	accessible_not_acetylated	-3.0589507	-0.7425432	-0.103024006
chr7	80919252	1.7917595	3.7155821	-1.9238226	accessible_not_acetylated	-0.18198848	-1.0266402	-0.83023834
chr17	81528092	1.3862944	3.3089437	-1.9226494	accessible_not_acetylated	-0.6878977	-1.1757157	-0.8693123
chr12	113153172	2.3978953	4.3200917	-1.9221964	accessible_not_acetylated	-0.49661636	-0.55796623	-0.6876433
chr10	43203019	4.060443	5.982301	-1.9218583	accessible_not_acetylated	-3.4592147	-0.7680297	-1.714437
chr8	43276283	1.9459102	3.8676167	-1.9217064	accessible_not_acetylated	-1.9009291	-0.804075	-0.91895556
chr10	103693133	1.9459102	3.8674831	-1.9215729	accessible_not_acetylated	-1.0949249	-1.1758511	-0.5706332
chr10	7666998	0.0	1.9204847	-1.9204847	accessible_not_acetylated	0.37712038	-0.8720695	-1.0227641
chr8	90853085	0.0	1.9202685	-1.9202685	accessible_not_acetylated	0.39981198	-0.26574826	-0.10392666
chr7	145697694	1.7917595	3.7120008	-1.9202414	accessible_not_acetylated	-2.020462	-1.0575356	-0.633888
chr20	45832820	1.3862944	3.3053386	-1.9190443	accessible_not_acetylated	-0.32470393	-0.38622737	-0.08677459
chr21	46098113	0.6931472	2.6120052	-1.918858	accessible_not_acetylated	0.011035919	-1.2390847	-1.4977173
chr6	131951378	0.0	1.9186909	-1.9186909	accessible_not_acetylated	0.61276317	-0.89693046	-0.90646696
chr20	63831015	1.0986123	3.0171146	-1.9185023	accessible_not_acetylated	-1.5299114	-1.5597289	-0.63913083
chr6	166956412	3.6109178	5.52804	-1.9171221	accessible_not_acetylated	-2.1217167	-1.345828	-1.5423112
chr12	56147020	2.6390574	4.556167	-1.9171097	accessible_not_acetylated	-1.9054658	0.3586192	-0.1037035
chr12	122147722	1.3862944	3.302639	-1.9163446	accessible_not_acetylated	-0.6604557	0.07802343	-0.3403921
chr21	17454713	2.3025851	4.2187037	-1.9161186	accessible_not_acetylated	-0.9695537	0.29724646	0.16147184
chr12	108129491	3.1354942	5.0514503	-1.915956	accessible_not_acetylated	-3.2005947	-1.603653	-1.0786576
chr10	106863719	0.0	1.9152086	-1.9152086	accessible_not_acetylated	-0.06505799	-0.38265932	-0.29422426
chr17	41662876	0.6931472	2.6080906	-1.9149435	accessible_not_acetylated	-0.73144054	-0.39382672	-0.5811174
chr10	79703226	0.0	1.914669	-1.914669	accessible_not_acetylated	0.8876059	0.33284998	0.28347015
chr22	41914892	1.7917595	3.706111	-1.9143515	accessible_not_acetylated	-1.452209	-2.2607794	-1.192867
chr7	66765681	1.3862944	3.300332	-1.9140377	accessible_not_acetylated	0.7676792	0.3999548	0.3979659
chr21	34364023	0.0	1.9139616	-1.9139616	accessible_not_acetylated	0.6775565	-0.139251	0.06807077
chr7	151248801	2.7725887	4.6864076	-1.9138188	accessible_not_acetylated	-0.8639796	-0.34096432	-0.76170874
chr6	56843453	1.7917595	3.7048566	-1.9130971	accessible_not_acetylated	-0.60124993	-1.5360441	-1.0068734
chr17	46254007	0.6931472	2.6060815	-1.9129343	accessible_not_acetylated	0.061903477	-0.47498655	-0.48421454
chr6	37699162	1.609438	3.52193	-1.912492	accessible_not_acetylated	-0.031952143	-1.3081362	-0.8504133
chr20	43916141	0.0	1.9124281	-1.9124281	accessible_not_acetylated	1.4552083	-0.64008474	-0.5814953
chr17	21768242	0.6931472	2.6053042	-1.912157	accessible_not_acetylated	-0.111795664	-0.2492907	-0.29488206
chr17	57995615	2.9957323	4.9077077	-1.9119754	accessible_not_acetylated	-1.9077327	-0.11944008	0.020175457
chr22	44620380	0.6931472	2.6040602	-1.910913	accessible_not_acetylated	0.73684406	-0.08330202	-0.13477492
chr12	111299007	0.6931472	2.6036046	-1.9104574	accessible_not_acetylated	-0.41730762	-0.791806	-0.8519529
chr6	162727854	3.3322046	5.242563	-1.9103582	accessible_not_acetylated	0.6849284	-0.86521864	-0.16914988
chr17	11644475	0.0	1.9102975	-1.9102975	accessible_not_acetylated	0.8622552	-0.26687562	0.10968983
chr17	74351980	1.0986123	3.008142	-1.9095297	accessible_not_acetylated	-2.1008008	-1.6109598	-1.0081447
chr12	70366959	2.3025851	4.2109256	-1.9083405	accessible_not_acetylated	-1.6359746	-1.5925636	-0.734535
chr8	42140479	2.3025851	4.210871	-1.9082861	accessible_not_acetylated	-1.764308	-0.4346943	-0.738348
chr6	17015872	1.0986123	3.006599	-1.9079866	accessible_not_acetylated	0.22749734	-1.1467481	-0.6319151
chr8	18452292	1.609438	3.5169878	-1.9075499	accessible_not_acetylated	-0.3511982	0.2583022	0.43330264
chr12	4307971	0.6931472	2.6000009	-1.9068537	accessible_not_acetylated	0.63688445	-0.41912413	-0.18650961
chr10	68828350	1.609438	3.5145187	-1.9050808	accessible_not_acetylated	-1.3111055	-0.67125773	-1.1795852
chr17	67016580	0.0	1.9049737	-1.9049737	accessible_not_acetylated	0.08229244	-0.19601905	-0.37872958
chr20	43514351	3.1780539	5.082254	-1.9042001	accessible_not_acetylated	-1.9148395	-0.8650007	-0.77389383
chr7	129785220	1.3862944	3.2893581	-1.9030638	accessible_not_acetylated	1.4509296	-0.68473864	-0.43786168
chr18	46375149	0.0	1.9015014	-1.9015014	accessible_not_acetylated	0.40138698	-0.21927845	-0.24443555
chr7	56097914	2.0794415	3.9801939	-1.9007523	accessible_not_acetylated	-1.540658	-0.42144465	-0.15673518
chr6	36840051	1.609438	3.5098794	-1.9004414	accessible_not_acetylated	-1.6616006	-2.2414129	-1.3776662
chr10	71217844	1.9459102	3.8461285	-1.9002182	accessible_not_acetylated	-1.9086353	-1.409976	-0.95012116
chr18	27185338	0.0	1.8998933	-1.8998933	accessible_not_acetylated	0.45352125	-0.96510553	-0.7738284
chr17	74842940	0.6931472	2.5920088	-1.8988616	accessible_not_acetylated	-1.2612889	-1.0734503	-1.0728263
chr17	31525989	1.9459102	3.8433008	-1.8973906	accessible_not_acetylated	-1.649647	-0.88220835	-0.5282159
chr10	133568275	0.0	1.8968828	-1.8968828	accessible_not_acetylated	-0.03846526	-1.0640354	-1.0898889
chr22	20703130	3.8501477	5.746479	-1.8963313	accessible_not_acetylated	-2.889001	-0.2843423	-1.6173563
chr6	18126292	0.6931472	2.5889556	-1.8958085	accessible_not_acetylated	0.004579544	-0.3513658	-0.1566515
chr7	128525779	2.0794415	3.9746523	-1.8952107	accessible_not_acetylated	-1.2088747	-0.20188856	-0.034558296
chr6	25279235	2.9957323	4.8896995	-1.8939672	accessible_not_acetylated	-1.585793	-1.1025789	-0.8319988
chr7	151303754	1.0986123	2.9924285	-1.8938162	accessible_not_acetylated	0.05323744	-0.39521527	-0.3711803
chr8	406842	2.1972246	4.090962	-1.8937373	accessible_not_acetylated	0.07847452	-0.51724744	-0.7982235
chr17	19111233	2.944439	4.837951	-1.8935122	accessible_not_acetylated	-0.11187315	-0.17806244	0.23433256
chr17	81004365	1.9459102	3.839055	-1.8931448	accessible_not_acetylated	-1.3292656	-1.0459237	-1.0166335
chr10	3173123	3.637586	5.530358	-1.8927717	accessible_not_acetylated	-1.9104037	-1.0246902	-1.39715
chr20	57496196	0.6931472	2.5852475	-1.8921003	accessible_not_acetylated	-0.15359259	-0.39109635	-0.074997425
chr10	44385097	0.0	1.8914864	-1.8914864	accessible_not_acetylated	0.93822956	-1.3482862	-1.1695598
chr17	80967779	0.6931472	2.5844722	-1.891325	accessible_not_acetylated	-0.48090887	-0.33428955	-0.5730202
chr17	63889121	0.6931472	2.584319	-1.8911719	accessible_not_acetylated	0.035850763	-0.3541913	-0.01617384
chr10	43690011	1.9459102	3.8370526	-1.8911424	accessible_not_acetylated	-0.9144168	0.03062439	-0.6523299
chr10	74100	1.0986123	2.9892628	-1.8906505	accessible_not_acetylated	-0.22013044	-1.0863171	-0.3804853
chr7	136481090	0.0	1.890231	-1.890231	accessible_not_acetylated	1.034726	0.03962469	0.02947867
chr7	75092803	3.5553482	5.4451733	-1.8898251	accessible_not_acetylated	-0.36855698	-0.19564915	-0.22340775
chr12	45051099	0.0	1.8888597	-1.8888597	accessible_not_acetylated	1.237611	-0.8808415	-1.1059932
chr18	50266522	0.0	1.8885816	-1.8885816	accessible_not_acetylated	2.5164385	-0.62213147	-0.21494305
chr7	5811003	0.6931472	2.5816078	-1.8884606	accessible_not_acetylated	-0.52901196	-0.24550414	-0.13299012
chr6	10113248	1.0986123	2.9863112	-1.8876989	accessible_not_acetylated	0.069251776	-1.0253835	-0.25654984
chr12	32919322	0.0	1.8870225	-1.8870225	accessible_not_acetylated	0.4848683	-0.30491483	-0.3113407
chr17	10616700	0.0	1.886672	-1.886672	accessible_not_acetylated	0.47391582	-0.30576384	-0.3186481
chr22	21402961	3.1354942	5.020669	-1.8851748	accessible_not_acetylated	-0.9069414	0.8764906	-0.22114944
chr6	132401534	0.6931472	2.5779192	-1.8847721	accessible_not_acetylated	0.75992227	-1.2838318	-0.9287168
chr22	20436424	1.609438	3.4935548	-1.8841169	accessible_not_acetylated	-0.058850765	-1.2598155	-1.075351
chr8	143512771	0.6931472	2.5768766	-1.8837295	accessible_not_acetylated	-0.90429926	-0.67024636	-0.8231313
chr18	26417414	0.6931472	2.576578	-1.8834307	accessible_not_acetylated	0.3557787	0.5514412	-0.13348293
chr20	35601199	2.4849067	4.3677773	-1.8828707	accessible_not_acetylated	-0.9922893	-1.689379	-1.08689
chr7	128361932	2.0794415	3.9618645	-1.8824229	accessible_not_acetylated	-2.4753976	-1.5395784	-0.84724045
chr7	31059725	0.6931472	2.57549	-1.8823428	accessible_not_acetylated	-0.8323463	-0.87952375	-0.649323
chr7	5488003	1.3862944	3.2684987	-1.8822043	accessible_not_acetylated	-1.3686612	-1.3902655	-0.883384
chr6	166168669	0.0	1.8821883	-1.8821883	accessible_not_acetylated	2.623774	-0.42195225	0.14753437
chr6	11618726	0.0	1.8818276	-1.8818276	accessible_not_acetylated	0.67567086	0.03864622	-0.08141649
chr12	53482394	2.5649493	4.44626	-1.8813107	accessible_not_acetylated	-1.9278226	0.2007742	-0.22487402
chr7	2647092	2.8332133	4.71385	-1.8806367	accessible_not_acetylated	-2.3357928	-1.3599043	-1.2642069
chr8	94713567	0.0	1.8800546	-1.8800546	accessible_not_acetylated	0.014790177	-0.29532778	-0.46282983
chr7	44104360	0.6931472	2.573106	-1.8799589	accessible_not_acetylated	-0.20510149	-1.014474	-1.1538279
chr10	4549293	0.6931472	2.5717344	-1.8785872	accessible_not_acetylated	-0.16255617	-0.22243643	-0.24228597
chr22	20155506	2.0794415	3.9579773	-1.8785357	accessible_not_acetylated	-1.8476696	-0.7092948	-0.7413001
chr6	133241356	0.0	1.8784614	-1.8784614	accessible_not_acetylated	2.9987726	-0.9647734	-0.6286814
chr8	37797105	1.9459102	3.82384	-1.8779297	accessible_not_acetylated	-2.6930122	-1.7136009	-1.6088877
chr12	57127954	3.3322046	5.210109	-1.8779047	accessible_not_acetylated	-1.9516394	-0.49769545	-0.64907646
chr17	63896661	0.0	1.8778576	-1.8778576	accessible_not_acetylated	0.49906504	0.15075791	-0.13763118
chr8	48318681	1.609438	3.4868138	-1.8773758	accessible_not_acetylated	-0.2317276	-1.2035508	-0.29435897
chr18	12039147	1.3862944	3.262675	-1.8763807	accessible_not_acetylated	-1.1194499	-1.3366082	-0.693769
chr21	45974850	1.7917595	3.6671746	-1.8754151	accessible_not_acetylated	0.7570255	-0.8808589	-0.20345831
chr17	59331649	2.0794415	3.9546905	-1.8752489	accessible_not_acetylated	-0.2710836	-0.7065506	-0.96874356
chr6	149923177	1.7917595	3.6669707	-1.8752112	accessible_not_acetylated	-0.60063267	-1.5242729	-0.9889345
chr22	50783652	2.4849067	4.360092	-1.8751855	accessible_not_acetylated	-0.0055093765	0.18136787	-0.25467634
chr21	46000838	1.3862944	3.260274	-1.8739796	accessible_not_acetylated	-1.1534476	-1.823261	-1.2688723
chr10	111087477	0.6931472	2.5665398	-1.8733926	accessible_not_acetylated	0.08998704	-0.021806955	-0.021558046
chr8	133455912	0.0	1.8729262	-1.8729262	accessible_not_acetylated	0.44073153	-0.10352206	-0.45400155
chr12	49274838	2.1972246	4.069944	-1.8727193	accessible_not_acetylated	-1.4828815	0.35295868	-0.006063938
chr7	31246	2.3025851	4.175166	-1.872581	accessible_not_acetylated	-1.4467316	0.1702013	-0.7271166
chr10	101217623	0.0	1.8723526	-1.8723526	accessible_not_acetylated	1.1115437	-0.7934587	-0.7496524
chr17	32079948	0.6931472	2.5654306	-1.8722835	accessible_not_acetylated	0.062440157	0.22427464	0.24305296
chr7	75147090	1.609438	3.4815507	-1.8721128	accessible_not_acetylated	-1.113513	-0.20768595	-0.28307843
chr6	138161920	0.6931472	2.565169	-1.8720219	accessible_not_acetylated	-0.06644201	-1.7341597	-1.1728585
chr17	81457826	0.0	1.8718421	-1.8718421	accessible_not_acetylated	0.68320155	-0.55288875	-0.8002145
chr7	44804070	1.7917595	3.6627817	-1.8710222	accessible_not_acetylated	-1.5407076	0.05521536	-0.10586238
chr7	5064571	0.0	1.8705927	-1.8705927	accessible_not_acetylated	-0.25425708	0.091792226	-0.021057248
chr8	79767999	3.713572	5.5841103	-1.8705382	accessible_not_acetylated	-3.2805915	-1.5019317	-1.0811696
chr12	66087571	0.0	1.869971	-1.869971	accessible_not_acetylated	0.01220715	-0.23827755	-0.3153522
chr20	3696408	0.0	1.869885	-1.869885	accessible_not_acetylated	0.20190573	-0.49063885	-0.36301184
chr6	3229755	2.7080503	4.577823	-1.8697729	accessible_not_acetylated	-1.2457595	-1.0467823	-0.48651886
chr8	144046141	2.3978953	4.266462	-1.8685665	accessible_not_acetylated	-2.3631196	-0.34168386	-0.9820645
chr7	36108154	1.0986123	2.9670923	-1.86848	accessible_not_acetylated	-0.06915164	-0.10050559	0.28572345
chr10	11823972	3.0445225	4.912099	-1.8675764	accessible_not_acetylated	-1.8681054	-0.9547951	-0.6693697
chr12	120663087	0.0	1.8673971	-1.8673971	accessible_not_acetylated	0.11605513	-0.085108876	-0.14770448
chr22	18936553	0.0	1.8660457	-1.8660457	accessible_not_acetylated	0.37525153	-1.0238268	-0.71460724
chr22	18110686	0.0	1.865865	-1.865865	accessible_not_acetylated	0.7765901	-0.8222414	-0.9418316
chr10	132185746	0.6931472	2.5587752	-1.865628	accessible_not_acetylated	-0.18039083	-1.50322	-0.907513
chr7	45099786	2.1972246	4.062461	-1.8652363	accessible_not_acetylated	-1.6800134	-0.2287674	-0.24419951
chr20	48621132	2.3025851	4.1674643	-1.8648791	accessible_not_acetylated	-1.6124349	-0.5526483	-0.8426945
chr12	26122625	1.0986123	2.963028	-1.8644156	accessible_not_acetylated	-0.6596582	-1.689033	-0.8322871
chr21	14216333	2.7080503	4.5722594	-1.8642092	accessible_not_acetylated	0.37740135	-0.2079215	-0.090283394
chr7	102512745	2.8332133	4.6963024	-1.8630891	accessible_not_acetylated	-2.457513	0.11733341	-0.6543684
chr17	32060885	1.7917595	3.6548405	-1.863081	accessible_not_acetylated	-1.3928554	-0.5259943	-0.20117354
chr22	24250815	0.0	1.8630347	-1.8630347	accessible_not_acetylated	0.9328363	-0.5842836	-0.42490125
chr20	63238660	0.6931472	2.55599	-1.8628428	accessible_not_acetylated	-0.26470852	-1.0364664	-0.8489158
chr7	138981449	1.609438	3.4717183	-1.8622804	accessible_not_acetylated	-0.5217173	-0.8683152	-0.85443306
chr21	44765824	2.3025851	4.1647553	-1.8621702	accessible_not_acetylated	-1.097116	-1.1501038	-0.4156351
chr20	45833801	2.4849067	4.3467135	-1.8618069	accessible_not_acetylated	-1.0726385	-2.0074384	-0.62849236
chr8	85463353	1.7917595	3.6535647	-1.8618052	accessible_not_acetylated	-0.78196025	-1.0779669	-0.75635266
chr10	46911395	0.6931472	2.554634	-1.8614869	accessible_not_acetylated	0.25033855	-1.2333304	-0.7401676
chr6	68719916	0.6931472	2.5543487	-1.8612015	accessible_not_acetylated	-1.0632653	0.29676437	-0.09205866
chr6	111534611	0.0	1.8603394	-1.8603394	accessible_not_acetylated	0.9873433	0.32416415	-0.100969315
chr12	109712311	1.7917595	3.651568	-1.8598084	accessible_not_acetylated	-0.5378876	-1.3020692	-0.24143219
chr10	38118326	0.0	1.8596904	-1.8596904	accessible_not_acetylated	-0.3817222	0.068362	0.08804226
chr6	167828461	4.0253515	5.88488	-1.8595285	accessible_not_acetylated	-2.668139	-0.42264748	-0.13386679
chr21	45211838	0.0	1.8589354	-1.8589354	accessible_not_acetylated	1.4396551	0.35158968	0.12953067
chr20	2729329	0.0	1.8588932	-1.8588932	accessible_not_acetylated	0.5397644	0.034464836	-0.019858003
chr10	75295220	2.9957323	4.8543525	-1.8586202	accessible_not_acetylated	-2.3469062	-0.80139256	-0.8503852
chr6	57944887	0.6931472	2.551093	-1.8579459	accessible_not_acetylated	-0.10491443	-0.13375783	-0.13786602
chr12	4269564	1.9459102	3.802825	-1.8569148	accessible_not_acetylated	1.7377005	-0.2653141	-0.521307
chr8	100916593	1.3862944	3.2430663	-1.856772	accessible_not_acetylated	-0.91443515	0.26330352	-0.16292286
chr17	38415595	3.8286414	5.6853857	-1.8567443	accessible_not_acetylated	-3.4580908	-0.9007487	-0.7102623
chr18	32018384	3.0910425	4.9473658	-1.8563232	accessible_not_acetylated	-2.306352	-0.49364662	-0.37833118
chr8	143496237	0.0	1.8543849	-1.8543849	accessible_not_acetylated	0.7681668	0.28612185	-0.050314903
chr17	68197400	0.6931472	2.5474505	-1.8543034	accessible_not_acetylated	0.6902602	-1.204417	-0.8300425
chr8	143771027	2.4849067	4.3388658	-1.8539591	accessible_not_acetylated	-1.6891634	-1.4975016	-1.1287427
chr17	75525486	3.3322046	5.1852646	-1.85306	accessible_not_acetylated	-1.6617897	-0.9430771	-0.94534206
chr10	79052454	1.0986123	2.9505029	-1.8518906	accessible_not_acetylated	-1.2370679	-0.7917228	-0.4674859
chr22	19033103	1.7917595	3.6425862	-1.8508267	accessible_not_acetylated	-1.1575336	0.17020798	-0.5498004
chr10	124544855	0.6931472	2.5438704	-1.8507233	accessible_not_acetylated	-0.47142744	-0.900782	-0.6488745
chr8	12601482	0.0	1.8496726	-1.8496726	accessible_not_acetylated	0.6583288	-0.26818013	-1.0310546
chr10	100879910	0.0	1.8495352	-1.8495352	accessible_not_acetylated	0.7511823	-0.32583702	-0.35671902
chr8	17577150	1.3862944	3.234194	-1.8478997	accessible_not_acetylated	-0.3349445	-1.7071741	-1.0726349
chr8	42153232	3.3672957	5.2143707	-1.847075	accessible_not_acetylated	-2.1335452	-1.4186351	-1.3710992
chr6	32982548	2.6390574	4.484365	-1.8453076	accessible_not_acetylated	-1.3669524	0.04461813	0.074447155
chr17	28041473	3.8501477	5.6947956	-1.8446479	accessible_not_acetylated	-2.1544356	-0.4545889	-0.6558385
chr8	144334365	1.0986123	2.9424958	-1.8438835	accessible_not_acetylated	-0.32572007	-1.1024318	-0.7609856
chr6	32072032	0.6931472	2.5363138	-1.8431666	accessible_not_acetylated	-0.027508259	-0.43037748	-0.04073119
chr7	19747951	0.0	1.8429385	-1.8429385	accessible_not_acetylated	0.4246968	-0.29135203	-0.1281147
chr20	5911490	1.7917595	3.634555	-1.8427956	accessible_not_acetylated	-0.13149667	-0.47787452	-0.17012572
chr12	125065393	3.1780539	5.020522	-1.8424683	accessible_not_acetylated	-1.1604586	-0.44424963	-0.74162436
chr6	144150896	2.8332133	4.675648	-1.8424349	accessible_not_acetylated	-1.5029767	-1.262285	-0.42605162
chr8	38140537	1.7917595	3.6334782	-1.8417187	accessible_not_acetylated	-1.2050767	-0.8220916	-0.40055513
chr20	61966187	1.0986123	2.9403193	-1.841707	accessible_not_acetylated	-0.5259588	-1.2563593	-0.8936393
chr8	27614811	2.4849067	4.326419	-1.8415122	accessible_not_acetylated	-1.4334757	-0.2484932	0.10236645
chr17	1342813	1.0986123	2.9395137	-1.8409014	accessible_not_acetylated	0.26725745	-0.0721426	0.004543543
chr7	149355763	2.0794415	3.9201598	-1.8407183	accessible_not_acetylated	-1.0120356	-0.24803305	-0.08362508
chr12	132602693	1.3862944	3.2269187	-1.8406243	accessible_not_acetylated	0.11581087	0.30267477	-0.11208916
chr10	61001506	2.6390574	4.4793553	-1.8402979	accessible_not_acetylated	-1.9977069	-1.8658986	-0.8500962
chr6	38570983	0.0	1.8393996	-1.8393996	accessible_not_acetylated	-0.25803208	-0.23991036	-0.16877258
chr7	66664903	1.3862944	3.225084	-1.8387897	accessible_not_acetylated	-0.6528568	-0.64091754	-0.43326163
chr12	131311407	0.6931472	2.5315962	-1.838449	accessible_not_acetylated	0.09927559	-0.16943645	-0.15245318
chr6	29632568	4.158883	5.9954796	-1.8365965	accessible_not_acetylated	-3.2302623	-1.71485	-1.2566242
chr20	22379671	0.0	1.8362	-1.8362	accessible_not_acetylated	0.40709734	-0.013771296	0.24514079
chr21	45555921	3.4339871	5.2692523	-1.8352652	accessible_not_acetylated	-2.8839626	-1.1013303	-0.53228855
chr8	94262216	1.3862944	3.2208781	-1.8345838	accessible_not_acetylated	0.17830682	-0.5949266	-0.0990994
chr7	101165607	1.9459102	3.779862	-1.8339517	accessible_not_acetylated	1.1796122	0.24063969	-0.37689185
chr10	87435493	3.218876	5.0526323	-1.8337564	accessible_not_acetylated	-2.6898456	0.061879158	0.21427536
chr17	19142630	0.6931472	2.5269008	-1.8337536	accessible_not_acetylated	0.17580724	0.087884426	-0.17612076
chr17	41812086	2.5649493	4.398284	-1.8333347	accessible_not_acetylated	-1.0924163	-1.6516552	-0.86932516
chr21	26170823	0.6931472	2.5258338	-1.8326867	accessible_not_acetylated	1.3013484	-1.4078642	-0.76585126
chr12	95551523	0.6931472	2.525037	-1.8318899	accessible_not_acetylated	0.017893076	-0.11061978	-0.21295357
chr6	151112331	0.6931472	2.5248654	-1.8317182	accessible_not_acetylated	0.25801015	0.06438589	0.13684916
chr7	31052460	0.0	1.831207	-1.831207	accessible_not_acetylated	0.71353674	-1.278873	-1.2578627
chr7	140672265	2.1972246	4.027774	-1.8305492	accessible_not_acetylated	-0.5244217	-0.520895	-0.21229506
chr6	43455645	2.3978953	4.22826	-1.8303647	accessible_not_acetylated	-1.292098	-1.3155296	-1.2312646
chr20	45101117	1.0986123	2.928973	-1.8303607	accessible_not_acetylated	0.13683891	-0.71785975	-0.33711076
chr7	16452845	1.0986123	2.9289212	-1.8303089	accessible_not_acetylated	-1.3773571	-0.122713566	-0.115805864
chr22	20278796	1.7917595	3.6218677	-1.8301082	accessible_not_acetylated	-2.2579603	-1.1481404	-0.9160893
chr8	97597969	0.6931472	2.5231678	-1.8300207	accessible_not_acetylated	0.54260254	0.018674374	-0.10431647
chr6	149089714	0.0	1.8292313	-1.8292313	accessible_not_acetylated	0.5351355	-0.088165045	-0.15058029
chr20	63544621	1.609438	3.438225	-1.8287871	accessible_not_acetylated	-1.3192437	-0.99564433	-0.70835805
chr17	46244448	1.609438	3.43754	-1.8281021	accessible_not_acetylated	0.6822586	-0.6342912	0.018991232
chr20	35601705	2.4849067	4.312529	-1.8276224	accessible_not_acetylated	-1.3094618	-1.2630272	-1.0666554
chr10	102461940	2.6390574	4.4665885	-1.8275311	accessible_not_acetylated	-1.7835786	-1.0211873	-0.43707657
chr10	79780747	3.295837	5.1225085	-1.8266716	accessible_not_acetylated	-2.6600637	0.8439832	0.10418177
chr22	23156933	3.5263605	5.3528237	-1.8264632	accessible_not_acetylated	-2.9069974	-1.1514792	-0.43323183
chr7	151167648	1.609438	3.435614	-1.8261762	accessible_not_acetylated	-0.3205371	-1.7634163	-1.4972376
chr6	147217113	2.8903718	4.716535	-1.8261633	accessible_not_acetylated	-2.9252808	-0.74640894	-0.13312674
chr12	125533640	0.0	1.8257278	-1.8257278	accessible_not_acetylated	-0.2874037	-0.15417027	-0.4892987
chr22	44668617	0.6931472	2.5188112	-1.825664	accessible_not_acetylated	0.5711961	-1.1296109	-0.95485353
chr8	27323935	2.3978953	4.2234554	-1.8255601	accessible_not_acetylated	-1.9797223	-0.2212925	0.20387697
chr12	119988724	2.7080503	4.5335245	-1.8254743	accessible_not_acetylated	-0.71683145	-0.3858471	-0.48399782
chr17	29567778	3.5263605	5.3517838	-1.8254232	accessible_not_acetylated	-1.042695	-0.88323164	-0.68662786
chr8	37640356	0.0	1.8251467	-1.8251467	accessible_not_acetylated	1.5225849	0.11389828	-0.015373588
chr10	34815585	1.3862944	3.2114089	-1.8251145	accessible_not_acetylated	-1.0008616	-1.0292494	-1.0345228
chr22	43388503	0.0	1.8250383	-1.8250383	accessible_not_acetylated	-0.22192514	-0.519416	-0.6404387
chr18	70490556	0.0	1.8249472	-1.8249472	accessible_not_acetylated	0.13810575	-0.07158303	-0.123981476
chr6	164742168	0.0	1.8248112	-1.8248112	accessible_not_acetylated	0.21693039	-0.4892013	-0.33483624
chr8	7397960	0.0	1.8245106	-1.8245106	accessible_not_acetylated	2.2829194	0.19505215	-0.06442976
chr20	64091952	0.6931472	2.516596	-1.8234489	accessible_not_acetylated	0.11918306	-0.1671629	-0.48249745
chr8	144045200	1.9459102	3.7688746	-1.8229644	accessible_not_acetylated	-1.8145851	-0.85784554	-0.55230045
chr6	167846005	2.6390574	4.4618998	-1.8228424	accessible_not_acetylated	-1.851785	-0.23270512	-0.054479122
chr6	160348372	0.0	1.8219714	-1.8219714	accessible_not_acetylated	1.0908277	-1.18081	-1.18624
chr7	63900767	2.0794415	3.901223	-1.8217814	accessible_not_acetylated	-0.14703012	-1.0793087	0.18897176
chr8	142447664	0.0	1.8217354	-1.8217354	accessible_not_acetylated	0.15327895	-0.41257644	-0.49833322
chr8	19013717	1.0986123	2.9191833	-1.820571	accessible_not_acetylated	1.1257386	-1.8078489	-0.9881935
chr7	50721376	0.6931472	2.5115423	-1.8183951	accessible_not_acetylated	0.2601285	-0.16951036	-0.050330162
chr10	46441162	0.6931472	2.5113199	-1.8181727	accessible_not_acetylated	-0.44190717	-0.11341214	-0.09334755
chr12	63668574	0.0	1.8181725	-1.8181725	accessible_not_acetylated	1.0803232	-0.7902106	-0.33618343
chr20	1777400	0.6931472	2.511106	-1.8179588	accessible_not_acetylated	0.5825057	-0.9113126	-0.3550346
chr10	102231816	1.9459102	3.7637153	-1.817805	accessible_not_acetylated	-1.2519064	-1.0569584	-0.97334695
chr17	80035976	1.3862944	3.203701	-1.8174067	accessible_not_acetylated	0.008598328	-0.7829237	-0.46061206
chr10	122112808	0.6931472	2.510059	-1.8169119	accessible_not_acetylated	0.13896465	-1.2161533	-0.2504611
chr6	73855175	0.0	1.8165991	-1.8165991	accessible_not_acetylated	0.22950315	-0.39313698	-0.07647514
chr22	30755573	0.6931472	2.5085883	-1.8154411	accessible_not_acetylated	-0.26064563	-0.39214182	-0.2109673
chr22	19757011	3.1354942	4.9503145	-1.8148203	accessible_not_acetylated	-1.4142411	-0.5265784	-0.7821317
chr17	81952296	0.6931472	2.507554	-1.8144069	accessible_not_acetylated	-0.85042024	-0.45200014	-0.37714624
chr7	143737222	2.4849067	4.2980375	-1.8131309	accessible_not_acetylated	-2.1861742	-0.33685446	-0.1446433
chr6	42144951	0.0	1.8131099	-1.8131099	accessible_not_acetylated	-0.4088478	-0.73074937	-0.55180514
chr8	142545734	1.0986123	2.9114747	-1.8128624	accessible_not_acetylated	-0.12536693	-0.36915636	-0.5195489
chr7	50561071	0.6931472	2.5058444	-1.8126972	accessible_not_acetylated	0.020506382	-0.5020988	-0.38963866
chr8	545696	1.0986123	2.9108703	-1.812258	accessible_not_acetylated	2.6166966	0.063705444	-0.6692507
chr20	2752345	1.609438	3.4216568	-1.8122189	accessible_not_acetylated	-0.818362	-1.9270148	-0.90100646
chr10	6737381	0.0	1.8119569	-1.8119569	accessible_not_acetylated	0.17086053	-0.30309844	-0.33266163
chr12	131592410	1.9459102	3.7577448	-1.8118346	accessible_not_acetylated	-1.1542633	-1.0558262	-0.46397614
chr6	127516873	0.6931472	2.5044632	-1.811316	accessible_not_acetylated	-0.07300925	-0.70637393	-0.41548252
chr6	152268445	0.0	1.810823	-1.810823	accessible_not_acetylated	0.36780357	-0.55253434	-0.33986032
chr7	44802840	1.9459102	3.75665	-1.8107398	accessible_not_acetylated	-1.2138205	0.3538084	-0.09553027
chr12	49346864	2.8903718	4.700578	-1.8102064	accessible_not_acetylated	-1.3875146	-1.0031934	-0.6426439
chr6	32086818	0.6931472	2.5032413	-1.8100941	accessible_not_acetylated	0.5660846	0.1887722	-0.33806634
chr22	17275640	0.6931472	2.5032182	-1.810071	accessible_not_acetylated	-0.092532635	-0.712626	-0.5812131
chr12	118064703	2.4849067	4.294427	-1.8095202	accessible_not_acetylated	-1.5414224	-0.07433033	0.14649868
chr22	20310906	1.7917595	3.6011739	-1.8094144	accessible_not_acetylated	-0.37087584	-0.46766853	-0.36183906
chr8	56202410	0.0	1.8092952	-1.8092952	accessible_not_acetylated	0.6838982	-0.08329034	-0.012542725
chr12	117856790	0.0	1.8091993	-1.8091993	accessible_not_acetylated	0.65614367	-0.106040835	0.02153778
chr8	144336281	1.0986123	2.90767	-1.8090577	accessible_not_acetylated	0.28820777	-1.5179536	-0.6789694
chr7	5283019	1.0986123	2.90711	-1.8084977	accessible_not_acetylated	-1.5502115	-1.1869206	-0.90655756
chr21	26849631	0.0	1.8081479	-1.8081479	accessible_not_acetylated	0.88780737	-0.06522441	0.1830467
chr7	148804550	2.5649493	4.3729224	-1.8079731	accessible_not_acetylated	-2.0161812	-0.3755064	-0.23011827
chr6	57961474	2.8332133	4.6408443	-1.807631	accessible_not_acetylated	-0.16319036	-0.6245723	-0.5091915
chr20	64107575	0.6931472	2.5002704	-1.8071232	accessible_not_acetylated	0.03882599	-0.14028144	-0.28803253
chr17	45620396	1.3862944	3.1931744	-1.80688	accessible_not_acetylated	-1.37555	-0.24968767	-0.5840664
chr7	75442548	3.295837	5.1022778	-1.8064408	accessible_not_acetylated	-0.07003784	0.30773067	-0.053572178
chr18	9959145	2.5649493	4.3708434	-1.8058941	accessible_not_acetylated	-1.7751434	-0.44747424	0.106591225
chr22	24424105	1.3862944	3.1914093	-1.805115	accessible_not_acetylated	-0.0053446293	-1.707666	-1.0592339
chr6	89148250	0.0	1.8049932	-1.8049932	accessible_not_acetylated	1.1903374	-0.4786992	-0.39695096
chr6	149249056	1.3862944	3.1912384	-1.804944	accessible_not_acetylated	-0.52504134	-0.67987704	0.17001653
chr20	2207702	0.0	1.8048639	-1.8048639	accessible_not_acetylated	1.894942	-0.71657085	-0.3048525
chr12	76879041	3.0445225	4.848842	-1.8043196	accessible_not_acetylated	-1.1731565	-0.5100889	-0.9183645
chr17	74859901	0.6931472	2.4966054	-1.8034582	accessible_not_acetylated	-0.16302443	-1.0692142	-0.7612047
chr8	93916821	2.944439	4.747681	-1.8032422	accessible_not_acetylated	-0.83261514	-0.9171939	-0.3126936
chr7	1374607	0.6931472	2.4962635	-1.8031163	accessible_not_acetylated	0.3580823	-0.6510527	-0.41276193
chr8	132561479	0.0	1.8021839	-1.8021839	accessible_not_acetylated	0.76690984	0.34877753	0.3020711
chr17	20843975	0.0	1.8019993	-1.8019993	accessible_not_acetylated	0.5867274	-0.3633442	-0.9638569
chr6	149863478	2.6390574	4.4409175	-1.8018601	accessible_not_acetylated	-1.1792793	-0.87177587	-1.0024717
chr10	43354443	1.0986123	2.9002678	-1.8016555	accessible_not_acetylated	-0.14329457	-0.16047168	-0.07917333
chr20	23689025	0.0	1.8013246	-1.8013246	accessible_not_acetylated	0.44855165	-0.2518282	-0.25365365
chr6	96626967	0.0	1.8004045	-1.8004045	accessible_not_acetylated	0.1574862	-0.55796874	-0.29171586
chr6	3457179	3.0910425	4.891009	-1.7999663	accessible_not_acetylated	-2.600742	-1.3563783	-1.3348153
chr20	30688227	1.0986123	2.8980606	-1.7994483	accessible_not_acetylated	-0.6715579	-1.4904335	0.16773605
chr22	37569566	1.7917595	3.5910792	-1.7993197	accessible_not_acetylated	-0.06369758	1.3434644	0.11186719
chr17	60143059	2.0794415	3.8779912	-1.7985497	accessible_not_acetylated	-1.2498479	-0.87844133	-0.0807209
chr6	169164661	0.0	1.7979552	-1.7979552	accessible_not_acetylated	0.16600096	-0.38615096	-0.33951843
chr10	77927095	3.1354942	4.9325705	-1.7970762	accessible_not_acetylated	-2.5251894	-1.0635982	-0.5476999
chr6	7542447	0.6931472	2.4901786	-1.7970314	accessible_not_acetylated	2.051969	-1.3521106	-0.66563463
chr6	4156053	1.0986123	2.8952637	-1.7966514	accessible_not_acetylated	-0.105789185	0.036387205	-0.19459105
chr10	101030010	1.3862944	3.1825209	-1.7962265	accessible_not_acetylated	-0.17756176	-0.98589754	-0.21130013
chr8	133453512	1.3862944	3.1822557	-1.7959614	accessible_not_acetylated	-0.6482794	-1.3479838	-0.40051055
chr6	32087767	1.609438	3.404636	-1.795198	accessible_not_acetylated	-0.76565266	-1.059201	-1.3832698
chr7	121303774	2.0794415	3.8742406	-1.7947991	accessible_not_acetylated	-1.3226993	-0.41561723	-0.11189675
chr21	21184971	3.1780539	4.972839	-1.794785	accessible_not_acetylated	-3.0816033	-0.6954622	-0.16996431
chr7	129825482	3.3322046	5.1259494	-1.7937448	accessible_not_acetylated	-2.6885629	-0.8437605	-0.867115
chr7	100656452	1.3862944	3.1800246	-1.7937303	accessible_not_acetylated	1.2515483	-0.66539097	-0.7944951
chr10	76606	0.6931472	2.4867043	-1.7935572	accessible_not_acetylated	0.5493727	-0.42111206	-0.28402925
chr12	77324873	0.6931472	2.4866948	-1.7935476	accessible_not_acetylated	0.46815372	-0.7321209	-0.45680094
chr6	138986799	2.6390574	4.4319453	-1.7928879	accessible_not_acetylated	-0.8633363	-0.27595377	0.13299084
chr17	979893	2.1972246	3.9895363	-1.7923117	accessible_not_acetylated	-0.15561485	-1.5349283	-0.54695916
chr12	49972317	0.6931472	2.485433	-1.7922859	accessible_not_acetylated	-0.20743108	-0.21995115	-0.06599069
chr10	58149137	0.0	1.7921075	-1.7921075	accessible_not_acetylated	0.4123832	-0.21743643	-0.33051598
chr17	49899322	0.0	1.7917242	-1.7917242	accessible_not_acetylated	0.3063016	-0.28220057	-0.22868812
chr7	87160693	1.7917595	3.5828893	-1.7911298	accessible_not_acetylated	-0.64607406	0.32956862	0.07936144
chr17	76027452	0.6931472	2.483754	-1.7906067	accessible_not_acetylated	-0.5062003	-1.0673536	-0.7789006
chr17	9240190	1.9459102	3.7362814	-1.7903712	accessible_not_acetylated	-0.8995178	-1.3564684	-0.852443
chr7	139232381	3.1780539	4.9682302	-1.7901764	accessible_not_acetylated	-2.4641013	-0.696228	-0.61229134
chr17	49324699	0.0	1.7895751	-1.7895751	accessible_not_acetylated	0.6044235	0.043765187	-0.113456726
chr17	8124092	1.3862944	3.175221	-1.7889266	accessible_not_acetylated	0.22900414	-0.27107334	-0.38187504
chr6	79822064	0.0	1.7887342	-1.7887342	accessible_not_acetylated	1.804635	0.10543394	0.7513876
chr22	23979828	0.0	1.7883984	-1.7883984	accessible_not_acetylated	1.5315813	-0.6165954	-0.7564008
chr20	40741702	0.0	1.7881706	-1.7881706	accessible_not_acetylated	0.3895936	0.13891363	-0.23121607
chr6	163616651	0.6931472	2.481034	-1.7878869	accessible_not_acetylated	-0.34381294	-0.024979591	0.10088444
chr12	107318393	2.3978953	4.1852555	-1.7873602	accessible_not_acetylated	-1.7470443	-1.0248742	-1.0572176
chr12	94100475	3.5553482	5.342463	-1.7871149	accessible_not_acetylated	-2.430026	1.0447183	0.57556915
chr6	35409437	0.6931472	2.479635	-1.7864878	accessible_not_acetylated	-0.05426359	-0.3432281	0.010984421
chr6	42890478	2.3025851	4.088395	-1.78581	accessible_not_acetylated	-0.27797198	-0.05978346	-0.03361702
chr21	41767089	0.0	1.7856264	-1.7856264	accessible_not_acetylated	2.739317	-0.9304187	-0.53542984
chr8	37796337	1.9459102	3.731363	-1.7854528	accessible_not_acetylated	-0.9587734	-0.4774475	-0.2526636
chr12	131836429	1.0986123	2.8839827	-1.7853703	accessible_not_acetylated	-1.335981	-0.56481886	-0.5363598
chr7	74406293	1.0986123	2.882654	-1.7840416	accessible_not_acetylated	-0.22987866	-0.6864245	-0.27194858
chr6	125314305	0.6931472	2.47654	-1.7833929	accessible_not_acetylated	-0.20667005	-0.66311026	-0.018841982
chr8	55845327	2.0794415	3.8622544	-1.7828128	accessible_not_acetylated	-1.199189	0.10341668	-0.13402247
chr7	44096711	0.6931472	2.4744396	-1.7812924	accessible_not_acetylated	-0.21083164	-0.4613576	-0.4361341
chr10	114239253	0.0	1.7801967	-1.7801967	accessible_not_acetylated	0.19494987	-1.0104027	-0.745137
chr7	151876018	1.3862944	3.1663313	-1.7800369	accessible_not_acetylated	0.022542953	-1.942959	-1.0367498
chr20	3248857	1.3862944	3.1657705	-1.7794762	accessible_not_acetylated	-0.25298238	-1.2364848	-0.46465564
chr12	127162497	3.1354942	4.9129796	-1.7774854	accessible_not_acetylated	-2.7258377	-0.28399038	-0.09930372
chr12	78073	2.6390574	4.416473	-1.7774155	accessible_not_acetylated	-0.59050965	-1.1514692	-0.75057745
chr8	66177040	1.3862944	3.163529	-1.7772346	accessible_not_acetylated	-0.59224725	-1.5762937	-0.8544874
chr10	8054703	0.6931472	2.4697561	-1.776609	accessible_not_acetylated	0.89229846	-1.2459761	-0.5667057
chr7	139758580	0.0	1.7762779	-1.7762779	accessible_not_acetylated	1.0533816	-0.05656445	-0.22296333
chr10	44959552	2.5649493	4.3411574	-1.7762082	accessible_not_acetylated	-0.9533851	-1.0389233	-0.8291552
chr20	62954155	1.0986123	2.8747394	-1.7761271	accessible_not_acetylated	0.39732575	-0.91171813	-0.5133076
chr18	36491139	0.6931472	2.467793	-1.7746458	accessible_not_acetylated	0.4767418	0.22422457	0.5216687
chr7	1204031	0.0	1.7738887	-1.7738887	accessible_not_acetylated	0.41305864	-0.6237788	-0.512174
chr7	74405457	1.7917595	3.5652473	-1.7734878	accessible_not_acetylated	-1.4809008	-1.2237103	-0.85112786
chr12	102522951	0.0	1.7731842	-1.7731842	accessible_not_acetylated	1.0694894	0.5267607	0.1650765
chr10	79066571	3.0910425	4.8640237	-1.7729812	accessible_not_acetylated	-1.94151	-1.0191483	-0.5038934
chr12	48980921	1.609438	3.3821259	-1.7726879	accessible_not_acetylated	0.2787459	-1.2687113	-0.5325942
chr8	105906612	0.0	1.7721078	-1.7721078	accessible_not_acetylated	-0.85952544	-0.81684744	-0.44468057
chr7	25196662	0.0	1.7719293	-1.7719293	accessible_not_acetylated	1.1521604	0.05790615	0.17695487
chr12	22684744	0.0	1.7716975	-1.7716975	accessible_not_acetylated	-0.16501105	-0.1753887	-0.118504405
chr12	53470086	1.3862944	3.157855	-1.7715607	accessible_not_acetylated	-0.8658693	0.12225151	-0.33058786
chr17	19648870	1.3862944	3.1575851	-1.7712908	accessible_not_acetylated	0.5932417	-1.3175489	-0.83281493
chr12	122843009	1.0986123	2.8690891	-1.7704768	accessible_not_acetylated	-1.0984093	-0.769083	-0.47873068
chr6	32005581	0.0	1.7702432	-1.7702432	accessible_not_acetylated	0.74463177	-0.18626046	-0.21871758
chr8	81834306	0.6931472	2.463056	-1.7699089	accessible_not_acetylated	0.015158415	-0.1074512	0.04006028
chr6	28802786	3.218876	4.9887123	-1.7698364	accessible_not_acetylated	-2.0614665	0.31547642	0.080023766
chr7	101744202	2.5649493	4.334755	-1.7698057	accessible_not_acetylated	-1.4377251	-0.64059114	-0.76139617
chr10	48160866	0.0	1.7697875	-1.7697875	accessible_not_acetylated	0.53667235	0.113962054	0.12859833
chr10	35236936	0.0	1.7687902	-1.7687902	accessible_not_acetylated	0.9842911	-0.18698823	-0.06831634
chr17	48148568	2.3978953	4.166354	-1.7684588	accessible_not_acetylated	-1.1704524	-0.25460577	-0.04721117
chr20	62508771	0.6931472	2.4616022	-1.768455	accessible_not_acetylated	-0.71637297	-0.9768746	-0.81745815
chr18	77000632	0.0	1.7680662	-1.7680662	accessible_not_acetylated	-0.10716915	-0.47636878	-0.6784936
chr17	74738391	0.6931472	2.4611268	-1.7679796	accessible_not_acetylated	0.1344595	-0.47344458	-0.54114175
chr8	96227406	0.0	1.7675216	-1.7675216	accessible_not_acetylated	-0.095850706	-0.2621088	-0.30333924
chr8	53588241	0.0	1.767373	-1.767373	accessible_not_acetylated	0.97676647	0.13837922	0.38269126
chr7	73429369	1.0986123	2.8659155	-1.7673032	accessible_not_acetylated	-0.67161226	-0.8529184	-0.79535985
chr8	41905353	0.6931472	2.4599566	-1.7668095	accessible_not_acetylated	0.58361363	0.13224745	0.023483992
chr8	139896840	0.0	1.7665522	-1.7665522	accessible_not_acetylated	0.8037672	0.37600803	0.15259075
chr20	63347671	0.6931472	2.4593406	-1.7661934	accessible_not_acetylated	-0.05793929	-1.3488166	-1.0145208
chr21	45074392	4.1271343	5.8927917	-1.7656574	accessible_not_acetylated	-2.2834508	-0.8727722	-0.86131144
chr8	30555887	1.609438	3.3741884	-1.7647505	accessible_not_acetylated	-0.89213824	-0.94975567	-0.50240993
chr7	91869856	0.0	1.7645545	-1.7645545	accessible_not_acetylated	-0.55291426	-0.09589338	-0.2637099
chr17	62470914	1.3862944	3.1507053	-1.764411	accessible_not_acetylated	-0.16016722	0.31822443	0.3238492
chr22	20247296	2.3025851	4.065939	-1.7633538	accessible_not_acetylated	-2.2407103	-0.8029046	-0.73681545
chr8	143569078	2.8332133	4.5965266	-1.7633133	accessible_not_acetylated	-2.1366994	-1.9326017	-1.8224304
chr20	31845617	0.6931472	2.4564476	-1.7633004	accessible_not_acetylated	0.093192816	0.41728687	-0.4558301
chr18	48828103	1.7917595	3.554736	-1.7629764	accessible_not_acetylated	-0.62764525	-0.6802578	-0.16669464
chr17	19234875	1.0986123	2.8614678	-1.7628555	accessible_not_acetylated	-0.33711314	0.2154584	0.17462397
chr10	107164708	0.0	1.7618265	-1.7618265	accessible_not_acetylated	0.06176734	-1.2112125	-1.2170631
chr18	2846980	2.3978953	4.158906	-1.7610106	accessible_not_acetylated	-1.5812979	-0.55679464	-0.3315668
chr7	98433497	0.0	1.7602232	-1.7602232	accessible_not_acetylated	0.117558956	0.0024256706	-0.29593384
chr7	2804592	1.9459102	3.706111	-1.7602007	accessible_not_acetylated	-0.7394643	-0.42588758	-0.03446603
chr18	31799476	0.6931472	2.4532423	-1.7600951	accessible_not_acetylated	0.21953726	-0.24676514	-0.07018232
chr12	69388552	0.0	1.7597337	-1.7597337	accessible_not_acetylated	0.6604941	-0.121804595	-0.083886266
chr6	107539620	1.3862944	3.1460114	-1.759717	accessible_not_acetylated	-0.6906276	-0.14259315	0.11526966
chr6	168319754	0.0	1.759386	-1.759386	accessible_not_acetylated	0.25744545	-1.2751001	-1.5659797
chr22	20129180	3.2580965	5.016846	-1.7587497	accessible_not_acetylated	-3.14955	0.019346714	-0.28666782
chr12	52023819	2.7725887	4.5311584	-1.7585697	accessible_not_acetylated	-1.6149168	-1.4464297	-1.1472666
chr10	29318707	0.0	1.7581028	-1.7581028	accessible_not_acetylated	0.97199166	-0.094988585	-0.19073594
chr8	142480581	0.6931472	2.4511163	-1.7579691	accessible_not_acetylated	-0.24211597	-0.63161373	-0.28453732
chr6	10412637	1.7917595	3.5491867	-1.7574272	accessible_not_acetylated	-0.8316901	-1.7541733	-1.1573601
chr21	36662070	0.0	1.7571125	-1.7571125	accessible_not_acetylated	0.86072016	0.5368867	0.23720384
chr17	44374903	1.7917595	3.5479417	-1.7561822	accessible_not_acetylated	-0.6124208	-1.2575626	-0.749269
chr22	24651077	1.9459102	3.7017462	-1.755836	accessible_not_acetylated	-0.623924	-1.7667595	-0.5383613
chr17	50055911	1.0986123	2.8523278	-1.7537155	accessible_not_acetylated	0.8763306	-1.2748541	-0.7462678
chr7	101551389	1.7917595	3.5446897	-1.7529302	accessible_not_acetylated	-1.019367	-0.88774776	-0.5622568
chr8	17156568	3.218876	4.9715395	-1.7526636	accessible_not_acetylated	-3.1974726	-1.5768232	-1.4131978
chr8	25184677	0.6931472	2.4456077	-1.7524605	accessible_not_acetylated	0.5257876	-1.4788586	-1.1596456
chr12	109880522	2.7725887	4.5243473	-1.7517586	accessible_not_acetylated	-0.85546756	-0.476871	0.036933422
chr10	13536931	0.6931472	2.4446957	-1.7515485	accessible_not_acetylated	0.1235137	-0.47587514	-0.10284066
chr21	32291812	0.0	1.751068	-1.751068	accessible_not_acetylated	0.5853342	0.083979964	0.27612817
chr8	29064595	1.9459102	3.6961973	-1.750287	accessible_not_acetylated	-1.1578555	-0.3576796	-0.2167151
chr7	27200106	0.0	1.7501596	-1.7501596	accessible_not_acetylated	0.28894413	-1.1444774	-0.8742617
chr7	55657944	0.0	1.7499554	-1.7499554	accessible_not_acetylated	1.4258668	-0.07221782	0.19875538
chr17	17810770	1.609438	3.3592257	-1.7497878	accessible_not_acetylated	1.1108775	-0.45479155	-0.38754225
chr7	1719249	1.0986123	2.848278	-1.7496657	accessible_not_acetylated	-0.18579626	-0.53037786	-0.34656525
chr12	34308709	0.6931472	2.4423897	-1.7492425	accessible_not_acetylated	0.81173325	-0.2746737	-0.232939
chr10	79382686	1.3862944	3.1351354	-1.748841	accessible_not_acetylated	-0.62198186	-0.9752848	-0.15128231
chr6	34027819	1.0986123	2.8472545	-1.7486422	accessible_not_acetylated	-0.11822581	-1.2946012	-0.8638065
chr22	19029453	1.609438	3.357463	-1.748025	accessible_not_acetylated	-0.8812568	-0.9859829	-0.9542322
chr20	31861638	2.1972246	3.944837	-1.7476125	accessible_not_acetylated	-1.2875879	-1.939877	-1.3663132
chr21	29090187	1.0986123	2.8460338	-1.7474215	accessible_not_acetylated	-0.8635354	-0.36189914	-0.2986083
chr17	44829674	1.0986123	2.845877	-1.7472646	accessible_not_acetylated	1.9031312	-1.2122867	-0.47802973
chr8	94949436	3.6888795	5.4357567	-1.7468772	accessible_not_acetylated	-1.3374038	-1.2970076	-0.9167471
chr17	21405135	0.6931472	2.440021	-1.7468739	accessible_not_acetylated	-0.22713542	-0.56979144	-0.2734456
chr7	4631783	2.3978953	4.1439314	-1.746036	accessible_not_acetylated	-2.0744817	-1.0918713	-0.17901897
chr6	75349556	2.1972246	3.943067	-1.7458425	accessible_not_acetylated	-0.7492902	-0.34054065	-0.2474289
chr22	20143361	1.0986123	2.8441105	-1.7454982	accessible_not_acetylated	-1.3563697	-1.0264925	-1.1514713
chr18	500729	0.0	1.7452909	-1.7452909	accessible_not_acetylated	-0.0010656118	-0.91282827	-0.68990517
chr10	89241236	0.0	1.7450039	-1.7450039	accessible_not_acetylated	0.5951936	0.027519703	0.05610478
chr8	55103003	0.0	1.7444766	-1.7444766	accessible_not_acetylated	0.27091908	-0.7551002	-1.0654404
chr8	56558051	0.0	1.7438635	-1.7438635	accessible_not_acetylated	0.9157244	0.19683087	-0.123496056
chr17	2369932	0.6931472	2.4369676	-1.7438204	accessible_not_acetylated	0.26555157	-0.8822949	-0.7383528
chr8	123540381	1.609438	3.3531234	-1.7436855	accessible_not_acetylated	0.45616007	-0.47341204	-0.20921683
chr17	45241826	0.0	1.7435725	-1.7435725	accessible_not_acetylated	-0.2308048	-1.0257895	-1.3986343
chr7	15686683	0.0	1.7431413	-1.7431413	accessible_not_acetylated	1.452998	-0.22582126	-0.28327882
chr17	82077274	2.4849067	4.226971	-1.7420645	accessible_not_acetylated	-2.2489285	-0.49836636	-0.8184624
chr22	16562951	1.0986123	2.8405578	-1.7419455	accessible_not_acetylated	0.08454132	-0.2772162	-0.63030195
chr17	19507559	1.7917595	3.5336843	-1.7419248	accessible_not_acetylated	-0.77295685	-1.6593841	-0.8143654
chr22	20131189	3.218876	4.9604793	-1.7416034	accessible_not_acetylated	-2.443873	-0.3662982	-1.0203176
chr17	32006647	2.9957323	4.7372985	-1.7415662	accessible_not_acetylated	-1.0291245	-0.19396114	-0.26885557
chr6	119078032	3.7612002	5.5025597	-1.7413595	accessible_not_acetylated	-1.7823882	-0.6074796	-0.3640175
chr7	157010776	3.583519	5.3248715	-1.7413526	accessible_not_acetylated	-2.089707	-0.53406	-0.9067383
chr6	44270914	1.0986123	2.8392098	-1.7405975	accessible_not_acetylated	0.43024325	-1.6073928	-1.212931
chr7	2505000	0.6931472	2.4329762	-1.7398291	accessible_not_acetylated	-0.3321805	-1.0220813	-0.8934784
chr17	11599008	1.0986123	2.8382897	-1.7396774	accessible_not_acetylated	0.07714057	-0.6937332	-0.9537182
chr10	84540698	1.7917595	3.531142	-1.7393825	accessible_not_acetylated	-1.491215	-0.67003655	-0.6193936
chr7	120996516	4.26268	6.001525	-1.7388449	accessible_not_acetylated	-4.2223387	-0.91901827	-0.16195059
chr8	60910097	1.0986123	2.8369198	-1.7383075	accessible_not_acetylated	0.0011818409	-0.7906234	-0.606585
chr17	38510591	2.0794415	3.8175316	-1.73809	accessible_not_acetylated	-1.878044	-1.3070922	-0.964617
chr12	122860442	1.7917595	3.529221	-1.7374616	accessible_not_acetylated	-1.1800935	-0.5963373	-0.660367
chr7	44081398	2.8332133	4.5705795	-1.7373662	accessible_not_acetylated	-0.40435648	0.5146451	-0.038006783
chr7	75359230	2.5649493	4.3022494	-1.7373002	accessible_not_acetylated	1.1110086	0.47719717	-0.24837065
chr8	63391509	0.0	1.7372696	-1.7372696	accessible_not_acetylated	1.1380036	-0.091344595	0.28907418
chr10	79444777	3.3672957	5.104508	-1.7372122	accessible_not_acetylated	-2.1973279	-0.6525731	-1.0235114
chr21	42653672	0.6931472	2.4302027	-1.7370555	accessible_not_acetylated	-0.012496233	-1.4971886	-1.077428
chr12	113465374	1.0986123	2.8348172	-1.7362049	accessible_not_acetylated	1.4103248	-1.0446618	-0.3434441
chr17	50468866	0.6931472	2.4292798	-1.7361326	accessible_not_acetylated	0.39459085	-1.2298675	-0.9707134
chr10	49218698	2.0794415	3.8155	-1.7360585	accessible_not_acetylated	-1.6489246	-0.43971014	0.07481241
chr6	68758031	2.3025851	4.0380855	-1.7355003	accessible_not_acetylated	-1.181612	-0.45714402	-0.026712418
chr20	32585329	2.6390574	4.3743763	-1.7353189	accessible_not_acetylated	-1.3774645	-1.2216408	-1.1525812
chr6	117481624	2.3025851	4.0377994	-1.7352142	accessible_not_acetylated	-0.65771484	-0.43888354	0.07201862
chr6	42452177	1.9459102	3.6808662	-1.734956	accessible_not_acetylated	-0.4949963	-1.5435853	-0.8116207
chr7	158496093	0.6931472	2.427645	-1.7344978	accessible_not_acetylated	-0.729514	-0.98907614	-1.1062635
chr12	47942517	0.6931472	2.427536	-1.7343888	accessible_not_acetylated	-0.9277775	-1.263832	-1.290579
chr12	91355584	0.0	1.7338544	-1.7338544	accessible_not_acetylated	0.3537649	0.3414303	-0.1354903
chr6	109691364	3.4965076	5.230323	-1.7338152	accessible_not_acetylated	-0.7965069	-0.3164587	0.0030503273
chr8	74088298	0.0	1.7337202	-1.7337202	accessible_not_acetylated	0.4536506	-0.500414	-0.1399312
chr7	100374037	2.3025851	4.036233	-1.7336478	accessible_not_acetylated	-1.7742503	-0.6009507	-0.62417793
chr7	27113545	1.3862944	3.118016	-1.7317216	accessible_not_acetylated	0.025967121	-1.2438681	-0.5692713
chr6	391738	0.0	1.7313526	-1.7313526	accessible_not_acetylated	1.5618811	-0.92213506	-1.129913
chr8	144354729	1.9459102	3.6754258	-1.7295156	accessible_not_acetylated	-1.5028429	-1.7123883	-1.1472611
chr20	30585387	0.6931472	2.4224896	-1.7293425	accessible_not_acetylated	-0.839213	-1.4135077	-1.2789657
chr21	10574662	0.6931472	2.4221127	-1.7289655	accessible_not_acetylated	0.5385759	-0.34302616	0.006807089
chr18	12660047	0.6931472	2.4218512	-1.728704	accessible_not_acetylated	0.37430644	-0.34782553	-0.05093956
chr7	100966178	3.0445225	4.7731586	-1.728636	accessible_not_acetylated	-2.2300785	-1.0209503	-1.2189198
chr12	56833966	0.0	1.727916	-1.727916	accessible_not_acetylated	1.5289335	0.13754404	0.05136013
chr17	11899693	0.0	1.7272536	-1.7272536	accessible_not_acetylated	0.9652506	0.19161904	-0.18372953
chr7	100219247	0.6931472	2.4202507	-1.7271035	accessible_not_acetylated	-0.03598976	-0.22717333	-0.21797037
chr22	19875965	1.7917595	3.5188193	-1.7270598	accessible_not_acetylated	-1.9150937	-0.4353423	-0.8289757
chr7	97990104	0.0	1.7266715	-1.7266715	accessible_not_acetylated	0.13066387	-0.29175115	-0.2612226
chr7	2519583	1.9459102	3.6715684	-1.7256582	accessible_not_acetylated	-0.91927767	-1.2964258	-0.9438243
chr20	3676814	1.0986123	2.8240333	-1.725421	accessible_not_acetylated	-0.70020485	-0.98816967	-0.87889314
chr17	19031913	0.6931472	2.418485	-1.7253377	accessible_not_acetylated	0.45672202	0.13281202	-0.21490955
chr22	43060424	0.0	1.7247117	-1.7247117	accessible_not_acetylated	1.3238349	-0.07865918	-0.08756101
chr6	37697821	2.5649493	4.289619	-1.7246697	accessible_not_acetylated	-0.7723789	-1.0529244	-0.8262534
chr6	90296909	3.0445225	4.7688413	-1.7243187	accessible_not_acetylated	-1.4197774	-0.9593849	-0.9368973
chr20	34979951	2.4849067	4.2090364	-1.7241297	accessible_not_acetylated	-0.46071434	-1.4115627	-0.7956829
chr22	25334252	0.6931472	2.4171839	-1.7240367	accessible_not_acetylated	0.063536644	-0.23802161	-0.21533537
chr22	50030235	2.1972246	3.921002	-1.7237773	accessible_not_acetylated	-2.4906976	-1.5259547	-1.1780615
chr20	57526675	2.9957323	4.7190547	-1.7233224	accessible_not_acetylated	-2.6334214	-1.9157298	-1.8411765
chr18	50560082	0.6931472	2.4164205	-1.7232733	accessible_not_acetylated	0.40944433	-1.5970258	-1.1893725
chr17	75615631	1.3862944	3.1095443	-1.7232499	accessible_not_acetylated	-1.43723	-1.4582058	-1.1156579
chr10	90857998	1.9459102	3.6686258	-1.7227156	accessible_not_acetylated	-1.9017358	-1.6401179	-0.8104458
chr10	86349006	1.3862944	3.1083472	-1.7220528	accessible_not_acetylated	-1.3825572	-0.88786864	-0.5659559
chr17	43778987	3.8501477	5.571847	-1.7216992	accessible_not_acetylated	-1.9359353	-1.52316	-0.4408927
chr8	37966666	0.6931472	2.4148092	-1.721662	accessible_not_acetylated	0.43099928	0.07642937	-0.5383873
chr7	155466752	0.6931472	2.4146442	-1.721497	accessible_not_acetylated	-0.74549866	-1.4189179	-1.2467939
chr21	13980047	3.4339871	5.1554375	-1.7214503	accessible_not_acetylated	-2.1440783	-0.8353596	-0.8396802
chr7	1059107	2.3025851	4.023809	-1.7212238	accessible_not_acetylated	-1.4239082	-0.889657	-0.62363434
chr22	19662158	2.1972246	3.9181116	-1.720887	accessible_not_acetylated	-2.173093	-0.47021222	-0.3864088
chr10	88835807	0.0	1.7206117	-1.7206117	accessible_not_acetylated	0.8492695	0.44628227	-0.04655552
chr17	48817157	1.7917595	3.512168	-1.7204084	accessible_not_acetylated	-0.77867913	-0.44808245	-0.5238104
chr12	56513915	0.0	1.7199099	-1.7199099	accessible_not_acetylated	0.7042365	0.81716824	-0.08891475
chr7	118196060	1.609438	3.3290215	-1.7195835	accessible_not_acetylated	-1.0973125	0.26019144	-0.015375614
chr8	73983020	1.0986123	2.8181636	-1.7195513	accessible_not_acetylated	-0.63059974	-0.05714035	0.16891956
chr6	106975408	1.9459102	3.6648796	-1.7189693	accessible_not_acetylated	0.10157657	-1.2007852	-0.9892366
chr7	2477806	1.0986123	2.8171272	-1.7185149	accessible_not_acetylated	-0.7873714	-0.38620996	-0.8474239
chr17	21511758	1.0986123	2.817032	-1.7184198	accessible_not_acetylated	1.8437517	-0.8902414	-0.45658875
chr17	61462195	1.3862944	3.104556	-1.7182617	accessible_not_acetylated	0.23414254	-0.49056196	-0.2809105
chr22	24189834	0.6931472	2.4108422	-1.717695	accessible_not_acetylated	-0.3451097	-0.5011946	-0.5763576
chr22	44752557	0.6931472	2.4101958	-1.7170486	accessible_not_acetylated	-0.04491806	-0.9307407	-0.9234208
chr7	8433835	2.3025851	4.0196104	-1.7170253	accessible_not_acetylated	0.16560173	-0.92902136	-0.5693369
chr20	59783236	0.0	1.7168336	-1.7168336	accessible_not_acetylated	0.6549187	-0.20608449	-0.22104025
chr8	37804293	1.0986123	2.8151927	-1.7165804	accessible_not_acetylated	-0.04209757	0.28294897	-0.09836769
chr22	21704000	2.3025851	4.019129	-1.7165437	accessible_not_acetylated	-1.9655745	0.05745983	-0.5757263
chr20	29879061	2.6390574	4.3552866	-1.7162292	accessible_not_acetylated	-1.5395498	0.4884205	-0.08294344
chr17	63484818	1.609438	3.3256269	-1.7161889	accessible_not_acetylated	-1.2171745	-1.1276641	-0.61118364
chr6	123802739	0.0	1.7159696	-1.7159696	accessible_not_acetylated	2.7719917	-0.2143606	-0.091320515
chr22	16748097	2.0794415	3.794721	-1.7152793	accessible_not_acetylated	-0.9899368	0.8163736	-0.17797756
chr17	22508042	0.0	1.7148778	-1.7148778	accessible_not_acetylated	0.51644945	-0.18957889	-0.43494117
chr7	66494780	3.0910425	4.8050146	-1.7139721	accessible_not_acetylated	-1.9847813	-0.5780306	-0.4786992
chr22	22943847	3.3322046	5.0460434	-1.7138388	accessible_not_acetylated	-2.6428618	0.22884512	-0.1680479
chr7	102478949	2.5649493	4.278617	-1.7136676	accessible_not_acetylated	-0.4399476	1.1374302	0.70479774
chr17	51331034	0.6931472	2.4061549	-1.7130077	accessible_not_acetylated	-0.62501884	0.14926243	0.45385027
chr22	11796161	0.0	1.7129563	-1.7129563	accessible_not_acetylated	1.2620999	-0.5576271	-0.019475102
chr21	46006084	0.0	1.7127893	-1.7127893	accessible_not_acetylated	1.4278388	-0.8579168	-0.48454309
chr8	92876565	3.988984	5.7011695	-1.7121854	accessible_not_acetylated	-3.5105944	-1.2139177	0.0018005371
chr21	45555076	2.6390574	4.3511696	-1.7121122	accessible_not_acetylated	-1.9753144	-0.28695726	0.36572838
chr17	35947296	1.0986123	2.810669	-1.7120566	accessible_not_acetylated	-0.24543643	-0.09514475	-0.26319742
chr7	25854975	3.4965076	5.20856	-1.7120523	accessible_not_acetylated	-2.5820177	-0.30570555	-0.3305192
chr10	46462694	0.0	1.7110288	-1.7110288	accessible_not_acetylated	0.6511421	0.30045867	0.22380519
chr18	25989963	2.0794415	3.7902668	-1.7108252	accessible_not_acetylated	-1.3149214	-0.015031099	-0.09923363
chr22	39598554	1.3862944	3.0968823	-1.710588	accessible_not_acetylated	0.11137819	-1.3326133	-0.5679245
chr10	125161345	3.9702919	5.6803126	-1.7100208	accessible_not_acetylated	-2.0190063	-1.3129797	-0.6110935
chr6	37222382	2.944439	4.6544147	-1.7099757	accessible_not_acetylated	-1.9436815	-0.6765175	-1.1319423
chr17	4566880	0.0	1.7095213	-1.7095213	accessible_not_acetylated	0.10341573	0.017165303	-0.17987168
chr7	6938512	1.0986123	2.807936	-1.7093236	accessible_not_acetylated	-0.7014046	-1.4830985	-0.23851705
chr18	59269275	1.3862944	3.095487	-1.7091928	accessible_not_acetylated	-0.8589144	-2.2308142	-1.1065487
chr6	149941931	2.8332133	4.5420914	-1.708878	accessible_not_acetylated	-0.6022353	-0.052283764	-0.28251457
chr22	46116640	1.0986123	2.8074589	-1.7088466	accessible_not_acetylated	-0.5012429	-0.82706034	-0.6054213
chr12	43829739	0.6931472	2.4014466	-1.7082994	accessible_not_acetylated	0.163409	0.16257977	0.07265425
chr8	37700458	0.6931472	2.401317	-1.7081697	accessible_not_acetylated	1.4477756	-0.22379446	-0.29384828
chr10	35643327	2.4849067	4.1926947	-1.707788	accessible_not_acetylated	-1.7077088	-1.314286	-0.7886894
chr21	36141628	1.3862944	3.093858	-1.7075636	accessible_not_acetylated	0.14734316	-0.55762506	0.22168636
chr6	36610496	1.7917595	3.4992664	-1.7075069	accessible_not_acetylated	-0.68782854	0.051169872	0.04475069
chr10	47942685	0.6931472	2.400592	-1.7074449	accessible_not_acetylated	1.1545553	-0.18167567	0.0802784
chr7	146053719	2.1972246	3.904612	-1.7073874	accessible_not_acetylated	-0.74414015	0.47948408	0.28618765
chr7	145749815	1.0986123	2.8058772	-1.7072649	accessible_not_acetylated	0.28976846	-0.27793217	-0.28787923
chr6	110476641	0.0	1.7070982	-1.7070982	accessible_not_acetylated	1.8041849	-1.022383	-0.86636174
chr7	19665595	0.0	1.7067437	-1.7067437	accessible_not_acetylated	-0.6958587	0.21883357	-0.088578224
chr7	75154106	0.6931472	2.3995364	-1.7063892	accessible_not_acetylated	-0.3979175	0.26118302	-0.27465606
chr7	74027788	1.3862944	3.0922422	-1.7059479	accessible_not_acetylated	-1.0144837	-1.0052776	-0.8745618
chr21	14119243	1.3862944	3.092026	-1.7057316	accessible_not_acetylated	-0.57402325	-0.341326	-0.030423164
chr7	458013	0.6931472	2.398861	-1.7057137	accessible_not_acetylated	-0.23795366	-0.75877213	-0.8125584
chr12	3135662	0.6931472	2.3986719	-1.7055247	accessible_not_acetylated	-0.041253805	-0.28551555	-0.13069987
chr7	27150858	0.6931472	2.3975303	-1.7043831	accessible_not_acetylated	0.9282584	-0.60162663	-0.24740434
chr6	43759217	2.5649493	4.2693295	-1.7043803	accessible_not_acetylated	-1.3407209	-1.0132935	-0.08283949
chr8	118111649	2.3025851	4.0069404	-1.7043552	accessible_not_acetylated	-1.3473611	-0.8212857	-0.6552837
chr7	100573820	0.6931472	2.3972254	-1.7040782	accessible_not_acetylated	0.7015898	-0.90461504	-0.93542075
chr8	143976025	3.1780539	4.8820662	-1.7040124	accessible_not_acetylated	-1.7491362	-1.4348032	-1.0735745
chr17	66192235	1.9459102	3.6499171	-1.7040069	accessible_not_acetylated	0.9234576	-0.9827819	-0.36904812
chr12	8018953	1.609438	3.3133044	-1.7038665	accessible_not_acetylated	-0.14801455	-1.1110122	-0.5140085
chr7	1558550	1.7917595	3.4952664	-1.703507	accessible_not_acetylated	-1.9961938	-0.8695078	-0.86777735
chr20	35755090	0.0	1.7029971	-1.7029971	accessible_not_acetylated	0.87102306	-0.4525746	-0.32636726
chr7	113698792	0.0	1.7026827	-1.7026827	accessible_not_acetylated	0.6742842	-0.10540044	-0.11749172
chr7	76627115	3.9318256	5.6338587	-1.702033	accessible_not_acetylated	-0.336895	0.28249454	0.012351036
chr7	55343459	1.3862944	3.0882733	-1.7019789	accessible_not_acetylated	0.41246676	-0.8362944	-0.7653718
chr17	8631084	3.713572	5.415218	-1.7016459	accessible_not_acetylated	-2.6415677	-0.5457306	-0.9372816
chr8	23573361	2.4849067	4.186453	-1.7015462	accessible_not_acetylated	-0.43313336	-0.33970904	-0.070482254
chr12	65814736	0.0	1.7006962	-1.7006962	accessible_not_acetylated	0.035931587	-0.16034901	-0.15730631
chr6	153131254	0.0	1.7005315	-1.7005315	accessible_not_acetylated	1.3172991	-1.0197774	-1.0390277
chr18	3381930	0.6931472	2.3935742	-1.700427	accessible_not_acetylated	0.32341743	-0.32783985	-0.051419735
chr6	142947599	1.7917595	3.4920292	-1.7002697	accessible_not_acetylated	0.11739302	-1.0904522	-0.8010721
chr12	34333538	1.9459102	3.645895	-1.6999848	accessible_not_acetylated	0.96284103	0.8468528	0.4100132
chr17	76868632	0.6931472	2.3929334	-1.6997862	accessible_not_acetylated	-1.0190513	-0.7753508	-1.1074941
chr18	31446697	1.7917595	3.4914079	-1.6996484	accessible_not_acetylated	-0.22684622	-0.5617728	-0.27189326
chr6	120826442	0.0	1.6995382	-1.6995382	accessible_not_acetylated	0.6948154	-0.44210792	-0.01451385
chr18	79394580	2.6390574	4.3384495	-1.6993921	accessible_not_acetylated	-1.5230114	-1.1507342	-0.6178727
chr12	27524082	3.8066626	5.5060053	-1.6993427	accessible_not_acetylated	-0.72363186	0.14174128	-0.2261219
chr18	31685305	1.609438	3.3083236	-1.6988857	accessible_not_acetylated	-0.079824924	-1.7579038	-0.60051847
chr22	21416528	3.4339871	5.1327925	-1.6988053	accessible_not_acetylated	-1.0168719	0.098359585	-0.34315157
chr7	155349805	1.0986123	2.7973723	-1.69876	accessible_not_acetylated	2.5692792	-0.25685787	-0.19533205
chr12	55412371	2.7080503	4.4067826	-1.6987324	accessible_not_acetylated	-1.6748857	0.101263046	0.31587887
chr17	68259181	0.0	1.6982638	-1.6982638	accessible_not_acetylated	1.1795658	-0.46405673	-0.42788994
chr17	43832969	2.944439	4.64212	-1.697681	accessible_not_acetylated	-2.4592543	-2.167018	-1.2205741
chr7	149827843	2.0794415	3.7770083	-1.6975667	accessible_not_acetylated	-2.1317787	-0.965554	-0.49169564
chr10	74032399	1.0986123	2.796116	-1.6975038	accessible_not_acetylated	-1.0441058	-0.2843151	-0.42601252
chr7	6615895	0.0	1.6971148	-1.6971148	accessible_not_acetylated	0.15822291	-1.0081354	-0.7486817
chr17	46579862	1.9459102	3.6425276	-1.6966174	accessible_not_acetylated	1.1450901	0.65559196	-0.0137348175
chr18	76169965	0.0	1.696595	-1.696595	accessible_not_acetylated	0.58150864	-0.2849933	-0.40109324
chr8	95849252	0.0	1.6961908	-1.6961908	accessible_not_acetylated	1.0727103	-0.17512846	-0.08577764
chr8	40937606	0.0	1.6959724	-1.6959724	accessible_not_acetylated	0.81379986	0.5927732	0.025361538
chr17	3892192	2.8903718	4.585885	-1.6955132	accessible_not_acetylated	-1.537859	-1.0658131	-0.71408963
chr6	111478909	3.0910425	4.7864137	-1.6953712	accessible_not_acetylated	-1.8401477	0.039226055	0.009618282
chr10	132249111	1.609438	3.3042643	-1.6948264	accessible_not_acetylated	0.24846077	-1.2886002	-0.4936657
chr7	143940110	1.609438	3.3042417	-1.6948037	accessible_not_acetylated	-1.1307418	-0.12098837	-0.1929841
chr18	61502681	0.0	1.6945702	-1.6945702	accessible_not_acetylated	0.5531479	-0.29430068	-0.066209555
chr7	99142580	3.2580965	4.952645	-1.6945484	accessible_not_acetylated	-1.581851	-1.1200252	-0.3132453
chr20	63291129	2.5649493	4.259321	-1.6943719	accessible_not_acetylated	-2.5399027	-1.0528872	-0.83009195
chr12	116881279	1.0986123	2.792141	-1.6935287	accessible_not_acetylated	-0.8013166	-1.3425188	-0.6498225
chr22	37525565	0.0	1.6931889	-1.6931889	accessible_not_acetylated	1.1898501	-0.20184028	0.21378684
chr7	50914716	0.0	1.6927269	-1.6927269	accessible_not_acetylated	2.9065063	0.6111958	0.84656096
chr8	53251697	0.0	1.6924243	-1.6924243	accessible_not_acetylated	1.3669255	-0.82898176	-0.9039028
chr10	789387	3.2580965	4.95034	-1.6922433	accessible_not_acetylated	-3.5246027	-0.5789733	-0.7568612
chr17	38848004	2.0794415	3.7714915	-1.69205	accessible_not_acetylated	-1.5965028	-0.36449194	-0.069529295
chr12	488015	0.0	1.6918826	-1.6918826	accessible_not_acetylated	0.75495267	0.3434291	-0.09738302
chr22	20193600	2.1972246	3.8885918	-1.6913671	accessible_not_acetylated	-1.680615	-0.42887974	-0.32987309
chr22	31140568	1.0986123	2.7898586	-1.6912463	accessible_not_acetylated	-0.80687594	-1.067425	-0.7929902
chr22	42074250	0.0	1.6907257	-1.6907257	accessible_not_acetylated	0.9781567	-0.94023466	-0.98999566
chr6	127465070	0.0	1.6905121	-1.6905121	accessible_not_acetylated	1.0863761	-0.22576892	0.08235681
chr6	75893503	1.609438	3.2998126	-1.6903746	accessible_not_acetylated	-1.514523	-0.63352895	-0.28452754
chr7	45089526	2.1972246	3.8874512	-1.6902266	accessible_not_acetylated	-1.3702278	-1.2269177	-0.4200585
chr20	30521891	0.0	1.6901376	-1.6901376	accessible_not_acetylated	1.2938528	-0.04297304	0.097551346
chr7	151207180	2.6390574	4.3290935	-1.690036	accessible_not_acetylated	-1.7720463	0.080364704	0.27387
chr10	132537601	2.8332133	4.5229464	-1.689733	accessible_not_acetylated	-1.4282632	-1.7164943	-1.0170925
chr10	100654200	1.0986123	2.7870328	-1.6884205	accessible_not_acetylated	-0.31209564	-0.93755496	-0.22039199
chr22	23145330	3.4965076	5.184136	-1.6876283	accessible_not_acetylated	-1.4628284	-0.10231495	-0.34890795
chr7	47253768	2.1972246	3.8847091	-1.6874845	accessible_not_acetylated	0.2852614	-0.37858796	0.08047795
chr7	74941912	0.6931472	2.3800244	-1.6868773	accessible_not_acetylated	0.06599712	-0.11972189	0.051500082
chr8	22048890	1.7917595	3.4785514	-1.6867919	accessible_not_acetylated	-0.6778796	-1.3004234	-1.0769122
chr7	143387831	2.3025851	3.988941	-1.6863558	accessible_not_acetylated	-1.583071	0.10062051	-0.7115698
chr10	28926442	0.0	1.6858475	-1.6858475	accessible_not_acetylated	0.3441782	-0.2184298	-0.18431067
chr18	70293375	1.7917595	3.4775002	-1.6857407	accessible_not_acetylated	-0.50981283	0.48586965	0.26934814
chr8	144277766	0.6931472	2.378716	-1.6855688	accessible_not_acetylated	-0.3733859	-1.3332126	-1.3063095
chr18	2906932	1.9459102	3.630735	-1.6848247	accessible_not_acetylated	-0.23854637	-1.1537571	-0.72848845
chr12	76713322	0.0	1.6846603	-1.6846603	accessible_not_acetylated	0.17121184	0.30281305	-0.13103485
chr17	19508276	2.3025851	3.987245	-1.68466	accessible_not_acetylated	-0.43346286	-0.63709307	0.25975513
chr6	27247685	3.1354942	4.8188963	-1.6834021	accessible_not_acetylated	-2.0690873	-0.5942292	-0.068369865
chr17	81189828	0.6931472	2.3764813	-1.6833341	accessible_not_acetylated	-0.4176556	-0.8900099	-0.75024986
chr20	38260772	0.0	1.6832442	-1.6832442	accessible_not_acetylated	0.50051117	-0.7166122	-0.82214725
chr6	31123134	0.6931472	2.3755488	-1.6824017	accessible_not_acetylated	0.17471647	-0.27579427	-0.36380076
chr12	113468173	1.9459102	3.6279774	-1.6820672	accessible_not_acetylated	-0.042238474	-1.2223244	-0.42682528
chr17	81165722	0.6931472	2.374827	-1.6816797	accessible_not_acetylated	-0.4477657	-1.2699516	-0.98281586
chr17	410262	2.7725887	4.454155	-1.6815662	accessible_not_acetylated	-0.070910454	-0.73645496	0.66717577
chr17	80981473	1.0986123	2.7801726	-1.6815603	accessible_not_acetylated	-1.628464	-1.253295	-0.87079644
chr10	98268287	1.7917595	3.4731975	-1.681438	accessible_not_acetylated	-1.4459367	-1.1443586	-0.42094946
chr18	30706135	0.6931472	2.374375	-1.6812279	accessible_not_acetylated	-0.9723067	0.55556464	-0.10411191
chr17	75620184	1.3862944	3.0672045	-1.6809101	accessible_not_acetylated	-1.6703297	-1.2299231	-1.1066717
chr17	4533758	0.6931472	2.3740191	-1.680872	accessible_not_acetylated	-0.84458256	-0.7573209	-0.849591
chr20	25033029	0.6931472	2.3735278	-1.6803806	accessible_not_acetylated	0.08413553	-0.46943784	-0.09663248
chr7	33186155	1.0986123	2.778811	-1.6801987	accessible_not_acetylated	-0.46779227	-0.31304836	-0.04887438
chr7	5811558	1.3862944	3.0664623	-1.6801679	accessible_not_acetylated	-1.0014155	-0.517102	-0.07553697
chr8	11576534	0.0	1.6789496	-1.6789496	accessible_not_acetylated	0.7896724	0.10720348	-0.038835526
chr17	50931232	2.3978953	4.0765233	-1.678628	accessible_not_acetylated	-0.9482603	-0.2899208	-0.40596175
chr12	48818463	2.3025851	3.980774	-1.6781888	accessible_not_acetylated	-1.364435	-1.4142785	-1.1343637
chr10	133424617	0.0	1.6781783	-1.6781783	accessible_not_acetylated	0.039201736	-1.1880602	-1.1877013
chr8	11707958	0.0	1.6780531	-1.6780531	accessible_not_acetylated	1.0867758	-0.7253082	-0.3472582
chr8	12362018	0.0	1.678018	-1.678018	accessible_not_acetylated	0.4668957	-1.0191603	-0.2559433
chr8	103010705	1.0986123	2.7758684	-1.6772561	accessible_not_acetylated	-0.0999825	-0.23061943	-0.12615919
chr10	133160335	1.609438	3.2860596	-1.6766217	accessible_not_acetylated	-1.3557007	-1.6475527	-1.2375152
chr20	30891614	0.6931472	2.3689802	-1.675833	accessible_not_acetylated	0.28813815	-0.0056688786	0.04294038
chr20	35616387	4.4998097	6.1747537	-1.6749439	accessible_not_acetylated	-0.50607777	-0.78293514	-0.7829323
chr17	4710141	3.3322046	5.007086	-1.6748812	accessible_not_acetylated	-1.9919138	-0.115336895	-0.8035736
chr8	100213326	1.7917595	3.4662552	-1.6744957	accessible_not_acetylated	-1.5383781	-0.9641502	-0.96260643
chr7	139483723	1.0986123	2.772469	-1.6738567	accessible_not_acetylated	-0.043081045	-1.2679498	-1.1110668
chr12	47904067	2.3025851	3.976222	-1.6736369	accessible_not_acetylated	-1.0258081	-0.0010671616	-0.016181469
chr6	161140163	2.7080503	4.3816504	-1.6736002	accessible_not_acetylated	-2.425736	-1.3657749	-0.8434472
chr17	30238488	1.609438	3.2828054	-1.6733675	accessible_not_acetylated	-1.1476159	-1.1779909	-0.8774042
chr12	57865297	3.1780539	4.8509674	-1.6729136	accessible_not_acetylated	-1.573237	-0.64529467	-0.7339082
chr17	67246806	2.5649493	4.2370343	-1.672085	accessible_not_acetylated	-0.6499071	0.67109776	0.1982603
chr6	117907335	0.6931472	2.3647823	-1.6716352	accessible_not_acetylated	0.79537106	-1.7517656	-1.5076774
chr17	78341869	2.0794415	3.7505035	-1.671062	accessible_not_acetylated	-1.7272902	-1.6158571	-0.9004445
chr6	147392919	1.3862944	3.0564022	-1.6701078	accessible_not_acetylated	-0.7786715	-0.16390872	-0.032435417
chr10	125160606	3.295837	4.965766	-1.669929	accessible_not_acetylated	-2.0783968	-0.78424835	-0.49831724
chr8	144041872	1.0986123	2.7672496	-1.6686373	accessible_not_acetylated	-0.61363196	-0.23808336	-0.4537282
chr6	148746784	2.0794415	3.7474134	-1.6679718	accessible_not_acetylated	0.11866093	0.1441977	-0.6866567
chr8	97259359	1.3862944	3.0542405	-1.6679461	accessible_not_acetylated	0.100910425	-0.8077574	0.017089605
chr10	79787659	1.9459102	3.6136508	-1.6677406	accessible_not_acetylated	-0.8380332	0.8202238	0.24895549
chr10	115093364	0.0	1.6676188	-1.6676188	accessible_not_acetylated	0.21220243	-1.2935241	-1.4930097
chr12	32644653	0.0	1.6672168	-1.6672168	accessible_not_acetylated	0.60379934	0.18273032	0.036102295
chr12	131454881	0.6931472	2.359616	-1.6664689	accessible_not_acetylated	-0.24127746	-0.23276353	-0.17582059
chr18	36099458	0.6931472	2.3592904	-1.6661432	accessible_not_acetylated	-0.18852067	0.23766422	-0.0055258274
chr7	90152844	0.6931472	2.358945	-1.6657977	accessible_not_acetylated	0.053787947	-0.3207476	0.028927803
chr12	132524007	0.6931472	2.357995	-1.6648479	accessible_not_acetylated	-0.41058946	-0.6871848	-1.2266866
chr6	57116876	1.3862944	3.0509489	-1.6646545	accessible_not_acetylated	-0.6266844	-0.19538283	-0.19155526
chr8	73174337	1.9459102	3.6099336	-1.6640234	accessible_not_acetylated	-0.6919739	-0.7435112	-0.3100176
chr18	61765342	0.0	1.6637945	-1.6637945	accessible_not_acetylated	1.8327374	0.32035327	0.47020507
chr17	45601798	1.3862944	3.0483875	-1.6620932	accessible_not_acetylated	-0.4521649	-0.69274473	-0.27244735
chr6	167976939	0.0	1.6620471	-1.6620471	accessible_not_acetylated	2.0460052	-0.73100287	-0.8665348
chr6	90179408	0.0	1.6616557	-1.6616557	accessible_not_acetylated	0.39324832	-0.45433903	-0.21153188
chr12	32895828	2.1972246	3.8586535	-1.6614289	accessible_not_acetylated	-1.7118268	-0.4123993	-0.067337275
chr22	20259463	2.0794415	3.7403703	-1.6609287	accessible_not_acetylated	-1.6181278	-0.7037411	-0.6486857
chr17	44774984	2.7725887	4.433314	-1.6607251	accessible_not_acetylated	-2.407477	-0.7446699	-0.9639292
chr8	103011976	1.0986123	2.758855	-1.6602428	accessible_not_acetylated	-0.3935461	-0.39390278	-0.19439292
chr12	32761937	0.6931472	2.352666	-1.6595187	accessible_not_acetylated	-0.15862131	0.10872173	0.046485186
chr10	15088817	1.609438	3.268369	-1.658931	accessible_not_acetylated	-0.13879633	-0.73506856	-0.6681013
chr17	18722088	0.6931472	2.3520055	-1.6588583	accessible_not_acetylated	2.1658874	0.22791433	0.4757192
chr7	1669161	1.7917595	3.4504223	-1.6586628	accessible_not_acetylated	-0.34519196	-1.3211768	-0.29052067
chr20	32052187	0.6931472	2.351651	-1.6585038	accessible_not_acetylated	0.47495246	-1.1321722	-0.7869384
chr22	20592103	2.5649493	4.2231336	-1.6581843	accessible_not_acetylated	-1.5606587	-0.42424488	-0.57209015
chr12	125237277	0.6931472	2.3512928	-1.6581457	accessible_not_acetylated	-0.07686496	-0.5375329	-0.2183888
chr6	83067764	3.0910425	4.749091	-1.6580486	accessible_not_acetylated	-1.019773	-0.2695589	-0.24418783
chr21	14542895	4.3694477	6.0270333	-1.6575856	accessible_not_acetylated	-3.8780425	-1.4282789	-0.13275957
chr8	144500978	2.3978953	4.0553694	-1.657474	accessible_not_acetylated	-2.5717185	-1.8087971	-1.4253769
chr10	18473160	0.0	1.6570218	-1.6570218	accessible_not_acetylated	1.2027009	-0.375018	0.02169764
chr17	56716058	0.0	1.6562704	-1.6562704	accessible_not_acetylated	0.82560074	0.04988551	-0.23209655
chr21	44932810	1.0986123	2.754699	-1.6560867	accessible_not_acetylated	-0.60615444	-1.492554	-1.580429
chr22	30224316	0.6931472	2.349187	-1.6560397	accessible_not_acetylated	0.4060588	-0.54635894	0.07256985
chr6	109448075	1.3862944	3.0422184	-1.6559241	accessible_not_acetylated	-0.8763697	-0.24813032	-0.40990973
chr8	11770766	2.1972246	3.8529704	-1.6557457	accessible_not_acetylated	-0.782233	-0.42316818	-0.19812155
chr18	5879591	0.0	1.6555867	-1.6555867	accessible_not_acetylated	0.29864144	-0.07883334	-0.032986164
chr8	23404219	1.7917595	3.4473372	-1.6555777	accessible_not_acetylated	0.38453388	-0.22718143	-0.64756155
chr20	46406680	3.465736	5.1211348	-1.6553988	accessible_not_acetylated	-1.2008388	-1.06953	-1.0626111
chr21	43037093	1.0986123	2.7538958	-1.6552835	accessible_not_acetylated	1.0436718	0.47167945	0.12831354
chr20	45469582	0.6931472	2.3480923	-1.6549451	accessible_not_acetylated	0.19116378	-0.8866513	-0.9476683
chr10	97849914	1.3862944	3.0408669	-1.6545725	accessible_not_acetylated	-1.0930675	-1.8517954	-1.1770558
chr6	96837524	3.7376697	5.392124	-1.6544545	accessible_not_acetylated	-1.4606767	-0.70748186	-1.0589633
chr10	125896733	2.5649493	4.2192383	-1.654289	accessible_not_acetylated	-0.352988	-0.721689	-0.52213883
chr18	57803177	0.6931472	2.3469353	-1.6537881	accessible_not_acetylated	-0.31487226	-1.7006241	-1.2133437
chr21	45337123	0.6931472	2.3469074	-1.6537602	accessible_not_acetylated	0.10720229	-0.6122608	-0.10477114
chr6	100573378	0.0	1.653333	-1.653333	accessible_not_acetylated	0.20013523	-0.20111513	-0.13420272
chr7	66205276	2.4849067	4.1379595	-1.6530528	accessible_not_acetylated	-0.6876621	-0.51465034	-0.68924856
chr7	155590472	2.5649493	4.217903	-1.6529539	accessible_not_acetylated	-0.83312416	-0.4701934	0.13971376
chr7	102619475	1.3862944	3.0387473	-1.652453	accessible_not_acetylated	-0.5793104	-0.04317808	-0.29817867
chr12	120242504	2.944439	4.596578	-1.6521392	accessible_not_acetylated	-2.349865	-0.21341705	-0.1505251
chr7	35917174	0.0	1.6519508	-1.6519508	accessible_not_acetylated	0.17894578	0.07502997	-0.45293438
chr22	49463075	0.0	1.6517718	-1.6517718	accessible_not_acetylated	0.9870875	-0.2806021	-0.43356586
chr7	143472469	0.0	1.6514754	-1.6514754	accessible_not_acetylated	1.1039767	0.15146232	0.5524001
chr20	45111978	1.0986123	2.7498076	-1.6511953	accessible_not_acetylated	-0.20287657	-0.5732722	-0.30060363
chr10	46779801	0.6931472	2.3436599	-1.6505127	accessible_not_acetylated	-0.4820261	-0.21128416	-0.3145957
chr7	36487931	0.0	1.6500472	-1.6500472	accessible_not_acetylated	-0.31608164	-0.33650672	-0.30970788
chr20	10674891	1.7917595	3.4414644	-1.6497049	accessible_not_acetylated	-0.13281512	-0.5413985	-0.7344742
chr17	75134208	2.7080503	4.3576403	-1.64959	accessible_not_acetylated	-1.5121183	0.017271042	0.07643032
chr10	129971840	0.0	1.6491389	-1.6491389	accessible_not_acetylated	1.3825388	-1.1148102	-0.35916042
chr17	30693967	0.6931472	2.3413734	-1.6482263	accessible_not_acetylated	0.37783623	0.3395338	-0.30641842
chr17	76022434	1.3862944	3.0344424	-1.6481481	accessible_not_acetylated	-1.4407256	-1.470391	-1.1201267
chr7	35537472	1.0986123	2.7461605	-1.6475482	accessible_not_acetylated	-0.29835916	0.07008648	-0.3018787
chr6	130037380	0.0	1.6472702	-1.6472702	accessible_not_acetylated	0.0056102276	-0.24929547	-0.24470711
chr10	11589066	3.1354942	4.7819676	-1.6464734	accessible_not_acetylated	-2.8202896	-0.64487314	-0.14216042
chr6	110358272	0.0	1.6464112	-1.6464112	accessible_not_acetylated	1.5490239	-1.0794148	-1.0907618
chr20	44750465	1.9459102	3.5921347	-1.6462245	accessible_not_acetylated	-1.6506506	-1.5245304	-1.0056798
chr18	9958572	2.4849067	4.1302996	-1.6453929	accessible_not_acetylated	-1.8365779	-0.4493444	-0.0453887
chr8	116602635	1.3862944	3.031292	-1.6449976	accessible_not_acetylated	-0.5526161	-0.2613299	-0.047728777
chr8	6830274	0.6931472	2.3375394	-1.6443923	accessible_not_acetylated	0.33878064	-0.5236709	-0.4093939
chr18	9082139	0.6931472	2.3372838	-1.6441367	accessible_not_acetylated	-1.1788354	-0.10570979	-0.105297804
chr21	20662714	0.0	1.6440941	-1.6440941	accessible_not_acetylated	1.2118107	-0.08609903	-0.12385547
chr6	27150316	2.7725887	4.4160094	-1.6434207	accessible_not_acetylated	-2.0219302	-0.69730926	-0.15097427
chr6	62286227	0.0	1.6430428	-1.6430428	accessible_not_acetylated	1.9858382	-0.38603055	-0.6313338
chr10	70477935	1.7917595	3.43478	-1.6430204	accessible_not_acetylated	0.8977015	-0.72498417	0.15270019
chr7	104982576	2.5649493	4.2075996	-1.6426504	accessible_not_acetylated	-1.9958348	-0.726748	-0.080421925
chr12	80101429	0.0	1.6426439	-1.6426439	accessible_not_acetylated	1.0491033	0.33660388	0.07583344
chr12	98440208	2.0794415	3.721682	-1.6422405	accessible_not_acetylated	0.26142788	0.124083996	0.6054282
chr7	73599350	1.7917595	3.433496	-1.6417365	accessible_not_acetylated	-0.13930798	0.039711952	-0.22483969
chr18	54679658	0.0	1.6414719	-1.6414719	accessible_not_acetylated	0.68894434	-0.15587044	-0.03212595
chr20	50248421	0.6931472	2.334394	-1.6412468	accessible_not_acetylated	0.7449913	-0.1637826	-0.14333129
chr22	23947586	0.0	1.6411847	-1.6411847	accessible_not_acetylated	0.8089303	1.0843736	0.03309059
chr10	118596273	0.0	1.640955	-1.640955	accessible_not_acetylated	1.3666961	-0.55418	-0.6593938
chr20	32584067	3.465736	5.106532	-1.6407962	accessible_not_acetylated	-2.1686828	-1.1572306	-1.0700417
chr10	76315543	1.3862944	3.0266447	-1.6403503	accessible_not_acetylated	-0.513299	-1.0126743	-0.3097639
chr20	64231771	0.6931472	2.3333263	-1.6401792	accessible_not_acetylated	0.739238	-0.29473925	-0.107830286
chr12	98699749	0.6931472	2.333177	-1.6400299	accessible_not_acetylated	0.13681531	0.21986389	0.09371996
chr7	123716564	2.5649493	4.20466	-1.6397107	accessible_not_acetylated	-2.4063478	-0.34403563	-0.1548934
chr8	74965951	0.0	1.639689	-1.639689	accessible_not_acetylated	0.73186827	-0.4927051	-0.021864176
chr18	26256178	3.4965076	5.135701	-1.6391935	accessible_not_acetylated	-2.950529	-0.39447403	0.037308693
chr7	65252287	3.0445225	4.683592	-1.6390693	accessible_not_acetylated	-1.3713281	-0.78764105	-0.5884657
chr12	109020979	0.0	1.6378515	-1.6378515	accessible_not_acetylated	2.02572	0.13689613	0.15235937
chr7	143345582	2.5649493	4.2023697	-1.6374204	accessible_not_acetylated	-1.1179137	-0.14835691	0.023347855
chr10	43304860	1.0986123	2.7350998	-1.6364875	accessible_not_acetylated	0.98860884	-0.8894626	-0.42535758
chr7	143396369	2.3978953	4.0340986	-1.6362033	accessible_not_acetylated	-1.7883191	-0.70578957	-0.17614341
chr10	79357639	1.609438	3.245237	-1.6357992	accessible_not_acetylated	-0.7625468	-0.20469236	-0.29450512
chr10	102918064	3.8918204	5.5270615	-1.635241	accessible_not_acetylated	-2.7409024	-0.50400543	-1.2917771
chr17	32007338	3.5553482	5.19048	-1.6351321	accessible_not_acetylated	-1.3209901	-0.6278062	-0.7287731
chr18	61088889	0.0	1.6349405	-1.6349405	accessible_not_acetylated	0.8250884	-0.11154902	-0.07211602
chr10	71235107	2.8332133	4.4674444	-1.6342311	accessible_not_acetylated	-1.2754045	0.16063786	-0.6058583
chr6	105070712	1.609438	3.2429857	-1.6335478	accessible_not_acetylated	-0.096370935	-0.45304132	0.08666015
chr12	111212359	0.0	1.6334933	-1.6334933	accessible_not_acetylated	0.8366653	0.062437415	-0.019079804
chr7	27842289	1.0986123	2.7314324	-1.6328201	accessible_not_acetylated	-0.059681416	-0.4299178	0.19343948
chr22	20846655	2.3978953	4.0301743	-1.6322789	accessible_not_acetylated	-1.9248948	-1.186935	-0.49198103
chr12	82752559	0.0	1.631001	-1.631001	accessible_not_acetylated	0.7107496	0.12013066	-0.07391822
chr6	47309973	2.4849067	4.1156626	-1.6307559	accessible_not_acetylated	-1.5897622	0.37485647	-0.7942672
chr17	57955249	1.609438	3.2400374	-1.6305995	accessible_not_acetylated	-1.1382213	-1.0571527	-1.0187988
chr21	9325040	1.609438	3.2400289	-1.6305909	accessible_not_acetylated	0.22786403	-0.024286032	0.39243603
chr7	155345084	3.218876	4.849408	-1.6305323	accessible_not_acetylated	-1.7268414	-0.17608452	-0.673862
chr18	75727645	0.0	1.6303704	-1.6303704	accessible_not_acetylated	0.14161777	-0.12285459	0.046571016
chr8	66613184	3.7841897	5.4144473	-1.6302576	accessible_not_acetylated	-2.0738888	-0.9161434	-0.83103323
chr10	123994656	1.609438	3.2396324	-1.6301944	accessible_not_acetylated	-0.40875745	-1.097748	-0.57140374
chr22	49936249	3.1780539	4.8081255	-1.6300716	accessible_not_acetylated	-3.0124278	-1.0875134	-1.0100284
chr12	56488321	1.609438	3.239328	-1.62989	accessible_not_acetylated	-1.3292981	-1.0786645	-1.023617
chr6	118739368	2.3025851	3.9322944	-1.6297092	accessible_not_acetylated	-1.3596613	-0.78790236	0.080970764
chr7	142885928	1.3862944	3.0157833	-1.629489	accessible_not_acetylated	-0.5154331	-0.60767984	-0.4277892
chr8	119416311	0.0	1.6293874	-1.6293874	accessible_not_acetylated	1.1937814	-0.5657909	-0.4595548
chr8	56446734	0.0	1.6286592	-1.6286592	accessible_not_acetylated	2.222824	-0.6529335	-0.27389526
chr20	20233151	0.6931472	2.3216288	-1.6284816	accessible_not_acetylated	0.15368843	-0.3347156	-0.13408375
chr6	44254684	3.3322046	4.9605656	-1.628361	accessible_not_acetylated	-2.5298398	0.038938046	-0.16120958
chr17	44915552	0.0	1.6283165	-1.6283165	accessible_not_acetylated	-0.39348245	-0.21756732	-0.49691474
chr8	78666161	2.6390574	4.2673306	-1.6282732	accessible_not_acetylated	-0.35787416	-0.6067357	-0.39890242
chr12	69243921	3.4965076	5.124518	-1.6280103	accessible_not_acetylated	-1.80358	-0.540555	0.19015741
chr7	149189053	2.1972246	3.8251631	-1.6279385	accessible_not_acetylated	-0.79818416	-0.30015302	-0.18114185
chr6	84422571	0.0	1.627712	-1.627712	accessible_not_acetylated	0.8675909	-0.0070216656	-0.0701921
chr8	57420847	0.6931472	2.320467	-1.6273198	accessible_not_acetylated	-0.42791188	-0.58165836	-0.28517342
chr22	20651834	2.0794415	3.7066126	-1.627171	accessible_not_acetylated	-1.9289516	-0.57536554	-0.35723352
chr20	1491587	0.0	1.6271057	-1.6271057	accessible_not_acetylated	1.0061636	-0.0043652058	-0.08690715
chr18	14748239	0.0	1.6258732	-1.6258732	accessible_not_acetylated	0.3450048	-0.9470686	-1.2227639
chr10	43208516	1.609438	3.2353058	-1.6258678	accessible_not_acetylated	-1.5431275	-1.0635688	-0.71180606
chr22	20243722	1.9459102	3.5712953	-1.625385	accessible_not_acetylated	-1.6360873	-0.7065792	-0.6973212
chr8	140676877	0.6931472	2.3182569	-1.6251097	accessible_not_acetylated	0.39964676	-0.40702295	-0.45918632
chr7	91830210	0.6931472	2.3181438	-1.6249967	accessible_not_acetylated	0.20797348	-0.21891737	-0.41086614
chr18	70599034	0.0	1.6245291	-1.6245291	accessible_not_acetylated	0.18016398	-0.31926894	-0.25364852
chr20	50036610	0.6931472	2.3175397	-1.6243925	accessible_not_acetylated	0.77138114	0.12943959	0.15139413
chr17	75878728	3.2580965	4.882413	-1.6243165	accessible_not_acetylated	-1.3047807	-1.1168056	-0.90787125
chr17	50835492	1.3862944	3.010447	-1.6241527	accessible_not_acetylated	-0.7483456	-0.7206638	-0.7279763
chr7	100214565	1.0986123	2.7226062	-1.6239939	accessible_not_acetylated	0.9295552	0.055116177	0.1782217
chr10	86036676	0.6931472	2.3169253	-1.6237781	accessible_not_acetylated	0.8298273	-0.3109591	-0.010454178
chr7	140670556	1.3862944	3.009567	-1.6232727	accessible_not_acetylated	-0.7401788	-0.31833863	-0.1554718
chr6	105136938	1.3862944	3.0092905	-1.6229961	accessible_not_acetylated	1.1167719	-1.4605608	-0.8764746
chr22	22322188	1.9459102	3.568687	-1.6227767	accessible_not_acetylated	-1.5341272	-0.3223977	-0.15976024
chr10	123573425	0.0	1.6219609	-1.6219609	accessible_not_acetylated	0.7849159	-0.19503284	-0.23371887
chr20	36792622	0.0	1.6218607	-1.6218607	accessible_not_acetylated	0.28596783	-0.45321822	-0.39095116
chr7	106947444	1.0986123	2.7204325	-1.6218202	accessible_not_acetylated	-0.8027786	-0.17225575	-0.25523186
chr17	66337255	0.6931472	2.3147464	-1.6215992	accessible_not_acetylated	0.5401137	-0.05507517	-0.068701506
chr10	43137862	3.5553482	5.176664	-1.6213157	accessible_not_acetylated	0.32498884	-0.8628311	-0.2685914
chr7	31634102	0.0	1.6212249	-1.6212249	accessible_not_acetylated	1.1182444	0.14047253	0.22437227
chr17	48054483	3.1780539	4.798885	-1.620831	accessible_not_acetylated	-2.47988	-0.50815725	-1.2013407
chr17	81432301	0.6931472	2.3137224	-1.6205752	accessible_not_acetylated	-0.68416107	-0.5546185	-1.1525346
chr22	44626393	0.0	1.6202093	-1.6202093	accessible_not_acetylated	0.6385647	-0.0813843	-0.4071175
chr6	161327563	0.0	1.6201794	-1.6201794	accessible_not_acetylated	0.43128157	-0.40746093	-0.1945628
chr7	73365012	0.6931472	2.3133144	-1.6201673	accessible_not_acetylated	-0.6222528	-0.5619379	-0.38099623
chr17	7214283	3.4011974	5.021163	-1.6199656	accessible_not_acetylated	-1.7987089	-0.54847574	-0.4164133
chr7	157613359	0.6931472	2.3129616	-1.6198144	accessible_not_acetylated	2.8643785	-0.8585875	-0.4252875
chr8	64399447	0.0	1.61971	-1.61971	accessible_not_acetylated	1.3931448	-0.24836922	0.14055336
chr22	16594087	1.609438	3.229001	-1.6195631	accessible_not_acetylated	-0.794142	0.2376318	-0.15210724
chr21	42108534	1.0986123	2.7176955	-1.6190832	accessible_not_acetylated	-0.20689392	-0.52377605	-0.3093357
chr7	44067828	1.609438	3.2283423	-1.6189044	accessible_not_acetylated	-0.33487868	0.25753236	0.020778894
chr20	41340203	2.4849067	4.103309	-1.6184025	accessible_not_acetylated	-0.091042995	-0.38228416	-0.04108286
chr7	128135300	2.8332133	4.4515405	-1.6183271	accessible_not_acetylated	-1.2488983	-0.6555991	-0.161829
chr7	34758272	0.0	1.6182338	-1.6182338	accessible_not_acetylated	1.4872397	0.29363525	0.09844804
chr8	67746399	0.6931472	2.3112328	-1.6180856	accessible_not_acetylated	0.7724602	0.5331471	0.10007954
chr6	20211363	3.6635616	5.2812886	-1.617727	accessible_not_acetylated	-2.0603864	-0.22596121	0.2454443
chr8	7894564	0.0	1.6175168	-1.6175168	accessible_not_acetylated	0.7978201	0.28922272	0.27983475
chr12	131828379	2.4849067	4.1018	-1.6168933	accessible_not_acetylated	-2.2621646	-1.3408613	-1.2245717
chr7	100247492	2.3025851	3.9193048	-1.6167197	accessible_not_acetylated	-0.76059294	0.0006079674	0.065677166
chr17	74326427	1.609438	3.2261395	-1.6167016	accessible_not_acetylated	-0.6982312	-1.2885374	-0.63822365
chr10	97771893	1.3862944	3.0029511	-1.6166568	accessible_not_acetylated	-1.8842528	-1.2411731	-0.87106276
chr6	57793414	0.6931472	2.3095675	-1.6164203	accessible_not_acetylated	0.81292367	-0.11039829	0.1779418
chr7	116218273	2.7080503	4.3240776	-1.6160274	accessible_not_acetylated	-1.0263777	0.23945713	0.26796007
chr7	22524196	1.609438	3.2254438	-1.6160059	accessible_not_acetylated	-0.4282391	-0.78285694	-0.20537972
chr10	133196424	0.6931472	2.3082004	-1.6150532	accessible_not_acetylated	-0.28922296	-0.8415971	-0.68965876
chr8	116912819	1.609438	3.2242692	-1.6148312	accessible_not_acetylated	-0.57912064	-0.17068481	-0.34201407
chr10	76303913	0.0	1.6147176	-1.6147176	accessible_not_acetylated	0.6237811	-0.115568876	-0.10482144
chr12	132154034	1.609438	3.2240858	-1.6146479	accessible_not_acetylated	-1.3728942	-0.96870327	-1.077028
chr17	74852550	2.1972246	3.811357	-1.6141324	accessible_not_acetylated	-0.8983767	-1.7285304	-0.828953
chr18	24853312	0.6931472	2.307255	-1.6141078	accessible_not_acetylated	-0.23347735	-0.6145638	-0.3535533
chr7	129502235	1.609438	3.2232244	-1.6137865	accessible_not_acetylated	0.33102012	-0.63706756	-0.48425293
chr22	46110341	1.609438	3.2227647	-1.6133268	accessible_not_acetylated	-0.5140953	-1.1816957	-0.39668155
chr8	53873056	0.0	1.6131943	-1.6131943	accessible_not_acetylated	0.9165629	0.14742601	0.21271896
chr10	11448792	1.3862944	2.999394	-1.6130996	accessible_not_acetylated	-0.38307738	-0.23491907	-0.14238358
chr17	21551462	2.3978953	4.010676	-1.6127806	accessible_not_acetylated	-1.1424353	-0.47690248	-0.33268785
chr7	1667758	1.3862944	2.998954	-1.6126597	accessible_not_acetylated	0.7762253	-1.3023349	-0.94452214
chr17	38559568	2.3025851	3.9149046	-1.6123195	accessible_not_acetylated	-0.79946256	-0.4965229	-0.48316956
chr12	63844731	2.3978953	4.0100975	-1.6122022	accessible_not_acetylated	-0.98124623	-0.82836103	-0.3315053
chr6	7726057	2.0794415	3.691636	-1.6121945	accessible_not_acetylated	0.13982153	-0.69828415	-0.4659388
chr21	31558977	0.0	1.6120752	-1.6120752	accessible_not_acetylated	1.6535505	-1.0710664	-1.4743059
chr8	144465901	3.1354942	4.747336	-1.6118417	accessible_not_acetylated	-1.1852019	-1.3292522	-1.7640972
chr7	32998790	2.9957323	4.6075554	-1.6118231	accessible_not_acetylated	-0.8910656	-0.26961803	0.19437313
chr8	2812786	0.6931472	2.304863	-1.6117158	accessible_not_acetylated	-0.034358263	-0.5610099	-0.3611362
chr12	88580355	1.3862944	2.996869	-1.6105747	accessible_not_acetylated	-0.1401124	-1.56247	-0.66400933
chr8	946971	1.0986123	2.7090213	-1.610409	accessible_not_acetylated	-0.6669178	-1.2417455	-0.7207346
chr17	79188139	0.0	1.6103525	-1.6103525	accessible_not_acetylated	0.24618149	-0.58184695	-0.8665297
chr8	141629580	0.6931472	2.3026073	-1.6094601	accessible_not_acetylated	-0.43572986	-0.7725704	-0.5791285
chr12	132189755	2.3025851	3.9118142	-1.6092291	accessible_not_acetylated	-0.7308798	-0.8102107	-1.0370679
chr12	68001690	0.6931472	2.3023634	-1.6092162	accessible_not_acetylated	-0.22515202	-0.30124164	0.13129807
chr6	166313418	1.609438	3.2175941	-1.6081562	accessible_not_acetylated	-0.68293715	-0.14874268	-0.14851952
chr17	82079370	1.609438	3.2174902	-1.6080523	accessible_not_acetylated	-1.1157799	-1.0033531	-1.1567373
chr18	6414911	0.0	1.6079993	-1.6079993	accessible_not_acetylated	0.59184	-0.8419067	-0.88197523
chr12	49549216	1.7917595	3.3996692	-1.6079097	accessible_not_acetylated	-0.58437824	-1.4483103	-0.69980717
chr6	13486838	3.8286414	5.436089	-1.6074476	accessible_not_acetylated	-3.10056	-0.7729559	-1.1202102
chr6	31907503	1.9459102	3.5528686	-1.6069584	accessible_not_acetylated	-1.2513556	-0.6912892	-0.7230115
chr7	4798259	0.6931472	2.2996519	-1.6065047	accessible_not_acetylated	-0.77306783	-0.7853198	-0.58694685
chr20	3927020	3.0445225	4.650495	-1.6059725	accessible_not_acetylated	-2.1559825	-0.55242205	-0.03998995
chr8	56029026	1.0986123	2.7044423	-1.60583	accessible_not_acetylated	-0.7644818	-0.37483382	-0.42519522
chr12	131623872	2.7080503	4.3130016	-1.6049514	accessible_not_acetylated	-2.1608243	-0.85614586	-0.65734506
chr20	398723	2.7080503	4.312746	-1.6046958	accessible_not_acetylated	-1.6092927	0.35185957	-0.12721586
chr10	123666354	0.0	1.6046793	-1.6046793	accessible_not_acetylated	-0.86420035	-0.95940787	-1.3891146
chr20	63483254	0.6931472	2.2976952	-1.604548	accessible_not_acetylated	0.025788069	-0.5969167	-0.73317814
chr7	128822862	2.0794415	3.683834	-1.6043925	accessible_not_acetylated	-0.4450469	-0.44318342	0.10602522
chr10	102440930	2.4849067	4.089195	-1.6042881	accessible_not_acetylated	-1.7850122	-0.7485812	-0.36126256
chr10	117138301	0.0	1.6041154	-1.6041154	accessible_not_acetylated	1.6212891	-0.83481467	-0.57983935
chr6	158202393	0.6931472	2.2971663	-1.6040192	accessible_not_acetylated	-0.12085652	-0.45798826	-0.29766643
chr10	128680302	0.6931472	2.297065	-1.6039178	accessible_not_acetylated	0.11355543	0.1825645	0.11949539
chr8	141508003	0.6931472	2.2965195	-1.6033723	accessible_not_acetylated	-0.6790087	-0.6864722	-0.85295606
chr8	8386495	1.9459102	3.549003	-1.6030927	accessible_not_acetylated	-0.9151132	-1.8815448	-1.2283194
chr6	31192694	1.3862944	2.989382	-1.6030877	accessible_not_acetylated	-1.02775	-1.060015	-0.5120907
chr12	117155481	1.3862944	2.9893594	-1.603065	accessible_not_acetylated	-0.33802748	-0.727087	-0.4352417
chr8	142834800	0.0	1.6029583	-1.6029583	accessible_not_acetylated	0.7078475	-0.6843326	-1.0767639
chr7	55433418	0.6931472	2.2960868	-1.6029396	accessible_not_acetylated	-0.53894436	-0.452502	-0.3015535
chr10	117218856	0.6931472	2.2960315	-1.6028843	accessible_not_acetylated	1.4020562	0.40442777	0.5837107
chr22	37570536	2.0794415	3.68228	-1.6028385	accessible_not_acetylated	-0.6741929	0.80461884	0.14811873
chr18	30982778	0.0	1.6023877	-1.6023877	accessible_not_acetylated	0.20772636	-0.08631849	-0.09004927
chr7	1664960	1.7917595	3.3939314	-1.6021719	accessible_not_acetylated	0.043016434	-1.3895621	-0.95458484
chr17	76839902	2.1972246	3.7989683	-1.6017437	accessible_not_acetylated	-1.5938268	-0.77586985	-0.55474925
chr6	127190768	0.0	1.6017351	-1.6017351	accessible_not_acetylated	0.48462796	-0.21567559	-0.26370835
chr17	1643216	1.0986123	2.7003279	-1.6017156	accessible_not_acetylated	-0.8640783	-1.6230934	-0.7723074
chr6	13660366	3.218876	4.820462	-1.6015863	accessible_not_acetylated	-2.3683827	-0.5637021	-0.20587206
chr10	30027386	1.3862944	2.9866717	-1.6003773	accessible_not_acetylated	0.042767525	-0.76661134	-0.06744194
chr20	37559843	0.6931472	2.2932436	-1.6000965	accessible_not_acetylated	0.52790856	0.09031463	0.2183826
chr17	74736884	1.7917595	3.3915238	-1.5997643	accessible_not_acetylated	-0.7648721	-1.5923406	-0.952358
chr10	37701517	0.6931472	2.292884	-1.5997369	accessible_not_acetylated	0.03320384	-0.6499722	-0.49523902
chr8	24942057	0.6931472	2.2928715	-1.5997243	accessible_not_acetylated	1.1500618	-0.79784894	-1.252512
chr22	37675353	3.8918204	5.4913707	-1.5995502	accessible_not_acetylated	-2.8151066	-0.8295555	-0.9163642
chr22	43892013	0.0	1.5994883	-1.5994883	accessible_not_acetylated	1.1275625	-0.61316323	-0.52036405
chr20	8132182	0.6931472	2.2925942	-1.599447	accessible_not_acetylated	-0.27272677	-1.054805	-1.2301602
chr6	98836166	2.4849067	4.083604	-1.5986972	accessible_not_acetylated	-1.0928366	-0.64656067	-0.15161896
chr7	107879560	1.3862944	2.9846258	-1.5983315	accessible_not_acetylated	-0.76987195	0.47922134	0.12498021
chr12	128387988	0.6931472	2.2912517	-1.5981045	accessible_not_acetylated	-0.2560649	-0.7086657	-0.74729574
chr18	45614800	0.0	1.5979977	-1.5979977	accessible_not_acetylated	0.32890046	-0.30915666	-0.27105963
chr7	102286930	3.0910425	4.688673	-1.5976305	accessible_not_acetylated	-2.5145118	-0.786149	-1.0277119
chr18	14431412	0.0	1.5975382	-1.5975382	accessible_not_acetylated	0.20579767	-0.9353038	-1.022463
chr7	100895106	2.8903718	4.487028	-1.5966563	accessible_not_acetylated	-1.5544612	-0.78153944	-1.2875261
chr8	139629204	0.6931472	2.2894797	-1.5963326	accessible_not_acetylated	0.0006239414	-0.20656109	-0.3444729
chr6	104302159	0.0	1.5938184	-1.5938184	accessible_not_acetylated	0.6448846	-0.118003845	-0.09387255
chr21	41612597	1.7917595	3.3853097	-1.5935502	accessible_not_acetylated	-1.1700182	-0.36907816	-0.23140454
chr10	17616524	1.7917595	3.3851874	-1.5934279	accessible_not_acetylated	-0.92367816	-0.23679256	-0.7344582
chr7	116526276	3.0910425	4.68431	-1.5932674	accessible_not_acetylated	-1.5842593	0.028383255	-0.65358496
chr22	50547734	1.0986123	2.6915803	-1.592968	accessible_not_acetylated	-0.49177623	-1.5170176	-1.2939476
chr20	62466414	1.0986123	2.691181	-1.5925686	accessible_not_acetylated	-0.13890219	-1.2431227	-0.46550918
chr7	100373444	2.1972246	3.7895594	-1.5923347	accessible_not_acetylated	-1.6909325	-0.3260107	-0.75985336
chr10	111077031	0.0	1.5917766	-1.5917766	accessible_not_acetylated	0.4390676	-1.2570839	-1.2272921
chr7	1640548	1.0986123	2.6903138	-1.5917015	accessible_not_acetylated	-0.5962167	-0.8330338	-0.872432
chr17	60142288	1.609438	3.2007833	-1.5913453	accessible_not_acetylated	-0.5287399	-0.26386213	-0.311939
chr7	74798662	1.7917595	3.3830373	-1.5912778	accessible_not_acetylated	-0.28316092	-0.045434237	-0.040994406
chr12	100734023	0.0	1.5907547	-1.5907547	accessible_not_acetylated	0.30921483	-0.13176131	-0.12331879
chr7	149149191	3.7376697	5.3284225	-1.5907528	accessible_not_acetylated	-2.4851162	-0.9878402	-0.4912176
chr20	398009	2.4849067	4.0755973	-1.5906906	accessible_not_acetylated	-1.4948757	0.35717392	-0.024625301
chr7	5072048	1.0986123	2.688696	-1.5900836	accessible_not_acetylated	1.4087615	-0.6536503	-0.7328757
chr7	123916622	0.0	1.5898378	-1.5898378	accessible_not_acetylated	0.22447634	-0.028122544	0.036857367
chr10	71223776	2.1972246	3.7865126	-1.589288	accessible_not_acetylated	-1.3775785	0.1799612	-0.13931394
chr7	19117648	0.6931472	2.282415	-1.5892677	accessible_not_acetylated	0.48326635	-1.5246025	-1.0130335
chr12	92650129	0.6931472	2.2817383	-1.5885911	accessible_not_acetylated	0.46775913	-0.050643682	0.118857384
chr8	42720610	1.609438	3.1979911	-1.5885532	accessible_not_acetylated	-0.83115053	0.059476137	-0.013590574
chr6	167848988	3.1354942	4.7237725	-1.5882783	accessible_not_acetylated	-2.3533962	-0.24540567	-0.018516064
chr12	92142831	3.4011974	4.9894075	-1.5882101	accessible_not_acetylated	-2.8175278	-0.72339535	0.021395683
chr10	5537410	0.6931472	2.2810361	-1.587889	accessible_not_acetylated	-0.28671765	-0.53054464	-0.15282369
chr17	7114811	0.0	1.5875305	-1.5875305	accessible_not_acetylated	0.7564522	-0.113642335	-0.547716
chr7	8363402	0.6931472	2.280539	-1.5873919	accessible_not_acetylated	-0.033658028	0.22883415	-0.0072700977
chr10	127737273	0.0	1.5873163	-1.5873163	accessible_not_acetylated	0.37944877	-0.81626445	-0.9395989
chr22	42656663	0.0	1.5871584	-1.5871584	accessible_not_acetylated	1.1100614	-0.15060806	-0.32227933
chr7	32785477	0.6931472	2.279966	-1.5868189	accessible_not_acetylated	0.34835768	-0.13794875	-0.035874605
chr20	62900701	3.3672957	4.9539423	-1.5866466	accessible_not_acetylated	-2.240465	-1.2370255	-0.5578604
chr22	44800435	0.0	1.5864727	-1.5864727	accessible_not_acetylated	0.68595815	-0.5590763	-0.8134355
chr10	6203189	2.944439	4.5303016	-1.5858626	accessible_not_acetylated	-1.8669214	-0.7676194	-1.2236204
chr22	20245557	1.3862944	2.9720283	-1.5857339	accessible_not_acetylated	-0.064008	0.63696766	-0.04849744
chr17	136693	0.0	1.5857067	-1.5857067	accessible_not_acetylated	0.88443065	0.10296941	0.195984
chr6	170611576	3.0445225	4.6301756	-1.5856531	accessible_not_acetylated	-2.0022714	-0.3347745	-0.029358387
chr22	19876586	1.609438	3.1949365	-1.5854986	accessible_not_acetylated	-2.1443486	-0.8404329	-1.0336316
chr12	113724862	0.6931472	2.2784505	-1.5853033	accessible_not_acetylated	0.08505654	-0.3280599	-0.4381112
chr22	21883011	2.7725887	4.3574877	-1.584899	accessible_not_acetylated	-1.0159879	-0.22268629	-0.14026642
chr10	79440878	3.218876	4.803734	-1.584858	accessible_not_acetylated	-2.25492	0.43814087	0.028989792
chr22	50674641	0.0	1.5847924	-1.5847924	accessible_not_acetylated	-0.5424205	-1.1102431	-0.7879407
chr8	79609559	0.0	1.5846374	-1.5846374	accessible_not_acetylated	1.3342555	0.14783359	0.47794724
chr6	16760111	3.4965076	5.0810914	-1.5845838	accessible_not_acetylated	-1.785034	-0.7871332	-0.96984243
chr20	57710001	1.7917595	3.3760576	-1.5842981	accessible_not_acetylated	-0.61016774	-1.1347561	-0.7462826
chr7	538445	0.6931472	2.2772517	-1.5841045	accessible_not_acetylated	0.26283002	-0.6154326	-0.70710266
chr10	124389382	1.9459102	3.5298865	-1.5839763	accessible_not_acetylated	-0.22922397	-0.869962	-0.6167488
chr10	42769400	2.5649493	4.1488853	-1.583936	accessible_not_acetylated	-1.4117122	0.010210037	-0.030972004
chr18	47035617	0.0	1.583848	-1.583848	accessible_not_acetylated	0.7619679	-0.31981182	-0.41471958
chr7	16452164	1.9459102	3.5295792	-1.583669	accessible_not_acetylated	-1.4092367	-0.42725754	-0.20165491
chr20	57525843	4.204693	5.788182	-1.583489	accessible_not_acetylated	-3.624784	-2.1863189	-1.1041431
chr20	57710603	2.0794415	3.662758	-1.5833166	accessible_not_acetylated	0.03232622	-0.58735347	-0.24909091
chr6	42913919	0.6931472	2.2762728	-1.5831256	accessible_not_acetylated	-0.3321526	-0.4143517	-0.41312647
chr8	63241789	1.3862944	2.9693625	-1.5830681	accessible_not_acetylated	-0.24194264	-0.046879053	-0.015257597
chr12	109098081	4.0943446	5.6773753	-1.5830307	accessible_not_acetylated	-1.2273536	-0.668241	-0.8622713
chr7	49773660	0.0	1.5826988	-1.5826988	accessible_not_acetylated	1.5508101	-0.9560195	-0.9828416
chr12	99984727	2.0794415	3.6618848	-1.5824432	accessible_not_acetylated	-1.4366457	-0.8553529	-0.68457747
chr12	104064713	4.276666	5.858807	-1.5821409	accessible_not_acetylated	-2.2568672	-0.2892933	-0.6865163
chr10	43250499	1.0986123	2.6807384	-1.5821261	accessible_not_acetylated	0.10874939	-0.62337923	-0.35900307
chr7	116197398	0.6931472	2.2751036	-1.5819564	accessible_not_acetylated	1.4326007	0.45180988	0.42631865
chr6	151240145	2.5649493	4.1465926	-1.5816433	accessible_not_acetylated	-1.2839911	-1.52338	-0.69628406
chr22	42152525	0.6931472	2.274549	-1.5814018	accessible_not_acetylated	0.51951337	-0.63854706	-0.7190939
chr22	42867941	1.7917595	3.3730187	-1.5812593	accessible_not_acetylated	-1.3055539	-1.0272055	-0.3263328
chr18	56563765	0.6931472	2.2743518	-1.5812047	accessible_not_acetylated	0.18435073	-0.4591273	0.22640204
chr22	24421666	1.3862944	2.96727	-1.5809755	accessible_not_acetylated	-1.0149876	-0.88620734	-0.5996046
chr22	41197702	2.5649493	4.145555	-1.5806057	accessible_not_acetylated	-1.4118404	-0.2575178	-0.35402822
chr18	31505262	1.7917595	3.3722332	-1.5804737	accessible_not_acetylated	-0.41819763	0.13391733	0.1111722
chr10	103245886	0.6931472	2.2735739	-1.5804267	accessible_not_acetylated	0.027848959	-0.58397746	-0.20010567
chr6	55579214	0.0	1.5803475	-1.5803475	accessible_not_acetylated	0.8628483	-0.5368178	-0.7289337
chr7	6374302	4.1108737	5.6908937	-1.58002	accessible_not_acetylated	-1.1840477	-0.49645138	-0.1610961
chr8	7955012	0.0	1.5800147	-1.5800147	accessible_not_acetylated	0.48528647	-1.0651569	-0.33087933
chr12	55707710	1.3862944	2.9661365	-1.5798421	accessible_not_acetylated	-0.3414204	-0.7805214	-0.8177979
chr18	50662365	0.0	1.5796189	-1.5796189	accessible_not_acetylated	0.51899385	-0.24955702	0.0014082193
chr8	12089337	0.0	1.5795796	-1.5795796	accessible_not_acetylated	0.92191076	-0.05128503	-0.10032678
chr10	124092424	0.0	1.5786154	-1.5786154	accessible_not_acetylated	2.5699546	-1.236585	-0.98222125
chr22	38993094	1.0986123	2.677117	-1.5785048	accessible_not_acetylated	0.16479135	-0.5795014	-0.41973233
chr18	905052	0.6931472	2.2712674	-1.5781202	accessible_not_acetylated	-0.034971237	-0.9585676	-0.9024594
chr22	16955858	0.6931472	2.2712035	-1.5780563	accessible_not_acetylated	0.22810602	0.05031252	-0.0632
chr7	149822630	1.609438	3.1874714	-1.5780334	accessible_not_acetylated	-1.0100079	-0.5822563	-0.5420995
chr8	10274060	0.0	1.5774078	-1.5774078	accessible_not_acetylated	1.0016942	0.36424017	-0.020381212
chr12	51814428	0.6931472	2.2704146	-1.5772674	accessible_not_acetylated	-0.35443592	-1.4088447	-0.78251004
chr8	56010787	1.609438	3.1866734	-1.5772355	accessible_not_acetylated	-0.833261	0.08800244	-0.1598835
chr12	14186080	0.6931472	2.270099	-1.5769517	accessible_not_acetylated	-0.6763574	-0.33280516	-0.24351549
chr21	44612078	0.0	1.5768633	-1.5768633	accessible_not_acetylated	0.30657005	-0.1752342	-0.6333518
chr12	113057856	0.6931472	2.2699096	-1.5767624	accessible_not_acetylated	-0.2931627	-0.91940546	-0.8369713
chr10	59753445	0.0	1.5755458	-1.5755458	accessible_not_acetylated	-0.008167744	0.053936362	-0.18434191
chr20	63531106	0.6931472	2.2682424	-1.5750952	accessible_not_acetylated	0.6002979	-0.7586224	-0.4389361
chr8	102067950	0.6931472	2.2681828	-1.5750356	accessible_not_acetylated	0.8220222	0.22157264	0.17907071
chr10	135314	2.7725887	4.347485	-1.5748963	accessible_not_acetylated	-1.6030827	-0.8262491	-0.82768273
chr10	122268250	0.0	1.5747445	-1.5747445	accessible_not_acetylated	0.3788042	-0.18515539	-0.3644563
chr17	74893621	1.0986123	2.6732845	-1.5746722	accessible_not_acetylated	-0.3932891	-1.3369261	-1.0362478
chr12	120961794	0.6931472	2.2677834	-1.5746362	accessible_not_acetylated	0.45547962	-0.08045769	-0.027391195
chr8	116869532	3.2580965	4.832662	-1.5745656	accessible_not_acetylated	-1.9184997	-0.6502614	-0.07389164
chr22	22638507	0.0	1.5744835	-1.5744835	accessible_not_acetylated	1.126382	-0.098495364	-0.28574216
chr8	53318451	0.6931472	2.26698	-1.5738328	accessible_not_acetylated	0.68742275	0.3030212	-0.010701656
chr8	95386767	0.0	1.57283	-1.57283	accessible_not_acetylated	0.99535894	0.2147305	0.27055812
chr8	94642488	1.3862944	2.9589343	-1.57264	accessible_not_acetylated	0.26769543	-0.5508559	-0.52612543
chr12	57739076	1.0986123	2.671111	-1.5724988	accessible_not_acetylated	-0.4440918	-0.5423751	-0.5883775
chr22	36776248	1.609438	3.1813078	-1.5718699	accessible_not_acetylated	0.044698	-1.0607176	-0.53873205
chr10	71246789	1.7917595	3.3634064	-1.5716469	accessible_not_acetylated	-0.20869279	0.29862523	0.20950532
chr7	32738594	2.0794415	3.6510057	-1.5715642	accessible_not_acetylated	-0.95185757	-0.30572033	-0.20745754
chr6	106335225	1.0986123	2.6697123	-1.5711	accessible_not_acetylated	0.1599307	-0.8473735	-0.3482995
chr12	94090090	1.3862944	2.9572558	-1.5709615	accessible_not_acetylated	-0.08301997	0.055190086	0.38421488
chr12	57736473	3.1780539	4.7489014	-1.5708475	accessible_not_acetylated	-0.54404783	0.4297762	-0.2974577
chr6	79455654	0.6931472	2.2638247	-1.5706775	accessible_not_acetylated	0.5973697	-0.03267908	0.019461155
chr10	32893660	1.3862944	2.956959	-1.5706646	accessible_not_acetylated	-0.38367057	0.3778417	-0.002548933
chr20	9514357	0.0	1.5704205	-1.5704205	accessible_not_acetylated	1.0595059	-0.36417103	-0.18013656
chr10	2578373	2.5649493	4.134775	-1.5698259	accessible_not_acetylated	-0.64323497	-0.28910327	-0.32686257
chr17	61409578	1.3862944	2.9557157	-1.5694213	accessible_not_acetylated	-0.3897636	-1.0883375	-0.8656018
chr10	11018063	0.6931472	2.262541	-1.5693939	accessible_not_acetylated	-0.17747855	-1.3589534	-1.068996
chr12	102769763	0.6931472	2.2614818	-1.5683346	accessible_not_acetylated	0.46152472	-0.11892462	-0.28364778
chr12	43695082	0.6931472	2.2613435	-1.5681963	accessible_not_acetylated	0.64276695	-0.01649046	-0.025342941
chr10	133329923	1.3862944	2.954355	-1.5680606	accessible_not_acetylated	-0.55046725	-1.0472785	-0.6749122
chr10	102869452	0.0	1.5679998	-1.5679998	accessible_not_acetylated	1.3588526	-0.63652444	-0.46674252
chr17	41773467	0.6931472	2.26111	-1.5679629	accessible_not_acetylated	0.6423633	-0.29741025	-0.35668373
chr10	55264102	0.0	1.5679445	-1.5679445	accessible_not_acetylated	0.6368041	-0.54303765	-0.0060636997
chr7	56327361	0.0	1.5676336	-1.5676336	accessible_not_acetylated	0.35935187	-0.13617182	-0.3493533
chr20	2693966	1.0986123	2.665822	-1.5672097	accessible_not_acetylated	-0.4667096	-1.7003258	-1.5011632
chr8	142510137	0.6931472	2.260072	-1.5669248	accessible_not_acetylated	0.2744031	-0.5007131	-0.8443612
chr8	66177642	1.609438	3.1760147	-1.5665767	accessible_not_acetylated	-1.0853724	-0.93851304	-0.75733376
chr10	17617600	2.3025851	3.8687127	-1.5661275	accessible_not_acetylated	-1.1659005	-0.6253772	-0.667578
chr6	168060641	0.6931472	2.2591445	-1.5659974	accessible_not_acetylated	0.10861182	-0.42778587	-0.5136167
chr12	57461716	3.637586	5.2034	-1.565814	accessible_not_acetylated	-0.39866972	0.19768143	-0.2745638
chr6	157685825	1.0986123	2.6641946	-1.5655823	accessible_not_acetylated	0.07414889	-0.43442106	-0.1251626
chr6	34142788	1.0986123	2.66393	-1.5653176	accessible_not_acetylated	0.4046781	-0.96309066	-0.4705422
chr6	38024544	0.0	1.5649767	-1.5649767	accessible_not_acetylated	0.54343796	-0.37071347	-0.21549892
chr8	138727594	1.0986123	2.6632507	-1.5646384	accessible_not_acetylated	-0.4713354	-0.41014552	-0.48191476
chr22	42510343	1.0986123	2.6632006	-1.5645883	accessible_not_acetylated	-0.058944702	-0.35729003	-0.23133397
chr7	144830276	1.0986123	2.6629221	-1.5643098	accessible_not_acetylated	-0.0077815056	-0.1229198	0.34940386
chr7	136869108	0.6931472	2.2573078	-1.5641606	accessible_not_acetylated	1.4923701	-0.58260775	-0.3761853
chr17	50184497	1.0986123	2.662513	-1.5639007	accessible_not_acetylated	-0.13784695	-0.78078556	-0.508229
chr6	99349843	1.609438	3.1730447	-1.5636067	accessible_not_acetylated	-0.5903404	-1.6006575	-1.1594429
chr8	119208370	0.0	1.5630167	-1.5630167	accessible_not_acetylated	1.5920429	-0.66558045	-0.713497
chr6	83709408	0.0	1.5625638	-1.5625638	accessible_not_acetylated	1.6560956	-0.67600656	-0.97309995
chr6	116667787	4.543295	6.105625	-1.5623302	accessible_not_acetylated	-3.7296085	-0.95763826	0.0503335
chr17	74834261	0.6931472	2.2546515	-1.5615044	accessible_not_acetylated	1.2346137	-0.40826964	-0.5758898
chr8	27468629	1.0986123	2.6596725	-1.5610602	accessible_not_acetylated	0.0056774616	-0.34574604	-0.04248476
chr17	8016859	1.0986123	2.6590047	-1.5603924	accessible_not_acetylated	0.3709178	-0.6292572	-0.3189671
chr17	38509542	2.0794415	3.639525	-1.5600834	accessible_not_acetylated	-0.975286	-0.16691494	-0.57530093
chr7	2511646	1.0986123	2.6585152	-1.5599029	accessible_not_acetylated	-0.3531654	-1.1094632	-0.75083673
chr6	69835891	0.0	1.5595965	-1.5595965	accessible_not_acetylated	1.4097259	-0.0017669201	-0.017162919
chr12	6444884	0.0	1.5594234	-1.5594234	accessible_not_acetylated	0.50842905	0.03344667	-0.29345775
chr18	48951992	3.1354942	4.6943674	-1.5588732	accessible_not_acetylated	-3.2756367	-1.1988957	-0.88780594
chr8	41466911	2.7725887	4.331203	-1.5586143	accessible_not_acetylated	-1.711626	0.21357298	0.07854986
chr22	15528158	0.0	1.5574222	-1.5574222	accessible_not_acetylated	0.6274595	-0.029061079	0.113896966
chr7	74033972	1.7917595	3.348643	-1.5568836	accessible_not_acetylated	-0.6108978	-1.1407642	-0.56389
chr20	31460529	1.0986123	2.6550078	-1.5563955	accessible_not_acetylated	-0.15261674	-0.5843117	-0.37758207
chr17	49972765	0.6931472	2.2494307	-1.5562835	accessible_not_acetylated	0.3511505	-1.0539606	-0.73964834
chr17	68205763	2.8903718	4.4459825	-1.5556107	accessible_not_acetylated	-1.419646	-1.2224612	-0.95082355
chr12	93979397	0.6931472	2.2486086	-1.5554614	accessible_not_acetylated	-0.615988	-0.16327047	-0.21276426
chr12	48970105	1.0986123	2.653987	-1.5553746	accessible_not_acetylated	-0.06483531	-1.4603395	-0.63943005
chr10	50885675	0.0	1.5550585	-1.5550585	accessible_not_acetylated	0.74540305	0.066132784	0.18156338
chr10	113680442	2.3978953	3.9528756	-1.5549803	accessible_not_acetylated	-0.12918234	-0.8938153	-0.19281316
chr8	132145078	0.0	1.5549073	-1.5549073	accessible_not_acetylated	0.33198345	-0.030576706	-0.17639375
chr18	63319911	2.3025851	3.8572018	-1.5546167	accessible_not_acetylated	-1.7869763	-1.03391	-0.8912513
chr7	158975955	2.7080503	4.262336	-1.5542855	accessible_not_acetylated	-2.9194756	-1.4255538	-1.0718977
chr10	102901603	0.0	1.5540752	-1.5540752	accessible_not_acetylated	0.24285114	-0.32815146	-0.1576631
chr17	36464107	1.0986123	2.6526785	-1.5540662	accessible_not_acetylated	0.5825057	-0.6879469	-0.6235187
chr10	102219628	0.0	1.5540528	-1.5540528	accessible_not_acetylated	-0.030225277	-0.4399755	-0.2651875
chr10	42952333	1.609438	3.16312	-1.5536821	accessible_not_acetylated	-0.82450986	-1.2705106	-0.6246064
chr8	27459451	0.6931472	2.246775	-1.5536277	accessible_not_acetylated	0.16014147	0.13520432	-0.097547054
chr7	101173850	2.3025851	3.8558888	-1.5533037	accessible_not_acetylated	-0.18755293	-0.75308037	-0.6223173
chr12	27550070	1.7917595	3.3447523	-1.5529928	accessible_not_acetylated	-0.538533	-0.18698025	-0.12527514
chr20	53586832	3.465736	5.0171175	-1.5513816	accessible_not_acetylated	-2.4379063	-0.6018505	-0.0066332817
chr12	26953672	2.944439	4.4958096	-1.5513706	accessible_not_acetylated	-2.009521	0.10695982	-0.08024788
chr7	33041833	2.7080503	4.2588506	-1.5508003	accessible_not_acetylated	-1.2609594	-0.02166748	-0.09908056
chr17	27087411	3.4965076	5.0468583	-1.5503507	accessible_not_acetylated	-3.1108131	-0.90737295	-0.3091154
chr6	70399184	4.1271343	5.676917	-1.5497828	accessible_not_acetylated	-1.8380837	0.18345833	1.1015806
chr8	6926076	0.0	1.5485109	-1.5485109	accessible_not_acetylated	1.321551	0.0051552057	0.011769414
chr7	100493711	2.0794415	3.6278129	-1.5483713	accessible_not_acetylated	-1.4006126	-1.0012288	-0.894763
chr17	76969199	0.6931472	2.2408326	-1.5476854	accessible_not_acetylated	0.8179383	-0.89550877	-0.79018116
chr20	24781577	0.0	1.547408	-1.547408	accessible_not_acetylated	0.66108644	-0.14002192	-0.441113
chr6	29004065	4.204693	2.7793028	1.42539	acetylated_beyond_accessibility	0.11161637	0.23303056	0.16355896
chr12	131784182	3.7841897	2.3587835	1.4254062	acetylated_beyond_accessibility	1.2886832	0.54362655	1.3389356
chr22	36328851	4.955827	3.5303888	1.4254384	acetylated_beyond_accessibility	0.70545626	-0.09835911	0.61965084
chr12	1439888	4.0073333	2.5818715	1.4254618	acetylated_beyond_accessibility	0.26500964	0.6597023	-0.062407732
chr6	43927509	6.363028	4.9375124	1.4255157	acetylated_beyond_accessibility	-1.8427918	0.3070464	0.06310654
chr6	51153062	4.0430512	2.6174328	1.4256184	acetylated_beyond_accessibility	0.38566422	0.7152803	0.37556505
chr8	964958	4.624973	3.1992605	1.4257123	acetylated_beyond_accessibility	-0.8634565	-0.47868562	-0.5870526
chr22	40899107	3.3322046	1.9064834	1.4257212	acetylated_beyond_accessibility	1.5924754	0.24537134	0.46843243
chr6	119147470	5.814131	4.3881145	1.4260163	acetylated_beyond_accessibility	-1.1210458	1.1254497	0.3897338
chr20	821278	3.713572	2.287442	1.42613	acetylated_beyond_accessibility	0.31383228	-0.32392	0.0107347965
chr6	28357191	4.882802	3.456472	1.4263301	acetylated_beyond_accessibility	1.049201	0.53856874	0.90546036
chr21	42464062	3.6109178	2.1844351	1.4264827	acetylated_beyond_accessibility	1.013155	0.15541506	0.08821058
chr20	30289950	4.94876	3.5219724	1.4267876	acetylated_beyond_accessibility	0.1452384	-0.7683749	-0.105746984
chr18	9681386	4.0775375	2.6505136	1.4270239	acetylated_beyond_accessibility	-0.8538048	0.20735765	0.0739944
chr10	104347353	4.6051702	3.17792	1.4272501	acetylated_beyond_accessibility	-0.34343982	0.468508	0.24309206
chr20	31712874	4.7004805	3.273229	1.4272516	acetylated_beyond_accessibility	-0.0036783218	0.5635443	0.2658403
chr18	62558503	2.9957323	1.5683577	1.4273746	acetylated_beyond_accessibility	0.8473544	-0.023360252	0.24990547
chr20	56434098	3.6109178	2.1831973	1.4277205	acetylated_beyond_accessibility	-0.17380357	-0.09983492	0.13357782
chr7	158835322	5.062595	3.634845	1.4277499	acetylated_beyond_accessibility	-0.3323326	0.38273835	0.42599702
chr12	48459454	3.2580965	1.8302941	1.4278023	acetylated_beyond_accessibility	1.6078792	0.611573	0.58864117
chr17	75849991	4.7004805	3.2720613	1.4284191	acetylated_beyond_accessibility	-0.7392659	0.09433222	-0.15416527
chr20	41055888	3.6888795	2.2603104	1.4285691	acetylated_beyond_accessibility	0.4970193	0.47387934	0.023089409
chr10	50327632	7.0166097	5.5877686	1.4288411	acetylated_beyond_accessibility	-3.008773	-0.43031693	0.011789799
chr12	48311496	3.5263605	2.0974863	1.4288743	acetylated_beyond_accessibility	0.1491077	0.6746495	0.17011094
chr7	50360446	6.0185933	4.5896053	1.428988	acetylated_beyond_accessibility	-0.9594841	-0.12883139	0.5127692
chr12	14837081	2.944439	1.5154473	1.4289917	acetylated_beyond_accessibility	0.7593337	0.34896648	0.30584252
chr6	44012306	3.8066626	2.3775685	1.4290941	acetylated_beyond_accessibility	0.75710464	0.65139556	0.501235
chr6	29815241	4.1431346	2.7140126	1.429122	acetylated_beyond_accessibility	0.381629	0.2429285	-0.0056459904
chr17	28763907	3.7612002	2.3318548	1.4293454	acetylated_beyond_accessibility	0.114959955	0.22415471	-0.035106897
chr8	102547310	4.644391	3.2145875	1.4298036	acetylated_beyond_accessibility	-0.65242696	0.32061005	0.041160822
chr7	22348583	3.4339871	2.003746	1.4302411	acetylated_beyond_accessibility	0.22288847	0.5376587	0.5782466
chr20	47605791	4.564348	3.1337724	1.4305758	acetylated_beyond_accessibility	-0.6431377	0.5824053	0.21646905
chr7	113141179	4.204693	2.7740178	1.430675	acetylated_beyond_accessibility	-0.2691183	0.173388	0.05873823
chr12	50841009	2.7725887	1.3415383	1.4310504	acetylated_beyond_accessibility	1.8584322	0.48687243	0.81798303
chr7	124929796	5.8998976	4.4687834	1.4311142	acetylated_beyond_accessibility	1.0134568	0.7607641	0.5917072
chr8	124651554	6.2304816	4.799283	1.4311986	acetylated_beyond_accessibility	-1.778111	1.275754	0.45521307
chr22	50306108	3.9318256	2.5005102	1.4313154	acetylated_beyond_accessibility	1.0223751	-0.6138711	-0.5282428
chr7	135939507	5.521461	4.0898004	1.4316607	acetylated_beyond_accessibility	-0.5505495	0.912601	0.22285795
chr18	76477100	3.6635616	2.231692	1.4318695	acetylated_beyond_accessibility	3.5359848	1.2131786	1.6086395
chr6	27837210	7.3132205	5.8813167	1.4319038	acetylated_beyond_accessibility	-2.1200693	-0.025429726	0.099378586
chr7	39720989	4.912655	3.4806917	1.4319632	acetylated_beyond_accessibility	-0.7294221	0.5182998	0.120039225
chr6	34277503	4.983607	3.5512784	1.4323285	acetylated_beyond_accessibility	-0.42332172	0.7534888	0.31955886
chr12	11159244	3.871201	2.438809	1.4323921	acetylated_beyond_accessibility	0.20200968	0.4807706	0.122986555
chr12	64639032	3.583519	2.1510649	1.4324541	acetylated_beyond_accessibility	1.3173654	1.1899042	0.5635743
chr20	3208714	4.8675346	3.4347105	1.4328241	acetylated_beyond_accessibility	0.6491933	0.42086315	0.28384542
chr21	29647509	5.9107966	4.4778237	1.4329729	acetylated_beyond_accessibility	-1.599478	0.22212505	0.35276222
chr12	6746796	4.2195077	2.786365	1.4331427	acetylated_beyond_accessibility	1.6039052	0.4688673	0.8421917
chr7	50338852	5.6629605	4.2297854	1.4331751	acetylated_beyond_accessibility	0.40414906	0.37818766	0.26601553
chr20	29031750	3.988984	2.555353	1.4336312	acetylated_beyond_accessibility	1.3457623	0.37512302	1.1287773
chr22	39833056	6.0185933	4.5842566	1.4343367	acetylated_beyond_accessibility	-1.409822	0.2406969	0.21484518
chr12	31733868	5.293305	3.858635	1.43467	acetylated_beyond_accessibility	0.2925954	1.5882359	0.85187674
chr7	22167136	3.4965076	2.0618205	1.4346871	acetylated_beyond_accessibility	0.7442455	0.109556675	0.15313888
chr6	16320201	5.918894	4.483978	1.434916	acetylated_beyond_accessibility	-0.8228071	0.5775299	0.24734831
chr7	22682301	6.052089	4.6167097	1.4353795	acetylated_beyond_accessibility	-1.0283158	0.43021536	0.20142317
chr17	69101619	4.465908	3.0301876	1.4357204	acetylated_beyond_accessibility	-0.24687982	0.17118216	-0.076444626
chr6	13276217	5.888878	4.453133	1.4357448	acetylated_beyond_accessibility	-1.1721823	-0.09262085	0.13316107
chr6	33418291	6.517671	5.081457	1.436214	acetylated_beyond_accessibility	-0.10664415	1.0690022	0.43938208
chr8	38166898	4.060443	2.6238163	1.4366267	acetylated_beyond_accessibility	0.26566625	0.44329023	0.4183755
chr17	17418582	4.304065	2.8667252	1.43734	acetylated_beyond_accessibility	0.51122594	0.1761086	0.21238661
chr8	98306409	5.9454207	4.507851	1.4375696	acetylated_beyond_accessibility	-1.812247	0.9262953	-0.014597416
chr20	47400851	3.1354942	1.697859	1.4376352	acetylated_beyond_accessibility	1.144423	0.037646532	-0.012017012
chr6	129490898	4.1108737	2.6724923	1.4383814	acetylated_beyond_accessibility	2.3007848	1.4250047	0.7172959
chr17	32141492	5.214936	3.776474	1.4384618	acetylated_beyond_accessibility	-1.0036085	0.27265406	-0.0046327114
chr17	64636023	3.583519	2.1449814	1.4385376	acetylated_beyond_accessibility	1.3238187	1.0241637	0.7773988
chr20	62915135	3.5553482	2.116793	1.4385552	acetylated_beyond_accessibility	0.7831118	0.64670086	0.12874746
chr6	20820081	3.7841897	2.345623	1.4385667	acetylated_beyond_accessibility	0.6321454	0.5167749	0.17023325
chr10	15461485	4.060443	2.6215897	1.4388533	acetylated_beyond_accessibility	0.32644033	0.3660996	0.7887075
chr22	20206337	6.25575	4.8162837	1.4394665	acetylated_beyond_accessibility	-1.7732849	0.7954602	-0.07844639
chr17	74163464	4.1431346	2.7036047	1.4395299	acetylated_beyond_accessibility	0.7473459	0.60625744	0.7434335
chr8	55974178	3.5263605	2.0865922	1.4397683	acetylated_beyond_accessibility	0.7639742	0.19729877	0.13338637
chr21	37356819	3.9318256	2.4919863	1.4398394	acetylated_beyond_accessibility	0.42195082	0.98267484	0.09543276
chr17	78082648	4.060443	2.6205604	1.4398825	acetylated_beyond_accessibility	-0.20378447	-0.13495398	-0.09839034
chr12	96315916	4.0775375	2.6375613	1.4399762	acetylated_beyond_accessibility	0.08049345	1.3676114	0.6156349
chr18	650524	4.634729	3.1947181	1.4400108	acetylated_beyond_accessibility	-0.31987572	0.91687465	0.09343982
chr17	69093490	5.529429	4.08929	1.4401388	acetylated_beyond_accessibility	-0.80110073	0.4165492	0.0037989616
chr17	58331518	6.72022	5.279878	1.440342	acetylated_beyond_accessibility	-0.5537658	1.7518277	0.27032614
chr10	48485097	4.804021	3.3635154	1.4405055	acetylated_beyond_accessibility	-1.6621008	-0.16874361	-0.038052797
chr7	13050850	3.988984	2.547958	1.4410262	acetylated_beyond_accessibility	1.092793	1.2672057	0.5054145
chr7	105086463	3.4339871	1.9927347	1.4412525	acetylated_beyond_accessibility	0.17023301	0.39819407	0.16881585
chr10	91901980	4.0253515	2.5838387	1.4415128	acetylated_beyond_accessibility	0.32377458	1.2807429	0.5318415
chr17	77728462	2.8903718	1.4487562	1.4416156	acetylated_beyond_accessibility	0.71880627	0.14527392	-0.098260164
chr8	129552451	4.158883	2.7166767	1.4422064	acetylated_beyond_accessibility	0.5512903	0.5475056	1.003295
chr17	69047361	5.583496	4.141244	1.4422522	acetylated_beyond_accessibility	-1.776001	0.7635498	0.29823923
chr18	49324066	4.0430512	2.6003494	1.4427018	acetylated_beyond_accessibility	-0.13530803	0.39884353	-0.19196677
chr6	134373633	4.2195077	2.776557	1.4429507	acetylated_beyond_accessibility	0.46941614	1.1918631	0.200948
chr10	72216220	6.3099184	4.86691	1.4430084	acetylated_beyond_accessibility	-0.56774807	1.0065279	0.115775585
chr12	65644040	3.9318256	2.488606	1.4432197	acetylated_beyond_accessibility	-0.43800735	0.5213046	0.10592961
chr22	25898911	3.0445225	1.6011863	1.4433362	acetylated_beyond_accessibility	1.0030174	0.3581655	0.3080268
chr17	20801904	3.5263605	2.082569	1.4437916	acetylated_beyond_accessibility	1.1245022	0.084029675	-0.11101067
chr22	20917367	7.024649	5.5807743	1.4438748	acetylated_beyond_accessibility	-0.47779512	0.6300316	-0.19047213
chr6	166951326	5.32301	3.8790064	1.4440036	acetylated_beyond_accessibility	-0.45916867	0.650754	0.6060953
chr10	73817194	5.062595	3.6184578	1.4441371	acetylated_beyond_accessibility	-0.7627084	0.54657507	0.18594599
chr17	76442827	5.3565865	3.9124222	1.4441643	acetylated_beyond_accessibility	-0.21513152	0.6904597	0.61921406
chr6	43962599	4.4998097	3.055588	1.4442217	acetylated_beyond_accessibility	-0.09934068	0.4768126	0.3324182
chr12	50762280	5.4026775	3.958424	1.4442534	acetylated_beyond_accessibility	-0.854831	0.16522169	0.047724247
chr10	62804796	5.963579	4.5192842	1.4442949	acetylated_beyond_accessibility	0.39222383	0.2443142	0.13626814
chr6	134293955	3.9318256	2.4873307	1.444495	acetylated_beyond_accessibility	-0.027819633	0.6905105	0.336246
chr12	905494	3.2580965	1.8134698	1.4446267	acetylated_beyond_accessibility	1.3501967	0.5579423	0.53199446
chr7	604610	6.6253924	5.180417	1.4449754	acetylated_beyond_accessibility	-0.41868734	0.63220453	0.29096127
chr10	98464398	4.0253515	2.580335	1.4450166	acetylated_beyond_accessibility	-0.20773792	-0.095344305	-0.13311696
chr18	56663160	4.0073333	2.5616815	1.4456518	acetylated_beyond_accessibility	0.020397425	0.53898454	0.20030022
chr22	46604059	6.214608	4.7689047	1.4457035	acetylated_beyond_accessibility	-0.62775373	0.89823484	0.20319557
chr6	112953402	3.2580965	1.8123147	1.4457817	acetylated_beyond_accessibility	-0.05785775	0.3651154	-0.079384685
chr17	40533499	4.4886365	3.0427308	1.4459057	acetylated_beyond_accessibility	-0.32175565	0.89691496	0.31247234
chr12	114625387	2.5649493	1.1190323	1.445917	acetylated_beyond_accessibility	2.2582726	0.43739355	0.18692827
chr8	53494174	3.7376697	2.2912102	1.4464595	acetylated_beyond_accessibility	0.013020515	0.32783365	-0.11444712
chr17	63381308	3.637586	2.1909883	1.4465978	acetylated_beyond_accessibility	-0.0043530464	0.48452926	0.31495237
chr21	29639978	4.4308167	2.9836705	1.4471462	acetylated_beyond_accessibility	0.18989897	0.46386337	0.08299327
chr17	49234322	2.6390574	1.1915259	1.4475315	acetylated_beyond_accessibility	2.1329367	0.3573953	0.3869791
chr12	57097660	4.2341065	2.7864928	1.4476137	acetylated_beyond_accessibility	0.44646525	0.52255774	0.20842671
chr17	62681462	5.771441	4.3237233	1.4477177	acetylated_beyond_accessibility	-1.469228	0.2089715	-0.507458
chr6	90369198	5.2983174	3.850489	1.4478285	acetylated_beyond_accessibility	-0.43288565	1.9230807	0.42866206
chr7	139909858	3.988984	2.5410635	1.4479206	acetylated_beyond_accessibility	0.12764978	0.15690112	0.24083567
chr17	78026672	3.871201	2.4232707	1.4479303	acetylated_beyond_accessibility	-0.50678277	0.012521267	0.13506031
chr6	41921289	6.765039	5.316976	1.4480629	acetylated_beyond_accessibility	-1.0621347	0.15143013	-0.42917252
chr20	23132646	6.7019606	5.253817	1.4481435	acetylated_beyond_accessibility	-1.8721492	0.63660717	0.03669548
chr20	51631397	3.5553482	2.1069107	1.4484375	acetylated_beyond_accessibility	1.6764059	0.679374	0.7649026
chr8	49264062	3.7612002	2.312713	1.4484873	acetylated_beyond_accessibility	0.36525702	0.35020113	0.22881389
chr6	34888220	6.5250297	5.0765133	1.4485164	acetylated_beyond_accessibility	-0.6570072	0.9270711	0.41765833
chr20	53623764	6.6025877	5.153985	1.4486027	acetylated_beyond_accessibility	-1.4332674	0.22788191	0.27740145
chr21	37514363	3.6635616	2.214754	1.4488075	acetylated_beyond_accessibility	2.3144517	1.3317535	1.4584179
chr12	56753793	4.0775375	2.628662	1.4488754	acetylated_beyond_accessibility	1.4821897	0.45483255	-0.09456253
chr7	469914	3.4965076	2.0472062	1.4493015	acetylated_beyond_accessibility	0.61291957	-0.49407196	-0.49908292
chr6	7147600	6.025866	4.5764613	1.4494047	acetylated_beyond_accessibility	-1.8344588	0.35903502	0.17969084
chr22	28802424	5.192957	3.7433493	1.4496076	acetylated_beyond_accessibility	0.2032969	0.3903644	0.2797668
chr10	110512158	3.7841897	2.3341804	1.4500093	acetylated_beyond_accessibility	0.5989914	0.16956258	0.29269934
chr17	7013405	5.786897	4.3367295	1.4501677	acetylated_beyond_accessibility	-0.3394959	0.40348244	0.21501684
chr17	63447862	5.3082676	3.8580747	1.4501929	acetylated_beyond_accessibility	-0.007860184	0.12721777	-0.15801668
chr18	58257577	4.0430512	2.5927906	1.4502606	acetylated_beyond_accessibility	0.5174389	0.32171798	0.33233237
chr18	33469763	4.8675346	3.4169726	1.450562	acetylated_beyond_accessibility	-0.12321615	0.5393224	0.41806364
chr17	48548219	5.846439	4.3957515	1.4506874	acetylated_beyond_accessibility	-1.3876023	0.71865225	0.06942654
chr18	977075	3.8286414	2.377789	1.4508524	acetylated_beyond_accessibility	0.14335513	0.33181787	0.91372013
chr22	27669532	5.241747	3.7906735	1.4510734	acetylated_beyond_accessibility	0.09489775	-0.049076796	0.21984076
chr6	106488685	3.713572	2.262249	1.451323	acetylated_beyond_accessibility	0.25385404	0.18470073	0.057783127
chr22	31585434	4.727388	3.275805	1.4515829	acetylated_beyond_accessibility	-0.739481	0.41916656	0.053515434
chr6	42467843	3.218876	1.7671676	1.4517083	acetylated_beyond_accessibility	1.2782111	-0.0315814	0.2950058
chr17	39377894	4.465908	3.014061	1.4518471	acetylated_beyond_accessibility	-0.22384024	0.47267675	-0.1764276
chr6	28992745	4.7706847	3.3187988	1.4518859	acetylated_beyond_accessibility	-0.5316706	0.03881955	0.020375013
chr8	142969143	3.218876	1.7668295	1.4520464	acetylated_beyond_accessibility	1.0673516	0.094837666	0.1903379
chr17	27575329	6.1696105	4.7175093	1.4521012	acetylated_beyond_accessibility	-1.9000788	0.45410156	0.09611893
chr17	64393092	4.158883	2.7065787	1.4523044	acetylated_beyond_accessibility	0.16147685	0.5911317	0.09523368
chr21	34592149	3.7376697	2.285099	1.4525707	acetylated_beyond_accessibility	0.15302324	0.14914298	0.20295978
chr7	139340416	6.6066504	5.1540504	1.4526	acetylated_beyond_accessibility	2.647821	0.72040796	2.0664978
chr7	24794314	4.0775375	2.6246939	1.4528437	acetylated_beyond_accessibility	0.087501526	0.69417715	0.031013727
chr8	98910865	4.1271343	2.6742754	1.4528589	acetylated_beyond_accessibility	0.30042982	1.2554259	0.41689062
chr20	23147047	5.1873856	3.7344596	1.4529259	acetylated_beyond_accessibility	-0.8766706	-0.16785598	0.037807703
chr17	38898896	4.3438053	2.890801	1.4530044	acetylated_beyond_accessibility	-0.07848549	0.21554852	-0.4541607
chr17	70134255	4.59512	3.1417727	1.4533472	acetylated_beyond_accessibility	0.52506566	0.4165182	0.29982114
chr18	3596861	6.8490663	5.395708	1.4533582	acetylated_beyond_accessibility	-2.8629625	-0.2042942	-0.0032320023
chr18	54873554	4.317488	2.8640292	1.453459	acetylated_beyond_accessibility	-0.84336877	0.017795563	0.03458047
chr20	57465092	4.4188404	2.9653068	1.4535336	acetylated_beyond_accessibility	0.06343937	0.06764603	0.45310664
chr17	63572062	3.4965076	2.0426903	1.4538174	acetylated_beyond_accessibility	1.4673755	1.1350341	0.4199803
chr6	158121567	3.583519	2.1292527	1.4542663	acetylated_beyond_accessibility	0.76022553	0.36601973	-0.025822878
chr7	139204213	3.3322046	1.8778317	1.4543729	acetylated_beyond_accessibility	1.3553901	0.5396564	0.8405154
chr17	58692715	6.2422233	4.7877674	1.4544559	acetylated_beyond_accessibility	0.09529686	0.8174987	0.4477334
chr10	6516485	3.295837	1.841032	1.4548049	acetylated_beyond_accessibility	0.85681224	0.13772237	0.026174903
chr6	15309003	3.871201	2.4161992	1.4550018	acetylated_beyond_accessibility	0.7083335	0.81451654	0.2731719
chr18	9899246	6.3099184	4.8548307	1.4550877	acetylated_beyond_accessibility	-1.445344	0.53371143	0.17717218
chr17	28916519	3.218876	1.7636375	1.4552383	acetylated_beyond_accessibility	0.5844264	0.39402032	0.1354959
chr18	3626576	5.030438	3.5751467	1.4552913	acetylated_beyond_accessibility	-1.4987938	-0.24015212	-0.4214313
chr12	31843687	4.553877	3.0974288	1.4564481	acetylated_beyond_accessibility	0.18787289	0.7442579	0.40632057
chr6	42971114	5.525453	4.0677767	1.4576764	acetylated_beyond_accessibility	-0.32058287	0.77534246	1.0999503
chr18	48727570	3.7841897	2.3264623	1.4577274	acetylated_beyond_accessibility	0.04291892	0.07133412	0.23254466
chr7	87152577	6.6631327	5.205404	1.4577289	acetylated_beyond_accessibility	0.76226854	0.7384181	0.36531496
chr17	38476729	2.3025851	0.844651	1.4579341	acetylated_beyond_accessibility	1.6190062	0.44619668	-0.38883543
chr7	142833436	3.7376697	2.2797318	1.457938	acetylated_beyond_accessibility	0.69568205	0.7837434	0.40617085
chr20	25309551	4.553877	3.0957336	1.4581432	acetylated_beyond_accessibility	-0.20444202	0.4037192	0.085671425
chr17	43172329	5.484797	4.026441	1.4583559	acetylated_beyond_accessibility	0.19985151	0.78389883	0.52422047
chr6	125924367	4.919981	3.4614325	1.4585485	acetylated_beyond_accessibility	-0.75412965	1.1630554	0.31366014
chr17	59565546	4.9972124	3.538498	1.4587145	acetylated_beyond_accessibility	1.9864998	0.90625143	1.0285664
chr17	75951214	3.3322046	1.8733208	1.4588838	acetylated_beyond_accessibility	1.0000477	0.45916867	0.08644557
chr7	50356254	6.107023	4.647964	1.4590588	acetylated_beyond_accessibility	-1.1958661	0.54299116	0.19473886
chr6	31690734	6.9186954	5.4589014	1.459794	acetylated_beyond_accessibility	-2.0478196	1.1040792	0.4303441
chr8	61875621	3.7376697	2.277853	1.4598167	acetylated_beyond_accessibility	0.017941475	0.54206777	0.00877738
chr17	35051576	4.691348	3.2312593	1.4600887	acetylated_beyond_accessibility	0.099415064	1.0195966	0.3398614
chr6	30793954	4.1743875	2.7142103	1.4601772	acetylated_beyond_accessibility	0.11263037	0.26006126	-0.047373533
chr10	99784153	3.218876	1.7584496	1.4604263	acetylated_beyond_accessibility	2.5324316	0.14227724	0.5360179
chr10	30191052	3.6888795	2.2283118	1.4605677	acetylated_beyond_accessibility	1.1556144	0.14539218	0.62432265
chr18	1785931	3.0910425	1.630416	1.4606265	acetylated_beyond_accessibility	1.8785337	0.15957093	0.39800346
chr12	48601162	3.583519	2.1228247	1.4606943	acetylated_beyond_accessibility	0.008556843	0.7104788	0.28070426
chr21	33511071	3.912023	2.4511702	1.4608529	acetylated_beyond_accessibility	0.044318676	0.29337287	0.18152642
chr10	77983941	3.8918204	2.4309494	1.460871	acetylated_beyond_accessibility	1.2982869	0.6052828	0.60732055
chr10	4847769	5.627621	4.1667414	1.4608798	acetylated_beyond_accessibility	-1.8055606	0.3148508	0.3388691
chr7	116972108	4.2341065	2.7731295	1.4609771	acetylated_beyond_accessibility	-0.17433834	0.47281933	-0.08175206
chr18	711096	5.4424176	3.9811494	1.4612682	acetylated_beyond_accessibility	-0.794441	0.21922326	0.11858344
chr17	61175994	4.0943446	2.6330593	1.4612854	acetylated_beyond_accessibility	-0.09425998	-0.055285215	-0.13174105
chr17	16091982	3.5263605	2.0648563	1.4615042	acetylated_beyond_accessibility	0.013878107	0.5704591	0.53504777
chr7	130124919	3.9512436	2.489707	1.4615366	acetylated_beyond_accessibility	-0.31026936	0.18181658	-0.022013664
chr6	32164604	3.4965076	2.0349572	1.4615505	acetylated_beyond_accessibility	0.876488	-0.04047799	0.05475545
chr22	32887280	4.0073333	2.5456264	1.4617069	acetylated_beyond_accessibility	1.1270342	0.5198586	0.48542047
chr10	91617289	3.871201	2.4091437	1.4620574	acetylated_beyond_accessibility	-0.16729045	0.4889083	0.16738248
chr12	21419088	4.762174	3.299954	1.4622202	acetylated_beyond_accessibility	-1.0086873	0.3735671	0.4717083
chr17	40774625	2.7725887	1.3100905	1.4624982	acetylated_beyond_accessibility	1.4301145	0.57605636	0.348194
chr20	36606668	5.4510384	3.988015	1.4630234	acetylated_beyond_accessibility	1.6829484	1.3002107	0.59201837
chr7	43734830	4.762174	3.2991202	1.463054	acetylated_beyond_accessibility	-0.34316278	0.0058391094	0.07356572
chr10	95531620	5.9939613	4.5308595	1.4631019	acetylated_beyond_accessibility	-1.3370323	-0.09062147	0.07217932
chr7	106529482	2.944439	1.4811873	1.4632516	acetylated_beyond_accessibility	1.3885903	0.32616258	0.31496572
chr17	7243053	6.3080983	4.844386	1.4637122	acetylated_beyond_accessibility	0.21398258	-0.011214733	0.6534786
chr20	41664809	3.4965076	2.0325189	1.4639888	acetylated_beyond_accessibility	-0.1015954	0.68712544	0.044675827
chr17	40069041	4.9272537	3.463204	1.4640498	acetylated_beyond_accessibility	-1.2167454	0.6053786	-0.17827106
chr21	37087324	4.0073333	2.5432289	1.4641044	acetylated_beyond_accessibility	-0.18663454	1.0138848	0.52661467
chr17	35912549	4.7791233	3.3149238	1.4641995	acetylated_beyond_accessibility	-0.24693799	0.29691887	0.31244135
chr17	72977099	4.836282	3.3718948	1.4643869	acetylated_beyond_accessibility	-0.22735357	0.6412077	0.19711137
chr12	111412434	4.553877	3.0891533	1.4647236	acetylated_beyond_accessibility	-0.8484597	0.25600815	-0.33250356
chr8	49130704	4.7791233	3.3140547	1.4650686	acetylated_beyond_accessibility	-0.7917669	0.16241765	0.76597285
chr8	47431397	4.5217886	3.056653	1.4651356	acetylated_beyond_accessibility	0.4195516	1.7428637	0.5669584
chr17	45073918	3.9702919	2.5049224	1.4653695	acetylated_beyond_accessibility	0.2095406	0.27030325	-0.0072569847
chr6	3208656	4.3820267	2.9164047	1.465622	acetylated_beyond_accessibility	0.14003778	0.5447123	0.030972004
chr17	18089057	4.3307333	2.864946	1.4657874	acetylated_beyond_accessibility	0.14240003	0.5338688	0.2925024
chr17	78031238	4.158883	2.6930447	1.4658384	acetylated_beyond_accessibility	0.2097497	0.0050559044	-0.080415964
chr22	21938446	7.152269	5.6863403	1.4659286	acetylated_beyond_accessibility	-3.1029642	0.3316226	-0.24989986
chr17	48427809	3.4011974	1.935206	1.4659914	acetylated_beyond_accessibility	0.5986618	0.6317102	-0.025077224
chr17	80833309	5.327876	3.8617415	1.4661345	acetylated_beyond_accessibility	-1.0700641	0.8397913	0.09583163
chr18	3178159	4.7004805	3.2342963	1.4661841	acetylated_beyond_accessibility	0.092350006	1.0561099	0.502563
chr6	160791511	4.787492	3.320836	1.4666557	acetylated_beyond_accessibility	-0.52259636	0.482836	0.12181568
chr8	22669160	5.676754	4.2098413	1.4669127	acetylated_beyond_accessibility	1.900485	0.5910144	0.9573703
chr22	31881390	3.3672957	1.9003577	1.466938	acetylated_beyond_accessibility	0.87753177	0.11179304	-0.25489163
chr22	40156234	4.836282	3.3691933	1.4670885	acetylated_beyond_accessibility	-0.16164255	-0.24382997	0.1928041
chr17	19304521	5.3752785	3.9080982	1.4671803	acetylated_beyond_accessibility	-0.711725	0.32647324	0.4115119
chr20	51340628	3.7612002	2.2938943	1.4673059	acetylated_beyond_accessibility	0.1415236	0.5090349	0.0855422
chr8	53728820	3.713572	2.2458634	1.4677086	acetylated_beyond_accessibility	0.39288235	0.14151025	-0.00032806396
chr8	8917883	3.5263605	2.0585093	1.4678512	acetylated_beyond_accessibility	1.3094096	1.1389425	0.8439493
chr17	15185445	4.644391	3.1762757	1.4681153	acetylated_beyond_accessibility	0.23531651	0.58775425	0.18358254
chr10	110084142	5.497168	4.028377	1.468791	acetylated_beyond_accessibility	0.056791306	1.1249566	0.7426653
chr6	31979804	5.560682	4.0917964	1.4688854	acetylated_beyond_accessibility	-0.93604136	0.5387597	0.26067448
chr6	16005988	5.613128	4.1437907	1.4693375	acetylated_beyond_accessibility	-1.4218554	0.9424825	0.12606525
chr17	59619586	6.972606	5.5028777	1.4697285	acetylated_beyond_accessibility	0.42830324	0.82911396	0.64582586
chr17	28719787	6.272877	4.803078	1.469799	acetylated_beyond_accessibility	-0.19819498	1.1230159	0.47716618
chr8	39415530	4.4998097	3.0299006	1.4699092	acetylated_beyond_accessibility	-0.72422194	0.024091005	-0.092241526
chr22	41822535	3.713572	2.2436025	1.4699695	acetylated_beyond_accessibility	1.7155287	0.33762383	0.53072906
chr21	29849888	3.4339871	1.9635336	1.4704535	acetylated_beyond_accessibility	0.10161376	0.1777103	-0.116437316
chr21	44818090	5.365976	3.8954375	1.4705384	acetylated_beyond_accessibility	0.21473718	0.38465	-0.8819554
chr17	69070950	3.583519	2.1128192	1.4706998	acetylated_beyond_accessibility	0.3604145	0.3796327	0.070469856
chr7	100450743	5.874931	4.403982	1.4709487	acetylated_beyond_accessibility	-0.6377897	0.0056672096	-0.23831987
chr10	46219112	3.5263605	2.0553222	1.4710383	acetylated_beyond_accessibility	1.1637299	0.092074394	-0.5562215
chr17	49424917	4.8751974	3.4039235	1.4712739	acetylated_beyond_accessibility	0.12172079	0.34584665	0.26670957
chr22	22996873	3.2580965	1.7866185	1.471478	acetylated_beyond_accessibility	-0.1048342	0.089698195	-0.09517956
chr6	135074105	4.454347	2.9827647	1.4715824	acetylated_beyond_accessibility	-0.68412995	0.22321224	0.050456762
chr18	74778730	3.5553482	2.0834165	1.4719317	acetylated_beyond_accessibility	0.6693764	0.40308475	0.15256763
chr12	74022068	3.8286414	2.3563893	1.4722521	acetylated_beyond_accessibility	1.0842559	0.79674125	0.3845017
chr17	29692352	3.4339871	1.961253	1.4727341	acetylated_beyond_accessibility	0.36695778	0.8139454	0.1442157
chr8	6442841	3.5553482	2.0825396	1.4728086	acetylated_beyond_accessibility	0.9182284	0.24940872	0.2977445
chr6	38579212	3.8918204	2.4188364	1.4729841	acetylated_beyond_accessibility	1.0629642	1.5971005	0.5911763
chr18	3324168	3.637586	2.1645253	1.4730608	acetylated_beyond_accessibility	0.9586997	0.6618657	0.936512
chr7	108012698	4.727388	3.254264	1.4731238	acetylated_beyond_accessibility	-0.022835493	1.9073093	0.23921156
chr6	36821330	5.313206	3.8400273	1.4731789	acetylated_beyond_accessibility	-0.05026269	0.56331015	0.21866417
chr10	48365197	3.637586	2.1637769	1.4738092	acetylated_beyond_accessibility	0.70519066	0.3389187	-0.043938637
chr22	19455909	3.6888795	2.2149982	1.4738812	acetylated_beyond_accessibility	0.91298413	0.17985201	0.04056263
chr7	148793674	3.7841897	2.3102493	1.4739404	acetylated_beyond_accessibility	1.102807	0.8521476	0.7928548
chr8	143632810	4.3307333	2.8562696	1.4744637	acetylated_beyond_accessibility	0.18258452	0.511883	0.16834474
chr7	149495081	5.529429	4.0549316	1.4744973	acetylated_beyond_accessibility	-0.45014954	0.89211226	0.6025839
chr6	137171148	4.8751974	3.400667	1.4745305	acetylated_beyond_accessibility	0.43246007	0.43106818	0.26696277
chr10	103608124	2.9957323	1.5211852	1.4745471	acetylated_beyond_accessibility	1.2748218	0.013831854	-0.1040647
chr20	16730113	5.332719	3.858043	1.4746759	acetylated_beyond_accessibility	1.0023453	0.62578416	0.7104776
chr17	47209193	6.1092477	4.6345587	1.474689	acetylated_beyond_accessibility	-0.4996071	0.72662115	0.059297085
chr10	35384591	4.304065	2.8293293	1.474736	acetylated_beyond_accessibility	0.5036688	0.64861727	0.5108156
chr18	46040967	4.8598123	3.3847866	1.4750257	acetylated_beyond_accessibility	0.16929531	0.5891452	0.45513177
chr12	50589886	5.913503	4.4380245	1.4754786	acetylated_beyond_accessibility	-1.5412383	0.4222083	0.15206528
chr8	100985833	4.882802	3.407148	1.4756541	acetylated_beyond_accessibility	-0.46968603	0.5987406	0.49209595
chr22	21093861	3.871201	2.3954968	1.4757042	acetylated_beyond_accessibility	0.45721173	0.34684658	0.42762804
chr10	50592882	5.609472	4.133573	1.4758987	acetylated_beyond_accessibility	-1.4403391	0.45444727	0.02590847
chr17	58437100	4.59512	3.1191983	1.4759216	acetylated_beyond_accessibility	0.9251175	1.003171	0.3873124
chr8	104617432	6.0684257	4.5924835	1.4759421	acetylated_beyond_accessibility	-1.9374537	0.24444723	0.14452314
chr7	40346766	3.5553482	2.0792055	1.4761426	acetylated_beyond_accessibility	0.50981927	0.4338665	0.09885478
chr17	76217702	4.2341065	2.7573795	1.476727	acetylated_beyond_accessibility	0.14414	0.38896942	0.057765484
chr20	813587	3.637586	2.1608093	1.4767768	acetylated_beyond_accessibility	0.60793495	0.79980874	0.3934734
chr7	124992962	4.0775375	2.5997212	1.4778163	acetylated_beyond_accessibility	0.21039796	1.3289845	0.2141912
chr12	51318821	4.317488	2.8395233	1.4779649	acetylated_beyond_accessibility	0.6404464	0.26412487	-0.027928114
chr10	3556577	3.4011974	1.923196	1.4780015	acetylated_beyond_accessibility	1.4195408	-0.3027513	0.11834562
chr12	46473822	4.4998097	3.0217466	1.4780631	acetylated_beyond_accessibility	0.5616214	0.9427829	0.27232647
chr17	40086616	3.4965076	2.0181708	1.4783368	acetylated_beyond_accessibility	0.5545075	0.14253902	-0.063444495
chr18	3654207	7.152269	5.6736674	1.4786015	acetylated_beyond_accessibility	-3.486198	-0.37516737	-0.05615902
chr17	39301908	4.1108737	2.6321435	1.4787302	acetylated_beyond_accessibility	-0.09400606	0.57854176	-0.011322737
chr22	20354413	2.4849067	1.0061675	1.4787391	acetylated_beyond_accessibility	5.5653243	0.4755783	0.1277293
chr17	16419268	5.075174	3.5963888	1.478785	acetylated_beyond_accessibility	-0.68062615	0.9492278	0.3818388
chr10	45407721	3.6635616	2.1847048	1.4788568	acetylated_beyond_accessibility	0.18933487	0.49600458	0.0017006397
chr7	138439425	3.7612002	2.2822995	1.4789007	acetylated_beyond_accessibility	1.1813922	0.5909257	0.10772824
chr18	8730603	4.6634393	3.1845152	1.478924	acetylated_beyond_accessibility	-0.219244	1.0259969	0.49058747
chr10	74008488	4.744932	3.265818	1.479114	acetylated_beyond_accessibility	-0.4783492	0.8231101	0.16957927
chr18	23528610	6.1717005	4.6922545	1.4794459	acetylated_beyond_accessibility	-1.3916669	1.1086621	0.44871712
chr8	95808395	2.7080503	1.2284486	1.4796016	acetylated_beyond_accessibility	1.924367	0.1831069	0.27939963
chr7	102421105	5.6489744	4.1691504	1.4798241	acetylated_beyond_accessibility	0.34370995	0.51802206	0.65978146
chr22	22494093	3.713572	2.2326598	1.4809122	acetylated_beyond_accessibility	0.032396317	0.51084185	0.13204718
chr8	41798692	6.371612	4.890598	1.4810143	acetylated_beyond_accessibility	-2.8678708	0.25794506	-0.05494356
chr17	81636813	5.9322453	4.45101	1.481235	acetylated_beyond_accessibility	1.3178153	0.5885515	0.6168585
chr12	8829023	4.26268	2.7811794	1.4815006	acetylated_beyond_accessibility	1.3282576	0.46729374	0.5674343
chr17	76329910	3.3322046	1.8502529	1.4819517	acetylated_beyond_accessibility	1.5973446	0.01254189	0.20876598
chr12	10618507	4.65396	3.1719685	1.4819918	acetylated_beyond_accessibility	1.0268636	0.6812391	0.28452182
chr17	39929460	4.304065	2.8216944	1.4823709	acetylated_beyond_accessibility	0.03145981	0.97070503	0.7318356
chr17	39903661	4.406719	2.9241462	1.482573	acetylated_beyond_accessibility	0.5371592	0.4142518	0.23645926
chr12	120291874	7.4616404	5.978745	1.4828954	acetylated_beyond_accessibility	-2.1053054	0.50722027	0.42748356
chr7	131007650	4.158883	2.6758268	1.4830563	acetylated_beyond_accessibility	1.5170705	1.4421475	0.27329326
chr17	5526963	3.5553482	2.07164	1.4837081	acetylated_beyond_accessibility	0.5325427	0.42065263	0.2602353
chr22	38504893	5.7300997	4.2463264	1.4837732	acetylated_beyond_accessibility	0.15427017	1.2137899	0.1619072
chr12	7109279	5.46806	3.984126	1.4839339	acetylated_beyond_accessibility	-1.2925465	0.5453553	-0.28969336
chr6	36127675	5.1474943	3.663478	1.4840164	acetylated_beyond_accessibility	0.4567895	1.0251212	0.5693855
chr6	6750144	4.727388	3.2429953	1.4843926	acetylated_beyond_accessibility	-0.3883927	0.9993944	-0.041306973
chr22	26632886	5.7430034	4.258524	1.4844794	acetylated_beyond_accessibility	-0.042831898	0.6055651	0.1353159
chr17	42456867	5.583496	4.098923	1.4845729	acetylated_beyond_accessibility	-0.70484257	0.5803027	0.382895
chr10	45470569	6.8731637	5.3877535	1.4854102	acetylated_beyond_accessibility	-2.1956408	0.5986624	0.12566614
chr12	109461308	5.7589016	4.2734375	1.4854641	acetylated_beyond_accessibility	-0.5467553	1.1061716	0.19645262
chr22	21001987	7.3165483	5.830743	1.4858055	acetylated_beyond_accessibility	0.07183123	0.45115614	0.7817583
chr8	8238607	3.6635616	2.1775975	1.4859641	acetylated_beyond_accessibility	0.52439976	-0.5620675	-0.009158611
chr12	118022324	4.4188404	2.9327283	1.4861121	acetylated_beyond_accessibility	-0.5672827	0.41254234	0.21205759
chr6	34425517	6.274762	4.78864	1.4861221	acetylated_beyond_accessibility	-0.56339455	0.10963392	0.073746204
chr18	9422155	4.2341065	2.7477202	1.4863863	acetylated_beyond_accessibility	0.8656976	-0.19987774	0.53247404
chr17	81267832	2.944439	1.458022	1.4864169	acetylated_beyond_accessibility	1.8416885	0.6236626	0.23812592
chr20	23155348	4.4188404	2.9323714	1.486469	acetylated_beyond_accessibility	-0.92235374	-0.25950265	-0.32034564
chr7	27745282	4.304065	2.817563	1.4865022	acetylated_beyond_accessibility	-0.24778986	0.52950907	0.15428114
chr17	28662058	6.9650803	5.478367	1.4867134	acetylated_beyond_accessibility	2.1341848	1.3265166	1.6118479
chr7	106365383	4.1271343	2.6397161	1.4874182	acetylated_beyond_accessibility	0.9523909	0.748672	0.47118855
chr12	124916513	6.3578424	4.87038	1.4874625	acetylated_beyond_accessibility	-1.1151335	1.686707	0.52828836
chr21	42547340	6.037871	4.5502806	1.4875903	acetylated_beyond_accessibility	-0.8506522	0.553051	0.058490276
chr17	5548762	2.7725887	1.2849048	1.4876839	acetylated_beyond_accessibility	1.5508474	0.50106025	0.16520071
chr17	56877211	4.4426513	2.9547882	1.4878631	acetylated_beyond_accessibility	0.8652384	0.6248269	0.32665682
chr6	30828654	5.164786	3.6766622	1.4881237	acetylated_beyond_accessibility	-0.8156662	0.25462055	0.073899746
chr22	40814166	4.624973	3.1364498	1.488523	acetylated_beyond_accessibility	0.03955221	0.61896944	0.14691186
chr12	54932244	3.4011974	1.9125688	1.4886286	acetylated_beyond_accessibility	1.0956407	0.5884621	0.0062230825
chr7	64485843	3.2580965	1.7692317	1.4888648	acetylated_beyond_accessibility	2.028305	0.104150176	0.28480923
chr17	47240203	4.9972124	3.5082498	1.4889627	acetylated_beyond_accessibility	-0.30876732	0.189291	0.40993404
chr7	22703720	5.3936276	3.9042044	1.4894233	acetylated_beyond_accessibility	-0.31207085	1.0336547	0.40367126
chr17	78862337	4.787492	3.2978663	1.4896255	acetylated_beyond_accessibility	0.24640822	1.3001933	0.84473133
chr22	39749039	3.3672957	1.8766189	1.4906769	acetylated_beyond_accessibility	1.0288458	0.075388074	-0.15951014
chr12	50763741	6.265301	4.7742467	1.4910545	acetylated_beyond_accessibility	0.105668545	1.0053296	0.026033401
chr6	10640618	4.8598123	3.3685656	1.4912467	acetylated_beyond_accessibility	-0.7010343	0.26819968	0.4105742
chr22	40644834	3.5263605	2.034824	1.4915366	acetylated_beyond_accessibility	1.4444065	0.5515175	0.1221292
chr8	96271565	3.9702919	2.4780724	1.4922194	acetylated_beyond_accessibility	0.34273887	0.5443313	0.88717175
chr6	44900581	3.295837	1.802891	1.4929459	acetylated_beyond_accessibility	1.0077982	0.18473029	0.16946006
chr10	98463197	4.477337	2.9843123	1.4930246	acetylated_beyond_accessibility	-0.46121907	0.02142787	0.004557371
chr18	55893469	4.394449	2.9013224	1.4931269	acetylated_beyond_accessibility	0.036089182	0.70574474	0.9050677
chr10	125868551	2.8903718	1.3968337	1.4935381	acetylated_beyond_accessibility	0.65707064	0.41345644	0.106640935
chr6	68108540	4.0943446	2.6006782	1.4936664	acetylated_beyond_accessibility	0.8857782	1.2152278	0.6760087
chr10	95532195	6.188264	4.6945143	1.4937496	acetylated_beyond_accessibility	-1.5176966	0.50363827	0.22053146
chr17	62919616	3.0445225	1.5504622	1.4940603	acetylated_beyond_accessibility	1.2238178	0.39024353	0.12975132
chr20	2891473	4.356709	2.862448	1.494261	acetylated_beyond_accessibility	-0.059146643	0.38636112	0.052867174
chr6	28269688	4.634729	3.1404302	1.4942987	acetylated_beyond_accessibility	0.16227007	1.4008648	0.5314927
chr17	44547218	4.0775375	2.582991	1.4945467	acetylated_beyond_accessibility	1.1041901	0.4546268	0.113083124
chr12	50531585	3.4011974	1.9062402	1.4949572	acetylated_beyond_accessibility	0.7910266	0.3270285	0.42765737
chr17	48426471	3.988984	2.493809	1.4951751	acetylated_beyond_accessibility	0.37470245	0.44943166	0.0345006
chr18	48000011	3.637586	2.14207	1.4955161	acetylated_beyond_accessibility	1.6511137	0.30986094	0.7252519
chr6	134217139	3.988984	2.493342	1.4956422	acetylated_beyond_accessibility	0.43508124	0.6478784	0.19254756
chr12	122279915	5.411646	3.9156275	1.4960184	acetylated_beyond_accessibility	-0.7587366	0.3166275	0.2041297
chr20	62160119	3.0445225	1.5478771	1.4966455	acetylated_beyond_accessibility	0.8740361	0.15534854	0.17034376
chr12	121738466	5.4071717	3.9103398	1.4968319	acetylated_beyond_accessibility	-1.4956903	-0.2905426	0.019707441
chr12	10361822	4.624973	3.1278749	1.497098	acetylated_beyond_accessibility	-0.647311	0.053040028	0.101807356
chr22	43293399	4.3438053	2.8466473	1.497158	acetylated_beyond_accessibility	0.8467088	-0.34810543	0.12760305
chr22	17638801	7.247081	5.749734	1.4973469	acetylated_beyond_accessibility	0.70866823	0.903718	0.63702106
chr6	33841337	4.9698133	3.4714572	1.4983561	acetylated_beyond_accessibility	-1.1759982	-0.7263572	-0.2389412
chr12	48105876	6.568078	5.0696507	1.4984274	acetylated_beyond_accessibility	1.5781221	0.9081664	0.4417677
chr20	460387	4.5108595	3.0120957	1.4987638	acetylated_beyond_accessibility	-0.43422604	0.52250576	0.02637887
chr12	6143045	2.6390574	1.1402785	1.4987789	acetylated_beyond_accessibility	0.84100497	0.49907517	0.111492395
chr10	118488860	3.8918204	2.3927317	1.4990888	acetylated_beyond_accessibility	0.8713758	0.586627	0.71878386
chr17	34981956	6.261492	4.762145	1.4993467	acetylated_beyond_accessibility	0.2136612	0.91451025	0.20667458
chr17	32897620	6.4457197	4.9461536	1.4995661	acetylated_beyond_accessibility	-1.4546652	0.75895786	0.37023973
chr18	9771670	4.394449	2.8940587	1.5003905	acetylated_beyond_accessibility	0.11889815	0.8052447	0.10528612
chr17	62143762	4.6634393	3.162952	1.5004873	acetylated_beyond_accessibility	-0.39961314	0.43425894	0.094786406
chr12	120529060	6.2595816	4.758302	1.5012794	acetylated_beyond_accessibility	0.29698038	0.8207979	0.38440275
chr10	73651039	3.9512436	2.449904	1.5013397	acetylated_beyond_accessibility	0.735409	0.74225473	0.36081362
chr17	66361119	3.637586	2.1359873	1.5015988	acetylated_beyond_accessibility	1.5635324	0.352448	0.21529627
chr7	38335800	5.1873856	3.6855288	1.5018568	acetylated_beyond_accessibility	-0.16299868	1.0139365	0.27133226
chr17	58659318	6.5337887	5.0317726	1.5020161	acetylated_beyond_accessibility	-1.6873932	1.1517406	0.5841174
chr22	27670844	5.57973	4.0776014	1.5021286	acetylated_beyond_accessibility	-0.87385774	-0.3094926	-0.23749757
chr6	90222847	3.3672957	1.8649924	1.5023034	acetylated_beyond_accessibility	2.2832534	0.754807	1.1434729
chr10	15314035	5.2574954	3.754646	1.5028493	acetylated_beyond_accessibility	-0.7987585	0.6850221	0.16522646
chr12	95169535	3.4011974	1.8978037	1.5033938	acetylated_beyond_accessibility	-0.16471553	0.85756695	0.01248312
chr22	39439322	3.583519	2.0800307	1.5034883	acetylated_beyond_accessibility	1.5408633	0.6507852	0.48046422
chr6	5230850	4.5849676	3.081417	1.5035505	acetylated_beyond_accessibility	-0.37757635	0.7502625	-0.0058915615
chr10	26755601	3.6635616	2.159729	1.5038326	acetylated_beyond_accessibility	0.943666	0.61674213	0.46838593
chr20	47614885	4.5108595	3.005351	1.5055084	acetylated_beyond_accessibility	-0.2766378	0.6596887	0.43637085
chr8	2735714	4.7361984	3.23056	1.5056384	acetylated_beyond_accessibility	-0.4670415	0.08943319	0.2051847
chr10	45261831	4.189655	2.6840014	1.5056534	acetylated_beyond_accessibility	0.34017587	0.5593004	0.39491224
chr6	43963470	4.2904596	2.7847989	1.5056608	acetylated_beyond_accessibility	-0.22274852	1.0372369	0.47786403
chr18	3340529	4.543295	3.037557	1.505738	acetylated_beyond_accessibility	-0.11535287	1.0843656	0.6213236
chr10	21808792	4.477337	2.971407	1.50593	acetylated_beyond_accessibility	-1.2894965	-0.10868406	-0.09875107
chr22	41563383	4.158883	2.6518407	1.5070424	acetylated_beyond_accessibility	0.5261948	0.5310149	0.12730312
chr6	65461395	4.0430512	2.5356462	1.507405	acetylated_beyond_accessibility	0.31960368	0.7409811	0.62409663
chr7	103038042	5.8021183	4.2946973	1.507421	acetylated_beyond_accessibility	-1.4475594	-0.13796854	0.13036585
chr8	23518934	5.963579	4.456123	1.5074563	acetylated_beyond_accessibility	-1.1687965	1.5381336	0.8017354
chr8	58856405	3.7376697	2.2302058	1.5074639	acetylated_beyond_accessibility	0.5976467	0.70037293	0.1356051
chr6	47241980	5.765191	4.2575173	1.5076737	acetylated_beyond_accessibility	-2.0480323	-0.16462374	-0.03545618
chr17	68591749	3.295837	1.7881143	1.5077226	acetylated_beyond_accessibility	1.886534	0.9635856	0.32345843
chr17	19945482	3.4339871	1.9262149	1.5077722	acetylated_beyond_accessibility	0.54235244	0.34029555	0.16255975
chr17	75858895	5.8230457	4.315105	1.5079408	acetylated_beyond_accessibility	-0.859648	0.78357697	0.09238529
chr20	1264003	3.4965076	1.9884791	1.5080285	acetylated_beyond_accessibility	0.47052693	0.06253219	-0.013965607
chr12	49301980	3.583519	2.0754468	1.5080721	acetylated_beyond_accessibility	0.7433517	0.67273116	0.034100294
chr10	125824920	5.117994	3.6098614	1.5081325	acetylated_beyond_accessibility	-1.2552071	0.31397104	0.3596542
chr6	44192744	4.744932	3.2367911	1.508141	acetylated_beyond_accessibility	0.068710566	1.0627961	0.17169333
chr17	17840211	6.4345465	4.9263916	1.5081549	acetylated_beyond_accessibility	-0.45445633	-0.07467461	-0.18702888
chr20	56447975	4.477337	2.9690459	1.508291	acetylated_beyond_accessibility	-0.21171546	0.816761	-0.11713672
chr20	41669971	5.620401	4.1118693	1.5085316	acetylated_beyond_accessibility	-0.87625265	0.9525676	0.91357374
chr20	47330244	4.7004805	3.191525	1.5089555	acetylated_beyond_accessibility	-0.7171936	-0.035409927	-0.14537787
chr17	76788094	3.6109178	2.1017363	1.5091815	acetylated_beyond_accessibility	0.27335954	0.47995067	-0.054770947
chr18	22466895	5.164786	3.6554267	1.5093591	acetylated_beyond_accessibility	-0.64839673	0.5452435	0.20971489
chr12	53299480	4.0775375	2.5678852	1.5096524	acetylated_beyond_accessibility	-0.1886723	-0.14732575	-0.13677645
chr20	3843685	4.4998097	2.9900606	1.5097492	acetylated_beyond_accessibility	0.005944252	0.24726367	0.16277647
chr10	6471998	4.6051702	3.0953784	1.5097919	acetylated_beyond_accessibility	-0.8594551	0.14224625	-0.08004594
chr10	6927722	3.9702919	2.4601345	1.5101573	acetylated_beyond_accessibility	0.38716555	0.445364	0.7277677
chr6	14724758	3.9318256	2.4214253	1.5104003	acetylated_beyond_accessibility	0.3997326	0.5190079	0.15099359
chr12	26696903	4.2195077	2.708573	1.5109346	acetylated_beyond_accessibility	0.3044486	0.862273	0.48185587
chr10	3810279	5.988961	4.4778757	1.5110855	acetylated_beyond_accessibility	-1.9697146	0.42309284	0.17682457
chr8	102731175	4.828314	3.3172073	1.5111065	acetylated_beyond_accessibility	-0.37613487	0.85837317	0.26768374
chr17	49942501	3.3322046	1.8205073	1.5116973	acetylated_beyond_accessibility	0.7201488	0.32754827	0.089170694
chr10	35063986	3.9318256	2.4196422	1.5121834	acetylated_beyond_accessibility	0.30660772	0.36986876	-0.0015382767
chr10	17457350	4.7706847	3.258227	1.5124576	acetylated_beyond_accessibility	-1.2419341	0.6773262	0.007269144
chr12	121748934	6.228511	4.716051	1.5124598	acetylated_beyond_accessibility	-1.2547228	1.2209263	0.45169258
chr6	135185622	4.4308167	2.917834	1.5129826	acetylated_beyond_accessibility	-0.6873512	-0.14287114	-0.105002165
chr7	119965179	5.529429	4.0159173	1.5135117	acetylated_beyond_accessibility	-0.7027018	1.0831566	0.35778046
chr20	31670852	5.7268476	4.2133355	1.5135121	acetylated_beyond_accessibility	-1.7861068	0.38900948	-0.005028248
chr22	36982348	4.9767337	3.462782	1.5139518	acetylated_beyond_accessibility	-0.19645691	-0.6653261	-0.14281654
chr6	67896661	4.1743875	2.6603463	1.5140412	acetylated_beyond_accessibility	-0.6616657	0.13167429	-0.049735785
chr22	24751725	3.295837	1.7817892	1.5140477	acetylated_beyond_accessibility	0.8143045	0.34972203	0.4168855
chr7	142804848	3.7841897	2.269718	1.5144718	acetylated_beyond_accessibility	0.53281355	-0.083976984	-0.00012993813
chr6	4636772	3.3672957	1.8523598	1.514936	acetylated_beyond_accessibility	1.4809637	-0.13435125	0.13934445
chr22	37304041	3.5263605	2.010288	1.5160725	acetylated_beyond_accessibility	0.6211848	-0.20128429	-0.27055168
chr20	47392225	6.248043	4.7316933	1.5163498	acetylated_beyond_accessibility	-1.7794945	1.2407804	0.25438976
chr6	3209351	5.31812	3.8015935	1.5165265	acetylated_beyond_accessibility	0.05972886	0.47611165	0.34818673
chr22	46067723	4.1743875	2.657277	1.5171103	acetylated_beyond_accessibility	-0.19529748	-0.25622654	-0.0122118
chr6	15097286	5.3752785	3.8576763	1.5176022	acetylated_beyond_accessibility	-0.21227837	0.44853044	0.047768116
chr6	137794894	4.934474	3.4166448	1.5178292	acetylated_beyond_accessibility	0.22718072	0.8685262	0.6876967
chr12	1330430	4.0943446	2.5764923	1.5178523	acetylated_beyond_accessibility	0.68509364	0.39071655	0.061836958
chr8	125192836	4.3307333	2.8119454	1.5187879	acetylated_beyond_accessibility	-0.87483203	0.8077183	0.049057007
chr6	15735946	5.1817837	3.6628404	1.5189433	acetylated_beyond_accessibility	-0.55628014	0.5385752	0.31701183
chr17	39650272	5.655992	4.136594	1.5193982	acetylated_beyond_accessibility	-0.02841711	0.79287195	0.2724743
chr8	21971283	4.1108737	2.5910735	1.5198002	acetylated_beyond_accessibility	0.9726	0.75656414	0.30910063
chr12	40099686	4.934474	3.414568	1.519906	acetylated_beyond_accessibility	-0.046464443	0.98021173	0.16729283
chr17	78127395	5.8081427	4.2876635	1.5204792	acetylated_beyond_accessibility	-1.7037771	0.15742445	-0.616797
chr7	472080	5.820083	4.2990317	1.5210514	acetylated_beyond_accessibility	-0.5066273	0.5018444	-0.015016556
chr7	8136264	3.583519	2.0617824	1.5217366	acetylated_beyond_accessibility	1.9771638	0.35591364	0.12528944
chr12	102313297	3.9318256	2.4100807	1.521745	acetylated_beyond_accessibility	0.6368253	0.7667496	0.43502116
chr17	2282471	3.5553482	2.0332935	1.5220547	acetylated_beyond_accessibility	0.2773571	0.05562544	0.24810576
chr17	77088660	6.2363696	4.7133064	1.5230632	acetylated_beyond_accessibility	0.79530144	0.9329848	0.47395897
chr17	75338788	4.454347	2.9308095	1.5235376	acetylated_beyond_accessibility	0.36388588	0.434175	0.17981982
chr6	34224359	6.003887	4.480199	1.5236883	acetylated_beyond_accessibility	0.04420948	0.5458584	-0.38378716
chr17	3969288	5.6240177	4.100146	1.5238719	acetylated_beyond_accessibility	0.1511445	1.6939716	0.5972104
chr8	128056920	4.1431346	2.6190634	1.5240712	acetylated_beyond_accessibility	-0.1198833	0.2752533	0.11262846
chr21	35138927	4.26268	2.738566	1.5241141	acetylated_beyond_accessibility	0.7920835	0.49398232	0.72234035
chr12	53295516	6.0844994	4.560305	1.5241942	acetylated_beyond_accessibility	-0.09411192	1.0136113	0.29416656
chr12	1601709	4.8675346	3.3428602	1.5246744	acetylated_beyond_accessibility	-0.34992504	0.0948143	-0.11884928
chr17	78032272	3.912023	2.3869696	1.5250535	acetylated_beyond_accessibility	-0.21004725	0.54340315	0.10080242
chr10	97598012	3.6635616	2.1383002	1.5252614	acetylated_beyond_accessibility	0.9769454	0.4841354	0.6755092
chr6	170607173	3.218876	1.6930892	1.5257866	acetylated_beyond_accessibility	0.42802167	-0.15604329	-0.15817738
chr7	101734019	4.1743875	2.64856	1.5258274	acetylated_beyond_accessibility	-0.008069038	0.68450403	-0.4617145
chr22	28242145	4.158883	2.6325731	1.52631	acetylated_beyond_accessibility	-0.043480635	0.5397825	-0.08320069
chr17	40372734	3.3672957	1.8408976	1.5263982	acetylated_beyond_accessibility	1.0847213	0.49661064	0.8069916
chr12	22353784	2.944439	1.4177234	1.5267155	acetylated_beyond_accessibility	1.3086998	0.5376072	0.36725318
chr8	9272023	3.6888795	2.161777	1.5271025	acetylated_beyond_accessibility	0.55577207	0.09460211	-0.076907635
chr12	10613617	5.7430034	4.215846	1.5271573	acetylated_beyond_accessibility	1.6987839	1.5437369	0.27578497
chr8	41685538	3.7841897	2.2569792	1.5272105	acetylated_beyond_accessibility	0.24951172	-0.078155756	0.17907834
chr7	2733279	5.9788857	4.4514647	1.527421	acetylated_beyond_accessibility	-0.8448281	0.614563	0.5276718
chr8	94987931	5.7525725	4.2249618	1.5276108	acetylated_beyond_accessibility	-1.5903504	0.21708632	0.22592115
chr17	17907442	3.4339871	1.9059253	1.5280619	acetylated_beyond_accessibility	0.7904756	0.17881203	0.08511782
chr7	103344852	6.2595816	4.731488	1.5280933	acetylated_beyond_accessibility	-0.75486565	0.7607193	0.3900504
chr8	130531314	4.2195077	2.6910462	1.5284615	acetylated_beyond_accessibility	1.0982261	0.043864727	0.08036566
chr20	365099	5.365976	3.8369267	1.5290492	acetylated_beyond_accessibility	-0.67911243	1.6540072	0.9632766
chr7	104224552	3.637586	2.107159	1.5304272	acetylated_beyond_accessibility	1.1736512	0.91215825	0.779233
chr10	3805390	5.9989367	4.468085	1.5308518	acetylated_beyond_accessibility	-1.6364317	1.0389533	0.2795024
chr8	37775577	3.8286414	2.297628	1.5310135	acetylated_beyond_accessibility	1.3907583	0.8690784	0.24864268
chr22	41725729	3.8066626	2.2754745	1.531188	acetylated_beyond_accessibility	1.9024234	0.54867697	0.36857343
chr7	99558503	6.7979403	5.2666907	1.5312495	acetylated_beyond_accessibility	0.6696296	0.79965544	0.034494877
chr7	102121681	4.0943446	2.5629716	1.531373	acetylated_beyond_accessibility	-0.13953424	0.5011587	0.12578964
chr6	15691455	3.8066626	2.2750745	1.5315881	acetylated_beyond_accessibility	0.080483675	0.60469985	-0.032400846
chr17	78828655	2.8903718	1.3586911	1.5316807	acetylated_beyond_accessibility	1.073402	0.40725112	-0.07713926
chr12	52993264	5.659482	4.1274714	1.5320106	acetylated_beyond_accessibility	-0.45900655	0.5586333	0.6856551
chr10	87691713	3.4011974	1.8691647	1.5320327	acetylated_beyond_accessibility	1.4950082	0.5728619	0.44698834
chr17	42518657	5.869297	4.337019	1.5322781	acetylated_beyond_accessibility	-1.3135641	0.72397614	0.28295135
chr17	82066509	4.0775375	2.5450296	1.5325079	acetylated_beyond_accessibility	0.67730904	0.056854248	-0.069530964
chr17	49725629	3.3322046	1.7996879	1.5325167	acetylated_beyond_accessibility	1.4615629	0.52919745	0.28531432
chr22	39625837	4.5108595	2.9781373	1.5327222	acetylated_beyond_accessibility	0.88049555	-0.04231906	0.43293762
chr6	31689700	5.605802	4.0728507	1.5329514	acetylated_beyond_accessibility	-1.3927093	0.9598317	0.082023144
chr20	53181132	4.9698133	3.4366128	1.5332005	acetylated_beyond_accessibility	-0.44419384	0.4666803	0.53709865
chr12	21936694	2.1972246	0.66346073	1.5337639	acetylated_beyond_accessibility	1.0667901	0.37917697	0.08863473
chr7	155305605	3.3672957	1.8334287	1.533867	acetylated_beyond_accessibility	2.0180936	0.020431876	0.10039282
chr12	76158898	4.0430512	2.5087376	1.5343137	acetylated_beyond_accessibility	0.253973	1.2123837	0.52079606
chr6	31738122	7.309212	5.77438	1.534832	acetylated_beyond_accessibility	-2.530118	0.6019869	0.12625217
chr8	58596115	4.8121843	3.2771895	1.5349948	acetylated_beyond_accessibility	0.8069575	0.90763116	0.7093575
chr6	33183453	3.7612002	2.2259078	1.5352924	acetylated_beyond_accessibility	3.0687504	1.5192311	1.4901476
chr7	44000889	1.609438	0.07396215	1.5354757	acetylated_beyond_accessibility	3.035613	0.2888473	-0.015527859
chr12	49663164	5.4930615	3.957573	1.5354886	acetylated_beyond_accessibility	-0.82909584	0.93134356	0.27020407
chr22	28544733	3.3672957	1.8315716	1.5357242	acetylated_beyond_accessibility	1.0612681	0.31830215	0.18438196
chr6	44042343	5.7137327	4.177662	1.5360708	acetylated_beyond_accessibility	-1.6659331	0.59737396	0.09362078
chr6	86685198	4.6051702	3.068464	1.5367062	acetylated_beyond_accessibility	-0.70051146	0.45667648	0.12422991
chr6	30818677	4.0430512	2.5058923	1.537159	acetylated_beyond_accessibility	0.70413494	0.65365434	0.16996384
chr7	138252980	3.1780539	1.6404958	1.5375581	acetylated_beyond_accessibility	1.0980353	0.34078038	0.3244977
chr20	47274703	4.204693	2.667005	1.5376878	acetylated_beyond_accessibility	0.154531	0.3960502	0.07447767
chr20	32686186	4.3307333	2.7930295	1.5377038	acetylated_beyond_accessibility	0.16734195	0.746191	0.57510066
chr17	3988875	3.583519	2.0457578	1.5377612	acetylated_beyond_accessibility	0.90137863	0.008068085	0.086340904
chr10	44249907	3.7841897	2.2464201	1.5377696	acetylated_beyond_accessibility	0.46016407	0.4574201	-0.11288786
chr12	104510229	5.164786	3.626874	1.5379119	acetylated_beyond_accessibility	-0.65855265	0.743402	0.2613864
chr10	19742358	3.1780539	1.6399677	1.5380862	acetylated_beyond_accessibility	2.3497343	-0.19471204	0.302737
chr6	90218509	5.3752785	3.8369308	1.5383477	acetylated_beyond_accessibility	-0.25824833	1.2216253	0.23687983
chr22	22558503	6.590301	5.051389	1.5389118	acetylated_beyond_accessibility	-3.1442163	0.26341105	-0.7776041
chr7	50535050	5.8318825	4.2928696	1.5390129	acetylated_beyond_accessibility	-0.7052064	2.1181135	1.4723501
chr8	124197978	5.749393	4.210136	1.539257	acetylated_beyond_accessibility	-0.7151618	0.57086515	0.6310239
chr12	49741783	6.8669333	5.3276196	1.5393138	acetylated_beyond_accessibility	0.8293438	1.1650729	0.32133865
chr10	70618152	3.713572	2.1742418	1.5393302	acetylated_beyond_accessibility	-0.3963809	0.2998116	-0.11999774
chr8	104667367	4.7361984	3.1967185	1.53948	acetylated_beyond_accessibility	-0.5946045	0.6705713	0.48710465
chr18	10841188	3.8066626	2.2671692	1.5394933	acetylated_beyond_accessibility	0.21350884	0.5385611	0.48460555
chr6	2784286	5.463832	3.9243302	1.5395017	acetylated_beyond_accessibility	-0.78867126	0.83263063	0.23467207
chr10	119658456	4.6728287	3.1326716	1.5401571	acetylated_beyond_accessibility	0.086752415	1.4063499	0.5127158
chr20	51600471	4.248495	2.7073789	1.5411162	acetylated_beyond_accessibility	0.5467317	0.9468219	0.30069613
chr17	79830501	4.912655	3.3713274	1.5413275	acetylated_beyond_accessibility	-1.1278107	-0.099559784	-0.37196922
chr17	81916792	4.934474	3.3927627	1.5417113	acetylated_beyond_accessibility	-0.40102148	0.8535347	0.1287291
chr7	100837480	5.164786	3.622946	1.5418398	acetylated_beyond_accessibility	-0.23212075	1.2322571	-0.101224184
chr12	32054293	4.0073333	2.4654326	1.5419006	acetylated_beyond_accessibility	0.19855928	0.19885683	0.041847706
chr10	5462543	6.261492	4.719319	1.5421729	acetylated_beyond_accessibility	-1.7054677	0.94415236	0.09659433
chr7	158871602	3.7376697	2.1953862	1.5422835	acetylated_beyond_accessibility	0.18701863	-0.40534317	-0.26456988
chr8	9171919	4.8202815	3.2775714	1.5427101	acetylated_beyond_accessibility	-0.8346913	0.721015	-0.14702058
chr12	116819336	5.605802	4.062905	1.5428972	acetylated_beyond_accessibility	-0.5605881	0.5008211	-0.014409542
chr7	153413739	6.499787	4.956878	1.5429087	acetylated_beyond_accessibility	-1.6575532	0.7153201	-0.1446786
chr10	119884442	3.1780539	1.6351187	1.5429351	acetylated_beyond_accessibility	1.0338516	0.24921572	0.44319224
chr10	97543313	3.7612002	2.2180774	1.5431228	acetylated_beyond_accessibility	0.98823	0.6769159	0.1840384
chr7	141014758	6.1984787	4.655316	1.5431628	acetylated_beyond_accessibility	-0.087733746	0.8830962	0.18886042
chr12	124512859	4.691348	3.1474519	1.5438962	acetylated_beyond_accessibility	0.34351993	1.284853	0.0818069
chr22	21807590	3.8286414	2.2839131	1.5447283	acetylated_beyond_accessibility	0.48537397	0.70425606	0.022375345
chr17	41530549	6.1484685	4.603654	1.5448146	acetylated_beyond_accessibility	-0.27356625	1.0713954	0.58201075
chr8	27498287	4.2904596	2.745641	1.5448186	acetylated_beyond_accessibility	0.8142693	0.28899574	0.13646173
chr17	42023805	6.4707994	4.925828	1.5449715	acetylated_beyond_accessibility	-2.3102176	0.6713786	0.4516039
chr17	59853389	3.465736	1.9204191	1.5453168	acetylated_beyond_accessibility	1.4314877	0.7532302	0.4902581
chr7	103630533	4.0253515	2.4798183	1.5455332	acetylated_beyond_accessibility	0.14645338	0.46711206	0.47788095
chr17	32899427	4.394449	2.8488853	1.5455639	acetylated_beyond_accessibility	-0.07932806	0.32905364	0.19316745
chr10	97542364	3.912023	2.3661	1.545923	acetylated_beyond_accessibility	0.109304905	0.006261587	-0.018035173
chr10	122980344	5.0039463	3.4580116	1.5459347	acetylated_beyond_accessibility	0.5037725	0.14349484	0.041573763
chr10	67849819	5.872118	4.3258057	1.5463123	acetylated_beyond_accessibility	0.42334795	1.1866302	0.53233576
chr8	16497580	4.3438053	2.7973814	1.5464239	acetylated_beyond_accessibility	0.35832167	0.30804086	0.014202833
chr17	72978788	4.2195077	2.6729374	1.5465703	acetylated_beyond_accessibility	0.5909147	0.8757796	0.6005645
chr22	31603331	4.905275	3.3586211	1.5466537	acetylated_beyond_accessibility	-0.13131452	-0.38365078	0.15717888
chr22	26606870	2.7725887	1.2258301	1.5467587	acetylated_beyond_accessibility	1.6556838	0.3446982	0.12522614
chr6	106888478	5.7203116	4.1733623	1.5469494	acetylated_beyond_accessibility	-0.8108592	1.1903272	0.7446451
chr17	36603148	4.8520303	3.304964	1.5470662	acetylated_beyond_accessibility	-1.313882	0.22235394	-0.28848982
chr8	22673353	4.6151204	3.0679183	1.5472021	acetylated_beyond_accessibility	-0.5126219	0.022239685	0.099315405
chr21	44781158	3.5553482	2.0080457	1.5473025	acetylated_beyond_accessibility	0.77796865	0.4784541	0.2012024
chr17	35559735	5.2574954	3.7100916	1.5474038	acetylated_beyond_accessibility	-1.6203151	0.051211834	0.060961723
chr10	3806014	5.7525725	4.2047334	1.5478392	acetylated_beyond_accessibility	-1.5231583	1.0151334	0.21087885
chr22	21800709	4.0775375	2.528825	1.5487125	acetylated_beyond_accessibility	0.7905376	0.7252538	0.33216643
chr8	124007166	5.676754	4.127951	1.5488029	acetylated_beyond_accessibility	-1.9162982	0.6399231	-0.022665977
chr17	33871863	6.3613024	4.812431	1.5488715	acetylated_beyond_accessibility	-0.3886733	1.8299065	0.956522
chr6	43640631	5.117994	3.5690799	1.548914	acetylated_beyond_accessibility	-0.50825477	1.2318053	0.3476119
chr10	25117976	3.218876	1.6698651	1.5490108	acetylated_beyond_accessibility	1.1534703	1.0044613	0.29221845
chr8	143616379	4.8675346	3.3181999	1.5493348	acetylated_beyond_accessibility	-0.34486938	-0.041371584	-0.2078917
chr7	142806220	3.583519	2.0341492	1.5493698	acetylated_beyond_accessibility	0.33956242	0.31254625	0.23818731
chr18	2571275	7.200425	5.6508803	1.5495448	acetylated_beyond_accessibility	-0.69442225	0.86102915	0.661335
chr17	42314500	6.3868794	4.8369536	1.5499258	acetylated_beyond_accessibility	-1.3804052	0.8419337	0.07601404
chr10	32346803	6.7117405	5.161296	1.5504446	acetylated_beyond_accessibility	-0.5039897	0.22289848	-0.044727802
chr7	92904487	4.2341065	2.6836343	1.5504723	acetylated_beyond_accessibility	-0.5793338	1.1851768	0.37354422
chr18	48872945	3.6109178	2.0604398	1.550478	acetylated_beyond_accessibility	1.093575	0.5131924	0.5412464
chr17	73225138	4.1743875	2.6238315	1.550556	acetylated_beyond_accessibility	0.9460075	-0.014940977	0.33609533
chr8	79854801	4.7791233	3.2284806	1.5506427	acetylated_beyond_accessibility	0.43096066	0.45016742	0.40905952
chr12	121624781	5.220356	3.6695518	1.5508041	acetylated_beyond_accessibility	-0.8316479	0.5745506	0.061774015
chr21	39209194	5.0998664	3.5489388	1.5509276	acetylated_beyond_accessibility	-1.0872946	0.22270107	-0.043138742
chr17	45147340	6.7357802	5.1841936	1.5515866	acetylated_beyond_accessibility	-0.56697845	0.91595125	0.25617886
chr6	7698035	5.484797	3.9330301	1.5517669	acetylated_beyond_accessibility	0.4401002	0.71986103	0.39760303
chr20	44616755	4.1108737	2.558978	1.5518956	acetylated_beyond_accessibility	0.18231559	0.2077291	0.06753087
chr20	671634	5.641907	4.089761	1.5521464	acetylated_beyond_accessibility	-1.5572038	-0.5038717	-0.05255413
chr6	31734840	7.1785455	5.626382	1.5521636	acetylated_beyond_accessibility	-1.9433227	0.524838	0.27026653
chr6	28665190	3.5553482	2.0028543	1.5524938	acetylated_beyond_accessibility	0.610059	0.0046224594	0.18034434
chr22	46754434	5.874931	4.3224106	1.5525203	acetylated_beyond_accessibility	-0.34277296	0.2601056	0.95810366
chr22	30435098	4.0073333	2.4545658	1.5527675	acetylated_beyond_accessibility	0.6062739	-0.27912068	-0.18524027
chr7	119950567	5.1298985	3.5769978	1.5529008	acetylated_beyond_accessibility	-1.1451468	0.60356045	0.04614687
chr17	44095928	6.1717005	4.618325	1.5533752	acetylated_beyond_accessibility	-0.8139508	0.72671175	0.25936937
chr12	28780224	2.944439	1.3906554	1.5537835	acetylated_beyond_accessibility	1.3628865	0.4700271	0.43578815
chr8	10805349	2.8332133	1.2789893	1.554224	acetylated_beyond_accessibility	1.8803496	0.5924225	0.08054578
chr18	35110722	5.9215784	4.367083	1.5544953	acetylated_beyond_accessibility	-2.5242136	0.39497137	0.14188671
chr6	3023988	7.096721	5.5419	1.554821	acetylated_beyond_accessibility	-0.6208048	0.594924	0.5860057
chr6	157100356	4.26268	2.7076228	1.5550573	acetylated_beyond_accessibility	0.45384574	0.5971775	0.34172726
chr18	54946076	5.3565865	3.8007472	1.5558393	acetylated_beyond_accessibility	-1.1174402	0.25533175	0.03974986
chr17	15959040	5.5134287	3.9572554	1.5561733	acetylated_beyond_accessibility	-0.028604984	1.1328788	0.5189495
chr10	24569871	6.285998	4.7297683	1.5562296	acetylated_beyond_accessibility	-1.1777611	0.6608138	0.1188755
chr20	9139651	4.727388	3.171106	1.5562818	acetylated_beyond_accessibility	-0.10193515	0.59344053	0.15461397
chr17	36529289	4.0775375	2.5211902	1.5563474	acetylated_beyond_accessibility	0.75422764	0.6493602	0.58015776
chr7	2024475	3.4011974	1.8447913	1.5564061	acetylated_beyond_accessibility	1.171908	0.17169726	0.18909466
chr6	3023391	7.034388	5.477857	1.556531	acetylated_beyond_accessibility	-1.8782663	0.5412059	0.48422337
chr8	37849920	6.3261495	4.7695384	1.5566111	acetylated_beyond_accessibility	-0.36664915	0.33404827	0.40267992
chr18	70028916	3.5263605	1.9697161	1.5566444	acetylated_beyond_accessibility	0.5108175	0.08442783	0.015123367
chr22	39283162	5.7525725	4.1957417	1.5568309	acetylated_beyond_accessibility	-1.0907505	0.37531424	0.09112644
chr6	137811598	5.159055	3.6022227	1.5568326	acetylated_beyond_accessibility	0.058412313	1.5057728	0.4989946
chr17	78214435	5.7930136	4.236101	1.5569124	acetylated_beyond_accessibility	-1.3281026	-0.20646286	-0.44974184
chr12	1328594	3.8501477	2.293002	1.5571458	acetylated_beyond_accessibility	0.6483605	0.35175633	0.19576812
chr10	71638284	6.6253924	5.067757	1.5576353	acetylated_beyond_accessibility	-0.82920885	1.1463284	0.3891058
chr22	50330926	5.3752785	3.8169413	1.5583372	acetylated_beyond_accessibility	-0.21345162	0.35788012	0.13000631
chr6	135423857	3.8918204	2.3334663	1.5583541	acetylated_beyond_accessibility	-0.30703735	0.59989953	-0.18925118
chr17	36544082	6.383507	4.824986	1.5585208	acetylated_beyond_accessibility	-1.0077398	0.87010527	0.13853216
chr7	1461109	6.2785215	4.719874	1.5586476	acetylated_beyond_accessibility	-1.625083	0.8413501	-0.40704298
chr8	68152738	5.480639	3.9217243	1.5589147	acetylated_beyond_accessibility	-1.0546386	0.79754305	0.10172701
chr7	2758107	6.4457197	4.886705	1.5590148	acetylated_beyond_accessibility	0.029066086	1.7976136	1.0637107
chr10	73940963	5.043425	3.4842377	1.5591874	acetylated_beyond_accessibility	-0.5406039	0.44729185	-0.17185783
chr22	35216237	3.8501477	2.2908878	1.5592599	acetylated_beyond_accessibility	1.3843484	0.5675378	0.23255324
chr22	39320539	5.820083	4.260638	1.5594449	acetylated_beyond_accessibility	-0.04903078	-0.05522728	-0.008951664
chr22	19432051	6.659294	5.0997133	1.5595808	acetylated_beyond_accessibility	-0.2467227	0.496027	-0.71358967
chr22	22559325	7.031741	5.472083	1.559658	acetylated_beyond_accessibility	-1.9834616	-0.11378431	-0.5581212
chr17	80891573	5.4380794	3.8776288	1.5604506	acetylated_beyond_accessibility	-0.11966419	0.6212177	0.71343565
chr22	27719813	4.204693	2.643932	1.5607607	acetylated_beyond_accessibility	0.98351955	0.5590255	0.20794082
chr8	127852253	4.912655	3.351619	1.5610359	acetylated_beyond_accessibility	-0.32711005	0.7659085	0.24817872
chr8	61759825	6.317165	4.755903	1.5612621	acetylated_beyond_accessibility	-0.9909711	0.8092928	1.4317794
chr10	5682124	4.6634393	3.102101	1.5613382	acetylated_beyond_accessibility	0.38247967	0.7051344	0.6059966
chr12	6167731	5.433722	3.8720698	1.5616522	acetylated_beyond_accessibility	-0.4405172	0.38703203	0.61469555
chr20	30713783	2.3025851	0.7405391	1.562046	acetylated_beyond_accessibility	1.8711121	0.23644292	0.395962
chr22	43970003	5.799093	4.237015	1.562078	acetylated_beyond_accessibility	-0.14903021	0.05360651	0.15443277
chr10	89328013	5.4510384	3.88821	1.5628283	acetylated_beyond_accessibility	-0.8836515	0.48648477	0.15718913
chr6	36118765	6.066108	4.503251	1.5628572	acetylated_beyond_accessibility	-1.8777063	0.73938227	0.35175228
chr7	157264187	2.6390574	1.0760751	1.5629823	acetylated_beyond_accessibility	3.2993274	0.7339046	0.16709375
chr20	32160111	5.332719	3.7697198	1.562999	acetylated_beyond_accessibility	-1.3001423	1.1292651	0.38835692
chr22	29569160	4.2341065	2.6705625	1.563544	acetylated_beyond_accessibility	0.39060616	-0.10793567	-0.24354815
chr20	23334303	2.7725887	1.2089894	1.5635993	acetylated_beyond_accessibility	1.3744078	0.37831974	0.48284185
chr22	20982103	6.99485	5.431118	1.5637321	acetylated_beyond_accessibility	-1.2860379	0.81812334	-0.23180485
chr10	7231402	4.6821313	3.1182666	1.5638647	acetylated_beyond_accessibility	0.10385704	0.47824192	0.29004002
chr6	85581057	5.0039463	3.4399831	1.5639632	acetylated_beyond_accessibility	-0.95388603	1.2251046	0.18886495
chr10	5934301	5.755742	4.191765	1.5639772	acetylated_beyond_accessibility	-0.7521632	0.1149683	0.25144386
chr7	97117597	6.2265368	4.6625576	1.5639791	acetylated_beyond_accessibility	1.7365341	1.2606635	0.8428812
chr22	29079247	4.3438053	2.779514	1.5642912	acetylated_beyond_accessibility	0.30438113	0.01579547	0.18757033
chr7	30403739	3.4339871	1.8691663	1.5648209	acetylated_beyond_accessibility	1.4451674	1.1885339	0.7284616
chr6	36873799	5.411646	3.846624	1.565022	acetylated_beyond_accessibility	-0.99780345	0.38266897	0.10565591
chr7	117210954	4.6151204	3.0499446	1.5651758	acetylated_beyond_accessibility	-0.47272444	0.71527743	0.19263124
chr17	17841728	4.9767337	3.4114575	1.5652761	acetylated_beyond_accessibility	0.00981617	0.34133053	0.014862776
chr10	132005246	3.8286414	2.2630794	1.565562	acetylated_beyond_accessibility	1.9997456	1.1893089	1.0813353
chr17	33942601	3.8501477	2.2844162	1.5657315	acetylated_beyond_accessibility	0.8489075	0.9105792	0.77097344
chr6	88891336	3.988984	2.4218595	1.5671246	acetylated_beyond_accessibility	0.4989171	0.96117234	0.14084744
chr22	30391428	4.0253515	2.4581027	1.5672488	acetylated_beyond_accessibility	0.35449076	-0.1129837	0.36838818
chr20	58420993	3.4965076	1.9290135	1.5674942	acetylated_beyond_accessibility	1.0457716	0.6917689	0.36332726
chr20	44544538	4.2195077	2.6518471	1.5676606	acetylated_beyond_accessibility	0.19018316	0.18521881	0.17871428
chr6	3913256	4.0943446	2.526615	1.5677297	acetylated_beyond_accessibility	1.3611333	0.49879265	0.3962009
chr17	55735987	3.295837	1.7280997	1.5677372	acetylated_beyond_accessibility	0.6678606	0.7961801	-0.11621714
chr20	2871314	5.6240177	4.0562735	1.5677443	acetylated_beyond_accessibility	-0.4355135	0.18083239	0.09192848
chr8	129726628	4.2904596	2.7227037	1.5677559	acetylated_beyond_accessibility	-0.25309396	0.22123027	-0.13689399
chr17	37273523	2.9957323	1.4278183	1.567914	acetylated_beyond_accessibility	1.160593	0.39883387	0.09107721
chr7	138565846	4.204693	2.6365595	1.5681334	acetylated_beyond_accessibility	0.5236423	0.31506205	0.29106474
chr20	53642975	5.755742	4.1873426	1.5683994	acetylated_beyond_accessibility	-1.0870457	1.5115299	0.4805069
chr17	29178493	6.3261495	4.757684	1.5684652	acetylated_beyond_accessibility	-1.6467903	0.45140743	0.164536
chr10	131928398	4.3694477	2.800904	1.5685437	acetylated_beyond_accessibility	0.25769544	0.5185952	0.23801279
chr12	45338489	4.1108737	2.5416558	1.5692179	acetylated_beyond_accessibility	-0.22130585	0.5427921	0.1353395
chr17	4966421	5.5012584	3.9318957	1.5693626	acetylated_beyond_accessibility	-0.72784996	0.09627485	-0.08842182
chr17	48279807	3.583519	2.014131	1.5693879	acetylated_beyond_accessibility	0.27809167	0.2367425	0.0790863
chr6	27777274	5.7203116	4.1507115	1.5696001	acetylated_beyond_accessibility	-0.82730937	0.8756423	0.07455921
chr10	101060165	5.192957	3.6227381	1.5702188	acetylated_beyond_accessibility	-0.020965338	0.3069892	0.13373804
chr17	64927764	3.583519	2.0131469	1.5703721	acetylated_beyond_accessibility	1.7346876	1.2049718	0.9715309
chr6	137223962	4.727388	3.156871	1.5705168	acetylated_beyond_accessibility	0.31524706	1.1474316	0.555146
chr12	645809	4.75359	3.1829915	1.5705986	acetylated_beyond_accessibility	0.7997017	0.8151908	0.50467443
chr6	4055614	3.4011974	1.8293943	1.5718031	acetylated_beyond_accessibility	0.5585542	0.3771615	0.19871902
chr22	30435805	3.9512436	2.3788617	1.572382	acetylated_beyond_accessibility	0.78437567	-0.47039294	-0.15036845
chr6	30737648	3.7376697	2.1651328	1.572537	acetylated_beyond_accessibility	1.6480298	0.8320935	0.35035777
chr6	158366549	5.966147	4.393272	1.572875	acetylated_beyond_accessibility	-0.3523245	0.7854595	0.5166168
chr8	101138553	4.8121843	3.239216	1.5729682	acetylated_beyond_accessibility	0.046230078	0.89359355	0.23922229
chr18	60053885	5.5412636	3.9682364	1.5730271	acetylated_beyond_accessibility	1.2092748	1.4252248	1.2364011
chr6	28648272	4.276666	2.7033486	1.5733175	acetylated_beyond_accessibility	-0.3614924	0.1648097	0.029771328
chr17	42135854	3.7841897	2.2107446	1.5734451	acetylated_beyond_accessibility	1.8440716	0.23955989	0.2769096
chr18	50928784	3.1780539	1.6044521	1.5736017	acetylated_beyond_accessibility	0.5773215	0.08371842	0.20274472
chr22	38145933	3.4339871	1.860224	1.5737631	acetylated_beyond_accessibility	1.2044001	-0.24267673	-0.19781387
chr7	602683	5.894403	4.3205633	1.5738397	acetylated_beyond_accessibility	-0.8346131	0.014886379	-0.444381
chr8	144848682	3.8918204	2.317752	1.5740685	acetylated_beyond_accessibility	0.86268616	0.53718066	0.3132856
chr12	31749361	5.846439	4.272278	1.574161	acetylated_beyond_accessibility	0.13659382	1.5213332	0.9310641
chr6	44925629	3.4965076	1.9223034	1.5742042	acetylated_beyond_accessibility	0.23036742	0.67335033	0.16023445
chr8	129677911	4.0775375	2.503302	1.5742354	acetylated_beyond_accessibility	-0.10787511	0.5450461	0.22504354
chr10	70743063	6.059123	4.484825	1.5742979	acetylated_beyond_accessibility	-1.2907085	0.5355482	0.06111145
chr12	8325295	2.4849067	0.9105234	1.5743833	acetylated_beyond_accessibility	2.5805008	0.5904677	0.24599981
chr18	55731743	5.0998664	3.5254574	1.574409	acetylated_beyond_accessibility	-1.1551125	0.6464195	0.11896753
chr10	112912656	3.637586	2.0618412	1.5757449	acetylated_beyond_accessibility	1.9078982	0.5465045	0.8675053
chr7	20238820	4.934474	3.35841	1.5760641	acetylated_beyond_accessibility	1.0265288	1.1074634	0.40844202
chr21	34967688	4.3307333	2.7546163	1.576117	acetylated_beyond_accessibility	0.3012004	0.30065632	0.13188195
chr7	103344264	6.508769	4.932462	1.5763068	acetylated_beyond_accessibility	-0.2773013	0.89404917	0.55120134
chr7	108539213	3.9512436	2.374651	1.5765927	acetylated_beyond_accessibility	0.07674527	0.08289909	0.1840992
chr12	109477690	6.100319	4.523726	1.5765929	acetylated_beyond_accessibility	2.9388814	0.72230625	0.76689243
chr7	2355573	5.529429	3.9527147	1.5767143	acetylated_beyond_accessibility	-0.8422599	0.26867127	-0.5717764
chr12	56244121	4.8751974	3.2983584	1.576839	acetylated_beyond_accessibility	-0.85729146	0.5249438	0.4319346
chr7	23722970	4.1271343	2.5498805	1.5772538	acetylated_beyond_accessibility	-0.19702578	-0.3385179	0.0726614
chr6	19999818	4.304065	2.7266939	1.5773714	acetylated_beyond_accessibility	1.1161742	0.9902868	0.7164378
chr22	39626342	4.6634393	3.085857	1.5775824	acetylated_beyond_accessibility	0.8349943	-0.2683692	0.34275103
chr20	380051	6.510258	4.9324994	1.5777588	acetylated_beyond_accessibility	-1.6098652	0.2481184	-0.19611025
chr20	372021	7.1762547	5.598374	1.5778809	acetylated_beyond_accessibility	-2.045652	1.4216886	0.64439535
chr7	106775806	7.2584124	5.680475	1.5779371	acetylated_beyond_accessibility	-3.034091	-0.2147274	0.08465624
chr18	3603396	7.4289274	5.850738	1.5781894	acetylated_beyond_accessibility	-1.4247875	0.55361605	0.9654441
chr22	45639085	3.5553482	1.9769822	1.5783659	acetylated_beyond_accessibility	0.9918281	0.53580177	0.47087753
chr12	64459645	4.4308167	2.8521132	1.5787034	acetylated_beyond_accessibility	-0.44398808	0.5071573	0.19639063
chr22	42180486	4.634729	3.0559232	1.5788057	acetylated_beyond_accessibility	-0.6932812	0.26629806	-0.015793324
chr17	59786838	6.6770835	5.098017	1.5790663	acetylated_beyond_accessibility	-1.034956	0.9270506	0.42494822
chr17	4657767	3.7612002	2.1816306	1.5795696	acetylated_beyond_accessibility	0.53996706	-0.18800676	-0.11450291
chr12	57112478	5.7462034	4.166582	1.5796213	acetylated_beyond_accessibility	-1.1805253	0.6812582	0.14991617
chr21	44853896	5.0998664	3.5199597	1.5799067	acetylated_beyond_accessibility	-0.82061625	-0.06845212	-0.37148333
chr10	12055934	4.189655	2.609617	1.5800378	acetylated_beyond_accessibility	0.37428212	0.11272073	0.09124899
chr20	54208086	6.393591	4.813424	1.5801668	acetylated_beyond_accessibility	-1.8778279	0.36433983	0.01142168
chr6	33271686	7.0992017	5.518979	1.5802226	acetylated_beyond_accessibility	2.0853262	1.8274956	1.4287472
chr20	41539522	5.3375382	3.7570152	1.580523	acetylated_beyond_accessibility	-1.1799927	0.03236246	0.15113354
chr12	132770294	3.6635616	2.082725	1.5808365	acetylated_beyond_accessibility	0.9729569	0.29264784	-0.20582223
chr22	19910111	5.198497	3.6176472	1.5808496	acetylated_beyond_accessibility	-0.5823641	1.41396	0.5829587
chr7	12590764	5.2983174	3.717307	1.5810103	acetylated_beyond_accessibility	-0.3627267	0.9428048	0.12513089
chr12	55167185	2.7725887	1.1913731	1.5812156	acetylated_beyond_accessibility	1.0219424	0.73800254	0.4333738
chr10	18583027	4.7184987	3.1372056	1.5812931	acetylated_beyond_accessibility	-0.028879642	0.19936919	0.2754197
chr17	13523061	4.882802	3.3013291	1.5814729	acetylated_beyond_accessibility	0.04063821	0.2945571	0.12862444
chr17	29695090	3.583519	2.0017715	1.5817475	acetylated_beyond_accessibility	0.4644599	0.5022497	0.08982277
chr6	33419168	6.152733	4.570457	1.5822759	acetylated_beyond_accessibility	-1.4215117	0.966825	0.10797548
chr8	38082750	6.3261495	4.7437563	1.5823932	acetylated_beyond_accessibility	-1.1163266	0.1430583	0.34706593
chr7	102992010	6.0935698	4.5108843	1.5826855	acetylated_beyond_accessibility	-1.6219065	0.7837968	0.4160304
chr10	28839096	5.209486	3.6265497	1.5829363	acetylated_beyond_accessibility	-0.6814618	0.31049323	0.1484468
chr17	72907513	4.75359	3.1704044	1.5831857	acetylated_beyond_accessibility	-0.13704324	0.17791796	0.37187362
chr8	78881589	3.1354942	1.5521843	1.5833099	acetylated_beyond_accessibility	1.26127	-0.027140379	0.2854035
chr17	42222333	4.394449	2.810975	1.5834742	acetylated_beyond_accessibility	0.55186725	0.43577242	0.40000176
chr20	47259247	3.8286414	2.2451053	1.5835361	acetylated_beyond_accessibility	0.9314635	0.8179617	0.5644343
chr8	74866610	3.465736	1.8820378	1.5836982	acetylated_beyond_accessibility	1.7310933	0.50334466	0.90317833
chr17	16420109	4.890349	3.3066278	1.5837212	acetylated_beyond_accessibility	-0.81914926	0.014087677	0.084800005
chr8	144768633	3.7376697	2.1538262	1.5838435	acetylated_beyond_accessibility	1.006783	0.72922206	0.13832808
chr17	75683853	4.0253515	2.441431	1.5839205	acetylated_beyond_accessibility	0.21428585	1.0607257	0.42177916
chr17	44067619	5.049856	3.465714	1.5841422	acetylated_beyond_accessibility	1.1429992	0.5223317	0.26142812
chr10	14181414	4.543295	2.958429	1.5848658	acetylated_beyond_accessibility	-0.61161494	0.3955407	-0.001856327
chr10	5094583	4.2904596	2.7051048	1.5853548	acetylated_beyond_accessibility	-0.03890705	0.61992383	0.17730045
chr10	63707496	3.583519	1.9978881	1.5856309	acetylated_beyond_accessibility	0.6258061	0.7471752	0.81918526
chr8	10711155	3.871201	2.2852376	1.5859635	acetylated_beyond_accessibility	1.2858784	0.37458658	0.21438432
chr7	137978674	4.6151204	3.0276668	1.5874536	acetylated_beyond_accessibility	0.38205767	1.3014729	0.4780898
chr17	80327703	3.2580965	1.670479	1.5876174	acetylated_beyond_accessibility	0.93456745	0.40136027	0.36407924
chr6	56891005	4.7184987	3.1307955	1.5877032	acetylated_beyond_accessibility	-0.13338494	0.5537455	-0.03259611
chr17	7309050	5.638355	4.04998	1.5883746	acetylated_beyond_accessibility	0.079854965	0.5747838	0.2818613
chr17	59297233	3.871201	2.2827125	1.5884886	acetylated_beyond_accessibility	0.8018346	0.6562214	0.12905073
chr12	121659150	6.232448	4.643523	1.5889249	acetylated_beyond_accessibility	-1.4182918	0.53716373	-0.05472088
chr20	33423403	5.2257466	3.6363862	1.5893605	acetylated_beyond_accessibility	-0.2922902	0.8856375	0.33396602
chr10	50563987	4.727388	3.1379273	1.5894606	acetylated_beyond_accessibility	-0.53301764	-0.2597189	0.06793022
chr17	1438913	3.3322046	1.7426999	1.5895047	acetylated_beyond_accessibility	1.6959109	0.28951764	0.050486922
chr10	4868438	6.073045	4.48301	1.590035	acetylated_beyond_accessibility	-1.385427	1.0145469	0.33423853
chr17	28860464	5.739793	4.1490946	1.5906982	acetylated_beyond_accessibility	-1.545527	1.2768536	-0.0050783157
chr10	61778282	3.6635616	2.0728288	1.5907328	acetylated_beyond_accessibility	-0.52595985	-0.028091908	-0.07917726
chr18	58259277	5.1119876	3.520737	1.5912507	acetylated_beyond_accessibility	-0.012536287	0.04099059	0.031147003
chr8	99404441	3.7376697	2.1462564	1.5914133	acetylated_beyond_accessibility	-0.27802217	0.04441285	0.016612053
chr6	30516433	6.2245584	4.6326685	1.5918899	acetylated_beyond_accessibility	0.11740589	1.4934158	0.4371953
chr10	63106451	4.5108595	2.9184577	1.5924017	acetylated_beyond_accessibility	-0.63051677	0.21561027	0.101489305
chr17	29723698	5.1357985	3.5430636	1.5927348	acetylated_beyond_accessibility	-0.6128807	0.73656225	0.19090533
chr22	39959721	4.8121843	3.2184846	1.5936997	acetylated_beyond_accessibility	-0.33288527	-0.50644994	-0.010937452
chr12	65603148	4.304065	2.710155	1.5939102	acetylated_beyond_accessibility	0.28914714	0.8030124	-0.115395784
chr10	69390286	4.5325994	2.938011	1.5945885	acetylated_beyond_accessibility	-1.2469068	0.33281422	-0.081463575
chr22	35219188	3.5263605	1.9317278	1.5946327	acetylated_beyond_accessibility	0.7520429	0.476143	0.5985719
chr12	712542	3.583519	1.9888095	1.5947095	acetylated_beyond_accessibility	1.3732046	0.6614491	0.94202864
chr20	37379064	6.616065	5.0205817	1.5954833	acetylated_beyond_accessibility	-1.35761	0.3978343	0.835516
chr22	30729035	3.9512436	2.3557363	1.5955074	acetylated_beyond_accessibility	0.6770854	0.7205868	0.08738017
chr12	28012683	4.4426513	2.8470755	1.5955758	acetylated_beyond_accessibility	0.8948283	0.297606	0.5219948
chr17	27572847	5.075174	3.479537	1.5956368	acetylated_beyond_accessibility	-1.0256467	0.3903756	0.15043736
chr12	106945451	2.3025851	0.70688635	1.5956988	acetylated_beyond_accessibility	0.6788791	0.26232177	0.029808044
chr17	28871279	5.411646	3.8156524	1.5959935	acetylated_beyond_accessibility	-0.5757139	0.38768435	-0.01867342
chr22	30744413	3.5553482	1.9592342	1.5961139	acetylated_beyond_accessibility	1.5569024	0.05487871	0.33592224
chr8	53731482	4.7095304	3.1133308	1.5961995	acetylated_beyond_accessibility	0.52442527	0.39600658	0.43207097
chr17	64507613	5.986452	4.3902287	1.5962234	acetylated_beyond_accessibility	-0.36050558	1.0019498	0.041725636
chr10	96124788	6.5072775	4.910952	1.5963254	acetylated_beyond_accessibility	-2.4976907	-0.1209712	0.025898933
chr6	81938399	5.327876	3.7314086	1.5964675	acetylated_beyond_accessibility	0.3293519	1.3682513	0.8410773
chr17	36611883	4.727388	3.1304712	1.5969167	acetylated_beyond_accessibility	-0.38966632	1.0225477	0.119273186
chr10	102112540	5.988961	4.3919873	1.5969739	acetylated_beyond_accessibility	-0.59670687	0.2376895	0.45027876
chr7	64945495	6.0234475	4.425755	1.5976925	acetylated_beyond_accessibility	-1.9655805	0.65082026	0.2137003
chr20	10510466	3.988984	2.3909755	1.5980086	acetylated_beyond_accessibility	-0.15134287	-0.23211622	-0.25534272
chr20	35955359	5.521461	3.923378	1.598083	acetylated_beyond_accessibility	0.73089886	0.6317363	0.36556482
chr12	1305142	5.31812	3.7197952	1.5983248	acetylated_beyond_accessibility	-0.45087147	0.065262794	-0.18586159
chr17	63634098	5.288267	3.6898532	1.598414	acetylated_beyond_accessibility	0.9349265	0.71670675	0.6688113
chr8	126002732	4.304065	2.7046072	1.599458	acetylated_beyond_accessibility	-0.15018559	0.08746958	0.12737918
chr20	41643727	4.7095304	3.1100376	1.5994928	acetylated_beyond_accessibility	0.65046716	1.5427654	0.483469
chr17	55452643	5.2832036	3.6833787	1.5998249	acetylated_beyond_accessibility	-0.55139494	0.55714655	0.51073265
chr7	130152883	4.465908	2.8659196	1.5999885	acetylated_beyond_accessibility	0.057736397	0.16436863	0.17944908
chr6	30508448	4.0943446	2.494027	1.6003177	acetylated_beyond_accessibility	0.3992002	0.7744429	0.63613796
chr17	15491895	4.2341065	2.633693	1.6004136	acetylated_beyond_accessibility	-0.62756085	0.28010058	0.0708797
chr7	105013921	7.8018003	6.2010307	1.6007695	acetylated_beyond_accessibility	-1.3805313	0.6128297	0.07997894
chr8	104616882	5.3565865	3.7554042	1.6011822	acetylated_beyond_accessibility	-1.4676995	0.16101456	0.004924059
chr17	77333150	3.5263605	1.9249294	1.6014311	acetylated_beyond_accessibility	0.5427747	0.599437	-0.0019311905
chr7	130943569	4.7004805	3.0989807	1.6014998	acetylated_beyond_accessibility	-0.2745371	0.86225677	0.046540022
chr7	106345820	4.2904596	2.6888988	1.6015608	acetylated_beyond_accessibility	0.20869684	0.39947152	-0.022922516
chr6	38789560	2.5649493	0.96269804	1.6022513	acetylated_beyond_accessibility	1.519877	-0.08315843	0.20094365
chr22	38514778	4.75359	3.1513362	1.6022539	acetylated_beyond_accessibility	-0.5438304	0.92632294	0.039330006
chr22	28448844	3.6109178	2.0085237	1.6023941	acetylated_beyond_accessibility	0.40698338	0.2024343	0.007775545
chr22	29520996	3.3672957	1.7646912	1.6026045	acetylated_beyond_accessibility	2.5273051	0.608822	0.61028683
chr22	29590098	3.0445225	1.4418375	1.602685	acetylated_beyond_accessibility	1.0493183	-0.21215487	-0.3212223
chr8	53945265	5.926926	4.324181	1.602745	acetylated_beyond_accessibility	-0.61562324	1.3249283	0.8597517
chr18	9870535	6.8394766	5.236549	1.6029277	acetylated_beyond_accessibility	-2.9806514	-0.044954777	0.21670723
chr7	158859003	5.8636312	4.260694	1.6029372	acetylated_beyond_accessibility	-1.739593	0.5247283	0.058062553
chr6	14742884	4.0430512	2.4397814	1.6032698	acetylated_beyond_accessibility	1.1885946	0.3926251	0.5878513
chr7	157136560	4.5849676	2.9812245	1.6037431	acetylated_beyond_accessibility	0.91842914	1.0994062	0.54058695
chr10	99658834	5.5412636	3.936619	1.6046445	acetylated_beyond_accessibility	0.39051127	0.93526244	0.1215508
chr10	17263791	2.3978953	0.79255235	1.605343	acetylated_beyond_accessibility	1.8296229	0.025843263	0.37019503
chr20	38434889	6.289716	4.684222	1.6054935	acetylated_beyond_accessibility	-1.5960453	-0.044888496	-0.42937088
chr17	81872122	6.4281054	4.8222365	1.6058688	acetylated_beyond_accessibility	-0.45393324	0.40110874	0.10897589
chr12	19515368	4.060443	2.454371	1.606072	acetylated_beyond_accessibility	0.71786094	1.1790285	0.5967581
chr17	69235628	3.7841897	2.1780093	1.6061804	acetylated_beyond_accessibility	0.30182672	0.11404443	-0.11414504
chr18	3604227	7.7634463	6.1568727	1.6065736	acetylated_beyond_accessibility	-2.7042582	0.0077733994	0.41615295
chr6	47134917	5.7838254	4.1771674	1.606658	acetylated_beyond_accessibility	-0.17569923	1.8032866	0.49897814
chr17	33474561	5.247024	3.6403422	1.6066818	acetylated_beyond_accessibility	-0.46871257	0.40700865	0.25748324
chr6	150151120	6.637258	5.0301113	1.6071467	acetylated_beyond_accessibility	-1.5618749	0.592114	0.5458355
chr7	139631249	5.4764633	3.8688383	1.607625	acetylated_beyond_accessibility	-0.14173508	1.5367732	0.36854744
chr6	166910803	3.8286414	2.220614	1.6080275	acetylated_beyond_accessibility	0.6189146	0.37531066	0.49221373
chr10	72320889	7.2041492	5.5959764	1.6081729	acetylated_beyond_accessibility	-1.7049139	0.2656989	-0.015403748
chr17	80873847	3.1354942	1.5272994	1.6081948	acetylated_beyond_accessibility	1.1009445	0.10732758	0.19483316
chr20	9025792	3.295837	1.68754	1.6082969	acetylated_beyond_accessibility	1.2328355	1.0598366	0.47697735
chr22	27718377	5.049856	3.4414883	1.6083679	acetylated_beyond_accessibility	0.06979728	0.29013777	0.90378046
chr6	6657525	5.09375	3.485269	1.6084809	acetylated_beyond_accessibility	-0.72645617	0.19174814	0.407799
chr7	100556754	3.8501477	2.2415109	1.6086369	acetylated_beyond_accessibility	0.34820318	0.23552227	0.18751168
chr17	75060129	3.8501477	2.240753	1.6093948	acetylated_beyond_accessibility	0.13505268	0.20053506	0.0057559013
chr7	22123290	3.988984	2.3786702	1.6103139	acetylated_beyond_accessibility	0.94927025	0.8998847	0.28159714
chr6	123530052	3.5263605	1.9159942	1.6103663	acetylated_beyond_accessibility	0.304955	0.7355089	0.34363055
chr8	19348148	3.1354942	1.5250401	1.6104541	acetylated_beyond_accessibility	1.9255879	0.44658756	0.7688267
chr8	60467659	3.637586	2.0266697	1.6109164	acetylated_beyond_accessibility	1.0006618	1.3434272	0.50432086
chr10	31977525	4.204693	2.5935411	1.6111517	acetylated_beyond_accessibility	0.33976436	0.8356917	0.34147072
chr12	112096582	4.189655	2.5782475	1.6114073	acetylated_beyond_accessibility	0.882221	0.3791027	0.32111573
chr17	48443034	4.0253515	2.4139028	1.6114488	acetylated_beyond_accessibility	0.81738377	1.1798682	0.62789536
chr20	372999	6.795706	5.184148	1.611558	acetylated_beyond_accessibility	-1.9226303	0.82863903	0.46437407
chr12	7123919	5.288267	3.6765962	1.611671	acetylated_beyond_accessibility	0.28023195	0.74898195	0.25139546
chr20	1252597	4.3820267	2.7702563	1.6117704	acetylated_beyond_accessibility	0.5060992	0.4163394	0.28956795
chr17	29654494	4.94876	3.3364658	1.6122942	acetylated_beyond_accessibility	1.423399	0.3629346	0.34662175
chr17	83132448	3.713572	2.1011212	1.6124508	acetylated_beyond_accessibility	1.8120663	0.3727317	0.1379137
chr7	38128053	5.09375	3.4810634	1.6126866	acetylated_beyond_accessibility	0.62534285	1.1339984	0.80637693
chr8	39534963	4.0430512	2.4298787	1.6131725	acetylated_beyond_accessibility	0.30959773	0.4953375	0.22821712
chr20	1467694	6.135565	4.521832	1.6137328	acetylated_beyond_accessibility	0.79901457	0.9922037	0.50415325
chr17	69066728	3.295837	1.6819489	1.613888	acetylated_beyond_accessibility	1.0874605	0.34293485	0.12690401
chr10	119617357	4.0073333	2.392109	1.6152244	acetylated_beyond_accessibility	-0.014749527	0.37401676	-0.0053009987
chr22	29751286	3.7612002	2.145873	1.6153271	acetylated_beyond_accessibility	1.228543	0.5024891	0.15616345
chr7	76373428	6.089045	4.473377	1.6156678	acetylated_beyond_accessibility	-0.42006588	1.1595526	0.2698617
chr12	95183031	5.484797	3.8683581	1.6164389	acetylated_beyond_accessibility	-0.020861149	1.1462493	0.8499894
chr12	28191410	6.7719355	5.155108	1.6168275	acetylated_beyond_accessibility	-1.2349117	1.0537052	0.4453621
chr10	73118357	4.4188404	2.8012228	1.6176176	acetylated_beyond_accessibility	0.8018336	0.27826595	0.2342627
chr21	29657705	6.184149	4.5664053	1.6177435	acetylated_beyond_accessibility	-2.10262	-0.026370525	-0.06738901
chr17	16194564	2.944439	1.3266784	1.6177605	acetylated_beyond_accessibility	1.2498935	-0.31183386	0.12246132
chr20	53613515	5.220356	3.602533	1.6178229	acetylated_beyond_accessibility	-1.3242538	0.15045619	-0.14454317
chr7	116465243	5.081404	3.4635348	1.6178694	acetylated_beyond_accessibility	-1.0791368	0.58000135	0.16270447
chr17	40437451	4.574711	2.956471	1.6182399	acetylated_beyond_accessibility	-0.36728787	0.12867069	0.29444027
chr10	98909252	4.9698133	3.351452	1.6183612	acetylated_beyond_accessibility	-0.67185044	-0.30053115	0.068187
chr10	125817604	5.497168	3.8778915	1.6192765	acetylated_beyond_accessibility	-0.5390973	0.3939867	0.16421032
chr20	1434942	4.7957907	3.175903	1.6198876	acetylated_beyond_accessibility	0.3552525	0.36586285	0.3177657
chr10	110426059	4.0943446	2.4742646	1.62008	acetylated_beyond_accessibility	0.6498146	0.5039828	0.3926463
chr17	17605715	4.248495	2.6283562	1.6201389	acetylated_beyond_accessibility	0.9600103	1.1894414	0.83815455
chr17	57367134	5.3423343	3.721775	1.6205592	acetylated_beyond_accessibility	0.2951374	1.2115221	0.23112011
chr12	95231391	3.3322046	1.7116259	1.6205786	acetylated_beyond_accessibility	0.62047255	0.60063374	0.13446593
chr12	108632150	4.4998097	2.8790545	1.6207552	acetylated_beyond_accessibility	-0.42755318	0.1492176	-0.26997638
chr6	42101547	4.564348	2.943339	1.6210091	acetylated_beyond_accessibility	0.64221	0.31153202	0.20246553
chr22	36467619	4.060443	2.439375	1.621068	acetylated_beyond_accessibility	-0.010172129	-0.234581	-0.18997288
chr6	137376460	3.6635616	2.0421007	1.6214609	acetylated_beyond_accessibility	0.19130087	0.37540674	0.030646801
chr22	37732024	3.8286414	2.2069836	1.6216578	acetylated_beyond_accessibility	1.1742818	0.5503144	0.20431113
chr22	39918318	3.8066626	2.184555	1.6221075	acetylated_beyond_accessibility	0.32001257	0.38487673	0.062823296
chr8	108248647	6.605298	4.983071	1.6222272	acetylated_beyond_accessibility	0.67136765	1.3798399	1.121985
chr12	12216530	4.7004805	3.077952	1.6225286	acetylated_beyond_accessibility	-0.23632836	0.5978651	0.20642972
chr6	14776351	3.9702919	2.3475094	1.6227825	acetylated_beyond_accessibility	-0.086756706	0.6294451	0.07672477
chr6	7180811	4.0430512	2.4196572	1.623394	acetylated_beyond_accessibility	0.6611123	0.3395393	0.5670948
chr7	151926071	4.912655	3.2890606	1.6235943	acetylated_beyond_accessibility	-0.37033176	0.88472795	0.21332955
chr17	64332138	5.3936276	3.7695174	1.6241102	acetylated_beyond_accessibility	0.08137369	1.1216779	0.4172244
chr6	14728056	5.4764633	3.8522255	1.6242378	acetylated_beyond_accessibility	-1.1534004	0.037701607	0.00096440315
chr17	17305530	5.42495	3.800712	1.624238	acetylated_beyond_accessibility	-0.71224666	0.31081772	-0.107589245
chr10	13346529	4.59512	2.9707065	1.6244135	acetylated_beyond_accessibility	0.7614944	0.40030503	0.20047975
chr6	4727830	6.7487597	5.1242027	1.624557	acetylated_beyond_accessibility	-1.6196511	0.32871294	0.140275
chr22	21666130	7.3138866	5.6892695	1.6246171	acetylated_beyond_accessibility	0.95982456	1.0085349	1.3693113
chr6	86683698	5.9480352	4.323295	1.6247401	acetylated_beyond_accessibility	-1.0352275	0.88746786	0.46531487
chr7	12594525	4.744932	3.1200228	1.6249094	acetylated_beyond_accessibility	0.63024735	0.35372448	0.16245794
chr10	22630823	6.2422233	4.617287	1.6249361	acetylated_beyond_accessibility	-1.3401918	0.5272727	0.38333225
chr17	66494295	4.7957907	3.1703968	1.6253939	acetylated_beyond_accessibility	0.05731511	0.88699293	0.63414454
chr10	72217031	5.874931	4.249185	1.6257458	acetylated_beyond_accessibility	-0.92637444	0.7003131	0.19294834
chr22	46069062	4.3438053	2.718048	1.6257572	acetylated_beyond_accessibility	0.35890388	-0.08849335	-0.0997622
chr8	104666531	5.8493247	4.2232065	1.6261182	acetylated_beyond_accessibility	-1.4823308	0.45911074	0.39786386
chr18	74251649	4.060443	2.4342184	1.6262245	acetylated_beyond_accessibility	1.7322702	0.8594723	0.8779738
chr12	113422357	5.9738097	4.3475266	1.6262832	acetylated_beyond_accessibility	-1.4550195	1.1433167	0.13787651
chr20	31676228	6.8710914	5.2447186	1.6263728	acetylated_beyond_accessibility	-2.2380168	0.80696535	0.50020504
chr6	166915701	3.3322046	1.7055521	1.6266525	acetylated_beyond_accessibility	0.57093096	0.06364703	-0.006044388
chr22	46652279	4.204693	2.5772848	1.627408	acetylated_beyond_accessibility	0.5303638	-0.14066172	-0.18964648
chr12	39538744	4.6051702	2.976376	1.6287942	acetylated_beyond_accessibility	0.3440268	1.2247458	0.6825752
chr12	121934215	6.340359	4.711429	1.6289301	acetylated_beyond_accessibility	-0.505177	1.632936	0.77736473
chr6	151045981	3.6888795	2.0598116	1.6290679	acetylated_beyond_accessibility	0.9755616	0.4561739	0.4450264
chr10	22513855	4.8121843	3.1828809	1.6293035	acetylated_beyond_accessibility	-0.88986087	0.18844438	-0.053378344
chr12	118121041	4.934474	3.3049436	1.6295304	acetylated_beyond_accessibility	0.59251213	0.65278244	0.21238923
chr17	33911298	4.1271343	2.4972644	1.6298699	acetylated_beyond_accessibility	0.09812212	0.37585735	0.3996055
chr7	158865854	5.525453	3.8955202	1.6299329	acetylated_beyond_accessibility	-1.8883457	0.013813019	-0.12322974
chr17	29665217	4.0943446	2.4642859	1.6300588	acetylated_beyond_accessibility	0.60851574	0.888535	0.46787715
chr20	33441472	4.6151204	2.9850614	1.630059	acetylated_beyond_accessibility	0.29753494	0.30562043	0.27447414
chr8	129710794	4.1271343	2.4966311	1.6305032	acetylated_beyond_accessibility	0.16606402	0.95479155	0.4300902
chr12	45235182	5.170484	3.539421	1.631063	acetylated_beyond_accessibility	0.349226	1.0439777	0.513834
chr8	129418786	4.564348	2.933043	1.6313052	acetylated_beyond_accessibility	0.36708593	0.3752582	0.4094062
chr17	51121937	7.0148144	5.3833685	1.6314459	acetylated_beyond_accessibility	-0.10690689	1.4480109	1.2056093
chr7	113264000	4.919981	3.2884657	1.6315153	acetylated_beyond_accessibility	-0.46486259	0.6449592	0.4715948
chr6	13979963	5.4595857	3.827466	1.6321197	acetylated_beyond_accessibility	-1.5719204	0.14989829	0.16159058
chr7	23062668	3.7612002	2.1290507	1.6321495	acetylated_beyond_accessibility	0.783478	0.7705374	0.3854246
chr10	91589301	4.406719	2.7745073	1.6322119	acetylated_beyond_accessibility	-0.2890885	0.71757674	0.1574111
chr6	14711277	6.3733196	4.741097	1.6322227	acetylated_beyond_accessibility	-1.2606406	0.44930267	0.48184824
chr17	77342405	3.6109178	1.978236	1.6326818	acetylated_beyond_accessibility	0.54631996	0.293638	0.06036997
chr12	22975053	2.8332133	1.2004489	1.6327645	acetylated_beyond_accessibility	1.3965911	0.67627025	0.5579181
chr8	55607143	4.204693	2.5715418	1.633151	acetylated_beyond_accessibility	0.8242061	0.42326427	0.23143005
chr8	21961928	5.5333896	3.899762	1.6336277	acetylated_beyond_accessibility	-1.8350315	-0.1273346	-0.22806096
chr7	22452395	3.4965076	1.8627839	1.6337237	acetylated_beyond_accessibility	1.4796231	0.11861932	-0.068868995
chr7	150961177	6.9097533	5.2752433	1.63451	acetylated_beyond_accessibility	-2.7318935	-0.11983347	-0.32255697
chr17	44709113	5.8998976	4.265138	1.6347594	acetylated_beyond_accessibility	0.8548322	0.33828735	0.32412863
chr20	58550779	3.295837	1.6610425	1.6347945	acetylated_beyond_accessibility	1.5272596	0.10119414	0.05924356
chr20	47317443	6.4297194	4.7945933	1.6351261	acetylated_beyond_accessibility	-0.9917164	1.4110255	0.75985336
chr6	30617706	7.493317	5.858013	1.635304	acetylated_beyond_accessibility	1.5139074	1.0330596	1.6382413
chr17	30832612	5.976351	4.341026	1.635325	acetylated_beyond_accessibility	1.898726	0.7357273	0.517509
chr8	37748254	3.9512436	2.315631	1.6356127	acetylated_beyond_accessibility	1.5908871	0.4896381	0.12261057
chr10	59908620	5.8493247	4.213524	1.6358008	acetylated_beyond_accessibility	-0.91141105	0.763566	0.21838617
chr8	213435	2.7080503	1.0719252	1.6361251	acetylated_beyond_accessibility	2.051067	0.08147895	0.100625515
chr17	28866049	6.7511015	5.114885	1.6362166	acetylated_beyond_accessibility	-1.5538836	0.7946048	0.42472506
chr17	47225526	3.912023	2.275753	1.63627	acetylated_beyond_accessibility	0.31778836	0.41696644	0.19483423
chr6	143035363	4.7184987	3.0818615	1.6366372	acetylated_beyond_accessibility	-0.087266445	0.105448484	-0.029013634
chr10	100371303	6.163315	4.526443	1.6368718	acetylated_beyond_accessibility	-1.2046947	0.624866	0.33475637
chr17	75667182	5.605802	3.9689188	1.6368833	acetylated_beyond_accessibility	3.031927	1.3941798	0.97047853
chr18	12359738	3.988984	2.351964	1.6370201	acetylated_beyond_accessibility	-0.08606696	0.42924476	0.07087493
chr12	56646083	6.6280413	4.990705	1.6373363	acetylated_beyond_accessibility	-1.6234658	0.6511855	0.0013208389
chr17	16286313	6.410175	4.772317	1.6378579	acetylated_beyond_accessibility	-0.9152107	0.9877467	0.27845907
chr22	24727495	4.744932	3.10707	1.6378622	acetylated_beyond_accessibility	-0.649528	0.21633434	0.110398054
chr6	143757486	3.9512436	2.313348	1.6378956	acetylated_beyond_accessibility	0.9696088	0.63824797	0.31821465
chr12	110456764	3.4965076	1.8581338	1.6383739	acetylated_beyond_accessibility	0.105196476	0.3552084	-0.21121109
chr18	2303991	6.0282784	4.389576	1.6387024	acetylated_beyond_accessibility	-1.8445556	-0.11725378	0.3067999
chr6	37208189	4.962845	3.3235009	1.639344	acetylated_beyond_accessibility	-0.6204562	0.39741087	-0.11835837
chr17	74876167	6.6476884	5.008245	1.6394434	acetylated_beyond_accessibility	-1.9508216	0.37547922	0.29193163
chr17	70059244	3.5553482	1.915725	1.6396232	acetylated_beyond_accessibility	0.95745134	0.5842984	0.34097743
chr10	4883314	5.673323	4.0336895	1.6396337	acetylated_beyond_accessibility	-0.5969877	0.38044786	0.40270567
chr6	31665048	7.4764724	5.8361344	1.640338	acetylated_beyond_accessibility	0.17262173	1.2339225	0.21756458
chr12	94008014	3.2580965	1.6175238	1.6405727	acetylated_beyond_accessibility	1.9768168	0.88475335	0.13322103
chr17	82859903	5.0039463	3.3631	1.6408463	acetylated_beyond_accessibility	0.08004117	0.47531033	0.05979681
chr17	44898508	5.4161005	3.7740617	1.6420388	acetylated_beyond_accessibility	0.06797671	0.002699852	0.19386768
chr18	47184843	4.0430512	2.4009902	1.642061	acetylated_beyond_accessibility	1.5663278	0.95474577	1.0162418
chr7	1462842	5.8377304	4.1949573	1.6427732	acetylated_beyond_accessibility	-0.6939542	0.45378304	0.08377695
chr6	2853869	5.4026775	3.7597644	1.6429131	acetylated_beyond_accessibility	0.097034216	1.0553668	0.41015077
chr17	77163482	4.477337	2.8343801	1.6429567	acetylated_beyond_accessibility	0.53453326	0.5107398	-0.07867265
chr10	73992004	5.598422	3.9547806	1.6436415	acetylated_beyond_accessibility	-1.1042161	0.21846104	0.11022663
chr6	29814517	4.356709	2.712864	1.6438451	acetylated_beyond_accessibility	0.6257839	1.0859115	0.32590437
chr10	5079248	5.5093884	3.8653386	1.6440499	acetylated_beyond_accessibility	-1.306067	0.20964885	0.17450786
chr12	62977849	4.465908	2.8217266	1.6441815	acetylated_beyond_accessibility	0.6889324	1.0132782	0.6103525
chr10	26380906	3.4339871	1.7889066	1.6450806	acetylated_beyond_accessibility	1.4182537	0.09243071	0.18689525
chr17	1323513	4.0253515	2.3799143	1.6454372	acetylated_beyond_accessibility	0.6792557	-0.22542667	-0.28130913
chr12	121018393	4.276666	2.630992	1.6456742	acetylated_beyond_accessibility	1.9032593	1.0098505	0.54131985
chr6	123629701	4.2904596	2.644273	1.6461866	acetylated_beyond_accessibility	0.35998654	0.6716542	0.11974597
chr7	138226245	3.583519	1.9369004	1.6466186	acetylated_beyond_accessibility	0.72087145	0.6160042	0.02673924
chr17	69239011	3.637586	1.9901334	1.6474527	acetylated_beyond_accessibility	1.3229593	0.19891322	0.113919854
chr12	121590539	3.9702919	2.3226423	1.6476495	acetylated_beyond_accessibility	0.8424723	0.38217545	-0.28558993
chr10	45437697	3.5553482	1.9075229	1.6478252	acetylated_beyond_accessibility	0.8215153	0.27450705	-0.06544912
chr10	5071715	6.3613024	4.71337	1.6479325	acetylated_beyond_accessibility	-0.38403702	1.5297542	1.0052719
chr12	54472875	5.9322453	4.2832503	1.6489949	acetylated_beyond_accessibility	-0.5298729	1.1411161	0.2786579
chr8	100986491	5.587249	3.9377186	1.6495302	acetylated_beyond_accessibility	-0.7563071	1.2671726	0.65221286
chr21	34545451	4.158883	2.5082803	1.6506028	acetylated_beyond_accessibility	0.49679112	0.36425352	0.26953363
chr20	57448980	4.553877	2.9030168	1.6508601	acetylated_beyond_accessibility	0.70100236	0.64133716	0.310359
chr20	445119	4.2904596	2.6393704	1.6510892	acetylated_beyond_accessibility	1.0458078	0.6758199	1.0226734
chr17	15957393	4.0073333	2.355412	1.6519213	acetylated_beyond_accessibility	0.8200669	0.6164284	0.7502811
chr20	46619731	3.637586	1.9856532	1.651933	acetylated_beyond_accessibility	1.6353574	0.6826439	0.8320899
chr22	26642204	5.1474943	3.4950194	1.6524749	acetylated_beyond_accessibility	-1.0191145	0.4089036	-0.033292294
chr10	3811613	4.6051702	2.9525526	1.6526177	acetylated_beyond_accessibility	-0.33123732	0.31963062	0.09493828
chr20	49766072	5.9788857	4.3261614	1.6527243	acetylated_beyond_accessibility	-1.4264905	0.79289246	0.22183514
chr22	39949933	4.59512	2.9420376	1.6530824	acetylated_beyond_accessibility	-0.64592695	0.061566353	0.13429117
chr6	44064710	6.315358	4.6614027	1.6539555	acetylated_beyond_accessibility	-1.7170346	1.092668	0.35179043
chr10	28986518	4.304065	2.649947	1.6541183	acetylated_beyond_accessibility	-0.22238374	0.54195166	0.6525936
chr22	20867597	6.9660244	5.3117065	1.6543179	acetylated_beyond_accessibility	-2.0989447	0.7224903	0.35115433
chr6	40715968	4.727388	3.0728304	1.6545575	acetylated_beyond_accessibility	-0.23457837	0.6838174	0.14647913
chr6	150293660	4.5217886	2.8671255	1.6546631	acetylated_beyond_accessibility	0.51906776	1.1856861	0.63372755
chr22	39471972	5.2040067	3.548949	1.6550577	acetylated_beyond_accessibility	-0.5413451	-0.21318603	-0.41369653
chr10	22160377	3.8286414	2.1731322	1.6555092	acetylated_beyond_accessibility	0.4108312	0.50462484	0.22292161
chr17	48245027	4.6821313	3.0256686	1.6564627	acetylated_beyond_accessibility	0.050177336	0.6494093	0.21005535
chr22	17633414	6.35437	4.6973157	1.6570544	acetylated_beyond_accessibility	-1.4256825	0.87912846	0.21324444
chr17	6922956	4.3307333	2.6733308	1.6574025	acetylated_beyond_accessibility	0.035272837	0.049239635	0.008943796
chr6	108738137	4.394449	2.7369187	1.6575305	acetylated_beyond_accessibility	0.4532175	0.71846247	0.4491651
chr17	29721962	4.890349	3.2327743	1.6575747	acetylated_beyond_accessibility	0.28776503	0.26634455	0.04578376
chr8	9172886	5.7300997	4.072392	1.6577077	acetylated_beyond_accessibility	-1.1587474	0.3404665	-0.04121256
chr6	15996024	4.787492	3.1293764	1.6581154	acetylated_beyond_accessibility	0.10676026	1.2845187	0.625577
chr22	45314225	5.888878	4.230744	1.658134	acetylated_beyond_accessibility	1.0847559	0.7579775	0.31445026
chr21	33301299	4.477337	2.8190446	1.6582923	acetylated_beyond_accessibility	0.20669746	0.77851343	0.3289721
chr20	3210169	5.3471074	3.6886363	1.6584711	acetylated_beyond_accessibility	0.75636435	0.7006397	0.62754965
chr6	106098119	6.253829	4.595208	1.6586208	acetylated_beyond_accessibility	0.3270111	0.85345745	0.46507978
chr6	34657512	6.2822666	4.6231585	1.6591082	acetylated_beyond_accessibility	-0.9005871	0.7901635	0.5235596
chr20	44553401	3.988984	2.3292315	1.6597526	acetylated_beyond_accessibility	1.7642586	1.4088962	0.8185024
chr20	3209421	5.549076	3.8892286	1.6598475	acetylated_beyond_accessibility	1.9798734	0.9691322	0.8550694
chr12	108691145	7.219642	5.5597014	1.6599407	acetylated_beyond_accessibility	-3.1482065	0.24250078	0.1534996
chr17	50210529	4.477337	2.817257	1.66008	acetylated_beyond_accessibility	0.6870744	-0.028153896	0.020732403
chr7	44639166	5.4553213	3.7950392	1.6602821	acetylated_beyond_accessibility	-0.80147314	0.99492073	0.8560333
chr17	55567123	5.1474943	3.4870954	1.660399	acetylated_beyond_accessibility	-0.5934596	0.69934034	0.20092893
chr12	64457198	5.09375	3.4331722	1.6605778	acetylated_beyond_accessibility	0.38039875	1.2022781	0.14215279
chr20	38343512	4.8675346	3.2069438	1.6605909	acetylated_beyond_accessibility	-0.42435932	0.72027993	0.08164096
chr8	72106926	4.890349	3.2295198	1.6608291	acetylated_beyond_accessibility	-0.040816545	0.9971776	0.37413454
chr6	30590971	4.0943446	2.433478	1.6608665	acetylated_beyond_accessibility	1.169023	0.4736967	0.564625
chr18	9055315	3.8501477	2.1889002	1.6612475	acetylated_beyond_accessibility	0.16351295	0.07983279	0.017343044
chr10	104340793	5.9454207	4.2840357	1.661385	acetylated_beyond_accessibility	-1.5837975	0.6214361	0.48065138
chr10	117408637	5.620401	3.9590046	1.6613963	acetylated_beyond_accessibility	0.17153049	1.0530279	0.31869245
chr12	51246501	5.5174527	3.8559604	1.6614923	acetylated_beyond_accessibility	-0.026818037	1.0773888	1.1008973
chr17	69013665	3.8286414	2.165541	1.6631005	acetylated_beyond_accessibility	0.28304505	0.42482495	0.5584812
chr22	26589311	5.572154	3.908885	1.663269	acetylated_beyond_accessibility	0.21158361	0.24745655	-0.27696562
chr10	73989916	4.394449	2.7308812	1.663568	acetylated_beyond_accessibility	-0.013427496	0.64201117	0.2365644
chr12	56966471	3.6888795	2.0251698	1.6637096	acetylated_beyond_accessibility	0.7445104	0.019066572	0.4165125
chr10	96622561	4.7361984	3.0708022	1.6653962	acetylated_beyond_accessibility	0.41871047	0.63368464	0.49150324
chr20	9136297	4.8751974	3.2096717	1.6655257	acetylated_beyond_accessibility	-0.42282534	0.5555978	0.49206686
chr7	1882516	4.7706847	3.104969	1.6657157	acetylated_beyond_accessibility	-0.21977997	0.09765673	-0.14472842
chr8	67062184	7.3225102	5.6564803	1.6660299	acetylated_beyond_accessibility	-0.8064475	1.5049472	1.3168712
chr12	48152228	4.4426513	2.7765539	1.6660974	acetylated_beyond_accessibility	0.85706973	0.9657109	0.7092781
chr17	78274135	3.6888795	2.0226853	1.6661942	acetylated_beyond_accessibility	0.5993159	0.21574807	-0.049013972
chr17	29643526	3.9318256	2.2655175	1.6663082	acetylated_beyond_accessibility	0.46968794	0.10694814	-0.026405334
chr22	46241547	3.8918204	2.2250106	1.6668098	acetylated_beyond_accessibility	1.0968232	0.052276373	-0.01276207
chr20	829229	4.9416423	3.274526	1.6671164	acetylated_beyond_accessibility	-0.82320166	1.2311957	-0.025668144
chr22	37273795	3.637586	1.9704098	1.6671764	acetylated_beyond_accessibility	1.7245132	0.18959439	0.446226
chr20	53297063	5.0369525	3.3697398	1.6672127	acetylated_beyond_accessibility	-0.21571589	-0.100408554	0.41639566
chr8	101149940	6.6656837	4.9972925	1.6683912	acetylated_beyond_accessibility	-1.8914056	1.1876316	0.39655876
chr8	102568116	4.7791233	3.1103358	1.6687875	acetylated_beyond_accessibility	-0.025620699	1.5594392	0.90351534
chr17	28952431	6.788972	5.11997	1.669002	acetylated_beyond_accessibility	-0.8095393	1.0431833	0.34551334
chr8	144804955	4.4188404	2.749835	1.6690054	acetylated_beyond_accessibility	0.35024905	0.6448667	0.52128077
chr8	53768394	3.6109178	1.9417518	1.669166	acetylated_beyond_accessibility	1.6582848	1.3285261	0.96814215
chr21	43975636	4.204693	2.5354013	1.6692915	acetylated_beyond_accessibility	-0.14597774	0.6905656	-0.18869114
chr6	67895719	4.75359	3.0841887	1.6694014	acetylated_beyond_accessibility	-0.56026316	0.3260777	0.08262658
chr20	49767289	3.8066626	2.1370778	1.6695848	acetylated_beyond_accessibility	0.62040424	0.04400158	0.2129271
chr6	150297531	4.406719	2.7366543	1.6700649	acetylated_beyond_accessibility	0.92272973	0.33550715	0.638505
chr20	47607034	5.934894	4.264713	1.6701813	acetylated_beyond_accessibility	-1.6619611	0.32159376	0.31490564
chr18	9101884	5.771441	4.100757	1.6706839	acetylated_beyond_accessibility	0.45523167	0.6753478	0.47870016
chr8	23514563	5.09375	3.4227598	1.6709902	acetylated_beyond_accessibility	-0.14289999	0.59967685	0.33970046
chr6	154514050	5.049856	3.3783972	1.671459	acetylated_beyond_accessibility	-1.1049716	0.45695853	0.113119364
chr22	39967639	3.8286414	2.1571765	1.6714649	acetylated_beyond_accessibility	0.84825945	0.14351988	0.13313794
chr17	17418031	4.394449	2.7229505	1.6714988	acetylated_beyond_accessibility	0.08369923	-0.026947975	0.086964846
chr17	42820139	3.3672957	1.6956785	1.6716173	acetylated_beyond_accessibility	0.38928723	-0.04613912	-0.07412553
chr10	129114794	4.0775375	2.405619	1.6719186	acetylated_beyond_accessibility	0.23918366	0.21965885	0.11305332
chr18	57659733	4.882802	3.2104707	1.6723313	acetylated_beyond_accessibility	0.46676636	1.2292199	0.425411
chr10	133305327	5.5174527	3.8448546	1.6725981	acetylated_beyond_accessibility	-0.8508878	0.69059825	0.46036315
chr10	13417704	5.857933	4.185214	1.672719	acetylated_beyond_accessibility	-1.0369413	0.3409338	0.025709629
chr10	70667267	6.2422233	4.5694833	1.67274	acetylated_beyond_accessibility	-1.3194604	0.6518817	0.7115874
chr12	8996895	3.0445225	1.3716925	1.67283	acetylated_beyond_accessibility	1.4765311	0.6079905	0.5249356
chr22	28560358	5.1416636	3.468576	1.6730876	acetylated_beyond_accessibility	0.44099927	0.7716074	0.7332063
chr8	38092313	6.568078	4.894875	1.673203	acetylated_beyond_accessibility	-1.2531729	0.3411126	0.24763441
chr20	22414478	5.030438	3.3570948	1.6733432	acetylated_beyond_accessibility	-1.221328	0.1631155	0.23563004
chr22	36480263	5.8318825	4.158318	1.6735644	acetylated_beyond_accessibility	-0.15871906	0.3922162	0.11551428
chr6	14473242	3.8501477	2.1765275	1.6736202	acetylated_beyond_accessibility	2.1683226	0.6104269	0.6801977
chr12	122592824	3.218876	1.5451989	1.673677	acetylated_beyond_accessibility	0.81779337	0.22105801	0.27269816
chr18	46061671	5.043425	3.3692641	1.674161	acetylated_beyond_accessibility	-0.5020757	0.47858262	0.24782658
chr17	1723228	3.5263605	1.8521941	1.6741664	acetylated_beyond_accessibility	0.031614542	0.25408196	-0.37363124
chr17	78027259	4.060443	2.3861084	1.6743345	acetylated_beyond_accessibility	-0.083744526	0.17272472	0.2561593
chr10	92486864	4.0253515	2.350331	1.6750205	acetylated_beyond_accessibility	0.25776362	0.16130114	0.394171
chr6	158869615	7.0958934	5.420827	1.6750665	acetylated_beyond_accessibility	0.038449764	0.39231348	0.34962606
chr7	2956760	6.1441855	4.4690404	1.6751451	acetylated_beyond_accessibility	-1.1793272	1.5955443	0.49924707
chr17	7228167	3.7612002	2.0853848	1.6758153	acetylated_beyond_accessibility	1.5655417	0.24020767	0.59229684
chr12	6430737	5.2832036	3.6073875	1.675816	acetylated_beyond_accessibility	0.60690975	0.8312788	1.0774536
chr8	129315256	4.189655	2.513537	1.6761179	acetylated_beyond_accessibility	-0.5059669	0.10278869	0.12422395
chr22	42648525	4.8202815	3.143177	1.6771045	acetylated_beyond_accessibility	0.3804865	0.3192973	-0.19043517
chr18	35688941	3.8918204	2.2144732	1.6773472	acetylated_beyond_accessibility	0.4839759	1.4719706	0.36264086
chr6	14271174	4.477337	2.7999685	1.6773684	acetylated_beyond_accessibility	0.15798497	-0.48298645	0.01804614
chr17	33925842	3.5553482	1.8778789	1.6774693	acetylated_beyond_accessibility	0.25330472	0.26948333	0.056198
chr6	28267291	5.768321	4.0904036	1.6779175	acetylated_beyond_accessibility	-0.8608749	0.30616045	-0.015918732
chr17	45253348	5.220356	3.5421782	1.6781778	acetylated_beyond_accessibility	-0.9076278	0.33671856	-0.12688756
chr17	77071632	5.389072	3.7108793	1.6781926	acetylated_beyond_accessibility	-0.8674629	0.21742487	-0.16128588
chr6	47135897	4.644391	2.9659443	1.6784468	acetylated_beyond_accessibility	0.8135178	0.5549965	0.6071601
chr8	95089054	4.465908	2.786669	1.679239	acetylated_beyond_accessibility	-0.44901228	-0.0459733	-0.16646004
chr10	126253424	2.944439	1.2651875	1.6792514	acetylated_beyond_accessibility	1.4769976	0.27309096	0.60137105
chr8	38136018	4.0775375	2.398022	1.6795156	acetylated_beyond_accessibility	0.5242171	0.70096755	0.29202175
chr17	44087574	4.8121843	3.1326566	1.6795278	acetylated_beyond_accessibility	-0.30355334	0.61216307	-0.40403652
chr17	67994460	5.220356	3.5397673	1.6805887	acetylated_beyond_accessibility	-0.3020103	0.56172323	-0.22028589
chr10	90800458	3.8066626	2.1258733	1.6807892	acetylated_beyond_accessibility	0.957361	1.149517	0.3618052
chr22	47107626	2.944439	1.2634141	1.6810248	acetylated_beyond_accessibility	1.3389621	0.25587332	0.13465798
chr18	50310338	3.465736	1.7839131	1.6818228	acetylated_beyond_accessibility	1.1888897	0.6768024	0.7917869
chr10	95266895	4.1108737	2.428804	1.6820698	acetylated_beyond_accessibility	0.97032547	0.61965084	0.10217786
chr6	39226054	6.461468	4.779248	1.68222	acetylated_beyond_accessibility	-1.3177793	1.2060966	0.4313898
chr7	92809885	5.9532433	4.2707686	1.6824746	acetylated_beyond_accessibility	1.4119792	2.0730276	1.5539594
chr17	75124566	6.0497336	4.3671746	1.682559	acetylated_beyond_accessibility	-0.7325773	1.3261857	0.5343671
chr8	29175611	5.09375	3.411086	1.6826639	acetylated_beyond_accessibility	-0.6806321	1.2595873	0.45000196
chr17	28865434	6.846943	5.1629963	1.6839466	acetylated_beyond_accessibility	-1.2129126	1.2115498	0.29487038
chr18	54871421	3.5263605	1.842087	1.6842735	acetylated_beyond_accessibility	0.38728786	-0.055621862	-0.110928655
chr6	14713121	4.304065	2.619493	1.6845722	acetylated_beyond_accessibility	-0.15135121	-0.05724883	0.1497972
chr20	33257415	3.7376697	2.0526354	1.6850343	acetylated_beyond_accessibility	0.5558567	0.43579698	-0.013356447
chr7	75842801	5.484797	3.7997622	1.6850348	acetylated_beyond_accessibility	-1.0832417	0.7667866	0.041815042
chr7	64849950	5.3471074	3.6620069	1.6851006	acetylated_beyond_accessibility	-0.53503585	0.59996176	0.33731484
chr12	118319834	3.4965076	1.8107983	1.6857094	acetylated_beyond_accessibility	1.1696211	0.6712893	0.7295536
chr17	68011322	3.8286414	2.1428146	1.6858268	acetylated_beyond_accessibility	0.68532896	0.45523787	-0.24808097
chr17	68438207	5.7430034	4.055806	1.6871972	acetylated_beyond_accessibility	0.9359455	0.6380229	0.23188019
chr21	46188949	5.3936276	3.7062995	1.6873281	acetylated_beyond_accessibility	-0.44314504	0.57572675	0.31244445
chr18	8893420	5.043425	3.3554904	1.6879346	acetylated_beyond_accessibility	-1.4756716	0.45872188	0.053251743
chr17	43721730	3.9512436	2.2631443	1.6880994	acetylated_beyond_accessibility	1.7696955	0.61931634	0.453712
chr8	143206666	3.4965076	1.8083775	1.6881301	acetylated_beyond_accessibility	1.5768008	-0.0094025135	0.0020350218
chr20	9147969	4.1108737	2.4225314	1.6883423	acetylated_beyond_accessibility	0.2040019	0.5112939	0.40224862
chr22	19458077	3.8286414	2.1396494	1.688992	acetylated_beyond_accessibility	0.60535383	0.29318047	0.16112328
chr10	3095676	6.6883545	4.9990296	1.6893249	acetylated_beyond_accessibility	-1.0715823	1.0556417	0.48477888
chr22	36468208	4.3307333	2.6412632	1.68947	acetylated_beyond_accessibility	0.243078	-0.052137136	-0.17566943
chr10	6473920	5.8777356	4.1882334	1.6895022	acetylated_beyond_accessibility	-1.0084767	0.020777702	0.24557018
chr18	8942558	3.9512436	2.2615156	1.689728	acetylated_beyond_accessibility	-0.08900094	0.07074547	-0.075922966
chr12	10366225	4.65396	2.9640455	1.6899147	acetylated_beyond_accessibility	-0.20896578	0.34997892	0.2004807
chr12	8081447	5.891644	4.201721	1.6899228	acetylated_beyond_accessibility	0.29531193	0.51030254	0.40552473
chr7	116465953	4.7791233	3.0890357	1.6900876	acetylated_beyond_accessibility	-0.12140751	1.79968	0.4720385
chr10	130138653	4.477337	2.787095	1.6902418	acetylated_beyond_accessibility	0.5310707	0.9937568	0.14124584
chr20	53332635	4.644391	2.9540486	1.6903424	acetylated_beyond_accessibility	-0.49296284	0.37533593	0.08612132
chr20	38342854	4.5217886	2.8310351	1.6907535	acetylated_beyond_accessibility	-0.05959916	0.59580016	0.17403412
chr20	49926100	3.3322046	1.6407142	1.6914904	acetylated_beyond_accessibility	1.7393489	1.2111285	0.8896797
chr7	45769055	5.123964	3.4318037	1.6921601	acetylated_beyond_accessibility	1.96943	0.6334071	0.27421618
chr17	81684440	6.0497336	4.3573813	1.6923523	acetylated_beyond_accessibility	0.4814496	1.3790259	1.2215238
chr8	212446	2.8332133	1.1404951	1.6927183	acetylated_beyond_accessibility	0.98063636	0.3713913	0.26340437
chr6	34723440	4.59512	2.9022207	1.6928992	acetylated_beyond_accessibility	-0.11694789	0.31613183	0.3289516
chr12	18683769	3.6635616	1.9705034	1.6930581	acetylated_beyond_accessibility	0.5969585	1.0466198	0.6231383
chr6	73461762	6.3117347	4.61863	1.6931047	acetylated_beyond_accessibility	-1.0275862	1.2759247	-0.03768444
chr10	48410713	3.295837	1.6024823	1.6933546	acetylated_beyond_accessibility	0.54092836	0.40838814	0.4178133
chr8	144767533	3.9512436	2.2578576	1.6933861	acetylated_beyond_accessibility	0.88955736	0.777848	0.6877525
chr8	53727888	4.276666	2.582602	1.6940641	acetylated_beyond_accessibility	0.13729501	0.58647776	0.39020061
chr10	49299744	7.041412	5.346933	1.694479	acetylated_beyond_accessibility	-2.8083606	0.3241315	0.07611704
chr18	8994623	4.4426513	2.7477915	1.6948597	acetylated_beyond_accessibility	-0.5357115	1.0631468	0.4409256
chr12	132828813	6.508769	4.813813	1.6949558	acetylated_beyond_accessibility	-0.21689129	0.46145916	0.30009508
chr12	127121035	3.5553482	1.8595963	1.6957519	acetylated_beyond_accessibility	0.5882981	0.5421672	0.3840785
chr21	32300454	3.3672957	1.6712583	1.6960374	acetylated_beyond_accessibility	2.4490528	1.4099363	1.7964982
chr6	125086882	4.406719	2.7105298	1.6961894	acetylated_beyond_accessibility	-0.3408563	0.51216173	0.19020367
chr7	6016161	5.866468	4.1697693	1.6966987	acetylated_beyond_accessibility	-1.4458542	0.37776375	0.26285744
chr10	102854376	5.652489	3.9551501	1.697339	acetylated_beyond_accessibility	0.15845537	1.4520917	0.1220665
chr8	129971911	6.2822666	4.584909	1.6973577	acetylated_beyond_accessibility	-0.25256062	1.4146738	0.52259874
chr17	78986966	5.525453	3.8278918	1.6975613	acetylated_beyond_accessibility	0.5569892	0.8746948	0.65267897
chr20	29884565	5.192957	3.4953897	1.6975672	acetylated_beyond_accessibility	-1.4471958	0.6643665	0.4614625
chr22	38240839	4.4426513	2.7449117	1.6977396	acetylated_beyond_accessibility	0.08023071	0.3329811	0.12756872
chr22	39845334	3.871201	2.171764	1.6994371	acetylated_beyond_accessibility	0.7577596	0.15092039	0.14544225
chr6	111264036	4.204693	2.5049984	1.6996944	acetylated_beyond_accessibility	0.4980812	0.95187616	0.69832444
chr6	70394201	5.220356	3.5201406	1.7002153	acetylated_beyond_accessibility	-0.7833333	1.0435977	0.36385942
chr17	78083207	4.1743875	2.4737964	1.7005911	acetylated_beyond_accessibility	0.19271731	-0.030786991	-0.19843459
chr20	3806079	4.2341065	2.533162	1.7009444	acetylated_beyond_accessibility	0.3129828	1.0858579	0.7220335
chr12	122368635	4.406719	2.7056222	1.701097	acetylated_beyond_accessibility	0.87571764	0.42246437	0.020117044
chr10	97879434	3.637586	1.9342265	1.7033596	acetylated_beyond_accessibility	1.1240532	-0.2508917	0.21411371
chr10	11898531	7.0535855	5.350004	1.7035813	acetylated_beyond_accessibility	-1.4920461	0.81104946	0.38655043
chr10	75211575	6.0684257	4.363993	1.7044325	acetylated_beyond_accessibility	-1.2491765	0.51677084	0.0118665695
chr18	711847	6.3044486	4.599833	1.7046156	acetylated_beyond_accessibility	-0.27817106	1.445621	0.14385557
chr6	27777914	5.8021183	4.097456	1.7046623	acetylated_beyond_accessibility	-0.9321215	1.0126357	-0.027339458
chr12	576276	4.564348	2.858662	1.7056863	acetylated_beyond_accessibility	1.1571271	-0.4538312	-0.49787784
chr6	21987304	4.553877	2.847161	1.7067158	acetylated_beyond_accessibility	0.79634094	0.8708017	0.14995694
chr17	28033851	5.4595857	3.7528543	1.7067313	acetylated_beyond_accessibility	0.5647154	0.6188884	0.5781417
chr10	45848611	2.3978953	0.69098365	1.7069117	acetylated_beyond_accessibility	2.0935512	-0.07342756	0.20442694
chr21	32545880	6.0185933	4.3114944	1.707099	acetylated_beyond_accessibility	-1.2127335	0.45837116	0.38642883
chr6	44001492	4.2195077	2.5124054	1.7071023	acetylated_beyond_accessibility	0.46202826	0.26389456	0.106319904
chr17	33923806	4.26268	2.5552363	1.7074437	acetylated_beyond_accessibility	-0.1276555	-0.070524216	-0.23356438
chr10	79350061	4.3307333	2.623079	1.7076542	acetylated_beyond_accessibility	0.5458317	0.41440845	0.2683773
chr7	38342361	4.7706847	3.0626557	1.708029	acetylated_beyond_accessibility	-1.227362	0.14553285	-0.18020225
chr7	100844965	3.637586	1.9292716	1.7083145	acetylated_beyond_accessibility	1.1453906	-0.1907717	0.0017960072
chr22	49945403	3.4011974	1.69207	1.7091274	acetylated_beyond_accessibility	2.8263497	-0.11430061	-0.6704364
chr7	6430425	3.5263605	1.8166485	1.709712	acetylated_beyond_accessibility	0.426553	0.4198432	-0.001109004
chr6	150271596	6.736967	5.026907	1.7100601	acetylated_beyond_accessibility	-2.4848652	0.41848516	0.19756985
chr6	31665906	7.0875735	5.3772993	1.7102742	acetylated_beyond_accessibility	1.5935373	0.85258484	0.026924133
chr22	41825440	3.988984	2.2772565	1.7117276	acetylated_beyond_accessibility	1.3048477	0.16299152	0.14732504
chr6	26296096	6.680855	4.968497	1.712358	acetylated_beyond_accessibility	-2.1595693	0.9754734	0.5246272
chr18	79504737	4.394449	2.681639	1.7128103	acetylated_beyond_accessibility	-0.12303448	0.61379266	-0.24496865
chr6	84075209	4.1108737	2.3975906	1.7132831	acetylated_beyond_accessibility	1.2714479	1.415946	0.3566935
chr10	12057017	4.0253515	2.3111858	1.7141657	acetylated_beyond_accessibility	0.621258	0.05768466	0.06410885
chr20	30669592	3.5263605	1.8104954	1.7158651	acetylated_beyond_accessibility	0.041781425	-0.77108335	0.106454134
chr7	603583	6.0306854	4.314671	1.7160144	acetylated_beyond_accessibility	-1.6757922	0.5680127	-0.14140701
chr10	119517791	4.75359	3.0369184	1.7166717	acetylated_beyond_accessibility	0.58588433	0.27391315	0.25146317
chr7	103347799	6.369901	4.653164	1.7167373	acetylated_beyond_accessibility	-1.0512898	1.0942693	0.25075245
chr12	6644448	3.5553482	1.8383063	1.7170419	acetylated_beyond_accessibility	1.0051879	0.33703816	0.21785414
chr20	49785931	4.6821313	2.9649794	1.7171519	acetylated_beyond_accessibility	-0.3882296	0.19270086	0.025669813
chr7	50347025	3.9702919	2.253076	1.7172158	acetylated_beyond_accessibility	1.6037686	0.8595381	0.41707087
chr12	9793669	4.0943446	2.3763099	1.7180347	acetylated_beyond_accessibility	0.22391915	0.60999393	0.29999352
chr7	29791473	2.5649493	0.8467181	1.7182312	acetylated_beyond_accessibility	2.0528266	0.5415362	0.20015717
chr12	10363510	5.710427	3.9921107	1.7183161	acetylated_beyond_accessibility	0.7135987	0.40656328	0.57714844
chr6	130980450	4.4188404	2.7004418	1.7183986	acetylated_beyond_accessibility	0.44714522	0.50773764	0.40041566
chr6	20811495	5.1298985	3.4108331	1.7190654	acetylated_beyond_accessibility	-0.17667508	1.1845119	0.16163564
chr22	30423031	6.126869	4.407404	1.7194653	acetylated_beyond_accessibility	-0.31258154	1.0394392	0.19682503
chr17	7020081	4.304065	2.5845633	1.719502	acetylated_beyond_accessibility	-0.43703747	-0.44587898	-0.4986558
chr10	17244959	3.4965076	1.7761973	1.7203103	acetylated_beyond_accessibility	0.7871541	0.43004167	0.43197072
chr6	13307786	4.691348	2.9706757	1.7206724	acetylated_beyond_accessibility	2.0481164	0.96770096	0.6974945
chr17	22090596	5.198497	3.4776778	1.720819	acetylated_beyond_accessibility	-0.9328666	0.6749978	-0.19977522
chr8	142950809	2.8903718	1.1693143	1.7210575	acetylated_beyond_accessibility	1.6789654	1.0285469	0.6105969
chr7	44992213	4.9972124	3.2754564	1.721756	acetylated_beyond_accessibility	-0.7130153	0.17766762	0.13271308
chr6	5294783	5.659482	3.9376702	1.7218118	acetylated_beyond_accessibility	-0.39776945	1.1964264	0.4218173
chr17	79831027	6.0402546	4.3175874	1.7226672	acetylated_beyond_accessibility	-1.514739	0.091986656	-0.37410665
chr17	4834875	5.521461	3.7986536	1.7228074	acetylated_beyond_accessibility	-0.7274287	1.1551266	0.43201733
chr6	37630530	3.9702919	2.247071	1.7232208	acetylated_beyond_accessibility	1.2328837	0.77300286	0.8230734
chr12	106289119	4.624973	2.9014595	1.7235134	acetylated_beyond_accessibility	0.9978976	0.63343215	0.48726583
chr7	25849871	4.1271343	2.4019475	1.7251868	acetylated_beyond_accessibility	0.6556418	0.6759677	0.38297558
chr20	50382330	3.912023	2.1867938	1.7252293	acetylated_beyond_accessibility	0.20417857	0.99919367	0.20463419
chr20	40498288	4.1271343	2.401135	1.7259994	acetylated_beyond_accessibility	1.4901235	0.00696826	0.79798293
chr7	108489262	4.1431346	2.4170218	1.7261128	acetylated_beyond_accessibility	1.1397939	0.56552076	0.37814903
chr7	132815905	3.871201	2.1435947	1.7276063	acetylated_beyond_accessibility	0.736964	0.818315	0.21551538
chr22	39919058	3.7612002	2.0334597	1.7277405	acetylated_beyond_accessibility	-0.054863214	0.23467016	0.023890018
chr18	3213748	4.356709	2.6285229	1.7281861	acetylated_beyond_accessibility	0.79985714	0.6968756	0.17156553
chr17	48831222	5.7004437	3.9721017	1.728342	acetylated_beyond_accessibility	1.193996	0.94060946	0.09376478
chr7	101137302	4.6051702	2.876678	1.7284923	acetylated_beyond_accessibility	-0.057297945	-0.12699223	-0.102953196
chr22	36335108	5.463832	3.7352107	1.7286212	acetylated_beyond_accessibility	0.49323392	0.0398376	0.5393927
chr6	40138597	4.59512	2.8662956	1.7288244	acetylated_beyond_accessibility	0.50974345	0.51131105	0.29432225
chr18	79218085	3.4339871	1.7051239	1.7288632	acetylated_beyond_accessibility	1.7774358	0.9868076	0.7716732
chr17	34961639	6.2422233	4.5127788	1.7294445	acetylated_beyond_accessibility	1.8227162	1.4396496	1.2604709
chr8	98613015	3.8066626	2.076924	1.7297385	acetylated_beyond_accessibility	1.0962405	1.0936141	0.7895098
chr17	48241002	5.6970935	3.9673324	1.7297611	acetylated_beyond_accessibility	-0.70630956	0.83527994	0.4593873
chr12	47056029	3.6635616	1.9331965	1.730365	acetylated_beyond_accessibility	2.3634381	0.34103394	0.2154026
chr18	9688418	4.787492	3.0566306	1.7308612	acetylated_beyond_accessibility	-0.09477043	0.86733246	0.6227524
chr6	136901260	5.0039463	3.2711215	1.7328248	acetylated_beyond_accessibility	0.767859	0.54854965	0.79199886
chr17	40054588	5.894403	4.160629	1.7337742	acetylated_beyond_accessibility	0.2691636	1.2446527	0.42659235
chr6	84270219	5.891644	4.1572843	1.7343597	acetylated_beyond_accessibility	-0.8118708	0.6417079	0.09986973
chr12	123089374	5.123964	3.3888574	1.7351065	acetylated_beyond_accessibility	-0.49182558	0.2385683	0.23425603
chr6	7124953	4.0775375	2.3414817	1.7360559	acetylated_beyond_accessibility	0.2409203	0.6440034	0.2823782
chr8	105975772	4.574711	2.8386052	1.7361057	acetylated_beyond_accessibility	-0.025979996	0.59089947	0.15098453
chr10	106941868	4.8751974	3.1389267	1.7362707	acetylated_beyond_accessibility	-0.36628842	0.6403384	0.029210329
chr22	31064206	5.3565865	3.619091	1.7374954	acetylated_beyond_accessibility	-1.1601229	0.22713375	-0.20649767
chr12	48410102	3.6888795	1.9510354	1.7378441	acetylated_beyond_accessibility	0.62345326	0.13040078	0.149984
chr12	10361180	4.3438053	2.6057615	1.7380438	acetylated_beyond_accessibility	-0.1920793	0.593441	0.13308024
chr7	6991354	3.7376697	1.9994614	1.7382083	acetylated_beyond_accessibility	3.0553834	1.658746	0.39686346
chr10	17216628	6.0185933	4.2801213	1.738472	acetylated_beyond_accessibility	-0.6378505	0.97246695	0.41110468
chr21	43884318	6.5250297	4.786549	1.7384806	acetylated_beyond_accessibility	-1.7108316	0.22202969	-0.039993286
chr12	123126720	4.9416423	3.2031417	1.7385006	acetylated_beyond_accessibility	0.635036	1.6971936	0.8412576
chr10	97415130	5.549076	3.8100102	1.7390659	acetylated_beyond_accessibility	-0.94781184	0.14732909	-0.3119123
chr22	35377107	5.398163	3.6581757	1.7399871	acetylated_beyond_accessibility	1.4255116	1.9379957	1.6850688
chr6	43631395	6.937314	5.196846	1.740468	acetylated_beyond_accessibility	-1.4315193	0.16106367	0.27345276
chr12	52949893	6.72263	4.981982	1.7406478	acetylated_beyond_accessibility	-1.0968072	1.13517	0.43287086
chr17	41938571	5.1416636	3.4007206	1.740943	acetylated_beyond_accessibility	-0.4219978	0.0012388229	0.10733652
chr20	2985566	3.0445225	1.3027794	1.7417431	acetylated_beyond_accessibility	1.4381535	0.5644133	0.4012618
chr10	45411027	5.3423343	3.5998023	1.742532	acetylated_beyond_accessibility	-0.98415446	1.0765483	0.16889882
chr7	22647650	4.1743875	2.4316325	1.7427549	acetylated_beyond_accessibility	1.7173133	1.101944	0.5451565
chr10	17426050	6.562444	4.818941	1.7435031	acetylated_beyond_accessibility	-0.19782639	0.5579605	0.5499296
chr6	42197943	6.4441314	4.700076	1.7440553	acetylated_beyond_accessibility	-0.67274284	0.5813689	0.61662483
chr22	38266300	4.454347	2.710218	1.7441292	acetylated_beyond_accessibility	0.50811934	0.28734398	-0.08598018
chr12	42426960	5.5412636	3.7969055	1.7443581	acetylated_beyond_accessibility	-0.041959047	1.5600872	0.56387043
chr17	57406763	4.2195077	2.4742045	1.7453032	acetylated_beyond_accessibility	2.026527	0.79805183	0.58402944
chr10	38003195	5.267858	3.5224488	1.7454093	acetylated_beyond_accessibility	0.005184889	0.24918342	0.13792896
chr7	5704646	3.713572	1.9680535	1.7455186	acetylated_beyond_accessibility	0.9487065	0.28413737	0.49302852
chr10	100267840	5.236442	3.490897	1.7455451	acetylated_beyond_accessibility	2.1897805	0.15382433	0.24751592
chr17	78819136	3.583519	1.8378215	1.7456975	acetylated_beyond_accessibility	0.8360102	0.37979698	0.09869552
chr20	51617513	4.574711	2.828452	1.7462587	acetylated_beyond_accessibility	1.2743301	1.0684085	0.3148396
chr10	3317906	3.5263605	1.779633	1.7467275	acetylated_beyond_accessibility	1.0098937	-0.04865563	0.1542145
chr12	23559344	5.420535	3.6735368	1.7469983	acetylated_beyond_accessibility	-0.60578394	0.64872456	0.2312665
chr7	99552140	5.365976	3.6185336	1.7474422	acetylated_beyond_accessibility	-0.11673164	0.8983712	0.2541759
chr7	65967938	3.871201	2.1236691	1.7475319	acetylated_beyond_accessibility	1.1229563	0.39458752	0.48769975
chr10	48470344	7.337588	5.5896015	1.7479863	acetylated_beyond_accessibility	-2.5628977	0.42068005	0.028404236
chr6	28709823	7.1057863	5.3572497	1.7485366	acetylated_beyond_accessibility	-0.79867554	1.1706161	0.74701166
chr6	37049018	6.393591	4.645039	1.7485518	acetylated_beyond_accessibility	-1.7277112	0.410419	0.38050604
chr12	25615229	3.4011974	1.6522099	1.7489876	acetylated_beyond_accessibility	0.8641814	1.1608604	0.9940437
chr17	58787101	4.553877	2.804565	1.7493119	acetylated_beyond_accessibility	-0.85224783	0.29003954	0.15030646
chr6	41961874	5.4553213	3.705814	1.7495074	acetylated_beyond_accessibility	-0.37525964	1.2266684	0.52004004
chr20	23148013	6.543912	4.794404	1.7495079	acetylated_beyond_accessibility	-1.4146574	0.95774937	0.5093937
chr10	80158780	5.0106354	3.2610497	1.7495856	acetylated_beyond_accessibility	-1.1128819	0.1102097	-0.039101124
chr18	22466216	5.1474943	3.3976452	1.7498491	acetylated_beyond_accessibility	0.103174925	1.3658206	0.50796723
chr10	95394273	4.4308167	2.6809144	1.7499022	acetylated_beyond_accessibility	1.2547309	1.0643075	1.0348368
chr22	26493637	6.381816	4.631759	1.7500567	acetylated_beyond_accessibility	-0.71569633	0.8598571	0.4347868
chr21	37338971	5.8998976	4.1498246	1.750073	acetylated_beyond_accessibility	-0.49663854	1.2017999	0.68276644
chr17	39200171	6.795706	5.0453115	1.7503943	acetylated_beyond_accessibility	0.6944146	1.1123948	0.7708621
chr10	30349191	6.1180973	4.367158	1.7509394	acetylated_beyond_accessibility	0.48099995	0.79555225	0.39964056
chr6	15569321	6.175867	4.4246955	1.7511716	acetylated_beyond_accessibility	-1.1052568	0.4269104	0.3004365
chr17	33931511	5.365976	3.6146116	1.7513642	acetylated_beyond_accessibility	-1.0070632	0.21602249	-0.02974081
chr6	26956677	4.6821313	2.9306185	1.7515128	acetylated_beyond_accessibility	-0.7379978	-0.5140071	-0.74507594
chr21	29357048	3.7841897	2.0326715	1.7515182	acetylated_beyond_accessibility	1.4489188	0.1941185	0.4127879
chr17	44907405	5.062595	3.3110366	1.7515583	acetylated_beyond_accessibility	-0.8546903	-0.23110342	-0.1962471
chr10	42646293	6.2186003	4.466982	1.7516184	acetylated_beyond_accessibility	-1.2226019	0.80927277	0.40223217
chr12	47236534	3.295837	1.5429054	1.7529315	acetylated_beyond_accessibility	1.4019295	0.33770084	0.14791572
chr7	157387360	4.1743875	2.4208803	1.7535071	acetylated_beyond_accessibility	1.3278704	1.2457533	0.5614488
chr20	31686578	4.5849676	2.8313096	1.753658	acetylated_beyond_accessibility	-0.1588757	0.5133138	0.1601789
chr12	1500438	5.6970935	3.9426484	1.7544451	acetylated_beyond_accessibility	-0.07595062	0.29309845	0.32127714
chr20	45808905	3.637586	1.8824927	1.7550935	acetylated_beyond_accessibility	0.67757475	0.1837827	-0.009375811
chr7	699378	4.3694477	2.614099	1.7553487	acetylated_beyond_accessibility	0.091401815	-0.5474243	-0.1592114
chr17	2336511	5.902633	4.1470385	1.7555947	acetylated_beyond_accessibility	2.5837011	0.64848995	0.72271585
chr17	17825342	5.560682	3.804626	1.7560558	acetylated_beyond_accessibility	-0.9970832	0.4175248	-0.15469337
chr12	7938395	4.406719	2.6504698	1.7562494	acetylated_beyond_accessibility	0.8400829	0.36983252	0.008625507
chr7	28037461	4.5108595	2.7545846	1.7562749	acetylated_beyond_accessibility	0.099051476	1.9095566	0.48632264
chr22	39920413	4.8751974	3.1185732	1.7566242	acetylated_beyond_accessibility	0.44462824	0.3482027	0.703264
chr6	161407816	3.8066626	2.0497968	1.7568657	acetylated_beyond_accessibility	1.0033848	0.42714024	0.3163247
chr7	158782616	3.2580965	1.5000304	1.758066	acetylated_beyond_accessibility	1.6894749	0.6092583	0.5507432
chr22	44027049	5.3565865	3.5978851	1.7587013	acetylated_beyond_accessibility	-0.2507825	0.63415575	0.36321092
chr8	87874082	4.6151204	2.8554869	1.7596335	acetylated_beyond_accessibility	1.1282585	0.7298372	0.55927014
chr6	78866686	4.59512	2.8345602	1.7605598	acetylated_beyond_accessibility	-0.16762638	0.91687083	0.15998936
chr17	46795703	5.5053315	3.7446008	1.7607307	acetylated_beyond_accessibility	-0.8524792	1.055623	0.06331706
chr6	51052912	4.0073333	2.2463017	1.7610316	acetylated_beyond_accessibility	0.72449565	-0.19442272	0.1498549
chr17	29706882	5.075174	3.313612	1.7615619	acetylated_beyond_accessibility	-0.24622703	-0.28361416	-0.019790888
chr12	93090177	4.5325994	2.770595	1.7620044	acetylated_beyond_accessibility	0.507581	0.7917752	0.5542426
chr22	25853699	4.2904596	2.5281665	1.7622931	acetylated_beyond_accessibility	0.81674933	1.0344617	0.73616195
chr12	112006051	5.3612924	3.5986037	1.7626886	acetylated_beyond_accessibility	0.3934741	0.8538251	0.3852284
chr7	154676518	6.3733196	4.609957	1.7633624	acetylated_beyond_accessibility	-0.49683094	0.95792866	0.14546204
chr6	157420745	3.2580965	1.4943743	1.7637222	acetylated_beyond_accessibility	1.8785563	0.85496426	0.6157763
chr17	76180054	4.828314	3.0643072	1.7640066	acetylated_beyond_accessibility	0.08533788	1.0714679	0.15391016
chr17	82468977	3.3672957	1.6021357	1.7651601	acetylated_beyond_accessibility	1.973424	0.36307108	0.22549784
chr20	47358916	6.979145	5.213205	1.7659402	acetylated_beyond_accessibility	-2.1254702	0.36896038	0.12225342
chr17	13513231	4.5325994	2.7661085	1.7664909	acetylated_beyond_accessibility	-0.10869551	0.9338832	-0.04466057
chr10	33050355	3.988984	2.2223952	1.7665889	acetylated_beyond_accessibility	0.21991777	0.08758426	0.24757338
chr22	47645569	4.304065	2.5372152	1.76685	acetylated_beyond_accessibility	-0.08071327	0.06978369	0.11524844
chr8	85961844	4.9767337	3.209351	1.7673826	acetylated_beyond_accessibility	-0.15604734	0.42278004	0.20244503
chr18	3595592	7.1514854	5.3824344	1.7690511	acetylated_beyond_accessibility	-1.1406226	0.8338275	0.9221029
chr20	50504597	4.3820267	2.6124275	1.7695992	acetylated_beyond_accessibility	-0.105395555	0.6713867	0.383281
chr8	9271479	3.988984	2.2179954	1.7709887	acetylated_beyond_accessibility	0.8061745	0.4828627	0.287421
chr7	108246468	6.708084	4.9369516	1.7711325	acetylated_beyond_accessibility	-1.5209017	1.2573366	1.3621607
chr17	44086911	5.1059456	3.334549	1.7713966	acetylated_beyond_accessibility	-0.62061095	0.90784645	-0.42813158
chr17	1658314	3.1780539	1.4059367	1.7721171	acetylated_beyond_accessibility	2.2588458	0.44929278	0.29226613
chr20	58893056	5.170484	3.3962414	1.7742426	acetylated_beyond_accessibility	-0.08925533	1.1884887	-0.056939363
chr17	39325908	4.7004805	2.926055	1.7744255	acetylated_beyond_accessibility	-0.1309638	0.36737728	0.09869027
chr10	13404486	5.4764633	3.7017007	1.7747626	acetylated_beyond_accessibility	-0.66745496	0.44982815	0.015619993
chr7	159005361	4.394449	2.61903	1.7754192	acetylated_beyond_accessibility	0.70476675	0.42827368	-0.028611183
chr17	47291761	4.8441873	3.067596	1.7765913	acetylated_beyond_accessibility	-0.511626	0.29569626	0.1279087
chr12	108119426	6.302619	4.5260086	1.7766104	acetylated_beyond_accessibility	-1.4769037	0.5932913	0.2560296
chr22	32572879	4.4998097	2.7231598	1.77665	acetylated_beyond_accessibility	0.288193	0.14727163	-0.064163685
chr10	6446005	4.3694477	2.592544	1.7769036	acetylated_beyond_accessibility	0.61168575	-0.13180208	0.027876139
chr21	9836814	3.8286414	2.0516484	1.776993	acetylated_beyond_accessibility	2.1738598	-0.06608939	0.27283454
chr20	35411895	5.9687076	4.191189	1.7775187	acetylated_beyond_accessibility	0.54199886	2.386805	0.8639951
chr12	47271470	4.4308167	2.6531262	1.7776904	acetylated_beyond_accessibility	0.11557293	0.7630067	0.22012806
chr8	144074452	5.9401712	4.162406	1.7777653	acetylated_beyond_accessibility	0.06256485	1.6868596	0.22642612
chr7	22433229	4.836282	3.0582285	1.7780533	acetylated_beyond_accessibility	0.6173706	1.0517826	0.6547508
chr6	2733504	4.9416423	3.1630394	1.7786028	acetylated_beyond_accessibility	-0.4552474	0.5473101	0.027304888
chr7	136490729	4.3307333	2.551886	1.7788472	acetylated_beyond_accessibility	-0.335629	0.67567396	-0.0017590523
chr20	49965068	3.6888795	1.9096048	1.7792747	acetylated_beyond_accessibility	0.6579001	0.70389056	0.13634157
chr7	139916289	7.0875735	5.3074555	1.780118	acetylated_beyond_accessibility	-1.2125363	1.0118961	1.3150926
chr21	29656911	6.6883545	4.9081755	1.780179	acetylated_beyond_accessibility	-0.9330001	0.3520403	0.25764608
chr17	28236383	2.3025851	0.52186614	1.780719	acetylated_beyond_accessibility	3.518358	0.55977434	0.41569835
chr12	83015668	5.1817837	3.4006863	1.7810974	acetylated_beyond_accessibility	0.053226948	0.8118782	0.47330713
chr20	29782084	3.912023	2.1308508	1.7811723	acetylated_beyond_accessibility	0.8168061	0.423079	0.18042278
chr17	78030444	4.8675346	3.0858946	1.78164	acetylated_beyond_accessibility	-0.21458435	0.0016002655	0.09187174
chr12	65646296	3.9512436	2.1689978	1.7822459	acetylated_beyond_accessibility	-0.026797056	0.35671473	0.04792881
chr7	1883196	5.365976	3.5834994	1.7824764	acetylated_beyond_accessibility	0.2765026	0.6753659	0.3816278
chr6	15698404	4.624973	2.8410485	1.7839243	acetylated_beyond_accessibility	0.08826351	-0.070833445	0.17520523
chr10	101536993	4.1431346	2.358657	1.7844777	acetylated_beyond_accessibility	-0.27548885	0.14135027	-0.19081187
chr18	8142319	3.7612002	1.9758878	1.7853124	acetylated_beyond_accessibility	1.3223429	0.410043	0.27588964
chr8	123185322	5.3423343	3.5563576	1.7859766	acetylated_beyond_accessibility	-1.2911782	0.61312556	0.07732439
chr18	2304593	4.912655	3.125964	1.786691	acetylated_beyond_accessibility	-1.1409175	0.3419416	0.123113155
chr8	80002794	4.4426513	2.6556604	1.7869909	acetylated_beyond_accessibility	-0.82232153	0.60245895	0.08290744
chr17	53626485	3.3672957	1.5798767	1.7874191	acetylated_beyond_accessibility	0.6877229	0.7801659	0.34399748
chr12	7292485	4.304065	2.5166183	1.787447	acetylated_beyond_accessibility	-0.122502565	0.14394426	0.19696379
chr20	38000489	3.4339871	1.6463835	1.7876036	acetylated_beyond_accessibility	1.2285659	0.22757792	-0.16720748
chr10	119131816	4.9972124	3.2091892	1.7880232	acetylated_beyond_accessibility	0.8971369	0.7942555	0.51168084
chr8	55961207	4.955827	3.1677783	1.788049	acetylated_beyond_accessibility	-0.14174223	1.0040095	0.039550066
chr7	130202036	4.5849676	2.7965136	1.788454	acetylated_beyond_accessibility	-0.16532326	0.7959323	-0.059096813
chr10	133305869	6.206576	4.4169683	1.7896075	acetylated_beyond_accessibility	-0.85843825	0.6951618	0.5429158
chr12	129660080	4.6821313	2.8917928	1.7903385	acetylated_beyond_accessibility	-0.31854057	1.0164189	0.6319165
chr20	20946533	4.6051702	2.814296	1.7908742	acetylated_beyond_accessibility	0.120444536	0.87911844	0.44243193
chr10	24897549	5.68358	3.8924096	1.7911704	acetylated_beyond_accessibility	-1.6066885	0.77991176	0.35021138
chr22	20807607	5.1873856	3.3955636	1.791822	acetylated_beyond_accessibility	0.5195625	0.45444345	1.0171804
chr22	38786037	5.3936276	3.5993133	1.7943144	acetylated_beyond_accessibility	0.29568934	0.70299625	0.29313803
chr22	31059951	4.94876	3.1536717	1.7950883	acetylated_beyond_accessibility	0.2539091	0.44814062	0.15436101
chr8	93551908	5.0106354	3.2152333	1.795402	acetylated_beyond_accessibility	-0.89453864	0.41376042	0.11722994
chr12	54428969	4.8675346	3.0700307	1.797504	acetylated_beyond_accessibility	1.0006337	0.3330803	0.14929295
chr17	4796129	5.09375	3.2962122	1.7975378	acetylated_beyond_accessibility	1.5339937	-0.04682207	-0.021363497
chr22	43184131	6.401917	4.6034594	1.7984576	acetylated_beyond_accessibility	-0.39360237	1.0336084	0.5133991
chr6	3171845	4.762174	2.9636345	1.7985396	acetylated_beyond_accessibility	0.563375	0.38299513	0.52649975
chr12	57280513	5.030438	3.2314448	1.7989931	acetylated_beyond_accessibility	-0.77271605	0.57255745	0.45049977
chr10	35387991	4.59512	2.795541	1.7995789	acetylated_beyond_accessibility	-0.06466484	0.28769636	0.25449276
chr17	45978419	4.6728287	2.8732185	1.7996101	acetylated_beyond_accessibility	0.37957096	0.7246151	0.3052094
chr8	61878931	4.060443	2.2607353	1.7997077	acetylated_beyond_accessibility	-0.3339187	0.35841274	-0.04914999
chr17	42011330	3.912023	2.111509	1.800514	acetylated_beyond_accessibility	0.96406794	0.38936973	0.2520342
chr12	50809313	3.6635616	1.8627663	1.8007953	acetylated_beyond_accessibility	1.127984	0.23452473	0.054822683
chr6	3912122	4.204693	2.4027903	1.8019025	acetylated_beyond_accessibility	0.084459305	0.38013697	0.27832127
chr7	113743183	3.912023	2.1094732	1.8025498	acetylated_beyond_accessibility	1.1527317	0.83706284	0.6257756
chr17	49076974	3.988984	2.1863217	1.8026624	acetylated_beyond_accessibility	1.5228097	0.34070015	0.31354904
chr12	51327101	6.089045	4.285865	1.8031802	acetylated_beyond_accessibility	-0.31298184	1.4934549	0.37847757
chr17	15956157	4.1271343	2.3234854	1.803649	acetylated_beyond_accessibility	0.5866437	0.25099945	-0.20149517
chr22	29097213	4.9698133	3.1657038	1.8041096	acetylated_beyond_accessibility	0.69255924	0.3260603	0.26732922
chr8	124853880	3.637586	1.8334446	1.8041415	acetylated_beyond_accessibility	1.2671216	0.24462628	0.04147315
chr6	30509429	4.4998097	2.6948478	1.8049619	acetylated_beyond_accessibility	0.07838869	0.4118774	0.13645744
chr17	65064579	5.159055	3.3525753	1.8064799	acetylated_beyond_accessibility	0.2703352	0.63476515	0.22856593
chr7	8351606	3.8066626	1.998856	1.8078066	acetylated_beyond_accessibility	1.0703746	0.23633826	0.387035
chr10	30554037	6.928538	5.119488	1.8090501	acetylated_beyond_accessibility	-1.1790059	0.07173157	0.38524628
chr6	51121696	4.2904596	2.4805984	1.8098612	acetylated_beyond_accessibility	0.6047232	0.59900165	0.37371087
chr17	15236573	5.602119	3.7921948	1.8099241	acetylated_beyond_accessibility	-0.15368986	0.6204314	0.6036277
chr6	10102310	5.0689044	3.2584906	1.8104138	acetylated_beyond_accessibility	-0.13771868	0.4603021	0.17494297
chr12	8108994	2.944439	1.1335236	1.8109154	acetylated_beyond_accessibility	0.4934814	0.24262798	-0.14677382
chr7	605231	6.50279	4.691767	1.8110228	acetylated_beyond_accessibility	-0.6430445	0.017370224	-0.13605309
chr12	53321492	6.4118185	4.6007066	1.8111119	acetylated_beyond_accessibility	0.4604802	1.1621423	0.7068963
chr21	29650708	6.2576675	4.4450245	1.812643	acetylated_beyond_accessibility	-1.7945497	-0.30165815	0.00059890747
chr20	5720067	5.075174	3.2621932	1.8129807	acetylated_beyond_accessibility	0.3057313	1.5846062	1.0913181
chr18	46060603	5.6801724	3.8671088	1.8130636	acetylated_beyond_accessibility	-1.2396469	0.8352246	0.31142187
chr6	7146558	6.517671	4.704177	1.8134942	acetylated_beyond_accessibility	-1.6468589	0.82311106	0.13688183
chr17	28778759	3.9512436	2.1374245	1.8138192	acetylated_beyond_accessibility	0.13672876	0.5370045	0.04579854
chr17	69102270	4.644391	2.8282657	1.8161254	acetylated_beyond_accessibility	-0.30625725	0.09558678	0.016509295
chr20	44857100	3.9702919	2.1536338	1.816658	acetylated_beyond_accessibility	0.33924437	0.073930025	-0.040543318
chr7	22373239	4.4886365	2.6712809	1.8173556	acetylated_beyond_accessibility	0.5828798	0.8705096	0.119253874
chr12	6904749	4.882802	3.0653758	1.8174262	acetylated_beyond_accessibility	1.8194985	1.2416053	0.46462536
chr18	3655827	6.768493	4.9498415	1.8186517	acetylated_beyond_accessibility	-2.1027057	-0.022245407	0.31706476
chr20	38666540	5.7004437	3.88071	1.8197339	acetylated_beyond_accessibility	-0.8815186	0.82420754	-0.059859276
chr21	45364127	4.890349	3.070057	1.820292	acetylated_beyond_accessibility	0.8764243	0.8822491	0.5937073
chr17	40536387	5.616771	3.79634	1.8204312	acetylated_beyond_accessibility	-0.27354145	0.5690427	0.3697796
chr8	95090539	6.2690964	4.4482627	1.8208337	acetylated_beyond_accessibility	0.34426165	1.0630283	0.64535666
chr10	15603823	3.713572	1.8923564	1.8212156	acetylated_beyond_accessibility	1.0649145	0.26949167	0.6192498
chr12	113272014	4.0430512	2.2210705	1.8219807	acetylated_beyond_accessibility	1.5847113	0.8527348	0.38375688
chr10	69180074	7.200425	5.3772135	1.8232117	acetylated_beyond_accessibility	-1.9840696	0.2184372	-0.06965399
chr12	31833455	4.3307333	2.5064893	1.824244	acetylated_beyond_accessibility	0.75609136	0.7100253	0.6428952
chr10	92972871	6.1025586	4.2777004	1.8248582	acetylated_beyond_accessibility	-0.1650052	0.43447685	0.2819996
chr10	117007248	5.17615	3.3503287	1.8258212	acetylated_beyond_accessibility	0.96323466	0.77736354	0.80891824
chr20	50478445	4.4426513	2.6167161	1.8259351	acetylated_beyond_accessibility	0.9209256	0.9179585	0.17061281
chr12	127083375	5.1817837	3.3557305	1.8260531	acetylated_beyond_accessibility	0.15685129	1.174119	0.538841
chr20	44204526	4.477337	2.650731	1.8266058	acetylated_beyond_accessibility	0.6238315	1.2636526	0.6441004
chr20	31699352	5.198497	3.3686614	1.8298354	acetylated_beyond_accessibility	-0.8521464	0.65399075	0.32684803
chr6	17907891	6.788972	4.958901	1.830071	acetylated_beyond_accessibility	-1.0588908	1.6116433	1.1384196
chr6	33902025	4.465908	2.6355097	1.8303983	acetylated_beyond_accessibility	0.43306446	0.36330295	0.1593697
chr8	129679322	5.5529594	3.7214608	1.8314986	acetylated_beyond_accessibility	-0.33669424	0.83537865	0.2582059
chr20	2870639	5.17615	3.3433843	1.8327656	acetylated_beyond_accessibility	-0.27735853	0.667665	0.12947702
chr6	14777657	5.5683446	3.7351944	1.8331501	acetylated_beyond_accessibility	-1.2083442	0.57767415	-0.12884307
chr20	35116433	4.8675346	3.034206	1.8333287	acetylated_beyond_accessibility	-0.4791422	0.46747327	-0.03152013
chr21	13973725	3.7841897	1.9506278	1.8335619	acetylated_beyond_accessibility	1.2169673	0.042057037	0.15812325
chr17	55817505	5.874931	4.041288	1.833643	acetylated_beyond_accessibility	-0.9178257	0.437016	0.40429068
chr10	73930868	5.733341	3.8993082	1.834033	acetylated_beyond_accessibility	-0.7320738	0.13763046	0.10361099
chr7	74279807	4.406719	2.5718136	1.8349056	acetylated_beyond_accessibility	0.20568395	0.8794632	-0.06847215
chr7	100840723	4.394449	2.5595074	1.8349419	acetylated_beyond_accessibility	0.23116112	0.4515214	-0.19251537
chr10	31278774	4.394449	2.5593264	1.8351228	acetylated_beyond_accessibility	1.0851412	0.9164059	0.68205714
chr10	50325623	7.093405	5.2581882	1.8352165	acetylated_beyond_accessibility	-2.980153	0.415061	0.24273443
chr12	56116458	6.5308776	4.6955476	1.83533	acetylated_beyond_accessibility	1.0158172	1.4209919	1.3414726
chr20	58624074	4.8520303	3.0165021	1.8355281	acetylated_beyond_accessibility	0.22541428	1.3771431	0.38033128
chr10	95324602	4.553877	2.71829	1.8355868	acetylated_beyond_accessibility	1.0467086	1.1406803	0.36225462
chr7	102975131	5.857933	4.022057	1.835876	acetylated_beyond_accessibility	-0.33390856	0.8413234	0.29847622
chr22	20697694	3.1780539	1.3421271	1.8359268	acetylated_beyond_accessibility	1.9045753	0.06549275	-0.119164586
chr17	43351010	3.7841897	1.9478023	1.8363874	acetylated_beyond_accessibility	2.1781828	0.66093755	0.9824083
chr21	43369308	3.1780539	1.3414304	1.8366234	acetylated_beyond_accessibility	1.6785622	0.76832294	0.3833965
chr7	20219791	7.106606	5.2697725	1.8368335	acetylated_beyond_accessibility	-1.0226736	1.5221367	1.3266358
chr12	14970690	3.3322046	1.4951258	1.8370788	acetylated_beyond_accessibility	2.1031427	0.77097654	0.6746979
chr10	28810632	5.7930136	3.9552445	1.837769	acetylated_beyond_accessibility	-1.065264	0.5836034	-0.044100523
chr7	138354270	5.4424176	3.6037211	1.8386965	acetylated_beyond_accessibility	-0.83266973	0.48233318	0.15803385
chr17	55090407	4.3307333	2.4919186	1.8388147	acetylated_beyond_accessibility	0.9502256	1.5154886	1.1061401
chr17	45335945	4.4188404	2.579904	1.8389363	acetylated_beyond_accessibility	-0.05471778	0.28344297	0.39329576
chr17	78130568	5.7004437	3.8602338	1.84021	acetylated_beyond_accessibility	-0.9835675	-0.09807825	-0.48414874
chr17	16381036	5.9814143	4.140549	1.8408651	acetylated_beyond_accessibility	1.6943221	0.9888778	0.29170847
chr12	53676102	6.3664703	4.5255947	1.8408756	acetylated_beyond_accessibility	-0.22812176	0.9040513	0.71537113
chr12	116561625	5.398163	3.5560493	1.8421135	acetylated_beyond_accessibility	-0.37846947	0.7591362	0.25620627
chr10	101824944	4.8598123	3.0175343	1.842278	acetylated_beyond_accessibility	-0.07957411	1.1628323	0.28614902
chr17	78034863	4.0943446	2.250681	1.8436637	acetylated_beyond_accessibility	2.0358982	0.64352894	0.7063675
chr7	139888260	4.691348	2.8467152	1.8446329	acetylated_beyond_accessibility	1.2922862	0.99865127	0.43826747
chr8	145069666	4.1743875	2.3290286	1.8453588	acetylated_beyond_accessibility	0.6370981	0.23415494	0.30670524
chr6	44059548	6.461468	4.614565	1.8469033	acetylated_beyond_accessibility	-0.8399706	0.47211933	0.43872643
chr6	26286503	6.4630294	4.6156964	1.847333	acetylated_beyond_accessibility	-0.8716183	-0.011460781	-0.12774515
chr12	92389596	2.8332133	0.9848884	1.848325	acetylated_beyond_accessibility	2.659116	0.63522404	0.5266618
chr10	95532712	5.8081427	3.958858	1.8492846	acetylated_beyond_accessibility	-1.6636095	0.30949068	0.20316935
chr6	119566954	4.89784	3.0478194	1.8500206	acetylated_beyond_accessibility	-0.24865651	0.789304	0.060121536
chr17	47266170	4.477337	2.6269412	1.8503957	acetylated_beyond_accessibility	1.1245024	1.1689129	0.56957865
chr7	11282152	4.4998097	2.649406	1.8504038	acetylated_beyond_accessibility	0.24693298	1.537293	0.49185133
chr6	28974700	4.454347	2.6039398	1.8504074	acetylated_beyond_accessibility	0.27482462	0.5398779	0.14048862
chr12	11795914	4.276666	2.4260569	1.8506093	acetylated_beyond_accessibility	1.2904994	0.48111296	0.42563105
chr17	79009677	5.365976	3.5149946	1.8509812	acetylated_beyond_accessibility	0.25397205	0.20225573	-0.45800138
chr17	33914336	3.8066626	1.9544545	1.852208	acetylated_beyond_accessibility	0.958321	0.34137928	0.21722472
chr6	43687204	5.710427	3.8564618	1.853965	acetylated_beyond_accessibility	0.8620908	1.4203603	0.4886644
chr10	22616042	6.001415	4.1471534	1.8542614	acetylated_beyond_accessibility	-0.8508196	0.50864553	0.12400055
chr7	44638285	5.192957	3.3376904	1.8552666	acetylated_beyond_accessibility	0.64942837	0.83162785	0.6634264
chr20	63215253	4.962845	3.1070867	1.8557582	acetylated_beyond_accessibility	1.9154644	0.62683105	0.15110016
chr7	99807573	5.1357985	3.2791061	1.8566923	acetylated_beyond_accessibility	0.9906025	0.8646841	0.21499133
chr8	128344133	3.988984	2.1318862	1.8570979	acetylated_beyond_accessibility	0.092151165	1.0132451	0.19494963
chr17	6994388	6.248043	4.3907375	1.8573055	acetylated_beyond_accessibility	-0.2434063	0.36805058	0.45781136
chr12	116558592	6.383507	4.5244784	1.8590283	acetylated_beyond_accessibility	-1.273567	0.5129385	0.20675325
chr18	3604939	7.7463007	5.887271	1.8590298	acetylated_beyond_accessibility	-2.0435987	0.19292164	0.5955391
chr20	34888770	4.543295	2.6828718	1.8604231	acetylated_beyond_accessibility	0.24794984	0.19886732	0.033855677
chr6	44041733	6.1903152	4.3291	1.8612151	acetylated_beyond_accessibility	-1.2648644	1.0730639	0.30223846
chr8	23253010	3.8918204	2.0304213	1.8613992	acetylated_beyond_accessibility	0.7402766	0.511297	0.12277722
chr12	28760242	3.6635616	1.8020508	1.8615108	acetylated_beyond_accessibility	0.5017526	1.0603082	0.92458344
chr7	27678342	4.4886365	2.6268475	1.861789	acetylated_beyond_accessibility	1.0081666	0.6644838	0.521678
chr7	66908797	4.0430512	2.181146	1.8619053	acetylated_beyond_accessibility	-0.080088854	0.3171661	0.116856575
chr18	79260507	4.204693	2.3422863	1.8624065	acetylated_beyond_accessibility	-0.1371851	0.2801776	0.3946476
chr6	32970082	7.488853	5.626399	1.8624539	acetylated_beyond_accessibility	-0.3988247	1.0226235	0.76837206
chr12	65657055	3.871201	2.008295	1.862906	acetylated_beyond_accessibility	-0.41345143	0.60922194	0.15196824
chr22	41303414	5.3375382	3.47363	1.8639083	acetylated_beyond_accessibility	-0.599525	0.53066444	-0.07120061
chr8	11909220	4.1431346	2.2775955	1.8655391	acetylated_beyond_accessibility	0.17443728	0.19955683	0.033490658
chr8	38347568	4.4998097	2.6332755	1.8665342	acetylated_beyond_accessibility	0.43377042	1.129566	0.75529623
chr12	80088040	4.060443	2.193812	1.866631	acetylated_beyond_accessibility	2.2479463	1.4504228	1.4108076
chr8	95223673	4.59512	2.7282543	1.8668656	acetylated_beyond_accessibility	0.19985604	1.0625265	0.65494657
chr10	97651072	4.2195077	2.3515203	1.8679874	acetylated_beyond_accessibility	0.96466994	0.36603475	0.3784213
chr17	6599571	3.4965076	1.6280906	1.868417	acetylated_beyond_accessibility	0.34002674	0.42554832	0.14836705
chr7	106447643	4.9698133	3.100144	1.8696694	acetylated_beyond_accessibility	-0.15722251	0.5990138	0.08821416
chr6	43687815	5.9738097	4.104064	1.8697457	acetylated_beyond_accessibility	1.7909913	2.3642845	0.8689017
chr22	26479577	5.7589016	3.8891187	1.8697829	acetylated_beyond_accessibility	-0.68463826	0.5072808	0.04006362
chr21	33976347	6.1590953	4.2890816	1.8700137	acetylated_beyond_accessibility	-0.82855344	0.34052992	0.2886634
chr6	26523058	5.46806	3.5979826	1.8700774	acetylated_beyond_accessibility	-0.28474784	1.2738206	0.012885809
chr17	5619079	5.676754	3.8061628	1.8705912	acetylated_beyond_accessibility	0.73067	0.66316414	0.672739
chr7	91300302	6.4831076	4.6122956	1.8708119	acetylated_beyond_accessibility	-0.93789124	0.5873084	0.31552172
chr20	50130171	4.0943446	2.2235017	1.8708429	acetylated_beyond_accessibility	0.88734555	0.7306719	0.2619915
chr12	46586030	3.8066626	1.9356766	1.870986	acetylated_beyond_accessibility	0.9447658	0.99507713	-0.0022414923
chr21	38220513	5.379897	3.5085104	1.8713868	acetylated_beyond_accessibility	-0.4818759	0.5623467	0.31042314
chr20	45972209	7.1623974	5.290847	1.8715506	acetylated_beyond_accessibility	-0.051953793	-0.25425673	0.6212063
chr10	119521972	4.204693	2.3330896	1.8716033	acetylated_beyond_accessibility	1.8219931	1.0543904	0.93084455
chr7	129066460	6.678342	4.806668	1.8716741	acetylated_beyond_accessibility	-2.4430585	1.001082	0.12520456
chr17	58336025	6.5971456	4.724294	1.8728514	acetylated_beyond_accessibility	-0.83782816	1.118815	0.06761503
chr18	9804152	7.1608458	5.287649	1.8731966	acetylated_beyond_accessibility	-2.7286084	0.40276718	-0.026327133
chr18	49491584	5.605802	3.7324374	1.8733647	acetylated_beyond_accessibility	-0.20862818	0.60782695	0.3188889
chr10	117409158	5.7268476	3.853403	1.8734446	acetylated_beyond_accessibility	-0.25220132	0.95777416	0.32442427
chr8	144950790	5.0172796	3.1432302	1.8740494	acetylated_beyond_accessibility	0.17420387	0.08896804	-0.103566885
chr10	24909210	4.7095304	2.8351314	1.874399	acetylated_beyond_accessibility	0.62878585	0.5079045	0.34090734
chr8	129992705	6.6240654	4.7492323	1.8748331	acetylated_beyond_accessibility	-0.7837455	1.1133742	0.87202454
chr6	135075195	4.727388	2.851849	1.8755388	acetylated_beyond_accessibility	-0.47674537	0.11924529	0.041964293
chr22	26619627	4.1108737	2.2341318	1.8767419	acetylated_beyond_accessibility	0.30075288	-0.21260953	-0.14942408
chr20	37223251	3.218876	1.3418453	1.8770306	acetylated_beyond_accessibility	1.1843817	0.2508576	0.17864823
chr22	26618109	5.164786	3.287487	1.8772988	acetylated_beyond_accessibility	0.08522892	0.44200754	0.18173814
chr22	12602470	5.3375382	3.4594693	1.8780689	acetylated_beyond_accessibility	0.3691542	0.12053299	-0.18147254
chr17	69970049	3.8286414	1.9497248	1.8789166	acetylated_beyond_accessibility	1.9897379	0.46504843	0.51567256
chr22	29382983	4.4426513	2.5637214	1.8789299	acetylated_beyond_accessibility	0.86486673	0.24782777	0.27439713
chr6	139376184	6.43935	4.5587964	1.8805537	acetylated_beyond_accessibility	-0.4946022	1.3133669	0.31804132
chr22	37306954	4.0943446	2.213734	1.8806107	acetylated_beyond_accessibility	0.77987266	-0.21379626	-0.10768342
chr17	33889244	5.220356	3.3393488	1.8810072	acetylated_beyond_accessibility	-0.5401957	-0.11964512	0.2551546
chr20	35120357	5.9584246	4.0773964	1.8810282	acetylated_beyond_accessibility	-1.2076697	1.1662936	0.13091993
chr6	4371441	5.605802	3.7244833	1.8813188	acetylated_beyond_accessibility	-0.40262794	0.4610331	0.51998925
chr7	116466572	4.454347	2.572649	1.8816981	acetylated_beyond_accessibility	0.14334273	0.92040205	0.055976152
chr7	6995807	3.6635616	1.7818002	1.8817614	acetylated_beyond_accessibility	1.5180482	-0.29024732	0.15527606
chr6	24743626	4.4998097	2.6160858	1.883724	acetylated_beyond_accessibility	1.8547876	1.5516241	1.2339871
chr17	20868369	4.7791233	2.894622	1.8845012	acetylated_beyond_accessibility	-0.41296506	-0.051699877	-0.2257266
chr12	47775454	6.40688	4.5213003	1.8855796	acetylated_beyond_accessibility	-0.14723301	1.340363	0.68734264
chr7	100642621	5.897154	4.0107903	1.8863635	acetylated_beyond_accessibility	-0.916801	0.51057386	-0.63161397
chr17	42320110	7.4512415	5.5648212	1.8864202	acetylated_beyond_accessibility	-2.3184798	0.56845903	0.25608158
chr8	101376229	4.94876	3.061657	1.8871031	acetylated_beyond_accessibility	0.97150517	1.5155034	0.9810486
chr17	18025776	3.5263605	1.6383698	1.8879907	acetylated_beyond_accessibility	0.9671426	0.93944716	0.41781354
chr22	41512992	4.7095304	2.8203428	1.8891876	acetylated_beyond_accessibility	-0.10438681	0.10217881	0.53983164
chr10	72637612	4.9904327	3.1004195	1.8900132	acetylated_beyond_accessibility	-0.38456678	1.2843089	0.4618845
chr6	161205231	6.5323343	4.641898	1.8904362	acetylated_beyond_accessibility	-1.6954327	1.0285883	0.16609573
chr22	39965909	4.836282	2.9449103	1.8913715	acetylated_beyond_accessibility	-0.27685785	0.4486525	0.2798574
chr7	873516	5.370638	3.4792523	1.8913856	acetylated_beyond_accessibility	-0.25041485	0.3297763	0.26091146
chr7	22156556	3.8286414	1.9354308	1.8932106	acetylated_beyond_accessibility	1.123568	0.8966677	0.54203725
chr8	966997	4.691348	2.7978194	1.8935287	acetylated_beyond_accessibility	-0.20795298	0.2601359	0.31568432
chr20	45885124	4.5108595	2.6165755	1.894284	acetylated_beyond_accessibility	0.29598975	1.4767225	0.30365872
chr17	53748872	4.9904327	3.0961137	1.894319	acetylated_beyond_accessibility	0.98280764	0.83491707	0.3583455
chr20	51437728	4.4998097	2.6042814	1.8955283	acetylated_beyond_accessibility	1.5760589	0.761554	0.9257138
chr7	26850510	3.8501477	1.9545527	1.8955951	acetylated_beyond_accessibility	1.1300159	0.34371734	0.26640654
chr17	77070898	6.3350544	4.4388394	1.896215	acetylated_beyond_accessibility	-0.6900165	0.6519847	0.16678286
chr22	42498903	4.276666	2.3801517	1.8965144	acetylated_beyond_accessibility	0.5436826	0.05615616	0.14086938
chr10	13415083	4.9272537	3.0299933	1.8972604	acetylated_beyond_accessibility	-0.047804832	-0.67309546	-0.17860103
chr10	77971530	6.89467	4.9971724	1.8974977	acetylated_beyond_accessibility	-1.4332552	0.32292557	0.10364151
chr6	30786106	5.081404	3.183404	1.8980002	acetylated_beyond_accessibility	-0.025582552	1.7294974	0.3191645
chr8	23516861	5.170484	3.2724469	1.8980372	acetylated_beyond_accessibility	-0.71476626	0.6561141	-0.10068154
chr7	37974143	5.411646	3.5128736	1.8987722	acetylated_beyond_accessibility	0.02681756	0.6342292	0.33526802
chr18	9073795	4.317488	2.4180603	1.8994279	acetylated_beyond_accessibility	0.033396006	0.37310863	0.012286186
chr7	130025989	5.9532433	4.053758	1.8994851	acetylated_beyond_accessibility	-0.7297921	1.7960453	0.52414036
chr17	34387198	4.0430512	2.1432915	1.8997598	acetylated_beyond_accessibility	1.4654164	0.38078713	0.72440004
chr12	65667635	4.3694477	2.4694707	1.899977	acetylated_beyond_accessibility	0.442724	0.60748696	0.27660394
chr17	28034405	6.082219	4.182061	1.9001579	acetylated_beyond_accessibility	0.7991018	1.3690572	1.0800314
chr10	79178753	6.9498563	5.048822	1.9010344	acetylated_beyond_accessibility	-2.5937552	0.5910449	-0.26626444
chr17	13347650	3.2580965	1.3553908	1.9027057	acetylated_beyond_accessibility	1.4984176	0.49315274	0.7498014
chr10	73930226	5.768321	3.8647892	1.9035318	acetylated_beyond_accessibility	-1.4097116	0.44012904	-0.1034832
chr12	108691780	7.130899	5.2273335	1.9035654	acetylated_beyond_accessibility	-3.0680857	0.76446533	0.03895855
chr12	68381530	4.5325994	2.6275468	1.9050527	acetylated_beyond_accessibility	0.56449986	0.35842085	0.08365798
chr6	89035900	5.236442	3.3309946	1.9054475	acetylated_beyond_accessibility	1.1533527	1.0096564	0.75160074
chr12	50365925	4.65396	2.7472339	1.9067264	acetylated_beyond_accessibility	0.13048291	0.56451225	0.32427645
chr8	123631296	5.4764633	3.5694757	1.9069877	acetylated_beyond_accessibility	-0.64918256	0.6559868	0.484447
chr18	9009227	6.650279	4.7425675	1.9077115	acetylated_beyond_accessibility	0.05924368	0.89134455	0.4481125
chr7	130151662	4.5325994	2.6231163	1.9094832	acetylated_beyond_accessibility	0.8039217	1.2116673	0.54072404
chr20	58542342	4.59512	2.685317	1.9098029	acetylated_beyond_accessibility	4.0144377	0.33311915	1.4118652
chr7	592453	5.433722	3.5238822	1.9098399	acetylated_beyond_accessibility	1.1426961	0.3449328	1.1957963
chr20	23156321	5.525453	3.61548	1.9099731	acetylated_beyond_accessibility	-0.8555491	0.9137416	0.06399298
chr20	38757632	3.7376697	1.8271564	1.9105133	acetylated_beyond_accessibility	1.3851999	0.581128	0.20205033
chr7	7042687	4.060443	2.149836	1.9106069	acetylated_beyond_accessibility	0.09022188	0.0346725	0.0023767948
chr17	44708606	6.0088134	4.097357	1.9114566	acetylated_beyond_accessibility	1.7273645	0.50161886	0.6838565
chr12	8887051	5.521461	3.6088195	1.9126415	acetylated_beyond_accessibility	-0.19464684	0.08631086	0.1662736
chr7	73750130	4.060443	2.1471994	1.9132435	acetylated_beyond_accessibility	0.7240095	0.16576743	0.18152547
chr10	70656680	3.871201	1.9570017	1.9141994	acetylated_beyond_accessibility	0.64280367	0.49421072	0.2604215
chr17	69235012	3.7841897	1.8691707	1.915019	acetylated_beyond_accessibility	0.29236507	0.4442861	0.013331413
chr17	12090270	3.8066626	1.8909683	1.9156942	acetylated_beyond_accessibility	1.8413107	0.68498755	0.6661024
chr17	30433706	3.6635616	1.7478654	1.9156961	acetylated_beyond_accessibility	0.773834	0.67451787	0.24091816
chr20	53753542	5.866468	3.9505956	1.9158723	acetylated_beyond_accessibility	-0.8110316	0.5403235	0.1902616
chr17	1322237	5.749393	3.8328395	1.9165535	acetylated_beyond_accessibility	0.4789443	0.29397154	0.30175877
chr17	59290373	5.641907	3.7245378	1.9173694	acetylated_beyond_accessibility	0.29090405	0.5100632	0.8219547
chr10	71382993	4.0775375	2.1591995	1.9183381	acetylated_beyond_accessibility	1.0400848	0.556535	0.1536696
chr6	44116801	4.1108737	2.1916487	1.919225	acetylated_beyond_accessibility	1.1687105	1.0860906	0.22571611
chr20	34526064	4.1431346	2.2232814	1.9198532	acetylated_beyond_accessibility	0.98531556	0.14930606	-0.113144875
chr20	23148515	6.64379	4.7234025	1.9203873	acetylated_beyond_accessibility	-1.1610925	0.806643	0.49845505
chr17	33874886	5.669881	3.7492337	1.9206471	acetylated_beyond_accessibility	-0.9564266	0.16918898	0.08165693
chr20	50116020	5.0369525	3.1154478	1.9215047	acetylated_beyond_accessibility	1.4123137	0.4597404	0.34494162
chr7	43572699	4.6821313	2.7594204	1.9227109	acetylated_beyond_accessibility	0.05711174	1.7238631	0.2155621
chr12	116492932	5.241747	3.318502	1.923245	acetylated_beyond_accessibility	1.9586082	1.848856	2.6213975
chr6	28943836	6.60123	4.677893	1.923337	acetylated_beyond_accessibility	-1.0116346	0.6950855	0.10987949
chr7	66282209	4.1743875	2.2504659	1.9239216	acetylated_beyond_accessibility	2.5651798	1.8334427	0.49212265
chr17	15981596	4.7706847	2.846625	1.9240596	acetylated_beyond_accessibility	0.74548626	0.41529584	0.3889451
chr22	39920966	4.6728287	2.74716	1.9256687	acetylated_beyond_accessibility	0.3726716	0.21091938	0.22626019
chr17	77127940	4.4426513	2.516934	1.9257174	acetylated_beyond_accessibility	0.33161616	0.41950035	0.17594886
chr20	17558740	4.4426513	2.5160048	1.9266465	acetylated_beyond_accessibility	0.49197245	1.0668297	0.72928166
chr22	38783004	4.4426513	2.515901	1.9267502	acetylated_beyond_accessibility	0.8484304	0.46787882	0.21935916
chr12	31923002	3.3322046	1.4053752	1.9268293	acetylated_beyond_accessibility	1.5289435	0.46388865	0.5495796
chr21	46201110	3.1354942	1.208348	1.9271462	acetylated_beyond_accessibility	2.6346533	0.39409423	0.82887244
chr18	1050499	5.2311087	3.303558	1.9275506	acetylated_beyond_accessibility	-0.04336953	1.2472041	0.6655226
chr10	60130345	5.583496	3.655809	1.9276872	acetylated_beyond_accessibility	-1.5480003	0.8454213	-0.070795536
chr20	26010469	3.4965076	1.5688033	1.9277043	acetylated_beyond_accessibility	3.0089717	0.32720637	0.96945024
chr17	69103946	5.556828	3.6263885	1.9304395	acetylated_beyond_accessibility	-0.6912658	0.8719535	0.35526538
chr12	131711064	6.368187	4.435804	1.9323831	acetylated_beyond_accessibility	-0.03175211	0.092944145	-0.04871893
chr17	75205536	6.8522425	4.919156	1.9330864	acetylated_beyond_accessibility	-0.621397	0.5209408	-0.1268735
chr7	159006909	5.3375382	3.4031796	1.9343586	acetylated_beyond_accessibility	-0.37120438	0.8270359	0.30338168
chr20	4018578	4.6634393	2.7287223	1.9347169	acetylated_beyond_accessibility	1.0167634	0.39418674	0.87721777
chr7	22434132	5.42495	3.4901533	1.9347968	acetylated_beyond_accessibility	0.107022524	0.46369553	0.65072775
chr12	132827933	5.043425	3.1078038	1.9356213	acetylated_beyond_accessibility	1.4818778	1.1941004	0.4927845
chr6	44974673	3.583519	1.6476305	1.9358885	acetylated_beyond_accessibility	1.7939894	0.17905068	0.35905528
chr17	37828679	5.2040067	3.2675848	1.9364219	acetylated_beyond_accessibility	-0.005186558	1.0535212	1.0967326
chr17	17416434	4.7095304	2.7725549	1.9369755	acetylated_beyond_accessibility	0.7213087	0.9255419	0.9699881
chr12	124867346	5.8435445	3.905559	1.9379854	acetylated_beyond_accessibility	-0.1245296	1.1815038	0.90323544
chr6	13815398	5.081404	3.1429653	1.9384389	acetylated_beyond_accessibility	-0.21932459	0.3485465	0.1548984
chr7	64946292	5.2832036	3.3444686	1.938735	acetylated_beyond_accessibility	-0.8960533	0.41699982	0.17100716
chr20	23149427	5.6240177	3.684745	1.9392726	acetylated_beyond_accessibility	-1.2140257	0.37903762	-0.08989072
chr10	92839529	4.983607	3.043549	1.9400578	acetylated_beyond_accessibility	-0.26419425	0.036131382	-0.12860012
chr12	89391295	4.4308167	2.4906888	1.9401278	acetylated_beyond_accessibility	0.38829875	0.49724674	0.7350905
chr12	123743174	3.8066626	1.8656312	1.9410313	acetylated_beyond_accessibility	1.4581605	0.07090473	0.17116344
chr20	37300294	4.787492	2.8455627	1.9419291	acetylated_beyond_accessibility	0.41388297	0.5810921	0.17372012
chr17	82339389	5.529429	3.5861616	1.9432673	acetylated_beyond_accessibility	-0.88032794	0.39579535	-0.2296772
chr12	70646123	5.2257466	3.2818122	1.9439344	acetylated_beyond_accessibility	0.1920228	1.5908251	0.5097542
chr22	39012873	4.7361984	2.7910337	1.9451647	acetylated_beyond_accessibility	1.2123322	0.5682502	0.616693
chr8	128048593	6.809039	4.8629174	1.9461217	acetylated_beyond_accessibility	-1.2296536	1.3058338	0.36820173
chr20	31547344	5.8607864	3.913765	1.9470215	acetylated_beyond_accessibility	1.3278236	1.6585612	1.106452
chr12	65655306	4.7184987	2.7713022	1.9471965	acetylated_beyond_accessibility	-0.26638365	0.63328314	0.2555623
chr20	50166214	6.3561077	4.4081874	1.9479203	acetylated_beyond_accessibility	-0.34561157	1.5753474	0.7101159
chr17	62178791	4.1271343	2.176571	1.9505634	acetylated_beyond_accessibility	0.19982266	0.2951374	0.5044451
chr20	4369927	4.0073333	2.05548	1.9518533	acetylated_beyond_accessibility	1.854295	0.656755	1.0976343
chr8	127891607	4.564348	2.6118271	1.9525211	acetylated_beyond_accessibility	-0.20809507	0.5579839	0.004062414
chr10	23512752	4.543295	2.5903277	1.9529672	acetylated_beyond_accessibility	0.108184814	0.70167756	0.5254445
chr6	40139656	4.4998097	2.5461457	1.9536641	acetylated_beyond_accessibility	0.99101686	0.53496385	0.5641706
chr12	24696921	5.192957	3.2376308	1.9553261	acetylated_beyond_accessibility	0.26065803	0.47586775	0.355762
chr18	54806248	3.465736	1.508693	1.9570429	acetylated_beyond_accessibility	0.26778984	0.7881117	0.35918307
chr6	15087145	6.44254	4.4826746	1.9598656	acetylated_beyond_accessibility	-1.2963898	0.5056896	0.4013505
chr20	31681196	4.7184987	2.757791	1.9607077	acetylated_beyond_accessibility	-0.02462864	0.6145961	0.20678997
chr17	82884834	5.049856	3.0882263	1.9616299	acetylated_beyond_accessibility	-0.96762633	-0.4906373	-0.59350824
chr22	36065999	5.241747	3.2782884	1.9634585	acetylated_beyond_accessibility	0.069554806	0.23759031	-0.0729785
chr21	9823628	3.7376697	1.7739806	1.9636891	acetylated_beyond_accessibility	2.0699723	0.23017621	0.22917414
chr17	50708827	6.4167323	4.4515796	1.9651527	acetylated_beyond_accessibility	-1.6886873	0.44672728	0.009613991
chr12	129660989	4.691348	2.7261028	1.9652452	acetylated_beyond_accessibility	0.04742503	0.58617353	0.48536134
chr17	44906219	5.0039463	3.0376992	1.9662471	acetylated_beyond_accessibility	0.23412347	0.033771515	0.34002972
chr18	22110574	5.0875964	3.120436	1.9671605	acetylated_beyond_accessibility	-0.5183296	0.64879704	-0.073307514
chr10	102058035	5.655992	3.6879451	1.9680469	acetylated_beyond_accessibility	0.23473382	1.0591719	0.5329931
chr7	123557905	6.916715	4.9479566	1.9687586	acetylated_beyond_accessibility	-0.8774257	1.2587285	0.32942438
chr6	28979796	6.313548	4.344354	1.9691939	acetylated_beyond_accessibility	-2.0220237	-0.24713135	-0.026040077
chr7	72805929	6.059123	4.0893	1.9698229	acetylated_beyond_accessibility	-0.62536263	1.5437102	0.27007294
chr12	7959869	5.214936	3.2443838	1.970552	acetylated_beyond_accessibility	0.44484305	0.7313442	0.1539905
chr12	592213	6.089045	4.1181855	1.9708595	acetylated_beyond_accessibility	-0.55163336	0.47336245	0.21813297
chr8	30743512	6.5467854	4.575502	1.9712834	acetylated_beyond_accessibility	0.7652502	1.5753345	0.37088346
chr8	39038314	4.3438053	2.3706973	1.973108	acetylated_beyond_accessibility	1.0177944	1.0955486	0.38992906
chr7	106346794	4.6821313	2.70752	1.9746113	acetylated_beyond_accessibility	0.72471094	1.4724889	0.49566793
chr17	47210310	6.122493	4.1472516	1.9752412	acetylated_beyond_accessibility	-1.0556386	0.8583174	0.28708744
chr17	42929358	6.0980744	4.1224833	1.9755912	acetylated_beyond_accessibility	0.36693382	1.4576907	1.3386822
chr17	44899508	6.7357802	4.760099	1.9756813	acetylated_beyond_accessibility	1.4158368	0.6277232	0.40778732
chr6	31736557	7.355002	5.3792496	1.9757524	acetylated_beyond_accessibility	-0.05672264	1.305675	0.5522537
chr10	72321495	7.424762	5.4488196	1.9759421	acetylated_beyond_accessibility	-2.406417	0.02012968	-0.33698416
chr20	50558775	4.8520303	2.87584	1.9761903	acetylated_beyond_accessibility	-0.046411514	1.2945611	0.057236433
chr12	54383333	4.2904596	2.3141556	1.976304	acetylated_beyond_accessibility	0.27189946	0.4938445	0.079095125
chr22	31765016	3.6888795	1.7125558	1.9763237	acetylated_beyond_accessibility	1.6802922	0.26413774	0.3089069
chr6	28922462	6.7475867	4.771171	1.9764156	acetylated_beyond_accessibility	-0.19786549	1.6762829	1.3340354
chr22	24630950	3.3322046	1.3533313	1.9788733	acetylated_beyond_accessibility	1.9944007	0.4503286	0.23904037
chr21	39320073	5.2257466	3.246015	1.9797316	acetylated_beyond_accessibility	-0.4956813	0.48187566	0.14184308
chr17	5413919	3.7376697	1.7564682	1.9812015	acetylated_beyond_accessibility	0.9143027	0.85851157	0.4646119
chr10	15457578	3.218876	1.2361275	1.9827484	acetylated_beyond_accessibility	1.5957252	0.04344952	0.16894293
chr22	38180271	6.559615	4.5762405	1.9833746	acetylated_beyond_accessibility	-1.4083235	1.0420723	0.4229207
chr17	48244423	5.575949	3.5909605	1.9849887	acetylated_beyond_accessibility	0.42435837	0.3900261	0.44395638
chr10	125824093	5.9480352	3.9612737	1.9867616	acetylated_beyond_accessibility	-0.14394069	0.42666006	0.39108515
chr17	77234082	5.1474943	3.1590362	1.9884582	acetylated_beyond_accessibility	0.28984904	0.35177422	0.06308746
chr7	43058701	5.5373344	3.5483916	1.9889429	acetylated_beyond_accessibility	-0.20599675	0.5163562	0.4648888
chr17	62172866	5.7838254	3.7927775	1.9910479	acetylated_beyond_accessibility	-0.338933	1.0229492	-0.09596658
chr17	4841063	3.9702919	1.9789894	1.9913025	acetylated_beyond_accessibility	1.0533154	0.36442304	0.3499918
chr6	3324667	4.919981	2.9285886	1.9913924	acetylated_beyond_accessibility	0.2294004	1.9071271	0.94617295
chr6	155738931	4.189655	2.197574	1.9920809	acetylated_beyond_accessibility	0.05425358	0.21756625	0.17419934
chr18	8141321	4.0253515	2.033171	1.9921806	acetylated_beyond_accessibility	1.3440259	0.5242622	0.6458373
chr6	37033399	4.7095304	2.7160907	1.9934397	acetylated_beyond_accessibility	0.17591333	0.20421028	0.33912158
chr22	19479502	8.458928	6.464875	1.9940529	acetylated_beyond_accessibility	-0.96649885	0.5436859	0.22500563
chr12	56931788	5.4510384	3.4567404	1.994298	acetylated_beyond_accessibility	-1.177449	0.7005687	-0.12714744
chr17	27104917	4.276666	2.282024	1.9946423	acetylated_beyond_accessibility	0.5052862	0.3386755	0.28054762
chr12	8317807	2.3025851	0.30702126	1.9955639	acetylated_beyond_accessibility	3.728415	0.3900293	0.4433427
chr22	39839420	4.276666	2.2808933	1.9957728	acetylated_beyond_accessibility	-0.26609468	0.53924084	-0.032006025
chr12	42098214	4.0430512	2.0459018	1.9971495	acetylated_beyond_accessibility	-0.040928364	1.0885863	0.34895587
chr17	50372874	6.638568	4.640997	1.997571	acetylated_beyond_accessibility	-0.16862106	1.3843946	0.6247978
chr17	64025926	4.955827	2.9569535	1.9988737	acetylated_beyond_accessibility	0.31351733	-0.045038223	-0.31153536
chr6	4637948	4.2195077	2.2199452	1.9995625	acetylated_beyond_accessibility	0.82230115	0.5818193	0.37715983
chr10	45175727	4.0253515	2.0252962	2.0000553	acetylated_beyond_accessibility	0.48669243	0.14015436	0.1973505
chr12	43238446	3.3672957	1.3670747	2.000221	acetylated_beyond_accessibility	2.898389	0.46139598	0.5821872
chr21	38219246	4.317488	2.3161306	2.0013576	acetylated_beyond_accessibility	-0.02854371	-0.004673481	-0.06020999
chr17	66468726	5.602119	3.5997772	2.0023417	acetylated_beyond_accessibility	-0.5278413	0.85365963	0.18468022
chr17	4130989	3.7612002	1.7586477	2.0025525	acetylated_beyond_accessibility	1.3056359	0.83156085	0.6500404
chr10	106942442	5.117994	3.114509	2.0034847	acetylated_beyond_accessibility	-0.67734504	0.97840166	0.033506155
chr10	92823161	4.2195077	2.2158053	2.0037024	acetylated_beyond_accessibility	0.20731282	-0.32125354	-0.4404558
chr6	17820173	4.89784	2.8892076	2.0086324	acetylated_beyond_accessibility	0.55048037	1.458586	0.42169118
chr10	6515322	4.4308167	2.4214027	2.009414	acetylated_beyond_accessibility	0.38536406	0.28413844	0.11404872
chr7	2023120	5.1817837	3.1681263	2.0136573	acetylated_beyond_accessibility	-0.09309268	0.9368379	0.40753078
chr12	51884793	5.0172796	3.0013752	2.0159044	acetylated_beyond_accessibility	0.4120171	0.6652236	0.98304677
chr17	80792306	5.2574954	3.2406301	2.0168653	acetylated_beyond_accessibility	1.533227	0.8254485	1.0216427
chr18	9879075	5.5053315	3.4874492	2.0178823	acetylated_beyond_accessibility	-1.3086283	0.6215725	0.02039218
chr10	21208922	5.6970935	3.6787007	2.0183928	acetylated_beyond_accessibility	0.07586646	0.96891	0.5952728
chr8	129581731	6.329721	4.3104014	2.0193195	acetylated_beyond_accessibility	-2.0382056	0.5292201	0.057362556
chr10	4884068	4.983607	2.961833	2.0217738	acetylated_beyond_accessibility	-0.3556819	0.2585075	0.21313167
chr6	41967485	5.627621	3.6053686	2.0222526	acetylated_beyond_accessibility	-0.7531388	0.9854841	0.66511154
chr6	2859117	6.46925	4.4462776	2.0229726	acetylated_beyond_accessibility	-1.8768506	0.42054367	0.2502079
chr10	91608478	7.026427	5.002317	2.0241098	acetylated_beyond_accessibility	-1.6344614	0.88348913	0.29509974
chr10	96065659	5.327876	3.3032045	2.0246716	acetylated_beyond_accessibility	0.025684595	0.6775696	-0.20574284
chr20	23143283	4.9767337	2.9492395	2.0274942	acetylated_beyond_accessibility	-0.4771068	0.6444423	0.76222396
chr8	27497312	4.5217886	2.4929528	2.0288358	acetylated_beyond_accessibility	0.9220283	0.25851083	0.28978825
chr17	68955412	4.574711	2.5451133	2.0295975	acetylated_beyond_accessibility	-0.63268864	0.6903274	0.0796237
chr6	68025985	5.0998664	3.0679708	2.0318956	acetylated_beyond_accessibility	0.283602	1.1616697	0.4564216
chr17	32894445	5.5373344	3.5042744	2.03306	acetylated_beyond_accessibility	0.2846775	0.7130656	0.54124784
chr17	82215271	4.9416423	2.9073572	2.034285	acetylated_beyond_accessibility	0.11320448	0.17736244	0.101706505
chr17	42194308	5.4293456	3.394577	2.0347686	acetylated_beyond_accessibility	-0.8283665	0.8371172	-0.04791689
chr10	119120774	4.1108737	2.075458	2.0354156	acetylated_beyond_accessibility	2.2501202	0.5940833	0.40482688
chr22	45314976	5.7365723	3.7008529	2.0357194	acetylated_beyond_accessibility	0.2951951	0.42645502	0.08380318
chr10	63102604	4.6051702	2.5692337	2.0359366	acetylated_beyond_accessibility	0.21102166	0.7702	0.20308495
chr17	7897973	3.5263605	1.490205	2.0361555	acetylated_beyond_accessibility	1.1601734	0.5904627	0.5137677
chr6	15066839	5.8021183	3.7651827	2.0369356	acetylated_beyond_accessibility	0.50842834	1.5836618	1.023792
chr12	102313883	4.8202815	2.7791557	2.0411258	acetylated_beyond_accessibility	0.8795543	0.5995469	0.58349204
chr8	105633380	4.9767337	2.934255	2.0424788	acetylated_beyond_accessibility	0.16696525	2.5501144	0.70426154
chr21	41844962	4.204693	2.1616294	2.0430634	acetylated_beyond_accessibility	0.72543	-0.35364294	-0.19176495
chr12	54084155	2.6390574	0.5959207	2.0431366	acetylated_beyond_accessibility	1.6501445	0.44978285	0.034383714
chr6	37112181	5.170484	3.1266694	2.0438147	acetylated_beyond_accessibility	-0.06227064	0.5959475	0.15469265
chr12	113408092	4.356709	2.311913	2.044796	acetylated_beyond_accessibility	0.9844632	0.7209616	0.25796223
chr10	15325611	4.6634393	2.6185071	2.0449321	acetylated_beyond_accessibility	1.0469711	0.4975934	0.7904892
chr17	55816804	6.1944056	4.1489453	2.0454602	acetylated_beyond_accessibility	-1.5757959	0.72581625	0.503788
chr8	61876948	3.7841897	1.7377087	2.0464811	acetylated_beyond_accessibility	1.3597785	1.1583258	0.5721456
chr12	26274090	5.7004437	3.6529918	2.047452	acetylated_beyond_accessibility	-0.28812027	0.78072405	-0.01974845
chr12	23510745	4.543295	2.493267	2.0500278	acetylated_beyond_accessibility	0.23967528	0.3244171	0.10193181
chr6	137163171	4.644391	2.5906894	2.0537016	acetylated_beyond_accessibility	1.4469283	0.6155095	0.55786514
chr22	37561899	6.001415	3.947093	2.0543218	acetylated_beyond_accessibility	-0.4379363	-0.66885376	-0.053095818
chr20	31696299	4.8751974	2.8202786	2.0549188	acetylated_beyond_accessibility	0.2806685	0.75642204	0.39337516
chr6	42028484	7.616776	5.561726	2.05505	acetylated_beyond_accessibility	-1.6647167	0.8839946	0.6533289
chr20	53180598	5.049856	2.9925728	2.0572834	acetylated_beyond_accessibility	-0.30970478	0.38272715	0.25775027
chr17	38825248	6.580639	4.5226717	2.0579672	acetylated_beyond_accessibility	2.0211515	1.4219484	1.1123109
chr20	17563122	4.8121843	2.7539918	2.0581925	acetylated_beyond_accessibility	1.6155598	0.77465296	0.4510672
chr17	78049738	4.248495	2.1888661	2.059629	acetylated_beyond_accessibility	0.9541187	0.25747824	0.26734447
chr17	40844808	4.0775375	2.014254	2.0632834	acetylated_beyond_accessibility	0.83539534	0.5875788	0.25688577
chr17	50661752	6.3062754	4.24279	2.0634851	acetylated_beyond_accessibility	-1.4468012	1.0271978	0.13366508
chr12	131243098	4.6051702	2.5415707	2.0635996	acetylated_beyond_accessibility	0.19078207	0.8520107	0.22256565
chr21	34983120	4.304065	2.2404296	2.0636356	acetylated_beyond_accessibility	0.70731425	0.2640779	0.44222045
chr6	86599167	2.944439	0.8798767	2.0645623	acetylated_beyond_accessibility	2.1511447	0.6442823	0.26362818
chr22	38057254	4.9698133	2.9036934	2.06612	acetylated_beyond_accessibility	1.8922431	-0.13086057	0.49444985
chr21	29648833	6.668228	4.601463	2.0667653	acetylated_beyond_accessibility	-2.4582348	0.05488348	0.098293304
chr6	147195095	4.8751974	2.8077793	2.067418	acetylated_beyond_accessibility	-0.13120961	1.05336	0.24420357
chr10	73262314	3.7841897	1.7166562	2.0675335	acetylated_beyond_accessibility	1.8767104	1.2342882	0.33819652
chr22	24635255	2.8903718	0.82119936	2.0691724	acetylated_beyond_accessibility	1.5613079	-0.087123394	-0.30317765
chr6	158853461	7.1106963	5.0407653	2.069931	acetylated_beyond_accessibility	-0.9743538	1.5970697	0.967412
chr7	106774886	6.8351846	4.7647023	2.0704823	acetylated_beyond_accessibility	-0.52843237	0.90583277	0.74410486
chr10	25062277	6.542472	4.4703484	2.0721235	acetylated_beyond_accessibility	-0.07440996	1.5576591	0.8677201
chr10	118495778	4.75359	2.6802483	2.0733418	acetylated_beyond_accessibility	0.36508846	0.6523185	0.24279308
chr10	35391635	6.666957	4.592625	2.0743318	acetylated_beyond_accessibility	-1.2022765	1.1915822	1.1033664
chr12	7958813	4.744932	2.6705236	2.0744085	acetylated_beyond_accessibility	0.6506181	1.1830277	0.17688489
chr17	72978118	4.912655	2.831573	2.0810819	acetylated_beyond_accessibility	0.8629401	1.0567818	0.607465
chr8	39651456	3.1354942	1.0527674	2.082727	acetylated_beyond_accessibility	1.6521972	0.35495496	0.6917852
chr8	143205952	2.6390574	0.5558332	2.0832243	acetylated_beyond_accessibility	3.755433	0.079607844	0.11334586
chr6	118708244	5.1357985	3.05195	2.0838485	acetylated_beyond_accessibility	-0.4301753	0.6507435	-0.14079523
chr7	139688235	4.3438053	2.258964	2.0848413	acetylated_beyond_accessibility	0.6660054	1.606441	0.6114211
chr22	50118821	6.011267	3.9261882	2.085079	acetylated_beyond_accessibility	-1.1955845	0.47255015	0.3416984
chr10	97414122	4.8751974	2.7896726	2.0855248	acetylated_beyond_accessibility	0.1369431	0.62774515	0.3942535
chr10	5472485	5.1119876	3.023367	2.0886207	acetylated_beyond_accessibility	-0.054311037	0.81372094	0.1220181
chr22	39818261	4.543295	2.4541094	2.0891855	acetylated_beyond_accessibility	0.72700334	0.5229018	0.4344499
chr10	21208217	5.2522736	3.1612375	2.091036	acetylated_beyond_accessibility	-0.19858742	0.8829291	0.59609413
chr10	27529508	5.0369525	2.9451406	2.091812	acetylated_beyond_accessibility	-1.1778332	0.615278	-0.06985116
chr6	36025720	4.65396	2.5619485	2.0920117	acetylated_beyond_accessibility	0.3380525	0.6275923	0.2099657
chr10	22666637	4.727388	2.6352777	2.0921102	acetylated_beyond_accessibility	-0.39191723	1.1434321	-0.115149975
chr17	6575597	4.9272537	2.8337693	2.0934844	acetylated_beyond_accessibility	0.6661923	0.18321562	0.06119919
chr10	25466140	5.602119	3.508133	2.093986	acetylated_beyond_accessibility	0.08267665	0.94492006	0.20027924
chr17	42928830	6.4118185	4.31718	2.0946383	acetylated_beyond_accessibility	0.14464712	1.6175237	1.0987825
chr22	46180558	3.6888795	1.5937703	2.0951092	acetylated_beyond_accessibility	1.8987141	0.23424363	0.11688757
chr17	58692055	5.198497	3.1023693	2.0961275	acetylated_beyond_accessibility	1.6446962	0.68634844	0.49447203
chr7	142808019	4.26268	2.1665041	2.096176	acetylated_beyond_accessibility	0.4204762	0.3343742	0.1761427
chr20	51434939	4.465908	2.3680668	2.0978413	acetylated_beyond_accessibility	0.32474613	0.38194776	0.71428776
chr18	22468039	5.123964	3.0253189	2.098645	acetylated_beyond_accessibility	0.45994043	0.77372336	0.66998434
chr10	34758716	4.1431346	2.042685	2.1004496	acetylated_beyond_accessibility	1.1559181	1.2794096	0.82822514
chr20	4074489	5.2832036	3.1818075	2.101396	acetylated_beyond_accessibility	-0.5129008	1.2523603	0.2709999
chr10	3094963	6.3044486	4.20302	2.1014285	acetylated_beyond_accessibility	-0.90967727	0.8055401	0.20765448
chr17	76053984	4.3820267	2.2803917	2.101635	acetylated_beyond_accessibility	0.34045482	0.19986105	0.47749424
chr10	70649735	4.3820267	2.277594	2.1044326	acetylated_beyond_accessibility	-0.27013922	0.6929908	0.04682398
chr22	49808257	5.966147	3.861317	2.10483	acetylated_beyond_accessibility	-0.28986168	0.9263389	0.5633738
chr10	97653531	5.0238805	2.917935	2.1059456	acetylated_beyond_accessibility	-0.4964273	0.36250663	0.13157701
chr21	19999985	4.787492	2.6811752	2.1063166	acetylated_beyond_accessibility	0.33077288	0.04683757	0.28228164
chr12	24695285	5.170484	3.0634427	2.1070414	acetylated_beyond_accessibility	-1.243247	0.07468557	0.019956112
chr6	4688444	5.560682	3.4529865	2.1076953	acetylated_beyond_accessibility	0.6646502	1.5088894	0.7316787
chr17	32929424	4.762174	2.6537364	2.1084378	acetylated_beyond_accessibility	1.3140478	0.9851649	0.69038963
chr6	37109964	6.0210233	3.9124522	2.108571	acetylated_beyond_accessibility	-1.1130891	0.3999157	0.07949042
chr12	110403893	6.896694	4.787902	2.1087923	acetylated_beyond_accessibility	-0.11371136	0.8505449	0.20265007
chr10	7028244	6.5971456	4.4876504	2.1094952	acetylated_beyond_accessibility	-1.7856553	1.1787801	0.57472277
chr6	106889892	4.4188404	2.3091073	2.109733	acetylated_beyond_accessibility	0.3335917	0.45081544	0.33320785
chr6	39999259	5.5134287	3.4025826	2.110846	acetylated_beyond_accessibility	-0.2933433	0.5872257	-0.05398941
chr18	48693934	4.59512	2.4827802	2.1123397	acetylated_beyond_accessibility	0.15988493	0.20694137	0.23757935
chr7	159005927	4.477337	2.3642058	2.113131	acetylated_beyond_accessibility	0.97924566	0.9862833	0.010961294
chr10	118483040	5.817111	3.7038987	2.1132123	acetylated_beyond_accessibility	-0.9147718	0.6118705	0.3321321
chr7	142809201	4.9698133	2.8562098	2.1136036	acetylated_beyond_accessibility	-0.21774077	0.059882164	0.6928067
chr17	47288697	6.4297194	4.312097	2.1176224	acetylated_beyond_accessibility	-0.5498953	1.9266315	0.7090478
chr20	22837026	4.477337	2.35823	2.1191068	acetylated_beyond_accessibility	0.41974664	1.2089074	0.6297376
chr7	99466202	6.6147256	4.495272	2.1194534	acetylated_beyond_accessibility	-1.695049	0.358181	-0.24338865
chr22	30421803	5.9053617	3.785203	2.1201587	acetylated_beyond_accessibility	-0.5537522	0.76028156	0.16765094
chr21	33761872	4.248495	2.127086	2.1214092	acetylated_beyond_accessibility	1.5192411	1.2780194	0.3677883
chr10	45495789	3.6109178	1.4893603	2.1215575	acetylated_beyond_accessibility	1.1940904	0.5330405	0.09393203
chr10	3829553	5.0238805	2.9018857	2.1219947	acetylated_beyond_accessibility	0.7105787	0.5414324	0.17673802
chr7	75938093	5.638355	3.516202	2.1221528	acetylated_beyond_accessibility	0.9224243	2.033564	1.1355805
chr12	131351797	5.855072	3.731628	2.123444	acetylated_beyond_accessibility	-1.6234221	0.13368893	-0.026454687
chr20	64303260	2.3978953	0.27253264	2.1253626	acetylated_beyond_accessibility	1.8273652	-0.25497288	0.16436255
chr10	118482065	4.6051702	2.479296	2.1258743	acetylated_beyond_accessibility	-0.18403006	0.6942692	0.22166204
chr6	34664563	6.7452364	4.6179934	2.127243	acetylated_beyond_accessibility	-0.62571716	0.53590107	0.7533064
chr6	28944590	6.413459	4.284634	2.1288247	acetylated_beyond_accessibility	-0.74932885	0.6230097	0.23435736
chr7	12585096	4.553877	2.4248188	2.1290581	acetylated_beyond_accessibility	0.4958284	0.96039796	0.36278772
chr12	108838556	5.327876	3.1986547	2.1292214	acetylated_beyond_accessibility	0.4294188	1.4148612	0.7701411
chr17	60470142	5.484797	3.3554878	2.1293092	acetylated_beyond_accessibility	0.3580892	1.1913495	0.8132858
chr17	38852877	6.3438807	4.213697	2.1301837	acetylated_beyond_accessibility	0.0008072853	0.7108493	0.48549652
chr6	45049388	3.7612002	1.6286474	2.1325526	acetylated_beyond_accessibility	1.2178618	0.7262856	0.49439013
chr6	37059453	6.163315	4.029853	2.133462	acetylated_beyond_accessibility	-1.0098348	1.6631851	0.33264923
chr8	127854528	5.605802	3.470895	2.134907	acetylated_beyond_accessibility	0.30786896	0.93784213	0.5902016
chr21	33947907	6.249975	4.1149626	2.1350126	acetylated_beyond_accessibility	0.5837436	1.8636484	0.4996972
chr6	28961204	6.0402546	3.9051173	2.1351373	acetylated_beyond_accessibility	-0.5677955	1.2173145	0.6143601
chr17	4101261	5.5333896	3.3971581	2.1362314	acetylated_beyond_accessibility	-0.030969143	0.9526181	0.12365723
chr22	29109848	4.7706847	2.632743	2.1379418	acetylated_beyond_accessibility	0.5317385	0.45663404	0.51645327
chr6	148530714	4.3307333	2.1915395	2.1391938	acetylated_beyond_accessibility	1.7512903	1.2553153	0.9752977
chr12	110079928	5.6970935	3.5546799	2.1424136	acetylated_beyond_accessibility	-0.007599592	1.2408276	0.26452637
chr7	86933447	4.5849676	2.4419558	2.1430118	acetylated_beyond_accessibility	0.9349649	1.2532928	0.25195742
chr22	46604566	6.082219	3.9371557	2.1450634	acetylated_beyond_accessibility	0.72994566	1.0636873	0.47613096
chr7	103254175	3.9702919	1.8227336	2.1475582	acetylated_beyond_accessibility	1.012948	-0.03920722	0.15117967
chr10	17215281	4.9972124	2.8496435	2.147569	acetylated_beyond_accessibility	-0.03612089	0.32601237	0.17188215
chr17	82886226	6.605298	4.4568787	2.1484194	acetylated_beyond_accessibility	-1.151057	0.13993168	0.045973778
chr12	46549806	6.0473723	3.8953586	2.1520138	acetylated_beyond_accessibility	-0.23125196	1.044599	0.4981408
chr22	32576944	4.8441873	2.689993	2.1541944	acetylated_beyond_accessibility	1.0550549	0.342422	0.19239354
chr17	41646002	4.4426513	2.2827487	2.1599026	acetylated_beyond_accessibility	1.5306304	1.3198986	0.9759059
chr17	69046313	4.3438053	2.1834836	2.1603217	acetylated_beyond_accessibility	-0.742874	0.49259186	-0.15891123
chr20	35305885	4.204693	2.0433946	2.1612983	acetylated_beyond_accessibility	1.9291198	0.16134262	0.25373125
chr7	150960302	6.8783264	4.716027	2.1622996	acetylated_beyond_accessibility	-1.5414264	0.9021764	0.116888046
chr8	120445286	6.413459	4.250457	2.163002	acetylated_beyond_accessibility	0.12013626	1.6219482	0.6568155
chr7	102122350	4.477337	2.3118186	2.1655183	acetylated_beyond_accessibility	0.69213223	1.4178648	0.52954245
chr6	13980696	5.9107966	3.744861	2.1659358	acetylated_beyond_accessibility	-1.4908292	0.19099283	0.08695698
chr12	24695983	6.001415	3.8318205	2.1695943	acetylated_beyond_accessibility	-1.535923	0.60471773	0.09070897
chr12	38669728	4.1431346	1.9735028	2.169632	acetylated_beyond_accessibility	0.8545083	0.9963535	0.35628808
chr6	3355766	6.369901	4.1993055	2.1705956	acetylated_beyond_accessibility	-0.4057052	1.2028289	0.16502285
chr12	1325127	4.356709	2.18325	2.173459	acetylated_beyond_accessibility	1.2914162	1.2436914	0.38272476
chr22	37304788	4.0430512	1.8681948	2.1748564	acetylated_beyond_accessibility	1.428031	-0.036439538	0.1501534
chr17	75262414	5.9839363	3.8077383	2.176198	acetylated_beyond_accessibility	0.75532436	0.6567893	0.1985879
chr17	4839616	5.4026775	3.2242641	2.1784134	acetylated_beyond_accessibility	-0.11242986	0.531415	0.34854412
chr17	55086779	4.6728287	2.4944043	2.1784244	acetylated_beyond_accessibility	-0.10992265	1.3977051	0.58385754
chr22	37307997	4.248495	2.0695438	2.1789513	acetylated_beyond_accessibility	1.0448127	0.12646723	0.18755674
chr10	3828807	5.327876	3.1474123	2.1804638	acetylated_beyond_accessibility	0.7020395	0.97644615	0.6925545
chr6	4059323	4.1431346	1.9601519	2.1829827	acetylated_beyond_accessibility	0.89230585	0.8380468	0.43104386
chr7	150321067	5.7203116	3.5369616	2.18335	acetylated_beyond_accessibility	-0.75441957	1.2293854	0.13091469
chr20	51339965	4.905275	2.7216747	2.1836002	acetylated_beyond_accessibility	0.0659852	0.8629439	0.203336
chr8	124197095	5.313206	3.1289146	2.1842916	acetylated_beyond_accessibility	0.20175958	1.2348268	0.4230473
chr6	43946044	5.1357985	2.949769	2.1860294	acetylated_beyond_accessibility	0.08099437	0.35179758	0.2930889
chr10	5292034	5.220356	3.0336077	2.1867483	acetylated_beyond_accessibility	1.1595361	0.99526477	0.5636699
chr6	30782067	6.603944	4.4129634	2.1909804	acetylated_beyond_accessibility	-0.749506	1.1928778	0.8238492
chr6	37183415	6.7945867	4.6014047	2.193182	acetylated_beyond_accessibility	-2.001634	0.89741945	-0.09041405
chr18	3039212	5.7004437	3.5048661	2.1955776	acetylated_beyond_accessibility	-0.14000702	0.3715253	-0.0007491112
chr17	597446	4.060443	1.8616052	2.1988378	acetylated_beyond_accessibility	2.0129924	0.1785376	-0.091551065
chr17	17822392	5.123964	2.9205751	2.2033887	acetylated_beyond_accessibility	-0.36178613	-0.04034996	-0.17891431
chr12	716758	4.59512	2.3878603	2.2072597	acetylated_beyond_accessibility	-0.44043148	0.517643	0.005799532
chr12	131576910	4.1743875	1.9667639	2.2076235	acetylated_beyond_accessibility	1.4543704	0.09641564	0.07719147
chr6	30822127	4.26268	2.0534003	2.2092798	acetylated_beyond_accessibility	1.2108498	0.45799398	0.22464108
chr18	8914070	6.1984787	3.9889302	2.2095485	acetylated_beyond_accessibility	-1.6471915	-0.3233719	0.19732428
chr12	667200	5.3612924	3.1511087	2.2101836	acetylated_beyond_accessibility	0.37948942	0.59947395	0.925694
chr17	27566834	5.627621	3.4172254	2.2103958	acetylated_beyond_accessibility	-0.05449748	0.9288511	0.18694949
chr17	20059914	4.6151204	2.4019842	2.2131362	acetylated_beyond_accessibility	0.7569401	1.0244622	0.5564344
chr7	102876047	4.6728287	2.4575992	2.2152295	acetylated_beyond_accessibility	0.38751125	0.5199728	0.67422533
chr22	31891762	5.5134287	3.2974973	2.2159314	acetylated_beyond_accessibility	0.44134974	0.78401756	0.5572834
chr17	78047145	3.9318256	1.7139289	2.2178967	acetylated_beyond_accessibility	0.56569886	0.3744235	0.18663108
chr7	146019284	4.454347	2.2356334	2.2187138	acetylated_beyond_accessibility	0.23470974	1.0774279	0.79676604
chr17	62179709	5.192957	2.9727645	2.2201924	acetylated_beyond_accessibility	0.21288109	1.1204419	0.74177694
chr21	8759233	4.804021	2.582616	2.2214048	acetylated_beyond_accessibility	1.1102307	-0.16364431	0.7659795
chr7	6992385	2.8903718	0.66877073	2.221601	acetylated_beyond_accessibility	2.736793	0.24020112	0.104430854
chr17	15237303	5.0106354	2.788355	2.2222803	acetylated_beyond_accessibility	-0.031460762	0.3820603	0.3659215
chr18	22452184	5.214936	2.9920714	2.2228644	acetylated_beyond_accessibility	-0.23321462	0.067237616	-0.2634282
chr10	97840354	4.9767337	2.7509515	2.2257822	acetylated_beyond_accessibility	0.63011456	1.0212309	0.34148622
chr12	131000197	5.549076	3.3190627	2.2300134	acetylated_beyond_accessibility	0.58789635	1.4292216	1.0687613
chr7	20221324	5.9427996	3.712695	2.2301047	acetylated_beyond_accessibility	-0.7756233	0.69883513	0.39412665
chr7	37975095	4.890349	2.658043	2.232306	acetylated_beyond_accessibility	-0.14528799	0.21165133	0.12699294
chr18	9017533	7.011214	4.7756405	2.2355733	acetylated_beyond_accessibility	-0.9969671	1.1093578	0.07475567
chr17	7012478	6.1136823	3.8767881	2.2368941	acetylated_beyond_accessibility	1.2495623	0.5352869	0.6536293
chr7	101138526	6.2934194	4.0558734	2.237546	acetylated_beyond_accessibility	-0.19887733	1.4394851	0.9127073
chr6	158854609	7.0422864	4.804329	2.2379575	acetylated_beyond_accessibility	0.34887457	1.151865	1.0089722
chr17	602686	4.7957907	2.5565686	2.239222	acetylated_beyond_accessibility	0.6570642	0.54731846	0.32134104
chr10	92822116	5.2574954	3.0182037	2.2392917	acetylated_beyond_accessibility	0.93559384	1.3607721	0.99287033
chr12	75641207	4.1431346	1.9018314	2.2413032	acetylated_beyond_accessibility	1.5295973	1.1124609	0.74812245
chr10	98781048	4.574711	2.3331327	2.241578	acetylated_beyond_accessibility	0.6155958	0.7905085	0.25321436
chr21	46500438	5.288267	3.045812	2.2424552	acetylated_beyond_accessibility	0.79268026	1.3119586	0.7728059
chr6	14709220	4.836282	2.5916426	2.2446392	acetylated_beyond_accessibility	0.50858307	0.6694484	0.066379786
chr20	1255840	4.317488	2.068591	2.248897	acetylated_beyond_accessibility	0.4117205	0.27477455	0.0714097
chr17	4796760	4.919981	2.6704473	2.2495337	acetylated_beyond_accessibility	1.3144362	0.18693256	-0.084387064
chr10	126197269	4.5108595	2.2608058	2.2500536	acetylated_beyond_accessibility	0.26964855	-0.19484687	0.2844193
chr21	18760016	5.056246	2.80106	2.2551858	acetylated_beyond_accessibility	0.22067833	1.0591307	0.42417693
chr17	62234321	3.1354942	0.87983507	2.255659	acetylated_beyond_accessibility	2.1849496	0.17406422	0.06534052
chr10	75110358	6.2934194	4.035681	2.2577386	acetylated_beyond_accessibility	-1.5022593	0.50876236	0.23844528
chr17	7838439	5.4595857	3.2014227	2.258163	acetylated_beyond_accessibility	-0.65681124	0.7355766	-0.10919404
chr17	69947555	4.5849676	2.3250115	2.2599561	acetylated_beyond_accessibility	0.12609935	0.1793611	0.11682558
chr20	50441839	5.480639	3.218636	2.262003	acetylated_beyond_accessibility	-0.42955518	0.60388374	0.40917253
chr18	22668163	5.9964523	3.7332337	2.2632186	acetylated_beyond_accessibility	0.3893807	1.0849464	0.8306925
chr20	45881176	5.560682	3.2958188	2.264863	acetylated_beyond_accessibility	-0.1726296	0.83375216	0.15727043
chr10	73110418	6.0354815	3.7702968	2.2651846	acetylated_beyond_accessibility	-0.5104675	0.837064	0.36056352
chr17	45254082	4.828314	2.562851	2.2654629	acetylated_beyond_accessibility	0.08105254	0.23075151	-0.12144351
chr12	130764807	3.7612002	1.4941182	2.267082	acetylated_beyond_accessibility	-0.07782304	1.7796202	1.3430896
chr7	471327	5.5947113	3.3253887	2.2693226	acetylated_beyond_accessibility	-0.9316206	-0.21649384	-0.7045865
chr22	20085111	6.1202974	3.8503435	2.269954	acetylated_beyond_accessibility	-1.6982062	0.56406	-0.34471798
chr17	44708000	5.433722	3.161049	2.2726731	acetylated_beyond_accessibility	1.9255791	0.797771	0.82542586
chr20	31674192	6.003887	3.7298365	2.2740507	acetylated_beyond_accessibility	-1.0907857	0.28004503	0.15654802
chr12	132471266	4.983607	2.7088327	2.274774	acetylated_beyond_accessibility	0.8727999	0.7933769	0.14704132
chr7	102973317	6.5453496	4.270252	2.2750974	acetylated_beyond_accessibility	0.5425391	1.495029	0.7281575
chr17	22088862	3.9512436	1.6712229	2.2800207	acetylated_beyond_accessibility	0.9000983	0.12353504	-0.27121234
chr17	27091049	5.170484	2.8890495	2.2814345	acetylated_beyond_accessibility	0.3647039	0.17487478	-0.22191763
chr17	21612924	5.31812	3.0346184	2.2835016	acetylated_beyond_accessibility	-0.36912036	-0.21381569	-0.122695446
chr17	64024347	6.184149	3.900528	2.2836208	acetylated_beyond_accessibility	-0.49214983	1.1095452	0.5213723
chr7	135558185	7.3138866	5.0271564	2.2867303	acetylated_beyond_accessibility	-0.85155106	0.67627525	0.17849779
chr10	51700098	6.919684	4.6296105	2.2900734	acetylated_beyond_accessibility	0.8451786	1.2059331	0.85413027
chr12	122367066	4.65396	2.3628502	2.29111	acetylated_beyond_accessibility	-0.13353229	0.6221471	0.07538772
chr17	80320124	4.7184987	2.4273815	2.2911172	acetylated_beyond_accessibility	0.82624865	-0.13881326	0.020802498
chr22	39961427	5.9480352	3.6558228	2.2922125	acetylated_beyond_accessibility	0.021792173	0.8980508	0.57904863
chr6	33840414	6.783325	4.4897847	2.2935405	acetylated_beyond_accessibility	-0.15083551	2.2174945	1.3089051
chr7	585568	5.389072	3.0954885	2.2935834	acetylated_beyond_accessibility	1.2972803	0.5022459	0.30760717
chr20	2664235	5.645447	3.351174	2.2942727	acetylated_beyond_accessibility	2.9485295	1.0271475	0.9442575
chr18	58088214	5.420535	3.124852	2.2956831	acetylated_beyond_accessibility	-0.67959	0.90952134	0.30618
chr10	60979989	4.9904327	2.6941624	2.2962704	acetylated_beyond_accessibility	0.2194159	0.9819548	0.2990234
chr20	45810334	4.6051702	2.3073485	2.2978218	acetylated_beyond_accessibility	1.2572999	0.27326775	0.26315308
chr12	643880	5.7807436	3.4769492	2.3037944	acetylated_beyond_accessibility	0.46067905	0.14605474	0.5081756
chr17	77124382	5.3844953	3.0791717	2.3053236	acetylated_beyond_accessibility	1.0773053	0.61764	0.46967387
chr8	123613699	4.9698133	2.6637652	2.3060482	acetylated_beyond_accessibility	0.5710218	0.9073174	0.8662369
chr10	132684579	5.1059456	2.7976515	2.308294	acetylated_beyond_accessibility	0.59329796	0.43297458	0.43191576
chr10	118483680	5.805135	3.4884317	2.316703	acetylated_beyond_accessibility	-1.2237444	0.15280104	0.048266172
chr17	80544819	5.855072	3.538013	2.317059	acetylated_beyond_accessibility	0.15477061	0.61381626	0.06984234
chr12	4538777	6.514713	4.1949935	2.3197193	acetylated_beyond_accessibility	1.2987294	1.9926801	0.5620012
chr6	14728788	5.9427996	3.622149	2.3206506	acetylated_beyond_accessibility	-0.8933921	0.56735754	0.09779835
chr12	65667107	4.836282	2.5152378	2.321044	acetylated_beyond_accessibility	0.2735982	0.89496946	0.39826274
chr12	11799089	4.912655	2.5914347	2.3212202	acetylated_beyond_accessibility	-0.036108017	0.8398578	0.2039895
chr17	82345534	6.4599047	4.1327977	2.327107	acetylated_beyond_accessibility	1.0006995	1.5542197	0.7236862
chr8	129691145	6.44254	4.1136937	2.3288465	acetylated_beyond_accessibility	-0.93569064	0.6814122	0.55706453
chr17	53749388	5.2832036	2.9541516	2.329052	acetylated_beyond_accessibility	1.8682618	1.8166122	0.5150342
chr8	124849302	4.7361984	2.4051368	2.3310616	acetylated_beyond_accessibility	0.30167317	0.29196477	0.022229433
chr18	3037561	5.9914646	3.654943	2.3365216	acetylated_beyond_accessibility	0.16149735	1.2282968	0.508018
chr22	26630527	5.0039463	2.665386	2.3385603	acetylated_beyond_accessibility	0.09057689	-0.15160489	0.15068197
chr6	88420898	5.1119876	2.7707186	2.341269	acetylated_beyond_accessibility	1.371573	1.9100657	0.8881731
chr18	22580279	4.65396	2.307728	2.3462322	acetylated_beyond_accessibility	1.1240022	1.099155	1.1032436
chr22	38181809	6.7007313	4.3533845	2.3473468	acetylated_beyond_accessibility	2.118843	1.1201191	0.47087383
chr17	6969499	4.3820267	2.0290313	2.3529954	acetylated_beyond_accessibility	1.9866548	0.9759369	0.8493576
chr22	19947716	6.72022	4.36471	2.3555102	acetylated_beyond_accessibility	-0.47427988	1.5077643	0.26407766
chr18	3294879	4.59512	2.2385507	2.3565693	acetylated_beyond_accessibility	0.28763795	1.0024335	0.5322876
chr12	6638638	5.739793	3.3818498	2.357943	acetylated_beyond_accessibility	-0.3427267	0.30817604	-0.036919594
chr6	43627418	7.8296304	5.4714546	2.3581758	acetylated_beyond_accessibility	-2.4765186	0.7826085	0.51582336
chr17	64572941	5.6629605	3.3023734	2.3605871	acetylated_beyond_accessibility	-0.21496367	0.8923478	0.34687257
chr8	12522130	3.2580965	0.8916031	2.3664932	acetylated_beyond_accessibility	2.1454964	0.19846416	0.15374506
chr10	122308087	3.7376697	1.3682892	2.3693805	acetylated_beyond_accessibility	1.959847	0.2704326	0.4689145
chr17	82217829	5.886104	3.515027	2.371077	acetylated_beyond_accessibility	0.4717052	0.35544062	0.44625497
chr17	33909041	4.9272537	2.5545793	2.3726745	acetylated_beyond_accessibility	0.4282596	0.52664375	0.46244454
chr22	50510014	4.9767337	2.6031415	2.3735921	acetylated_beyond_accessibility	0.40757036	0.1540196	-0.10259843
chr17	48002586	5.673323	3.2978754	2.3754478	acetylated_beyond_accessibility	-0.11684322	0.6842365	0.42242217
chr8	965823	5.370638	2.9918706	2.3787673	acetylated_beyond_accessibility	-0.52446055	-0.2750697	-0.32065487
chr18	22667338	5.5093884	3.126556	2.3828325	acetylated_beyond_accessibility	-0.3291657	0.43692207	0.21830201
chr20	31675484	7.3192024	4.9360986	2.3831038	acetylated_beyond_accessibility	-0.63698053	1.7970233	0.9374528
chr20	30671444	4.804021	2.416928	2.3870928	acetylated_beyond_accessibility	0.020477295	0.26824594	0.014243126
chr17	17477164	5.7300997	3.341763	2.3883367	acetylated_beyond_accessibility	0.14462519	-0.38476038	-0.15706491
chr8	143899835	6.315358	3.9257038	2.3896544	acetylated_beyond_accessibility	-0.3504572	1.4999926	0.12627673
chr17	77876147	4.9767337	2.5738182	2.4029155	acetylated_beyond_accessibility	0.37218785	1.3372736	0.6320348
chr17	69092738	6.297109	3.8941898	2.4029193	acetylated_beyond_accessibility	-1.0920665	0.24946737	0.09266615
chr20	32539975	5.497168	3.0894792	2.4076889	acetylated_beyond_accessibility	-0.11444616	0.8326974	0.059633255
chr8	58842428	5.4467373	3.0382376	2.4084997	acetylated_beyond_accessibility	1.2835059	2.206664	2.0971498
chr17	80319566	4.65396	2.2448955	2.4090648	acetylated_beyond_accessibility	0.5392225	-0.008694649	-0.04121828
chr17	77121994	5.9107966	3.5005717	2.410225	acetylated_beyond_accessibility	-0.10649133	0.034976006	0.09669185
chr17	62171685	5.9584246	3.545308	2.4131165	acetylated_beyond_accessibility	-1.01599	0.017167568	0.06453824
chr8	123630524	5.641907	3.2266374	2.4152699	acetylated_beyond_accessibility	-0.59373784	1.4665036	0.5677407
chr22	39946770	6.4907236	4.074794	2.4159298	acetylated_beyond_accessibility	-0.71477485	0.78782034	0.25741482
chr17	46923241	6.9555926	4.538895	2.4166975	acetylated_beyond_accessibility	0.9256625	0.89293385	0.7118964
chr17	58575661	4.1271343	1.7083218	2.4188125	acetylated_beyond_accessibility	2.2606876	1.5826972	0.5286815
chr8	38081605	6.897705	4.4735737	2.4241314	acetylated_beyond_accessibility	0.41650867	1.0694904	0.8611746
chr10	7797686	4.189655	1.7621014	2.4275534	acetylated_beyond_accessibility	1.3920679	0.5344527	0.51789546
chr6	28959078	4.276666	1.8484998	2.4281664	acetylated_beyond_accessibility	0.48623872	0.4625013	-0.05414784
chr20	1215739	5.31812	2.886677	2.431443	acetylated_beyond_accessibility	0.7124202	0.7134607	0.30010843
chr12	23416460	4.4886365	2.0464983	2.4421382	acetylated_beyond_accessibility	0.79631686	1.3409414	0.33365917
chr17	77138096	4.644391	2.2001128	2.4442782	acetylated_beyond_accessibility	0.40048456	0.11290169	0.30950928
chr17	80254979	6.603944	4.1534724	2.4504714	acetylated_beyond_accessibility	0.5302367	1.1860046	1.0136113
chr12	47776851	6.122493	3.6668177	2.4556751	acetylated_beyond_accessibility	0.63568974	0.91552496	0.279279
chr22	41205267	5.3471074	2.8843935	2.462714	acetylated_beyond_accessibility	2.3179233	1.4037721	0.45946288
chr17	33908454	5.062595	2.5986586	2.4639363	acetylated_beyond_accessibility	0.48603582	0.74462175	0.8358183
chr8	30731641	4.564348	2.0980203	2.466328	acetylated_beyond_accessibility	1.8126488	-0.36130095	0.63057494
chr7	106569201	7.901007	5.4307666	2.4702406	acetylated_beyond_accessibility	-1.3629904	0.40191078	0.5198817
chr6	14744158	4.804021	2.3325484	2.4714725	acetylated_beyond_accessibility	1.594532	1.6595354	1.0174501
chr6	14734506	6.617403	4.134637	2.4827662	acetylated_beyond_accessibility	0.08556318	1.1166806	0.7184439
chr12	1306353	4.9698133	2.4865255	2.4832878	acetylated_beyond_accessibility	0.11560607	0.35315657	0.035813093
chr6	39992497	4.624973	2.1412222	2.4837506	acetylated_beyond_accessibility	0.19261241	0.18565631	0.05582714
chr10	125823401	6.8101425	4.3259454	2.4841971	acetylated_beyond_accessibility	0.30955124	0.27984095	0.47999334
chr18	21735738	5.7807436	3.2938988	2.4868448	acetylated_beyond_accessibility	-0.35938168	0.29197526	-0.1555636
chr10	3314422	4.4886365	2.000354	2.4882824	acetylated_beyond_accessibility	1.6612487	3.2560022	1.838238
chr6	39993402	5.638355	3.1493287	2.489026	acetylated_beyond_accessibility	0.07656813	1.0632296	0.45851302
chr7	153412234	5.799093	3.3084874	2.4906054	acetylated_beyond_accessibility	-0.16958737	-0.2052021	-0.016664505
chr20	51338768	5.0998664	2.606623	2.4932435	acetylated_beyond_accessibility	0.2795756	0.9237056	0.05415368
chr21	5245101	4.7361984	2.2331686	2.5030298	acetylated_beyond_accessibility	0.3555634	-0.15327287	0.06000781
chr6	53616071	5.192957	2.6894603	2.5034966	acetylated_beyond_accessibility	0.95393443	1.5834498	0.9948237
chr20	812322	4.1743875	1.6694815	2.504906	acetylated_beyond_accessibility	1.2618432	0.5291686	0.51724076
chr8	128556859	5.609472	3.1044085	2.5050633	acetylated_beyond_accessibility	-0.046570778	1.0817187	0.16556859
chr18	35111639	6.001415	3.4866364	2.5147784	acetylated_beyond_accessibility	-0.80273056	0.6803043	0.3861184
chr21	5243063	5.214936	2.6938758	2.52106	acetylated_beyond_accessibility	0.41658354	0.23368931	0.1193099
chr7	99833616	6.1420374	3.6198027	2.5222347	acetylated_beyond_accessibility	1.1393268	1.35902	0.23811388
chr7	108211645	5.5373344	3.0133715	2.523963	acetylated_beyond_accessibility	1.304903	3.3160796	1.1572776
chr12	74509305	4.5849676	2.0591674	2.5258002	acetylated_beyond_accessibility	0.7583134	0.97083473	0.36669683
chr17	20867648	4.94876	2.4169264	2.5318336	acetylated_beyond_accessibility	0.18479943	-0.30822372	-0.37269974
chr21	10413528	5.9053617	3.3676383	2.5377233	acetylated_beyond_accessibility	0.28708458	1.702565	0.65094113
chr22	36052795	5.590987	3.0452673	2.5457199	acetylated_beyond_accessibility	1.2618988	1.3348796	0.8221555
chr6	149119413	6.154858	3.6090875	2.5457706	acetylated_beyond_accessibility	-0.8253062	0.81141996	0.15190125
chr10	97648948	5.572154	3.0157444	2.5564096	acetylated_beyond_accessibility	0.13599372	0.8786576	0.3303361
chr18	22668671	5.549076	2.9898424	2.5592337	acetylated_beyond_accessibility	0.25095963	0.5950577	0.46071386
chr10	126199486	4.8751974	2.3102214	2.564976	acetylated_beyond_accessibility	0.8380692	0.5233443	1.071821
chr10	13416035	6.514713	3.946601	2.568112	acetylated_beyond_accessibility	-0.8659992	0.18741894	0.12462568
chr18	8996374	4.9272537	2.3591022	2.5681515	acetylated_beyond_accessibility	0.52626586	0.56908417	0.4444239
chr22	24633500	4.2195077	1.6472268	2.572281	acetylated_beyond_accessibility	1.4658437	0.95460224	0.20204115
chr17	68909267	4.189655	1.611248	2.5784068	acetylated_beyond_accessibility	1.9989524	0.7248554	0.3817706
chr7	158781503	3.5263605	0.94116825	2.5851922	acetylated_beyond_accessibility	3.0190542	1.6718826	0.8298467
chr17	81792768	3.218876	0.6330094	2.5858665	acetylated_beyond_accessibility	2.0856273	1.0261862	0.74439937
chr17	33888506	5.2257466	2.6387105	2.5870361	acetylated_beyond_accessibility	-0.14321446	0.5382519	0.5714221
chr8	124848203	6.4661446	3.8714476	2.594697	acetylated_beyond_accessibility	-0.6040399	1.7627363	0.6835966
chr10	5474830	4.7957907	2.2004144	2.5953763	acetylated_beyond_accessibility	0.3584814	0.077382565	0.69911504
chr21	5246650	4.543295	1.9435866	2.5997083	acetylated_beyond_accessibility	1.0054846	0.004283905	0.41972017
chr17	33873379	6.1202974	3.5146966	2.6056008	acetylated_beyond_accessibility	-0.06551027	0.56561375	0.52131176
chr8	9082335	6.0958247	3.48016	2.6156647	acetylated_beyond_accessibility	0.06521535	2.6364443	0.56230235
chr20	62776949	5.971262	3.3537118	2.6175501	acetylated_beyond_accessibility	0.113324404	0.27759743	0.33370805
chr17	1324337	5.521461	2.9020486	2.6194124	acetylated_beyond_accessibility	2.3438945	0.55908203	0.9952636
chr17	83048625	4.9272537	2.3019128	2.625341	acetylated_beyond_accessibility	1.3765895	0.57484436	0.6143565
chr7	66105803	5.710427	3.0825052	2.6279216	acetylated_beyond_accessibility	-0.25232744	1.3358593	0.1602776
chr7	106569740	7.6690283	5.035015	2.6340132	acetylated_beyond_accessibility	-1.3555586	0.60097265	0.4430027
chr17	39336000	6.1696105	3.5331573	2.6364532	acetylated_beyond_accessibility	-0.5793252	0.43441343	-0.100847244
chr22	36331655	5.5333896	2.8883698	2.6450198	acetylated_beyond_accessibility	0.22010446	0.08876777	0.26596475
chr7	153412898	6.4861608	3.8360615	2.6500993	acetylated_beyond_accessibility	-0.10427499	0.93952847	0.20043802
chr18	31739064	5.1119876	2.4609456	2.651042	acetylated_beyond_accessibility	2.058227	0.93908525	1.0171509
chr18	9005650	6.1246834	3.44853	2.6761534	acetylated_beyond_accessibility	-0.8431921	0.31999636	0.1768012
chr7	155206563	7.9441376	5.257354	2.6867838	acetylated_beyond_accessibility	-1.5761733	1.9014521	1.0755281
chr10	5284615	5.710427	3.0229142	2.6875126	acetylated_beyond_accessibility	0.31925225	0.91119814	0.47145844
chr22	43985733	4.828314	2.1389983	2.6893156	acetylated_beyond_accessibility	2.4379513	1.8967083	0.6769054
chr10	131916457	6.1441855	3.441924	2.7022614	acetylated_beyond_accessibility	2.3426113	0.7844	1.2331853
chr7	22707215	5.1416636	2.4276586	2.714005	acetylated_beyond_accessibility	0.44573617	-1.0477895	0.43295956
chr20	10511735	5.9480352	3.2323465	2.7156887	acetylated_beyond_accessibility	1.5105782	1.7783756	1.7346268
chr12	1714053	4.7706847	2.0523643	2.7183204	acetylated_beyond_accessibility	1.022769	0.23146248	0.48365045
chr10	24921545	6.2690964	3.5359294	2.733167	acetylated_beyond_accessibility	0.81516385	1.291054	1.0209496
chr12	6639520	6.2709885	3.5313768	2.7396116	acetylated_beyond_accessibility	1.3246841	0.94484425	0.52619886
chr10	38402876	4.543295	1.8026171	2.7406778	acetylated_beyond_accessibility	1.9897976	0.76130724	-0.24599051
chr10	7029324	6.603944	3.8623781	2.7415657	acetylated_beyond_accessibility	-1.301645	0.44028854	0.3590951
chr20	50147111	5.587249	2.8408124	2.7464364	acetylated_beyond_accessibility	-0.17434478	1.7206509	0.3883636
chr20	30682308	3.9702919	1.2146125	2.7556794	acetylated_beyond_accessibility	1.055234	-0.14120078	0.15021253
chr12	23509643	4.7791233	2.014822	2.7643013	acetylated_beyond_accessibility	1.0522165	0.14127159	0.029134274
chr20	32109822	7.138867	4.362417	2.7764497	acetylated_beyond_accessibility	-0.40815806	1.2726526	1.0460901
chr21	5244019	5.480639	2.6945624	2.7860765	acetylated_beyond_accessibility	3.1112275	1.2961156	1.1256244
chr8	142961746	4.8441873	2.0335867	2.8106005	acetylated_beyond_accessibility	1.5748928	0.7451136	0.41480112
chr10	69316095	7.63868	4.8201733	2.8185067	acetylated_beyond_accessibility	-1.600111	1.7088528	0.59202003
chr22	39947555	6.610696	3.7895393	2.8211565	acetylated_beyond_accessibility	-0.5953896	0.25984812	0.10438633
chr7	138350878	5.897154	3.058066	2.839088	acetylated_beyond_accessibility	0.09956527	1.2816129	0.56490135
chr17	22323422	4.7095304	1.8508542	2.8586762	acetylated_beyond_accessibility	1.8193593	0.50595665	0.25806403
chr7	139914438	6.1180973	3.2397127	2.8783846	acetylated_beyond_accessibility	0.8052249	1.4793935	1.2247529
chr8	8216546	3.912023	1.0333412	2.878682	acetylated_beyond_accessibility	2.4403827	0.76208353	1.2479348
chr7	155205546	7.742836	4.860795	2.882041	acetylated_beyond_accessibility	-1.3069654	1.2850904	0.9171877
chr10	99708617	5.0369525	2.150864	2.8860886	acetylated_beyond_accessibility	0.43605375	0.23146987	-0.106108665
chr7	16398743	3.9318256	1.0281801	2.9036455	acetylated_beyond_accessibility	3.3205905	3.963626	3.835802
chr17	40153557	5.209486	2.2962682	2.9132178	acetylated_beyond_accessibility	2.3508189	1.3873594	1.0720553
chr12	14256717	5.4595857	2.5022254	2.9573603	acetylated_beyond_accessibility	0.64056087	0.3786645	0.33471918
chr12	54935486	4.9698133	2.0039015	2.9659119	acetylated_beyond_accessibility	2.5871572	1.7626228	0.82987213
chr17	16028050	5.6489744	2.6672747	2.9816997	acetylated_beyond_accessibility	1.396198	1.0160825	0.58718085
chr7	16399826	3.9318256	0.9482289	2.9835968	acetylated_beyond_accessibility	3.8884616	4.6563344	3.6642928
chr12	23506876	4.574711	1.5834033	2.9913075	acetylated_beyond_accessibility	1.1867461	0.29914904	0.1708169
chr7	22708450	5.0172796	2.0155158	3.0017638	acetylated_beyond_accessibility	2.099668	0.5071745	0.44867206
chr8	631062	6.22059	3.2140312	3.006559	acetylated_beyond_accessibility	2.7554617	2.7494712	2.2308273
chr7	16397569	4.0253515	1.0113145	3.0140371	acetylated_beyond_accessibility	4.6236567	4.0822163	3.9779992
chr12	131627271	3.6109178	0.57320744	3.0377104	acetylated_beyond_accessibility	1.6136346	0.035924673	-1.4503031
chr10	38403889	4.356709	1.2947814	3.0619276	acetylated_beyond_accessibility	2.6375694	-0.24080992	-0.07874477
chr7	2354468	7.7186856	4.6355762	3.0831094	acetylated_beyond_accessibility	-0.19545221	0.7986469	-0.15633965
chr17	22322714	4.406719	1.2966733	3.110046	acetylated_beyond_accessibility	3.1748862	0.59196055	0.3214444
chr18	8914922	6.2934194	3.1365664	3.156853	acetylated_beyond_accessibility	-0.94307256	0.15977287	-0.02613306
chr18	48566861	5.1873856	2.023127	3.1642585	acetylated_beyond_accessibility	0.9313605	1.4558096	1.0538907
chr17	47067551	5.971262	2.7424836	3.2287784	acetylated_beyond_accessibility	0.78171325	0.88155603	-0.07624173
chr6	26957589	4.59512	1.3461435	3.2489765	acetylated_beyond_accessibility	1.5441186	-0.025633574	0.07305312
chr12	40419	4.4308167	1.1677544	3.2630622	acetylated_beyond_accessibility	1.1952441	0.029786706	0.22021365
chr7	22704989	5.31812	1.9961696	3.3219504	acetylated_beyond_accessibility	1.5717318	0.6307359	0.16835737
chr17	34413327	6.0185933	2.692738	3.3258553	acetylated_beyond_accessibility	2.4277482	1.0334859	0.61505795
chr10	131920341	5.170484	1.8112376	3.3592465	acetylated_beyond_accessibility	4.2158995	1.5911906	1.4333813
chr17	80856652	6.154858	2.7618155	3.3930426	acetylated_beyond_accessibility	2.1268287	2.1039329	0.73935056
chr6	151041039	5.1873856	1.7614913	3.4258943	acetylated_beyond_accessibility	2.1242661	0.5093584	0.32228684
chr17	28268453	4.624973	1.176408	3.4485648	acetylated_beyond_accessibility	6.636182	1.237792	1.8527272
chr12	39652	4.394449	0.91959924	3.47485	acetylated_beyond_accessibility	1.3460236	0.2438721	0.03231615
chr8	629357	5.6347895	2.0123227	3.6224668	acetylated_beyond_accessibility	4.0377426	1.4771256	2.7532928
chr17	646049	4.4188404	0.7096021	3.7092383	acetylated_beyond_accessibility	4.0640936	0.35944104	1.5318978
chr12	23508126	5.273	1.3844956	3.888504	acetylated_beyond_accessibility	1.7756425	0.5226865	0.6347257
chr17	74514507	5.220356	1.306332	3.9140239	acetylated_beyond_accessibility	0.4298929	1.9639984	3.093279
chr10	131918907	5.926926	0.9746633	4.952263	acetylated_beyond_accessibility	6.6365433	1.4643803	2.1919618
chr8	630384	6.22059	0.970018	5.250572	acetylated_beyond_accessibility	7.0241323	3.0908365	3.6716275
