motif_seq	motif_counts	orientation_pattern	spacing	model_fold	log2_fc_vs_baseline	log2_fc_vs_single	mean_prediction	n_sequences	log2_fc_vs_single_GATA	log2_fc_vs_single_Ebox
['GATAA', 'CACGTG']	2	++	50	0	0.16195033314545002	0.07358533003912641	1.6068803071975708	1000	-0.013344276303578068	0.16051494444351766
['GATAA', 'CACGTG']	2	++	50	1	0.1715137294163155	0.07937057918909068	1.7854573726654053	1000	-0.012703634211041807	0.1714447858711509
['GATAA', 'CACGTG']	2	++	50	2	0.1662699138980144	0.08098750632792442	1.6891467571258545	1000	-0.002622780100838622	0.1645977803282537
['GATAA', 'CACGTG']	2	++	50	3	0.15127810023097793	0.06680728953922524	1.549777626991272	1000	-0.02045211637795451	0.1540666914255616
['GATAA', 'CACGTG']	2	++	50	4	0.17005685363194098	0.07873088971920647	1.8000013828277588	1000	-0.011966886063420272	0.1694286762507489
['GATAA', 'CACGTG']	2	+-	50	0	0.16195033314545002	0.07358533003912641	1.6068803071975708	1000	-0.013344276303578068	0.16051494444351766
['GATAA', 'CACGTG']	2	+-	50	1	0.1715137294163155	0.07937057918909068	1.7854573726654053	1000	-0.012703634211041807	0.1714447858711509
['GATAA', 'CACGTG']	2	+-	50	2	0.1662699138980144	0.08098750632792442	1.6891467571258545	1000	-0.002622780100838622	0.1645977803282537
['GATAA', 'CACGTG']	2	+-	50	3	0.15127810023097793	0.06680728953922524	1.549777626991272	1000	-0.02045211637795451	0.1540666914255616
['GATAA', 'CACGTG']	2	+-	50	4	0.17005685363194098	0.07873088971920647	1.8000013828277588	1000	-0.011966886063420272	0.1694286762507489
['GATAA', 'CACGTG']	2	-+	50	0	0.1701307524272336	0.0817657385719943	1.6125504970550537	1000	-0.00516386642709572	0.16869535297638555
['GATAA', 'CACGTG']	2	-+	50	1	0.18020315285115893	0.0880600026239341	1.7914804220199585	1000	-0.004014203050415256	0.18013422005490998
['GATAA', 'CACGTG']	2	-+	50	2	0.17337868778444046	0.08809627483989263	1.694074273109436	1000	0.004485994457394655	0.17170655421467976
['GATAA', 'CACGTG']	2	-+	50	3	0.15589412532905142	0.0714233146372987	1.5529773235321045	1000	-0.015836095310724427	0.15868270577471938
['GATAA', 'CACGTG']	2	-+	50	4	0.17644121509510152	0.08511524043345134	1.8044265508651733	1000	-0.005582530646524801	0.17581302696499376
['GATAA', 'CACGTG']	2	--	50	0	0.1701307524272336	0.0817657385719943	1.6125504970550537	1000	-0.00516386642709572	0.16869535297638555
['GATAA', 'CACGTG']	2	--	50	1	0.18020315285115893	0.0880600026239341	1.7914804220199585	1000	-0.004014203050415256	0.18013422005490998
['GATAA', 'CACGTG']	2	--	50	2	0.17337868778444046	0.08809627483989263	1.694074273109436	1000	0.004485994793298271	0.17170655421467976
['GATAA', 'CACGTG']	2	--	50	3	0.15589412532905142	0.0714233146372987	1.5529773235321045	1000	-0.015836095310724427	0.15868270577471938
['GATAA', 'CACGTG']	2	--	50	4	0.17644121509510152	0.08511524043345134	1.8044265508651733	1000	-0.005582530646524801	0.17581302696499376
['GATAA', 'CACGTG']	2	++	30	0	0.15913047335515637	0.07076548099774846	1.6049256324768066	1000	-0.016164126688570497	0.1576950954021397
['GATAA', 'CACGTG']	2	++	30	1	0.16792881555257433	0.07578567069980735	1.7829725742340088	1000	-0.01628854135671068	0.16785989350524108
['GATAA', 'CACGTG']	2	++	30	2	0.16903918929112302	0.08375678709549088	1.6910662651062012	1000	0.00014650858145676845	0.1673670772191937
['GATAA', 'CACGTG']	2	++	30	3	0.15000638526808857	0.06553556920187803	1.548896074295044	1000	-0.02172383940253063	0.15279496571375656
['GATAA', 'CACGTG']	2	++	30	4	0.15924105819966117	0.06791508891246882	1.7925044298171997	1000	-0.022782686870157925	0.1586128700695534
['GATAA', 'CACGTG']	2	++	31	0	0.16054182748163065	0.07217681362639138	1.60590398311615	1000	-0.014752790029084193	0.15910641728186695
['GATAA', 'CACGTG']	2	++	31	1	0.16560692077893827	0.07346378130062912	1.7813630104064941	1000	-0.018610434786732282	0.16553798798268932
['GATAA', 'CACGTG']	2	++	31	2	0.1616699691777966	0.07638757235662232	1.6859583854675293	1000	-0.007222713064429889	0.15999785710586728
['GATAA', 'CACGTG']	2	++	31	3	0.14732184357727693	0.06285102213660854	1.5470354557037354	1000	-0.024408374375269982	0.15011044552077626
['GATAA', 'CACGTG']	2	++	31	4	0.15802594702673703	0.06669998848846036	1.7916620969772339	1000	-0.023997787294166385	0.15739776964554494
['GATAA', 'CACGTG']	2	++	32	0	0.15925917012258015	0.07089416701625655	1.6050149202346802	1000	-0.01603543932644794	0.15782377067173212
['GATAA', 'CACGTG']	2	++	32	1	0.16735275966350938	0.07520961481074238	1.7825732231140137	1000	-0.016864599933004577	0.16728382686726043
['GATAA', 'CACGTG']	2	++	32	2	0.16184602566770173	0.07656361809761175	1.6860803365707397	1000	-0.007046671354283825	0.16017389209794103
['GATAA', 'CACGTG']	2	++	32	3	0.15452005919106732	0.07004925387377245	1.5520247220993042	1000	-0.017210154730636217	0.15730865038565098
['GATAA', 'CACGTG']	2	++	32	4	0.16662901367301594	0.07530304976028143	1.7976253032684326	1000	-0.015394726022345305	0.16600082554290818
['GATAA', 'CACGTG']	2	++	33	0	0.17394920798193078	0.08558419412669149	1.6151971817016602	1000	-0.0013454117121575702	0.17251379778216708
['GATAA', 'CACGTG']	2	++	33	1	0.17968308806386546	0.08753994858555632	1.7911200523376465	1000	-0.004534263806865331	0.17961416601653218
['GATAA', 'CACGTG']	2	++	33	2	0.1742336565375422	0.08895125971636789	1.6946667432785034	1000	0.005340972279893997	0.1725615229677815
['GATAA', 'CACGTG']	2	++	33	3	0.15979751881544346	0.0753267134981486	1.555682897567749	1000	-0.01193268973180223	0.16258611001002712
['GATAA', 'CACGTG']	2	++	33	4	0.17106100658575052	0.0797350534219317	1.8006972074508667	1000	-0.010962720345273357	0.1704328399534741
['GATAA', 'CACGTG']	2	++	34	0	0.167035333434595	0.07867032495381357	1.6104048490524292	1000	-0.008259282732505382	0.16559993398374698
['GATAA', 'CACGTG']	2	++	34	1	0.17242033596033882	0.08027719648202966	1.786085844039917	1000	-0.011797019605331752	0.17235141391300554
['GATAA', 'CACGTG']	2	++	34	2	0.1648982555171424	0.07961584794705241	1.6881959438323975	1000	-0.003994429412313027	0.1632261219473817
['GATAA', 'CACGTG']	2	++	34	3	0.15070472082191702	0.0662339101301643	1.5493801832199097	1000	-0.021025498474244356	0.15349331201650068
['GATAA', 'CACGTG']	2	++	34	4	0.1633172082588449	0.07199125509502609	1.7953298091888428	1000	-0.01870652203121512	0.1626890416265685
['GATAA', 'CACGTG']	2	++	35	0	0.16675990321923823	0.07839490011291461	1.6102138757705688	1000	-0.008534712276054941	0.1653244930194745
['GATAA', 'CACGTG']	2	++	35	1	0.17341351427124016	0.08127036941847318	1.7867741584777832	1000	-0.010803842638044849	0.1733445922239069
['GATAA', 'CACGTG']	2	++	35	2	0.167254815543843	0.08197241334821084	1.6898293495178223	1000	-0.0016378740882630383	0.1655826819740823
['GATAA', 'CACGTG']	2	++	35	3	0.15399501765581453	0.06952420158960397	1.5516607761383057	1000	-0.017735205671190232	0.15678359810148249
['GATAA', 'CACGTG']	2	++	35	4	0.1763108092500848	0.0849848614607238	1.8043361902236938	1000	-0.005712917009131857	0.1756826426178084
['GATAA', 'CACGTG']	2	++	36	0	0.15544834629801502	0.06708333781723357	1.6023733615875244	1000	-0.01984626180739863	0.15401295759608263
['GATAA', 'CACGTG']	2	++	36	1	0.16116713490233647	0.0690239900495695	1.7782856225967407	1000	-0.023050222006948545	0.16109820210608752
['GATAA', 'CACGTG']	2	++	36	2	0.15526179886640726	0.06997938592185943	1.6815166473388672	1000	-0.013630893452927699	0.15358967604556223
['GATAA', 'CACGTG']	2	++	36	3	0.15019597464283346	0.0657251693255386	1.549027442932129	1000	-0.02153423927887006	0.15298456583741712
['GATAA', 'CACGTG']	2	++	36	4	0.16967443945883184	0.07834848092055517	1.7997362613677979	1000	-0.012349292174842647	0.16904625132872408
['GATAA', 'CACGTG']	2	++	37	0	0.16632252984026275	0.07795752673393913	1.6099107265472412	1000	-0.008972073562500283	0.1648871411383304
['GATAA', 'CACGTG']	2	++	37	1	0.17927839138855392	0.08713523578687125	1.7908393144607544	1000	-0.004938972238803401	0.17920945859230497
['GATAA', 'CACGTG']	2	++	37	2	0.17387665280109804	0.08859424523100805	1.694419264793396	1000	0.004983963168992004	0.172204529980253
['GATAA', 'CACGTG']	2	++	37	3	0.1666522528287138	0.08218144213696107	1.560434103012085	1000	-0.005077959077568058	0.16944085477221313
['GATAA', 'CACGTG']	2	++	37	4	0.17541169470028972	0.08408573616201304	1.8037129640579224	1000	-0.006612043651457081	0.17478350657018193
['GATAA', 'CACGTG']	2	++	38	0	0.17215422505487565	0.08378922732300988	1.6139531135559082	1000	-0.003140377676080148	0.1707188363529433
['GATAA', 'CACGTG']	2	++	38	1	0.17881407047797138	0.08667092562520438	1.7905175685882568	1000	-0.005403289118542568	0.17874512693280675
['GATAA', 'CACGTG']	2	++	38	2	0.17511074655911116	0.08982833898902118	1.695274829864502	1000	0.006218057598812354	0.17343862373826613
['GATAA', 'CACGTG']	2	++	38	3	0.1652514111417735	0.08078060582447862	1.5594631433486938	1000	-0.00647880546715896	0.16804000233635716
['GATAA', 'CACGTG']	2	++	38	4	0.17595629926207815	0.08463034072380149	1.8040906190872192	1000	-0.0060674337152108	0.17532813262980174
['GATAA', 'CACGTG']	2	++	39	0	0.18401902866609315	0.09565400943639604	1.622177004814148	1000	0.00872440913995662	0.18258361846632945
['GATAA', 'CACGTG']	2	++	39	1	0.18526276420147028	0.09311963009761898	1.7949875593185425	1000	0.0010454142621852717	0.18519382065630566
['GATAA', 'CACGTG']	2	++	39	2	0.18984378008117747	0.10456137788554534	1.7054868936538696	1000	0.02095109179268591	0.18817165726033247
['GATAA', 'CACGTG']	2	++	39	3	0.17710266037031988	0.09263184430410934	1.5676777362823486	1000	0.0053724407382548965	0.17989124081598787
['GATAA', 'CACGTG']	2	++	39	4	0.18958367781957886	0.09825773003021786	1.8135364055633545	1000	0.007559959622048948	0.18895551118730244
['GATAA', 'CACGTG']	2	+-	30	0	0.15913047335515637	0.07076548099774846	1.6049256324768066	1000	-0.016164126688570497	0.1576950954021397
['GATAA', 'CACGTG']	2	+-	30	1	0.16792881555257433	0.07578567069980735	1.7829725742340088	1000	-0.01628854135671068	0.16785989350524108
['GATAA', 'CACGTG']	2	+-	30	2	0.16903918929112302	0.08375678709549088	1.6910662651062012	1000	0.00014650858145676845	0.1673670772191937
['GATAA', 'CACGTG']	2	+-	30	3	0.15000638526808857	0.06553556920187803	1.548896074295044	1000	-0.02172383940253063	0.15279496571375656
['GATAA', 'CACGTG']	2	+-	30	4	0.15924105819966117	0.06791508891246882	1.7925044298171997	1000	-0.022782686870157925	0.1586128700695534
['GATAA', 'CACGTG']	2	+-	31	0	0.16054182748163065	0.07217681362639138	1.60590398311615	1000	-0.014752790029084193	0.15910641728186695
['GATAA', 'CACGTG']	2	+-	31	1	0.16560692077893827	0.07346378130062912	1.7813630104064941	1000	-0.018610434786732282	0.16553798798268932
['GATAA', 'CACGTG']	2	+-	31	2	0.1616699691777966	0.07638757235662232	1.6859583854675293	1000	-0.007222713064429889	0.15999785710586728
['GATAA', 'CACGTG']	2	+-	31	3	0.14732184357727693	0.06285102213660854	1.5470354557037354	1000	-0.024408374375269982	0.15011044552077626
['GATAA', 'CACGTG']	2	+-	31	4	0.15802594702673703	0.06669998848846036	1.7916620969772339	1000	-0.023997787294166385	0.15739776964554494
['GATAA', 'CACGTG']	2	+-	32	0	0.15925917012258015	0.07089416701625655	1.6050149202346802	1000	-0.01603543932644794	0.15782377067173212
['GATAA', 'CACGTG']	2	+-	32	1	0.16735275966350938	0.07520961481074238	1.7825732231140137	1000	-0.016864599933004577	0.16728382686726043
['GATAA', 'CACGTG']	2	+-	32	2	0.16184602566770173	0.07656361809761175	1.6860803365707397	1000	-0.007046671354283825	0.16017389209794103
['GATAA', 'CACGTG']	2	+-	32	3	0.15452005919106732	0.07004925387377245	1.5520247220993042	1000	-0.017210154730636217	0.15730865038565098
['GATAA', 'CACGTG']	2	+-	32	4	0.16662901367301594	0.07530304976028143	1.7976253032684326	1000	-0.015394726022345305	0.16600082554290818
['GATAA', 'CACGTG']	2	+-	33	0	0.17394920798193078	0.08558419412669149	1.6151971817016602	1000	-0.0013454117121575702	0.17251379778216708
['GATAA', 'CACGTG']	2	+-	33	1	0.17968308806386546	0.08753994858555632	1.7911200523376465	1000	-0.004534263806865331	0.17961416601653218
['GATAA', 'CACGTG']	2	+-	33	2	0.1742336565375422	0.08895125971636789	1.6946667432785034	1000	0.005340972279893997	0.1725615229677815
['GATAA', 'CACGTG']	2	+-	33	3	0.15979751881544346	0.0753267134981486	1.555682897567749	1000	-0.01193268973180223	0.16258611001002712
['GATAA', 'CACGTG']	2	+-	33	4	0.17106100658575052	0.0797350534219317	1.8006972074508667	1000	-0.010962720345273357	0.1704328399534741
['GATAA', 'CACGTG']	2	+-	34	0	0.167035333434595	0.07867032495381357	1.6104048490524292	1000	-0.008259282732505382	0.16559993398374698
['GATAA', 'CACGTG']	2	+-	34	1	0.17242033596033882	0.08027719648202966	1.786085844039917	1000	-0.011797019605331752	0.17235141391300554
['GATAA', 'CACGTG']	2	+-	34	2	0.1648982555171424	0.07961584794705241	1.6881959438323975	1000	-0.003994429412313027	0.1632261219473817
['GATAA', 'CACGTG']	2	+-	34	3	0.15070472082191702	0.0662339101301643	1.5493801832199097	1000	-0.021025498474244356	0.15349331201650068
['GATAA', 'CACGTG']	2	+-	34	4	0.1633172082588449	0.07199125509502609	1.7953298091888428	1000	-0.01870652203121512	0.1626890416265685
['GATAA', 'CACGTG']	2	+-	35	0	0.16675990321923823	0.07839490011291461	1.6102138757705688	1000	-0.008534712276054941	0.1653244930194745
['GATAA', 'CACGTG']	2	+-	35	1	0.17341351427124016	0.08127036941847318	1.7867741584777832	1000	-0.010803842638044849	0.1733445922239069
['GATAA', 'CACGTG']	2	+-	35	2	0.167254815543843	0.08197241334821084	1.6898293495178223	1000	-0.0016378740882630383	0.1655826819740823
['GATAA', 'CACGTG']	2	+-	35	3	0.15399501765581453	0.06952420158960397	1.5516607761383057	1000	-0.017735205671190232	0.15678359810148249
['GATAA', 'CACGTG']	2	+-	35	4	0.1763108092500848	0.0849848614607238	1.8043361902236938	1000	-0.005712917009131857	0.1756826426178084
['GATAA', 'CACGTG']	2	+-	36	0	0.15544834629801502	0.06708333781723357	1.6023733615875244	1000	-0.01984626180739863	0.15401295759608263
['GATAA', 'CACGTG']	2	+-	36	1	0.16116713490233647	0.0690239900495695	1.7782856225967407	1000	-0.023050222006948545	0.16109820210608752
['GATAA', 'CACGTG']	2	+-	36	2	0.15526179886640726	0.06997938592185943	1.6815166473388672	1000	-0.013630893452927699	0.15358967604556223
['GATAA', 'CACGTG']	2	+-	36	3	0.15019597464283346	0.0657251693255386	1.549027442932129	1000	-0.02153423927887006	0.15298456583741712
['GATAA', 'CACGTG']	2	+-	36	4	0.16967443945883184	0.07834848092055517	1.7997362613677979	1000	-0.012349292174842647	0.16904625132872408
['GATAA', 'CACGTG']	2	+-	37	0	0.16632252984026275	0.07795752673393913	1.6099107265472412	1000	-0.008972073562500283	0.1648871411383304
['GATAA', 'CACGTG']	2	+-	37	1	0.17927839138855392	0.08713523578687125	1.7908393144607544	1000	-0.004938972238803401	0.17920945859230497
['GATAA', 'CACGTG']	2	+-	37	2	0.17387665280109804	0.08859424523100805	1.694419264793396	1000	0.004983963168992004	0.172204529980253
['GATAA', 'CACGTG']	2	+-	37	3	0.1666522528287138	0.08218144213696107	1.560434103012085	1000	-0.005077959077568058	0.16944085477221313
['GATAA', 'CACGTG']	2	+-	37	4	0.17541169470028972	0.08408573616201304	1.8037129640579224	1000	-0.006612043651457081	0.17478350657018193
['GATAA', 'CACGTG']	2	+-	38	0	0.17215422505487565	0.08378922732300988	1.6139531135559082	1000	-0.003140377676080148	0.1707188363529433
['GATAA', 'CACGTG']	2	+-	38	1	0.17881407047797138	0.08667092562520438	1.7905175685882568	1000	-0.005403289118542568	0.17874512693280675
['GATAA', 'CACGTG']	2	+-	38	2	0.17511074655911116	0.08982833898902118	1.695274829864502	1000	0.006218057598812354	0.17343862373826613
['GATAA', 'CACGTG']	2	+-	38	3	0.1652514111417735	0.08078060582447862	1.5594631433486938	1000	-0.00647880546715896	0.16804000233635716
['GATAA', 'CACGTG']	2	+-	38	4	0.17595629926207815	0.08463034072380149	1.8040906190872192	1000	-0.0060674337152108	0.17532813262980174
['GATAA', 'CACGTG']	2	+-	39	0	0.18401902866609315	0.09565400943639604	1.622177004814148	1000	0.00872440913995662	0.18258361846632945
['GATAA', 'CACGTG']	2	+-	39	1	0.18526276420147028	0.09311963009761898	1.7949875593185425	1000	0.0010454142621852717	0.18519382065630566
['GATAA', 'CACGTG']	2	+-	39	2	0.18984378008117747	0.10456137788554534	1.7054868936538696	1000	0.02095109179268591	0.18817165726033247
['GATAA', 'CACGTG']	2	+-	39	3	0.17710266037031988	0.09263184430410934	1.5676777362823486	1000	0.0053724407382548965	0.17989124081598787
['GATAA', 'CACGTG']	2	+-	39	4	0.18958367781957886	0.09825773003021786	1.8135364055633545	1000	0.007559959622048948	0.18895551118730244
['GATAA', 'CACGTG']	2	-+	30	0	0.18860922411979017	0.10024421563900872	1.6253587007522583	1000	0.013314613327147614	0.18717383541785781
['GATAA', 'CACGTG']	2	-+	30	1	0.18756049541266012	0.09541735055989313	1.796580195426941	1000	0.0033431351443389506	0.18749157336532685
['GATAA', 'CACGTG']	2	-+	30	2	0.18148804598467064	0.0962056437890385	1.6996952295303345	1000	0.01259536172702245	0.17981592316382564
['GATAA', 'CACGTG']	2	-+	30	3	0.16845588863289046	0.08398507794113774	1.5616843700408936	1000	-0.003274325960620309	0.1712444798274741
['GATAA', 'CACGTG']	2	-+	30	4	0.18726644807534742	0.09594047878815508	1.8119300603866577	1000	0.005242705356853645	0.18663825994523967
['GATAA', 'CACGTG']	2	-+	31	0	0.18004304775212132	0.09167805002025556	1.619421124458313	1000	0.004748442669840222	0.17860765905018897
['GATAA', 'CACGTG']	2	-+	31	1	0.19078426720742075	0.09864113310356945	1.7988146543502808	1000	0.006566923062473101	0.19071534516008748
['GATAA', 'CACGTG']	2	-+	31	2	0.18557327887760308	0.10029086593305526	1.7025268077850342	1000	0.016680581183810293	0.1839011345589267
['GATAA', 'CACGTG']	2	-+	31	3	0.17192944373019795	0.08745863303844525	1.5640920400619507	1000	0.0001992226285546551	0.1747180349247816
['GATAA', 'CACGTG']	2	-+	31	4	0.17941139847116494	0.08808543993288827	1.8064852952957153	1000	-0.0026123324907023214	0.17878323183888853
['GATAA', 'CACGTG']	2	-+	32	0	0.1925092746934061	0.10414427696154031	1.628062129020691	1000	0.017214675993293665	0.19107388599147374
['GATAA', 'CACGTG']	2	-+	32	1	0.2033711829739485	0.1112280381211815	1.8075393438339233	1000	0.019153828751892386	0.2033022609266152
['GATAA', 'CACGTG']	2	-+	32	2	0.1950620346779941	0.10977962173344628	1.709104061126709	1000	0.026169339671430238	0.1933899118571491
['GATAA', 'CACGTG']	2	-+	32	3	0.1881909623128918	0.10372012474884991	1.5753635168075562	1000	0.01646072017528463	0.19097953200964413
['GATAA', 'CACGTG']	2	-+	32	4	0.19551682130036946	0.10419084126426142	1.8176488876342773	1000	0.013493070856092514	0.19488865466809305
['GATAA', 'CACGTG']	2	-+	33	0	0.17222180348774904	0.08385680038142544	1.613999843597412	1000	-0.0030728056253754277	0.1707864147858167
['GATAA', 'CACGTG']	2	-+	33	1	0.17823299484528435	0.08608983924360167	1.7901147603988647	1000	-0.005984374156530823	0.1781640513001197
['GATAA', 'CACGTG']	2	-+	33	2	0.18186890156500632	0.0965864886204585	1.6999592781066895	1000	0.01297620655844246	0.18019675724632997
['GATAA', 'CACGTG']	2	-+	33	3	0.16526514825601116	0.08079434293871629	1.559472680091858	1000	-0.006465067681114062	0.16805373945059482
['GATAA', 'CACGTG']	2	-+	33	4	0.18488392941728224	0.09355799237683692	1.8102787733078003	1000	0.002860217937824633	0.18425576278500583
['GATAA', 'CACGTG']	2	-+	34	0	0.17328023846573717	0.08491521923604005	1.6147335767745972	1000	-0.002014377701363223	0.17184482826597344
['GATAA', 'CACGTG']	2	-+	34	1	0.18081017636629487	0.08866701539015438	1.7919011116027832	1000	-0.0034071922996166625	0.18074123282113025
['GATAA', 'CACGTG']	2	-+	34	2	0.1812587071197451	0.09597631567302863	1.6995362043380737	1000	0.012366026892940274	0.17958658429890006
['GATAA', 'CACGTG']	2	-+	34	3	0.16386110339219856	0.07939030344936152	1.5584994554519653	1000	-0.007869108514083295	0.16664970533569787
['GATAA', 'CACGTG']	2	-+	34	4	0.17895117289745607	0.08762520898472155	1.806166410446167	1000	-0.003072566126097957	0.178322995516264
['GATAA', 'CACGTG']	2	-+	35	0	0.1763124860809307	0.0879474829746071	1.616835355758667	1000	0.001017879319131533	0.17487708663008267
['GATAA', 'CACGTG']	2	-+	35	1	0.189221976806983	0.09707883195421602	1.797731637954712	1000	0.005004618889987134	0.18915305475964972
['GATAA', 'CACGTG']	2	-+	35	2	0.1781005467062886	0.09281814451065647	1.6973471641540527	1000	0.009207852371531974	0.17642841313652793
['GATAA', 'CACGTG']	2	-+	35	3	0.16683286685886678	0.08236205616711406	1.5605592727661133	1000	-0.0048973537809090615	0.1696214580534504
['GATAA', 'CACGTG']	2	-+	35	4	0.17910878424805615	0.08778282033532164	1.8062756061553955	1000	-0.0029149561191123313	0.17848060686686407
['GATAA', 'CACGTG']	2	-+	36	0	0.17267965355109288	0.08431464507031144	1.6143172979354858	1000	-0.002614957409501477	0.17124425410024485
['GATAA', 'CACGTG']	2	-+	36	1	0.18435243853262206	0.09220929367985509	1.7943564653396606	1000	0.00013507499973764965	0.18428351648528882
['GATAA', 'CACGTG']	2	-+	36	2	0.17396851303449012	0.088686110838858	1.6944830417633057	1000	0.005075831128167245	0.17229639021364512
['GATAA', 'CACGTG']	2	-+	36	3	0.16463876594373744	0.08016795525198474	1.559038519859314	1000	-0.007091449993387769	0.1674273571383211
['GATAA', 'CACGTG']	2	-+	36	4	0.17868927556693906	0.08736332240312021	1.8059848546981812	1000	-0.0033344533795065284	0.17806109818574695
['GATAA', 'CACGTG']	2	-+	37	0	0.16513321606496803	0.07676820220972874	1.6090863943099976	1000	-0.010161401445746827	0.16369781661412
['GATAA', 'CACGTG']	2	-+	37	1	0.1697330103003663	0.07758986544759933	1.7842230796813965	1000	-0.014484351983376546	0.16966407750411736
['GATAA', 'CACGTG']	2	-+	37	2	0.16737740692716113	0.08209501010598684	1.6899144649505615	1000	-0.0015152748112099408	0.16570527335740046
['GATAA', 'CACGTG']	2	-+	37	3	0.1589106902762694	0.07443989033343236	1.5550681352615356	1000	-0.012819518270976302	0.16169929221976873
['GATAA', 'CACGTG']	2	-+	37	4	0.17077752543255023	0.07945156151981571	1.8005008697509766	1000	-0.01124621627823272	0.17014934805135815
['GATAA', 'CACGTG']	2	-+	38	0	0.17872054416264904	0.09035552493295192	1.6185044050216675	1000	0.0034259306827775643	0.1772851554607167
['GATAA', 'CACGTG']	2	-+	38	1	0.18492322745300438	0.0927800826002374	1.7947522401809692	1000	0.0007058676885386341	0.18485428390783976
['GATAA', 'CACGTG']	2	-+	38	2	0.18031197487349235	0.09502956192894454	1.6988798379898071	1000	0.011419277179699571	0.17863984130373167
['GATAA', 'CACGTG']	2	-+	38	3	0.16377194113664187	0.07930113581934699	1.5584375858306885	1000	-0.007958275472290593	0.16656052158230983
['GATAA', 'CACGTG']	2	-+	38	4	0.17590038340271638	0.08457443023889755	1.8040517568588257	1000	-0.006123346215536421	0.17527221677043997
['GATAA', 'CACGTG']	2	-+	39	0	0.16966015414989455	0.08129514029465527	1.6122241020202637	1000	-0.00563446067359138	0.16822475469904652
['GATAA', 'CACGTG']	2	-+	39	1	0.1813540285039858	0.08921087827676097	1.7922780513763428	1000	-0.0028633324361426018	0.18128508495882117
['GATAA', 'CACGTG']	2	-+	39	2	0.1734762879388051	0.08819388036871512	1.6941418647766113	1000	0.004583599986217139	0.17180416511796007
['GATAA', 'CACGTG']	2	-+	39	3	0.16820642779781395	0.08373561710606124	1.561511516571045	1000	-0.0035237898188293475	0.1709950189923976
['GATAA', 'CACGTG']	2	-+	39	4	0.17610070019530885	0.08477473628257433	1.8041905164718628	1000	-0.005923044202703023	0.1754725013162854
['GATAA', 'CACGTG']	2	--	30	0	0.18860922411979017	0.10024421563900872	1.6253587007522583	1000	0.013314613327147614	0.18717383541785781
['GATAA', 'CACGTG']	2	--	30	1	0.18756049541266012	0.09541735055989313	1.796580195426941	1000	0.0033431351443389506	0.18749157336532685
['GATAA', 'CACGTG']	2	--	30	2	0.18148804598467064	0.0962056437890385	1.6996952295303345	1000	0.01259536172702245	0.17981592316382564
['GATAA', 'CACGTG']	2	--	30	3	0.16845588863289046	0.08398507794113774	1.5616843700408936	1000	-0.003274325960620309	0.1712444798274741
['GATAA', 'CACGTG']	2	--	30	4	0.18726644807534742	0.09594047878815508	1.8119300603866577	1000	0.005242705356853645	0.18663825994523967
['GATAA', 'CACGTG']	2	--	31	0	0.18004304775212132	0.09167805002025556	1.619421124458313	1000	0.004748442669840222	0.17860765905018897
['GATAA', 'CACGTG']	2	--	31	1	0.19078426720742075	0.09864113310356945	1.7988146543502808	1000	0.006566923062473101	0.19071534516008748
['GATAA', 'CACGTG']	2	--	31	2	0.18557327887760308	0.10029086593305526	1.7025268077850342	1000	0.016680581183810293	0.1839011345589267
['GATAA', 'CACGTG']	2	--	31	3	0.17192944373019795	0.08745863303844525	1.5640920400619507	1000	0.0001992226285546551	0.1747180349247816
['GATAA', 'CACGTG']	2	--	31	4	0.17941139847116494	0.08808543993288827	1.8064852952957153	1000	-0.0026123324907023214	0.17878323183888853
['GATAA', 'CACGTG']	2	--	32	0	0.1925092746934061	0.10414427696154031	1.628062129020691	1000	0.017214675993293665	0.19107388599147374
['GATAA', 'CACGTG']	2	--	32	1	0.2033711829739485	0.1112280381211815	1.8075393438339233	1000	0.019153828751892386	0.2033022609266152
['GATAA', 'CACGTG']	2	--	32	2	0.1950620346779941	0.10977962173344628	1.709104061126709	1000	0.026169339671430238	0.1933899118571491
['GATAA', 'CACGTG']	2	--	32	3	0.1881909623128918	0.10372012474884991	1.5753635168075562	1000	0.01646072017528463	0.19097953200964413
['GATAA', 'CACGTG']	2	--	32	4	0.19551682130036946	0.10419084126426142	1.8176488876342773	1000	0.013493070856092514	0.19488865466809305
['GATAA', 'CACGTG']	2	--	33	0	0.17222180348774904	0.08385680038142544	1.613999843597412	1000	-0.0030728056253754277	0.1707864147858167
['GATAA', 'CACGTG']	2	--	33	1	0.17823299484528435	0.08608983924360167	1.7901147603988647	1000	-0.005984374156530823	0.1781640513001197
['GATAA', 'CACGTG']	2	--	33	2	0.18186890156500632	0.0965864886204585	1.6999592781066895	1000	0.01297620655844246	0.18019675724632997
['GATAA', 'CACGTG']	2	--	33	3	0.16526514825601116	0.08079434293871629	1.559472680091858	1000	-0.006465067681114062	0.16805373945059482
['GATAA', 'CACGTG']	2	--	33	4	0.18488392941728224	0.09355799237683692	1.8102787733078003	1000	0.002860217937824633	0.18425576278500583
['GATAA', 'CACGTG']	2	--	34	0	0.17328023846573717	0.08491521923604005	1.6147335767745972	1000	-0.002014377701363223	0.17184482826597344
['GATAA', 'CACGTG']	2	--	34	1	0.18081017636629487	0.08866701539015438	1.7919011116027832	1000	-0.0034071922996166625	0.18074123282113025
['GATAA', 'CACGTG']	2	--	34	2	0.1812587071197451	0.09597631567302863	1.6995362043380737	1000	0.012366026892940274	0.17958658429890006
['GATAA', 'CACGTG']	2	--	34	3	0.16386110339219856	0.07939030344936152	1.5584994554519653	1000	-0.007869108514083295	0.16664970533569787
['GATAA', 'CACGTG']	2	--	34	4	0.17895117289745607	0.08762520898472155	1.806166410446167	1000	-0.003072566126097957	0.178322995516264
['GATAA', 'CACGTG']	2	--	35	0	0.1763124860809307	0.0879474829746071	1.616835355758667	1000	0.001017879319131533	0.17487708663008267
['GATAA', 'CACGTG']	2	--	35	1	0.189221976806983	0.09707883195421602	1.797731637954712	1000	0.005004618889987134	0.18915305475964972
['GATAA', 'CACGTG']	2	--	35	2	0.1781005467062886	0.09281814451065647	1.6973471641540527	1000	0.009207852371531974	0.17642841313652793
['GATAA', 'CACGTG']	2	--	35	3	0.16683286685886678	0.08236205616711406	1.5605592727661133	1000	-0.0048973537809090615	0.1696214580534504
['GATAA', 'CACGTG']	2	--	35	4	0.17910878424805615	0.08778282033532164	1.8062756061553955	1000	-0.0029149561191123313	0.17848060686686407
['GATAA', 'CACGTG']	2	--	36	0	0.17267965355109288	0.08431464507031144	1.6143172979354858	1000	-0.002614957409501477	0.17124425410024485
['GATAA', 'CACGTG']	2	--	36	1	0.18435243853262206	0.09220929367985509	1.7943564653396606	1000	0.00013507499973764965	0.18428351648528882
['GATAA', 'CACGTG']	2	--	36	2	0.17396851303449012	0.088686110838858	1.6944830417633057	1000	0.005075831128167245	0.17229639021364512
['GATAA', 'CACGTG']	2	--	36	3	0.16463876594373744	0.08016795525198474	1.559038519859314	1000	-0.007091449993387769	0.1674273571383211
['GATAA', 'CACGTG']	2	--	36	4	0.17868927556693906	0.08736332240312021	1.8059848546981812	1000	-0.0033344533795065284	0.17806109818574695
['GATAA', 'CACGTG']	2	--	37	0	0.16513321606496803	0.07676820220972874	1.6090863943099976	1000	-0.010161401445746827	0.16369781661412
['GATAA', 'CACGTG']	2	--	37	1	0.1697330103003663	0.07758986544759933	1.7842230796813965	1000	-0.014484351983376546	0.16966407750411736
['GATAA', 'CACGTG']	2	--	37	2	0.16737740692716113	0.08209501010598684	1.6899144649505615	1000	-0.0015152748112099408	0.16570527335740046
['GATAA', 'CACGTG']	2	--	37	3	0.1589106902762694	0.07443989033343236	1.5550681352615356	1000	-0.012819518270976302	0.16169929221976873
['GATAA', 'CACGTG']	2	--	37	4	0.17077752543255023	0.07945156151981571	1.8005008697509766	1000	-0.01124621627823272	0.17014934805135815
['GATAA', 'CACGTG']	2	--	38	0	0.17872054416264904	0.09035552493295192	1.6185044050216675	1000	0.0034259306827775643	0.1772851554607167
['GATAA', 'CACGTG']	2	--	38	1	0.18492322745300438	0.0927800826002374	1.7947522401809692	1000	0.0007058676885386341	0.18485428390783976
['GATAA', 'CACGTG']	2	--	38	2	0.18031197487349235	0.09502956192894454	1.6988798379898071	1000	0.011419277179699571	0.17863984130373167
['GATAA', 'CACGTG']	2	--	38	3	0.16377194113664187	0.07930113581934699	1.5584375858306885	1000	-0.007958275472290593	0.16656052158230983
['GATAA', 'CACGTG']	2	--	38	4	0.17590038340271638	0.08457443023889755	1.8040517568588257	1000	-0.006123346215536421	0.17527221677043997
['GATAA', 'CACGTG']	2	--	39	0	0.16966015414989455	0.08129514029465527	1.6122241020202637	1000	-0.00563446067359138	0.16822475469904652
['GATAA', 'CACGTG']	2	--	39	1	0.1813540285039858	0.08921087827676097	1.7922780513763428	1000	-0.0028633324361426018	0.18128508495882117
['GATAA', 'CACGTG']	2	--	39	2	0.1734762879388051	0.08819388036871512	1.6941418647766113	1000	0.004583599986217139	0.17180416511796007
['GATAA', 'CACGTG']	2	--	39	3	0.16820642779781395	0.08373561710606124	1.561511516571045	1000	-0.0035237898188293475	0.1709950189923976
['GATAA', 'CACGTG']	2	--	39	4	0.17610070019530885	0.08477473628257433	1.8041905164718628	1000	-0.005923044202703023	0.1754725013162854
['GATAA', 'CACGTG']	2	++	0	0	0.21884297872171168	0.13047798098984592	1.6463152170181274	1000	0.04354837464714143	0.21740759001977933
['GATAA', 'CACGTG']	2	++	0	1	0.17613563417126535	0.08399248394404052	1.788661003112793	1000	-0.008081723409826902	0.1760667013750164
['GATAA', 'CACGTG']	2	++	0	2	0.2025536204474094	0.11727121825177726	1.7142966985702515	1000	0.03366094425144798	0.2008814976265644
['GATAA', 'CACGTG']	2	++	0	3	0.20036651707638709	0.11589570101017652	1.5838030576705933	1000	0.02863629374938232	0.20315508677313937
['GATAA', 'CACGTG']	2	++	0	4	0.21269760864975637	0.12137162861364835	1.8295576572418213	1000	0.030673844769334848	0.2120694205196486
['GATAA', 'CACGTG']	2	++	1	0	0.2234692690342585	0.13510426055347707	1.6495219469070435	1000	0.04817466227245935	0.22203388033232616
['GATAA', 'CACGTG']	2	++	1	1	0.23398046169402895	0.14183731684126197	1.8287560939788818	1000	0.049763104784743925	0.23391149665103297
['GATAA', 'CACGTG']	2	++	1	2	0.17249533114503068	0.08721293432385636	1.6934617757797241	1000	0.0036026525977439342	0.17082320832418565
['GATAA', 'CACGTG']	2	++	1	3	0.1888330165442254	0.10436222197584621	1.5758086442947388	1000	0.017102807996979705	0.19162162923664042
['GATAA', 'CACGTG']	2	++	1	4	0.22470130974937697	0.1333753512111003	1.8378781080245972	1000	0.042677564679557876	0.2240731216192692
['GATAA', 'CACGTG']	2	++	2	0	0.17951178259469042	0.09114677411390898	1.6190530061721802	1000	0.004217167435300878	0.17807639389275806
['GATAA', 'CACGTG']	2	++	2	1	0.1868046746577808	0.09466154055392949	1.7960561513900757	1000	0.0025873244665680713	0.18673575261044753
['GATAA', 'CACGTG']	2	++	2	2	0.1775549639931734	0.09227256179754124	1.6969690322875977	1000	0.00866227704829628	0.1758828304234127
['GATAA', 'CACGTG']	2	++	2	3	0.17607360217888227	0.09160280761050307	1.5669646263122559	1000	0.004343390272600426	0.1788622041223816
['GATAA', 'CACGTG']	2	++	2	4	0.1738361723846512	0.08251020847191669	1.8026210069656372	1000	-0.008187565295288362	0.17320798425454342
['GATAA', 'CACGTG']	2	++	3	0	0.20662494424345332	0.11825993576267188	1.6378463506698608	1000	0.03133033479442522	0.20518953404368961
['GATAA', 'CACGTG']	2	++	3	1	0.21185586106293972	0.11971271621017274	1.8134204149246216	1000	0.027638504153654698	0.21178693901560644
['GATAA', 'CACGTG']	2	++	3	2	0.19041777217843212	0.10513536998279996	1.7058848142623901	1000	0.021525087920783916	0.1887456493575871
['GATAA', 'CACGTG']	2	++	3	3	0.20613825483934292	0.12166746027096374	1.5878037214279175	1000	0.03440805569739846	0.20892686753175793
['GATAA', 'CACGTG']	2	++	3	4	0.21326117429880245	0.12193521576052577	1.8299481868743896	1000	0.03123744535235687	0.21263300766652604
['GATAA', 'CACGTG']	2	++	4	0	0.1781864412914789	0.08982142743623962	1.6181342601776123	1000	0.002891823444860439	0.1767510310917152
['GATAA', 'CACGTG']	2	++	4	1	0.18917698184595103	0.09703383699318403	1.7977005243301392	1000	0.004959619898111772	0.18910805979861775
['GATAA', 'CACGTG']	2	++	4	2	0.19428456560693744	0.10900217416022095	1.7085649967193604	1000	0.02539189747266275	0.19261246428392376
['GATAA', 'CACGTG']	2	++	4	3	0.2029436126060722	0.11847280728877732	1.5855895280838013	1000	0.031213408089669874	0.20573220380065585
['GATAA', 'CACGTG']	2	++	4	4	0.21583429272968635	0.12450834494032537	1.831731915473938	1000	0.03381056378324078	0.21520612609740994
['GATAA', 'CACGTG']	2	++	5	0	0.20374971678849751	0.11538471905663177	1.6358534097671509	1000	0.02845511540115619	0.20231432808656516
['GATAA', 'CACGTG']	2	++	5	1	0.20184887853983632	0.10970572293815367	1.8064841032028198	1000	0.017631506850792258	0.2017799349946717
['GATAA', 'CACGTG']	2	++	5	2	0.21472919670873603	0.12944681601093525	1.7227363586425781	1000	0.04583652588723243	0.21305709538572237
['GATAA', 'CACGTG']	2	++	5	3	0.18646898602112794	0.10199819145274876	1.5741701126098633	1000	0.014738789566412393	0.18925759871354295
['GATAA', 'CACGTG']	2	++	5	4	0.21320209825823108	0.12187612897103872	1.8299071788787842	1000	0.031178353188411976	0.21257393162595467
['GATAA', 'CACGTG']	2	++	6	0	0.19146671586387573	0.1031016966341786	1.6273393630981445	1000	0.01617209566593196	0.19003130566411203
['GATAA', 'CACGTG']	2	++	6	1	0.20262189755980195	0.11047875270703496	1.8070199489593506	1000	0.018404535276059085	0.20255297551246867
['GATAA', 'CACGTG']	2	++	6	2	0.19738945439428915	0.11210704144974132	1.7107172012329102	1000	0.02849676476218311	0.19571731007561277
['GATAA', 'CACGTG']	2	++	6	3	0.1743683511999148	0.0898975405081621	1.5657825469970703	1000	0.0026381334153197	0.17715694239449845
['GATAA', 'CACGTG']	2	++	6	4	0.17791322535275197	0.08658726144001747	1.805446982383728	1000	-0.004110518709356268	0.17728503722264422
['GATAA', 'CACGTG']	2	++	7	0	0.1915819657377852	0.10321695725700372	1.627419352531433	1000	0.016287346883455858	0.1901465770358528
['GATAA', 'CACGTG']	2	++	7	1	0.21083232781416106	0.1186891829613941	1.8127108812332153	1000	0.026614968217647132	0.2107634057668278
['GATAA', 'CACGTG']	2	++	7	2	0.1958875514021356	0.11060513845758776	1.7096761465072632	1000	0.026994861770029556	0.19421542858129057
['GATAA', 'CACGTG']	2	++	7	3	0.17833464734085994	0.09386385277248074	1.5685317516326904	1000	0.006604435434578092	0.18112324928435927
['GATAA', 'CACGTG']	2	++	7	4	0.18727700351054413	0.09595104497226747	1.8119373321533203	1000	0.005253272548676874	0.18664881538043637
['GATAA', 'CACGTG']	2	++	8	0	0.19442619331992295	0.10606115259239446	1.6293907165527344	1000	0.01913156371667795	0.19299078312015924
['GATAA', 'CACGTG']	2	++	8	1	0.20432145161345958	0.11217828526286124	1.8081979751586914	1000	0.02010407858080104	0.20425250806829495
['GATAA', 'CACGTG']	2	++	8	2	0.1883340948740724	0.10305167118060889	1.7044404745101929	1000	0.019441391805821762	0.18666197205322738
['GATAA', 'CACGTG']	2	++	8	3	0.18379057121225328	0.09931976589495842	1.5723134279251099	1000	0.012060357290549748	0.1865791839046683
['GATAA', 'CACGTG']	2	++	8	4	0.20371779250893113	0.11239183397065444	1.8233332633972168	1000	0.021694059531642166	0.20308962587665472
['GATAA', 'CACGTG']	2	++	9	0	0.20687603891371303	0.1185110196840159	1.6380202770233154	1000	0.031581402592395724	0.20544060721611795
['GATAA', 'CACGTG']	2	++	9	1	0.2254677289351157	0.13332457333343306	1.8228554725646973	1000	0.04125036127691502	0.2253987853899511
['GATAA', 'CACGTG']	2	++	9	2	0.2159940216166752	0.1307116409188744	1.723612904548645	1000	0.047101366918545114	0.21432192029366154
['GATAA', 'CACGTG']	2	++	9	3	0.19595754834103676	0.11148674302374188	1.580747127532959	1000	0.02422732232680308	0.19874611803778905
['GATAA', 'CACGTG']	2	++	9	4	0.20224914666188817	0.11092319887252718	1.8223153352737427	1000	0.02022541905905705	0.2016209585317804
['GATAA', 'CACGTG']	2	+-	0	0	0.21884297872171168	0.13047798098984592	1.6463152170181274	1000	0.04354837464714143	0.21740759001977933
['GATAA', 'CACGTG']	2	+-	0	1	0.17613563417126535	0.08399248394404052	1.788661003112793	1000	-0.008081723409826902	0.1760667013750164
['GATAA', 'CACGTG']	2	+-	0	2	0.2025536204474094	0.11727121825177726	1.7142966985702515	1000	0.03366094425144798	0.2008814976265644
['GATAA', 'CACGTG']	2	+-	0	3	0.20036651707638709	0.11589570101017652	1.5838030576705933	1000	0.02863629374938232	0.20315508677313937
['GATAA', 'CACGTG']	2	+-	0	4	0.21269760864975637	0.12137162861364835	1.8295576572418213	1000	0.030673844769334848	0.2120694205196486
['GATAA', 'CACGTG']	2	+-	1	0	0.2234692690342585	0.13510426055347707	1.6495219469070435	1000	0.04817466227245935	0.22203388033232616
['GATAA', 'CACGTG']	2	+-	1	1	0.23398046169402895	0.14183731684126197	1.8287560939788818	1000	0.049763104784743925	0.23391149665103297
['GATAA', 'CACGTG']	2	+-	1	2	0.17249533114503068	0.08721293432385636	1.6934617757797241	1000	0.0036026525977439342	0.17082320832418565
['GATAA', 'CACGTG']	2	+-	1	3	0.1888330165442254	0.10436222197584621	1.5758086442947388	1000	0.017102807996979705	0.19162162923664042
['GATAA', 'CACGTG']	2	+-	1	4	0.22470130974937697	0.1333753512111003	1.8378781080245972	1000	0.042677564679557876	0.2240731216192692
['GATAA', 'CACGTG']	2	+-	2	0	0.17951178259469042	0.09114677411390898	1.6190530061721802	1000	0.004217167435300878	0.17807639389275806
['GATAA', 'CACGTG']	2	+-	2	1	0.1868046746577808	0.09466154055392949	1.7960561513900757	1000	0.0025873244665680713	0.18673575261044753
['GATAA', 'CACGTG']	2	+-	2	2	0.1775549639931734	0.09227256179754124	1.6969690322875977	1000	0.00866227704829628	0.1758828304234127
['GATAA', 'CACGTG']	2	+-	2	3	0.17607360217888227	0.09160280761050307	1.5669646263122559	1000	0.004343390272600426	0.1788622041223816
['GATAA', 'CACGTG']	2	+-	2	4	0.1738361723846512	0.08251020847191669	1.8026210069656372	1000	-0.008187565295288362	0.17320798425454342
['GATAA', 'CACGTG']	2	+-	3	0	0.20662494424345332	0.11825993576267188	1.6378463506698608	1000	0.03133033479442522	0.20518953404368961
['GATAA', 'CACGTG']	2	+-	3	1	0.21185586106293972	0.11971271621017274	1.8134204149246216	1000	0.027638504153654698	0.21178693901560644
['GATAA', 'CACGTG']	2	+-	3	2	0.19041777217843212	0.10513536998279996	1.7058848142623901	1000	0.021525087920783916	0.1887456493575871
['GATAA', 'CACGTG']	2	+-	3	3	0.20613825483934292	0.12166746027096374	1.5878037214279175	1000	0.03440805569739846	0.20892686753175793
['GATAA', 'CACGTG']	2	+-	3	4	0.21326117429880245	0.12193521576052577	1.8299481868743896	1000	0.03123744535235687	0.21263300766652604
['GATAA', 'CACGTG']	2	+-	4	0	0.1781864412914789	0.08982142743623962	1.6181342601776123	1000	0.002891823444860439	0.1767510310917152
['GATAA', 'CACGTG']	2	+-	4	1	0.18917698184595103	0.09703383699318403	1.7977005243301392	1000	0.004959619898111772	0.18910805979861775
['GATAA', 'CACGTG']	2	+-	4	2	0.19428456560693744	0.10900217416022095	1.7085649967193604	1000	0.02539189747266275	0.19261246428392376
['GATAA', 'CACGTG']	2	+-	4	3	0.2029436126060722	0.11847280728877732	1.5855895280838013	1000	0.031213408089669874	0.20573220380065585
['GATAA', 'CACGTG']	2	+-	4	4	0.21583429272968635	0.12450834494032537	1.831731915473938	1000	0.03381056378324078	0.21520612609740994
['GATAA', 'CACGTG']	2	+-	5	0	0.20374971678849751	0.11538471905663177	1.6358534097671509	1000	0.02845511540115619	0.20231432808656516
['GATAA', 'CACGTG']	2	+-	5	1	0.20184887853983632	0.10970572293815367	1.8064841032028198	1000	0.017631506850792258	0.2017799349946717
['GATAA', 'CACGTG']	2	+-	5	2	0.21472919670873603	0.12944681601093525	1.7227363586425781	1000	0.04583652588723243	0.21305709538572237
['GATAA', 'CACGTG']	2	+-	5	3	0.18646898602112794	0.10199819145274876	1.5741701126098633	1000	0.014738789566412393	0.18925759871354295
['GATAA', 'CACGTG']	2	+-	5	4	0.21320209825823108	0.12187612897103872	1.8299071788787842	1000	0.031178353188411976	0.21257393162595467
['GATAA', 'CACGTG']	2	+-	6	0	0.19146671586387573	0.1031016966341786	1.6273393630981445	1000	0.01617209566593196	0.19003130566411203
['GATAA', 'CACGTG']	2	+-	6	1	0.20262189755980195	0.11047875270703496	1.8070199489593506	1000	0.018404535276059085	0.20255297551246867
['GATAA', 'CACGTG']	2	+-	6	2	0.19738945439428915	0.11210704144974132	1.7107172012329102	1000	0.02849676476218311	0.19571731007561277
['GATAA', 'CACGTG']	2	+-	6	3	0.1743683511999148	0.0898975405081621	1.5657825469970703	1000	0.0026381334153197	0.17715694239449845
['GATAA', 'CACGTG']	2	+-	6	4	0.17791322535275197	0.08658726144001747	1.805446982383728	1000	-0.004110518709356268	0.17728503722264422
['GATAA', 'CACGTG']	2	+-	7	0	0.1915819657377852	0.10321695725700372	1.627419352531433	1000	0.016287346883455858	0.1901465770358528
['GATAA', 'CACGTG']	2	+-	7	1	0.21083232781416106	0.1186891829613941	1.8127108812332153	1000	0.026614968217647132	0.2107634057668278
['GATAA', 'CACGTG']	2	+-	7	2	0.1958875514021356	0.11060513845758776	1.7096761465072632	1000	0.026994861770029556	0.19421542858129057
['GATAA', 'CACGTG']	2	+-	7	3	0.17833464734085994	0.09386385277248074	1.5685317516326904	1000	0.006604435434578092	0.18112324928435927
['GATAA', 'CACGTG']	2	+-	7	4	0.18727700351054413	0.09595104497226747	1.8119373321533203	1000	0.005253272548676874	0.18664881538043637
['GATAA', 'CACGTG']	2	+-	8	0	0.19442619331992295	0.10606115259239446	1.6293907165527344	1000	0.01913156371667795	0.19299078312015924
['GATAA', 'CACGTG']	2	+-	8	1	0.20432145161345958	0.11217828526286124	1.8081979751586914	1000	0.02010407858080104	0.20425250806829495
['GATAA', 'CACGTG']	2	+-	8	2	0.1883340948740724	0.10305167118060889	1.7044404745101929	1000	0.019441391805821762	0.18666197205322738
['GATAA', 'CACGTG']	2	+-	8	3	0.18379057121225328	0.09931976589495842	1.5723134279251099	1000	0.01206035863416421	0.1865791839046683
['GATAA', 'CACGTG']	2	+-	8	4	0.20371779250893113	0.11239183397065444	1.8233332633972168	1000	0.021694059531642166	0.20308962587665472
['GATAA', 'CACGTG']	2	+-	9	0	0.20687603891371303	0.1185110196840159	1.6380202770233154	1000	0.031581402592395724	0.20544060721611795
['GATAA', 'CACGTG']	2	+-	9	1	0.2254677289351157	0.13332457333343306	1.8228554725646973	1000	0.04125036127691502	0.2253987853899511
['GATAA', 'CACGTG']	2	+-	9	2	0.2159940216166752	0.1307116409188744	1.723612904548645	1000	0.047101366918545114	0.21432192029366154
['GATAA', 'CACGTG']	2	+-	9	3	0.19595754834103676	0.11148674302374188	1.580747127532959	1000	0.02422732232680308	0.19874611803778905
['GATAA', 'CACGTG']	2	+-	9	4	0.20224914666188817	0.11092319887252718	1.8223153352737427	1000	0.02022541905905705	0.2016209585317804
['GATAA', 'CACGTG']	2	-+	0	0	0.024885540240088846	-0.0634794682406926	1.5118741989135742	1000	-0.15040907189616817	0.023450146163698646
['GATAA', 'CACGTG']	2	-+	0	1	0.021722490413612922	-0.07042065578276852	1.6816298961639404	1000	-0.16249486246482872	0.021653558960978432
['GATAA', 'CACGTG']	2	-+	0	2	0.026943170234529603	-0.05833923464833146	1.592572808265686	1000	-0.1419495140231186	0.02527104203922675
['GATAA', 'CACGTG']	2	-+	0	3	0.014264675050031886	-0.07020613429810636	1.454807162284851	1000	-0.15746553080998488	0.01705326355738662
['GATAA', 'CACGTG']	2	-+	0	4	0.02819681895739161	-0.06312913958088506	1.7016713619232178	1000	-0.1538269153635118	0.027568641576199523
['GATAA', 'CACGTG']	2	-+	1	0	0.17011486552986013	0.08174985167462086	1.6125394105911255	1000	-0.0051797466063968735	0.1686794660790121
['GATAA', 'CACGTG']	2	-+	1	1	0.15504338089981148	0.06290022529812882	1.7740410566329956	1000	-0.029173989445618134	0.15497442660573119
['GATAA', 'CACGTG']	2	-+	1	2	0.14649136085409178	0.06120895865845964	1.675437331199646	1000	-0.022401320716327486	0.14481922728433108
['GATAA', 'CACGTG']	2	-+	1	3	0.1377483110789262	0.05327749501271567	1.540399432182312	1000	-0.03398191224807853	0.1405368915245942
['GATAA', 'CACGTG']	2	-+	1	4	0.1503213822420595	0.058995418329324985	1.786321759223938	1000	-0.03170235745330176	0.14969319411195173
['GATAA', 'CACGTG']	2	-+	2	0	0.2075235965898742	0.11915858810909276	1.6384692192077637	1000	0.03222897907915936	0.20608820788794185
['GATAA', 'CACGTG']	2	-+	2	1	0.1767714217847581	0.08462827693199113	1.7891017198562622	1000	-0.007445936468141365	0.17670248898850915
['GATAA', 'CACGTG']	2	-+	2	2	0.19019645200460303	0.10491403906005521	1.7057313919067383	1000	0.021303762372497	0.18852432918375803
['GATAA', 'CACGTG']	2	-+	2	3	0.20486010127596188	0.1203893067075827	1.586917757987976	1000	0.033129891385101744	0.20764869247054554
['GATAA', 'CACGTG']	2	-+	2	4	0.21425003154560088	0.12292406225840853	1.8306337594985962	1000	0.03222628647578178	0.21362184341549312
['GATAA', 'CACGTG']	2	-+	3	0	0.1659420074763131	0.07757698824661598	1.6096469163894653	1000	-0.009352613393437905	0.16450659727654937
['GATAA', 'CACGTG']	2	-+	3	1	0.14376860676804154	0.05162546191527457	1.7662259340286255	1000	-0.040448752828472385	0.1436996739717926
['GATAA', 'CACGTG']	2	-+	3	2	0.15355660163201817	0.0682741940619282	1.680334448814392	1000	-0.015336086656473387	0.1518844680622575
['GATAA', 'CACGTG']	2	-+	3	3	0.15168291514436197	0.06721210982706709	1.5500582456588745	1000	-0.020047297433727115	0.1544715063389456
['GATAA', 'CACGTG']	2	-+	3	4	0.15797533038280498	0.06664938259344398	1.7916269302368164	1000	-0.024048398563640605	0.15734716375052857
['GATAA', 'CACGTG']	2	-+	4	0	0.14723357348172159	0.05886857574985582	1.5966793298721313	1000	-0.028061030592848663	0.14579818477978923
['GATAA', 'CACGTG']	2	-+	4	1	0.17220988294026113	0.08006674346195199	1.7859399318695068	1000	-0.012007468594566055	0.17214095014401218
['GATAA', 'CACGTG']	2	-+	4	2	0.16170689170315372	0.07642448413306374	1.6859838962554932	1000	-0.007185795913530619	0.16003475813339302
['GATAA', 'CACGTG']	2	-+	4	3	0.15240460809196069	0.06793379740020798	1.55055832862854	1000	-0.019325607173357295	0.15519318853762867
['GATAA', 'CACGTG']	2	-+	4	4	0.17762266066411928	0.08629670212584259	1.8052456378936768	1000	-0.0044010726490733044	0.1769944832829272
['GATAA', 'CACGTG']	2	-+	5	0	0.14814056698670933	0.059775569254843564	1.5973081588745117	1000	-0.027154034400632007	0.14670517828477697
['GATAA', 'CACGTG']	2	-+	5	1	0.13318900800889044	0.04104586584335238	1.7588926553726196	1000	-0.05102834890039457	0.1331200752126415
['GATAA', 'CACGTG']	2	-+	5	2	0.1564546167882133	0.071172219967039	1.6823433637619019	1000	-0.012438063438591513	0.1547824939673683
['GATAA', 'CACGTG']	2	-+	5	3	0.15684782287266408	0.07237700680645352	1.5536383390426636	1000	-0.014882399110726217	0.15963641406724774
['GATAA', 'CACGTG']	2	-+	5	4	0.15719778606933854	0.06587182215660402	1.7910879850387573	1000	-0.024825950938793803	0.15656960868814646
['GATAA', 'CACGTG']	2	-+	6	0	0.22598464429011525	0.1376196465582495	1.6512653827667236	1000	0.05069003752831607	0.22454927708601424
['GATAA', 'CACGTG']	2	-+	6	1	0.2253483299797542	0.1332051958759029	1.822772741317749	1000	0.04113097575769811	0.2252794294302523
['GATAA', 'CACGTG']	2	-+	6	2	0.2096408105111522	0.12435840831552003	1.7192091941833496	1000	0.04074812087904615	0.20796868769030716
['GATAA', 'CACGTG']	2	-+	6	3	0.21819327126241472	0.1337224336983728	1.5961596965789795	1000	0.04646303181203644	0.220981840959167
['GATAA', 'CACGTG']	2	-+	6	4	0.20945061919712926	0.11812463916102124	1.8273069858551025	1000	0.027426863378394496	0.2088224310670215
['GATAA', 'CACGTG']	2	-+	7	0	0.22296761713952307	0.13460264090548865	1.6491742134094238	1000	0.04767303187555525	0.2215322284375907
['GATAA', 'CACGTG']	2	-+	7	1	0.24442857971659543	0.15228544561274412	1.8359980583190918	1000	0.060211233556226096	0.2443596361714308
['GATAA', 'CACGTG']	2	-+	7	2	0.24247995178882573	0.15719756034210927	1.741971492767334	1000	0.07358726484394863	0.24080780747014938
['GATAA', 'CACGTG']	2	-+	7	3	0.2514227486640528	0.16695193259784222	1.6191926002502441	1000	0.0796925360859637	0.2542113398586364
['GATAA', 'CACGTG']	2	-+	7	4	0.2102561644359393	0.11893019514874696	1.8278653621673584	1000	0.02823241399166237	0.20962797630583155
['GATAA', 'CACGTG']	2	-+	8	0	0.4694215720418357	0.3810565420632229	1.8200029134750366	1000	0.2941269222843738	0.4679861188464093
['GATAA', 'CACGTG']	2	-+	8	1	0.43000250352913927	0.3378593371785409	1.9646282196044922	1000	0.24578511437310718	0.42993349549048054
['GATAA', 'CACGTG']	2	-+	8	2	0.4073019544981418	0.32201949855793127	1.856217384338379	1000	0.23840922993205985	0.4056297671838027
['GATAA', 'CACGTG']	2	-+	8	3	0.3832523305581138	0.29878148224515627	1.7105698585510254	1000	0.2115221072311091	0.38604090025486615
['GATAA', 'CACGTG']	2	-+	8	4	0.4234542211018751	0.3321282733125141	1.9756430387496948	1000	0.24143051365326088	0.4228260544695987
['GATAA', 'CACGTG']	2	-+	9	0	0.6095368266000084	0.5211717966213956	1.917123556137085	1000	0.4342421768425465	0.6081013734045819
['GATAA', 'CACGTG']	2	-+	9	1	0.6094362167492536	0.517293028900824	2.0890018939971924	1000	0.42521880609539026	0.6093672947019204
['GATAA', 'CACGTG']	2	-+	9	2	0.5827840653450442	0.49750169539615907	1.9778523445129395	1000	0.4138914267702876	0.5811120070176933
['GATAA', 'CACGTG']	2	-+	9	3	0.6064257464372256	0.5219548766264367	1.8652617931365967	1000	0.43469548011455816	0.6092143591296406
['GATAA', 'CACGTG']	2	-+	9	4	0.5183972005150259	0.4270712742234963	2.041452407836914	1000	0.3363734930664117	0.5177690768784122
['GATAA', 'CACGTG']	2	--	0	0	0.024885540240088846	-0.0634794682406926	1.5118741989135742	1000	-0.15040907189616817	0.023450146163698646
['GATAA', 'CACGTG']	2	--	0	1	0.021722490413612922	-0.07042065578276852	1.6816298961639404	1000	-0.16249486246482872	0.021653558960978432
['GATAA', 'CACGTG']	2	--	0	2	0.026943170234529603	-0.05833923464833146	1.592572808265686	1000	-0.1419495140231186	0.02527104203922675
['GATAA', 'CACGTG']	2	--	0	3	0.014264675050031886	-0.07020613429810636	1.454807162284851	1000	-0.15746553080998488	0.01705326355738662
['GATAA', 'CACGTG']	2	--	0	4	0.02819681895739161	-0.06312913958088506	1.7016713619232178	1000	-0.1538269153635118	0.027568641576199523
['GATAA', 'CACGTG']	2	--	1	0	0.17011486552986013	0.08174985167462086	1.6125394105911255	1000	-0.0051797466063968735	0.1686794660790121
['GATAA', 'CACGTG']	2	--	1	1	0.15504338089981148	0.06290022529812882	1.7740410566329956	1000	-0.029173989445618134	0.15497442660573119
['GATAA', 'CACGTG']	2	--	1	2	0.14649136085409178	0.06120895865845964	1.675437331199646	1000	-0.022401320716327486	0.14481922728433108
['GATAA', 'CACGTG']	2	--	1	3	0.1377483110789262	0.05327749501271567	1.540399432182312	1000	-0.03398191224807853	0.1405368915245942
['GATAA', 'CACGTG']	2	--	1	4	0.1503213822420595	0.058995418329324985	1.786321759223938	1000	-0.03170235745330176	0.14969319411195173
['GATAA', 'CACGTG']	2	--	2	0	0.2075235965898742	0.11915858810909276	1.6384692192077637	1000	0.03222897907915936	0.20608820788794185
['GATAA', 'CACGTG']	2	--	2	1	0.1767714217847581	0.08462827693199113	1.7891017198562622	1000	-0.007445936468141365	0.17670248898850915
['GATAA', 'CACGTG']	2	--	2	2	0.19019645200460303	0.10491403906005521	1.7057313919067383	1000	0.021303762372497	0.18852432918375803
['GATAA', 'CACGTG']	2	--	2	3	0.20486010127596188	0.1203893067075827	1.586917757987976	1000	0.033129891385101744	0.20764869247054554
['GATAA', 'CACGTG']	2	--	2	4	0.21425003154560088	0.12292406225840853	1.8306337594985962	1000	0.03222628647578178	0.21362184341549312
['GATAA', 'CACGTG']	2	--	3	0	0.1659420074763131	0.07757698824661598	1.6096469163894653	1000	-0.009352613393437905	0.16450659727654937
['GATAA', 'CACGTG']	2	--	3	1	0.14376860676804154	0.05162546191527457	1.7662259340286255	1000	-0.040448752828472385	0.1436996739717926
['GATAA', 'CACGTG']	2	--	3	2	0.15355660163201817	0.0682741940619282	1.680334448814392	1000	-0.015336086656473387	0.1518844680622575
['GATAA', 'CACGTG']	2	--	3	3	0.15168291514436197	0.06721210982706709	1.5500582456588745	1000	-0.020047297433727115	0.1544715063389456
['GATAA', 'CACGTG']	2	--	3	4	0.15797533038280498	0.06664938259344398	1.7916269302368164	1000	-0.024048398563640605	0.15734716375052857
['GATAA', 'CACGTG']	2	--	4	0	0.14723357348172159	0.05886857574985582	1.5966793298721313	1000	-0.028061030592848663	0.14579818477978923
['GATAA', 'CACGTG']	2	--	4	1	0.17220988294026113	0.08006674346195199	1.7859399318695068	1000	-0.012007468594566055	0.17214095014401218
['GATAA', 'CACGTG']	2	--	4	2	0.16170689170315372	0.07642448413306374	1.6859838962554932	1000	-0.007185795913530619	0.16003475813339302
['GATAA', 'CACGTG']	2	--	4	3	0.15240460809196069	0.06793379740020798	1.55055832862854	1000	-0.019325607173357295	0.15519318853762867
['GATAA', 'CACGTG']	2	--	4	4	0.17762266066411928	0.08629670212584259	1.8052456378936768	1000	-0.0044010726490733044	0.1769944832829272
['GATAA', 'CACGTG']	2	--	5	0	0.14814056698670933	0.059775569254843564	1.5973081588745117	1000	-0.027154034400632007	0.14670517828477697
['GATAA', 'CACGTG']	2	--	5	1	0.13318900800889044	0.04104586584335238	1.7588926553726196	1000	-0.05102834890039457	0.1331200752126415
['GATAA', 'CACGTG']	2	--	5	2	0.1564546167882133	0.071172219967039	1.6823433637619019	1000	-0.012438063438591513	0.1547824939673683
['GATAA', 'CACGTG']	2	--	5	3	0.15684782287266408	0.07237700680645352	1.5536383390426636	1000	-0.014882399110726217	0.15963641406724774
['GATAA', 'CACGTG']	2	--	5	4	0.15719778606933854	0.06587182215660402	1.7910879850387573	1000	-0.024825950938793803	0.15656960868814646
['GATAA', 'CACGTG']	2	--	6	0	0.22598464429011525	0.1376196465582495	1.6512653827667236	1000	0.05069003752831607	0.22454927708601424
['GATAA', 'CACGTG']	2	--	6	1	0.2253483299797542	0.1332051958759029	1.822772741317749	1000	0.04113097575769811	0.2252794294302523
['GATAA', 'CACGTG']	2	--	6	2	0.2096408105111522	0.12435840831552003	1.7192091941833496	1000	0.04074812087904615	0.20796868769030716
['GATAA', 'CACGTG']	2	--	6	3	0.21819327126241472	0.1337224336983728	1.5961596965789795	1000	0.04646303181203644	0.220981840959167
['GATAA', 'CACGTG']	2	--	6	4	0.20945061919712926	0.11812463916102124	1.8273069858551025	1000	0.027426863378394496	0.2088224310670215
['GATAA', 'CACGTG']	2	--	7	0	0.22296761713952307	0.13460264090548865	1.6491742134094238	1000	0.04767303187555525	0.2215322284375907
['GATAA', 'CACGTG']	2	--	7	1	0.24442857971659543	0.15228544561274412	1.8359980583190918	1000	0.060211233556226096	0.2443596361714308
['GATAA', 'CACGTG']	2	--	7	2	0.24247995178882573	0.15719756034210927	1.741971492767334	1000	0.07358726484394863	0.24080780747014938
['GATAA', 'CACGTG']	2	--	7	3	0.2514227486640528	0.16695193259784222	1.6191926002502441	1000	0.0796925360859637	0.2542113398586364
['GATAA', 'CACGTG']	2	--	7	4	0.2102561644359393	0.11893019514874696	1.8278653621673584	1000	0.02823241399166237	0.20962797630583155
['GATAA', 'CACGTG']	2	--	8	0	0.4694215720418357	0.3810565420632229	1.8200029134750366	1000	0.2941269222843738	0.4679861188464093
['GATAA', 'CACGTG']	2	--	8	1	0.43000250352913927	0.3378593371785409	1.9646282196044922	1000	0.24578511437310718	0.42993349549048054
['GATAA', 'CACGTG']	2	--	8	2	0.4073019544981418	0.32201949855793127	1.856217384338379	1000	0.23840922993205985	0.4056297671838027
['GATAA', 'CACGTG']	2	--	8	3	0.3832523305581138	0.29878148224515627	1.7105698585510254	1000	0.2115221072311091	0.38604090025486615
['GATAA', 'CACGTG']	2	--	8	4	0.4234542211018751	0.3321282733125141	1.9756430387496948	1000	0.24143051365326088	0.4228260544695987
['GATAA', 'CACGTG']	2	--	9	0	0.6095368266000084	0.5211717966213956	1.917123556137085	1000	0.4342421768425465	0.6081013734045819
['GATAA', 'CACGTG']	2	--	9	1	0.6094362167492536	0.517293028900824	2.0890018939971924	1000	0.42521880609539026	0.6093672947019204
['GATAA', 'CACGTG']	2	--	9	2	0.5827840653450442	0.49750169539615907	1.9778523445129395	1000	0.4138914267702876	0.5811120070176933
['GATAA', 'CACGTG']	2	--	9	3	0.6064257464372256	0.5219548766264367	1.8652617931365967	1000	0.43469548011455816	0.6092143591296406
['GATAA', 'CACGTG']	2	--	9	4	0.5183972005150259	0.4270712742234963	2.041452407836914	1000	0.3363734930664117	0.5177690768784122
['GATAA', 'CACGTG']	2	++	20	0	0.1787370974927946	0.09037209976092882	1.6185158491134644	1000	0.0034424900591881794	0.17730170879086224
['GATAA', 'CACGTG']	2	++	20	1	0.18265114315462447	0.09050797680402611	1.7931772470474243	1000	-0.00156623054984131	0.18258217811162847
['GATAA', 'CACGTG']	2	++	20	2	0.17517597097945087	0.08989356340936089	1.6953198909759521	1000	0.006283281347344844	0.1735038374096902
['GATAA', 'CACGTG']	2	++	20	3	0.1630333723914272	0.07856254557630098	1.557925820350647	1000	-0.008696858325457073	0.16582196358601087
['GATAA', 'CACGTG']	2	++	20	4	0.17960306238663587	0.08827709847390136	1.8066182136535645	1000	-0.0024206804998097315	0.1789748742565281
['GATAA', 'CACGTG']	2	++	21	0	0.17668087291907886	0.08831587518721308	1.6170905828475952	1000	0.0013862728753519685	0.17524548421714647
['GATAA', 'CACGTG']	2	++	21	1	0.17911853351457693	0.08697538866180995	1.7907286882400513	1000	-0.005098820035671933	0.17904960071832798
['GATAA', 'CACGTG']	2	++	21	2	0.182027899525729	0.09674549733009685	1.7000693082809448	1000	0.013135212580851886	0.18035577670488398
['GATAA', 'CACGTG']	2	++	21	3	0.16719520205748767	0.08272440211465064	1.5608105659484863	1000	-0.004535000107589337	0.16998381474990268
['GATAA', 'CACGTG']	2	++	21	4	0.174077689771041	0.0827517312327643	1.8027883768081665	1000	-0.007946041190826285	0.1734495123898489
['GATAA', 'CACGTG']	2	++	22	0	0.173862894189029	0.08549787495933188	1.6151374578475952	1000	-0.0014317241614448825	0.1724274839892653
['GATAA', 'CACGTG']	2	++	22	1	0.177400007624746	0.08525686814643686	1.7895374298095703	1000	-0.0068173459255028695	0.17733108557741273
['GATAA', 'CACGTG']	2	++	22	2	0.1755040816305501	0.09022167943491793	1.695547342300415	1000	0.006611398044709116	0.17383195880970506
['GATAA', 'CACGTG']	2	++	22	3	0.16571248587982101	0.0812416751880683	1.5597827434539795	1000	-0.006017729385496989	0.16850107707440465
['GATAA', 'CACGTG']	2	++	22	4	0.17241194105719357	0.08108597177000122	1.8016338348388672	1000	-0.009611797966360455	0.1717837529270858
['GATAA', 'CACGTG']	2	++	23	0	0.19326174178659358	0.10489671180798078	1.6285836696624756	1000	0.01796711218334859	0.1918263100889985
['GATAA', 'CACGTG']	2	++	23	1	0.187084275452421	0.0949411413485697	1.7962499856948853	1000	0.0028669242534974377	0.18701535340508774
['GATAA', 'CACGTG']	2	++	23	2	0.1826837123691316	0.09740131017349946	1.7005239725112915	1000	0.01379102676786895	0.18101158954828658
['GATAA', 'CACGTG']	2	++	23	3	0.1726808251829019	0.08821001986560702	1.5646127462387085	1000	0.0009506114291501645	0.1754694378753169
['GATAA', 'CACGTG']	2	++	23	4	0.18220143002044958	0.0908754714821729	1.8084192276000977	1000	0.00017769179466663358	0.1815732418903418
['GATAA', 'CACGTG']	2	++	24	0	0.18216834485798983	0.09380333637720839	1.6208943128585815	1000	0.006873723988238834	0.18073293465822612
['GATAA', 'CACGTG']	2	++	24	1	0.17678215995152136	0.08463902047321221	1.789109230041504	1000	-0.007435192255113049	0.17671323790418808
['GATAA', 'CACGTG']	2	++	24	2	0.1749040556595211	0.08962165346388895	1.6951314210891724	1000	0.0060113680428367545	0.17323193283867608
['GATAA', 'CACGTG']	2	++	24	3	0.16480186999024946	0.08033105392403891	1.559151530265808	1000	-0.006928349977719133	0.16759046118483312
['GATAA', 'CACGTG']	2	++	24	4	0.1782529125860374	0.08692694867330288	1.8056824207305908	1000	-0.003770824757998564	0.17762473520484529
['GATAA', 'CACGTG']	2	++	25	0	0.18093662661034177	0.09257163962739168	1.6200405359268188	1000	0.005642028582036574	0.1795012379084094
['GATAA', 'CACGTG']	2	++	25	1	0.1830533890771612	0.09091023347547855	1.7934560775756836	1000	-0.001163983703569617	0.18298444553199658
['GATAA', 'CACGTG']	2	++	25	2	0.1788697498611882	0.09358735841447174	1.6978803873062134	1000	0.009977075680648463	0.17719763778925887
['GATAA', 'CACGTG']	2	++	25	3	0.15510644478809973	0.07063563409634703	1.5524311065673828	1000	-0.01662377585167609	0.1578950359826834
['GATAA', 'CACGTG']	2	++	25	4	0.17744200363830356	0.08611604510002689	1.8051203489303589	1000	-0.004581735049346845	0.17681382625711148
['GATAA', 'CACGTG']	2	++	26	0	0.176235007896717	0.08786999404147773	1.6167815923690796	1000	0.0009403949207009608	0.17479960844586898
['GATAA', 'CACGTG']	2	++	26	1	0.175599295525634	0.08345613992395133	1.7882893085479736	1000	-0.008618067429916089	0.17553037347830072
['GATAA', 'CACGTG']	2	++	26	2	0.17477406902221584	0.08949165607766803	1.695041537284851	1000	0.005881371328423059	0.17310193545245517
['GATAA', 'CACGTG']	2	++	26	3	0.15337493420812867	0.06890411814191812	1.5512309074401855	1000	-0.01835529046249055	0.15616351465379663
['GATAA', 'CACGTG']	2	++	26	4	0.17408441859225599	0.08275846542843715	1.802793025970459	1000	-0.007939315056840198	0.1734562412110639
['GATAA', 'CACGTG']	2	++	27	0	0.17539505537881875	0.08703005764695297	1.6161994934082031	1000	0.00010044638116112205	0.17395966667688637
['GATAA', 'CACGTG']	2	++	27	1	0.18056467113218821	0.08842152627942124	1.7917309999465942	1000	-0.003652687792518488	0.1804957275870236
['GATAA', 'CACGTG']	2	++	27	2	0.17573769856391586	0.0904552963682837	1.6957093477249146	1000	0.006845010275424274	0.17406557574307083
['GATAA', 'CACGTG']	2	++	27	3	0.16334231772587088	0.07887150703411817	1.5581399202346802	1000	-0.008387899554868797	0.16613090892045454
['GATAA', 'CACGTG']	2	++	27	4	0.17180475630832243	0.08047879777004575	1.8012129068374634	1000	-0.010218981371617142	0.17117656817821467
['GATAA', 'CACGTG']	2	++	28	0	0.16644805567756124	0.07808305257123763	1.6099977493286133	1000	-0.00884655645869578	0.1650126562267132
['GATAA', 'CACGTG']	2	++	28	1	0.17150050825003044	0.07935735802280561	1.7854481935501099	1000	-0.012716852690097966	0.1714315754537815
['GATAA', 'CACGTG']	2	++	28	2	0.1706551812742927	0.08537277370420271	1.6921863555908203	1000	0.0017624877792950895	0.1689830584534477
['GATAA', 'CACGTG']	2	++	28	3	0.15927651887248595	0.0748057189296489	1.5553216934204102	1000	-0.01245369908006097	0.16206511006706958
['GATAA', 'CACGTG']	2	++	28	4	0.1675011591933726	0.07617520602955377	1.7982298135757446	1000	-0.014522571096687425	0.1668729925610962
['GATAA', 'CACGTG']	2	++	29	0	0.16600631823882012	0.07764130975803867	1.6096916198730469	1000	-0.009288288522979063	0.16457092953688776
['GATAA', 'CACGTG']	2	++	29	1	0.17574060077114917	0.08359745591838218	1.7883871793746948	1000	-0.008476760168979244	0.1756716787238159
['GATAA', 'CACGTG']	2	++	29	2	0.1779922728786548	0.09270985993410698	1.6972719430923462	1000	0.009099583246548767	0.1763201393088941
['GATAA', 'CACGTG']	2	++	29	3	0.1594651623426511	0.07499435702535621	1.5554523468017578	1000	-0.012265051579052447	0.1622537642861504
['GATAA', 'CACGTG']	2	++	29	4	0.16605594598250972	0.07472997669531736	1.7972279787063599	1000	-0.015967793712851543	0.16542775785240194
['GATAA', 'CACGTG']	2	+-	20	0	0.1787370974927946	0.09037209976092882	1.6185158491134644	1000	0.0034424900591881794	0.17730170879086224
['GATAA', 'CACGTG']	2	+-	20	1	0.18265114315462447	0.09050797680402611	1.7931772470474243	1000	-0.00156623054984131	0.18258217811162847
['GATAA', 'CACGTG']	2	+-	20	2	0.17517597097945087	0.08989356340936089	1.6953198909759521	1000	0.006283281347344844	0.1735038374096902
['GATAA', 'CACGTG']	2	+-	20	3	0.1630333723914272	0.07856254557630098	1.557925820350647	1000	-0.008696858325457073	0.16582196358601087
['GATAA', 'CACGTG']	2	+-	20	4	0.17960306238663587	0.08827709847390136	1.8066182136535645	1000	-0.0024206804998097315	0.1789748742565281
['GATAA', 'CACGTG']	2	+-	21	0	0.17668087291907886	0.08831587518721308	1.6170905828475952	1000	0.0013862728753519685	0.17524548421714647
['GATAA', 'CACGTG']	2	+-	21	1	0.17911853351457693	0.08697538866180995	1.7907286882400513	1000	-0.005098820035671933	0.17904960071832798
['GATAA', 'CACGTG']	2	+-	21	2	0.182027899525729	0.09674549733009685	1.7000693082809448	1000	0.013135212580851886	0.18035577670488398
['GATAA', 'CACGTG']	2	+-	21	3	0.16719520205748767	0.08272440211465064	1.5608105659484863	1000	-0.004535000107589337	0.16998381474990268
['GATAA', 'CACGTG']	2	+-	21	4	0.174077689771041	0.0827517312327643	1.8027883768081665	1000	-0.007946041190826285	0.1734495123898489
['GATAA', 'CACGTG']	2	+-	22	0	0.173862894189029	0.08549787495933188	1.6151374578475952	1000	-0.0014317241614448825	0.1724274839892653
['GATAA', 'CACGTG']	2	+-	22	1	0.177400007624746	0.08525686814643686	1.7895374298095703	1000	-0.0068173459255028695	0.17733108557741273
['GATAA', 'CACGTG']	2	+-	22	2	0.1755040816305501	0.09022167943491793	1.695547342300415	1000	0.006611398044709116	0.17383195880970506
['GATAA', 'CACGTG']	2	+-	22	3	0.16571248587982101	0.0812416751880683	1.5597827434539795	1000	-0.006017729385496989	0.16850107707440465
['GATAA', 'CACGTG']	2	+-	22	4	0.17241194105719357	0.08108597177000122	1.8016338348388672	1000	-0.009611797966360455	0.1717837529270858
['GATAA', 'CACGTG']	2	+-	23	0	0.19326174178659358	0.10489671180798078	1.6285836696624756	1000	0.01796711218334859	0.1918263100889985
['GATAA', 'CACGTG']	2	+-	23	1	0.187084275452421	0.0949411413485697	1.7962499856948853	1000	0.0028669242534974377	0.18701535340508774
['GATAA', 'CACGTG']	2	+-	23	2	0.1826837123691316	0.09740131017349946	1.7005239725112915	1000	0.01379102676786895	0.18101158954828658
['GATAA', 'CACGTG']	2	+-	23	3	0.1726808251829019	0.08821001986560702	1.5646127462387085	1000	0.0009506114291501645	0.1754694378753169
['GATAA', 'CACGTG']	2	+-	23	4	0.18220143002044958	0.0908754714821729	1.8084192276000977	1000	0.00017769179466663358	0.1815732418903418
['GATAA', 'CACGTG']	2	+-	24	0	0.18216834485798983	0.09380333637720839	1.6208943128585815	1000	0.006873723988238834	0.18073293465822612
['GATAA', 'CACGTG']	2	+-	24	1	0.17678215995152136	0.08463902047321221	1.789109230041504	1000	-0.007435192255113049	0.17671323790418808
['GATAA', 'CACGTG']	2	+-	24	2	0.1749040556595211	0.08962165346388895	1.6951314210891724	1000	0.0060113680428367545	0.17323193283867608
['GATAA', 'CACGTG']	2	+-	24	3	0.16480186999024946	0.08033105392403891	1.559151530265808	1000	-0.006928349977719133	0.16759046118483312
['GATAA', 'CACGTG']	2	+-	24	4	0.1782529125860374	0.08692694867330288	1.8056824207305908	1000	-0.003770824757998564	0.17762473520484529
['GATAA', 'CACGTG']	2	+-	25	0	0.18093662661034177	0.09257163962739168	1.6200405359268188	1000	0.005642028582036574	0.1795012379084094
['GATAA', 'CACGTG']	2	+-	25	1	0.1830533890771612	0.09091023347547855	1.7934560775756836	1000	-0.001163983703569617	0.18298444553199658
['GATAA', 'CACGTG']	2	+-	25	2	0.1788697498611882	0.09358735841447174	1.6978803873062134	1000	0.009977075680648463	0.17719763778925887
['GATAA', 'CACGTG']	2	+-	25	3	0.15510644478809973	0.07063563409634703	1.5524311065673828	1000	-0.01662377585167609	0.1578950359826834
['GATAA', 'CACGTG']	2	+-	25	4	0.17744200363830356	0.08611604510002689	1.8051203489303589	1000	-0.004581735049346845	0.17681382625711148
['GATAA', 'CACGTG']	2	+-	26	0	0.176235007896717	0.08786999404147773	1.6167815923690796	1000	0.0009403949207009608	0.17479960844586898
['GATAA', 'CACGTG']	2	+-	26	1	0.175599295525634	0.08345613992395133	1.7882893085479736	1000	-0.008618067429916089	0.17553037347830072
['GATAA', 'CACGTG']	2	+-	26	2	0.17477406902221584	0.08949165607766803	1.695041537284851	1000	0.005881371328423059	0.17310193545245517
['GATAA', 'CACGTG']	2	+-	26	3	0.15337493420812867	0.06890411814191812	1.5512309074401855	1000	-0.01835529046249055	0.15616351465379663
['GATAA', 'CACGTG']	2	+-	26	4	0.17408441859225599	0.08275846542843715	1.802793025970459	1000	-0.007939315056840198	0.1734562412110639
['GATAA', 'CACGTG']	2	+-	27	0	0.17539505537881875	0.08703005764695297	1.6161994934082031	1000	0.00010044638116112205	0.17395966667688637
['GATAA', 'CACGTG']	2	+-	27	1	0.18056467113218821	0.08842152627942124	1.7917309999465942	1000	-0.003652687792518488	0.1804957275870236
['GATAA', 'CACGTG']	2	+-	27	2	0.17573769856391586	0.0904552963682837	1.6957093477249146	1000	0.006845010275424274	0.17406557574307083
['GATAA', 'CACGTG']	2	+-	27	3	0.16334231772587088	0.07887150703411817	1.5581399202346802	1000	-0.008387899554868797	0.16613090892045454
['GATAA', 'CACGTG']	2	+-	27	4	0.17180475630832243	0.08047879777004575	1.8012129068374634	1000	-0.010218981371617142	0.17117656817821467
['GATAA', 'CACGTG']	2	+-	28	0	0.16644805567756124	0.07808305257123763	1.6099977493286133	1000	-0.00884655645869578	0.1650126562267132
['GATAA', 'CACGTG']	2	+-	28	1	0.17150050825003044	0.07935735802280561	1.7854481935501099	1000	-0.012716852690097966	0.1714315754537815
['GATAA', 'CACGTG']	2	+-	28	2	0.1706551812742927	0.08537277370420271	1.6921863555908203	1000	0.0017624877792950895	0.1689830584534477
['GATAA', 'CACGTG']	2	+-	28	3	0.15927651887248595	0.0748057189296489	1.5553216934204102	1000	-0.01245369908006097	0.16206511006706958
['GATAA', 'CACGTG']	2	+-	28	4	0.1675011591933726	0.07617520602955377	1.7982298135757446	1000	-0.014522571096687425	0.1668729925610962
['GATAA', 'CACGTG']	2	+-	29	0	0.16600631823882012	0.07764130975803867	1.6096916198730469	1000	-0.009288288522979063	0.16457092953688776
['GATAA', 'CACGTG']	2	+-	29	1	0.17574060077114917	0.08359745591838218	1.7883871793746948	1000	-0.008476760168979244	0.1756716787238159
['GATAA', 'CACGTG']	2	+-	29	2	0.1779922728786548	0.09270985993410698	1.6972719430923462	1000	0.009099583246548767	0.1763201393088941
['GATAA', 'CACGTG']	2	+-	29	3	0.1594651623426511	0.07499435702535621	1.5554523468017578	1000	-0.012265051579052447	0.1622537642861504
['GATAA', 'CACGTG']	2	+-	29	4	0.16605594598250972	0.07472997669531736	1.7972279787063599	1000	-0.015967793712851543	0.16542775785240194
['GATAA', 'CACGTG']	2	-+	20	0	0.1698298257838864	0.08146480655418926	1.6123418807983398	1000	-0.0054647913909248455	0.16839442633303836
['GATAA', 'CACGTG']	2	-+	20	1	0.17072472675873535	0.07858157653151052	1.7849104404449463	1000	-0.013492630150549679	0.1706557939624864
['GATAA', 'CACGTG']	2	-+	20	2	0.17520544450624248	0.0899230369361525	1.6953402757644653	1000	0.006312746812449699	0.1735333109364818
['GATAA', 'CACGTG']	2	-+	20	3	0.15958586191680973	0.07511505122505703	1.555536150932312	1000	-0.012144352004893793	0.1623744531113934
['GATAA', 'CACGTG']	2	-+	20	4	0.17203462187011626	0.08070867408075526	1.8013721704483032	1000	-0.009989102373678721	0.17140646598675552
['GATAA', 'CACGTG']	2	-+	21	0	0.18138614626403443	0.09302114853216865	1.620352029800415	1000	0.0060915495793437	0.17995075756210208
['GATAA', 'CACGTG']	2	-+	21	1	0.17369294308322952	0.08154978748154686	1.7869677543640137	1000	-0.01052442188774226	0.1736239995380649
['GATAA', 'CACGTG']	2	-+	21	2	0.17850394276280301	0.09322154056717087	1.6976267099380493	1000	0.00961125984876928	0.17683181994195799
['GATAA', 'CACGTG']	2	-+	21	3	0.16288264034686165	0.07841182965510893	1.557821273803711	1000	-0.008847579621106967	0.16567123154144528
['GATAA', 'CACGTG']	2	-+	21	4	0.17491687911592604	0.08359092057764939	1.8033701181411743	1000	-0.00710685587678459	0.17428870173473396
['GATAA', 'CACGTG']	2	-+	22	0	0.18977655636252147	0.10141155863065572	1.6261680126190186	1000	0.014481959006023526	0.18834116766058911
['GATAA', 'CACGTG']	2	-+	22	1	0.19415822285204734	0.10201506725036467	1.8011534214019775	1000	0.009940857881075554	0.19408927930688272
['GATAA', 'CACGTG']	2	-+	22	2	0.1912835758385382	0.10600117364290605	1.7064849138259888	1000	0.02239088083197433	0.18961143151986182
['GATAA', 'CACGTG']	2	-+	22	3	0.1781482503940717	0.09367743432786113	1.5684025287628174	1000	0.006418024379838015	0.18093684158865533
['GATAA', 'CACGTG']	2	-+	22	4	0.18148477831430423	0.09015883052494325	1.807922601699829	1000	-0.0005389440820208348	0.18085661168202785
['GATAA', 'CACGTG']	2	-+	23	0	0.1807694594737031	0.09240447249075302	1.619924545288086	1000	0.005474858758169004	0.17933406002285507
['GATAA', 'CACGTG']	2	-+	23	1	0.18250179772018146	0.09035867436524583	1.7930737733840942	1000	-0.0017155482722360665	0.18243289717067956
['GATAA', 'CACGTG']	2	-+	23	2	0.18108294085056328	0.09580054940384683	1.6994143724441528	1000	0.012190259280144023	0.17941081802971828
['GATAA', 'CACGTG']	2	-+	23	3	0.1646845025799513	0.08021368651374074	1.5590702295303345	1000	-0.007045721418860701	0.16747308302561925
['GATAA', 'CACGTG']	2	-+	23	4	0.1788162955035169	0.08749034771415591	1.8060729503631592	1000	-0.003207429412085286	0.1781881288712405
['GATAA', 'CACGTG']	2	-+	24	0	0.18686306276774872	0.09849805428696727	1.6241484880447388	1000	0.01156844928787724	0.185427652567985
['GATAA', 'CACGTG']	2	-+	24	1	0.19978007773477624	0.10763694363092495	1.8050501346588135	1000	0.015562720825491233	0.19971113418961162
['GATAA', 'CACGTG']	2	-+	24	2	0.18689283726417935	0.10161044581746287	1.7034413814544678	1000	0.01800015972460345	0.18522071444333432
['GATAA', 'CACGTG']	2	-+	24	3	0.1707544367616719	0.08628362069546135	1.5632776021957397	1000	-0.000975789672441299	0.17354301720733986
['GATAA', 'CACGTG']	2	-+	24	4	0.18600596572934255	0.09468000719106588	1.81105637550354	1000	0.003982233423860827	0.18537779909706614
['GATAA', 'CACGTG']	2	-+	25	0	0.17751398912660532	0.08914896989690821	1.6176682710647583	1000	0.002219374471071199	0.1760785896757573
['GATAA', 'CACGTG']	2	-+	25	1	0.18491952982601084	0.0927764064710752	1.7947494983673096	1000	0.0007021831617860674	0.18485060777867757
['GATAA', 'CACGTG']	2	-+	25	2	0.17718600746249427	0.09190360526686213	1.6967132091522217	1000	0.00829332118942439	0.17551388464164927
['GATAA', 'CACGTG']	2	-+	25	3	0.17025604178838716	0.08578524184555011	1.5629321336746216	1000	-0.0014741660870513126	0.1730446437318865
['GATAA', 'CACGTG']	2	-+	25	4	0.1828425383472034	0.09151657980892673	1.808863639831543	1000	0.0008188052859385486	0.18221435021709564
['GATAA', 'CACGTG']	2	-+	26	0	0.18239108388868852	0.09402606465899141	1.6210485696792603	1000	0.007096460331708609	0.18095567368892482
['GATAA', 'CACGTG']	2	-+	26	1	0.1899170231926137	0.09777386759093101	1.7982136011123657	1000	0.005699647472726224	0.18984807964744904
['GATAA', 'CACGTG']	2	-+	26	2	0.18492004577396343	0.09963762208049992	1.7020740509033203	1000	0.016027346736556168	0.1832479229531184
['GATAA', 'CACGTG']	2	-+	26	3	0.17910701067696913	0.09463622685750561	1.569067120552063	1000	0.007376810863217425	0.18189562336938414
['GATAA', 'CACGTG']	2	-+	26	4	0.18387555213961088	0.09254958285241852	1.8095797300338745	1000	0.0018518117724423831	0.1832473640095031
['GATAA', 'CACGTG']	2	-+	27	0	0.17510636100151417	0.08674136864410623	1.6159992218017578	1000	-0.0001882446476042984	0.17367097229958178
['GATAA', 'CACGTG']	2	-+	27	1	0.17381846892052802	0.08167531331884535	1.7870548963546753	1000	-0.010398895378636539	0.17374953612427907
['GATAA', 'CACGTG']	2	-+	27	2	0.17411122638795923	0.08882883494124276	1.6945819854736328	1000	0.00521854716886526	0.1724391035671142
['GATAA', 'CACGTG']	2	-+	27	3	0.16004903269341464	0.0755782166272041	1.5558571815490723	1000	-0.01168118794636119	0.1628376238879983
['GATAA', 'CACGTG']	2	-+	27	4	0.17238878789282117	0.08106281323117097	1.8016176223754883	1000	-0.009634960536034081	0.1717605997627134
['GATAA', 'CACGTG']	2	-+	28	0	0.17616465624359845	0.08779964238835916	1.6167328357696533	1000	0.0008700402444498585	0.1747292675416661
['GATAA', 'CACGTG']	2	-+	28	1	0.18017925801160467	0.08803610778437984	1.791463851928711	1000	-0.004038106623463497	0.18011032521535572
['GATAA', 'CACGTG']	2	-+	28	2	0.17711444118190398	0.09183203898627185	1.6966636180877686	1000	0.008221751549797955	0.17544231836105897
['GATAA', 'CACGTG']	2	-+	28	3	0.16289873147363299	0.07842791003296459	1.5578322410583496	1000	-0.008831494540600685	0.16568731191930097
['GATAA', 'CACGTG']	2	-+	28	4	0.17580289073750852	0.08447693219923186	1.8039841651916504	1000	-0.006220844927009345	0.17517471335631643
['GATAA', 'CACGTG']	2	-+	29	0	0.17864218456734968	0.09027717608656823	1.6184501647949219	1000	0.0033475757901288068	0.17720679586541732
['GATAA', 'CACGTG']	2	-+	29	1	0.18246514391771634	0.09032199906494935	1.79304838180542	1000	-0.001752214335183149	0.1823962003725517
['GATAA', 'CACGTG']	2	-+	29	2	0.1797018879173879	0.09441948572175576	1.6984570026397705	1000	0.010809208362390323	0.1780297650965429
['GATAA', 'CACGTG']	2	-+	29	3	0.17356235450664625	0.08909154918935139	1.5652239322662354	1000	0.0018321380656656071	0.17635093495231421
['GATAA', 'CACGTG']	2	-+	29	4	0.18798329326197497	0.09665735622152967	1.812427043914795	1000	0.005959575064445082	0.18735512662969858
['GATAA', 'CACGTG']	2	--	20	0	0.1698298257838864	0.08146480655418926	1.6123418807983398	1000	-0.0054647913909248455	0.16839442633303836
['GATAA', 'CACGTG']	2	--	20	1	0.17072472675873535	0.07858157653151052	1.7849104404449463	1000	-0.013492630150549679	0.1706557939624864
['GATAA', 'CACGTG']	2	--	20	2	0.17520544450624248	0.0899230369361525	1.6953402757644653	1000	0.006312746812449699	0.1735333109364818
['GATAA', 'CACGTG']	2	--	20	3	0.15958586191680973	0.07511505122505703	1.555536150932312	1000	-0.012144352004893793	0.1623744531113934
['GATAA', 'CACGTG']	2	--	20	4	0.17203462187011626	0.08070867408075526	1.8013721704483032	1000	-0.009989102373678721	0.17140646598675552
['GATAA', 'CACGTG']	2	--	21	0	0.18138614626403443	0.09302114853216865	1.620352029800415	1000	0.0060915495793437	0.17995075756210208
['GATAA', 'CACGTG']	2	--	21	1	0.17369294308322952	0.08154978748154686	1.7869677543640137	1000	-0.01052442188774226	0.1736239995380649
['GATAA', 'CACGTG']	2	--	21	2	0.17850394276280301	0.09322154056717087	1.6976267099380493	1000	0.00961125984876928	0.17683181994195799
['GATAA', 'CACGTG']	2	--	21	3	0.16288264034686165	0.07841182965510893	1.557821273803711	1000	-0.008847579621106967	0.16567123154144528
['GATAA', 'CACGTG']	2	--	21	4	0.17491687911592604	0.08359092057764939	1.8033701181411743	1000	-0.00710685587678459	0.17428870173473396
['GATAA', 'CACGTG']	2	--	22	0	0.18977655636252147	0.10141155863065572	1.6261680126190186	1000	0.014481959006023526	0.18834116766058911
['GATAA', 'CACGTG']	2	--	22	1	0.19415822285204734	0.10201506725036467	1.8011534214019775	1000	0.009940857881075554	0.19408927930688272
['GATAA', 'CACGTG']	2	--	22	2	0.1912835758385382	0.10600117364290605	1.7064849138259888	1000	0.02239088083197433	0.18961143151986182
['GATAA', 'CACGTG']	2	--	22	3	0.1781482503940717	0.09367743432786113	1.5684025287628174	1000	0.006418024379838015	0.18093684158865533
['GATAA', 'CACGTG']	2	--	22	4	0.18148477831430423	0.09015883052494325	1.807922601699829	1000	-0.0005389440820208348	0.18085661168202785
['GATAA', 'CACGTG']	2	--	23	0	0.1807694594737031	0.09240447249075302	1.619924545288086	1000	0.005474858758169004	0.17933406002285507
['GATAA', 'CACGTG']	2	--	23	1	0.18250179772018146	0.09035867436524583	1.7930737733840942	1000	-0.0017155482722360665	0.18243289717067956
['GATAA', 'CACGTG']	2	--	23	2	0.18108294085056328	0.09580054940384683	1.6994143724441528	1000	0.012190259280144023	0.17941081802971828
['GATAA', 'CACGTG']	2	--	23	3	0.1646845025799513	0.08021368651374074	1.5590702295303345	1000	-0.007045721418860701	0.16747308302561925
['GATAA', 'CACGTG']	2	--	23	4	0.1788162955035169	0.08749034771415591	1.8060729503631592	1000	-0.003207429412085286	0.1781881288712405
['GATAA', 'CACGTG']	2	--	24	0	0.18686306276774872	0.09849805428696727	1.6241484880447388	1000	0.01156844928787724	0.185427652567985
['GATAA', 'CACGTG']	2	--	24	1	0.19978007773477624	0.10763694363092495	1.8050501346588135	1000	0.015562720825491233	0.19971113418961162
['GATAA', 'CACGTG']	2	--	24	2	0.18689283726417935	0.10161044581746287	1.7034413814544678	1000	0.01800015972460345	0.18522071444333432
['GATAA', 'CACGTG']	2	--	24	3	0.1707544367616719	0.08628362069546135	1.5632776021957397	1000	-0.000975789672441299	0.17354301720733986
['GATAA', 'CACGTG']	2	--	24	4	0.18600596572934255	0.09468000719106588	1.81105637550354	1000	0.003982233423860827	0.18537779909706614
['GATAA', 'CACGTG']	2	--	25	0	0.17751398912660532	0.08914896989690821	1.6176682710647583	1000	0.002219374471071199	0.1760785896757573
['GATAA', 'CACGTG']	2	--	25	1	0.18491952982601084	0.0927764064710752	1.7947494983673096	1000	0.0007021831617860674	0.18485060777867757
['GATAA', 'CACGTG']	2	--	25	2	0.17718600746249427	0.09190360526686213	1.6967132091522217	1000	0.00829332118942439	0.17551388464164927
['GATAA', 'CACGTG']	2	--	25	3	0.17025604178838716	0.08578524184555011	1.5629321336746216	1000	-0.0014741660870513126	0.1730446437318865
['GATAA', 'CACGTG']	2	--	25	4	0.1828425383472034	0.09151657980892673	1.808863639831543	1000	0.0008188052859385486	0.18221435021709564
['GATAA', 'CACGTG']	2	--	26	0	0.18239108388868852	0.09402606465899141	1.6210485696792603	1000	0.007096460331708609	0.18095567368892482
['GATAA', 'CACGTG']	2	--	26	1	0.1899170231926137	0.09777386759093101	1.7982136011123657	1000	0.005699647472726224	0.18984807964744904
['GATAA', 'CACGTG']	2	--	26	2	0.18492004577396343	0.09963762208049992	1.7020740509033203	1000	0.016027346736556168	0.1832479229531184
['GATAA', 'CACGTG']	2	--	26	3	0.17910701067696913	0.09463622685750561	1.569067120552063	1000	0.007376810863217425	0.18189562336938414
['GATAA', 'CACGTG']	2	--	26	4	0.18387555213961088	0.09254958285241852	1.8095797300338745	1000	0.0018518117724423831	0.1832473640095031
['GATAA', 'CACGTG']	2	--	27	0	0.17510636100151417	0.08674136864410623	1.6159992218017578	1000	-0.0001882446476042984	0.17367097229958178
['GATAA', 'CACGTG']	2	--	27	1	0.17381846892052802	0.08167531331884535	1.7870548963546753	1000	-0.010398895378636539	0.17374953612427907
['GATAA', 'CACGTG']	2	--	27	2	0.17411122638795923	0.08882883494124276	1.6945819854736328	1000	0.00521854716886526	0.1724391035671142
['GATAA', 'CACGTG']	2	--	27	3	0.16004903269341464	0.0755782166272041	1.5558571815490723	1000	-0.01168118794636119	0.1628376238879983
['GATAA', 'CACGTG']	2	--	27	4	0.17238878789282117	0.08106281323117097	1.8016176223754883	1000	-0.009634960536034081	0.1717605997627134
['GATAA', 'CACGTG']	2	--	28	0	0.17616465624359845	0.08779964238835916	1.6167328357696533	1000	0.0008700402444498585	0.1747292675416661
['GATAA', 'CACGTG']	2	--	28	1	0.18017925801160467	0.08803610778437984	1.791463851928711	1000	-0.004038106623463497	0.18011032521535572
['GATAA', 'CACGTG']	2	--	28	2	0.17711444118190398	0.09183203898627185	1.6966636180877686	1000	0.008221751549797955	0.17544231836105897
['GATAA', 'CACGTG']	2	--	28	3	0.16289873147363299	0.07842791003296459	1.5578322410583496	1000	-0.008831494540600685	0.16568731191930097
['GATAA', 'CACGTG']	2	--	28	4	0.17580289073750852	0.08447693219923186	1.8039841651916504	1000	-0.006220844927009345	0.17517471335631643
['GATAA', 'CACGTG']	2	--	29	0	0.17864218456734968	0.09027717608656823	1.6184501647949219	1000	0.0033475757901288068	0.17720679586541732
['GATAA', 'CACGTG']	2	--	29	1	0.18246514391771634	0.09032199906494935	1.79304838180542	1000	-0.001752214335183149	0.1823962003725517
['GATAA', 'CACGTG']	2	--	29	2	0.1797018879173879	0.09441948572175576	1.6984570026397705	1000	0.010809208362390323	0.1780297650965429
['GATAA', 'CACGTG']	2	--	29	3	0.17356235450664625	0.08909154918935139	1.5652239322662354	1000	0.0018321380656656071	0.17635093495231421
['GATAA', 'CACGTG']	2	--	29	4	0.18798329326197497	0.09665735622152967	1.812427043914795	1000	0.005959575064445082	0.18735512662969858
['GATAA', 'CACGTG']	2	++	40	0	0.18129632832462134	0.09293131984383989	1.6202898025512695	1000	0.006001719547400459	0.17986093962268895
['GATAA', 'CACGTG']	2	++	40	1	0.17801809177411557	0.08587493617243291	1.7899658679962158	1000	-0.0061992745404706616	0.17794915897786662
['GATAA', 'CACGTG']	2	++	40	2	0.18864673783550961	0.10336433563987747	1.7046570777893066	1000	0.019754056265090348	0.1869746150146646
['GATAA', 'CACGTG']	2	++	40	3	0.1750765972539992	0.09060579193670434	1.5662734508514404	1000	0.0033463860195245957	0.17786519919749855
['GATAA', 'CACGTG']	2	++	40	4	0.18695801868885634	0.09563206015057968	1.8117163181304932	1000	0.00493427764988063	0.18632983055874858
['GATAA', 'CACGTG']	2	++	41	0	0.16970303157453778	0.08133802846821418	1.6122539043426514	1000	-0.005591569140996317	0.1682676536215211
['GATAA', 'CACGTG']	2	++	41	1	0.17863112393311606	0.08648796833143339	1.7903907299041748	1000	-0.005586245404602715	0.17856218038795144
['GATAA', 'CACGTG']	2	++	41	2	0.17545521705987369	0.09017281486424154	1.6955134868621826	1000	0.00656253347403272	0.17378309423902866
['GATAA', 'CACGTG']	2	++	41	3	0.16125859742584844	0.07678777598518007	1.556695580482483	1000	-0.010471627916577988	0.16404717787151643
['GATAA', 'CACGTG']	2	++	41	4	0.1771140864676866	0.08578811718049423	1.8048930168151855	1000	-0.004909659609843356	0.17648589833757883
['GATAA', 'CACGTG']	2	++	42	0	0.16925675809338017	0.08089174423814087	1.611944556236267	1000	-0.006037854042876857	0.1678213693914478
['GATAA', 'CACGTG']	2	++	42	1	0.17423864403441722	0.08209550455610806	1.7873462438583374	1000	-0.00997871153125335	0.17416972198708394
['GATAA', 'CACGTG']	2	++	42	2	0.17338802859216543	0.08810562102207546	1.6940805912017822	1000	0.004495340639577482	0.17171590577132043
['GATAA', 'CACGTG']	2	++	42	3	0.1629405985002024	0.0784697878084497	1.557861328125	1000	-0.008789616093308361	0.16572920044370174
['GATAA', 'CACGTG']	2	++	42	4	0.17603489533352246	0.08470894216970362	1.8041449785232544	1000	-0.005988839659188187	0.17540671795233037
['GATAA', 'CACGTG']	2	++	43	0	0.17074294617081112	0.08237793769002967	1.612974762916565	1000	-0.004551665293638666	0.16930755746887877
['GATAA', 'CACGTG']	2	++	43	1	0.18008170085290273	0.08793856674905143	1.7913962602615356	1000	-0.004135648666502751	0.18001276805665378
['GATAA', 'CACGTG']	2	++	43	2	0.17640407759143084	0.09112166464688301	1.6961711645126343	1000	0.007511379897638043	0.17473193327275446
['GATAA', 'CACGTG']	2	++	43	3	0.16612219154983893	0.08165138623254406	1.5600666999816895	1000	-0.0056080267386115976	0.1689107827444226
['GATAA', 'CACGTG']	2	++	43	4	0.17658010183458892	0.08525412717293873	1.80452299118042	1000	-0.0054436465942663236	0.17595191370448116
['GATAA', 'CACGTG']	2	++	44	0	0.16664483607689531	0.07827982759611388	1.610134243965149	1000	-0.00864977404394	0.16520943662604728
['GATAA', 'CACGTG']	2	++	44	1	0.1725564817263281	0.0804133368735611	1.7861801385879517	1000	-0.011660877870185861	0.17248755967899482
['GATAA', 'CACGTG']	2	++	44	2	0.17113302432079933	0.08585063287408286	1.6925175189971924	1000	0.0022403474530306652	0.16946090149995433
['GATAA', 'CACGTG']	2	++	44	3	0.16351828822445058	0.0790474829071557	1.5582619905471802	1000	-0.008211929728096336	0.16630687941903424
['GATAA', 'CACGTG']	2	++	44	4	0.17237314822050834	0.08104718968223165	1.8016067743301392	1000	-0.009650589459431239	0.17174497083931622
['GATAA', 'CACGTG']	2	++	45	0	0.16248031918191513	0.07411530532667585	1.6072475910186768	1000	-0.012814301016028644	0.1610449089821514
['GATAA', 'CACGTG']	2	++	45	1	0.17067375540058588	0.07853061054781889	1.7848751544952393	1000	-0.013543604195928063	0.17060482260433693
['GATAA', 'CACGTG']	2	++	45	2	0.17281739015660263	0.08753498796097049	1.6936850547790527	1000	0.003924702875821912	0.17114525658684193
['GATAA', 'CACGTG']	2	++	45	3	0.16044175507665986	0.075970949759365	1.5561293363571167	1000	-0.011288457501429207	0.1632303570201592
['GATAA', 'CACGTG']	2	++	45	4	0.1693993424598611	0.07807338929604228	1.7995456457138062	1000	-0.012624387830198928	0.1687711758275847
['GATAA', 'CACGTG']	2	++	46	0	0.15199475193712328	0.06362974883079967	1.5999795198440552	1000	-0.02329985213744699	0.1505593739841066
['GATAA', 'CACGTG']	2	++	46	1	0.15619713726204032	0.06405398703481549	1.7748405933380127	1000	-0.028020227708931464	0.1561281937168757
['GATAA', 'CACGTG']	2	++	46	2	0.1589166451755555	0.07363423760546553	1.6840498447418213	1000	-0.009976046471972207	0.15724451160579483
['GATAA', 'CACGTG']	2	++	46	3	0.1487837928498519	0.0643129821580992	1.5480486154556274	1000	-0.022946425102694998	0.1515723732955199
['GATAA', 'CACGTG']	2	++	46	4	0.1633451231928631	0.07201916465458641	1.79534912109375	1000	-0.018678613815269248	0.162716945811671
['GATAA', 'CACGTG']	2	++	47	0	0.16869705130506282	0.08033204282428139	1.6115566492080688	1000	-0.0065975561285435795	0.16726166260313047
['GATAA', 'CACGTG']	2	++	47	1	0.1745221251876175	0.08237896958593485	1.787542700767517	1000	-0.009695241126968726	0.17445318164245288
['GATAA', 'CACGTG']	2	++	47	2	0.1753382043637929	0.09005580216816075	1.695432424545288	1000	0.006445514059879637	0.1736660707940322
['GATAA', 'CACGTG']	2	++	47	3	0.15859235038952232	0.07412152894885395	1.5548473596572876	1000	-0.01313787293748242	0.16138092008627464
['GATAA', 'CACGTG']	2	++	47	4	0.18020105681260154	0.08887509827432485	1.8070327043533325	1000	-0.0018226786839645379	0.17957287943140945
['GATAA', 'CACGTG']	2	++	48	0	0.1691365744671741	0.08077158210976616	1.6118613481521606	1000	-0.006158018186673255	0.16770118576524173
['GATAA', 'CACGTG']	2	++	48	1	0.16968361903282164	0.07754046880559683	1.7841888666152954	1000	-0.014533747281764589	0.1696146862365727
['GATAA', 'CACGTG']	2	++	48	2	0.17287773456922412	0.08759532699913414	1.693726897239685	1000	0.00398504258579279	0.17120561174837912
['GATAA', 'CACGTG']	2	++	48	3	0.15988319842232018	0.07541238235610963	1.5557421445846558	1000	-0.011847023561070114	0.16267178961690384
['GATAA', 'CACGTG']	2	++	48	4	0.18088135568592073	0.0895553756498127	1.8075042963027954	1000	-0.0011423968577538	0.18025315680689727
['GATAA', 'CACGTG']	2	++	49	0	0.17021556137194033	0.08185055289115888	1.6126092672348022	1000	-0.005079045725762474	0.1687801511721766
['GATAA', 'CACGTG']	2	++	49	1	0.17611477052593255	0.08397162029870774	1.7886465787887573	1000	-0.008102591086003075	0.1760458377296836
['GATAA', 'CACGTG']	2	++	49	2	0.17200652420453152	0.0867241220088994	1.6931231021881104	1000	0.003113833564714657	0.17033439063477085
['GATAA', 'CACGTG']	2	++	49	3	0.15684126603409992	0.0723704660912629	1.5536338090896606	1000	-0.014888943856760223	0.15962985722868359
['GATAA', 'CACGTG']	2	++	49	4	0.17544379096250698	0.08411782167531463	1.8037352561950684	1000	-0.006579958809962718	0.17481559208348355
['GATAA', 'CACGTG']	2	+-	40	0	0.18129632832462134	0.09293131984383989	1.6202898025512695	1000	0.006001719547400459	0.17986093962268895
['GATAA', 'CACGTG']	2	+-	40	1	0.17801809177411557	0.08587493617243291	1.7899658679962158	1000	-0.0061992745404706616	0.17794915897786662
['GATAA', 'CACGTG']	2	+-	40	2	0.18864673783550961	0.10336433563987747	1.7046570777893066	1000	0.019754056265090348	0.1869746150146646
['GATAA', 'CACGTG']	2	+-	40	3	0.1750765972539992	0.09060579193670434	1.5662734508514404	1000	0.0033463860195245957	0.17786519919749855
['GATAA', 'CACGTG']	2	+-	40	4	0.18695801868885634	0.09563206015057968	1.8117163181304932	1000	0.00493427764988063	0.18632983055874858
['GATAA', 'CACGTG']	2	+-	41	0	0.16970303157453778	0.08133802846821418	1.6122539043426514	1000	-0.005591569140996317	0.1682676536215211
['GATAA', 'CACGTG']	2	+-	41	1	0.17863112393311606	0.08648796833143339	1.7903907299041748	1000	-0.005586245404602715	0.17856218038795144
['GATAA', 'CACGTG']	2	+-	41	2	0.17545521705987369	0.09017281486424154	1.6955134868621826	1000	0.00656253347403272	0.17378309423902866
['GATAA', 'CACGTG']	2	+-	41	3	0.16125859742584844	0.07678777598518007	1.556695580482483	1000	-0.010471627916577988	0.16404717787151643
['GATAA', 'CACGTG']	2	+-	41	4	0.1771140864676866	0.08578811718049423	1.8048930168151855	1000	-0.004909659609843356	0.17648589833757883
['GATAA', 'CACGTG']	2	+-	42	0	0.16925675809338017	0.08089174423814087	1.611944556236267	1000	-0.006037854042876857	0.1678213693914478
['GATAA', 'CACGTG']	2	+-	42	1	0.17423864403441722	0.08209550455610806	1.7873462438583374	1000	-0.00997871153125335	0.17416972198708394
['GATAA', 'CACGTG']	2	+-	42	2	0.17338802859216543	0.08810562102207546	1.6940805912017822	1000	0.004495340639577482	0.17171590577132043
['GATAA', 'CACGTG']	2	+-	42	3	0.1629405985002024	0.0784697878084497	1.557861328125	1000	-0.008789616093308361	0.16572920044370174
['GATAA', 'CACGTG']	2	+-	42	4	0.17603489533352246	0.08470894216970362	1.8041449785232544	1000	-0.005988839659188187	0.17540671795233037
['GATAA', 'CACGTG']	2	+-	43	0	0.17074294617081112	0.08237793769002967	1.612974762916565	1000	-0.004551665293638666	0.16930755746887877
['GATAA', 'CACGTG']	2	+-	43	1	0.18008170085290273	0.08793856674905143	1.7913962602615356	1000	-0.004135648666502751	0.18001276805665378
['GATAA', 'CACGTG']	2	+-	43	2	0.17640407759143084	0.09112166464688301	1.6961711645126343	1000	0.007511379897638043	0.17473193327275446
['GATAA', 'CACGTG']	2	+-	43	3	0.16612219154983893	0.08165138623254406	1.5600666999816895	1000	-0.0056080267386115976	0.1689107827444226
['GATAA', 'CACGTG']	2	+-	43	4	0.17658010183458892	0.08525412717293873	1.80452299118042	1000	-0.0054436465942663236	0.17595191370448116
['GATAA', 'CACGTG']	2	+-	44	0	0.16664483607689531	0.07827982759611388	1.610134243965149	1000	-0.00864977404394	0.16520943662604728
['GATAA', 'CACGTG']	2	+-	44	1	0.1725564817263281	0.0804133368735611	1.7861801385879517	1000	-0.011660877870185861	0.17248755967899482
['GATAA', 'CACGTG']	2	+-	44	2	0.17113302432079933	0.08585063287408286	1.6925175189971924	1000	0.0022403474530306652	0.16946090149995433
['GATAA', 'CACGTG']	2	+-	44	3	0.16351828822445058	0.0790474829071557	1.5582619905471802	1000	-0.008211929728096336	0.16630687941903424
['GATAA', 'CACGTG']	2	+-	44	4	0.17237314822050834	0.08104718968223165	1.8016067743301392	1000	-0.009650589459431239	0.17174497083931622
['GATAA', 'CACGTG']	2	+-	45	0	0.16248031918191513	0.07411530532667585	1.6072475910186768	1000	-0.012814301016028644	0.1610449089821514
['GATAA', 'CACGTG']	2	+-	45	1	0.17067375540058588	0.07853061054781889	1.7848751544952393	1000	-0.013543604195928063	0.17060482260433693
['GATAA', 'CACGTG']	2	+-	45	2	0.17281739015660263	0.08753498796097049	1.6936850547790527	1000	0.003924702875821912	0.17114525658684193
['GATAA', 'CACGTG']	2	+-	45	3	0.16044175507665986	0.075970949759365	1.5561293363571167	1000	-0.011288457501429207	0.1632303570201592
['GATAA', 'CACGTG']	2	+-	45	4	0.1693993424598611	0.07807338929604228	1.7995456457138062	1000	-0.012624387830198928	0.1687711758275847
['GATAA', 'CACGTG']	2	+-	46	0	0.15199475193712328	0.06362974883079967	1.5999795198440552	1000	-0.02329985213744699	0.1505593739841066
['GATAA', 'CACGTG']	2	+-	46	1	0.15619713726204032	0.06405398703481549	1.7748405933380127	1000	-0.028020227708931464	0.1561281937168757
['GATAA', 'CACGTG']	2	+-	46	2	0.1589166451755555	0.07363423760546553	1.6840498447418213	1000	-0.009976046471972207	0.15724451160579483
['GATAA', 'CACGTG']	2	+-	46	3	0.1487837928498519	0.0643129821580992	1.5480486154556274	1000	-0.022946425102694998	0.1515723732955199
['GATAA', 'CACGTG']	2	+-	46	4	0.1633451231928631	0.07201916465458641	1.79534912109375	1000	-0.018678613815269248	0.162716945811671
['GATAA', 'CACGTG']	2	+-	47	0	0.16869705130506282	0.08033204282428139	1.6115566492080688	1000	-0.0065975561285435795	0.16726166260313047
['GATAA', 'CACGTG']	2	+-	47	1	0.1745221251876175	0.08237896958593485	1.787542700767517	1000	-0.009695241126968726	0.17445318164245288
['GATAA', 'CACGTG']	2	+-	47	2	0.1753382043637929	0.09005580216816075	1.695432424545288	1000	0.006445514059879637	0.1736660707940322
['GATAA', 'CACGTG']	2	+-	47	3	0.15859235038952232	0.07412152894885395	1.5548473596572876	1000	-0.01313787293748242	0.16138092008627464
['GATAA', 'CACGTG']	2	+-	47	4	0.18020105681260154	0.08887509827432485	1.8070327043533325	1000	-0.0018226786839645379	0.17957287943140945
['GATAA', 'CACGTG']	2	+-	48	0	0.1691365744671741	0.08077158210976616	1.6118613481521606	1000	-0.006158018186673255	0.16770118576524173
['GATAA', 'CACGTG']	2	+-	48	1	0.16968361903282164	0.07754046880559683	1.7841888666152954	1000	-0.014533747281764589	0.1696146862365727
['GATAA', 'CACGTG']	2	+-	48	2	0.17287773456922412	0.08759532699913414	1.693726897239685	1000	0.00398504258579279	0.17120561174837912
['GATAA', 'CACGTG']	2	+-	48	3	0.15988319842232018	0.07541238235610963	1.5557421445846558	1000	-0.011847023561070114	0.16267178961690384
['GATAA', 'CACGTG']	2	+-	48	4	0.18088135568592073	0.0895553756498127	1.8075042963027954	1000	-0.0011423968577538	0.18025315680689727
['GATAA', 'CACGTG']	2	+-	49	0	0.17021556137194033	0.08185055289115888	1.6126092672348022	1000	-0.005079045725762474	0.1687801511721766
['GATAA', 'CACGTG']	2	+-	49	1	0.17611477052593255	0.08397162029870774	1.7886465787887573	1000	-0.008102591086003075	0.1760458377296836
['GATAA', 'CACGTG']	2	+-	49	2	0.17200652420453152	0.0867241220088994	1.6931231021881104	1000	0.003113833564714657	0.17033439063477085
['GATAA', 'CACGTG']	2	+-	49	3	0.15684126603409992	0.0723704660912629	1.5536338090896606	1000	-0.014888943856760223	0.15962985722868359
['GATAA', 'CACGTG']	2	+-	49	4	0.17544379096250698	0.08411782167531463	1.8037352561950684	1000	-0.006579958809962718	0.17481559208348355
['GATAA', 'CACGTG']	2	-+	40	0	0.17250514490504554	0.08414014717317976	1.6141963005065918	1000	-0.0027894561463921914	0.17106975620311318
['GATAA', 'CACGTG']	2	-+	40	1	0.18705407099936322	0.09491093689551192	1.7962292432785034	1000	0.0028367275262228013	0.18698514895202994
['GATAA', 'CACGTG']	2	-+	40	2	0.17942260959021805	0.09414020739458592	1.69826340675354	1000	0.01052992667618433	0.17775047602045738
['GATAA', 'CACGTG']	2	-+	40	3	0.1719106653745069	0.08743985468275417	1.5640788078308105	1000	0.00018044626729128604	0.17469924582017485
['GATAA', 'CACGTG']	2	-+	40	4	0.17980355116187918	0.08847759262360251	1.8067572116851807	1000	-0.002220176944807354	0.1791753737806871
['GATAA', 'CACGTG']	2	-+	41	0	0.18265036923269556	0.09428537150082981	1.6212283372879028	1000	0.007355759783667479	0.18121495903293186
['GATAA', 'CACGTG']	2	-+	41	1	0.18308944094034832	0.09094628533866567	1.7934809923171997	1000	-0.0011279241145993567	0.1830204973951837
['GATAA', 'CACGTG']	2	-+	41	2	0.18014860210408837	0.09486619990845623	1.6987665891647339	1000	0.01125592322089802	0.17847647928324337
['GATAA', 'CACGTG']	2	-+	41	3	0.16859926841913164	0.08412845772737894	1.5617836713790894	1000	-0.003130953900162265	0.1713878596137153
['GATAA', 'CACGTG']	2	-+	41	4	0.18603748155011315	0.09471153376075217	1.8110781908035278	1000	0.004013750924149511	0.18540931491783674
['GATAA', 'CACGTG']	2	-+	42	0	0.18714502832383828	0.09878003059197252	1.624343752861023	1000	0.011850433654569252	0.1857096611197373
['GATAA', 'CACGTG']	2	-+	42	1	0.19133026912824747	0.09918713502439615	1.7991931438446045	1000	0.007112917593420274	0.1912613470809142
['GATAA', 'CACGTG']	2	-+	42	2	0.18637570693086622	0.10109328323740273	1.7030830383300781	1000	0.017483001175386682	0.18470356261218987
['GATAA', 'CACGTG']	2	-+	42	3	0.1752810308812967	0.09081021481508614	1.5664151906967163	1000	0.003550813600557011	0.17806961132696467
['GATAA', 'CACGTG']	2	-+	42	4	0.1886700629825329	0.09734410444425622	1.8129030466079712	1000	0.006646327989822244	0.18804187485242513
['GATAA', 'CACGTG']	2	-+	43	0	0.16620722622177492	0.07784222848990914	1.6098308563232422	1000	-0.009087383227253186	0.16477182677092686
['GATAA', 'CACGTG']	2	-+	43	1	0.16958028970640013	0.07743714485363315	1.7841172218322754	1000	-0.014637067202884881	0.1695113461612355
['GATAA', 'CACGTG']	2	-+	43	2	0.1647158571669867	0.0794334603458124	1.6880695819854736	1000	-0.004176820036685571	0.1630437343461417
['GATAA', 'CACGTG']	2	-+	43	3	0.16034339174928203	0.07587259180644498	1.556061029434204	1000	-0.011386818141578135	0.16313199369278136
['GATAA', 'CACGTG']	2	-+	43	4	0.17459631420363345	0.08327035029089895	1.803147792816162	1000	-0.007427426163535026	0.1739681260735257
['GATAA', 'CACGTG']	2	-+	44	0	0.17099963027722387	0.08263460029861106	1.6131526231765747	1000	-0.004294997646503058	0.16956422007746014
['GATAA', 'CACGTG']	2	-+	44	1	0.1790202239317775	0.0868770790790105	1.7906603813171387	1000	-0.005197138351965375	0.17895129113552855
['GATAA', 'CACGTG']	2	-+	44	2	0.173537589004922	0.08825520293266338	1.6941843032836914	1000	0.004644909785828041	0.171865466184077
['GATAA', 'CACGTG']	2	-+	44	3	0.16136120657491948	0.07689039588316676	1.5567666292190552	1000	-0.010369009362205745	0.16414979776950314
['GATAA', 'CACGTG']	2	-+	44	4	0.17603795877449094	0.08471200561067212	1.8041471242904663	1000	-0.005985769500147393	0.17540979214221455
['GATAA', 'CACGTG']	2	-+	45	0	0.17004387969071652	0.08167887120993507	1.612490177154541	1000	-0.005250737484094722	0.1686084694909528
['GATAA', 'CACGTG']	2	-+	45	1	0.1747876126559713	0.08264447317766214	1.7877265214920044	1000	-0.009429740222470345	0.17471867985972234
['GATAA', 'CACGTG']	2	-+	45	2	0.17633505880385644	0.09105267810605566	1.6961233615875244	1000	0.00744238731054563	0.17466294673192712
['GATAA', 'CACGTG']	2	-+	45	3	0.1665566627215811	0.08208585202982839	1.5603679418563843	1000	-0.005173559261809192	0.16934524316724908
['GATAA', 'CACGTG']	2	-+	45	4	0.17183513274403106	0.08050916883129655	1.8012338876724243	1000	-0.010188607623137419	0.17120695536283898
['GATAA', 'CACGTG']	2	-+	46	0	0.16846945376447725	0.08010444528369581	1.6113989353179932	1000	-0.006825155684550838	0.1670340650625449
['GATAA', 'CACGTG']	2	-+	46	1	0.17629521257343467	0.08415207846958338	1.7887717485427856	1000	-0.007922138289585275	0.1762262905261014
['GATAA', 'CACGTG']	2	-+	46	2	0.17419109083145365	0.0889086886358215	1.6946371793746948	1000	0.005298412955974136	0.17251896801060862
['GATAA', 'CACGTG']	2	-+	46	3	0.15902512323258725	0.07455430179191884	1.555147409439087	1000	-0.01270510143803198	0.1618137036782552
['GATAA', 'CACGTG']	2	-+	46	4	0.17105633080743018	0.07973037764361136	1.8006941080093384	1000	-0.01096739948262984	0.17042816417515377
['GATAA', 'CACGTG']	2	-+	47	0	0.15289258736595257	0.06452757351071327	1.6006017923355103	1000	-0.022402027457533377	0.1514571879151045
['GATAA', 'CACGTG']	2	-+	47	1	0.1593043263173473	0.06716117071566466	1.7769944667816162	1000	-0.024913038653624455	0.1592353827721827
['GATAA', 'CACGTG']	2	-+	47	2	0.15691780906264957	0.07163540686701741	1.682664394378662	1000	-0.011974876538613092	0.15524568624180454
['GATAA', 'CACGTG']	2	-+	47	3	0.14428569410569195	0.059814883413939236	1.5449308156967163	1000	-0.02744452384685497	0.1470742745513599
['GATAA', 'CACGTG']	2	-+	47	4	0.1669796433024625	0.07565369013864366	1.7978683710098267	1000	-0.015044089674826455	0.16635145517235472
['GATAA', 'CACGTG']	2	-+	48	0	0.15992660254383168	0.07156159406305024	1.6054775714874268	1000	-0.015368009592425336	0.15849120309298365
['GATAA', 'CACGTG']	2	-+	48	1	0.16742634674024728	0.0752832018874803	1.7826242446899414	1000	-0.016791012856266652	0.16735741394399833
['GATAA', 'CACGTG']	2	-+	48	2	0.16438404888889396	0.0791016466932618	1.6878396272659302	1000	-0.004508637048272313	0.16271192606804893
['GATAA', 'CACGTG']	2	-+	48	3	0.15346831003863148	0.06899750472133662	1.5512956380844116	1000	-0.018261899852228664	0.15625691198213082
['GATAA', 'CACGTG']	2	-+	48	4	0.17198775659775614	0.08066178731056378	1.8013397455215454	1000	-0.010035981753990664	0.17135956846764835
['GATAA', 'CACGTG']	2	-+	49	0	0.170621827388941	0.08225681890815954	1.6128908395767212	1000	-0.004672790793581099	0.16918642793809294
['GATAA', 'CACGTG']	2	-+	49	1	0.17261848147196412	0.0804753312447393	1.7862231731414795	1000	-0.011598875437320898	0.17254954867571518
['GATAA', 'CACGTG']	2	-+	49	2	0.17013930856411402	0.08485691174293972	1.6918288469314575	1000	0.0012466227948995602	0.168467185743269
['GATAA', 'CACGTG']	2	-+	49	3	0.1568618287097937	0.07239100726912533	1.5536479949951172	1000	-0.014868395960825497	0.1596504091554617
['GATAA', 'CACGTG']	2	-+	49	4	0.17577284751818592	0.0844468943543671	1.8039634227752686	1000	-0.006250880084645183	0.17514468088590954
['GATAA', 'CACGTG']	2	--	40	0	0.17250514490504554	0.08414014717317976	1.6141963005065918	1000	-0.0027894561463921914	0.17106975620311318
['GATAA', 'CACGTG']	2	--	40	1	0.18705407099936322	0.09491093689551192	1.7962292432785034	1000	0.0028367275262228013	0.18698514895202994
['GATAA', 'CACGTG']	2	--	40	2	0.17942260959021805	0.09414020739458592	1.69826340675354	1000	0.01052992667618433	0.17775047602045738
['GATAA', 'CACGTG']	2	--	40	3	0.1719106653745069	0.08743985468275417	1.5640788078308105	1000	0.00018044626729128604	0.17469924582017485
['GATAA', 'CACGTG']	2	--	40	4	0.17980355116187918	0.08847759262360251	1.8067572116851807	1000	-0.002220176944807354	0.1791753737806871
['GATAA', 'CACGTG']	2	--	41	0	0.18265036923269556	0.09428537150082981	1.6212283372879028	1000	0.007355759783667479	0.18121495903293186
['GATAA', 'CACGTG']	2	--	41	1	0.18308944094034832	0.09094628533866567	1.7934809923171997	1000	-0.0011279241145993567	0.1830204973951837
['GATAA', 'CACGTG']	2	--	41	2	0.18014860210408837	0.09486619990845623	1.6987665891647339	1000	0.01125592322089802	0.17847647928324337
['GATAA', 'CACGTG']	2	--	41	3	0.16859926841913164	0.08412845772737894	1.5617836713790894	1000	-0.003130953900162265	0.1713878596137153
['GATAA', 'CACGTG']	2	--	41	4	0.18603748155011315	0.09471153376075217	1.8110781908035278	1000	0.004013750924149511	0.18540931491783674
['GATAA', 'CACGTG']	2	--	42	0	0.18714502832383828	0.09878003059197252	1.624343752861023	1000	0.011850433654569252	0.1857096611197373
['GATAA', 'CACGTG']	2	--	42	1	0.19133026912824747	0.09918713502439615	1.7991931438446045	1000	0.007112917593420274	0.1912613470809142
['GATAA', 'CACGTG']	2	--	42	2	0.18637570693086622	0.10109328323740273	1.7030830383300781	1000	0.017483001175386682	0.18470356261218987
['GATAA', 'CACGTG']	2	--	42	3	0.1752810308812967	0.09081021481508614	1.5664151906967163	1000	0.003550813600557011	0.17806961132696467
['GATAA', 'CACGTG']	2	--	42	4	0.1886700629825329	0.09734410444425622	1.8129030466079712	1000	0.006646327989822244	0.18804187485242513
['GATAA', 'CACGTG']	2	--	43	0	0.16620722622177492	0.07784222848990914	1.6098308563232422	1000	-0.009087383227253186	0.16477182677092686
['GATAA', 'CACGTG']	2	--	43	1	0.16958028970640013	0.07743714485363315	1.7841172218322754	1000	-0.014637067202884881	0.1695113461612355
['GATAA', 'CACGTG']	2	--	43	2	0.1647158571669867	0.0794334603458124	1.6880695819854736	1000	-0.004176820036685571	0.1630437343461417
['GATAA', 'CACGTG']	2	--	43	3	0.16034339174928203	0.07587259180644498	1.556061029434204	1000	-0.011386818141578135	0.16313199369278136
['GATAA', 'CACGTG']	2	--	43	4	0.17459631420363345	0.08327035029089895	1.803147792816162	1000	-0.007427426163535026	0.1739681260735257
['GATAA', 'CACGTG']	2	--	44	0	0.17099963027722387	0.08263460029861106	1.6131526231765747	1000	-0.004294997646503058	0.16956422007746014
['GATAA', 'CACGTG']	2	--	44	1	0.1790202239317775	0.0868770790790105	1.7906603813171387	1000	-0.005197138351965375	0.17895129113552855
['GATAA', 'CACGTG']	2	--	44	2	0.173537589004922	0.08825520293266338	1.6941843032836914	1000	0.004644909785828041	0.171865466184077
['GATAA', 'CACGTG']	2	--	44	3	0.16136120657491948	0.07689039588316676	1.5567666292190552	1000	-0.010369009362205745	0.16414979776950314
['GATAA', 'CACGTG']	2	--	44	4	0.17603795877449094	0.08471200561067212	1.8041471242904663	1000	-0.005985769500147393	0.17540979214221455
['GATAA', 'CACGTG']	2	--	45	0	0.17004387969071652	0.08167887120993507	1.612490177154541	1000	-0.005250737484094722	0.1686084694909528
['GATAA', 'CACGTG']	2	--	45	1	0.1747876126559713	0.08264447317766214	1.7877265214920044	1000	-0.009429740222470345	0.17471867985972234
['GATAA', 'CACGTG']	2	--	45	2	0.17633505880385644	0.09105267810605566	1.6961233615875244	1000	0.00744238731054563	0.17466294673192712
['GATAA', 'CACGTG']	2	--	45	3	0.1665566627215811	0.08208585202982839	1.5603679418563843	1000	-0.005173559261809192	0.16934524316724908
['GATAA', 'CACGTG']	2	--	45	4	0.17183513274403106	0.08050916883129655	1.8012338876724243	1000	-0.010188607623137419	0.17120695536283898
['GATAA', 'CACGTG']	2	--	46	0	0.16846945376447725	0.08010444528369581	1.6113989353179932	1000	-0.006825155684550838	0.1670340650625449
['GATAA', 'CACGTG']	2	--	46	1	0.17629521257343467	0.08415207846958338	1.7887717485427856	1000	-0.007922138289585275	0.1762262905261014
['GATAA', 'CACGTG']	2	--	46	2	0.17419109083145365	0.0889086886358215	1.6946371793746948	1000	0.005298412955974136	0.17251896801060862
['GATAA', 'CACGTG']	2	--	46	3	0.15902512323258725	0.07455430179191884	1.555147409439087	1000	-0.01270510143803198	0.1618137036782552
['GATAA', 'CACGTG']	2	--	46	4	0.17105633080743018	0.07973037764361136	1.8006941080093384	1000	-0.01096739948262984	0.17042816417515377
['GATAA', 'CACGTG']	2	--	47	0	0.15289258736595257	0.06452757351071327	1.6006017923355103	1000	-0.022402027457533377	0.1514571879151045
['GATAA', 'CACGTG']	2	--	47	1	0.1593043263173473	0.06716117071566466	1.7769944667816162	1000	-0.024913038653624455	0.1592353827721827
['GATAA', 'CACGTG']	2	--	47	2	0.15691780906264957	0.07163540686701741	1.682664394378662	1000	-0.011974876538613092	0.15524568624180454
['GATAA', 'CACGTG']	2	--	47	3	0.14428569410569195	0.059814883413939236	1.5449308156967163	1000	-0.02744452384685497	0.1470742745513599
['GATAA', 'CACGTG']	2	--	47	4	0.1669796433024625	0.07565369013864366	1.7978683710098267	1000	-0.015044089674826455	0.16635145517235472
['GATAA', 'CACGTG']	2	--	48	0	0.15992660254383168	0.07156159406305024	1.6054775714874268	1000	-0.015368009592425336	0.15849120309298365
['GATAA', 'CACGTG']	2	--	48	1	0.16742634674024728	0.0752832018874803	1.7826242446899414	1000	-0.016791012856266652	0.16735741394399833
['GATAA', 'CACGTG']	2	--	48	2	0.16438404888889396	0.0791016466932618	1.6878396272659302	1000	-0.004508637048272313	0.16271192606804893
['GATAA', 'CACGTG']	2	--	48	3	0.15346831003863148	0.06899750472133662	1.5512956380844116	1000	-0.018261899852228664	0.15625691198213082
['GATAA', 'CACGTG']	2	--	48	4	0.17198775659775614	0.08066178731056378	1.8013397455215454	1000	-0.010035981753990664	0.17135956846764835
['GATAA', 'CACGTG']	2	--	49	0	0.170621827388941	0.08225681890815954	1.6128908395767212	1000	-0.004672790793581099	0.16918642793809294
['GATAA', 'CACGTG']	2	--	49	1	0.17261848147196412	0.0804753312447393	1.7862231731414795	1000	-0.011598875437320898	0.17254954867571518
['GATAA', 'CACGTG']	2	--	49	2	0.17013930856411402	0.08485691174293972	1.6918288469314575	1000	0.0012466227948995602	0.168467185743269
['GATAA', 'CACGTG']	2	--	49	3	0.1568618287097937	0.07239100726912533	1.5536479949951172	1000	-0.014868395960825497	0.1596504091554617
['GATAA', 'CACGTG']	2	--	49	4	0.17577284751818592	0.0844468943543671	1.8039634227752686	1000	-0.006250880084645183	0.17514468088590954
['GATAA', 'CACGTG']	2	++	10	0	0.20241375555659524	0.11404874707581378	1.6349272727966309	1000	0.027119138045880373	0.20097836685466286
['GATAA', 'CACGTG']	2	++	10	1	0.19372884666633697	0.10158571256248566	1.8008557558059692	1000	0.009511489757051952	0.1936599246190037
['GATAA', 'CACGTG']	2	++	10	2	0.1879628273265223	0.10268041438197448	1.7041831016540527	1000	0.019070130976343972	0.18629070450567728
['GATAA', 'CACGTG']	2	++	10	3	0.17830212112201552	0.09383131580472064	1.5685092210769653	1000	0.0065719125747698125	0.18109072306551482
['GATAA', 'CACGTG']	2	++	10	4	0.17801774780881385	0.08669179464499502	1.8055193424224854	1000	-0.004005977442691958	0.17738959192545312
['GATAA', 'CACGTG']	2	++	11	0	0.21136304477689233	0.12299802554719522	1.6411304473876953	1000	0.03606842726617748	0.20992763457712862
['GATAA', 'CACGTG']	2	++	11	1	0.21902149671330728	0.1268783518605403	1.8183871507644653	1000	0.03480413980402226	0.218952574665974
['GATAA', 'CACGTG']	2	++	11	2	0.21553218370561447	0.13024976001215097	1.7232927083969116	1000	0.04663949138627952	0.2138600393869381
['GATAA', 'CACGTG']	2	++	11	3	0.19842939048839384	0.11395857442218328	1.5824604034423828	1000	0.026699164474160157	0.20121796018514612
['GATAA', 'CACGTG']	2	++	11	4	0.21846949689753173	0.1271435276103394	1.8335583209991455	1000	0.03644575988939941	0.21784130876742397
['GATAA', 'CACGTG']	2	++	12	0	0.18485514382109405	0.09649013534031262	1.6227566003799438	1000	0.009560525638571982	0.18341973362133035
['GATAA', 'CACGTG']	2	++	12	1	0.19380851762934917	0.10166538352549787	1.8009108304977417	1000	0.009591166094521989	0.19373957408418455
['GATAA', 'CACGTG']	2	++	12	2	0.1822853145584079	0.09700292311169144	1.7002477645874023	1000	0.013392638362446474	0.18061319173756288
['GATAA', 'CACGTG']	2	++	12	3	0.17905519015448104	0.09458438483718616	1.5690311193466187	1000	0.0073249695147051975	0.181843770600149
['GATAA', 'CACGTG']	2	++	12	4	0.18821364252497436	0.09688768398669768	1.8125866651535034	1000	0.006189908204070937	0.1875854543948666
['GATAA', 'CACGTG']	2	++	13	0	0.19627234108560976	0.10790732185591265	1.630670428276062	1000	0.02097772491850937	0.19483693088584605
['GATAA', 'CACGTG']	2	++	13	1	0.2190692863924158	0.1269261415396488	1.81842041015625	1000	0.03485192948313077	0.21900036434508252
['GATAA', 'CACGTG']	2	++	13	2	0.20551868733960965	0.1202362958928932	1.7163519859313965	1000	0.03662600308196147	0.20384656451876465
['GATAA', 'CACGTG']	2	++	13	3	0.19458007479678244	0.11010928022840326	1.5797922611236572	1000	0.02284987028038013	0.19736868748919745
['GATAA', 'CACGTG']	2	++	13	4	0.20229861317184258	0.11097265463356591	1.8223496675491333	1000	0.020274877507324707	0.20167042504173482
['GATAA', 'CACGTG']	2	++	14	0	0.20228990655014265	0.11392490881827688	1.6348415613174438	1000	0.026995302475572393	0.2008545178482103
['GATAA', 'CACGTG']	2	++	14	1	0.1969064196215096	0.10476324252199556	1.8030582666397095	1000	0.012689034496320906	0.1968374545785136
['GATAA', 'CACGTG']	2	++	14	2	0.19079211391586637	0.10550969022240286	1.7061443328857422	1000	0.021899408160386817	0.18911999109502137
['GATAA', 'CACGTG']	2	++	14	3	0.17226271386082304	0.0877918977946125	1.5643229484558105	1000	0.0005324940608062495	0.1750513050554067
['GATAA', 'CACGTG']	2	++	14	4	0.18532098032878735	0.093995011041595	1.8105815649032593	1000	0.003297233243546559	0.18469279219867957
['GATAA', 'CACGTG']	2	++	15	0	0.18517718133483468	0.09681217285405323	1.6229798793792725	1000	0.009882574573035499	0.18374179263290233
['GATAA', 'CACGTG']	2	++	15	1	0.19564600176899877	0.10350286766514746	1.8021845817565918	1000	0.011428665013930653	0.19557710121949687
['GATAA', 'CACGTG']	2	++	15	2	0.1832937778274047	0.09801136488285687	1.7009468078613281	1000	0.01440107878999745	0.1816216550065597
['GATAA', 'CACGTG']	2	++	15	3	0.1658855971668301	0.08141478110061955	1.5599026679992676	1000	-0.005844622801138503	0.16867418836141376
['GATAA', 'CACGTG']	2	++	15	4	0.18455441065822908	0.09322844137103674	1.8100502490997314	1000	0.002530673818048562	0.18392622252812132
['GATAA', 'CACGTG']	2	++	16	0	0.1798442895523023	0.09147928107152087	1.6192834377288818	1000	0.0045496861495392844	0.17840889010145428
['GATAA', 'CACGTG']	2	++	16	1	0.17511780859671222	0.08297465836948739	1.7879555225372314	1000	-0.00909955637425957	0.17504888654937895
['GATAA', 'CACGTG']	2	++	16	2	0.17337011014972867	0.08808770795409653	1.694068193435669	1000	0.004477421189429867	0.17169797657996796
['GATAA', 'CACGTG']	2	++	16	3	0.1611459165427863	0.07667510585103357	1.5566173791885376	1000	-0.010584303425182325	0.16393449698845425
['GATAA', 'CACGTG']	2	++	16	4	0.1785193567078866	0.0871934089185256	1.8058671951293945	1000	-0.003504367871811989	0.1778911900756102
['GATAA', 'CACGTG']	2	++	17	0	0.19057382493625874	0.10220880570656163	1.6267205476760864	1000	0.015279208769158352	0.18913843623432638
['GATAA', 'CACGTG']	2	++	17	1	0.18846488768005357	0.09632175357620225	1.797206997871399	1000	0.004247536481129992	0.18839594413488892
['GATAA', 'CACGTG']	2	++	17	2	0.1831769156161434	0.09789452416942696	1.7008657455444336	1000	0.01428424076379645	0.1815047927952984
['GATAA', 'CACGTG']	2	++	17	3	0.1658053672602026	0.08133455656844989	1.559847116470337	1000	-0.005924846661500933	0.16859394770587058
['GATAA', 'CACGTG']	2	++	17	4	0.18727536967536093	0.09594941113708427	1.8119362592697144	1000	0.005251631995421378	0.18664720304308452
['GATAA', 'CACGTG']	2	++	18	0	0.18420857504517535	0.0958435665643939	1.622308373451233	1000	0.00891396492434001	0.18277318634324297
['GATAA', 'CACGTG']	2	++	18	1	0.1853743594440489	0.09323120384236622	1.7950648069381714	1000	0.0011569953968120481	0.18530543739671562
['GATAA', 'CACGTG']	2	++	18	2	0.17901396806285236	0.09373157661613589	1.6979801654815674	1000	0.010121301272192136	0.1773418667398387
['GATAA', 'CACGTG']	2	++	18	3	0.16408230532795515	0.07961149463620244	1.5586528778076172	1000	-0.007647913296398985	0.16687088577362313
['GATAA', 'CACGTG']	2	++	18	4	0.18679076556089227	0.09546480702261559	1.8116003274917603	1000	0.004767032919506923	0.18616259892861586
['GATAA', 'CACGTG']	2	++	19	0	0.1859152018853497	0.09755018265565257	1.6234912872314453	1000	0.01062056892306856	0.18447977018775463
['GATAA', 'CACGTG']	2	++	19	1	0.19120463580179217	0.0990614909490252	1.7991061210632324	1000	0.006987273518049313	0.19113569225662755
['GATAA', 'CACGTG']	2	++	19	2	0.1857228177925283	0.10044040484798047	1.7026304006576538	1000	0.016830120098735503	0.18405067347385193
['GATAA', 'CACGTG']	2	++	19	3	0.17247668177632774	0.08800587108457503	1.5644714832305908	1000	0.0007464618083591338	0.17526528371982708
['GATAA', 'CACGTG']	2	++	19	4	0.18020952695815654	0.08888357916879554	1.80703866481781	1000	-0.001814198965156518	0.17958134957696442
['GATAA', 'CACGTG']	2	+-	10	0	0.20241375555659524	0.11404874707581378	1.6349272727966309	1000	0.027119138045880373	0.20097836685466286
['GATAA', 'CACGTG']	2	+-	10	1	0.19372884666633697	0.10158571256248566	1.8008557558059692	1000	0.009511489757051952	0.1936599246190037
['GATAA', 'CACGTG']	2	+-	10	2	0.1879628273265223	0.10268041438197448	1.7041831016540527	1000	0.019070130976343972	0.18629070450567728
['GATAA', 'CACGTG']	2	+-	10	3	0.17830212112201552	0.09383131580472064	1.5685092210769653	1000	0.0065719125747698125	0.18109072306551482
['GATAA', 'CACGTG']	2	+-	10	4	0.17801774780881385	0.08669179464499502	1.8055193424224854	1000	-0.004005977442691958	0.17738959192545312
['GATAA', 'CACGTG']	2	+-	11	0	0.21136304477689233	0.12299802554719522	1.6411304473876953	1000	0.03606842726617748	0.20992763457712862
['GATAA', 'CACGTG']	2	+-	11	1	0.21902149671330728	0.1268783518605403	1.8183871507644653	1000	0.03480413980402226	0.218952574665974
['GATAA', 'CACGTG']	2	+-	11	2	0.21553218370561447	0.13024976001215097	1.7232927083969116	1000	0.04663949138627952	0.2138600393869381
['GATAA', 'CACGTG']	2	+-	11	3	0.19842939048839384	0.11395857442218328	1.5824604034423828	1000	0.026699164474160157	0.20121796018514612
['GATAA', 'CACGTG']	2	+-	11	4	0.21846949689753173	0.1271435276103394	1.8335583209991455	1000	0.03644575988939941	0.21784130876742397
['GATAA', 'CACGTG']	2	+-	12	0	0.18485514382109405	0.09649013534031262	1.6227566003799438	1000	0.009560525638571982	0.18341973362133035
['GATAA', 'CACGTG']	2	+-	12	1	0.19380851762934917	0.10166538352549787	1.8009108304977417	1000	0.009591166094521989	0.19373957408418455
['GATAA', 'CACGTG']	2	+-	12	2	0.1822853145584079	0.09700292311169144	1.7002477645874023	1000	0.013392638362446474	0.18061319173756288
['GATAA', 'CACGTG']	2	+-	12	3	0.17905519015448104	0.09458438483718616	1.5690311193466187	1000	0.0073249695147051975	0.181843770600149
['GATAA', 'CACGTG']	2	+-	12	4	0.18821364252497436	0.09688768398669768	1.8125866651535034	1000	0.006189908204070937	0.1875854543948666
['GATAA', 'CACGTG']	2	+-	13	0	0.19627234108560976	0.10790732185591265	1.630670428276062	1000	0.02097772491850937	0.19483693088584605
['GATAA', 'CACGTG']	2	+-	13	1	0.2190692863924158	0.1269261415396488	1.81842041015625	1000	0.03485192948313077	0.21900036434508252
['GATAA', 'CACGTG']	2	+-	13	2	0.20551868733960965	0.1202362958928932	1.7163519859313965	1000	0.03662600308196147	0.20384656451876465
['GATAA', 'CACGTG']	2	+-	13	3	0.19458007479678244	0.11010928022840326	1.5797922611236572	1000	0.02284987028038013	0.19736868748919745
['GATAA', 'CACGTG']	2	+-	13	4	0.20229861317184258	0.11097265463356591	1.8223496675491333	1000	0.020274877507324707	0.20167042504173482
['GATAA', 'CACGTG']	2	+-	14	0	0.20228990655014265	0.11392490881827688	1.6348415613174438	1000	0.026995302475572393	0.2008545178482103
['GATAA', 'CACGTG']	2	+-	14	1	0.1969064196215096	0.10476324252199556	1.8030582666397095	1000	0.012689034496320906	0.1968374545785136
['GATAA', 'CACGTG']	2	+-	14	2	0.19079211391586637	0.10550969022240286	1.7061443328857422	1000	0.021899408160386817	0.18911999109502137
['GATAA', 'CACGTG']	2	+-	14	3	0.17226271386082304	0.0877918977946125	1.5643229484558105	1000	0.0005324940608062495	0.1750513050554067
['GATAA', 'CACGTG']	2	+-	14	4	0.18532098032878735	0.093995011041595	1.8105815649032593	1000	0.003297233243546559	0.18469279219867957
['GATAA', 'CACGTG']	2	+-	15	0	0.18517718133483468	0.09681217285405323	1.6229798793792725	1000	0.009882574573035499	0.18374179263290233
['GATAA', 'CACGTG']	2	+-	15	1	0.19564600176899877	0.10350286766514746	1.8021845817565918	1000	0.011428665013930653	0.19557710121949687
['GATAA', 'CACGTG']	2	+-	15	2	0.1832937778274047	0.09801136488285687	1.7009468078613281	1000	0.01440107878999745	0.1816216550065597
['GATAA', 'CACGTG']	2	+-	15	3	0.1658855971668301	0.08141478110061955	1.5599026679992676	1000	-0.005844622801138503	0.16867418836141376
['GATAA', 'CACGTG']	2	+-	15	4	0.18455441065822908	0.09322844137103674	1.8100502490997314	1000	0.002530673818048562	0.18392622252812132
['GATAA', 'CACGTG']	2	+-	16	0	0.1798442895523023	0.09147928107152087	1.6192834377288818	1000	0.0045496861495392844	0.17840889010145428
['GATAA', 'CACGTG']	2	+-	16	1	0.17511780859671222	0.08297465836948739	1.7879555225372314	1000	-0.00909955637425957	0.17504888654937895
['GATAA', 'CACGTG']	2	+-	16	2	0.17337011014972867	0.08808770795409653	1.694068193435669	1000	0.004477421189429867	0.17169797657996796
['GATAA', 'CACGTG']	2	+-	16	3	0.1611459165427863	0.07667510585103357	1.5566173791885376	1000	-0.010584303425182325	0.16393449698845425
['GATAA', 'CACGTG']	2	+-	16	4	0.1785193567078866	0.0871934089185256	1.8058671951293945	1000	-0.003504367871811989	0.1778911900756102
['GATAA', 'CACGTG']	2	+-	17	0	0.19057382493625874	0.10220880570656163	1.6267205476760864	1000	0.015279208769158352	0.18913843623432638
['GATAA', 'CACGTG']	2	+-	17	1	0.18846488768005357	0.09632175357620225	1.797206997871399	1000	0.004247536481129992	0.18839594413488892
['GATAA', 'CACGTG']	2	+-	17	2	0.1831769156161434	0.09789452416942696	1.7008657455444336	1000	0.01428424076379645	0.1815047927952984
['GATAA', 'CACGTG']	2	+-	17	3	0.1658053672602026	0.08133455656844989	1.559847116470337	1000	-0.005924846661500933	0.16859394770587058
['GATAA', 'CACGTG']	2	+-	17	4	0.18727536967536093	0.09594941113708427	1.8119362592697144	1000	0.005251631995421378	0.18664720304308452
['GATAA', 'CACGTG']	2	+-	18	0	0.18420857504517535	0.0958435665643939	1.622308373451233	1000	0.00891396492434001	0.18277318634324297
['GATAA', 'CACGTG']	2	+-	18	1	0.1853743594440489	0.09323120384236622	1.7950648069381714	1000	0.0011569953968120481	0.18530543739671562
['GATAA', 'CACGTG']	2	+-	18	2	0.17901396806285236	0.09373157661613589	1.6979801654815674	1000	0.010121301272192136	0.1773418667398387
['GATAA', 'CACGTG']	2	+-	18	3	0.16408230532795515	0.07961149463620244	1.5586528778076172	1000	-0.007647913296398985	0.16687088577362313
['GATAA', 'CACGTG']	2	+-	18	4	0.18679076556089227	0.09546480702261559	1.8116003274917603	1000	0.004767032919506923	0.18616259892861586
['GATAA', 'CACGTG']	2	+-	19	0	0.1859152018853497	0.09755018265565257	1.6234912872314453	1000	0.01062056892306856	0.18447977018775463
['GATAA', 'CACGTG']	2	+-	19	1	0.19120463580179217	0.0990614909490252	1.7991061210632324	1000	0.006987273518049313	0.19113569225662755
['GATAA', 'CACGTG']	2	+-	19	2	0.1857228177925283	0.10044040484798047	1.7026304006576538	1000	0.016830120098735503	0.18405067347385193
['GATAA', 'CACGTG']	2	+-	19	3	0.17247668177632774	0.08800587108457503	1.5644714832305908	1000	0.0007464618083591338	0.17526528371982708
['GATAA', 'CACGTG']	2	+-	19	4	0.18020952695815654	0.08888357916879554	1.80703866481781	1000	-0.001814198965156518	0.17958134957696442
['GATAA', 'CACGTG']	2	-+	10	0	0.31880144518631187	0.2304364367055304	1.7156010866165161	1000	0.143506827675597	0.31736603498654814
['GATAA', 'CACGTG']	2	-+	10	1	0.2900656164777427	0.19792245012714435	1.867631196975708	1000	0.10584825956845767	0.2899966729325781
['GATAA', 'CACGTG']	2	-+	10	2	0.31074644425267	0.22546403130812218	1.7892903089523315	1000	0.14185375193333505	0.30907432143182495
['GATAA', 'CACGTG']	2	-+	10	3	0.28603531054392956	0.2015645052266347	1.6431841850280762	1000	0.1143050872169248	0.28882388024068184
['GATAA', 'CACGTG']	2	-+	10	4	0.32587986413486064	0.23455389484766825	1.9080095291137695	1000	0.143856102941668	0.32525167600475285
['GATAA', 'CACGTG']	2	-+	11	0	0.22910499001821327	0.14074000303526318	1.6534281969070435	1000	0.05381039400532976	0.2276696013162809
['GATAA', 'CACGTG']	2	-+	11	1	0.23919190147830513	0.14704878887228517	1.8323683738708496	1000	0.05497456606685147	0.23912297943097185
['GATAA', 'CACGTG']	2	-+	11	2	0.22368975079266465	0.1384073593459482	1.7289472818374634	1000	0.054797074596703216	0.22201762797181962
['GATAA', 'CACGTG']	2	-+	11	3	0.2677830067861732	0.18331222296670974	1.6305327415466309	1000	0.09605281570591553	0.2705715979807569
['GATAA', 'CACGTG']	2	-+	11	4	0.2250729642578915	0.13374703796636186	1.8381356000900269	1000	0.043049259496506204	0.2244448406212778
['GATAA', 'CACGTG']	2	-+	12	0	0.22472207665446867	0.1363570681736872	1.650390386581421	1000	0.0494274591437538	0.22328668795253628
['GATAA', 'CACGTG']	2	-+	12	1	0.2294520080119917	0.13730885241030902	1.8256171941757202	1000	0.04523464035379099	0.22938306446682707
['GATAA', 'CACGTG']	2	-+	12	2	0.2153827307820147	0.13010033933529824	1.7231892347335815	1000	0.046490054586053264	0.21371060796116967
['GATAA', 'CACGTG']	2	-+	12	3	0.2183703703971407	0.1338995758287615	1.5962824821472168	1000	0.04664016319350946	0.22115896159172435
['GATAA', 'CACGTG']	2	-+	12	4	0.22409126578893523	0.13276529650174287	1.8374550342559814	1000	0.04206753415526074	0.22346309915665882
['GATAA', 'CACGTG']	2	-+	13	0	0.1970572269084849	0.10869222917661914	1.6312144994735718	1000	0.021762621490300192	0.19562183820655255
['GATAA', 'CACGTG']	2	-+	13	1	0.20163942516891678	0.10949626956723413	1.806338906288147	1000	0.017422060197945014	0.20157048162375216
['GATAA', 'CACGTG']	2	-+	13	2	0.19227533529256993	0.10699292234802213	1.7071723937988281	1000	0.023382642973234995	0.19060321247172493
['GATAA', 'CACGTG']	2	-+	13	3	0.20419493687591864	0.11972412080970807	1.5864567756652832	1000	0.03246470011276927	0.20698350657267092
['GATAA', 'CACGTG']	2	-+	13	4	0.18603247255540678	0.09470651401713011	1.8110747337341309	1000	0.004008740921732287	0.18540428442529902
['GATAA', 'CACGTG']	2	-+	14	0	0.1910876231057114	0.10272262537384562	1.6270766258239746	1000	0.015793027092827892	0.18965223440377904
['GATAA', 'CACGTG']	2	-+	14	1	0.2143678396614419	0.1222247055575906	1.8151615858078003	1000	0.03015049618830148	0.21429893911193998
['GATAA', 'CACGTG']	2	-+	14	2	0.19469149805671018	0.10940909586107804	1.7088470458984375	1000	0.025798819173519835	0.19301937523586518
['GATAA', 'CACGTG']	2	-+	14	3	0.18718062873256688	0.10270982341527202	1.5746632814407349	1000	0.015450414810863358	0.18996921992715055
['GATAA', 'CACGTG']	2	-+	14	4	0.20536147369888968	0.11403551516061303	1.8244726657867432	1000	0.02333774475244412	0.2047333070666133
['GATAA', 'CACGTG']	2	-+	15	0	0.21575619110836328	0.12739118262758184	1.64417564868927	1000	0.040461573597648424	0.21432078090859957
['GATAA', 'CACGTG']	2	-+	15	1	0.22444950565068247	0.13230636079791547	1.822149634361267	1000	0.040232137992481765	0.2243805836033492
['GATAA', 'CACGTG']	2	-+	15	2	0.19698273692282994	0.11170031322936645	1.7104352712631226	1000	0.028090031167350406	0.19531061410198494
['GATAA', 'CACGTG']	2	-+	15	3	0.19182226849670322	0.10735147392832405	1.577880620956421	1000	0.02009205994945754	0.19461088118911823
['GATAA', 'CACGTG']	2	-+	15	4	0.1926885451090992	0.10136257582190686	1.8156883716583252	1000	0.010664802726509028	0.19206035697899143
['GATAA', 'CACGTG']	2	-+	16	0	0.21977349085420492	0.13140847162450778	1.6469602584838867	1000	0.04447886796903222	0.21833808065444119
['GATAA', 'CACGTG']	2	-+	16	1	0.24847111791645118	0.15632796231476853	1.8388001918792725	1000	0.0642537395093348	0.24840217437128656
['GATAA', 'CACGTG']	2	-+	16	2	0.21766255429968345	0.1323801521040513	1.7247694730758667	1000	0.04876986735480633	0.21599040998100708
['GATAA', 'CACGTG']	2	-+	16	3	0.2178275716531863	0.13335677708480712	1.5959062576293945	1000	0.046097364449555076	0.22061618434560132
['GATAA', 'CACGTG']	2	-+	16	4	0.22437819734406847	0.1330522280568761	1.8376538753509521	1000	0.04235446033593614	0.2237500092139607
['GATAA', 'CACGTG']	2	-+	17	0	0.1823863973614525	0.09402139962958675	1.6210453510284424	1000	0.007091796645918415	0.18095100865952016
['GATAA', 'CACGTG']	2	-+	17	1	0.18069503398154224	0.08855187837985956	1.7918213605880737	1000	-0.0035223313253331633	0.1806260904363776
['GATAA', 'CACGTG']	2	-+	17	2	0.1840716983529199	0.09878929615728775	1.7014861106872559	1000	0.015179023500572927	0.1823995755320749
['GATAA', 'CACGTG']	2	-+	17	3	0.1681358074218034	0.08366499135559285	1.56146240234375	1000	-0.0035944169129121877	0.17092439861638706
['GATAA', 'CACGTG']	2	-+	17	4	0.17600341175949888	0.08467745322122222	1.8041231632232666	1000	-0.0060203225614045295	0.1753752343783068
['GATAA', 'CACGTG']	2	-+	18	0	0.19057913490060413	0.10221413716873837	1.626724123954773	1000	0.015284541574949559	0.18914374619867177
['GATAA', 'CACGTG']	2	-+	18	1	0.1951046863754081	0.10296153077372543	1.801809310913086	1000	0.010887314686364006	0.19503574283024347
['GATAA', 'CACGTG']	2	-+	18	2	0.1954925717465978	0.11021016955096564	1.709402322769165	1000	0.026599882114491758	0.1938204489257528
['GATAA', 'CACGTG']	2	-+	18	3	0.1723186297201848	0.08784782440288995	1.5643616914749146	1000	0.0005884166382403195	0.17510722091476846
['GATAA', 'CACGTG']	2	-+	18	4	0.1900769670579161	0.0987510192685551	1.8138782978057861	1000	0.00805323811147052	0.1894488004256397
['GATAA', 'CACGTG']	2	-+	19	0	0.1756905430708324	0.08732553459005095	1.6164041757583618	1000	0.000395930220780201	0.17425513287106867
['GATAA', 'CACGTG']	2	-+	19	1	0.1835719597651753	0.09142880416349262	1.7938153743743896	1000	-0.00064540306441094	0.18350301622001067
['GATAA', 'CACGTG']	2	-+	19	2	0.1737640471604456	0.0884816503392713	1.6943413019180298	1000	0.004871366933640799	0.1720919243396006
['GATAA', 'CACGTG']	2	-+	19	3	0.17010339643683073	0.08563260186845154	1.5628262758255005	1000	-0.0016268100949932743	0.17289199838033006
['GATAA', 'CACGTG']	2	-+	19	4	0.17293822946666512	0.08161226017947278	1.8019983768463135	1000	-0.009085508885081674	0.17231005208547304
['GATAA', 'CACGTG']	2	--	10	0	0.31880144518631187	0.2304364367055304	1.7156010866165161	1000	0.143506827675597	0.31736603498654814
['GATAA', 'CACGTG']	2	--	10	1	0.2900656164777427	0.19792245012714435	1.867631196975708	1000	0.10584825956845767	0.2899966729325781
['GATAA', 'CACGTG']	2	--	10	2	0.31074644425267	0.22546403130812218	1.7892903089523315	1000	0.14185375193333505	0.30907432143182495
['GATAA', 'CACGTG']	2	--	10	3	0.28603531054392956	0.2015645052266347	1.6431841850280762	1000	0.1143050872169248	0.28882388024068184
['GATAA', 'CACGTG']	2	--	10	4	0.32587986413486064	0.23455389484766825	1.9080095291137695	1000	0.143856102941668	0.32525167600475285
['GATAA', 'CACGTG']	2	--	11	0	0.22910499001821327	0.14074000303526318	1.6534281969070435	1000	0.05381039400532976	0.2276696013162809
['GATAA', 'CACGTG']	2	--	11	1	0.23919190147830513	0.14704878887228517	1.8323683738708496	1000	0.05497456606685147	0.23912297943097185
['GATAA', 'CACGTG']	2	--	11	2	0.22368975079266465	0.1384073593459482	1.7289472818374634	1000	0.054797074596703216	0.22201762797181962
['GATAA', 'CACGTG']	2	--	11	3	0.2677830067861732	0.18331222296670974	1.6305327415466309	1000	0.09605281570591553	0.2705715979807569
['GATAA', 'CACGTG']	2	--	11	4	0.2250729642578915	0.13374703796636186	1.8381356000900269	1000	0.043049259496506204	0.2244448406212778
['GATAA', 'CACGTG']	2	--	12	0	0.22472207665446867	0.1363570681736872	1.650390386581421	1000	0.0494274591437538	0.22328668795253628
['GATAA', 'CACGTG']	2	--	12	1	0.2294520080119917	0.13730885241030902	1.8256171941757202	1000	0.04523464035379099	0.22938306446682707
['GATAA', 'CACGTG']	2	--	12	2	0.2153827307820147	0.13010033933529824	1.7231892347335815	1000	0.046490054586053264	0.21371060796116967
['GATAA', 'CACGTG']	2	--	12	3	0.2183703703971407	0.1338995758287615	1.5962824821472168	1000	0.04664016319350946	0.22115896159172435
['GATAA', 'CACGTG']	2	--	12	4	0.22409126578893523	0.13276529650174287	1.8374550342559814	1000	0.04206753415526074	0.22346309915665882
['GATAA', 'CACGTG']	2	--	13	0	0.1970572269084849	0.10869222917661914	1.6312144994735718	1000	0.021762621490300192	0.19562183820655255
['GATAA', 'CACGTG']	2	--	13	1	0.20163942516891678	0.10949626956723413	1.806338906288147	1000	0.017422060197945014	0.20157048162375216
['GATAA', 'CACGTG']	2	--	13	2	0.19227533529256993	0.10699292234802213	1.7071723937988281	1000	0.023382642973234995	0.19060321247172493
['GATAA', 'CACGTG']	2	--	13	3	0.20419493687591864	0.11972412080970807	1.5864567756652832	1000	0.03246470011276927	0.20698350657267092
['GATAA', 'CACGTG']	2	--	13	4	0.18603247255540678	0.09470651401713011	1.8110747337341309	1000	0.004008740921732287	0.18540428442529902
['GATAA', 'CACGTG']	2	--	14	0	0.1910876231057114	0.10272262537384562	1.6270766258239746	1000	0.015793027092827892	0.18965223440377904
['GATAA', 'CACGTG']	2	--	14	1	0.2143678396614419	0.1222247055575906	1.8151615858078003	1000	0.03015049618830148	0.21429893911193998
['GATAA', 'CACGTG']	2	--	14	2	0.19469149805671018	0.10940909586107804	1.7088470458984375	1000	0.025798819173519835	0.19301937523586518
['GATAA', 'CACGTG']	2	--	14	3	0.18718062873256688	0.10270982341527202	1.5746632814407349	1000	0.015450414810863358	0.18996921992715055
['GATAA', 'CACGTG']	2	--	14	4	0.20536147369888968	0.11403551516061303	1.8244726657867432	1000	0.02333774475244412	0.2047333070666133
['GATAA', 'CACGTG']	2	--	15	0	0.21575619110836328	0.12739118262758184	1.64417564868927	1000	0.040461573597648424	0.21432078090859957
['GATAA', 'CACGTG']	2	--	15	1	0.22444950565068247	0.13230636079791547	1.822149634361267	1000	0.040232137992481765	0.2243805836033492
['GATAA', 'CACGTG']	2	--	15	2	0.19698273692282994	0.11170031322936645	1.7104352712631226	1000	0.028090031167350406	0.19531061410198494
['GATAA', 'CACGTG']	2	--	15	3	0.19182226849670322	0.10735147392832405	1.577880620956421	1000	0.02009205994945754	0.19461088118911823
['GATAA', 'CACGTG']	2	--	15	4	0.1926885451090992	0.10136257582190686	1.8156883716583252	1000	0.010664802726509028	0.19206035697899143
['GATAA', 'CACGTG']	2	--	16	0	0.21977349085420492	0.13140847162450778	1.6469602584838867	1000	0.04447886796903222	0.21833808065444119
['GATAA', 'CACGTG']	2	--	16	1	0.24847111791645118	0.15632796231476853	1.8388001918792725	1000	0.0642537395093348	0.24840217437128656
['GATAA', 'CACGTG']	2	--	16	2	0.21766255429968345	0.1323801521040513	1.7247694730758667	1000	0.04876986735480633	0.21599040998100708
['GATAA', 'CACGTG']	2	--	16	3	0.2178275716531863	0.13335677708480712	1.5959062576293945	1000	0.046097364449555076	0.22061618434560132
['GATAA', 'CACGTG']	2	--	16	4	0.22437819734406847	0.1330522280568761	1.8376538753509521	1000	0.04235446033593614	0.2237500092139607
['GATAA', 'CACGTG']	2	--	17	0	0.1823863973614525	0.09402139962958675	1.6210453510284424	1000	0.007091796645918415	0.18095100865952016
['GATAA', 'CACGTG']	2	--	17	1	0.18069503398154224	0.08855187837985956	1.7918213605880737	1000	-0.0035223313253331633	0.1806260904363776
['GATAA', 'CACGTG']	2	--	17	2	0.1840716983529199	0.09878929615728775	1.7014861106872559	1000	0.015179023500572927	0.1823995755320749
['GATAA', 'CACGTG']	2	--	17	3	0.1681358074218034	0.08366499135559285	1.56146240234375	1000	-0.0035944169129121877	0.17092439861638706
['GATAA', 'CACGTG']	2	--	17	4	0.17600341175949888	0.08467745322122222	1.8041231632232666	1000	-0.0060203225614045295	0.1753752343783068
['GATAA', 'CACGTG']	2	--	18	0	0.19057913490060413	0.10221413716873837	1.626724123954773	1000	0.015284541574949559	0.18914374619867177
['GATAA', 'CACGTG']	2	--	18	1	0.1951046863754081	0.10296153077372543	1.801809310913086	1000	0.010887314686364006	0.19503574283024347
['GATAA', 'CACGTG']	2	--	18	2	0.1954925717465978	0.11021016955096564	1.709402322769165	1000	0.026599882114491758	0.1938204489257528
['GATAA', 'CACGTG']	2	--	18	3	0.1723186297201848	0.08784782440288995	1.5643616914749146	1000	0.0005884166382403195	0.17510722091476846
['GATAA', 'CACGTG']	2	--	18	4	0.1900769670579161	0.0987510192685551	1.8138782978057861	1000	0.00805323811147052	0.1894488004256397
['GATAA', 'CACGTG']	2	--	19	0	0.1756905430708324	0.08732553459005095	1.6164041757583618	1000	0.000395930220780201	0.17425513287106867
['GATAA', 'CACGTG']	2	--	19	1	0.1835719597651753	0.09142880416349262	1.7938153743743896	1000	-0.0006454034423025068	0.18350301622001067
['GATAA', 'CACGTG']	2	--	19	2	0.1737640471604456	0.0884816503392713	1.6943413019180298	1000	0.004871366933640799	0.1720919243396006
['GATAA', 'CACGTG']	2	--	19	3	0.17010339643683073	0.08563260186845154	1.5628262758255005	1000	-0.0016268100949932743	0.17289199838033006
['GATAA', 'CACGTG']	2	--	19	4	0.17293822946666512	0.08161226017947278	1.8019983768463135	1000	-0.009085508885081674	0.17231005208547304
