motif_seq	motif_counts	orientation_pattern	spacing	model_fold	log2_fc_vs_baseline	log2_fc_vs_single	mean_prediction	n_sequences	log2_fc_vs_single_GATA	log2_fc_vs_single_REST
['GATAA', 'CAGCACCNNGGACAG']	2	++	50	0	0.1362118073272022	0.054257946607453186	1.6226474046707153	1000	-0.02259425300384852	0.13111014621875489
['GATAA', 'CAGCACCNNGGACAG']	2	++	50	1	0.14661819805910312	0.059275266349025815	1.8073625564575195	1000	-0.022869231764746794	0.14141976446279841
['GATAA', 'CAGCACCNNGGACAG']	2	++	50	2	0.15700664885073587	0.06660239370855356	1.6998344659805298	1000	-0.00725310562351205	0.1404578869943541
['GATAA', 'CAGCACCNNGGACAG']	2	++	50	3	0.14549237812872381	0.06200381410062699	1.5846476554870605	1000	-0.014965138889164746	0.138972741561744
['GATAA', 'CAGCACCNNGGACAG']	2	++	50	4	0.16777650341740397	0.07425339127194516	1.82391357421875	1000	-0.004007165533778095	0.15251394606224672
['GATAA', 'CAGCACCNNGGACAG']	2	+-	50	0	0.1359457609152331	0.05399191094439978	1.6224631071090698	1000	-0.022860291354130848	0.13084411055570147
['GATAA', 'CAGCACCNNGGACAG']	2	+-	50	1	0.14076724078759356	0.053424292954142756	1.8033071756362915	1000	-0.028720197097943094	0.1355687964423732
['GATAA', 'CAGCACCNNGGACAG']	2	+-	50	2	0.15032564956158403	0.05992141054277522	1.6952035427093506	1000	-0.01393408946109761	0.13377689845411792
['GATAA', 'CAGCACCNNGGACAG']	2	+-	50	3	0.143152898129037	0.05966431797756668	1.5830261707305908	1000	-0.017304624263309372	0.1366332723109729
['GATAA', 'CAGCACCNNGGACAG']	2	+-	50	4	0.16298698007135695	0.06946386792589816	1.8205937147140503	1000	-0.008796688208017864	0.1477244334651154
['GATAA', 'CAGCACCNNGGACAG']	2	-+	50	0	0.1500115339986988	0.0680576786534076	1.63221275806427	1000	-0.00879452633235194	0.14490988363916715
['GATAA', 'CAGCACCNNGGACAG']	2	-+	50	1	0.15161406833943844	0.0642711312549033	1.8108255863189697	1000	-0.01787336820248376	0.14641562399421806
['GATAA', 'CAGCACCNNGGACAG']	2	-+	50	2	0.16822126130145088	0.0778170276570999	1.7076078653335571	1000	0.003961528996841526	0.15167252094290043
['GATAA', 'CAGCACCNNGGACAG']	2	-+	50	3	0.15648520820223552	0.07299662267630735	1.5922672748565674	1000	-0.003972328298062697	0.1499655716352557
['GATAA', 'CAGCACCNNGGACAG']	2	-+	50	4	0.1824279741672986	0.08890486202183981	1.8340691328048706	1000	0.010644300513465937	0.16716541681214137
['GATAA', 'CAGCACCNNGGACAG']	2	--	50	0	0.1435135672457277	0.06155970115152082	1.6277087926864624	1000	-0.015292502490624263	0.13841190613728035
['GATAA', 'CAGCACCNNGGACAG']	2	--	50	1	0.15332586540805437	0.06598291220014572	1.812011957168579	1000	-0.01616158053916905	0.148127421062834
['GATAA', 'CAGCACCNNGGACAG']	2	--	50	2	0.1698696612653925	0.07946540612321017	1.7087504863739014	1000	0.005609912501506019	0.15332091015792637
['GATAA', 'CAGCACCNNGGACAG']	2	--	50	3	0.1541020876048923	0.07061351282787981	1.5906155109405518	1000	-0.0063554334438396315	0.14758246178682816
['GATAA', 'CAGCACCNNGGACAG']	2	--	50	4	0.17952178983518752	0.08599866694081303	1.8320547342300415	1000	0.00773810811966808	0.1642592217311146
['GATAA', 'CAGCACCNNGGACAG']	2	++	10	0	0.1778763350741419	0.09592246360547721	1.6515270471572876	1000	0.0190702639941755	0.1727746739656946
['GATAA', 'CAGCACCNNGGACAG']	2	++	10	1	0.19459628416162628	0.10725333632817545	1.8406184911727905	1000	0.025108843588860685	0.18939782906749023
['GATAA', 'CAGCACCNNGGACAG']	2	++	10	2	0.20390938118199228	0.11350514216318348	1.7323449850082397	1000	0.03964964619015403	0.1873606300745262
['GATAA', 'CAGCACCNNGGACAG']	2	++	10	3	0.19734837203856428	0.11385979188709396	1.6205915212631226	1000	0.036890842928145595	0.1908287247226688
['GATAA', 'CAGCACCNNGGACAG']	2	++	10	4	0.2256161069671476	0.13209298407277312	1.8640048503875732	1000	0.053832440031387235	0.21035354961199038
['GATAA', 'CAGCACCNNGGACAG']	2	++	11	0	0.19887848018545934	0.11692460871679464	1.6660847663879395	1000	0.04007240910549293	0.1937768298259277
['GATAA', 'CAGCACCNNGGACAG']	2	++	11	1	0.187494045615933	0.10015109778248218	1.835695505142212	1000	0.018006588919793905	0.18229559052179695
['GATAA', 'CAGCACCNNGGACAG']	2	++	11	2	0.21005479424961032	0.11965054448188583	1.7366046905517578	1000	0.04579505119608529	0.1935060431421442
['GATAA', 'CAGCACCNNGGACAG']	2	++	11	3	0.1892719162692273	0.10578333611775695	1.6149933338165283	1000	0.028814381784350758	0.1827522689533318
['GATAA', 'CAGCACCNNGGACAG']	2	++	11	4	0.21559360300980385	0.12207048011542937	1.857057809829712	1000	0.04380992263789889	0.20033102415681525
['GATAA', 'CAGCACCNNGGACAG']	2	++	12	0	0.17380948282702044	0.09185562210727141	1.6487082242965698	1000	0.01500342383958416	0.16870781096965742
['GATAA', 'CAGCACCNNGGACAG']	2	++	12	1	0.17090804951563943	0.08356511243110429	1.8241991996765137	1000	0.0014206143173316756	0.16570961591933472
['GATAA', 'CAGCACCNNGGACAG']	2	++	12	2	0.19382917704528407	0.1034249165286439	1.7253578901290894	1000	0.029569409806698765	0.17728041518890228
['GATAA', 'CAGCACCNNGGACAG']	2	++	12	3	0.1623669073725868	0.0788783325955743	1.596344232559204	1000	0.0019093784301199063	0.15584727080560698
['GATAA', 'CAGCACCNNGGACAG']	2	++	12	4	0.1973316467257679	0.10380855607814043	1.8443995714187622	1000	0.025547982477236428	0.182069110868442
['GATAA', 'CAGCACCNNGGACAG']	2	++	13	0	0.18062563898191908	0.09867178901108574	1.653432846069336	1000	0.021819588056169577	0.17552398862238744
['GATAA', 'CAGCACCNNGGACAG']	2	++	13	1	0.16882674772164474	0.08148379988819393	1.822756290435791	1000	-0.0006606952444340938	0.1636282926275087
['GATAA', 'CAGCACCNNGGACAG']	2	++	13	2	0.18319286700701096	0.09278861723928647	1.7179855108261108	1000	0.018933119922642547	0.16664411589954484
['GATAA', 'CAGCACCNNGGACAG']	2	++	13	3	0.17481378626564947	0.09132520611417914	1.6049716472625732	1000	0.01435625446800187	0.16829414969866965
['GATAA', 'CAGCACCNNGGACAG']	2	++	13	4	0.19543261429494074	0.10190951289839761	1.843083381652832	1000	0.023648950046409295	0.1801700569397835
['GATAA', 'CAGCACCNNGGACAG']	2	++	14	0	0.17893467331188892	0.09698080184322422	1.6522607803344727	1000	0.02012860760638035	0.17383302295235728
['GATAA', 'CAGCACCNNGGACAG']	2	++	14	1	0.1959988886707379	0.10865595158620277	1.8415907621383667	1000	0.026511458846888	0.19080047657226457
['GATAA', 'CAGCACCNNGGACAG']	2	++	14	2	0.21027377115982138	0.11986953214101258	1.7367565631866455	1000	0.0460140334807542	0.19372502005235528
['GATAA', 'CAGCACCNNGGACAG']	2	++	14	3	0.17585838738915882	0.09236980723768849	1.6056958436965942	1000	0.015400856935125672	0.169338750822179
['GATAA', 'CAGCACCNNGGACAG']	2	++	14	4	0.21825348668804806	0.12473036379367357	1.8589016199111938	1000	0.046469809003372005	0.2029909293328908
['GATAA', 'CAGCACCNNGGACAG']	2	++	15	0	0.18432169663378034	0.10236783591403133	1.6559947729110718	1000	0.02551563898995854	0.1792200462742487
['GATAA', 'CAGCACCNNGGACAG']	2	++	15	1	0.18592853054079156	0.09858559345625643	1.8346105813980103	1000	0.01644109534248383	0.18073009694448688
['GATAA', 'CAGCACCNNGGACAG']	2	++	15	2	0.20004628538048053	0.10964202486384036	1.7296671867370605	1000	0.035786523516353065	0.1834975342730144
['GATAA', 'CAGCACCNNGGACAG']	2	++	15	3	0.17665880539519002	0.09317023599263535	1.606250524520874	1000	0.01620128300284362	0.1701391688282102
['GATAA', 'CAGCACCNNGGACAG']	2	++	15	4	0.20181203125688899	0.1082889083625145	1.8475050926208496	1000	0.03002835357221293	0.18654947390173174
['GATAA', 'CAGCACCNNGGACAG']	2	++	16	0	0.1561996955039719	0.07424582940976504	1.6365020275115967	1000	-0.002606366842500518	0.15109804514444025
['GATAA', 'CAGCACCNNGGACAG']	2	++	16	1	0.16296655713156702	0.07562361467257403	1.8186944723129272	1000	-0.0065208814257768834	0.15776811278634664
['GATAA', 'CAGCACCNNGGACAG']	2	++	16	2	0.17946876543414336	0.0890645049175032	1.7154040336608887	1000	0.01520900894447375	0.16292000357776157
['GATAA', 'CAGCACCNNGGACAG']	2	++	16	3	0.1595646113105125	0.07607603115904217	1.5944017171859741	1000	-0.0008929201512314889	0.15304497474353268
['GATAA', 'CAGCACCNNGGACAG']	2	++	16	4	0.191388033801106	0.09786493240456287	1.8402798175811768	1000	0.01960437895787577	0.17612548719486446
['GATAA', 'CAGCACCNNGGACAG']	2	++	17	0	0.16909662074759552	0.08714275465338867	1.6454416513442993	1000	0.010290553698472498	0.1639949596391482
['GATAA', 'CAGCACCNNGGACAG']	2	++	17	1	0.16838348393687722	0.08104054147788424	1.8224492073059082	1000	-0.0011039531928763151	0.16318503959165684
['GATAA', 'CAGCACCNNGGACAG']	2	++	17	2	0.17782581517045096	0.08742156002826863	1.7142651081085205	1000	0.013566065398853638	0.16127706406298484
['GATAA', 'CAGCACCNNGGACAG']	2	++	17	3	0.1600706165160979	0.07658205248800111	1.5947524309158325	1000	-0.0003869014675135185	0.15355100144694947
['GATAA', 'CAGCACCNNGGACAG']	2	++	17	4	0.1920545525645248	0.09853145116798169	1.8407418727874756	1000	0.020270888315993364	0.17679200595828326
['GATAA', 'CAGCACCNNGGACAG']	2	++	18	0	0.16305482722712233	0.081100977256289	1.6412537097930908	1000	0.004248772942336683	0.1579531768675907
['GATAA', 'CAGCACCNNGGACAG']	2	++	18	1	0.17810256750243625	0.09075963041790112	1.8291860818862915	1000	0.008615130960514052	0.1729041231572159
['GATAA', 'CAGCACCNNGGACAG']	2	++	18	2	0.19876105903058275	0.10835680926285828	1.7287763357162476	1000	0.034501307915370975	0.18221230792311666
['GATAA', 'CAGCACCNNGGACAG']	2	++	18	3	0.1726898005274938	0.08920123112493913	1.603499412536621	1000	0.012232282165990782	0.16617017470942966
['GATAA', 'CAGCACCNNGGACAG']	2	++	18	4	0.1970661055128357	0.10354300411629258	1.8442156314849854	1000	0.025282446638762092	0.1818035696555098
['GATAA', 'CAGCACCNNGGACAG']	2	++	19	0	0.1660039749752021	0.08405011962991092	1.6432979106903076	1000	0.007197918674994757	0.16090232461567047
['GATAA', 'CAGCACCNNGGACAG']	2	++	19	1	0.17347549251904484	0.08613255543450972	1.8259787559509277	1000	0.0039880502667612	0.1682770481738245
['GATAA', 'CAGCACCNNGGACAG']	2	++	19	2	0.18521095442789787	0.09480670466017338	1.7193843126296997	1000	0.02095119659461378	0.16866219257151607
['GATAA', 'CAGCACCNNGGACAG']	2	++	19	3	0.171387601639739	0.08789902148826867	1.6025968790054321	1000	0.010930073872934772	0.1648679650727592
['GATAA', 'CAGCACCNNGGACAG']	2	++	19	4	0.18590228168870362	0.09237915879432915	1.8364773988723755	1000	0.014118610722099885	0.1706397243335464
['GATAA', 'CAGCACCNNGGACAG']	2	+-	10	0	0.19412849135127944	0.11217464138044608	1.6627922058105469	1000	0.03532243639468653	0.18902686248957914
['GATAA', 'CAGCACCNNGGACAG']	2	+-	10	1	0.17982631736528715	0.09248336953183633	1.8303806781768799	1000	0.010338874777099877	0.17462787302006677
['GATAA', 'CAGCACCNNGGACAG']	2	+-	10	2	0.20387378077326368	0.11346952025662352	1.7323203086853027	1000	0.03961402428359407	0.1873250296657976
['GATAA', 'CAGCACCNNGGACAG']	2	+-	10	3	0.19185260193674916	0.10836401103636314	1.6167819499969482	1000	0.03139506207741479	0.18533297611868502
['GATAA', 'CAGCACCNNGGACAG']	2	+-	10	4	0.2176220308875739	0.1240989187421151	1.8584638833999634	1000	0.045838363951813524	0.20235947353241665
['GATAA', 'CAGCACCNNGGACAG']	2	+-	11	0	0.18322883287887262	0.10127497215912361	1.6552373170852661	1000	0.024422780609508664	0.17812718251934098
['GATAA', 'CAGCACCNNGGACAG']	2	+-	11	1	0.1888567931457072	0.10151383456334069	1.8366402387619019	1000	0.019369333762339163	0.18365833805157114
['GATAA', 'CAGCACCNNGGACAG']	2	+-	11	2	0.19593390072654313	0.10552965095881864	1.7268167734146118	1000	0.031674157673018094	0.179385149619077
['GATAA', 'CAGCACCNNGGACAG']	2	+-	11	3	0.1837489299129131	0.10026037125927414	1.6111650466918945	1000	0.023291419613096873	0.177229304094849
['GATAA', 'CAGCACCNNGGACAG']	2	+-	11	4	0.20268314488134045	0.10916005423371301	1.8481090068817139	1000	0.03089949406895361	0.18742060902401458
['GATAA', 'CAGCACCNNGGACAG']	2	+-	12	0	0.19060536225486072	0.10865150153511169	1.6603503227233887	1000	0.031799307298267826	0.18550369039749773
['GATAA', 'CAGCACCNNGGACAG']	2	+-	12	1	0.16955208455165863	0.0822091474671235	1.8232592344284058	1000	6.465206157379332e-05	0.16435364020643828
['GATAA', 'CAGCACCNNGGACAG']	2	+-	12	2	0.19064450980576336	0.1002402492891232	1.723150372505188	1000	0.026384753316093745	0.1740957372004659
['GATAA', 'CAGCACCNNGGACAG']	2	+-	12	3	0.17317386719617853	0.08968529779362387	1.6038349866867065	1000	0.012716344803832135	0.16665424137811438
['GATAA', 'CAGCACCNNGGACAG']	2	+-	12	4	0.19404065121235126	0.1005175605647238	1.8421183824539185	1000	0.022256996369121013	0.17877810460610968
['GATAA', 'CAGCACCNNGGACAG']	2	+-	13	0	0.17252608379278808	0.09057221232412338	1.6478185653686523	1000	0.01372001405643613	0.1674244119354251
['GATAA', 'CAGCACCNNGGACAG']	2	+-	13	1	0.1797556539936139	0.09241271690907876	1.830331802368164	1000	0.010268216779884461	0.17455720964839352
['GATAA', 'CAGCACCNNGGACAG']	2	+-	13	2	0.20419119625326235	0.1137869357366222	1.732540249824524	1000	0.03993144245082166	0.18764242364796488
['GATAA', 'CAGCACCNNGGACAG']	2	+-	13	3	0.1784588080658672	0.09497022791439687	1.6074981689453125	1000	0.018001277611834055	0.1719391607499717
['GATAA', 'CAGCACCNNGGACAG']	2	+-	13	4	0.200691456797361	0.10716834465190218	1.8467284440994263	1000	0.02890778986160062	0.18542889944220375
['GATAA', 'CAGCACCNNGGACAG']	2	+-	14	0	0.18554273045924358	0.10358885899057887	1.6568410396575928	1000	0.026736659379277168	0.18044108009971194
['GATAA', 'CAGCACCNNGGACAG']	2	+-	14	1	0.1820572225677011	0.09471426398533461	1.8319271802902222	1000	0.012569767215176468	0.17685876747356508
['GATAA', 'CAGCACCNNGGACAG']	2	+-	14	2	0.1936031058507249	0.10319885608300042	1.72520112991333	1000	0.029343365484428802	0.17705435474325878
['GATAA', 'CAGCACCNNGGACAG']	2	+-	14	3	0.18439175806617558	0.10090317791470525	1.6116106510162354	1000	0.02393422089407014	0.1778721107502801
['GATAA', 'CAGCACCNNGGACAG']	2	+-	14	4	0.22024760402697097	0.12672450263042784	1.8602837324142456	1000	0.04846394246566843	0.20498504667181372
['GATAA', 'CAGCACCNNGGACAG']	2	+-	15	0	0.17602617796290684	0.09407231724315783	1.6502445936203003	1000	0.01722011628824166	0.1709245276033752
['GATAA', 'CAGCACCNNGGACAG']	2	+-	15	1	0.18196738313045666	0.09462444604592152	1.831864833831787	1000	0.012479946588534446	0.17676894953415195
['GATAA', 'CAGCACCNNGGACAG']	2	+-	15	2	0.19355198400775595	0.10314774498894713	1.7251657247543335	1000	0.029292249015917673	0.1770032436492055
['GATAA', 'CAGCACCNNGGACAG']	2	+-	15	3	0.17833950585074682	0.09485092569927647	1.6074155569076538	1000	0.0178819807711715	0.17181985853485132
['GATAA', 'CAGCACCNNGGACAG']	2	+-	15	4	0.2040545345393205	0.11053143314277737	1.8490595817565918	1000	0.03227086222910229	0.18879197718416327
['GATAA', 'CAGCACCNNGGACAG']	2	+-	16	0	0.16761701100656007	0.08566315028681104	1.6444159746170044	1000	0.00881094664466596	0.16251536064702843
['GATAA', 'CAGCACCNNGGACAG']	2	+-	16	1	0.1627426464690593	0.07539970401006633	1.8185392618179321	1000	-0.0067447934318990415	0.15754421287275464
['GATAA', 'CAGCACCNNGGACAG']	2	+-	16	2	0.18792176646862882	0.09751751670090432	1.7212631702423096	1000	0.023662031476790548	0.17137302611007837
['GATAA', 'CAGCACCNNGGACAG']	2	+-	16	3	0.16971455441214559	0.08622597426067527	1.6014372110366821	1000	0.009257023958112448	0.1631949178451658
['GATAA', 'CAGCACCNNGGACAG']	2	+-	16	4	0.20286512402378468	0.10934202262724155	1.8482351303100586	1000	0.03108145977525322	0.18760256666862743
['GATAA', 'CAGCACCNNGGACAG']	2	+-	17	0	0.15290771109031281	0.07095385574502162	1.6342202425003052	1000	-0.005898342522665623	0.14780606073078117
['GATAA', 'CAGCACCNNGGACAG']	2	+-	17	1	0.16638155213625572	0.07903861505172059	1.8210614919662476	1000	-0.0031058850774737063	0.16118310779103537
['GATAA', 'CAGCACCNNGGACAG']	2	+-	17	2	0.18743795777392036	0.09703368650836453	1.7209278345108032	1000	0.02317820128425075	0.17088920666645427
['GATAA', 'CAGCACCNNGGACAG']	2	+-	17	3	0.16704429803027124	0.08355573400217442	1.5995862483978271	1000	0.006586784371418836	0.1605246722122071
['GATAA', 'CAGCACCNNGGACAG']	2	+-	17	4	0.1833638607576313	0.08984074323771465	1.834717869758606	1000	0.011580183072955247	0.16810130340247406
['GATAA', 'CAGCACCNNGGACAG']	2	+-	18	0	0.17552145187828722	0.0935675911585382	1.6498949527740479	1000	0.016715391547236492	0.17041980151875558
['GATAA', 'CAGCACCNNGGACAG']	2	+-	18	1	0.17037677360929285	0.08303383652475771	1.8238308429718018	1000	0.0008893358917079896	0.16517834001298815
['GATAA', 'CAGCACCNNGGACAG']	2	+-	18	2	0.1873272654402588	0.09692299417470294	1.7208510637283325	1000	0.023067503576131337	0.17077849283496133
['GATAA', 'CAGCACCNNGGACAG']	2	+-	18	3	0.17869569266959937	0.09520711251812904	1.607662320137024	1000	0.018238164902795135	0.17217605610261955
['GATAA', 'CAGCACCNNGGACAG']	2	+-	18	4	0.20049890072188872	0.10697578857642992	1.8465949296951294	1000	0.02871522572444159	0.18523636486456285
['GATAA', 'CAGCACCNNGGACAG']	2	+-	19	0	0.16828996837047056	0.08633611302517938	1.6448824405670166	1000	0.00948390803941983	0.16318831801093892
['GATAA', 'CAGCACCNNGGACAG']	2	+-	19	1	0.17275907728904447	0.08541612945559365	1.8254821300506592	1000	0.003271632013628278	0.16756063294382412
['GATAA', 'CAGCACCNNGGACAG']	2	+-	19	2	0.19567661468085235	0.10527237566204355	1.7266384363174438	1000	0.03141687700178517	0.17912786357338625
['GATAA', 'CAGCACCNNGGACAG']	2	+-	19	3	0.17566737915754432	0.09217882050390534	1.6055634021759033	1000	0.015209864826884684	0.16914776408839585
['GATAA', 'CAGCACCNNGGACAG']	2	+-	19	4	0.19266816516497196	0.09914504227059748	1.8411670923233032	1000	0.020884486136681448	0.17740559706089903
['GATAA', 'CAGCACCNNGGACAG']	2	-+	10	0	0.24667785481590468	0.16472398334723998	1.6992168426513672	1000	0.08787178911039611	0.24157620445637304
['GATAA', 'CAGCACCNNGGACAG']	2	-+	10	1	0.2653795062447028	0.17803656916016766	1.8896818161010742	1000	0.0958920656719372	0.26018107264839807
['GATAA', 'CAGCACCNNGGACAG']	2	-+	10	2	0.27958121011584414	0.18917696034811965	1.7847965955734253	1000	0.11532145093894561	0.263032459008378
['GATAA', 'CAGCACCNNGGACAG']	2	-+	10	3	0.3128968938212272	0.22940832441867254	1.70068359375	1000	0.15243938083418201	0.3063772895009944
['GATAA', 'CAGCACCNNGGACAG']	2	-+	10	4	0.31869212871385716	0.225168995070567	1.9285203218460083	1000	0.14690844028026545	0.30342954986086856
['GATAA', 'CAGCACCNNGGACAG']	2	-+	11	0	0.14908905130621772	0.06713518521201085	1.63157320022583	1000	-0.00971701171206193	0.14398740094668608
['GATAA', 'CAGCACCNNGGACAG']	2	-+	11	1	0.17825261161639838	0.09090966378294757	1.8292899131774902	1000	0.008765168356403875	0.17305415652226233
['GATAA', 'CAGCACCNNGGACAG']	2	-+	11	2	0.19152164282299505	0.10111740380418624	1.723758578300476	1000	0.027261902456698944	0.17497289171552893
['GATAA', 'CAGCACCNNGGACAG']	2	-+	11	3	0.205595542086714	0.12210697268415932	1.6263078451156616	1000	0.04513803447412665	0.1990759377664812
['GATAA', 'CAGCACCNNGGACAG']	2	-+	11	4	0.19927483570220403	0.10575172355674524	1.8457465171813965	1000	0.027491166079214747	0.1840122783470468
['GATAA', 'CAGCACCNNGGACAG']	2	-+	12	0	0.21105053080244326	0.1290966808316099	1.6745216846466064	1000	0.05224447584585037	0.20594888044291162
['GATAA', 'CAGCACCNNGGACAG']	2	-+	12	1	0.20281638844009642	0.11547342985772993	1.8463163375854492	1000	0.03332892905672841	0.19761791184812902
['GATAA', 'CAGCACCNNGGACAG']	2	-+	12	2	0.21976611709804916	0.12936183508357765	1.7433359622955322	1000	0.05550635254669279	0.2032173444927517
['GATAA', 'CAGCACCNNGGACAG']	2	-+	12	3	0.22073040232360558	0.13724182217213524	1.636798620223999	1000	0.06027287858764473	0.21421077650554143
['GATAA', 'CAGCACCNNGGACAG']	2	-+	12	4	0.23355119299747537	0.1400280701031009	1.8695050477981567	1000	0.06176749918942581	0.21828863564231815
['GATAA', 'CAGCACCNNGGACAG']	2	-+	13	0	0.17509474142366524	0.09314086995500054	1.6495990753173828	1000	0.016288679749000046	0.1699930910641336
['GATAA', 'CAGCACCNNGGACAG']	2	-+	13	1	0.2046629661624104	0.1173200183289596	1.8475961685180664	1000	0.03517552827687374	0.19946451106827437
['GATAA', 'CAGCACCNNGGACAG']	2	-+	13	2	0.22162871070472476	0.13122447168591594	1.7446269989013672	1000	0.05736897840011541	0.20507998109508999
['GATAA', 'CAGCACCNNGGACAG']	2	-+	13	3	0.2361683819826429	0.15267981258008823	1.6474995613098145	1000	0.07571086899559772	0.22964875616457875
['GATAA', 'CAGCACCNNGGACAG']	2	-+	13	4	0.21964630968389187	0.12612321903626442	1.8598670959472656	1000	0.04786265349704718	0.204383773826566
['GATAA', 'CAGCACCNNGGACAG']	2	-+	14	0	0.16764853757624637	0.08569467685649733	1.6444377899169922	1000	0.008842475901581168	0.16254688721671473
['GATAA', 'CAGCACCNNGGACAG']	2	-+	14	1	0.17438148637487444	0.08703854929033931	1.8266066312789917	1000	0.004894052520181171	0.16918305277856976
['GATAA', 'CAGCACCNNGGACAG']	2	-+	14	2	0.18479830355498392	0.09439405378725943	1.7190980911254883	1000	0.02053855378338659	0.1682495524475178
['GATAA', 'CAGCACCNNGGACAG']	2	-+	14	3	0.20310828599427333	0.11961970584280299	1.6245839595794678	1000	0.04265075957108356	0.19658863867837784
['GATAA', 'CAGCACCNNGGACAG']	2	-+	14	4	0.20223171192065695	0.10870857827736678	1.8477962017059326	1000	0.03044802886152306	0.1869691545654997
['GATAA', 'CAGCACCNNGGACAG']	2	-+	15	0	0.18307200619911712	0.10111814547936808	1.6551285982131958	1000	0.0242659485552953	0.17797035583958548
['GATAA', 'CAGCACCNNGGACAG']	2	-+	15	1	0.1790462793033832	0.09170333146993238	1.829840064048767	1000	0.00955883268435255	0.17384782420924716
['GATAA', 'CAGCACCNNGGACAG']	2	-+	15	2	0.20147290296721887	0.1110686531994944	1.7306561470031738	1000	0.03721314916477818	0.18492415185975278
['GATAA', 'CAGCACCNNGGACAG']	2	-+	15	3	0.1726528565043053	0.08916428710175067	1.6034737825393677	1000	0.012195339486416776	0.16613324143515687
['GATAA', 'CAGCACCNNGGACAG']	2	-+	15	4	0.20873364502351358	0.1152105221291391	1.8523029088974	1000	0.03694996465160861	0.19347106617052498
['GATAA', 'CAGCACCNNGGACAG']	2	-+	16	0	0.19069634107716715	0.10874248035741811	1.660413384437561	1000	0.031890272684429656	0.18559466921980414
['GATAA', 'CAGCACCNNGGACAG']	2	-+	16	1	0.2045398910778867	0.11719695399335157	1.847510814666748	1000	0.03505245319235004	0.19934145748158202
['GATAA', 'CAGCACCNNGGACAG']	2	-+	16	2	0.2085672088131411	0.11816299129216365	1.7355735301971436	1000	0.04430749531913419	0.1920185007013377
['GATAA', 'CAGCACCNNGGACAG']	2	-+	16	3	0.19373619892466135	0.11024765101993807	1.618087649345398	1000	0.03327868593761619	0.18721657310659723
['GATAA', 'CAGCACCNNGGACAG']	2	-+	16	4	0.21615729764583808	0.12263418550037926	1.8574484586715698	1000	0.04437362264839094	0.20089474029068083
['GATAA', 'CAGCACCNNGGACAG']	2	-+	17	0	0.16242961654665763	0.08047574507799293	1.6408202648162842	1000	0.003623545130787616	0.15732794468929465
['GATAA', 'CAGCACCNNGGACAG']	2	-+	17	1	0.15997799310969263	0.07263506139961533	1.8166229724884033	1000	-0.009509443432229578	0.15477954876447225
['GATAA', 'CAGCACCNNGGACAG']	2	-+	17	2	0.1802491259635177	0.0898448761957932	1.7159450054168701	1000	0.015989382909992664	0.16370038560496725
['GATAA', 'CAGCACCNNGGACAG']	2	-+	17	3	0.1654062492721284	0.0819176852440316	1.5984508991241455	1000	0.00494873259014348	0.15888663420297996
['GATAA', 'CAGCACCNNGGACAG']	2	-+	17	4	0.18496762047475834	0.09144448683146818	1.835829496383667	1000	0.013183937415624455	0.16970505237068542
['GATAA', 'CAGCACCNNGGACAG']	2	-+	18	0	0.18148864792394867	0.09953478720419964	1.6540310382843018	1000	0.022682587592897933	0.17638698681550136
['GATAA', 'CAGCACCNNGGACAG']	2	-+	18	1	0.17888952786603743	0.09154659078150229	1.8297314643859863	1000	0.009402090652307998	0.17369108352081705
['GATAA', 'CAGCACCNNGGACAG']	2	-+	18	2	0.1877808051884154	0.09737655542069089	1.7211655378341675	1000	0.023521056760432518	0.17123205408094927
['GATAA', 'CAGCACCNNGGACAG']	2	-+	18	3	0.18274498118850147	0.09925641178594682	1.6104692220687866	1000	0.02228745879615509	0.17622535537043735
['GATAA', 'CAGCACCNNGGACAG']	2	-+	18	4	0.2065374265719955	0.11301429292870535	1.8507804870605469	1000	0.03475374351286162	0.19127486921683828
['GATAA', 'CAGCACCNNGGACAG']	2	-+	19	0	0.16152427837468444	0.07957041765493543	1.6401926279067993	1000	0.0027182153564048075	0.15642261726623713
['GATAA', 'CAGCACCNNGGACAG']	2	-+	19	1	0.1766952334704259	0.08935229638589076	1.828210473060608	1000	0.00720779625669646	0.17149678912520552
['GATAA', 'CAGCACCNNGGACAG']	2	-+	19	2	0.18600362246572455	0.09559937269800006	1.7199336290359497	1000	0.021743876724970607	0.16945487135825843
['GATAA', 'CAGCACCNNGGACAG']	2	-+	19	3	0.17271181430680424	0.08922323952979173	1.6035146713256836	1000	0.012254291914457843	0.16619217773982442
['GATAA', 'CAGCACCNNGGACAG']	2	-+	19	4	0.18491168311756523	0.09138856022319074	1.835790753364563	1000	0.013127997371202408	0.16964910426457663
['GATAA', 'CAGCACCNNGGACAG']	2	--	10	0	0.15810847720131982	0.07615461648157079	1.6378252506256104	1000	-0.0006975800226224712	0.1530068160928725
['GATAA', 'CAGCACCNNGGACAG']	2	--	10	1	0.20093758546857704	0.11359463763512621	1.8450140953063965	1000	0.03145013414689577	0.195739130374441
['GATAA', 'CAGCACCNNGGACAG']	2	--	10	2	0.19174580071056335	0.10134154019392319	1.7239137887954712	1000	0.02748604690812266	0.17519703885418156
['GATAA', 'CAGCACCNNGGACAG']	2	--	10	3	0.19147166036508803	0.10798310171144906	1.6165180206298828	1000	0.03101414469081395	0.18495205604485526
['GATAA', 'CAGCACCNNGGACAG']	2	--	10	4	0.21258399261103014	0.11906088046557133	1.8549716472625732	1000	0.04080031223912517	0.1973214352558729
['GATAA', 'CAGCACCNNGGACAG']	2	--	11	0	0.21889332664275177	0.13693946592300274	1.6799579858779907	1000	0.06008727706061672	0.21379167628322013
['GATAA', 'CAGCACCNNGGACAG']	2	--	11	1	0.19489256727340018	0.10754964093778072	1.8408238887786865	1000	0.025405140136779185	0.18969415517492685
['GATAA', 'CAGCACCNNGGACAG']	2	--	11	2	0.20445658698137503	0.11405235871148191	1.7327241897583008	1000	0.04019684661507893	0.1879078573717403
['GATAA', 'CAGCACCNNGGACAG']	2	--	11	3	0.2093166662099385	0.12582807530955248	1.6288871765136719	1000	0.04885912635060413	0.202797018894043
['GATAA', 'CAGCACCNNGGACAG']	2	--	11	4	0.23125844928316056	0.13773534788661743	1.8679158687591553	1000	0.059474787721858026	0.2159958919280033
['GATAA', 'CAGCACCNNGGACAG']	2	--	12	0	0.23748830583235223	0.15553443436368752	1.6928470134735107	1000	0.0786822455013015	0.23238665547282059
['GATAA', 'CAGCACCNNGGACAG']	2	--	12	1	0.25050728501351005	0.1631643479289749	1.8793730735778809	1000	0.08101985518966015	0.24530885141720538
['GATAA', 'CAGCACCNNGGACAG']	2	--	12	2	0.25800852330920504	0.16760426279256485	1.7698434591293335	1000	0.09374876413230648	0.24145977220173892
['GATAA', 'CAGCACCNNGGACAG']	2	--	12	3	0.2865302766131127	0.2030416857127267	1.6824077367782593	1000	0.12607275287715186	0.28001065079504855
['GATAA', 'CAGCACCNNGGACAG']	2	--	12	4	0.2540894686526688	0.16056636725612564	1.8837411403656006	1000	0.08230580709136624	0.2388269327953429
['GATAA', 'CAGCACCNNGGACAG']	2	--	13	0	0.20870911599793426	0.1267552660271009	1.672898769378662	1000	0.049903071790257054	0.20360748713623397
['GATAA', 'CAGCACCNNGGACAG']	2	--	13	1	0.22230251723297387	0.13495956939952305	1.8598229885101318	1000	0.05281508203466613	0.2171040836366692
['GATAA', 'CAGCACCNNGGACAG']	2	--	13	2	0.2253316046669578	0.13492737639706467	1.747193694114685	1000	0.06107187236234846	0.20878287505732304
['GATAA', 'CAGCACCNNGGACAG']	2	--	13	3	0.22800700977944238	0.1445184511258034	1.6418423652648926	1000	0.06754949141793937	0.22148738396137824
['GATAA', 'CAGCACCNNGGACAG']	2	--	13	4	0.2192552426336612	0.12573214123711807	1.8595958948135376	1000	0.047471581072358666	0.20399270677633533
['GATAA', 'CAGCACCNNGGACAG']	2	--	14	0	0.17446385531572206	0.09251000534488871	1.6491618156433105	1000	0.01565780842081593	0.1693622157051061
['GATAA', 'CAGCACCNNGGACAG']	2	--	14	1	0.1995818462318255	0.11223890914729037	1.8440742492675781	1000	0.03009440565905993	0.19438339113768946
['GATAA', 'CAGCACCNNGGACAG']	2	--	14	2	0.21747614660397951	0.1270719183340864	1.7417488098144531	1000	0.053216419673828015	0.20092741699434477
['GATAA', 'CAGCACCNNGGACAG']	2	--	14	3	0.22738752827103453	0.14389896961739557	1.6414129734039307	1000	0.06693001528398937	0.2208679024529704
['GATAA', 'CAGCACCNNGGACAG']	2	--	14	4	0.23359240434018838	0.14006927069689823	1.869533658027649	1000	0.06180872128105449	0.21832984698503113
['GATAA', 'CAGCACCNNGGACAG']	2	--	15	0	0.18123566144452946	0.09928178997586477	1.653855562210083	1000	0.0224295890209486	0.17613398958716647
['GATAA', 'CAGCACCNNGGACAG']	2	--	15	1	0.1619495377256898	0.07460658989223898	1.817989468574524	1000	-0.0075379075497264015	0.15675108263155374
['GATAA', 'CAGCACCNNGGACAG']	2	--	15	2	0.19476852478646536	0.10436427501874088	1.7260090112686157	1000	0.03050877635848251	0.17821977367899927
['GATAA', 'CAGCACCNNGGACAG']	2	--	15	3	0.19288985080193413	0.10940127065046379	1.617501139640808	1000	0.03243232437874435	0.1863702034860386
['GATAA', 'CAGCACCNNGGACAG']	2	--	15	4	0.21697086157574458	0.12344777092811714	1.8580125570297241	1000	0.04518721076335773	0.2017083257184187
['GATAA', 'CAGCACCNNGGACAG']	2	--	16	0	0.1785251718712689	0.09657130040260418	1.6519769430160522	1000	0.019719099447688022	0.17342352151173726
['GATAA', 'CAGCACCNNGGACAG']	2	--	16	1	0.19748993525805575	0.11014697667568925	1.842624306678772	1000	0.028002475874687717	0.19229145866608832
['GATAA', 'CAGCACCNNGGACAG']	2	--	16	2	0.20014747567268193	0.10974322590495744	1.729737401008606	1000	0.03588773530638583	0.1835987245652158
['GATAA', 'CAGCACCNNGGACAG']	2	--	16	3	0.19033186684432613	0.1068432866928558	1.6157280206680298	1000	0.029874332359449605	0.18381221952843063
['GATAA', 'CAGCACCNNGGACAG']	2	--	16	4	0.20804549944174877	0.11452237654737428	1.8518258333206177	1000	0.036261811008157036	0.19278292058876018
['GATAA', 'CAGCACCNNGGACAG']	2	--	17	0	0.17305239370009098	0.09109852223142628	1.6481834650039673	1000	0.01424632396373904	0.16795073259164367
['GATAA', 'CAGCACCNNGGACAG']	2	--	17	1	0.1807047939969787	0.09336185691244356	1.8309895992279053	1000	0.011217357455056495	0.17550634965175832
['GATAA', 'CAGCACCNNGGACAG']	2	--	17	2	0.1962064287346666	0.1058021897158578	1.7270056009292603	1000	0.031946688368370495	0.17965767762720047
['GATAA', 'CAGCACCNNGGACAG']	2	--	17	3	0.18577359567019555	0.10228503701655656	1.6125684976577759	1000	0.025316079995921448	0.1792539698521314
['GATAA', 'CAGCACCNNGGACAG']	2	--	17	4	0.1976850495754596	0.1041619374300008	1.844644546508789	1000	0.02590138532692814	0.18242249222030235
['GATAA', 'CAGCACCNNGGACAG']	2	--	18	0	0.17043307642961905	0.08847921570987002	1.6463679075241089	1000	0.011627020129411705	0.1653314260700874
['GATAA', 'CAGCACCNNGGACAG']	2	--	18	1	0.17622865528755077	0.08888571820301563	1.8278870582580566	1000	0.006741224791893638	0.17103022169124607
['GATAA', 'CAGCACCNNGGACAG']	2	--	18	2	0.19311996358878855	0.10271573531889543	1.7248663902282715	1000	0.028860228596950296	0.17657122323023813
['GATAA', 'CAGCACCNNGGACAG']	2	--	18	3	0.1880467763579747	0.1045581854575887	1.6141440868377686	1000	0.027589244560327103	0.1815271290420792
['GATAA', 'CAGCACCNNGGACAG']	2	--	18	4	0.20038453225906494	0.1068614416114375	1.8465156555175781	1000	0.02860088413390702	0.18512199640173907
['GATAA', 'CAGCACCNNGGACAG']	2	--	19	0	0.1713316535336302	0.08937779281388117	1.6469907760620117	1000	0.012525589171736084	0.16622999242518288
['GATAA', 'CAGCACCNNGGACAG']	2	--	19	1	0.17786444677340102	0.09052150968886588	1.8290209770202637	1000	0.008377002169792057	0.17266600242818064
['GATAA', 'CAGCACCNNGGACAG']	2	--	19	2	0.18755982897988802	0.09715556846324787	1.7210122346878052	1000	0.023300069802989487	0.17101104562567487
['GATAA', 'CAGCACCNNGGACAG']	2	--	19	3	0.17763639777835694	0.09414782837580228	1.6069281101226807	1000	0.017178868667938243	0.17111676121137712
['GATAA', 'CAGCACCNNGGACAG']	2	--	19	4	0.19406004225623602	0.10053695160860858	1.8421319723129272	1000	0.022276395474692554	0.17879750639891015
['GATAA', 'CAGCACCNNGGACAG']	2	++	20	0	0.16340155500017745	0.08144769428042842	1.6414940357208252	1000	0.004595496684548405	0.15829989389173013
['GATAA', 'CAGCACCNNGGACAG']	2	++	20	1	0.16456119101928265	0.07721823781137399	1.819799780845642	1000	-0.004926254592037158	0.15936274667406228
['GATAA', 'CAGCACCNNGGACAG']	2	++	20	2	0.17718133168417394	0.0867770872909073	1.7138184309005737	1000	0.0129215926614923	0.16063259132562352
['GATAA', 'CAGCACCNNGGACAG']	2	++	20	3	0.15674216103154023	0.07325359162898558	1.5924452543258667	1000	-0.0037153586735772333	0.1502225352134761
['GATAA', 'CAGCACCNNGGACAG']	2	++	20	4	0.1771490096947274	0.08362591367264213	1.830410122871399	1000	0.00536535149246103	0.16188647383740154
['GATAA', 'CAGCACCNNGGACAG']	2	++	21	0	0.17224190396006864	0.09028804324031962	1.647621750831604	1000	0.013435850347090215	0.167140253600537
['GATAA', 'CAGCACCNNGGACAG']	2	++	21	1	0.16571033609668523	0.07836738288877657	1.82059645652771	1000	-0.0037771135454779652	0.16051189175146485
['GATAA', 'CAGCACCNNGGACAG']	2	++	21	2	0.17845593810538093	0.08805169908657212	1.7147020101547241	1000	0.014196200426313749	0.16190718699791481
['GATAA', 'CAGCACCNNGGACAG']	2	++	21	3	0.16515044657680134	0.081661866425331	1.598273515701294	1000	0.004692918474093501	0.15863081000982152
['GATAA', 'CAGCACCNNGGACAG']	2	++	21	4	0.1757415466757289	0.08221843990472794	1.8294345140457153	1000	0.003957876716835996	0.16047900006948734
['GATAA', 'CAGCACCNNGGACAG']	2	++	22	0	0.1596536660769124	0.07769980535716338	1.6388962268829346	1000	0.0008476082651387857	0.15455201571738075
['GATAA', 'CAGCACCNNGGACAG']	2	++	22	1	0.16115403197412387	0.07381108951513089	1.8174381256103516	1000	-0.008333403895991104	0.1559555983778192
['GATAA', 'CAGCACCNNGGACAG']	2	++	22	2	0.18568044556692198	0.09527619579919748	1.7197097539901733	1000	0.02142069848255357	0.16913169445945586
['GATAA', 'CAGCACCNNGGACAG']	2	++	22	3	0.17107103532407897	0.08758246054706648	1.6023774147033691	1000	0.010613510916310884	0.16455140950601482
['GATAA', 'CAGCACCNNGGACAG']	2	++	22	4	0.19503316309048052	0.10151007244285307	1.842806339263916	1000	0.023249504216406904	0.17977061648423895
['GATAA', 'CAGCACCNNGGACAG']	2	++	23	0	0.17794364478412333	0.09598976256654296	1.651573896408081	1000	0.01913757236054247	0.17284198367567602
['GATAA', 'CAGCACCNNGGACAG']	2	++	23	1	0.16465954359774482	0.07731660113875184	1.8198679685592651	1000	-0.004827893615984615	0.15946109925252444
['GATAA', 'CAGCACCNNGGACAG']	2	++	23	2	0.18889563972697082	0.09849140070816201	1.7219382524490356	1000	0.02463590204790364	0.1723468886195047
['GATAA', 'CAGCACCNNGGACAG']	2	++	23	3	0.17042804593708133	0.08693947653452666	1.6019316911697388	1000	0.009970522201120468	0.16390842011901718
['GATAA', 'CAGCACCNNGGACAG']	2	++	23	4	0.18564510313216967	0.09212200173562654	1.8362990617752075	1000	0.013861438883638213	0.1703825565259281
['GATAA', 'CAGCACCNNGGACAG']	2	++	24	0	0.16000618751551846	0.07805233217022726	1.6391404867172241	1000	0.0012001323909737475	0.15490453715598682
['GATAA', 'CAGCACCNNGGACAG']	2	++	24	1	0.15170760540367645	0.06436465757022564	1.8108904361724854	1000	-0.01777983651270359	0.1465091503095404
['GATAA', 'CAGCACCNNGGACAG']	2	++	24	2	0.17706645802231327	0.08666220825458879	1.7137387990951538	1000	0.012806706907101484	0.16051769616593148
['GATAA', 'CAGCACCNNGGACAG']	2	++	24	3	0.15571216768443855	0.07222358753296822	1.5917315483093262	1000	-0.004745358738751215	0.14919253111745873
['GATAA', 'CAGCACCNNGGACAG']	2	++	24	4	0.18374682312544005	0.09022371097998125	1.8349833488464355	1000	0.011963152158836305	0.1684842657702828
['GATAA', 'CAGCACCNNGGACAG']	2	++	25	0	0.16389609111273346	0.08194223039298443	1.6418367624282837	1000	0.005090031789393566	0.15879444075320182
['GATAA', 'CAGCACCNNGGACAG']	2	++	25	1	0.158651985373709	0.07130905366363172	1.8157038688659668	1000	-0.01083544579375535	0.15345354102848865
['GATAA', 'CAGCACCNNGGACAG']	2	++	25	2	0.1697804990098358	0.07937625461656916	1.708688735961914	1000	0.0055207589794433205	0.15323175865128538
['GATAA', 'CAGCACCNNGGACAG']	2	++	25	3	0.15573454692688207	0.07224596677541174	1.5917469263076782	1000	-0.004722980168114921	0.14921491035990225
['GATAA', 'CAGCACCNNGGACAG']	2	++	25	4	0.17395464693326432	0.08043154016226335	1.8281958103179932	1000	0.002170980333407564	0.15869210032702277
['GATAA', 'CAGCACCNNGGACAG']	2	++	26	0	0.1572602802650958	0.0753064087964311	1.6372371912002563	1000	-0.0015457889674007207	0.15215862990556417
['GATAA', 'CAGCACCNNGGACAG']	2	++	26	1	0.16623205621699322	0.0788891191324581	1.820957899093628	1000	-0.0032553840198687374	0.16103361187177287
['GATAA', 'CAGCACCNNGGACAG']	2	++	26	2	0.1785066944852168	0.08810244471749233	1.7147371768951416	1000	0.014246958149764096	0.1619579541266664
['GATAA', 'CAGCACCNNGGACAG']	2	++	26	3	0.16693339071829608	0.08344481056682575	1.599509358406067	1000	0.006475860936070164	0.16041376490023193
['GATAA', 'CAGCACCNNGGACAG']	2	++	26	4	0.1855349052486293	0.09201178235425483	1.8362226486206055	1000	0.01375122218949543	0.1702723371445564
['GATAA', 'CAGCACCNNGGACAG']	2	++	27	0	0.16219839662148827	0.08024453052728141	1.6406599283218384	1000	0.0033923278928471683	0.15709673551304096
['GATAA', 'CAGCACCNNGGACAG']	2	++	27	1	0.1575619700814562	0.07021903299692107	1.8149482011795044	1000	-0.011925463773237072	0.15236352573623585
['GATAA', 'CAGCACCNNGGACAG']	2	++	27	2	0.1754311287398372	0.08502687897211272	1.712605357170105	1000	0.01117138837354111	0.1588823776323711
['GATAA', 'CAGCACCNNGGACAG']	2	++	27	3	0.1711156970687249	0.08762711691725457	1.6024084091186523	1000	0.010658167958306212	0.16459606050174508
['GATAA', 'CAGCACCNNGGACAG']	2	++	27	4	0.17949880865346596	0.085975701882465	1.8320387601852417	1000	0.007715144404934515	0.16423625129830874
['GATAA', 'CAGCACCNNGGACAG']	2	++	28	0	0.14547007412869004	0.06351620803448317	1.629064917564392	1000	-0.013335994264047456	0.1403684237691584
['GATAA', 'CAGCACCNNGGACAG']	2	++	28	1	0.15076109888465297	0.06341816717457568	1.8102344274520874	1000	-0.018726329595582458	0.14556265453943262
['GATAA', 'CAGCACCNNGGACAG']	2	++	28	2	0.17356296719483996	0.08315871205265762	1.7113103866577148	1000	0.009303220782278781	0.15701421608737384
['GATAA', 'CAGCACCNNGGACAG']	2	++	28	3	0.15260794532985894	0.06911938130176212	1.5895798206329346	1000	-0.007849570344415158	0.1460883195117948
['GATAA', 'CAGCACCNNGGACAG']	2	++	28	4	0.17571158944773174	0.08218847730227294	1.829413652420044	1000	0.003927922847874981	0.16044904284149017
['GATAA', 'CAGCACCNNGGACAG']	2	++	29	0	0.15185331770461996	0.06989946235932878	1.6334893703460693	1000	-0.0069527426264307645	0.14675166734508832
['GATAA', 'CAGCACCNNGGACAG']	2	++	29	1	0.15400177872377657	0.0666588362647836	1.8124804496765137	1000	-0.015485659161760095	0.1488033343785562
['GATAA', 'CAGCACCNNGGACAG']	2	++	29	2	0.16771796482261653	0.07731371505489205	1.707258939743042	1000	0.0034582163946336774	0.15116921371515044
['GATAA', 'CAGCACCNNGGACAG']	2	++	29	3	0.15547098351443484	0.07198240873742233	1.5915641784667969	1000	-0.004986539549718796	0.14895134694745502
['GATAA', 'CAGCACCNNGGACAG']	2	++	29	4	0.17570122749301725	0.08217812072201629	1.829406499862671	1000	0.003917562572678571	0.16043868088677568
['GATAA', 'CAGCACCNNGGACAG']	2	+-	20	0	0.1677656255147369	0.0858117701694457	1.6445189714431763	1000	0.008959568542722313	0.16266397515520525
['GATAA', 'CAGCACCNNGGACAG']	2	+-	20	1	0.1648785205079559	0.07753556730004724	1.8200197219848633	1000	-0.004608930141918142	0.15968006541381985
['GATAA', 'CAGCACCNNGGACAG']	2	+-	20	2	0.18170756034066565	0.09130329982402549	1.7169557809829712	1000	0.01744780250738158	0.16515879848428386
['GATAA', 'CAGCACCNNGGACAG']	2	+-	20	3	0.16732864984564152	0.08384008581754472	1.5997834205627441	1000	0.006871137530403592	0.1608090240275774
['GATAA', 'CAGCACCNNGGACAG']	2	+-	20	4	0.1835288996089655	0.0900057713401332	1.8348323106765747	1000	0.01174521923706055	0.1682663422538083
['GATAA', 'CAGCACCNNGGACAG']	2	+-	21	0	0.16273655183386937	0.08078269648857818	1.6410330533981323	1000	0.003930494861854778	0.15763489072542203
['GATAA', 'CAGCACCNNGGACAG']	2	+-	21	1	0.1626568701219415	0.07531391691403283	1.8184797763824463	1000	-0.006830582543354236	0.15745841502780544
['GATAA', 'CAGCACCNNGGACAG']	2	+-	21	2	0.18247421600254934	0.09206996623482486	1.7174872159957886	1000	0.018214474292638783	0.16592547564399893
['GATAA', 'CAGCACCNNGGACAG']	2	+-	21	3	0.16849746543873653	0.08500889066172404	1.6005934476852417	1000	0.00803993565651062	0.1619778288717567
['GATAA', 'CAGCACCNNGGACAG']	2	+-	21	4	0.1755381879399993	0.08201507042008267	1.8292936086654663	1000	0.0037545152938774843	0.16027563058484207
['GATAA', 'CAGCACCNNGGACAG']	2	+-	22	0	0.16739055285103646	0.0854366867568296	1.6442588567733765	1000	0.008584493191792966	0.16228889174258915
['GATAA', 'CAGCACCNNGGACAG']	2	+-	22	1	0.15232087403882186	0.06497794232874457	1.8113154172897339	1000	-0.017166559815871413	0.1471224296936015
['GATAA', 'CAGCACCNNGGACAG']	2	+-	22	2	0.18111288732964478	0.0907086375619203	1.7165435552597046	1000	0.01685314158889084	0.16456413622217866
['GATAA', 'CAGCACCNNGGACAG']	2	+-	22	3	0.1797112717207756	0.09622270231822096	1.6083663702011108	1000	0.01925375470288706	0.17319164590271147
['GATAA', 'CAGCACCNNGGACAG']	2	+-	22	4	0.1908665609058586	0.09734343801148412	1.8399184942245483	1000	0.01908287381588134	0.17560398205287
['GATAA', 'CAGCACCNNGGACAG']	2	+-	23	0	0.16153290975397464	0.07957903828530993	1.6401987075805664	1000	0.002726838506056418	0.15643123789661165
['GATAA', 'CAGCACCNNGGACAG']	2	+-	23	1	0.15385362641897393	0.06651067858552312	1.8123779296875	1000	-0.015633816841020567	0.14865518207375358
['GATAA', 'CAGCACCNNGGACAG']	2	+-	23	2	0.18248539487485543	0.09208115585604662	1.7174949645996094	1000	0.018225653164944865	0.165936654516305
['GATAA', 'CAGCACCNNGGACAG']	2	+-	23	3	0.1693606356145013	0.08587205008857313	1.6011918783187866	1000	0.008903101801431997	0.1628409882986058
['GATAA', 'CAGCACCNNGGACAG']	2	+-	23	4	0.18437963328928975	0.0908564996459996	1.8354219198226929	1000	0.01259594619931249	0.16911707593413253
['GATAA', 'CAGCACCNNGGACAG']	2	+-	24	0	0.15956393412882472	0.0776100734090757	1.638833999633789	1000	0.0007578769888583452	0.15446228376929308
['GATAA', 'CAGCACCNNGGACAG']	2	+-	24	1	0.15406887345544443	0.06672594711982496	1.812527060508728	1000	-0.015418557712019942	0.1488704506080554
['GATAA', 'CAGCACCNNGGACAG']	2	+-	24	2	0.17582201305850134	0.08541776866523469	1.7128762006759644	1000	0.011562270004976317	0.15927326195103522
['GATAA', 'CAGCACCNNGGACAG']	2	+-	24	3	0.15767950947440526	0.07419092932293493	1.593095064163208	1000	-0.0027780251784230766	0.15115986215850977
['GATAA', 'CAGCACCNNGGACAG']	2	+-	24	4	0.18062271527685442	0.08709959238247994	1.8328179121017456	1000	0.008839036920371142	0.16536015792169717
['GATAA', 'CAGCACCNNGGACAG']	2	+-	25	0	0.15867510629133438	0.07672124019712752	1.6382179260253906	1000	-0.00013096238482178418	0.15357344518288707
['GATAA', 'CAGCACCNNGGACAG']	2	+-	25	1	0.16069605292379188	0.07335311583925676	1.8171205520629883	1000	-0.008791383618130314	0.15549760857857153
['GATAA', 'CAGCACCNNGGACAG']	2	+-	25	2	0.18172774680431067	0.09132350778550187	1.7169698476791382	1000	0.017468003750785662	0.1651789849479289
['GATAA', 'CAGCACCNNGGACAG']	2	+-	25	3	0.1643906594720365	0.08090207932056616	1.5977468490600586	1000	0.003933129018003345	0.15787102290505667
['GATAA', 'CAGCACCNNGGACAG']	2	+-	25	4	0.1734766426530225	0.07995351975864802	1.827864646911621	1000	0.0016929624490693391	0.1582140745489496
['GATAA', 'CAGCACCNNGGACAG']	2	+-	26	0	0.16399889374228668	0.08204502764807983	1.641908049583435	1000	0.005192822998223901	0.15889723263383937
['GATAA', 'CAGCACCNNGGACAG']	2	+-	26	1	0.15519692916028494	0.06785397595237629	1.8133089542388916	1000	-0.014290518130552942	0.1499984848150646
['GATAA', 'CAGCACCNNGGACAG']	2	+-	26	2	0.1740960919146833	0.08369184214695882	1.7116799354553223	1000	0.00983634953296551	0.15754735155613286
['GATAA', 'CAGCACCNNGGACAG']	2	+-	26	3	0.17336554186056513	0.08987696708355263	1.6039677858352661	1000	0.012908012750146436	0.16684591604250099
['GATAA', 'CAGCACCNNGGACAG']	2	+-	26	4	0.18355001047935893	0.09002689833390012	1.8348469734191895	1000	0.011766342199984098	0.16828746387311738
['GATAA', 'CAGCACCNNGGACAG']	2	+-	27	0	0.15299935634539133	0.0710454956256423	1.6342836618423462	1000	-0.005806706001081093	0.14789769523694402
['GATAA', 'CAGCACCNNGGACAG']	2	+-	27	1	0.15981615743523073	0.07247320960177991	1.816510796546936	1000	-0.00967128582476378	0.15461772383892602
['GATAA', 'CAGCACCNNGGACAG']	2	+-	27	2	0.1713052864434698	0.08090104742466098	1.7097455263137817	1000	0.007045548092595378	0.15475653533600367
['GATAA', 'CAGCACCNNGGACAG']	2	+-	27	3	0.1642241802660013	0.08073560011453096	1.5976314544677734	1000	0.003766648468353686	0.1577045329501058
['GATAA', 'CAGCACCNNGGACAG']	2	+-	27	4	0.18101419078588088	0.08749107864042209	1.8330892324447632	1000	0.009230519147469909	0.16575164417963933
['GATAA', 'CAGCACCNNGGACAG']	2	+-	28	0	0.15036374371875014	0.06840987762454327	1.6324567794799805	1000	-0.008442321314951196	0.14526208261030282
['GATAA', 'CAGCACCNNGGACAG']	2	+-	28	1	0.15349435466132152	0.0661514175767864	1.8121287822723389	1000	-0.015993079193371753	0.14829591031610118
['GATAA', 'CAGCACCNNGGACAG']	2	+-	28	2	0.1691465279630928	0.07874228894428398	1.7082492113113403	1000	0.004886789948121982	0.15259777685562667
['GATAA', 'CAGCACCNNGGACAG']	2	+-	28	3	0.1585548796694656	0.0750663048924531	1.593701958656311	1000	-0.001902644402398867	0.15203524310248578
['GATAA', 'CAGCACCNNGGACAG']	2	+-	28	4	0.18352354664895743	0.09000042375458293	1.8348286151885986	1000	0.011739867620666904	0.1682609785448845
['GATAA', 'CAGCACCNNGGACAG']	2	+-	29	0	0.14750535981466323	0.0655514990949142	1.630475640296936	1000	-0.011300699172773043	0.1424037094551316
['GATAA', 'CAGCACCNNGGACAG']	2	+-	29	1	0.1544976799486238	0.06715472674071514	1.8128242492675781	1000	-0.014989768685828546	0.14929923560340344
['GATAA', 'CAGCACCNNGGACAG']	2	+-	29	2	0.17677411976259352	0.08636986999486904	1.7135361433029175	1000	0.012514372678225125	0.1602253686551274
['GATAA', 'CAGCACCNNGGACAG']	2	+-	29	3	0.15565829411905577	0.0721697085931276	1.5916941165924072	1000	-0.004799242717146053	0.14913865755207595
['GATAA', 'CAGCACCNNGGACAG']	2	+-	29	4	0.17158026520436806	0.07805714230999358	1.826550006866455	1000	-0.00020342194859113377	0.15631768635137946
['GATAA', 'CAGCACCNNGGACAG']	2	-+	20	0	0.19036288821497552	0.10840900599739513	1.6601821184158325	1000	0.03155680369886451	0.18526121635761253
['GATAA', 'CAGCACCNNGGACAG']	2	-+	20	1	0.16923068122394308	0.08188774951386579	1.823036551475525	1000	-0.0002567496286116363	0.1640322476276384
['GATAA', 'CAGCACCNNGGACAG']	2	-+	20	2	0.19590343829950904	0.10549918853178455	1.7267956733703613	1000	0.031643695245984024	0.17935468719204292
['GATAA', 'CAGCACCNNGGACAG']	2	-+	20	3	0.1833341722525261	0.09984560284997145	1.6108776330947876	1000	0.022876645829336333	0.17681453568554628
['GATAA', 'CAGCACCNNGGACAG']	2	-+	20	4	0.21545797319176718	0.12193487179522405	1.856963872909546	1000	0.04367430894323572	0.20019541583660994
['GATAA', 'CAGCACCNNGGACAG']	2	-+	21	0	0.18188311163153387	0.09992926166070053	1.6543043851852417	1000	0.023077059362169902	0.1767814720209179
['GATAA', 'CAGCACCNNGGACAG']	2	-+	21	1	0.18863957905766746	0.101296652722048	1.8364896774291992	1000	0.019152139828516334	0.1834411239635314
['GATAA', 'CAGCACCNNGGACAG']	2	-+	21	2	0.1944687590260115	0.10406449850937133	1.7258012294769287	1000	0.030208994474655113	0.17791998642071402
['GATAA', 'CAGCACCNNGGACAG']	2	-+	21	3	0.1984314972758669	0.11494293862222792	1.6213423013687134	1000	0.03797398160159281	0.19191187145780275
['GATAA', 'CAGCACCNNGGACAG']	2	-+	21	4	0.20882163564726125	0.11529851275288677	1.85236394405365	1000	0.03703795796258521	0.19355905679427265
['GATAA', 'CAGCACCNNGGACAG']	2	-+	22	0	0.16839249152821614	0.08643862005955145	1.6449533700942993	1000	0.009586419776442513	0.16329083041976883
['GATAA', 'CAGCACCNNGGACAG']	2	-+	22	1	0.16440313896313974	0.07706020187860459	1.819690227508545	1000	-0.005084297578782474	0.15920469461791936
['GATAA', 'CAGCACCNNGGACAG']	2	-+	22	2	0.17806503228888546	0.08766079327007664	1.7144309282302856	1000	0.013805297297047185	0.16151630267925068
['GATAA', 'CAGCACCNNGGACAG']	2	-+	22	3	0.16810912861308833	0.08462054846161798	1.6003245115280151	1000	0.007651596815440707	0.16158948129719283
['GATAA', 'CAGCACCNNGGACAG']	2	-+	22	4	0.19934704691773505	0.10582395627010761	1.8457965850830078	1000	0.027563393418119288	0.18408451106040918
['GATAA', 'CAGCACCNNGGACAG']	2	-+	23	0	0.1655462646477621	0.08359240930247092	1.6429804563522339	1000	0.00674020633213306	0.16044461428823045
['GATAA', 'CAGCACCNNGGACAG']	2	-+	23	1	0.16044278697256503	0.07309984451357207	1.8169450759887695	1000	-0.009044652928393309	0.15524434262734468
['GATAA', 'CAGCACCNNGGACAG']	2	-+	23	2	0.184239553420162	0.09383529290352184	1.7187107801437378	1000	0.01997980499217914	0.1676908023126959
['GATAA', 'CAGCACCNNGGACAG']	2	-+	23	3	0.16378734433280975	0.08029875880688159	1.597328782081604	1000	0.0033298111915476924	0.15726769701691426
['GATAA', 'CAGCACCNNGGACAG']	2	-+	23	4	0.18941386644968317	0.09589074355530869	1.838911533355713	1000	0.017630183390549288	0.17415129834561027
['GATAA', 'CAGCACCNNGGACAG']	2	-+	24	0	0.16731690128080448	0.08536302981213977	1.6442078351974487	1000	0.008510834903488668	0.16221525092127284
['GATAA', 'CAGCACCNNGGACAG']	2	-+	24	1	0.171222756268887	0.0838798245588097	1.824417233467102	1000	0.0017353308117840915	0.16602432267258233
['GATAA', 'CAGCACCNNGGACAG']	2	-+	24	2	0.1864569257377362	0.09605268671892739	1.720247745513916	1000	0.022197189402283473	0.16990818537918576
['GATAA', 'CAGCACCNNGGACAG']	2	-+	24	3	0.18355912555985465	0.1000705561573	1.6110334396362305	1000	0.023101607198351647	0.1770394997417905
['GATAA', 'CAGCACCNNGGACAG']	2	-+	24	4	0.20621450764716923	0.11269139550171042	1.8505566120147705	1000	0.03443084339863778	0.19095197178984336
['GATAA', 'CAGCACCNNGGACAG']	2	-+	25	0	0.1607260853941988	0.07877222467444978	1.6396394968032837	1000	0.0019200264067625345	0.15562443503466716
['GATAA', 'CAGCACCNNGGACAG']	2	-+	25	1	0.1613567457749127	0.07401380331591975	1.8175785541534424	1000	-0.008130694126045628	0.15615831217860804
['GATAA', 'CAGCACCNNGGACAG']	2	-+	25	2	0.18149653762805698	0.09109228786033251	1.7168095111846924	1000	0.01723679860537535	0.16494779726950656
['GATAA', 'CAGCACCNNGGACAG']	2	-+	25	3	0.17717898842055593	0.09369042976691695	1.6066111326217651	1000	0.016721472746281843	0.1706593626024918
['GATAA', 'CAGCACCNNGGACAG']	2	-+	25	4	0.18076077434983454	0.08723766757883357	1.8329135179519653	1000	0.008977114132146469	0.165498227743593
['GATAA', 'CAGCACCNNGGACAG']	2	-+	26	0	0.16613070469105665	0.08417683859684978	1.643385648727417	1000	0.00732464436000591	0.161029054331525
['GATAA', 'CAGCACCNNGGACAG']	2	-+	26	1	0.15602074755574916	0.06867780509675618	1.8138799667358398	1000	-0.013466693017016432	0.15082230321052878
['GATAA', 'CAGCACCNNGGACAG']	2	-+	26	2	0.17582919333417485	0.08542494356645038	1.7128812074661255	1000	0.01156944759342092	0.15928043147779308
['GATAA', 'CAGCACCNNGGACAG']	2	-+	26	3	0.15780593822062078	0.07431736344360829	1.5931826829910278	1000	-0.002651583164014763	0.15128632315147234
['GATAA', 'CAGCACCNNGGACAG']	2	-+	26	4	0.19000075724575252	0.09647762360246236	1.8393181562423706	1000	0.018217059406859564	0.17473817839276393
['GATAA', 'CAGCACCNNGGACAG']	2	-+	27	0	0.15560736575656903	0.07365351041127785	1.6360913515090942	1000	-0.0031986932308672392	0.1505057153970374
['GATAA', 'CAGCACCNNGGACAG']	2	-+	27	1	0.1619141845420218	0.07457124745748667	1.8179649114608765	1000	-0.007573246625442559	0.1567157509457171
['GATAA', 'CAGCACCNNGGACAG']	2	-+	27	2	0.18789457171196114	0.09749031119532096	1.7212443351745605	1000	0.023634815222291508	0.17134580985557935
['GATAA', 'CAGCACCNNGGACAG']	2	-+	27	3	0.16756336316840656	0.08407477764247838	1.5999460220336914	1000	0.007105832714373402	0.16104371585251107
['GATAA', 'CAGCACCNNGGACAG']	2	-+	27	4	0.1827068225378413	0.08918370501792465	1.834262490272522	1000	0.010923145524972474	0.16744426518268404
['GATAA', 'CAGCACCNNGGACAG']	2	-+	28	0	0.1753493724871833	0.0933955010185186	1.6497756242752075	1000	0.016543306781674733	0.17024771137873598
['GATAA', 'CAGCACCNNGGACAG']	2	-+	28	1	0.16164535416089187	0.07430242245081459	1.8177787065505981	1000	-0.007842078350186948	0.1564469098156715
['GATAA', 'CAGCACCNNGGACAG']	2	-+	28	2	0.18515035204130006	0.09474610227357559	1.7193421125411987	1000	0.020890614362232898	0.16860160093383397
['GATAA', 'CAGCACCNNGGACAG']	2	-+	28	3	0.18159347134964954	0.09810489119817921	1.609670877456665	1000	0.021135940895616396	0.17507383478266972
['GATAA', 'CAGCACCNNGGACAG']	2	-+	28	4	0.19216197722782	0.09863887583127687	1.8408162593841553	1000	0.020378315666517467	0.17689943062157845
['GATAA', 'CAGCACCNNGGACAG']	2	-+	29	0	0.1592755729679062	0.07732171762261501	1.6386340856552124	1000	0.00046951368655426436	0.15417392260837456
['GATAA', 'CAGCACCNNGGACAG']	2	-+	29	1	0.15850819712867203	0.07116524392076337	1.8156040906906128	1000	-0.010979254193009236	0.15330975278345166
['GATAA', 'CAGCACCNNGGACAG']	2	-+	29	2	0.17556188929907135	0.08515765028026254	1.7126960754394531	1000	0.011302150276389698	0.1590131489405209
['GATAA', 'CAGCACCNNGGACAG']	2	-+	29	3	0.17262901540932946	0.08914044063231698	1.6034573316574097	1000	0.01217149301698308	0.16610938959126534
['GATAA', 'CAGCACCNNGGACAG']	2	-+	29	4	0.18368183518124528	0.09015872303578647	1.834938406944275	1000	0.011898162871027062	0.16841927782608804
['GATAA', 'CAGCACCNNGGACAG']	2	--	20	0	0.1865915236598677	0.104637652191203	1.657568097114563	1000	0.02778545526713021	0.18148987330033606
['GATAA', 'CAGCACCNNGGACAG']	2	--	20	1	0.18459970658890007	0.09725676950436495	1.8336894512176514	1000	0.01511227004697788	0.1794012729925954
['GATAA', 'CAGCACCNNGGACAG']	2	--	20	2	0.20779044917051923	0.11738618865387905	1.7350351810455322	1000	0.043530689993620676	0.1912416980630531
['GATAA', 'CAGCACCNNGGACAG']	2	--	20	3	0.19887194484472656	0.11538336469325622	1.621647596359253	1000	0.03841441035985002	0.19235231902666242
['GATAA', 'CAGCACCNNGGACAG']	2	--	20	4	0.21905013182467595	0.12552700893030147	1.8594536781311035	1000	0.04726645951445773	0.20378759596735005
['GATAA', 'CAGCACCNNGGACAG']	2	--	21	0	0.19516698709068314	0.11321312637093411	1.663512110710144	1000	0.036360929446861326	0.1900653367311515
['GATAA', 'CAGCACCNNGGACAG']	2	--	21	1	0.18981746673559546	0.10247451890214467	1.8373061418533325	1000	0.020330027506444352	0.18461901164145944
['GATAA', 'CAGCACCNNGGACAG']	2	--	21	2	0.20159662298668332	0.11119237321895882	1.7307419776916504	1000	0.03733687724592937	0.1850478718792172
['GATAA', 'CAGCACCNNGGACAG']	2	--	21	3	0.199445206015715	0.11595663661316036	1.6220449209213257	1000	0.03898769571589875	0.19292560169548223
['GATAA', 'CAGCACCNNGGACAG']	2	--	21	4	0.21109374144347254	0.11757064004692942	1.8539386987686157	1000	0.03931008256939893	0.1958311840883153
['GATAA', 'CAGCACCNNGGACAG']	2	--	22	0	0.16477939400756483	0.08282552253890013	1.6424490213394165	1000	0.005973326286634577	0.15967773289911752
['GATAA', 'CAGCACCNNGGACAG']	2	--	22	1	0.16604468111887818	0.07870173328542739	1.8208279609680176	1000	-0.0034427644924416067	0.16084623677365784
['GATAA', 'CAGCACCNNGGACAG']	2	--	22	2	0.18324947079697618	0.09284523177816736	1.7180246114730835	1000	0.018989730430680068	0.16670073043842573
['GATAA', 'CAGCACCNNGGACAG']	2	--	22	3	0.17328229150863184	0.08979371673161936	1.603910207748413	1000	0.012824770459899918	0.16676266569056772
['GATAA', 'CAGCACCNNGGACAG']	2	--	22	4	0.19957442948000706	0.10605132808346393	1.8459542989730835	1000	0.027790765231475598	0.1843118721248498
['GATAA', 'CAGCACCNNGGACAG']	2	--	23	0	0.16767074483603903	0.08571688949074784	1.6444531679153442	1000	0.008864694582096736	0.1625690944765074
['GATAA', 'CAGCACCNNGGACAG']	2	--	23	1	0.15416062619967974	0.06681768911514459	1.8125905990600586	1000	-0.015326804967784635	0.14896218185445936
['GATAA', 'CAGCACCNNGGACAG']	2	--	23	2	0.18358273017868557	0.09317846966204542	1.718255639076233	1000	0.01932298040708826	0.16703397907121947
['GATAA', 'CAGCACCNNGGACAG']	2	--	23	3	0.1750265180558511	0.09153794865329644	1.6051191091537476	1000	0.014568999694348085	0.16850689223778695
['GATAA', 'CAGCACCNNGGACAG']	2	--	23	4	0.19301286139296375	0.09948975999642062	1.841405987739563	1000	0.021229193113588913	0.1777503040378065
['GATAA', 'CAGCACCNNGGACAG']	2	--	24	0	0.15367322736713454	0.0717193666473855	1.6347508430480957	1000	-0.005132831956205358	0.1485715662586872
['GATAA', 'CAGCACCNNGGACAG']	2	--	24	1	0.1591221966900836	0.07177926498000632	1.8160297870635986	1000	-0.010365237836416902	0.15392375234486325
['GATAA', 'CAGCACCNNGGACAG']	2	--	24	2	0.1860386424330065	0.095634392665282	1.7199578285217285	1000	0.021778899379481464	0.16948990207445605
['GATAA', 'CAGCACCNNGGACAG']	2	--	24	3	0.18172076000911938	0.09823217985764905	1.6097593307495117	1000	0.021263229555086232	0.1752011126932239
['GATAA', 'CAGCACCNNGGACAG']	2	--	24	4	0.19336897296940656	0.09984583932611639	1.8416528701782227	1000	0.021585289910272656	0.1781064156142493
['GATAA', 'CAGCACCNNGGACAG']	2	--	25	0	0.16716473963045358	0.08521088965962025	1.6441023349761963	1000	0.008358685345667936	0.16206308927092195
['GATAA', 'CAGCACCNNGGACAG']	2	--	25	1	0.16204855673692406	0.07470562502684676	1.8180581331253052	1000	-0.007438874430540312	0.15685011239170368
['GATAA', 'CAGCACCNNGGACAG']	2	--	25	2	0.1853074796906946	0.09490325142080148	1.7194511890411377	1000	0.02104774872969973	0.1687587393321442
['GATAA', 'CAGCACCNNGGACAG']	2	--	25	3	0.18507014363250393	0.10158158497886496	1.6120808124542236	1000	0.024612636019916603	0.17855051781443979
['GATAA', 'CAGCACCNNGGACAG']	2	--	25	4	0.18294794221435096	0.08942481394551863	1.8344296216964722	1000	0.011164257811602603	0.16768536336136236
['GATAA', 'CAGCACCNNGGACAG']	2	--	26	0	0.15769031213466259	0.07573644604045572	1.6375353336334229	1000	-0.0011157489521712836	0.15258864027729957
['GATAA', 'CAGCACCNNGGACAG']	2	--	26	1	0.16297280225157645	0.07562988129041485	1.818698763847351	1000	-0.006514620854201139	0.15777437940418745
['GATAA', 'CAGCACCNNGGACAG']	2	--	26	2	0.1870125156913485	0.09660826592362401	1.7206329107284546	1000	0.022752761888907798	0.17046376458388238
['GATAA', 'CAGCACCNNGGACAG']	2	--	26	3	0.16650700273114447	0.08301842795413197	1.5992138385772705	1000	0.006049477651569155	0.15998736616416465
['GATAA', 'CAGCACCNNGGACAG']	2	--	26	4	0.19046268114813866	0.0969395475048485	1.8396384716033936	1000	0.01867899405816139	0.17520011304406574
['GATAA', 'CAGCACCNNGGACAG']	2	--	27	0	0.16216053894046709	0.08020667822071807	1.6406338214874268	1000	0.003354476258091062	0.15705888858093545
['GATAA', 'CAGCACCNNGGACAG']	2	--	27	1	0.1556543492670016	0.0683114014335508	1.8136259317398071	1000	-0.013833093992992885	0.15045590492178124
['GATAA', 'CAGCACCNNGGACAG']	2	--	27	2	0.16998342778893824	0.07957917264675592	1.708829402923584	1000	0.005723679360955382	0.15343467668147212
['GATAA', 'CAGCACCNNGGACAG']	2	--	27	3	0.16200183120046777	0.07851325642345526	1.5960910320281982	1000	0.0015443054490852214	0.15548220538240362
['GATAA', 'CAGCACCNNGGACAG']	2	--	27	4	0.18695382661174156	0.09343071446628276	1.837206244468689	1000	0.015170165050439033	0.1716912800055
['GATAA', 'CAGCACCNNGGACAG']	2	--	28	0	0.16468093393994587	0.08272707322019686	1.642380714416504	1000	0.005874873608895149	0.15957927283149856
['GATAA', 'CAGCACCNNGGACAG']	2	--	28	1	0.15739618955494014	0.070053252470405	1.8148332834243774	1000	-0.0120912523614399	0.15219774520971976
['GATAA', 'CAGCACCNNGGACAG']	2	--	28	2	0.17956835413790861	0.08916410437018413	1.7154730558395386	1000	0.015308607053540214	0.1630196137793582
['GATAA', 'CAGCACCNNGGACAG']	2	--	28	3	0.17542078828295407	0.09193221888039943	1.605392336845398	1000	0.014963263203378775	0.16890116246488995
['GATAA', 'CAGCACCNNGGACAG']	2	--	28	4	0.18980946954233036	0.09628635739687155	1.8391855955123901	1000	0.018025805293798904	0.17454692293608878
['GATAA', 'CAGCACCNNGGACAG']	2	--	29	0	0.17167328632065348	0.08971943634982014	1.6472275257110596	1000	0.012867235394903974	0.16657163596112184
['GATAA', 'CAGCACCNNGGACAG']	2	--	29	1	0.16148260482859728	0.07413966774406212	1.817665934562683	1000	-0.008004830369710478	0.1562841604833769
['GATAA', 'CAGCACCNNGGACAG']	2	--	29	2	0.18319871441714028	0.09279446464941579	1.717989444732666	1000	0.018938965989157425	0.16664995256075849
['GATAA', 'CAGCACCNNGGACAG']	2	--	29	3	0.17879930146782852	0.09531073206527388	1.607734203338623	1000	0.018341779075482137	0.1722796756497644
['GATAA', 'CAGCACCNNGGACAG']	2	--	29	4	0.18709495987460587	0.09357185847806274	1.8373041152954102	1000	0.015311292938845485	0.17183240251944862
['GATAA', 'CAGCACCNNGGACAG']	2	++	0	0	0.20308904543520806	0.12113518471545902	1.6690032482147217	1000	0.04428298510415732	0.19798739507567642
['GATAA', 'CAGCACCNNGGACAG']	2	++	0	1	0.19701195247564526	0.10966901539111014	1.8422930240631104	1000	0.027524525339024292	0.19181349738150924
['GATAA', 'CAGCACCNNGGACAG']	2	++	0	2	0.24220198482936872	0.15179773506164423	1.7588872909545898	1000	0.0779422417758437	0.22565323372190263
['GATAA', 'CAGCACCNNGGACAG']	2	++	0	3	0.19500801062779183	0.11151944122523717	1.618969202041626	1000	0.0345504895790599	0.18848838480972768
['GATAA', 'CAGCACCNNGGACAG']	2	++	0	4	0.21093515194154566	0.11741205054500255	1.8538289070129395	1000	0.039151495754700984	0.19567259458638844
['GATAA', 'CAGCACCNNGGACAG']	2	++	1	0	0.1862610160005721	0.10430716602973875	1.6573388576507568	1000	0.027454955669521365	0.18115936564104046
['GATAA', 'CAGCACCNNGGACAG']	2	++	1	1	0.18082253761932565	0.09347957903695915	1.8310712575912476	1000	0.011335083610415467	0.1756240825251896
['GATAA', 'CAGCACCNNGGACAG']	2	++	1	2	0.2229282761081382	0.13252402634041371	1.7455278635025024	1000	0.05866853842907102	0.20637952500067208
['GATAA', 'CAGCACCNNGGACAG']	2	++	1	3	0.21592744283295992	0.13243888417932095	1.6334694623947144	1000	0.05546993522037259	0.20940783851272715
['GATAA', 'CAGCACCNNGGACAG']	2	++	1	4	0.22366298599262413	0.13013986309824963	1.8626511096954346	1000	0.05187930293349023	0.20840042863746688
['GATAA', 'CAGCACCNNGGACAG']	2	++	2	0	0.2041407408430655	0.1221868586254851	1.6697322130203247	1000	0.0453346590141834	0.19903909048353385
['GATAA', 'CAGCACCNNGGACAG']	2	++	2	1	0.18533860855050077	0.09799566071704997	1.8342015743255615	1000	0.0158511679777352	0.1801401749541961
['GATAA', 'CAGCACCNNGGACAG']	2	++	2	2	0.21457740052151825	0.12417315075379375	1.7397395372390747	1000	0.0503176413446197	0.19802862791622078
['GATAA', 'CAGCACCNNGGACAG']	2	++	2	3	0.20779307190594487	0.1243045132523059	1.627831220626831	1000	0.047335558918899706	0.20127344608788073
['GATAA', 'CAGCACCNNGGACAG']	2	++	2	4	0.21833653281058343	0.12481342066512463	1.8589589595794678	1000	0.04655286587482306	0.20307399695325756
['GATAA', 'CAGCACCNNGGACAG']	2	++	3	0	0.17132646180735728	0.08937259571315041	1.6469871997833252	1000	0.012520400132692082	0.16622480069890996
['GATAA', 'CAGCACCNNGGACAG']	2	++	3	1	0.198072075033395	0.1107291594466912	1.8430278301239014	1000	0.028584655958460763	0.19287366293492167
['GATAA', 'CAGCACCNNGGACAG']	2	++	3	2	0.19125822989536728	0.10085398012764281	1.7235759496688843	1000	0.026998481467384434	0.1747094787879012
['GATAA', 'CAGCACCNNGGACAG']	2	++	3	3	0.1681728374363173	0.08468426803376265	1.6003683805465698	1000	0.007715317731199838	0.1616532008693375
['GATAA', 'CAGCACCNNGGACAG']	2	++	3	4	0.1864561088201446	0.09293300742360147	1.8368613719940186	1000	0.014672449946070984	0.17119355146498735
['GATAA', 'CAGCACCNNGGACAG']	2	++	4	0	0.17751643987938012	0.09556258990854678	1.6512775421142578	1000	0.018710383579172773	0.17241478951984848
['GATAA', 'CAGCACCNNGGACAG']	2	++	4	1	0.17909574581333762	0.09175279797988681	1.8298742771148682	1000	0.009608301209728656	0.17389730146811724
['GATAA', 'CAGCACCNNGGACAG']	2	++	4	2	0.2053004198578334	0.11489617009010891	1.733309030532837	1000	0.0410406660553927	0.18875166875036728
['GATAA', 'CAGCACCNNGGACAG']	2	++	4	3	0.17918514454503923	0.09569656439356891	1.608001708984375	1000	0.01872761677823501	0.1726655187269751
['GATAA', 'CAGCACCNNGGACAG']	2	++	4	4	0.18544476484174585	0.09192164194737136	1.8361601829528809	1000	0.013661083126226421	0.17018219673767293
['GATAA', 'CAGCACCNNGGACAG']	2	++	5	0	0.1989877536622513	0.1170338821935866	1.6661603450775146	1000	0.040181690643971646	0.19388610330271966
['GATAA', 'CAGCACCNNGGACAG']	2	++	5	1	0.17377861194119054	0.08643567485665542	1.8261886835098267	1000	0.004291175399268355	0.16858017834488587
['GATAA', 'CAGCACCNNGGACAG']	2	++	5	2	0.19512749557447875	0.1047232350578386	1.7262578010559082	1000	0.030867739084809144	0.17857872296918129
['GATAA', 'CAGCACCNNGGACAG']	2	++	5	3	0.205942474089167	0.12245388318878096	1.6265482902526855	1000	0.045484934229832616	0.19942282677327147
['GATAA', 'CAGCACCNNGGACAG']	2	++	5	4	0.22051744480617472	0.12699432191180024	1.8604706525802612	1000	0.04873376712149866	0.20525488745101747
['GATAA', 'CAGCACCNNGGACAG']	2	++	6	0	0.16901585339518407	0.08706199267543506	1.645385503768921	1000	0.01020979172051889	0.16391420303565243
['GATAA', 'CAGCACCNNGGACAG']	2	++	6	1	0.16502579140167284	0.07768284894267988	1.8201218843460083	1000	-0.004461650178803579	0.1598273470564525
['GATAA', 'CAGCACCNNGGACAG']	2	++	6	2	0.20753081986121044	0.11712655934457028	1.7348551750183105	1000	0.04327107680768543	0.19098206875374435
['GATAA', 'CAGCACCNNGGACAG']	2	++	6	3	0.1580580002932916	0.07456942014182125	1.5933574438095093	1000	-0.002399529320982526	0.15153836372631177
['GATAA', 'CAGCACCNNGGACAG']	2	++	6	4	0.203150679717711	0.1096275675722522	1.8484331369400024	1000	0.03136700472026388	0.18788814386038513
['GATAA', 'CAGCACCNNGGACAG']	2	++	7	0	0.18971096647904867	0.10775711650821533	1.6597301959991455	1000	0.03090491958414255	0.18460931611951703
['GATAA', 'CAGCACCNNGGACAG']	2	++	7	1	0.17266873265276309	0.08532580631714365	1.825419545173645	1000	0.0031813031648168125	0.1674702990564584
['GATAA', 'CAGCACCNNGGACAG']	2	++	7	2	0.18622468466557732	0.09582043489785284	1.720086932182312	1000	0.02196492951952217	0.16967591206027985
['GATAA', 'CAGCACCNNGGACAG']	2	++	7	3	0.1912222210278429	0.1077336731231196	1.6163451671600342	1000	0.030764718789713402	0.18470261670761012
['GATAA', 'CAGCACCNNGGACAG']	2	++	7	4	0.18730179051009974	0.09377867836464093	1.8374474048614502	1000	0.015518120887110451	0.17203923315494252
['GATAA', 'CAGCACCNNGGACAG']	2	++	8	0	0.19068245347810997	0.10872859275836094	1.6604036092758179	1000	0.03187639583428816	0.18558078162074698
['GATAA', 'CAGCACCNNGGACAG']	2	++	8	1	0.18947221156398839	0.1021292529816219	1.8370667695999146	1000	0.019984752180620367	0.18427375646985233
['GATAA', 'CAGCACCNNGGACAG']	2	++	8	2	0.20676311080559023	0.11635886103786575	1.7343230247497559	1000	0.04250336237760737	0.1902143811959555
['GATAA', 'CAGCACCNNGGACAG']	2	++	8	3	0.19860792997782079	0.11511934982635044	1.6214646100997925	1000	0.03815040624185993	0.19208830415975664
['GATAA', 'CAGCACCNNGGACAG']	2	++	8	4	0.23611635723075688	0.14259326658312943	1.8712831735610962	1000	0.06433269566945435	0.22085382137343101
['GATAA', 'CAGCACCNNGGACAG']	2	++	9	0	0.1777151658324521	0.09576130511270307	1.6514153480529785	1000	0.018909104157786908	0.17261351547292045
['GATAA', 'CAGCACCNNGGACAG']	2	++	9	1	0.18989898651210443	0.10255604942756931	1.83736252784729	1000	0.020411548626567785	0.1847005314179684
['GATAA', 'CAGCACCNNGGACAG']	2	++	9	2	0.19751665706243354	0.10711238579687771	1.7279138565063477	1000	0.03325689251107716	0.18096788445713607
['GATAA', 'CAGCACCNNGGACAG']	2	++	9	3	0.186262391861779	0.10277381171030867	1.6129071712493896	1000	0.025804870813047068	0.1797427552947992
['GATAA', 'CAGCACCNNGGACAG']	2	++	9	4	0.2030164902543753	0.10949336736000082	1.8483400344848633	1000	0.031232815256928174	0.18775393289921807
['GATAA', 'CAGCACCNNGGACAG']	2	+-	0	0	0.19170061226904916	0.10974675154930014	1.6611093282699585	1000	0.032894546563540586	0.18659896190951752
['GATAA', 'CAGCACCNNGGACAG']	2	+-	0	1	0.17151870616427486	0.08417577445419756	1.8246222734451294	1000	0.002031270798015307	0.1663202618190545
['GATAA', 'CAGCACCNNGGACAG']	2	+-	0	2	0.1781744025059185	0.08777015811265186	1.7145068645477295	1000	0.013914659452393492	0.1616256513984524
['GATAA', 'CAGCACCNNGGACAG']	2	+-	0	3	0.17156672157061262	0.08807814141914228	1.6027209758758545	1000	0.011109193132001156	0.1650470850036328
['GATAA', 'CAGCACCNNGGACAG']	2	+-	0	4	0.19429744280792077	0.10077433066246197	1.8422963619232178	1000	0.02251375706155797	0.17903487470384785
['GATAA', 'CAGCACCNNGGACAG']	2	+-	1	0	0.166052689061059	0.08409882834130997	1.6433316469192505	1000	0.007246628730008268	0.16095102795261168
['GATAA', 'CAGCACCNNGGACAG']	2	+-	1	1	0.18260795401142654	0.09526503842472277	1.8323088884353638	1000	0.013120530905648934	0.17740953116403754
['GATAA', 'CAGCACCNNGGACAG']	2	+-	1	2	0.20405498599377903	0.11365073622605452	1.7324458360671997	1000	0.03979523487856723	0.1875062348863129
['GATAA', 'CAGCACCNNGGACAG']	2	+-	1	3	0.1959619124008024	0.11247332150041639	1.6196303367614746	1000	0.035504367167010185	0.18944226508490689
['GATAA', 'CAGCACCNNGGACAG']	2	+-	1	4	0.22472770908628442	0.13120461843865697	1.8633891344070435	1000	0.0529440636483554	0.20946515173112717
['GATAA', 'CAGCACCNNGGACAG']	2	+-	2	0	0.18065339268220207	0.09869954271136873	1.6534520387649536	1000	0.021847333694765804	0.17555174232267043
['GATAA', 'CAGCACCNNGGACAG']	2	+-	2	1	0.15844303720182637	0.07110009474283341	1.8155590295791626	1000	-0.011044402699131973	0.15324459285660602
['GATAA', 'CAGCACCNNGGACAG']	2	+-	2	2	0.18204092721153187	0.09163668819272305	1.7171870470046997	1000	0.017781189532464676	0.16549218685298142
['GATAA', 'CAGCACCNNGGACAG']	2	+-	2	3	0.17280627577779062	0.08931770100077814	1.603580117225647	1000	0.0123487480109864	0.1662866392108108
['GATAA', 'CAGCACCNNGGACAG']	2	+-	2	4	0.1804577194211829	0.08693460190126627	1.8327034711837769	1000	0.008674043080121324	0.16519516206602566
['GATAA', 'CAGCACCNNGGACAG']	2	+-	3	0	0.2238348826521615	0.14188102193241248	1.6833833456039429	1000	0.06502881157219509	0.21873323229262986
['GATAA', 'CAGCACCNNGGACAG']	2	+-	3	1	0.20056754329741433	0.11322461696179488	1.8447575569152832	1000	0.031080116160793356	0.195369131198941
['GATAA', 'CAGCACCNNGGACAG']	2	+-	3	2	0.19918882287894127	0.10878458386013247	1.7290730476379395	1000	0.034929085199874095	0.18264007177147518
['GATAA', 'CAGCACCNNGGACAG']	2	+-	3	3	0.2282510961566794	0.14476253750304044	1.6420116424560547	1000	0.06779358854409208	0.2217314703386153
['GATAA', 'CAGCACCNNGGACAG']	2	+-	3	4	0.198514887363704	0.1049917752182452	1.8452197313308716	1000	0.026731220427943632	0.1832523515063781
['GATAA', 'CAGCACCNNGGACAG']	2	+-	4	0	0.21792364546152454	0.1359697847417755	1.6792857646942139	1000	0.05911758513047381	0.2128219951019929
['GATAA', 'CAGCACCNNGGACAG']	2	+-	4	1	0.20149291744821304	0.11414996961476223	1.8453989028930664	1000	0.03200547150098962	0.196294462354077
['GATAA', 'CAGCACCNNGGACAG']	2	+-	4	2	0.21826408511890746	0.12785983535118298	1.7422949075698853	1000	0.054004336690924616	0.20171533401144137
['GATAA', 'CAGCACCNNGGACAG']	2	+-	4	3	0.2121667412022056	0.1286781503018196	1.630862832069397	1000	0.051709201342871235	0.2056470938863101
['GATAA', 'CAGCACCNNGGACAG']	2	+-	4	4	0.24925682065691793	0.15573373000929047	1.8803913593292236	1000	0.07747316984453108	0.23399428479959206
['GATAA', 'CAGCACCNNGGACAG']	2	+-	5	0	0.1987068200020669	0.11675294853340219	1.6659657955169678	1000	0.03990075429655832	0.1936051481447039
['GATAA', 'CAGCACCNNGGACAG']	2	+-	5	1	0.19082481211736166	0.10348187503282652	1.8380043506622314	1000	0.0213373809498973	0.18562637852105698
['GATAA', 'CAGCACCNNGGACAG']	2	+-	5	2	0.20860519548115042	0.11820094571342593	1.7355998754501343	1000	0.044345449740396475	0.1920564443736843
['GATAA', 'CAGCACCNNGGACAG']	2	+-	5	3	0.19817676947210772	0.11468817857172171	1.6211656332015991	1000	0.03771923498723119	0.19165712215621222
['GATAA', 'CAGCACCNNGGACAG']	2	+-	5	4	0.21702050006834986	0.12349737717397538	1.8580468893051147	1000	0.045236817009215974	0.20175794271319264
['GATAA', 'CAGCACCNNGGACAG']	2	+-	6	0	0.18405217832204698	0.1020982961044666	1.6558079719543457	1000	0.025246099180393805	0.17895050646468397
['GATAA', 'CAGCACCNNGGACAG']	2	+-	6	1	0.16962664977972333	0.08228371269518821	1.8233109712600708	1000	0.00013921720566259605	0.16442821618341866
['GATAA', 'CAGCACCNNGGACAG']	2	+-	6	2	0.21456392138125685	0.1241596608646167	1.7397301197052002	1000	0.050304172953274	0.19801517027379076
['GATAA', 'CAGCACCNNGGACAG']	2	+-	6	3	0.19901170224638393	0.11552312209491361	1.6217443943023682	1000	0.03855416776150741	0.19249205493048843
['GATAA', 'CAGCACCNNGGACAG']	2	+-	6	4	0.22748448349045844	0.13396136059608396	1.8653000593185425	1000	0.0557008058057824	0.21222190463746984
['GATAA', 'CAGCACCNNGGACAG']	2	+-	7	0	0.18710321504184727	0.10514934357318256	1.6579227447509766	1000	0.02829715471079654	0.18200156468231563
['GATAA', 'CAGCACCNNGGACAG']	2	+-	7	1	0.1931569613565554	0.10581401352310461	1.83962082862854	1000	0.02366951809656092	0.1879585062624194
['GATAA', 'CAGCACCNNGGACAG']	2	+-	7	2	0.21197861367999304	0.12157436391226857	1.7379381656646729	1000	0.04771887062646803	0.19542986257252695
['GATAA', 'CAGCACCNNGGACAG']	2	+-	7	3	0.20146196057105772	0.11797339116850308	1.6234428882598877	1000	0.04100444758401256	0.19494233475299358
['GATAA', 'CAGCACCNNGGACAG']	2	+-	7	4	0.2293067471655067	0.13578365651787924	1.8665629625320435	1000	0.05752309635311984	0.2140442113081808
['GATAA', 'CAGCACCNNGGACAG']	2	+-	8	0	0.20054707736196167	0.11859321664221265	1.6672413349151611	1000	0.04174101703091093	0.19544542700243003
['GATAA', 'CAGCACCNNGGACAG']	2	+-	8	1	0.18334640451856873	0.09600346743403358	1.8328206539154053	1000	0.0138589652894176	0.17814796017334836
['GATAA', 'CAGCACCNNGGACAG']	2	+-	8	2	0.20989085178767533	0.11948660201995086	1.7364909648895264	1000	0.04563109798523464	0.19334210068020924
['GATAA', 'CAGCACCNNGGACAG']	2	+-	8	3	0.19223627373299274	0.10874769358152239	1.6170480251312256	1000	0.03177874193534512	0.18571662641709724
['GATAA', 'CAGCACCNNGGACAG']	2	+-	8	4	0.2251401879765475	0.13161706508217302	1.8636749982833862	1000	0.05335650491741361	0.2098776091235589
['GATAA', 'CAGCACCNNGGACAG']	2	+-	9	0	0.17502311064958087	0.09306924992983186	1.6495494842529297	1000	0.016217053005759065	0.1699214710389649
['GATAA', 'CAGCACCNNGGACAG']	2	+-	9	1	0.20466083787710598	0.11731787929473948	1.8475947380065918	1000	0.03517339192988255	0.19946240428080128
['GATAA', 'CAGCACCNNGGACAG']	2	+-	9	2	0.21260329766358949	0.12219903714694932	1.7383711338043213	1000	0.048343549235606624	0.19605454655612337
['GATAA', 'CAGCACCNNGGACAG']	2	+-	9	3	0.19068445277642626	0.10719589412278728	1.6159723997116089	1000	0.030226942476609998	0.18416482695836212
['GATAA', 'CAGCACCNNGGACAG']	2	+-	9	4	0.2117104067359725	0.11818731608834505	1.8543661832809448	1000	0.03992675592358565	0.19644789237647797
['GATAA', 'CAGCACCNNGGACAG']	2	-+	0	0	0.019384399711277638	-0.06256945966485693	1.5416688919067383	1000	-0.13942165927615863	0.014282745320902618
['GATAA', 'CAGCACCNNGGACAG']	2	-+	0	1	0.01793310261414047	-0.06940983850123804	1.7181650400161743	1000	-0.15155433661501064	0.012734660956149025
['GATAA', 'CAGCACCNNGGACAG']	2	-+	0	2	0.02367270515005972	-0.06673154193043584	1.6074144840240479	1000	-0.1405870352162364	0.007123954714400841
['GATAA', 'CAGCACCNNGGACAG']	2	-+	0	3	0.013892450848986373	-0.06959612258441167	1.4934296607971191	1000	-0.14656507691781787	0.007372816969235474
['GATAA', 'CAGCACCNNGGACAG']	2	-+	0	4	0.005825395006410594	-0.0876977104209759	1.7116576433181763	1000	-0.1659582705857353	-0.009437158989710493
['GATAA', 'CAGCACCNNGGACAG']	2	-+	1	0	0.2046911283214892	0.12273725685282448	1.6701138019561768	1000	0.045885057241522774	0.19958947796195756
['GATAA', 'CAGCACCNNGGACAG']	2	-+	1	1	0.18612951376615613	0.09878657668162098	1.834749698638916	1000	0.0166420812550773	0.18093108016985143
['GATAA', 'CAGCACCNNGGACAG']	2	-+	1	2	0.22986859298804413	0.1394643217224883	1.7503385543823242	1000	0.06560883381114559	0.21331982038274666
['GATAA', 'CAGCACCNNGGACAG']	2	-+	1	3	0.23630908528888	0.15282051588632536	1.6475969552993774	1000	0.075851566927377	0.22978948096864724
['GATAA', 'CAGCACCNNGGACAG']	2	-+	1	4	0.20993664216846755	0.11641355152084013	1.8531367778778076	1000	0.03815298866885179	0.19467410631114168
['GATAA', 'CAGCACCNNGGACAG']	2	-+	2	0	0.31865465799380044	0.23670077577622006	1.7491071224212646	1000	0.15984857616491835	0.3135530076342688
['GATAA', 'CAGCACCNNGGACAG']	2	-+	2	1	0.32108700862495315	0.23374409303824936	1.9282952547073364	1000	0.15159958955001893	0.3158885965264798
['GATAA', 'CAGCACCNNGGACAG']	2	-+	2	2	0.27681605155744055	0.18641180178971606	1.7828799486160278	1000	0.11255628163162633	0.2602672789521431
['GATAA', 'CAGCACCNNGGACAG']	2	-+	2	3	0.31987294009684986	0.23638434919646387	1.7055190801620483	1000	0.1594154271098047	0.31335329278095436
['GATAA', 'CAGCACCNNGGACAG']	2	-+	2	4	0.3031220878767886	0.20959895423349845	1.917728066444397	1000	0.1313383886942812	0.28785950902380003
['GATAA', 'CAGCACCNNGGACAG']	2	-+	3	0	0.30119190508832394	0.2192380443685749	1.737002968788147	1000	0.1423858555061889	0.2960902547287923
['GATAA', 'CAGCACCNNGGACAG']	2	-+	3	1	0.2772488458983368	0.18990590881380168	1.8979089260101318	1000	0.1077614160744869	0.27205039080420074
['GATAA', 'CAGCACCNNGGACAG']	2	-+	3	2	0.30517887139411964	0.21477462162639516	1.802539587020874	1000	0.14091911221722112	0.2886301202866535
['GATAA', 'CAGCACCNNGGACAG']	2	-+	3	3	0.2812727454784053	0.197784197573682	1.6787633895874023	1000	0.12081523249136013	0.2747531411581725
['GATAA', 'CAGCACCNNGGACAG']	2	-+	3	4	0.21748270344254367	0.12395958054816918	1.8583673238754272	1000	0.04569903113232545	0.20222012458955507
['GATAA', 'CAGCACCNNGGACAG']	2	-+	4	0	0.2591109106034043	0.17715704988365524	1.7078347206115723	1000	0.10030483952343787	0.25400926024387266
['GATAA', 'CAGCACCNNGGACAG']	2	-+	4	1	0.24453002798277312	0.1571871016471537	1.8752299547195435	1000	0.07504259815892324	0.23933159438646845
['GATAA', 'CAGCACCNNGGACAG']	2	-+	4	2	0.29048463070873853	0.20008038094101407	1.7923543453216553	1000	0.1262248822807557	0.27393587960127247
['GATAA', 'CAGCACCNNGGACAG']	2	-+	4	3	0.24142894431157175	0.15794036416010143	1.6511456966400146	1000	0.08097141520115307	0.23490929699567625
['GATAA', 'CAGCACCNNGGACAG']	2	-+	4	4	0.3229792047454085	0.22945609259994967	1.9314919710159302	1000	0.15119552706073244	0.30771664739025123
['GATAA', 'CAGCACCNNGGACAG']	2	-+	5	0	0.42664308041851057	0.34468921969876154	1.823959231376648	1000	0.26783703083637556	0.4215414300589789
['GATAA', 'CAGCACCNNGGACAG']	2	-+	5	1	0.34680069369906696	0.2594577781123632	1.9461185932159424	1000	0.17731326387521706	0.3416022601027623
['GATAA', 'CAGCACCNNGGACAG']	2	-+	5	2	0.3734637660016062	0.28305951623388176	1.849871039390564	1000	0.2092040390714547	0.3569149933963088
['GATAA', 'CAGCACCNNGGACAG']	2	-+	5	3	0.42888336942431227	0.3453948000217576	1.7810792922973633	1000	0.2684258564372671	0.42236376510407947
['GATAA', 'CAGCACCNNGGACAG']	2	-+	5	4	0.4189592825389247	0.32543617039346595	1.9980201721191406	1000	0.247175594105333	0.4036966821881048
['GATAA', 'CAGCACCNNGGACAG']	2	-+	6	0	0.5929300958413701	0.5109762351216212	1.9392204284667969	1000	0.43412406775706647	0.5878284884775012
['GATAA', 'CAGCACCNNGGACAG']	2	-+	6	1	0.5033206853924395	0.4159777913035671	2.054609775543213	1000	0.3338332448196739	0.49812225179613484
['GATAA', 'CAGCACCNNGGACAG']	2	-+	6	2	0.545461207372389	0.45505697910249593	1.9690905809402466	1000	0.38120143744657486	0.5289123917714289
['GATAA', 'CAGCACCNNGGACAG']	2	-+	6	3	0.5910253879830646	0.5075367970826785	1.8934675455093384	1000	0.43056785349818805	0.5845057406671691
['GATAA', 'CAGCACCNNGGACAG']	2	-+	6	4	0.5365112732171512	0.44298822556518647	2.079500913619995	1000	0.36472764927705353	0.5212488018533195
['GATAA', 'CAGCACCNNGGACAG']	2	-+	7	0	0.2414447882132825	0.15949094899136482	1.695589303970337	1000	0.08263874938006312	0.2363431593515822
['GATAA', 'CAGCACCNNGGACAG']	2	-+	7	1	0.24645904988834447	0.15911610205489365	1.876567006111145	1000	0.07697160931557889	0.24126059479420842
['GATAA', 'CAGCACCNNGGACAG']	2	-+	7	2	0.2704859721184586	0.1800817223507341	1.7784923315048218	1000	0.10622621294156004	0.2539372210109925
['GATAA', 'CAGCACCNNGGACAG']	2	-+	7	3	0.27767329908066624	0.19418472967811157	1.676268458366394	1000	0.11721577534470537	0.2711536732626021
['GATAA', 'CAGCACCNNGGACAG']	2	-+	7	4	0.3175681360991433	0.22404504545151585	1.9277411699295044	1000	0.14578446916338292	0.30230557874398606
['GATAA', 'CAGCACCNNGGACAG']	2	-+	8	0	0.2606206388061721	0.1786667995842544	1.708881139755249	1000	0.10181461072186838	0.25551903144230315
['GATAA', 'CAGCACCNNGGACAG']	2	-+	8	1	0.2759912872573966	0.18864835017286147	1.8970372676849365	1000	0.10650387893137805	0.2707928536610919
['GATAA', 'CAGCACCNNGGACAG']	2	-+	8	2	0.30588771938748205	0.2154834696197576	1.8030309677124023	1000	0.14162796021058352	0.2893389467821846
['GATAA', 'CAGCACCNNGGACAG']	2	-+	8	3	0.2883798425339854	0.20489129462926214	1.6836897134780884	1000	0.12792235104477162	0.2818602167159213
['GATAA', 'CAGCACCNNGGACAG']	2	-+	8	4	0.3541217371723204	0.26059862502686165	1.953078269958496	1000	0.18233807023656007	0.3388591798171632
['GATAA', 'CAGCACCNNGGACAG']	2	-+	9	0	0.5393912516928371	0.4574374339687508	1.90211021900177	1000	0.3805852236085334	0.5342896013333055
['GATAA', 'CAGCACCNNGGACAG']	2	-+	9	1	0.49690904318128587	0.4095661060967507	2.0501656532287598	1000	0.32742164560418296	0.49171060958498114
['GATAA', 'CAGCACCNNGGACAG']	2	-+	9	2	0.5217487554193776	0.43134452714948446	1.9526543617248535	1000	0.3574890284892261	0.5051999828140801
['GATAA', 'CAGCACCNNGGACAG']	2	-+	9	3	0.5967415753497918	0.513252941453743	1.8974297046661377	1000	0.4362840408649152	0.5902219280338962
['GATAA', 'CAGCACCNNGGACAG']	2	-+	9	4	0.4902730066064189	0.3967498729631288	2.0474510192871094	1000	0.3184893181728272	0.475010406255599
['GATAA', 'CAGCACCNNGGACAG']	2	--	0	0	0.0022405009609827047	-0.07971335673563379	1.5297856330871582	1000	-0.15656556709585118	-0.0028611541011995443
['GATAA', 'CAGCACCNNGGACAG']	2	--	0	1	0.007351468279082668	-0.07999146880545246	1.7108303308486938	1000	-0.16213597766814075	0.0021530259492839937
['GATAA', 'CAGCACCNNGGACAG']	2	--	0	2	0.009828283143555706	-0.08057596796778324	1.5978182554244995	1000	-0.15443145587912593	-0.006720468635717633
['GATAA', 'CAGCACCNNGGACAG']	2	--	0	3	0.002661524735355117	-0.08082704651466942	1.485644817352295	1000	-0.15779599547361778	-0.003858107296925899
['GATAA', 'CAGCACCNNGGACAG']	2	--	0	4	0.023084325629168855	-0.07043878920351887	1.7236206531524658	1000	-0.1486993386193626	0.007821772304854997
['GATAA', 'CAGCACCNNGGACAG']	2	--	1	0	0.1585319844790695	0.07657811838486263	1.6381186246871948	1000	-0.000274081184451131	0.15343032337062218
['GATAA', 'CAGCACCNNGGACAG']	2	--	1	1	0.16790075013373668	0.08055780767474369	1.8221144676208496	1000	-0.0015866909428843372	0.1627023057885163
['GATAA', 'CAGCACCNNGGACAG']	2	--	1	2	0.16761033592992344	0.0772060915366568	1.7071843147277832	1000	0.0033506009380851946	0.15106159557137303
['GATAA', 'CAGCACCNNGGACAG']	2	--	1	3	0.16193838035121505	0.07844981632311825	1.5960471630096436	1000	0.0014808677000735077	0.15541875453315093
['GATAA', 'CAGCACCNNGGACAG']	2	--	1	4	0.1835359508976509	0.09001282262881857	1.8348371982574463	1000	0.011752270525745925	0.16827339354249365
['GATAA', 'CAGCACCNNGGACAG']	2	--	2	0	0.2240943399788194	0.1421404792590704	1.6835631132125854	1000	0.06528827427331084	0.21899268961928775
['GATAA', 'CAGCACCNNGGACAG']	2	--	2	1	0.2604496665533831	0.17310671871993227	1.886264681816101	1000	0.09096222598061751	0.2552512329570784
['GATAA', 'CAGCACCNNGGACAG']	2	--	2	2	0.24418834145117144	0.15378409168344698	1.760264277458191	1000	0.07992859839764643	0.2276396118415367
['GATAA', 'CAGCACCNNGGACAG']	2	--	2	3	0.26186377240227116	0.17837519225080084	1.665310025215149	1000	0.10140622716847897	0.25534412508637566
['GATAA', 'CAGCACCNNGGACAG']	2	--	2	4	0.2700254455751107	0.1765023226807362	1.894787073135376	1000	0.09824177863935032	0.25476288821995347
['GATAA', 'CAGCACCNNGGACAG']	2	--	3	0	0.3269614415283055	0.24500758080855645	1.7548649311065674	1000	0.16815538119725473	0.3218597696709425
['GATAA', 'CAGCACCNNGGACAG']	2	--	3	1	0.3183140893494294	0.2309711737627256	1.92637300491333	1000	0.14882665952557947	0.31311567725095607
['GATAA', 'CAGCACCNNGGACAG']	2	--	3	2	0.35446856168561663	0.26406431191789215	1.8367046117782593	1000	0.1902088132576338	0.33791981057815057
['GATAA', 'CAGCACCNNGGACAG']	2	--	3	3	0.44885558568202205	0.36536699478163603	1.794922947883606	1000	0.28839802969931416	0.44233593836612656
['GATAA', 'CAGCACCNNGGACAG']	2	--	3	4	0.31172973356114675	0.21820662141568795	1.923694372177124	1000	0.13994606662538636	0.2964671762059895
['GATAA', 'CAGCACCNNGGACAG']	2	--	4	0	0.31654058275590075	0.23458674353398307	1.7476418018341064	1000	0.15773454392268135	0.3114389323963691
['GATAA', 'CAGCACCNNGGACAG']	2	--	4	1	0.3116263074944841	0.22428334891211762	1.921737551689148	1000	0.14213885617280286	0.3064278524003481
['GATAA', 'CAGCACCNNGGACAG']	2	--	4	2	0.3727760933721313	0.2823718221065754	1.84939444065094	1000	0.20851636644197977	0.35622732076683383
['GATAA', 'CAGCACCNNGGACAG']	2	--	4	3	0.33607785488957853	0.2525892639891925	1.7167514562606812	1000	0.175620320404702	0.32955820757368304
['GATAA', 'CAGCACCNNGGACAG']	2	--	4	4	0.27664131718416396	0.18311820503870513	1.8993728160858154	1000	0.10485763949948788	0.26137878132683806
['GATAA', 'CAGCACCNNGGACAG']	2	--	5	0	0.27406983258846324	0.1921159718687142	1.7182034254074097	1000	0.1152637722574125	0.2689681822289316
['GATAA', 'CAGCACCNNGGACAG']	2	--	5	1	0.22907502204130042	0.1417320849567653	1.864517331123352	1000	0.05958759221745051	0.22387658844499572
['GATAA', 'CAGCACCNNGGACAG']	2	--	5	2	0.22876618419601352	0.1383619559261204	1.7495743036270142	1000	0.06450644651694634	0.21221745458637878
['GATAA', 'CAGCACCNNGGACAG']	2	--	5	3	0.2008859906733182	0.11739743201967921	1.6230436563491821	1000	0.040428474999044096	0.1943663433574227
['GATAA', 'CAGCACCNNGGACAG']	2	--	5	4	0.257820546271812	0.16429744487526884	1.8863273859024048	1000	0.08603688471050945	0.24255798891665473
['GATAA', 'CAGCACCNNGGACAG']	2	--	6	0	0.14303965830235954	0.061085792208152676	1.627380132675171	1000	-0.015766406059534572	0.13793799719391223
['GATAA', 'CAGCACCNNGGACAG']	2	--	6	1	0.144501156120476	0.057158213661483034	1.805895209312439	1000	-0.024986289826747415	0.13930271177525563
['GATAA', 'CAGCACCNNGGACAG']	2	--	6	2	0.15924305749797746	0.06883881847916865	1.7013845443725586	1000	-0.005016684211933113	0.14269430639051134
['GATAA', 'CAGCACCNNGGACAG']	2	--	6	3	0.1557587642339067	0.07227018408243636	1.5917636156082153	1000	-0.004698763868801147	0.14923913841584255
['GATAA', 'CAGCACCNNGGACAG']	2	--	6	4	0.2052950024043312	0.11177187950995673	1.8499194383621216	1000	0.03351132740688409	0.190032445049174
['GATAA', 'CAGCACCNNGGACAG']	2	--	7	0	0.1517311455290133	0.06977727406034859	1.6334047317504883	1000	-0.007074921520109732	0.14662949516948165
['GATAA', 'CAGCACCNNGGACAG']	2	--	7	1	0.1350809354064538	0.04773798219854516	1.7993656396865845	1000	-0.03440651591522745	0.12988248031231778
['GATAA', 'CAGCACCNNGGACAG']	2	--	7	2	0.1458014631990713	0.0553972241802625	1.6920676231384277	1000	-0.018458271792766955	0.1292527120916052
['GATAA', 'CAGCACCNNGGACAG']	2	--	7	3	0.18389361031795146	0.10040501941756545	1.6112654209136963	1000	0.023436073145846014	0.17737397375097164
['GATAA', 'CAGCACCNNGGACAG']	2	--	7	4	0.1635492343526902	0.07002612758168923	1.8209834098815918	1000	-0.008234433254877398	0.14828667699753298
['GATAA', 'CAGCACCNNGGACAG']	2	--	8	0	0.1588106178712986	0.07685676252600741	1.638311743736267	1000	4.564247495144916e-06	0.15370896751176696
['GATAA', 'CAGCACCNNGGACAG']	2	--	8	1	0.1453278444764265	0.0579849127663492	1.8064682483673096	1000	-0.024159588034652332	0.1401294108801218
['GATAA', 'CAGCACCNNGGACAG']	2	--	8	2	0.19322910807859237	0.1028248475619522	1.7249418497085571	1000	0.028969354276151667	0.17668034622221057
['GATAA', 'CAGCACCNNGGACAG']	2	--	8	3	0.192775761810918	0.10928721390619471	1.6174219846725464	1000	0.03231825419833067	0.18625613599285387
['GATAA', 'CAGCACCNNGGACAG']	2	--	8	4	0.20778946027027675	0.11426632662698659	1.8516484498977661	1000	0.03600577721114287	0.1925269029151195
['GATAA', 'CAGCACCNNGGACAG']	2	--	9	0	0.20246560832583035	0.12051174760608134	1.6685711145401	1000	0.04365955336923748	0.19736395796629871
['GATAA', 'CAGCACCNNGGACAG']	2	--	9	1	0.1843582429470887	0.09701529511363789	1.8335219621658325	1000	0.014870803717937576	0.17915979860186834
['GATAA', 'CAGCACCNNGGACAG']	2	--	9	2	0.17890409264678236	0.08849984825351573	1.7150126695632935	1000	0.014644352280486272	0.16235534153931627
['GATAA', 'CAGCACCNNGGACAG']	2	--	9	3	0.24536996975175573	0.1618813896002854	1.65387761592865	1000	0.08491244064133704	0.2388503439336916
['GATAA', 'CAGCACCNNGGACAG']	2	--	9	4	0.19304214143927315	0.09951900779598298	1.8414263725280762	1000	0.021258458380139247	0.17777957333520022
['GATAA', 'CAGCACCNNGGACAG']	2	++	40	0	0.16079013818272953	0.07883628283743833	1.6396838426589966	1000	0.001984077851678792	0.1556884770742822
['GATAA', 'CAGCACCNNGGACAG']	2	++	40	1	0.15650324488274475	0.06916030779820963	1.8142144680023193	1000	-0.012984191659177443	0.1513048005375244
['GATAA', 'CAGCACCNNGGACAG']	2	++	40	2	0.17579939733991287	0.0853951475721884	1.7128605842590332	1000	0.011539651599158937	0.15925064623244678
['GATAA', 'CAGCACCNNGGACAG']	2	++	40	3	0.1596642215121091	0.0761756574840123	1.5944708585739136	1000	-0.0007932934063818488	0.15314460644296066
['GATAA', 'CAGCACCNNGGACAG']	2	++	40	4	0.18150318045794656	0.08798006293802993	1.8334282636642456	1000	0.009719508147728359	0.166240633851705
['GATAA', 'CAGCACCNNGGACAG']	2	++	41	0	0.16313740039736785	0.08118354505207666	1.6413109302520752	1000	0.004331345104871345	0.1580357500378362
['GATAA', 'CAGCACCNNGGACAG']	2	++	41	1	0.161916119346844	0.07457318226230887	1.8179664611816406	1000	-0.007571318538692652	0.15671767500162365
['GATAA', 'CAGCACCNNGGACAG']	2	++	41	2	0.17459586274917493	0.08419160760699262	1.7120263576507568	1000	0.010336110290348704	0.15804711164170884
['GATAA', 'CAGCACCNNGGACAG']	2	++	41	3	0.16109654677307297	0.07760798274497616	1.5954636335372925	1000	0.0006390352556061178	0.15457692095500883
['GATAA', 'CAGCACCNNGGACAG']	2	++	41	4	0.17525471753571467	0.08173159464134021	1.829097032546997	1000	0.0034710351483880257	0.15999214943164178
['GATAA', 'CAGCACCNNGGACAG']	2	++	42	0	0.15086965218409445	0.06891579683880326	1.6328076124191284	1000	-0.007936404787920128	0.14576800182456282
['GATAA', 'CAGCACCNNGGACAG']	2	++	42	1	0.15942146800041626	0.07207852016696545	1.8162373304367065	1000	-0.010065975931385477	0.15422302365519588
['GATAA', 'CAGCACCNNGGACAG']	2	++	42	2	0.17104459299150881	0.08064033784932649	1.7095648050308228	1000	0.0067848405326825685	0.15449583113512702
['GATAA', 'CAGCACCNNGGACAG']	2	++	42	3	0.1615436479207379	0.07805507314372538	1.595773458480835	1000	0.0010861185583914805	0.1550240006048424
['GATAA', 'CAGCACCNNGGACAG']	2	++	42	4	0.18055349225988213	0.08703038011442334	1.832769751548767	1000	0.0087698192778567	0.1652909349047249
['GATAA', 'CAGCACCNNGGACAG']	2	++	43	0	0.15041024352797716	0.06845639355714384	1.6324890851974487	1000	-0.008395810085001256	0.14530859316844552
['GATAA', 'CAGCACCNNGGACAG']	2	++	43	1	0.15458921771454553	0.06724628600446823	1.8128876686096191	1000	-0.014898217483762216	0.14939077336932516
['GATAA', 'CAGCACCNNGGACAG']	2	++	43	2	0.16606425489432952	0.07566000512660503	1.7061127424240112	1000	0.0018045101612864263	0.1495155037868634
['GATAA', 'CAGCACCNNGGACAG']	2	++	43	3	0.15975905919514427	0.07627047904367393	1.5945366621017456	1000	-0.0006984665982262232	0.15323942262816445
['GATAA', 'CAGCACCNNGGACAG']	2	++	43	4	0.1750706746014601	0.08154756783045916	1.8289694786071777	1000	0.003287003298952757	0.1598081172463029
['GATAA', 'CAGCACCNNGGACAG']	2	++	44	0	0.15168429100556885	0.06973044103473551	1.633372187614441	1000	-0.00712176059198788	0.1465826406460372
['GATAA', 'CAGCACCNNGGACAG']	2	++	44	1	0.1619255676437258	0.07458262518473281	1.8179728984832764	1000	-0.007561870241810877	0.1567271232985054
['GATAA', 'CAGCACCNNGGACAG']	2	++	44	2	0.16718247534132383	0.07677824169697285	1.7068878412246704	1000	0.0029227403494855634	0.15063373498277338
['GATAA', 'CAGCACCNNGGACAG']	2	++	44	3	0.15991607935538202	0.07642750457836951	1.594645380973816	1000	-0.000541445430277634	0.1533964427884022
['GATAA', 'CAGCACCNNGGACAG']	2	++	44	4	0.17405126893630218	0.08052816753975905	1.8282629251480103	1000	0.0022676056954815753	0.15878871158114494
['GATAA', 'CAGCACCNNGGACAG']	2	++	45	0	0.1590786850794153	0.07712482435966629	1.6384975910186768	1000	0.00027262155728024627	0.15397703471988367
['GATAA', 'CAGCACCNNGGACAG']	2	++	45	1	0.15812314947122155	0.07078021238668641	1.8153374195098877	1000	-0.011364284383471727	0.15292470512600118
['GATAA', 'CAGCACCNNGGACAG']	2	++	45	2	0.16561648731389253	0.07521223754616804	1.705802321434021	1000	0.0013567401455482167	0.1490677362064264
['GATAA', 'CAGCACCNNGGACAG']	2	++	45	3	0.16092702562390063	0.07743844009797246	1.595346212387085	1000	0.00046948597450602965	0.15440737830800513
['GATAA', 'CAGCACCNNGGACAG']	2	++	45	4	0.17630144694452846	0.08277833479906965	1.8298226594924927	1000	0.004517782024189773	0.16103890033828688
['GATAA', 'CAGCACCNNGGACAG']	2	++	46	0	0.15302677682928825	0.07107291610953924	1.6343027353286743	1000	-0.005779281486340774	0.1479251264697566
['GATAA', 'CAGCACCNNGGACAG']	2	++	46	1	0.1670199839830055	0.07967704689847037	1.82150399684906	1000	-0.0024674486960251218	0.16182155038670082
['GATAA', 'CAGCACCNNGGACAG']	2	++	46	2	0.1808169481831726	0.0904127091643638	1.7163385152816772	1000	0.016557211847719883	0.1642681970757065
['GATAA', 'CAGCACCNNGGACAG']	2	++	46	3	0.16369549484833334	0.08020693082023653	1.5972650051116943	1000	0.003237981189480942	0.15717587977918487
['GATAA', 'CAGCACCNNGGACAG']	2	++	46	4	0.18161406627209037	0.08809094875217373	1.8335050344467163	1000	0.009830391946450466	0.16635150891693312
['GATAA', 'CAGCACCNNGGACAG']	2	++	47	0	0.16029578480174006	0.07834192945644887	1.6393413543701172	1000	0.0014897305169543967	0.15519413444220842
['GATAA', 'CAGCACCNNGGACAG']	2	++	47	1	0.16651298987717764	0.07917004741818465	1.821152687072754	1000	-0.002974452375106029	0.16131453478304159
['GATAA', 'CAGCACCNNGGACAG']	2	++	47	2	0.17906101606677902	0.08865676629905453	1.7151213884353638	1000	0.014801267638796148	0.16251225421039722
['GATAA', 'CAGCACCNNGGACAG']	2	++	47	3	0.1643873918016701	0.08089881165019977	1.5977445840835571	1000	0.003929857988600802	0.1578677444857746
['GATAA', 'CAGCACCNNGGACAG']	2	++	47	4	0.1750952143759551	0.08157210223049631	1.8289865255355835	1000	0.003311542737544129	0.15983265702079788
['GATAA', 'CAGCACCNNGGACAG']	2	++	48	0	0.15293712012361035	0.07098326477831916	1.6342406272888184	1000	-0.005868927443103013	0.14783546976407871
['GATAA', 'CAGCACCNNGGACAG']	2	++	48	1	0.16390609835323053	0.0765631612686954	1.8193457126617432	1000	-0.005581335837366365	0.15870766475692585
['GATAA', 'CAGCACCNNGGACAG']	2	++	48	2	0.17279666624717366	0.08239242722836486	1.7107793092727661	1000	0.00853692588087757	0.15624792588862324
['GATAA', 'CAGCACCNNGGACAG']	2	++	48	3	0.16843996948876996	0.08495139471175747	1.6005537509918213	1000	0.007982443737387426	0.16192033292179014
['GATAA', 'CAGCACCNNGGACAG']	2	++	48	4	0.17637200282704493	0.08284887993267044	1.829871416091919	1000	0.004588322791043567	0.161109434722972
['GATAA', 'CAGCACCNNGGACAG']	2	++	49	0	0.15584287449909429	0.07388900840488742	1.6362547874450684	1000	-0.00296318919099259	0.15074122413956265
['GATAA', 'CAGCACCNNGGACAG']	2	++	49	1	0.1635646912934365	0.07622175420890137	1.8191090822219849	1000	-0.005922744576678473	0.15836624694821613
['GATAA', 'CAGCACCNNGGACAG']	2	++	49	2	0.16673363286931894	0.0763293777271366	1.7065767049789429	1000	0.0024738814182035363	0.15018487101293715
['GATAA', 'CAGCACCNNGGACAG']	2	++	49	3	0.16792782665233189	0.08443924650086154	1.600198745727539	1000	0.00747029955733488	0.16140820083426774
['GATAA', 'CAGCACCNNGGACAG']	2	++	49	4	0.17529724024614052	0.08177413347513955	1.8291264772415161	1000	0.0035135766694162933	0.16003469363989895
['GATAA', 'CAGCACCNNGGACAG']	2	+-	40	0	0.1665298334280465	0.08457598345721316	1.6436623334884644	1000	0.007723783174104222	0.16142818306851486
['GATAA', 'CAGCACCNNGGACAG']	2	+-	40	1	0.16281412675832416	0.07547119504824687	1.8185888528823853	1000	-0.006673306424561887	0.15761569316201948
['GATAA', 'CAGCACCNNGGACAG']	2	+-	40	2	0.17714864423159432	0.08674439446386985	1.7137959003448486	1000	0.012888897147225927	0.16059988237521253
['GATAA', 'CAGCACCNNGGACAG']	2	+-	40	3	0.1631757310306789	0.0796871562536664	1.5969047546386719	1000	0.002718206454959011	0.15665609446369907
['GATAA', 'CAGCACCNNGGACAG']	2	+-	40	4	0.183675751294971	0.09015264452397004	1.834934115409851	1000	0.011892085702825088	0.16841320468872945
['GATAA', 'CAGCACCNNGGACAG']	2	+-	41	0	0.1628211995448409	0.08086733882509187	1.6410918235778809	1000	0.004015133167525098	0.15771953843639358
['GATAA', 'CAGCACCNNGGACAG']	2	+-	41	1	0.17086798830690406	0.0835250458479111	1.8241714239120483	1000	0.0013805446270300423	0.1656695439616837
['GATAA', 'CAGCACCNNGGACAG']	2	+-	41	2	0.18064840518532704	0.09024414466868688	1.7162216901779175	1000	0.016388644664814052	0.16409964332894528
['GATAA', 'CAGCACCNNGGACAG']	2	+-	41	3	0.1612326172966525	0.07774403714518216	1.5955578088760376	1000	0.0007750928049085081	0.15471299147858836
['GATAA', 'CAGCACCNNGGACAG']	2	+-	41	4	0.17523876614484715	0.08171564862493051	1.8290859460830688	1000	0.0034550941705325643	0.15997620878968993
['GATAA', 'CAGCACCNNGGACAG']	2	+-	42	0	0.15654905676136835	0.07459519066716147	1.6367442607879639	1000	-0.0022570109595619193	0.1514474064018367
['GATAA', 'CAGCACCNNGGACAG']	2	+-	42	1	0.15881216571515636	0.07146923400507907	1.8158149719238281	1000	-0.010675268811344151	0.153613721369936
['GATAA', 'CAGCACCNNGGACAG']	2	+-	42	2	0.16704965099027935	0.07664539584809701	1.7067956924438477	1000	0.002789901554585637	0.15050088913389756
['GATAA', 'CAGCACCNNGGACAG']	2	+-	42	3	0.16108509917787492	0.07759652977532026	1.5954556465148926	1000	0.0006275788009502173	0.15456548410872645
['GATAA', 'CAGCACCNNGGACAG']	2	+-	42	4	0.18362226469055268	0.0900991579195517	1.8348969221115112	1000	0.011838596411177836	0.16835970733539543
['GATAA', 'CAGCACCNNGGACAG']	2	+-	43	0	0.1485495847261238	0.06659572400637478	1.6311994791030884	1000	-0.010256476948541385	0.1434479236176765
['GATAA', 'CAGCACCNNGGACAG']	2	+-	43	1	0.15865044827876693	0.07130751119423179	1.8157027959823608	1000	-0.010836990278576967	0.15345200393354655
['GATAA', 'CAGCACCNNGGACAG']	2	+-	43	2	0.16720357546280157	0.0767993310695349	1.7069023847579956	1000	0.0029438381196379895	0.15065483510425112
['GATAA', 'CAGCACCNNGGACAG']	2	+-	43	3	0.1603800777984942	0.07689150302148169	1.5949668884277344	1000	-7.745066635973796e-05	0.15386044123151438
['GATAA', 'CAGCACCNNGGACAG']	2	+-	43	4	0.1758170900551204	0.08229397253520375	1.8294868469238281	1000	0.004033417408998565	0.16055454344887884
['GATAA', 'CAGCACCNNGGACAG']	2	+-	44	0	0.15752951910502153	0.07557565838527251	1.6374238729476929	1000	-0.0012765398824147373	0.15242787949440556
['GATAA', 'CAGCACCNNGGACAG']	2	+-	44	1	0.1597914886737476	0.07244854621475462	1.8164936304092407	1000	-0.009695952570825225	0.15459304432852722
['GATAA', 'CAGCACCNNGGACAG']	2	+-	44	2	0.16465882342039434	0.07425455752929633	1.7051385641098022	1000	0.00039906474735121203	0.14811007231292822
['GATAA', 'CAGCACCNNGGACAG']	2	+-	44	3	0.1655751899798541	0.08208660982838376	1.5985679626464844	1000	0.00511765751039925	0.15905555341287428
['GATAA', 'CAGCACCNNGGACAG']	2	+-	44	4	0.17754554794303865	0.08402243579757986	1.8306849002838135	1000	0.005761874961013214	0.16228299058788143
['GATAA', 'CAGCACCNNGGACAG']	2	+-	45	0	0.16011094644772525	0.07815708572797624	1.6392130851745605	1000	0.0013048881320962137	0.1550092960881936
['GATAA', 'CAGCACCNNGGACAG']	2	+-	45	1	0.16660012058767099	0.07925716737976235	1.8212130069732666	1000	-0.0028873327494319525	0.16140166549353496
['GATAA', 'CAGCACCNNGGACAG']	2	+-	45	2	0.1714933817189353	0.0810891427001265	1.7098759412765503	1000	0.007233643368060896	0.1549446198625535
['GATAA', 'CAGCACCNNGGACAG']	2	+-	45	3	0.16164287116137005	0.07815429638435754	1.5958422422409058	1000	0.0011853508684212463	0.1551232453433059
['GATAA', 'CAGCACCNNGGACAG']	2	+-	45	4	0.17634509829110057	0.0828219915200996	1.829852819442749	1000	0.00456143337076189	0.16108255168485902
['GATAA', 'CAGCACCNNGGACAG']	2	+-	46	0	0.1612935099039736	0.07933964380976674	1.6400327682495117	1000	0.0024874401676216558	0.15619184879552628
['GATAA', 'CAGCACCNNGGACAG']	2	+-	46	1	0.16653888401504816	0.07919594693051303	1.8211705684661865	1000	-0.0029485508473559682	0.1613404396698278
['GATAA', 'CAGCACCNNGGACAG']	2	+-	46	2	0.17597117576137777	0.0855669259936533	1.7129795551300049	1000	0.011711430020623846	0.15942242465391168
['GATAA', 'CAGCACCNNGGACAG']	2	+-	46	3	0.16481525239026973	0.0813266722387994	1.5980411767959595	1000	0.004357720592622123	0.15829560507437423
['GATAA', 'CAGCACCNNGGACAG']	2	+-	46	4	0.18465190332343695	0.09112878042906246	1.8356108665466309	1000	0.012868231013218734	0.16938933521936403
['GATAA', 'CAGCACCNNGGACAG']	2	+-	47	0	0.15366874506929643	0.07171489509846307	1.6347475051879883	1000	-0.005137305856453096	0.14856710545868046
['GATAA', 'CAGCACCNNGGACAG']	2	+-	47	1	0.16324205184041787	0.0758991093814249	1.8188854455947876	1000	-0.006245388732347712	0.1580436074951975
['GATAA', 'CAGCACCNNGGACAG']	2	+-	47	2	0.1741771387389024	0.08377288359672007	1.7117360830307007	1000	0.009917386280076159	0.15762836613360492
['GATAA', 'CAGCACCNNGGACAG']	2	+-	47	3	0.1622985012732061	0.07880993724510929	1.596296787261963	1000	0.0018409825757994807	0.1557788647062263
['GATAA', 'CAGCACCNNGGACAG']	2	+-	47	4	0.17346074500673336	0.07993763286127456	1.8278535604476929	1000	0.0016770773991657696	0.15819819840049182
['GATAA', 'CAGCACCNNGGACAG']	2	+-	48	0	0.157244371869891	0.07529051652459981	1.6372262239456177	1000	-0.0015616874534488889	0.15214272151035935
['GATAA', 'CAGCACCNNGGACAG']	2	+-	48	1	0.16469409061273688	0.07735114815374391	1.8198918104171753	1000	-0.0047933519754503875	0.15949564626751653
['GATAA', 'CAGCACCNNGGACAG']	2	+-	48	2	0.17013956653809031	0.07973532214482366	1.7089375257492065	1000	0.005879829530830363	0.1535908154306242
['GATAA', 'CAGCACCNNGGACAG']	2	+-	48	3	0.1708583357806244	0.08736975562915406	1.6022299528121948	1000	0.010400804654784008	0.16433870996256025
['GATAA', 'CAGCACCNNGGACAG']	2	+-	48	4	0.17816175103216442	0.08463863888670561	1.831112027168274	1000	0.006378080065560668	0.16289919367700717
['GATAA', 'CAGCACCNNGGACAG']	2	+-	49	0	0.15042831245523344	0.06847445710994227	1.6325017213821411	1000	-0.00837774854762451	0.14532665134678613
['GATAA', 'CAGCACCNNGGACAG']	2	+-	49	1	0.1634186565250226	0.07607571406602964	1.8190077543258667	1000	-0.006068783375935735	0.15822021217980226
['GATAA', 'CAGCACCNNGGACAG']	2	+-	49	2	0.1682425549034108	0.07783831051014417	1.7076225280761719	1000	0.003982809162656879	0.15169380379594471
['GATAA', 'CAGCACCNNGGACAG']	2	+-	49	3	0.1669184819722494	0.08342989644632123	1.599498987197876	1000	0.0064609468155656545	0.1603988346563539
['GATAA', 'CAGCACCNNGGACAG']	2	+-	49	4	0.16983802720654942	0.07631490431217493	1.8253425359725952	1000	-0.0019456499742712106	0.15457546985139217
['GATAA', 'CAGCACCNNGGACAG']	2	-+	40	0	0.15233414894968533	0.07038028822993632	1.6338226795196533	1000	-0.006471909365943699	0.14723248784123802
['GATAA', 'CAGCACCNNGGACAG']	2	-+	40	1	0.14898315298894896	0.061640210529955976	1.8090019226074219	1000	-0.020504287583816633	0.1437846978948129
['GATAA', 'CAGCACCNNGGACAG']	2	-+	40	2	0.1635456119681064	0.07314135145146625	1.70436692237854	1000	-0.0007141376355391074	0.1469968608606403
['GATAA', 'CAGCACCNNGGACAG']	2	-+	40	3	0.15204172469864016	0.06855314454716983	1.5891872644424438	1000	-0.008415803068164057	0.14552208813166034
['GATAA', 'CAGCACCNNGGACAG']	2	-+	40	4	0.17783616637624977	0.08431305423079095	1.8308863639831543	1000	0.0060524994404893935	0.1625736197700082
['GATAA', 'CAGCACCNNGGACAG']	2	-+	41	0	0.14896697587085217	0.06701312052556098	1.6314888000488281	1000	-0.009839079757547957	0.1438653362602362
['GATAA', 'CAGCACCNNGGACAG']	2	-+	41	1	0.14689361752554422	0.05955066431763557	1.8075535297393799	1000	-0.022593833796137042	0.14169517318032385
['GATAA', 'CAGCACCNNGGACAG']	2	-+	41	2	0.16726764974916364	0.0768633946069813	1.706946849822998	1000	0.003007898969855466	0.15071889864169752
['GATAA', 'CAGCACCNNGGACAG']	2	-+	41	3	0.14938531292016027	0.06589673276868993	1.587346076965332	1000	-0.011072211487607814	0.14286567635318045
['GATAA', 'CAGCACCNNGGACAG']	2	-+	41	4	0.16583973154362813	0.07231662477262717	1.822571039199829	1000	-0.005943933376710555	0.15057717418847089
['GATAA', 'CAGCACCNNGGACAG']	2	-+	42	0	0.15223213099097666	0.07027826489676979	1.6337519884109497	1000	-0.00657393605814637	0.14713045913361367
['GATAA', 'CAGCACCNNGGACAG']	2	-+	42	1	0.14373116829473184	0.05638822583573888	1.8053616285324097	1000	-0.025756272278033728	0.1385327239495115
['GATAA', 'CAGCACCNNGGACAG']	2	-+	42	2	0.16306356609556932	0.07265933245121835	1.7040326595306396	1000	-0.001196164109642438	0.14651482573701888
['GATAA', 'CAGCACCNNGGACAG']	2	-+	42	3	0.14355245682265405	0.060063882045641545	1.5833029747009277	1000	-0.016905066913306812	0.1370328310045899
['GATAA', 'CAGCACCNNGGACAG']	2	-+	42	4	0.1754832179852173	0.08196011658867416	1.8292553424835205	1000	0.003699554408493063	0.16022067137897572
['GATAA', 'CAGCACCNNGGACAG']	2	-+	43	0	0.14109610386279028	0.05914225389195695	1.626033067703247	1000	-0.017709952437417055	0.13599445350325864
['GATAA', 'CAGCACCNNGGACAG']	2	-+	43	1	0.1482636635690644	0.060920721110071414	1.8085031509399414	1000	-0.021223775660086736	0.14306521922384402
['GATAA', 'CAGCACCNNGGACAG']	2	-+	43	2	0.1657816981478776	0.07537744838015312	1.7059168815612793	1000	0.001521955598208008	0.14923294704041148
['GATAA', 'CAGCACCNNGGACAG']	2	-+	43	3	0.14735330565346916	0.06386473625091449	1.5859375	1000	-0.013104212708033865	0.140833679835405
['GATAA', 'CAGCACCNNGGACAG']	2	-+	43	4	0.1680393681503321	0.07451625600487329	1.8240958452224731	1000	-0.0037443018085608153	0.15277682154409053
['GATAA', 'CAGCACCNNGGACAG']	2	-+	44	0	0.15691567002842946	0.0749618039342226	1.6369982957839966	1000	-0.001890395509127309	0.15181399817106644
['GATAA', 'CAGCACCNNGGACAG']	2	-+	44	1	0.15774024084799118	0.0703973091379139	1.8150718212127686	1000	-0.011747190319473173	0.15254179650277083
['GATAA', 'CAGCACCNNGGACAG']	2	-+	44	2	0.1691561052469627	0.07875185547923821	1.7082558870315552	1000	0.00489636286524491	0.15260735413949658
['GATAA', 'CAGCACCNNGGACAG']	2	-+	44	3	0.1637588704551763	0.08027029030370596	1.5973089933395386	1000	0.003301345375600978	0.15723923388819647
['GATAA', 'CAGCACCNNGGACAG']	2	-+	44	4	0.17958356385359428	0.08606047320596685	1.8320976495742798	1000	0.007799909010364062	0.16432101724735274
['GATAA', 'CAGCACCNNGGACAG']	2	-+	45	0	0.1542772304369647	0.07232337509167353	1.6351693868637085	1000	-0.004528826870953484	0.1491755693285174
['GATAA', 'CAGCACCNNGGACAG']	2	-+	45	1	0.15828670497219208	0.07094375176428343	1.815450668334961	1000	-0.011200741646838566	0.15308826062697173
['GATAA', 'CAGCACCNNGGACAG']	2	-+	45	2	0.16899740825587906	0.07859315848815455	1.7081457376480103	1000	0.004737659827896184	0.15244865714841294
['GATAA', 'CAGCACCNNGGACAG']	2	-+	45	3	0.16656001638327292	0.08307143623180259	1.5992504358291626	1000	0.006102489288275926	0.1600403798162931
['GATAA', 'CAGCACCNNGGACAG']	2	-+	45	4	0.17619036764990242	0.08266726087890147	1.8297456502914429	1000	0.004406704744985447	0.1609278102947452
['GATAA', 'CAGCACCNNGGACAG']	2	-+	46	0	0.1514335832962736	0.06947971720206673	1.6331983804702759	1000	-0.007372477706584358	0.14633192218782629
['GATAA', 'CAGCACCNNGGACAG']	2	-+	46	1	0.14483819912050439	0.057495256661511424	1.806128740310669	1000	-0.024649236077803345	0.13963975477528404
['GATAA', 'CAGCACCNNGGACAG']	2	-+	46	2	0.1681764060763227	0.07777215093414039	1.7075766324996948	1000	0.003916654625207317	0.1516276549688566
['GATAA', 'CAGCACCNNGGACAG']	2	-+	46	3	0.1509629742700189	0.06747438874409072	1.5884395837783813	1000	-0.009494552824978115	0.14444333770303908
['GATAA', 'CAGCACCNNGGACAG']	2	-+	46	4	0.17372974737051416	0.08020665134842887	1.8280400037765503	1000	0.0019460854733080145	0.1584672007642726
['GATAA', 'CAGCACCNNGGACAG']	2	-+	47	0	0.14949427467839754	0.06754040858419066	1.6318542957305908	1000	-0.009311790355303804	0.14439261356995023
['GATAA', 'CAGCACCNNGGACAG']	2	-+	47	1	0.14848783220554837	0.06114487899763973	1.8086585998535156	1000	-0.0209996150852895	0.14328938786032802
['GATAA', 'CAGCACCNNGGACAG']	2	-+	47	2	0.17207332871547606	0.08166907357329373	1.710277795791626	1000	0.007813581631107656	0.15552457760800995
['GATAA', 'CAGCACCNNGGACAG']	2	-+	47	3	0.148026284515211	0.06453772048711418	1.5864040851593018	1000	-0.012431231159063095	0.14150666944606252
['GATAA', 'CAGCACCNNGGACAG']	2	-+	47	4	0.16359532570312144	0.07007221355766263	1.8210153579711914	1000	-0.008188341904446164	0.1483327790968799
['GATAA', 'CAGCACCNNGGACAG']	2	-+	48	0	0.13963948605239207	0.05768563070710087	1.6250234842300415	1000	-0.019166570247815293	0.13453783569286043
['GATAA', 'CAGCACCNNGGACAG']	2	-+	48	1	0.14029965220664462	0.0529567151221095	1.8029829263687134	1000	-0.029187780304434193	0.13510120786142427
['GATAA', 'CAGCACCNNGGACAG']	2	-+	48	2	0.15993487920890445	0.06953062944117996	1.7018641233444214	1000	-0.004324865188235027	0.14338613885035403
['GATAA', 'CAGCACCNNGGACAG']	2	-+	48	3	0.14815890463685757	0.06467032985984508	1.5864959955215454	1000	-0.012298616411874352	0.14163927881879343
['GATAA', 'CAGCACCNNGGACAG']	2	-+	48	4	0.16709096982214913	0.073567868425606	1.8234384059906006	1000	-0.004692690731442554	0.15182843396482326
['GATAA', 'CAGCACCNNGGACAG']	2	-+	49	0	0.13408346827819656	0.052129602183989696	1.6211721897125244	1000	-0.02472259742731201	0.12898181791866492
['GATAA', 'CAGCACCNNGGACAG']	2	-+	49	1	0.13633746215148884	0.04899452506695372	1.8002365827560425	1000	-0.033149973046818895	0.1311390178062685
['GATAA', 'CAGCACCNNGGACAG']	2	-+	49	2	0.15095020455819233	0.06054594941601	1.695636510848999	1000	-0.01330954790063392	0.1344014534507262
['GATAA', 'CAGCACCNNGGACAG']	2	-+	49	3	0.14285155227797833	0.05936297750096584	1.5828171968460083	1000	-0.01760597145798251	0.1363319157109985
['GATAA', 'CAGCACCNNGGACAG']	2	-+	49	4	0.16018904806904832	0.06666593592358952	1.8186542987823486	1000	-0.011594626928398803	0.14492649071389108
['GATAA', 'CAGCACCNNGGACAG']	2	--	40	0	0.14829932847128707	0.06634545700262236	1.631026029586792	1000	-0.010506738577835968	0.14319766736283973
['GATAA', 'CAGCACCNNGGACAG']	2	--	40	1	0.14713687623627397	0.059793933777281004	1.8077222108840942	1000	-0.02235056568010606	0.14193843189105362
['GATAA', 'CAGCACCNNGGACAG']	2	--	40	2	0.16909802885554948	0.07869377908782497	1.708215594291687	1000	0.004838280763470221	0.15254927774808336
['GATAA', 'CAGCACCNNGGACAG']	2	--	40	3	0.15386354766814558	0.07037498364004877	1.5904501676559448	1000	-0.006593965318899588	0.14734392185008144
['GATAA', 'CAGCACCNNGGACAG']	2	--	40	4	0.17352729154370158	0.08000417402378496	1.827899694442749	1000	0.0017436168821580833	0.1582647234396287
['GATAA', 'CAGCACCNNGGACAG']	2	--	41	0	0.1547070903238806	0.07275324035304728	1.635467529296875	1000	-0.004098958250543584	0.14960545071326467
['GATAA', 'CAGCACCNNGGACAG']	2	--	41	1	0.15265823950632063	0.06531530242178549	1.8115493059158325	1000	-0.016829193004758197	0.14745980591001595
['GATAA', 'CAGCACCNNGGACAG']	2	--	41	2	0.16409723557183317	0.0736929858041087	1.7047492265701294	1000	-0.0001625033143876126	0.14754848446436708
['GATAA', 'CAGCACCNNGGACAG']	2	--	41	3	0.15505584964199903	0.0715672694905287	1.5912765264511108	1000	-0.005401681483841339	0.1485362130750192
['GATAA', 'CAGCACCNNGGACAG']	2	--	41	4	0.16909789986856133	0.07557478772310251	1.8248294591903687	1000	-0.0026857690826207407	0.15383535326231976
['GATAA', 'CAGCACCNNGGACAG']	2	--	42	0	0.1504713833603589	0.06851750114277852	1.6325315237045288	1000	-0.008334691750450885	0.14536972225191158
['GATAA', 'CAGCACCNNGGACAG']	2	--	42	1	0.1512357387542873	0.06389279092083648	1.810563325881958	1000	-0.018251703162092743	0.14603729440906693
['GATAA', 'CAGCACCNNGGACAG']	2	--	42	2	0.16958081640326841	0.07917655588662824	1.708550214767456	1000	0.005321066295767472	0.15303205454688662
['GATAA', 'CAGCACCNNGGACAG']	2	--	42	3	0.1441131740090452	0.06062458848311701	1.5836915969848633	1000	-0.016344360475831342	0.1375935266931497
['GATAA', 'CAGCACCNNGGACAG']	2	--	42	4	0.17868433106572673	0.08516122966918362	1.8314744234085083	1000	0.006900666145388061	0.1634217737105695
['GATAA', 'CAGCACCNNGGACAG']	2	--	43	0	0.15089006437496874	0.06893619828076186	1.632821798324585	1000	-0.007915999986925378	0.1457884140154371
['GATAA', 'CAGCACCNNGGACAG']	2	--	43	1	0.14286072110305245	0.05551778401851733	1.8047583103179932	1000	-0.026626711408026357	0.13766228750674778
['GATAA', 'CAGCACCNNGGACAG']	2	--	43	2	0.16106715923760678	0.07066292021879798	1.7026488780975342	1000	-0.0031925814645929252	0.14451841887905637
['GATAA', 'CAGCACCNNGGACAG']	2	--	43	3	0.15015591343409812	0.06666733865708563	1.5878801345825195	1000	-0.010301612317284423	0.1436362768671183
['GATAA', 'CAGCACCNNGGACAG']	2	--	43	4	0.17150575372088175	0.07798264157542295	1.8264983892440796	1000	-0.00027791502036055027	0.1562431963657245
['GATAA', 'CAGCACCNNGGACAG']	2	--	44	0	0.15348512134275333	0.07153126599746215	1.6346203088760376	1000	-0.0053209339497431755	0.1483834709832217
['GATAA', 'CAGCACCNNGGACAG']	2	--	44	1	0.15725519602797966	0.06991226431790239	1.8147356510162354	1000	-0.012232239170328067	0.15205676243167499
['GATAA', 'CAGCACCNNGGACAG']	2	--	44	2	0.17142436293136093	0.08102011316363644	1.7098281383514404	1000	0.007164611816149146	0.15487560107497914
['GATAA', 'CAGCACCNNGGACAG']	2	--	44	3	0.1668583955336042	0.08336982613104957	1.5994575023651123	1000	0.006400875828486749	0.1603387697155401
['GATAA', 'CAGCACCNNGGACAG']	2	--	44	4	0.1784338705814921	0.08491076918494897	1.8313007354736328	1000	0.006650202302117267	0.16317131322633485
['GATAA', 'CAGCACCNNGGACAG']	2	--	45	0	0.1641059099467861	0.08215204385257921	1.6419821977615356	1000	0.005299846592602813	0.15900424883833875
['GATAA', 'CAGCACCNNGGACAG']	2	--	45	1	0.16353803398255276	0.07619509689801762	1.8190906047821045	1000	-0.005949405918405588	0.15833958963733238
['GATAA', 'CAGCACCNNGGACAG']	2	--	45	2	0.1684800951909994	0.07807584004881707	1.707787275314331	1000	0.004220343403980385	0.1519313333346176
['GATAA', 'CAGCACCNNGGACAG']	2	--	45	3	0.1641653192037435	0.08067672830335748	1.5975908041000366	1000	0.0037077773289874412	0.157645671887848
['GATAA', 'CAGCACCNNGGACAG']	2	--	45	4	0.17745932014146232	0.08393620799600351	1.830625295639038	1000	0.005675647159436873	0.1621967520373894
['GATAA', 'CAGCACCNNGGACAG']	2	--	46	0	0.15045617364467323	0.06850230217600851	1.6325210332870483	1000	-0.008349896763485956	0.1453545232851416
['GATAA', 'CAGCACCNNGGACAG']	2	--	46	1	0.15331578292514753	0.0659728458406124	1.8120051622390747	1000	-0.016171649585931286	0.14811734932884285
['GATAA', 'CAGCACCNNGGACAG']	2	--	46	2	0.17289842623190607	0.0824941657152659	1.7108498811721802	1000	0.008638672429465359	0.15634966437552428
['GATAA', 'CAGCACCNNGGACAG']	2	--	46	3	0.1510472780156887	0.0675587032386762	1.5884978771209717	1000	-0.009410247063886613	0.14452765219762456
['GATAA', 'CAGCACCNNGGACAG']	2	--	46	4	0.1765194672012441	0.08299633893241178	1.829973578453064	1000	0.004735781454881292	0.1612568990971712
['GATAA', 'CAGCACCNNGGACAG']	2	--	47	0	0.15386366590621806	0.07190980518646903	1.6348828077316284	1000	-0.004942397783868829	0.14876200479777074
['GATAA', 'CAGCACCNNGGACAG']	2	--	47	1	0.1436534106387105	0.05631047355417537	1.8053076267242432	1000	-0.025834021872368315	0.13845496629349013
['GATAA', 'CAGCACCNNGGACAG']	2	--	47	2	0.16354282799894557	0.07313858898013675	1.7043650150299072	1000	-0.0007169031300011259	0.14699408764039512
['GATAA', 'CAGCACCNNGGACAG']	2	--	47	3	0.1518822215388806	0.06839365213632594	1.5890767574310303	1000	-0.008575291448164575	0.14536259572081645
['GATAA', 'CAGCACCNNGGACAG']	2	--	47	4	0.1672527195052856	0.0737296073598268	1.8235505819320679	1000	-0.004530948102281997	0.15199016215012837
['GATAA', 'CAGCACCNNGGACAG']	2	--	48	0	0.13355240735016355	0.05159853588149886	1.6208041906356812	1000	-0.025253661042573927	0.12845074624171623
['GATAA', 'CAGCACCNNGGACAG']	2	--	48	1	0.13813272455035164	0.05078978209135866	1.801481008529663	1000	-0.031354713335185025	0.13293428020513126
['GATAA', 'CAGCACCNNGGACAG']	2	--	48	2	0.15925692359920327	0.06885268458039445	1.7013943195343018	1000	-0.00500281206444223	0.14270818324065282
['GATAA', 'CAGCACCNNGGACAG']	2	--	48	3	0.143559454366761	0.06007086884083285	1.5833078622817993	1000	-0.01689808011811551	0.13703982854869687
['GATAA', 'CAGCACCNNGGACAG']	2	--	48	4	0.16167681623708408	0.06815370946608312	1.8196855783462524	1000	-0.010106848683254592	0.14641425888192686
['GATAA', 'CAGCACCNNGGACAG']	2	--	49	0	0.13444070849078565	0.052486837022120945	1.621419906616211	1000	-0.02436536258918076	0.12933904738233834
['GATAA', 'CAGCACCNNGGACAG']	2	--	49	1	0.13409307780881352	0.046750135349820546	1.7986809015274048	1000	-0.03539436276395207	0.12889463346359314
['GATAA', 'CAGCACCNNGGACAG']	2	--	49	2	0.14742529114177091	0.05702104137404643	1.6931930780410767	1000	-0.01683445728621195	0.1308765400343048
['GATAA', 'CAGCACCNNGGACAG']	2	--	49	3	0.14376111477381334	0.06027253999680084	1.5834474563598633	1000	-0.01669641164937643	0.13724147820683352
['GATAA', 'CAGCACCNNGGACAG']	2	--	49	4	0.156057444353877	0.06253432683396036	1.8157905340194702	1000	-0.015726225269112288	0.14079489774763546
['GATAA', 'CAGCACCNNGGACAG']	2	++	30	0	0.14564150858485322	0.06368766398847771	1.6291837692260742	1000	-0.013164536966438455	0.14053985822532158
['GATAA', 'CAGCACCNNGGACAG']	2	++	30	1	0.16029726815210374	0.07295432569311078	1.8168442249298096	1000	-0.009190171077047372	0.15509883455579906
['GATAA', 'CAGCACCNNGGACAG']	2	++	30	2	0.1796830665660341	0.0892788275472253	1.715552568435669	1000	0.015423332917810307	0.16313432620748367
['GATAA', 'CAGCACCNNGGACAG']	2	++	30	3	0.16353686235074377	0.08004830369710478	1.5971550941467285	1000	0.0030793517150238935	0.1570172472815953
['GATAA', 'CAGCACCNNGGACAG']	2	++	30	4	0.1860181335018911	0.0924950213564323	1.8365576267242432	1000	0.014234467909745184	0.17075557614673387
['GATAA', 'CAGCACCNNGGACAG']	2	++	31	0	0.1523237117525611	0.0703698402838964	1.6338154077529907	1000	-0.006482356640176385	0.14722205064411378
['GATAA', 'CAGCACCNNGGACAG']	2	++	31	1	0.15323575724791794	0.06589280941446712	1.8119497299194336	1000	-0.016251684668462104	0.14803731290269756
['GATAA', 'CAGCACCNNGGACAG']	2	++	31	2	0.17279505390982183	0.08239080414209735	1.7107781171798706	1000	0.008535304810031742	0.1562463028023557
['GATAA', 'CAGCACCNNGGACAG']	2	++	31	3	0.15820072439567637	0.07471216036757955	1.5934563875198364	1000	-0.002256796988959186	0.15168108782869655
['GATAA', 'CAGCACCNNGGACAG']	2	++	31	4	0.1795491350766747	0.08602602830567373	1.83207368850708	1000	0.007765467469107095	0.16428657772151745
['GATAA', 'CAGCACCNNGGACAG']	2	++	32	0	0.14690168996121908	0.06494784536484358	1.6300570964813232	1000	-0.011904358277301502	0.14180003960168744
['GATAA', 'CAGCACCNNGGACAG']	2	++	32	1	0.15236026881478512	0.06501732635579216	1.811342716217041	1000	-0.01712716235267923	0.14716182446956477
['GATAA', 'CAGCACCNNGGACAG']	2	++	32	2	0.17124196458120525	0.08083771481348076	1.709701657295227	1000	0.00698220943515008	0.15469320272482345
['GATAA', 'CAGCACCNNGGACAG']	2	++	32	3	0.1647828766562448	0.08129430187923231	1.598018765449524	1000	0.004325351912573113	0.15826324008926498
['GATAA', 'CAGCACCNNGGACAG']	2	++	32	4	0.1818844229992467	0.08836131622824574	1.8336924314498901	1000	0.01010075942252248	0.16662187639300513
['GATAA', 'CAGCACCNNGGACAG']	2	++	33	0	0.15242075296331045	0.07046689761801926	1.6338826417922974	1000	-0.006385301993282446	0.1473191026037788
['GATAA', 'CAGCACCNNGGACAG']	2	++	33	1	0.1524387251503256	0.06509579344024831	1.8113970756530762	1000	-0.017048706017138752	0.14724028080510523
['GATAA', 'CAGCACCNNGGACAG']	2	++	33	2	0.171968945995318	0.08156469622759352	1.7102055549621582	1000	0.0077092022699857595	0.1554202056367676
['GATAA', 'CAGCACCNNGGACAG']	2	++	33	3	0.16747249183525692	0.08398392243270227	1.5998831987380981	1000	0.007014968771103295	0.1609528552682771
['GATAA', 'CAGCACCNNGGACAG']	2	++	33	4	0.1736219034995075	0.0800987913540487	1.8279653787612915	1000	0.00183823723555436	0.15835935689326594
['GATAA', 'CAGCACCNNGGACAG']	2	++	34	0	0.152743327922835	0.07078946720308597	1.6341062784194946	1000	-0.00606273308002296	0.14764167756330335
['GATAA', 'CAGCACCNNGGACAG']	2	++	34	1	0.15741106605423977	0.07006811822078896	1.814843773841858	1000	-0.012076377205754727	0.15221262170901942
['GATAA', 'CAGCACCNNGGACAG']	2	++	34	2	0.17751005502346684	0.08710580525574235	1.7140463590621948	1000	0.01325031196994182	0.16096129316708505
['GATAA', 'CAGCACCNNGGACAG']	2	++	34	3	0.16665478957281402	0.08316620942134367	1.5993162393569946	1000	0.006197263821431472	0.16013516375474987
['GATAA', 'CAGCACCNNGGACAG']	2	++	34	4	0.1804874724197822	0.08696435489986554	1.8327240943908691	1000	0.0087038007813712	0.16522490431570927
['GATAA', 'CAGCACCNNGGACAG']	2	++	35	0	0.161743975462246	0.07979010399358132	1.6403449773788452	1000	0.0029379060617976825	0.15664232510271436
['GATAA', 'CAGCACCNNGGACAG']	2	++	35	1	0.1505422402125144	0.06319930312797925	1.8100825548171997	1000	-0.01894519632940782	0.145343795867294
['GATAA', 'CAGCACCNNGGACAG']	2	++	35	2	0.17529620835023535	0.08489195858251085	1.7125117778778076	1000	0.011036462609481396	0.15874745724276923
['GATAA', 'CAGCACCNNGGACAG']	2	++	35	3	0.16816114261605863	0.0846725624645883	1.60036039352417	1000	0.007703608131182108	0.16164150604907881
['GATAA', 'CAGCACCNNGGACAG']	2	++	35	4	0.1724913862929765	0.0789682741475177	1.8271816968917847	1000	0.0007077161661317942	0.15722881818890358
['GATAA', 'CAGCACCNNGGACAG']	2	++	36	0	0.14129706559032348	0.05934320487057446	1.6261723041534424	1000	-0.017508997427956162	0.13619540448187617
['GATAA', 'CAGCACCNNGGACAG']	2	++	36	1	0.1443779842957112	0.05703505796009174	1.8058098554611206	1000	-0.025109442840909785	0.13917955069940652
['GATAA', 'CAGCACCNNGGACAG']	2	++	36	2	0.1645171419628304	0.07411289219510593	1.705040454864502	1000	0.00025739439560056433	0.1479683908553643
['GATAA', 'CAGCACCNNGGACAG']	2	++	36	3	0.15363546642635445	0.07014689164934197	1.590291976928711	1000	-0.006822058653220848	0.14711584060829033
['GATAA', 'CAGCACCNNGGACAG']	2	++	36	4	0.16852090882383228	0.07499779130391564	1.8244293928146362	1000	-0.00326276315048232	0.15325835146867503
['GATAA', 'CAGCACCNNGGACAG']	2	++	37	0	0.1440547106566675	0.06210086068583417	1.6280837059020996	1000	-0.014751338925467539	0.13895307104605156
['GATAA', 'CAGCACCNNGGACAG']	2	++	37	1	0.14191260224667715	0.05456964903876851	1.8041009902954102	1000	-0.02757485176223302	0.13671414715254113
['GATAA', 'CAGCACCNNGGACAG']	2	++	37	2	0.15805700064413344	0.06765274550195112	1.7005624771118164	1000	-0.006202753158307254	0.14150823878775165
['GATAA', 'CAGCACCNNGGACAG']	2	++	37	3	0.15383867467726456	0.07035009452579422	1.59043288230896	1000	-0.00661885846399752	0.14731902736136906
['GATAA', 'CAGCACCNNGGACAG']	2	++	37	4	0.16522280827715188	0.07169971762952443	1.8221435546875	1000	-0.006560848581500049	0.1499602616709103
['GATAA', 'CAGCACCNNGGACAG']	2	++	38	0	0.13605381976455336	0.0540999536703465	1.6225380897521973	1000	-0.02275224862818413	0.13095215865610604
['GATAA', 'CAGCACCNNGGACAG']	2	++	38	1	0.13629488569648462	0.04895194861194949	1.8002070188522339	1000	-0.03319255218905204	0.13109644135126425
['GATAA', 'CAGCACCNNGGACAG']	2	++	38	2	0.15386020475536943	0.06345594961318711	1.6976535320281982	1000	-0.010399543000806193	0.13731145364790331
['GATAA', 'CAGCACCNNGGACAG']	2	++	38	3	0.14415362217874497	0.06066505815064817	1.5837197303771973	1000	-0.016303890808300185	0.13763399636068085
['GATAA', 'CAGCACCNNGGACAG']	2	++	38	4	0.16106590161447235	0.06754277872009787	1.819261908531189	1000	-0.010717781444661532	0.14580333351039945
['GATAA', 'CAGCACCNNGGACAG']	2	++	39	0	0.14339311489662965	0.06143924880242278	1.6276252269744873	1000	-0.015412952152493383	0.13829145378818233
['GATAA', 'CAGCACCNNGGACAG']	2	++	39	1	0.13240200464962656	0.045059070252320345	1.7975088357925415	1000	-0.037085430548681186	0.1272035603044062
['GATAA', 'CAGCACCNNGGACAG']	2	++	39	2	0.1524678547118155	0.06206360494409101	1.6966885328292847	1000	-0.011791886998095065	0.1359191036043494
['GATAA', 'CAGCACCNNGGACAG']	2	++	39	3	0.1447453714847012	0.06125679133323086	1.5841299295425415	1000	-0.015712156282103037	0.1382257349177214
['GATAA', 'CAGCACCNNGGACAG']	2	++	39	4	0.1592684356878954	0.06574532891689443	1.8180162906646729	1000	-0.01251522856063606	0.14400588908165382
['GATAA', 'CAGCACCNNGGACAG']	2	+-	30	0	0.15325542776361037	0.0713015616694035	1.6344611644744873	1000	-0.005550630216115055	0.14815377740407873
['GATAA', 'CAGCACCNNGGACAG']	2	+-	30	1	0.14901354017357327	0.061670603089038135	1.8090229034423828	1000	-0.02047389368112001	0.14381509582835292
['GATAA', 'CAGCACCNNGGACAG']	2	+-	30	2	0.1760474715648668	0.08564322179714232	1.713032603263855	1000	0.011787724480498401	0.15949872045740068
['GATAA', 'CAGCACCNNGGACAG']	2	+-	30	3	0.1665778273365529	0.08308924181062473	1.5992629528045654	1000	0.006120291508061916	0.16005818002065741
['GATAA', 'CAGCACCNNGGACAG']	2	+-	30	4	0.1880942650674442	0.09457113142415405	1.8379967212677002	1000	0.016310584695539237	0.17283169696337128
['GATAA', 'CAGCACCNNGGACAG']	2	+-	31	0	0.14410532730059958	0.06215147195530839	1.628118872642517	1000	-0.014700735717680076	0.13900367694106794
['GATAA', 'CAGCACCNNGGACAG']	2	+-	31	1	0.14715866428835517	0.059815732578277866	1.8077373504638672	1000	-0.02232876956633812	0.14196023069205047
['GATAA', 'CAGCACCNNGGACAG']	2	+-	31	2	0.16971209291045514	0.07930784314273064	1.7086412906646729	1000	0.005452348513315644	0.1531633525519047
['GATAA', 'CAGCACCNNGGACAG']	2	+-	31	3	0.16068702383462158	0.07719845443206694	1.595179796218872	1000	0.00022950603995592893	0.15416739801655746
['GATAA', 'CAGCACCNNGGACAG']	2	+-	31	4	0.1763693585937879	0.08284625182278695	1.8298696279525757	1000	0.004585688970798615	0.16110681198754634
['GATAA', 'CAGCACCNNGGACAG']	2	+-	32	0	0.15351587399051073	0.07156200789630388	1.6346418857574463	1000	-0.005290188691865299	0.1484142128820634
['GATAA', 'CAGCACCNNGGACAG']	2	+-	32	1	0.14777035283289577	0.06042741574836064	1.8081612586975098	1000	-0.021717083709026423	0.14257190848767543
['GATAA', 'CAGCACCNNGGACAG']	2	+-	32	2	0.1741749459601039	0.08377069619237941	1.711734652519226	1000	0.009915200219349957	0.15762618410372212
['GATAA', 'CAGCACCNNGGACAG']	2	+-	32	3	0.16796746865335577	0.08447887775296975	1.6002261638641357	1000	0.007509932824864768	0.16144782133746027
['GATAA', 'CAGCACCNNGGACAG']	2	+-	32	4	0.18200704662931189	0.08848394523276876	1.8337773084640503	1000	0.010223383724394892	0.16674448927415464
['GATAA', 'CAGCACCNNGGACAG']	2	+-	33	0	0.14835845825643684	0.06640459216222996	1.631066918373108	1000	-0.01044760341822836	0.1432568078969052
['GATAA', 'CAGCACCNNGGACAG']	2	+-	33	1	0.15388318593709097	0.06654024885255584	1.8123983144760132	1000	-0.01560425597928906	0.14868474159187062
['GATAA', 'CAGCACCNNGGACAG']	2	+-	33	2	0.17748792300608393	0.08708367323835944	1.7140309810638428	1000	0.013228175921715534	0.1609391718986178
['GATAA', 'CAGCACCNNGGACAG']	2	+-	33	3	0.17416098311863698	0.09067239221825096	1.6045191287994385	1000	0.013703443259302606	0.1676413358027415
['GATAA', 'CAGCACCNNGGACAG']	2	+-	33	4	0.17012577567927425	0.07660266890827329	1.8255419731140137	1000	-0.0016578887372090052	0.15486322907303268
['GATAA', 'CAGCACCNNGGACAG']	2	+-	34	0	0.1566430345311492	0.07468916306248448	1.6368093490600586	1000	-0.002163038228335298	0.15154137342270185
['GATAA', 'CAGCACCNNGGACAG']	2	+-	34	1	0.14545002740094884	0.05810707956749803	1.8065528869628906	1000	-0.024037415859045664	0.14025159380464416
['GATAA', 'CAGCACCNNGGACAG']	2	+-	34	2	0.1697451565750835	0.07934091218181685	1.708664059638977	1000	0.005485416880594628	0.1531964054676174
['GATAA', 'CAGCACCNNGGACAG']	2	+-	34	3	0.16771399847273102	0.08422541832126068	1.6000505685806274	1000	0.007256467346890634	0.1611943619057512
['GATAA', 'CAGCACCNNGGACAG']	2	+-	34	4	0.17953238826604692	0.08600925999721461	1.832062005996704	1000	0.007748705878720271	0.164269820161974
['GATAA', 'CAGCACCNNGGACAG']	2	+-	35	0	0.15268339196900932	0.07072953662371813	1.6340646743774414	1000	-0.006122667690234189	0.14758174160947768
['GATAA', 'CAGCACCNNGGACAG']	2	+-	35	1	0.14720703440891034	0.059864102698833035	1.807770848274231	1000	-0.022280396758554036	0.14200860081260563
['GATAA', 'CAGCACCNNGGACAG']	2	+-	35	2	0.1741396465210143	0.08373539137883199	1.7117102146148682	1000	0.009879902795682056	0.15759088466463253
['GATAA', 'CAGCACCNNGGACAG']	2	+-	35	3	0.15892581400062963	0.07543723922361714	1.5939589738845825	1000	-0.0015317125905119377	0.15240616668473414
['GATAA', 'CAGCACCNNGGACAG']	2	+-	35	4	0.17110903274100397	0.07758592597000301	1.8262234926223755	1000	-0.0006746294501178422	0.1558464861347624
['GATAA', 'CAGCACCNNGGACAG']	2	+-	36	0	0.1414344689794472	0.05948060825969817	1.6262675523757935	1000	-0.01737158732076016	0.13633280787099988
['GATAA', 'CAGCACCNNGGACAG']	2	+-	36	1	0.14259896350843926	0.055256037172819815	1.8045767545700073	1000	-0.026888460940952794	0.1374005191632189
['GATAA', 'CAGCACCNNGGACAG']	2	+-	36	2	0.15850566038457178	0.06810141599130515	1.7008734941482544	1000	-0.005754080653531533	0.1419569092771057
['GATAA', 'CAGCACCNNGGACAG']	2	+-	36	3	0.1495516308924603	0.06606305611544779	1.587461233139038	1000	-0.010905896202536718	0.14303199432548047
['GATAA', 'CAGCACCNNGGACAG']	2	+-	36	4	0.16893641890831682	0.07541330676285801	1.82471764087677	1000	-0.0028472497069616243	0.1536738615531596
['GATAA', 'CAGCACCNNGGACAG']	2	+-	37	0	0.14057867255983816	0.05862481184008915	1.6256744861602783	1000	-0.018227386427598094	0.13547702220030652
['GATAA', 'CAGCACCNNGGACAG']	2	+-	37	1	0.1412746648500486	0.053931722391055634	1.8036587238311768	1000	-0.028212770348259135	0.13607622050482823
['GATAA', 'CAGCACCNNGGACAG']	2	+-	37	2	0.15990884533513008	0.06950459019294777	1.7018461227416992	1000	-0.004350908803214219	0.14336008347874832
['GATAA', 'CAGCACCNNGGACAG']	2	+-	37	3	0.15142646751409417	0.06793790348599733	1.5887608528137207	1000	-0.009031046816565478	0.14490684169603002
['GATAA', 'CAGCACCNNGGACAG']	2	+-	37	4	0.15734167105461663	0.06381856428361567	1.816680669784546	1000	-0.014441994537529281	0.14207913519729076
['GATAA', 'CAGCACCNNGGACAG']	2	+-	38	0	0.13931871691070155	0.0573648508164947	1.6248010396957397	1000	-0.019487348794807006	0.13421704505333856
['GATAA', 'CAGCACCNNGGACAG']	2	+-	38	1	0.13218126491724413	0.044838325145480085	1.7973557710647583	1000	-0.03730617296829252	0.12698282057202379
['GATAA', 'CAGCACCNNGGACAG']	2	+-	38	2	0.14934248924009544	0.058938239472370944	1.6945221424102783	1000	-0.014917255157044054	0.13279373813262932
['GATAA', 'CAGCACCNNGGACAG']	2	+-	38	3	0.14539762643701407	0.06190905703445942	1.5845820903778076	1000	-0.015059897298946774	0.13887800061894995
['GATAA', 'CAGCACCNNGGACAG']	2	+-	38	4	0.1567587573573485	0.06323565058634753	1.8162767887115479	1000	-0.015024908234797412	0.14149621075110694
['GATAA', 'CAGCACCNNGGACAG']	2	+-	39	0	0.13807033784375114	0.05611648249845996	1.6239356994628906	1000	-0.02073572248729958	0.1329686874842195
['GATAA', 'CAGCACCNNGGACAG']	2	+-	39	1	0.13207788184624422	0.04473493938725126	1.7972840070724487	1000	-0.037409558726521346	0.12687943750102387
['GATAA', 'CAGCACCNNGGACAG']	2	+-	39	2	0.15247956028098986	0.06207532663663888	1.6966965198516846	1000	-0.011780173367233955	0.1359308199224394
['GATAA', 'CAGCACCNNGGACAG']	2	+-	39	3	0.1471314480338561	0.06364287325684363	1.5857837200164795	1000	-0.013326077045719188	0.1406118114668763
['GATAA', 'CAGCACCNNGGACAG']	2	+-	39	4	0.15981602844824258	0.06629291092832593	1.818395733833313	1000	-0.011967647892819016	0.14455347109308533
['GATAA', 'CAGCACCNNGGACAG']	2	-+	30	0	0.15575278783678922	0.07379892174258235	1.6361924409866333	1000	-0.0030532771969121247	0.15065113747725759
['GATAA', 'CAGCACCNNGGACAG']	2	-+	30	1	0.16014414984825745	0.07280120738926449	1.8167380094528198	1000	-0.009343297442580426	0.1549457055030371
['GATAA', 'CAGCACCNNGGACAG']	2	-+	30	2	0.17688635994011287	0.08648212092130406	1.7136139869689941	1000	0.012626623604660145	0.16033763033047813
['GATAA', 'CAGCACCNNGGACAG']	2	-+	30	3	0.17182535123076326	0.08833677107929291	1.6029002666473389	1000	0.011367822120344553	0.16530571466378344
['GATAA', 'CAGCACCNNGGACAG']	2	-+	30	4	0.19048078232214197	0.09695769167451453	1.8396508693695068	1000	0.01869713150975512	0.1752182464648161
['GATAA', 'CAGCACCNNGGACAG']	2	-+	31	0	0.14722354474339316	0.06526968939810197	1.6302802562713623	1000	-0.011582508869585274	0.14212189438386152
['GATAA', 'CAGCACCNNGGACAG']	2	-+	31	1	0.16158499899935472	0.07424207266373525	1.8177368640899658	1000	-0.007902428137266274	0.15638656540305002
['GATAA', 'CAGCACCNNGGACAG']	2	-+	31	2	0.1765378908427178	0.0861336410749933	1.7133725881576538	1000	0.012278146445578298	0.15998915048416734
['GATAA', 'CAGCACCNNGGACAG']	2	-+	31	3	0.16162861809917978	0.0781400433221673	1.595832347869873	1000	0.001171094531170745	0.15510898153219996
['GATAA', 'CAGCACCNNGGACAG']	2	-+	31	4	0.17872187702819323	0.08519876488273442	1.8315002918243408	1000	0.006938204046167788	0.16345931967303598
['GATAA', 'CAGCACCNNGGACAG']	2	-+	32	0	0.14607537781731736	0.06412152247202618	1.6294844150543213	1000	-0.012730675795661063	0.1409737382067014
['GATAA', 'CAGCACCNNGGACAG']	2	-+	32	1	0.1504798105102512	0.06313686267680037	1.8100392818450928	1000	-0.01900763409335778	0.14528135541611514
['GATAA', 'CAGCACCNNGGACAG']	2	-+	32	2	0.16032873022829597	0.06992447508611364	1.7021372318267822	1000	-0.003931023238241121	0.1437799576229985
['GATAA', 'CAGCACCNNGGACAG']	2	-+	32	3	0.1580621816214907	0.07457360147002036	1.5933603048324585	1000	-0.0023953464812171564	0.15154254505451087
['GATAA', 'CAGCACCNNGGACAG']	2	-+	32	4	0.18425090427511895	0.09072780287857582	1.8353327512741089	1000	0.012467245401045336	0.16898835766887738
['GATAA', 'CAGCACCNNGGACAG']	2	-+	33	0	0.1398695558435838	0.057915689749376914	1.625182867050171	1000	-0.01893650851831033	0.13476789473513645
['GATAA', 'CAGCACCNNGGACAG']	2	-+	33	1	0.15269270052998726	0.06534976881990996	1.8115731477737427	1000	-0.0167947306374771	0.1474942561847669
['GATAA', 'CAGCACCNNGGACAG']	2	-+	33	2	0.15608200562620334	0.06567775585847886	1.6991935968399048	1000	-0.008177736755514444	0.13953326526765292
['GATAA', 'CAGCACCNNGGACAG']	2	-+	33	3	0.15366292990591413	0.07017434975444378	1.590311050415039	1000	-0.0067946018917334925	0.1471432933389343
['GATAA', 'CAGCACCNNGGACAG']	2	-+	33	4	0.16880286363100616	0.07527974073663168	1.824625015258789	1000	-0.0029808137177662632	0.15354029552693327
['GATAA', 'CAGCACCNNGGACAG']	2	-+	34	0	0.1628587777540544	0.08090492240876324	1.6411176919937134	1000	0.004052722797461531	0.15775712739452277
['GATAA', 'CAGCACCNNGGACAG']	2	-+	34	1	0.16531996772597368	0.07797703064143854	1.8203257322311401	1000	-0.004167467808237676	0.16012151263183763
['GATAA', 'CAGCACCNNGGACAG']	2	-+	34	2	0.18225429318775851	0.09185004342003404	1.7173347473144531	1000	0.017994546103390126	0.16570553133137675
['GATAA', 'CAGCACCNNGGACAG']	2	-+	34	3	0.17690752455508468	0.09341895515253001	1.6064229011535645	1000	0.01644999947550936	0.17038788798810486
['GATAA', 'CAGCACCNNGGACAG']	2	-+	34	4	0.18922507249469853	0.09570197109815541	1.8387805223464966	1000	0.01744140824616708	0.17396252588845698
['GATAA', 'CAGCACCNNGGACAG']	2	-+	35	0	0.15488809131499806	0.07293423596970687	1.6355929374694824	1000	-0.0039179670006309905	0.14978643020655072
['GATAA', 'CAGCACCNNGGACAG']	2	-+	35	1	0.16825183121764173	0.08090888338419092	1.8223578929901123	1000	-0.001235613469943132	0.16305338687242138
['GATAA', 'CAGCACCNNGGACAG']	2	-+	35	2	0.1846556009504305	0.09425136193162169	1.7189992666244507	1000	0.020395863271363314	0.16810686059188007
['GATAA', 'CAGCACCNNGGACAG']	2	-+	35	3	0.1739514330074763	0.09046285285600598	1.6043740510940552	1000	0.01349390792790101	0.16743180718941217
['GATAA', 'CAGCACCNNGGACAG']	2	-+	35	4	0.1789716065861617	0.08544849981516074	1.831673502922058	1000	0.007187938978594105	0.16370905997992014
['GATAA', 'CAGCACCNNGGACAG']	2	-+	36	0	0.15079381858397964	0.06883994711531492	1.632755160331726	1000	-0.008012250480565086	0.14569215747553232
['GATAA', 'CAGCACCNNGGACAG']	2	-+	36	1	0.1467012871773012	0.05935835009276607	1.8074201345443726	1000	-0.02278614533377762	0.14150284283208084
['GATAA', 'CAGCACCNNGGACAG']	2	-+	36	2	0.1719668607056763	0.08156261093795181	1.7102041244506836	1000	0.007707110934078979	0.1554180988492945
['GATAA', 'CAGCACCNNGGACAG']	2	-+	36	3	0.16951132466340416	0.08602274451193381	1.601296305656433	1000	0.009053798240214383	0.16299169884534
['GATAA', 'CAGCACCNNGGACAG']	2	-+	36	4	0.17382596091475622	0.08030285414375526	1.8281066417694092	1000	0.002042297002128387	0.15856341430851467
['GATAA', 'CAGCACCNNGGACAG']	2	-+	37	0	0.1361487649367453	0.054194904216996284	1.6226037740707397	1000	-0.0226572927070765	0.13104710382829798
['GATAA', 'CAGCACCNNGGACAG']	2	-+	37	1	0.14723660467594304	0.05989367296586576	1.8077912330627441	1000	-0.02225082917875023	0.1420381603307227
['GATAA', 'CAGCACCNNGGACAG']	2	-+	37	2	0.1651144162114456	0.0747101664437211	1.7054543495178223	1000	0.0008546689591253799	0.14856566510397948
['GATAA', 'CAGCACCNNGGACAG']	2	-+	37	3	0.1653884060721014	0.0818998312950889	1.5984385013580322	1000	0.00493087964891163	0.15886878025403725
['GATAA', 'CAGCACCNNGGACAG']	2	-+	37	4	0.16579232882548406	0.07226922742894094	1.8225382566452026	1000	-0.005991333407625697	0.15052978221924251
['GATAA', 'CAGCACCNNGGACAG']	2	-+	38	0	0.1485285813448872	0.06657472062513817	1.6311849355697632	1000	-0.010277483688814154	0.14342692023643985
['GATAA', 'CAGCACCNNGGACAG']	2	-+	38	1	0.14851223224413954	0.06116928978514657	1.8086755275726318	1000	-0.02097520832862604	0.14331379864783486
['GATAA', 'CAGCACCNNGGACAG']	2	-+	38	2	0.16491639968680843	0.07451213917016826	1.7053171396255493	1000	0.0006566509229219463	0.14836763783042664
['GATAA', 'CAGCACCNNGGACAG']	2	-+	38	3	0.1561237006701219	0.07263513126756724	1.592016577720642	1000	-0.004333816347766652	0.14960408560097344
['GATAA', 'CAGCACCNNGGACAG']	2	-+	38	4	0.18459048401924757	0.09106739337162012	1.8355680704116821	1000	0.01280683455047517	0.16932794816192168
['GATAA', 'CAGCACCNNGGACAG']	2	-+	39	0	0.14693071203355218	0.06497686206271884	1.6300772428512573	1000	-0.011875344266655163	0.14182906167402054
['GATAA', 'CAGCACCNNGGACAG']	2	-+	39	1	0.14814141615104798	0.060798473692054995	1.8084185123443604	1000	-0.021346023078103155	0.1429429718058276
['GATAA', 'CAGCACCNNGGACAG']	2	-+	39	2	0.1666467278860548	0.07624247811833033	1.7065165042877197	1000	0.0023869871838551023	0.15009796602967304
['GATAA', 'CAGCACCNNGGACAG']	2	-+	39	3	0.1569514531687246	0.0734628783917121	1.5925904512405396	1000	-0.0035060705672362536	0.1504318166017448
['GATAA', 'CAGCACCNNGGACAG']	2	-+	39	4	0.17728648832626087	0.08376337080634423	1.83050537109375	1000	0.005502816016042659	0.16202392022218795
['GATAA', 'CAGCACCNNGGACAG']	2	--	30	0	0.1509097241417455	0.06895587417091215	1.6328352689743042	1000	-0.007896326112196794	0.14580807378221386
['GATAA', 'CAGCACCNNGGACAG']	2	--	30	1	0.1625322579424757	0.07518931548348273	1.8183934688568115	1000	-0.006955184645711571	0.15733380284833964
['GATAA', 'CAGCACCNNGGACAG']	2	--	30	2	0.18551794345968797	0.09511369369196349	1.7195969820022583	1000	0.021258195031705115	0.16896918160330618
['GATAA', 'CAGCACCNNGGACAG']	2	--	30	3	0.16784372713605997	0.08435516310796315	1.6001403331756592	1000	0.007386210118171415	0.1613241120669115
['GATAA', 'CAGCACCNNGGACAG']	2	--	30	4	0.19162659523568407	0.09810348309022528	1.8404451608657837	1000	0.019842929643538162	0.17636404862944252
['GATAA', 'CAGCACCNNGGACAG']	2	--	31	0	0.1530727714394784	0.0711189160941872	1.6343345642089844	1000	-0.005733279486271122	0.14797113182886243
['GATAA', 'CAGCACCNNGGACAG']	2	--	31	1	0.1511812202539638	0.06383829391834434	1.8105255365371704	1000	-0.018306206882657196	0.14598279740657477
['GATAA', 'CAGCACCNNGGACAG']	2	--	31	2	0.166245890071472	0.07584164030374752	1.7062386274337769	1000	0.0019861465140915626	0.14969714971292158
['GATAA', 'CAGCACCNNGGACAG']	2	--	31	3	0.16926426083652404	0.08577568068505372	1.6011250019073486	1000	0.008806725008033062	0.16274461352062855
['GATAA', 'CAGCACCNNGGACAG']	2	--	31	4	0.1806890360865934	0.08716593469005027	1.8328640460968018	1000	0.00890537654071255	0.1654265002292675
['GATAA', 'CAGCACCNNGGACAG']	2	--	32	0	0.14016329146234177	0.05820944149150843	1.6253864765167236	1000	-0.018642756776178812	0.1350616518517258
['GATAA', 'CAGCACCNNGGACAG']	2	--	32	1	0.15106139134197513	0.06371844888298216	1.810442328453064	1000	-0.018426046543561534	0.14586294699675476
['GATAA', 'CAGCACCNNGGACAG']	2	--	32	2	0.16458943916968685	0.0741852055253359	1.7050904035568237	1000	0.0003297058783606536	0.14804069881113643
['GATAA', 'CAGCACCNNGGACAG']	2	--	32	3	0.15882842882457857	0.07533985404756607	1.5938915014266968	1000	-0.001629098774273848	0.15230879225759875
['GATAA', 'CAGCACCNNGGACAG']	2	--	32	4	0.17646076737272148	0.08293766060172052	1.8299330472946167	1000	0.004677101444671963	0.16119822076647994
['GATAA', 'CAGCACCNNGGACAG']	2	--	33	0	0.14522402069988374	0.06327015998013473	1.628894329071045	1000	-0.013582036943938062	0.1401223703403521
['GATAA', 'CAGCACCNNGGACAG']	2	--	33	1	0.14878897382720915	0.061446042117131866	1.8088672161102295	1000	-0.020698454653026284	0.1435905294819888
['GATAA', 'CAGCACCNNGGACAG']	2	--	33	2	0.15686798783847775	0.06646373807075326	1.6997383832931519	1000	-0.0073917558868545116	0.14031923673101163
['GATAA', 'CAGCACCNNGGACAG']	2	--	33	3	0.16056476566768949	0.07707619626513483	1.595094919204712	1000	0.00010724425156298097	0.15404513984962534
['GATAA', 'CAGCACCNNGGACAG']	2	--	33	4	0.1694038892511933	0.07588078785465016	1.8250415325164795	1000	-0.002379772142157431	0.15414134264495175
['GATAA', 'CAGCACCNNGGACAG']	2	--	34	0	0.15900874188509254	0.07705488653980136	1.6384490728378296	1000	0.0002026880831683359	0.1539070915255609
['GATAA', 'CAGCACCNNGGACAG']	2	--	34	1	0.1676129694142648	0.08027003232972967	1.8219150304794312	1000	-0.001874464104524874	0.16241452506904444
['GATAA', 'CAGCACCNNGGACAG']	2	--	34	2	0.18953556567299998	0.0991313051563598	1.722381830215454	1000	0.025275806496101436	0.17298681456553386
['GATAA', 'CAGCACCNNGGACAG']	2	--	34	3	0.18343269681363913	0.09994410591325312	1.6109458208084106	1000	0.022975165015991526	0.176913070995575
['GATAA', 'CAGCACCNNGGACAG']	2	--	34	4	0.19009453078613545	0.09657141864067666	1.8393832445144653	1000	0.018310861163146168	0.1748319841798939
['GATAA', 'CAGCACCNNGGACAG']	2	--	35	0	0.15827852504736042	0.07632465895315356	1.6379430294036865	1000	-0.0005275437232686337	0.1531768639389131
['GATAA', 'CAGCACCNNGGACAG']	2	--	35	1	0.15756433484290558	0.0702213923839126	1.8149499893188477	1000	-0.011923107073474468	0.1523658904976852
['GATAA', 'CAGCACCNNGGACAG']	2	--	35	2	0.17728444603228188	0.08688020163901523	1.7138898372650146	1000	0.013024709696829152	0.16073570567373144
['GATAA', 'CAGCACCNNGGACAG']	2	--	35	3	0.1720958906894861	0.08860731053801578	1.6030879020690918	1000	0.011638364266296351	0.1655762541225063
['GATAA', 'CAGCACCNNGGACAG']	2	--	35	4	0.17988238370946844	0.08635928231292529	1.8323047161102295	1000	0.008098720804551433	0.16461983710322686
['GATAA', 'CAGCACCNNGGACAG']	2	--	36	0	0.14009026332921914	0.05813640260947013	1.6253358125686646	1000	-0.018715795658217113	0.13498860222077183
['GATAA', 'CAGCACCNNGGACAG']	2	--	36	1	0.14399609681947034	0.05665314361156168	1.8055452108383179	1000	-0.02549135718943985	0.1387976417253343
['GATAA', 'CAGCACCNNGGACAG']	2	--	36	2	0.16753070796257397	0.07712645819484949	1.7071291208267212	1000	0.0032709591986875004	0.1509819461061922
['GATAA', 'CAGCACCNNGGACAG']	2	--	36	3	0.1622733165637704	0.07878475253567357	1.596279263496399	1000	0.0018157990420264104	0.15575370149462192
['GATAA', 'CAGCACCNNGGACAG']	2	--	36	4	0.16901774520434357	0.07549462768442693	1.824773907661438	1000	-0.0027659286174409057	0.15375517710027065
['GATAA', 'CAGCACCNNGGACAG']	2	--	37	0	0.14305868388311124	0.061104812414446534	1.6273934841156006	1000	-0.015747380478782873	0.13795702277466393
['GATAA', 'CAGCACCNNGGACAG']	2	--	37	1	0.14391607114224073	0.056573134057705594	1.8054897785186768	1000	-0.02557137211775377	0.13871762679702038
['GATAA', 'CAGCACCNNGGACAG']	2	--	37	2	0.16089111349661736	0.07048686372889286	1.7025269269943237	1000	-0.0033686369467872015	0.14434237313806692
['GATAA', 'CAGCACCNNGGACAG']	2	--	37	3	0.16391297765926505	0.08042440288225255	1.597415804862976	1000	0.003455456274629498	0.1573933518412009
['GATAA', 'CAGCACCNNGGACAG']	2	--	37	4	0.15998511964078774	0.06646201286978679	1.8185129165649414	1000	-0.011798548638587078	0.1447225730345462
['GATAA', 'CAGCACCNNGGACAG']	2	--	38	0	0.14275964904892352	0.060805777580258825	1.6271860599517822	1000	-0.016046416656585044	0.13765799868939188
['GATAA', 'CAGCACCNNGGACAG']	2	--	38	1	0.14886328108129757	0.061520343996762435	1.808918833732605	1000	-0.02062415411701017	0.14366483673607722
['GATAA', 'CAGCACCNNGGACAG']	2	--	38	2	0.1673054644345221	0.07690120929233976	1.7069731950759888	1000	0.0030457092884669315	0.1507567025781403
['GATAA', 'CAGCACCNNGGACAG']	2	--	38	3	0.15707932226964108	0.07359074211817077	1.5926791429519653	1000	-0.0033782065048739798	0.1505596749537456
['GATAA', 'CAGCACCNNGGACAG']	2	--	38	4	0.17839441131203476	0.0848713045410338	1.8312734365463257	1000	0.006610743032659931	0.16313185395687751
['GATAA', 'CAGCACCNNGGACAG']	2	--	39	0	0.15265760532029557	0.07070373385163087	1.6340469121932983	1000	-0.006148461057020231	0.14755594421184826
['GATAA', 'CAGCACCNNGGACAG']	2	--	39	1	0.14748056206619195	0.06013762498165681	1.8079603910446167	1000	-0.022006873132115797	0.14228211772097157
['GATAA', 'CAGCACCNNGGACAG']	2	--	39	2	0.16499763999150974	0.0745933955982431	1.7053734064102173	1000	0.0007378984495509873	0.14844889963295932
['GATAA', 'CAGCACCNNGGACAG']	2	--	39	3	0.1668971238767954	0.08340855984869858	1.5994843244552612	1000	0.006439606187099608	0.16037750880764692
['GATAA', 'CAGCACCNNGGACAG']	2	--	39	4	0.1817878117451245	0.08826468885075003	1.8336254358291626	1000	0.010004134060448469	0.1665252436410516
