motif_seq	motif_counts	orientation_pattern	spacing	model_fold	log2_fc_vs_baseline	log2_fc_vs_single	mean_prediction	n_sequences
GATAA	2	++	50	0	0.4322077940654903	0.21206602386229406	1.5283637046813965	1000
GATAA	2	++	50	1	0.40297865462075255	0.2053399973653632	1.366926908493042	1000
GATAA	2	++	50	2	0.37435356124150765	0.18545817948851315	1.1988002061843872	1000
GATAA	2	++	50	3	0.4157670265649347	0.21517308393061294	1.371734857559204	1000
GATAA	2	++	50	4	0.4168160777395351	0.20849087001398936	1.3868495225906372	1000
GATAA	2	+-	50	0	0.4396345638733617	0.21949270767884002	1.5335115194320679	1000
GATAA	2	+-	50	1	0.40387382431849345	0.20623516706310413	1.3675473928451538	1000
GATAA	2	+-	50	2	0.37611926412225344	0.18722383937359618	1.2000240087509155	1000
GATAA	2	+-	50	3	0.4178699444283597	0.21727604478970064	1.373192548751831	1000
GATAA	2	+-	50	4	0.416533295265854	0.20820800154898275	1.3866534233093262	1000
GATAA	2	-+	50	0	0.4901846505195382	0.27004285881851053	1.5685502290725708	1000
GATAA	2	-+	50	1	0.4212293245433257	0.22359064579010496	1.379577398300171	1000
GATAA	2	-+	50	2	0.42103713393098646	0.2321417736758233	1.2311588525772095	1000
GATAA	2	-+	50	3	0.46377714443618107	0.2631832232996906	1.4050129652023315	1000
GATAA	2	-+	50	4	0.4684958754235667	0.2601706676980209	1.4226713180541992	1000
GATAA	3	+++	50	0	0.641325927802839	0.42118413610181143	1.6733132600784302	1000
GATAA	3	+++	50	1	0.5873916525443097	0.389752973791089	1.4947521686553955	1000
GATAA	3	+++	50	2	0.5715414304711542	0.3826460487181597	1.3354804515838623	1000
GATAA	3	+++	50	3	0.6099955043298595	0.4094014757042123	1.5063637495040894	1000
GATAA	3	+++	50	4	0.61970590277155	0.4113806950460042	1.5274819135665894	1000
GATAA	3	+-+	50	0	0.6772952393175412	0.45715340462085086	1.6982454061508179	1000
GATAA	3	+-+	50	1	0.5959543247654672	0.3983156460122465	1.5006874799728394	1000
GATAA	3	+-+	50	2	0.5886337542445036	0.39973837249150906	1.3473278284072876	1000
GATAA	3	+-+	50	3	0.6467186158032933	0.44612467316897153	1.5318183898925781	1000
GATAA	3	+-+	50	4	0.6481272827008479	0.43980203197963935	1.5471822023391724	1000
GATAA	3	++-	50	0	0.6670987749088497	0.44695698320782207	1.6911777257919312	1000
GATAA	3	++-	50	1	0.589197040421742	0.391558404664184	1.4960036277770996	1000
GATAA	3	++-	50	2	0.5779093030976633	0.3890139643403315	1.3398942947387695	1000
GATAA	3	++-	50	3	0.6258301189774491	0.4252361763431274	1.5173394680023193	1000
GATAA	3	++-	50	4	0.6309516333331554	0.42262642560760966	1.5352771282196045	1000
GATAA	4	++++	50	0	0.8283822130788322	0.6082404213778045	1.8029707670211792	1000
GATAA	4	++++	50	1	0.7676108535265772	0.5699722177690193	1.6196706295013428	1000
GATAA	4	++++	50	2	0.7333313575479277	0.5444359757949332	1.447624683380127	1000
GATAA	4	++++	50	3	0.8022990662750022	0.6017050806450178	1.6396584510803223	1000
GATAA	4	++++	50	4	0.8066817001669393	0.5983564924413934	1.6570837497711182	1000
GATAA	4	+-+-	50	0	0.8471945353434605	0.6270528296337583	1.8160104751586914	1000
GATAA	4	+-+-	50	1	0.7518875976454212	0.5542489188922005	1.6087720394134521	1000
GATAA	4	+-+-	50	2	0.7350084463678164	0.5461129786234964	1.4487870931625366	1000
GATAA	4	+-+-	50	3	0.8077306223545515	0.6071366797202298	1.643423318862915	1000
GATAA	4	+-+-	50	4	0.8119965660178781	0.6036713152966696	1.6607677936553955	1000
GATAA	4	++--	50	0	0.82486662972122	0.6047247950245297	1.8005338907241821	1000
GATAA	4	++--	50	1	0.7532053287163321	0.5555666929587741	1.6096855401992798	1000
GATAA	4	++--	50	2	0.7165286095629686	0.5276332708056367	1.435977816581726	1000
GATAA	4	++--	50	3	0.7716152975692668	0.5710213979306078	1.6183900833129883	1000
GATAA	4	++--	50	4	0.7886438157791461	0.5803186510492632	1.6445809602737427	1000
GATAA	4	+--+	50	0	0.9341179207512158	0.7139760860545254	1.8762611150741577	1000
GATAA	4	+--+	50	1	0.8125795012129775	0.6149408654554196	1.6508405208587646	1000
GATAA	4	+--+	50	2	0.8081733916891978	0.619278052931866	1.4995012283325195	1000
GATAA	4	+--+	50	3	0.8813718736274976	0.6807779309931757	1.694467544555664	1000
GATAA	4	+--+	50	4	0.8854861285927631	0.6771609208672174	1.7117068767547607	1000
GATAA	2	++	30	0	0.42003189533669333	0.19989008213783438	1.5199239253997803	1000
GATAA	2	++	30	1	0.3845321394545094	0.18689348219912008	1.3541407585144043	1000
GATAA	2	++	30	2	0.3690720170291735	0.1801766460250947	1.1951394081115723	1000
GATAA	2	++	30	3	0.3913756730976423	0.19078173046332053	1.354828119277954	1000
GATAA	2	++	30	4	0.39879951920044904	0.19047426847924054	1.374361276626587	1000
GATAA	2	++	31	0	0.44371218653399347	0.22357035183730314	1.5363378524780273	1000
GATAA	2	++	31	1	0.4022571874003831	0.20461850864716236	1.366426706314087	1000
GATAA	2	++	31	2	0.38098615816335735	0.19209073341470007	1.2033977508544922	1000
GATAA	2	++	31	3	0.4077397363359131	0.20714581519942268	1.3661707639694214	1000
GATAA	2	++	31	4	0.4104717667361943	0.2021464945171544	1.3824520111083984	1000
GATAA	2	++	32	0	0.42259508176948996	0.20245326857063095	1.5217007398605347	1000
GATAA	2	++	32	1	0.3859181906334755	0.18827955487591752	1.355101466178894	1000
GATAA	2	++	32	2	0.36934804918380837	0.18045271042647654	1.1953307390213013	1000
GATAA	2	++	32	3	0.3954022599066305	0.19480831727230874	1.357619047164917	1000
GATAA	2	++	32	4	0.3944528296825424	0.186127643454828	1.37134850025177	1000
GATAA	2	++	33	0	0.4531126292431664	0.23297077304864475	1.5428537130355835	1000
GATAA	2	++	33	1	0.3979599858902622	0.20032135013270422	1.3634482622146606	1000
GATAA	2	++	33	2	0.3910449934556958	0.20214961170270132	1.2103698253631592	1000
GATAA	2	++	33	3	0.415619981398447	0.21502603876412524	1.3716328144073486	1000
GATAA	2	++	33	4	0.4253038085205792	0.21697857929720205	1.3927327394485474	1000
GATAA	2	++	34	0	0.41858973481788325	0.19844787862336158	1.518924355506897	1000
GATAA	2	++	34	1	0.3878176960165925	0.19017903876120318	1.356418251991272	1000
GATAA	2	++	34	2	0.36743547311922575	0.17854006986839988	1.1940048933029175	1000
GATAA	2	++	34	3	0.39432844323030586	0.19373441460465865	1.356874704360962	1000
GATAA	2	++	34	4	0.3955801759589481	0.18725494673557097	1.3721299171447754	1000
GATAA	2	++	35	0	0.4497409523686638	0.22959913916980482	1.5405166149139404	1000
GATAA	2	++	35	1	0.41705023211868486	0.21941155336546414	1.376680612564087	1000
GATAA	2	++	35	2	0.38807984057217015	0.19918450181483835	1.2083145380020142	1000
GATAA	2	++	35	3	0.41595229487557667	0.21535830924559218	1.3718632459640503	1000
GATAA	2	++	35	4	0.4178910123030904	0.20956574008405057	1.3875945806503296	1000
GATAA	2	++	36	0	0.41686887641335	0.19672704171665967	1.5177314281463623	1000
GATAA	2	++	36	1	0.3891352551048525	0.19149659784946316	1.3573312759399414	1000
GATAA	2	++	36	2	0.3655765126460497	0.17668116313980217	1.1927164793014526	1000
GATAA	2	++	36	3	0.3908301441291055	0.19023622299261506	1.354449987411499	1000
GATAA	2	++	36	4	0.40251322657185507	0.1941880833398034	1.376935601234436	1000
GATAA	2	++	37	0	0.46415516230277754	0.24401332760608718	1.5505077838897705	1000
GATAA	2	++	37	1	0.404791136782533	0.20715252252280633	1.3681832551956177	1000
GATAA	2	++	37	2	0.39727820366657934	0.20838282191358481	1.2146904468536377	1000
GATAA	2	++	37	3	0.4205320208854024	0.2199380352554179	1.3750375509262085	1000
GATAA	2	++	37	4	0.4406483156088725	0.23232310788332677	1.4033688306808472	1000
GATAA	2	++	38	0	0.431100655750561	0.2109587995560393	1.5275962352752686	1000
GATAA	2	++	38	1	0.3971488727131305	0.19951021545774114	1.3628859519958496	1000
GATAA	2	++	38	2	0.3787871019981	0.18989174174293685	1.2018733024597168	1000
GATAA	2	++	38	3	0.40024511937227636	0.19965119823578595	1.3609758615493774	1000
GATAA	2	++	38	4	0.41340819851702587	0.2050829907914801	1.3844873905181885	1000
GATAA	2	++	39	0	0.48353898291622294	0.26339719121519534	1.56394362449646	1000
GATAA	2	++	39	1	0.43261857462707615	0.23497996036734953	1.3874716758728027	1000
GATAA	2	++	39	2	0.4182839926603119	0.22938861090731738	1.229250431060791	1000
GATAA	2	++	39	3	0.44485836491066866	0.24426442227634687	1.3918994665145874	1000
GATAA	2	++	39	4	0.4457111408849719	0.2373858901637634	1.406877875328064	1000
GATAA	2	+-	30	0	0.4338945999051528	0.21375274371063108	1.5295329093933105	1000
GATAA	2	+-	30	1	0.39077575461577013	0.19313709736038076	1.3584685325622559	1000
GATAA	2	+-	30	2	0.3700462127549859	0.1811508310019914	1.195814609527588	1000
GATAA	2	+-	30	3	0.40434669061704076	0.20375276948055035	1.363818883895874	1000
GATAA	2	+-	30	4	0.40577242679269343	0.19744719756931634	1.3791946172714233	1000
GATAA	2	+-	31	0	0.41282298455180244	0.1926811928507748	1.5149270296096802	1000
GATAA	2	+-	31	1	0.3815208092292271	0.18388215197383773	1.3520535230636597	1000
GATAA	2	+-	31	2	0.3723055488393706	0.1834101670863761	1.1973806619644165	1000
GATAA	2	+-	31	3	0.3865835055183383	0.1859895198883538	1.3515063524246216	1000
GATAA	2	+-	31	4	0.3996517792267997	0.1913265715012539	1.3749521970748901	1000
GATAA	2	+-	32	0	0.4475884175104649	0.22744658281377456	1.5390247106552124	1000
GATAA	2	+-	32	1	0.4043708971751497	0.20673223991976036	1.367891788482666	1000
GATAA	2	+-	32	2	0.38421685225981517	0.19532149200465201	1.205636978149414	1000
GATAA	2	+-	32	3	0.40576503153870636	0.20517111040221592	1.3648020029067993	1000
GATAA	2	+-	32	4	0.41578164509025806	0.20745639436904956	1.3861325979232788	1000
GATAA	2	+-	33	0	0.41697155005591513	0.19682975835488747	1.5178025960922241	1000
GATAA	2	+-	33	1	0.39980720854751695	0.20216861578562165	1.3647286891937256	1000
GATAA	2	+-	33	2	0.36338278794296913	0.1744873954410589	1.1911958456039429	1000
GATAA	2	+-	33	3	0.3929293213698742	0.19233537873555243	1.3559050559997559	1000
GATAA	2	+-	33	4	0.396066112938961	0.1877408622177525	1.3724666833877563	1000
GATAA	2	+-	34	0	0.44404179128437204	0.2239000210811758	1.5365662574768066	1000
GATAA	2	+-	34	1	0.4054935569243194	0.20785489966893006	1.3686702251434326	1000
GATAA	2	+-	34	2	0.38513829230747537	0.19624293205231222	1.2062755823135376	1000
GATAA	2	+-	34	3	0.41044678625615644	0.20985286511966603	1.3680472373962402	1000
GATAA	2	+-	34	4	0.40768388497004543	0.19935867724449965	1.3805195093154907	1000
GATAA	2	+-	35	0	0.42750578839090114	0.20736395369421082	1.5251045227050781	1000
GATAA	2	+-	35	1	0.3894325271168689	0.1917938698614795	1.3575373888015747	1000
GATAA	2	+-	35	2	0.37390898608902734	0.18501362583386413	1.1984919309616089	1000
GATAA	2	+-	35	3	0.40053331929945973	0.19993935516730657	1.3611756563186646	1000
GATAA	2	+-	35	4	0.4025138715067958	0.1941886422834187	1.3769360780715942	1000
GATAA	2	+-	36	0	0.454065327137621	0.23392349244093064	1.5435140132904053	1000
GATAA	2	+-	36	1	0.4003599177917273	0.20272128203416928	1.3651118278503418	1000
GATAA	2	+-	36	2	0.38644733825451766	0.19755191350586043	1.2071830034255981	1000
GATAA	2	+-	36	3	0.41271794614778795	0.21212398201563484	1.3696213960647583	1000
GATAA	2	+-	36	4	0.4222730012600866	0.2139477720367095	1.390631914138794	1000
GATAA	2	+-	37	0	0.43806161054857046	0.21791979734971148	1.5324211120605469	1000
GATAA	2	+-	37	1	0.40388693799562175	0.2062482807402324	1.3675564527511597	1000
GATAA	2	+-	37	2	0.38134800966077265	0.1924526494056095	1.2036484479904175	1000
GATAA	2	+-	37	3	0.4078544057683759	0.20726048463188548	1.3662502765655518	1000
GATAA	2	+-	37	4	0.41683779054920655	0.20851258282366078	1.3868646621704102	1000
GATAA	2	+-	38	0	0.46504629040822315	0.2449044127158701	1.5511255264282227	1000
GATAA	2	+-	38	1	0.41509767008777665	0.21745905582805003	1.3753271102905273	1000
GATAA	2	+-	38	2	0.39740349302773287	0.20850813277256972	1.2147772312164307	1000
GATAA	2	+-	38	3	0.43154957346497563	0.23095567382631657	1.3826744556427002	1000
GATAA	2	+-	38	4	0.423837613426311	0.2155123842029339	1.391716480255127	1000
GATAA	2	+-	39	0	0.44792597645844584	0.22778414176175554	1.539258599281311	1000
GATAA	2	+-	39	1	0.40767679068569734	0.21003813343030797	1.3701833486557007	1000
GATAA	2	+-	39	2	0.3936628273758041	0.20476746712064092	1.2121844291687012	1000
GATAA	2	+-	39	3	0.4168822480644546	0.21628828393230146	1.3725078105926514	1000
GATAA	2	+-	39	4	0.42119299320833087	0.21286778548278512	1.3898833990097046	1000
GATAA	2	-+	30	0	0.47574361129188986	0.2556017765951995	1.5585404634475708	1000
GATAA	2	-+	30	1	0.4168687044306991	0.21923002567747843	1.3765547275543213	1000
GATAA	2	-+	30	2	0.40679886224870543	0.21790345899787952	1.2212895154953003	1000
GATAA	2	-+	30	3	0.4432121469766099	0.24261818284445671	1.3907582759857178	1000
GATAA	2	-+	30	4	0.43569052873678765	0.22736529951341053	1.3999322652816772	1000
GATAA	2	-+	31	0	0.41895468200301417	0.19881286880415516	1.5191771984100342	1000
GATAA	2	-+	31	1	0.3904429681863506	0.19280428943312988	1.3582377433776855	1000
GATAA	2	-+	31	2	0.36269365346096183	0.17379826095905163	1.1907182931900024	1000
GATAA	2	-+	31	3	0.3945546864075159	0.19396076527102546	1.3570314645767212	1000
GATAA	2	-+	31	4	0.39031337925892545	0.18198815003554833	1.3684792518615723	1000
GATAA	2	-+	32	0	0.45769429005781437	0.23755249835678677	1.5460295677185059	1000
GATAA	2	-+	32	1	0.40989618379941917	0.2122575265440298	1.371721625328064	1000
GATAA	2	-+	32	2	0.4018673887222025	0.2129720499648707	1.2178713083267212	1000
GATAA	2	-+	32	3	0.42302787611038617	0.22243391197823306	1.376767635345459	1000
GATAA	2	-+	32	4	0.423068893972617	0.21474372924273394	1.391183614730835	1000
GATAA	2	-+	33	0	0.4074699815480348	0.18732816834917582	1.5112165212631226	1000
GATAA	2	-+	33	1	0.380078949680056	0.18244029242466667	1.3510539531707764	1000
GATAA	2	-+	33	2	0.3622449507248608	0.1733495797207819	1.190407156944275	1000
GATAA	2	-+	33	3	0.38276553366484667	0.18217159103052488	1.3488599061965942	1000
GATAA	2	-+	33	4	0.3874488792218172	0.17912368224518715	1.366493821144104	1000
GATAA	2	-+	34	0	0.47364224127232263	0.2535004280734637	1.5570837259292603	1000
GATAA	2	-+	34	1	0.4072878519207711	0.20964923766104446	1.3699138164520264	1000
GATAA	2	-+	34	2	0.4205104800583818	0.23161514130105001	1.2307937145233154	1000
GATAA	2	-+	34	3	0.44268785786545456	0.2420938722354701	1.390394926071167	1000
GATAA	2	-+	34	4	0.4515410087839194	0.24321577956054227	1.410918951034546	1000
GATAA	2	-+	35	0	0.41907244712319247	0.19893061242650212	1.519258737564087	1000
GATAA	2	-+	35	1	0.38940836355442265	0.19176968480120193	1.3575206995010376	1000
GATAA	2	-+	35	2	0.38014288423051423	0.19124748097968838	1.2028130292892456	1000
GATAA	2	-+	35	3	0.39473135558561473	0.1941374344491243	1.3571540117263794	1000
GATAA	2	-+	35	4	0.3998635758613372	0.19153836813579145	1.3750988245010376	1000
GATAA	2	-+	36	0	0.4537253174368652	0.2335834612423435	1.543278455734253	1000
GATAA	2	-+	36	1	0.40422148724721263	0.206582872987486	1.367788314819336	1000
GATAA	2	-+	36	2	0.3901308626706973	0.20123548091770277	1.2097362279891968	1000
GATAA	2	-+	36	3	0.418911901318612	0.21831798018212162	1.3739148378372192	1000
GATAA	2	-+	36	4	0.4323063401244347	0.22398108940322625	1.397586464881897	1000
GATAA	2	-+	37	0	0.41401387841770193	0.19387208671667433	1.5157525539398193	1000
GATAA	2	-+	37	1	0.39409729854754627	0.19645861979432555	1.3607707023620605	1000
GATAA	2	-+	37	2	0.35839739785542074	0.16950202685134189	1.1877402067184448	1000
GATAA	2	-+	37	3	0.38747622446330443	0.186882303326814	1.3521252870559692	1000
GATAA	2	-+	37	4	0.3952624810071418	0.18693723028593331	1.3719096183776855	1000
GATAA	2	-+	38	0	0.47767841611409645	0.2575365814174061	1.559881329536438	1000
GATAA	2	-+	38	1	0.4231293028787325	0.22549071011683727	1.3808943033218384	1000
GATAA	2	-+	38	2	0.4110857447997745	0.22219040604244267	1.2242611646652222	1000
GATAA	2	-+	38	3	0.43429566344696485	0.23370174231047441	1.3845778703689575	1000
GATAA	2	-+	38	4	0.44908217282453383	0.24075692210332533	1.4092146158218384	1000
GATAA	2	-+	39	0	0.4366446024924491	0.2165027892935901	1.531438946723938	1000
GATAA	2	-+	39	1	0.41485203586668185	0.21721342160695523	1.3751569986343384	1000
GATAA	2	-+	39	2	0.38546729511857597	0.1965719133655814	1.2065036296844482	1000
GATAA	2	-+	39	3	0.4056356575895948	0.205041714955273	1.3647123575210571	1000
GATAA	2	-+	39	4	0.4144378586477415	0.20611258642870164	1.385201096534729	1000
GATAA	3	+++	30	0	0.6881014682148667	0.46795967651383913	1.7057355642318726	1000
GATAA	3	+++	30	1	0.6353007736038369	0.4376621378462789	1.5279603004455566	1000
GATAA	3	+++	30	2	0.6172066078935489	0.4283112261405544	1.3671330213546753	1000
GATAA	3	+++	30	3	0.6462852625187817	0.4456912768887972	1.5315178632736206	1000
GATAA	3	+++	30	4	0.6564828448147039	0.44815763708915807	1.5529738664627075	1000
GATAA	3	+++	31	0	0.6940033968445257	0.4738616051434981	1.7098265886306763	1000
GATAA	3	+++	31	1	0.6370641977144587	0.4394256049525634	1.5291826725006104	1000
GATAA	3	+++	31	2	0.615197893527134	0.4263025117741395	1.3657407760620117	1000
GATAA	3	+++	31	3	0.6482554957670661	0.4476615101370816	1.5328835248947144	1000
GATAA	3	+++	31	4	0.6483757116400192	0.4400505469101361	1.5473544597625732	1000
GATAA	3	+++	32	0	0.641534800732312	0.42139300903128435	1.6734579801559448	1000
GATAA	3	+++	32	1	0.5868398892046791	0.38920129644278384	1.4943698644638062	1000
GATAA	3	+++	32	2	0.583858612947635	0.3949632311946405	1.3440179824829102	1000
GATAA	3	+++	32	3	0.614204134774786	0.41361019214046424	1.509281039237976	1000
GATAA	3	+++	32	4	0.6273979128227145	0.41907270509716876	1.5328136682510376	1000
GATAA	3	+++	33	0	0.6808286658751803	0.46068678818282727	1.7006944417953491	1000
GATAA	3	+++	33	1	0.6155903149407402	0.41795167918318227	1.5142980813980103	1000
GATAA	3	+++	33	2	0.6141352557231154	0.4252398739701209	1.3650041818618774	1000
GATAA	3	+++	33	3	0.6437879454412656	0.4431940028069438	1.5297868251800537	1000
GATAA	3	+++	33	4	0.655888472773322	0.4475633080434389	1.55256187915802	1000
GATAA	3	+++	34	0	0.6602104827808298	0.4400687340754649	1.6864030361175537	1000
GATAA	3	+++	34	1	0.6161497315083343	0.4185110957507763	1.5146857500076294	1000
GATAA	3	+++	34	2	0.5917959132545927	0.4029004885059354	1.3495197296142578	1000
GATAA	3	+++	34	3	0.6240061999693863	0.42341234332639	1.5160752534866333	1000
GATAA	3	+++	34	4	0.6372090930978106	0.42888388537226485	1.539614200592041	1000
GATAA	3	+++	35	0	0.7028864727442407	0.48274463804755036	1.7159837484359741	1000
GATAA	3	+++	35	1	0.6435980335990503	0.44595935484582966	1.533711552619934	1000
GATAA	3	+++	35	2	0.624717348230704	0.43582192348204685	1.372339129447937	1000
GATAA	3	+++	35	3	0.654085750626978	0.4534917220013308	1.5369248390197754	1000
GATAA	3	+++	35	4	0.6572886265296588	0.4489633758084503	1.5535324811935425	1000
GATAA	3	+++	36	0	0.6391868075914074	0.41904501589037985	1.6718305349349976	1000
GATAA	3	+++	36	1	0.5769193279636343	0.3792806922060763	1.4874933958053589	1000
GATAA	3	+++	36	2	0.5669092067571526	0.3780138250041581	1.332269549369812	1000
GATAA	3	+++	36	3	0.6039007401529206	0.40330679751859877	1.5021392107009888	1000
GATAA	3	+++	36	4	0.6039940837366764	0.39566879001980515	1.5165914297103882	1000
GATAA	3	+++	37	0	0.6853118236265465	0.4651699889298562	1.7038019895553589	1000
GATAA	3	+++	37	1	0.6140309482453672	0.41639231248780917	1.5132172107696533	1000
GATAA	3	+++	37	2	0.6079467180057936	0.41905129325713636	1.3607145547866821	1000
GATAA	3	+++	37	3	0.6418778201294578	0.44128387749513603	1.5284628868103027	1000
GATAA	3	+++	37	4	0.6514576837391435	0.4431324330179349	1.5494906902313232	1000
GATAA	3	+++	38	0	0.657052666332675	0.4369108746316474	1.6842142343521118	1000
GATAA	3	+++	38	1	0.6018892740640919	0.40425059531087115	1.5048012733459473	1000
GATAA	3	+++	38	2	0.5838090389485238	0.39491374318685474	1.3439836502075195	1000
GATAA	3	+++	38	3	0.6168682750236391	0.41627437538498	1.5111275911331177	1000
GATAA	3	+++	38	4	0.6301037588644018	0.42177855113885604	1.53468918800354	1000
GATAA	3	+++	39	0	0.7033063683863222	0.48316449069396916	1.7162748575210571	1000
GATAA	3	+++	39	1	0.6289323420337125	0.4312937062761545	1.5235459804534912	1000
GATAA	3	+++	39	2	0.6110089980913941	0.4221136163383995	1.362837314605713	1000
GATAA	3	+++	39	3	0.6503341640767194	0.44974026443806037	1.534324288368225	1000
GATAA	3	+++	39	4	0.6565425227945533	0.4482172720733448	1.5530152320861816	1000
GATAA	3	+-+	30	0	0.7263616746303869	0.5062197969380339	1.7322555780410767	1000
GATAA	3	+-+	30	1	0.653875544831961	0.45623690907440295	1.5408354997634888	1000
GATAA	3	+-+	30	2	0.6359211580211618	0.44702581926382995	1.3801050186157227	1000
GATAA	3	+-+	30	3	0.689483262823224	0.4888893201889022	1.5614604949951172	1000
GATAA	3	+-+	30	4	0.6810512114253968	0.472726003699851	1.5700033903121948	1000
GATAA	3	+-+	31	0	0.653689674582041	0.4335478828810133	1.6818832159042358	1000
GATAA	3	+-+	31	1	0.6142193122437246	0.41658067648616665	1.5133477449417114	1000
GATAA	3	+-+	31	2	0.5829704945385795	0.39407511278558494	1.34340238571167	1000
GATAA	3	+-+	31	3	0.6202791209468758	0.4196851783125539	1.5134919881820679	1000
GATAA	3	+-+	31	4	0.6153146267514071	0.40698933303453594	1.5244382619857788	1000
GATAA	3	+-+	32	0	0.6757713440439086	0.45562950934721824	1.6971890926361084	1000
GATAA	3	+-+	32	1	0.6164605041584433	0.4188218254052226	1.5149012804031372	1000
GATAA	3	+-+	32	2	0.6026582084960995	0.413762826743105	1.3570489883422852	1000
GATAA	3	+-+	32	3	0.6435103224471104	0.44291637981278853	1.5295945405960083	1000
GATAA	3	+-+	32	4	0.6524375118967716	0.4441122611755631	1.550169825553894	1000
GATAA	3	+-+	33	0	0.6351932844470476	0.41505149274602	1.6690624952316284	1000
GATAA	3	+-+	33	1	0.6111486050082319	0.41351001224633666	1.5112193822860718	1000
GATAA	3	+-+	33	2	0.5723216297667933	0.38342633400512427	1.3360211849212646	1000
GATAA	3	+-+	33	3	0.6073771114661359	0.4067832118274769	1.5045487880706787	1000
GATAA	3	+-+	33	4	0.6079125794495973	0.39958737172405157	1.5193074941635132	1000
GATAA	3	+-+	34	0	0.6997341167452509	0.4795923680398859	1.7137988805770874	1000
GATAA	3	+-+	34	1	0.6220491663895558	0.42441053063199774	1.5187749862670898	1000
GATAA	3	+-+	34	2	0.6155809848819309	0.4266856031289364	1.3660063743591309	1000
GATAA	3	+-+	34	3	0.662623098402796	0.4620291127728115	1.5428423881530762	1000
GATAA	3	+-+	34	4	0.6704343784223339	0.46210917069678814	1.5626442432403564	1000
GATAA	3	+-+	35	0	0.6442138174804647	0.42407202577943703	1.6753149032592773	1000
GATAA	3	+-+	35	1	0.5934914042181236	0.39585276846056566	1.4989802837371826	1000
GATAA	3	+-+	35	2	0.5742282724299211	0.38533293367258936	1.3373427391052246	1000
GATAA	3	+-+	35	3	0.6182535952763389	0.4176596526420172	1.5120879411697388	1000
GATAA	3	+-+	35	4	0.6142737447527227	0.405948537027177	1.5237168073654175	1000
GATAA	3	+-+	36	0	0.6803637537742354	0.46022191907754506	1.7003722190856934	1000
GATAA	3	+-+	36	1	0.597233789696561	0.3995951969346658	1.5015743970870972	1000
GATAA	3	+-+	36	2	0.5903677263261652	0.40147234457317066	1.3485298156738281	1000
GATAA	3	+-+	36	3	0.6335775074421915	0.43298356480786976	1.522709608078003	1000
GATAA	3	+-+	36	4	0.6380083824676955	0.42968313174648703	1.540168285369873	1000
GATAA	3	+-+	37	0	0.6374314666653762	0.4172896749643486	1.6706137657165527	1000
GATAA	3	+-+	37	1	0.6074161945235446	0.40977751577032384	1.5086321830749512	1000
GATAA	3	+-+	37	2	0.5634931583587274	0.37459773361007015	1.3299016952514648	1000
GATAA	3	+-+	37	3	0.6071752468296857	0.406581304195364	1.5044089555740356	1000
GATAA	3	+-+	37	4	0.6099032786333343	0.4015780709077886	1.5206873416900635	1000
GATAA	3	+-+	38	0	0.708683706935187	0.48854191523415935	1.7200020551681519	1000
GATAA	3	+-+	38	1	0.6259882140292548	0.42834962126735954	1.521505355834961	1000
GATAA	3	+-+	38	2	0.6118848627365756	0.4229895239792438	1.3634443283081055	1000
GATAA	3	+-+	38	3	0.6639097006139006	0.4633158439709043	1.5437343120574951	1000
GATAA	3	+-+	38	4	0.6643470094993821	0.4560218017738363	1.5584248304367065	1000
GATAA	3	+-+	39	0	0.6437607291867665	0.4236188944900762	1.6750010251998901	1000
GATAA	3	+-+	39	1	0.6000467809297358	0.40240818816784063	1.5035241842269897	1000
GATAA	3	+-+	39	2	0.5626457998379263	0.37375037508926906	1.3293144702911377	1000
GATAA	3	+-+	39	3	0.6070450129673198	0.4064510703329981	1.5043185949325562	1000
GATAA	3	+-+	39	4	0.6174608412471869	0.40913559052597837	1.5259259939193726	1000
GATAA	3	++-	30	0	0.688199885286823	0.46805805059013267	1.7058038711547852	1000
GATAA	3	++-	30	1	0.62441156307747	0.4267729703155747	1.5204123258590698	1000
GATAA	3	++-	30	2	0.6080536052233048	0.419158266465973	1.3607888221740723	1000
GATAA	3	++-	30	3	0.6370288552797063	0.4364348696497219	1.5251017808914185	1000
GATAA	3	++-	30	4	0.6479487217135895	0.4396235569837065	1.5470584630966187	1000
GATAA	3	++-	31	0	0.6719275747927875	0.4517856971004344	1.6945246458053589	1000
GATAA	3	++-	31	1	0.6094632610211018	0.41182462526354385	1.5100511312484741	1000
GATAA	3	++-	31	2	0.5999915315031462	0.4110961927458144	1.3552005290985107	1000
GATAA	3	++-	31	3	0.6279330368408741	0.42733913720221506	1.5187971591949463	1000
GATAA	3	++-	31	4	0.6427599191457332	0.4344347114201874	1.5434619188308716	1000
GATAA	3	++-	32	0	0.6524353621136357	0.4322935704126082	1.6810137033462524	1000
GATAA	3	++-	32	1	0.5960260845265397	0.398387405773319	1.5007373094558716	1000
GATAA	3	++-	32	2	0.573464411486114	0.3845690727287822	1.33681321144104	1000
GATAA	3	++-	32	3	0.6078518695738427	0.40725796993518365	1.5048779249191284	1000
GATAA	3	++-	32	4	0.6203845033161919	0.41205929559064614	1.5279524326324463	1000
GATAA	3	++-	33	0	0.69041682764777	0.4702749929510797	1.7073405981063843	1000
GATAA	3	++-	33	1	0.6405344206479057	0.442895741894685	1.5315879583358765	1000
GATAA	3	++-	33	2	0.6223164274289965	0.43342113166732743	1.3706750869750977	1000
GATAA	3	++-	33	3	0.6457488486307407	0.4451549059964189	1.5311461687088013	1000
GATAA	3	++-	33	4	0.6613494808818314	0.453024230160623	1.556347131729126	1000
GATAA	3	++-	34	0	0.6629199404581851	0.4427781917528203	1.6882810592651367	1000
GATAA	3	++-	34	1	0.603592461251249	0.405953825493691	1.505981683731079	1000
GATAA	3	++-	34	2	0.5827876339850496	0.3938922952277178	1.343275785446167	1000
GATAA	3	++-	34	3	0.6211352075872081	0.420541307948549	1.5140851736068726	1000
GATAA	3	++-	34	4	0.6272821255030211	0.41895683178614995	1.53273344039917	1000
GATAA	3	++-	35	0	0.6822064188912422	0.46206454119888923	1.7016494274139404	1000
GATAA	3	++-	35	1	0.6219912512318777	0.4243526154743197	1.5187348127365112	1000
GATAA	3	++-	35	2	0.6134499048594272	0.42455452310643266	1.3645291328430176	1000
GATAA	3	++-	35	3	0.6419707767522492	0.4413767911222647	1.5285273790359497	1000
GATAA	3	++-	35	4	0.6477094938462393	0.43938428612069363	1.546892523765564	1000
GATAA	3	++-	36	0	0.6661822363667391	0.446040358674386	1.690542221069336	1000
GATAA	3	++-	36	1	0.5976514495641814	0.4000128138066234	1.501863718032837	1000
GATAA	3	++-	36	2	0.5849651493232864	0.3960698105659545	1.3447849750518799	1000
GATAA	3	++-	36	3	0.6200759234448813	0.4194819378148968	1.5133509635925293	1000
GATAA	3	++-	36	4	0.625535684679172	0.41721043395796353	1.5315229892730713	1000
GATAA	3	++-	37	0	0.6740463580557546	0.45390443736773883	1.695993185043335	1000
GATAA	3	++-	37	1	0.6154069384392578	0.4177683456773625	1.5141710042953491	1000
GATAA	3	++-	37	2	0.5988772129125434	0.40998178816388614	1.3544280529022217	1000
GATAA	3	++-	37	3	0.6318673119620117	0.43127336932769	1.52152419090271	1000
GATAA	3	++-	37	4	0.6426001472630817	0.4342748965418731	1.5433510541915894	1000
GATAA	3	++-	38	0	0.6729707355615958	0.45282898685623096	1.695247769355774	1000
GATAA	3	++-	38	1	0.6038267446173868	0.4061880658641661	1.5061442852020264	1000
GATAA	3	++-	38	2	0.591995499120919	0.4031001173679244	1.3496582508087158	1000
GATAA	3	++-	38	3	0.6298248030047023	0.42923081737471785	1.5201083421707153	1000
GATAA	3	++-	38	4	0.6341263040810947	0.42580109635554897	1.5374774932861328	1000
GATAA	3	++-	39	0	0.6994625991352011	0.47932080743417355	1.7136106491088867	1000
GATAA	3	++-	39	1	0.6293891709500669	0.43175053519250883	1.5238628387451172	1000
GATAA	3	++-	39	2	0.6137408135133616	0.4248454747560298	1.364730715751648	1000
GATAA	3	++-	39	3	0.646127038479988	0.4455331388413289	1.5314083099365234	1000
GATAA	3	++-	39	4	0.6572830370935058	0.44895782936796	1.5535285472869873	1000
GATAA	4	++++	30	0	0.8456865914606954	0.6255447997596677	1.8149653673171997	1000
GATAA	4	++++	30	1	0.7835616424548247	0.5859230066972667	1.6307268142700195	1000
GATAA	4	++++	30	2	0.7588270976077356	0.5699317158547411	1.465296983718872	1000
GATAA	4	++++	30	3	0.804190445477866	0.6035965028435443	1.6409695148468018	1000
GATAA	4	++++	30	4	0.8023415459897654	0.5940163382642196	1.6540753841400146	1000
GATAA	4	++++	31	0	0.8541541572759258	0.6340124085705608	1.8208346366882324	1000
GATAA	4	++++	31	1	0.8114740827245569	0.6138354899626616	1.6500743627548218	1000
GATAA	4	++++	31	2	0.7679439839212985	0.5790486451639667	1.471616506576538	1000
GATAA	4	++++	31	3	0.8163108368060971	0.6157168511761125	1.649370551109314	1000
GATAA	4	++++	31	4	0.8204115911332699	0.6120862974163986	1.6666005849838257	1000
GATAA	4	++++	32	0	0.8478871954698104	0.6277453607731202	1.816490650177002	1000
GATAA	4	++++	32	1	0.774587501741478	0.5769488229882572	1.6245065927505493	1000
GATAA	4	++++	32	2	0.7578824828978716	0.5689871441405399	1.4646422863006592	1000
GATAA	4	++++	32	3	0.8103247226688407	0.609730780034519	1.645221471786499	1000
GATAA	4	++++	32	4	0.7989714599547832	0.5906463382205629	1.651739478111267	1000
GATAA	4	++++	33	0	0.8824818496561662	0.6623400579551385	1.8404697179794312	1000
GATAA	4	++++	33	1	0.7903196147291534	0.5926809359759326	1.6354111433029175	1000
GATAA	4	++++	33	2	0.7998615561643238	0.6109662174069919	1.4937398433685303	1000
GATAA	4	++++	33	3	0.8440696105772832	0.6434756249472987	1.6686115264892578	1000
GATAA	4	++++	33	4	0.8462771798837583	0.6379520151538752	1.6845293045043945	1000
GATAA	4	++++	34	0	0.8706479814242726	0.6505061037319195	1.832267165184021	1000
GATAA	4	++++	34	1	0.7983729603297807	0.60073428157656	1.640993356704712	1000
GATAA	4	++++	34	2	0.7806227169255556	0.5917273351725612	1.4804044961929321	1000
GATAA	4	++++	34	3	0.8279839872507593	0.6273901736034256	1.6574618816375732	1000
GATAA	4	++++	34	4	0.8208383660813859	0.6125131583558402	1.6668964624404907	1000
GATAA	4	++++	35	0	0.8610616684651796	0.640919876764152	1.82562255859375	1000
GATAA	4	++++	35	1	0.7943618089637073	0.5967232162018121	1.6382131576538086	1000
GATAA	4	++++	35	2	0.7667629790578236	0.5778675973048291	1.4707977771759033	1000
GATAA	4	++++	35	3	0.8122765537734827	0.6116826111391609	1.6465743780136108	1000
GATAA	4	++++	35	4	0.8126775313239694	0.6043522376070981	1.661239743232727	1000
GATAA	4	++++	36	0	0.8521278576834601	0.6319861089780953	1.8194301128387451	1000
GATAA	4	++++	36	1	0.7797455194148298	0.5821068836572719	1.6280817985534668	1000
GATAA	4	++++	36	2	0.7559862881807837	0.5670909064277891	1.4633278846740723	1000
GATAA	4	++++	36	3	0.8137041817582948	0.6131102391239731	1.6475636959075928	1000
GATAA	4	++++	36	4	0.8173202029840109	0.6089949952584651	1.66445791721344	1000
GATAA	4	++++	37	0	0.8797527429609496	0.659610951259922	1.8385781049728394	1000
GATAA	4	++++	37	1	0.7818462874951191	0.5842076087418984	1.6295379400253296	1000
GATAA	4	++++	37	2	0.7836952729745451	0.5947998912215506	1.4825342893600464	1000
GATAA	4	++++	37	3	0.83011992578315	0.62952585416184	1.6589423418045044	1000
GATAA	4	++++	37	4	0.845922121701052	0.6375968279841808	1.6842832565307617	1000
GATAA	4	++++	38	0	0.864588086729796	0.6444462950287685	1.8280667066574097	1000
GATAA	4	++++	38	1	0.786208197477627	0.588569561720069	1.632561445236206	1000
GATAA	4	++++	38	2	0.7774877311743029	0.5885922634299829	1.478231430053711	1000
GATAA	4	++++	38	3	0.8142722404540947	0.6136782548241102	1.647957682609558	1000
GATAA	4	++++	38	4	0.8206929547500814	0.6123677470245357	1.6667956113815308	1000
GATAA	4	++++	39	0	0.8811250785235094	0.6609833728138073	1.8395293951034546	1000
GATAA	4	++++	39	1	0.8032672426080345	0.6056285638548138	1.6443856954574585	1000
GATAA	4	++++	39	2	0.7885143988343719	0.5996190600770401	1.4858745336532593	1000
GATAA	4	++++	39	3	0.8299841454802938	0.6293901598503093	1.6588481664657593	1000
GATAA	4	++++	39	4	0.8288009908336831	0.6204757401124746	1.6724157333374023	1000
GATAA	4	+-+-	30	0	0.8694022250927478	0.6492603903960574	1.8314036130905151	1000
GATAA	4	+-+-	30	1	0.8030808134144992	0.6054420486699531	1.644256591796875	1000
GATAA	4	+-+-	30	2	0.7815402443679087	0.5926449056105769	1.4810404777526855	1000
GATAA	4	+-+-	30	3	0.8452084796912968	0.644614537056975	1.6694010496139526	1000
GATAA	4	+-+-	30	4	0.8189432032602032	0.6106180385303202	1.6655827760696411	1000
GATAA	4	+-+-	31	0	0.8559419169316447	0.6357999962436289	1.8220736980438232	1000
GATAA	4	+-+-	31	1	0.7994320294937939	0.6017933077449105	1.6417274475097656	1000
GATAA	4	+-+-	31	2	0.7691694463000215	0.5802740645470269	1.4724658727645874	1000
GATAA	4	+-+-	31	3	0.8246262839666393	0.6240323413323176	1.6551345586776733	1000
GATAA	4	+-+-	31	4	0.8134281496036601	0.6051028988824516	1.6617599725723267	1000
GATAA	4	+-+-	32	0	0.8282822051673554	0.6081403274750024	1.8029013872146606	1000
GATAA	4	+-+-	32	1	0.7729301909264384	0.5752915551688805	1.6233577728271484	1000
GATAA	4	+-+-	32	2	0.7426637381230217	0.5537682703787017	1.4540932178497314	1000
GATAA	4	+-+-	32	3	0.7979339746134534	0.5973400749747942	1.6366328001022339	1000
GATAA	4	+-+-	32	4	0.7844643793892037	0.5761390856723324	1.64168381690979	1000
GATAA	4	+-+-	33	0	0.8287438066022712	0.6086018859142555	1.8032214641571045	1000
GATAA	4	+-+-	33	1	0.774105950319062	0.5764672715658413	1.6241726875305176	1000
GATAA	4	+-+-	33	2	0.7433976740855787	0.5545022923325842	1.4546020030975342	1000
GATAA	4	+-+-	33	3	0.7787719256282956	0.5781779829939737	1.623350739479065	1000
GATAA	4	+-+-	33	4	0.7809344354802444	0.5726091417633733	1.6392370462417603	1000
GATAA	4	+-+-	34	0	0.8770140912286103	0.6568723425232453	1.8366798162460327	1000
GATAA	4	+-+-	34	1	0.7783851366465051	0.5807465008889471	1.6271389722824097	1000
GATAA	4	+-+-	34	2	0.7957001779527217	0.60680483919539	1.4908554553985596	1000
GATAA	4	+-+-	34	3	0.8373309003598512	0.6367370007211922	1.663940668106079	1000
GATAA	4	+-+-	34	4	0.8271452278625014	0.6188200201369557	1.671268105506897	1000
GATAA	4	+-+-	35	0	0.8521118632969299	0.6319699426089141	1.8194189071655273	1000
GATAA	4	+-+-	35	1	0.7676956409734527	0.5700570052158946	1.6197295188903809	1000
GATAA	4	+-+-	35	2	0.7634387263992963	0.5745433446463019	1.4684935808181763	1000
GATAA	4	+-+-	35	3	0.8080358055685076	0.6074419059298485	1.6436349153518677	1000
GATAA	4	+-+-	35	4	0.8027652252501659	0.5944400175246202	1.6543691158294678	1000
GATAA	4	+-+-	36	0	0.8348415374799375	0.6146997027832471	1.8074480295181274	1000
GATAA	4	+-+-	36	1	0.758841716133059	0.5612031233711636	1.6135923862457275	1000
GATAA	4	+-+-	36	2	0.7427717432277635	0.5538764044704317	1.4541682004928589	1000
GATAA	4	+-+-	36	3	0.7993087179331252	0.5987147323031408	1.6375856399536133	1000
GATAA	4	+-+-	36	4	0.7965259526508396	0.5882007879209565	1.6500444412231445	1000
GATAA	4	+-+-	37	0	0.8401659483679992	0.6200241566669716	1.81113862991333	1000
GATAA	4	+-+-	37	1	0.774846421622352	0.5772078288604566	1.6246860027313232	1000
GATAA	4	+-+-	37	2	0.7487191612685757	0.559823822511244	1.4582908153533936	1000
GATAA	4	+-+-	37	3	0.7869358560734276	0.5863419564347685	1.629009485244751	1000
GATAA	4	+-+-	37	4	0.7908987663059339	0.5825735155847254	1.646143913269043	1000
GATAA	4	+-+-	38	0	0.8656964289232815	0.6455545942265911	1.8288350105285645	1000
GATAA	4	+-+-	38	1	0.7786586750527024	0.5810199962994816	1.6273283958435059	1000
GATAA	4	+-+-	38	2	0.7630503035823227	0.5741550078206537	1.468224287033081	1000
GATAA	4	+-+-	38	3	0.8185997539064301	0.6180057682764457	1.6509572267532349	1000
GATAA	4	+-+-	38	4	0.8089815381656021	0.6006562874443937	1.6586779356002808	1000
GATAA	4	+-+-	39	0	0.8275335646881496	0.6073917299914593	1.8023825883865356	1000
GATAA	4	+-+-	39	1	0.7761479003327562	0.5785093505665236	1.6255881786346436	1000
GATAA	4	+-+-	39	2	0.7453954245580011	0.5565000428050065	1.4559869766235352	1000
GATAA	4	+-+-	39	3	0.7762604629777459	0.5756664773477614	1.6216098070144653	1000
GATAA	4	+-+-	39	4	0.793146235587409	0.5848209848662006	1.647701621055603	1000
GATAA	4	++--	30	0	0.8294829020443542	0.6093411103433265	1.8037335872650146	1000
GATAA	4	++--	30	1	0.7774784441111563	0.5798398083535984	1.6265103816986084	1000
GATAA	4	++--	30	2	0.751952521096122	0.5630570963474647	1.4605317115783691	1000
GATAA	4	++--	30	3	0.7852481043291855	0.5846542046905264	1.6278395652770996	1000
GATAA	4	++--	30	4	0.7881080898217085	0.5797828820961628	1.6442095041275024	1000
GATAA	4	++--	31	0	0.9138773685624972	0.6937354908701442	1.8622314929962158	1000
GATAA	4	++--	31	1	0.829124490199956	0.6314858974380607	1.6623088121414185	1000
GATAA	4	++--	31	2	0.816271968727002	0.6273765869740076	1.5051147937774658	1000
GATAA	4	++--	31	3	0.8608705957400711	0.6602766101100865	1.6802570819854736	1000
GATAA	4	++--	31	4	0.8694420390764226	0.6611168313508767	1.700585961341858	1000
GATAA	4	++--	32	0	0.8302061750825577	0.6100643403858673	1.8042351007461548	1000
GATAA	4	++--	32	1	0.7625131157723527	0.5648745230104575	1.6161372661590576	1000
GATAA	4	++--	32	2	0.7394493823783957	0.550554043621064	1.4518651962280273	1000
GATAA	4	++--	32	3	0.7823753921204986	0.5817814924818394	1.625848412513733	1000
GATAA	4	++--	32	4	0.7820159483801953	0.5736906976589867	1.6399868726730347	1000
GATAA	4	++--	33	0	0.8983774321534866	0.6782355974567963	1.8514877557754517	1000
GATAA	4	++--	33	1	0.8084024725801471	0.6107639228139146	1.6479452848434448	1000
GATAA	4	++--	33	2	0.7994015025732657	0.6105060778246084	1.4934208393096924	1000
GATAA	4	++--	33	3	0.8400023068757032	0.6394084072370442	1.6657923460006714	1000
GATAA	4	++--	33	4	0.8499169347152933	0.6415917269897475	1.6870521306991577	1000
GATAA	4	++--	34	0	0.852974786247634	0.6328329515509437	1.8200170993804932	1000
GATAA	4	++--	34	1	0.7872324401548405	0.5895938043972825	1.6332712173461914	1000
GATAA	4	++--	34	2	0.7666325302171442	0.5777371054684869	1.4707072973251343	1000
GATAA	4	++--	34	3	0.8029114105033993	0.6023174248734149	1.640082836151123	1000
GATAA	4	++--	34	4	0.7967100600785881	0.5883848093573797	1.6501718759536743	1000
GATAA	4	++--	35	0	0.9373699406963807	0.717228148995353	1.878515362739563	1000
GATAA	4	++--	35	1	0.8229126488334423	0.6252740130758843	1.6580030918121338	1000
GATAA	4	++--	35	2	0.8172950075256594	0.628399625772665	1.5058237314224243	1000
GATAA	4	++--	35	3	0.8697700099916179	0.6691760673572962	1.686425805091858	1000
GATAA	4	++--	35	4	0.8677742373196805	0.6594489436028093	1.699429988861084	1000
GATAA	4	++--	36	0	0.8431203523358459	0.6229785176391557	1.813186526298523	1000
GATAA	4	++--	36	1	0.7610956347639415	0.5634569560107208	1.6151546239852905	1000
GATAA	4	++--	36	2	0.744356305381488	0.5554609236284935	1.4552665948867798	1000
GATAA	4	++--	36	3	0.7900199349600249	0.5894259923257031	1.6311472654342651	1000
GATAA	4	++--	36	4	0.7962447610166788	0.5879195532911331	1.649849534034729	1000
GATAA	4	++--	37	0	0.9446542658736748	0.7245124311769846	1.8835644721984863	1000
GATAA	4	++--	37	1	0.8191818291882753	0.6215431934307174	1.6554169654846191	1000
GATAA	4	++--	37	2	0.8282077366795318	0.6393124839135255	1.51338791847229	1000
GATAA	4	++--	37	3	0.8718726698810666	0.6712787272467449	1.6878831386566162	1000
GATAA	4	++--	37	4	0.8772877156261331	0.6689624649049245	1.706024169921875	1000
GATAA	4	++--	38	0	0.8543422203046442	0.6342003856079539	1.8209648132324219	1000
GATAA	4	++--	38	1	0.7726903611198103	0.575051768357915	1.623191475868225	1000
GATAA	4	++--	38	2	0.7624768274330207	0.5735814456800261	1.4678266048431396	1000
GATAA	4	++--	38	3	0.8027028815392282	0.6021090248962319	1.639938235282898	1000
GATAA	4	++--	38	4	0.7967730917201294	0.5884478839945836	1.650215744972229	1000
GATAA	4	++--	39	0	0.9277610980100247	0.7076192633133344	1.8718550205230713	1000
GATAA	4	++--	39	1	0.8257266289668596	0.6280879502136388	1.6599535942077637	1000
GATAA	4	++--	39	2	0.8107680079514396	0.6218726261984451	1.5012997388839722	1000
GATAA	4	++--	39	3	0.8560053785298131	0.6554114358954912	1.6768847703933716	1000
GATAA	4	++--	39	4	0.855968488251203	0.6476432805256572	1.6912468671798706	1000
GATAA	4	+--+	30	0	0.8932354948579904	0.6730936601613	1.8479236364364624	1000
GATAA	4	+--+	30	1	0.803354437812022	0.6057157590588013	1.6444462537765503	1000
GATAA	4	+--+	30	2	0.782216824116403	0.5933214423634084	1.4815095663070679	1000
GATAA	4	+--+	30	3	0.8446414528914021	0.6440474672614176	1.6690078973770142	1000
GATAA	4	+--+	30	4	0.8314264779817547	0.623101270256209	1.6742355823516846	1000
GATAA	4	+--+	31	0	0.8547609120681697	0.634618991380154	1.8212549686431885	1000
GATAA	4	+--+	31	1	0.8046891951653682	0.6070505594078102	1.645371437072754	1000
GATAA	4	+--+	31	2	0.7757147620265582	0.5868193802735637	1.477002739906311	1000
GATAA	4	+--+	31	3	0.8152935594262435	0.6146996167919218	1.6486655473709106	1000
GATAA	4	+--+	31	4	0.8203914691631189	0.6120663474288985	1.6665866374969482	1000
GATAA	4	+--+	32	0	0.8968536658668421	0.6767118741658146	1.8504316806793213	1000
GATAA	4	+--+	32	1	0.8082935215708255	0.6106547568262793	1.64786958694458	1000
GATAA	4	+--+	32	2	0.7994709835642143	0.6105756448068824	1.49346923828125	1000
GATAA	4	+--+	32	3	0.8328252128812219	0.6322313562382256	1.6608176231384277	1000
GATAA	4	+--+	32	4	0.8402281200962861	0.631902826379415	1.680336356163025	1000
GATAA	4	+--+	33	0	0.8640521027983821	0.6439103540930172	1.827695369720459	1000
GATAA	4	+--+	33	1	0.8062655881431767	0.6086270383769441	1.6464641094207764	1000
GATAA	4	+--+	33	2	0.7832596409199096	0.5943641731755896	1.4822323322296143	1000
GATAA	4	+--+	33	3	0.821656831516842	0.6210628888825203	1.653076171875	1000
GATAA	4	+--+	33	4	0.822805761615931	0.6144805108947226	1.6682599782943726	1000
GATAA	4	+--+	34	0	0.939018050439599	0.7188761727472459	1.8796577453613281	1000
GATAA	4	+--+	34	1	0.8372596135510686	0.6396209777935106	1.66794753074646	1000
GATAA	4	+--+	34	2	0.8399948256303907	0.651099486873059	1.5215580463409424	1000
GATAA	4	+--+	34	3	0.8849697506835476	0.6843758940405512	1.6969614028930664	1000
GATAA	4	+--+	34	4	0.8784154918591659	0.6700902411379573	1.706805944442749	1000
GATAA	4	+--+	35	0	0.8679186167550798	0.6477768680497149	1.8303754329681396	1000
GATAA	4	+--+	35	1	0.7782346518270001	0.5805959730737794	1.6270345449447632	1000
GATAA	4	+--+	35	2	0.7828226330040673	0.5939273372423981	1.4819294214248657	1000
GATAA	4	+--+	35	3	0.8183022239204375	0.617708238290453	1.650750994682312	1000
GATAA	4	+--+	35	4	0.8176749172014154	0.6093495804888815	1.664703607559204	1000
GATAA	4	+--+	36	0	0.9236710925985308	0.7035291289148523	1.8690199851989746	1000
GATAA	4	+--+	36	1	0.8105077982006842	0.6128692054387889	1.6494046449661255	1000
GATAA	4	+--+	36	2	0.8087904654404936	0.619895083687499	1.4999288320541382	1000
GATAA	4	+--+	36	3	0.853375419832819	0.6527814771984972	1.675061821937561	1000
GATAA	4	+--+	36	4	0.8663644095392325	0.6580391588180241	1.6984525918960571	1000
GATAA	4	+--+	37	0	0.8659775345661167	0.645835742865089	1.82902991771698	1000
GATAA	4	+--+	37	1	0.7982186059006313	0.600580013138736	1.6408864259719849	1000
GATAA	4	+--+	37	2	0.7688339081481881	0.5799384404038681	1.4722331762313843	1000
GATAA	4	+--+	37	3	0.8278366841102953	0.6272427844716363	1.6573598384857178	1000
GATAA	4	+--+	37	4	0.8189698605710869	0.6106446958412038	1.665601372718811	1000
GATAA	4	+--+	38	0	0.9540252565538876	0.7338833358658718	1.8900599479675293	1000
GATAA	4	+--+	38	1	0.8343951565096231	0.6367564777564024	1.6659619808197021	1000
GATAA	4	+--+	38	2	0.8350473147216949	0.6461518039817122	1.5181286334991455	1000
GATAA	4	+--+	38	3	0.8824667151828902	0.6818728585398939	1.6952264308929443	1000
GATAA	4	+--+	38	4	0.8750234780361987	0.6666983133063157	1.7044546604156494	1000
GATAA	4	+--+	39	0	0.8578466247899502	0.63770479009326	1.8233940601348877	1000
GATAA	4	+--+	39	1	0.7927123233592822	0.5950737735930496	1.6370697021484375	1000
GATAA	4	+--+	39	2	0.7683392860443067	0.5794439042913122	1.4718903303146362	1000
GATAA	4	+--+	39	3	0.8071925746313272	0.6065985890013428	1.6430503129959106	1000
GATAA	4	+--+	39	4	0.8126755535234844	0.6043504317892641	1.6612385511398315	1000
GATAA	2	++	10	0	0.3631587375445576	0.1430168813500359	1.4805024862289429	1000
GATAA	2	++	10	1	0.34159740159287544	0.14395875508640174	1.32438063621521	1000
GATAA	2	++	10	2	0.32116616364001277	0.13227079263593391	1.161933422088623	1000
GATAA	2	++	10	3	0.32288379736984235	0.12228987623335193	1.307353138923645	1000
GATAA	2	++	10	4	0.34236433672656674	0.13403909675427395	1.3352434635162354	1000
GATAA	2	++	11	0	0.344395000378798	0.12425316568210767	1.4674965143203735	1000
GATAA	2	++	11	1	0.3265943875557015	0.12895574104922786	1.3139814138412476	1000
GATAA	2	++	11	2	0.2909048488182905	0.1020094885631273	1.1409579515457153	1000
GATAA	2	++	11	3	0.3104619204546488	0.1098679563224957	1.2987428903579712	1000
GATAA	2	++	11	4	0.31342853519070685	0.10510333821407676	1.3151867389678955	1000
GATAA	2	++	12	0	0.3752849332872552	0.15514305559490216	1.4889076948165894	1000
GATAA	2	++	12	1	0.3296139514503939	0.13197531569283594	1.3160744905471802	1000
GATAA	2	++	12	2	0.30508389397518065	0.11618854446893317	1.1507861614227295	1000
GATAA	2	++	12	3	0.344690208599004	0.14409625521576655	1.3224680423736572	1000
GATAA	2	++	12	4	0.3401908629806253	0.1318656660039952	1.3337368965148926	1000
GATAA	2	++	13	0	0.3779551789202139	0.15781338721918628	1.4907585382461548	1000
GATAA	2	++	13	1	0.3237063258954251	0.12606770088678276	1.3119795322418213	1000
GATAA	2	++	13	2	0.324369727473297	0.13547435646921815	1.164154052734375	1000
GATAA	2	++	13	3	0.3439171895790384	0.14332322544688528	1.321932315826416	1000
GATAA	2	++	13	4	0.35830226995166226	0.1499770514772008	1.3462908267974854	1000
GATAA	2	++	14	0	0.3882308843352904	0.16808907113643143	1.4978810548782349	1000
GATAA	2	++	14	1	0.3359589718821696	0.1383203468735273	1.3204723596572876	1000
GATAA	2	++	14	2	0.3066865788007398	0.1177911862988296	1.1518969535827637	1000
GATAA	2	++	14	3	0.35333033750654386	0.1527363948722221	1.328456997871399	1000
GATAA	2	++	14	4	0.3447835521827598	0.136458312210467	1.3369203805923462	1000
GATAA	2	++	15	0	0.3870656588800322	0.16692381343442617	1.4970735311508179	1000
GATAA	2	++	15	1	0.34853169908000114	0.15089307407135882	1.3291871547698975	1000
GATAA	2	++	15	2	0.33729213839599537	0.1483967351451695	1.1731112003326416	1000
GATAA	2	++	15	3	0.34692787486938004	0.14633391073722687	1.3240190744400024	1000
GATAA	2	++	15	4	0.3637315257632562	0.15540629653987906	1.350054144859314	1000
GATAA	2	++	16	0	0.40183062743058057	0.18168883572955297	1.507307767868042	1000
GATAA	2	++	16	1	0.34953470189983304	0.1518960446444437	1.3298823833465576	1000
GATAA	2	++	16	2	0.3367095901618603	0.1478142084088658	1.172707438468933	1000
GATAA	2	++	16	3	0.3687119283539295	0.16811797497069209	1.3391187191009521	1000
GATAA	2	++	16	4	0.3645671034724731	0.15624189574692737	1.3506332635879517	1000
GATAA	2	++	17	0	0.41289113267720684	0.1927493409761792	1.5149743556976318	1000
GATAA	2	++	17	1	0.3659960213271668	0.1683573748206931	1.3412925004959106	1000
GATAA	2	++	17	2	0.36654993444993317	0.1776545634458543	1.1933910846710205	1000
GATAA	2	++	17	3	0.39403934039420546	0.1934453977598837	1.356674313545227	1000
GATAA	2	++	17	4	0.3944804758936686	0.18615524667029146	1.3713676929473877	1000
GATAA	2	++	18	0	0.4109104084872199	0.19076857379052953	1.513601303100586	1000
GATAA	2	++	18	1	0.37181698912393213	0.1741783533663741	1.3453272581100464	1000
GATAA	2	++	18	2	0.35539038869424133	0.1664949961923311	1.185655951499939	1000
GATAA	2	++	18	3	0.3829290891658172	0.1823351465314954	1.348973274230957	1000
GATAA	2	++	18	4	0.3846996075607871	0.17637438908632563	1.3645881414413452	1000
GATAA	2	++	19	0	0.43562620722536494	0.2154843295330119	1.5307329893112183	1000
GATAA	2	++	19	1	0.3960615553987131	0.1984229196411551	1.3621323108673096	1000
GATAA	2	++	19	2	0.3742627114061894	0.18536732965319486	1.1987372636795044	1000
GATAA	2	++	19	3	0.3923461282007984	0.191752207064308	1.3555006980895996	1000
GATAA	2	++	19	4	0.3959526043893915	0.18762739666384576	1.3723880052566528	1000
GATAA	2	+-	10	0	0.4137614938775608	0.1936196806787018	1.5155776739120483	1000
GATAA	2	+-	10	1	0.35938178355329675	0.16174315854465443	1.3367078304290771	1000
GATAA	2	+-	10	2	0.3512408127920548	0.16234544178797597	1.1827796697616577	1000
GATAA	2	+-	10	3	0.3754486177752139	0.17485464289414507	1.3437882661819458	1000
GATAA	2	+-	10	4	0.3753229414530959	0.16699773372755014	1.3580886125564575	1000
GATAA	2	+-	11	0	0.41051983588711044	0.1903779796925887	1.5133305788040161	1000
GATAA	2	+-	11	1	0.3521070894044508	0.15446847514472414	1.3316655158996582	1000
GATAA	2	+-	11	2	0.3695287599542024	0.18063342119687062	1.1954560279846191	1000
GATAA	2	+-	11	3	0.37438408816203583	0.17379015627662972	1.3430503606796265	1000
GATAA	2	+-	11	4	0.39480376028162795	0.18647853105825082	1.3715918064117432	1000
GATAA	2	+-	12	0	0.41377899311228605	0.19363715841559573	1.5155898332595825	1000
GATAA	2	+-	12	1	0.3711337450477169	0.1734951092901589	1.3448537588119507	1000
GATAA	2	+-	12	2	0.36851376134447283	0.17961836884256266	1.1947524547576904	1000
GATAA	2	+-	12	3	0.3770243658180817	0.1764304124348442	1.34488046169281	1000
GATAA	2	+-	12	4	0.3964537618340057	0.18812853261062862	1.3727355003356934	1000
GATAA	2	+-	13	0	0.41105887251057716	0.19091703781388683	1.5137041807174683	1000
GATAA	2	+-	13	1	0.37844846815855115	0.1808098538988245	1.349923849105835	1000
GATAA	2	+-	13	2	0.35230562187704056	0.16341025087296168	1.1835178136825562	1000
GATAA	2	+-	13	3	0.38235569900784055	0.18176173487568745	1.3485759496688843	1000
GATAA	2	+-	13	4	0.3773680301501683	0.16904285467136954	1.359506368637085	1000
GATAA	2	+-	14	0	0.4350318351839831	0.2148900219851241	1.5303210020065308	1000
GATAA	2	+-	14	1	0.3852710629139415	0.18763244865421486	1.354653000831604	1000
GATAA	2	+-	14	2	0.3893392265287758	0.20044386627361263	1.2091875076293945	1000
GATAA	2	+-	14	3	0.39493872366689253	0.19434478103257077	1.3572978973388672	1000
GATAA	2	+-	14	4	0.4005567519356398	0.192231544210094	1.3755793571472168	1000
GATAA	2	+-	15	0	0.40972015955626107	0.18957832485957074	1.5127763748168945	1000
GATAA	2	+-	15	1	0.37390825516276116	0.17626961940520317	1.3467768430709839	1000
GATAA	2	+-	15	2	0.3515737927019566	0.16267842169787772	1.183010458946228	1000
GATAA	2	+-	15	3	0.37789348014421686	0.17729950526314806	1.3454829454421997	1000
GATAA	2	+-	15	4	0.38063006808474587	0.1723048711081158	1.361767292022705	1000
GATAA	2	+-	16	0	0.42380356086144017	0.2036617046669185	1.5225380659103394	1000
GATAA	2	+-	16	1	0.39892145489991077	0.20128281914235277	1.364114761352539	1000
GATAA	2	+-	16	2	0.3670047425701399	0.17810933931931397	1.1937062740325928	1000
GATAA	2	+-	16	3	0.38725036824705883	0.18665649010623112	1.351968765258789	1000
GATAA	2	+-	16	4	0.3860845408525226	0.17775935462480816	1.3655481338500977	1000
GATAA	2	+-	17	0	0.41286959185018623	0.1927277786513273	1.514959454536438	1000
GATAA	2	+-	17	1	0.39740585778918225	0.1997672005337929	1.363064169883728	1000
GATAA	2	+-	17	2	0.35923753310488554	0.17034218359863806	1.1883225440979004	1000
GATAA	2	+-	17	3	0.38914247837618876	0.1885485142440356	1.3532800674438477	1000
GATAA	2	+-	17	4	0.39068030424454125	0.18235505352333278	1.3687336444854736	1000
GATAA	2	+-	18	0	0.4279564259318244	0.20781461273296545	1.5254167318344116	1000
GATAA	2	+-	18	1	0.38905984071244915	0.1914211834570598	1.3572790622711182	1000
GATAA	2	+-	18	2	0.3730565110843631	0.18416108633570585	1.1979011297225952	1000
GATAA	2	+-	18	3	0.3893814912652253	0.1887875701287349	1.3534457683563232	1000
GATAA	2	+-	18	4	0.3934976810353131	0.18517245181193595	1.3706865310668945	1000
GATAA	2	+-	19	0	0.43716811768167546	0.21702632598064783	1.5318019390106201	1000
GATAA	2	+-	19	1	0.39143500711219	0.19379637135463199	1.3589255809783936	1000
GATAA	2	+-	19	2	0.3874000791446349	0.19850467589380902	1.20784330368042	1000
GATAA	2	+-	19	3	0.40424565080965885	0.20365172967316844	1.3637487888336182	1000
GATAA	2	+-	19	4	0.4104973921511728	0.2021721629277957	1.3824697732925415	1000
GATAA	2	-+	10	0	0.3176347578785213	0.0974929446796623	1.4489476680755615	1000
GATAA	2	-+	10	1	0.2276126750588453	0.029974041988516237	1.2453724145889282	1000
GATAA	2	-+	10	2	0.19997818025073885	0.011082825370033522	1.077932357788086	1000
GATAA	2	-+	10	3	0.27255647125219595	0.07196253936678984	1.2724688053131104	1000
GATAA	2	-+	10	4	0.26074053221165483	0.05241533523502473	1.2786662578582764	1000
GATAA	2	-+	11	0	0.36016740030243805	0.1400255656057477	1.4784289598464966	1000
GATAA	2	-+	11	1	0.3039401018577862	0.1063014661002282	1.298278570175171	1000
GATAA	2	-+	11	2	0.28600658944123547	0.09711121843715662	1.1375627517700195	1000
GATAA	2	-+	11	3	0.33521293264055807	0.13461896850840493	1.3158988952636719	1000
GATAA	2	-+	11	4	0.33192081923991085	0.12359557926761805	1.3280045986175537	1000
GATAA	2	-+	12	0	0.3009888795689804	0.08084706099566358	1.437409520149231	1000
GATAA	2	-+	12	1	0.26063171018932135	0.06299307980622122	1.2682595252990723	1000
GATAA	2	-+	12	2	0.23441209515203187	0.045516734896868714	1.1018002033233643	1000
GATAA	2	-+	12	3	0.24908935255064027	0.04849538841848713	1.2562025785446167	1000
GATAA	2	-+	12	4	0.27588966700856804	0.06756447003193794	1.2891666889190674	1000
GATAA	2	-+	13	0	0.3555463769585739	0.13540455301079923	1.4752259254455566	1000
GATAA	2	-+	13	1	0.31451047804728477	0.11687182079189543	1.305605411529541	1000
GATAA	2	-+	13	2	0.2699511920656007	0.08105583181043752	1.126434087753296	1000
GATAA	2	-+	13	3	0.30214991294712384	0.10155594881497072	1.2929813861846924	1000
GATAA	2	-+	13	4	0.30018959019909547	0.09186436097571837	1.306010127067566	1000
GATAA	2	-+	14	0	0.32540759977559136	0.10526578657673237	1.454335331916809	1000
GATAA	2	-+	14	1	0.2735550025231054	0.07591635064217389	1.2772172689437866	1000
GATAA	2	-+	14	2	0.27630330678172443	0.08740794652656128	1.1308369636535645	1000
GATAA	2	-+	14	3	0.28937267687958507	0.0887787342452633	1.2841249704360962	1000
GATAA	2	-+	14	4	0.2998243420443256	0.09149911282094848	1.3057570457458496	1000
GATAA	2	-+	15	0	0.402172657927484	0.18203082323079367	1.507544755935669	1000
GATAA	2	-+	15	1	0.3362621557978094	0.13862348779350434	1.3206825256347656	1000
GATAA	2	-+	15	2	0.31706143221403876	0.12816607195887558	1.159088373184204	1000
GATAA	2	-+	15	3	0.34934816521714096	0.14875420108498782	1.3256968259811401	1000
GATAA	2	-+	15	4	0.3389204916321958	0.1305952946555657	1.3328564167022705	1000
GATAA	2	-+	16	0	0.3733185696486153	0.1531767564497563	1.4875446557998657	1000
GATAA	2	-+	16	1	0.3244510752671551	0.12681245025851282	1.3124957084655762	1000
GATAA	2	-+	16	2	0.3237966812806221	0.1349012995276276	1.1637568473815918	1000
GATAA	2	-+	16	3	0.3397935830571322	0.13919962967389474	1.3190739154815674	1000
GATAA	2	-+	16	4	0.3516970182712998	0.14337178904792267	1.3417123556137085	1000
GATAA	2	-+	17	0	0.3967821197101656	0.17664032800913793	1.5038084983825684	1000
GATAA	2	-+	17	1	0.34932064799300294	0.15168200148652924	1.329733967781067	1000
GATAA	2	-+	17	2	0.32755693145691794	0.13866157120175476	1.16636323928833	1000
GATAA	2	-+	17	3	0.36786048524517045	0.1672665426108487	1.3385285139083862	1000
GATAA	2	-+	17	4	0.3543346301962572	0.1460094117217958	1.3435406684875488	1000
GATAA	2	-+	18	0	0.3962083855868872	0.17606661538369098	1.503410816192627	1000
GATAA	2	-+	18	1	0.34066022513266125	0.1430215678772719	1.3237310647964478	1000
GATAA	2	-+	18	2	0.33182111229807315	0.1429257412939943	1.1693190336227417	1000
GATAA	2	-+	18	3	0.3842628146232583	0.1836688719889365	1.3498977422714233	1000
GATAA	2	-+	18	4	0.375181528718424	0.1668563209928782	1.3579907417297363	1000
GATAA	2	-+	19	0	0.4250908510031483	0.20494901630645795	1.523430585861206	1000
GATAA	2	-+	19	1	0.3652852600268135	0.16764664576708688	1.3407998085021973	1000
GATAA	2	-+	19	2	0.3563459458002664	0.1674505640472719	1.1863183975219727	1000
GATAA	2	-+	19	3	0.38959836138796333	0.18900441875364155	1.3535959720611572	1000
GATAA	2	-+	19	4	0.38594149428266744	0.17761624356145894	1.3654487133026123	1000
GATAA	3	+++	10	0	0.5184987132746977	0.2983569000758387	1.588175892829895	1000
GATAA	3	+++	10	1	0.4808941047242665	0.2832554474688772	1.420933723449707	1000
GATAA	3	+++	10	2	0.4470894958403119	0.25819415708298005	1.2492170333862305	1000
GATAA	3	+++	10	3	0.43898356654418325	0.23838960241203014	1.3878272771835327	1000
GATAA	3	+++	10	4	0.46967976099644354	0.26135451027523504	1.4234917163848877	1000
GATAA	3	+++	11	0	0.4317707861496479	0.2116289514529576	1.5280606746673584	1000
GATAA	3	+++	11	1	0.42417474241766484	0.22653610666010685	1.381618857383728	1000
GATAA	3	+++	11	2	0.37044319170884	0.18154783145367684	1.196089744567871	1000
GATAA	3	+++	11	3	0.39345404043765664	0.1928600763055035	1.3562686443328857	1000
GATAA	3	+++	11	4	0.4000786401662412	0.19175341094286405	1.3752480745315552	1000
GATAA	3	+++	12	0	0.5731582393719155	0.35301646916871926	1.6260629892349243	1000
GATAA	3	+++	12	1	0.4763307600619355	0.27869210280654616	1.4177707433700562	1000
GATAA	3	+++	12	2	0.4695760124623105	0.2806806522071474	1.2648032903671265	1000
GATAA	3	+++	12	3	0.5085016197540189	0.3079076986175285	1.4360136985778809	1000
GATAA	3	+++	12	4	0.49724531225938534	0.2889201045338396	1.442598819732666	1000
GATAA	3	+++	13	0	0.5181240060741303	0.2979822143731027	1.5879161357879639	1000
GATAA	3	+++	13	1	0.4645724352094334	0.2669337564562127	1.4096204042434692	1000
GATAA	3	+++	13	2	0.4667376967837962	0.27784231503080165	1.26283597946167	1000
GATAA	3	+++	13	3	0.47899004180090166	0.27839609916657987	1.4155577421188354	1000
GATAA	3	+++	13	4	0.5085109068171655	0.30018569909161974	1.4504075050354004	1000
GATAA	3	+++	14	0	0.5877069397390039	0.3675651050423136	1.636147379875183	1000
GATAA	3	+++	14	1	0.5169821702593894	0.31934351300400005	1.4459481239318848	1000
GATAA	3	+++	14	2	0.4723360760346823	0.28344067278385643	1.2667165994644165	1000
GATAA	3	+++	14	3	0.5202629113072483	0.3196690116685893	1.4441660642623901	1000
GATAA	3	+++	14	4	0.5212561971073065	0.31293094638609803	1.4592419862747192	1000
GATAA	3	+++	15	0	0.5332588663110219	0.3131170316143316	1.5984069108963013	1000
GATAA	3	+++	15	1	0.5121571539937706	0.3145184752405499	1.442603588104248	1000
GATAA	3	+++	15	2	0.4903621366152286	0.30146675486223407	1.279211163520813	1000
GATAA	3	+++	15	3	0.48168264517847253	0.28108870254415075	1.4174240827560425	1000
GATAA	3	+++	15	4	0.5324265132765087	0.3241013055509629	1.4669846296310425	1000
GATAA	3	+++	16	0	0.6166079792815582	0.3964661875805306	1.6561800241470337	1000
GATAA	3	+++	16	1	0.5303404067172055	0.3327017279639848	1.4552072286605835	1000
GATAA	3	+++	16	2	0.5213992866728243	0.33250386192416714	1.3007245063781738	1000
GATAA	3	+++	16	3	0.5529339395437035	0.35233995391371903	1.4668116569519043	1000
GATAA	3	+++	16	4	0.5619274283052724	0.3536021775840639	1.4874330759048462	1000
GATAA	3	+++	17	0	0.6031215297575239	0.38297969506083357	1.64683198928833	1000
GATAA	3	+++	17	1	0.5532555041051542	0.3556168898454276	1.4710907936096191	1000
GATAA	3	+++	17	2	0.567785544354624	0.37889016260162955	1.3328771591186523	1000
GATAA	3	+++	17	3	0.5895052763277508	0.3889113766890918	1.4921611547470093	1000
GATAA	3	+++	17	4	0.5992640018943338	0.3909387941687881	1.5133126974105835	1000
GATAA	3	+++	18	0	0.6499618646332641	0.4298200299365738	1.679299235343933	1000
GATAA	3	+++	18	1	0.5881310489560316	0.3904924131984736	1.4952647686004639	1000
GATAA	3	+++	18	2	0.5724752102740138	0.38357982852101935	1.3361276388168335	1000
GATAA	3	+++	18	3	0.6081985006066567	0.40760455797233497	1.5051181316375732	1000
GATAA	3	+++	18	4	0.614549260959405	0.4062240532338592	1.5239076614379883	1000
GATAA	3	+++	19	0	0.5994094132256383	0.379267578528948	1.644258975982666	1000
GATAA	3	+++	19	1	0.5652590762177867	0.36762044046022874	1.4794111251831055	1000
GATAA	3	+++	19	2	0.538746703713066	0.34985132196007146	1.3127487897872925	1000
GATAA	3	+++	19	3	0.5616084004879218	0.3610144148579374	1.4728244543075562	1000
GATAA	3	+++	19	4	0.5711927786421926	0.3628674849253214	1.4938552379608154	1000
GATAA	3	+-+	10	0	0.47953045428557534	0.259388619588885	1.5611652135849	1000
GATAA	3	+-+	10	1	0.3895136599324134	0.1918750241748554	1.3575936555862427	1000
GATAA	3	+-+	10	2	0.3517151624409658	0.16281980218580264	1.1831084489822388	1000
GATAA	3	+-+	10	3	0.43481728682703175	0.23422330119704723	1.384939432144165	1000
GATAA	3	+-+	10	4	0.41325599387101225	0.20493076464763516	1.384381890296936	1000
GATAA	3	+-+	11	0	0.5629024839443391	0.3427606707454801	1.6189543008804321	1000
GATAA	3	+-+	11	1	0.4700964749594841	0.2724578177040948	1.4134494066238403	1000
GATAA	3	+-+	11	2	0.4727197263330945	0.2838243445801	1.2669824361801147	1000
GATAA	3	+-+	11	3	0.5190338372928573	0.31843983016504146	1.4433139562606812	1000
GATAA	3	+-+	11	4	0.5233229126227249	0.31499772639501045	1.4606744050979614	1000
GATAA	3	+-+	12	0	0.47751133496878323	0.2573695217699243	1.5597655773162842	1000
GATAA	3	+-+	12	1	0.4120024983201987	0.2143638625626407	1.3731818199157715	1000
GATAA	3	+-+	12	2	0.4016668569512965	0.21277149669613332	1.217732310295105	1000
GATAA	3	+-+	12	3	0.4113903690701152	0.21079646943145616	1.3687012195587158	1000
GATAA	3	+-+	12	4	0.4517365530579504	0.24341132383457328	1.4110547304153442	1000
GATAA	3	+-+	13	0	0.5696803632105051	0.34953852851381473	1.6236523389816284	1000
GATAA	3	+-+	13	1	0.5129234226946898	0.31528482993279455	1.4431347846984863	1000
GATAA	3	+-+	13	2	0.46031268292153793	0.2714173011685434	1.2583825588226318	1000
GATAA	3	+-+	13	3	0.4963733172238482	0.2957793745895264	1.4276069402694702	1000
GATAA	3	+-+	13	4	0.47739963223704784	0.26907438151583934	1.4288427829742432	1000
GATAA	3	+-+	14	0	0.519760850953717	0.2996190592526895	1.5890507698059082	1000
GATAA	3	+-+	14	1	0.4589164847661709	0.2612778705064443	1.4056999683380127	1000
GATAA	3	+-+	14	2	0.47010473012672555	0.2812093913693937	1.2651699781417847	1000
GATAA	3	+-+	14	3	0.4678736851884077	0.26727974255408593	1.4078524112701416	1000
GATAA	3	+-+	14	4	0.4895647390545032	0.28123950983112606	1.4372751712799072	1000
GATAA	3	+-+	15	0	0.6186338489173967	0.3984920142207063	1.6575841903686523	1000
GATAA	3	+-+	15	1	0.5449753993793643	0.3473367851196377	1.4653515815734863	1000
GATAA	3	+-+	15	2	0.5146388206500582	0.3257434818927264	1.2960386276245117	1000
GATAA	3	+-+	15	3	0.546149782910781	0.34555584027645925	1.4621092081069946	1000
GATAA	3	+-+	15	4	0.5362928552505555	0.3279676905206724	1.4696645736694336	1000
GATAA	3	+-+	16	0	0.5570086814949333	0.3368668253004116	1.6148688793182373	1000
GATAA	3	+-+	16	1	0.5175764563094458	0.3199377990540565	1.4463599920272827	1000
GATAA	3	+-+	16	2	0.5001254197220594	0.31122999497340215	1.2859786748886108	1000
GATAA	3	+-+	16	3	0.5118032996896204	0.3112093570552986	1.4383021593093872	1000
GATAA	3	+-+	16	4	0.5428097078483745	0.3344844786249973	1.4741816520690918	1000
GATAA	3	+-+	17	0	0.6446925311891413	0.42455073948811367	1.6756467819213867	1000
GATAA	3	+-+	17	1	0.594436577871603	0.39679794211404495	1.4996354579925537	1000
GATAA	3	+-+	17	2	0.5551332536829371	0.3662379149256053	1.3241071701049805	1000
GATAA	3	+-+	17	3	0.5925561625627317	0.39196226292407266	1.494275689125061	1000
GATAA	3	+-+	17	4	0.5820468617121207	0.373721653986575	1.5013787746429443	1000
GATAA	3	+-+	18	0	0.6005957065556272	0.3804538718589369	1.6450812816619873	1000
GATAA	3	+-+	18	1	0.5437843765264767	0.34614576226675003	1.4645260572433472	1000
GATAA	3	+-+	18	2	0.5314602717482987	0.34256488999530416	1.307698369026184	1000
GATAA	3	+-+	18	3	0.5905879931062578	0.38999409346759867	1.4929113388061523	1000
GATAA	3	+-+	18	4	0.5815916236352869	0.37326637291407844	1.5010632276535034	1000
GATAA	3	+-+	19	0	0.6381686702982996	0.418026878597272	1.6711246967315674	1000
GATAA	3	+-+	19	1	0.5689050224247528	0.37126625768020666	1.4819382429122925	1000
GATAA	3	+-+	19	2	0.5535624501412817	0.3646670683882871	1.3230183124542236	1000
GATAA	3	+-+	19	3	0.6093249439741454	0.40873100133982365	1.5058989524841309	1000
GATAA	3	+-+	19	4	0.5924663016276559	0.3841410939021101	1.5086010694503784	1000
GATAA	3	++-	10	0	0.5390151256354001	0.3188733339343725	1.6023967266082764	1000
GATAA	3	++-	10	1	0.49440807147243887	0.2967694357148809	1.4303010702133179	1000
GATAA	3	++-	10	2	0.46703750553991275	0.27814216678258097	1.2630438804626465	1000
GATAA	3	++-	10	3	0.4750871535135465	0.27449321087922474	1.41285240650177	1000
GATAA	3	++-	10	4	0.48646445080306205	0.27813926457534766	1.4351259469985962	1000
GATAA	3	++-	11	0	0.5009947920221709	0.28085295732548055	1.5760432481765747	1000
GATAA	3	++-	11	1	0.4458692359367775	0.2482306216770509	1.3966563940048218	1000
GATAA	3	++-	11	2	0.4589233210765427	0.2700279608213796	1.257419466972351	1000
GATAA	3	++-	11	3	0.46770432527297057	0.2671104041364802	1.4077351093292236	1000
GATAA	3	++-	11	4	0.4728186593530034	0.26449343012962623	1.4256675243377686	1000
GATAA	3	++-	12	0	0.5691161741243497	0.348974382423322	1.6232613325119019	1000
GATAA	3	++-	12	1	0.5051214727339612	0.3074828584742346	1.4377269744873047	1000
GATAA	3	++-	12	2	0.5046995133000693	0.3158041960405689	1.2891491651535034	1000
GATAA	3	++-	12	3	0.5135194715669176	0.31292552893259584	1.4394917488098145	1000
GATAA	3	++-	12	4	0.5251005253020429	0.3167752960786657	1.4619065523147583	1000
GATAA	3	++-	13	0	0.5767494521002445	0.3566076174035542	1.6285520792007446	1000
GATAA	3	++-	13	1	0.5275923819303941	0.3299537246750048	1.4533026218414307	1000
GATAA	3	++-	13	2	0.5228416191742853	0.33394625891912216	1.3017243146896362	1000
GATAA	3	++-	13	3	0.5314659901714398	0.3308720260392867	1.451931118965149	1000
GATAA	3	++-	13	4	0.5362907914587451	0.3279656052310307	1.469663143157959	1000
GATAA	3	++-	14	0	0.6037564467088467	0.3836145690164936	1.6472721099853516	1000
GATAA	3	++-	14	1	0.5646364560260007	0.36699777727277993	1.478979468345642	1000
GATAA	3	++-	14	2	0.5314311636846402	0.34253582492730833	1.3076781034469604	1000
GATAA	3	++-	14	3	0.5533086897399336	0.35271472560778044	1.4670714139938354	1000
GATAA	3	++-	14	4	0.5521239442538024	0.3437987150304253	1.480637788772583	1000
GATAA	3	++-	15	0	0.589438418072228	0.36929658337553767	1.63734769821167	1000
GATAA	3	++-	15	1	0.5486149822282486	0.35097634647069054	1.46787428855896	1000
GATAA	3	++-	15	2	0.5436943866044127	0.35479902634924954	1.316178321838379	1000
GATAA	3	++-	15	3	0.5413887441912831	0.3407948015569614	1.45880925655365	1000
GATAA	3	++-	15	4	0.5635808695106674	0.35525566178512163	1.4885791540145874	1000
GATAA	3	++-	16	0	0.6139629721026136	0.39382118040158604	1.6543467044830322	1000
GATAA	3	++-	16	1	0.5706859027744372	0.37304726701687924	1.4831727743148804	1000
GATAA	3	++-	16	2	0.5400695942635028	0.3511742125105082	1.313665747642517	1000
GATAA	3	++-	16	3	0.5559793653295194	0.35538537969953493	1.4689226150512695	1000
GATAA	3	++-	16	4	0.5625368918242675	0.3542116626008903	1.4878554344177246	1000
GATAA	3	++-	17	0	0.6270624176665439	0.40692058296985356	1.6634265184402466	1000
GATAA	3	++-	17	1	0.5915003180734222	0.39386163932020146	1.4976000785827637	1000
GATAA	3	++-	17	2	0.5755950615519907	0.3866997227946588	1.3382903337478638	1000
GATAA	3	++-	17	3	0.599364697736414	0.3987707121064295	1.4989949464797974	1000
GATAA	3	++-	17	4	0.6042140495471299	0.3958888418215841	1.5167438983917236	1000
GATAA	3	++-	18	0	0.6148759420047188	0.3947341073080285	1.6549794673919678	1000
GATAA	3	++-	18	1	0.5813974122268001	0.3837587764692421	1.4905973672866821	1000
GATAA	3	++-	18	2	0.5551074562853077	0.3662121175279759	1.3240892887115479	1000
GATAA	3	++-	18	3	0.5789083933121881	0.3783144506778663	1.4848158359527588	1000
GATAA	3	++-	18	4	0.5776834468814177	0.36935823915587196	1.498354196548462	1000
GATAA	3	++-	19	0	0.6399552690711252	0.41981343437443486	1.67236328125	1000
GATAA	3	++-	19	1	0.581527345119527	0.38388870936196895	1.4906874895095825	1000
GATAA	3	++-	19	2	0.5750925282461695	0.3861971894888377	1.3379418849945068	1000
GATAA	3	++-	19	3	0.5998568260918579	0.39926284046187344	1.4993361234664917	1000
GATAA	3	++-	19	4	0.6021494408191846	0.3938241900979761	1.5153127908706665	1000
GATAA	4	++++	10	0	0.6697952049004022	0.44965341319937463	1.6930466890335083	1000
GATAA	4	++++	10	1	0.6132240056475189	0.41558536988996087	1.512657880783081	1000
GATAA	4	++++	10	2	0.5935224040909417	0.40462706533360987	1.3507165908813477	1000
GATAA	4	++++	10	3	0.5591730831560418	0.3585790760282259	1.4711363315582275	1000
GATAA	4	++++	10	4	0.6103310424816928	0.4020058777518098	1.5209839344024658	1000
GATAA	4	++++	11	0	0.5245323376192549	0.30439054591822723	1.592358112335205	1000
GATAA	4	++++	11	1	0.5263433149328403	0.3287046576774509	1.4524368047714233	1000
GATAA	4	++++	11	2	0.4439948400206865	0.255099458267692	1.2470717430114746	1000
GATAA	4	++++	11	3	0.47616006728095417	0.27556610314880103	1.4135960340499878	1000
GATAA	4	++++	11	4	0.48627337807795346	0.2779481703524077	1.4349936246871948	1000
GATAA	4	++++	12	0	0.7651372270592175	0.5449953923625271	1.7591328620910645	1000
GATAA	4	++++	12	1	0.6242969366406699	0.4266582578874492	1.5203330516815186	1000
GATAA	4	++++	12	2	0.6122475311515826	0.42335219239425076	1.3636958599090576	1000
GATAA	4	++++	12	3	0.6722864595894754	0.4716925599508164	1.5495405197143555	1000
GATAA	4	++++	12	4	0.6551406492117078	0.4468153984904993	1.5520434379577637	1000
GATAA	4	++++	13	0	0.6314051945791433	0.41126340287811575	1.6664366722106934	1000
GATAA	4	++++	13	1	0.5644011407639575	0.3667625480020623	1.4788163900375366	1000
GATAA	4	++++	13	2	0.5698369964097784	0.38094161465678383	1.334299087524414	1000
GATAA	4	++++	13	3	0.5924558536816159	0.3918619110472942	1.494206190109253	1000
GATAA	4	++++	13	4	0.6377990795815954	0.4294738718560497	1.5400232076644897	1000
GATAA	4	++++	14	0	0.779917158100391	0.5597752804080379	1.76937735080719	1000
GATAA	4	++++	14	1	0.6722486234062857	0.47460994465306494	1.5535705089569092	1000
GATAA	4	++++	14	2	0.6173204604084201	0.4284251216510883	1.3672120571136475	1000
GATAA	4	++++	14	3	0.6942535456102057	0.4936595599802212	1.5647670030593872	1000
GATAA	4	++++	14	4	0.6783877161114845	0.47006246539027596	1.5681570768356323	1000
GATAA	4	++++	15	0	0.6582223633368557	0.4380805286401654	1.6850248575210571	1000
GATAA	4	++++	15	1	0.6379460387567577	0.44030740299919974	1.5297939777374268	1000
GATAA	4	++++	15	2	0.6150423782150913	0.4261469964620968	1.3656330108642578	1000
GATAA	4	++++	15	3	0.5977389027421451	0.39714496010782335	1.4978681802749634	1000
GATAA	4	++++	15	4	0.6713268823889864	0.46300167466344067	1.5632630586624146	1000
GATAA	4	++++	16	0	0.8095150283485786	0.5893732366475509	1.7898930311203003	1000
GATAA	4	++++	16	1	0.6818103428463053	0.48417170708874724	1.5601983070373535	1000
GATAA	4	++++	16	2	0.686919990399102	0.4980246516417702	1.4154548645019531	1000
GATAA	4	++++	16	3	0.7332142373626901	0.5326202947283684	1.591772437095642	1000
GATAA	4	++++	16	4	0.7188378206161035	0.510512569894895	1.596195101737976	1000
GATAA	4	++++	17	0	0.7294886631883745	0.5093469144830096	1.734423041343689	1000
GATAA	4	++++	17	1	0.6743359338441448	0.47669729808658684	1.5550174713134766	1000
GATAA	4	++++	17	2	0.7111257315904507	0.5222303498374562	1.4322328567504883	1000
GATAA	4	++++	17	3	0.7400235464583013	0.5394296038239795	1.5964922904968262	1000
GATAA	4	++++	17	4	0.7523215958648736	0.5439964311349905	1.6194041967391968	1000
GATAA	4	++++	18	0	0.8660796062694037	0.6459377285770507	1.8291006088256836	1000
GATAA	4	++++	18	1	0.7638342864962808	0.5661956937343856	1.6170530319213867	1000
GATAA	4	++++	18	2	0.7633725130787142	0.5744771313257196	1.4684476852416992	1000
GATAA	4	++++	18	3	0.8035017409524859	0.6029077123268387	1.6404920816421509	1000
GATAA	4	++++	18	4	0.8042655159049676	0.5959402221880965	1.6554089784622192	1000
GATAA	4	++++	19	0	0.7588633859470676	0.5387216372417027	1.754784107208252	1000
GATAA	4	++++	19	1	0.7225398761629136	0.5249012404053556	1.5884299278259277	1000
GATAA	4	++++	19	2	0.6968027584526197	0.5079073766996252	1.4223049879074097	1000
GATAA	4	++++	19	3	0.713873455407623	0.5132795127733013	1.5783663988113403	1000
GATAA	4	++++	19	4	0.7255760578812456	0.5172508071600371	1.6008657217025757	1000
GATAA	4	+-+-	10	0	0.6087064083703173	0.3885646166692897	1.6507030725479126	1000
GATAA	4	+-+-	10	1	0.5276901970630723	0.330051539807683	1.4533703327178955	1000
GATAA	4	+-+-	10	2	0.48465570926393786	0.2957603275109434	1.2752559185028076	1000
GATAA	4	+-+-	10	3	0.5733121638444377	0.37271822121011594	1.4809367656707764	1000
GATAA	4	+-+-	10	4	0.5521412715058769	0.3438160637803311	1.480649709701538	1000
GATAA	4	+-+-	11	0	0.7751271832998854	0.5549854345945205	1.7660572528839111	1000
GATAA	4	+-+-	11	1	0.6231791354013871	0.4255405426394918	1.5195581912994385	1000
GATAA	4	+-+-	11	2	0.6710385964704776	0.4821432577131458	1.4044466018676758	1000
GATAA	4	+-+-	11	3	0.7245365947394308	0.5239426951007717	1.5857576131820679	1000
GATAA	4	+-+-	11	4	0.7155462016655775	0.5072209939400317	1.5939134359359741	1000
GATAA	4	+-+-	12	0	0.632063415179658	0.4119216234786304	1.6668928861618042	1000
GATAA	4	+-+-	12	1	0.5695558907669431	0.3719172550093851	1.4823894500732422	1000
GATAA	4	+-+-	12	2	0.5547506352804301	0.3658552535274356	1.32384192943573	1000
GATAA	4	+-+-	12	3	0.5683869676846913	0.36779302505036954	1.4775229692459106	1000
GATAA	4	+-+-	12	4	0.6176535478074786	0.40932834008193286	1.526059627532959	1000
GATAA	4	+-+-	13	0	0.8020898493802276	0.5819479286922119	1.7847462892532349	1000
GATAA	4	+-+-	13	1	0.7037961749759796	0.5061574962227589	1.5754377841949463	1000
GATAA	4	+-+-	13	2	0.6538319902256299	0.4649366514682981	1.3925198316574097	1000
GATAA	4	+-+-	13	3	0.6866124424236966	0.4860184997893748	1.559470534324646	1000
GATAA	4	+-+-	13	4	0.6585233759715283	0.4501981682459826	1.554388165473938	1000
GATAA	4	+-+-	14	0	0.686637938851687	0.46649614715065935	1.704721212387085	1000
GATAA	4	+-+-	14	1	0.6196368517372286	0.4219982159796706	1.517102837562561	1000
GATAA	4	+-+-	14	2	0.6549576596711897	0.4660622779181952	1.3933000564575195	1000
GATAA	4	+-+-	14	3	0.6466741582880453	0.44608021565372347	1.5317875146865845	1000
GATAA	4	+-+-	14	4	0.6663260568585231	0.45800084913297734	1.5597965717315674	1000
GATAA	4	+-+-	15	0	0.8573389320046032	0.6371971403035757	1.8230420351028442	1000
GATAA	4	+-+-	15	1	0.7388565581808717	0.5412180084146391	1.5997397899627686	1000
GATAA	4	+-+-	15	2	0.7289256779807751	0.5400302962277805	1.444570779800415	1000
GATAA	4	+-+-	15	3	0.7502338124747245	0.5496399558317282	1.6035696268081665	1000
GATAA	4	+-+-	15	4	0.7346869248020284	0.526361803067808	1.6071809530258179	1000
GATAA	4	+-+-	16	0	0.706771345848918	0.48662955414789033	1.7186765670776367	1000
GATAA	4	+-+-	16	1	0.6764746240989493	0.4788359883413913	1.5564998388290405	1000
GATAA	4	+-+-	16	2	0.6541887682348448	0.4652933864818503	1.392767071723938	1000
GATAA	4	+-+-	16	3	0.6641404153400331	0.4635464727057113	1.5438941717147827	1000
GATAA	4	+-+-	16	4	0.6831836673091075	0.4748585025792244	1.571481466293335	1000
GATAA	4	+-+-	17	0	0.8547688232701094	0.6346269455777563	1.8212604522705078	1000
GATAA	4	+-+-	17	1	0.7764198049037703	0.5787811691462124	1.6257766485214233	1000
GATAA	4	+-+-	17	2	0.7377656722264488	0.5488702904734544	1.4506982564926147	1000
GATAA	4	+-+-	17	3	0.7782588153894463	0.5776649157507873	1.622995138168335	1000
GATAA	4	+-+-	17	4	0.7645622890573831	0.5562371243275	1.6278889179229736	1000
GATAA	4	+-+-	18	0	0.7547142185036769	0.5345723838069866	1.7519080638885498	1000
GATAA	4	+-+-	18	1	0.6980985187398828	0.5004598399866621	1.571488380432129	1000
GATAA	4	+-+-	18	2	0.6930500110194678	0.5041546292664733	1.419703722000122	1000
GATAA	4	+-+-	18	3	0.7478734365829579	0.5472795369442989	1.6019335985183716	1000
GATAA	4	+-+-	18	4	0.7439567036922082	0.5356314959666625	1.6136062145233154	1000
GATAA	4	+-+-	19	0	0.8624882645540866	0.6423463008704081	1.8266112804412842	1000
GATAA	4	+-+-	19	1	0.760284478591147	0.5626458858292518	1.614592432975769	1000
GATAA	4	+-+-	19	2	0.7677715713138086	0.578876189560814	1.471496820449829	1000
GATAA	4	+-+-	19	3	0.8126719418878163	0.6120779992534945	1.6468483209609985	1000
GATAA	4	+-+-	19	4	0.7964289544357529	0.5881037897058699	1.649977207183838	1000
GATAA	4	++--	10	0	0.6876939123279846	0.4675520776312943	1.7054531574249268	1000
GATAA	4	++--	10	1	0.6315540885591279	0.4339154528015699	1.5253634452819824	1000
GATAA	4	++--	10	2	0.6031779830626696	0.4142826013096751	1.3574092388153076	1000
GATAA	4	++--	10	3	0.5816182809461706	0.38102433831184884	1.486694097518921	1000
GATAA	4	++--	10	4	0.6086887371529411	0.4003635294273954	1.5198454856872559	1000
GATAA	4	++--	11	0	0.6505563656616341	0.43041457396060656	1.6797113418579102	1000
GATAA	4	++--	11	1	0.5744255365304608	0.37678690077290283	1.4857648611068726	1000
GATAA	4	++--	11	2	0.5847895980324181	0.3958942162794236	1.344663381576538	1000
GATAA	4	++--	11	3	0.5906778540413335	0.39008391140701176	1.4929739236831665	1000
GATAA	4	++--	11	4	0.6044531054318292	0.3961279407019461	1.5169097185134888	1000
GATAA	4	++--	12	0	0.7421374712113815	0.5219956795103539	1.7431904077529907	1000
GATAA	4	++--	12	1	0.6427069914849302	0.44506835572737213	1.533094048500061	1000
GATAA	4	++--	12	2	0.6298699054548911	0.4409745666975593	1.3759106397628784	1000
GATAA	4	++--	12	3	0.657315670801507	0.4567217711628479	1.539163589477539	1000
GATAA	4	++--	12	4	0.6592096297441337	0.4508844220185879	1.5548640489578247	1000
GATAA	4	++--	13	0	0.720919025669857	0.5007771909731668	1.728482961654663	1000
GATAA	4	++--	13	1	0.6471700272661455	0.44953134851292476	1.5361874103546143	1000
GATAA	4	++--	13	2	0.6534313136447824	0.46453597488745046	1.392242193222046	1000
GATAA	4	++--	13	3	0.6567913816903517	0.4561973960603672	1.5388001203536987	1000
GATAA	4	++--	13	4	0.6769578093565484	0.4686326016310026	1.5671659708023071	1000
GATAA	4	++--	14	0	0.7769957748015098	0.5568539401048195	1.7673524618148804	1000
GATAA	4	++--	14	1	0.7019957315997595	0.5043570958422015	1.5741896629333496	1000
GATAA	4	++--	14	2	0.6670223286205412	0.47812690387188395	1.401662826538086	1000
GATAA	4	++--	14	3	0.7017960167464451	0.5012020311164606	1.5699950456619263	1000
GATAA	4	++--	14	4	0.6920604658420659	0.48373525811652013	1.5776344537734985	1000
GATAA	4	++--	15	0	0.7418094143048607	0.5216675796081703	1.7429630756378174	1000
GATAA	4	++--	15	1	0.6872670083928805	0.48962837263532244	1.5639805793762207	1000
GATAA	4	++--	15	2	0.6802080234838791	0.4913126417308846	1.4108023643493652	1000
GATAA	4	++--	15	3	0.6761061512694757	0.475512208635154	1.5521882772445679	1000
GATAA	4	++--	15	4	0.7051458088286254	0.49682060110307963	1.5867046117782593	1000
GATAA	4	++--	16	0	0.7704677433313848	0.5503259086346944	1.7628273963928223	1000
GATAA	4	++--	16	1	0.7036882128669004	0.5060495771093424	1.5753628015518188	1000
GATAA	4	++--	16	2	0.6768047877929432	0.48790944903561134	1.4084434509277344	1000
GATAA	4	++--	16	3	0.7110214671083651	0.5104275244740434	1.5763896703720093	1000
GATAA	4	++--	16	4	0.6917682243225872	0.4834429736013788	1.5774319171905518	1000
GATAA	4	++--	17	0	0.8027321185898748	0.58259036988451	1.785191535949707	1000
GATAA	4	++--	17	1	0.7376879360682589	0.5400493433063637	1.5989296436309814	1000
GATAA	4	++--	17	2	0.7478966542408244	0.5590012724878298	1.4577206373214722	1000
GATAA	4	++--	17	3	0.7654954669209647	0.5649014812909802	1.6141481399536133	1000
GATAA	4	++--	17	4	0.7780363558305553	0.5697111051093467	1.63722825050354	1000
GATAA	4	++--	18	0	0.814453682150755	0.5943118044584019	1.793316125869751	1000
GATAA	4	++--	18	1	0.7619550320703029	0.5643164393084077	1.6157504320144653	1000
GATAA	4	++--	18	2	0.7241356171889441	0.5352403214272751	1.4412506818771362	1000
GATAA	4	++--	18	3	0.7523019038513498	0.5517080042126907	1.6050031185150146	1000
GATAA	4	++--	18	4	0.76099665874837	0.5526714080271614	1.6254172325134277	1000
GATAA	4	++--	19	0	0.8214942219204512	0.6013524302194236	1.7981964349746704	1000
GATAA	4	++--	19	1	0.739210240502371	0.5415715617491503	1.599984884262085	1000
GATAA	4	++--	19	2	0.7497225940450348	0.5608271692963775	1.4589860439300537	1000
GATAA	4	++--	19	3	0.7669892222350336	0.5663951506137237	1.6151834726333618	1000
GATAA	4	++--	19	4	0.7728090291489056	0.564483950410348	1.6336051225662231	1000
GATAA	4	+--+	10	0	0.6223810499100583	0.4022392152133679	1.6601816415786743	1000
GATAA	4	+--+	10	1	0.5173068305085556	0.3196681732531663	1.4461731910705566	1000
GATAA	4	+--+	10	2	0.4752256425431538	0.2863302607901593	1.2687193155288696	1000
GATAA	4	+--+	10	3	0.5236736712391595	0.3230797286048378	1.4465299844741821	1000
GATAA	4	+--+	10	4	0.5395879568497615	0.33126274912421566	1.471948504447937	1000
GATAA	4	+--+	11	0	0.6612466352566155	0.4411048005599251	1.6871212720870972	1000
GATAA	4	+--+	11	1	0.5518842004384996	0.35424556468094165	1.4701403379440308	1000
GATAA	4	+--+	11	2	0.5632835974986511	0.37438825874131926	1.3297566175460815	1000
GATAA	4	+--+	11	3	0.6082791174742487	0.4076851748399269	1.5051740407943726	1000
GATAA	4	+--+	11	4	0.6097538687053973	0.4014286179841888	1.5205838680267334	1000
GATAA	4	+--+	12	0	0.6579294768824363	0.4377876851814087	1.6848219633102417	1000
GATAA	4	+--+	12	1	0.5797238490512541	0.3820852562893588	1.4894373416900635	1000
GATAA	4	+--+	12	2	0.5538850465986376	0.36498970784130574	1.323241949081421	1000
GATAA	4	+--+	12	3	0.5654208688965859	0.3648269262622641	1.4754670858383179	1000
GATAA	4	+--+	12	4	0.5941123475790638	0.3857871828491808	1.5097419023513794	1000
GATAA	4	+--+	13	0	0.7210602664218781	0.5009184747208505	1.7285808324813843	1000
GATAA	4	+--+	13	1	0.6403618790534276	0.4427232432958696	1.531468391418457	1000
GATAA	4	+--+	13	2	0.610225316147075	0.4213298913984177	1.36229407787323	1000
GATAA	4	+--+	13	3	0.635742812012217	0.4351488263822325	1.5242104530334473	1000
GATAA	4	+--+	13	4	0.6307840792355524	0.4224588715100066	1.5351608991622925	1000
GATAA	4	+--+	14	0	0.710166111394299	0.490024362688934	1.7210296392440796	1000
GATAA	4	+--+	14	1	0.6301492912712178	0.43251065551365975	1.524389624595642	1000
GATAA	4	+--+	14	2	0.6311510042211682	0.44225557947251093	1.3767986297607422	1000
GATAA	4	+--+	14	3	0.6378528241599901	0.4372588385300056	1.5256730318069458	1000
GATAA	4	+--+	14	4	0.641287833645673	0.43296266891578994	1.542441487312317	1000
GATAA	4	+--+	15	0	0.7659877672590595	0.5458459325623691	1.759722113609314	1000
GATAA	4	+--+	15	1	0.6757216410578092	0.4780829623045885	1.5559780597686768	1000
GATAA	4	+--+	15	2	0.6704566931712833	0.4815613114182888	1.404043197631836	1000
GATAA	4	+--+	15	3	0.6900124534399289	0.48941851080560705	1.561827301979065	1000
GATAA	4	+--+	15	4	0.6816701339901893	0.4733449692603063	1.570432424545288	1000
GATAA	4	+--+	16	0	0.7421025587332564	0.5219607670322287	1.743166208267212	1000
GATAA	4	+--+	16	1	0.6833024213295282	0.48566378557197026	1.5612324476242065	1000
GATAA	4	+--+	16	2	0.669462977414598	0.4805675956616035	1.403354525566101	1000
GATAA	4	+--+	16	3	0.6777902483823871	0.47719630574806526	1.5533554553985596	1000
GATAA	4	+--+	16	4	0.6853131564920908	0.476987948766545	1.5729575157165527	1000
GATAA	4	+--+	17	0	0.7856591428647476	0.5655173511637199	1.7733573913574219	1000
GATAA	4	+--+	17	1	0.728861270478027	0.5312225917248062	1.5928114652633667	1000
GATAA	4	+--+	17	2	0.7128963359767461	0.524001040215077	1.4334602355957031	1000
GATAA	4	+--+	17	3	0.7423427325051862	0.5417487468752018	1.5980998277664185	1000
GATAA	4	+--+	17	4	0.7380267418904586	0.5297015341649128	1.609495759010315	1000
GATAA	4	+--+	18	0	0.8103177573714807	0.5901759226747905	1.7904495000839233	1000
GATAA	4	+--+	18	1	0.7404472257187018	0.5428086329568065	1.6008422374725342	1000
GATAA	4	+--+	18	2	0.7189394193671007	0.5300440376141061	1.437648892402649	1000
GATAA	4	+--+	18	3	0.7647098501718234	0.5641158645418389	1.6136034727096558	1000
GATAA	4	+--+	18	4	0.7584201866557941	0.5500950219259111	1.623631477355957	1000
GATAA	4	+--+	19	0	0.8285781873094903	0.6084363956084627	1.803106665611267	1000
GATAA	4	+--+	19	1	0.7326148778244332	0.5349762850625379	1.595413327217102	1000
GATAA	4	+--+	19	2	0.7438295225218953	0.554934097773238	1.4549013376235962	1000
GATAA	4	+--+	19	3	0.784953412056932	0.5843594694226102	1.6276352405548096	1000
GATAA	4	+--+	19	4	0.7671200150410148	0.5587947213241437	1.6296616792678833	1000
GATAA	2	++	0	0	0.6209448227927029	0.4008030310916753	1.6591861248016357	1000
GATAA	2	++	0	1	0.5825214478371766	0.38488281207961866	1.491376519203186	1000
GATAA	2	++	0	2	0.5985012158420946	0.40960587708476276	1.3541674613952637	1000
GATAA	2	++	0	3	0.6101074220399084	0.409513436409924	1.5064412355422974	1000
GATAA	2	++	0	4	0.6178008509479427	0.4094756862180596	1.5261616706848145	1000
GATAA	2	++	1	0	0.44772983024513685	0.22758801704627785	1.5391227006912231	1000
GATAA	2	++	1	1	0.3746209082722739	0.1769822725147159	1.3472708463668823	1000
GATAA	2	++	1	2	0.38069331470460066	0.19179793295160616	1.2031946182250977	1000
GATAA	2	++	1	3	0.43305674342581185	0.23246282228932144	1.3837192058563232	1000
GATAA	2	++	1	4	0.41920887236098936	0.210883686133275	1.3885080814361572	1000
GATAA	2	++	2	0	0.3276497375948898	0.10750790289819945	1.4558895826339722	1000
GATAA	2	++	2	1	0.32564207662221145	0.1280034086179064	1.3133211135864258	1000
GATAA	2	++	2	2	0.34437782361154307	0.15548245260746424	1.1780226230621338	1000
GATAA	2	++	2	3	0.31916714479554026	0.11857321291013416	1.304776906967163	1000
GATAA	2	++	2	4	0.35726321526864324	0.1489379860452661	1.3455705642700195	1000
GATAA	2	++	3	0	0.546499595622636	0.326357782423777	1.6075847148895264	1000
GATAA	2	++	3	1	0.4479161734473467	0.2502775161919573	1.3980752229690552	1000
GATAA	2	++	3	2	0.4654093027885318	0.27651394253336864	1.2619153261184692	1000
GATAA	2	++	3	3	0.5017224936136341	0.3011284649879869	1.4313145875930786	1000
GATAA	2	++	3	4	0.51117981958458	0.30285461185903423	1.452257513999939	1000
GATAA	2	++	4	0	0.44237914900715586	0.22223733580829688	1.5354138612747192	1000
GATAA	2	++	4	1	0.41193748887817255	0.21429881012495183	1.3731367588043213	1000
GATAA	2	++	4	2	0.39417890431538066	0.20528350106455476	1.2125420570373535	1000
GATAA	2	++	4	3	0.4265564441581384	0.22596245852815394	1.3792133331298828	1000
GATAA	2	++	4	4	0.40426370898799946	0.19593850126245368	1.3781489133834839	1000
GATAA	2	++	5	0	0.4216423408793727	0.201500484684851	1.5210402011871338	1000
GATAA	2	++	5	1	0.35372750994088015	0.1560888634344065	1.3327885866165161	1000
GATAA	2	++	5	2	0.369673096393939	0.18077773613877587	1.1955560445785522	1000
GATAA	2	++	5	3	0.36621065567544353	0.16561671304112177	1.3373850584030151	1000
GATAA	2	++	5	4	0.3621112342138149	0.15378597274369077	1.348931074142456	1000
GATAA	2	++	6	0	0.3815211101988661	0.1613792970000071	1.4932302236557007	1000
GATAA	2	++	6	1	0.3527385237070936	0.1550998879495356	1.3321031332015991	1000
GATAA	2	++	6	2	0.33415635722498244	0.14526098622090358	1.1709377765655518	1000
GATAA	2	++	6	3	0.3522986995753433	0.1517047676899372	1.3277419805526733	1000
GATAA	2	++	6	4	0.34760632492920246	0.1392810957058253	1.3388769626617432	1000
GATAA	2	++	7	0	0.42702342005089367	0.20688162834986606	1.5247700214385986	1000
GATAA	2	++	7	1	0.3997419841271772	0.2021032623782938	1.3646833896636963	1000
GATAA	2	++	7	2	0.35374399877753165	0.16484861702453713	1.1845147609710693	1000
GATAA	2	++	7	3	0.36810629144891616	0.16751230581893164	1.3386989831924438	1000
GATAA	2	++	7	4	0.4255113915801706	0.2171861408589621	1.3928767442703247	1000
GATAA	2	++	8	0	0.340627827900805	0.12048601470194599	1.4648852348327637	1000
GATAA	2	++	8	1	0.31743886963918855	0.11980024463054623	1.3076353073120117	1000
GATAA	2	++	8	2	0.2824323385018478	0.09353696749776894	1.1350852251052856	1000
GATAA	2	++	8	3	0.3242225963154839	0.12362863218333074	1.3082811832427979	1000
GATAA	2	++	8	4	0.31211723197137203	0.10379204574365761	1.3142778873443604	1000
GATAA	2	++	9	0	0.36075360316790395	0.14061178996904494	1.4788354635238647	1000
GATAA	2	++	9	1	0.28059365048364215	0.08295500935162631	1.2820961475372314	1000
GATAA	2	++	9	2	0.2882268854638743	0.0993315037108798	1.1391017436981201	1000
GATAA	2	++	9	3	0.314394067290482	0.11380011390724455	1.3014684915542603	1000
GATAA	2	++	9	4	0.33519668028005156	0.1268714618055901	1.330275297164917	1000
GATAA	2	+-	0	0	0.354783074958382	0.13464125101060737	1.4746967554092407	1000
GATAA	2	+-	0	1	0.29483364199243184	0.09719501698378952	1.2919665575027466	1000
GATAA	2	+-	0	2	0.26531587266388357	0.07642050703426254	1.1232210397720337	1000
GATAA	2	+-	0	3	0.34610912996211624	0.1455151765788788	1.3234516382217407	1000
GATAA	2	+-	0	4	0.35755218911775544	0.14922695989437834	1.3457709550857544	1000
GATAA	2	+-	1	0	0.27719918590790016	0.05705736733458335	1.42091965675354	1000
GATAA	2	+-	1	1	0.2608410560710841	0.06320242031352613	1.268404483795166	1000
GATAA	2	+-	1	2	0.26578413842652027	0.07688877279689925	1.1235456466674805	1000
GATAA	2	+-	1	3	0.30840642680719926	0.10781246267504613	1.2973181009292603	1000
GATAA	2	+-	1	4	0.2840166856772587	0.07569148332617077	1.294800043106079	1000
GATAA	2	+-	2	0	0.5624027883522572	0.34226099665122955	1.6186078786849976	1000
GATAA	2	+-	2	1	0.42769716208564873	0.23005856932375346	1.3840605020523071	1000
GATAA	2	+-	2	2	0.44987664668019456	0.26098126492720003	1.2511488199234009	1000
GATAA	2	+-	2	3	0.46122070832243084	0.26062676568810905	1.4032409191131592	1000
GATAA	2	+-	2	4	0.46997656005617	0.26165135233062425	1.4236974716186523	1000
GATAA	2	+-	3	0	0.3691385743150574	0.1489967396183671	1.484647274017334	1000
GATAA	2	+-	3	1	0.3927983995769049	0.19515972082368419	1.359870433807373	1000
GATAA	2	+-	3	2	0.32901168970490374	0.14011632944974056	1.1673716306686401	1000
GATAA	2	+-	3	3	0.3832447633214759	0.18265077769149138	1.3491921424865723	1000
GATAA	2	+-	3	4	0.397921461776469	0.18959627554875455	1.3737528324127197	1000
GATAA	2	+-	4	0	0.514398689873791	0.29425691967059475	1.5853339433670044	1000
GATAA	2	+-	4	1	0.42691906957748266	0.2292804768155874	1.3835211992263794	1000
GATAA	2	+-	4	2	0.43931755685215884	0.25042215360133296	1.2438298463821411	1000
GATAA	2	+-	4	3	0.4564337862139781	0.25583980058399364	1.3999228477478027	1000
GATAA	2	+-	4	4	0.4408387863947031	0.23251357866915734	1.4035007953643799	1000
GATAA	2	+-	5	0	0.4031149078758986	0.18297307317920827	1.5081980228424072	1000
GATAA	2	+-	5	1	0.3372684047901763	0.13962974753478696	1.3213800191879272	1000
GATAA	2	+-	5	2	0.340995548306181	0.1521002095488492	1.1756782531738281	1000
GATAA	2	+-	5	3	0.3600455720921331	0.15945161870889563	1.3331116437911987	1000
GATAA	2	+-	5	4	0.38106776393119174	0.172742588452393	1.3620706796646118	1000
GATAA	2	+-	6	0	0.4304256668415872	0.21028383214489685	1.5271284580230713	1000
GATAA	2	+-	6	1	0.3762252484308476	0.17858665566895235	1.348382830619812	1000
GATAA	2	+-	6	2	0.4303548529850944	0.24145949272993125	1.2376173734664917	1000
GATAA	2	+-	6	3	0.4000752865045493	0.19948134387022756	1.3608582019805908	1000
GATAA	2	+-	6	4	0.39805298550871626	0.18972779928100186	1.373844027519226	1000
GATAA	2	+-	7	0	0.4348733961668757	0.21473158296801675	1.5302112102508545	1000
GATAA	2	+-	7	1	0.4059166342454419	0.20827804148354664	1.368963360786438	1000
GATAA	2	+-	7	2	0.3783558125053988	0.18946045225023564	1.2015743255615234	1000
GATAA	2	+-	7	3	0.405004524256591	0.2044106031201006	1.3642748594284058	1000
GATAA	2	+-	7	4	0.40082508786664844	0.19249990163893405	1.375765323638916	1000
GATAA	2	+-	8	0	0.41892019948151615	0.19877834328699445	1.519153356552124	1000
GATAA	2	+-	8	1	0.39758248397161833	0.19994384821406036	1.3631864786148071	1000
GATAA	2	+-	8	2	0.3665349719593081	0.17763960095522927	1.1933807134628296	1000
GATAA	2	+-	8	3	0.36632837779995914	0.16573443516563738	1.3374665975570679	1000
GATAA	2	+-	8	4	0.39360396631354627	0.18527875858800052	1.3707600831985474	1000
GATAA	2	+-	9	0	0.4080502510120459	0.18790843781318695	1.5116188526153564	1000
GATAA	2	+-	9	1	0.3903490656589795	0.19271040840359013	1.35817289352417	1000
GATAA	2	+-	9	2	0.35947018263584024	0.17057482238067703	1.188483715057373	1000
GATAA	2	+-	9	3	0.3633975354552806	0.16280361431879017	1.335435152053833	1000
GATAA	2	+-	9	4	0.3854521606453	0.17712696366866992	1.3651096820831299	1000
GATAA	2	-+	0	0	0.25511517318241456	0.03497335998355559	1.4056123495101929	1000
GATAA	2	-+	0	1	0.2885685504976446	0.09092990399117098	1.2876237630844116	1000
GATAA	2	-+	0	2	0.230269764019013	0.04137439570216306	1.0989289283752441	1000
GATAA	2	-+	0	3	0.12859066487710882	-0.0720032831316708	1.1726793050765991	1000
GATAA	2	-+	0	4	0.24523726363878373	0.03691202904094876	1.2679201364517212	1000
GATAA	2	-+	1	0	0.32838851056950236	0.10824668662172768	1.4564014673233032	1000
GATAA	2	-+	1	1	0.35090162000889064	0.1532630164980797	1.3308298587799072	1000
GATAA	2	-+	1	2	0.34070010360983005	0.15180473260575122	1.1754733324050903	1000
GATAA	2	-+	1	3	0.33292324161829606	0.13232926673722725	1.3143119812011719	1000
GATAA	2	-+	1	4	0.3277498099998606	0.11942460227431481	1.3251135349273682	1000
GATAA	2	-+	2	0	0.31298699123244794	0.09284516728467329	1.4457260370254517	1000
GATAA	2	-+	2	1	0.20770207158580709	0.01006343851547802	1.2315714359283447	1000
GATAA	2	-+	2	2	0.24193109065642845	0.0530357196523496	1.1070119142532349	1000
GATAA	2	-+	2	3	0.2320218157768465	0.031427873142524716	1.2443723678588867	1000
GATAA	2	-+	2	4	0.2726237379665147	0.06429849261976402	1.286902904510498	1000
GATAA	2	-+	3	0	0.30441161379295795	0.08426977372180977	1.4397820234298706	1000
GATAA	2	-+	3	1	0.2982087585199517	0.10057012276239374	1.2943059206008911	1000
GATAA	2	-+	3	2	0.35962318270161403	0.1707278009486195	1.1885898113250732	1000
GATAA	2	-+	3	3	0.32115631763325087	0.12056238574784477	1.3061556816101074	1000
GATAA	2	-+	3	4	0.38015109640209294	0.17182587792763152	1.3614352941513062	1000
GATAA	2	-+	4	0	0.4419282104965936	0.22178635430207186	1.535101294517517	1000
GATAA	2	-+	4	1	0.3340539845520563	0.13641534879449835	1.3191519975662231	1000
GATAA	2	-+	4	2	0.3655931949631834	0.1766978347080202	1.192728042602539	1000
GATAA	2	-+	4	3	0.3833623134633406	0.18276832783335611	1.349273681640625	1000
GATAA	2	-+	4	4	0.3198839254886737	0.1115586962652966	1.3196613788604736	1000
GATAA	2	-+	5	0	0.35872680912531707	0.13858501742428947	1.4774305820465088	1000
GATAA	2	-+	5	1	0.28183796646046594	0.08419934682628144	1.2829586267471313	1000
GATAA	2	-+	5	2	0.3645680493770529	0.1756726891218897	1.1920173168182373	1000
GATAA	2	-+	5	3	0.37634309954235134	0.17574911391236686	1.3444081544876099	1000
GATAA	2	-+	5	4	0.3412758155335933	0.13295060780804754	1.3344889879226685	1000
GATAA	2	-+	6	0	0.23153510487490475	0.01139327555267225	1.3892678022384644	1000
GATAA	2	-+	6	1	0.23757001908934341	0.039931359146725146	1.2522743940353394	1000
GATAA	2	-+	6	2	0.17813496473429252	-0.01076041164424415	1.0627917051315308	1000
GATAA	2	-+	6	3	0.22645822001709734	0.02586426125940205	1.2405158281326294	1000
GATAA	2	-+	6	4	0.23642407718881317	0.028098861401580643	1.2618112564086914	1000
GATAA	2	-+	7	0	0.2994646188322147	0.07932280025889786	1.4363529682159424	1000
GATAA	2	-+	7	1	0.22401613086833955	0.02637748704909479	1.2428796291351318	1000
GATAA	2	-+	7	2	0.2220484558619868	0.0331530660473055	1.0932303667068481	1000
GATAA	2	-+	7	3	0.2554953838278095	0.05490143044457206	1.2606428861618042	1000
GATAA	2	-+	7	4	0.22774910029664222	0.019423872416879574	1.25579833984375	1000
GATAA	2	-+	8	0	0.3635622518391444	0.1434204278913698	1.4807822704315186	1000
GATAA	2	-+	8	1	0.34782895647074435	0.15019030996427069	1.328700065612793	1000
GATAA	2	-+	8	2	0.2770834415838695	0.08818805983087498	1.1313776969909668	1000
GATAA	2	-+	8	3	0.28522606767812597	0.08463212504380418	1.2812507152557373	1000
GATAA	2	-+	8	4	0.3463324064385989	0.13800719871305314	1.3379939794540405	1000
GATAA	2	-+	9	0	0.34834363605128266	0.128201812103508	1.47023344039917	1000
GATAA	2	-+	9	1	0.3247110055461029	0.1270723805374606	1.3126760721206665	1000
GATAA	2	-+	9	2	0.3384519678955828	0.14955659689150394	1.1739150285720825	1000
GATAA	2	-+	9	3	0.37234282607894514	0.17174890494245473	1.3416354656219482	1000
GATAA	2	-+	9	4	0.38418658331326333	0.17586134334097053	1.3642324209213257	1000
GATAA	3	+++	0	0	0.9406069981509204	0.7204652064498928	1.8807590007781982	1000
GATAA	3	+++	0	1	0.8512562496088875	0.6536176998426548	1.6776492595672607	1000
GATAA	3	+++	0	2	0.9700672822784178	0.7811720295124115	1.6117175817489624	1000
GATAA	3	+++	0	3	0.9831928262096165	0.7825987975839693	1.7650444507598877	1000
GATAA	3	+++	0	4	0.9831631592023427	0.7748379084811342	1.7794114351272583	1000
GATAA	3	+++	1	0	0.61864846744272	0.3985067187373551	1.6575944423675537	1000
GATAA	3	+++	1	1	0.5021693475362384	0.30453075477434316	1.435680627822876	1000
GATAA	3	+++	1	2	0.45927038206598386	0.27037500031298933	1.257660150527954	1000
GATAA	3	+++	1	3	0.5467409732731219	0.3461470091409688	1.4625190496444702	1000
GATAA	3	+++	1	4	0.5624357660255601	0.35411055830001437	1.4877854585647583	1000
GATAA	3	+++	2	0	0.40054694892454057	0.18040511422785024	1.506417989730835	1000
GATAA	3	+++	2	1	0.38273384586142517	0.1850952101038672	1.3528943061828613	1000
GATAA	3	+++	2	2	0.4669368096978326	0.27804142794483805	1.2629741430282593	1000
GATAA	3	+++	2	3	0.4118438443247778	0.21124992318828734	1.3690155744552612	1000
GATAA	3	+++	2	4	0.48496059150825493	0.2766353837827092	1.4340837001800537	1000
GATAA	3	+++	3	0	0.6718086917853786	0.45166690008435095	1.6944421529769897	1000
GATAA	3	+++	3	1	0.6172682636738832	0.41962962791632524	1.5154612064361572	1000
GATAA	3	+++	3	2	0.5919857391054825	0.4030904003481507	1.3496513366699219	1000
GATAA	3	+++	3	3	0.639636499227751	0.4390425565934292	1.526909351348877	1000
GATAA	3	+++	3	4	0.6782650494857566	0.4699398417602108	1.5680721998214722	1000
GATAA	3	+++	4	0	0.6241507083917738	0.40400891669074623	1.6614083051681519	1000
GATAA	3	+++	4	1	0.5564112997571614	0.35877264250177204	1.473278284072876	1000
GATAA	3	+++	4	2	0.5721355445385599	0.3832401197899026	1.3358922004699707	1000
GATAA	3	+++	4	3	0.5944090176518022	0.39381507501748036	1.4955600500106812	1000
GATAA	3	+++	4	4	0.565252368894403	0.35692718266668866	1.4897377490997314	1000
GATAA	3	+++	5	0	0.5267925336168939	0.3066506989202036	1.5939247608184814	1000
GATAA	3	+++	5	1	0.4562064251495375	0.25856772489848545	1.403821587562561	1000
GATAA	3	+++	5	2	0.4751651476457128	0.2862697658927183	1.2686774730682373	1000
GATAA	3	+++	5	3	0.46601541264583507	0.2654214700115133	1.406564474105835	1000
GATAA	3	+++	5	4	0.4607854632287598	0.25246025550321405	1.4173266887664795	1000
GATAA	3	+++	6	0	0.5141704259004334	0.29402859120374303	1.5851757526397705	1000
GATAA	3	+++	6	1	0.4817765907015063	0.2841379764417797	1.421545386314392	1000
GATAA	3	+++	6	2	0.46158406466804125	0.2726886829150467	1.2592637538909912	1000
GATAA	3	+++	6	3	0.49534744071145154	0.29475349807712975	1.4268957376480103	1000
GATAA	3	+++	6	4	0.47423403357394156	0.2659088258483958	1.426648736000061	1000
GATAA	3	+++	7	0	0.5806662279866569	0.3605243932899665	1.6312671899795532	1000
GATAA	3	+++	7	1	0.5604334580128899	0.3627948652509946	1.4760662317276	1000
GATAA	3	+++	7	2	0.47855402278530174	0.28965861953447586	1.2710264921188354	1000
GATAA	3	+++	7	3	0.4854443357094693	0.2848503715773162	1.4200315475463867	1000
GATAA	3	+++	7	4	0.5826793279106688	0.374354120185123	1.5018171072006226	1000
GATAA	3	+++	8	0	0.5034743088953227	0.28333253869212643	1.5777618885040283	1000
GATAA	3	+++	8	1	0.46324571804501496	0.265607082287457	1.408700942993164	1000
GATAA	3	+++	8	2	0.3945422176653283	0.20564687890799652	1.2127939462661743	1000
GATAA	3	+++	8	3	0.4831843116944811	0.28259036906015933	1.4184648990631104	1000
GATAA	3	+++	8	4	0.44092086511482736	0.23259563589145024	1.4035576581954956	1000
GATAA	3	+++	9	0	0.4528513016051804	0.2327095099041528	1.5426726341247559	1000
GATAA	3	+++	9	1	0.3579359899009872	0.16029736489234486	1.3357056379318237	1000
GATAA	3	+++	9	2	0.3581865041298002	0.16929112237680569	1.187593936920166	1000
GATAA	3	+++	9	3	0.40211173307341586	0.20151779043909407	1.3622697591781616	1000
GATAA	3	+++	9	4	0.42448474114584506	0.21615955491813063	1.3921650648117065	1000
GATAA	3	+-+	0	0	0.3136074401432669	0.09346561619549223	1.4461561441421509	1000
GATAA	3	+-+	0	1	0.30120357841075124	0.10356492115536191	1.2963818311691284	1000
GATAA	3	+-+	0	2	0.30524727749350034	0.1163518957405058	1.1508994102478027	1000
GATAA	3	+-+	0	3	0.21188645247696195	0.0112925219351703	1.2304155826568604	1000
GATAA	3	+-+	0	4	0.33441054758295763	0.1260853291084962	1.3297303915023804	1000
GATAA	3	+-+	1	0	0.3740694029066196	0.15392758970776063	1.488065242767334	1000
GATAA	3	+-+	1	1	0.45012799932443054	0.2524893205712098	1.3996083736419678	1000
GATAA	3	+-+	1	2	0.38858125599076065	0.1996858527399348	1.2086620330810547	1000
GATAA	3	+-+	1	3	0.39712982563454746	0.19653590449805702	1.3588165044784546	1000
GATAA	3	+-+	1	4	0.43014520613369267	0.2218199984081469	1.3960886001586914	1000
GATAA	3	+-+	2	0	0.5750069238817026	0.35486506768718085	1.6273444890975952	1000
GATAA	3	+-+	2	1	0.35188157715350693	0.15424293064703326	1.331508994102478	1000
GATAA	3	+-+	2	2	0.3972709803952431	0.20837559864224856	1.214685320854187	1000
GATAA	3	+-+	2	3	0.4252511818294152	0.22465721769726202	1.3783087730407715	1000
GATAA	3	+-+	2	4	0.4658408502552093	0.2575155995340009	1.4208308458328247	1000
GATAA	3	+-+	3	0	0.3897597241101354	0.16961791091127637	1.4989409446716309	1000
GATAA	3	+-+	3	1	0.4520266017986305	0.2543879230454098	1.4009243249893188	1000
GATAA	3	+-+	3	2	0.4109828131832331	0.2220874744259013	1.2241896390914917	1000
GATAA	3	+-+	3	3	0.4231807686870032	0.2225868475505128	1.3768736124038696	1000
GATAA	3	+-+	3	4	0.45260764518457053	0.24428245895685613	1.4116582870483398	1000
GATAA	3	+-+	4	0	0.627934584684732	0.4077927499880416	1.6640310287475586	1000
GATAA	3	+-+	4	1	0.4854538807465922	0.2878152234912028	1.424094319343567	1000
GATAA	3	+-+	4	2	0.525002495191051	0.3361071349358879	1.3032220602035522	1000
GATAA	3	+-+	4	3	0.5467844848837903	0.34619054224946844	1.4625493288040161	1000
GATAA	3	+-+	4	4	0.4776418698007881	0.26931666207524235	1.4290107488632202	1000
GATAA	3	+-+	5	0	0.5410069857020304	0.32086515100534013	1.603777289390564	1000
GATAA	3	+-+	5	1	0.40132482645439305	0.2036862336924978	1.3657804727554321	1000
GATAA	3	+-+	5	2	0.5167283668623787	0.3278329851093841	1.2974869012832642	1000
GATAA	3	+-+	5	3	0.4907145290668465	0.29012060793035604	1.4236845970153809	1000
GATAA	3	+-+	5	4	0.4990858705889191	0.290760641365542	1.4438745975494385	1000
GATAA	3	+-+	6	0	0.4029782676597881	0.18283647595876049	1.5081032514572144	1000
GATAA	3	+-+	6	1	0.385108711291527	0.187470075533969	1.3545405864715576	1000
GATAA	3	+-+	6	2	0.3728394259833115	0.183944044230317	1.1977506875991821	1000
GATAA	3	+-+	6	3	0.38577643393350186	0.18518249129918007	1.3509470224380493	1000
GATAA	3	+-+	6	4	0.3879144792533656	0.1795893145234825	1.3668164014816284	1000
GATAA	3	+-+	7	0	0.520569212408435	0.30042739920957606	1.5896110534667969	1000
GATAA	3	+-+	7	1	0.4196981630026941	0.222059462751642	1.3785159587860107	1000
GATAA	3	+-+	7	2	0.4086575647479052	0.21976220449274203	1.2225779294967651	1000
GATAA	3	+-+	7	3	0.46060247368824175	0.26000853105391997	1.4028123617172241	1000
GATAA	3	+-+	7	4	0.4090212650588173	0.20069601433760886	1.3814464807510376	1000
GATAA	3	+-+	8	0	0.5290923716155568	0.3089505369188665	1.5955188274383545	1000
GATAA	3	+-+	8	1	0.5063090989294944	0.30867048466976776	1.4385501146316528	1000
GATAA	3	+-+	8	2	0.42155497369273437	0.23265963493540257	1.2315177917480469	1000
GATAA	3	+-+	8	3	0.44228829917183754	0.24169431354185308	1.390117883682251	1000
GATAA	3	+-+	8	4	0.506334251392183	0.2980090221688059	1.4488987922668457	1000
GATAA	3	+-+	9	0	0.5351110764651517	0.3149692417684613	1.5996907949447632	1000
GATAA	3	+-+	9	1	0.5194989643721157	0.3218603071167264	1.447692632675171	1000
GATAA	3	+-+	9	2	0.5046128770396973	0.31571753828236543	1.2890890836715698	1000
GATAA	3	+-+	9	3	0.5101019613159601	0.30950801868163824	1.4371228218078613	1000
GATAA	3	+-+	9	4	0.5451635054037456	0.3368382976781998	1.4758131504058838	1000
GATAA	3	++-	0	0	0.7317727647744835	0.5116310590647812	1.7360063791275024	1000
GATAA	3	++-	0	1	0.6092417903624533	0.41160315460489527	1.5098977088928223	1000
GATAA	3	++-	0	2	0.5785538940730971	0.38965851232010257	1.3403410911560059	1000
GATAA	3	++-	0	3	0.6113928203724571	0.41079887773813534	1.5073323249816895	1000
GATAA	3	++-	0	4	0.6779958536414935	0.4696706889116105	1.5678855180740356	1000
GATAA	3	++-	1	0	0.5126929659425337	0.29255113124584337	1.5841517448425293	1000
GATAA	3	++-	1	1	0.4811397819410241	0.28350110318780336	1.4211039543151855	1000
GATAA	3	++-	1	2	0.46696462789160964	0.2780692461386151	1.262993335723877	1000
GATAA	3	++-	1	3	0.5510233412796058	0.35042937714745276	1.4654873609542847	1000
GATAA	3	++-	1	4	0.5056080976445776	0.2972828469233691	1.4483954906463623	1000
GATAA	3	++-	2	0	0.6194830992473572	0.39934130754632957	1.6581729650497437	1000
GATAA	3	++-	2	1	0.5372512285724884	0.3396125713170991	1.459997534751892	1000
GATAA	3	++-	2	2	0.5475093917571769	0.3586140100041824	1.3188227415084839	1000
GATAA	3	++-	2	3	0.5181160518765279	0.3175221307400375	1.4426778554916382	1000
GATAA	3	++-	2	4	0.6002602113994566	0.3919350036739109	1.5140033960342407	1000
GATAA	3	++-	3	0	0.6768834698557129	0.4567416781546853	1.6979600191116333	1000
GATAA	3	++-	3	1	0.5815076961016659	0.38386906034410784	1.4906737804412842	1000
GATAA	3	++-	3	2	0.5691547412338056	0.3802593164851484	1.3338260650634766	1000
GATAA	3	++-	3	3	0.6480482136771136	0.4474542280471292	1.5327398777008057	1000
GATAA	3	++-	3	4	0.68174202273825	0.4734168150127042	1.5704821348190308	1000
GATAA	3	++-	4	0	0.7174155240934681	0.49727373239244044	1.7260544300079346	1000
GATAA	3	++-	4	1	0.6274370818714485	0.4297984461138905	1.5225096940994263	1000
GATAA	3	++-	4	2	0.6202283430692085	0.43133296131621396	1.369227647781372	1000
GATAA	3	++-	4	3	0.6597430769314474	0.45914909130146286	1.5408462285995483	1000
GATAA	3	++-	4	4	0.6235922807244223	0.41526707299887655	1.5301759243011475	1000
GATAA	3	++-	5	0	0.6002409063468973	0.38009907165020695	1.644835352897644	1000
GATAA	3	++-	5	1	0.4969751705105426	0.2993364702594905	1.4320802688598633	1000
GATAA	3	++-	5	2	0.5326952361684818	0.34379985441548727	1.3085541725158691	1000
GATAA	3	++-	5	3	0.5142362522600511	0.31364228812789796	1.4399884939193726	1000
GATAA	3	++-	5	4	0.5292654291579875	0.3209401569389477	1.4647934436798096	1000
GATAA	3	++-	6	0	0.5764220831243272	0.3562802269298055	1.6283252239227295	1000
GATAA	3	++-	6	1	0.538909743266084	0.34127110750852596	1.4611471891403198	1000
GATAA	3	++-	6	2	0.5740622231805131	0.38516692741884406	1.337227702140808	1000
GATAA	3	++-	6	3	0.5335017488097029	0.3329077846775498	1.453342318534851	1000
GATAA	3	++-	6	4	0.5268177290752453	0.31849254284753087	1.4630969762802124	1000
GATAA	3	++-	7	0	0.6319634072681813	0.4118215295758283	1.6668236255645752	1000
GATAA	3	++-	7	1	0.5842728331622381	0.3866341974046801	1.4925904273986816	1000
GATAA	3	++-	7	2	0.5563710558168594	0.36747571705952764	1.324965238571167	1000
GATAA	3	++-	7	3	0.5654409908667368	0.36484704823241504	1.4754809141159058	1000
GATAA	3	++-	7	4	0.61133507719743	0.40300986947188416	1.5216797590255737	1000
GATAA	3	++-	8	0	0.5495425706556771	0.3294007574568181	1.609694004058838	1000
GATAA	3	++-	8	1	0.5326917105241391	0.3350530747665811	1.4568371772766113	1000
GATAA	3	++-	8	2	0.4680876746017438	0.2791923143465806	1.2637717723846436	1000
GATAA	3	++-	8	3	0.48754432986782964	0.28695038723350785	1.4214870929718018	1000
GATAA	3	++-	8	4	0.5018015626373683	0.29347635491182256	1.4457569122314453	1000
GATAA	3	++-	9	0	0.5427110328024419	0.3225691981057516	1.6049587726593018	1000
GATAA	3	++-	9	1	0.47981061402383085	0.2821719782662728	1.420182704925537	1000
GATAA	3	++-	9	2	0.4673512018950865	0.2784558631377547	1.2632611989974976	1000
GATAA	3	++-	9	3	0.4714628771205891	0.27086893448626737	1.4103403091430664	1000
GATAA	3	++-	9	4	0.509293470874254	0.3009681986552141	1.4509499073028564	1000
GATAA	4	++++	0	0	1.1018305003670772	0.8816886656703868	1.9925107955932617	1000
GATAA	4	++++	0	1	0.9637661819161062	0.7661275031628856	1.7556352615356445	1000
GATAA	4	++++	0	2	1.2173940706316906	1.0284986458830334	1.783151388168335	1000
GATAA	4	++++	0	3	1.1837826412603176	0.9831887846173213	1.9040827751159668	1000
GATAA	4	++++	0	4	1.17196691719809	0.963641752468207	1.9102802276611328	1000
GATAA	4	++++	1	0	0.6700652606579196	0.44992342596122925	1.693233847618103	1000
GATAA	4	++++	1	1	0.5418658670604394	0.34422723130288135	1.4631961584091187	1000
GATAA	4	++++	1	2	0.46031685350082135	0.2714214932456582	1.2583855390548706	1000
GATAA	4	++++	1	3	0.55179855307837	0.3512045459505541	1.46602463722229	1000
GATAA	4	++++	1	4	0.5780690749803149	0.3697438672547691	1.4986215829849243	1000
GATAA	4	++++	2	0	0.43290776345450194	0.21276590725998026	1.5288488864898682	1000
GATAA	4	++++	2	1	0.3877610277331332	0.1901223489799125	1.3563787937164307	1000
GATAA	4	++++	2	2	0.5150342517600546	0.3261388270113973	1.2963124513626099	1000
GATAA	4	++++	2	3	0.45275503431635994	0.25216111317986956	1.397373080253601	1000
GATAA	4	++++	2	4	0.5537713230707545	0.3454460938473774	1.4817798137664795	1000
GATAA	4	++++	3	0	0.707376896762606	0.48723506206591555	1.719096302986145	1000
GATAA	4	++++	3	1	0.684050760839095	0.48641212508153703	1.5617512464523315	1000
GATAA	4	++++	3	2	0.6275093145848109	0.4386138898361537	1.3742743730545044	1000
GATAA	4	++++	3	3	0.6575985392665136	0.4570045536365291	1.5393595695495605	1000
GATAA	4	++++	3	4	0.7633762107057077	0.555051002980162	1.6270666122436523	1000
GATAA	4	++++	4	0	0.7716271643721764	0.5514853296754861	1.7636311054229736	1000
GATAA	4	++++	4	1	0.6555054674098505	0.4578667886566298	1.541965126991272	1000
GATAA	4	++++	4	2	0.7067493750652702	0.5178540363079385	1.429199457168579	1000
GATAA	4	++++	4	3	0.7179831958283035	0.5173892531939817	1.5812151432037354	1000
GATAA	4	++++	4	4	0.6977075591788089	0.4893823514532632	1.5815485715866089	1000
GATAA	4	++++	5	0	0.5827459711878781	0.3626041794868505	1.6327087879180908	1000
GATAA	4	++++	5	1	0.5172487863638895	0.3196101291085001	1.446132779121399	1000
GATAA	4	++++	5	2	0.5228521961073134	0.3339567928564875	1.3017317056655884	1000
GATAA	4	++++	5	3	0.5177507607260953	0.3171567965939422	1.4424245357513428	1000
GATAA	4	++++	5	4	0.5290340694969143	0.3207088402735372	1.4646331071853638	1000
GATAA	4	++++	6	0	0.6302197611624087	0.41007796946138114	1.6656149625778198	1000
GATAA	4	++++	6	1	0.5744894710809191	0.37685079232769836	1.485809087753296	1000
GATAA	4	++++	6	2	0.5571786863453112	0.3682833475879794	1.325524926185608	1000
GATAA	4	++++	6	3	0.5903888801922212	0.3897948945622368	1.492773413658142	1000
GATAA	4	++++	6	4	0.5743603121101211	0.36603514738023807	1.4960508346557617	1000
GATAA	4	++++	7	0	0.6568988278514782	0.43675699315478794	1.6841076612472534	1000
GATAA	4	++++	7	1	0.639670078840332	0.4420314000871112	1.5309889316558838	1000
GATAA	4	++++	7	2	0.5288460924595213	0.33995075370218947	1.3058863878250122	1000
GATAA	4	++++	7	3	0.5509189478105322	0.35032500517621035	1.4654150009155273	1000
GATAA	4	++++	7	4	0.6786046292298852	0.4702793785086767	1.5683075189590454	1000
GATAA	4	++++	8	0	0.6147326374608875	0.3945908457598598	1.654880166053772	1000
GATAA	4	++++	8	1	0.5714731533587617	0.373834474605541	1.4837183952331543	1000
GATAA	4	++++	8	2	0.48233415845560357	0.29343877670260904	1.2736467123031616	1000
GATAA	4	++++	8	3	0.5909525533304242	0.3903586106961024	1.4931641817092896	1000
GATAA	4	++++	8	4	0.5297463356454626	0.3214211064220855	1.4651267528533936	1000
GATAA	4	++++	9	0	0.5406268180522982	0.3204850048534392	1.6035140752792358	1000
GATAA	4	++++	9	1	0.41296104362478253	0.21532240786722456	1.373846173286438	1000
GATAA	4	++++	9	2	0.4030664087683553	0.21417104851319213	1.2187024354934692	1000
GATAA	4	++++	9	3	0.48294099923917294	0.28234707810268256	1.4182963371276855	1000
GATAA	4	++++	9	4	0.5179882687669368	0.3096631040370538	1.4569767713546753	1000
GATAA	4	+-+-	0	0	0.2956422399232947	0.07550040522660435	1.4337036609649658	1000
GATAA	4	+-+-	0	1	0.23268158422121896	0.03504293771474527	1.248885989189148	1000
GATAA	4	+-+-	0	2	0.27559557667559265	0.08670020029705594	1.130346417427063	1000
GATAA	4	+-+-	0	3	0.20969167438014485	0.0090977391357026	1.2288942337036133	1000
GATAA	4	+-+-	0	4	0.37527233555807954	0.16694708483687104	1.3580535650253296	1000
GATAA	4	+-+-	1	0	0.3865219787249921	0.16638014402830179	1.4966965913772583	1000
GATAA	4	+-+-	1	1	0.4665137753723728	0.26887511811698345	1.4109660387039185	1000
GATAA	4	+-+-	1	2	0.3835876537316336	0.19469229347647043	1.2052007913589478	1000
GATAA	4	+-+-	1	3	0.40494162160203795	0.20434767896771616	1.3642312288284302	1000
GATAA	4	+-+-	1	4	0.49351324573999966	0.28518801651662257	1.440011978149414	1000
GATAA	4	+-+-	2	0	0.6960199794172176	0.47587810172486456	1.7112243175506592	1000
GATAA	4	+-+-	2	1	0.41593582753675656	0.21829719177919857	1.3759082555770874	1000
GATAA	4	+-+-	2	2	0.4729715089339577	0.2840761486787945	1.267156958580017	1000
GATAA	4	+-+-	2	3	0.4926063812220001	0.2920124600855097	1.4249958992004395	1000
GATAA	4	+-+-	2	4	0.5503714410415104	0.3420462333159646	1.4794230461120605	1000
GATAA	4	+-+-	3	0	0.4642262341332466	0.2440843779387249	1.5505571365356445	1000
GATAA	4	+-+-	3	1	0.5543745952143185	0.3567359379589292	1.4718666076660156	1000
GATAA	4	+-+-	3	2	0.4464052628638542	0.25750988111085965	1.248742699623108	1000
GATAA	4	+-+-	3	3	0.4878829207117158	0.28728895657956266	1.4217216968536377	1000
GATAA	4	+-+-	3	4	0.5079049259468503	0.29957971822130464	1.449987530708313	1000
GATAA	4	+-+-	4	0	0.7551068548955967	0.534964934207581	1.7521802186965942	1000
GATAA	4	+-+-	4	1	0.6110230146774394	0.41338433592421864	1.5111323595046997	1000
GATAA	4	+-+-	4	2	0.6623055754336405	0.47341019368064596	1.3983932733535767	1000
GATAA	4	+-+-	4	3	0.6571419683241355	0.45654798269415103	1.5390431880950928	1000
GATAA	4	+-+-	4	4	0.6083394403890388	0.40001423266349306	1.5196033716201782	1000
GATAA	4	+-+-	5	0	0.6691891810344244	0.44904738933339683	1.692626714706421	1000
GATAA	4	+-+-	5	1	0.4873904913866328	0.28975179113558075	1.4254367351531982	1000
GATAA	4	+-+-	5	2	0.626157573944692	0.4372622351873601	1.3733373880386353	1000
GATAA	4	+-+-	5	3	0.5545699675056988	0.35397604636920826	1.4679458141326904	1000
GATAA	4	+-+-	5	4	0.6020033845529393	0.3936781338317309	1.5152117013931274	1000
GATAA	4	+-+-	6	0	0.5054830232617376	0.28534118856504725	1.5791540145874023	1000
GATAA	4	+-+-	6	1	0.4671860985502582	0.26954750578836295	1.411432147026062	1000
GATAA	4	+-+-	6	2	0.5156281508491465	0.32673274759832066	1.2967243194580078	1000
GATAA	4	+-+-	6	3	0.4850043180972368	0.28441037546291503	1.4197264909744263	1000
GATAA	4	+-+-	6	4	0.4866858354703852	0.27836062774483944	1.4352794885635376	1000
GATAA	4	+-+-	7	0	0.6643175574704218	0.44417572277373146	1.6892499923706055	1000
GATAA	4	+-+-	7	1	0.5503174384891395	0.3526788457272442	1.4690543413162231	1000
GATAA	4	+-+-	7	2	0.5391198200741129	0.3502244598189497	1.3130074739456177	1000
GATAA	4	+-+-	7	3	0.6008979660645186	0.4003040234301969	1.5000578165054321	1000
GATAA	4	+-+-	7	4	0.5343872874789956	0.3260620582556184	1.468343734741211	1000
GATAA	4	+-+-	8	0	0.6276902403335186	0.40754840563682826	1.6638617515563965	1000
GATAA	4	+-+-	8	1	0.6151591544350272	0.4175205186774692	1.5139992237091064	1000
GATAA	4	+-+-	8	2	0.535753775631426	0.3468583938784314	1.3106743097305298	1000
GATAA	4	+-+-	8	3	0.5495654873439045	0.34897154470958275	1.4644768238067627	1000
GATAA	4	+-+-	8	4	0.62496220852987	0.41663700080432425	1.531125545501709	1000
GATAA	4	+-+-	9	0	0.7431148486162348	0.5229730139195445	1.7438678741455078	1000
GATAA	4	+-+-	9	1	0.7100880742664699	0.512449438508912	1.579798936843872	1000
GATAA	4	+-+-	9	2	0.6847925650079291	0.49589726924625993	1.4139801263809204	1000
GATAA	4	+-+-	9	3	0.6614174140289223	0.4608235143902632	1.5420067310333252	1000
GATAA	4	+-+-	9	4	0.7268783105135788	0.5185531457836957	1.6017682552337646	1000
GATAA	4	++--	0	0	1.1066004391887572	0.8864586044920668	1.995816946029663	1000
GATAA	4	++--	0	1	0.8767603308272622	0.6791216520740415	1.6953274011611938	1000
GATAA	4	++--	0	2	0.8568570366168856	0.6679616548638911	1.5332460403442383	1000
GATAA	4	++--	0	3	0.836155226958553	0.635561327319894	1.66312575340271	1000
GATAA	4	++--	0	4	0.9456088555772889	0.7372836048560805	1.7533808946609497	1000
GATAA	4	++--	1	0	0.6587521128971758	0.43861027820048554	1.685392141342163	1000
GATAA	4	++--	1	1	0.6150901034007058	0.4174514246474851	1.5139514207839966	1000
GATAA	4	++--	1	2	0.6040921138476681	0.4151966890990109	1.3580427169799805	1000
GATAA	4	++--	1	3	0.7129038172220585	0.5123098745877368	1.5776944160461426	1000
GATAA	4	++--	1	4	0.6118239378825074	0.403498687161299	1.5220186710357666	1000
GATAA	4	++--	2	0	0.6996802431798681	0.47953840848317775	1.713761329650879	1000
GATAA	4	++--	2	1	0.624643266703845	0.42700463094628693	1.5205732583999634	1000
GATAA	4	++--	2	2	0.6338792510031304	0.44498391224579853	1.3786896467208862	1000
GATAA	4	++--	2	3	0.5474556901744451	0.346861790535786	1.4630144834518433	1000
GATAA	4	++--	2	4	0.7073253019673471	0.4990000512461386	1.5882152318954468	1000
GATAA	4	++--	3	0	0.9106819309094663	0.6905401822041014	1.8600165843963623	1000
GATAA	4	++--	3	1	0.7017893524187241	0.5041506736655034	1.5740466117858887	1000
GATAA	4	++--	3	2	0.7476109050664158	0.558715566309084	1.4575225114822388	1000
GATAA	4	++--	3	3	0.8371200496298934	0.6365261499912344	1.6637943983078003	1000
GATAA	4	++--	3	4	0.9027387401967166	0.6944134894755082	1.7236653566360474	1000
GATAA	4	++--	4	0	0.9031101367312548	0.6829682590389018	1.85476815700531	1000
GATAA	4	++--	4	1	0.7884398443552229	0.5908011656020021	1.634108304977417	1000
GATAA	4	++--	4	2	0.7669119160334708	0.5780165342804763	1.4709008932113647	1000
GATAA	4	++--	4	3	0.8277592059260817	0.6271652632917598	1.65730619430542	1000
GATAA	4	++--	4	4	0.7602325398305865	0.5519073751007034	1.6248877048492432	1000
GATAA	4	++--	5	0	0.7348785134750895	0.5147366787783991	1.738158941268921	1000
GATAA	4	++--	5	1	0.6009314596857742	0.4032927809325535	1.5041371583938599	1000
GATAA	4	++--	5	2	0.6587778672991426	0.4698825285418108	1.3959481716156006	1000
GATAA	4	++--	5	3	0.6248615556834526	0.42426765604479344	1.5166682004928589	1000
GATAA	4	++--	5	4	0.6126137682065949	0.4042885174853864	1.5225661993026733	1000
GATAA	4	++--	6	0	0.7023225846277242	0.48218074993103394	1.7155927419662476	1000
GATAA	4	++--	6	1	0.6445300935754014	0.44689141482218064	1.5343576669692993	1000
GATAA	4	++--	6	2	0.6615540542450328	0.47265867249203825	1.3978724479675293	1000
GATAA	4	++--	6	3	0.6230495464739619	0.4224556038396402	1.5154120922088623	1000
GATAA	4	++--	6	4	0.608898512991331	0.4005732622701226	1.5199909210205078	1000
GATAA	4	++--	7	0	0.793894704083964	0.573752826391611	1.7790659666061401	1000
GATAA	4	++--	7	1	0.7316995861565413	0.5340609074033207	1.5947787761688232	1000
GATAA	4	++--	7	2	0.6991442592484541	0.5102488774954596	1.4239280223846436	1000
GATAA	4	++--	7	3	0.6842511636230129	0.4836572639843538	1.5578339099884033	1000
GATAA	4	++--	7	4	0.7753793958573757	0.5670541451361673	1.6353867053985596	1000
GATAA	4	++--	8	0	0.6918742516268442	0.4717325029214793	1.7083505392074585	1000
GATAA	4	++--	8	1	0.6608363276473196	0.4631976488940988	1.5456602573394775	1000
GATAA	4	++--	8	2	0.5749850390893803	0.3860896573363857	1.337867259979248	1000
GATAA	4	++--	8	3	0.6040934037175496	0.4034994610832279	1.5022728443145752	1000
GATAA	4	++--	8	4	0.5982176594464845	0.3898924947166014	1.5125876665115356	1000
GATAA	4	++--	9	0	0.6684507305272822	0.4483089388262546	1.6921147108078003	1000
GATAA	4	++--	9	1	0.5520388128416254	0.3544001340884046	1.470247507095337	1000
GATAA	4	++--	9	2	0.547221578790958	0.35832619703796353	1.3186233043670654	1000
GATAA	4	++--	9	3	0.5582748177705853	0.3576808321406008	1.4705137014389038	1000
GATAA	4	++--	9	4	0.6141217980806855	0.40579659035513965	1.5236114263534546	1000
GATAA	4	+--+	0	0	0.652674117028696	0.43253228233200575	1.681179165840149	1000
GATAA	4	+--+	0	1	0.5048397221561852	0.3072010649007959	1.4375314712524414	1000
GATAA	4	+--+	0	2	0.5930086919128145	0.40411331015981994	1.35036039352417	1000
GATAA	4	+--+	0	3	0.453918926906074	0.2533250057695836	1.3981796503067017	1000
GATAA	4	+--+	0	4	0.578177939998311	0.36985273227276527	1.49869704246521	1000
GATAA	4	+--+	1	0	0.47563848689655	0.25549667369769097	1.5584675073623657	1000
GATAA	4	+--+	1	1	0.43197252179911	0.23433388604155203	1.38702392578125	1000
GATAA	4	+--+	1	2	0.4091986651631823	0.2203032404145251	1.222952961921692	1000
GATAA	4	+--+	1	3	0.5159909912468044	0.3153970486124826	1.4412047863006592	1000
GATAA	4	+--+	1	4	0.48333329166579103	0.27500810543807663	1.4329557418823242	1000
GATAA	4	+--+	2	0	0.5897061950596214	0.3695643173672683	1.637533187866211	1000
GATAA	4	+--+	2	1	0.46867353350190794	0.2710348762465186	1.4124631881713867	1000
GATAA	4	+--+	2	2	0.5042266040058594	0.3153312222528648	1.2888213396072388	1000
GATAA	4	+--+	2	3	0.47465921768253716	0.2740652750482154	1.4125558137893677	1000
GATAA	4	+--+	2	4	0.5454805554206111	0.337155326197234	1.4760329723358154	1000
GATAA	4	+--+	3	0	0.6550974385706785	0.4349556468696509	1.682858943939209	1000
GATAA	4	+--+	3	1	0.5064696877297375	0.3088310519721795	1.4386614561080933	1000
GATAA	4	+--+	3	2	0.5163309149562347	0.32743553320324015	1.2972114086151123	1000
GATAA	4	+--+	3	3	0.6026647008411695	0.4020707582068478	1.5012824535369873	1000
GATAA	4	+--+	3	4	0.6592518084892578	0.4509265577680493	1.5548930168151855	1000
GATAA	4	+--+	4	0	0.8421119320625119	0.6219700973658215	1.8124874830245972	1000
GATAA	4	+--+	4	1	0.642343592143657	0.44470491339043633	1.5328420400619507	1000
GATAA	4	+--+	4	2	0.6642196563464181	0.4753242315977609	1.3997199535369873	1000
GATAA	4	+--+	4	3	0.6991522564417192	0.49855831380739746	1.5681623220443726	1000
GATAA	4	+--+	4	4	0.5935944648216532	0.3852692141004447	1.509382963180542	1000
GATAA	4	+--+	5	0	0.7030982693787783	0.4829565206734133	1.7161306142807007	1000
GATAA	4	+--+	5	1	0.5217996192883703	0.32416100502864365	1.4492872953414917	1000
GATAA	4	+--+	5	2	0.6244515060481329	0.43555608129947565	1.3721548318862915	1000
GATAA	4	+--+	5	3	0.6201924846865036	0.41959858504784453	1.5134317874908447	1000
GATAA	4	+--+	5	4	0.5964016086446987	0.3880764439148156	1.5113286972045898	1000
GATAA	4	+--+	6	0	0.5327268809762405	0.31258508927521295	1.5980381965637207	1000
GATAA	4	+--+	6	1	0.5159228431213999	0.3182842288616733	1.4452139139175415	1000
GATAA	4	+--+	6	2	0.5032470768178702	0.3143516950648757	1.2881423234939575	1000
GATAA	4	+--+	6	3	0.48981428588090514	0.2892203647444147	1.4230605363845825	1000
GATAA	4	+--+	6	4	0.4849873348104641	0.27666208408925563	1.4341022968292236	1000
GATAA	4	+--+	7	0	0.6968738732787515	0.47673208157772384	1.7118161916732788	1000
GATAA	4	+--+	7	1	0.5574194190608565	0.35978074030763574	1.4739770889282227	1000
GATAA	4	+--+	7	2	0.5571801911935063	0.3682848524361745	1.3255261182785034	1000
GATAA	4	+--+	7	3	0.6068283148272328	0.406234372192911	1.5041685104370117	1000
GATAA	4	+--+	7	4	0.5757286060803856	0.36740339835483987	1.4969992637634277	1000
GATAA	4	+--+	8	0	0.6740473039603343	0.4539055122593067	1.6959940195083618	1000
GATAA	4	+--+	8	1	0.6604725413450819	0.46283390558752396	1.5454081296920776	1000
GATAA	4	+--+	8	2	0.5508732004254027	0.36197786166807083	1.3211544752120972	1000
GATAA	4	+--+	8	3	0.5427145584467846	0.34212059431463143	1.4597280025482178	1000
GATAA	4	+--+	8	4	0.6029087012270812	0.39458353649719813	1.5158390998840332	1000
GATAA	4	+--+	9	0	0.6750196078769872	0.4548778161759596	1.6966679096221924	1000
GATAA	4	+--+	9	1	0.5939392040453076	0.3963005682877497	1.4992908239364624	1000
GATAA	4	+--+	9	2	0.5932767268741841	0.4043813451211896	1.35054612159729	1000
GATAA	4	+--+	9	3	0.6125629043376022	0.41196896170328046	1.5081433057785034	1000
GATAA	4	+--+	9	4	0.663324228674701	0.4549990209491552	1.557715892791748	1000
GATAA	2	++	20	0	0.42924543590004116	0.20910362270118218	1.5263103246688843	1000
GATAA	2	++	20	1	0.38144552382381186	0.1838068880662539	1.3520011901855469	1000
GATAA	2	++	20	2	0.3577582888269832	0.16886290707398866	1.1872972249984741	1000
GATAA	2	++	20	3	0.3920082682831784	0.191414347146688	1.3552665710449219	1000
GATAA	2	++	20	4	0.3847364978393972	0.17641125786710435	1.364613652229309	1000
GATAA	2	++	21	0	0.4400329186884227	0.219891062493901	1.5337876081466675	1000
GATAA	2	++	21	1	0.3792818960846323	0.18164321733141162	1.3505014181137085	1000
GATAA	2	++	21	2	0.36834865799964456	0.17945326549773435	1.1946378946304321	1000
GATAA	2	++	21	3	0.408079574054018	0.20748558842403353	1.3664063215255737	1000
GATAA	2	++	21	4	0.4066062846754018	0.198281076949856	1.379772663116455	1000
GATAA	2	++	22	0	0.42720434579960137	0.20706253260074237	1.5248955488204956	1000
GATAA	2	++	22	1	0.3907838378003607	0.19314515904713997	1.3584741353988647	1000
GATAA	2	++	22	2	0.3727082032207032	0.18381284296554	1.1976596117019653	1000
GATAA	2	++	22	3	0.39492806074253906	0.19433416110388	1.3572903871536255	1000
GATAA	2	++	22	4	0.39705866781275295	0.18873341709154448	1.373154640197754	1000
GATAA	2	++	23	0	0.44169044448177575	0.22154865278074812	1.534936547279358	1000
GATAA	2	++	23	1	0.40667378786586544	0.20903515210830745	1.3694881200790405	1000
GATAA	2	++	23	2	0.382413098217566	0.19351775946023422	1.2043867111206055	1000
GATAA	2	++	23	3	0.40349318371647136	0.20289924108214957	1.3632272481918335	1000
GATAA	2	++	23	4	0.4075124612627979	0.1991872320394208	1.3804006576538086	1000
GATAA	2	++	24	0	0.41733064983091667	0.19718883663205766	1.5180515050888062	1000
GATAA	2	++	24	1	0.3811536692652977	0.18351501200990836	1.3517991304397583	1000
GATAA	2	++	24	2	0.36660084131458853	0.1777054703105097	1.193426489830017	1000
GATAA	2	++	24	3	0.3858773447538956	0.18528338062174246	1.351016879081726	1000
GATAA	2	++	24	4	0.38774989185648984	0.17942465188419707	1.3667024374008179	1000
GATAA	2	++	25	0	0.4670543168440346	0.24691248214734426	1.5525174140930176	1000
GATAA	2	++	25	1	0.41904785360411906	0.2214092178465611	1.3780652284622192	1000
GATAA	2	++	25	2	0.4031439729438944	0.21424861268873127	1.2187561988830566	1000
GATAA	2	++	25	3	0.43220702014356144	0.23161307750923968	1.3831301927566528	1000
GATAA	2	++	25	4	0.4385033909829743	0.23017816175959718	1.4018820524215698	1000
GATAA	2	++	26	0	0.4306233179030913	0.21048152620206365	1.5272654294967651	1000
GATAA	2	++	26	1	0.3985010863055393	0.2008624720458127	1.3638232946395874	1000
GATAA	2	++	26	2	0.3712780384917908	0.18238265673879625	1.1966685056686401	1000
GATAA	2	++	26	3	0.4023388791595429	0.20174493652522113	1.3624272346496582	1000
GATAA	2	++	26	4	0.4073606865734115	0.199035435852203	1.3802953958511353	1000
GATAA	2	++	27	0	0.44876202711995267	0.22862019242326237	1.5398380756378174	1000
GATAA	2	++	27	1	0.4168745948364912	0.21923593758110185	1.376558780670166	1000
GATAA	2	++	27	2	0.3891484977689689	0.20025313751380577	1.2090553045272827	1000
GATAA	2	++	27	3	0.4158601121747142	0.21526616954039243	1.371799349784851	1000
GATAA	2	++	27	4	0.41770144442617685	0.20937617220713703	1.3874632120132446	1000
GATAA	2	++	28	0	0.4158012081167937	0.19565933042444064	1.5169914960861206	1000
GATAA	2	++	28	1	0.3834313215019993	0.18579266424660995	1.3533776998519897	1000
GATAA	2	++	28	2	0.366425032049744	0.17752968254349655	1.1933046579360962	1000
GATAA	2	++	28	3	0.3891372759010001	0.188543311768847	1.3532764911651611	1000
GATAA	2	++	28	4	0.3946966580858031	0.18637142886242603	1.3715174198150635	1000
GATAA	2	++	29	0	0.45582513961257465	0.2356833264137157	1.5447338819503784	1000
GATAA	2	++	29	1	0.39191114108110364	0.1942724838257143	1.3592556715011597	1000
GATAA	2	++	29	2	0.39519390292511025	0.20629854266994707	1.2132456302642822	1000
GATAA	2	++	29	3	0.4174266591457608	0.21683271651143904	1.3728852272033691	1000
GATAA	2	++	29	4	0.4254677079868514	0.21714245726564296	1.3928463459014893	1000
GATAA	2	+-	20	0	0.44827897084934176	0.2281371576504828	1.5395034551620483	1000
GATAA	2	+-	20	1	0.3930076164716795	0.19536893771845878	1.3600155115127563	1000
GATAA	2	+-	20	2	0.3734141060111696	0.1845187457560064	1.1981490850448608	1000
GATAA	2	+-	20	3	0.4043545588233177	0.2037605946911646	1.3638243675231934	1000
GATAA	2	+-	20	4	0.4111203133125979	0.20279510558705216	1.382901668548584	1000
GATAA	2	+-	21	0	0.42123499997080416	0.20109314377628243	1.520757794380188	1000
GATAA	2	+-	21	1	0.39281826357307953	0.19517960631769019	1.359884262084961	1000
GATAA	2	+-	21	2	0.3627540623670774	0.17385869136299856	1.1907600164413452	1000
GATAA	2	+-	21	3	0.3857005035931459	0.18510653946099279	1.3508943319320679	1000
GATAA	2	+-	21	4	0.38755021999883815	0.17922499077546103	1.3665639162063599	1000
GATAA	2	+-	22	0	0.4401909707445656	0.2200491360478753	1.5338971614837646	1000
GATAA	2	+-	22	1	0.40640420506063796	0.20876552630741727	1.3693013191223145	1000
GATAA	2	+-	22	2	0.3846617283819346	0.1957663681267714	1.2059452533721924	1000
GATAA	2	+-	22	3	0.40995689367517374	0.2093629725386833	1.3677074909210205	1000
GATAA	2	+-	22	4	0.4048275541088532	0.1965023463833074	1.3785396814346313	1000
GATAA	2	+-	23	0	0.4268892735832207	0.206747417388699	1.524677038192749	1000
GATAA	2	+-	23	1	0.39937097455360343	0.20173233879604544	1.3644262552261353	1000
GATAA	2	+-	23	2	0.37672223529617843	0.18782687504101525	1.2004421949386597	1000
GATAA	2	+-	23	3	0.39392742268415654	0.19333345855200337	1.356596827507019	1000
GATAA	2	+-	23	4	0.4073287837916764	0.19900359756396202	1.380273461341858	1000
GATAA	2	+-	24	0	0.4428712773625998	0.22272948566157216	1.5357550382614136	1000
GATAA	2	+-	24	1	0.4058831406241864	0.20824450486662838	1.3689401149749756	1000
GATAA	2	+-	24	2	0.3742408696095298	0.18534550935436664	1.198722004890442	1000
GATAA	2	+-	24	3	0.3997204003044939	0.1991264361723408	1.360612154006958	1000
GATAA	2	+-	24	4	0.4033369374781625	0.19501172975261674	1.3775066137313843	1000
GATAA	2	+-	25	0	0.41446464494561336	0.1943228317467544	1.5160648822784424	1000
GATAA	2	+-	25	1	0.3905936249885064	0.19295496773311704	1.358342170715332	1000
GATAA	2	+-	25	2	0.3583782862833436	0.16948290453034906	1.1877270936965942	1000
GATAA	2	+-	25	3	0.3881076587659472	0.18751367313596273	1.3525629043579102	1000
GATAA	2	+-	25	4	0.38640262276529336	0.1780773935419162	1.365768551826477	1000
GATAA	2	+-	26	0	0.4226691203006864	0.20252732859965875	1.5217519998550415	1000
GATAA	2	+-	26	1	0.38052550263302126	0.1828868668754633	1.3513635396957397	1000
GATAA	2	+-	26	2	0.3604109062382284	0.1715155674808966	1.189136028289795	1000
GATAA	2	+-	26	3	0.39257039357752355	0.19197649393886446	1.3556561470031738	1000
GATAA	2	+-	26	4	0.3905010983223422	0.18217586909896508	1.3686094284057617	1000
GATAA	2	+-	27	0	0.40192487392325343	0.1817830177287317	1.5073730945587158	1000
GATAA	2	+-	27	1	0.366169293847911	0.16853064734143738	1.3414125442504883	1000
GATAA	2	+-	27	2	0.3600937057365433	0.1711983239835488	1.1889159679412842	1000
GATAA	2	+-	27	3	0.3776837902971524	0.17708986916066197	1.3453376293182373	1000
GATAA	2	+-	27	4	0.38211827695832445	0.1737930692327787	1.362798810005188	1000
GATAA	2	+-	28	0	0.42299687623756815	0.20285502004304648	1.5219789743423462	1000
GATAA	2	+-	28	1	0.3685423104645161	0.1709036639580424	1.34305739402771	1000
GATAA	2	+-	28	2	0.36645426910039075	0.17755887659848052	1.1933248043060303	1000
GATAA	2	+-	28	3	0.3877245674111503	0.18713058178116582	1.3522971868515015	1000
GATAA	2	+-	28	4	0.3923302628012563	0.18400509807137327	1.3698773384094238	1000
GATAA	2	+-	29	0	0.41148319670591843	0.19134134051139676	1.5139983892440796	1000
GATAA	2	+-	29	1	0.37342309210467717	0.17578443484928782	1.3464404344558716	1000
GATAA	2	+-	29	2	0.36122492162259345	0.17232956136743027	1.1897002458572388	1000
GATAA	2	+-	29	3	0.3820929095173222	0.18149894538516909	1.3483937978744507	1000
GATAA	2	+-	29	4	0.3931189752381132	0.1847937675125674	1.3704237937927246	1000
GATAA	2	-+	20	0	0.42285327072409773	0.2027114360274074	1.5218795537948608	1000
GATAA	2	-+	20	1	0.3592328250798182	0.1615941893222602	1.3366044759750366	1000
GATAA	2	-+	20	2	0.34602111784053724	0.15712573608754268	1.1791616678237915	1000
GATAA	2	-+	20	3	0.397060473630587	0.19646653099626524	1.3587684631347656	1000
GATAA	2	-+	20	4	0.3948050501515094	0.186479863923795	1.3715927600860596	1000
GATAA	2	-+	21	0	0.4165105075646146	0.196368715863587	1.5174829959869385	1000
GATAA	2	-+	21	1	0.3802875646355526	0.18264890738016323	1.351198673248291	1000
GATAA	2	-+	21	2	0.34837317407156837	0.1594777923185738	1.180791974067688	1000
GATAA	2	-+	21	3	0.38774434541599956	0.18715035978601505	1.3523110151290894	1000
GATAA	2	-+	21	4	0.38608071423854085	0.17775547426624808	1.365545392036438	1000
GATAA	2	-+	22	0	0.4369560630731616	0.21681424987430264	1.531654953956604	1000
GATAA	2	-+	22	1	0.36842764103205333	0.1707889730277483	1.3429780006408691	1000
GATAA	2	-+	22	2	0.3604934579106426	0.17159810840439507	1.1891931295394897	1000
GATAA	2	-+	22	3	0.40177658188254695	0.2011826177503938	1.3620373010635376	1000
GATAA	2	-+	22	4	0.4037096238825822	0.1953844376548678	1.3777649402618408	1000
GATAA	2	-+	23	0	0.4246993324984591	0.20455751929960014	1.523159146308899	1000
GATAA	2	-+	23	1	0.3878667540677511	0.1902281398080245	1.3564521074295044	1000
GATAA	2	-+	23	2	0.3618490896582373	0.17295371865415846	1.1901328563690186	1000
GATAA	2	-+	23	3	0.39085499562215514	0.19026109598349608	1.3544671535491943	1000
GATAA	2	-+	23	4	0.39166477593374266	0.18333954671036556	1.3694159984588623	1000
GATAA	2	-+	24	0	0.44338382865783366	0.22324199396114333	1.5361104011535645	1000
GATAA	2	-+	24	1	0.39148329124141973	0.19384459099036763	1.3589589595794678	1000
GATAA	2	-+	24	2	0.3827897402229556	0.19389435846996106	1.2046476602554321	1000
GATAA	2	-+	24	3	0.41526221448898964	0.2146682503568365	1.371384859085083	1000
GATAA	2	-+	24	4	0.41368633745913375	0.20536110823575662	1.384680151939392	1000
GATAA	2	-+	25	0	0.4473113964555876	0.22716960475456	1.538832664489746	1000
GATAA	2	-+	25	1	0.41842583535161104	0.22078719959405302	1.3776341676712036	1000
GATAA	2	-+	25	2	0.3864929136569963	0.1975975748996645	1.207214593887329	1000
GATAA	2	-+	25	3	0.4198830443523716	0.2192891017180498	1.374587893486023	1000
GATAA	2	-+	25	4	0.4267822143830586	0.21845698515968148	1.3937575817108154	1000
GATAA	2	-+	26	0	0.46801741968886634	0.24787562798783871	1.5531851053237915	1000
GATAA	2	-+	26	1	0.4117511886716254	0.21411257441189877	1.3730075359344482	1000
GATAA	2	-+	26	2	0.4031259147655538	0.214230576008222	1.2187436819076538	1000
GATAA	2	-+	26	3	0.4355203948994216	0.23492645226509984	1.3854267597198486	1000
GATAA	2	-+	26	4	0.446764620612832	0.23843943438511764	1.4076082706451416	1000
GATAA	2	-+	27	0	0.42728242592309307	0.2071406127242341	1.524949550628662	1000
GATAA	2	-+	27	1	0.39778950808759445	0.20015091532569917	1.3633301258087158	1000
GATAA	2	-+	27	2	0.37246927632299204	0.18357391606782886	1.1974941492080688	1000
GATAA	2	-+	27	3	0.40072654180770406	0.2001325991733823	1.36130952835083	1000
GATAA	2	-+	27	4	0.40329686552051147	0.19497167929279707	1.3774787187576294	1000
GATAA	2	-+	28	0	0.4673423877842298	0.24720061758103354	1.5527170896530151	1000
GATAA	2	-+	28	1	0.41909295605430785	0.22145432029674986	1.3780964612960815	1000
GATAA	2	-+	28	2	0.4089274485227717	0.2200320882676085	1.2227648496627808	1000
GATAA	2	-+	28	3	0.436386456533504	0.2357925138991822	1.3860270977020264	1000
GATAA	2	-+	28	4	0.4443620659759413	0.2360368367525642	1.4059429168701172	1000
GATAA	2	-+	29	0	0.44014290159364944	0.22000104539912776	1.5338637828826904	1000
GATAA	2	-+	29	1	0.40977020650766216	0.2121315492522728	1.3716344833374023	1000
GATAA	2	-+	29	2	0.37287868102337096	0.1839832992703764	1.1977779865264893	1000
GATAA	2	-+	29	3	0.41493166383403135	0.2143377426975409	1.3711557388305664	1000
GATAA	2	-+	29	4	0.4104510428267653	0.20212581360338816	1.3824375867843628	1000
GATAA	3	+++	20	0	0.6644464584672435	0.4443047097618786	1.6893393993377686	1000
GATAA	3	+++	20	1	0.5942106356640319	0.3965719999064739	1.4994789361953735	1000
GATAA	3	+++	20	2	0.5778479912826308	0.3889526525252989	1.3398518562316895	1000
GATAA	3	+++	20	3	0.6125399446537121	0.41194595902372755	1.5081274509429932	1000
GATAA	3	+++	20	4	0.6105888444753362	0.40226359375412774	1.5211626291275024	1000
GATAA	3	+++	21	0	0.6369421330280088	0.4168002983313185	1.6702746152877808	1000
GATAA	3	+++	21	1	0.5776832319031041	0.38004455314988345	1.488022804260254	1000
GATAA	3	+++	21	2	0.5693314534075672	0.38043611465023536	1.3339486122131348	1000
GATAA	3	+++	21	3	0.6124905426372517	0.41189660000292994	1.508093237876892	1000
GATAA	3	+++	21	4	0.6195757978961722	0.4112505901706265	1.527391791343689	1000
GATAA	3	+++	22	0	0.6579970660642255	0.4378552743631978	1.6848689317703247	1000
GATAA	3	+++	22	1	0.6048915322045412	0.4072528964469832	1.5068823099136353	1000
GATAA	3	+++	22	2	0.5823474013945035	0.393452019641509	1.342970609664917	1000
GATAA	3	+++	22	3	0.6088160043145796	0.4082220186845951	1.5055460929870605	1000
GATAA	3	+++	22	4	0.6148000546600256	0.4064748469344799	1.5240815877914429	1000
GATAA	3	+++	23	0	0.6413801453335236	0.42123835363249595	1.6733508110046387	1000
GATAA	3	+++	23	1	0.6126649330452266	0.4150262972876686	1.512270212173462	1000
GATAA	3	+++	23	2	0.5663317750068808	0.3774363932538862	1.3318692445755005	1000
GATAA	3	+++	23	3	0.6071874146022342	0.40659342897224976	1.5044173002243042	1000
GATAA	3	+++	23	4	0.6181857051249109	0.4098604544037024	1.52642822265625	1000
GATAA	3	+++	24	0	0.6540989932910944	0.43395720159006684	1.6821668148040771	1000
GATAA	3	+++	24	1	0.6039301491862181	0.4062915134286601	1.5062158107757568	1000
GATAA	3	+++	24	2	0.5841386436989023	0.39524321895024517	1.3442121744155884	1000
GATAA	3	+++	24	3	0.6214053923317135	0.42081144969739176	1.5142724514007568	1000
GATAA	3	+++	24	4	0.6193847251710637	0.4110595174455179	1.527259349822998	1000
GATAA	3	+++	25	0	0.6714489040797735	0.45130702638742054	1.694192886352539	1000
GATAA	3	+++	25	1	0.6172388546405857	0.41960021888302773	1.5154407024383545	1000
GATAA	3	+++	25	2	0.6070833650984623	0.41818802634113045	1.3601162433624268	1000
GATAA	3	+++	25	3	0.6356790924400724	0.4350851498057505	1.524166226387024	1000
GATAA	3	+++	25	4	0.6447864337165123	0.4364612259909666	1.5448664426803589	1000
GATAA	3	+++	26	0	0.659202019511833	0.43906018481514264	1.685703992843628	1000
GATAA	3	+++	26	1	0.6189996130201191	0.4213609342668984	1.5166611671447754	1000
GATAA	3	+++	26	2	0.5865841510028461	0.39768872625418883	1.345907211303711	1000
GATAA	3	+++	26	3	0.6157657372446204	0.4151717946102985	1.5103633403778076	1000
GATAA	3	+++	26	4	0.6202041795067622	0.41187897178121646	1.5278273820877075	1000
GATAA	3	+++	27	0	0.6794863842808588	0.4593445495841685	1.6997640132904053	1000
GATAA	3	+++	27	1	0.6341425564416013	0.4365039206840433	1.5271574258804321	1000
GATAA	3	+++	27	2	0.602103392464416	0.41320805370708424	1.3566642999649048	1000
GATAA	3	+++	27	3	0.6333175986610751	0.43272365602675333	1.5225293636322021	1000
GATAA	3	+++	27	4	0.634584508858656	0.4262593011331102	1.5377951860427856	1000
GATAA	3	+++	28	0	0.6586226529567389	0.4384808612557113	1.685302495956421	1000
GATAA	3	+++	28	1	0.6091369669367523	0.4114982881835316	1.5098249912261963	1000
GATAA	3	+++	28	2	0.5889873075790149	0.4000919258260203	1.3475730419158936	1000
GATAA	3	+++	28	3	0.6259438855009949	0.4253499428666731	1.517418384552002	1000
GATAA	3	+++	28	4	0.62884015933285	0.4205149516073043	1.5338134765625	1000
GATAA	3	+++	29	0	0.6903624381344347	0.4702205604420816	1.7073026895523071	1000
GATAA	3	+++	29	1	0.6235006569671752	0.42586202120961714	1.519781231880188	1000
GATAA	3	+++	29	2	0.6234444616360058	0.43454907988301117	1.3714567422866821	1000
GATAA	3	+++	29	3	0.6487539874805919	0.44816004484627014	1.5332292318344116	1000
GATAA	3	+++	29	4	0.6582607154679981	0.44993542175112694	1.554206132888794	1000
GATAA	3	+-+	20	0	0.6269529507092697	0.40681111601257935	1.6633507013320923	1000
GATAA	3	+-+	20	1	0.560124319197964	0.362485683440406	1.4758520126342773	1000
GATAA	3	+-+	20	2	0.5306710003678266	0.34177564011266337	1.307151198387146	1000
GATAA	3	+-+	20	3	0.5897031853632313	0.3891092857245722	1.4922982454299927	1000
GATAA	3	+-+	20	4	0.6004246698093442	0.3920994620837984	1.5141174793243408	1000
GATAA	3	+-+	21	0	0.6623326197054887	0.4421908280044611	1.6878740787506104	1000
GATAA	3	+-+	21	1	0.610314833116849	0.4126761543636283	1.51064133644104	1000
GATAA	3	+-+	21	2	0.5668928254096579	0.37799744365666343	1.3322583436965942	1000
GATAA	3	+-+	21	3	0.6031924296053421	0.40259857296234575	1.501648187637329	1000
GATAA	3	+-+	21	4	0.6050492832910451	0.3967241185611621	1.5173227787017822	1000
GATAA	3	+-+	22	0	0.6335921259675149	0.41345029127082455	1.667952537536621	1000
GATAA	3	+-+	22	1	0.5734067543024123	0.37576807554919156	1.4850585460662842	1000
GATAA	3	+-+	22	2	0.5505942875613659	0.36169886281270863	1.3209608793258667	1000
GATAA	3	+-+	22	3	0.5990054259787616	0.39841144034877707	1.4987460374832153	1000
GATAA	3	+-+	22	4	0.6042408358450018	0.3959155851237933	1.5167624950408936	1000
GATAA	3	+-+	23	0	0.6484999261096048	0.42835813440857723	1.678285837173462	1000
GATAA	3	+-+	23	1	0.6144158454179981	0.41677720966044013	1.513484001159668	1000
GATAA	3	+-+	23	2	0.5580366647948031	0.36914128304180854	1.3261196613311768	1000
GATAA	3	+-+	23	3	0.6084105982108333	0.4078165695851861	1.5052651166915894	1000
GATAA	3	+-+	23	4	0.6097709379834954	0.4014456442666242	1.520595669746399	1000
GATAA	3	+-+	24	0	0.6480975297022485	0.42795573800122094	1.6780070066452026	1000
GATAA	3	+-+	24	1	0.5936696212400803	0.39603098548252225	1.4991037845611572	1000
GATAA	3	+-+	24	2	0.5662497822780819	0.3773544435207501	1.3318125009536743	1000
GATAA	3	+-+	24	3	0.6183072108677454	0.4177132682334237	1.512125015258789	1000
GATAA	3	+-+	24	4	0.6098313468896109	0.4015061391640652	1.5206373929977417	1000
GATAA	3	+-+	25	0	0.6497356644517168	0.4295938727506892	1.6791423559188843	1000
GATAA	3	+-+	25	1	0.6160710494455645	0.41843241368800654	1.5146313905715942	1000
GATAA	3	+-+	25	2	0.5763543649555499	0.38745902619821815	1.338816523551941	1000
GATAA	3	+-+	25	3	0.606300629058723	0.40570672942006386	1.50380277633667	1000
GATAA	3	+-+	25	4	0.6077944273684546	0.39946921964290877	1.5192255973815918	1000
GATAA	3	+-+	26	0	0.6613671091035449	0.44122531740251725	1.6872048377990723	1000
GATAA	3	+-+	26	1	0.6085021789724178	0.41086350021919704	1.5093848705291748	1000
GATAA	3	+-+	26	2	0.5856993862554823	0.39680409049381327	1.3452939987182617	1000
GATAA	3	+-+	26	3	0.6334129630409785	0.43281897741099407	1.5225954055786133	1000
GATAA	3	+-+	26	4	0.6356483075455679	0.4273230568243594	1.5385324954986572	1000
GATAA	3	+-+	27	0	0.6437741008378711	0.4236322231455181	1.675010085105896	1000
GATAA	3	+-+	27	1	0.5945001684567595	0.39686148970353874	1.499679446220398	1000
GATAA	3	+-+	27	2	0.563157319237255	0.3742619804799232	1.3296689987182617	1000
GATAA	3	+-+	27	3	0.6107810780833381	0.4101870924533536	1.5069081783294678	1000
GATAA	3	+-+	27	4	0.6056989477546794	0.3973737400291336	1.517773151397705	1000
GATAA	3	+-+	28	0	0.6777302694328987	0.4575884347362083	1.6985467672348022	1000
GATAA	3	+-+	28	1	0.6168864191933051	0.4192477404400844	1.515196442604065	1000
GATAA	3	+-+	28	2	0.6063925107899464	0.41749712903695185	1.3596374988555908	1000
GATAA	3	+-+	28	3	0.6409077089916034	0.44031376635728164	1.5277905464172363	1000
GATAA	3	+-+	28	4	0.6496593901460592	0.44133409642918797	1.5482442378997803	1000
GATAA	3	+-+	29	0	0.6608455287191407	0.44070369402245035	1.6868431568145752	1000
GATAA	3	+-+	29	1	0.6281474132151746	0.4305087774576166	1.5230019092559814	1000
GATAA	3	+-+	29	2	0.5798142259342824	0.3909188011856253	1.341214656829834	1000
GATAA	3	+-+	29	3	0.6174167276972405	0.41682278506291875	1.5115077495574951	1000
GATAA	3	+-+	29	4	0.6140534349769675	0.40572814126009626	1.5235639810562134	1000
GATAA	3	++-	20	0	0.6383643865549815	0.4182225948539539	1.6712604761123657	1000
GATAA	3	++-	20	1	0.5863620354092568	0.3887233996516988	1.4940385818481445	1000
GATAA	3	++-	20	2	0.5614057619295427	0.37251038017654825	1.328454852104187	1000
GATAA	3	++-	20	3	0.587936966534533	0.3873430239002112	1.4910739660263062	1000
GATAA	3	++-	20	4	0.6014918221579479	0.39316661443240214	1.5148569345474243	1000
GATAA	3	++-	21	0	0.6402438989549357	0.4201021072539081	1.6725631952285767	1000
GATAA	3	++-	21	1	0.5973626906933828	0.39972401194016205	1.5016635656356812	1000
GATAA	3	++-	21	2	0.576474580828503	0.3875792420711712	1.338899850845337	1000
GATAA	3	++-	21	3	0.5957470426755148	0.39515310004119303	1.4964874982833862	1000
GATAA	3	++-	21	4	0.6056111936070766	0.39728594288586816	1.5177122354507446	1000
GATAA	3	++-	22	0	0.6490172499234002	0.42887541522670986	1.6786445379257202	1000
GATAA	3	++-	22	1	0.6102564020112183	0.41261772325799767	1.5106009244918823	1000
GATAA	3	++-	22	2	0.5791581981125663	0.3902628163595718	1.3407599925994873	1000
GATAA	3	++-	22	3	0.6065913657300065	0.4059974230956847	1.5040041208267212	1000
GATAA	3	++-	22	4	0.6057496826366839	0.39742447491113814	1.5178083181381226	1000
GATAA	3	++-	23	0	0.6578268892311967	0.43768509753016904	1.6847507953643799	1000
GATAA	3	++-	23	1	0.6184816872670458	0.4208430945051505	1.516302227973938	1000
GATAA	3	++-	23	2	0.5837288950332218	0.39483359927155265	1.3439282178878784	1000
GATAA	3	++-	23	3	0.6189123318248062	0.41831843218614717	1.5125445127487183	1000
GATAA	3	++-	23	4	0.6276607453088956	0.41933553758334985	1.5329958200454712	1000
GATAA	3	++-	24	0	0.6815374493750487	0.4613956146783583	1.7011858224868774	1000
GATAA	3	++-	24	1	0.6326290661183459	0.4349904303607879	1.5261083841323853	1000
GATAA	3	++-	24	2	0.5945389075488663	0.40564352579587176	1.3514211177825928	1000
GATAA	3	++-	24	3	0.6341149102304751	0.43352096759615333	1.5230820178985596	1000
GATAA	3	++-	24	4	0.6279556525594626	0.4196304448339168	1.5332002639770508	1000
GATAA	3	++-	25	0	0.6723627768907958	0.4522209421941055	1.6948262453079224	1000
GATAA	3	++-	25	1	0.6268734517289084	0.4292348159713504	1.5221189260482788	1000
GATAA	3	++-	25	2	0.6037527060861904	0.4148572813375332	1.3578076362609863	1000
GATAA	3	++-	25	3	0.6239911944830986	0.4233972518487768	1.5160647630691528	1000
GATAA	3	++-	25	4	0.6303137066854426	0.4219884559642341	1.534834861755371	1000
GATAA	3	++-	26	0	0.6635995728987323	0.44345773820204193	1.6887521743774414	1000
GATAA	3	++-	26	1	0.6297814203810221	0.4321428276191269	1.5241345167160034	1000
GATAA	3	++-	26	2	0.59001537687021	0.40112003811287816	1.3482856750488281	1000
GATAA	3	++-	26	3	0.6258539385745937	0.42525999594027186	1.517356038093567	1000
GATAA	3	++-	26	4	0.6192002307823506	0.4108749370654794	1.52713143825531	1000
GATAA	3	++-	27	0	0.6684147431575892	0.44827286546523615	1.6920897960662842	1000
GATAA	3	++-	27	1	0.6046710504461351	0.4070324146885771	1.5067293643951416	1000
GATAA	3	++-	27	2	0.5927164503933359	0.4038209826490159	1.3501577377319336	1000
GATAA	3	++-	27	3	0.61815513520872	0.4175611925743982	1.5120195150375366	1000
GATAA	3	++-	27	4	0.6250020655092074	0.41667681478799895	1.5311530828475952	1000
GATAA	3	++-	28	0	0.6763068120273699	0.45616497733067957	1.6975600719451904	1000
GATAA	3	++-	28	1	0.6132029807684509	0.4155643880065556	1.5126433372497559	1000
GATAA	3	++-	28	2	0.5861435744469983	0.39724814969834105	1.3456017971038818	1000
GATAA	3	++-	28	3	0.6241928011455725	0.423598815515588	1.516204595565796	1000
GATAA	3	++-	28	4	0.6318863590405948	0.4235611083193863	1.5359247922897339	1000
GATAA	3	++-	29	0	0.6836437638958281	0.46350197219480055	1.7026457786560059	1000
GATAA	3	++-	29	1	0.6265864986759437	0.4289479059140485	1.521920084953308	1000
GATAA	3	++-	29	2	0.612853168056596	0.4239578292992641	1.3641154766082764	1000
GATAA	3	++-	29	3	0.6353549911345213	0.4347610914958623	1.5239416360855103	1000
GATAA	3	++-	29	4	0.6510408407891147	0.44271559006790623	1.5492016077041626	1000
GATAA	4	++++	20	0	0.8565620003793305	0.6364200796913148	1.8225034475326538	1000
GATAA	4	++++	20	1	0.770298942359563	0.572660306602005	1.621533989906311	1000
GATAA	4	++++	20	2	0.7571908546674269	0.568295515910095	1.464162826538086	1000
GATAA	4	++++	20	3	0.8023222839328688	0.601728341298547	1.6396745443344116	1000
GATAA	4	++++	20	4	0.7842817338139874	0.5759565260884415	1.6415573358535767	1000
GATAA	4	++++	21	0	0.8076739540710922	0.5875320763787392	1.7886168956756592	1000
GATAA	4	++++	21	1	0.7450793204457152	0.5474406846881573	1.604053020477295	1000
GATAA	4	++++	21	2	0.7370258888537625	0.5481304641051052	1.4501854181289673	1000
GATAA	4	++++	21	3	0.8015324536087813	0.600938596965785	1.639127254486084	1000
GATAA	4	++++	21	4	0.8016763170962281	0.5933511093706824	1.6536144018173218	1000
GATAA	4	++++	22	0	0.8733711547180343	0.6532294060126693	1.8341548442840576	1000
GATAA	4	++++	22	1	0.7957510848173771	0.5981124920554819	1.6391761302947998	1000
GATAA	4	++++	22	2	0.7772052496702607	0.5883098679172662	1.4780356884002686	1000
GATAA	4	++++	22	3	0.8063203646174765	0.605726378987492	1.6424458026885986	1000
GATAA	4	++++	22	4	0.80406068456779	0.5957354338465816	1.6552671194076538	1000
GATAA	4	++++	23	0	0.793449612983531	0.5733078642781662	1.7787573337554932	1000
GATAA	4	++++	23	1	0.7773453295393885	0.5797066507861678	1.626418113708496	1000
GATAA	4	++++	23	2	0.7274915146552301	0.5385961758978983	1.4435768127441406	1000
GATAA	4	++++	23	3	0.7597409274230952	0.5591469847887733	1.6101593971252441	1000
GATAA	4	++++	23	4	0.7752034576055431	0.5668782498799974	1.6352647542953491	1000
GATAA	4	++++	24	0	0.8644026034408405	0.6442607687441502	1.827938199043274	1000
GATAA	4	++++	24	1	0.78825788671061	0.5906192079573893	1.6339821815490723	1000
GATAA	4	++++	24	2	0.7680157006867083	0.5791203189337137	1.4716659784317017	1000
GATAA	4	++++	24	3	0.8084699757706107	0.6078759901406262	1.6439357995986938	1000
GATAA	4	++++	24	4	0.8099837670635052	0.6016585163422967	1.6593725681304932	1000
GATAA	4	++++	25	0	0.859085415824115	0.6389436671187502	1.824252724647522	1000
GATAA	4	++++	25	1	0.8008248309918063	0.6031861952342483	1.6426929235458374	1000
GATAA	4	++++	25	2	0.7809155173886495	0.5920200926399923	1.4806073904037476	1000
GATAA	4	++++	25	3	0.8393945201875541	0.6388007065402205	1.665371060371399	1000
GATAA	4	++++	25	4	0.8383558309676682	0.6300306232421224	1.6790385246276855	1000
GATAA	4	++++	26	0	0.8809725299121941	0.660830652219841	1.8394235372543335	1000
GATAA	4	++++	26	1	0.8218295020983083	0.6241908663407503	1.6572521924972534	1000
GATAA	4	++++	26	2	0.7761003471297926	0.5872049653767981	1.4772697687149048	1000
GATAA	4	++++	26	3	0.8309384772099315	0.630344491579947	1.6595097780227661	1000
GATAA	4	++++	26	4	0.8400196771234404	0.6316944693978946	1.6801918745040894	1000
GATAA	4	++++	27	0	0.8506058112233242	0.630463976526634	1.8183751106262207	1000
GATAA	4	++++	27	1	0.8181722050363852	0.6205336552701527	1.654717206954956	1000
GATAA	4	++++	27	2	0.7694692980518008	0.5805738733031435	1.4726735353469849	1000
GATAA	4	++++	27	3	0.8209936664151151	0.6203997237807932	1.6526166200637817	1000
GATAA	4	++++	27	4	0.8152757592218792	0.6069505514963335	1.6630407571792603	1000
GATAA	4	++++	28	0	0.8567107653723268	0.636569016666962	1.8226066827774048	1000
GATAA	4	++++	28	1	0.7888410798796858	0.591202401126465	1.6343863010406494	1000
GATAA	4	++++	28	2	0.7681193202338531	0.5792239384808586	1.4717377424240112	1000
GATAA	4	++++	28	3	0.8240213349922293	0.6234275213448958	1.6547152996063232	1000
GATAA	4	++++	28	4	0.8131093797602859	0.6047842150304028	1.661539077758789	1000
GATAA	4	++++	29	0	0.8572648934734068	0.6371230157810538	1.8229907751083374	1000
GATAA	4	++++	29	1	0.7726925968942715	0.5750539611367135	1.6231931447982788	1000
GATAA	4	++++	29	2	0.791575518037079	0.60268022227541	1.4879965782165527	1000
GATAA	4	++++	29	3	0.8299032276430628	0.6293093280044038	1.65879225730896	1000
GATAA	4	++++	29	4	0.8381362091225163	0.6298109584013079	1.6788862943649292	1000
GATAA	4	+-+-	20	0	0.7563379927017981	0.5361961580051078	1.7530333995819092	1000
GATAA	4	+-+-	20	1	0.7030126220186486	0.5053740292567532	1.574894666671753	1000
GATAA	4	+-+-	20	2	0.6813623710364703	0.49246698928347576	1.41160249710083	1000
GATAA	4	+-+-	20	3	0.7432313668621944	0.5426373812322098	1.5987156629562378	1000
GATAA	4	+-+-	20	4	0.7476240617392068	0.5392987250266729	1.6161481142044067	1000
GATAA	4	+-+-	21	0	0.8737152060110853	0.6535733283187323	1.83439302444458	1000
GATAA	4	+-+-	21	1	0.7932164045089611	0.5955777687514031	1.6374191045761108	1000
GATAA	4	+-+-	21	2	0.7656192084382605	0.5767238696809287	1.470004916191101	1000
GATAA	4	+-+-	21	3	0.7930631679670423	0.5924692253327205	1.6332565546035767	1000
GATAA	4	+-+-	21	4	0.7985718582655035	0.5902466505399577	1.6514625549316406	1000
GATAA	4	+-+-	22	0	0.7944823688019622	0.5743405771009346	1.7794733047485352	1000
GATAA	4	+-+-	22	1	0.7355496757700816	0.5379109970168608	1.5974475145339966	1000
GATAA	4	+-+-	22	2	0.7232821532840374	0.534386771531043	1.4406590461730957	1000
GATAA	4	+-+-	22	3	0.771228422596151	0.5706344799618293	1.6181219816207886	1000
GATAA	4	+-+-	22	4	0.76392182566557	0.5555965749443615	1.627444863319397	1000
GATAA	4	+-+-	23	0	0.8578377676834308	0.6376959329867405	1.8233879804611206	1000
GATAA	4	+-+-	23	1	0.7995374548587727	0.6018988620968775	1.6418005228042603	1000
GATAA	4	+-+-	23	2	0.7593373701328455	0.570441988379851	1.4656506776809692	1000
GATAA	4	+-+-	23	3	0.8010748937661608	0.6004808651405136	1.6388099193572998	1000
GATAA	4	+-+-	23	4	0.7998790983947117	0.591553890669166	1.6523686647415161	1000
GATAA	4	+-+-	24	0	0.81819808842534	0.5980562967243125	1.7959116697311401	1000
GATAA	4	+-+-	24	1	0.7708857471643068	0.5732471114067489	1.6219407320022583	1000
GATAA	4	+-+-	24	2	0.7328677783125269	0.5439723535638697	1.447303295135498	1000
GATAA	4	+-+-	24	3	0.7849046549754124	0.5843107123410907	1.6276015043258667	1000
GATAA	4	+-+-	24	4	0.7774720807530744	0.5691468730275286	1.6368372440338135	1000
GATAA	4	+-+-	25	0	0.897352759519646	0.6772109678186184	1.850777506828308	1000
GATAA	4	+-+-	25	1	0.8396813872491933	0.6420427514916353	1.669626235961914	1000
GATAA	4	+-+-	25	2	0.7881401645860944	0.5992447398374372	1.4856152534484863	1000
GATAA	4	+-+-	25	3	0.8294335430235565	0.628839557393572	1.6584665775299072	1000
GATAA	4	+-+-	25	4	0.839914337749787	0.6315891730199039	1.6801189184188843	1000
GATAA	4	+-+-	26	0	0.8421747917214023	0.622032957024712	1.8125309944152832	1000
GATAA	4	+-+-	26	1	0.784782375310649	0.5871436965574283	1.631572961807251	1000
GATAA	4	+-+-	26	2	0.765639244417086	0.5767439486554169	1.470018744468689	1000
GATAA	4	+-+-	26	3	0.8164208197113239	0.6158268340813393	1.649446725845337	1000
GATAA	4	+-+-	26	4	0.8248381665925023	0.6165129588669565	1.6696687936782837	1000
GATAA	4	+-+-	27	0	0.8698757793218985	0.649733987620871	1.831731915473938	1000
GATAA	4	+-+-	27	1	0.8098783416985262	0.6122396629453055	1.64896821975708	1000
GATAA	4	+-+-	27	2	0.7813248360977031	0.5924295403360339	1.4808913469314575	1000
GATAA	4	+-+-	27	3	0.8368485750155065	0.636254589385522	1.6636061668395996	1000
GATAA	4	+-+-	27	4	0.8258851969709551	0.6175599892454092	1.6703946590423584	1000
GATAA	4	+-+-	28	0	0.8518845882238147	0.6317427535271244	1.8192614316940308	1000
GATAA	4	+-+-	28	1	0.7856561331683575	0.5880174544151368	1.6321786642074585	1000
GATAA	4	+-+-	28	2	0.7725684254203485	0.5836730436673541	1.4748218059539795	1000
GATAA	4	+-+-	28	3	0.8282982855452111	0.6277043429108893	1.6576796770095825	1000
GATAA	4	+-+-	28	4	0.8285777573528632	0.6202525926229802	1.6722609996795654	1000
GATAA	4	+-+-	29	0	0.882093512830518	0.6619518071208157	1.840200662612915	1000
GATAA	4	+-+-	29	1	0.8186904747547603	0.621051881992865	1.6550763845443726	1000
GATAA	4	+-+-	29	2	0.7829591872288523	0.5940638054758578	1.482024073600769	1000
GATAA	4	+-+-	29	3	0.8281941500501137	0.6276001214244664	1.6576075553894043	1000
GATAA	4	+-+-	29	4	0.8315325052860116	0.6232072115691405	1.6743091344833374	1000
GATAA	4	++--	20	0	0.8170438268640743	0.5969019491717212	1.7951115369796753	1000
GATAA	4	++--	20	1	0.7557251325254486	0.5580864967678906	1.6114319562911987	1000
GATAA	4	++--	20	2	0.719094375735528	0.5301989509868709	1.4377562999725342	1000
GATAA	4	++--	20	3	0.7655332171128291	0.5649393604698327	1.6141743659973145	1000
GATAA	4	++--	20	4	0.7523878091854558	0.5440626444555727	1.6194502115249634	1000
GATAA	4	++--	21	0	0.8447375911932344	0.6245957135008814	1.8143073320388794	1000
GATAA	4	++--	21	1	0.7679794123473762	0.5703407765898183	1.6199262142181396	1000
GATAA	4	++--	21	2	0.7566967485114979	0.5678013237628408	1.4638203382492065	1000
GATAA	4	++--	21	3	0.7975046199255743	0.5969106342955899	1.6363352537155151	1000
GATAA	4	++--	21	4	0.8018184607571662	0.5934932530316204	1.6537128686904907	1000
GATAA	4	++--	22	0	0.8151860702694543	0.5950442785684267	1.7938239574432373	1000
GATAA	4	++--	22	1	0.78264678074356	0.5850081449860021	1.630092740058899	1000
GATAA	4	++--	22	2	0.7465698940807433	0.557674469332086	1.4568008184432983	1000
GATAA	4	++--	22	3	0.7621680325833965	0.5615740469534121	1.6118416786193848	1000
GATAA	4	++--	22	4	0.7612193762812373	0.5528941255600288	1.625571608543396	1000
GATAA	4	++--	23	0	0.8558671904698447	0.6357253127774917	1.8220219612121582	1000
GATAA	4	++--	23	1	0.7959095668301472	0.5982710170639147	1.639285922050476	1000
GATAA	4	++--	23	2	0.7582457962478193	0.5693504574904875	1.4648940563201904	1000
GATAA	4	++--	23	3	0.7954680873653824	0.5948741017353979	1.6349235773086548	1000
GATAA	4	++--	23	4	0.8086434202740059	0.6003182125484601	1.658443570137024	1000
GATAA	4	++--	24	0	0.8334301618556319	0.6132883701546042	1.8064696788787842	1000
GATAA	4	++--	24	1	0.774314823248535	0.5766762304866397	1.6243176460266113	1000
GATAA	4	++--	24	2	0.7360667416099006	0.5471713168612434	1.4495207071304321	1000
GATAA	4	++--	24	3	0.7732842172132396	0.572690231583255	1.619546890258789	1000
GATAA	4	++--	24	4	0.7745302315187407	0.5662050667888576	1.6347980499267578	1000
GATAA	4	++--	25	0	0.8864117392197067	0.6662699045230164	1.8431938886642456	1000
GATAA	4	++--	25	1	0.805274796091556	0.6076361173383353	1.6457773447036743	1000
GATAA	4	++--	25	2	0.7812330833534677	0.5923377016004732	1.4808276891708374	1000
GATAA	4	++--	25	3	0.8258120183530129	0.6252182047056792	1.6559563875198364	1000
GATAA	4	++--	25	4	0.8333842424878515	0.6250591207536312	1.6755925416946411	1000
GATAA	4	++--	26	0	0.8116876851769285	0.5915458074845754	1.7913988828659058	1000
GATAA	4	++--	26	1	0.7665379397591696	0.5688992610059489	1.618927001953125	1000
GATAA	4	++--	26	2	0.7167969884896399	0.5279016067366454	1.4361639022827148	1000
GATAA	4	++--	26	3	0.764776149483731	0.5641822068494092	1.6136494874954224	1000
GATAA	4	++--	26	4	0.7716351615654415	0.5633099968355585	1.632791519165039	1000
GATAA	4	++--	27	0	0.8845139966587611	0.6643722049577334	1.8418784141540527	1000
GATAA	4	++--	27	1	0.8190853469211413	0.621446754159246	1.6553500890731812	1000
GATAA	4	++--	27	2	0.7930388324219453	0.6041434506689507	1.4890105724334717	1000
GATAA	4	++--	27	3	0.8434095411632718	0.6428156845202755	1.668154001235962	1000
GATAA	4	++--	27	4	0.8296114590758741	0.6212862513503283	1.6729775667190552	1000
GATAA	4	++--	28	0	0.8237809892376485	0.6036391115452955	1.7997814416885376	1000
GATAA	4	++--	28	1	0.7516474238734914	0.5540087451202707	1.6086057424545288	1000
GATAA	4	++--	28	2	0.73160662953375	0.5427113337720809	1.4464292526245117	1000
GATAA	4	++--	28	3	0.7798103568742052	0.5792164142398833	1.6240705251693726	1000
GATAA	4	++--	28	4	0.7739500480460549	0.5656248833161719	1.634395956993103	1000
GATAA	4	++--	29	0	0.8967083405268631	0.6765664198388474	1.8503308296203613	1000
GATAA	4	++--	29	1	0.7929088995292184	0.595270177780335	1.637205958366394	1000
GATAA	4	++--	29	2	0.8093399500100003	0.620444525261343	1.5003098249435425	1000
GATAA	4	++--	29	3	0.8442666167038466	0.6436726740695248	1.668748140335083	1000
GATAA	4	++--	29	4	0.8608891698663642	0.6525639621408185	1.6946574449539185	1000
GATAA	4	+--+	20	0	0.8176774969411783	0.5975356622444881	1.79555082321167	1000
GATAA	4	+--+	20	1	0.7497049658233214	0.5520663300657633	1.6072592735290527	1000
GATAA	4	+--+	20	2	0.7223233500054773	0.5334279682524827	1.4399943351745605	1000
GATAA	4	+--+	20	3	0.7778091667487655	0.577215181118781	1.6226834058761597	1000
GATAA	4	+--+	20	4	0.776297955195634	0.5679727474700883	1.6360234022140503	1000
GATAA	4	+--+	21	0	0.8404635643453173	0.620321729648627	1.8113449811935425	1000
GATAA	4	+--+	21	1	0.7907893853399851	0.5931507065867644	1.6357368230819702	1000
GATAA	4	+--+	21	2	0.7591952264719074	0.5702998447189129	1.4655520915985107	1000
GATAA	4	+--+	21	3	0.7898003131148731	0.589206413476214	1.6309950351715088	1000
GATAA	4	+--+	21	4	0.797641088159034	0.5893158804334883	1.6508173942565918	1000
GATAA	4	+--+	22	0	0.8472757111546677	0.6271338334623147	1.8160666227340698	1000
GATAA	4	+--+	22	1	0.769473339644096	0.571834703886538	1.6209616661071777	1000
GATAA	4	+--+	22	2	0.7467361153128022	0.5578407765554703	1.456916093826294	1000
GATAA	4	+--+	22	3	0.7888715208088886	0.588277535178904	1.630351185798645	1000
GATAA	4	+--+	22	4	0.7852695161692178	0.5769443514393348	1.6422419548034668	1000
GATAA	4	+--+	23	0	0.8394394076594293	0.6192975729627389	1.810634970664978	1000
GATAA	4	+--+	23	1	0.7787604887820131	0.5811218530244552	1.62739896774292	1000
GATAA	4	+--+	23	2	0.7429470795403181	0.5540517407829864	1.4542897939682007	1000
GATAA	4	+--+	23	3	0.7899812388635807	0.5893873392249217	1.6311203241348267	1000
GATAA	4	+--+	23	4	0.7918779495286212	0.5835526558117501	1.646822452545166	1000
GATAA	4	+--+	24	0	0.8819621180852587	0.661820326384231	1.8401095867156982	1000
GATAA	4	+--+	24	1	0.8081929117200708	0.6105542759625128	1.647800087928772	1000
GATAA	4	+--+	24	2	0.7756058110172367	0.5867104292642421	1.4769271612167358	1000
GATAA	4	+--+	24	3	0.8153602886947783	0.6147663030647939	1.6487118005752563	1000
GATAA	4	+--+	24	4	0.8213352239597286	0.6130100592298455	1.667240858078003	1000
GATAA	4	+--+	25	0	0.859191443128372	0.639049565436019	1.8243261575698853	1000
GATAA	4	+--+	25	1	0.8078897063065996	0.6102510705490416	1.6475898027420044	1000
GATAA	4	+--+	25	2	0.7657691773098129	0.5768737955568184	1.4701088666915894	1000
GATAA	4	+--+	25	3	0.8154012205656836	0.6148073639226873	1.648740291595459	1000
GATAA	4	+--+	25	4	0.8142182379017239	0.6058929871805153	1.6623077392578125	1000
GATAA	4	+--+	26	0	0.8793308695183831	0.6591890778173556	1.8382856845855713	1000
GATAA	4	+--+	26	1	0.8093716808090844	0.6117330020558638	1.6486170291900635	1000
GATAA	4	+--+	26	2	0.7811598187442002	0.5922643509998802	1.4807769060134888	1000
GATAA	4	+--+	26	3	0.8328940919328925	0.632300106302908	1.6608651876449585	1000
GATAA	4	+--+	26	4	0.8390759223268307	0.6307506286099596	1.6795377731323242	1000
GATAA	4	+--+	27	0	0.850262705834853	0.6301208711381626	1.8181370496749878	1000
GATAA	4	+--+	27	1	0.7854133796566646	0.5877747009034439	1.6320103406906128	1000
GATAA	4	+--+	27	2	0.7677814603162332	0.5788860785632386	1.4715036153793335	1000
GATAA	4	+--+	27	3	0.8136888753023681	0.6130949326680463	1.6475532054901123	1000
GATAA	4	+--+	27	4	0.8047721767944095	0.5964469690688637	1.6557602882385254	1000
GATAA	4	+--+	28	0	0.8923438508045921	0.6722020591035646	1.8473056554794312	1000
GATAA	4	+--+	28	1	0.8098405915066619	0.6122019127534412	1.6489421129226685	1000
GATAA	4	+--+	28	2	0.7977812540194872	0.6088858722664927	1.492297887802124	1000
GATAA	4	+--+	28	3	0.8435093770920976	0.6429154344577759	1.668223261833191	1000
GATAA	4	+--+	28	4	0.8360438681921194	0.6277187034622363	1.6774359941482544	1000
GATAA	4	+--+	29	0	0.8555934800809966	0.6354516453843063	1.8218321800231934	1000
GATAA	4	+--+	29	1	0.8000594222041414	0.6024209154335716	1.6421623229980469	1000
GATAA	4	+--+	29	2	0.7778752940780223	0.5889799123250278	1.478500247001648	1000
GATAA	4	+--+	29	3	0.8212652270208274	0.6206712843865057	1.6528048515319824	1000
GATAA	4	+--+	29	4	0.8256176779575379	0.6172924272363295	1.6702090501785278	1000
GATAA	2	++	40	0	0.43412514264863433	0.21398332944977538	1.5296926498413086	1000
GATAA	2	++	40	1	0.3957941223766214	0.19815548661906346	1.3619470596313477	1000
GATAA	2	++	40	2	0.3818421158167015	0.19294677705936972	1.2039909362792969	1000
GATAA	2	++	40	3	0.4092730046640178	0.20867908352752734	1.3672336339950562	1000
GATAA	2	++	40	4	0.4150402278823885	0.20671497716118	1.3856186866760254	1000
GATAA	2	++	41	0	0.4812505387681797	0.2611087040714894	1.5623575448989868	1000
GATAA	2	++	41	1	0.4250829398012086	0.22744430404365062	1.3822485208511353	1000
GATAA	2	++	41	2	0.41531643201967416	0.22642107176451098	1.2271935939788818	1000
GATAA	2	++	41	3	0.44060562091579586	0.2400116567836427	1.3889516592025757	1000
GATAA	2	++	41	4	0.45224630963510776	0.24392112340739336	1.4114079475402832	1000
GATAA	2	++	42	0	0.4582486761328706	0.23810688443184302	1.546413779258728	1000
GATAA	2	++	42	1	0.4155082356710489	0.21786957841565954	1.3756117820739746	1000
GATAA	2	++	42	2	0.39857361998854074	0.20967821673771483	1.2155882120132446	1000
GATAA	2	++	42	3	0.4291820172975355	0.22858805316538236	1.3810333013534546	1000
GATAA	2	++	42	4	0.4351992172989353	0.22687396657772682	1.3995918035507202	1000
GATAA	2	++	43	0	0.45216053328798994	0.23201872008913096	1.54219388961792	1000
GATAA	2	++	43	1	0.41301874380414705	0.21538010804658902	1.3738861083984375	1000
GATAA	2	++	43	2	0.3917518851464047	0.20285654638907288	1.2108598947525024	1000
GATAA	2	++	43	3	0.4250076114001307	0.22441371176147165	1.3781399726867676	1000
GATAA	2	++	43	4	0.4255821194453379	0.2172568902219608	1.3929256200790405	1000
GATAA	2	++	44	0	0.4167951818474553	0.1966533256529336	1.5176804065704346	1000
GATAA	2	++	44	1	0.38021980347111267	0.18258118921138602	1.3511515855789185	1000
GATAA	2	++	44	2	0.3614302689077236	0.17253493015039184	1.1898425817489624	1000
GATAA	2	++	44	3	0.39089936714607776	0.19030540301392462	1.3544977903366089	1000
GATAA	2	++	44	4	0.40506712594150507	0.19674189671812795	1.3787058591842651	1000
GATAA	2	++	45	0	0.4722628974167402	0.2521210842178812	1.556127667427063	1000
GATAA	2	++	45	1	0.4104814407603053	0.21284278350491595	1.3721274137496948	1000
GATAA	2	++	45	2	0.4008287424979793	0.2119333392471534	1.217151403427124	1000
GATAA	2	++	45	3	0.43095055789202047	0.23035659375986736	1.3822592496871948	1000
GATAA	2	++	45	4	0.44527090829442584	0.23694565757321734	1.4065730571746826	1000
GATAA	2	++	46	0	0.4448349752701513	0.2246931835691237	1.5371161699295044	1000
GATAA	2	++	46	1	0.401201729872038	0.20356313711014273	1.3656953573226929	1000
GATAA	2	++	46	2	0.3806528557859852	0.19175747403299068	1.2031664848327637	1000
GATAA	2	++	46	3	0.4113889502132456	0.21079500757892383	1.3687001466751099	1000
GATAA	2	++	46	4	0.4202735739568183	0.21194836623127256	1.3892461061477661	1000
GATAA	2	++	47	0	0.4650621558077653	0.24492036410673765	1.5511364936828613	1000
GATAA	2	++	47	1	0.41148212181435057	0.2138434645589612	1.3728210926055908	1000
GATAA	2	++	47	2	0.3941831178903268	0.20528777913299498	1.2125449180603027	1000
GATAA	2	++	47	3	0.42799658388080086	0.2274026412464791	1.3802117109298706	1000
GATAA	2	++	47	4	0.43263495597457086	0.22430974824902508	1.3978145122528076	1000
GATAA	2	++	48	0	0.4260490093467677	0.20590719614790876	1.5240947008132935	1000
GATAA	2	++	48	1	0.38226235542408477	0.1846237196665268	1.352567434310913	1000
GATAA	2	++	48	2	0.37278778819238995	0.18389240643939542	1.1977148056030273	1000
GATAA	2	++	48	3	0.4035671792520051	0.20297321511985195	1.3632785081863403	1000
GATAA	2	++	48	4	0.4085389397144726	0.20021371049109546	1.3811123371124268	1000
GATAA	2	++	49	0	0.4584344173958025	0.2382926041969435	1.5465425252914429	1000
GATAA	2	++	49	1	0.4023452425176248	0.2047066282578982	1.3664878606796265	1000
GATAA	2	++	49	2	0.39233916290343845	0.20344382414610668	1.2112668752670288	1000
GATAA	2	++	49	3	0.4273777903029965	0.22678386916650609	1.379782795906067	1000
GATAA	2	++	49	4	0.4339892763544527	0.22566406862890698	1.3987531661987305	1000
GATAA	2	+-	40	0	0.4509238060456355	0.23078203584243923	1.5413366556167603	1000
GATAA	2	+-	40	1	0.40359800714217225	0.20595934988678288	1.3673561811447144	1000
GATAA	2	+-	40	2	0.3839086163538063	0.1950132775964745	1.205423355102539	1000
GATAA	2	+-	40	3	0.4183663723500752	0.21777240821792207	1.373536467552185	1000
GATAA	2	+-	40	4	0.41396460538822977	0.20563933316918992	1.3848729133605957	1000
GATAA	2	+-	41	0	0.42214796987290937	0.20200615667405036	1.521390676498413	1000
GATAA	2	+-	41	1	0.3988737297142963	0.20123511545456968	1.3640815019607544	1000
GATAA	2	+-	41	2	0.3690650947274763	0.18016968072773473	1.1951345205307007	1000
GATAA	2	+-	41	3	0.39673594236840887	0.19614202123191848	1.3585436344146729	1000
GATAA	2	+-	41	4	0.4012642455656266	0.19293905933791225	1.3760699033737183	1000
GATAA	2	+-	42	0	0.45372467250192444	0.23358283780523414	1.5432779788970947	1000
GATAA	2	+-	42	1	0.40361911801256567	0.20598048225500767	1.367370843887329	1000
GATAA	2	+-	42	2	0.3870933480868211	0.1981979448359952	1.2076307535171509	1000
GATAA	2	+-	42	3	0.4216585072485538	0.2210645216185693	1.3758184909820557	1000
GATAA	2	+-	42	4	0.4150846853976365	0.20675943467642804	1.3856494426727295	1000
GATAA	2	+-	43	0	0.44106545952854026	0.2209236033340186	1.5345033407211304	1000
GATAA	2	+-	43	1	0.39066246104451424	0.19302386828261897	1.358389973640442	1000
GATAA	2	+-	43	2	0.3842226996699445	0.19532733941478134	1.2056411504745483	1000
GATAA	2	+-	43	3	0.41444981144197646	0.21385584730982332	1.3708218336105347	1000
GATAA	2	+-	43	4	0.41974335144420827	0.21141807922516845	1.388878583908081	1000
GATAA	2	+-	44	0	0.44907765827994867	0.22893586657892104	1.5400569438934326	1000
GATAA	2	+-	44	1	0.3919191812700315	0.1942805455124735	1.359261155128479	1000
GATAA	2	+-	44	2	0.38190764120668025	0.19301228095151707	1.2040362358093262	1000
GATAA	2	+-	44	3	0.40981371811833045	0.20921979698184	1.3676084280014038	1000
GATAA	2	+-	44	4	0.4238926048789244	0.2155673756555473	1.3917546272277832	1000
GATAA	2	+-	45	0	0.4273222829024305	0.20718046970357154	1.524977207183838	1000
GATAA	2	+-	45	1	0.3889661531633916	0.19132751740583365	1.357214093208313	1000
GATAA	2	+-	45	2	0.3716931616153109	0.18279780136014773	1.1969562768936157	1000
GATAA	2	+-	45	3	0.39976670663323877	0.19917269950542288	1.3606443405151367	1000
GATAA	2	+-	45	4	0.41662036148285325	0.20829513225947613	1.3867138624191284	1000
GATAA	2	+-	46	0	0.4425455422218656	0.22240372902300665	1.5355291366577148	1000
GATAA	2	+-	46	1	0.39421046313181396	0.196571827374256	1.360849380493164	1000
GATAA	2	+-	46	2	0.37058546435676626	0.18169008260377173	1.1961884498596191	1000
GATAA	2	+-	46	3	0.4108987136669612	0.21030479253047077	1.3683604001998901	1000
GATAA	2	+-	46	4	0.41539756483521867	0.20707235710967292	1.3858661651611328	1000
GATAA	2	+-	47	0	0.4237051867851466	0.20356335208845633	1.5224699974060059	1000
GATAA	2	+-	47	1	0.38788120061042364	0.19024256485286561	1.3564621210098267	1000
GATAA	2	+-	47	2	0.3698578057609657	0.1809624670036339	1.1956840753555298	1000
GATAA	2	+-	47	3	0.39411148711624244	0.19351754448192066	1.3567243814468384	1000
GATAA	2	+-	47	4	0.40346712834486564	0.19514194211715125	1.3775967359542847	1000
GATAA	2	+-	48	0	0.4237519660661813	0.20361015286732237	1.5225024223327637	1000
GATAA	2	+-	48	1	0.3876790779999971	0.19004042074460775	1.3563220500946045	1000
GATAA	2	+-	48	2	0.3615563321908061	0.17266093968889587	1.1899298429489136	1000
GATAA	2	+-	48	3	0.3963375445576852	0.19574358042553205	1.3582673072814941	1000
GATAA	2	+-	48	4	0.3992261221659142	0.1909008929425371	1.3746570348739624	1000
GATAA	2	+-	49	0	0.42965471161343194	0.2095129199124043	1.5265940427780151	1000
GATAA	2	+-	49	1	0.395139040459485	0.197500404701927	1.3614928722381592	1000
GATAA	2	+-	49	2	0.3729658762273584	0.1840704729765325	1.1978384256362915	1000
GATAA	2	+-	49	3	0.40617667201354646	0.2055827293792247	1.3650873899459839	1000
GATAA	2	+-	49	4	0.4114938166346092	0.20316860890906346	1.3831603527069092	1000
GATAA	2	-+	40	0	0.494979870790895	0.2748380790898674	1.5718739032745361	1000
GATAA	2	-+	40	1	0.43693864982976177	0.23930003557003512	1.3904662132263184	1000
GATAA	2	-+	40	2	0.4331061454422722	0.24421078518710904	1.2395243644714355	1000
GATAA	2	-+	40	3	0.4528907716235534	0.25229682898923167	1.397467017173767	1000
GATAA	2	-+	40	4	0.46182221764382353	0.25349703141610913	1.4180454015731812	1000
GATAA	2	-+	41	0	0.4505197328074333	0.23037789811074297	1.5410563945770264	1000
GATAA	2	-+	41	1	0.4175512175806482	0.2199125388274275	1.3770277500152588	1000
GATAA	2	-+	41	2	0.3981325274847403	0.20923714573174582	1.2152824401855469	1000
GATAA	2	-+	41	3	0.4197272280706899	0.21913326393853674	1.3744797706604004	1000
GATAA	2	-+	41	4	0.43223711710746243	0.22391193087974803	1.3975385427474976	1000
GATAA	2	-+	42	0	0.5005531835704179	0.28041137037155894	1.5757371187210083	1000
GATAA	2	-+	42	1	0.428495032598664	0.23085637534327466	1.3846135139465332	1000
GATAA	2	-+	42	2	0.4237803861992364	0.23488500444624189	1.233060359954834	1000
GATAA	2	-+	42	3	0.46039420269804693	0.2598002385658938	1.4026679992675781	1000
GATAA	2	-+	42	4	0.47064587353766535	0.26232068730995095	1.4241615533828735	1000
GATAA	2	-+	43	0	0.41247437571850354	0.19233256251964453	1.5146855115890503	1000
GATAA	2	-+	43	1	0.37980003681601926	0.1821614225562926	1.3508607149124146	1000
GATAA	2	-+	43	2	0.36145606630535304	0.17256069530127421	1.1898603439331055	1000
GATAA	2	-+	43	3	0.3863697310833158	0.18577578844899403	1.35135817527771	1000
GATAA	2	-+	43	4	0.3968376271107315	0.18851244088301713	1.3730014562606812	1000
GATAA	2	-+	44	0	0.4653325555305843	0.24519072083389398	1.5513240098953247	1000
GATAA	2	-+	44	1	0.41316308024388365	0.2155243584950002	1.3739861249923706	1000
GATAA	2	-+	44	2	0.40253111276754483	0.21363570951671892	1.2183313369750977	1000
GATAA	2	-+	44	3	0.4268573278058229	0.22626334217583843	1.3794220685958862	1000
GATAA	2	-+	44	4	0.4417834441002298	0.23345823637468402	1.4041554927825928	1000
GATAA	2	-+	45	0	0.4497995554569453	0.22965774225808633	1.5405573844909668	1000
GATAA	2	-+	45	1	0.418230893016858	0.22059223576146866	1.377498984336853	1000
GATAA	2	-+	45	2	0.3853786380620562	0.196483277806893	1.20644211769104	1000
GATAA	2	-+	45	3	0.41784956448423244	0.21725564334774203	1.373178482055664	1000
GATAA	2	-+	45	4	0.4239095451700344	0.21558431594665725	1.3917663097381592	1000
GATAA	2	-+	46	0	0.4815078678095332	0.26136603311284284	1.5625357627868652	1000
GATAA	2	-+	46	1	0.4223103214953238	0.2246717072355972	1.3803266286849976	1000
GATAA	2	-+	46	2	0.41063596717210554	0.22174056392127964	1.2239491939544678	1000
GATAA	2	-+	46	3	0.45031649230977616	0.24972259267111713	1.395682692527771	1000
GATAA	2	-+	46	4	0.4523277434202913	0.24400249269908283	1.4114643335342407	1000
GATAA	2	-+	47	0	0.4250868524065157	0.20494503920765678	1.5234277248382568	1000
GATAA	2	-+	47	1	0.3954142127008655	0.1977755769433075	1.3616836071014404	1000
GATAA	2	-+	47	2	0.3733929951407762	0.18449767788127572	1.1981345415115356	1000
GATAA	2	-+	47	3	0.40356279369440806	0.20296882956225495	1.3632755279541016	1000
GATAA	2	-+	47	4	0.4086211044259223	0.20029589670037654	1.3811691999435425	1000
GATAA	2	-+	48	0	0.48396691874723236	0.263825084050542	1.5642402172088623	1000
GATAA	2	-+	48	1	0.4261997951359117	0.22856113788052235	1.383022427558899	1000
GATAA	2	-+	48	2	0.4175212066080726	0.22862586785074082	1.2287219762802124	1000
GATAA	2	-+	48	3	0.4523496282126136	0.25175566408046046	1.3970918655395508	1000
GATAA	2	-+	48	4	0.4628812868078367	0.2545560360866282	1.4187794923782349	1000
GATAA	2	-+	49	0	0.4436803267479211	0.22353851354906215	1.536315679550171	1000
GATAA	2	-+	49	1	0.4092375332422773	0.21159889748471933	1.371265172958374	1000
GATAA	2	-+	49	2	0.3860782204901034	0.19718288173277154	1.2069272994995117	1000
GATAA	2	-+	49	3	0.4258422002091052	0.22524827907261477	1.3787184953689575	1000
GATAA	2	-+	49	4	0.433247730159595	0.2249225439318806	1.3982391357421875	1000
GATAA	3	+++	40	0	0.6502900505267731	0.43014817283442003	1.679526686668396	1000
GATAA	3	+++	40	1	0.595580950430444	0.39794231467288604	1.5004286766052246	1000
GATAA	3	+++	40	2	0.578783791881638	0.38988841012864345	1.3405004739761353	1000
GATAA	3	+++	40	3	0.6235991600304568	0.423005217396135	1.5157932043075562	1000
GATAA	3	+++	40	4	0.6267337158250823	0.41840842210821116	1.5323532819747925	1000
GATAA	3	+++	41	0	0.6957106256239781	0.4755687909272878	1.7110098600387573	1000
GATAA	3	+++	41	1	0.6215908326250064	0.42395219686744834	1.518457293510437	1000
GATAA	3	+++	41	2	0.6101023915473708	0.4212070097943762	1.3622087240219116	1000
GATAA	3	+++	41	3	0.6412144400494173	0.44062049741509546	1.528003215789795	1000
GATAA	3	+++	41	4	0.6596872255655797	0.4513619748443712	1.5551950931549072	1000
GATAA	3	+++	42	0	0.6345865296548037	0.4144446949581133	1.6686418056488037	1000
GATAA	3	+++	42	1	0.5968753348565002	0.39923669909894227	1.5013259649276733	1000
GATAA	3	+++	42	2	0.5675137687705981	0.3786183870176036	1.3326886892318726	1000
GATAA	3	+++	42	3	0.6115030612516602	0.41090911861733836	1.5074087381362915	1000
GATAA	3	+++	42	4	0.6244495712433107	0.4161243635177649	1.530770182609558	1000
GATAA	3	+++	43	0	0.6867314114224309	0.4665896197214033	1.7047860622406006	1000
GATAA	3	+++	43	1	0.6356043659782724	0.43796573022071444	1.5281709432601929	1000
GATAA	3	+++	43	2	0.6093458398662253	0.42045045811323073	1.3616845607757568	1000
GATAA	3	+++	43	3	0.6566258483888963	0.4560319057545745	1.5386854410171509	1000
GATAA	3	+++	43	4	0.6519149856077876	0.44358977788224185	1.5498077869415283	1000
GATAA	3	+++	44	0	0.6534617975696477	0.4333199198772947	1.6817251443862915	1000
GATAA	3	+++	44	1	0.59978799003585	0.40214935427829207	1.5033447742462158	1000
GATAA	3	+++	44	2	0.583243388009836	0.3943480062568415	1.343591570854187	1000
GATAA	3	+++	44	3	0.6323001922942334	0.43170629265557436	1.5218242406845093	1000
GATAA	3	+++	44	4	0.6282425196211018	0.41991731189555603	1.533399224281311	1000
GATAA	3	+++	45	0	0.6891267427879854	0.46898490809129506	1.7064462900161743	1000
GATAA	3	+++	45	1	0.6157665111665492	0.4181279184046539	1.5144202709197998	1000
GATAA	3	+++	45	2	0.6157575680687043	0.4268621863157098	1.3661288022994995	1000
GATAA	3	+++	45	3	0.6529934888113483	0.45239954617702655	1.5361677408218384	1000
GATAA	3	+++	45	4	0.6626628263951453	0.45433761866959954	1.5572574138641357	1000
GATAA	3	+++	46	0	0.6316735735058148	0.41153173880912447	1.6666227579116821	1000
GATAA	3	+++	46	1	0.5850976189601134	0.3874589832025554	1.4931621551513672	1000
GATAA	3	+++	46	2	0.5793583429225079	0.3904629611695134	1.3408986330032349	1000
GATAA	3	+++	46	3	0.6064884341134651	0.4058944914791433	1.5039328336715698	1000
GATAA	3	+++	46	4	0.6206519363382835	0.4123267286127378	1.5281376838684082	1000
GATAA	3	+++	47	0	0.6732627621027609	0.45312097040173327	1.6954501867294312	1000
GATAA	3	+++	47	1	0.6068036353168339	0.40916499955927593	1.5082076787948608	1000
GATAA	3	+++	47	2	0.5911039840545088	0.4022085593058516	1.349040150642395	1000
GATAA	3	+++	47	3	0.6374019286450905	0.43680802900643145	1.5253604650497437	1000
GATAA	3	+++	47	4	0.6393330788359662	0.4310078281147578	1.5410866737365723	1000
GATAA	3	+++	48	0	0.6454554462283687	0.42531365452734105	1.6761757135391235	1000
GATAA	3	+++	48	1	0.5910446070442985	0.39340605727806593	1.4972842931747437	1000
GATAA	3	+++	48	2	0.5706986724862637	0.38180329073326924	1.3348963260650635	1000
GATAA	3	+++	48	3	0.6110786510649935	0.4104847084306717	1.5071145296096802	1000
GATAA	3	+++	48	4	0.6200886931567079	0.41176352842682484	1.527747392654419	1000
GATAA	3	+++	49	0	0.671477281217166	0.45133548951613833	1.6942126750946045	1000
GATAA	3	+++	49	1	0.612443462386578	0.41480482662902	1.5121166706085205	1000
GATAA	3	+++	49	2	0.598592194664401	0.40969681291140647	1.3542306423187256	1000
GATAA	3	+++	49	3	0.63798138119151	0.43738739556152556	1.5257619619369507	1000
GATAA	3	+++	49	4	0.6514821052755659	0.4431568975500202	1.549507737159729	1000
GATAA	3	+-+	40	0	0.6978877110055878	0.4777459623002228	1.7125189304351807	1000
GATAA	3	+-+	40	1	0.6292165863599261	0.43157795060236803	1.5237431526184082	1000
GATAA	3	+-+	40	2	0.6022950671288027	0.4133996853758081	1.3567970991134644	1000
GATAA	3	+-+	40	3	0.6632267575073244	0.4626327718773399	1.5432606935501099	1000
GATAA	3	+-+	40	4	0.6537732581503602	0.4454480504248145	1.551095724105835	1000
GATAA	3	+-+	41	0	0.6443337323837788	0.4241918976870884	1.6753981113433838	1000
GATAA	3	+-+	41	1	0.6085630178351604	0.41092433908193976	1.5094270706176758	1000
GATAA	3	+-+	41	2	0.5673749787713518	0.3784795540226946	1.332592487335205	1000
GATAA	3	+-+	41	3	0.6084081044623958	0.40781411883241125	1.5052634477615356	1000
GATAA	3	+-+	41	4	0.6226924244994454	0.4143672167738996	1.5295522212982178	1000
GATAA	3	+-+	42	0	0.6791482233935998	0.45900638869690946	1.6995296478271484	1000
GATAA	3	+-+	42	1	0.6051229778569398	0.4074843850950446	1.5070427656173706	1000
GATAA	3	+-+	42	2	0.5914933527760623	0.402597928027405	1.349310040473938	1000
GATAA	3	+-+	42	3	0.6550098564057266	0.45441591377140483	1.5375654697418213	1000
GATAA	3	+-+	42	4	0.6539486804542404	0.44562347272869457	1.5512173175811768	1000
GATAA	3	+-+	43	0	0.6426600402212446	0.4225182915158797	1.6742380857467651	1000
GATAA	3	+-+	43	1	0.5924312601625426	0.3947926244049846	1.498245358467102	1000
GATAA	3	+-+	43	2	0.5731526069400997	0.38425726818276795	1.336597204208374	1000
GATAA	3	+-+	43	3	0.6211791921501663	0.42058529251150717	1.5141156911849976	1000
GATAA	3	+-+	43	4	0.6260994438087003	0.4177741930874918	1.5319135189056396	1000
GATAA	3	+-+	44	0	0.6866839872064555	0.46654215250976516	1.704753041267395	1000
GATAA	3	+-+	44	1	0.6161968547546707	0.4185582619927754	1.5147185325622559	1000
GATAA	3	+-+	44	2	0.6060416231865235	0.417146241433529	1.3593940734863281	1000
GATAA	3	+-+	44	3	0.6585297393296102	0.4579357966952885	1.540005087852478	1000
GATAA	3	+-+	44	4	0.6558218724917754	0.44749662177056687	1.5525156259536743	1000
GATAA	3	+-+	45	0	0.6481005393986387	0.42795870470194836	1.678009033203125	1000
GATAA	3	+-+	45	1	0.6091874868404433	0.4115488510828853	1.5098599195480347	1000
GATAA	3	+-+	45	2	0.5755725748203904	0.38667723606305854	1.3382747173309326	1000
GATAA	3	+-+	45	3	0.6208292504513231	0.42023535081266405	1.5138731002807617	1000
GATAA	3	+-+	45	4	0.6276987104790736	0.4193735027535278	1.533022165298462	1000
GATAA	3	+-+	46	0	0.6755265267404054	0.455384692043715	1.697019338607788	1000
GATAA	3	+-+	46	1	0.606738883848784	0.4091002480912261	1.5081627368927002	1000
GATAA	3	+-+	46	2	0.6010783758652737	0.4121829941122792	1.3559538125991821	1000
GATAA	3	+-+	46	3	0.6497993410281988	0.4492054413895397	1.5339536666870117	1000
GATAA	3	+-+	46	4	0.649002760385065	0.4406775526595192	1.5477890968322754	1000
GATAA	3	+-+	47	0	0.6247887640264749	0.4046469293297845	1.6618505716323853	1000
GATAA	3	+-+	47	1	0.5839198387713421	0.3862812460094469	1.4923458099365234	1000
GATAA	3	+-+	47	2	0.5557409113840981	0.3668455296311036	1.3245283365249634	1000
GATAA	3	+-+	47	3	0.6031573451445661	0.402563445505907	1.5016237497329712	1000
GATAA	3	+-+	47	4	0.609637006494136	0.4013117127772648	1.5205028057098389	1000
GATAA	3	+-+	48	0	0.6822166948546313	0.46207486015794097	1.7016565799713135	1000
GATAA	3	+-+	48	1	0.6198703181857748	0.42223168242821685	1.517264723777771	1000
GATAA	3	+-+	48	2	0.5860958492613839	0.39720046750838933	1.3455687761306763	1000
GATAA	3	+-+	48	3	0.6416972813417146	0.4411032957117301	1.5283377170562744	1000
GATAA	3	+-+	48	4	0.6473103221135867	0.43898515738370375	1.5466160774230957	1000
GATAA	3	+-+	49	0	0.6279848896101092	0.40784305491341893	1.664065957069397	1000
GATAA	3	+-+	49	1	0.5990730151605507	0.40143433640732995	1.5028491020202637	1000
GATAA	3	+-+	49	2	0.5618395451706815	0.37294416341768694	1.3287556171417236	1000
GATAA	3	+-+	49	3	0.6083308842521584	0.4077369416178366	1.5052099227905273	1000
GATAA	3	+-+	49	4	0.6170811895454072	0.40875598181986145	1.525662899017334	1000
GATAA	3	++-	40	0	0.6682250032980248	0.44808316860133446	1.6919583082199097	1000
GATAA	3	++-	40	1	0.6030649044697273	0.4054262257165066	1.5056160688400269	1000
GATAA	3	++-	40	2	0.5793784218969962	0.3904829971483389	1.3409125804901123	1000
GATAA	3	++-	40	3	0.6236637395158557	0.423069796881534	1.5158379077911377	1000
GATAA	3	++-	40	4	0.6300156177558346	0.42169041003028884	1.53462815284729	1000
GATAA	3	++-	41	0	0.6834855828526971	0.4633437911516695	1.7025361061096191	1000
GATAA	3	++-	41	1	0.6100019106836041	0.41236327492604613	1.5104244947433472	1000
GATAA	3	++-	41	2	0.5974570661730437	0.4085616414243865	1.3534438610076904	1000
GATAA	3	++-	41	3	0.6323068996176171	0.431712999978958	1.5218288898468018	1000
GATAA	3	++-	41	4	0.6488235544628659	0.4404983467373202	1.547664761543274	1000
GATAA	3	++-	42	0	0.6637262811167555	0.44358448941572787	1.6888399124145508	1000
GATAA	3	++-	42	1	0.6091404065897696	0.4115017708322116	1.5098273754119873	1000
GATAA	3	++-	42	2	0.5872260762471915	0.398330694494197	1.346352219581604	1000
GATAA	3	++-	42	3	0.6291062594893975	0.42851231685507574	1.5196104049682617	1000
GATAA	3	++-	42	4	0.6396852133136078	0.4313600055880621	1.5413305759429932	1000
GATAA	3	++-	43	0	0.68707258200608	0.46693074730938966	1.7050224542617798	1000
GATAA	3	++-	43	1	0.632943020447496	0.4353043416942752	1.5263259410858154	1000
GATAA	3	++-	43	2	0.6112700677554038	0.42237468600240924	1.3630181550979614	1000
GATAA	3	++-	43	3	0.6554814758300551	0.45488749020007063	1.5378923416137695	1000
GATAA	3	++-	43	4	0.6562385434591532	0.4479132927379447	1.5528045892715454	1000
GATAA	3	++-	44	0	0.685526973922776	0.46538522521741105	1.7039510011672974	1000
GATAA	3	++-	44	1	0.6104227952259281	0.41278415946837016	1.5107163190841675	1000
GATAA	3	++-	44	2	0.5945210213531765	0.40562572559150745	1.3514087200164795	1000
GATAA	3	++-	44	3	0.6441712517743761	0.4435773951313797	1.530052661895752	1000
GATAA	3	++-	44	4	0.6449876534180219	0.4366624456924761	1.5450060367584229	1000
GATAA	3	++-	45	0	0.6953062944117997	0.47516445971510934	1.7107295989990234	1000
GATAA	3	++-	45	1	0.6188920808676671	0.42125344511010915	1.5165867805480957	1000
GATAA	3	++-	45	2	0.6098036576828221	0.42090831892549024	1.362001657485962	1000
GATAA	3	++-	45	3	0.6562399623160229	0.45564601968170104	1.538417935371399	1000
GATAA	3	++-	45	4	0.6647727955472557	0.4564476308173726	1.5587201118469238	1000
GATAA	3	++-	46	0	0.670602835428854	0.45046100073216366	1.6936064958572388	1000
GATAA	3	++-	46	1	0.60239271027883	0.40475407452127204	1.5051501989364624	1000
GATAA	3	++-	46	2	0.5945608353368513	0.4056654535838568	1.3514362573623657	1000
GATAA	3	++-	46	3	0.6376307085664008	0.43703672293641627	1.5255190134048462	1000
GATAA	3	++-	46	4	0.6423318543277357	0.4340066466021899	1.5431652069091797	1000
GATAA	3	++-	47	0	0.6955723085770217	0.4754304308846687	1.7109140157699585	1000
GATAA	3	++-	47	1	0.6261255851716314	0.42848694941407345	1.521600604057312	1000
GATAA	3	++-	47	2	0.6212795010312819	0.4323840762826247	1.3699562549591064	1000
GATAA	3	++-	47	3	0.6562709191931781	0.45567701955451906	1.5384395122528076	1000
GATAA	3	++-	47	4	0.6614031394689006	0.45307793174335487	1.5563843250274658	1000
GATAA	3	++-	48	0	0.6587182323149559	0.43857639761826556	1.6853686571121216	1000
GATAA	3	++-	48	1	0.5999982388265299	0.40235956007330914	1.5034904479980469	1000
GATAA	3	++-	48	2	0.5759148202956074	0.3870193955469501	1.3385117053985596	1000
GATAA	3	++-	48	3	0.6160766388817176	0.4154827392430585	1.510578989982605	1000
GATAA	3	++-	48	4	0.6292450494886438	0.4209197987674353	1.534093976020813	1000
GATAA	3	++-	49	0	0.6890426432717135	0.46890080857502314	1.706387996673584	1000
GATAA	3	++-	49	1	0.6268596501211766	0.42922101436361865	1.5221093893051147	1000
GATAA	3	++-	49	2	0.6083595193635271	0.41946413761053253	1.361000895500183	1000
GATAA	3	++-	49	3	0.6583436541013767	0.4577496684713922	1.5398762226104736	1000
GATAA	3	++-	49	4	0.6674690535561574	0.4591438458306116	1.5605889558792114	1000
GATAA	4	++++	40	0	0.8424001749853579	0.6222583832843304	1.8126872777938843	1000
GATAA	4	++++	40	1	0.7622506702471361	0.5646119914939154	1.6159552335739136	1000
GATAA	4	++++	40	2	0.7555679403825599	0.5666726446208908	1.4630378484725952	1000
GATAA	4	++++	40	3	0.8088255499012696	0.6082315642712851	1.6441822052001953	1000
GATAA	4	++++	40	4	0.809411064836132	0.6010858141149236	1.658975601196289	1000
GATAA	4	++++	41	0	0.8869865052388902	0.6668446705421999	1.8435921669006348	1000
GATAA	4	++++	41	1	0.7961767418782626	0.5985380201293792	1.6394710540771484	1000
GATAA	4	++++	41	2	0.7994272139795697	0.6105317892309124	1.493438720703125	1000
GATAA	4	++++	41	3	0.8352103542747128	0.6346163256490656	1.662470817565918	1000
GATAA	4	++++	41	4	0.8470218647619943	0.6386967000321112	1.6850454807281494	1000
GATAA	4	++++	42	0	0.8678028724310491	0.6476611667213469	1.830295205116272	1000
GATAA	4	++++	42	1	0.7919470005629426	0.5943083648053847	1.6365392208099365	1000
GATAA	4	++++	42	2	0.7801454650694113	0.5912500403207541	1.4800736904144287	1000
GATAA	4	++++	42	3	0.820744893510642	0.6201509508763202	1.6524441242218018	1000
GATAA	4	++++	42	4	0.8361196265498245	0.6277943328329533	1.6774886846542358	1000
GATAA	4	++++	43	0	0.8404836003241428	0.620341851618778	1.81135892868042	1000
GATAA	4	++++	43	1	0.7700326272247019	0.5723940774584694	1.6213493347167969	1000
GATAA	4	++++	43	2	0.7485255947950297	0.5596302990333606	1.4581565856933594	1000
GATAA	4	++++	43	3	0.7941029750741588	0.5935090324398371	1.6339772939682007	1000
GATAA	4	++++	43	4	0.7986993834011182	0.5903741326799098	1.6515507698059082	1000
GATAA	4	++++	44	0	0.8033552117339509	0.5832133770372605	1.78562331199646	1000
GATAA	4	++++	44	1	0.7357383407380781	0.5380996619848574	1.5975784063339233	1000
GATAA	4	++++	44	2	0.7124197720512052	0.5235243902982106	1.433129906654358	1000
GATAA	4	++++	44	3	0.7731849832236918	0.5725909975937072	1.6194779872894287	1000
GATAA	4	++++	44	4	0.7782902882145543	0.5699650374933457	1.6374043226242065	1000
GATAA	4	++++	45	0	0.8444856366097204	0.6243438019130301	1.814132809638977	1000
GATAA	4	++++	45	1	0.7390439332789868	0.5414052975214287	1.5998696088790894	1000
GATAA	4	++++	45	2	0.7369624272555941	0.5480670884982624	1.450141429901123	1000
GATAA	4	++++	45	3	0.7930546548258246	0.5924607121915029	1.6332507133483887	1000
GATAA	4	++++	45	4	0.8076844450127949	0.599359237287249	1.6577788591384888	1000
GATAA	4	++++	46	0	0.8378876082006942	0.6177457305083411	1.8095593452453613	1000
GATAA	4	++++	46	1	0.7512985570662162	0.5536598353173328	1.6083637475967407	1000
GATAA	4	++++	46	2	0.731659858164192	0.5427644764111975	1.446466088294983	1000
GATAA	4	++++	46	3	0.7908857816157937	0.590291838981472	1.6317473649978638	1000
GATAA	4	++++	46	4	0.8023763724765651	0.594051078759694	1.654099464416504	1000
GATAA	4	++++	47	0	0.845707057396148	0.6255652226994577	1.8149794340133667	1000
GATAA	4	++++	47	1	0.7633661497206323	0.5657276429500624	1.6167285442352295	1000
GATAA	4	++++	47	2	0.7442702280647312	0.5553748033160739	1.4552068710327148	1000
GATAA	4	++++	47	3	0.7945629426738915	0.5939690430352323	1.634296178817749	1000
GATAA	4	++++	47	4	0.8052462469715128	0.5969210822416298	1.6560888290405273	1000
GATAA	4	++++	48	0	0.830641377180566	0.6104994994882129	1.8045367002487183	1000
GATAA	4	++++	48	1	0.7471001165933533	0.5494614808357953	1.6054537296295166	1000
GATAA	4	++++	48	2	0.747444511851706	0.5585490871030488	1.4574072360992432	1000
GATAA	4	++++	48	3	0.8073421135462524	0.6067482139075934	1.6431540250778198	1000
GATAA	4	++++	48	4	0.8093513868562826	0.6010261791307369	1.6589343547821045	1000
GATAA	4	++++	49	0	0.835065888847988	0.6149240541512977	1.8076034784317017	1000
GATAA	4	++++	49	1	0.7465452145703444	0.5489065358171237	1.6050690412521362	1000
GATAA	4	++++	49	2	0.7373941037092598	0.5484986789606026	1.4504406452178955	1000
GATAA	4	++++	49	3	0.7929341809788952	0.5923403243358989	1.6331672668457031	1000
GATAA	4	++++	49	4	0.8028164760801231	0.5944912253589146	1.6544045209884644	1000
GATAA	4	+-+-	40	0	0.8554688786504465	0.6353270439537562	1.8217458724975586	1000
GATAA	4	+-+-	40	1	0.7800181119164474	0.5823795621502149	1.6282707452774048	1000
GATAA	4	+-+-	40	2	0.7674823824863828	0.5785870007333882	1.4712964296340942	1000
GATAA	4	+-+-	40	3	0.8256114865821069	0.6250175869434478	1.6558173894882202	1000
GATAA	4	+-+-	40	4	0.8055736159474302	0.5972484512175471	1.6563156843185425	1000
GATAA	4	+-+-	41	0	0.8603815630723426	0.6402397283756522	1.8251510858535767	1000
GATAA	4	+-+-	41	1	0.7942191493548167	0.596580470601596	1.638114094734192	1000
GATAA	4	+-+-	41	2	0.7764464622146541	0.5875510374659968	1.477509617805481	1000
GATAA	4	+-+-	41	3	0.8070027917761001	0.6064087201547902	1.6429187059402466	1000
GATAA	4	+-+-	41	4	0.8295755147018438	0.6212503929676234	1.672952651977539	1000
GATAA	4	+-+-	42	0	0.8547352006618657	0.6345933659651755	1.821237325668335	1000
GATAA	4	+-+-	42	1	0.7566192703272843	0.5589805915740635	1.6120517253875732	1000
GATAA	4	+-+-	42	2	0.7446302737443125	0.5557348489956552	1.4554564952850342	1000
GATAA	4	+-+-	42	3	0.8057977953328298	0.6052038097028454	1.6420835256576538	1000
GATAA	4	+-+-	42	4	0.8102362375949718	0.6019110728650887	1.6595475673675537	1000
GATAA	4	+-+-	43	0	0.8124133659722441	0.5922715312755538	1.79190194606781	1000
GATAA	4	+-+-	43	1	0.7377353172885716	0.540096638535351	1.5989625453948975	1000
GATAA	4	+-+-	43	2	0.7243976327575337	0.5355022510045391	1.441432237625122	1000
GATAA	4	+-+-	43	3	0.7685493628523355	0.5679554202180138	1.6162649393081665	1000
GATAA	4	+-+-	43	4	0.7852286702896379	0.5769035055597549	1.6422135829925537	1000
GATAA	4	+-+-	44	0	0.8142840212656789	0.5941423155559766	1.793198585510254	1000
GATAA	4	+-+-	44	1	0.738924577319288	0.5412858985660672	1.5997868776321411	1000
GATAA	4	+-+-	44	2	0.729287443486865	0.5403920617338704	1.4448214769363403	1000
GATAA	4	+-+-	44	3	0.781899688108212	0.5813057024782274	1.625518560409546	1000
GATAA	4	+-+-	44	4	0.7818519629225975	0.5735267122013891	1.6398730278015137	1000
GATAA	4	+-+-	45	0	0.8397955837293661	0.6196537920283386	1.8108819723129272	1000
GATAA	4	+-+-	45	1	0.759596204022394	0.5619576112604988	1.6141153573989868	1000
GATAA	4	+-+-	45	2	0.7318908308643007	0.542995492106969	1.4466261863708496	1000
GATAA	4	+-+-	45	3	0.7828203972296061	0.5822264975909469	1.6261568069458008	1000
GATAA	4	+-+-	45	4	0.7962831131478213	0.5879579484179382	1.6498759984970093	1000
GATAA	4	+-+-	46	0	0.8442055628627902	0.6240636851704372	1.8139387369155884	1000
GATAA	4	+-+-	46	1	0.7550456290718895	0.5574069073230061	1.6109610795974731	1000
GATAA	4	+-+-	46	2	0.7237790971537056	0.5348837583963737	1.4410035610198975	1000
GATAA	4	+-+-	46	3	0.7972772588611338	0.5966833592224746	1.6361777782440186	1000
GATAA	4	+-+-	46	4	0.7934784200775505	0.5851531693563421	1.6479319334030151	1000
GATAA	4	+-+-	47	0	0.8109908114756323	0.590848976778942	1.7909159660339355	1000
GATAA	4	+-+-	47	1	0.7485053868335533	0.5508667510759953	1.606427788734436	1000
GATAA	4	+-+-	47	2	0.7276610035576554	0.5387656218046609	1.4436942338943481	1000
GATAA	4	+-+-	47	3	0.7698581508254015	0.5692641651954171	1.617172122001648	1000
GATAA	4	+-+-	47	4	0.7852889502087653	0.5769636994875569	1.642255425453186	1000
GATAA	4	+-+-	48	0	0.8438729484160217	0.6237311997106567	1.8137081861495972	1000
GATAA	4	+-+-	48	1	0.7675764569964046	0.5699378212388467	1.6196469068527222	1000
GATAA	4	+-+-	48	2	0.7386903369488128	0.5497949122001555	1.4513392448425293	1000
GATAA	4	+-+-	48	3	0.8162605318807197	0.6156666322420606	1.6493358612060547	1000
GATAA	4	+-+-	48	4	0.8103938596944875	0.60206878095593	1.6596570014953613	1000
GATAA	4	+-+-	49	0	0.8198038904364461	0.599662012744093	1.7970246076583862	1000
GATAA	4	+-+-	49	1	0.7518821801919191	0.5542435014386984	1.608768343925476	1000
GATAA	4	+-+-	49	2	0.7157385642605675	0.526843182507573	1.4354302883148193	1000
GATAA	4	+-+-	49	3	0.7809178391544362	0.5803238965201144	1.62483811378479	1000
GATAA	4	+-+-	49	4	0.7944176173339124	0.5860923666127039	1.648582935333252	1000
GATAA	4	++--	40	0	0.8314419564203324	0.6113002077149675	1.8050916194915771	1000
GATAA	4	++--	40	1	0.7500117828724606	0.5523731041192399	1.6074719429016113	1000
GATAA	4	++--	40	2	0.7395636648498941	0.5506681971055741	1.4519445896148682	1000
GATAA	4	++--	40	3	0.7930053817963524	0.5924114391620307	1.6332165002822876	1000
GATAA	4	++--	40	4	0.7793137569698388	0.570988549244293	1.6381137371063232	1000
GATAA	4	++--	41	0	0.9237323184222379	0.7035905697168731	1.8690625429153442	1000
GATAA	4	++--	41	1	0.8066709512512603	0.6090322295023769	1.6467450857162476	1000
GATAA	4	++--	41	2	0.8130435104050054	0.6241480856563482	1.5028769969940186	1000
GATAA	4	++--	41	3	0.8541955191034583	0.6536015334734737	1.6756302118301392	1000
GATAA	4	++--	41	4	0.8646267828262402	0.6563016180963571	1.6972483396530151	1000
GATAA	4	++--	42	0	0.826550339873167	0.6064085051764766	1.8017010688781738	1000
GATAA	4	++--	42	1	0.7471404465249806	0.5495018537630854	1.605481743812561	1000
GATAA	4	++--	42	2	0.7214183772966372	0.5325230385393054	1.4393671751022339	1000
GATAA	4	++--	42	3	0.7683578601705998	0.5677638745406154	1.6161322593688965	1000
GATAA	4	++--	42	4	0.7783586513182722	0.5700335295840518	1.6374516487121582	1000
GATAA	4	++--	43	0	0.9323914729105295	0.7122496812095018	1.875064492225647	1000
GATAA	4	++--	43	1	0.8252073273525793	0.6275685626080332	1.6595933437347412	1000
GATAA	4	++--	43	2	0.8122938380298944	0.6233984562768999	1.5023572444915771	1000
GATAA	4	++--	43	3	0.8756089929710611	0.6750150503367394	1.6904728412628174	1000
GATAA	4	++--	43	4	0.8726486556017596	0.6643234478762139	1.7028086185455322	1000
GATAA	4	++--	44	0	0.8157456158240364	0.5956037381316833	1.7942116260528564	1000
GATAA	4	++--	44	1	0.7320785499277175	0.5344398711744969	1.5950415134429932	1000
GATAA	4	++--	44	2	0.7225341147441097	0.5336386899954524	1.4401406049728394	1000
GATAA	4	++--	44	3	0.7701529290889805	0.5695589864546586	1.617376446723938	1000
GATAA	4	++--	44	4	0.7796843795824482	0.5713591718569023	1.6383706331253052	1000
GATAA	4	++--	45	0	0.9094651536546119	0.6893232759622588	1.85917329788208	1000
GATAA	4	++--	45	1	0.7736460687106549	0.5760073899574343	1.6238540410995483	1000
GATAA	4	++--	45	2	0.7831963513043921	0.5943009695513976	1.4821884632110596	1000
GATAA	4	++--	45	3	0.8414430915333064	0.6408491059033219	1.6667908430099487	1000
GATAA	4	++--	45	4	0.85390882402447	0.6455836592945869	1.6898192167282104	1000
GATAA	4	++--	46	0	0.819976475026587	0.5998346833255593	1.7971442937850952	1000
GATAA	4	++--	46	1	0.7322790816986235	0.5346404889367283	1.595180630683899	1000
GATAA	4	++--	46	2	0.7093551701998181	0.5204597884468235	1.431005597114563	1000
GATAA	4	++--	46	3	0.7612769904692763	0.5606830478349545	1.6112241744995117	1000
GATAA	4	++--	46	4	0.776293569638037	0.5679683619124912	1.636020302772522	1000
GATAA	4	++--	47	0	0.9106229408602203	0.69048110616353	1.8599756956100464	1000
GATAA	4	++--	47	1	0.8103313440008989	0.6126927082433409	1.6492822170257568	1000
GATAA	4	++--	47	2	0.7863076894411511	0.5974123936794821	1.4843450784683228	1000
GATAA	4	++--	47	3	0.8477899392807475	0.6471958676594376	1.6711901426315308	1000
GATAA	4	++--	47	4	0.8518562970777478	0.6435311323478647	1.6883964538574219	1000
GATAA	4	++--	48	0	0.8157864617036164	0.595644627006926	1.7942399978637695	1000
GATAA	4	++--	48	1	0.7353898178961046	0.5377510961472212	1.5973366498947144	1000
GATAA	4	++--	48	2	0.7149996408011354	0.5261042160524783	1.4349180459976196	1000
GATAA	4	++--	48	3	0.776584994239924	0.5759910516056023	1.6218348741531372	1000
GATAA	4	++--	48	4	0.7773442976434833	0.5690191329136003	1.6367487907409668	1000
GATAA	4	++--	49	0	0.9006155283804897	0.6804736936837995	1.853039026260376	1000
GATAA	4	++--	49	1	0.7790320493877255	0.581393499621493	1.6275874376296997	1000
GATAA	4	++--	49	2	0.7717987170664121	0.5829032923177548	1.4742881059646606	1000
GATAA	4	++--	49	3	0.840514729183949	0.6399207435539644	1.6661474704742432	1000
GATAA	4	++--	49	4	0.8492884241177152	0.6409632163921695	1.6866165399551392	1000
GATAA	4	+--+	40	0	0.9280128806108878	0.7078709599228721	1.872029423713684	1000
GATAA	4	+--+	40	1	0.8162586400715602	0.6186200473096649	1.653390884399414	1000
GATAA	4	+--+	40	2	0.8155098276097035	0.626614445856709	1.5045864582061768	1000
GATAA	4	+--+	40	3	0.8615695332331775	0.660975547603193	1.6807416677474976	1000
GATAA	4	+--+	40	4	0.8592236898754088	0.6508983961585376	1.6935031414031982	1000
GATAA	4	+--+	41	0	0.8645501645552808	0.6444082008716023	1.828040361404419	1000
GATAA	4	+--+	41	1	0.802579655969885	0.604941020212327	1.643909215927124	1000
GATAA	4	+--+	41	2	0.7810209427536284	0.592125561000634	1.4806805849075317	1000
GATAA	4	+--+	41	3	0.8182905291001789	0.6176966294615198	1.6507428884506226	1000
GATAA	4	+--+	41	4	0.8256567180192838	0.6173315532894007	1.670236349105835	1000
GATAA	4	+--+	42	0	0.9250314753668556	0.7048897266614906	1.8699629306793213	1000
GATAA	4	+--+	42	1	0.8003200619115239	0.6026815551409541	1.6423430442810059	1000
GATAA	4	+--+	42	2	0.8049010777912312	0.6160056530425739	1.4972329139709473	1000
GATAA	4	+--+	42	3	0.852167499684484	0.6515735570501623	1.674224615097046	1000
GATAA	4	+--+	42	4	0.8626885383510163	0.6543632876298079	1.6959047317504883	1000
GATAA	4	+--+	43	0	0.8487845149506872	0.6286426802539968	1.817112684249878	1000
GATAA	4	+--+	43	1	0.7570885249901634	0.5594498892326055	1.6123771667480469	1000
GATAA	4	+--+	43	2	0.752345587444669	0.5634501626960117	1.4608042240142822	1000
GATAA	4	+--+	43	3	0.7935347443957081	0.5929408447570491	1.6335835456848145	1000
GATAA	4	+--+	43	4	0.8054231311279252	0.5970979663980421	1.6562113761901855	1000
GATAA	4	+--+	44	0	0.9072747826132231	0.6871329479165329	1.8576550483703613	1000
GATAA	4	+--+	44	1	0.7909695371667639	0.5933308154178805	1.6358615159988403	1000
GATAA	4	+--+	44	2	0.7866847614031679	0.5977893796501734	1.4846065044403076	1000
GATAA	4	+--+	44	3	0.8393135163589978	0.6387195737246759	1.6653149127960205	1000
GATAA	4	+--+	44	4	0.8480615858777854	0.6397364211479023	1.6857662200927734	1000
GATAA	4	+--+	45	0	0.8341812960832752	0.6140394613865848	1.806990385055542	1000
GATAA	4	+--+	45	1	0.7538188768232852	0.5561802840613899	1.610110878944397	1000
GATAA	4	+--+	45	2	0.7261669902696102	0.5372716515122784	1.4426586627960205	1000
GATAA	4	+--+	45	3	0.7908263616099206	0.5902323759799362	1.6317061185836792	1000
GATAA	4	+--+	45	4	0.7962688385877996	0.5879436308622539	1.6498661041259766	1000
GATAA	4	+--+	46	0	0.9021406705283412	0.681998964818639	1.8540962934494019	1000
GATAA	4	+--+	46	1	0.7765419125858829	0.5789031478413368	1.6258610486984253	1000
GATAA	4	+--+	46	2	0.7753783639614705	0.5864830252041388	1.4767695665359497	1000
GATAA	4	+--+	46	3	0.8475084036812851	0.6469145040426261	1.6709951162338257	1000
GATAA	4	+--+	46	4	0.8493653003626509	0.641040092637105	1.6866698265075684	1000
GATAA	4	+--+	47	0	0.8317963266724352	0.6116544489800821	1.8053373098373413	1000
GATAA	4	+--+	47	1	0.7679868076013634	0.5703481288481427	1.6199311017990112	1000
GATAA	4	+--+	47	2	0.740640018270319	0.5517445935216617	1.4526907205581665	1000
GATAA	4	+--+	47	3	0.7886009920990813	0.5880070064690969	1.630163550376892	1000
GATAA	4	+--+	47	4	0.7955035157914602	0.5871782220745889	1.6493357419967651	1000
GATAA	4	+--+	48	0	0.9169044352003336	0.6967625575079806	1.8643295764923096	1000
GATAA	4	+--+	48	1	0.810981782386462	0.6133432326202295	1.6497331857681274	1000
GATAA	4	+--+	48	2	0.8040894916618095	0.6151941529044778	1.4966703653335571	1000
GATAA	4	+--+	48	3	0.8634812063888431	0.6628873067501839	1.6820666790008545	1000
GATAA	4	+--+	48	4	0.8755377061622786	0.6672123694497446	1.7048109769821167	1000
GATAA	4	+--+	49	0	0.8552835673441418	0.6351417326474514	1.8216173648834229	1000
GATAA	4	+--+	49	1	0.7880971689233788	0.5904584901701581	1.6338706016540527	1000
GATAA	4	+--+	49	2	0.7551406494864913	0.5662452677334968	1.462741732597351	1000
GATAA	4	+--+	49	3	0.8192183755015837	0.6186244328672619	1.651386022567749	1000
GATAA	4	+--+	49	4	0.8234986797162572	0.6151734719907115	1.6687403917312622	1000
