peak_id	pos_patterns.pattern_0	pos_patterns.pattern_3	pos_patterns.pattern_9	pos_patterns.pattern_2	pos_patterns.pattern_1	pos_patterns.pattern_4	pos_patterns.pattern_8	pos_patterns.pattern_11	pos_patterns.pattern_7	pos_patterns.pattern_10	pos_patterns.pattern_5	pos_patterns.pattern_6	total
0	2	0	0	0	0	0	0	0	0	0	0	0	2
1	0	0	0	1	0	0	0	1	0	0	0	0	2
2	0	0	0	1	0	0	0	0	1	0	0	0	2
3	1	0	0	1	0	0	0	0	0	0	0	0	2
4	1	0	1	0	0	1	0	0	0	0	0	0	3
5	0	0	0	1	0	0	0	0	0	0	0	0	1
6	0	0	0	1	0	0	0	0	0	0	0	0	1
7	0	0	0	0	0	0	1	0	2	0	0	0	3
8	4	0	0	1	0	0	0	0	0	0	0	0	5
9	0	0	0	1	1	1	0	0	0	0	0	0	3
10	1	0	0	0	0	1	0	0	0	0	0	0	2
11	2	0	0	0	0	0	0	0	0	0	0	0	2
12	0	0	0	0	1	0	0	0	0	0	0	0	1
13	1	0	0	1	0	0	0	0	0	0	0	0	2
14	1	0	0	0	0	0	0	0	0	0	0	0	1
15	1	0	0	0	0	0	0	0	0	0	0	0	1
16	3	0	0	1	0	0	0	0	0	0	0	0	4
19	1	0	0	0	1	0	0	0	0	1	0	0	3
20	0	0	0	1	0	0	0	0	0	0	0	0	1
21	1	0	0	0	2	0	0	0	0	0	0	0	3
22	0	0	0	0	1	0	0	0	0	0	0	0	1
23	2	0	0	0	1	1	0	0	0	0	0	0	4
24	1	0	0	2	0	0	0	0	0	0	0	0	3
25	0	1	0	1	0	0	0	1	0	0	0	0	3
26	3	0	0	1	0	0	0	1	0	0	0	0	5
27	0	1	1	0	0	0	0	0	0	0	0	0	2
28	1	0	0	1	0	0	0	0	0	0	0	0	2
29	1	0	0	1	0	0	0	0	0	0	0	0	2
30	2	0	0	0	0	0	0	0	0	0	0	0	2
31	0	0	0	1	0	0	0	0	0	0	0	0	1
32	1	0	0	1	0	0	0	0	0	0	0	0	2
33	2	0	0	2	0	0	0	0	0	0	0	0	4
34	0	0	0	0	1	0	0	0	0	0	0	0	1
35	1	0	0	0	1	0	1	1	0	0	0	0	4
36	1	0	0	1	0	0	0	0	0	0	0	0	2
37	2	0	0	1	0	0	0	0	0	0	0	0	3
39	1	0	1	0	0	0	0	0	0	0	0	0	2
40	2	0	0	0	0	0	0	2	0	0	0	0	4
41	0	0	0	0	1	0	0	0	0	0	0	0	1
42	0	0	0	0	1	0	0	0	0	0	0	0	1
43	5	0	0	0	0	0	0	0	0	0	0	0	5
44	0	0	0	1	4	0	0	0	0	0	0	0	5
45	3	0	0	0	1	0	0	0	0	0	0	0	4
46	2	0	0	0	0	1	0	0	0	0	0	0	3
47	3	0	0	0	0	0	0	0	0	0	0	0	3
48	0	0	0	1	2	0	0	0	0	0	0	0	3
49	1	0	0	0	1	0	0	0	0	0	0	0	2
51	1	0	0	2	0	0	1	1	0	0	0	0	5
52	2	0	0	0	1	0	0	0	0	0	0	0	3
53	0	0	0	0	0	1	1	0	0	0	0	0	2
54	1	0	0	0	0	0	0	0	0	0	0	0	1
55	3	0	0	0	0	0	1	1	0	0	0	0	5
56	0	0	1	0	0	0	0	0	0	0	0	0	1
57	1	0	0	0	0	0	0	0	0	0	0	0	1
58	2	0	0	0	0	0	0	0	0	0	0	0	2
60	0	0	0	1	1	0	0	0	0	0	0	0	2
61	1	0	0	0	3	0	1	0	0	0	0	0	5
62	2	0	0	0	1	0	0	0	0	0	0	0	3
64	0	0	0	2	0	0	0	0	0	0	0	0	2
65	1	0	0	0	0	0	0	1	0	0	0	0	2
66	2	0	0	0	0	0	0	0	0	0	0	0	2
67	1	0	0	0	1	0	0	0	0	0	0	0	2
69	1	0	0	0	0	0	1	0	0	0	0	0	2
70	2	0	0	0	2	0	0	0	0	0	0	0	4
71	3	0	0	0	0	0	0	0	0	0	0	0	3
73	2	0	0	0	0	0	0	0	0	0	0	0	2
74	1	0	0	1	0	0	0	0	0	0	0	0	2
75	1	0	0	2	1	0	0	0	0	0	0	0	4
76	1	0	0	0	0	0	0	0	0	0	0	0	1
77	1	0	0	0	0	0	0	0	0	0	0	0	1
78	2	0	0	0	0	0	0	0	0	0	0	0	2
79	1	0	0	1	0	0	0	0	0	0	0	0	2
80	0	0	0	2	0	0	1	0	0	0	0	0	3
81	2	0	0	0	0	0	0	1	0	0	0	0	3
82	1	0	0	1	0	0	0	0	0	0	0	0	2
83	2	0	0	0	0	0	0	0	0	0	0	0	2
84	1	0	0	0	0	0	0	0	0	0	0	0	1
85	3	0	0	0	0	0	0	0	0	0	0	0	3
86	1	0	1	0	2	0	1	0	0	0	0	0	5
87	2	0	0	1	0	0	0	0	0	0	0	0	3
88	2	0	0	0	0	0	0	0	1	0	0	0	3
89	2	0	0	0	0	0	0	0	0	0	0	0	2
90	1	0	0	0	0	0	0	1	0	0	0	0	2
91	4	0	0	0	0	0	0	0	0	0	0	0	4
93	0	0	0	2	1	0	0	0	0	0	0	0	3
94	0	0	0	1	0	0	1	0	0	0	0	0	2
95	2	0	0	0	0	0	0	0	0	0	0	0	2
97	2	0	0	0	0	0	0	0	0	0	0	0	2
98	1	0	0	0	3	0	0	0	0	0	0	0	4
99	0	0	0	0	0	0	1	0	0	0	0	0	1
100	0	0	0	0	1	0	0	0	0	0	0	0	1
101	2	0	0	0	1	0	0	1	0	0	0	0	4
102	1	0	0	0	0	0	0	1	0	0	0	0	2
103	2	0	0	0	0	0	0	1	0	0	0	0	3
104	0	0	0	2	0	0	0	0	0	0	0	0	2
106	0	1	0	0	0	0	0	0	0	0	0	0	1
107	0	0	0	1	0	0	0	0	0	0	0	0	1
108	1	0	0	0	0	0	0	0	0	0	0	0	1
109	1	0	0	0	0	0	0	0	0	0	0	0	1
110	1	0	0	0	1	0	0	0	0	0	0	0	2
111	2	0	0	1	0	0	0	0	0	0	0	0	3
112	2	0	0	1	0	0	0	0	0	0	0	0	3
113	1	0	1	1	0	0	0	0	0	0	0	0	3
114	0	0	0	0	0	1	0	0	0	0	0	0	1
115	1	0	1	0	0	0	0	0	0	0	0	0	2
116	1	0	0	1	2	0	0	0	0	0	0	0	4
117	2	0	0	0	0	0	0	0	0	0	0	0	2
119	0	0	0	0	0	0	0	1	0	0	0	0	1
120	1	0	0	0	1	0	0	0	1	0	0	0	3
121	1	0	0	0	0	0	0	0	0	0	0	0	1
122	2	0	0	0	0	0	0	0	0	0	0	0	2
123	3	0	0	0	0	0	0	0	0	0	0	0	3
124	0	1	0	0	0	0	0	0	0	0	0	0	1
125	1	0	0	0	1	0	0	0	0	0	0	0	2
126	0	0	0	0	1	0	0	2	0	0	0	0	3
127	2	0	0	0	0	0	0	1	0	0	0	0	3
128	1	0	0	0	1	0	0	1	0	0	0	0	3
129	1	0	0	0	0	0	0	0	0	0	0	0	1
130	0	0	1	0	0	0	0	0	0	0	0	0	1
131	0	0	0	0	0	1	1	0	0	0	0	0	2
132	5	0	0	0	0	0	0	0	0	0	0	0	5
133	1	0	0	0	0	0	0	0	0	0	0	0	1
134	0	0	0	1	0	0	0	0	0	0	0	0	1
135	2	0	0	0	0	0	0	1	0	0	0	0	3
136	1	0	0	0	3	0	0	1	0	0	0	0	5
137	1	0	0	0	0	0	0	0	0	0	0	0	1
138	3	0	0	1	0	0	0	0	0	0	0	0	4
140	1	0	0	0	0	0	0	0	0	0	0	0	1
141	1	0	0	0	3	0	0	0	0	0	0	0	4
142	0	1	0	1	0	0	0	0	0	0	0	0	2
144	4	0	0	0	0	0	0	0	0	0	0	0	4
145	3	0	0	0	0	0	0	0	0	0	0	0	3
146	2	0	0	0	0	0	0	0	0	0	0	0	2
147	1	0	1	0	0	0	0	0	0	0	0	0	2
148	0	0	0	2	0	0	0	0	0	0	0	0	2
149	0	0	0	1	0	0	0	1	0	0	0	0	2
150	1	0	1	1	0	0	0	0	0	0	0	0	3
151	2	0	0	1	0	0	0	0	0	0	0	0	3
152	0	0	0	0	1	0	0	0	0	0	0	0	1
153	1	1	0	0	1	0	0	0	0	0	0	0	3
156	2	0	0	0	0	0	0	0	0	0	0	0	2
157	2	0	0	0	0	0	0	0	0	0	0	0	2
158	0	0	0	0	2	1	0	0	1	0	0	0	4
159	0	0	0	1	1	0	0	0	0	0	0	0	2
160	2	0	1	0	0	0	0	0	0	0	0	0	3
161	1	0	0	0	0	0	0	0	0	0	0	0	1
162	1	0	0	0	0	0	0	1	0	0	0	0	2
164	2	0	0	1	0	0	0	0	0	0	0	0	3
165	1	0	0	0	0	0	0	0	0	0	0	0	1
167	0	0	0	1	0	0	0	0	0	0	0	0	1
168	4	0	0	0	0	0	0	0	0	0	0	0	4
169	2	0	0	0	2	0	0	0	0	0	0	0	4
170	1	0	0	0	1	0	0	0	0	0	0	0	2
171	1	0	0	0	0	0	0	2	0	0	0	0	3
172	1	0	0	1	1	0	0	0	0	0	0	0	3
173	0	2	0	0	1	0	0	0	0	0	0	0	3
175	2	0	0	0	0	0	0	1	0	0	0	0	3
176	1	0	0	0	1	0	0	0	0	0	0	0	2
177	0	0	0	1	0	0	0	0	0	0	0	0	1
179	0	0	0	0	1	0	0	0	0	0	0	0	1
180	2	0	0	0	0	0	0	0	0	0	0	0	2
181	2	0	0	0	0	0	0	0	0	0	0	0	2
182	0	0	0	0	0	0	1	0	0	0	0	0	1
183	2	0	0	0	0	0	0	0	0	0	0	0	2
184	3	0	0	0	1	0	0	1	0	0	0	0	5
185	1	0	1	0	0	0	0	0	0	0	0	0	2
186	3	0	0	0	0	0	0	0	0	0	0	0	3
187	2	0	2	0	0	0	0	0	0	0	0	0	4
188	2	0	0	0	0	0	0	1	0	0	0	0	3
190	2	0	0	0	0	0	0	0	0	0	0	0	2
193	0	0	0	0	2	0	0	0	0	0	0	0	2
194	1	0	0	0	0	0	0	0	0	0	0	0	1
195	3	0	0	0	0	0	0	0	0	0	0	0	3
196	0	0	0	0	1	0	0	0	0	0	0	0	1
197	0	0	0	0	0	1	0	0	0	0	0	0	1
198	1	0	0	0	0	0	0	0	0	0	0	0	1
199	0	0	0	0	2	0	0	0	0	0	0	0	2
200	1	0	0	0	0	0	0	0	0	0	0	0	1
201	1	0	0	0	0	0	0	0	0	0	0	0	1
202	1	0	0	0	2	0	0	0	0	0	0	0	3
203	0	0	0	1	0	0	0	0	0	0	0	0	1
204	3	0	0	0	0	0	0	0	0	0	0	0	3
205	1	0	0	0	1	0	0	0	0	0	0	0	2
206	0	0	0	0	0	1	0	0	0	0	0	0	1
207	2	0	0	0	0	0	0	0	1	0	0	0	3
208	1	0	0	0	0	0	0	0	0	0	0	0	1
209	0	0	1	0	0	0	0	0	0	0	0	0	1
211	2	0	0	0	0	0	0	0	0	0	0	0	2
212	2	0	0	0	0	1	1	0	0	0	0	0	4
213	1	0	0	0	0	0	0	0	0	0	0	0	1
214	0	0	1	0	1	0	0	0	0	0	0	0	2
215	0	0	0	0	1	0	1	0	0	0	0	0	2
216	2	0	0	1	0	0	0	0	0	0	0	0	3
217	1	0	0	1	0	0	0	0	0	0	0	0	2
219	3	0	0	0	1	0	0	0	0	0	0	0	4
220	2	0	0	0	0	0	0	0	0	0	0	0	2
221	3	0	0	0	0	0	0	1	0	0	0	0	4
222	0	0	0	1	0	0	0	1	0	0	0	0	2
223	2	0	0	0	0	0	0	0	0	0	0	0	2
224	1	0	0	0	2	0	0	0	0	0	0	0	3
225	2	0	1	0	0	0	0	0	0	0	0	0	3
226	2	0	0	2	0	0	0	1	0	0	0	0	5
227	1	0	0	0	0	0	0	0	0	0	0	0	1
228	1	0	0	1	1	0	0	0	0	0	0	0	3
229	1	0	0	0	0	0	1	0	0	0	0	0	2
230	2	0	0	2	0	0	0	0	0	0	0	0	4
231	4	0	0	0	0	1	0	0	0	0	0	0	5
232	4	0	0	0	0	0	0	0	0	0	0	0	4
233	2	0	0	0	0	0	0	0	0	0	0	0	2
234	1	0	1	0	1	0	0	0	0	0	0	0	3
235	0	0	0	1	2	0	0	0	0	0	0	0	3
236	1	0	0	0	1	0	0	0	0	0	0	0	2
237	3	0	0	0	0	0	0	0	0	0	0	0	3
238	0	0	0	0	0	1	1	0	0	0	0	0	2
239	2	0	0	0	0	0	1	0	0	0	0	0	3
240	0	0	1	0	0	0	0	0	0	0	0	0	1
241	3	0	0	0	1	0	0	0	0	0	0	0	4
242	1	0	0	0	0	0	0	0	0	0	0	0	1
243	1	0	1	0	0	0	0	0	0	0	0	0	2
244	0	0	0	1	0	0	0	0	0	0	0	0	1
245	1	0	0	0	0	0	0	0	0	0	0	0	1
246	1	0	0	0	0	0	0	0	0	0	0	0	1
247	1	0	0	1	0	0	0	0	0	0	0	0	2
248	0	0	0	0	0	1	0	0	0	0	0	0	1
249	2	0	0	0	0	0	0	0	0	0	0	0	2
250	0	0	0	0	1	0	0	0	0	0	0	0	1
251	2	0	0	0	0	0	0	0	0	0	0	0	2
252	1	0	0	0	2	0	1	0	0	0	0	0	4
253	0	0	1	0	0	0	0	0	0	0	0	0	1
254	1	0	0	0	0	0	0	1	0	0	0	0	2
255	1	0	0	0	0	0	0	0	0	0	0	0	1
256	0	0	0	1	1	0	0	0	0	0	0	0	2
257	4	0	0	0	0	0	0	1	0	0	0	0	5
258	4	0	0	0	0	0	0	0	0	0	0	0	4
259	1	0	0	0	0	0	0	0	0	0	0	0	1
260	1	0	0	0	0	0	0	0	0	0	0	0	1
261	4	0	0	0	0	0	0	0	1	0	0	0	5
262	4	0	0	0	0	0	0	1	0	0	0	0	5
264	1	0	1	0	0	0	0	0	0	0	0	0	2
265	1	0	0	1	0	0	0	0	0	0	0	0	2
266	1	0	1	0	1	0	0	0	0	0	0	0	3
267	0	0	1	0	0	0	0	0	0	0	0	0	1
268	4	0	0	1	0	0	0	0	0	0	0	0	5
269	1	0	0	0	0	0	0	0	0	0	0	0	1
270	3	1	0	0	0	0	0	0	0	0	0	0	4
271	3	0	0	0	0	0	0	1	0	0	0	0	4
272	1	0	0	0	0	0	0	0	0	0	0	0	1
273	1	0	0	3	0	0	0	0	0	0	0	0	4
274	2	0	0	0	0	0	0	0	0	0	0	0	2
275	0	0	1	0	0	0	0	0	0	0	0	0	1
276	2	0	0	0	0	0	0	0	0	0	0	0	2
277	0	0	0	0	1	0	0	1	0	0	0	0	2
278	0	0	0	0	0	1	0	1	0	0	0	0	2
279	2	0	0	0	2	0	0	0	0	0	0	0	4
280	1	0	1	0	0	0	0	1	0	0	0	0	3
281	1	0	0	0	2	0	0	1	0	0	0	0	4
282	2	0	0	0	0	0	0	0	0	0	0	0	2
283	3	0	0	0	0	0	0	1	0	0	0	0	4
284	1	0	0	0	0	0	0	0	0	0	0	0	1
285	1	0	0	0	0	0	0	0	0	0	0	0	1
286	2	0	0	0	0	1	0	0	0	0	0	0	3
287	1	0	0	0	0	0	0	0	0	0	0	0	1
288	2	0	0	0	1	0	1	0	0	0	0	0	4
289	0	0	1	0	0	0	0	0	0	0	0	0	1
290	1	0	0	1	1	0	0	0	0	0	0	0	3
292	2	0	0	0	0	0	0	0	0	0	0	0	2
293	0	0	0	0	1	0	0	0	0	0	0	0	1
294	0	0	0	0	0	0	0	1	0	0	0	0	1
296	5	0	0	0	0	0	0	0	0	0	0	0	5
297	4	0	0	0	0	0	0	0	0	0	0	0	4
298	1	0	0	0	0	0	0	0	0	0	0	0	1
299	0	0	1	0	0	0	0	0	0	0	0	0	1
300	0	0	0	1	0	0	0	0	0	0	0	0	1
301	1	0	0	1	0	0	0	0	0	0	0	0	2
302	3	0	0	0	0	0	0	0	0	0	0	0	3
304	2	0	0	0	1	0	0	0	0	0	0	0	3
306	4	0	0	0	0	0	1	0	0	0	0	0	5
307	0	0	0	0	1	0	0	0	0	0	0	0	1
308	1	0	0	0	0	0	0	0	0	0	0	0	1
309	2	0	0	0	0	0	0	2	0	0	0	0	4
310	3	1	0	0	2	0	0	0	0	0	0	0	6
311	2	0	0	0	0	0	0	0	0	0	0	0	2
312	1	0	0	1	0	0	0	1	0	0	0	0	3
313	1	0	0	1	0	0	0	0	0	0	0	0	2
314	0	0	0	0	1	0	0	0	0	0	0	0	1
315	1	0	0	0	2	0	0	0	0	0	0	0	3
317	0	0	0	1	0	0	0	0	0	0	0	0	1
318	1	0	0	0	0	0	0	0	0	0	0	0	1
319	2	0	0	1	0	0	0	1	0	0	0	0	4
320	1	0	0	0	0	0	0	1	0	0	0	0	2
321	1	0	1	0	1	0	0	0	0	0	0	0	3
322	3	0	0	0	0	0	0	0	0	0	0	0	3
323	0	0	1	0	0	0	1	0	0	0	0	0	2
324	1	0	0	0	2	0	0	0	0	0	0	0	3
325	3	0	0	0	0	0	0	0	0	0	0	0	3
326	0	0	0	0	0	0	1	1	0	0	0	0	2
327	2	0	0	0	1	0	0	0	0	0	0	0	3
328	1	0	0	0	0	0	1	0	0	0	0	0	2
329	1	0	0	0	0	0	0	0	0	0	0	0	1
330	3	0	0	0	0	0	0	0	0	0	0	0	3
331	1	0	0	0	0	0	0	0	0	1	0	0	2
332	0	0	0	0	1	0	0	0	0	0	0	0	1
334	1	0	0	0	0	0	0	0	0	0	0	0	1
335	1	0	0	1	1	0	0	0	0	0	0	0	3
336	1	0	0	1	0	0	0	0	0	0	0	0	2
338	3	0	0	0	0	0	0	1	0	0	0	0	4
339	0	0	0	1	0	0	0	0	0	0	0	0	1
340	2	0	0	0	0	0	1	0	0	0	0	0	3
341	3	0	0	0	0	0	0	0	0	0	0	0	3
343	0	0	0	0	1	0	0	0	0	0	0	0	1
344	1	0	0	1	1	0	0	0	0	0	0	0	3
345	0	0	1	0	0	1	0	0	0	0	0	0	2
346	1	0	0	0	1	1	0	0	0	0	0	0	3
347	0	0	0	0	2	0	0	0	0	0	0	0	2
348	2	0	0	0	0	0	0	0	0	0	0	0	2
349	3	0	0	0	0	0	0	0	0	0	0	0	3
350	1	0	0	0	0	0	0	0	0	0	0	0	1
351	2	0	0	0	0	0	0	0	0	0	0	0	2
352	2	0	0	0	0	0	0	0	0	0	0	0	2
353	0	0	0	0	1	1	0	0	0	0	0	0	2
354	2	0	0	0	0	0	0	0	0	0	0	0	2
355	1	0	0	1	0	0	0	1	0	0	0	0	3
356	3	0	0	0	0	0	0	0	0	0	0	0	3
358	3	0	0	1	0	0	0	1	0	0	0	0	5
359	1	0	0	0	1	0	0	0	0	0	0	0	2
360	1	0	0	0	0	0	0	1	0	0	0	0	2
361	0	0	0	0	2	0	0	0	0	0	0	0	2
362	2	0	0	0	0	0	0	0	0	0	0	0	2
363	3	0	0	0	0	0	0	0	0	0	0	0	3
364	1	1	0	1	0	0	0	0	0	0	0	0	3
365	2	0	0	0	0	0	0	0	0	0	0	0	2
366	2	0	0	0	0	0	1	1	0	0	0	0	4
367	0	0	0	0	1	0	0	0	0	0	0	0	1
368	1	0	1	0	0	0	0	0	0	0	0	0	2
369	1	0	0	0	0	0	0	0	0	0	0	0	1
370	0	0	1	0	0	0	0	0	0	0	0	0	1
371	0	0	0	0	0	0	0	1	0	0	0	0	1
372	3	0	0	0	0	0	0	0	0	0	0	0	3
373	1	0	0	0	0	0	0	1	0	0	0	0	2
374	0	0	1	0	0	0	0	0	0	0	0	0	1
375	1	0	0	0	0	0	0	1	0	0	0	0	2
377	0	0	1	0	0	0	2	0	0	0	0	0	3
379	1	0	0	0	0	0	0	0	0	0	0	0	1
380	3	0	0	0	0	0	0	0	0	0	0	0	3
381	1	0	0	0	0	0	0	0	0	0	0	0	1
383	0	1	0	0	0	0	0	0	0	0	0	0	1
384	1	0	0	0	0	0	0	0	0	0	0	0	1
385	1	0	0	0	1	0	0	0	0	0	0	0	2
386	3	0	0	0	0	0	0	0	1	0	0	0	4
387	2	0	0	0	0	0	0	0	0	0	0	0	2
388	3	0	0	1	0	0	0	0	0	0	0	0	4
389	1	0	0	0	0	0	0	0	0	0	0	0	1
390	1	0	0	0	1	0	0	0	0	0	0	0	2
391	1	0	0	0	1	0	0	0	0	0	0	0	2
392	0	0	0	1	1	0	0	0	0	0	0	0	2
393	0	0	0	0	1	0	0	0	0	0	0	0	1
394	0	0	1	0	0	0	0	0	0	0	0	0	1
395	2	0	0	0	1	1	0	0	0	0	0	0	4
396	1	0	0	0	1	0	1	0	0	0	0	0	3
397	0	0	0	1	0	0	0	0	0	0	0	0	1
398	1	0	0	0	0	0	0	0	0	0	0	0	1
399	4	0	0	0	0	0	0	0	0	0	0	0	4
400	3	0	0	0	0	0	0	0	0	0	0	0	3
401	1	0	0	0	2	0	0	1	0	0	0	0	4
402	0	0	0	0	1	0	0	0	0	0	0	0	1
403	2	0	0	0	1	0	0	0	0	0	0	0	3
404	2	0	0	0	0	0	0	0	0	0	0	0	2
405	2	0	0	0	0	0	0	0	0	0	0	0	2
406	5	0	0	0	0	0	0	1	1	0	0	0	7
407	2	0	0	0	0	0	1	0	0	0	0	0	3
408	2	0	0	0	0	0	0	0	0	0	0	0	2
409	1	0	0	0	0	0	0	0	0	0	0	0	1
410	1	0	0	0	1	0	0	0	0	0	0	0	2
411	1	0	0	1	1	0	0	0	0	0	0	0	3
412	2	0	0	0	1	0	0	0	0	0	0	0	3
414	1	0	1	0	1	0	1	0	0	0	0	0	4
415	1	0	0	0	1	1	0	0	0	0	0	0	3
416	0	0	0	0	1	0	0	0	0	0	0	0	1
418	0	0	1	0	0	0	0	0	0	0	0	0	1
419	2	0	0	1	1	0	0	0	0	0	0	0	4
420	2	0	0	0	0	0	0	0	0	0	0	0	2
421	2	0	1	0	0	0	0	0	0	0	0	0	3
422	1	0	0	1	0	0	1	0	0	0	0	0	3
423	2	0	0	0	0	0	0	0	0	0	0	0	2
424	2	0	0	0	0	0	0	0	0	0	0	0	2
425	2	0	0	0	0	0	0	0	0	0	0	0	2
426	2	0	0	0	0	0	0	0	0	0	0	0	2
427	0	2	0	0	0	0	0	0	0	0	0	0	2
428	2	0	0	0	1	0	0	0	0	0	0	0	3
430	2	0	0	0	0	0	0	0	0	0	0	0	2
431	3	0	0	0	1	0	0	1	0	0	0	0	5
432	2	0	0	0	1	0	0	0	0	0	0	0	3
433	0	0	1	0	0	0	0	0	0	0	0	0	1
434	1	0	0	0	0	0	0	0	0	0	0	0	1
435	0	0	0	0	1	0	0	0	0	0	0	0	1
436	1	0	0	0	0	0	0	1	0	0	0	0	2
437	0	0	0	1	1	0	0	0	0	0	0	0	2
438	1	0	0	0	0	0	0	1	0	0	0	0	2
439	3	0	0	0	0	0	0	0	0	0	0	0	3
440	2	0	0	1	0	0	0	1	0	0	0	0	4
441	4	0	0	0	0	0	0	0	0	0	0	0	4
442	0	0	0	0	2	0	0	0	0	0	0	0	2
443	0	0	0	0	4	0	0	0	1	0	0	0	5
444	2	0	0	0	0	0	0	0	0	0	0	0	2
447	0	0	0	0	2	0	0	0	1	0	0	0	3
448	0	0	1	0	1	0	0	0	0	0	0	0	2
449	4	0	0	0	0	0	1	0	0	0	0	0	5
450	1	0	0	0	0	1	0	0	0	0	0	0	2
451	1	0	0	0	2	0	0	0	0	0	0	0	3
452	2	0	0	0	2	0	0	0	0	0	0	0	4
453	0	0	1	0	0	0	0	0	0	0	0	0	1
454	5	0	0	1	0	0	0	0	0	0	0	0	6
455	0	0	1	1	0	0	0	0	0	0	0	0	2
456	2	0	0	0	1	0	1	0	0	0	0	0	4
457	0	0	1	0	0	1	0	0	0	0	0	0	2
458	0	0	0	0	1	0	0	0	0	0	0	0	1
460	1	0	0	0	0	0	0	0	0	0	0	0	1
461	3	0	0	1	0	0	0	0	0	0	0	0	4
462	2	0	0	0	1	0	0	1	0	0	0	0	4
463	2	0	0	0	0	0	0	0	0	0	0	0	2
464	3	0	0	0	2	0	0	0	0	1	0	0	6
465	1	0	0	0	0	0	0	0	0	0	0	0	1
466	1	0	0	0	0	0	0	0	0	0	0	0	1
467	1	0	0	0	0	0	0	0	0	0	0	0	1
468	2	0	0	0	0	0	0	0	0	0	0	0	2
469	2	0	0	0	0	0	0	0	0	0	0	0	2
470	1	0	0	0	0	0	0	1	0	0	0	0	2
471	2	0	0	1	1	0	1	0	0	0	0	0	5
472	2	0	0	0	4	0	0	0	0	0	0	0	6
473	2	0	0	0	0	0	0	1	0	0	0	0	3
474	3	0	0	0	0	0	0	0	0	0	0	0	3
475	2	0	0	0	0	0	0	0	0	0	0	0	2
476	1	0	0	0	0	0	0	0	0	0	0	0	1
477	1	0	0	0	0	0	0	0	0	0	0	0	1
478	1	0	0	0	1	0	0	1	0	1	0	0	4
479	0	0	1	0	0	0	0	0	0	0	0	0	1
480	1	0	0	0	1	0	0	0	0	0	0	0	2
481	0	0	0	1	0	0	0	0	0	0	0	0	1
482	0	1	0	0	1	0	0	1	0	0	0	0	3
483	5	0	0	0	0	0	0	1	0	0	0	0	6
484	1	0	1	0	1	0	0	0	0	0	0	0	3
485	3	0	0	0	1	0	2	0	0	0	0	0	6
486	0	0	0	2	0	0	0	0	0	0	0	0	2
487	1	0	0	0	1	0	0	0	1	0	0	0	3
488	1	0	1	0	0	0	0	0	0	0	0	0	2
489	3	0	0	0	0	0	0	0	0	0	0	0	3
491	2	0	0	0	0	0	1	1	0	0	0	0	4
492	2	0	0	0	1	0	0	0	0	0	0	0	3
493	3	0	0	0	0	0	0	0	0	0	0	0	3
494	2	0	0	0	0	0	0	1	0	0	0	0	3
495	0	0	0	0	2	0	0	0	0	0	0	0	2
496	2	0	0	1	0	0	0	0	0	0	0	0	3
497	1	0	0	0	1	0	0	0	0	0	0	0	2
498	2	0	0	0	0	0	0	0	0	0	0	0	2
499	1	1	0	0	0	1	0	0	0	0	0	0	3
500	0	0	2	0	0	0	0	0	0	0	0	0	2
501	1	0	0	0	1	0	0	0	0	0	0	0	2
502	0	0	1	0	1	0	0	0	0	0	0	0	2
503	2	0	0	0	2	0	0	0	0	0	0	0	4
504	2	0	0	0	0	0	0	0	0	0	0	0	2
505	2	0	0	1	0	0	0	0	0	0	0	0	3
506	2	0	0	0	0	0	0	0	0	0	0	0	2
507	3	0	0	0	0	0	0	0	0	0	0	0	3
509	1	0	0	0	2	0	0	0	0	0	0	0	3
510	3	0	0	0	0	0	0	0	0	0	0	0	3
511	1	0	0	0	2	0	0	0	0	0	0	0	3
512	2	0	0	1	0	0	0	0	0	0	0	0	3
513	3	0	0	1	2	0	0	0	0	0	0	0	6
514	1	0	0	0	0	0	0	0	0	0	0	0	1
515	2	0	0	0	0	0	0	0	0	0	0	0	2
516	1	0	0	0	1	0	0	0	0	0	0	0	2
517	4	0	0	0	0	0	0	0	0	0	0	0	4
518	0	0	0	0	1	0	0	0	0	0	0	0	1
519	0	0	0	1	0	0	0	0	0	0	0	0	1
520	0	0	1	0	0	0	0	0	0	0	0	0	1
521	7	0	0	0	0	0	0	0	0	0	0	0	7
522	0	0	1	0	0	0	1	0	0	0	0	0	2
523	1	0	0	0	0	0	0	0	0	0	0	0	1
524	0	0	0	0	0	0	1	0	0	0	0	0	1
525	1	0	0	0	0	0	0	0	0	1	0	0	2
526	2	0	0	1	0	0	1	0	0	0	0	0	4
527	4	0	1	0	0	0	1	1	0	0	0	0	7
528	0	0	0	0	1	0	0	0	0	0	0	0	1
529	1	0	0	0	1	0	0	0	0	0	0	0	2
530	1	0	1	0	0	2	0	0	0	0	0	0	4
533	1	0	0	0	0	0	0	0	0	0	0	0	1
534	0	0	0	1	1	0	0	0	0	0	0	0	2
535	0	1	1	1	0	0	0	0	0	1	0	0	4
536	3	0	0	0	0	0	0	0	0	0	0	0	3
537	2	0	0	0	0	0	0	0	0	0	0	0	2
538	0	0	1	0	0	0	0	0	0	0	0	0	1
539	1	0	0	0	0	0	0	0	0	0	0	0	1
540	3	0	0	0	0	0	0	1	0	0	0	0	4
541	4	0	0	0	1	0	0	0	0	0	0	0	5
542	1	0	0	0	0	0	0	1	0	0	0	0	2
543	0	0	0	1	1	0	0	0	0	0	0	0	2
544	2	0	0	0	0	0	0	0	0	0	0	0	2
545	1	0	0	1	0	0	0	1	0	0	0	0	3
546	1	0	0	0	2	0	0	0	0	0	0	0	3
547	1	0	0	2	0	0	0	0	0	0	0	0	3
548	0	0	0	1	0	0	0	0	0	0	0	0	1
549	1	0	0	1	2	0	0	1	0	0	0	0	5
550	1	0	0	0	2	0	0	0	0	0	0	0	3
551	2	0	0	0	0	0	0	0	0	0	0	0	2
552	1	0	0	0	0	0	0	0	0	0	0	0	1
553	0	0	1	0	0	0	0	0	0	0	0	0	1
554	1	0	0	1	0	0	0	0	0	0	0	0	2
555	1	0	0	0	0	0	0	0	1	0	0	0	2
556	1	0	0	1	1	0	0	0	0	0	0	0	3
557	4	0	0	0	0	0	0	0	0	0	0	0	4
558	1	0	0	0	0	0	0	0	1	0	0	0	2
559	2	0	1	0	0	0	0	0	0	0	0	0	3
560	2	0	0	0	0	0	0	0	0	0	0	0	2
561	1	0	0	1	0	0	1	0	0	0	0	0	3
562	0	0	0	0	1	0	0	0	0	0	0	0	1
563	1	0	0	0	0	0	0	0	0	0	0	0	1
564	0	0	0	1	0	0	0	0	0	0	0	0	1
565	0	0	0	0	2	0	0	0	0	0	0	0	2
566	2	0	0	0	0	1	0	0	0	0	0	0	3
567	0	0	0	0	1	0	0	0	0	0	0	0	1
568	0	0	0	0	3	0	0	0	0	0	0	0	3
569	0	0	1	0	0	0	0	0	0	0	0	0	1
570	1	0	0	0	0	0	0	1	0	0	0	0	2
571	2	0	0	0	2	0	1	0	1	0	0	0	6
572	1	0	0	0	0	0	0	0	0	0	0	0	1
573	1	1	0	0	2	0	0	0	0	0	0	0	4
574	3	0	0	0	0	0	0	0	0	0	0	0	3
575	2	0	0	0	1	0	0	0	0	0	0	0	3
576	1	0	0	0	0	0	0	0	0	0	0	0	1
579	2	0	1	0	0	0	0	0	0	0	0	0	3
580	1	0	0	1	1	0	0	0	0	0	0	0	3
581	1	0	0	0	0	0	0	0	0	0	0	0	1
582	0	0	0	0	1	0	0	0	0	0	0	0	1
583	1	0	0	0	0	0	0	0	0	0	0	0	1
584	3	0	0	0	0	0	0	1	0	0	0	0	4
585	1	0	0	0	1	0	0	1	0	0	0	0	3
586	4	0	0	0	0	0	0	0	0	0	0	0	4
587	5	0	0	0	0	0	0	0	0	0	0	0	5
588	0	0	0	1	0	1	0	0	0	0	0	0	2
589	0	0	2	1	0	0	0	0	0	0	0	0	3
590	0	0	0	0	1	0	0	0	0	0	0	0	1
591	3	0	0	1	0	0	0	0	0	0	0	0	4
592	0	0	1	0	0	0	0	0	0	0	0	0	1
595	2	0	0	1	0	0	0	0	0	0	0	0	3
596	5	0	0	0	0	0	0	0	0	0	0	0	5
597	3	0	0	0	0	0	0	0	0	0	0	0	3
598	1	0	0	0	1	0	0	0	0	0	0	0	2
599	0	0	1	0	0	0	0	0	0	0	0	0	1
600	1	0	0	0	1	0	0	0	0	0	0	0	2
601	0	0	0	1	0	0	0	0	0	0	0	0	1
602	2	0	0	1	0	0	0	0	0	0	0	0	3
603	2	0	1	0	0	0	0	0	0	0	0	0	3
604	3	0	0	0	0	0	0	0	0	0	0	0	3
605	1	0	0	0	1	0	0	0	0	0	0	0	2
607	2	0	0	0	2	0	0	0	1	0	0	0	5
608	1	0	1	0	0	0	0	0	0	0	0	0	2
609	1	0	0	0	0	0	0	1	1	0	0	0	3
610	2	0	0	0	0	0	0	0	0	0	0	0	2
611	5	0	0	0	1	0	0	0	0	0	0	0	6
612	1	0	0	1	0	0	0	0	0	0	0	0	2
613	3	0	0	0	0	0	0	0	0	0	0	0	3
614	2	0	0	0	0	0	0	0	1	0	0	0	3
615	2	0	0	1	0	0	0	0	0	0	0	0	3
616	3	0	0	0	0	0	0	0	0	0	0	0	3
617	1	0	1	0	2	0	0	0	0	0	0	0	4
618	3	0	0	0	0	0	0	0	0	0	0	0	3
619	1	0	0	1	2	0	0	0	0	0	0	0	4
620	1	0	0	1	2	0	0	0	0	0	0	0	4
621	2	0	0	0	0	0	0	0	0	0	0	0	2
622	3	0	0	0	0	0	0	0	0	0	0	0	3
623	1	0	0	0	0	0	0	0	0	0	0	0	1
624	2	0	0	1	0	0	0	1	0	0	0	0	4
625	3	0	0	0	0	0	0	0	0	0	0	0	3
626	1	0	0	0	0	0	1	0	0	0	0	0	2
627	2	0	0	0	0	0	0	0	0	0	0	0	2
628	0	0	0	0	1	0	0	0	0	0	0	0	1
629	1	0	0	0	0	0	0	0	0	0	0	0	1
630	1	0	0	1	0	0	1	1	0	0	0	0	4
633	3	0	0	0	1	0	0	1	0	0	0	0	5
634	0	0	1	0	0	0	0	0	0	0	0	0	1
635	2	0	0	0	0	0	0	0	0	0	0	0	2
636	0	1	2	0	0	0	0	0	0	0	0	0	3
638	0	0	1	0	0	0	0	0	0	0	0	0	1
639	1	0	0	0	0	0	0	0	0	0	0	0	1
640	4	0	0	0	0	0	0	0	0	0	0	0	4
641	1	0	0	1	0	0	0	0	0	0	0	0	2
642	3	0	0	0	0	0	0	0	0	0	0	0	3
643	2	0	0	0	1	0	0	1	0	0	0	0	4
644	2	0	0	0	0	0	0	0	0	0	0	0	2
645	2	0	0	0	0	0	0	0	0	0	0	0	2
646	0	0	0	0	1	0	0	0	0	0	0	0	1
647	0	0	0	1	2	0	0	0	0	0	0	0	3
648	0	0	0	1	0	0	0	0	0	0	0	0	1
649	0	0	0	0	3	0	0	0	0	0	0	0	3
650	1	0	0	0	1	1	0	0	0	0	0	0	3
651	4	0	0	0	0	0	0	0	0	0	0	0	4
652	3	0	0	0	0	0	0	0	0	0	0	0	3
653	2	0	0	0	0	0	0	0	0	0	0	0	2
654	2	0	0	0	0	0	0	0	0	0	0	0	2
655	3	0	0	0	0	0	0	0	0	0	0	0	3
656	1	0	0	1	0	0	0	0	0	0	0	0	2
657	1	0	0	0	2	0	0	0	0	0	0	0	3
658	2	0	0	0	1	0	0	0	0	0	0	0	3
659	1	0	0	0	1	0	0	0	1	0	0	0	3
660	0	0	0	0	1	0	0	0	1	0	0	0	2
661	1	0	0	0	1	0	0	0	0	0	0	0	2
662	1	0	0	0	0	0	0	1	0	0	0	0	2
663	2	0	0	0	0	0	1	0	0	0	0	0	3
664	1	0	1	0	0	0	0	0	0	0	0	0	2
665	2	0	0	0	1	0	0	0	0	0	0	0	3
667	0	0	0	1	0	0	1	0	1	0	0	0	3
669	1	0	0	0	0	0	0	0	0	0	0	0	1
670	1	0	0	0	1	0	0	0	0	0	0	0	2
671	0	0	1	0	0	0	0	0	0	0	0	0	1
672	2	0	0	0	0	0	0	0	0	0	0	0	2
673	0	0	0	0	1	0	0	0	0	0	0	0	1
674	1	0	0	0	1	0	0	0	0	0	0	0	2
675	0	0	1	0	0	0	0	0	0	0	0	0	1
676	2	0	0	0	0	0	1	0	0	0	0	0	3
677	1	0	0	0	2	0	0	0	0	0	0	0	3
678	2	0	1	0	0	0	0	0	0	0	0	0	3
679	1	1	0	0	0	0	0	1	0	0	0	0	3
680	1	0	0	0	1	0	1	2	0	0	0	0	5
681	1	0	0	0	0	0	0	0	0	0	0	0	1
682	3	0	0	0	0	0	0	0	0	0	0	0	3
683	0	0	1	0	0	0	0	1	1	0	0	0	3
684	0	2	0	0	0	0	0	0	0	0	0	0	2
685	2	0	0	0	0	0	0	0	0	0	0	0	2
686	1	0	0	0	0	0	0	0	0	0	0	0	1
687	1	0	0	0	0	0	0	1	0	0	0	0	2
688	1	0	0	0	1	0	0	0	0	0	0	0	2
689	0	0	0	0	2	0	1	0	1	0	0	0	4
690	2	0	0	0	0	0	0	1	0	0	0	0	3
691	2	0	0	0	0	0	0	1	0	0	0	0	3
692	0	0	0	0	1	0	0	0	0	0	0	0	1
693	3	0	0	0	0	0	0	0	0	0	0	0	3
694	0	0	0	0	0	1	1	0	0	0	0	0	2
695	3	0	0	0	2	0	0	0	0	0	0	0	5
696	1	0	0	1	1	0	0	0	0	0	0	0	3
697	2	0	0	1	3	0	0	0	0	0	0	0	6
699	1	0	0	0	0	0	0	0	0	0	0	0	1
701	1	1	0	0	0	0	0	0	0	0	0	0	2
702	1	0	0	0	3	0	0	0	0	0	0	0	4
703	0	0	0	0	0	0	1	0	0	0	0	0	1
704	1	0	0	0	1	0	0	0	0	0	0	0	2
705	2	0	0	0	1	0	1	0	0	0	0	0	4
707	0	0	0	0	1	0	0	0	0	0	0	0	1
708	2	0	0	0	1	0	0	0	0	0	0	0	3
709	4	0	0	0	0	0	0	0	0	0	0	0	4
711	1	0	0	0	0	0	0	0	0	0	0	0	1
712	2	0	0	0	0	0	0	0	0	0	0	0	2
713	0	0	0	0	0	3	0	0	0	0	0	0	3
714	3	0	0	0	0	0	0	1	0	0	0	0	4
715	1	0	0	0	0	0	0	0	1	0	0	0	2
716	1	0	0	0	1	0	0	0	0	0	0	0	2
717	1	0	0	0	2	0	0	0	0	0	0	0	3
718	3	0	0	0	0	0	0	0	0	0	0	0	3
719	4	0	0	0	0	1	0	0	0	0	0	0	5
720	1	0	0	0	0	0	0	0	0	0	0	0	1
721	2	0	0	0	0	0	0	0	0	0	0	0	2
722	2	0	0	0	1	0	0	0	0	0	0	0	3
724	2	0	0	0	0	0	0	0	0	0	0	0	2
725	0	0	0	1	0	0	0	0	0	0	0	0	1
726	1	0	0	0	0	2	0	0	0	0	0	0	3
728	1	0	0	0	0	0	0	0	0	0	0	0	1
729	3	0	0	0	1	0	0	0	0	0	0	0	4
730	2	0	0	0	0	0	0	1	0	0	0	0	3
731	2	0	0	0	0	0	0	0	0	0	0	0	2
732	1	0	0	0	1	0	0	0	0	0	0	0	2
734	1	0	0	0	0	0	1	1	0	0	0	0	3
735	0	0	1	1	1	0	0	0	0	0	0	0	3
736	1	0	1	0	0	0	0	0	0	1	0	0	3
737	0	0	0	0	1	0	0	0	0	0	0	0	1
738	1	0	0	0	0	0	0	0	0	0	0	0	1
739	0	0	0	0	1	0	0	0	0	0	0	0	1
740	1	0	0	0	0	0	0	1	0	0	0	0	2
741	1	0	0	0	1	0	0	0	0	0	0	0	2
743	3	0	0	0	0	0	0	0	0	0	0	0	3
744	3	0	0	0	0	0	0	0	0	0	0	0	3
745	1	0	0	0	0	0	0	0	0	0	0	0	1
746	2	0	0	0	0	0	0	0	0	0	0	0	2
747	0	0	0	1	1	0	0	0	0	0	0	0	2
748	0	0	0	1	2	0	0	0	0	0	0	0	3
749	1	1	0	0	1	0	0	0	0	0	0	0	3
750	0	0	0	1	0	0	0	0	0	0	0	0	1
751	2	0	0	0	0	0	0	0	0	0	0	0	2
752	0	1	0	0	1	0	0	0	0	0	0	0	2
753	1	0	1	0	1	0	0	1	0	0	0	0	4
754	0	0	0	1	0	0	0	0	0	0	0	0	1
755	1	0	0	0	0	0	0	0	0	0	0	0	1
756	1	0	0	0	0	0	0	0	0	0	0	0	1
758	1	0	0	0	1	0	0	0	0	0	0	0	2
759	1	0	0	0	1	0	0	0	0	0	0	0	2
760	1	0	0	2	0	0	0	0	0	0	0	0	3
761	0	0	0	0	1	0	0	0	0	0	0	0	1
762	1	0	0	0	1	0	0	0	0	0	0	0	2
763	2	0	0	0	0	0	0	0	0	0	0	0	2
764	2	0	0	0	0	0	0	0	0	0	0	0	2
765	1	0	0	0	0	0	0	0	0	0	0	0	1
766	3	0	0	0	0	0	0	0	0	0	0	0	3
767	1	0	0	0	1	0	0	0	0	0	0	0	2
768	1	0	0	1	0	0	0	0	0	0	0	0	2
770	1	0	0	0	0	0	0	0	0	0	0	0	1
771	4	0	0	0	1	0	0	0	0	0	0	0	5
772	1	0	0	1	0	0	0	0	0	0	0	0	2
773	2	0	0	0	0	0	0	0	0	0	0	0	2
774	3	0	0	0	0	0	0	0	0	0	0	0	3
775	1	0	0	0	2	0	0	0	0	0	0	0	3
777	0	1	0	0	0	0	1	0	0	0	0	0	2
778	1	0	0	0	0	0	0	0	0	0	0	0	1
779	0	1	0	0	0	0	0	1	0	0	0	0	2
780	2	0	0	0	0	0	0	0	0	0	0	0	2
781	1	0	0	0	1	0	0	0	0	0	0	0	2
782	1	0	0	0	0	0	0	1	0	0	0	0	2
783	1	0	1	0	1	0	0	0	0	0	0	0	3
784	0	0	0	0	0	0	0	1	0	0	0	0	1
786	0	0	1	0	0	1	0	0	0	0	0	0	2
787	0	0	1	0	0	0	0	0	0	0	0	0	1
788	2	0	0	0	0	0	0	0	0	0	0	0	2
789	0	0	1	0	0	0	0	0	0	0	0	0	1
790	0	0	0	1	1	1	0	0	0	0	0	0	3
791	3	0	0	0	1	0	0	0	0	0	0	0	4
792	1	0	0	0	0	0	0	0	0	0	0	0	1
793	1	0	0	1	0	0	0	1	0	0	0	0	3
794	2	0	0	0	0	0	0	0	0	0	0	0	2
795	0	0	1	0	1	0	0	1	0	0	0	0	3
796	0	0	0	0	3	0	0	0	0	0	0	0	3
797	1	0	0	0	1	0	0	0	0	0	0	0	2
798	3	0	0	0	1	0	0	0	0	0	0	0	4
799	1	0	0	0	1	0	0	0	0	0	0	0	2
800	0	0	0	2	0	0	0	0	0	0	0	0	2
801	0	0	0	0	1	0	0	0	0	0	0	0	1
802	1	0	0	1	0	0	0	0	0	0	0	0	2
803	1	0	0	0	0	0	0	0	0	0	0	0	1
804	1	0	0	0	1	0	0	0	0	0	0	0	2
805	2	0	0	0	0	0	0	0	0	1	0	0	3
806	1	0	0	0	1	0	0	0	0	0	0	0	2
807	0	0	1	0	0	0	0	0	0	0	0	0	1
808	1	0	0	0	0	0	0	0	0	0	0	0	1
809	0	0	1	0	0	0	0	0	0	0	0	0	1
810	2	0	0	0	1	0	0	0	0	0	0	0	3
811	2	1	0	0	0	0	0	0	0	0	0	0	3
812	2	0	0	0	1	0	0	0	0	0	0	0	3
813	0	0	0	1	0	0	0	0	0	0	0	0	1
814	2	0	0	0	0	0	0	0	0	0	0	0	2
815	1	0	0	0	1	0	0	0	0	0	0	0	2
816	2	0	0	0	1	0	0	0	0	0	0	0	3
817	1	0	0	0	1	0	0	0	0	0	0	0	2
818	2	0	0	0	0	0	0	0	0	0	0	0	2
820	1	0	0	0	0	0	0	0	0	0	0	0	1
821	3	0	0	0	1	0	0	0	0	0	0	0	4
822	2	1	0	0	1	0	0	0	0	0	0	0	4
823	3	0	0	0	1	0	0	0	0	0	0	0	4
824	2	0	0	0	1	0	0	0	0	0	0	0	3
825	2	0	0	0	0	0	0	0	0	0	0	0	2
826	0	0	0	1	0	0	0	0	0	0	0	0	1
827	1	0	0	0	0	0	1	1	0	0	0	0	3
829	0	0	0	1	2	0	0	0	0	0	0	0	3
830	2	0	0	0	1	0	1	0	0	0	0	0	4
831	0	2	0	0	0	0	0	0	0	0	0	0	2
832	1	0	0	0	0	0	0	0	0	0	0	0	1
833	2	0	0	0	0	0	0	1	0	0	0	0	3
835	2	0	0	0	2	0	0	0	0	0	0	0	4
837	1	0	0	0	1	0	0	0	0	0	0	0	2
838	3	0	0	0	1	0	0	0	0	0	0	0	4
839	1	0	0	0	0	0	0	1	0	0	0	0	2
840	1	0	0	0	2	0	0	0	0	0	0	0	3
841	1	0	0	1	0	0	1	0	0	0	0	0	3
842	1	0	0	0	0	0	0	0	0	0	0	0	1
843	0	0	0	1	0	0	0	0	0	0	0	0	1
844	3	0	0	1	0	0	0	0	0	0	0	0	4
845	3	0	0	0	1	0	0	0	0	0	0	0	4
846	1	0	0	0	0	0	0	0	0	0	0	0	1
847	1	0	0	1	0	0	0	0	0	0	0	0	2
848	3	0	0	0	0	0	0	0	0	0	0	0	3
849	0	0	0	0	1	0	0	0	0	0	0	0	1
850	2	0	0	0	0	0	0	0	0	0	0	0	2
851	1	0	0	0	0	0	0	0	0	0	0	0	1
852	4	0	0	0	0	0	0	0	0	0	0	0	4
854	2	0	0	0	1	0	0	0	0	0	0	0	3
856	4	0	0	0	0	0	0	1	0	0	0	0	5
857	1	0	0	0	0	0	0	0	0	0	0	0	1
858	0	0	0	1	0	0	0	0	0	0	0	0	1
860	1	0	0	0	0	0	0	0	0	0	0	0	1
862	2	0	0	1	0	0	0	1	0	0	0	0	4
864	1	0	0	0	0	0	0	0	0	0	0	0	1
865	3	0	0	1	0	0	0	0	0	0	0	0	4
866	1	0	0	1	0	0	0	0	0	0	0	0	2
867	1	0	0	0	1	0	0	1	0	0	0	0	3
868	3	0	0	0	0	0	0	0	0	0	0	0	3
869	1	0	0	0	2	0	0	0	0	0	0	0	3
871	1	0	0	0	0	0	0	1	0	0	0	0	2
872	1	0	0	0	0	0	0	0	0	0	0	0	1
873	3	0	0	0	2	0	0	0	0	0	0	0	5
874	1	0	0	1	0	0	0	0	0	0	0	0	2
875	1	0	1	0	0	0	0	1	0	0	0	0	3
876	1	0	0	0	0	0	0	0	0	0	0	0	1
877	0	0	0	1	1	0	0	0	0	0	0	0	2
878	3	0	0	0	0	0	0	1	0	0	0	0	4
879	1	0	0	0	0	0	0	0	0	0	0	0	1
880	1	0	0	0	0	0	0	0	0	0	0	0	1
882	2	0	0	0	0	0	0	0	0	0	0	0	2
883	2	0	0	0	2	0	0	0	0	0	0	0	4
884	2	0	0	0	0	0	0	0	0	0	0	0	2
885	1	0	2	0	0	0	0	0	0	0	0	0	3
886	0	1	0	0	0	0	0	0	0	0	0	0	1
887	2	0	0	0	0	0	0	0	0	0	0	0	2
888	0	0	0	1	0	0	0	0	0	0	0	0	1
889	4	0	0	0	0	0	0	1	0	0	0	0	5
890	2	0	0	0	0	0	0	0	0	0	0	0	2
891	3	0	0	0	1	0	1	0	0	0	0	0	5
893	2	0	0	0	0	0	0	0	0	0	0	0	2
894	2	0	0	0	0	0	0	0	0	0	0	0	2
895	2	0	0	0	1	0	0	0	1	0	0	0	4
896	1	0	0	0	0	0	0	0	0	0	0	0	1
897	0	0	1	0	1	0	0	0	0	0	0	0	2
898	2	0	0	0	0	0	0	0	0	0	0	0	2
899	2	0	0	0	2	0	0	0	0	0	0	0	4
900	2	0	0	2	0	0	0	0	0	0	0	0	4
901	0	0	0	0	0	0	1	1	0	0	0	0	2
902	0	0	0	0	1	0	0	0	0	0	0	0	1
903	2	0	0	0	0	0	0	0	0	0	0	0	2
904	0	0	0	0	1	0	0	0	0	0	0	0	1
905	2	0	1	0	0	0	0	0	0	0	0	0	3
906	0	0	0	0	2	0	0	0	0	0	0	0	2
907	4	0	0	0	1	0	0	0	0	0	0	0	5
908	1	0	0	0	1	0	0	0	0	1	0	0	3
909	2	0	0	0	0	0	0	2	0	0	0	0	4
910	1	0	0	0	0	0	0	0	0	0	0	0	1
911	1	0	0	0	0	0	0	0	0	0	0	0	1
912	2	0	0	0	0	0	0	0	0	1	0	0	3
913	1	0	0	0	2	0	0	0	1	0	0	0	4
914	0	0	1	0	0	0	0	0	0	0	0	0	1
915	3	0	0	0	0	0	0	0	0	0	0	0	3
916	3	0	0	0	1	0	1	0	0	0	0	0	5
917	1	0	0	0	0	0	0	0	0	0	0	0	1
918	2	0	0	0	1	0	0	0	0	0	0	0	3
919	1	0	0	0	1	0	0	0	0	0	0	0	2
920	1	0	0	0	0	0	0	0	0	0	0	0	1
921	1	0	1	0	0	0	0	0	0	0	0	0	2
922	1	0	0	0	2	0	0	0	0	0	0	0	3
923	1	0	0	0	0	0	0	0	0	0	0	0	1
924	2	0	0	0	2	0	0	0	0	0	0	0	4
925	1	0	0	0	0	0	0	0	0	0	0	0	1
927	0	0	1	0	2	0	0	0	0	0	0	0	3
928	0	0	0	0	1	0	0	0	0	0	0	0	1
929	1	0	0	0	1	0	0	0	0	0	0	0	2
930	3	0	0	0	0	0	0	0	0	0	0	0	3
931	1	0	2	0	0	0	0	0	0	0	0	0	3
932	1	0	0	0	1	0	0	0	0	0	0	0	2
933	1	0	0	0	0	0	0	0	0	0	0	0	1
934	2	0	0	0	0	0	0	0	0	0	0	0	2
935	0	0	0	1	0	0	0	0	0	0	0	0	1
936	2	0	0	0	0	0	0	0	0	0	0	0	2
937	2	0	0	0	1	0	0	0	0	0	0	0	3
938	1	0	0	0	0	0	0	0	0	0	0	0	1
939	3	0	0	0	0	0	1	0	0	0	0	0	4
940	1	0	0	0	0	0	0	0	0	0	0	0	1
941	2	0	0	1	0	0	0	0	0	0	0	0	3
942	1	0	0	0	2	0	0	0	0	0	0	0	3
943	1	0	0	1	1	0	0	0	0	0	0	0	3
944	0	0	0	2	0	0	0	0	0	0	0	0	2
945	2	0	0	0	0	0	0	1	0	0	0	0	3
946	1	0	1	0	0	0	0	0	1	0	0	0	3
948	1	0	0	0	1	0	0	0	0	0	0	0	2
949	2	0	0	0	0	0	0	0	1	0	0	0	3
950	1	0	1	0	0	0	0	0	0	0	0	0	2
951	1	0	0	0	0	0	0	0	0	0	0	0	1
952	1	0	0	0	0	0	0	0	1	0	0	0	2
953	1	1	0	1	2	0	0	0	0	0	0	0	5
954	0	0	0	0	2	0	0	0	0	0	0	0	2
955	2	0	0	1	0	0	0	0	0	0	0	0	3
958	3	0	0	0	0	0	0	0	0	0	0	0	3
959	1	0	0	0	0	0	0	0	0	0	0	0	1
960	1	0	0	0	1	0	0	0	0	0	0	0	2
961	2	0	0	0	1	0	0	0	0	0	0	0	3
962	1	0	0	0	1	0	0	0	0	0	0	0	2
963	2	0	0	0	0	0	0	1	0	0	0	0	3
964	0	0	0	0	1	0	0	0	0	0	0	0	1
965	0	0	1	1	2	0	0	0	0	0	0	0	4
966	1	0	0	0	0	0	0	0	0	0	0	0	1
967	1	0	0	0	0	0	0	0	0	0	0	0	1
969	2	0	0	0	0	0	0	0	0	0	0	0	2
970	1	0	0	0	0	0	0	1	0	0	0	0	2
972	3	0	0	0	0	0	0	1	0	0	0	0	4
973	1	0	0	0	1	0	0	0	0	0	0	0	2
974	1	1	0	1	1	0	0	0	0	0	0	0	4
975	1	1	0	0	1	0	0	0	0	0	0	0	3
976	0	0	0	0	1	1	0	0	0	0	0	0	2
977	0	1	0	0	3	0	0	0	0	0	0	0	4
978	0	0	0	1	2	0	0	0	0	0	0	0	3
979	0	0	0	0	1	0	0	0	0	0	0	0	1
980	5	0	0	0	0	0	1	0	0	0	0	0	6
981	0	1	0	0	1	0	0	0	0	0	0	0	2
982	5	0	0	0	0	0	0	0	0	0	0	0	5
983	2	0	0	0	1	0	0	0	0	0	0	0	3
984	0	0	0	0	1	0	0	0	0	0	0	0	1
985	0	1	0	0	1	1	0	0	0	0	0	0	3
986	1	0	1	0	0	0	0	0	0	0	0	0	2
987	1	0	0	0	0	0	0	0	0	0	0	0	1
988	1	0	0	0	1	0	0	0	0	0	0	0	2
989	1	0	0	0	0	0	0	0	0	0	0	0	1
990	0	0	0	1	0	0	0	0	0	0	0	0	1
991	3	0	0	0	1	0	0	0	0	0	0	0	4
992	1	0	0	0	1	0	0	0	0	0	0	0	2
993	1	0	0	0	1	0	0	0	0	0	0	0	2
994	1	0	0	0	0	0	0	0	0	0	0	0	1
995	1	0	0	0	1	0	0	0	0	0	0	0	2
996	1	1	0	0	0	0	0	1	0	0	0	0	3
997	2	0	0	0	1	0	1	1	0	0	0	0	5
998	0	0	0	1	0	0	0	1	0	0	0	0	2
999	0	0	0	0	1	0	1	0	0	0	0	0	2
1000	2	0	0	0	0	0	0	0	0	0	0	0	2
1001	2	0	0	0	1	0	0	0	0	0	0	0	3
1002	0	0	0	0	2	0	0	0	0	0	0	0	2
1003	2	0	0	0	0	0	0	0	0	0	0	0	2
1004	0	0	0	1	0	1	0	0	0	0	0	0	2
1005	0	0	0	0	0	0	1	0	0	0	0	0	1
1006	0	1	0	0	2	0	0	0	0	0	0	0	3
1008	3	0	0	0	0	0	0	1	0	0	0	0	4
1009	2	0	0	0	0	0	0	0	0	0	0	0	2
1010	1	0	0	0	0	0	0	0	0	0	0	0	1
1011	2	0	0	0	0	0	0	2	0	0	0	0	4
1012	2	0	0	1	0	0	0	0	0	0	0	0	3
1013	4	0	0	0	0	0	0	2	0	0	0	0	6
1014	1	0	0	0	0	0	0	0	0	0	0	0	1
1015	0	0	0	0	3	0	0	0	0	0	0	0	3
1016	0	0	0	0	2	0	0	1	0	0	0	0	3
1017	3	0	0	0	2	0	0	0	0	0	0	0	5
1018	2	0	0	0	1	0	0	0	0	0	0	0	3
1020	1	0	0	0	1	0	0	0	0	0	0	0	2
1021	1	0	0	0	0	0	0	0	0	0	0	0	1
1023	2	0	0	0	0	0	0	0	0	0	0	0	2
1024	0	3	0	1	1	0	0	0	0	0	0	0	5
1025	2	0	0	0	0	0	0	0	0	0	0	0	2
1026	2	0	1	0	0	0	0	0	0	0	0	0	3
1027	3	0	0	0	0	0	0	0	0	0	0	0	3
1028	1	0	1	0	0	0	0	0	0	0	0	0	2
1029	3	0	0	0	0	0	0	0	0	0	0	0	3
1030	0	0	0	0	0	1	0	0	0	0	0	0	1
1031	3	0	0	1	0	0	0	0	0	0	0	0	4
1032	3	0	0	0	1	0	0	0	0	0	0	0	4
1033	1	0	0	0	0	0	0	0	0	0	0	0	1
1034	2	0	0	0	0	0	0	0	1	0	0	0	3
1035	1	0	0	0	1	1	0	0	0	0	0	0	3
1036	1	0	1	0	0	0	0	0	0	0	0	0	2
1037	0	0	0	0	1	0	0	0	0	0	0	0	1
1038	2	0	0	1	1	0	0	0	0	0	0	0	4
1039	1	0	0	1	2	0	0	0	0	0	0	0	4
1040	1	1	0	0	0	0	0	0	0	0	0	0	2
1041	2	0	0	0	0	0	0	0	0	0	0	0	2
1042	1	0	0	0	0	0	0	1	0	0	0	0	2
1043	2	0	0	0	0	0	0	1	0	0	0	0	3
1044	3	0	0	0	1	0	0	0	1	0	0	0	5
1045	5	0	0	0	0	0	0	0	0	0	0	0	5
1046	1	0	0	0	0	0	0	1	0	0	0	0	2
1047	1	0	0	0	0	0	0	0	0	0	0	0	1
1048	1	0	0	0	2	0	0	0	0	0	0	0	3
1049	1	0	0	0	1	0	1	0	0	0	0	0	3
1050	1	0	0	0	0	0	0	0	0	0	0	0	1
1051	1	0	0	0	0	0	0	0	0	0	0	0	1
1052	1	0	0	0	0	0	0	0	0	0	0	0	1
1053	4	0	0	0	0	0	0	0	0	0	0	0	4
1054	2	0	0	0	0	0	0	0	0	0	0	0	2
1055	2	0	0	0	0	0	0	0	0	0	0	0	2
1056	1	0	0	0	0	0	0	0	0	0	0	0	1
1057	1	0	0	1	0	0	0	0	0	0	0	0	2
1058	1	0	0	0	0	0	1	1	0	0	0	0	3
1059	2	0	0	0	0	0	0	0	0	0	0	0	2
1060	0	0	0	0	2	0	0	0	0	0	0	0	2
1061	2	0	0	0	1	0	0	1	0	0	0	0	4
1062	1	0	0	0	0	0	0	0	0	0	0	0	1
1063	0	0	0	0	1	0	0	0	0	0	0	0	1
1064	1	0	0	0	1	0	0	0	0	0	0	0	2
1065	1	0	0	0	0	0	0	0	0	0	0	0	1
1067	0	0	0	0	2	0	1	0	0	0	0	0	3
1069	2	0	0	0	0	0	0	0	0	0	0	0	2
1070	0	0	0	0	1	0	0	0	0	0	0	0	1
1071	1	0	0	0	0	0	0	0	0	0	0	0	1
1072	0	0	1	1	1	0	0	0	0	0	0	0	3
1073	2	0	0	0	0	0	0	0	0	0	0	0	2
1074	1	0	0	0	0	0	0	0	0	0	0	0	1
1075	0	0	2	0	0	0	0	0	0	0	0	0	2
1076	1	0	1	0	0	0	0	0	0	0	0	0	2
1077	1	0	0	0	1	0	0	0	0	0	0	0	2
1078	1	0	0	0	2	0	0	0	0	0	0	0	3
1079	1	0	0	0	0	0	0	0	0	0	0	0	1
1080	1	0	1	0	0	0	0	0	0	0	0	0	2
1081	1	0	1	0	1	0	0	0	0	0	0	0	3
1082	2	0	0	1	1	0	0	0	0	0	0	0	4
1084	2	0	0	0	1	0	1	0	0	0	0	0	4
1085	0	0	0	0	0	0	1	0	0	0	0	0	1
1086	3	0	0	0	0	0	0	0	0	0	0	0	3
1087	3	1	0	1	0	0	0	0	0	0	0	0	5
1088	1	0	0	0	1	0	0	0	0	0	0	0	2
1089	3	0	0	0	1	0	1	0	0	0	0	0	5
1090	1	0	0	0	2	0	0	0	0	0	0	0	3
1091	1	0	0	0	0	0	0	2	0	0	0	0	3
1092	1	0	0	0	0	0	0	0	0	0	0	0	1
1093	3	0	0	0	1	0	0	0	0	0	0	0	4
1094	2	0	0	0	2	0	0	0	0	0	0	0	4
1095	4	0	0	0	0	0	0	0	0	0	0	0	4
1096	2	0	0	0	0	0	0	1	0	0	0	0	3
1097	0	1	1	0	0	0	0	0	0	0	0	0	2
1098	1	0	0	0	0	0	0	0	0	0	0	0	1
1099	1	0	0	0	1	0	0	1	0	0	0	0	3
1100	1	0	0	0	0	0	0	1	1	0	0	0	3
1101	3	0	0	0	1	0	0	0	0	0	0	0	4
1102	1	0	0	1	0	0	0	0	0	0	0	0	2
1103	1	0	1	0	1	0	0	0	0	0	0	0	3
1104	1	0	0	1	1	0	0	0	0	0	0	0	3
1105	2	0	0	0	1	0	0	1	0	0	0	0	4
1106	0	0	0	0	2	0	0	0	0	0	0	0	2
1107	2	0	0	0	0	0	0	0	0	0	0	0	2
1108	1	0	0	0	1	0	0	0	0	0	0	0	2
1109	2	0	0	0	0	0	0	0	0	0	0	0	2
1110	3	0	0	0	0	0	0	0	0	0	0	0	3
1111	1	0	0	0	1	0	0	1	0	0	0	0	3
1112	2	0	1	0	0	0	0	0	0	0	0	0	3
1113	0	0	0	0	0	0	1	1	0	0	0	0	2
1114	2	0	0	0	0	0	0	0	0	0	0	0	2
1117	0	0	0	0	1	1	0	0	0	0	0	0	2
1118	2	0	0	0	0	0	0	2	0	0	0	0	4
1119	2	0	0	0	0	0	0	0	0	0	0	0	2
1120	1	0	0	0	0	0	0	0	0	0	0	0	1
1121	0	0	1	0	0	1	0	0	0	0	0	0	2
1122	0	0	1	0	0	0	0	0	0	0	0	0	1
1123	2	0	0	0	2	0	0	0	1	0	0	0	5
1124	2	0	0	0	1	0	0	0	0	0	0	0	3
1126	0	0	0	0	1	0	0	0	0	0	0	0	1
1127	0	0	0	0	1	0	0	0	0	0	0	0	1
1128	3	0	0	0	0	0	0	2	0	0	0	0	5
1129	1	0	0	0	0	1	0	0	0	0	0	0	2
1130	2	0	0	0	0	0	0	0	0	0	0	0	2
1131	1	0	0	0	2	0	0	1	0	0	0	0	4
1132	0	0	0	1	1	0	0	0	0	0	0	0	2
1133	1	0	0	0	0	0	0	1	0	0	0	0	2
1134	0	1	0	0	0	0	0	0	0	0	0	0	1
1136	1	0	1	0	0	0	0	0	0	0	0	0	2
1138	2	0	0	0	0	0	0	0	0	0	0	0	2
1139	2	0	0	0	0	0	0	0	0	0	0	0	2
1140	2	0	0	0	0	0	0	0	0	0	0	0	2
1141	0	0	0	0	1	0	0	0	0	0	0	0	1
1142	1	0	0	0	2	0	0	1	0	0	0	0	4
1143	2	0	0	0	0	0	0	0	0	0	0	0	2
1144	1	0	0	0	1	0	0	0	0	0	0	0	2
1145	4	0	0	0	0	0	0	0	0	0	0	0	4
1146	1	0	1	1	0	0	0	0	0	0	0	0	3
1147	4	0	0	0	0	0	0	0	0	0	0	0	4
1148	3	0	0	0	0	0	0	1	0	0	0	0	4
1149	2	0	0	0	0	0	0	0	0	0	0	0	2
1150	2	0	0	0	0	0	0	0	0	0	0	0	2
1151	1	1	0	1	0	0	0	0	0	0	0	0	3
1152	0	0	0	0	0	1	0	0	0	0	0	0	1
1153	0	0	1	0	0	0	0	0	0	0	0	0	1
1154	1	0	0	0	0	0	0	1	0	0	0	0	2
1155	0	0	1	0	0	0	0	0	0	0	0	0	1
1156	0	0	0	0	1	1	0	0	0	0	0	0	2
1157	0	0	0	1	0	0	0	0	0	0	0	0	1
1158	1	0	1	0	0	0	0	0	0	0	0	0	2
1159	1	0	0	0	0	1	0	0	0	0	0	0	2
1160	1	0	0	1	1	0	0	0	0	0	0	0	3
1161	0	0	1	0	0	0	0	0	0	0	0	0	1
1162	0	0	0	1	0	0	0	0	0	0	0	0	1
1163	2	0	0	0	0	0	0	1	0	0	0	0	3
1164	1	0	0	0	0	0	0	0	0	0	0	0	1
1165	0	0	1	0	2	0	0	0	0	0	0	0	3
1166	2	0	0	0	0	0	0	0	0	0	0	0	2
1167	1	0	0	0	0	0	0	0	0	0	0	0	1
1168	3	0	0	0	0	0	0	1	0	0	0	0	4
1169	1	0	0	1	1	0	0	0	0	0	0	0	3
1170	3	0	0	0	0	0	0	0	0	0	0	0	3
1171	1	0	0	0	1	0	0	0	0	0	0	0	2
1172	3	0	0	0	0	0	0	0	0	0	0	0	3
1173	0	0	0	1	0	0	0	0	0	0	0	0	1
1174	1	0	1	0	0	0	0	0	0	0	0	0	2
1175	1	0	0	0	0	0	0	0	0	1	0	0	2
1176	2	0	0	1	1	0	0	1	0	0	0	0	5
1177	2	0	0	0	1	0	1	0	0	0	0	0	4
1178	2	0	0	0	0	0	0	0	0	0	0	0	2
1179	1	0	1	0	0	0	0	0	1	0	0	0	3
1180	1	0	0	0	0	0	0	0	0	0	0	0	1
1181	1	0	0	0	1	0	0	0	0	0	0	0	2
1182	1	0	0	0	0	0	0	0	0	0	0	0	1
1183	1	0	0	0	0	0	0	0	0	0	0	0	1
1185	1	0	0	0	1	0	0	0	0	0	0	0	2
1186	0	0	1	0	0	0	0	0	0	0	0	0	1
1187	1	0	0	0	2	0	0	0	0	0	0	0	3
1188	0	0	0	1	0	0	0	0	0	0	0	0	1
1189	0	0	0	0	1	0	0	0	0	0	0	0	1
1190	5	0	0	0	0	0	0	0	0	0	0	0	5
1192	0	0	0	0	9	0	0	1	0	0	0	0	10
1193	1	0	1	0	0	0	0	0	0	0	0	0	2
1194	1	0	0	1	0	0	0	0	0	0	0	0	2
1195	2	0	0	0	2	0	0	0	0	0	0	0	4
1196	2	0	2	0	1	0	0	0	0	0	0	0	5
1197	0	0	0	0	0	0	1	0	0	0	0	0	1
1198	1	0	0	0	1	0	0	0	0	0	0	0	2
1199	0	0	0	0	0	0	1	0	0	0	0	0	1
1200	1	0	0	0	0	0	0	0	0	0	0	0	1
1201	2	0	0	1	0	0	0	0	0	0	0	0	3
1202	1	0	0	0	0	0	0	0	0	0	0	0	1
1203	1	0	0	0	1	0	1	0	0	0	0	0	3
1204	2	0	0	0	0	0	1	0	1	0	0	0	4
1205	1	0	0	0	0	0	0	0	0	0	0	0	1
1206	2	0	0	0	0	0	0	0	0	0	0	0	2
1207	4	0	0	0	0	0	0	0	0	0	0	0	4
1208	2	0	0	0	3	0	0	0	0	0	0	0	5
1209	2	0	0	0	0	0	0	0	0	0	0	0	2
1210	1	0	0	0	1	0	0	0	0	0	0	0	2
1211	3	0	0	0	1	0	0	0	0	0	0	0	4
1212	0	0	1	0	0	0	0	0	0	0	0	0	1
1213	2	0	0	0	0	0	0	1	0	0	0	0	3
1214	0	0	0	0	1	0	0	0	0	0	0	0	1
1216	1	0	0	0	2	0	0	0	0	0	0	0	3
1217	0	1	0	0	0	0	0	0	0	0	0	0	1
1218	1	0	0	0	0	0	0	0	0	0	0	0	1
1219	3	0	0	0	1	0	0	0	0	0	0	0	4
1220	1	0	0	0	0	0	0	0	0	0	0	0	1
1221	1	0	0	0	1	0	0	0	0	0	0	0	2
1223	3	0	1	1	0	0	0	0	0	0	0	0	5
1224	1	0	0	0	1	0	0	0	0	0	0	0	2
1225	1	0	0	0	1	0	0	0	0	0	0	0	2
1226	3	0	0	0	0	0	0	0	0	0	0	0	3
1228	2	0	0	1	1	0	0	0	0	0	0	0	4
1229	0	1	0	0	0	0	0	0	0	0	0	0	1
1230	1	0	1	0	0	0	0	1	0	0	0	0	3
1231	1	0	0	1	0	0	0	0	0	0	0	0	2
1232	0	0	0	0	0	0	0	0	1	0	0	0	1
1233	1	0	0	0	2	0	0	0	0	0	0	0	3
1234	0	0	0	0	1	0	0	0	1	0	0	0	2
1235	1	0	0	0	0	0	0	0	0	0	0	0	1
1236	2	0	0	0	0	0	0	0	0	0	0	0	2
1237	1	0	0	0	2	0	0	0	0	0	0	0	3
1238	3	0	0	0	0	1	0	1	0	0	0	0	5
1239	1	0	0	0	0	0	0	0	0	0	0	0	1
1241	2	0	0	0	1	0	0	0	0	0	0	0	3
1242	1	0	0	0	0	0	0	1	0	0	0	0	2
1243	1	0	0	0	0	0	0	0	0	0	0	0	1
1244	3	0	0	0	0	0	0	0	0	0	0	0	3
1245	1	0	0	0	0	0	1	1	0	0	0	0	3
1246	3	0	0	0	0	0	0	0	0	0	0	0	3
1248	1	0	0	0	0	0	0	0	0	0	0	0	1
1249	1	0	1	0	0	0	0	0	0	0	0	0	2
1250	1	0	0	0	3	0	0	0	0	0	0	0	4
1251	2	0	0	0	0	0	0	1	0	0	0	0	3
1252	1	0	1	0	0	0	0	0	0	0	0	0	2
1253	1	0	1	0	0	0	0	0	0	0	0	0	2
1254	0	0	2	0	0	0	0	0	0	0	0	0	2
1256	2	0	1	0	1	0	0	1	0	1	0	0	6
1257	1	0	0	0	3	0	0	0	0	0	0	0	4
1259	2	0	0	0	0	0	0	1	0	0	0	0	3
1260	0	0	1	1	0	0	0	0	0	0	0	0	2
1262	1	0	0	0	0	0	0	0	0	0	0	0	1
1263	2	0	0	0	1	0	0	0	0	0	0	0	3
1264	0	0	0	1	0	0	0	0	0	0	0	0	1
1265	2	0	1	0	0	0	0	0	0	0	0	0	3
1266	2	0	0	0	0	0	0	0	0	0	0	0	2
1268	0	0	0	0	1	0	0	0	0	0	0	0	1
1269	1	0	0	0	0	2	0	0	0	0	0	0	3
1270	0	0	1	0	0	0	0	0	0	0	0	0	1
1271	0	0	0	0	1	0	1	0	0	0	0	0	2
1274	2	0	0	0	0	0	0	0	0	0	0	0	2
1275	2	0	0	0	2	0	0	0	0	0	0	0	4
1276	1	0	0	0	1	0	0	0	0	0	0	0	2
1277	1	0	1	0	0	0	0	0	0	0	0	0	2
1278	0	0	0	0	0	1	0	0	0	0	0	0	1
1279	0	0	1	0	0	0	1	0	0	0	0	0	2
1280	1	0	1	0	0	0	0	0	0	0	0	0	2
1281	4	0	0	0	1	0	0	0	0	0	0	0	5
1282	1	0	0	0	0	0	0	0	0	0	0	0	1
1283	0	0	1	0	0	0	0	0	0	0	0	0	1
1284	1	0	0	0	0	1	0	0	0	0	0	0	2
1285	3	0	0	0	0	0	0	0	0	0	0	0	3
1286	0	0	0	0	1	0	0	0	0	0	0	0	1
1288	2	0	0	0	1	0	0	1	0	0	0	0	4
1289	4	0	0	0	0	0	0	0	0	0	0	0	4
1290	2	0	0	0	1	0	0	1	0	0	0	0	4
1291	1	0	0	0	1	0	0	0	0	0	0	0	2
1292	1	0	0	0	1	0	0	0	0	0	0	0	2
1293	1	0	0	0	0	0	0	0	0	0	0	0	1
1295	0	0	1	0	0	0	0	0	0	0	0	0	1
1296	1	0	0	0	0	0	0	0	0	0	0	0	1
1297	1	0	0	0	1	0	0	0	0	0	0	0	2
1298	1	0	0	0	1	0	0	0	0	0	0	0	2
1299	0	0	0	0	3	0	0	0	0	0	0	0	3
1300	1	0	1	0	1	0	0	0	0	0	0	0	3
1302	1	0	0	0	0	0	0	0	0	0	0	0	1
1303	1	0	1	1	0	0	0	0	0	0	0	0	3
1304	0	0	0	0	0	2	0	0	0	0	0	0	2
1305	2	0	0	0	0	0	0	1	0	0	0	0	3
1306	2	0	0	0	0	0	0	0	0	0	0	0	2
1307	1	0	0	0	0	1	0	0	0	0	0	0	2
1308	3	0	0	0	1	0	0	0	0	0	0	0	4
1309	0	0	1	0	3	0	0	0	0	0	0	0	4
1310	2	0	0	0	0	0	0	1	0	0	0	0	3
1311	2	0	0	0	0	0	0	1	0	0	0	0	3
1312	1	0	0	0	0	0	0	0	0	0	0	0	1
1313	0	0	0	0	1	0	0	0	0	0	0	0	1
1314	3	0	0	0	0	0	0	1	0	0	0	0	4
1315	1	0	0	0	0	0	0	0	0	0	0	0	1
1316	2	0	0	1	1	0	0	0	0	0	0	0	4
1317	2	0	1	0	0	0	0	0	0	0	0	0	3
1318	2	0	0	0	0	0	0	0	0	0	0	0	2
1319	3	0	0	0	1	0	0	0	0	0	0	0	4
1320	3	0	0	0	0	0	0	0	0	0	0	0	3
1321	2	0	0	0	0	0	0	0	0	0	0	0	2
1322	1	0	0	0	4	0	0	0	1	0	0	0	6
1323	6	0	0	0	2	0	0	0	0	0	0	0	8
1324	0	0	0	0	1	0	0	0	0	0	0	0	1
1325	2	1	0	1	0	0	0	0	0	0	0	0	4
1326	1	0	0	0	1	0	0	1	0	0	0	0	3
1327	1	0	0	0	1	0	0	0	0	0	0	0	2
1328	0	0	0	1	0	0	0	0	0	0	0	0	1
1329	2	0	0	0	0	0	0	0	0	0	0	0	2
1331	1	0	0	0	0	0	0	0	0	0	0	0	1
1332	4	0	0	0	0	0	0	0	0	0	0	0	4
1333	0	0	0	0	2	0	0	0	0	0	0	0	2
1334	2	0	0	0	1	0	0	0	0	0	0	0	3
1335	1	0	0	0	0	0	0	0	0	0	0	0	1
1336	2	0	0	0	0	0	0	1	0	0	0	0	3
1337	4	0	0	0	0	0	0	0	0	0	0	0	4
1338	0	1	0	1	0	0	0	0	0	0	0	0	2
1339	1	0	0	0	0	0	0	0	0	0	0	0	1
1340	2	0	0	0	0	0	0	0	0	0	0	0	2
1342	1	0	1	0	0	0	0	1	0	0	0	0	3
1343	1	0	0	0	0	0	0	0	0	0	0	0	1
1344	3	0	0	0	0	0	0	2	0	0	0	0	5
1345	1	0	0	1	0	0	0	0	0	0	0	0	2
1346	1	0	0	0	0	0	0	0	0	0	0	0	1
1347	1	0	0	0	0	2	0	0	0	0	0	0	3
1348	0	0	0	0	1	0	0	0	0	0	0	0	1
1349	2	0	0	0	0	0	0	0	0	0	0	0	2
1350	0	0	0	0	1	0	0	0	0	0	0	0	1
1351	0	0	1	0	3	0	0	0	0	0	0	0	4
1352	1	0	0	0	1	0	0	0	0	0	0	0	2
1353	2	0	0	0	1	0	0	0	1	0	0	0	4
1354	1	0	1	0	0	0	0	0	0	0	0	0	2
1355	4	0	0	0	1	0	0	0	0	0	0	0	5
1356	1	0	0	0	0	0	0	0	0	0	0	0	1
1357	2	0	0	0	1	0	0	0	0	0	0	0	3
1358	5	0	0	0	0	0	0	0	0	0	0	0	5
1359	2	0	0	0	1	0	0	0	0	0	0	0	3
1360	3	0	0	0	0	0	0	0	0	0	0	0	3
1361	2	1	0	0	3	0	0	0	0	0	0	0	6
1362	3	0	0	0	0	0	0	0	0	0	0	0	3
1363	1	0	0	0	0	0	0	0	0	0	0	0	1
1364	2	0	0	0	0	0	1	0	0	0	0	0	3
1365	0	0	0	0	2	0	0	0	0	0	0	0	2
1367	2	0	0	0	0	0	0	0	0	0	0	0	2
1368	1	0	0	0	1	0	0	1	0	0	0	0	3
1369	2	0	0	0	0	0	0	1	0	0	0	0	3
1370	1	0	1	0	1	0	0	0	0	0	0	0	3
1371	1	0	0	1	2	0	0	1	0	0	0	0	5
1372	0	0	0	1	1	0	0	0	0	0	0	0	2
1373	1	0	0	0	0	0	0	0	0	0	0	0	1
1374	2	0	0	1	2	0	0	0	0	0	0	0	5
1375	1	0	0	1	0	0	0	0	0	0	0	0	2
1376	0	0	1	0	0	0	0	0	0	0	0	0	1
1377	2	0	0	1	0	0	0	0	0	0	0	0	3
1378	4	0	0	1	0	0	0	0	0	0	0	0	5
1379	1	0	1	0	0	0	0	0	0	0	0	0	2
1380	0	0	1	1	0	0	0	1	0	0	0	0	3
1381	2	0	0	0	2	0	0	0	0	0	0	0	4
1382	2	0	0	0	0	0	0	0	0	0	0	0	2
1383	1	1	0	0	0	0	0	0	0	0	0	0	2
1384	2	0	0	0	0	0	0	0	0	0	0	0	2
1385	2	0	0	0	0	0	0	1	0	0	0	0	3
1386	3	0	0	0	0	0	0	1	0	0	0	0	4
1387	2	0	0	0	0	0	0	0	0	0	0	0	2
1388	0	0	0	1	0	0	0	0	0	0	0	0	1
1389	2	0	0	0	2	0	0	0	0	0	0	0	4
1390	2	0	0	1	0	0	0	0	0	0	0	0	3
1391	2	0	0	0	1	0	0	0	0	0	0	0	3
1392	3	0	0	0	0	0	0	0	0	0	0	0	3
1393	2	0	0	0	0	0	1	0	0	0	0	0	3
1394	1	0	0	0	0	0	0	0	1	0	0	0	2
1395	2	0	0	0	0	0	0	0	0	0	0	0	2
1396	2	0	0	0	0	0	0	0	0	0	0	0	2
1397	2	0	0	0	0	0	0	0	0	0	0	0	2
1398	0	0	0	0	1	0	0	0	0	0	0	0	1
1399	1	0	1	0	0	0	0	0	0	0	0	0	2
1400	1	0	0	0	1	0	0	0	0	0	0	0	2
1401	1	0	0	0	0	0	0	0	0	0	0	0	1
1402	4	0	0	0	0	0	0	0	0	0	0	0	4
1403	1	0	0	1	1	0	0	0	0	0	0	0	3
1404	2	0	0	0	0	0	0	0	0	0	0	0	2
1406	1	0	0	0	0	0	0	0	0	0	0	0	1
1408	4	0	0	0	3	0	0	0	0	0	0	0	7
1409	1	0	0	0	0	0	0	0	0	0	0	0	1
1410	4	0	0	0	0	0	0	0	0	0	0	0	4
1411	2	0	0	0	0	2	0	0	0	0	0	0	4
1412	0	0	1	0	1	0	0	0	0	0	0	0	2
1413	1	0	1	0	0	0	0	0	0	0	0	0	2
1414	5	0	0	1	0	0	0	0	0	0	0	0	6
1415	0	0	1	0	0	0	0	0	0	0	0	0	1
1416	1	0	0	1	0	0	0	1	0	0	0	0	3
1417	0	1	0	0	0	0	0	0	1	0	0	0	2
1418	2	0	0	0	0	0	0	1	0	0	0	0	3
1419	2	0	0	0	0	0	0	0	0	0	0	0	2
1420	2	0	0	0	0	0	0	0	0	0	0	0	2
1421	1	0	0	0	0	0	0	0	0	0	0	0	1
1422	2	0	0	0	0	0	0	1	0	0	0	0	3
1423	1	0	0	1	0	0	0	0	0	0	0	0	2
1424	0	0	0	0	0	1	1	0	0	0	0	0	2
1425	2	0	0	0	0	0	0	0	0	0	0	0	2
1426	2	0	0	0	1	0	0	0	0	0	0	0	3
1427	2	0	0	0	0	0	0	0	0	0	0	0	2
1428	0	0	0	0	1	0	0	0	0	0	0	0	1
1429	2	0	0	0	0	0	0	0	0	0	0	0	2
1430	0	0	0	0	0	1	0	0	0	0	0	0	1
1431	3	0	0	0	0	0	0	0	0	0	0	0	3
1433	1	0	0	0	0	0	1	0	0	0	0	0	2
1434	2	0	0	0	0	0	0	0	1	0	0	0	3
1436	0	0	1	0	0	0	0	0	0	0	0	0	1
1437	1	0	0	0	2	0	0	0	0	0	0	0	3
1438	1	0	0	0	0	0	2	0	0	0	0	0	3
1439	1	0	1	0	1	0	0	0	0	0	0	0	3
1440	2	0	0	0	0	0	0	0	0	0	0	0	2
1441	4	0	0	0	0	0	0	0	0	0	0	0	4
1442	1	0	0	0	0	0	0	0	0	0	0	0	1
1443	3	0	0	0	0	0	0	0	0	0	0	0	3
1444	2	0	0	0	2	0	0	0	0	0	0	0	4
1445	0	0	0	0	1	0	0	0	1	0	0	0	2
1446	1	0	0	1	0	0	0	0	0	0	0	0	2
1447	4	0	0	0	4	0	0	0	0	0	0	0	8
1448	1	0	0	0	1	0	0	0	0	0	0	0	2
1449	1	0	0	0	0	0	0	1	0	0	0	0	2
1450	1	0	1	0	1	0	0	0	0	0	0	0	3
1451	0	0	0	0	1	0	0	0	0	0	0	0	1
1452	3	0	0	0	0	0	0	0	0	0	0	0	3
1453	0	1	0	0	2	0	0	0	0	0	0	0	3
1454	1	0	1	0	0	0	0	0	0	0	0	0	2
1455	2	0	0	0	1	0	0	0	0	0	0	0	3
1456	0	0	0	0	1	0	1	0	0	0	0	0	2
1457	0	0	0	0	2	0	0	0	0	0	0	0	2
1458	1	0	0	0	0	0	1	0	0	0	0	0	2
1459	2	0	0	0	0	0	0	1	0	0	0	0	3
1460	0	0	0	2	0	0	0	0	0	0	0	0	2
1462	3	0	0	0	0	0	0	0	0	0	0	0	3
1463	2	0	0	0	0	0	0	0	0	0	0	0	2
1464	3	0	0	1	0	0	0	0	0	0	0	0	4
1465	1	0	0	0	0	0	1	0	0	0	0	0	2
1466	3	0	0	0	0	0	0	0	0	0	0	0	3
1468	0	0	0	0	1	1	0	0	0	0	0	0	2
1469	1	0	1	0	0	0	0	0	0	0	0	0	2
1470	1	0	1	1	0	0	0	0	0	0	0	0	3
1471	0	0	0	1	0	0	0	0	0	0	0	0	1
1472	1	0	0	0	0	0	0	0	0	0	0	0	1
1473	1	0	0	0	1	0	0	0	0	0	0	0	2
1474	1	0	0	0	0	1	0	0	0	0	0	0	2
1475	3	0	0	0	2	0	0	0	0	0	0	0	5
1476	1	0	0	0	1	0	0	0	0	0	0	0	2
1477	2	0	0	0	1	0	0	0	0	0	0	0	3
1478	0	0	0	0	1	0	0	0	0	0	0	0	1
1479	0	0	0	0	2	0	0	0	0	0	0	0	2
1480	1	0	0	0	0	1	0	0	0	0	0	0	2
1481	0	0	0	1	1	0	0	0	0	0	0	0	2
1482	1	0	2	0	0	0	0	0	0	0	0	0	3
1483	3	0	0	0	0	0	0	0	0	0	0	0	3
1484	0	1	0	0	0	0	0	0	0	0	0	0	1
1485	1	0	1	0	0	0	0	0	0	0	0	0	2
1486	0	0	0	0	0	1	0	0	0	0	0	0	1
1487	0	1	0	0	2	0	0	0	0	0	0	0	3
1488	3	0	1	0	0	0	0	1	0	0	0	0	5
1489	1	0	0	0	1	0	0	0	0	0	0	0	2
1490	1	0	0	0	1	0	0	0	0	0	0	0	2
1491	1	0	0	0	0	0	0	0	0	0	0	0	1
1492	2	0	0	1	0	0	0	0	0	0	0	0	3
1493	0	0	0	0	1	0	0	0	0	0	0	0	1
1494	0	0	1	0	0	0	0	0	0	0	0	0	1
1495	1	0	0	0	2	0	0	1	0	0	0	0	4
1496	1	0	0	0	0	0	0	0	0	0	0	0	1
1497	1	0	0	0	1	0	0	0	1	0	0	0	3
1498	0	0	0	0	0	0	1	0	0	0	0	0	1
1499	2	0	0	0	1	0	0	0	0	0	0	0	3
1500	1	0	0	0	0	0	0	0	0	0	0	0	1
1501	0	0	0	0	1	0	0	0	0	0	0	0	1
1502	1	0	0	0	0	0	0	0	0	0	0	0	1
1503	1	0	0	0	1	0	0	0	1	0	0	0	3
1504	2	0	0	0	0	0	0	1	0	0	0	0	3
1505	2	0	0	0	0	0	0	0	0	0	0	0	2
1506	2	0	0	0	0	0	0	1	0	0	0	0	3
1507	0	0	0	1	3	0	0	0	0	0	0	0	4
1508	0	1	0	0	1	0	0	0	0	0	0	0	2
1509	0	0	1	0	0	0	0	0	0	0	0	0	1
1510	2	0	0	0	2	1	0	1	0	0	0	0	6
1511	3	0	0	0	0	0	0	0	0	0	0	0	3
1512	1	0	0	0	0	0	0	0	0	0	0	0	1
1513	1	0	0	0	0	0	0	0	0	0	0	0	1
1514	2	0	0	0	1	0	0	1	0	0	0	0	4
1515	2	0	0	0	0	0	0	0	0	0	0	0	2
1516	1	0	0	0	0	0	0	0	0	0	0	0	1
1517	0	0	0	0	1	0	0	0	0	0	0	0	1
1518	4	1	0	0	0	0	0	0	0	0	0	0	5
1519	1	0	0	1	0	0	0	0	0	0	0	0	2
1520	0	0	0	0	1	1	0	0	0	0	0	0	2
1521	0	0	0	0	1	0	0	0	0	0	0	0	1
1522	0	1	2	0	1	0	0	0	0	0	0	0	4
1523	0	1	0	0	0	0	0	0	0	0	0	0	1
1524	1	0	0	0	0	0	1	1	0	0	0	0	3
1525	3	0	0	0	0	0	0	0	0	0	0	0	3
1526	3	0	0	0	0	0	0	0	0	0	0	0	3
1527	1	0	0	0	0	1	0	0	0	0	0	0	2
1528	1	0	0	0	0	0	0	0	0	0	0	0	1
1529	2	0	0	0	0	0	2	0	0	0	0	0	4
1530	0	0	0	0	1	0	0	0	0	0	0	0	1
1531	1	0	0	0	0	0	1	1	0	0	0	0	3
1532	1	0	0	0	3	0	0	1	0	0	0	0	5
1533	2	0	0	0	0	0	0	0	0	0	0	0	2
1534	1	0	0	0	0	0	0	0	0	0	0	0	1
1535	3	0	0	0	0	0	0	0	0	0	0	0	3
1536	2	0	0	0	1	0	0	0	0	0	0	0	3
1537	3	0	1	1	0	0	0	0	0	0	0	0	5
1538	2	0	0	0	1	0	1	0	0	0	0	0	4
1539	3	0	0	0	0	0	0	0	0	0	0	0	3
1540	0	0	0	0	1	0	0	0	0	0	0	0	1
1541	2	0	0	0	1	0	0	1	0	0	0	0	4
1542	0	0	0	0	2	0	0	0	0	0	0	0	2
1544	3	0	0	1	0	0	0	0	0	0	0	0	4
1545	1	0	0	0	0	0	0	0	0	0	0	0	1
1546	1	0	0	0	0	0	0	0	0	0	0	0	1
1547	0	1	0	0	0	0	0	0	0	0	0	0	1
1548	1	0	0	1	0	0	1	0	0	0	0	0	3
1549	3	0	0	0	0	1	0	0	0	0	0	0	4
1550	0	1	1	0	0	0	0	0	0	0	0	0	2
1551	1	0	0	1	1	0	0	0	1	0	0	0	4
1552	1	0	1	0	0	0	0	0	0	0	0	0	2
1553	1	0	0	0	0	0	0	0	0	0	0	0	1
1554	1	0	0	0	0	0	0	0	0	0	0	0	1
1555	1	0	0	0	1	0	0	0	0	0	0	0	2
1556	0	1	0	0	0	0	0	0	0	0	0	0	1
1557	2	0	0	0	1	0	0	0	0	0	0	0	3
1558	1	0	0	0	0	1	0	0	0	0	0	0	2
1559	2	1	0	0	0	0	0	0	0	0	0	0	3
1560	2	0	0	0	0	0	0	0	0	0	0	0	2
1561	2	0	0	1	0	0	1	0	1	0	0	0	5
1563	2	0	0	1	0	0	0	0	0	0	0	0	3
1564	2	0	0	0	0	0	0	0	0	1	0	0	3
1565	2	0	0	0	0	0	0	0	0	0	0	0	2
1566	2	0	0	0	1	0	0	0	0	0	0	0	3
1568	2	0	0	0	0	0	0	0	0	0	0	0	2
1569	1	0	0	0	0	1	0	0	0	0	0	0	2
1570	1	0	0	0	0	0	1	1	0	0	0	0	3
1571	0	0	0	0	1	0	0	0	0	0	0	0	1
1572	1	0	0	0	2	0	0	0	0	0	0	0	3
1573	1	0	0	0	0	0	0	0	0	0	0	0	1
1575	1	0	0	1	0	0	0	1	0	0	0	0	3
1576	0	0	0	1	0	0	0	0	0	0	0	0	1
1577	1	0	0	0	1	0	0	0	1	0	0	0	3
1578	3	0	0	0	0	0	0	0	0	0	0	0	3
1579	0	0	0	0	1	0	0	0	0	0	0	0	1
1580	0	2	0	0	0	0	0	0	0	0	0	0	2
1581	1	0	0	0	0	0	0	1	0	0	0	0	2
1582	0	0	0	0	1	0	0	0	0	0	0	0	1
1583	1	0	0	0	0	0	0	0	0	0	0	0	1
1584	2	0	0	0	1	0	1	0	0	0	0	0	4
1585	1	0	0	1	0	0	0	0	0	0	0	0	2
1586	1	0	0	0	0	0	0	0	0	0	0	0	1
1587	3	0	0	0	0	0	0	0	0	0	0	0	3
1588	0	0	0	0	1	1	0	0	0	0	0	0	2
1590	0	0	0	1	0	0	0	0	0	0	0	0	1
1591	1	0	0	0	0	0	0	0	1	0	0	0	2
1592	3	0	1	0	0	0	0	1	0	0	0	0	5
1593	2	0	0	0	0	0	0	0	0	0	0	0	2
1594	1	0	0	0	2	0	0	0	0	0	0	0	3
1595	3	0	0	0	1	0	0	0	0	0	0	0	4
1596	0	0	1	0	1	0	0	0	0	0	0	0	2
1597	0	0	1	0	0	0	0	0	0	0	0	0	1
1598	1	0	0	1	1	0	1	0	0	0	0	0	4
1600	1	0	0	0	0	0	0	0	0	0	0	0	1
1601	1	0	0	0	0	1	0	0	0	0	0	0	2
1602	1	0	0	0	1	0	0	0	0	0	0	0	2
1603	0	0	1	0	0	0	0	0	0	0	0	0	1
1604	0	0	0	0	2	0	0	0	0	0	0	0	2
1605	3	0	0	0	0	0	0	0	0	0	0	0	3
1606	2	0	0	0	0	0	0	0	0	0	0	0	2
1607	1	0	0	0	1	0	0	1	0	0	0	0	3
1608	1	0	0	1	0	0	0	0	0	0	0	0	2
1609	4	0	0	0	0	0	0	0	0	0	0	0	4
1610	2	0	0	0	0	0	0	1	0	0	0	0	3
1611	0	0	0	1	0	0	0	0	0	0	0	0	1
1612	2	0	0	0	0	0	0	0	0	0	0	0	2
1613	2	0	0	0	0	0	0	2	0	1	0	0	5
1614	1	0	0	0	0	0	0	0	0	0	0	0	1
1615	1	0	0	2	0	0	0	0	0	0	0	0	3
1616	2	0	0	0	0	1	0	1	0	0	0	0	4
1617	1	0	0	0	0	0	0	0	0	0	0	0	1
1618	1	0	0	0	1	0	0	1	0	0	0	0	3
1619	1	0	0	0	1	0	0	0	0	0	0	0	2
1620	1	0	0	0	2	0	0	0	0	0	0	0	3
1621	2	0	0	0	0	0	0	0	0	0	0	0	2
1622	0	0	0	0	0	1	0	0	0	0	0	0	1
1624	2	0	0	0	0	0	0	0	0	0	0	0	2
1625	1	0	0	0	0	0	0	0	0	0	0	0	1
1628	2	0	0	0	0	0	0	0	0	0	0	0	2
1629	1	0	0	0	0	0	0	0	0	0	0	0	1
1630	0	0	1	0	0	0	0	0	0	0	0	0	1
1631	1	2	1	0	0	0	0	0	0	0	0	0	4
1634	0	0	1	0	0	0	0	0	0	0	0	0	1
1635	0	0	0	0	1	0	0	1	0	0	0	0	2
1636	3	0	1	0	1	0	0	0	0	0	0	0	5
1637	1	0	0	0	1	0	0	0	0	0	0	0	2
1638	1	0	1	0	0	0	0	1	0	0	0	0	3
1639	0	0	0	0	0	2	0	0	0	0	0	0	2
1640	1	0	0	1	3	0	0	0	0	0	0	0	5
1641	0	0	0	0	1	0	0	0	0	0	0	0	1
1642	1	1	0	0	0	1	0	0	0	0	0	0	3
1643	0	0	0	0	0	0	0	1	0	0	0	0	1
1644	1	0	0	0	1	0	0	0	0	0	0	0	2
1645	0	0	1	0	0	0	0	0	0	0	0	0	1
1646	0	0	0	0	2	1	1	0	0	0	0	0	4
1647	1	0	0	0	1	0	0	1	0	0	0	0	3
1648	2	0	0	0	0	2	0	0	0	0	0	0	4
1649	1	0	0	0	0	0	0	0	0	0	0	0	1
1650	0	0	0	1	0	0	0	0	0	0	0	0	1
1651	2	0	0	0	0	0	1	0	0	0	0	0	3
1652	1	0	0	0	0	0	0	0	0	0	0	0	1
1653	1	0	0	0	0	0	0	0	0	0	0	0	1
1654	2	0	0	0	0	0	0	1	0	0	0	0	3
1657	3	0	0	1	1	2	0	0	0	0	0	0	7
1658	2	0	0	0	0	0	1	0	0	0	0	0	3
1659	1	0	0	0	1	0	0	0	0	0	0	0	2
1660	0	0	1	0	0	0	0	0	0	0	0	0	1
1661	1	0	0	0	1	0	0	0	0	0	0	0	2
1662	0	0	0	0	1	0	0	0	0	0	0	0	1
1663	1	0	1	0	0	0	0	0	0	0	0	0	2
1664	1	0	0	0	0	1	0	0	0	0	0	0	2
1665	2	1	0	0	0	0	0	0	0	0	0	0	3
1667	3	0	0	0	1	0	0	0	0	0	0	0	4
1668	1	0	0	1	0	0	0	0	0	0	0	0	2
1669	1	0	0	0	1	0	0	0	0	0	0	0	2
1670	0	0	1	0	0	0	0	0	0	0	0	0	1
1671	0	0	0	0	1	0	0	0	0	0	0	0	1
1672	0	0	0	0	1	0	0	1	0	0	0	0	2
1673	1	0	0	0	0	0	0	0	0	0	0	0	1
1674	4	0	0	0	0	0	0	0	0	0	0	0	4
1675	2	0	0	0	0	0	0	0	1	0	0	0	3
1676	0	0	0	0	1	0	0	0	0	0	0	0	1
1677	1	0	0	0	1	0	0	0	0	0	0	0	2
1678	2	0	0	0	2	1	0	0	0	0	0	0	5
1679	0	0	0	0	2	0	0	1	0	0	0	0	3
1680	1	0	0	0	3	0	0	0	0	0	0	0	4
1681	1	0	0	0	0	0	0	0	0	0	0	0	1
1682	0	0	0	0	1	0	0	0	0	0	0	0	1
1683	1	0	0	0	0	0	0	1	0	0	0	0	2
1684	0	0	1	0	0	0	0	0	0	0	0	0	1
1685	0	1	0	0	0	0	0	0	0	0	0	0	1
1686	1	0	0	1	1	0	0	0	0	0	0	0	3
1687	1	0	0	0	2	0	0	0	0	0	0	0	3
1688	2	0	0	1	2	0	0	0	0	0	0	0	5
1689	1	0	0	0	0	0	0	0	0	0	0	0	1
1690	1	0	0	1	0	0	0	0	0	0	0	0	2
1691	3	0	0	0	0	0	0	1	0	0	0	0	4
1692	1	0	0	0	0	0	0	0	0	0	0	0	1
1693	4	0	0	0	0	0	0	0	0	1	0	0	5
1694	1	0	0	0	1	0	0	0	0	0	0	0	2
1695	0	0	0	0	1	0	0	0	0	0	0	0	1
1696	2	0	0	0	0	0	0	0	0	0	0	0	2
1697	3	1	0	1	0	0	0	0	0	0	0	0	5
1698	0	0	0	0	1	1	0	0	0	0	0	0	2
1699	1	1	0	0	1	0	0	1	0	0	0	0	4
1700	0	0	1	0	0	0	0	0	0	0	0	0	1
1701	1	0	0	0	1	0	0	0	0	0	0	0	2
1702	1	0	0	0	1	0	0	0	0	0	0	0	2
1703	1	0	0	0	0	0	0	0	0	0	0	0	1
1704	1	0	0	0	0	0	0	0	0	0	0	0	1
1705	1	0	0	0	0	0	0	0	0	0	0	0	1
1706	2	1	0	0	0	0	0	0	0	0	0	0	3
1707	2	1	0	0	0	0	0	0	0	0	0	0	3
1708	0	0	0	0	1	0	0	1	0	0	0	0	2
1709	1	0	0	0	0	0	0	1	0	0	0	0	2
1710	0	0	0	0	2	0	0	0	0	0	0	0	2
1711	0	0	1	0	0	0	0	0	0	0	0	0	1
1712	1	0	0	0	0	0	0	0	0	0	0	0	1
1713	0	0	0	1	1	0	0	0	0	0	0	0	2
1714	2	0	0	0	0	0	0	0	0	0	0	0	2
1715	1	0	0	0	0	0	0	1	0	0	0	0	2
1717	0	0	1	0	0	0	0	0	0	0	0	0	1
1718	1	0	0	0	2	0	0	0	0	0	0	0	3
1719	1	0	0	0	1	0	0	1	0	0	0	0	3
1720	1	0	0	0	0	0	0	0	0	0	0	0	1
1721	1	0	1	0	0	0	0	0	0	0	0	0	2
1722	2	0	0	1	3	0	0	0	0	0	0	0	6
1723	2	0	0	0	1	0	0	0	0	0	0	0	3
1724	0	0	0	0	1	0	0	0	0	0	0	0	1
1725	1	0	0	0	0	0	0	0	0	0	0	0	1
1726	1	0	0	0	1	0	1	0	0	0	0	0	3
1727	1	0	0	0	2	0	0	0	0	0	0	0	3
1728	2	0	0	0	0	0	0	0	0	0	0	0	2
1729	4	0	0	0	0	0	0	0	0	0	0	0	4
1730	0	0	0	0	2	0	0	0	0	0	0	0	2
1732	2	0	0	0	0	0	0	0	0	0	0	0	2
1733	1	0	0	0	0	0	0	2	0	0	0	0	3
1734	0	1	1	0	0	0	0	0	0	0	0	0	2
1735	1	0	0	1	0	0	0	0	0	0	0	0	2
1736	2	0	0	1	0	0	0	0	0	0	0	0	3
1737	1	0	1	0	0	0	0	0	0	0	0	0	2
1738	1	0	0	0	1	0	0	0	0	0	0	0	2
1739	0	0	0	0	4	0	0	0	0	0	0	0	4
1740	1	0	0	0	0	0	0	0	0	0	0	0	1
1741	1	0	0	0	0	0	0	1	0	0	0	0	2
1742	0	0	0	0	2	0	0	0	0	0	0	0	2
1743	4	0	0	0	0	0	0	0	0	0	0	0	4
1744	1	0	0	0	1	0	0	0	0	0	0	0	2
1745	2	0	0	0	1	0	0	0	0	0	0	0	3
1746	0	0	0	0	1	0	0	0	0	0	0	0	1
1747	0	0	1	0	0	0	0	0	0	0	0	0	1
1749	2	0	0	0	0	0	0	0	0	0	0	0	2
1750	1	0	0	1	2	0	0	0	0	0	0	0	4
1751	0	0	0	1	0	0	0	0	0	0	0	0	1
1752	2	0	0	0	0	0	0	0	0	0	0	0	2
1753	0	1	0	0	4	0	0	0	0	0	0	0	5
1754	1	0	0	0	0	0	0	0	0	0	0	0	1
1755	0	2	0	0	0	0	0	0	0	0	0	0	2
1756	2	0	0	0	0	0	0	0	0	0	0	0	2
1757	1	0	1	0	1	0	0	0	1	0	0	0	4
1759	0	1	0	0	0	0	0	0	0	0	0	0	1
1760	0	0	0	2	1	0	0	0	0	0	0	0	3
1761	1	0	0	1	0	0	0	0	0	0	0	0	2
1762	0	0	0	0	0	0	1	0	0	0	0	0	1
1763	1	0	0	0	0	0	0	0	0	0	0	0	1
1764	2	0	0	0	1	0	0	0	1	0	0	0	4
1765	1	0	0	0	1	0	0	0	0	0	0	0	2
1766	1	0	0	1	0	0	1	0	0	0	0	0	3
1767	1	0	0	0	1	0	0	0	0	0	0	0	2
1768	2	0	0	0	0	0	0	0	0	0	0	0	2
1769	0	0	0	0	1	0	0	0	0	0	0	0	1
1770	1	0	2	0	0	0	0	0	0	0	0	0	3
1771	1	0	0	0	2	0	0	1	0	0	0	0	4
1773	2	0	0	0	0	0	0	1	0	0	0	0	3
1774	1	0	0	0	0	0	0	0	0	0	0	0	1
1776	0	0	0	0	4	0	0	0	0	0	0	0	4
1777	3	0	0	0	1	0	0	1	0	0	0	0	5
1778	2	0	0	0	0	0	0	1	0	0	0	0	3
1779	4	0	0	0	0	0	0	0	0	0	0	0	4
1781	1	0	0	1	1	0	0	0	0	0	0	0	3
1782	1	0	1	0	0	0	0	0	0	0	0	0	2
1783	2	0	0	0	0	0	0	0	0	0	0	0	2
1784	1	0	0	0	0	0	0	0	0	0	0	0	1
1785	0	0	0	0	0	0	1	0	0	0	0	0	1
1786	4	0	0	0	0	0	0	0	0	0	0	0	4
1787	2	0	0	0	2	0	0	1	0	0	0	0	5
1789	1	0	0	1	1	0	0	0	0	0	0	0	3
1790	1	0	0	0	0	0	0	0	0	0	0	0	1
1791	1	0	0	0	1	0	0	0	0	0	0	0	2
1792	1	0	0	0	0	0	0	1	0	0	0	0	2
1793	1	0	0	0	0	0	0	0	0	0	0	0	1
1794	1	1	1	1	0	0	0	0	0	0	0	0	4
1795	3	0	0	0	1	0	0	1	0	0	0	0	5
1796	2	0	0	0	0	0	0	0	0	0	0	0	2
1797	1	0	1	0	0	0	0	0	0	0	0	0	2
1798	1	0	0	2	0	0	0	0	0	0	0	0	3
1799	3	0	0	0	1	0	0	0	0	0	0	0	4
1800	4	0	0	1	1	0	0	0	0	0	0	0	6
1801	2	0	0	0	0	0	0	0	0	0	0	0	2
1802	2	0	0	0	0	0	0	0	0	0	0	0	2
1803	1	0	0	0	2	1	0	0	0	0	0	0	4
1805	3	0	0	0	0	0	0	1	0	0	0	0	4
1806	1	0	0	0	1	0	0	0	0	0	0	0	2
1807	0	0	0	0	1	0	0	0	0	0	0	0	1
1808	1	0	0	0	2	0	0	0	0	0	0	0	3
1809	0	0	0	0	1	0	0	0	0	0	0	0	1
1811	0	0	0	1	1	0	0	0	0	0	0	0	2
1812	1	0	0	0	0	0	0	1	0	0	0	0	2
1813	2	0	0	0	2	0	0	0	0	0	0	0	4
1814	3	0	0	0	0	0	0	1	0	0	0	0	4
1815	0	0	0	1	0	0	0	0	0	0	0	0	1
1816	5	0	0	0	0	0	0	0	0	0	0	0	5
1817	3	0	0	0	0	0	0	0	0	0	0	0	3
1818	2	0	0	0	0	1	0	0	0	0	0	0	3
1820	1	1	0	0	0	0	0	0	0	0	0	0	2
1821	1	0	0	0	0	0	0	0	0	0	0	0	1
1822	2	0	0	0	1	0	0	0	0	0	0	0	3
1823	2	0	0	0	4	0	0	1	0	0	0	0	7
1824	3	0	0	0	0	0	0	0	0	0	0	0	3
1825	1	0	0	0	1	0	1	0	0	0	0	0	3
1827	1	0	1	0	0	0	0	0	0	0	0	0	2
1828	0	0	0	0	1	0	0	0	0	0	0	0	1
1829	2	0	0	0	0	0	0	0	0	0	0	0	2
1830	1	0	0	0	1	0	0	0	0	0	0	0	2
1831	2	0	0	0	0	0	0	0	0	0	0	0	2
1832	4	0	0	0	0	0	0	1	0	0	0	0	5
1833	0	0	1	0	0	0	0	0	0	0	0	0	1
1834	2	0	0	0	0	0	0	1	0	0	0	0	3
1835	1	0	0	0	0	0	0	0	0	0	0	0	1
1836	2	0	0	1	0	0	0	0	0	0	0	0	3
1837	0	1	1	0	0	0	0	0	0	0	0	0	2
1838	3	0	0	0	0	0	0	1	0	0	0	0	4
1839	0	0	0	1	0	0	0	0	0	0	0	0	1
1840	1	0	0	1	0	1	0	0	0	0	0	0	3
1841	5	0	0	0	0	0	0	0	0	0	0	0	5
1842	2	0	0	0	1	0	0	0	0	0	0	0	3
1843	1	0	0	0	1	0	0	0	0	0	0	0	2
1844	0	0	0	0	0	0	0	1	0	0	0	0	1
1845	2	0	0	0	2	0	0	0	0	0	0	0	4
1846	0	0	1	0	0	0	0	0	0	0	0	0	1
1847	1	0	0	0	2	0	0	0	0	0	0	0	3
1848	3	0	0	0	0	0	0	0	0	0	0	0	3
1849	1	0	0	0	0	0	0	0	0	0	0	0	1
1850	1	0	0	1	0	0	0	0	0	0	0	0	2
1851	1	0	0	0	1	0	0	0	0	0	0	0	2
1852	0	0	0	0	1	0	0	0	0	0	0	0	1
1853	1	0	0	0	0	0	0	0	0	0	0	0	1
1854	1	0	0	0	0	0	1	0	0	0	0	0	2
1855	2	0	0	0	1	0	0	0	0	0	0	0	3
1856	3	0	0	0	0	0	0	0	0	0	0	0	3
1857	3	0	0	0	0	0	0	0	0	0	0	0	3
1858	3	0	0	0	0	0	0	0	0	0	0	0	3
1859	0	0	0	0	1	0	2	0	0	0	0	0	3
1860	1	0	0	0	1	0	1	0	1	0	0	0	4
1861	2	0	0	0	3	0	0	0	0	0	0	0	5
1862	0	0	0	0	2	0	0	0	0	0	0	0	2
1863	0	0	0	0	1	0	0	0	0	0	0	0	1
1866	2	0	0	0	0	0	0	0	0	0	0	0	2
1867	0	0	1	0	0	0	0	0	0	0	0	0	1
1868	2	0	0	1	0	0	0	0	0	0	0	0	3
1869	5	0	0	0	0	0	0	0	0	0	0	0	5
1870	1	0	0	0	0	0	0	0	0	0	0	0	1
1872	1	0	1	1	3	0	0	0	0	0	0	0	6
1873	0	0	0	0	1	0	0	0	0	0	0	0	1
1874	0	0	2	0	0	0	0	0	0	0	0	0	2
1875	2	0	0	0	1	0	0	0	0	0	0	0	3
1876	2	0	0	0	1	1	0	0	0	0	0	0	4
1877	1	0	0	0	3	0	0	0	0	0	0	0	4
1878	1	0	0	1	0	0	0	0	0	0	0	0	2
1879	0	0	0	0	5	0	0	0	0	0	0	0	5
1880	2	0	0	0	0	0	0	0	0	0	0	0	2
1881	1	0	0	1	1	0	0	0	0	0	0	0	3
1883	1	0	0	1	0	0	0	0	0	0	0	0	2
1884	2	0	0	0	0	0	0	0	0	0	0	0	2
1885	2	0	0	0	2	0	0	0	0	0	0	0	4
1886	3	0	0	0	0	0	0	0	0	0	0	0	3
1888	1	0	0	0	0	0	0	0	0	0	0	0	1
1889	0	1	1	0	0	0	0	0	0	0	0	0	2
1890	2	1	0	1	0	0	0	0	0	0	0	0	4
1891	1	0	0	0	0	0	0	0	1	0	0	0	2
1893	0	0	1	0	0	0	0	0	0	0	0	0	1
1894	1	0	0	0	0	1	0	0	0	0	0	0	2
1895	1	0	0	0	1	0	0	0	0	0	0	0	2
1896	0	0	0	0	3	0	0	0	0	0	0	0	3
1897	2	0	0	0	0	0	0	0	0	0	0	0	2
1898	2	0	0	0	0	0	0	0	0	0	0	0	2
1899	2	0	0	0	0	0	0	0	0	0	0	0	2
1901	1	0	0	0	1	0	0	0	0	0	0	0	2
1902	0	0	0	0	1	0	0	0	0	0	0	0	1
1903	3	0	0	0	0	0	0	0	0	0	0	0	3
1904	1	0	0	0	0	0	0	1	0	0	0	0	2
1905	1	0	0	0	0	0	0	0	0	0	0	0	1
1906	0	0	1	1	0	1	0	0	0	0	0	0	3
1907	2	0	0	0	0	0	0	0	0	0	0	0	2
1909	1	0	0	0	1	0	0	0	0	0	0	0	2
1910	2	0	0	1	0	0	0	0	0	0	0	0	3
1911	2	0	0	0	1	0	0	0	0	0	0	0	3
1912	1	0	0	0	1	0	0	0	0	0	0	0	2
1913	0	0	0	0	1	1	0	0	0	0	0	0	2
1914	2	0	0	0	0	0	0	0	0	0	0	0	2
1915	3	0	0	0	0	0	0	0	0	0	0	0	3
1916	3	0	0	0	0	0	0	0	0	0	0	0	3
1917	2	0	0	0	0	0	0	0	0	0	0	0	2
1918	1	0	0	0	0	0	0	0	0	0	0	0	1
1919	2	0	0	0	0	0	2	0	1	0	0	0	5
1920	1	0	0	0	0	0	0	0	0	0	0	0	1
1922	0	1	1	0	0	0	0	0	0	0	0	0	2
1923	0	0	0	0	2	0	0	0	0	0	0	0	2
1924	2	0	0	0	0	0	0	0	1	0	0	0	3
1926	1	0	0	0	0	0	0	0	0	0	0	0	1
1927	2	0	0	1	0	0	0	0	0	0	0	0	3
1928	2	0	0	0	1	0	0	2	0	0	0	0	5
1929	2	0	0	0	1	0	0	0	0	0	0	0	3
1930	1	0	0	0	0	0	0	1	0	0	0	0	2
1931	1	0	0	0	1	0	0	0	0	0	0	0	2
1932	3	0	0	0	1	0	0	0	0	0	0	0	4
1933	2	0	0	0	1	0	1	0	0	0	0	0	4
1934	1	0	0	0	0	0	1	0	0	0	0	0	2
1935	1	0	0	0	1	0	0	0	0	0	0	0	2
1936	0	0	0	0	0	2	0	0	0	0	0	0	2
1938	0	0	1	0	1	0	0	0	0	0	0	0	2
1939	2	0	0	0	0	0	0	0	0	0	0	0	2
1940	2	0	0	0	0	0	0	0	0	0	0	0	2
1941	1	0	0	0	1	0	0	0	0	0	0	0	2
1942	0	0	0	0	1	1	0	0	0	0	0	0	2
1943	1	0	0	0	1	0	0	0	0	0	0	1	3
1944	1	0	0	0	0	0	0	0	0	0	0	0	1
1945	2	0	0	0	0	0	0	0	0	0	0	0	2
1946	0	0	0	0	1	0	0	1	0	0	0	0	2
1947	3	0	0	0	0	0	0	1	0	0	0	0	4
1948	0	0	0	0	1	0	0	0	0	0	0	0	1
1949	2	0	1	0	2	0	0	0	1	0	0	0	6
1950	1	0	0	0	1	0	0	0	0	0	0	0	2
1951	0	0	0	1	1	0	0	0	0	0	0	0	2
1952	1	0	0	0	3	0	0	0	0	0	0	0	4
1953	0	0	0	0	1	0	0	0	0	0	0	0	1
1954	1	0	0	0	0	0	0	0	0	0	0	0	1
1955	1	0	0	0	0	0	0	0	0	0	0	0	1
1956	2	0	0	0	1	0	0	1	0	0	0	0	4
1957	2	0	0	0	1	0	0	0	0	0	0	0	3
1958	1	0	1	0	0	1	0	1	1	0	0	0	5
1959	2	0	0	0	0	0	0	2	0	0	0	0	4
1961	1	0	0	0	1	0	0	0	0	0	0	0	2
1962	1	0	0	1	0	0	0	1	0	0	0	0	3
1963	5	0	0	0	0	0	0	1	0	0	0	0	6
1965	0	0	0	0	1	0	0	0	0	0	0	0	1
1966	1	0	0	0	0	0	0	0	0	0	0	0	1
1967	4	0	0	1	1	0	0	0	0	0	0	0	6
1968	0	0	0	0	1	0	0	0	0	0	0	0	1
1969	2	0	0	0	0	0	0	0	0	0	0	0	2
1970	3	0	0	0	1	0	0	0	0	0	0	0	4
1971	2	0	0	0	0	0	0	0	0	0	0	0	2
1972	1	1	0	1	0	0	0	0	0	0	0	0	3
1973	1	1	0	0	0	0	0	0	0	0	0	0	2
1974	1	0	0	0	0	0	0	0	0	0	0	0	1
1975	1	0	0	0	0	0	0	0	0	0	0	0	1
1976	0	0	1	0	2	0	0	0	0	0	0	0	3
1977	0	0	0	0	1	0	0	0	0	0	0	0	1
1978	1	0	0	0	0	0	1	1	0	0	0	0	3
1979	2	0	0	0	0	0	0	1	0	0	0	0	3
1980	0	1	0	0	0	0	0	0	0	0	0	0	1
1981	2	0	1	0	1	0	0	0	0	0	0	0	4
1982	0	0	0	0	2	1	0	0	0	0	0	0	3
1983	2	0	0	1	2	0	0	1	0	0	0	0	6
1984	0	0	0	0	2	0	0	0	0	0	0	0	2
1986	2	0	0	0	0	0	0	0	0	0	0	0	2
1987	1	0	0	1	0	0	0	0	0	0	0	0	2
1989	0	0	1	0	0	0	0	0	0	0	0	0	1
1990	1	0	0	1	0	0	0	0	0	0	0	0	2
1991	0	0	0	0	2	0	0	0	0	0	0	0	2
1992	3	0	0	0	0	0	0	0	0	0	0	0	3
1993	3	0	0	0	1	0	0	0	0	0	0	0	4
1994	2	0	0	0	1	0	1	0	0	0	0	0	4
1995	0	0	0	0	1	0	0	0	0	0	0	0	1
1996	2	0	0	0	0	0	0	0	0	0	0	0	2
1997	1	0	0	0	0	0	0	0	0	0	0	0	1
1998	3	0	0	0	2	0	0	1	0	0	0	0	6
1999	1	1	0	0	0	0	0	0	0	0	0	0	2
2000	2	0	0	1	0	0	0	0	0	0	0	0	3
2001	2	0	0	0	0	0	0	2	0	0	0	0	4
2002	1	0	0	0	0	0	1	0	0	0	0	0	2
2003	1	0	0	0	0	0	0	0	0	0	0	0	1
2004	1	0	0	0	0	0	0	0	0	0	0	0	1
2005	1	0	0	0	0	0	0	1	0	0	0	0	2
2006	1	0	0	0	0	0	0	0	0	0	0	0	1
2007	2	0	0	0	0	0	0	0	0	0	0	0	2
2009	0	0	0	0	2	0	0	0	1	0	0	0	3
2010	2	0	0	0	1	0	0	0	1	0	0	0	4
2011	1	0	0	0	2	0	1	0	1	0	0	0	5
2012	4	0	0	0	0	0	0	1	0	0	0	0	5
2013	1	0	0	1	0	0	0	0	0	0	0	0	2
2014	1	0	0	0	0	0	0	0	0	0	0	0	1
2016	0	0	0	0	1	0	0	1	0	0	0	0	2
2017	2	0	0	0	0	0	0	1	0	0	0	0	3
2018	1	0	2	0	0	0	0	0	0	0	0	0	3
2019	0	0	0	0	1	0	0	0	0	0	0	0	1
2020	1	0	0	0	0	0	0	0	0	0	0	0	1
2021	3	0	0	0	0	0	0	0	0	0	0	0	3
2022	0	0	0	1	0	0	0	0	0	0	0	0	1
2023	1	0	0	1	1	0	0	0	0	0	0	0	3
2024	1	0	0	0	0	0	0	0	0	0	0	0	1
2025	0	0	0	1	1	0	0	0	0	0	0	0	2
2026	5	0	0	0	0	0	0	1	0	0	0	0	6
2027	2	0	0	0	0	0	0	0	0	0	0	0	2
2028	1	0	0	0	0	0	0	0	0	0	0	0	1
2029	0	0	0	0	1	0	1	0	0	0	0	0	2
2030	1	0	0	1	0	0	0	0	0	0	0	0	2
2031	2	0	0	0	0	0	0	1	0	0	0	0	3
2032	2	0	0	0	2	0	0	0	0	0	0	0	4
2033	1	0	0	0	0	0	0	0	0	0	0	0	1
2034	1	0	0	0	0	0	0	0	0	0	0	0	1
2035	1	0	0	0	1	0	0	0	0	0	0	0	2
2036	1	0	0	0	1	0	0	0	0	0	0	0	2
2037	1	0	0	0	0	1	0	0	0	0	0	0	2
2038	1	1	0	0	0	0	0	1	0	0	0	0	3
2039	0	0	0	1	3	0	0	0	0	0	0	0	4
2040	2	0	0	0	1	0	0	0	0	0	0	0	3
2042	1	0	0	0	0	0	0	0	0	0	0	0	1
2043	1	0	0	0	3	0	0	0	0	0	0	0	4
2044	1	0	0	0	0	0	2	0	0	0	0	0	3
2045	0	0	0	0	2	0	0	0	0	0	0	0	2
2046	2	0	0	0	0	0	1	1	0	0	0	0	4
2047	2	0	0	0	0	0	0	0	0	0	0	0	2
2048	3	0	0	0	0	0	0	0	0	0	0	0	3
2049	1	0	0	0	0	0	0	0	0	1	0	0	2
2050	1	0	0	0	0	0	0	0	0	0	0	0	1
2051	1	0	1	0	0	0	0	0	0	0	0	0	2
2052	1	0	0	0	0	0	1	0	0	0	0	0	2
2053	1	0	0	0	0	1	0	0	0	0	0	0	2
2054	1	0	0	0	2	0	0	0	0	0	0	1	4
2055	2	0	0	0	0	0	0	0	0	0	0	0	2
2057	1	0	0	0	1	0	0	0	0	0	0	0	2
2058	2	0	0	0	2	0	0	1	0	0	0	0	5
2059	1	0	1	0	0	0	0	0	0	0	0	0	2
2060	0	0	0	0	1	0	0	0	0	0	0	0	1
2061	2	0	0	0	1	0	0	0	0	0	0	0	3
2062	1	0	0	0	1	0	0	0	0	0	0	0	2
2063	1	1	0	0	0	0	0	0	0	0	0	0	2
2064	3	0	0	0	1	0	0	0	0	0	0	0	4
2065	1	1	1	0	0	0	0	0	0	0	0	0	3
2066	2	0	0	0	0	0	0	0	0	0	0	0	2
2067	0	0	0	0	1	0	0	0	0	0	0	0	1
2068	1	0	0	0	2	0	0	0	0	0	0	0	3
2069	1	0	0	0	0	1	0	1	0	0	0	0	3
2070	0	0	0	0	0	1	0	0	0	0	0	0	1
2072	0	0	1	0	0	0	1	0	0	0	0	0	2
2073	2	0	0	0	0	0	0	0	0	0	0	0	2
2074	1	1	0	0	0	0	0	0	0	0	0	0	2
2075	3	0	0	0	0	0	0	0	0	0	0	0	3
2077	2	0	0	0	0	0	0	0	0	0	0	0	2
2078	0	0	0	0	1	0	0	0	0	0	0	0	1
2079	1	0	0	0	0	0	0	0	0	0	0	0	1
2080	2	0	0	0	1	0	0	1	0	0	0	0	4
2081	3	0	0	0	1	0	0	0	0	0	0	0	4
2082	3	1	0	0	0	0	0	0	0	0	0	0	4
2083	3	0	0	1	0	0	0	0	0	0	0	0	4
2084	0	0	0	0	2	0	0	0	0	0	0	0	2
2085	1	0	0	0	0	0	0	0	0	0	0	0	1
2086	3	0	0	0	1	0	2	0	0	0	0	0	6
2087	2	0	0	0	0	0	0	0	1	0	0	0	3
2088	2	0	0	0	1	0	0	0	0	0	0	0	3
2089	0	0	0	0	1	0	0	0	0	0	0	0	1
2090	1	0	0	0	0	0	0	0	0	0	0	0	1
2091	2	0	0	0	0	0	0	0	0	0	0	0	2
2092	0	0	0	0	2	1	0	0	0	0	0	0	3
2093	3	0	0	0	0	0	0	0	0	0	0	0	3
2095	1	0	0	0	1	0	0	0	0	0	0	0	2
2096	0	1	0	0	0	0	0	0	0	0	0	0	1
2097	2	0	0	0	0	0	0	0	0	0	0	0	2
2098	3	0	0	0	0	0	0	0	0	0	0	0	3
2099	1	0	0	0	0	0	0	1	0	0	0	0	2
2100	0	0	0	0	1	0	0	0	0	0	0	0	1
2101	1	0	0	0	0	0	0	0	0	0	0	0	1
2102	4	0	0	0	0	0	0	0	0	0	0	0	4
2103	1	0	0	0	1	0	0	1	0	0	0	0	3
2104	1	0	1	0	0	1	0	0	0	0	0	0	3
2105	0	0	0	0	2	0	0	0	0	0	0	0	2
2106	2	0	0	1	3	0	0	0	0	0	0	0	6
2107	1	0	0	0	0	0	0	0	0	0	0	0	1
2108	2	0	0	0	0	1	0	0	0	0	0	0	3
2109	3	0	0	0	1	0	0	0	0	0	0	0	4
2110	3	0	0	0	0	0	0	0	0	0	0	0	3
2111	2	0	0	1	0	0	1	0	0	0	0	0	4
2112	1	0	0	0	0	0	0	1	0	0	0	0	2
2113	2	0	0	0	0	0	0	0	0	0	0	0	2
2114	2	0	0	0	0	0	0	0	0	0	0	0	2
2116	0	0	0	0	0	1	0	0	1	0	0	0	2
2117	4	0	0	0	0	0	0	1	0	0	0	0	5
2118	0	1	1	0	0	0	0	0	0	0	0	0	2
2119	3	0	0	0	0	0	0	0	0	0	0	0	3
2121	1	0	0	0	0	0	0	0	0	0	0	0	1
2122	0	0	1	0	0	0	0	0	1	0	0	0	2
2123	0	2	0	0	0	0	0	0	0	0	0	0	2
2124	2	0	1	0	0	0	0	0	0	0	0	0	3
2125	2	0	0	0	0	0	1	1	0	0	0	0	4
2126	0	0	0	0	1	0	0	0	0	0	0	0	1
2127	1	0	0	0	0	0	0	0	0	0	0	0	1
2128	0	0	0	0	2	0	0	0	0	0	0	0	2
2129	1	0	0	0	0	0	0	0	0	0	0	0	1
2130	2	0	0	0	0	0	0	0	0	0	0	0	2
2131	2	0	0	0	2	0	1	0	0	0	0	0	5
2132	2	0	0	2	0	0	0	2	0	0	0	0	6
2133	1	0	0	0	0	0	0	0	0	0	0	0	1
2134	2	0	0	0	0	0	1	0	0	0	0	0	3
2135	4	0	0	0	0	0	0	0	1	0	0	0	5
2136	1	0	0	0	0	0	0	1	0	0	0	0	2
2137	2	0	0	0	1	0	0	1	0	0	0	0	4
2138	3	0	0	0	0	0	0	0	0	0	0	0	3
2139	3	0	0	0	0	0	0	1	0	0	0	0	4
2140	2	0	0	0	0	0	0	0	0	0	0	0	2
2143	1	0	0	0	2	0	0	0	0	0	0	0	3
2144	3	0	0	1	0	0	1	1	0	0	0	0	6
2145	2	0	0	1	1	0	0	0	0	0	0	0	4
2147	1	0	0	0	0	0	0	1	0	0	0	0	2
2148	2	0	0	0	0	0	2	0	0	0	0	0	4
2149	2	0	0	0	0	0	0	1	0	0	0	0	3
2150	1	0	0	0	0	0	0	0	0	0	0	0	1
2151	0	0	0	0	1	0	0	0	0	0	0	0	1
2152	2	0	0	0	0	0	0	0	0	0	0	0	2
2153	1	0	0	0	1	0	0	0	0	0	0	0	2
2154	1	0	0	1	3	0	0	0	0	0	0	0	5
2156	0	0	0	0	2	0	0	0	0	0	0	0	2
2157	0	0	0	0	2	0	0	0	0	0	0	0	2
2158	1	0	0	0	3	0	0	0	0	0	0	0	4
2159	1	0	0	0	1	0	0	0	0	0	0	0	2
2160	1	0	1	0	0	0	0	0	0	0	0	0	2
2161	1	0	0	0	0	0	0	0	0	0	0	0	1
2162	1	0	0	0	0	0	0	0	0	0	0	0	1
2164	1	0	0	0	1	0	0	0	0	0	0	0	2
2165	1	0	0	0	0	0	0	0	0	0	0	0	1
2166	3	1	0	0	1	0	0	2	0	0	0	0	7
2167	2	0	0	1	0	0	0	2	0	0	0	0	5
2170	1	0	0	0	1	0	0	0	0	0	0	0	2
2172	3	0	0	0	0	0	0	0	0	0	0	0	3
2173	0	0	1	0	0	0	0	0	0	0	0	0	1
2174	2	0	0	0	1	0	0	0	0	0	0	0	3
2175	3	0	0	0	0	0	0	0	0	0	0	0	3
2176	1	0	0	0	1	1	0	0	0	0	0	0	3
2177	1	0	0	0	2	0	0	0	0	0	0	0	3
2178	1	0	0	0	0	0	0	1	0	0	0	0	2
2179	1	0	0	0	2	0	0	0	0	0	0	0	3
2180	0	0	1	0	2	0	0	0	0	0	0	0	3
2181	1	0	0	0	1	0	0	0	0	0	0	0	2
2182	1	0	0	1	1	0	0	0	0	0	0	0	3
2183	0	0	0	0	2	0	0	0	0	0	0	0	2
2184	2	0	0	1	0	1	0	1	0	0	0	0	5
2185	1	0	0	0	0	0	0	1	0	0	0	0	2
2186	3	0	0	1	0	0	1	0	0	0	0	0	5
2187	2	0	0	0	1	0	1	0	0	0	0	0	4
2188	3	0	0	0	0	0	0	1	0	0	0	0	4
2189	0	0	0	0	3	0	0	0	0	0	0	0	3
2190	4	0	0	0	1	0	0	0	0	0	0	0	5
2191	2	0	0	0	2	0	0	0	0	0	0	0	4
2192	3	0	0	0	0	0	0	0	0	0	0	0	3
2193	2	1	0	0	0	0	0	0	0	0	0	0	3
2194	1	0	0	0	0	0	0	0	0	0	0	0	1
2195	3	0	0	1	0	0	0	0	0	0	0	0	4
2196	1	0	0	0	1	0	0	1	0	0	0	0	3
2198	0	0	0	0	0	0	0	1	0	0	0	0	1
2199	3	0	0	0	0	0	0	0	0	1	0	0	4
2200	2	0	0	0	0	0	0	0	1	0	0	0	3
2201	1	0	0	0	0	0	0	0	0	0	0	0	1
2202	2	0	0	0	0	0	0	0	0	0	0	0	2
2203	1	0	0	0	0	2	0	0	0	0	0	0	3
2204	5	0	0	0	0	0	0	0	0	0	0	0	5
2205	1	0	0	0	0	0	0	0	0	0	0	0	1
2206	1	0	0	0	1	0	0	1	0	0	0	0	3
2207	1	0	0	0	0	1	0	0	0	0	0	0	2
2208	2	0	0	0	0	0	0	0	0	0	0	0	2
2209	2	0	0	1	1	0	0	1	0	0	0	0	5
2210	0	0	1	0	0	0	0	0	0	0	0	0	1
2211	0	0	0	0	1	0	0	0	0	0	0	0	1
2212	2	0	0	0	0	0	0	0	0	0	0	0	2
2213	2	0	0	0	0	0	0	1	0	0	0	0	3
2214	2	1	0	0	0	0	0	0	0	0	0	0	3
2215	1	0	0	0	1	0	0	1	0	0	0	0	3
2217	2	0	1	0	0	0	0	0	0	0	0	0	3
2218	2	0	0	0	1	0	0	0	0	0	0	0	3
2219	3	0	0	0	2	0	0	0	0	0	0	0	5
2220	1	0	0	0	2	0	0	0	0	0	0	0	3
2221	2	0	0	0	1	0	0	0	0	0	0	0	3
2222	2	0	0	0	1	0	0	0	0	0	0	0	3
2223	3	0	0	0	0	0	0	0	0	0	0	0	3
2224	0	0	0	0	1	0	0	2	0	0	0	0	3
2225	3	0	0	1	0	0	0	0	0	0	0	0	4
2226	4	0	0	0	0	0	0	2	0	0	0	0	6
2227	1	0	0	1	1	0	0	0	0	0	0	0	3
2228	1	0	1	0	0	0	0	0	0	0	0	0	2
2229	0	0	0	0	1	0	0	0	0	0	0	0	1
2230	1	1	0	0	0	0	0	1	0	0	0	0	3
2231	2	0	0	0	0	0	0	0	0	0	0	0	2
2232	1	0	0	0	0	0	0	0	0	0	0	0	1
2233	2	0	0	0	1	0	0	0	0	0	0	0	3
2234	1	0	0	0	1	0	0	0	0	0	0	0	2
2235	1	0	0	0	0	1	0	0	0	0	0	0	2
2236	1	0	1	1	0	0	0	1	0	0	0	0	4
2237	1	0	0	0	0	0	0	0	0	0	0	0	1
2238	2	0	0	0	0	0	0	0	0	0	0	0	2
2239	1	0	0	0	0	0	0	1	0	0	0	0	2
2240	1	0	0	0	1	0	0	0	0	0	0	0	2
2241	4	0	0	0	0	0	0	0	0	0	0	0	4
2242	1	0	1	0	0	0	0	0	0	0	0	0	2
2243	1	0	0	0	0	0	0	0	0	0	0	0	1
2244	5	0	0	0	1	0	0	1	0	0	0	0	7
2245	2	0	0	0	0	0	0	0	0	0	0	0	2
2246	0	0	0	0	1	0	0	0	0	0	0	0	1
2248	1	0	0	0	0	0	0	0	0	0	0	0	1
2249	1	0	0	0	0	0	1	0	0	0	0	0	2
2250	1	0	0	0	1	1	1	0	0	0	0	0	4
2252	0	0	2	0	0	0	0	0	0	0	0	0	2
2253	6	0	0	0	0	0	0	0	0	0	0	0	6
2254	0	0	0	1	1	0	0	0	0	0	0	0	2
2255	3	0	0	0	1	0	0	0	0	0	0	0	4
2257	2	0	0	0	0	0	1	0	0	0	0	0	3
2258	2	0	0	0	1	0	0	0	0	0	0	0	3
2259	1	0	0	0	0	0	0	0	0	0	0	0	1
2260	2	0	0	0	2	0	0	0	0	0	0	0	4
2261	2	0	0	0	1	0	0	0	0	0	0	0	3
2263	2	0	0	1	1	0	0	0	0	0	0	0	4
2264	1	0	0	1	1	0	0	0	0	0	0	0	3
2265	2	0	0	1	1	0	0	0	0	0	0	0	4
2268	0	0	1	0	0	1	0	0	0	0	0	0	2
2269	3	0	0	0	1	0	0	0	0	0	0	0	4
2270	1	0	0	0	2	0	0	0	0	0	0	0	3
2271	2	0	0	0	0	0	0	0	0	0	0	0	2
2272	1	0	0	0	1	0	0	0	0	0	0	0	2
2273	3	0	0	0	0	0	0	0	0	0	0	0	3
2274	2	0	0	0	0	0	0	0	0	0	0	0	2
2275	3	0	0	0	1	0	1	0	0	0	0	0	5
2276	1	1	0	0	1	0	0	0	0	0	0	0	3
2277	2	0	0	0	1	0	0	0	0	0	0	0	3
2278	1	0	0	1	0	0	0	0	0	0	0	0	2
2279	3	0	0	0	1	0	0	0	0	0	0	0	4
2280	1	0	0	0	0	0	0	0	0	0	0	0	1
2281	1	0	1	0	0	0	0	0	0	0	0	0	2
2282	2	0	0	0	1	0	0	0	0	0	0	0	3
2283	2	0	0	0	0	0	1	1	0	0	0	0	4
2284	3	0	0	0	1	0	0	0	0	0	0	0	4
2285	1	0	1	0	0	0	0	0	0	0	0	0	2
2286	1	0	0	0	0	0	0	1	0	0	0	0	2
2287	2	0	1	0	0	0	0	0	0	0	0	0	3
2288	0	0	0	0	0	0	0	1	0	0	0	0	1
2289	0	0	0	1	1	0	0	0	0	0	0	0	2
2290	0	0	1	0	0	0	0	0	0	0	0	0	1
2291	2	0	0	0	0	0	0	0	0	0	0	0	2
2292	3	0	1	0	0	0	0	0	0	0	0	0	4
2293	0	0	0	0	2	1	0	0	0	0	0	0	3
2294	3	0	0	0	0	0	0	1	0	0	0	0	4
2295	0	1	2	0	1	2	0	0	0	0	0	0	6
2296	1	0	0	0	0	0	0	0	0	0	0	0	1
2297	2	0	0	1	1	0	0	0	0	0	0	0	4
2298	0	0	0	0	1	0	0	0	0	0	0	0	1
2299	2	0	0	0	2	0	0	0	0	0	0	0	4
2300	1	0	0	0	0	1	0	0	0	0	0	0	2
2301	1	1	0	0	0	0	0	0	0	0	0	0	2
2302	0	1	0	0	2	0	0	0	0	0	0	0	3
2303	0	0	1	0	0	0	0	0	0	0	0	0	1
2304	1	0	0	0	0	0	0	0	0	0	0	0	1
2305	1	0	0	0	2	0	0	0	0	0	0	0	3
2306	1	0	0	2	0	1	0	0	0	0	0	0	4
2307	1	0	0	1	0	0	1	0	0	0	0	0	3
2308	0	0	0	1	1	0	2	0	0	0	0	0	4
2309	1	0	0	0	0	0	0	0	0	0	0	0	1
2310	3	0	0	0	0	0	0	1	0	0	0	0	4
2311	0	0	0	0	1	0	1	0	0	0	0	0	2
2312	1	0	0	0	0	0	0	0	0	0	0	0	1
2313	1	0	0	0	0	0	0	0	0	0	0	0	1
2314	3	0	0	0	1	0	0	0	0	0	0	0	4
2315	0	0	0	0	1	0	0	0	0	0	0	0	1
2316	1	0	0	0	1	0	0	0	0	0	0	0	2
2317	3	0	0	0	0	0	0	0	0	0	0	0	3
2318	2	0	0	0	0	0	2	0	1	0	0	0	5
2319	0	0	1	0	0	0	0	0	0	0	0	0	1
2320	0	0	0	0	1	0	0	0	0	0	0	0	1
2321	1	0	0	0	1	0	0	0	0	0	0	0	2
2322	1	0	0	0	1	1	0	0	0	0	0	0	3
2323	1	0	0	0	1	0	0	0	0	0	0	0	2
2324	0	0	0	0	2	0	1	0	0	0	0	0	3
2325	1	0	0	0	0	0	0	0	0	0	0	0	1
2326	1	0	1	0	0	0	0	0	0	0	0	0	2
2327	1	0	0	0	2	0	0	0	0	0	0	0	3
2328	1	0	0	0	0	0	0	0	0	0	0	0	1
2329	2	0	0	0	0	0	0	0	0	0	0	0	2
2330	4	0	0	0	0	0	0	0	0	0	0	0	4
2331	1	0	0	0	0	0	0	0	0	0	0	0	1
2332	0	0	0	0	1	0	0	0	0	0	0	0	1
2333	1	0	0	0	0	0	0	0	0	0	0	0	1
2335	1	0	0	0	4	0	0	0	0	0	0	0	5
2336	0	0	0	0	2	0	0	0	0	0	0	0	2
2337	2	0	0	0	2	0	0	0	0	0	0	0	4
2338	2	0	0	0	2	1	0	0	1	0	0	0	6
2339	0	1	0	1	0	0	0	0	0	0	0	0	2
2340	1	0	0	1	0	0	0	0	0	0	0	0	2
2341	0	0	0	2	0	0	0	0	0	0	0	0	2
2342	0	0	1	0	0	0	0	0	0	0	0	0	1
2343	3	0	0	0	0	0	0	0	0	0	0	0	3
2344	1	0	0	0	0	0	0	0	0	0	0	0	1
2345	1	0	0	0	1	0	0	0	0	0	0	0	2
2346	1	0	0	0	1	0	0	0	0	0	0	0	2
2347	2	0	0	0	0	0	1	0	0	0	0	0	3
2349	1	0	0	0	0	0	0	0	0	0	0	0	1
2350	2	0	0	1	1	0	0	0	0	0	0	0	4
2351	1	0	0	0	1	0	0	0	0	0	0	0	2
2352	2	0	0	0	0	0	0	0	0	0	0	0	2
2354	1	0	0	0	0	0	0	0	0	0	0	0	1
2355	2	0	0	0	0	0	0	1	0	0	0	0	3
2356	1	0	0	0	1	0	0	0	0	0	0	0	2
2357	1	0	1	0	1	0	0	0	0	0	0	0	3
2358	0	0	1	0	1	0	0	0	0	0	0	0	2
2359	1	0	1	0	0	0	0	0	0	0	0	0	2
2361	1	0	0	0	0	0	0	0	0	0	0	0	1
2362	0	1	1	1	0	0	0	0	0	0	0	0	3
2363	1	0	0	0	1	0	1	0	0	0	0	0	3
2364	1	0	0	0	1	0	0	0	0	0	0	0	2
2365	0	0	1	0	2	0	0	0	0	0	0	0	3
2366	4	0	0	0	2	0	0	0	0	0	0	0	6
2367	1	0	0	0	0	0	0	0	0	0	0	0	1
2368	3	0	0	0	0	0	0	0	0	0	0	0	3
2369	4	0	0	0	1	0	0	0	0	0	0	0	5
2370	0	0	0	0	3	0	0	0	0	0	0	0	3
2371	2	0	0	0	1	0	0	0	0	0	0	0	3
2372	1	0	0	1	2	0	0	0	0	0	0	0	4
2373	1	0	0	0	0	0	0	1	0	0	0	0	2
2374	1	0	0	0	0	0	0	0	0	0	0	0	1
2375	2	0	0	0	0	0	0	0	0	0	0	0	2
2376	3	0	1	0	0	0	0	0	0	0	0	0	4
2377	4	0	0	0	0	0	0	0	0	0	0	0	4
2378	0	0	1	0	1	1	0	0	0	0	0	0	3
2379	1	0	1	0	0	0	0	0	0	0	0	0	2
2380	1	0	1	0	0	0	0	0	0	0	0	0	2
2381	1	0	0	0	0	0	0	0	0	0	0	0	1
2382	1	0	0	0	1	0	0	0	0	0	0	0	2
2383	2	0	0	0	0	0	0	0	0	0	0	0	2
2384	2	0	0	0	1	0	0	0	0	0	0	0	3
2385	1	0	0	1	0	0	0	0	0	0	0	0	2
2386	3	0	0	0	1	0	0	0	0	0	0	0	4
2387	1	0	0	0	0	0	0	1	0	0	0	0	2
2389	1	0	0	0	0	0	0	0	0	0	0	0	1
2390	2	1	0	0	0	0	1	0	0	0	0	0	4
2391	3	0	0	0	0	0	0	1	0	0	0	0	4
2392	0	0	0	0	0	1	1	0	0	0	0	0	2
2393	3	0	0	0	0	0	0	0	0	0	0	0	3
2394	3	0	0	0	0	2	0	0	0	0	0	0	5
2395	4	0	0	0	0	0	0	1	0	0	0	0	5
2396	2	0	0	0	0	0	0	0	0	0	0	0	2
2398	1	0	0	0	0	2	0	0	0	0	0	0	3
2399	0	0	0	0	1	1	0	0	0	0	0	0	2
2400	2	0	0	0	0	0	0	0	0	0	0	0	2
2401	1	0	0	0	0	0	0	0	0	0	0	0	1
2402	2	0	0	0	1	0	0	0	1	0	0	0	4
2403	1	0	2	0	0	0	0	0	0	0	0	0	3
2404	1	0	0	0	1	0	0	0	0	0	0	0	2
2405	4	0	0	0	3	0	0	0	0	0	0	0	7
2406	2	0	0	0	0	0	0	0	0	0	0	0	2
2408	0	0	1	1	1	0	0	0	0	0	0	0	3
2409	3	0	0	0	0	0	0	0	0	0	0	0	3
2411	3	0	0	0	0	0	0	0	0	0	0	0	3
2412	2	0	0	0	1	0	0	0	0	0	0	0	3
2413	0	1	0	2	0	0	0	0	0	0	0	0	3
2414	0	1	0	0	1	0	0	0	0	0	0	0	2
2415	4	0	0	0	0	0	0	0	0	0	0	0	4
2416	4	0	0	0	0	0	2	1	0	0	0	0	7
2417	0	0	0	1	0	0	0	0	0	0	0	0	1
2418	3	0	0	0	0	0	0	0	0	0	0	0	3
2419	0	0	0	0	1	0	0	0	0	0	0	0	1
2420	0	0	1	0	0	0	0	0	0	0	0	0	1
2421	1	0	0	0	0	0	0	0	0	0	0	0	1
2422	3	0	0	0	0	0	0	0	0	0	0	0	3
2423	0	0	1	0	0	0	0	0	0	0	0	0	1
2424	1	0	0	0	1	0	0	0	0	0	0	0	2
2425	2	0	0	0	0	0	0	0	0	0	0	0	2
2426	1	0	0	0	0	0	0	0	0	0	0	0	1
2428	3	0	0	0	0	0	0	1	0	0	0	0	4
2429	1	0	0	0	2	0	0	1	0	0	0	0	4
2430	0	0	0	2	0	0	0	0	0	0	0	0	2
2431	1	0	0	0	0	0	0	0	0	0	0	0	1
2432	1	0	0	0	0	0	0	0	0	0	0	0	1
2433	1	0	0	0	1	0	0	0	0	0	0	0	2
2434	0	0	1	0	0	0	0	0	0	0	0	0	1
2435	0	1	0	1	0	0	0	0	0	0	0	0	2
2437	0	0	0	0	0	1	0	0	0	0	0	0	1
2438	3	0	0	0	0	0	0	0	0	0	0	0	3
2440	0	0	0	1	0	0	0	0	0	0	0	0	1
2441	1	0	0	0	0	0	0	0	0	0	0	0	1
2442	1	1	1	0	0	0	0	0	0	0	0	0	3
2444	2	0	0	0	0	0	0	0	0	0	0	0	2
2445	2	0	0	0	1	0	0	1	0	0	0	0	4
2446	1	0	0	0	0	0	0	0	0	0	0	0	1
2447	0	0	0	0	2	0	0	0	0	0	0	0	2
2448	2	0	0	1	0	0	0	0	0	0	0	0	3
2449	2	0	0	0	2	0	0	0	0	0	0	0	4
2451	3	0	0	0	0	0	0	0	2	0	0	0	5
2452	2	0	0	0	1	0	0	0	0	0	0	0	3
2453	0	0	0	2	0	0	0	0	0	0	0	0	2
2454	1	0	0	0	0	0	0	0	0	0	0	0	1
2455	2	0	0	0	0	0	1	1	0	0	0	0	4
2456	0	0	0	0	1	0	0	0	0	0	0	0	1
2457	2	0	0	0	1	0	0	0	0	0	0	0	3
2458	3	0	0	0	0	0	0	0	0	0	0	0	3
2459	1	0	1	0	0	0	0	0	0	0	0	0	2
2460	1	0	0	0	0	0	0	0	0	0	0	0	1
2461	1	0	0	0	0	0	0	0	0	0	0	0	1
2462	0	0	0	0	1	0	1	0	0	0	0	0	2
2463	4	0	0	0	1	0	0	0	0	0	0	0	5
2464	2	0	0	0	0	0	0	0	0	0	0	0	2
2465	1	0	0	0	0	0	0	0	0	0	0	0	1
2466	1	0	0	0	1	0	0	0	1	0	0	0	3
2467	0	0	0	0	1	0	0	0	0	0	0	0	1
2468	0	0	0	1	0	0	0	0	0	0	0	0	1
2469	1	0	0	0	2	0	0	0	0	0	0	0	3
2470	3	0	0	0	0	0	0	1	0	0	0	0	4
2471	3	0	0	0	0	0	0	0	1	0	0	0	4
2473	2	0	0	0	0	0	0	0	0	0	0	0	2
2474	1	0	0	0	0	0	0	0	0	0	0	0	1
2475	1	0	0	0	1	0	0	0	0	0	0	0	2
2476	2	0	0	0	1	1	0	0	0	0	0	0	4
2478	1	0	0	0	2	0	0	0	0	0	0	0	3
2481	0	0	1	0	0	1	0	0	0	0	0	0	2
2482	2	0	0	0	0	0	0	0	0	0	0	0	2
2483	1	0	0	1	0	0	0	0	0	0	0	0	2
2484	1	0	0	0	0	0	0	0	0	0	0	0	1
2485	1	0	0	0	1	0	0	0	0	0	0	0	2
2486	0	0	0	0	0	0	1	0	0	0	0	0	1
2487	2	0	0	0	1	0	0	0	0	0	0	0	3
2488	3	0	0	0	1	0	0	0	0	0	0	0	4
2489	1	0	0	0	0	0	0	0	0	0	0	0	1
2490	2	0	0	0	0	0	0	0	0	0	0	0	2
2491	4	0	0	0	0	0	0	0	0	0	0	0	4
2492	4	0	0	0	1	0	0	0	0	0	0	0	5
2493	0	0	0	0	0	3	0	0	0	0	0	0	3
2494	3	0	0	0	1	0	0	1	0	0	0	0	5
2495	1	0	0	0	0	0	0	0	0	0	0	0	1
2496	4	0	0	0	0	0	0	0	0	0	0	0	4
2497	1	0	0	1	1	0	0	0	0	0	0	0	3
2498	1	0	0	0	0	0	0	1	0	0	0	0	2
2499	0	0	0	0	0	2	0	0	0	0	0	0	2
2500	1	0	0	0	0	0	0	0	0	0	0	0	1
2501	1	0	0	0	1	0	0	1	0	0	0	0	3
2502	3	0	0	0	0	0	0	0	0	0	0	0	3
2503	2	0	0	0	2	0	0	0	0	0	0	0	4
2504	2	0	0	0	0	0	0	1	0	0	0	0	3
2505	0	0	2	0	0	0	0	0	0	0	0	0	2
2506	1	0	0	0	0	0	0	0	0	0	0	0	1
2507	3	0	0	0	0	0	0	0	2	0	0	0	5
2508	4	0	0	0	2	0	0	0	0	0	0	0	6
2509	1	0	0	0	0	0	0	0	0	0	0	0	1
2511	1	0	0	0	0	0	0	0	0	0	0	0	1
2512	0	0	0	0	1	0	0	1	0	0	0	0	2
2513	2	0	0	0	0	0	0	0	0	0	0	0	2
2514	2	0	0	0	0	0	0	1	0	0	0	0	3
2515	0	0	0	0	0	1	0	0	0	0	0	0	1
2516	1	0	0	0	0	0	1	1	1	0	0	0	4
2517	3	0	0	1	1	0	0	0	0	0	0	0	5
2520	4	0	0	0	0	0	0	0	1	0	0	0	5
2522	3	0	0	0	2	0	0	0	0	0	0	0	5
2523	0	0	0	0	3	0	0	2	0	0	0	0	5
2524	2	0	0	0	2	0	0	0	0	0	0	0	4
2525	1	0	0	0	0	0	0	2	0	0	0	0	3
2526	2	0	0	0	1	0	0	0	0	0	0	0	3
2527	1	1	0	0	2	0	0	0	0	0	0	0	4
2528	3	0	0	0	1	0	0	0	0	1	0	0	5
2529	3	0	0	0	0	0	0	0	0	0	0	0	3
2531	0	0	0	0	1	0	0	1	0	0	0	0	2
2532	4	0	0	0	1	0	0	0	0	0	0	0	5
2533	1	0	0	1	1	0	0	1	0	0	0	0	4
2534	1	0	0	0	0	0	0	0	0	0	0	0	1
2535	2	0	0	0	0	0	0	0	0	0	0	0	2
2536	2	0	0	0	0	0	0	0	0	0	0	0	2
2537	0	0	0	0	2	0	0	0	0	0	0	0	2
2538	0	0	2	0	1	0	0	0	0	0	0	0	3
2539	5	0	0	0	0	0	0	1	0	0	0	0	6
2540	1	1	0	0	0	0	1	0	0	0	0	0	3
2541	1	0	0	1	0	1	0	0	0	0	0	0	3
2542	1	0	0	0	1	0	0	0	0	0	0	0	2
2543	2	0	0	2	0	0	0	0	0	0	0	0	4
2544	1	0	0	1	0	1	0	0	0	0	0	0	3
2545	3	0	0	0	0	0	0	1	0	0	0	0	4
2546	1	0	0	2	1	0	0	0	0	0	0	0	4
2547	2	0	0	0	0	0	0	0	0	0	0	0	2
2548	3	0	0	0	0	0	0	0	0	0	0	0	3
2549	1	0	1	1	1	0	0	0	0	0	0	0	4
2550	0	0	0	1	1	0	0	0	0	0	0	0	2
2551	2	0	0	0	2	0	0	0	0	0	0	0	4
2552	0	0	0	0	1	0	0	0	0	0	0	0	1
2553	0	0	3	0	0	0	0	0	0	0	0	0	3
2554	0	0	0	0	0	1	0	0	0	0	0	0	1
2555	1	0	0	1	0	0	0	0	0	0	0	0	2
2556	1	0	0	0	0	0	0	0	0	0	0	0	1
2557	5	0	0	1	0	0	0	0	0	0	0	0	6
2558	2	0	0	0	0	0	0	0	0	0	0	0	2
2559	0	0	0	0	1	0	0	0	0	0	0	0	1
2560	2	0	0	0	0	2	0	1	0	0	1	0	6
2561	2	0	0	0	0	0	0	0	0	0	0	0	2
2562	1	0	0	0	0	0	0	0	0	0	0	0	1
2563	2	0	0	0	0	0	0	0	0	0	0	0	2
2564	0	0	1	0	0	0	0	0	0	0	0	0	1
2565	4	0	0	0	0	0	1	1	0	0	0	0	6
2566	1	0	0	1	0	0	0	0	0	0	0	0	2
2567	3	0	0	0	0	0	0	1	0	0	0	0	4
2568	0	0	0	2	0	0	0	0	0	0	0	0	2
2569	1	0	0	0	0	0	0	0	0	0	0	0	1
2570	0	0	0	0	1	1	0	0	0	0	0	0	2
2571	0	0	0	1	1	0	0	0	0	0	0	0	2
2572	1	0	0	0	0	1	1	1	0	0	0	0	4
2573	1	0	0	0	2	0	0	0	0	0	0	0	3
2575	3	0	0	0	0	0	0	0	0	0	0	0	3
2576	3	0	0	1	0	0	0	0	0	0	0	0	4
2577	1	1	0	0	1	0	0	0	0	0	0	0	3
2578	1	0	0	1	0	0	0	0	0	0	0	0	2
2579	2	0	0	0	0	0	0	0	0	0	0	0	2
2580	1	0	0	0	2	0	0	0	0	0	0	0	3
2581	2	0	0	0	1	0	0	0	0	0	0	0	3
2582	2	0	0	0	1	0	0	0	0	0	0	0	3
2583	2	0	0	0	2	0	0	0	0	0	0	0	4
2584	0	0	0	0	2	0	0	0	0	0	0	0	2
2585	4	0	0	1	0	0	0	2	0	0	0	0	7
2586	2	1	0	0	0	0	0	0	0	0	0	0	3
2587	1	0	0	0	1	0	0	0	0	0	0	0	2
2588	0	0	0	0	2	0	0	0	0	0	0	0	2
2589	3	0	0	0	0	0	0	0	0	0	0	0	3
2590	2	0	0	0	0	0	0	1	0	0	0	0	3
2591	3	0	0	0	0	0	0	1	0	0	0	0	4
2592	1	0	0	0	2	0	0	0	0	0	0	0	3
2593	1	1	1	0	0	0	0	0	0	0	0	0	3
2594	3	0	0	0	0	0	2	0	0	0	0	0	5
2595	2	0	0	0	0	0	0	0	0	0	0	0	2
2596	1	0	0	0	1	0	0	0	0	0	0	0	2
2597	2	0	0	0	2	0	0	0	0	0	0	0	4
2598	2	0	0	0	0	0	0	0	0	0	0	0	2
2600	2	0	0	0	2	0	0	0	0	0	0	0	4
2601	0	0	0	0	1	0	0	0	0	0	0	0	1
2602	5	0	0	0	0	0	0	0	0	0	0	0	5
2603	1	0	0	0	1	0	0	0	0	0	0	0	2
2604	2	0	0	0	0	0	0	1	0	0	0	0	3
2605	2	0	0	0	0	0	0	0	0	0	0	0	2
2606	3	0	0	0	1	0	0	0	0	0	0	0	4
2608	0	0	0	0	1	0	0	0	0	0	0	0	1
2609	1	0	0	0	1	0	0	1	0	0	0	0	3
2610	2	0	0	0	0	0	0	0	0	0	0	0	2
2611	2	0	0	0	1	0	0	0	0	0	0	0	3
2612	1	0	0	0	0	0	0	0	0	0	0	0	1
2613	0	0	0	0	1	0	1	0	1	0	0	0	3
2614	2	0	0	0	0	0	0	0	0	0	0	0	2
2615	1	0	0	0	0	0	0	0	0	0	0	0	1
2617	1	0	0	0	0	0	0	0	0	0	0	0	1
2618	2	0	0	0	0	0	0	1	0	0	0	0	3
2619	1	0	0	0	0	0	0	1	0	0	0	0	2
2620	3	0	0	0	1	0	0	0	0	0	0	0	4
2621	3	0	0	0	2	0	0	0	0	0	0	0	5
2622	0	0	0	0	2	0	0	0	0	0	0	0	2
2623	1	0	0	0	1	0	0	0	0	0	0	0	2
2624	1	0	0	0	0	0	0	0	0	0	0	0	1
2625	2	0	0	0	0	0	0	1	0	0	0	0	3
2626	2	0	0	0	0	0	0	0	0	0	0	0	2
2627	1	0	0	0	1	0	0	1	0	0	0	0	3
2628	2	0	0	0	0	0	0	0	0	0	0	0	2
2629	1	0	0	0	1	0	0	0	0	0	0	0	2
2631	2	0	0	0	0	0	0	0	0	0	0	0	2
2632	0	0	0	0	1	0	0	1	0	0	0	0	2
2634	0	0	0	1	0	0	0	0	0	0	0	0	1
2635	2	0	0	1	2	0	0	1	0	0	0	0	6
2636	1	0	0	0	0	0	0	0	0	0	0	0	1
2637	3	0	0	0	0	0	0	0	0	0	0	0	3
2638	1	0	0	0	1	0	0	0	0	0	0	0	2
2639	2	0	0	0	0	0	0	0	0	0	0	0	2
2640	3	0	0	0	0	0	0	0	0	0	0	0	3
2641	2	0	0	0	0	0	0	0	0	0	0	0	2
2642	0	0	1	0	0	0	0	0	0	0	0	0	1
2643	1	0	0	1	1	0	0	0	0	0	0	0	3
2644	1	0	0	1	0	0	0	0	0	0	0	0	2
2645	2	0	0	0	0	0	0	0	1	0	0	0	3
2646	1	0	0	0	1	0	0	2	0	0	0	0	4
2647	1	0	0	0	0	0	0	0	0	0	0	0	1
2648	2	0	0	0	1	0	0	0	0	0	0	0	3
2649	1	0	0	0	0	1	0	0	0	0	0	0	2
2650	0	0	0	0	2	0	0	0	0	0	0	0	2
2652	1	0	0	0	1	0	0	0	0	0	0	0	2
2653	2	0	0	0	0	0	0	2	0	0	0	0	4
2654	0	0	1	0	0	0	1	0	1	0	0	0	3
2655	1	0	0	0	0	0	0	0	0	0	0	0	1
2656	2	0	0	0	0	0	0	0	0	0	0	0	2
2657	1	0	0	0	0	0	0	0	0	0	0	0	1
2658	0	0	0	0	1	0	1	0	0	0	0	0	2
2660	1	0	0	0	0	0	0	1	0	0	0	0	2
2662	3	0	0	0	0	0	0	0	0	0	0	0	3
2663	2	0	0	1	1	0	0	0	0	0	0	0	4
2664	1	0	0	0	1	0	0	0	0	0	0	0	2
2665	3	0	0	0	0	0	0	0	0	0	0	0	3
2666	0	0	0	0	2	1	0	0	0	0	0	0	3
2667	2	0	0	0	0	0	1	0	0	0	0	0	3
2668	2	0	0	0	0	0	0	0	0	0	0	0	2
2669	3	0	0	0	0	1	0	1	0	0	0	0	5
2670	2	0	0	0	0	0	0	0	0	0	0	0	2
2671	2	0	0	1	0	0	0	1	0	0	0	0	4
2672	0	0	0	1	1	0	0	1	0	0	0	0	3
2673	0	0	2	0	0	0	0	0	0	0	0	0	2
2674	4	0	0	0	1	0	0	0	0	0	0	0	5
2675	2	0	0	0	0	0	0	0	0	0	0	0	2
2676	1	0	0	0	0	0	0	0	0	0	0	0	1
2677	0	0	0	0	1	0	0	0	0	0	0	0	1
2678	3	0	0	0	0	0	0	0	0	0	0	0	3
2679	1	0	0	0	0	0	0	0	0	0	0	0	1
2680	2	0	0	0	0	0	0	0	0	0	0	0	2
2681	1	0	0	1	1	0	0	0	0	0	0	0	3
2682	1	0	0	0	0	0	0	0	0	0	0	0	1
2683	2	0	0	0	0	0	1	0	0	0	0	0	3
2684	3	0	0	0	0	0	1	0	0	0	0	0	4
2685	2	0	0	0	1	0	0	0	0	0	0	0	3
2686	3	0	0	0	0	0	0	0	0	0	0	0	3
2687	1	0	0	0	0	0	0	0	0	0	0	0	1
2688	1	0	0	0	0	1	0	0	0	0	0	0	2
2689	1	0	0	0	5	0	0	1	0	0	0	0	7
2690	2	0	0	0	2	0	0	0	0	0	0	0	4
2691	1	0	0	0	0	0	0	0	0	0	0	0	1
2693	2	0	1	0	2	0	0	0	0	0	0	0	5
2694	2	0	0	0	2	0	0	0	1	0	0	0	5
2695	1	0	1	0	0	0	0	0	0	0	0	0	2
2696	1	0	0	0	1	0	0	0	0	0	0	0	2
2697	0	0	0	0	1	0	0	0	0	0	0	0	1
2698	1	0	0	0	1	0	0	0	0	0	0	0	2
2699	3	0	0	0	0	0	0	1	0	0	0	0	4
2700	1	0	0	0	0	0	0	0	0	0	0	0	1
2701	1	0	0	1	0	0	0	0	0	0	0	0	2
2702	2	0	0	1	2	0	0	1	0	0	0	0	6
2703	1	0	0	1	1	0	0	0	0	0	0	0	3
2705	1	0	0	0	0	0	0	0	0	0	0	0	1
2706	2	0	0	0	1	0	0	2	0	0	0	0	5
2707	2	0	0	0	1	1	0	0	0	0	0	0	4
2708	3	0	0	0	1	0	0	0	0	0	0	0	4
2709	0	0	0	0	1	0	0	0	0	0	0	0	1
2710	2	0	0	0	3	0	0	0	0	0	0	0	5
2711	2	1	0	0	0	0	0	1	0	0	0	0	4
2712	3	0	0	0	1	0	0	0	0	0	0	0	4
2713	2	0	0	0	0	0	0	0	0	0	0	0	2
2714	0	0	0	0	1	0	0	0	0	0	0	0	1
2715	0	1	0	0	0	0	0	0	0	0	0	0	1
2716	0	0	0	1	0	0	0	0	0	0	0	0	1
2717	3	0	0	0	1	0	0	0	0	0	0	0	4
2718	3	0	0	0	0	0	0	0	0	0	0	0	3
2719	0	0	0	0	2	0	0	0	0	0	0	0	2
2720	4	0	0	0	0	0	0	0	0	0	0	0	4
2721	1	0	0	0	0	0	0	0	0	0	0	0	1
2722	1	0	0	0	0	0	0	0	0	0	0	0	1
2723	3	0	0	0	0	0	0	0	0	0	0	0	3
2724	2	0	0	0	0	0	0	0	0	0	0	0	2
2725	3	0	0	0	0	0	0	0	0	0	0	0	3
2726	1	0	0	0	0	0	0	0	0	0	0	0	1
2727	1	0	0	0	2	0	0	0	0	0	0	0	3
2728	3	0	0	0	1	0	0	0	0	0	0	0	4
2729	3	0	1	0	0	0	0	0	0	0	0	0	4
2730	0	0	1	0	0	0	0	0	0	0	0	0	1
2731	2	0	0	0	0	0	0	0	0	0	0	0	2
2732	3	0	0	0	1	0	0	1	0	0	0	0	5
2733	2	0	0	0	1	0	0	0	0	0	0	0	3
2734	3	0	0	0	0	0	0	0	0	0	0	0	3
2735	4	0	0	0	2	0	0	0	0	0	0	0	6
2736	1	0	0	0	0	0	0	0	0	0	0	0	1
2737	1	0	0	0	0	0	0	0	0	0	0	0	1
2738	1	0	0	2	0	0	0	0	0	0	0	0	3
2739	2	1	0	0	0	0	0	0	0	0	0	0	3
2740	1	0	1	0	0	0	0	0	0	0	0	0	2
2741	2	0	0	0	0	0	0	0	0	0	0	0	2
2742	0	0	0	0	2	0	0	0	0	0	0	0	2
2743	1	0	0	0	0	1	0	0	0	0	0	0	2
2744	3	0	0	0	0	0	0	0	0	0	0	0	3
2745	2	0	0	0	0	0	0	0	0	0	0	0	2
2746	1	0	0	0	0	0	0	0	0	0	0	0	1
2747	1	0	0	0	1	0	0	0	0	0	0	0	2
2748	0	0	0	0	1	0	0	0	0	0	0	0	1
2749	1	0	0	0	1	0	0	0	0	0	0	0	2
2751	3	0	0	0	2	0	0	0	0	0	0	0	5
2752	0	0	0	0	2	0	0	0	0	0	0	0	2
2753	3	0	0	0	1	0	1	0	0	0	0	0	5
2754	1	0	0	1	0	0	0	0	0	0	0	0	2
2755	2	0	0	0	2	0	0	0	0	0	0	0	4
2756	0	0	0	2	0	0	0	0	0	0	0	0	2
2757	1	0	0	0	0	0	0	0	0	0	0	0	1
2758	1	0	0	0	2	0	0	0	0	0	0	0	3
2759	1	0	0	0	0	0	0	0	0	0	0	0	1
2760	1	0	0	0	0	0	0	0	0	0	0	0	1
2761	3	0	0	0	0	0	0	1	0	0	0	0	4
2762	1	0	0	0	0	0	0	0	0	0	0	0	1
2763	0	1	0	0	0	0	0	0	0	0	0	0	1
2764	1	0	0	0	1	0	0	1	0	0	0	0	3
2765	3	0	0	0	0	0	0	0	0	0	0	0	3
2766	2	0	0	0	0	0	0	0	0	0	0	0	2
2767	2	0	0	0	2	0	0	0	0	0	0	0	4
2768	1	0	0	0	1	0	1	0	0	0	0	0	3
2769	2	0	0	0	0	0	0	1	0	0	0	0	3
2771	2	0	0	0	0	0	0	0	0	0	0	0	2
2772	2	0	0	0	0	0	0	1	0	0	0	0	3
2773	2	0	0	0	1	0	0	1	0	0	0	0	4
2774	3	0	0	0	0	0	0	1	0	0	0	0	4
2775	3	0	0	1	0	0	0	0	0	0	0	0	4
2777	3	0	0	0	0	0	0	0	0	0	0	0	3
2778	2	0	0	0	1	0	0	1	0	0	0	0	4
2779	3	0	0	0	0	0	0	0	0	0	0	0	3
2780	2	0	0	0	3	0	0	0	0	0	0	0	5
2781	1	0	0	0	1	0	0	0	0	0	0	0	2
2782	3	0	0	0	0	0	0	0	0	0	0	0	3
2783	0	1	1	0	0	0	0	0	0	0	0	0	2
2784	1	0	0	0	0	0	0	0	0	0	0	0	1
2785	0	0	0	1	0	0	0	0	0	0	0	0	1
2786	1	0	0	0	0	0	1	1	0	0	0	0	3
2787	1	0	0	0	0	0	0	0	0	0	0	0	1
2788	2	0	0	0	0	0	0	0	0	0	0	0	2
2789	3	0	0	0	0	0	0	0	0	0	0	0	3
2790	1	1	0	2	0	0	0	0	0	0	0	0	4
2792	1	0	0	0	1	0	0	0	0	0	0	0	2
2793	2	0	0	0	0	0	0	0	0	0	0	0	2
2794	0	0	1	0	0	0	0	0	0	0	0	0	1
2795	1	0	0	0	0	0	1	1	0	0	0	0	3
2796	0	0	0	0	2	0	0	0	0	0	0	0	2
2797	3	0	0	0	0	0	0	0	0	0	0	0	3
2798	2	0	0	1	0	0	0	0	0	0	0	0	3
2799	0	1	0	1	2	0	0	0	0	0	0	0	4
2800	1	0	0	0	0	0	0	0	0	0	0	0	1
2801	2	0	0	0	0	0	0	0	0	0	0	0	2
2802	2	0	0	0	0	0	0	1	0	0	0	0	3
2803	0	1	0	0	0	0	0	0	0	0	0	0	1
2804	3	0	0	0	2	0	0	0	0	0	0	0	5
2805	2	0	0	0	0	0	0	0	0	0	0	0	2
2806	1	0	0	0	0	0	0	0	0	0	0	0	1
2807	1	0	0	0	0	0	1	0	0	0	0	0	2
2808	1	0	0	1	1	0	0	0	0	0	0	0	3
2809	2	0	0	0	0	0	0	0	0	0	0	0	2
2810	1	0	0	0	0	0	0	0	0	0	0	0	1
2811	2	0	0	0	0	0	0	0	0	0	0	0	2
2813	2	0	0	0	0	0	1	0	0	0	0	0	3
2814	3	0	0	0	0	0	0	1	0	0	0	0	4
2815	2	0	0	0	0	0	0	0	0	0	0	0	2
2816	1	0	0	0	1	0	1	0	0	0	0	0	3
2817	2	0	0	0	0	0	0	0	0	0	0	0	2
2818	0	0	1	0	0	0	1	0	0	0	0	0	2
2819	2	0	0	0	1	0	0	1	0	0	0	0	4
2820	1	0	0	0	2	0	0	0	0	0	0	0	3
2821	1	0	0	0	0	0	0	0	0	0	0	0	1
2822	2	0	0	0	1	0	0	0	0	0	0	0	3
2823	2	0	0	0	0	0	0	0	0	0	0	0	2
2824	3	0	0	0	0	0	1	0	0	0	0	0	4
2825	2	0	0	0	1	0	0	0	0	0	0	0	3
2826	1	0	0	0	0	0	0	0	0	0	0	0	1
2827	3	0	0	0	1	0	0	0	0	0	0	0	4
2828	0	0	0	0	1	1	0	0	0	0	0	0	2
2830	1	0	0	1	0	0	0	0	0	0	0	0	2
2831	3	0	0	0	2	0	0	0	0	0	0	0	5
2832	2	0	0	0	2	0	0	0	0	0	0	0	4
2833	2	0	0	0	0	0	0	0	0	0	0	0	2
2834	0	0	0	0	1	0	0	0	0	0	0	0	1
2835	0	0	0	1	0	0	0	0	0	0	0	0	1
2836	1	0	0	0	1	0	0	1	0	0	0	0	3
2837	1	0	0	0	2	0	0	0	0	0	0	0	3
2838	1	0	0	1	0	0	0	0	0	0	0	0	2
2839	2	0	0	0	0	0	0	0	0	0	0	0	2
2840	0	1	0	0	0	0	0	0	0	0	0	0	1
2841	2	0	0	1	0	0	0	1	0	0	0	0	4
2842	3	0	1	0	0	0	0	0	0	0	0	0	4
2843	3	0	0	0	1	0	0	0	0	0	0	0	4
2844	1	0	0	0	1	0	0	0	0	0	0	0	2
2845	0	0	0	1	1	0	1	1	0	0	0	0	4
2846	2	0	1	0	0	0	0	0	0	0	0	0	3
2847	2	0	0	0	0	0	0	0	0	0	0	0	2
2848	1	0	0	0	0	0	1	0	0	0	0	0	2
2849	1	0	0	0	0	0	0	0	0	0	0	0	1
2850	2	0	0	0	2	0	0	2	0	0	0	0	6
2851	2	0	0	0	0	0	0	0	0	0	0	0	2
2852	2	0	0	0	0	0	0	0	0	0	0	0	2
2853	1	0	0	0	3	0	0	0	0	0	0	0	4
2854	0	0	0	0	3	0	0	0	0	0	0	0	3
2855	1	0	0	0	0	0	0	1	0	0	0	0	2
2856	1	0	0	1	0	0	0	0	0	0	0	0	2
2857	0	0	0	0	1	0	0	0	0	0	0	0	1
2859	0	0	0	0	2	0	0	0	0	0	0	0	2
2860	0	0	0	2	1	0	0	0	0	0	0	0	3
2861	3	0	0	0	0	0	0	0	0	0	0	0	3
2862	1	0	0	0	2	0	0	0	0	0	0	0	3
2863	2	0	0	0	0	0	0	0	0	0	0	0	2
2864	3	0	0	0	0	0	0	0	0	0	0	0	3
2865	0	0	0	0	0	1	0	0	0	0	0	0	1
2866	1	0	0	0	0	0	0	0	0	0	0	0	1
2867	1	0	0	1	0	0	1	2	0	0	0	0	5
2868	2	0	0	0	1	0	0	1	0	0	0	0	4
2869	1	0	0	0	0	2	0	0	0	0	0	0	3
2871	0	0	0	1	3	0	0	0	0	0	0	0	4
2872	1	0	1	0	0	0	0	0	0	0	0	0	2
2873	1	0	0	1	0	0	0	0	0	0	0	0	2
2874	2	0	0	0	1	0	0	0	0	0	0	0	3
2875	2	0	0	0	1	0	0	0	0	0	0	0	3
2876	1	0	0	0	0	0	0	0	0	0	0	0	1
2877	1	0	0	0	0	0	0	1	1	0	0	0	3
2878	1	0	0	0	0	0	0	0	0	0	0	0	1
2879	1	0	0	0	0	0	0	1	0	0	0	0	2
2880	1	0	0	0	0	0	0	0	0	0	0	0	1
2881	0	0	1	0	0	0	0	0	0	0	0	0	1
2884	2	0	0	0	1	0	0	0	0	0	0	0	3
2885	2	0	0	0	1	0	0	0	0	0	0	0	3
2886	1	0	0	0	1	0	0	2	0	0	0	0	4
2887	1	0	0	0	2	0	0	0	0	0	0	0	3
2888	3	0	0	0	0	0	0	0	0	0	0	0	3
2889	2	0	0	0	0	0	1	1	0	0	0	0	4
2890	2	0	0	0	0	0	0	0	0	0	0	0	2
2891	2	0	0	0	0	0	0	0	0	0	0	0	2
2892	0	0	0	0	1	0	0	0	0	0	0	0	1
2893	0	0	0	1	2	0	0	0	0	0	0	0	3
2894	0	0	2	0	2	0	0	0	0	0	0	0	4
2895	1	0	0	0	0	0	0	0	0	0	0	0	1
2896	2	0	0	0	0	0	0	1	0	0	0	0	3
2897	2	0	0	0	1	0	0	0	0	0	0	0	3
2898	2	0	0	1	1	0	0	0	0	0	0	0	4
2899	2	0	0	1	0	0	0	0	0	0	0	0	3
2900	0	0	0	0	1	0	0	0	0	0	0	0	1
2901	1	0	0	0	1	0	0	0	0	0	0	0	2
2902	1	0	0	0	0	0	0	0	0	0	0	0	1
2903	1	0	0	0	1	0	0	0	0	0	0	0	2
2904	2	0	0	0	0	0	0	0	0	0	0	0	2
2905	2	0	0	0	1	0	0	0	0	0	0	0	3
2906	2	0	0	1	0	0	0	0	0	0	0	0	3
2908	1	0	0	0	0	0	0	0	0	0	0	0	1
2909	1	0	0	0	0	0	0	0	0	0	0	0	1
2910	1	0	0	0	1	0	0	0	0	0	0	0	2
2911	2	0	0	1	0	0	0	0	0	0	0	0	3
2912	2	0	1	0	0	0	0	1	0	0	0	0	4
2913	2	0	0	0	1	0	0	0	0	0	0	0	3
2914	1	0	0	0	0	0	0	0	0	0	0	0	1
2915	0	2	0	1	0	0	0	1	0	0	0	0	4
2916	1	0	0	0	0	0	0	1	0	0	0	0	2
2917	2	0	0	0	0	0	0	0	0	0	0	0	2
2918	2	0	0	0	0	0	0	1	0	0	0	0	3
2919	1	0	0	0	0	0	0	0	0	0	0	0	1
2920	2	0	0	0	0	0	0	0	0	0	0	0	2
2921	1	0	0	0	0	0	0	0	0	0	0	0	1
2922	3	0	0	0	0	0	0	0	0	0	0	0	3
2923	2	0	0	0	0	0	0	0	0	0	0	0	2
2924	2	0	0	0	0	0	0	0	0	1	0	0	3
2925	3	0	0	0	0	0	0	0	1	0	0	0	4
2926	1	0	0	0	0	0	0	0	0	0	0	0	1
2927	0	0	1	0	2	0	0	1	0	0	0	0	4
2928	2	0	0	0	1	0	0	1	0	0	0	0	4
2930	1	0	0	0	1	0	0	0	0	0	0	0	2
2931	4	0	0	0	0	0	0	1	0	0	0	0	5
2933	2	0	0	0	0	0	0	0	0	0	0	0	2
2934	3	0	0	0	0	0	0	0	0	0	0	0	3
2935	0	0	0	0	2	0	0	0	0	0	0	0	2
2936	1	0	0	0	1	0	0	0	0	0	0	0	2
2937	4	0	0	0	0	1	0	0	0	0	0	0	5
2938	3	0	0	0	2	0	0	0	0	0	0	0	5
2940	1	0	0	0	0	0	0	0	0	0	0	0	1
2941	5	0	0	0	0	0	0	0	0	0	0	0	5
2942	4	0	0	0	1	0	0	1	0	0	0	0	6
2943	1	0	0	0	0	1	0	0	0	0	0	0	2
2944	4	0	0	0	0	0	0	0	0	0	0	0	4
2945	3	0	0	0	0	0	1	1	0	0	0	0	5
2946	2	0	0	0	2	0	0	0	0	0	0	0	4
2947	2	0	0	0	0	0	0	0	0	0	0	0	2
2948	1	0	0	0	0	0	0	1	0	0	0	0	2
2949	0	0	0	0	1	0	0	0	0	0	0	0	1
2950	4	0	0	0	0	0	0	0	0	0	0	0	4
2951	4	0	0	0	3	0	0	1	1	0	0	0	9
2952	2	0	0	0	0	0	0	1	0	0	0	0	3
2953	1	0	0	0	0	0	0	0	0	0	0	0	1
2954	3	0	0	1	0	0	0	0	0	0	0	0	4
2955	1	0	0	0	0	0	1	0	0	0	0	0	2
2956	1	0	0	0	0	0	0	1	0	0	0	0	2
2957	0	0	0	1	1	0	0	0	0	0	0	0	2
2958	2	0	0	0	0	0	0	0	0	0	0	0	2
2959	0	0	0	0	1	0	0	0	0	0	0	0	1
2960	1	0	0	0	0	0	0	0	0	0	0	0	1
2961	2	0	0	0	0	1	0	0	1	0	0	0	4
2962	1	0	0	0	1	0	1	0	0	0	0	0	3
2963	3	0	0	0	0	0	0	0	0	0	0	0	3
2964	2	0	0	0	0	0	0	0	0	0	0	0	2
2965	5	0	0	0	0	0	0	0	0	0	0	0	5
2966	1	0	0	1	0	0	0	1	0	0	0	0	3
2967	3	0	0	0	1	0	0	0	0	0	0	0	4
2968	3	0	0	0	0	0	0	0	0	0	0	0	3
2969	0	0	0	0	2	0	0	0	0	0	0	0	2
2970	0	1	0	0	0	0	0	0	0	0	0	0	1
2971	2	0	0	0	0	0	0	0	0	0	0	0	2
2972	1	0	0	0	5	0	0	0	0	0	0	0	6
2973	2	0	0	0	0	0	0	0	0	0	0	0	2
2974	2	0	0	0	0	0	0	1	0	0	0	0	3
2975	0	0	0	0	1	0	0	0	0	0	0	0	1
2976	2	0	0	0	1	0	0	0	0	0	0	0	3
2977	1	0	0	0	0	0	0	1	0	0	0	0	2
2978	3	0	0	0	0	0	0	0	0	0	0	0	3
2979	2	0	0	0	0	0	0	0	0	0	0	0	2
2980	1	0	0	0	1	0	0	0	0	0	0	0	2
2981	0	0	0	0	2	0	0	0	0	0	0	0	2
2982	2	0	0	0	0	0	0	1	0	0	0	0	3
2983	2	0	0	0	0	0	0	0	0	0	0	0	2
2984	0	0	0	0	2	0	0	0	0	0	0	0	2
2985	1	0	0	0	0	0	1	0	0	0	0	0	2
2986	0	0	0	0	3	0	0	0	0	0	0	0	3
2987	3	0	0	1	0	0	1	0	0	0	0	0	5
2988	1	0	0	0	1	0	0	0	0	0	0	0	2
2989	3	0	0	0	1	0	0	0	0	0	0	0	4
2990	2	0	0	0	0	0	0	1	0	0	0	0	3
2991	0	0	0	0	2	0	0	0	0	0	0	0	2
2992	0	0	0	1	0	0	0	0	0	0	0	0	1
2994	1	0	0	0	1	0	0	0	0	0	0	0	2
2995	1	0	0	0	1	0	0	0	0	0	0	0	2
2996	2	1	0	0	0	0	0	1	0	0	0	0	4
2997	2	0	2	0	0	0	0	0	0	0	0	0	4
2998	2	0	0	0	2	0	0	0	0	0	0	0	4
2999	0	0	0	2	0	0	0	1	0	0	0	0	3
3000	3	0	0	1	0	0	0	0	0	0	0	0	4
3001	1	0	0	0	1	0	0	0	0	0	0	0	2
3002	3	0	0	0	0	0	1	0	0	0	0	0	4
3003	2	0	0	0	0	0	0	0	0	0	0	0	2
3004	3	0	0	0	0	0	0	0	0	0	0	0	3
3005	2	0	0	0	0	0	0	0	0	0	0	0	2
3006	1	0	0	0	0	0	0	1	0	0	0	0	2
3007	1	0	0	0	0	0	0	0	0	0	0	0	1
3008	2	0	0	0	1	0	0	0	1	0	0	0	4
3009	2	0	0	0	0	0	0	0	0	0	0	0	2
3010	0	0	0	0	2	0	0	0	0	0	0	0	2
3011	2	0	0	0	0	0	0	0	0	0	0	0	2
3012	2	0	0	0	0	0	0	0	0	0	0	0	2
3013	2	0	0	0	0	0	0	0	0	0	0	0	2
3014	2	0	0	1	2	0	0	0	0	0	0	0	5
3015	2	0	0	0	2	0	0	0	0	0	0	0	4
3016	2	0	0	0	0	0	0	0	0	0	0	0	2
3017	1	0	0	1	0	0	0	0	0	0	0	0	2
3018	1	0	0	0	0	0	0	0	0	0	0	0	1
3019	2	0	0	0	1	0	0	0	0	0	0	0	3
3020	3	0	0	0	1	0	0	1	0	0	0	0	5
3021	3	0	0	1	1	1	0	0	0	0	0	0	6
3022	1	0	0	0	0	0	0	1	0	0	0	0	2
3023	1	0	0	0	0	0	0	1	0	0	0	0	2
3024	1	0	0	0	1	0	0	0	0	0	0	0	2
3025	3	0	0	0	0	0	1	1	0	0	0	0	5
3026	2	0	0	0	0	0	0	0	0	0	0	0	2
3027	2	0	0	0	0	0	0	0	0	0	0	0	2
3028	2	0	0	0	2	0	0	0	0	0	0	0	4
3029	2	0	0	0	0	0	0	0	0	0	0	0	2
3030	3	0	0	0	0	0	0	0	0	0	0	0	3
3031	2	0	0	0	0	0	0	0	0	0	0	0	2
3032	1	0	0	0	0	0	1	1	0	0	0	0	3
3033	2	0	0	0	0	0	0	0	0	0	0	0	2
3034	0	0	1	0	0	0	0	0	0	0	0	0	1
3035	2	0	0	0	0	0	0	0	0	0	0	0	2
3036	1	0	0	1	1	0	0	0	1	0	0	0	4
3037	1	0	0	0	0	0	0	0	1	0	0	0	2
3038	1	0	0	0	1	0	0	0	0	0	0	0	2
3039	2	0	0	0	0	0	1	0	0	0	0	0	3
3040	1	1	0	0	2	0	0	0	0	0	0	0	4
3041	4	0	0	0	0	0	0	0	0	0	0	0	4
3042	2	0	0	0	0	0	0	0	0	0	0	0	2
3043	3	1	0	0	0	0	0	0	0	0	0	0	4
3044	0	0	0	0	0	0	0	1	0	0	0	0	1
3045	3	0	0	0	0	0	0	0	0	0	0	0	3
3046	2	0	0	0	1	0	0	0	0	0	0	0	3
3047	2	0	0	0	2	0	0	0	0	0	0	0	4
3048	2	0	0	0	0	0	0	1	0	0	0	0	3
3050	0	0	0	0	1	0	0	0	0	0	0	0	1
3051	1	0	0	0	0	0	0	0	0	0	0	0	1
3052	2	0	0	1	1	0	0	1	0	0	0	0	5
3053	1	0	0	0	1	0	1	0	0	0	0	0	3
3054	1	0	0	0	0	0	0	0	0	0	0	0	1
3055	1	0	0	0	1	0	0	0	0	0	0	0	2
3056	2	0	0	0	0	0	0	0	0	0	0	0	2
3057	3	0	0	0	0	0	0	1	0	0	0	0	4
3058	3	0	0	1	3	0	0	0	0	0	0	0	7
3059	1	0	1	0	0	0	0	0	0	0	0	0	2
3060	2	0	0	0	0	0	0	0	0	0	0	0	2
3061	2	0	0	1	1	0	0	0	0	0	0	0	4
3062	3	0	0	0	0	0	0	1	0	0	0	0	4
3063	1	0	0	0	1	0	0	1	0	0	0	0	3
3064	1	0	0	0	0	0	0	0	0	0	0	0	1
3065	2	0	0	0	0	0	0	0	0	0	0	0	2
3066	3	0	0	0	0	0	0	1	0	0	0	0	4
3067	1	0	0	0	0	0	0	0	0	0	0	0	1
3068	1	0	0	1	2	0	0	0	0	0	0	0	4
3069	2	0	0	0	0	0	0	1	0	0	0	0	3
3070	1	0	0	0	0	0	0	0	0	0	0	0	1
3071	1	0	0	0	0	0	0	0	0	0	0	0	1
3072	2	0	0	0	1	0	0	0	0	0	0	0	3
3074	1	0	0	0	0	0	0	0	0	0	0	0	1
3075	4	0	0	0	0	0	0	0	0	0	0	0	4
3076	0	1	0	1	0	0	0	0	0	0	0	0	2
3077	3	0	0	0	1	0	0	0	0	0	0	0	4
3078	4	0	0	0	0	0	0	0	0	0	0	0	4
3079	0	0	0	1	0	0	0	0	0	0	0	0	1
3080	3	0	0	0	0	1	0	0	0	0	0	0	4
3081	0	0	0	0	0	1	0	1	0	0	0	0	2
3082	2	0	0	0	0	0	0	0	0	0	0	0	2
3083	1	0	0	0	0	0	0	0	0	0	0	0	1
3084	1	0	0	0	1	1	0	0	0	0	0	0	3
3085	1	0	0	0	0	0	0	0	0	0	0	0	1
3086	2	0	0	0	0	0	0	1	0	0	0	0	3
3087	2	0	0	0	1	0	0	0	0	0	0	0	3
3088	3	0	0	0	0	0	0	0	0	0	0	0	3
3089	2	0	0	0	1	0	0	0	0	0	0	0	3
3091	1	0	0	0	1	0	0	0	0	0	0	0	2
3092	2	0	0	0	0	0	0	0	0	0	0	0	2
3093	5	0	0	0	0	0	0	1	0	0	0	0	6
3094	1	0	1	0	0	0	0	0	0	0	0	0	2
3095	1	0	0	0	0	0	0	0	0	0	0	0	1
3096	2	0	0	0	1	0	0	0	0	0	0	0	3
3097	0	0	0	0	2	0	0	0	0	0	0	0	2
3098	1	0	0	1	0	1	0	0	0	0	0	0	3
3099	2	0	0	0	1	0	0	0	0	0	0	0	3
3100	2	0	2	0	0	0	0	0	0	0	0	0	4
3101	3	0	0	0	0	0	0	0	0	0	0	0	3
3102	1	0	0	0	0	0	0	0	0	0	0	0	1
3103	2	0	0	0	3	0	0	0	0	0	0	0	5
3104	2	0	0	0	3	0	0	0	0	1	0	0	6
3105	1	0	0	0	1	0	0	0	0	0	0	0	2
3106	1	0	0	1	0	0	1	0	0	0	0	0	3
3107	1	0	0	0	3	0	2	0	0	0	0	0	6
3108	1	0	0	0	2	0	0	0	0	0	0	0	3
3109	4	0	0	0	1	0	0	0	0	0	0	0	5
3110	3	0	0	0	0	0	0	1	0	0	0	0	4
3111	1	0	0	0	1	0	0	0	0	0	0	0	2
3112	2	0	0	0	0	0	0	0	0	0	0	0	2
3113	1	0	0	0	0	0	0	0	0	0	0	0	1
3114	5	0	0	0	0	0	0	0	0	0	0	0	5
3115	2	0	0	1	1	0	0	0	0	0	0	0	4
3116	1	0	0	0	0	0	0	0	0	0	0	0	1
3117	1	0	0	0	1	0	0	0	0	0	0	0	2
3118	4	0	0	0	1	0	2	0	0	0	0	0	7
3119	1	0	0	0	1	0	0	0	0	0	0	0	2
3120	1	0	0	0	1	0	0	0	0	0	0	0	2
3121	3	0	0	0	1	0	0	0	0	0	0	0	4
3122	1	0	0	1	1	0	0	1	0	0	0	0	4
3123	1	0	0	0	0	0	0	0	0	0	0	0	1
3124	1	0	0	0	1	0	0	0	0	0	0	0	2
3125	1	0	0	0	1	0	0	0	0	0	0	0	2
3126	3	0	0	0	0	0	0	0	0	0	0	0	3
3127	1	0	1	0	1	0	0	1	0	0	0	0	4
3128	2	0	0	0	0	0	0	0	0	0	0	0	2
3129	3	0	0	0	0	0	0	0	0	0	0	0	3
3130	1	0	0	0	0	0	0	0	0	0	0	0	1
3131	1	0	0	0	0	0	0	0	0	0	0	0	1
3133	0	0	0	0	2	0	1	0	0	0	0	0	3
3134	2	0	1	0	2	0	0	0	0	0	0	0	5
3135	2	0	0	0	0	0	0	0	0	0	0	0	2
3136	1	0	0	0	0	1	0	0	0	0	0	0	2
3137	4	0	0	0	0	0	1	1	0	0	0	0	6
3138	1	0	0	0	1	0	0	0	0	0	0	0	2
3139	3	0	0	1	0	0	0	0	0	0	0	0	4
3140	1	0	0	0	0	0	0	0	1	0	0	0	2
3141	2	0	0	0	0	0	0	1	0	0	0	0	3
3142	1	0	0	0	1	0	0	1	0	0	0	0	3
3143	2	0	0	0	2	0	0	0	0	0	0	0	4
3144	1	0	0	0	1	0	1	1	0	0	0	0	4
3145	1	0	0	0	0	0	0	0	0	0	0	0	1
3146	1	1	1	0	1	0	0	0	0	0	0	0	4
3147	3	0	0	0	1	0	0	0	0	0	0	0	4
3148	2	0	0	0	0	0	0	0	0	0	0	0	2
3149	2	0	0	0	0	0	0	1	1	0	0	0	4
3150	0	0	0	0	1	0	0	0	0	0	0	0	1
3151	2	0	0	0	1	0	0	0	0	0	0	0	3
3152	3	0	0	0	0	0	0	0	0	0	0	0	3
3153	1	0	0	0	0	0	0	0	0	0	0	0	1
3154	1	0	0	0	0	0	0	0	0	0	0	0	1
3155	1	0	0	0	1	0	0	0	0	0	0	0	2
3156	1	1	0	1	0	0	0	0	0	0	0	0	3
3157	0	0	0	0	2	0	0	0	0	0	0	0	2
3158	2	0	0	0	0	0	0	0	0	0	0	0	2
3159	1	0	0	1	0	0	0	1	0	0	0	0	3
3160	2	0	0	0	0	0	0	0	0	0	0	0	2
3161	1	0	0	0	0	0	0	2	0	0	0	0	3
3162	3	0	0	0	2	0	0	3	0	0	0	0	8
3163	2	0	0	0	1	0	0	0	0	0	0	0	3
3164	2	0	0	0	1	0	0	1	0	0	0	0	4
3165	3	0	0	0	0	0	0	0	0	0	0	0	3
3166	5	0	0	0	0	1	0	0	0	0	0	0	6
3167	2	0	1	0	0	0	0	0	0	0	0	0	3
3168	2	0	0	0	0	0	0	0	0	0	0	0	2
3169	2	0	0	0	1	0	0	1	0	0	0	0	4
3170	1	0	0	0	0	0	0	1	0	0	0	0	2
3171	2	0	0	0	1	1	0	0	0	0	0	0	4
3172	3	0	0	0	2	0	0	1	0	0	0	0	6
3174	1	0	0	0	0	0	1	1	0	0	0	0	3
3175	1	0	0	0	4	0	0	0	0	0	0	0	5
3176	2	0	0	0	0	0	0	0	0	0	0	0	2
3177	2	0	0	0	0	0	0	0	0	0	0	0	2
3178	1	0	1	1	0	0	0	0	0	0	0	0	3
3179	1	0	0	0	1	0	0	0	0	0	0	0	2
3180	3	1	0	0	1	0	0	0	0	0	0	0	5
3181	2	0	0	1	0	0	0	1	0	0	0	0	4
3182	3	0	0	0	0	0	1	1	0	0	0	0	5
3183	3	0	0	0	2	0	0	0	0	0	0	0	5
3184	2	0	0	0	0	0	0	0	0	0	0	0	2
3185	2	0	0	1	0	0	0	0	0	0	0	0	3
3186	1	0	0	1	1	0	0	0	0	0	0	0	3
3189	3	0	0	0	0	0	0	0	0	0	0	0	3
3190	3	0	1	0	2	0	0	0	0	0	0	0	6
3191	1	0	0	0	0	0	0	0	0	0	0	0	1
3192	2	0	0	0	0	0	0	0	0	0	0	0	2
3193	1	0	0	0	0	0	0	0	0	0	0	0	1
3194	2	0	0	0	0	0	0	0	0	0	0	0	2
3195	2	0	0	0	0	0	0	0	0	0	0	0	2
3196	2	0	0	0	0	0	0	0	0	0	0	0	2
3197	1	0	0	0	1	0	0	0	0	0	0	0	2
3198	2	0	0	1	0	0	0	1	0	0	0	0	4
3199	2	0	0	0	0	0	0	0	0	0	0	0	2
3200	3	0	0	0	1	0	0	0	0	0	0	0	4
3201	2	0	0	1	0	0	0	0	0	0	0	0	3
3202	1	0	0	0	0	0	0	0	0	0	0	0	1
3203	0	1	0	0	0	0	0	0	0	0	0	0	1
3204	0	1	0	0	0	0	0	0	0	0	0	0	1
3205	2	0	0	1	0	0	0	0	0	0	0	0	3
3206	1	0	0	0	0	0	0	0	0	0	0	0	1
3207	2	0	0	0	0	0	0	0	0	0	0	0	2
3208	1	0	0	0	1	0	0	1	0	0	0	0	3
3209	2	0	0	0	0	0	0	0	0	0	0	0	2
3210	2	0	0	0	0	0	0	0	0	0	0	0	2
3211	0	0	0	0	2	0	1	0	0	0	0	0	3
3212	2	0	0	0	1	0	1	0	0	0	0	0	4
3213	1	0	0	0	0	0	0	0	0	0	0	0	1
3214	3	0	0	0	0	0	0	1	0	0	0	0	4
3215	2	0	1	1	1	0	0	0	0	0	0	0	5
3216	3	0	0	0	0	0	0	0	0	0	0	0	3
3217	2	0	0	0	1	0	0	1	0	0	0	0	4
3218	0	0	0	0	2	0	0	0	0	0	0	0	2
3219	1	0	0	2	0	0	0	0	0	0	0	0	3
3220	2	0	0	0	0	0	0	2	0	0	0	0	4
3221	2	0	0	0	0	0	0	0	0	0	0	0	2
3222	2	0	0	0	0	0	0	0	0	0	0	0	2
3223	2	0	0	0	0	0	0	0	0	0	0	0	2
3224	1	0	0	0	2	0	0	0	0	0	0	0	3
3225	1	0	0	0	0	0	0	0	0	0	0	0	1
3226	1	0	0	0	1	0	0	1	0	0	0	0	3
3228	1	0	0	0	0	0	0	0	0	0	0	0	1
3229	0	0	0	0	1	0	0	0	0	0	0	0	1
3230	2	0	0	0	1	0	0	0	0	0	0	0	3
3231	2	0	0	0	2	0	0	0	0	0	0	0	4
3232	4	0	0	0	0	0	0	0	0	0	0	0	4
3233	2	0	0	0	0	0	0	0	0	0	0	0	2
3234	1	0	0	0	0	1	0	0	0	0	0	0	2
3235	2	0	0	0	1	1	0	0	0	0	0	0	4
3236	2	0	0	0	1	0	0	0	0	0	0	0	3
3237	0	0	0	1	3	0	1	0	0	0	0	0	5
3238	2	0	0	0	0	0	0	0	0	0	0	0	2
3239	3	0	0	0	0	0	0	0	0	0	0	0	3
3240	4	0	0	0	1	0	0	0	0	0	0	0	5
3241	2	0	0	1	1	0	0	1	0	0	0	0	5
3242	3	0	0	0	0	0	0	0	0	0	0	0	3
3243	2	0	0	0	0	0	0	0	0	0	0	0	2
3244	3	0	0	0	2	0	0	0	0	0	0	0	5
3245	1	0	0	0	0	0	0	0	0	0	0	0	1
3246	3	0	0	0	2	0	0	0	0	0	0	0	5
3247	1	0	0	0	0	0	0	0	0	0	0	0	1
3248	2	0	0	0	0	0	0	0	0	0	0	0	2
3249	2	0	0	0	0	0	0	1	0	0	0	0	3
3250	3	0	0	1	0	0	0	1	0	0	0	0	5
3251	2	0	0	0	1	0	0	1	0	0	0	0	4
3252	2	0	0	0	0	0	0	1	0	0	0	0	3
3253	2	0	0	0	0	0	0	0	0	0	0	0	2
3254	3	0	0	0	0	0	0	0	0	0	0	0	3
3255	2	0	0	0	0	0	0	0	0	0	0	0	2
3256	2	0	0	0	0	1	0	0	0	0	0	0	3
3257	1	0	0	0	2	0	0	0	0	0	0	0	3
3258	1	0	0	0	0	0	0	0	0	0	0	0	1
3259	1	0	0	0	0	1	0	0	0	0	0	0	2
3260	2	0	0	0	1	0	0	0	0	0	0	0	3
3261	0	0	0	1	0	0	0	0	0	0	0	0	1
3262	1	0	0	0	0	0	0	0	0	0	0	0	1
3263	1	0	0	0	0	0	0	0	0	0	0	0	1
3264	2	0	0	0	0	0	0	0	0	0	0	0	2
3265	1	0	0	0	1	0	0	1	0	0	0	0	3
3266	2	0	0	0	0	0	0	0	0	1	0	0	3
3267	0	0	0	0	2	0	0	0	0	0	0	0	2
3268	3	0	0	0	1	0	0	0	0	0	0	0	4
3269	1	0	0	1	0	0	0	0	0	0	0	0	2
3270	2	0	0	0	1	0	0	0	0	0	0	0	3
3271	2	0	0	0	0	0	0	0	0	0	0	0	2
3272	1	0	0	0	0	0	0	0	0	0	0	0	1
3273	2	0	0	0	1	0	0	0	0	0	0	0	3
3274	2	0	0	0	2	0	0	0	0	0	0	0	4
3275	3	0	0	0	0	0	0	0	0	0	0	0	3
3276	1	0	0	0	0	1	1	0	0	0	0	0	3
3277	2	0	0	0	0	0	1	0	0	0	0	0	3
3279	1	1	0	0	0	0	1	0	0	0	0	0	3
3280	5	0	0	0	0	0	0	0	0	0	0	0	5
3281	2	0	0	0	0	0	0	0	0	0	0	0	2
3282	1	0	0	0	1	0	0	0	0	0	0	0	2
3283	3	0	0	0	0	0	1	0	0	0	0	0	4
3284	1	0	0	0	1	0	0	1	0	0	0	0	3
3285	1	0	0	0	1	0	0	0	0	0	0	0	2
3286	0	0	0	0	2	0	0	0	0	0	0	0	2
3287	3	0	0	0	0	0	1	0	1	0	0	0	5
3288	3	0	0	0	1	0	0	1	0	0	0	0	5
3289	2	0	0	0	0	0	0	0	0	0	0	0	2
3290	0	0	0	2	1	0	1	0	1	0	0	0	5
3291	3	0	1	0	0	0	0	0	0	0	0	0	4
3292	1	0	0	0	1	0	0	0	0	0	0	0	2
3293	0	0	0	0	4	0	0	0	0	0	0	0	4
3294	3	0	0	0	1	0	0	0	0	0	0	0	4
3295	1	0	0	0	0	0	2	2	0	0	0	0	5
3296	2	0	0	0	0	0	0	0	0	0	0	0	2
3297	2	0	0	0	0	0	0	0	0	0	0	0	2
3298	0	0	0	0	1	0	1	0	0	0	0	0	2
3299	1	0	0	0	0	0	0	2	0	0	0	0	3
3300	1	0	0	0	2	0	0	0	0	0	0	0	3
3301	2	0	0	0	0	0	0	1	0	0	0	0	3
3302	0	0	0	0	1	0	0	0	0	0	0	0	1
3303	2	0	0	0	0	0	0	0	0	0	0	0	2
3304	1	0	0	0	0	0	0	0	0	0	0	0	1
3305	2	0	0	0	3	0	0	0	0	0	0	0	5
3306	3	0	0	0	0	0	1	0	0	0	0	0	4
3307	1	0	0	1	0	0	0	0	0	0	0	0	2
3308	1	0	0	0	1	0	0	0	0	0	0	0	2
3309	0	0	0	0	1	1	0	0	0	0	0	0	2
3310	1	0	0	1	1	0	0	0	0	0	0	0	3
3311	1	0	0	0	0	0	0	0	0	0	0	0	1
3312	3	0	0	0	0	0	0	0	0	0	0	0	3
3313	0	0	0	1	1	0	1	0	0	0	0	0	3
3314	2	0	0	0	1	0	0	1	0	0	0	0	4
3315	1	0	0	1	0	0	0	0	0	0	0	0	2
3316	0	1	0	1	0	0	0	0	0	0	0	0	2
3317	1	0	0	0	2	0	0	0	0	0	0	0	3
3318	1	0	0	0	0	0	1	0	1	0	0	0	3
3319	1	0	0	0	0	0	0	0	0	0	0	0	1
3320	2	0	0	0	0	0	0	0	0	0	0	0	2
3321	0	0	0	0	1	0	0	0	0	0	0	0	1
3322	2	0	0	0	1	0	0	0	0	0	0	0	3
3323	3	0	0	0	0	0	0	0	0	0	0	0	3
3324	3	0	0	0	0	0	0	0	1	0	0	0	4
3325	3	0	0	0	1	0	0	0	0	0	0	0	4
3326	1	0	0	0	2	0	0	0	1	0	0	0	4
3327	3	0	0	0	0	0	0	0	1	0	0	0	4
3328	3	0	0	0	0	0	0	1	0	0	0	0	4
3329	3	0	0	1	0	0	0	1	0	0	0	0	5
3330	3	0	0	0	1	0	0	0	0	0	0	0	4
3331	2	0	0	0	0	0	0	1	0	0	0	0	3
3332	1	0	0	0	2	0	0	0	1	0	0	0	4
3333	2	0	0	0	1	0	0	1	0	0	0	0	4
3334	0	0	1	0	0	0	0	0	0	0	0	0	1
3335	2	0	0	0	0	0	1	1	0	0	0	0	4
3336	2	0	0	0	0	0	0	0	0	0	0	0	2
3337	1	0	0	0	1	0	0	0	0	0	0	0	2
3338	5	0	0	0	0	0	0	0	0	0	0	0	5
3339	3	0	0	0	0	0	0	1	0	0	0	0	4
3340	2	0	0	0	0	0	0	1	0	0	0	0	3
3341	4	0	0	0	0	0	0	0	0	0	0	0	4
3342	2	0	0	0	1	0	0	0	0	0	0	0	3
3343	1	0	0	0	3	0	0	1	0	0	0	0	5
3344	2	0	0	0	1	0	0	0	1	0	0	0	4
3345	3	0	0	0	0	0	1	0	0	0	0	0	4
3346	5	0	0	0	0	0	0	1	0	0	0	0	6
3347	2	0	0	0	1	0	0	0	0	0	0	0	3
3348	3	0	0	0	0	0	0	0	0	0	0	0	3
3349	4	0	0	0	1	0	0	1	0	0	0	0	6
3350	2	0	0	0	1	0	0	0	0	0	0	0	3
3351	2	0	0	0	0	0	0	0	0	0	0	0	2
3352	1	0	0	0	0	0	0	0	0	0	0	0	1
3353	4	0	0	0	0	0	0	0	0	0	0	0	4
3354	1	0	0	0	0	0	0	0	0	0	0	0	1
3355	4	0	0	1	0	0	0	1	0	0	0	0	6
3356	3	0	0	0	0	0	0	0	0	0	0	0	3
3357	3	0	0	0	0	0	0	1	0	0	0	0	4
3358	1	0	0	0	1	0	0	0	0	0	0	0	2
3359	0	0	0	0	2	0	0	0	0	0	0	0	2
3360	2	0	0	1	0	0	0	0	0	0	0	0	3
3361	1	0	0	0	2	0	0	1	0	0	0	0	4
3362	1	0	0	1	0	0	0	1	0	0	0	0	3
3363	3	0	0	0	0	0	1	0	0	0	0	0	4
3364	1	0	0	0	1	0	0	0	0	0	0	0	2
3365	3	0	0	0	0	0	0	0	0	0	0	0	3
3366	1	0	0	0	2	1	0	0	0	0	0	0	4
3367	3	0	0	0	1	0	0	0	0	0	0	0	4
3368	1	0	0	0	0	0	0	0	0	0	0	0	1
3369	3	0	0	0	0	0	0	0	0	0	0	0	3
3370	5	0	0	0	0	0	0	0	0	0	0	0	5
3371	1	0	0	0	1	0	0	0	0	0	0	0	2
3372	4	0	0	0	0	0	0	1	0	0	0	0	5
3373	0	0	0	1	2	0	0	0	0	0	0	0	3
3374	1	0	0	0	3	0	0	0	1	0	0	0	5
3375	1	0	0	0	0	0	0	0	0	0	0	0	1
3376	3	0	0	0	0	0	0	0	0	0	0	0	3
3378	0	0	0	1	0	0	0	0	0	0	0	0	1
3379	1	0	0	0	0	0	0	0	0	0	0	0	1
3380	4	0	0	0	0	0	0	0	0	0	0	0	4
3381	2	0	0	0	1	0	0	0	0	0	0	0	3
3382	2	0	0	0	0	0	0	0	0	0	0	0	2
3383	5	0	0	0	0	0	0	0	0	0	0	0	5
3384	3	0	0	0	0	0	0	0	0	0	0	0	3
3385	1	0	0	0	0	0	0	0	0	0	0	0	1
3386	3	0	0	0	0	0	0	0	0	0	0	0	3
3387	3	0	0	0	0	0	0	0	0	0	0	0	3
3388	4	0	0	0	0	0	1	0	0	0	0	0	5
3389	1	0	0	0	1	0	0	0	0	0	0	0	2
3390	2	0	0	1	0	0	0	0	0	0	0	0	3
3391	2	0	0	0	0	0	0	0	0	0	0	0	2
3392	2	0	0	0	1	0	0	0	0	0	0	0	3
3393	2	0	0	0	0	0	0	0	0	0	0	0	2
3394	4	0	0	0	1	0	0	0	0	0	0	0	5
3395	0	0	0	2	4	0	0	0	0	0	0	0	6
3396	2	0	0	0	1	0	0	0	0	0	0	0	3
3397	2	0	0	0	0	0	0	1	0	0	0	0	3
3398	1	0	0	0	1	0	0	0	0	0	0	0	2
3399	4	0	0	0	0	0	0	0	0	0	0	0	4
3400	1	0	0	0	0	0	0	0	0	0	0	0	1
3401	1	0	0	1	0	0	0	0	0	0	0	0	2
3402	3	0	0	0	0	0	1	1	0	0	0	0	5
3403	2	0	0	1	0	0	0	0	0	0	0	0	3
3404	2	0	0	0	0	0	0	2	0	0	0	0	4
3405	2	0	0	0	0	0	0	0	0	0	0	0	2
3406	1	0	0	0	1	0	0	0	0	0	0	0	2
3407	1	0	0	0	1	0	0	0	0	0	0	0	2
3408	2	0	0	1	0	0	0	0	0	0	0	0	3
3409	2	0	0	0	0	0	0	1	0	0	0	0	3
3410	3	0	0	0	0	0	0	2	0	0	0	0	5
3411	2	0	0	0	0	0	0	0	0	0	0	0	2
3412	3	0	0	0	1	1	0	0	0	0	0	0	5
3413	2	0	0	0	0	0	0	0	0	0	0	0	2
3414	3	0	0	0	0	0	0	1	0	0	0	0	4
3415	3	0	0	0	1	0	0	1	0	0	0	0	5
3416	2	0	0	0	1	0	0	0	0	0	0	0	3
3417	4	0	0	0	0	1	0	0	0	0	0	0	5
3418	2	0	0	0	2	0	0	0	0	0	0	0	4
3419	2	0	0	0	0	0	0	0	0	0	0	0	2
3420	1	0	0	0	0	0	0	0	0	0	0	0	1
3421	2	0	0	0	0	0	0	0	0	0	0	0	2
3422	0	0	0	0	0	1	0	0	0	0	0	0	1
3423	2	0	0	0	0	0	0	2	0	0	0	0	4
3424	3	0	0	0	1	0	0	0	0	0	0	0	4
3425	1	0	0	0	1	0	0	0	0	0	0	0	2
3426	2	0	0	0	0	0	0	0	0	0	0	0	2
3427	3	0	0	0	0	0	0	1	0	0	0	0	4
3428	3	0	0	0	0	0	0	1	0	0	0	0	4
3429	2	0	0	0	0	0	0	0	0	0	0	0	2
3430	1	0	0	0	0	0	0	0	0	0	0	0	1
3432	3	0	0	0	0	0	1	0	0	0	0	0	4
3433	1	1	0	0	2	0	0	0	0	0	0	0	4
3434	2	0	0	0	0	0	0	2	0	0	0	0	4
3435	4	0	0	0	0	0	0	0	0	0	0	0	4
3436	2	0	0	0	0	0	0	0	0	0	0	0	2
3437	3	0	0	1	1	0	0	0	0	0	0	0	5
3438	2	0	0	0	1	0	0	0	0	0	0	0	3
3439	3	0	0	0	2	0	0	0	0	0	0	0	5
3441	2	0	0	0	0	0	0	0	0	0	0	0	2
3442	0	0	0	1	3	0	1	0	0	0	0	0	5
3443	2	0	0	0	0	0	0	0	0	1	0	0	3
3444	3	0	0	0	0	0	0	0	0	0	0	0	3
3445	2	0	0	0	0	0	0	1	1	0	0	0	4
3446	2	0	0	0	0	0	0	0	0	0	0	0	2
3447	1	0	0	0	1	0	0	0	0	0	0	0	2
3448	1	0	0	0	0	0	0	0	0	0	0	0	1
3449	1	0	0	0	0	0	0	0	0	0	0	0	1
3450	3	0	0	0	1	0	0	0	0	0	0	0	4
3451	1	0	0	0	0	0	0	0	1	0	0	0	2
3452	2	0	0	0	0	1	0	1	0	0	0	0	4
3453	3	0	0	0	0	0	0	2	0	0	0	0	5
3454	0	0	0	0	1	0	0	0	0	0	0	0	1
3455	2	0	0	0	2	0	0	0	0	0	0	0	4
3456	2	0	0	0	0	0	1	0	0	0	0	0	3
3457	2	0	0	0	1	1	0	0	0	0	0	0	4
3458	3	0	0	0	0	0	0	0	0	0	0	0	3
3459	1	0	0	0	0	0	0	1	0	0	0	0	2
3460	3	0	0	0	0	2	0	0	0	0	0	0	5
3461	2	0	0	0	0	0	0	0	0	0	0	0	2
3462	3	0	0	0	0	0	0	0	0	0	0	0	3
3463	2	0	0	0	0	0	1	0	0	0	0	0	3
3464	2	0	0	0	0	0	0	0	0	0	0	0	2
3465	1	0	0	1	1	0	0	0	0	0	0	0	3
3466	1	0	0	0	1	0	0	0	0	0	0	0	2
3467	2	0	0	0	0	0	0	0	0	0	0	0	2
3468	1	0	0	0	0	0	0	0	0	0	0	0	1
3469	1	0	0	0	0	0	0	0	0	0	0	0	1
3470	2	0	0	0	0	0	0	0	0	0	0	0	2
3471	2	0	0	0	0	0	0	0	0	0	0	0	2
3472	3	0	0	0	1	0	0	0	0	0	0	0	4
3473	1	0	0	0	1	0	0	0	0	0	0	0	2
3474	1	0	0	0	1	0	0	0	0	0	0	0	2
3475	4	0	0	0	0	0	0	0	0	0	0	0	4
3476	3	0	0	0	1	0	1	1	0	0	0	0	6
3477	1	0	0	0	1	0	0	1	0	0	0	0	3
3478	5	0	0	0	1	0	0	0	0	0	0	0	6
3479	4	0	0	0	0	0	0	0	0	0	0	0	4
3480	3	0	0	0	1	0	0	0	0	0	0	0	4
3481	2	0	0	0	0	0	0	0	0	0	0	0	2
3482	1	0	0	0	0	0	0	1	0	0	0	0	2
3483	3	0	0	1	0	0	1	0	0	0	0	0	5
3484	1	1	0	0	1	0	0	0	0	0	0	0	3
3485	1	0	0	1	0	0	0	0	0	0	0	0	2
3486	1	0	0	0	0	0	0	0	0	0	0	0	1
3487	5	0	0	0	0	0	0	1	0	0	0	0	6
3488	1	0	0	0	0	0	0	0	0	0	0	0	1
3489	2	0	0	0	1	0	0	0	0	0	0	0	3
3490	2	0	0	0	1	0	0	1	0	0	0	0	4
3491	3	0	0	0	0	0	0	1	0	0	0	0	4
3492	3	0	0	0	0	0	0	0	0	0	0	0	3
3493	4	0	0	0	2	0	0	0	0	0	0	0	6
3494	2	0	0	0	2	0	0	0	0	0	0	0	4
3495	1	0	1	1	1	0	0	0	0	0	0	0	4
3496	2	0	0	0	0	0	0	0	0	0	0	0	2
3497	2	0	0	0	0	0	1	1	1	0	0	0	5
3498	2	0	0	0	0	0	0	1	0	0	0	0	3
3499	1	0	0	0	0	0	0	0	0	0	0	0	1
3500	3	0	0	0	0	0	0	1	0	0	0	0	4
3501	1	0	0	0	0	0	0	0	1	0	0	0	2
3502	5	0	0	0	1	0	0	0	0	0	0	0	6
3503	3	0	0	1	0	0	0	0	0	0	0	0	4
3504	1	0	0	0	1	0	0	0	0	0	0	0	2
3505	4	0	0	0	0	0	0	2	0	0	0	0	6
3506	1	0	0	0	0	0	0	1	0	0	0	0	2
3507	2	0	0	0	0	0	0	0	0	0	0	0	2
3508	1	0	0	0	1	0	0	0	1	1	0	0	4
3509	1	0	0	0	1	0	0	0	0	0	0	0	2
3510	2	0	0	0	2	0	0	0	0	0	0	0	4
3511	3	0	0	0	2	0	0	0	0	0	0	0	5
3512	1	0	0	0	1	0	0	0	0	0	0	0	2
3513	3	0	0	0	0	0	0	0	0	0	0	0	3
3514	0	0	0	0	2	0	2	0	0	0	0	0	4
3515	1	0	0	0	1	0	0	0	0	0	0	0	2
3516	3	0	0	0	1	0	0	0	0	0	0	0	4
3517	1	0	0	1	1	0	0	2	0	0	0	0	5
3518	2	0	0	0	0	0	0	0	0	0	0	0	2
3519	6	0	0	0	0	0	0	0	0	0	0	0	6
3520	0	0	0	0	0	0	0	1	0	0	0	0	1
3521	2	0	0	0	1	0	0	0	0	0	0	0	3
3522	5	0	0	0	0	0	0	0	0	0	0	0	5
3523	2	0	0	0	0	0	0	1	0	0	0	0	3
3524	4	0	0	0	0	0	0	0	0	0	0	0	4
3525	2	0	0	0	0	0	0	0	0	0	0	0	2
3526	5	0	1	1	0	0	0	0	0	0	0	0	7
3527	0	0	0	1	1	0	0	0	0	0	0	0	2
3528	1	0	0	0	0	0	0	0	0	0	0	0	1
3529	2	0	0	0	0	0	0	0	0	0	0	0	2
3530	1	0	0	0	1	0	0	1	0	0	0	0	3
3531	2	0	0	0	0	0	0	0	0	0	0	0	2
3532	3	0	0	0	1	0	0	0	0	0	0	0	4
3533	2	0	0	0	0	0	0	0	0	0	0	0	2
3534	2	0	0	0	0	0	0	1	1	0	0	0	4
3535	3	0	0	0	0	0	0	0	0	0	0	0	3
3536	2	0	0	0	0	0	0	0	0	0	0	0	2
3537	2	0	0	1	0	0	0	1	0	0	0	0	4
3538	2	0	0	0	0	0	0	0	0	0	0	0	2
3539	8	0	0	0	0	0	0	1	0	0	0	0	9
3540	2	0	0	0	0	0	0	1	0	0	0	0	3
3541	2	0	0	0	0	0	0	0	0	0	0	0	2
3542	3	0	0	0	0	0	0	0	0	0	0	0	3
3543	4	0	0	1	0	0	0	0	0	0	0	0	5
3544	3	0	0	0	0	0	0	1	0	0	0	0	4
3545	2	0	0	0	0	0	0	0	0	0	0	0	2
3546	3	0	0	0	0	0	0	0	1	0	0	0	4
3547	4	0	0	0	0	0	0	0	0	0	0	0	4
3548	2	0	0	0	2	0	1	0	0	0	0	0	5
3549	1	0	0	0	2	1	0	1	0	0	0	0	5
3550	3	0	0	0	1	0	0	0	0	0	0	0	4
3551	1	0	0	0	1	0	0	0	0	0	0	0	2
3552	2	0	0	1	0	0	0	0	0	0	0	0	3
3553	2	0	0	0	1	0	0	0	0	0	0	0	3
3554	3	0	0	1	0	0	0	0	0	0	0	0	4
3555	1	0	0	0	1	0	0	0	0	0	0	0	2
3556	1	0	0	0	1	0	0	0	0	0	0	0	2
3557	2	1	0	0	0	0	0	0	0	0	0	0	3
3558	2	0	0	0	0	0	0	0	0	0	0	0	2
3559	1	0	0	0	0	0	0	0	0	0	0	0	1
3560	3	0	0	0	0	0	0	0	0	0	0	0	3
3561	1	0	0	0	0	0	0	0	0	0	0	0	1
3562	3	0	0	0	0	0	0	0	0	0	0	0	3
3563	3	0	0	0	0	0	0	0	0	0	0	0	3
3564	0	0	0	0	1	0	0	0	0	0	0	0	1
3565	2	0	0	0	0	0	0	0	1	0	0	0	3
3566	1	0	0	1	2	0	1	0	0	0	0	0	5
3567	2	0	0	0	0	0	0	0	0	0	0	0	2
3568	0	0	1	0	0	0	0	0	0	0	0	0	1
3569	2	0	0	1	1	0	0	0	0	0	0	0	4
3570	1	0	0	0	0	0	0	0	0	0	0	0	1
3571	3	0	0	0	0	0	0	0	0	0	0	0	3
3572	2	0	0	1	1	0	0	0	0	0	0	0	4
3573	2	0	0	0	1	0	0	0	0	0	0	0	3
3574	2	0	0	1	2	0	0	0	0	0	0	0	5
3575	1	0	1	0	0	0	0	0	0	0	0	0	2
3577	4	0	0	0	0	0	0	1	0	0	0	0	5
3578	3	1	0	0	0	0	0	0	0	0	0	0	4
3579	1	0	0	0	1	0	0	0	0	0	0	0	2
3580	2	0	0	0	0	0	0	0	0	0	0	0	2
3581	1	0	0	0	1	0	0	1	0	0	0	0	3
3584	1	0	0	0	0	0	0	1	0	0	0	0	2
3585	2	0	0	0	0	0	0	0	0	0	0	0	2
3586	1	0	1	0	0	0	0	0	0	0	0	0	2
3587	0	0	0	1	0	0	0	0	0	0	0	0	1
3588	2	0	0	0	0	0	0	1	0	1	0	0	4
3590	1	0	0	0	0	0	1	0	1	1	0	0	4
3591	3	0	0	0	1	0	0	1	0	0	0	0	5
3592	3	0	0	0	0	0	0	0	0	0	0	0	3
3593	0	0	0	0	0	1	0	0	0	0	0	0	1
3594	1	0	0	0	0	0	0	0	0	0	0	0	1
3595	1	0	0	0	0	0	0	0	0	0	0	0	1
3596	3	0	0	0	0	0	0	0	0	0	0	0	3
3597	1	0	0	0	1	0	0	0	0	0	0	0	2
3598	1	0	0	0	0	0	0	1	0	0	0	0	2
3599	0	0	2	0	1	0	0	0	0	0	0	0	3
3600	2	0	0	0	1	0	0	0	0	0	0	0	3
3601	0	0	0	0	2	0	1	1	0	0	0	0	4
3602	0	0	0	0	1	1	0	0	0	0	0	0	2
3603	2	0	0	0	1	0	0	0	0	0	0	0	3
3604	2	0	0	0	0	0	0	0	0	0	0	0	2
3605	1	0	0	1	0	0	0	0	0	0	0	0	2
3606	1	0	0	0	0	0	0	0	0	0	0	0	1
3607	1	0	0	0	0	0	0	0	0	0	0	0	1
3608	3	0	0	0	1	0	0	2	0	0	0	0	6
3609	2	0	0	0	1	0	1	0	0	0	0	0	4
3610	0	0	1	0	0	0	0	0	0	0	0	0	1
3611	4	0	0	0	1	0	0	0	0	0	0	0	5
3612	0	0	0	0	1	0	0	1	0	0	0	0	2
3615	3	0	0	0	0	0	0	1	0	0	0	0	4
3616	1	0	0	0	0	0	0	1	0	0	0	0	2
3617	1	0	0	1	0	0	0	0	0	0	0	0	2
3618	3	0	0	0	0	0	0	0	0	0	0	0	3
3619	2	0	0	0	0	0	0	0	0	0	0	0	2
3620	4	0	0	0	0	0	0	0	0	0	0	0	4
3621	1	1	0	0	0	0	0	0	0	0	0	0	2
3622	1	0	0	0	0	0	0	0	0	0	0	0	1
3623	1	0	0	0	1	0	0	1	0	0	0	0	3
3624	1	0	0	0	0	0	0	0	0	0	0	0	1
3625	2	0	0	0	1	0	0	1	0	0	0	0	4
3626	2	0	0	1	0	0	0	0	0	0	0	0	3
3627	1	0	0	0	1	0	0	0	0	0	0	0	2
3628	0	0	0	0	2	0	0	0	0	0	0	0	2
3629	1	1	0	0	1	0	0	0	0	0	0	0	3
3630	1	0	0	0	1	0	0	0	0	0	0	0	2
3631	5	0	0	0	0	0	0	0	0	0	0	0	5
3633	2	0	0	0	0	0	0	0	0	0	0	0	2
3634	1	0	0	0	0	0	0	0	0	0	0	0	1
3635	1	0	0	0	1	0	0	0	0	0	0	0	2
3637	3	0	1	0	0	0	0	1	0	0	0	0	5
3638	3	0	0	2	0	0	0	0	0	0	0	0	5
3639	1	0	0	0	2	0	0	1	0	0	0	0	4
3640	1	0	0	0	0	0	0	0	0	0	0	0	1
3641	1	0	0	1	0	0	0	1	0	0	0	0	3
3642	4	0	0	0	0	0	0	1	1	0	0	0	6
3643	2	0	0	0	0	0	1	0	0	0	0	0	3
3644	1	0	0	0	0	0	0	0	0	0	0	0	1
3645	1	0	0	0	0	1	0	0	0	0	0	0	2
3646	1	0	1	1	0	0	0	0	0	0	0	0	3
3647	1	0	0	0	0	0	0	0	0	0	0	0	1
3648	1	0	0	0	3	0	0	0	0	0	0	0	4
3649	3	0	0	0	0	0	0	0	0	0	0	0	3
3650	1	0	0	0	0	0	0	0	0	0	0	0	1
3651	2	0	0	0	0	0	0	1	0	0	0	0	3
3652	2	0	0	0	0	0	0	0	0	0	0	0	2
3653	2	0	0	0	0	0	0	0	0	0	0	0	2
3654	3	0	0	0	2	0	0	0	1	0	0	0	6
3655	1	0	0	0	0	0	0	0	0	0	0	0	1
3656	0	0	0	0	3	0	0	0	0	0	0	0	3
3657	0	0	1	0	0	0	0	0	0	0	0	0	1
3658	1	0	0	0	0	0	0	0	0	0	0	0	1
3659	3	0	0	0	1	0	0	1	0	0	0	0	5
3660	0	0	0	0	0	0	0	0	0	1	0	0	1
3661	3	0	0	0	0	0	0	0	0	0	0	0	3
3662	1	0	0	0	0	0	0	0	0	0	0	0	1
3663	3	0	0	0	0	0	0	0	0	0	0	0	3
3664	0	0	0	0	1	0	0	0	0	0	0	0	1
3665	3	0	0	0	0	0	0	0	0	0	0	0	3
3666	2	0	0	0	0	0	0	0	0	0	0	0	2
3667	5	0	0	0	0	0	0	0	0	0	0	0	5
3668	2	0	0	0	0	0	0	0	0	0	0	0	2
3669	3	0	0	0	0	0	0	1	0	0	0	0	4
3670	2	0	0	0	0	0	0	0	0	0	0	0	2
3671	4	0	0	0	0	0	0	0	0	0	0	0	4
3672	1	0	0	0	2	0	0	1	0	0	0	0	4
3673	2	0	0	1	0	0	1	0	0	0	0	0	4
3674	2	0	0	0	0	0	0	0	0	0	0	0	2
3675	1	0	0	0	0	0	0	0	0	0	0	0	1
3676	3	0	0	0	0	0	0	0	0	0	0	0	3
3677	5	0	0	0	0	0	0	0	0	0	0	0	5
3678	1	0	0	0	0	0	0	0	0	0	0	0	1
3679	0	0	0	0	2	0	0	1	0	0	0	0	3
3680	1	0	0	1	0	0	0	0	0	0	0	0	2
3681	2	0	0	0	0	0	0	0	1	0	0	0	3
3682	1	0	0	0	1	0	0	0	0	0	0	0	2
3683	2	0	0	0	0	0	0	1	0	0	0	0	3
3684	1	0	0	0	0	0	0	0	0	0	0	0	1
3685	1	0	0	1	2	0	0	0	0	0	0	0	4
3686	3	0	0	0	0	0	0	0	0	0	0	0	3
3687	1	0	0	0	1	0	0	0	0	0	0	0	2
3688	1	0	0	0	0	0	0	0	0	0	0	0	1
3689	0	0	0	1	0	0	0	0	0	0	0	0	1
3690	1	0	0	1	0	0	0	0	0	0	0	0	2
3691	0	1	0	0	0	1	0	0	0	0	0	0	2
3692	2	0	0	0	1	0	1	0	0	0	0	0	4
3693	1	0	0	1	3	0	0	0	0	0	0	0	5
3694	1	0	0	0	0	0	0	0	0	0	0	0	1
3695	4	0	0	0	0	0	0	0	0	0	0	0	4
3696	2	0	0	0	0	0	0	0	0	0	0	0	2
3697	2	0	0	0	0	0	0	0	0	0	0	0	2
3698	2	0	0	0	0	0	0	0	0	0	0	0	2
3699	2	0	0	0	2	0	0	0	0	0	0	0	4
3700	1	0	0	1	0	0	0	0	0	0	0	0	2
3701	2	0	0	0	0	0	0	0	0	0	0	0	2
3702	1	0	0	0	0	0	0	0	0	0	0	0	1
3703	2	0	0	0	0	0	0	0	0	0	0	0	2
3704	3	0	0	0	1	0	0	0	0	0	0	0	4
3705	1	0	0	0	0	0	0	1	0	0	0	0	2
3706	0	0	0	0	1	0	1	0	0	0	0	0	2
3707	2	0	0	0	1	0	0	0	0	0	0	0	3
3708	1	0	0	0	0	0	0	0	0	0	0	0	1
3709	1	0	0	0	1	0	0	0	0	0	0	0	2
3710	1	0	1	0	0	0	0	0	0	0	0	0	2
3711	0	0	0	0	1	0	0	0	0	0	0	0	1
3712	2	0	0	0	0	0	0	0	0	0	0	0	2
3713	2	0	0	0	1	1	0	0	0	0	0	0	4
3715	1	0	0	0	1	0	0	0	0	0	0	0	2
3716	2	0	0	0	1	1	0	0	0	0	0	0	4
3717	1	0	0	1	0	0	0	0	0	0	0	0	2
3718	1	0	0	0	0	0	1	2	1	0	0	0	5
3719	2	0	0	0	0	0	0	1	0	0	0	0	3
3720	0	0	0	0	2	0	0	0	0	0	0	0	2
3721	1	0	0	1	0	0	0	0	0	0	0	0	2
3722	3	0	0	0	0	0	0	0	1	0	0	0	4
3723	2	0	0	0	0	0	1	1	0	0	0	0	4
3724	0	0	0	0	0	0	0	1	0	0	0	0	1
3725	1	0	0	0	1	0	0	0	0	0	0	0	2
3726	0	0	0	0	1	0	0	0	0	0	0	0	1
3727	1	0	0	0	0	0	0	0	0	0	0	0	1
3728	1	0	0	1	2	0	0	0	0	0	0	0	4
3729	2	0	0	0	1	0	0	0	0	0	0	0	3
3730	1	0	0	0	1	0	0	0	0	0	0	0	2
3732	2	0	0	0	0	0	1	0	0	0	0	0	3
3733	0	0	0	1	0	0	0	0	0	0	0	0	1
3734	3	0	0	1	0	0	0	0	0	0	0	0	4
3735	2	0	0	0	0	0	0	2	0	0	0	0	4
3736	0	0	0	0	0	0	0	2	0	0	0	0	2
3737	0	0	0	0	4	0	0	0	0	0	0	0	4
3738	0	0	0	1	0	0	0	0	0	0	0	0	1
3739	2	0	1	0	0	0	0	0	0	0	0	0	3
3740	1	0	0	0	1	0	0	0	0	0	0	0	2
3741	3	0	0	0	0	0	0	0	0	0	0	0	3
3742	1	0	0	0	0	0	0	0	0	0	0	0	1
3743	2	0	0	0	0	0	0	0	0	0	0	0	2
3744	0	0	0	0	2	0	0	0	0	0	0	0	2
3745	1	0	0	0	0	0	0	0	0	0	0	0	1
3746	0	0	0	0	2	0	0	0	0	0	0	0	2
3748	0	0	0	2	0	0	0	0	0	0	0	0	2
3749	3	0	0	0	1	0	0	0	0	0	0	0	4
3750	1	0	0	0	1	0	0	0	0	0	0	0	2
3751	1	0	0	0	0	0	0	0	0	0	0	0	1
3752	2	0	0	0	0	0	0	0	0	0	0	0	2
3753	3	0	0	0	0	0	0	1	0	1	0	0	5
3754	1	0	0	0	0	0	0	0	0	0	0	0	1
3755	1	0	0	0	0	0	0	1	0	0	0	0	2
3756	2	0	0	0	2	0	0	0	0	0	0	0	4
3757	0	0	0	1	1	0	0	0	0	0	0	0	2
3758	1	0	0	0	0	0	0	0	0	0	0	0	1
3759	4	0	0	0	0	0	0	0	0	0	0	0	4
3760	1	0	0	0	1	0	0	0	0	0	0	0	2
3761	3	0	0	0	0	0	0	0	0	0	0	0	3
3762	0	0	0	1	0	0	0	0	0	0	0	0	1
3763	2	0	0	0	1	0	0	0	0	0	0	0	3
3764	1	0	0	0	1	0	0	0	0	0	0	0	2
3765	0	0	0	0	2	0	0	0	0	0	0	0	2
3766	1	0	0	0	0	0	0	0	1	0	0	0	2
3767	1	0	0	1	0	0	0	0	0	0	0	0	2
3769	2	0	0	0	2	0	0	1	0	0	0	0	5
3770	4	0	0	0	0	0	2	0	0	0	0	0	6
3771	1	0	0	0	0	0	0	1	0	0	0	0	2
3772	2	0	0	0	0	0	0	0	0	0	0	0	2
3773	3	0	0	0	0	0	0	1	0	0	0	0	4
3774	1	0	0	0	1	0	0	0	0	0	0	0	2
3775	0	0	1	0	1	0	0	0	0	0	0	0	2
3776	1	0	1	0	1	0	0	1	0	0	0	0	4
3777	6	0	0	0	0	0	0	0	1	0	0	0	7
3778	1	0	0	0	0	0	0	1	0	0	0	0	2
3779	2	0	0	1	0	0	0	0	0	0	0	0	3
3780	2	0	1	0	0	0	1	1	0	0	0	0	5
3781	3	0	0	0	0	0	0	0	0	0	0	0	3
3782	3	0	0	0	0	0	0	0	0	0	0	0	3
3783	3	0	0	0	1	0	2	0	0	0	0	0	6
3784	2	0	0	0	1	0	0	0	0	0	0	0	3
3785	3	0	0	0	0	0	0	0	0	0	0	0	3
3786	0	0	1	0	0	0	0	0	0	0	0	0	1
3787	2	0	0	0	2	0	0	0	0	0	0	0	4
3788	0	0	0	0	1	0	0	0	0	0	0	0	1
3789	1	0	0	0	1	0	0	0	0	0	0	0	2
3790	2	0	0	0	0	0	0	0	0	0	0	0	2
3791	1	0	0	0	0	0	0	0	0	0	0	0	1
3792	3	0	0	0	1	0	1	0	0	0	0	0	5
3793	2	0	0	0	1	0	0	1	0	0	0	0	4
3794	1	0	0	0	2	0	0	0	0	0	0	0	3
3795	2	0	0	0	0	0	0	0	0	1	0	0	3
3796	2	0	0	0	0	0	0	0	0	0	0	0	2
3797	1	0	0	0	0	0	0	0	0	0	0	0	1
3798	1	0	0	0	0	0	0	0	0	0	0	0	1
3799	3	0	0	0	0	0	0	0	0	0	0	0	3
3800	1	0	0	0	0	0	0	0	0	0	0	0	1
3801	3	0	0	0	1	0	0	0	0	0	0	0	4
3802	1	0	0	0	0	0	1	0	0	0	0	0	2
3803	2	0	0	0	1	0	0	0	0	0	0	0	3
3804	3	0	0	0	1	0	0	0	0	0	0	0	4
3805	2	0	0	0	0	0	0	0	0	0	0	0	2
3806	2	0	0	0	0	0	0	0	0	0	0	0	2
3807	1	0	0	0	1	0	0	1	0	0	0	0	3
3808	2	0	0	0	0	0	0	0	0	0	0	0	2
3809	1	0	0	0	2	0	0	1	0	0	0	0	4
3810	2	0	0	0	1	0	0	1	0	0	0	0	4
3813	0	0	1	0	0	0	0	0	0	0	0	0	1
3814	1	0	1	0	0	0	0	0	0	0	0	0	2
3815	1	0	0	0	2	0	0	0	0	0	0	0	3
3816	1	0	0	0	0	0	0	0	0	0	0	0	1
3817	1	0	0	0	1	0	0	1	0	0	0	0	3
3818	3	0	0	0	0	0	0	1	0	0	0	0	4
3819	0	0	0	1	1	0	0	0	0	0	0	0	2
3820	1	0	0	0	0	0	0	0	0	0	0	0	1
3821	0	0	0	0	2	0	0	0	0	0	0	0	2
3822	0	0	0	0	1	0	1	0	0	0	0	0	2
3823	0	0	0	0	1	0	0	0	0	0	0	0	1
3824	0	0	0	1	2	0	0	0	0	0	0	0	3
3825	3	0	0	0	0	0	0	1	0	0	0	0	4
3826	2	0	0	0	0	0	1	0	0	0	0	0	3
3827	0	0	0	1	1	0	0	0	0	0	0	0	2
3829	1	0	0	0	0	0	0	0	0	0	0	0	1
3830	2	0	0	0	0	0	1	1	0	0	0	0	4
3831	2	0	0	0	0	0	1	0	0	0	0	0	3
3832	2	0	0	0	1	0	1	0	0	0	0	0	4
3833	2	0	0	0	0	0	0	1	0	0	0	0	3
3834	1	0	0	0	0	0	0	1	0	0	0	0	2
3835	0	0	1	1	0	0	0	0	0	0	0	0	2
3836	2	0	0	0	0	0	0	1	0	0	0	0	3
3837	0	0	0	0	0	0	1	1	0	0	0	0	2
3838	4	0	0	0	1	0	0	0	0	0	0	0	5
3839	0	0	0	0	1	0	0	0	0	0	0	0	1
3840	3	0	0	0	1	0	0	0	0	0	0	0	4
3841	1	0	0	0	0	0	1	1	1	0	0	0	4
3842	2	0	0	0	0	0	0	0	0	0	0	0	2
3843	1	0	0	0	3	0	0	0	0	0	0	0	4
3844	0	0	0	0	1	0	0	0	1	0	0	0	2
3845	3	0	0	0	0	0	1	0	0	0	0	0	4
3847	3	0	0	0	2	0	0	2	0	0	0	0	7
3848	1	0	0	0	1	1	0	0	0	0	0	0	3
3849	2	0	0	0	1	0	0	0	0	0	0	0	3
3850	0	0	0	1	0	0	0	0	0	0	0	0	1
3851	2	0	0	0	0	0	0	1	0	0	0	0	3
3852	2	0	0	0	0	0	0	1	0	0	0	0	3
3853	2	0	0	0	1	0	0	0	0	0	0	0	3
3854	2	0	0	0	1	0	0	0	0	0	0	0	3
3855	4	0	0	0	0	0	0	0	0	0	0	0	4
3856	2	0	0	0	2	0	0	0	0	0	0	0	4
3857	1	1	0	1	0	0	0	0	0	0	0	0	3
3858	2	0	0	0	1	0	0	1	0	0	0	0	4
3859	3	0	0	0	0	0	0	0	0	0	0	0	3
3860	3	0	0	0	1	0	0	0	0	0	0	0	4
3861	2	0	0	1	0	0	0	0	0	0	0	0	3
3862	0	1	0	0	0	0	0	0	0	0	0	0	1
3863	1	0	0	0	0	0	0	0	0	0	0	0	1
3864	1	0	0	0	0	0	0	0	0	0	0	0	1
3865	2	0	0	0	0	0	0	0	0	0	0	0	2
3866	1	0	0	0	0	0	0	0	0	0	0	0	1
3867	2	0	0	0	0	0	0	0	0	0	0	0	2
3868	1	0	0	0	0	0	0	0	0	0	0	0	1
3869	2	0	0	0	0	0	0	0	0	0	0	0	2
3870	3	0	0	0	1	0	0	0	0	0	0	0	4
3871	3	0	0	0	0	0	0	1	0	0	0	0	4
3872	0	0	1	0	0	0	0	0	0	0	0	0	1
3873	2	0	0	0	0	0	0	0	0	0	0	0	2
3874	1	0	0	0	1	0	1	0	0	0	0	0	3
3875	3	0	0	0	1	0	0	0	0	0	0	0	4
3877	1	1	0	0	0	0	0	0	0	0	0	0	2
3878	2	0	0	0	0	0	0	1	0	0	0	0	3
3879	0	0	0	0	2	0	0	1	0	0	0	0	3
3880	2	0	0	1	0	0	0	0	1	0	0	0	4
3881	3	0	0	0	0	0	2	2	0	0	0	0	7
3882	5	0	0	0	0	0	1	2	0	0	0	0	8
3883	3	0	0	0	1	0	0	0	0	0	0	0	4
3884	1	0	0	0	1	0	0	0	0	0	0	0	2
3885	3	0	0	0	0	0	0	1	0	0	0	0	4
3886	1	0	0	0	0	0	0	0	0	0	0	0	1
3888	2	0	0	0	0	0	0	0	0	0	0	0	2
3890	0	0	1	0	0	0	0	0	0	0	0	0	1
3891	2	0	0	0	0	0	0	0	0	0	0	0	2
3892	2	0	0	0	0	1	0	1	0	0	0	0	4
3893	2	0	0	0	2	0	1	0	0	0	0	0	5
3895	0	0	0	0	2	0	0	0	0	0	0	0	2
3896	1	0	0	0	2	0	0	0	0	0	0	0	3
3897	4	0	0	0	1	0	0	0	0	0	0	0	5
3898	5	0	0	0	0	0	0	0	0	0	0	0	5
3899	2	0	0	0	0	0	1	1	0	0	0	0	4
3900	1	0	0	0	0	0	0	0	0	0	0	0	1
3901	2	0	0	0	0	0	0	0	0	0	0	0	2
3902	1	0	0	0	0	0	0	1	0	0	0	0	2
3903	2	0	0	1	0	0	0	0	0	0	0	0	3
3904	2	0	0	0	0	0	0	0	0	0	0	0	2
3905	1	0	0	0	0	0	0	0	0	0	0	0	1
3906	3	0	0	0	0	0	0	1	0	0	0	0	4
3907	0	0	1	0	0	0	1	0	0	0	0	0	2
3908	2	0	0	0	0	0	0	0	0	0	0	0	2
3910	1	0	0	0	0	0	0	1	0	0	0	0	2
3911	2	0	0	0	0	0	1	1	0	0	0	0	4
3912	1	0	0	0	2	0	0	0	0	0	0	0	3
3913	0	0	0	1	2	0	1	0	0	0	0	0	4
3914	2	0	0	0	0	0	0	0	0	0	0	0	2
3915	2	0	0	0	1	0	0	0	0	0	0	0	3
3916	3	0	0	0	1	0	0	1	0	0	0	0	5
3917	3	0	0	0	0	0	0	0	0	0	0	0	3
3918	1	0	0	0	0	0	0	0	0	0	0	0	1
3919	2	0	0	0	0	0	0	0	0	0	0	0	2
3920	1	0	1	1	1	0	0	0	0	0	0	0	4
3921	2	0	0	0	0	0	0	0	0	0	0	0	2
3922	2	0	0	0	1	0	0	0	0	0	0	0	3
3923	3	0	0	0	0	0	1	0	0	0	0	0	4
3924	0	0	0	0	1	0	0	0	0	0	0	0	1
3925	1	1	0	0	0	0	0	0	0	0	0	0	2
3926	0	0	0	0	2	1	0	0	0	0	0	0	3
3927	5	0	0	1	0	0	0	0	0	0	0	0	6
3928	0	0	0	2	0	0	1	0	0	0	0	0	3
3929	2	0	0	0	0	0	0	0	0	0	0	0	2
3930	1	0	0	1	0	0	0	0	0	1	0	0	3
3931	2	0	0	0	0	0	0	2	0	0	0	0	4
3932	0	0	0	0	2	0	1	0	0	0	0	0	3
3933	2	0	0	0	0	0	0	1	0	0	0	0	3
3934	1	0	0	1	0	0	0	0	0	0	0	0	2
3935	0	0	1	1	0	0	0	0	0	0	0	0	2
3936	0	0	0	0	0	0	0	2	0	0	0	0	2
3937	0	0	1	0	0	0	0	0	0	0	0	0	1
3938	2	0	0	0	1	0	0	0	0	0	0	0	3
3939	2	0	0	0	1	0	0	0	0	1	0	0	4
3940	1	0	0	1	1	0	0	0	0	0	0	0	3
3942	3	0	0	1	0	0	0	0	0	0	0	0	4
3943	2	0	0	0	0	0	0	0	0	0	0	0	2
3944	4	0	0	0	1	0	0	2	0	0	0	0	7
3945	2	0	0	0	1	0	0	1	0	0	0	0	4
3946	2	0	0	0	0	0	0	0	0	0	0	0	2
3947	1	0	0	0	0	0	0	0	0	0	0	0	1
3948	2	0	0	0	1	0	0	0	0	0	0	0	3
3949	2	0	0	0	1	0	0	0	0	0	0	0	3
3950	1	0	1	0	0	1	0	0	0	0	0	0	3
3951	0	0	0	1	0	1	0	0	0	0	0	0	2
3952	3	0	0	0	1	0	0	0	0	0	0	0	4
3953	3	0	0	0	0	0	0	0	0	0	0	0	3
3954	1	0	0	0	0	0	0	0	0	0	0	0	1
3955	0	0	0	1	0	0	0	0	0	0	0	0	1
3956	2	0	0	0	0	0	0	0	0	0	0	0	2
3957	3	0	0	0	0	0	0	0	0	0	0	0	3
3959	1	0	0	0	0	0	0	0	0	0	0	0	1
3960	2	0	0	0	0	0	0	0	0	0	0	0	2
3961	1	0	0	0	3	0	1	0	0	0	0	0	5
3962	2	0	0	0	0	0	0	0	0	0	0	0	2
3963	3	0	0	0	1	0	0	0	0	0	0	0	4
3964	1	0	0	0	0	0	0	0	0	0	0	0	1
3965	0	0	0	0	1	0	0	0	0	0	0	0	1
3966	1	0	0	1	1	2	0	1	0	0	0	0	6
3968	2	0	0	0	0	0	0	1	0	0	0	0	3
3969	2	0	0	1	0	0	0	0	0	0	0	0	3
3970	0	0	1	0	0	0	0	0	0	0	0	0	1
3971	0	0	1	0	0	0	0	0	0	0	0	0	1
3972	2	0	0	0	0	0	0	0	0	0	0	0	2
3973	4	0	0	0	0	0	0	0	0	0	0	0	4
3974	2	0	0	0	1	0	0	0	0	0	0	0	3
3975	1	0	0	0	0	0	1	0	0	0	0	0	2
3976	1	0	0	0	1	1	0	0	0	0	0	0	3
3977	2	0	0	0	1	0	0	0	0	0	0	0	3
3978	1	0	0	0	0	0	1	0	0	0	0	0	2
3979	2	0	0	0	2	0	0	1	0	0	0	0	5
3980	2	0	0	0	2	0	0	0	0	0	0	0	4
3981	1	0	0	0	3	0	0	0	0	0	0	0	4
3982	2	0	0	0	2	0	0	0	0	0	0	0	4
3983	4	0	0	0	0	0	0	0	0	0	0	0	4
3984	2	0	0	0	0	0	0	0	0	0	0	0	2
3985	0	0	0	0	1	0	0	0	0	0	0	0	1
3986	3	0	0	1	0	0	1	0	0	0	0	0	5
3987	3	0	0	0	0	0	0	0	0	0	0	0	3
3988	1	0	0	0	0	0	1	1	0	0	0	0	3
3989	0	0	0	2	0	1	0	0	0	0	0	0	3
3990	1	0	0	0	0	0	0	0	0	0	0	0	1
3994	1	0	0	0	1	0	0	0	0	0	0	0	2
3995	1	0	1	0	3	0	0	0	0	0	0	0	5
3996	1	0	1	0	2	0	0	0	0	0	0	0	4
3998	2	0	0	0	0	0	1	0	0	0	0	0	3
3999	1	0	0	0	0	0	1	0	0	0	0	0	2
4000	4	0	0	0	0	0	0	1	0	0	0	0	5
4001	0	0	1	0	1	0	0	0	0	0	0	0	2
4002	3	0	0	0	1	0	0	0	1	0	0	0	5
4003	2	0	0	0	1	0	0	0	0	0	0	0	3
4004	1	0	0	0	1	0	0	0	0	0	0	0	2
4005	2	0	0	0	1	0	0	0	0	0	0	0	3
4006	3	0	0	0	0	0	1	1	0	0	0	0	5
4007	3	0	0	0	0	0	0	0	0	0	0	0	3
4008	2	0	0	0	2	0	0	1	0	0	0	0	5
4009	1	0	0	0	3	0	0	0	0	0	0	0	4
4010	0	0	0	0	1	0	0	0	0	0	0	0	1
4011	1	0	0	0	0	0	0	0	0	0	0	0	1
4012	1	0	0	0	0	0	0	0	1	0	0	0	2
4013	1	0	0	3	0	0	0	0	0	0	0	0	4
4014	1	0	0	1	0	0	0	0	0	0	0	0	2
4015	2	0	0	0	0	0	0	0	0	0	0	0	2
4016	3	0	0	0	2	0	0	0	0	0	0	0	5
4017	1	0	0	0	0	0	0	0	0	0	0	0	1
4018	2	0	0	1	0	0	0	0	0	0	0	0	3
4019	3	0	0	0	0	0	0	1	0	0	0	0	4
4020	1	0	0	0	1	0	0	0	1	0	0	0	3
4021	1	0	0	1	1	0	0	0	0	0	0	0	3
4022	2	0	0	0	1	0	0	0	0	0	0	0	3
4023	2	0	0	0	1	0	0	0	0	0	0	0	3
4024	4	0	0	0	0	0	0	0	0	0	0	0	4
4025	3	0	0	0	0	0	0	0	0	0	0	0	3
4026	1	0	0	0	1	0	0	0	0	0	0	0	2
4027	2	0	0	0	1	0	0	1	0	0	0	0	4
4028	2	0	0	1	0	0	0	0	0	0	0	0	3
4029	5	0	0	0	0	0	0	0	0	0	0	0	5
4030	0	0	0	0	1	0	0	0	0	0	0	0	1
4031	1	0	0	0	0	3	0	0	0	0	0	0	4
4032	0	0	0	0	0	2	0	0	0	0	0	0	2
4033	2	0	0	0	0	0	0	0	0	0	0	0	2
4034	2	0	0	0	1	0	0	0	0	0	0	0	3
4035	4	0	0	0	0	0	0	0	0	0	0	0	4
4036	3	0	0	0	0	0	0	0	0	0	0	0	3
4037	2	0	0	0	2	0	0	0	0	0	0	0	4
4038	1	0	0	0	0	0	0	0	0	0	0	0	1
4039	1	0	0	1	0	0	0	0	0	0	0	0	2
4040	0	0	0	2	0	0	0	0	0	0	0	0	2
4041	1	0	0	1	0	0	0	0	0	0	0	0	2
4042	1	0	0	0	2	0	0	0	0	0	0	0	3
4043	2	0	0	0	1	0	0	0	0	0	0	0	3
4044	1	0	0	0	0	0	0	0	0	0	0	0	1
4045	1	0	0	0	2	0	0	0	0	0	0	0	3
4046	3	0	0	0	2	0	0	0	0	0	0	0	5
4047	1	0	0	0	2	0	0	0	0	0	0	0	3
4049	1	0	0	2	0	0	0	0	0	0	0	0	3
4050	2	0	0	0	0	0	0	1	0	0	0	0	3
4052	0	0	0	0	2	0	0	0	0	0	0	0	2
4053	2	0	0	0	1	0	1	0	0	0	0	0	4
4054	0	0	0	0	0	1	0	0	0	0	0	0	1
4055	1	1	1	0	0	0	0	0	0	0	0	0	3
4056	1	0	0	0	2	0	0	0	0	0	0	0	3
4057	2	0	0	0	0	0	0	0	0	0	0	0	2
4058	0	0	0	0	1	0	0	0	0	0	0	0	1
4059	3	0	0	0	3	0	0	0	1	0	0	0	7
4060	4	0	0	0	1	0	0	0	0	0	0	0	5
4061	2	0	0	0	1	0	0	0	0	0	0	0	3
4062	3	0	0	1	0	0	0	0	0	0	0	0	4
4063	1	0	0	0	0	0	1	0	1	0	0	0	3
4064	2	0	0	0	2	0	0	1	1	0	0	0	6
4065	0	0	1	0	0	0	0	0	0	0	0	0	1
4066	1	0	0	2	1	0	0	0	0	0	0	0	4
4067	1	0	0	0	0	0	0	1	0	0	0	0	2
4068	3	0	0	0	1	0	0	1	0	0	0	0	5
4069	4	0	0	0	0	0	0	0	1	0	0	0	5
4070	2	0	0	0	1	0	0	0	0	0	0	0	3
4071	1	0	0	0	0	0	0	0	0	0	0	0	1
4072	1	0	0	0	3	1	0	0	0	0	0	0	5
4073	1	0	0	0	2	0	0	0	0	0	0	0	3
4074	3	0	0	1	0	0	0	0	0	0	0	0	4
4077	1	0	0	1	0	0	0	0	0	0	0	0	2
4078	0	1	0	0	0	0	0	0	0	0	0	0	1
4079	1	0	1	0	1	0	0	0	0	0	0	0	3
4080	1	0	0	0	3	1	0	0	0	0	0	0	5
4081	3	0	0	0	0	0	0	0	0	0	0	0	3
4082	1	0	0	0	0	0	1	0	0	0	0	0	2
4083	2	0	0	0	0	0	0	1	0	0	0	0	3
4084	1	0	0	0	0	0	0	0	0	0	0	0	1
4085	3	0	0	0	0	0	0	0	0	0	0	0	3
4086	1	0	0	0	0	0	0	0	0	0	0	0	1
4087	0	1	0	1	1	0	0	0	0	0	0	0	3
4089	2	0	0	0	1	0	0	0	0	0	0	0	3
4090	1	0	0	0	0	0	0	0	0	0	0	0	1
4091	1	0	0	0	1	0	0	1	0	0	0	0	3
4092	2	0	0	0	1	0	0	0	0	0	0	0	3
4093	1	0	0	0	0	0	0	0	0	0	0	0	1
4094	1	0	0	0	1	0	0	0	0	0	0	0	2
4095	1	0	0	1	1	1	1	1	0	0	0	0	6
4096	2	0	0	0	0	0	0	0	0	0	0	0	2
4097	2	0	0	0	0	0	0	0	0	0	0	0	2
4098	3	0	0	0	1	0	0	0	0	0	0	0	4
4099	1	0	0	0	2	0	0	0	0	0	0	0	3
4100	1	0	0	0	0	0	0	0	0	0	0	0	1
4101	0	0	0	0	0	1	0	0	0	0	0	0	1
4102	1	0	0	0	1	0	0	0	0	0	0	0	2
4103	0	0	0	0	0	0	0	1	0	0	0	0	1
4104	1	0	0	0	1	0	0	0	0	0	0	0	2
4105	2	0	0	0	0	0	0	0	0	0	0	0	2
4106	2	0	0	1	0	0	0	0	0	0	0	0	3
4107	2	0	0	0	0	0	0	2	0	0	0	0	4
4108	1	0	0	0	1	0	0	0	0	0	0	0	2
4109	1	0	0	0	0	0	0	0	0	0	0	0	1
4110	2	0	0	0	1	0	0	0	0	0	0	0	3
4111	0	0	0	0	2	1	0	0	0	0	0	0	3
4112	0	0	0	1	1	0	0	0	0	0	0	0	2
4113	2	0	0	0	0	0	0	0	0	0	0	0	2
4114	2	0	0	0	3	0	0	0	0	0	0	0	5
4115	1	0	0	2	0	0	0	0	0	0	0	0	3
4116	3	0	0	0	0	0	0	1	0	0	0	0	4
4118	2	0	0	0	0	0	0	1	0	0	0	0	3
4119	2	0	0	0	0	0	0	0	1	0	0	0	3
4120	3	0	0	1	0	0	0	0	0	0	0	0	4
4121	1	0	0	0	2	0	0	0	0	0	0	0	3
4122	0	0	0	1	3	0	0	0	0	0	0	0	4
4123	2	0	0	0	0	0	0	0	0	0	0	0	2
4124	2	0	0	0	0	0	0	0	0	0	0	0	2
4125	2	0	0	0	0	0	1	0	0	0	0	0	3
4126	2	0	0	0	0	0	1	0	0	0	0	0	3
4127	2	0	0	0	0	0	0	0	0	0	0	0	2
4128	2	0	0	0	1	0	0	0	0	0	0	0	3
4129	3	0	0	0	0	0	0	0	0	0	0	0	3
4130	2	0	0	0	0	0	0	1	0	0	0	0	3
4131	0	0	0	1	0	0	0	0	0	0	0	0	1
4132	1	0	0	0	0	0	0	1	0	0	0	0	2
4133	1	0	0	0	1	0	0	0	0	0	0	0	2
4134	4	0	0	0	0	0	0	0	0	0	0	0	4
4135	2	0	0	0	0	0	0	0	0	0	0	0	2
4136	2	0	0	0	0	0	0	1	0	0	0	0	3
4137	1	0	0	0	0	0	0	1	0	0	0	0	2
4138	2	0	0	0	2	0	0	1	0	0	0	0	5
4139	2	0	0	2	1	0	0	0	0	0	0	0	5
4140	1	0	0	0	0	0	0	1	0	0	0	0	2
4141	2	0	0	0	2	0	0	0	0	0	0	0	4
4142	0	0	0	0	2	0	0	0	0	0	0	0	2
4143	1	0	0	0	2	0	0	0	0	0	0	0	3
4144	3	0	0	0	0	0	0	1	0	0	0	0	4
4145	1	0	0	1	0	0	0	1	0	0	0	0	3
4146	0	0	0	1	0	0	0	0	0	0	0	0	1
4147	2	0	0	0	0	0	0	1	0	0	0	0	3
4148	1	0	0	0	0	0	0	1	0	0	0	0	2
4149	1	0	0	0	1	0	0	0	0	0	0	0	2
4150	1	0	0	0	1	0	0	0	0	0	0	0	2
4151	0	0	0	0	2	0	0	0	0	0	0	0	2
4152	3	0	0	0	0	0	0	0	0	0	0	0	3
4153	0	1	0	0	0	0	0	0	0	0	0	0	1
4154	2	0	0	1	0	0	0	0	0	0	0	0	3
4155	3	0	0	0	0	0	0	0	0	0	0	0	3
4156	1	0	0	0	2	0	0	0	0	0	0	0	3
4157	1	0	0	0	1	0	0	0	0	0	0	0	2
4158	1	0	0	1	0	0	0	0	0	0	0	0	2
4159	0	0	0	0	1	0	0	0	0	0	0	0	1
4160	3	0	0	0	2	0	0	0	0	0	0	0	5
4161	2	0	0	0	0	0	1	0	0	0	0	0	3
4162	1	0	0	0	0	0	0	0	0	0	0	0	1
4163	1	0	0	0	1	0	1	0	0	0	0	0	3
4164	1	0	0	0	1	0	0	0	0	0	0	0	2
4165	4	0	0	0	0	0	0	0	0	0	0	0	4
4166	5	0	0	1	1	0	1	0	0	0	0	0	8
4167	5	0	0	1	1	0	0	0	0	0	0	0	7
4168	1	0	1	0	0	0	0	0	0	0	0	0	2
4169	2	0	0	1	0	0	0	1	0	0	0	0	4
4170	4	0	0	0	0	0	0	0	0	0	0	0	4
4171	4	0	0	0	0	0	0	0	0	0	0	0	4
4172	2	0	0	0	0	0	0	0	0	0	0	0	2
4173	2	0	0	0	0	0	0	0	0	0	0	0	2
4174	2	0	0	0	0	0	0	0	1	0	0	0	3
4175	3	0	0	0	0	0	0	0	0	0	0	0	3
4176	0	0	0	0	2	1	0	0	0	0	0	0	3
4177	2	0	0	0	0	0	0	0	0	0	0	0	2
4178	2	0	0	0	0	0	0	1	0	0	0	0	3
4179	2	0	0	0	0	1	0	1	0	0	0	0	4
4180	0	0	0	1	2	0	0	0	0	0	0	0	3
4181	1	0	0	0	1	0	0	0	0	0	0	0	2
4182	2	0	0	0	2	0	1	0	1	0	0	0	6
4184	0	0	0	0	1	0	0	0	0	0	0	0	1
4186	5	0	0	0	1	0	0	0	0	0	0	0	6
4187	3	0	1	0	0	0	0	0	0	0	0	0	4
4188	2	0	0	0	0	0	0	0	0	0	0	0	2
4189	2	0	0	0	0	0	0	0	0	0	0	0	2
4190	2	0	0	0	0	0	0	1	0	0	0	0	3
4191	4	0	0	0	0	0	0	0	0	0	0	0	4
4192	0	0	0	2	1	0	0	0	0	0	0	0	3
4193	1	0	0	0	0	0	0	0	0	0	0	0	1
4194	2	0	0	0	1	0	0	0	0	0	0	0	3
4195	2	0	0	1	0	0	0	0	0	0	0	0	3
4196	2	0	0	0	2	0	0	0	0	0	0	0	4
4197	0	0	1	0	0	0	0	0	0	0	0	0	1
4198	2	0	0	0	0	0	0	0	0	0	0	0	2
4199	2	0	0	0	1	0	0	0	0	0	0	0	3
4200	2	0	0	0	1	0	0	0	0	0	0	0	3
4201	1	0	0	1	0	0	0	0	0	0	0	0	2
4202	1	0	0	0	0	0	0	0	0	0	0	0	1
4203	1	0	0	0	0	0	0	0	0	0	0	0	1
4204	2	0	0	0	0	0	0	0	0	0	0	0	2
4205	1	0	0	0	2	0	0	1	0	0	0	0	4
4206	0	0	0	1	0	0	0	0	0	0	0	0	1
4207	1	0	0	1	0	0	1	0	0	0	0	0	3
4208	0	1	0	1	0	0	0	0	0	0	0	0	2
4209	1	2	0	1	0	0	0	0	0	0	0	0	4
4210	2	0	0	0	2	0	0	0	0	0	0	0	4
4211	2	0	0	0	0	0	0	0	0	0	0	0	2
4212	0	1	0	0	1	0	0	0	0	0	0	0	2
4213	2	0	0	0	0	0	0	0	0	0	0	0	2
4214	3	0	0	0	0	0	0	0	0	0	0	0	3
4215	4	0	0	1	3	0	0	1	0	0	0	0	9
4216	2	0	0	0	2	1	0	0	0	0	0	0	5
4217	2	0	0	0	0	0	0	0	0	0	0	0	2
4218	4	0	0	0	1	0	0	0	0	0	0	0	5
4219	1	0	0	0	0	0	0	0	0	0	0	0	1
4220	2	0	0	0	2	0	0	0	0	0	0	0	4
4221	2	0	1	0	1	0	0	0	0	0	0	0	4
4222	1	0	2	0	0	0	0	0	0	0	0	0	3
4223	1	0	0	0	1	0	0	0	0	0	0	0	2
4224	1	0	0	0	0	1	0	1	0	0	0	0	3
4225	2	0	0	0	3	0	0	0	0	0	0	0	5
4226	1	0	0	0	3	0	0	0	0	0	0	0	4
4227	0	0	0	0	2	0	0	0	0	0	0	0	2
4228	1	0	0	0	0	0	0	1	0	0	0	0	2
4229	1	0	0	0	0	0	0	0	0	0	0	0	1
4230	4	0	0	0	0	0	1	0	0	0	0	0	5
4231	2	0	0	0	0	0	0	0	0	0	0	0	2
4232	1	0	0	0	0	1	0	0	0	0	0	0	2
4233	3	0	0	0	0	0	0	1	0	0	0	0	4
4234	0	0	1	0	0	0	1	0	0	0	0	0	2
4235	1	0	1	0	0	0	0	0	0	0	0	0	2
4237	1	0	0	0	0	0	0	0	0	0	0	0	1
4238	1	0	0	0	0	0	0	0	0	0	0	0	1
4239	1	0	0	1	0	0	0	0	0	0	0	0	2
4240	2	0	0	0	0	0	0	1	0	0	0	0	3
4241	2	0	0	0	0	0	0	0	0	0	0	0	2
4242	2	0	0	1	0	0	0	1	0	0	0	0	4
4243	0	1	1	0	0	0	0	0	0	0	0	0	2
4244	4	0	0	0	0	0	0	0	0	0	0	0	4
4245	2	0	0	0	0	0	0	0	0	0	0	0	2
4246	1	0	0	0	3	0	0	0	0	0	0	0	4
4247	0	0	0	0	2	0	0	0	0	0	0	0	2
4248	1	0	0	0	0	0	0	0	0	0	0	0	1
4249	1	0	0	1	1	0	0	0	0	0	0	0	3
4250	1	0	0	0	0	0	0	0	0	0	0	0	1
4251	0	0	0	0	1	0	0	0	0	0	0	0	1
4252	2	0	0	0	0	0	0	0	0	0	0	0	2
4253	4	0	0	0	0	0	0	0	0	0	0	0	4
4254	0	0	0	0	2	0	0	0	0	0	0	0	2
4255	1	0	0	0	2	0	0	1	0	0	0	0	4
4256	1	1	0	0	1	0	0	0	0	0	0	0	3
4258	4	0	0	0	0	0	1	0	0	0	0	0	5
4259	2	0	0	1	0	0	2	1	1	0	0	0	7
4260	2	0	0	0	1	0	0	0	0	0	0	0	3
4261	0	0	0	1	1	0	0	0	0	0	0	0	2
4262	1	0	0	1	0	0	0	0	0	0	0	0	2
4263	1	0	0	0	1	0	1	0	0	0	0	0	3
4265	0	0	0	0	1	0	0	0	0	0	0	0	1
4266	1	0	0	0	0	0	0	1	0	0	0	0	2
4267	1	0	0	0	0	0	0	0	0	0	0	0	1
4268	1	0	0	1	0	0	0	0	1	0	0	0	3
4269	0	0	0	0	1	0	0	0	0	0	0	0	1
4270	4	0	0	0	1	0	0	0	0	0	0	0	5
4271	2	0	0	2	0	1	0	0	0	0	0	0	5
4272	2	0	0	0	0	0	0	0	0	0	0	0	2
4273	1	0	0	1	0	0	0	1	1	0	0	0	4
4274	1	0	0	0	1	0	0	0	0	0	0	0	2
4275	2	0	0	1	1	0	0	1	0	0	0	0	5
4276	1	0	0	0	1	0	0	1	0	0	0	0	3
4277	2	0	0	0	1	1	0	0	0	0	0	0	4
4278	1	0	0	1	0	0	0	0	0	0	0	0	2
4279	1	0	0	0	0	0	0	0	0	0	0	0	1
4280	0	0	0	2	0	0	0	0	0	0	0	0	2
4281	1	0	0	0	0	0	1	0	0	0	0	0	2
4282	1	0	0	0	0	0	0	0	0	0	0	0	1
4283	1	1	0	1	2	0	0	0	0	0	0	0	5
4284	3	0	0	0	0	0	0	0	0	0	0	0	3
4285	2	0	0	0	1	0	0	0	0	0	0	0	3
4286	2	0	0	0	0	0	0	1	0	0	0	0	3
4287	1	0	0	0	1	0	0	0	0	0	0	0	2
4288	2	0	0	0	1	0	0	1	0	0	0	0	4
4289	2	0	0	0	0	0	0	0	0	0	0	0	2
4290	0	0	0	0	0	0	1	0	0	1	0	0	2
4291	1	0	0	0	0	0	0	0	0	0	0	0	1
4292	2	0	0	0	0	0	0	0	0	0	0	0	2
4293	0	0	0	0	2	0	0	0	0	0	0	0	2
4294	2	0	0	0	1	0	0	0	0	0	0	0	3
4295	1	0	0	2	0	0	0	0	0	0	0	0	3
4296	4	0	0	0	0	0	0	0	0	0	0	0	4
4297	2	0	0	0	0	0	0	1	0	0	0	0	3
4298	3	0	0	0	0	0	0	0	0	0	0	0	3
4299	3	0	0	0	0	0	0	0	1	0	0	0	4
4300	2	0	0	0	0	0	0	0	0	0	0	0	2
4301	2	0	0	1	0	0	0	0	0	0	0	0	3
4302	3	0	0	0	0	0	0	0	0	0	0	0	3
4303	3	0	0	0	0	0	0	0	0	0	0	0	3
4304	2	0	0	0	0	0	0	0	0	0	0	0	2
4305	1	0	0	0	2	0	0	0	0	0	0	0	3
4306	2	0	0	0	1	0	0	0	0	0	0	0	3
4307	0	1	0	1	0	0	0	1	0	0	0	0	3
4308	1	0	0	0	0	0	0	1	0	0	0	0	2
4309	4	0	0	0	0	0	0	0	0	0	0	0	4
4310	2	0	0	0	0	0	0	0	1	0	0	0	3
4311	2	0	0	0	2	0	0	0	0	0	0	0	4
4312	0	0	0	1	1	0	0	0	0	0	0	0	2
4313	1	0	0	0	0	0	0	0	0	0	0	0	1
4314	3	0	0	0	0	0	0	1	0	0	0	0	4
4315	0	0	1	0	0	0	0	0	0	0	0	0	1
4316	1	0	0	0	0	0	0	0	0	0	0	0	1
4317	0	0	0	0	2	0	0	0	0	0	0	0	2
4318	4	0	0	0	1	0	0	1	0	0	0	0	6
4319	0	0	0	0	1	1	0	0	0	0	0	0	2
4320	0	0	0	0	2	0	0	0	0	0	0	0	2
4321	1	0	0	0	0	0	0	0	0	0	0	0	1
4323	2	0	0	0	1	0	0	0	0	0	0	0	3
4324	0	0	0	1	0	0	0	1	0	0	0	0	2
4325	2	0	0	0	0	0	0	0	0	0	0	0	2
4326	3	0	0	0	1	0	0	0	0	0	0	0	4
4327	3	0	0	0	2	0	0	0	0	0	0	0	5
4328	3	0	0	0	0	0	0	2	0	0	0	0	5
4329	2	0	0	0	0	0	0	1	0	0	0	0	3
4330	2	0	0	0	0	0	0	0	0	0	0	0	2
4331	2	0	0	1	1	0	0	0	0	0	0	0	4
4332	0	0	1	0	0	0	0	0	0	0	0	0	1
4333	0	0	0	1	0	0	0	0	0	0	0	0	1
4334	1	0	0	0	0	0	0	0	0	0	0	0	1
4335	0	0	0	0	1	0	0	0	0	0	0	0	1
4336	3	0	0	0	0	0	0	0	0	0	0	0	3
4337	3	0	0	0	0	0	1	0	0	0	0	0	4
4338	0	0	0	0	0	1	0	0	0	0	0	0	1
4339	4	0	0	0	2	0	1	0	0	0	0	0	7
4340	2	0	0	0	0	0	0	0	0	0	0	0	2
4341	2	0	0	0	0	0	0	0	0	0	0	0	2
4342	3	0	0	1	0	0	0	0	0	0	0	0	4
4343	1	0	0	0	0	0	1	0	0	0	0	0	2
4344	0	0	1	0	0	0	0	0	0	0	0	0	1
4345	2	0	0	0	1	0	0	0	0	0	0	0	3
4346	2	0	0	0	0	0	0	0	0	0	0	0	2
4347	0	0	1	0	1	0	0	0	0	0	0	0	2
4348	1	0	0	0	0	0	0	0	0	0	0	0	1
4349	2	0	0	0	0	0	0	0	0	0	0	0	2
4350	2	0	0	0	1	0	0	1	0	0	0	0	4
4351	3	0	0	0	0	0	0	0	0	0	0	0	3
4352	4	0	0	0	0	0	0	0	0	0	0	0	4
4353	1	0	1	0	0	0	0	1	1	0	0	0	4
4354	1	0	0	0	0	0	0	1	0	0	0	0	2
4355	1	0	0	0	1	0	0	0	0	0	0	0	2
4356	2	0	0	0	0	0	0	0	0	0	0	0	2
4357	1	0	0	0	2	0	0	0	0	0	0	0	3
4358	2	0	0	0	0	0	0	1	0	0	0	0	3
4359	1	0	0	1	0	2	0	1	0	0	0	0	5
4361	2	0	0	0	0	0	0	0	0	0	0	0	2
4362	1	0	0	0	2	0	0	0	0	0	0	0	3
4363	1	0	0	0	1	0	0	0	0	0	0	0	2
4364	0	0	0	1	0	0	0	0	0	0	0	0	1
4365	1	0	0	1	1	0	0	0	0	0	0	0	3
4366	2	0	0	0	0	0	0	1	0	0	0	0	3
4367	2	0	0	0	0	0	0	0	0	0	0	0	2
4368	1	0	0	0	1	0	0	0	0	0	0	0	2
4369	2	0	0	0	0	0	0	0	0	0	0	0	2
4370	1	0	0	0	1	0	0	0	0	0	0	0	2
4371	0	0	1	0	1	0	0	0	0	0	0	0	2
4372	4	0	0	0	1	0	0	0	0	0	0	0	5
4373	3	0	0	0	1	0	0	0	0	0	0	0	4
4375	1	0	1	0	1	0	0	0	0	0	0	0	3
4376	0	0	0	0	2	0	0	0	0	0	0	0	2
4377	2	0	0	0	1	0	0	0	0	0	0	0	3
4378	0	0	0	0	1	0	0	0	0	0	0	0	1
4379	2	0	0	0	1	0	0	1	0	0	0	0	4
4380	4	0	0	0	0	0	0	1	0	0	0	0	5
4381	2	0	0	0	1	0	0	0	0	0	0	0	3
4382	2	0	0	1	2	0	0	0	0	0	0	0	5
4383	1	0	0	0	1	0	0	1	0	0	0	0	3
4384	2	0	0	0	0	0	0	1	1	0	0	0	4
4385	0	0	0	0	0	0	1	1	0	0	0	0	2
4386	2	0	0	0	1	0	0	0	0	0	0	0	3
4387	0	0	0	0	1	0	0	0	0	0	0	0	1
4388	1	0	0	0	1	0	0	0	0	0	0	0	2
4389	1	0	0	1	2	0	0	0	0	0	0	0	4
4390	2	0	0	0	0	0	0	0	0	0	0	0	2
4391	0	0	0	0	0	2	0	1	0	0	0	0	3
4392	2	0	0	0	0	0	0	0	0	0	0	0	2
4394	2	0	0	0	0	0	0	0	0	0	0	0	2
4395	1	1	0	0	0	0	0	0	0	0	0	0	2
4396	3	0	0	0	0	0	0	0	0	0	0	0	3
4397	0	0	1	0	0	0	0	0	0	0	0	0	1
4398	1	0	0	0	0	0	0	0	0	0	0	0	1
4399	1	1	0	1	1	0	0	0	0	0	0	0	4
4400	2	0	0	0	0	0	0	0	0	0	0	0	2
4401	1	0	0	0	0	0	0	0	0	0	0	0	1
4402	1	0	0	0	1	0	0	1	0	0	0	0	3
4403	2	0	0	0	0	0	0	0	0	0	0	0	2
4404	0	0	0	1	4	0	0	0	0	0	0	0	5
4405	0	0	0	1	0	0	0	0	0	0	0	0	1
4406	1	0	0	0	0	0	0	0	0	0	0	0	1
4407	1	0	0	0	1	0	0	0	0	0	0	0	2
4408	2	0	0	1	0	0	0	0	0	0	0	0	3
4409	0	0	1	1	0	0	0	0	0	0	0	0	2
4410	0	0	0	1	1	0	0	1	0	0	0	0	3
4411	3	0	0	0	0	0	0	0	0	0	0	0	3
4413	1	0	1	0	0	0	0	0	0	0	0	0	2
4414	0	0	1	0	0	0	0	0	0	0	0	0	1
4415	3	0	0	0	0	0	0	0	0	0	0	0	3
4416	2	0	0	0	0	0	0	0	0	0	0	0	2
4417	2	0	0	0	0	0	0	0	0	0	0	0	2
4418	2	0	0	0	0	0	0	0	0	0	0	0	2
4419	0	0	0	2	1	0	0	0	0	0	0	0	3
4420	2	0	0	0	3	0	0	0	0	0	0	0	5
4421	1	0	0	0	0	0	0	0	0	0	0	0	1
4422	3	0	0	0	0	0	0	0	0	0	0	0	3
4423	3	0	0	0	0	0	0	0	0	0	0	0	3
4424	0	1	0	0	1	0	0	0	0	0	0	0	2
4425	1	0	0	0	0	1	0	0	0	0	0	0	2
4426	0	0	1	0	1	0	0	0	0	0	0	0	2
4427	1	0	0	1	0	0	0	0	0	0	0	0	2
4428	1	0	0	0	0	0	0	0	0	0	0	0	1
4429	2	0	0	1	0	0	0	0	0	0	0	0	3
4430	1	0	0	0	0	0	0	0	0	0	0	0	1
4431	0	1	1	0	0	0	0	0	0	0	0	0	2
4432	1	0	0	0	2	0	0	0	0	0	0	0	3
4433	1	0	0	0	0	0	0	0	0	0	0	0	1
4434	1	0	0	0	1	0	0	0	0	0	0	0	2
4436	1	0	0	0	0	1	0	0	0	0	0	0	2
4437	1	0	0	0	0	0	0	1	0	0	0	0	2
4438	1	0	0	1	0	0	0	0	0	0	0	0	2
4440	1	0	2	0	0	0	0	0	0	0	0	0	3
4442	1	0	0	0	0	0	0	0	0	0	0	0	1
4443	2	0	0	1	2	0	1	0	1	0	0	0	7
4444	3	0	0	0	0	0	1	0	0	0	0	0	4
4445	1	0	0	0	0	0	0	0	0	0	0	0	1
4446	1	0	0	0	1	0	0	0	0	1	0	0	3
4447	3	0	0	0	0	0	0	1	0	0	0	0	4
4448	2	0	0	0	0	0	0	0	0	0	0	0	2
4449	1	0	0	0	2	0	1	0	0	0	0	0	4
4450	1	0	0	0	0	0	0	0	0	0	0	0	1
4451	1	0	0	0	0	0	0	0	0	0	0	0	1
4452	1	0	0	0	0	0	0	0	0	0	0	0	1
4453	2	0	0	0	0	0	0	0	0	0	0	0	2
4454	3	0	0	0	0	0	0	0	0	0	0	0	3
4455	3	0	0	0	1	0	0	0	0	0	0	0	4
4457	0	0	0	0	1	0	0	0	0	0	0	0	1
4458	2	0	0	0	2	0	0	0	0	0	0	0	4
4459	3	0	0	0	0	0	0	0	0	0	0	0	3
4460	1	0	0	2	0	0	0	0	0	0	0	0	3
4462	1	0	0	0	0	0	0	0	0	0	0	0	1
4463	2	0	0	0	0	0	0	0	0	0	0	0	2
4464	0	0	0	0	1	0	0	0	0	0	0	0	1
4465	5	0	0	0	0	0	0	0	0	0	0	0	5
4466	1	0	1	0	0	0	0	0	0	0	0	0	2
4467	2	0	0	0	0	0	0	0	0	0	0	0	2
4468	1	0	0	0	0	0	0	1	0	0	0	0	2
4469	0	0	0	1	1	0	0	0	0	0	0	0	2
4470	0	0	0	0	1	0	0	0	0	0	0	0	1
4471	1	0	0	1	0	0	0	0	0	0	0	0	2
4472	1	0	0	0	0	0	0	1	0	0	0	0	2
4473	2	0	0	0	0	0	0	0	0	0	0	0	2
4474	1	0	0	0	1	0	0	0	0	0	0	0	2
4477	1	0	0	0	0	0	1	0	0	0	0	0	2
4478	0	0	0	0	2	0	0	0	0	0	0	0	2
4480	1	0	0	0	1	0	0	0	0	0	0	0	2
4482	1	0	0	1	0	0	0	0	0	0	0	0	2
4483	1	1	0	0	0	0	1	0	0	0	0	0	3
4484	0	0	0	2	1	0	0	0	0	0	0	0	3
4485	1	0	0	1	1	1	0	0	0	0	0	0	4
4486	0	0	1	0	0	0	0	0	0	0	0	0	1
4488	3	0	0	0	0	0	0	0	0	0	0	0	3
4489	1	0	1	0	0	0	0	0	0	0	0	0	2
4490	3	0	0	0	0	0	0	0	0	0	0	0	3
4491	0	0	1	0	0	0	0	0	0	0	0	0	1
4493	1	0	0	0	0	0	0	1	0	0	0	0	2
4495	1	0	0	0	0	0	0	0	0	0	0	0	1
4496	1	0	0	0	1	0	0	0	1	0	0	0	3
4497	0	0	0	0	1	0	0	0	1	0	0	0	2
4498	1	0	0	1	0	0	0	0	0	0	0	0	2
4499	1	0	1	0	0	0	0	0	0	0	0	0	2
4500	3	0	0	0	1	0	0	0	0	0	0	0	4
4501	2	0	0	0	1	0	0	0	0	0	0	0	3
4502	2	0	0	0	0	1	0	0	0	0	0	0	3
4503	0	0	0	0	3	0	0	0	0	0	0	0	3
4504	1	0	0	0	0	0	0	1	0	0	0	0	2
4505	1	0	0	0	0	0	0	0	0	0	0	0	1
4506	1	0	0	0	0	0	0	0	0	0	0	0	1
4507	2	0	0	0	1	0	0	0	0	0	0	0	3
4508	2	0	0	0	1	0	0	0	0	0	0	0	3
4509	0	0	0	0	1	0	0	0	0	0	0	0	1
4510	0	0	0	0	1	0	0	0	0	0	0	0	1
4511	1	0	0	0	1	0	0	0	0	0	0	0	2
4512	1	0	0	0	2	0	1	0	0	0	0	0	4
4513	0	0	0	0	1	0	1	0	0	0	0	0	2
4514	4	0	0	0	0	0	0	0	0	0	0	0	4
4515	1	0	0	0	1	0	0	0	0	0	0	0	2
4516	2	0	0	0	0	0	0	0	0	0	0	0	2
4517	0	0	0	0	1	0	0	0	0	0	0	0	1
4518	0	0	0	1	0	0	0	0	0	0	0	0	1
4519	1	0	0	0	1	0	0	0	0	0	0	0	2
4520	2	0	0	0	0	0	0	0	0	0	0	0	2
4521	1	0	0	1	1	0	0	0	0	0	0	0	3
4522	3	0	0	1	1	0	0	0	1	0	0	0	6
4523	1	1	0	0	1	0	1	0	0	0	0	0	4
4524	1	1	0	0	1	0	0	0	0	0	0	0	3
4526	4	0	0	0	0	0	0	0	0	0	0	0	4
4527	0	0	1	1	0	0	0	0	0	0	0	0	2
4528	3	0	0	0	0	0	0	0	0	0	0	0	3
4529	1	0	0	0	0	0	0	0	0	0	0	0	1
4530	1	0	0	0	1	0	0	0	0	0	0	0	2
4531	2	0	0	0	1	0	0	1	0	0	0	0	4
4532	1	0	0	0	0	0	0	0	0	0	0	0	1
4533	1	0	0	0	1	0	1	0	0	0	0	0	3
4534	1	0	0	1	2	0	0	0	0	0	0	0	4
4536	1	0	0	0	0	0	0	1	0	0	0	0	2
4537	1	0	0	0	2	0	1	1	1	0	0	0	6
4538	3	0	0	0	1	0	0	0	0	0	0	0	4
4539	4	0	0	0	0	0	0	0	0	0	0	0	4
4540	2	0	0	0	0	0	0	0	0	0	0	0	2
4541	0	0	1	0	1	0	0	0	0	0	0	0	2
4542	0	0	0	0	3	0	0	0	0	0	0	0	3
4543	1	0	0	1	0	0	0	0	0	0	0	0	2
4544	2	0	0	0	0	0	0	1	0	0	0	0	3
4545	2	0	0	0	0	0	0	0	0	0	0	0	2
4546	2	0	0	0	0	1	0	0	0	0	0	0	3
4547	2	0	0	0	1	0	0	0	0	0	0	0	3
4548	0	0	0	2	0	1	1	0	0	0	0	0	4
4549	0	0	0	0	2	0	0	0	0	0	0	0	2
4550	2	0	0	2	0	0	0	0	0	0	0	0	4
4551	2	0	0	0	0	0	1	0	0	0	0	0	3
4552	2	0	0	0	0	0	0	0	0	0	0	0	2
4553	1	0	0	0	0	0	0	0	0	1	0	0	2
4554	1	0	0	1	0	0	1	0	0	0	0	0	3
4555	3	0	0	0	0	0	0	0	0	0	0	0	3
4556	2	0	0	0	0	0	0	0	0	0	0	0	2
4557	1	0	0	1	0	0	0	0	0	0	0	0	2
4558	0	0	0	0	1	0	0	0	0	0	0	0	1
4559	4	0	0	0	3	0	0	1	0	0	0	0	8
4560	1	0	0	0	0	0	0	0	0	0	0	0	1
4561	1	0	0	1	0	0	1	0	0	0	0	0	3
4562	2	0	0	0	0	0	1	1	0	0	0	0	4
4563	2	0	0	0	2	0	0	0	0	0	0	0	4
4564	1	0	0	1	1	0	0	0	0	0	0	0	3
4565	0	0	1	0	0	0	0	0	1	0	0	0	2
4566	1	0	0	0	0	0	0	0	0	0	0	0	1
4567	2	0	0	0	0	0	0	0	0	0	0	0	2
4568	0	0	1	0	0	0	0	0	0	0	0	0	1
4569	1	0	0	0	0	1	0	0	0	0	0	0	2
4570	0	0	1	0	1	0	0	0	0	0	0	0	2
4571	3	0	0	0	0	0	0	0	0	0	0	0	3
4572	2	0	0	0	2	0	0	0	0	0	0	0	4
4573	3	0	0	0	1	0	0	0	0	0	0	0	4
4574	2	0	0	0	0	0	0	0	0	0	0	0	2
4575	2	0	0	0	0	0	0	0	0	0	0	0	2
4576	0	0	0	0	1	0	0	0	0	0	0	0	1
4577	2	0	0	0	0	0	0	0	0	0	0	0	2
4578	0	0	0	0	2	0	0	0	0	0	0	0	2
4579	1	0	0	1	0	0	0	0	0	0	0	0	2
4580	1	0	1	0	0	0	0	0	0	0	0	0	2
4581	1	0	0	1	2	0	0	1	0	0	0	0	5
4582	1	0	0	0	1	0	0	0	0	0	0	0	2
4583	0	0	0	0	1	0	0	0	0	0	0	0	1
4584	2	0	0	0	1	0	0	0	0	0	0	0	3
4585	4	0	0	0	0	0	0	0	0	0	0	0	4
4586	0	0	0	0	1	0	0	0	1	0	0	0	2
4587	1	0	0	0	0	0	0	0	0	0	0	0	1
4588	0	0	1	1	0	0	0	0	0	0	0	0	2
4589	1	0	0	1	0	0	0	0	0	0	0	0	2
4590	2	0	0	0	0	0	0	0	0	0	0	0	2
4591	1	1	0	0	1	0	1	0	0	1	0	0	5
4592	2	0	0	0	0	0	0	1	0	0	0	0	3
4593	1	0	0	0	0	0	0	0	0	0	0	0	1
4594	1	0	0	0	0	0	0	1	0	0	0	0	2
4595	1	0	0	0	0	0	0	0	0	0	0	0	1
4596	1	0	0	0	2	0	0	0	0	0	0	0	3
4598	0	0	1	0	3	0	0	0	0	0	0	0	4
4599	1	0	0	0	0	0	0	0	0	0	0	0	1
4600	3	0	0	0	0	0	0	0	0	0	0	0	3
4601	0	0	0	0	3	0	0	0	0	0	0	0	3
4602	2	0	0	0	0	0	0	0	0	0	0	0	2
4603	2	0	0	0	1	0	0	2	0	0	0	0	5
4604	2	0	0	0	0	0	0	0	0	0	0	0	2
4605	4	0	0	0	0	0	0	0	0	0	0	0	4
4606	3	0	0	0	2	0	0	0	0	0	0	0	5
4607	1	0	0	0	1	0	1	0	0	0	0	0	3
4608	0	0	1	0	0	0	0	0	0	0	0	0	1
4609	1	0	0	0	0	0	0	0	0	0	0	0	1
4610	4	0	0	0	2	0	0	0	0	0	0	0	6
4611	0	0	0	0	0	1	0	0	0	0	0	0	1
4612	3	0	0	0	0	0	0	0	0	0	0	0	3
4613	1	0	0	0	0	0	0	1	0	0	0	0	2
4614	3	0	0	0	2	0	0	1	0	0	0	0	6
4615	2	0	0	0	1	0	1	0	0	0	0	0	4
4616	1	0	0	1	0	0	0	0	0	0	0	0	2
4617	4	0	0	0	1	0	0	0	0	0	0	0	5
4618	2	0	0	0	0	0	0	0	0	0	0	0	2
4619	0	0	0	1	0	0	0	0	0	0	0	0	1
4620	3	0	0	1	0	0	0	0	0	0	0	0	4
4621	0	0	0	0	2	0	1	0	0	0	0	0	3
4623	4	0	0	0	0	0	0	1	0	0	0	0	5
4624	1	0	0	0	0	0	0	1	0	0	0	0	2
4625	3	0	0	0	0	0	0	0	0	0	0	0	3
4626	1	0	0	0	0	0	0	2	0	0	0	0	3
4627	2	0	0	0	0	0	0	1	0	0	0	0	3
4628	2	0	0	0	0	0	0	1	0	0	0	0	3
4629	0	0	1	0	0	0	0	0	0	0	0	0	1
4630	2	0	0	0	0	0	0	0	0	0	0	0	2
4632	0	0	1	0	0	0	0	0	0	0	0	0	1
4633	1	0	0	0	0	0	0	0	0	0	0	0	1
4635	0	0	1	0	2	0	0	0	0	0	0	0	3
4636	0	0	0	1	2	0	1	0	0	0	0	0	4
4637	0	0	0	0	0	0	0	0	3	0	0	0	3
4638	0	0	0	0	0	1	0	0	0	0	0	0	1
4639	0	0	1	0	0	0	0	0	0	0	0	0	1
4640	2	0	0	0	0	0	1	0	0	1	0	0	4
4641	1	0	0	0	1	0	0	0	1	0	0	0	3
4642	2	0	0	0	0	0	0	0	0	0	0	0	2
4643	2	0	0	0	1	0	0	0	0	0	0	0	3
4644	4	0	0	0	2	0	0	0	0	0	0	0	6
4645	1	0	0	1	0	0	0	0	0	0	0	0	2
4646	1	0	0	0	1	0	0	0	0	0	0	0	2
4647	1	0	0	0	1	1	0	0	0	0	0	0	3
4648	1	0	0	0	0	0	0	0	0	0	0	0	1
4649	1	0	0	1	0	0	0	0	0	0	0	0	2
4650	1	0	0	0	0	0	0	0	0	0	0	0	1
4653	1	0	0	1	0	0	0	1	0	0	0	0	3
4654	2	0	0	0	1	0	0	0	0	0	0	0	3
4655	1	0	0	0	2	0	0	0	0	0	0	0	3
4656	2	0	0	0	0	0	0	0	0	0	0	0	2
4657	2	0	0	0	0	0	0	2	0	0	0	0	4
4658	2	0	0	0	1	0	0	0	0	0	0	0	3
4659	3	0	0	0	0	0	0	0	0	0	0	0	3
4660	0	0	0	0	3	0	0	0	0	0	0	0	3
4661	0	0	1	0	0	0	0	0	0	0	0	0	1
4662	2	0	0	0	0	0	0	0	0	0	0	0	2
4663	1	0	1	0	0	0	1	0	1	0	0	0	4
4664	2	0	0	0	0	0	1	0	1	0	0	0	4
4665	3	0	0	0	1	0	0	0	0	0	0	0	4
4666	1	0	0	0	0	0	0	0	0	0	0	0	1
4667	0	0	1	0	0	0	0	0	0	0	0	0	1
4668	0	0	2	0	0	0	0	0	0	0	0	0	2
4669	1	0	1	0	0	0	0	0	0	0	0	0	2
4670	2	0	0	0	0	0	0	0	0	0	0	0	2
4671	2	0	0	0	1	0	0	0	0	0	0	0	3
4672	3	0	0	1	0	0	0	0	0	0	0	0	4
4673	1	0	0	0	1	0	0	0	0	0	0	0	2
4674	1	0	0	0	0	0	0	0	0	0	0	0	1
4675	4	0	0	0	0	0	0	1	0	0	0	0	5
4676	1	0	0	0	0	0	0	1	1	0	0	0	3
4677	1	0	0	0	2	0	0	0	0	0	0	0	3
4678	1	0	0	0	0	0	0	0	0	0	0	0	1
4679	2	0	0	0	1	0	0	0	0	0	0	0	3
4680	1	0	0	0	2	0	0	0	0	0	0	0	3
4681	1	0	0	0	2	0	0	0	0	0	0	0	3
4682	3	0	0	0	1	0	0	0	0	0	0	0	4
4683	0	0	0	0	1	0	0	0	0	0	0	0	1
4684	2	0	1	0	0	0	0	0	0	0	0	0	3
4685	3	0	0	1	1	0	0	0	0	0	0	0	5
4686	0	0	0	0	1	0	0	0	0	0	0	0	1
4687	2	0	0	0	0	0	0	0	0	0	0	0	2
4688	2	0	0	0	1	0	1	0	0	0	0	0	4
4689	0	0	0	0	2	0	0	1	0	0	0	0	3
4690	3	0	0	0	2	0	0	0	0	0	0	0	5
4691	1	0	0	1	0	0	0	0	0	0	0	0	2
4692	1	0	0	0	0	1	0	0	0	0	0	0	2
4693	1	0	0	1	0	0	0	0	0	0	0	0	2
4694	1	0	0	0	3	0	0	2	0	0	0	0	6
4695	3	0	0	0	0	0	0	0	0	0	0	0	3
4696	0	0	1	0	1	0	0	0	0	0	0	0	2
4697	0	0	0	0	0	2	1	0	0	0	0	0	3
4698	1	0	0	0	3	0	0	0	0	0	0	0	4
4699	1	0	0	0	0	0	0	0	0	0	0	0	1
4700	3	0	0	0	1	0	0	0	0	0	0	0	4
4701	1	0	0	0	1	0	0	0	0	0	0	0	2
4702	3	0	0	0	1	0	0	0	0	0	0	0	4
4703	0	0	0	0	2	0	0	0	0	0	0	0	2
4704	1	0	0	0	1	1	0	0	0	0	0	0	3
4705	1	0	0	0	0	0	0	1	0	0	0	0	2
4706	0	0	0	0	3	0	0	1	0	0	0	0	4
4707	1	0	0	0	2	0	0	1	0	0	0	0	4
4708	3	0	0	0	0	0	0	2	0	0	0	0	5
4709	2	0	0	0	2	0	0	0	0	0	0	0	4
4710	1	0	0	0	1	0	0	0	0	0	0	0	2
4711	0	0	0	0	2	0	0	0	0	0	0	0	2
4712	1	0	0	1	1	0	0	0	0	0	0	0	3
4713	1	0	0	0	0	0	0	0	0	0	0	0	1
4714	1	0	0	1	0	0	0	0	0	0	0	0	2
4715	1	0	1	0	0	0	0	0	0	0	0	0	2
4716	0	0	0	0	1	0	0	0	0	0	0	0	1
4717	2	0	0	0	3	0	0	0	0	0	0	0	5
4719	2	0	1	0	0	0	0	0	0	0	0	0	3
4720	1	0	0	0	0	0	0	1	0	0	0	0	2
4721	0	0	0	0	0	1	0	0	0	0	0	0	1
4722	2	0	0	0	0	0	0	0	0	0	0	0	2
4723	3	0	0	1	0	0	0	0	0	0	0	0	4
4724	1	0	0	0	1	0	0	0	1	0	0	0	3
4725	2	0	0	0	0	0	1	0	0	0	0	0	3
4726	3	0	0	0	0	0	0	0	0	1	0	0	4
4727	1	0	0	0	0	0	0	0	0	0	0	0	1
4728	2	0	0	0	1	0	0	0	0	0	0	0	3
4729	2	0	0	0	0	0	1	0	0	0	0	0	3
4730	2	0	0	0	1	0	0	0	0	0	0	0	3
4731	0	0	0	0	0	0	0	0	0	1	0	0	1
4732	2	0	0	1	0	0	1	0	0	0	0	0	4
4733	3	0	0	0	1	0	0	0	0	0	0	0	4
4734	2	0	0	0	0	0	0	0	0	0	0	0	2
4735	0	0	0	0	2	0	0	0	0	0	0	0	2
4736	3	0	0	0	0	0	0	0	0	0	0	0	3
4737	2	1	0	0	2	0	1	0	1	0	0	0	7
4738	0	0	1	0	1	0	0	0	0	0	0	0	2
4739	2	0	0	0	0	0	0	0	0	0	0	0	2
4740	2	0	0	0	0	0	0	0	0	0	0	0	2
4741	1	0	0	0	0	0	0	0	0	0	0	0	1
4742	2	0	0	0	1	0	0	0	1	0	0	0	4
4743	1	0	0	0	0	2	0	0	0	0	0	0	3
4744	1	0	0	0	1	1	0	0	0	0	0	0	3
4745	3	0	0	0	0	0	0	0	0	0	0	0	3
4746	2	0	0	0	1	0	0	0	1	0	0	0	4
4747	0	0	0	1	2	0	0	0	0	0	0	0	3
4748	0	0	0	0	2	0	0	0	0	0	0	0	2
4749	1	1	0	0	1	0	0	0	0	0	0	0	3
4750	1	0	0	0	2	0	0	0	0	0	0	0	3
4751	2	0	0	0	0	0	0	1	0	0	0	0	3
4752	2	0	0	0	0	0	0	0	0	0	0	0	2
4753	2	0	0	0	1	0	1	1	0	0	0	0	5
4754	1	0	0	0	1	0	0	0	0	0	0	0	2
4755	2	0	0	0	0	0	0	0	0	0	0	0	2
4756	0	1	0	0	3	0	0	0	0	0	0	0	4
4757	3	0	0	0	0	0	0	1	0	0	0	0	4
4758	1	0	0	0	0	0	0	0	0	0	0	0	1
4759	2	0	0	0	1	0	0	0	0	0	0	0	3
4760	3	0	0	0	0	0	0	0	0	0	0	0	3
4762	1	0	0	0	1	0	0	0	0	0	0	0	2
4763	3	0	0	0	0	0	0	0	0	0	0	0	3
4764	0	0	0	0	1	0	1	0	0	0	0	0	2
4765	0	0	0	0	1	0	0	1	0	0	0	0	2
4766	1	0	0	0	2	0	0	0	0	0	0	0	3
4767	3	1	0	0	2	0	0	0	0	0	0	0	6
4768	2	0	0	0	0	0	1	0	0	0	0	0	3
4769	1	0	0	0	0	0	0	1	0	0	0	0	2
4770	2	0	0	1	1	0	0	1	0	0	0	0	5
4771	1	0	0	1	0	0	0	0	0	0	0	0	2
4772	1	0	0	0	0	0	0	0	0	0	0	0	1
4773	0	0	1	0	0	0	0	0	0	0	0	0	1
4774	1	0	0	0	0	0	0	0	0	0	0	0	1
4775	2	0	0	0	0	0	0	0	0	0	0	0	2
4776	3	0	0	0	0	0	0	0	0	0	0	0	3
4777	3	0	0	0	0	0	1	0	0	0	0	0	4
4778	3	0	0	0	0	0	0	0	0	0	0	0	3
4779	3	0	0	0	0	0	0	0	0	0	0	0	3
4780	3	0	0	0	0	0	0	0	0	0	0	0	3
4781	2	0	0	0	0	0	0	0	0	0	0	0	2
4782	2	0	0	0	1	0	0	0	0	0	0	0	3
4783	1	0	0	0	2	0	0	0	0	0	0	0	3
4784	2	0	0	0	1	0	0	0	0	0	0	0	3
4785	3	0	0	0	1	0	0	0	0	0	0	0	4
4786	4	0	0	1	0	0	0	1	0	0	0	0	6
4787	1	0	0	0	0	0	0	0	0	0	0	0	1
4788	1	0	0	0	2	0	0	0	0	0	0	0	3
4789	2	1	0	0	1	0	0	0	0	0	0	0	4
4790	0	0	1	0	0	0	0	0	0	0	0	0	1
4791	3	0	0	0	1	0	0	0	0	0	0	0	4
4792	1	0	0	1	1	0	0	0	0	0	0	0	3
4793	1	0	0	0	2	0	0	0	0	0	0	0	3
4794	1	0	0	0	0	0	0	0	0	0	0	0	1
4795	3	0	0	0	1	0	0	0	0	0	0	0	4
4796	1	0	0	0	2	0	0	0	0	0	0	0	3
4797	0	0	0	0	0	0	0	1	0	0	0	0	1
4798	2	0	0	0	1	2	0	1	0	0	0	0	6
4799	1	0	0	1	0	0	1	0	0	0	0	0	3
4800	1	0	0	0	0	0	0	0	0	0	0	0	1
4801	2	0	0	0	1	0	0	0	0	0	0	0	3
4802	5	0	0	0	0	0	0	1	0	0	0	0	6
4803	2	0	0	1	0	0	0	0	0	0	0	0	3
4804	2	0	0	0	1	0	0	1	0	0	0	0	4
4805	4	0	0	1	1	0	0	0	0	0	0	0	6
4806	2	0	0	0	0	0	0	0	0	0	0	0	2
4807	0	0	0	0	4	0	0	0	0	0	0	0	4
4808	0	0	0	0	2	0	0	0	0	0	0	0	2
4809	2	0	0	0	2	0	0	0	0	0	0	0	4
4810	1	0	0	0	0	0	0	0	0	0	0	0	1
4811	0	0	0	2	0	0	0	0	0	0	0	0	2
4812	3	0	0	0	1	0	0	0	0	0	0	0	4
4813	1	0	0	0	2	0	0	0	0	0	0	0	3
4814	1	0	0	0	4	0	0	0	0	0	0	0	5
4815	2	0	0	0	1	0	0	2	0	0	0	0	5
4816	1	0	0	0	0	0	0	0	0	0	0	0	1
4817	2	0	0	0	0	0	1	0	1	0	0	0	4
4818	2	0	0	0	1	0	0	0	0	0	0	0	3
4819	2	0	0	0	0	0	0	0	0	0	0	0	2
4820	2	0	1	0	0	0	0	1	0	0	0	0	4
4821	3	0	0	1	0	0	0	0	0	0	0	0	4
4822	1	0	0	0	1	0	0	0	0	0	0	0	2
4823	2	0	0	0	0	0	0	1	0	0	0	0	3
4824	2	0	0	0	0	0	0	0	0	0	0	0	2
4825	0	0	1	1	0	0	0	0	0	0	0	0	2
4826	0	0	0	0	0	0	0	1	0	0	0	0	1
4827	3	0	0	0	0	0	0	0	0	0	0	0	3
4828	1	0	0	1	0	0	0	0	0	0	0	0	2
4829	3	0	0	0	0	0	0	0	0	0	0	0	3
4830	0	0	0	0	2	0	0	1	0	0	0	0	3
4831	1	0	0	0	1	0	0	1	0	0	0	0	3
4832	1	0	0	0	0	0	0	0	0	0	0	0	1
4833	2	0	0	0	1	0	0	0	0	0	0	0	3
4834	2	0	0	1	0	0	0	1	0	0	0	0	4
4835	5	0	0	0	0	0	1	0	0	0	0	0	6
4836	2	0	0	0	1	0	0	0	1	0	0	0	4
4837	0	0	0	0	2	0	0	0	0	0	0	0	2
4838	1	0	0	1	2	0	0	0	0	0	0	0	4
4839	1	0	0	0	1	0	0	0	0	0	0	0	2
4840	2	0	0	0	0	0	0	0	0	0	0	0	2
4841	1	0	0	0	0	0	0	0	0	0	0	0	1
4842	3	0	0	0	1	0	0	0	0	0	0	0	4
4843	4	0	0	0	0	0	0	1	0	0	0	0	5
4844	1	0	0	0	0	0	0	0	0	0	0	0	1
4845	1	0	0	0	0	0	0	0	0	0	0	0	1
4846	2	0	0	0	0	0	0	1	0	0	0	0	3
4848	3	0	0	0	0	0	0	0	0	0	0	0	3
4849	4	0	0	0	0	0	0	0	0	0	0	0	4
4850	1	0	0	0	1	0	0	0	0	0	0	0	2
4851	2	0	0	0	0	0	0	0	0	0	0	0	2
4852	1	0	0	0	1	0	0	0	0	0	0	0	2
4853	1	0	0	0	1	0	0	0	0	0	0	0	2
4854	2	0	0	0	0	0	0	0	0	0	0	0	2
4855	2	0	0	0	0	2	0	1	0	0	0	0	5
4856	0	1	0	0	0	0	0	0	0	0	0	0	1
4857	1	0	0	0	0	0	0	0	0	0	0	0	1
4858	1	0	0	0	1	0	0	0	0	0	0	0	2
4859	1	0	0	0	3	0	0	0	0	0	0	0	4
4860	0	0	0	0	1	0	0	0	0	0	0	0	1
4861	2	0	0	0	0	0	0	1	0	0	0	0	3
4862	2	0	0	0	0	0	1	0	0	0	0	0	3
4863	3	0	0	0	0	0	0	0	0	0	0	0	3
4864	2	0	0	0	0	0	0	1	0	0	0	0	3
4865	2	0	0	0	0	0	0	0	0	0	0	0	2
4866	1	0	0	1	0	0	0	0	0	0	0	0	2
4867	0	0	0	1	0	0	0	0	0	0	0	0	1
4868	1	0	0	0	0	1	0	0	0	0	0	0	2
4869	2	0	0	0	1	0	0	0	0	0	0	0	3
4870	2	0	0	0	0	0	0	0	0	0	0	0	2
4871	2	0	0	0	0	0	0	0	0	0	0	0	2
4872	2	0	0	0	0	1	0	1	0	0	0	0	4
4873	2	0	0	0	0	0	0	0	0	0	0	0	2
4874	4	0	0	0	2	0	0	0	0	0	0	1	7
4875	2	0	0	1	0	0	0	0	1	0	0	0	4
4876	1	0	0	0	0	0	0	0	0	0	0	0	1
4877	2	0	0	0	0	0	0	0	0	0	0	0	2
4878	1	0	0	0	0	0	0	0	0	0	0	0	1
4879	2	0	0	0	0	0	0	0	0	0	0	0	2
4880	0	1	0	0	1	0	0	0	0	0	0	0	2
4881	5	0	0	0	0	0	0	0	0	0	0	0	5
4882	1	0	0	0	0	0	0	0	0	0	0	0	1
4883	2	0	0	0	0	0	0	0	0	0	0	0	2
4885	2	0	0	0	0	0	0	0	0	0	0	0	2
4886	2	0	0	1	1	0	0	0	0	0	0	0	4
4887	4	0	0	0	0	0	0	0	0	0	0	0	4
4888	1	0	0	0	1	0	0	0	0	0	0	0	2
4889	0	0	0	0	1	0	0	0	0	0	0	0	1
4890	2	0	0	0	1	0	0	0	0	0	0	0	3
4891	3	0	0	0	0	0	0	0	0	0	0	0	3
4893	4	0	0	0	0	0	0	0	0	0	0	0	4
4894	0	0	0	1	2	0	0	0	0	0	0	0	3
4895	1	0	0	0	0	0	0	1	0	0	0	0	2
4896	2	0	0	0	0	0	0	0	0	0	0	0	2
4897	1	0	0	0	1	0	0	0	0	0	0	0	2
4899	1	0	0	0	0	0	0	1	0	0	0	0	2
4900	0	0	0	0	1	0	0	0	0	0	0	0	1
4901	1	0	0	0	0	0	0	0	1	0	0	0	2
4902	4	0	0	0	0	0	0	1	0	0	0	0	5
4903	3	0	0	1	1	0	0	1	0	0	0	0	6
4904	1	0	0	0	1	0	0	0	0	0	0	0	2
4905	2	0	0	0	1	0	0	1	0	0	0	0	4
4906	0	0	1	0	1	0	0	0	0	0	0	0	2
4907	0	0	0	0	1	0	0	1	0	0	0	0	2
4908	0	0	1	0	0	0	0	0	0	0	0	0	1
4909	2	0	0	0	0	0	0	0	0	0	0	0	2
4910	2	0	0	0	0	0	0	1	0	0	0	0	3
4911	4	0	0	0	1	0	0	0	0	0	0	0	5
4912	3	0	0	1	1	0	0	0	0	0	0	0	5
4913	1	0	0	0	0	1	0	0	0	0	0	0	2
4914	1	0	0	0	2	0	0	0	0	0	0	0	3
4915	1	0	0	0	0	0	0	0	0	0	0	0	1
4916	1	0	0	0	1	0	0	0	0	0	0	0	2
4917	0	0	1	0	4	0	0	0	0	0	0	0	5
4918	1	0	0	0	0	0	0	0	0	0	0	0	1
4919	1	0	0	0	1	0	0	0	0	0	0	0	2
4920	2	0	1	0	0	1	0	0	0	0	0	0	4
4921	0	0	1	1	0	0	0	0	0	0	0	0	2
4922	2	0	0	0	1	0	0	0	0	0	0	0	3
4923	3	0	0	0	0	0	0	0	0	0	0	0	3
4924	4	0	0	1	0	1	0	0	0	0	0	0	6
4925	2	0	0	0	0	0	0	0	0	0	0	0	2
4926	1	0	0	0	1	0	0	0	0	0	0	0	2
4927	1	0	0	0	0	0	0	0	0	0	0	0	1
4928	1	0	0	0	0	0	0	0	0	0	0	0	1
4929	0	0	0	0	1	0	0	0	0	0	0	0	1
4930	0	0	0	0	1	0	0	1	0	0	0	0	2
4931	2	0	0	0	0	0	0	1	0	0	0	0	3
4932	2	0	0	1	0	0	0	0	0	0	0	0	3
4933	0	0	0	0	0	0	1	0	0	0	0	0	1
4934	0	0	0	1	1	0	0	0	0	0	0	0	2
4935	0	0	0	0	0	0	1	0	0	0	0	0	1
4936	3	0	0	1	2	0	0	1	0	0	0	0	7
4937	1	0	0	0	1	0	0	0	0	0	0	0	2
4938	1	0	0	0	0	0	0	0	0	0	0	0	1
4939	2	0	0	0	0	0	0	1	0	0	0	0	3
4940	3	0	0	0	0	0	0	0	0	0	0	0	3
4941	0	0	1	0	0	1	0	0	0	0	0	0	2
4942	3	0	0	0	0	0	0	0	0	0	0	0	3
4943	1	0	0	0	1	0	0	0	0	0	0	0	2
4944	1	0	0	0	0	0	0	0	0	0	0	0	1
4946	1	0	0	0	0	0	0	0	0	0	0	0	1
4948	0	0	1	0	2	0	0	0	0	0	0	0	3
4949	2	0	0	0	2	0	0	0	0	0	0	0	4
4950	0	0	0	0	2	0	0	0	0	0	0	0	2
4951	1	0	0	0	2	0	0	0	0	0	0	0	3
4952	3	0	0	0	0	0	0	0	0	0	0	0	3
4953	2	0	0	0	0	0	0	2	0	0	0	0	4
4954	4	0	0	0	0	0	0	0	0	0	0	0	4
4955	3	0	0	0	0	0	0	0	0	0	0	0	3
4956	3	0	0	0	1	0	0	0	1	0	0	0	5
4957	1	0	0	0	0	0	0	0	0	0	0	0	1
4958	2	0	0	0	0	0	0	0	0	0	0	0	2
4959	1	0	1	0	0	0	0	0	0	0	0	0	2
4960	4	0	1	0	0	0	0	0	0	0	0	0	5
4961	1	0	0	0	2	0	0	0	0	0	0	0	3
4962	3	0	0	0	0	0	0	0	0	0	0	0	3
4964	1	0	0	0	1	0	0	0	0	0	0	0	2
4965	3	0	0	0	1	0	0	0	0	0	0	0	4
4966	1	1	0	0	0	0	0	0	0	0	0	0	2
4967	4	0	0	0	0	0	0	1	0	0	0	0	5
4968	2	0	0	0	0	0	0	0	0	0	0	0	2
4969	2	0	0	0	0	0	0	0	0	0	0	0	2
4971	2	0	0	0	0	0	0	0	0	0	0	0	2
4972	1	0	0	0	0	0	0	0	0	0	0	0	1
4973	2	0	0	0	0	0	0	0	0	0	0	0	2
4974	1	0	0	0	0	0	0	0	0	0	0	0	1
4975	1	0	0	0	0	0	0	0	0	0	0	0	1
4976	1	0	0	1	2	0	0	1	0	0	0	0	5
4977	2	0	0	0	0	0	0	0	0	0	0	0	2
4979	2	0	0	0	1	0	0	0	0	0	0	0	3
4980	0	0	1	0	1	0	0	0	0	0	0	0	2
4981	3	0	0	0	0	0	3	0	0	0	0	0	6
4982	2	0	0	0	0	0	0	0	0	0	0	0	2
4983	0	0	1	0	0	0	0	0	0	0	0	0	1
4984	3	0	0	0	0	0	0	0	0	0	0	0	3
4985	3	0	0	0	0	0	1	0	0	0	0	0	4
4986	1	0	0	0	0	0	1	0	0	0	0	0	2
4987	1	0	0	0	0	0	0	0	0	0	0	0	1
4988	0	0	0	0	0	0	1	1	0	0	0	0	2
4989	1	0	0	0	1	0	0	0	0	0	0	0	2
4990	3	0	0	1	3	0	0	0	0	0	0	0	7
4991	0	0	0	0	2	0	0	0	0	0	0	0	2
4992	2	0	0	0	0	0	0	0	0	0	0	0	2
4993	3	0	0	0	0	0	0	0	0	1	0	0	4
4994	4	0	0	1	0	0	0	0	0	0	0	0	5
4995	3	0	0	1	0	0	0	0	0	0	0	0	4
4996	2	0	0	2	0	0	0	0	0	0	0	0	4
4997	2	0	0	0	1	0	1	0	0	0	0	0	4
4998	3	0	0	0	0	0	0	0	0	0	0	0	3
4999	0	0	0	0	1	0	0	0	0	0	0	0	1
5001	2	0	0	0	1	0	0	0	0	0	0	0	3
5002	2	0	0	0	1	0	0	0	0	0	0	0	3
5003	1	0	0	0	1	0	0	0	0	0	0	0	2
5004	2	0	0	0	1	0	0	0	0	0	0	0	3
5005	1	0	0	0	2	0	0	0	0	0	0	0	3
5006	3	0	0	0	1	0	0	0	0	0	0	0	4
5007	3	0	0	0	0	0	0	0	0	0	0	0	3
5008	2	0	0	0	1	0	0	0	1	0	0	0	4
5009	3	0	0	0	0	0	0	0	0	0	0	0	3
5010	1	0	0	0	1	0	0	0	0	0	0	0	2
5011	0	0	0	1	0	0	0	1	0	0	0	0	2
5012	1	0	0	0	1	0	0	0	0	0	0	0	2
5013	1	0	0	0	3	0	0	0	0	0	0	0	4
5014	0	0	0	1	2	0	0	0	0	0	0	0	3
5015	2	0	0	0	0	0	0	0	0	0	0	0	2
5016	3	0	0	1	0	0	0	0	0	0	0	0	4
5017	3	0	0	0	0	0	0	0	0	0	0	0	3
5018	2	0	0	0	0	0	0	1	0	0	0	0	3
5019	1	0	0	0	0	0	0	0	0	0	0	0	1
5020	0	0	0	1	2	0	1	0	1	0	0	0	5
5021	1	0	0	0	1	0	0	0	0	0	0	0	2
5022	1	0	0	0	0	0	0	0	0	0	0	0	1
5023	1	0	0	0	1	0	0	1	0	0	0	0	3
5024	1	0	0	0	1	0	0	0	0	0	0	0	2
5025	0	0	0	0	0	0	0	0	1	0	0	0	1
5026	2	0	0	1	0	0	0	0	0	0	0	0	3
5027	1	0	0	0	0	0	0	0	0	0	0	0	1
5028	1	0	0	0	1	0	0	0	0	0	0	0	2
5029	0	0	0	1	1	0	0	0	0	1	0	0	3
5030	4	0	0	0	0	0	0	1	0	0	0	0	5
5031	2	0	0	0	0	0	0	0	0	0	0	0	2
5032	2	0	0	0	3	0	0	0	0	0	0	0	5
5033	0	0	0	0	2	0	0	0	0	0	0	0	2
5034	1	0	0	0	0	2	1	1	0	0	0	0	5
5035	2	0	0	0	0	0	0	0	0	0	0	0	2
5036	1	0	0	0	0	0	0	1	0	0	0	0	2
5037	3	0	0	0	0	0	0	0	0	0	0	0	3
5039	3	0	0	0	0	0	0	0	0	0	0	0	3
5040	2	0	0	0	1	0	0	2	0	0	0	0	5
5041	1	0	0	0	0	0	0	0	0	0	0	0	1
5042	3	0	0	0	2	0	0	0	0	0	0	0	5
5043	3	0	0	0	0	0	0	0	0	0	0	0	3
5044	3	0	0	0	0	0	0	0	0	0	0	0	3
5045	2	0	0	1	0	0	0	0	0	0	0	0	3
5046	1	0	1	0	1	0	0	0	0	0	0	0	3
5047	2	0	0	0	0	0	0	1	0	0	0	0	3
5049	1	0	0	0	0	0	0	0	0	0	0	0	1
5050	0	0	1	0	0	0	0	0	0	0	0	0	1
5051	1	0	0	0	3	0	1	0	0	0	0	0	5
5052	3	0	0	0	0	0	0	0	0	0	0	0	3
5053	0	0	0	2	0	0	0	0	0	0	0	0	2
5054	2	0	0	1	0	0	0	0	0	0	0	0	3
5056	1	0	0	0	1	0	0	0	0	0	0	0	2
5057	0	0	0	1	0	0	0	0	0	0	0	0	1
5058	1	0	0	0	2	0	0	0	0	0	0	0	3
5059	0	0	0	1	0	0	0	0	0	0	0	0	1
5060	1	0	0	0	1	0	0	0	0	0	0	0	2
5061	1	0	0	0	0	1	0	0	0	0	0	0	2
5062	4	0	0	0	0	0	0	1	0	0	0	0	5
5063	3	0	0	0	2	0	0	0	0	0	0	0	5
5064	1	0	0	1	0	0	0	1	0	0	0	0	3
5065	5	0	0	0	0	0	0	0	0	0	0	0	5
5066	2	0	0	0	0	0	0	0	0	0	0	0	2
5067	1	0	0	1	1	0	0	1	0	0	0	0	4
5068	3	0	1	0	2	0	0	0	0	0	0	0	6
5069	2	0	0	0	0	0	0	1	0	0	0	0	3
5070	1	0	0	0	0	0	0	2	0	0	0	0	3
5071	3	0	0	0	0	0	0	1	0	0	0	0	4
5072	3	0	0	0	0	0	0	1	0	0	0	0	4
5073	2	0	0	0	0	1	0	0	0	0	0	0	3
5074	2	0	0	0	0	0	0	0	0	0	0	0	2
5075	2	0	0	1	0	0	0	1	0	0	0	0	4
5076	2	0	0	1	1	0	0	0	0	0	0	0	4
5077	1	0	0	0	0	0	0	0	0	0	0	0	1
5078	1	0	0	1	0	0	0	0	0	0	0	0	2
5079	0	0	0	1	0	0	0	0	0	0	0	0	1
5080	1	0	0	0	0	1	0	1	0	0	0	0	3
5081	1	0	0	0	0	0	0	0	0	0	0	0	1
5082	1	0	0	0	1	0	0	0	0	0	0	0	2
5083	1	0	0	0	1	0	0	0	0	0	0	0	2
5084	1	0	0	0	1	0	0	0	0	0	0	0	2
5085	0	0	0	2	0	0	0	0	0	0	0	0	2
5086	3	0	0	0	0	0	0	2	0	0	0	0	5
5087	2	0	0	0	0	0	0	1	0	0	0	0	3
5088	2	0	0	0	0	0	0	0	0	0	0	0	2
5089	1	0	0	0	2	1	0	0	0	0	0	0	4
5090	2	0	0	1	1	0	0	2	0	0	0	0	6
5091	0	0	0	0	0	0	0	1	0	0	0	0	1
5092	1	0	0	0	0	0	0	0	0	0	0	0	1
5093	0	0	1	0	0	0	0	0	0	0	0	0	1
5094	3	0	0	0	1	0	0	0	0	0	0	0	4
5095	2	0	0	0	0	0	0	1	0	0	0	0	3
5096	1	0	0	0	1	0	0	0	0	0	0	0	2
5097	1	0	1	0	1	0	0	0	0	0	0	0	3
5098	0	0	0	1	1	0	0	0	0	0	0	0	2
5099	1	0	0	0	0	0	0	0	0	0	0	0	1
5100	2	0	0	0	0	0	0	0	0	0	0	0	2
5101	2	0	0	0	1	0	0	0	0	0	0	0	3
5102	0	0	1	0	0	0	0	0	0	0	0	0	1
5103	1	0	0	0	0	0	0	0	0	0	0	0	1
5104	0	0	0	0	0	1	0	0	0	0	0	0	1
5105	0	0	0	1	0	0	0	0	0	0	0	0	1
5106	1	0	0	0	0	0	0	0	0	0	0	0	1
5107	0	0	0	0	1	0	0	0	0	0	0	0	1
5108	2	0	0	0	0	0	0	0	1	0	0	0	3
5109	2	0	0	0	0	0	1	0	1	0	0	0	4
5110	1	0	0	0	0	0	0	0	0	0	0	0	1
5111	1	0	0	0	1	0	0	0	0	0	0	0	2
5112	0	0	0	0	1	0	0	0	0	0	0	0	1
5113	1	0	2	0	0	0	0	0	0	0	0	0	3
5114	0	1	0	0	2	0	0	0	0	0	0	0	3
5115	2	0	0	0	0	0	0	0	0	0	0	0	2
5117	1	0	0	0	0	0	0	0	0	0	0	0	1
5118	1	0	0	0	1	0	0	0	0	0	0	0	2
5119	3	0	0	0	0	0	1	0	0	0	0	0	4
5120	0	0	0	1	2	1	0	0	0	0	0	0	4
5121	2	0	0	0	0	0	0	0	0	0	0	0	2
5122	3	0	0	0	1	0	0	1	0	0	0	0	5
5123	2	0	0	0	0	0	0	1	0	0	0	0	3
5124	0	0	0	0	1	0	0	0	0	0	0	0	1
5125	1	0	0	1	0	0	0	1	1	0	0	0	4
5126	1	0	0	0	0	0	0	1	0	0	0	0	2
5127	1	0	0	1	0	0	1	0	0	0	0	0	3
5128	2	0	0	1	1	0	0	0	0	0	0	0	4
5129	2	0	0	0	2	0	0	0	0	0	0	0	4
5130	0	0	0	1	2	0	0	0	0	0	0	0	3
5131	0	0	0	0	3	0	0	0	0	0	0	0	3
5132	0	0	0	0	1	0	0	1	0	0	0	0	2
5133	2	0	0	0	0	0	0	0	0	0	0	0	2
5134	3	0	0	0	0	0	0	0	0	0	0	0	3
5135	2	0	0	0	0	0	0	1	0	0	0	0	3
5136	2	0	0	0	1	0	0	0	0	0	0	0	3
5137	3	0	0	0	0	0	0	0	0	0	0	0	3
5138	3	0	0	0	0	0	0	0	0	0	0	0	3
5139	3	0	0	0	0	0	0	0	0	0	0	0	3
5140	2	0	0	0	1	0	0	0	0	0	0	0	3
5142	2	0	0	0	1	0	0	0	0	0	0	0	3
5143	1	0	0	0	1	0	0	0	0	0	0	0	2
5144	4	0	0	0	0	0	0	0	0	0	0	0	4
5145	0	0	0	0	1	0	0	0	0	0	0	0	1
5146	2	0	0	0	1	0	0	0	0	0	0	0	3
5147	3	0	0	0	0	0	0	0	0	0	0	0	3
5148	2	0	0	0	0	0	0	1	0	0	0	0	3
5149	1	0	0	0	1	0	0	0	0	0	0	0	2
5150	2	0	0	0	0	0	0	0	0	0	0	0	2
5151	2	0	0	0	0	0	0	0	0	0	0	0	2
5152	1	0	0	0	0	0	0	0	0	0	0	0	1
5153	0	0	0	0	2	0	1	0	0	0	0	0	3
5154	2	0	0	0	1	0	0	0	0	0	0	0	3
5155	1	0	0	0	0	0	0	0	0	0	0	0	1
5156	4	0	0	0	0	0	0	0	0	0	0	0	4
5157	1	0	0	0	2	0	0	0	0	0	0	0	3
5158	2	0	0	0	0	0	0	0	0	0	0	0	2
5159	1	0	0	0	1	0	0	0	0	0	0	0	2
5160	2	0	0	1	0	0	0	0	0	0	0	0	3
5161	1	1	0	1	1	0	0	0	0	0	0	0	4
5162	1	0	0	0	0	0	0	1	0	0	0	0	2
5163	1	0	0	0	0	0	0	0	0	0	0	0	1
5164	2	0	0	0	1	0	0	0	0	0	0	0	3
5165	2	0	0	0	1	0	0	0	0	0	0	0	3
5166	0	0	1	1	0	0	0	0	0	0	0	0	2
5167	1	0	0	1	2	0	0	0	0	0	0	0	4
5168	0	0	1	0	0	0	0	0	0	0	0	0	1
5169	2	0	0	0	0	0	0	0	0	0	0	0	2
5170	1	0	0	0	1	0	0	0	0	0	0	0	2
5171	3	0	0	0	0	0	0	0	0	0	0	0	3
5172	1	0	0	0	1	0	0	0	0	0	0	0	2
5173	3	0	0	0	0	0	0	1	0	0	0	0	4
5174	1	0	0	0	0	0	0	1	0	0	0	0	2
5175	1	1	2	0	0	0	0	0	0	0	0	0	4
5176	2	0	0	0	0	0	0	0	0	0	0	0	2
5177	4	0	1	0	0	0	0	0	0	0	0	0	5
5178	2	0	0	0	2	0	0	0	0	0	0	0	4
5179	2	0	0	0	0	0	0	0	0	0	0	0	2
5180	2	0	0	0	1	0	0	0	0	0	0	0	3
5181	2	0	0	0	0	0	0	0	0	0	0	0	2
5182	3	0	0	0	0	0	0	0	0	0	0	0	3
5183	3	0	0	0	0	0	0	0	0	0	0	0	3
5185	3	0	0	0	0	0	0	0	0	0	0	0	3
5186	0	0	0	0	1	0	0	0	0	0	0	0	1
5187	0	0	0	0	2	0	0	0	0	0	0	0	2
5188	2	0	0	0	0	0	0	0	0	0	0	0	2
5189	0	0	0	1	0	0	0	0	0	0	0	0	1
5190	1	0	0	1	1	0	0	0	0	0	0	0	3
5191	2	0	0	0	0	0	0	1	0	0	0	0	3
5192	1	0	0	0	0	0	0	0	0	0	0	0	1
5193	1	0	0	0	0	0	0	0	0	0	0	0	1
5196	2	0	0	0	0	0	0	0	0	0	0	0	2
5197	0	0	1	0	0	0	0	0	0	0	0	0	1
5198	2	0	0	0	1	0	0	0	0	0	0	0	3
5199	1	0	0	0	1	0	0	0	0	0	0	0	2
5201	2	0	0	0	1	0	0	0	0	0	0	0	3
5202	3	0	0	1	0	1	0	0	0	0	0	0	5
5203	3	0	0	0	1	0	0	0	0	0	0	0	4
5204	1	0	0	0	1	0	0	0	0	0	0	0	2
5205	2	0	0	0	0	0	0	0	0	0	0	0	2
5206	1	0	0	0	1	0	0	0	0	0	0	0	2
5207	2	0	0	0	1	0	0	0	0	0	0	0	3
5208	2	0	0	0	1	0	0	0	0	0	0	0	3
5209	1	0	0	0	1	0	1	0	0	0	0	0	3
5210	1	0	0	0	0	0	0	0	0	0	0	0	1
5211	4	0	0	0	0	0	1	1	0	0	0	0	6
5212	2	0	0	0	1	0	0	0	0	0	0	0	3
5213	1	0	0	0	1	1	0	1	0	0	0	0	4
5214	2	0	1	0	0	1	0	0	0	0	0	0	4
5215	0	0	0	1	0	0	0	0	0	0	0	0	1
5216	2	0	0	0	1	0	0	0	0	0	0	0	3
5217	3	0	0	0	1	0	0	1	0	0	0	0	5
5218	1	0	0	0	0	0	0	0	0	0	0	0	1
5219	1	0	0	0	0	0	0	1	0	0	0	0	2
5220	1	0	0	1	0	0	0	1	0	0	0	0	3
5221	1	0	0	0	0	0	0	0	0	0	0	0	1
5222	0	0	0	1	2	0	0	0	0	0	0	0	3
5223	1	0	0	0	1	0	0	0	0	0	0	0	2
5224	3	0	0	0	0	0	0	1	0	0	0	0	4
5225	1	0	0	1	2	0	0	0	0	0	0	0	4
5226	0	0	0	0	4	0	0	0	0	0	0	0	4
5227	2	1	0	1	0	0	0	0	0	0	0	0	4
5228	1	0	0	1	0	0	0	0	0	0	0	0	2
5229	0	0	0	0	2	0	0	0	0	0	0	0	2
5230	2	0	0	0	0	0	0	0	0	0	0	0	2
5231	2	0	0	0	0	2	0	0	0	0	0	0	4
5232	2	0	0	0	0	0	0	0	0	0	0	0	2
5233	2	0	0	0	0	0	0	0	0	0	0	0	2
5234	1	0	2	0	0	0	0	0	1	0	0	0	4
5235	2	0	0	0	0	0	0	0	0	0	0	0	2
5236	0	0	0	0	1	0	0	0	0	0	0	0	1
5237	0	0	1	0	0	0	0	0	0	0	0	0	1
5238	0	0	0	1	1	0	0	0	0	0	0	0	2
5239	0	0	0	0	1	0	0	0	0	0	0	0	1
5240	1	0	0	0	2	0	0	1	0	0	0	0	4
5241	2	0	0	0	1	0	0	0	0	0	0	0	3
5242	2	0	0	0	3	0	0	1	0	0	0	0	6
5243	4	0	0	0	0	0	0	0	0	0	0	0	4
5244	4	0	0	0	0	0	0	0	0	0	0	0	4
5245	2	0	0	0	0	0	0	1	0	0	0	0	3
5246	3	0	0	0	0	1	0	0	0	0	0	0	4
5247	1	0	0	0	1	0	1	0	0	0	0	0	3
5248	1	0	0	0	0	0	0	0	0	0	0	0	1
5249	1	0	0	0	1	0	0	1	0	0	0	0	3
5250	4	0	0	0	1	0	0	0	0	0	0	0	5
5251	2	0	0	0	0	0	0	0	0	0	0	0	2
5252	2	0	0	0	0	0	0	1	0	0	0	0	3
5253	1	0	0	0	0	0	0	1	0	0	0	0	2
5254	2	0	0	0	0	0	0	1	0	0	0	0	3
5255	1	0	0	0	1	0	0	1	0	0	0	0	3
5256	4	0	0	0	0	0	0	0	0	0	0	0	4
5257	1	0	0	0	1	0	0	0	0	0	0	0	2
5258	3	0	0	0	0	1	0	0	0	0	0	0	4
5259	2	0	0	0	0	0	1	0	0	0	0	0	3
5260	2	0	0	0	1	0	1	1	0	0	0	0	5
5261	1	0	0	0	1	0	0	0	0	0	0	0	2
5262	2	0	0	0	0	0	0	0	0	0	0	0	2
5263	1	0	0	0	0	0	1	1	0	1	0	0	4
5264	2	0	0	0	1	0	0	0	0	0	0	0	3
5265	0	0	0	0	1	0	0	0	0	0	0	0	1
5266	0	0	1	0	0	0	0	0	0	0	0	0	1
5267	3	0	0	0	1	0	0	1	0	0	0	0	5
5268	2	0	0	0	0	0	0	0	0	0	0	0	2
5269	1	0	0	0	1	0	0	1	0	0	0	0	3
5270	2	0	0	0	0	1	0	0	0	0	0	0	3
5271	1	0	1	0	0	0	0	1	0	0	0	0	3
5272	1	0	0	0	0	0	0	0	0	0	0	0	1
5273	1	0	0	0	0	0	0	0	0	0	0	0	1
5274	2	0	0	0	0	0	0	0	0	0	0	0	2
5275	0	0	0	2	0	0	1	0	0	0	0	0	3
5276	3	0	0	0	0	0	0	0	0	0	0	0	3
5277	2	0	0	0	0	0	0	0	0	0	0	0	2
5279	1	0	0	0	0	0	0	0	0	0	0	0	1
5280	2	0	0	0	3	0	0	0	1	0	0	0	6
5281	3	0	0	0	1	0	1	0	0	0	0	0	5
5282	1	0	0	0	1	0	1	0	0	0	0	0	3
5283	2	0	0	1	0	0	0	1	0	0	0	0	4
5284	1	0	0	0	3	0	0	1	0	0	0	0	5
5285	2	0	0	0	0	0	0	0	0	0	0	0	2
5286	3	0	0	0	0	0	0	1	0	0	0	0	4
5287	1	0	0	0	0	0	0	0	0	0	0	0	1
5288	3	0	0	1	0	0	1	0	0	0	0	0	5
5289	2	0	0	0	1	0	0	1	0	0	0	0	4
5290	1	0	0	0	0	0	0	0	1	0	0	0	2
5291	2	0	0	0	0	0	0	1	0	0	0	0	3
5292	4	0	0	0	0	0	0	0	0	0	0	0	4
5294	0	0	0	1	0	0	0	0	0	0	0	0	1
5295	1	0	0	0	0	0	0	1	0	0	0	0	2
5296	0	0	1	0	1	0	0	0	0	0	0	0	2
5297	2	0	0	0	0	0	0	0	0	0	0	0	2
5298	2	0	0	0	0	0	1	0	0	0	0	0	3
5299	1	0	0	0	2	0	0	0	0	0	0	0	3
5300	1	1	0	0	0	0	0	0	0	0	0	0	2
5301	3	0	0	0	0	0	0	1	0	0	0	0	4
5302	1	0	0	0	2	0	0	0	0	0	0	0	3
5303	1	0	0	0	2	0	0	0	0	0	0	0	3
5304	0	0	0	0	1	0	0	0	0	0	0	0	1
5305	2	0	0	0	0	0	1	0	0	0	0	0	3
5306	2	0	0	0	1	0	0	0	0	0	0	0	3
5307	1	0	0	0	2	0	0	0	0	0	0	0	3
5308	1	0	1	0	0	0	0	0	0	0	0	0	2
5309	0	0	1	0	0	0	0	0	0	0	0	0	1
5310	4	0	0	0	0	0	0	0	0	0	0	0	4
5311	2	0	0	0	0	0	0	0	0	0	0	0	2
5312	2	0	0	0	0	0	0	0	0	0	0	0	2
5313	1	0	0	0	1	0	0	0	0	0	0	0	2
5314	2	0	0	0	0	0	0	2	0	0	0	0	4
5315	2	0	0	0	0	0	1	0	0	0	0	0	3
5316	0	0	0	0	0	1	0	0	0	0	0	0	1
5317	1	0	0	0	0	0	0	1	0	0	0	0	2
5318	2	0	0	0	0	0	0	0	0	0	0	0	2
5319	5	0	0	0	0	0	0	0	0	0	0	0	5
5320	1	0	1	0	0	0	0	0	0	0	0	0	2
5321	2	0	0	1	1	0	0	0	0	0	0	0	4
5322	0	0	0	1	0	0	0	0	0	0	0	0	1
5323	0	0	0	2	0	0	0	0	2	1	0	0	5
5324	1	0	0	0	0	0	0	1	0	0	0	0	2
5325	2	0	0	1	1	0	0	0	0	0	0	0	4
5326	1	0	0	0	0	0	0	0	0	0	0	0	1
5327	0	0	0	0	2	0	0	0	0	0	0	0	2
5328	2	0	0	0	2	0	0	0	0	0	0	0	4
5329	3	0	0	0	2	0	0	0	0	0	0	0	5
5330	3	0	0	0	0	0	0	0	0	0	0	0	3
5331	3	0	0	1	0	0	0	0	0	0	0	0	4
5332	2	0	0	1	0	0	0	0	0	0	0	0	3
5333	0	0	0	0	2	0	0	0	0	0	0	0	2
5335	1	0	0	0	1	0	0	0	0	0	0	0	2
5336	4	0	0	0	0	0	0	0	0	0	0	0	4
5337	3	0	0	0	0	0	0	0	0	0	0	0	3
5338	0	0	0	0	1	0	0	0	0	0	0	0	1
5339	4	0	0	0	0	0	0	0	0	0	0	0	4
5340	1	0	0	0	0	0	0	0	0	0	0	0	1
5341	1	0	0	1	0	0	0	0	0	0	0	0	2
5342	1	0	0	0	0	0	0	0	1	0	0	0	2
5343	0	0	1	0	0	0	0	0	0	0	0	0	1
5345	1	0	0	0	0	0	0	0	0	0	0	0	1
5346	1	0	0	0	0	0	0	0	0	0	0	0	1
5347	0	0	1	0	0	0	1	0	0	0	0	0	2
5348	1	1	0	0	0	0	0	0	0	0	0	0	2
5349	0	0	0	0	1	3	0	0	0	0	0	0	4
5350	0	0	0	0	0	2	0	0	0	0	0	0	2
5351	3	0	0	0	0	0	0	0	0	0	0	0	3
5352	2	0	0	0	2	0	1	0	0	0	0	0	5
5353	2	0	0	0	2	0	0	0	0	0	0	0	4
5354	1	1	0	0	3	1	0	0	0	0	0	0	6
5355	2	0	0	0	0	0	0	0	0	0	0	0	2
5357	2	0	0	0	1	0	0	0	0	0	0	0	3
5358	2	0	0	0	0	0	0	1	0	0	0	0	3
5359	0	0	0	0	2	0	0	1	0	0	0	0	3
5360	1	0	0	0	1	0	0	0	0	0	0	0	2
5361	1	0	0	0	0	0	0	1	0	0	0	0	2
5362	2	0	0	1	0	0	0	0	0	0	0	0	3
5363	3	0	0	0	0	0	0	0	0	0	0	0	3
5364	1	0	0	0	0	0	0	0	0	0	0	0	1
5365	1	0	0	0	0	0	1	0	0	0	0	0	2
5366	0	0	0	0	2	0	0	0	0	0	0	0	2
5367	4	0	0	0	0	0	0	1	0	0	0	0	5
5368	1	0	0	0	0	0	0	0	1	0	0	0	2
5369	1	0	0	0	0	0	0	1	0	0	0	0	2
5370	2	0	0	0	1	0	0	0	0	0	0	0	3
5371	4	0	0	0	0	0	0	0	0	0	0	0	4
5372	1	0	0	1	0	0	0	0	0	0	0	0	2
5373	2	0	0	0	0	0	0	1	0	0	0	0	3
5374	2	0	0	1	0	0	0	1	0	0	0	0	4
5375	3	0	0	0	0	0	0	1	0	0	0	0	4
5377	3	0	0	1	1	0	0	0	0	0	0	0	5
5378	1	0	0	1	1	0	0	1	0	0	0	0	4
5379	2	0	0	0	0	0	0	0	0	0	0	0	2
5380	1	0	0	0	0	0	0	0	0	1	0	0	2
5381	1	0	0	1	0	0	0	0	0	0	0	0	2
5382	1	0	0	0	1	0	0	0	0	0	0	0	2
5383	3	0	0	1	3	0	0	0	0	0	0	0	7
5384	2	0	0	0	1	0	0	0	0	0	0	0	3
5385	1	0	0	1	1	0	0	0	0	0	0	0	3
5386	1	1	0	0	0	0	0	0	0	0	0	0	2
5388	2	0	0	0	1	0	0	0	0	0	0	0	3
5389	1	0	0	0	0	0	1	1	0	0	0	0	3
5390	2	0	0	0	0	0	0	1	0	0	0	0	3
5391	2	0	0	0	0	0	0	0	0	0	0	0	2
5392	1	0	0	1	0	0	0	1	0	0	0	0	3
5393	0	0	0	2	0	0	0	0	0	0	0	0	2
5394	0	0	1	0	0	0	0	0	0	0	0	0	1
5395	2	0	0	0	1	0	0	0	0	0	0	0	3
5397	1	0	0	0	0	0	0	0	0	0	0	0	1
5398	4	0	0	0	0	0	0	0	0	0	0	0	4
5399	1	0	0	0	0	0	0	1	0	0	0	0	2
5400	2	0	0	0	0	1	1	1	0	0	0	0	5
5401	3	0	0	0	1	0	0	0	0	0	0	0	4
5402	2	0	0	1	0	0	0	0	0	0	0	0	3
5404	2	0	0	0	0	0	0	1	0	0	0	0	3
5405	2	0	0	0	0	0	0	1	0	0	0	0	3
5406	2	0	0	0	2	0	0	0	0	0	0	0	4
5407	4	0	0	0	0	0	0	0	0	0	0	0	4
5408	1	0	0	1	0	0	0	0	0	0	0	0	2
5410	1	0	0	1	1	0	0	0	0	0	0	0	3
5411	2	0	0	0	0	0	0	0	0	0	0	0	2
5412	1	0	0	0	1	0	0	0	0	0	0	0	2
5413	0	0	0	0	2	0	0	0	0	0	0	0	2
5414	3	0	0	0	0	0	0	0	0	0	0	0	3
5416	2	0	0	0	1	0	0	0	0	0	0	0	3
5417	2	0	0	0	0	0	0	0	0	0	0	0	2
5418	2	0	0	0	0	0	0	0	0	0	0	0	2
5419	2	0	0	1	0	0	0	0	0	0	0	0	3
5420	2	0	0	0	0	1	0	0	0	0	0	0	3
5421	0	1	0	0	0	0	0	0	0	0	0	0	1
5422	3	0	0	0	0	0	0	0	0	0	0	0	3
5424	2	0	0	2	0	0	0	0	0	0	0	0	4
5425	2	0	0	1	0	0	0	0	0	0	0	0	3
5426	0	0	0	0	1	0	0	0	0	0	0	0	1
5427	0	0	3	0	0	0	0	0	0	0	0	0	3
5428	3	0	0	0	1	0	0	1	1	0	0	0	6
5429	0	1	0	0	1	0	0	0	0	0	0	0	2
5430	1	0	0	0	0	0	0	1	0	0	0	0	2
5431	3	0	0	0	0	0	0	0	0	0	0	0	3
5432	0	0	0	0	2	0	0	0	0	0	0	0	2
5433	0	0	0	0	1	0	1	0	0	0	0	0	2
5434	3	0	0	0	0	0	0	1	0	0	0	0	4
5435	1	0	0	1	1	0	0	0	0	0	0	0	3
5436	0	3	0	1	0	0	0	0	0	0	0	0	4
5437	1	0	0	1	1	0	0	1	0	0	0	0	4
5438	2	0	0	0	0	1	0	0	0	0	0	0	3
5439	2	0	0	1	0	0	0	0	0	0	0	0	3
5440	2	0	0	0	0	0	0	0	0	0	0	0	2
5441	2	0	0	0	2	0	0	0	0	0	0	0	4
5442	1	0	0	0	1	0	1	2	0	0	0	0	5
5443	2	0	0	0	1	0	0	0	0	0	0	0	3
5444	1	0	0	0	0	0	0	0	0	0	0	0	1
5445	0	0	0	0	3	0	0	1	0	0	0	0	4
5446	0	0	1	0	0	0	0	0	0	0	0	0	1
5447	1	0	0	1	0	0	0	0	0	0	0	0	2
5448	2	0	1	0	0	0	0	0	0	0	0	0	3
5449	2	0	0	0	2	0	0	0	0	0	0	0	4
5450	1	0	1	0	1	0	0	0	0	0	0	0	3
5451	0	0	1	0	0	0	0	0	0	0	0	0	1
5452	2	0	0	0	2	0	0	0	0	0	0	0	4
5453	1	0	0	0	1	0	0	1	0	0	0	0	3
5454	2	0	0	0	0	0	0	0	0	0	0	0	2
5455	2	0	0	0	1	0	0	1	0	0	0	0	4
5456	3	0	0	0	0	0	0	1	0	0	0	0	4
5457	4	0	0	0	0	0	0	0	0	0	0	0	4
5458	1	0	0	0	2	0	0	0	0	0	0	0	3
5459	3	0	0	0	2	0	0	0	0	0	0	0	5
5460	3	0	0	0	0	0	0	1	0	0	0	0	4
5461	1	0	0	0	2	0	0	0	0	0	0	0	3
5462	5	0	0	0	1	0	0	0	0	0	0	0	6
5463	5	0	0	0	0	0	0	0	0	0	0	0	5
5464	1	1	0	2	1	0	0	0	0	0	0	0	5
5465	1	0	0	0	4	0	0	0	0	0	0	0	5
5466	3	0	0	0	0	0	0	0	0	0	0	0	3
5467	3	0	0	0	0	0	0	0	0	0	0	0	3
5468	1	0	0	0	0	0	0	0	0	0	0	0	1
5469	1	0	0	0	0	0	0	0	0	0	0	0	1
5470	1	0	0	0	0	1	0	0	0	0	0	0	2
5471	1	0	0	0	0	0	0	0	0	0	0	0	1
5472	2	0	0	0	0	0	0	0	0	0	0	0	2
5474	1	0	0	0	0	0	0	1	0	0	0	0	2
5475	1	0	0	0	0	0	0	1	0	0	0	0	2
5476	1	0	0	0	0	1	0	0	0	0	0	0	2
5477	1	0	0	0	1	1	0	0	0	0	0	0	3
5478	1	1	0	0	0	0	0	0	0	0	0	0	2
5479	2	0	0	1	1	0	1	0	0	0	0	0	5
5480	1	0	0	0	1	0	0	0	0	0	0	0	2
5481	1	0	0	0	0	0	0	0	0	0	0	0	1
5482	0	0	0	1	0	0	0	0	0	0	0	0	1
5483	2	0	0	0	0	0	0	0	0	0	0	0	2
5485	2	0	0	0	0	0	1	0	0	0	0	0	3
5486	3	0	0	0	0	0	0	0	0	0	0	0	3
5487	3	0	0	0	0	0	1	0	0	1	0	0	5
5488	0	0	1	0	1	0	0	0	0	0	0	0	2
5489	2	0	0	0	1	0	0	0	0	0	0	0	3
5491	2	0	0	0	1	0	0	0	0	0	0	0	3
5492	3	0	0	0	0	0	0	1	0	0	0	0	4
5493	2	0	0	0	0	0	0	1	0	0	0	0	3
5494	0	0	0	0	2	0	1	0	0	0	0	0	3
5495	3	0	0	0	1	0	0	0	0	0	0	0	4
5496	2	0	0	1	1	0	0	0	0	0	0	0	4
5498	1	0	0	0	1	0	0	0	0	0	0	0	2
5499	4	0	0	0	0	0	0	0	0	0	0	0	4
5500	1	0	0	0	0	0	0	0	0	0	0	0	1
5501	0	0	0	0	0	1	0	0	0	0	0	0	1
5502	3	0	0	0	1	0	0	1	0	0	0	0	5
5506	3	0	0	0	0	0	0	0	0	0	0	0	3
5507	2	0	0	0	1	0	0	1	0	0	0	0	4
5508	1	0	0	0	0	0	0	0	0	0	0	0	1
5509	0	0	0	1	4	0	0	0	0	0	0	0	5
5510	0	0	0	0	1	1	0	0	0	0	0	0	2
5511	1	0	0	1	0	0	0	0	0	0	0	0	2
5512	2	0	0	0	1	0	0	0	0	0	0	0	3
5513	1	0	0	0	1	0	0	0	0	0	0	0	2
5514	3	0	0	0	2	0	1	0	0	0	0	0	6
5515	3	0	0	0	0	0	0	0	0	0	0	0	3
5516	1	0	0	0	2	0	0	1	0	0	0	0	4
5517	1	0	0	0	0	2	0	1	0	0	0	0	4
5518	1	0	0	0	1	0	0	0	0	0	0	0	2
5519	0	0	0	0	2	0	0	1	0	0	0	0	3
5520	2	0	0	1	0	0	0	0	0	0	0	0	3
5521	2	0	0	0	1	0	0	0	0	0	0	0	3
5522	1	0	0	1	0	0	0	0	0	0	0	0	2
5523	3	0	0	0	0	0	0	0	0	0	0	0	3
5524	3	0	0	0	0	0	0	0	0	0	0	0	3
5525	0	0	0	1	0	0	0	0	0	0	0	0	1
5526	1	0	0	0	0	0	1	0	1	0	0	0	3
5527	3	0	0	0	0	0	0	0	0	0	0	0	3
5528	1	0	0	1	0	0	0	0	0	0	0	0	2
5529	1	0	0	0	2	0	0	0	0	0	0	0	3
5530	0	0	0	0	0	0	0	0	1	0	0	0	1
5531	2	0	0	0	0	0	0	0	0	0	0	0	2
5532	3	0	0	0	0	0	0	0	0	0	0	0	3
5533	3	0	0	0	1	0	0	0	0	0	0	0	4
5534	2	0	0	0	0	0	0	0	0	0	0	0	2
5535	2	0	0	0	1	0	0	0	0	0	0	0	3
5536	3	0	0	0	0	0	1	0	0	0	0	0	4
5537	3	0	0	0	0	0	0	0	0	0	0	0	3
5538	1	0	0	0	1	0	0	0	0	0	0	0	2
5539	0	0	0	0	1	0	0	0	0	0	0	0	1
5540	1	0	0	0	0	0	0	0	0	0	0	0	1
5541	1	0	0	0	2	0	0	0	0	0	0	0	3
5542	1	0	0	1	1	0	0	0	0	0	0	0	3
5543	4	0	0	0	1	0	0	0	0	0	0	0	5
5544	5	0	0	0	0	0	0	1	0	0	0	0	6
5545	3	0	0	0	0	0	1	0	0	0	0	0	4
5546	2	0	0	0	2	0	0	0	0	0	0	0	4
5547	3	0	0	0	1	0	0	0	0	0	0	0	4
5548	1	0	0	0	2	0	0	0	0	0	0	0	3
5549	0	0	0	0	5	0	0	0	0	0	0	0	5
5550	4	0	0	0	0	0	0	0	0	0	0	0	4
5551	1	0	0	0	0	0	1	0	0	0	0	0	2
5552	2	0	0	0	0	0	0	1	0	0	0	0	3
5553	3	0	0	0	0	0	0	1	0	0	0	0	4
5554	3	0	0	0	0	0	0	1	0	0	0	0	4
5555	1	0	0	0	1	0	0	1	0	0	0	0	3
5557	0	0	0	1	3	0	0	1	0	0	0	0	5
5558	1	0	0	0	0	0	0	0	0	0	0	0	1
5559	1	0	0	0	0	0	0	1	0	0	0	0	2
5560	0	0	0	1	2	0	0	0	0	0	0	0	3
5561	0	0	1	0	0	0	0	0	0	0	0	0	1
5562	1	0	0	0	0	0	0	0	0	0	0	0	1
5564	2	0	0	1	1	0	0	1	0	0	0	0	5
5565	1	0	0	0	0	0	0	0	0	0	0	0	1
5566	1	0	0	0	1	0	0	0	0	0	0	0	2
5567	1	0	0	0	0	0	0	0	0	0	0	0	1
5568	4	0	0	0	0	0	0	1	0	0	0	0	5
5569	1	0	0	0	1	1	0	0	0	0	0	0	3
5570	2	0	0	0	0	0	0	0	0	0	0	0	2
5571	0	0	1	0	0	0	0	0	0	0	0	0	1
5572	2	0	0	0	0	0	0	1	1	0	0	0	4
5573	0	0	0	0	1	0	0	0	0	0	0	0	1
5574	1	1	0	0	0	0	0	0	0	0	0	0	2
5575	2	0	0	0	0	0	0	1	0	0	0	0	3
5576	3	0	0	0	0	0	0	0	0	0	0	0	3
5577	1	0	0	0	0	0	0	1	0	0	0	0	2
5578	0	0	0	1	0	0	0	0	0	0	0	0	1
5579	3	0	0	0	0	0	0	0	0	0	0	0	3
5580	2	0	0	1	1	0	0	0	0	0	0	0	4
5583	4	0	0	0	0	0	1	1	1	0	0	0	7
5584	2	0	0	0	0	0	0	0	0	0	0	0	2
5585	0	1	0	1	0	0	0	0	0	0	0	0	2
5586	3	0	0	0	0	0	0	0	0	0	0	0	3
5588	2	0	0	0	0	0	0	0	0	0	0	0	2
5590	0	0	0	0	2	0	0	0	0	0	0	0	2
5591	1	0	0	0	0	0	0	0	0	0	0	0	1
5592	3	0	0	0	0	0	0	0	1	0	0	0	4
5593	0	0	1	0	1	1	0	0	0	0	0	0	3
5595	0	0	0	0	1	0	0	0	0	0	0	0	1
5597	2	0	0	0	0	0	0	0	0	0	0	0	2
5598	2	0	0	0	0	0	0	0	0	0	0	0	2
5599	1	0	0	0	1	0	0	0	0	0	0	0	2
5600	2	0	0	0	0	0	0	1	0	0	0	0	3
5601	1	0	0	1	2	0	0	0	0	0	0	0	4
5602	0	0	0	1	0	0	0	0	0	0	0	0	1
5603	2	0	0	0	0	0	0	0	0	0	0	0	2
5604	1	0	0	0	2	0	0	0	0	0	0	0	3
5605	1	0	0	0	1	0	0	0	0	0	0	0	2
5607	0	0	0	1	0	0	0	0	0	0	0	0	1
5608	1	1	0	0	0	0	0	0	0	0	0	0	2
5609	0	0	0	1	1	0	0	0	0	0	0	0	2
5610	1	0	0	0	1	1	0	0	0	0	0	0	3
5611	4	0	0	0	1	0	0	0	0	0	0	0	5
5612	1	0	0	0	0	0	0	1	0	0	0	0	2
5613	3	0	0	0	0	0	0	0	0	0	0	0	3
5614	2	0	0	0	1	0	0	0	0	0	0	0	3
5615	1	0	0	1	0	0	0	0	0	0	0	0	2
5616	3	0	0	0	1	0	1	0	0	0	0	0	5
5617	1	0	0	0	3	0	0	0	0	0	0	0	4
5619	0	0	0	0	4	0	0	0	0	0	0	0	4
5620	2	0	0	0	0	0	0	0	0	0	0	0	2
5623	8	0	0	0	0	0	0	0	0	0	0	0	8
5624	2	0	0	1	1	0	0	0	0	0	0	0	4
5626	3	0	0	0	0	0	0	0	0	0	0	0	3
5627	3	0	0	0	1	0	0	0	0	0	0	0	4
5628	2	0	0	0	0	0	0	0	0	0	0	0	2
5629	1	0	0	1	1	0	0	0	0	0	0	0	3
5630	1	0	0	0	0	0	0	0	0	0	0	0	1
5631	3	0	0	1	1	0	0	1	0	0	0	0	6
5632	0	1	0	0	0	0	0	0	0	0	0	0	1
5633	2	0	0	0	0	0	0	1	1	0	0	0	4
5634	1	0	0	0	0	0	0	0	0	0	0	0	1
5635	1	0	0	0	1	0	0	0	0	0	0	0	2
5636	1	0	0	0	1	0	0	0	0	0	0	0	2
5637	1	0	0	1	1	0	0	0	0	0	0	0	3
5638	2	0	0	0	0	0	0	1	0	0	0	0	3
5639	4	0	0	0	0	0	0	0	0	0	0	0	4
5640	1	0	0	0	1	0	0	0	0	0	0	0	2
5641	2	1	1	0	0	0	0	1	0	0	0	0	5
5642	3	0	0	0	0	0	0	0	0	0	0	0	3
5643	1	0	0	0	0	0	0	0	0	0	0	0	1
5645	2	0	1	0	0	0	0	0	0	0	0	0	3
5646	3	0	0	0	0	0	0	1	0	0	0	0	4
5647	3	0	0	1	1	0	0	0	0	0	0	0	5
5648	0	0	0	0	1	0	0	0	0	0	0	0	1
5649	1	0	0	0	1	0	0	0	0	0	0	0	2
5650	3	0	0	0	0	0	0	1	0	0	0	0	4
5651	2	0	0	0	0	0	0	1	0	0	0	0	3
5652	0	0	0	1	1	0	0	0	0	0	0	0	2
5653	3	0	0	0	0	0	0	0	0	0	0	0	3
5654	0	0	1	0	1	0	0	0	0	0	0	0	2
5655	4	0	0	0	0	0	0	0	0	0	0	0	4
5656	4	0	0	0	0	0	0	0	0	0	0	0	4
5657	2	0	0	0	0	0	0	0	0	0	0	0	2
5658	2	0	0	0	0	0	0	0	0	0	0	0	2
5659	2	0	0	0	0	2	0	1	0	0	0	0	5
5660	0	0	0	0	1	0	0	1	0	0	0	0	2
5661	2	0	0	0	1	0	0	1	0	0	0	0	4
5662	6	0	0	0	0	0	0	0	0	0	0	0	6
5663	1	0	0	0	0	0	0	0	0	0	0	0	1
5664	3	0	0	0	0	0	0	1	0	0	0	0	4
5666	3	0	0	0	0	0	0	1	0	0	0	0	4
5667	3	0	0	0	0	0	0	1	0	0	0	0	4
5668	2	0	0	2	1	0	0	0	0	0	0	0	5
5669	3	0	0	0	1	0	0	0	0	0	0	0	4
5670	1	0	0	0	0	0	0	0	0	0	0	0	1
5671	1	0	0	0	0	0	0	0	0	0	0	0	1
5672	2	0	0	0	2	0	0	0	0	0	0	0	4
5673	1	0	0	1	0	0	0	0	0	0	0	0	2
5674	3	0	0	0	0	0	0	0	0	0	0	0	3
5675	2	0	0	0	0	0	0	0	0	0	0	0	2
5676	2	0	0	0	0	0	0	0	0	0	0	0	2
5677	2	0	0	0	1	0	0	0	0	0	0	0	3
5678	1	0	0	0	0	0	1	0	1	1	0	0	4
5679	1	0	0	0	1	0	0	0	0	0	0	0	2
5680	0	0	0	0	1	0	0	0	0	0	0	0	1
5681	2	0	0	1	1	0	0	0	0	0	0	0	4
5682	2	0	0	0	0	1	0	0	0	0	0	0	3
5683	2	0	0	0	1	0	0	0	0	0	0	0	3
5684	1	0	0	0	0	0	0	0	0	0	0	0	1
5685	2	0	0	0	0	0	0	2	0	0	0	0	4
5686	2	0	0	0	0	0	1	0	0	0	0	0	3
5687	2	0	0	0	1	0	0	0	0	0	0	0	3
5688	2	0	0	0	3	0	0	0	0	0	0	0	5
5689	2	0	0	0	0	0	0	1	0	0	0	0	3
5690	0	0	1	0	0	0	0	0	0	0	0	0	1
5691	3	0	0	0	0	0	0	0	0	0	0	0	3
5692	2	0	0	0	0	0	0	0	0	0	0	0	2
5696	3	0	0	1	2	0	0	0	0	0	0	0	6
5697	1	0	0	0	0	0	0	0	0	0	0	0	1
5698	3	0	0	0	0	0	0	0	0	0	0	0	3
5699	1	0	0	0	1	0	0	1	0	0	0	0	3
5700	2	0	0	0	0	1	0	0	0	0	0	0	3
5701	1	0	0	0	2	0	0	1	0	0	0	0	4
5702	1	0	0	0	0	0	0	0	0	0	0	0	1
5703	3	0	0	0	1	0	0	0	0	0	0	0	4
5704	3	0	0	0	0	0	0	0	0	0	0	0	3
5705	1	0	0	0	0	1	0	0	0	0	0	0	2
5706	2	0	0	0	0	0	0	0	0	0	0	0	2
5707	1	0	0	0	0	0	0	0	0	0	0	0	1
5708	5	0	0	0	1	0	0	1	0	0	0	0	7
5709	1	0	0	0	1	0	0	0	0	0	0	0	2
5710	3	0	0	0	0	0	0	0	0	0	0	0	3
5711	0	0	0	1	2	0	0	1	0	0	0	0	4
5712	3	0	0	0	1	0	0	0	0	0	0	0	4
5713	0	0	0	1	0	0	0	0	0	0	0	0	1
5714	3	0	0	0	1	0	0	0	0	0	0	0	4
5715	2	0	0	0	0	0	0	0	0	0	0	0	2
5716	1	0	0	0	0	2	0	0	0	0	0	0	3
5717	4	0	0	0	0	0	0	0	0	0	0	0	4
5718	2	0	0	0	0	0	0	0	0	0	0	0	2
5719	2	0	0	0	1	0	0	0	1	0	0	0	4
5720	1	0	0	0	0	0	0	0	0	0	0	0	1
5721	3	0	0	0	0	0	0	0	0	0	0	0	3
5722	1	0	0	0	0	0	0	0	0	0	0	0	1
5723	1	0	0	0	0	0	1	0	0	0	0	0	2
5724	3	0	0	0	0	0	0	0	0	0	0	0	3
5725	3	0	0	0	0	0	0	0	0	0	0	0	3
5726	1	0	0	0	0	0	0	0	0	0	0	0	1
5727	1	0	0	0	1	0	0	0	0	0	0	0	2
5728	4	0	0	2	0	0	0	1	0	0	0	0	7
5729	2	0	0	0	0	0	1	0	0	0	0	0	3
5730	3	0	0	0	1	0	1	0	0	0	0	0	5
5731	0	0	0	0	1	0	0	0	0	0	0	0	1
5732	1	0	0	0	1	0	0	1	0	0	0	0	3
5733	1	0	0	0	0	0	1	0	0	0	0	0	2
5734	1	0	0	0	0	0	0	0	0	0	0	0	1
5735	1	0	0	0	2	0	0	0	0	0	0	0	3
5737	4	0	0	0	1	0	0	0	0	0	0	0	5
5738	2	0	0	0	0	0	0	1	0	0	0	0	3
5739	3	0	0	0	1	0	0	0	0	0	0	0	4
5740	2	0	0	0	0	0	0	1	0	0	0	0	3
5741	2	1	0	0	1	0	0	0	0	0	0	0	4
5742	0	0	0	0	3	0	0	0	1	0	0	0	4
5743	0	0	0	0	1	0	0	0	0	0	0	0	1
5744	4	0	0	0	1	0	0	0	1	0	0	0	6
5745	1	0	0	0	0	0	0	1	0	0	0	0	2
5746	1	0	0	0	0	0	0	0	0	0	0	0	1
5747	3	0	0	0	0	0	0	0	0	0	0	0	3
5748	3	0	0	1	0	0	0	0	0	0	0	0	4
5749	0	0	0	0	4	0	0	0	0	0	0	0	4
5750	0	1	0	0	0	0	0	0	0	0	0	0	1
5751	2	0	0	0	1	0	0	0	0	0	0	0	3
5753	2	0	0	0	0	0	0	0	0	0	0	0	2
5754	0	1	1	0	0	0	0	0	0	0	0	0	2
5755	4	0	0	0	0	0	0	1	0	0	0	0	5
5756	2	0	0	0	0	0	0	1	0	0	0	0	3
5757	0	0	0	0	1	0	1	0	0	0	0	0	2
5758	1	0	0	0	0	0	0	0	0	0	0	0	1
5759	3	0	0	0	0	0	0	1	0	0	0	0	4
5760	1	0	0	0	0	0	0	0	0	0	0	0	1
5761	3	0	2	0	0	1	0	0	0	0	0	0	6
5762	3	0	0	0	1	0	0	0	0	0	0	0	4
5763	0	0	0	0	2	0	0	0	0	0	0	0	2
5764	0	0	0	0	2	0	0	0	0	0	0	0	2
5765	2	0	0	0	0	0	1	0	0	0	0	0	3
5766	1	0	0	0	0	0	0	0	0	0	0	0	1
5767	1	0	0	0	2	0	0	0	0	0	0	0	3
5768	4	0	0	0	1	0	0	0	0	0	0	0	5
5769	2	0	0	0	2	0	0	0	0	0	0	0	4
5770	0	0	0	1	0	0	0	0	0	0	0	0	1
5771	2	0	0	0	0	0	1	0	0	0	0	0	3
5772	3	0	0	0	0	0	1	2	0	0	0	0	6
5773	2	0	0	0	0	0	0	0	0	0	0	0	2
5774	1	0	0	0	0	0	0	0	0	0	0	0	1
5775	2	0	0	1	0	0	0	0	0	0	0	0	3
5776	2	0	0	1	0	0	0	0	0	0	0	0	3
5777	1	0	0	0	1	0	0	0	0	0	0	0	2
5778	1	0	0	0	0	0	0	1	0	0	0	0	2
5779	4	0	0	0	0	0	0	0	0	0	0	0	4
5780	2	0	0	0	1	0	0	0	0	0	0	0	3
5781	1	0	0	0	0	0	0	0	0	0	0	0	1
5782	2	0	0	0	0	0	0	0	0	0	0	0	2
5783	1	0	0	2	1	0	0	0	0	0	0	0	4
5784	0	0	1	0	1	0	0	0	0	0	0	0	2
5785	4	0	0	0	0	0	1	0	0	1	0	0	6
5786	3	0	0	0	0	0	0	0	0	0	0	0	3
5787	3	0	0	0	0	0	0	0	0	0	0	0	3
5788	4	0	0	0	0	0	0	0	0	0	0	0	4
5789	3	0	0	0	0	0	0	0	0	0	0	0	3
5790	1	0	0	0	0	0	0	1	1	0	0	0	3
5791	0	0	0	1	0	0	0	0	0	0	0	0	1
5792	1	0	0	0	1	0	0	0	0	0	0	0	2
5793	0	0	0	0	1	0	0	1	0	0	0	0	2
5794	3	0	0	0	0	0	0	0	0	0	0	0	3
5795	2	0	0	0	0	0	0	0	0	0	0	0	2
5796	3	0	0	0	0	0	1	0	0	0	0	0	4
5797	2	0	0	0	0	0	0	0	0	0	0	0	2
5798	1	0	0	0	2	0	0	0	0	0	0	0	3
5799	1	0	0	0	0	0	0	0	0	0	0	0	1
5800	0	0	0	3	0	0	0	0	0	0	0	0	3
5801	2	0	1	0	0	0	0	0	0	0	0	0	3
5802	3	0	0	0	0	0	0	0	0	0	0	0	3
5803	1	0	0	0	0	1	0	0	0	0	0	0	2
5804	3	0	0	1	1	0	0	0	0	0	0	0	5
5805	1	0	0	1	2	0	0	0	1	0	0	0	5
5806	2	0	0	0	1	0	0	0	0	0	0	0	3
5807	2	0	0	0	1	0	0	1	0	0	0	0	4
5808	2	0	0	0	0	0	0	1	0	0	0	0	3
5809	0	0	0	0	0	1	0	0	0	0	0	0	1
5810	2	0	0	0	1	0	0	0	0	0	0	0	3
5811	0	1	0	0	0	0	0	0	0	0	0	0	1
5812	1	0	0	0	2	0	0	0	0	0	0	0	3
5813	0	1	0	1	0	0	0	0	0	0	0	0	2
5814	0	0	1	3	0	0	0	0	0	0	0	0	4
5815	1	0	1	0	0	0	1	0	0	0	0	0	3
5816	0	0	0	3	0	0	0	0	0	0	0	0	3
5817	1	0	0	0	0	0	0	0	0	0	0	0	1
5819	1	1	0	0	1	0	0	0	0	0	0	0	3
5820	0	0	0	0	1	0	0	0	0	0	0	0	1
5821	1	0	0	0	0	0	0	0	0	0	0	0	1
5822	1	0	0	0	3	0	0	0	0	0	0	0	4
5824	1	1	0	0	0	0	0	0	0	0	0	0	2
5825	1	1	0	0	0	0	0	0	0	0	0	0	2
5826	3	0	0	0	0	0	0	1	0	0	0	0	4
5827	3	0	0	0	0	0	0	0	0	0	0	0	3
5829	0	0	0	1	0	0	0	0	0	0	0	0	1
5830	2	0	0	0	1	0	0	0	0	0	0	0	3
5831	2	0	0	0	1	0	0	0	0	0	0	0	3
5832	1	0	1	0	0	0	0	0	0	0	0	0	2
5833	1	0	0	0	1	0	0	0	0	0	0	0	2
5834	2	0	0	0	1	0	0	0	0	0	0	0	3
5835	0	0	0	0	1	0	0	0	0	0	0	0	1
5836	1	0	0	0	1	0	0	0	0	0	0	0	2
5837	2	0	0	0	1	0	0	0	0	0	0	0	3
5838	2	0	0	0	1	0	0	0	0	0	0	0	3
5839	1	0	0	0	0	0	0	0	1	0	0	0	2
5840	1	0	0	0	0	0	0	1	0	0	0	0	2
5841	2	0	0	0	0	0	0	0	0	0	0	0	2
5842	1	0	0	0	0	0	0	1	0	0	0	0	2
5843	2	0	0	0	2	0	0	1	0	0	0	0	5
5844	1	0	1	1	1	0	0	0	0	0	0	0	4
5845	3	0	0	0	2	0	0	0	0	0	0	0	5
5846	1	0	0	0	3	0	0	0	0	0	0	0	4
5848	0	0	1	0	0	0	0	0	0	0	0	0	1
5849	0	0	0	0	1	1	0	0	0	0	0	0	2
5850	1	0	0	0	0	0	0	0	0	0	0	0	1
5851	1	0	0	0	0	0	0	0	0	0	0	0	1
5853	2	0	0	0	0	0	0	0	0	0	0	0	2
5855	3	0	0	0	0	0	0	0	0	0	0	0	3
5856	1	0	0	0	1	0	0	0	0	0	0	0	2
5857	2	0	0	0	0	0	0	0	0	0	0	0	2
5859	2	0	0	0	0	0	0	0	0	0	0	0	2
5860	1	0	0	0	1	0	0	0	0	0	0	0	2
5861	1	0	0	0	0	0	0	0	0	0	0	0	1
5862	3	0	0	0	0	0	0	0	0	0	0	0	3
5863	1	0	0	1	0	0	0	0	0	0	0	0	2
5864	0	0	1	0	0	0	0	0	0	0	0	0	1
5865	3	0	0	0	0	0	0	0	0	0	0	0	3
5866	0	0	0	0	2	0	0	0	0	0	0	0	2
5867	1	0	0	0	0	0	1	0	1	0	0	0	3
5870	0	0	0	0	1	0	0	0	0	0	0	0	1
5871	0	0	0	0	4	0	0	0	0	0	0	0	4
5872	0	0	2	0	1	0	0	0	0	0	0	0	3
5873	1	0	0	0	2	0	0	0	1	0	0	0	4
5874	2	0	0	0	0	0	0	0	0	2	0	0	4
5875	1	0	1	0	1	0	0	0	0	0	0	0	3
5876	0	0	0	0	1	1	0	0	0	0	0	0	2
5877	1	0	0	0	1	0	0	0	0	0	0	0	2
5878	1	0	1	0	0	0	0	0	0	0	0	0	2
5879	1	0	0	0	0	0	0	1	1	0	0	0	3
5880	0	0	1	0	0	0	0	0	0	0	0	0	1
5881	2	0	0	0	0	0	0	0	0	0	0	0	2
5882	0	0	2	0	0	0	0	0	0	0	0	0	2
5885	0	0	1	0	0	0	0	0	0	0	0	0	1
5886	1	0	1	0	0	0	0	0	0	0	0	0	2
5887	0	1	0	0	0	0	0	0	0	0	0	0	1
5888	1	0	0	0	1	0	0	0	0	0	0	0	2
5890	0	1	1	0	0	0	0	0	0	0	0	0	2
5891	1	0	0	0	0	0	0	0	0	0	0	0	1
5892	1	0	0	0	2	0	0	0	0	0	0	0	3
5893	0	0	0	0	0	0	1	0	0	0	0	0	1
5894	1	0	0	0	0	0	0	0	0	0	0	0	1
5896	2	0	0	0	0	0	0	0	0	0	0	0	2
5898	2	0	0	0	0	0	0	0	0	0	0	0	2
5899	1	0	0	0	0	0	0	0	0	0	0	0	1
5900	1	0	1	0	0	0	0	1	0	0	0	0	3
5901	1	0	0	0	1	0	0	0	0	0	0	0	2
5902	1	0	1	0	0	2	0	0	0	0	0	0	4
5903	2	0	0	0	0	0	0	0	0	0	0	0	2
5904	0	0	0	0	2	0	0	0	0	0	0	0	2
5905	0	1	0	1	0	0	0	0	0	0	0	0	2
5906	2	0	0	0	0	0	0	0	0	0	0	0	2
5907	1	0	1	0	1	0	0	0	0	0	0	0	3
5908	0	1	0	1	0	0	0	0	0	0	0	0	2
5909	1	0	0	0	0	0	0	0	0	0	0	0	1
5910	2	0	0	0	0	0	0	0	0	0	0	0	2
5911	2	0	0	0	0	0	0	1	0	0	0	0	3
5912	0	0	0	0	0	0	0	1	0	0	0	0	1
5914	2	0	0	0	0	0	0	0	0	0	0	0	2
5915	3	0	0	0	0	0	0	1	0	0	0	0	4
5916	2	0	0	1	0	0	0	1	0	0	0	0	4
5917	0	0	0	1	1	0	0	0	0	0	0	0	2
5918	1	0	0	0	0	0	0	0	0	0	0	0	1
5921	1	0	0	0	2	0	0	0	0	0	0	0	3
5923	2	0	0	0	0	0	1	1	0	0	0	0	4
5924	0	0	0	0	1	0	0	0	0	0	0	0	1
5926	1	0	0	0	1	0	0	0	0	0	0	0	2
5927	1	0	0	0	0	0	0	1	0	0	0	0	2
5928	2	0	0	0	2	0	0	0	0	0	0	0	4
5930	2	0	0	0	0	0	0	0	0	0	0	0	2
5931	0	0	2	0	0	0	0	0	0	0	0	0	2
5933	1	0	0	2	0	0	0	0	0	0	0	0	3
5934	3	0	0	0	0	0	0	0	0	0	0	0	3
5935	0	0	0	0	3	0	0	0	1	0	0	0	4
5936	0	0	1	0	0	0	0	0	0	0	0	0	1
5938	0	1	0	0	0	0	0	0	0	0	0	0	1
5940	2	0	0	0	0	0	0	0	0	0	0	0	2
5941	1	0	0	0	1	0	0	0	0	0	0	0	2
5942	1	0	0	0	1	1	0	0	0	0	0	0	3
5943	0	0	1	0	0	0	0	0	0	0	0	0	1
5944	4	0	0	0	1	0	0	0	0	0	0	0	5
5945	1	0	0	2	1	0	0	0	0	0	0	0	4
5946	1	0	0	0	0	0	0	0	0	0	0	0	1
5947	1	0	0	0	0	0	0	0	0	0	0	0	1
5948	0	0	0	0	1	0	0	0	0	0	0	0	1
5949	1	0	0	0	1	0	0	1	0	0	0	0	3
5950	1	0	0	0	3	0	0	0	0	0	0	0	4
5951	1	0	0	1	0	0	0	0	0	0	0	0	2
5952	0	0	0	1	1	0	0	0	1	0	0	0	3
5953	1	0	0	0	3	0	0	0	0	0	0	0	4
5954	1	0	0	1	0	0	0	0	0	0	0	0	2
5955	0	0	1	0	0	0	0	0	0	0	0	0	1
5956	3	0	1	0	0	1	0	0	0	0	0	0	5
5957	0	1	1	0	0	0	0	0	0	0	0	0	2
5959	0	0	0	0	4	0	0	0	0	0	0	0	4
5960	0	1	0	0	0	0	0	0	0	0	0	0	1
5961	3	0	0	1	0	0	0	0	0	0	0	0	4
5962	1	0	0	0	0	0	0	0	0	0	0	0	1
5963	0	0	1	0	0	0	0	0	0	0	0	0	1
5964	2	0	0	0	0	0	0	2	0	0	0	0	4
5965	3	0	0	1	0	0	0	0	0	0	0	0	4
5966	0	0	0	0	2	0	0	0	0	0	0	0	2
5967	0	0	0	1	1	0	0	0	1	0	0	0	3
5968	3	0	0	0	0	0	1	0	0	0	0	0	4
5969	4	0	0	0	1	0	0	0	0	0	0	0	5
5970	2	0	0	0	1	0	0	0	0	0	0	0	3
5971	3	0	0	0	0	0	0	0	0	0	0	0	3
5972	0	0	0	0	1	0	0	0	0	0	0	0	1
5973	0	0	0	1	0	0	0	0	0	0	0	0	1
5974	0	0	1	0	2	0	1	0	0	0	0	0	4
5975	1	0	0	0	2	0	0	2	0	0	0	0	5
5976	2	0	0	0	0	0	0	0	0	0	0	0	2
5977	0	0	0	0	2	0	0	0	0	0	0	0	2
5978	2	0	0	0	1	0	0	0	0	0	0	0	3
5979	2	0	0	0	3	0	0	0	0	0	0	0	5
5980	3	0	0	0	0	0	0	0	0	0	0	0	3
5981	3	0	0	0	0	0	0	0	0	0	0	0	3
5982	3	0	0	0	0	0	0	0	1	0	0	0	4
5983	1	0	0	0	0	0	0	1	0	0	0	0	2
5984	4	0	0	0	1	0	0	0	0	0	0	0	5
5985	0	0	0	0	0	0	2	0	0	0	0	0	2
5986	1	0	0	0	0	0	0	0	0	0	0	0	1
5987	0	0	0	0	2	0	0	0	0	1	0	0	3
5988	2	0	0	0	0	0	0	0	0	0	0	0	2
5989	2	0	0	0	0	0	0	0	1	1	0	0	4
5991	2	0	0	0	3	0	0	0	0	0	0	0	5
5992	0	1	0	0	2	0	0	0	0	0	0	0	3
5993	3	0	2	0	0	0	0	0	0	0	0	0	5
5994	2	0	0	0	0	0	0	1	0	0	0	0	3
5995	3	0	0	0	0	0	0	1	0	0	0	0	4
5996	2	0	0	0	0	0	0	0	0	0	0	0	2
5997	1	0	0	1	0	0	0	0	0	0	0	0	2
5998	2	0	0	0	1	0	0	0	0	0	0	0	3
5999	0	0	0	0	1	0	0	1	0	0	0	0	2
6000	0	0	2	0	0	0	0	0	0	0	0	0	2
6001	0	1	0	0	0	0	0	0	0	0	0	0	1
6002	0	0	0	0	0	1	0	0	0	0	0	0	1
6003	1	0	0	0	2	0	0	0	0	0	0	0	3
6004	2	0	0	1	0	0	1	0	0	0	0	0	4
6006	0	0	1	0	0	0	0	0	0	0	0	0	1
6007	1	0	0	0	1	0	0	1	0	0	0	0	3
6008	1	0	0	0	1	0	0	0	0	0	0	0	2
6009	3	0	0	0	0	0	0	0	0	0	0	0	3
6010	1	0	0	0	0	0	0	0	0	0	0	0	1
6011	2	0	0	0	0	0	0	0	0	0	0	0	2
6013	1	0	1	0	0	1	0	0	0	0	0	0	3
6014	1	0	1	0	0	1	0	0	0	0	0	0	3
6015	3	0	0	0	1	0	0	0	0	0	0	0	4
6017	1	0	1	0	0	0	0	0	0	0	0	0	2
6018	2	0	0	0	0	0	0	0	0	0	0	0	2
6019	1	0	3	0	0	0	0	0	0	0	0	0	4
6020	3	0	0	0	0	0	0	0	0	1	0	0	4
6021	1	0	0	0	0	0	0	1	0	0	0	0	2
6022	2	0	0	0	0	0	0	0	0	0	0	0	2
6023	2	0	0	0	1	0	0	0	0	0	0	0	3
6024	2	0	0	0	1	0	0	0	0	0	0	0	3
6025	1	0	0	0	1	0	0	0	0	0	0	0	2
6026	0	0	0	0	0	0	0	1	0	0	0	0	1
6027	1	0	0	0	1	0	1	0	0	0	0	0	3
6028	0	0	0	0	1	0	0	0	0	0	0	0	1
6029	1	0	0	0	1	0	0	0	0	0	0	0	2
6030	0	0	0	0	1	0	0	0	0	0	0	0	1
6031	2	0	0	0	0	0	0	0	0	0	0	0	2
6032	2	0	0	0	0	0	0	0	0	0	0	0	2
6033	2	0	0	0	2	0	0	0	0	0	0	0	4
6034	0	2	1	0	0	0	0	0	0	0	0	0	3
6035	3	0	0	0	0	0	0	0	0	0	0	0	3
6036	3	0	0	0	0	0	0	0	0	0	0	0	3
6037	1	0	0	1	0	0	0	0	0	0	0	0	2
6038	1	0	0	0	1	0	0	0	0	0	0	0	2
6039	3	0	0	0	0	0	0	0	0	0	0	0	3
6040	2	0	0	1	0	0	0	1	0	0	0	0	4
6041	3	0	0	0	0	0	0	0	0	0	0	0	3
6042	2	0	1	0	1	0	0	0	0	0	0	0	4
6043	0	0	0	1	0	0	0	0	0	0	0	0	1
6044	2	0	0	0	2	0	0	0	0	0	0	0	4
6046	3	0	0	0	0	0	0	0	0	0	0	0	3
6047	0	0	0	0	2	0	0	0	0	0	0	0	2
6049	4	0	0	0	1	0	0	0	0	0	0	0	5
6050	1	0	0	0	1	0	1	1	0	0	0	0	4
6051	1	0	0	0	0	0	0	0	0	0	0	0	1
6052	1	1	0	0	1	0	0	0	0	0	0	0	3
6053	1	0	0	0	0	0	0	0	0	0	0	0	1
6054	1	0	0	0	0	0	0	0	0	0	0	0	1
6055	1	0	0	0	0	0	0	0	0	0	0	0	1
6056	2	0	0	0	1	0	0	0	0	0	0	0	3
6058	2	0	0	0	0	0	0	0	0	0	0	0	2
6059	1	0	0	0	1	0	0	0	0	0	0	0	2
6060	4	0	0	0	0	0	0	0	1	0	0	0	5
6061	0	0	0	0	1	0	0	0	0	0	0	0	1
6062	2	1	0	0	1	0	0	0	0	0	0	0	4
6063	1	0	0	2	0	0	0	0	0	0	0	0	3
6065	0	0	0	0	3	0	0	0	0	0	0	0	3
6066	1	1	0	1	1	0	0	0	0	0	0	0	4
6067	4	0	0	0	1	0	0	0	0	0	0	0	5
6068	2	0	0	1	0	0	0	0	0	0	0	0	3
6069	0	0	0	0	1	0	0	0	0	0	0	0	1
6070	1	0	0	0	0	0	0	0	0	0	0	0	1
6071	1	0	0	0	2	0	1	0	0	0	0	0	4
6072	1	0	0	0	0	0	0	0	0	0	0	0	1
6073	1	0	1	0	0	0	0	0	0	0	0	0	2
6074	4	1	0	0	0	1	0	1	0	0	0	0	7
6075	2	0	0	0	2	0	0	0	0	0	0	0	4
6076	0	0	0	0	2	0	0	0	0	0	0	0	2
6077	1	0	0	0	1	0	0	0	0	0	0	0	2
6078	2	0	0	0	0	0	1	0	0	0	0	0	3
6079	2	0	0	0	0	0	0	0	0	0	0	0	2
6080	1	0	0	0	0	0	0	0	0	0	0	0	1
6081	0	0	0	0	1	0	0	0	0	0	0	0	1
6082	0	0	2	0	0	0	0	0	0	0	0	0	2
6083	1	0	0	0	0	0	0	0	0	0	0	0	1
6084	2	0	0	0	2	0	0	0	0	0	0	0	4
6085	2	0	0	0	1	1	0	0	1	0	0	0	5
6086	0	0	0	0	1	0	0	0	1	0	0	0	2
6087	1	0	0	2	0	0	0	0	0	0	0	0	3
6088	1	0	1	2	1	0	0	0	0	0	0	0	5
6089	4	0	0	0	0	0	0	0	0	0	0	0	4
6090	1	0	0	0	1	0	0	0	0	0	0	0	2
6091	0	0	1	0	0	0	0	0	0	0	0	0	1
6092	2	0	1	0	0	0	0	0	0	0	0	0	3
6093	0	0	0	0	2	0	0	0	0	0	0	0	2
6094	1	0	0	0	1	0	0	0	0	0	0	0	2
6095	1	0	0	0	0	0	0	0	0	0	0	0	1
6096	1	0	0	2	2	0	0	0	0	0	0	0	5
6097	3	0	0	0	0	0	0	1	0	0	0	0	4
6098	1	0	0	0	0	0	0	0	0	0	0	0	1
6100	1	0	0	0	2	0	0	0	1	0	0	0	4
6101	2	0	0	0	0	1	0	0	0	0	0	0	3
6102	2	0	0	0	0	0	0	0	0	0	0	0	2
6104	2	0	0	0	3	0	0	0	0	0	0	0	5
6105	1	0	0	1	0	0	1	0	1	0	0	0	4
6107	1	0	0	0	0	0	0	0	0	0	0	0	1
6108	4	0	0	0	1	0	0	1	0	0	0	0	6
6109	2	0	0	0	2	0	0	0	0	0	0	0	4
6110	1	0	0	0	0	0	0	0	0	0	0	0	1
6111	2	0	0	0	0	0	0	0	0	0	0	0	2
6112	3	0	0	0	0	0	0	0	0	0	0	0	3
6113	2	0	0	1	0	0	0	0	0	0	0	0	3
6114	3	0	0	1	0	0	1	1	0	0	0	0	6
6115	3	0	0	0	1	0	1	0	0	0	0	0	5
6116	3	0	0	1	0	0	0	2	0	0	0	0	6
6117	3	0	0	0	0	0	0	0	0	0	0	0	3
6118	2	0	0	0	0	1	0	0	0	0	0	0	3
6119	4	0	0	0	0	0	0	0	0	0	0	0	4
6120	1	0	0	1	0	0	0	0	0	0	0	0	2
6121	1	0	0	1	1	0	0	0	0	0	0	0	3
6122	1	0	0	0	1	0	0	0	0	0	0	0	2
6123	2	0	0	0	1	0	0	0	0	0	0	0	3
6124	5	0	0	0	0	0	0	0	0	0	0	0	5
6126	1	0	0	1	1	0	0	0	0	0	0	0	3
6127	1	0	0	0	0	0	0	1	0	0	0	0	2
6128	0	0	0	0	1	0	0	0	0	0	0	0	1
6129	2	0	0	0	0	0	0	0	0	0	0	0	2
6130	4	0	0	0	2	0	0	0	1	0	0	0	7
6131	4	0	0	0	0	0	0	0	0	0	0	0	4
6132	1	0	0	0	2	0	0	1	0	0	0	0	4
6133	2	0	0	0	0	0	0	0	0	0	0	0	2
6134	2	0	0	0	0	0	0	0	0	0	0	0	2
6135	2	0	0	0	1	0	0	0	1	0	0	0	4
6136	1	0	0	0	0	0	0	0	0	0	0	0	1
6137	0	0	1	0	0	0	0	0	0	0	0	0	1
6138	3	0	0	0	0	0	0	0	0	0	0	0	3
6139	6	0	0	0	0	0	0	1	0	0	0	0	7
6140	1	1	0	0	1	0	0	0	0	0	0	0	3
6141	2	0	0	0	2	0	0	0	0	0	0	0	4
6142	2	0	0	0	0	0	0	1	0	0	0	0	3
6143	1	0	0	0	0	0	0	0	0	0	0	0	1
6144	1	0	0	1	2	0	0	0	0	0	0	0	4
6145	2	0	0	0	0	0	0	0	0	0	0	0	2
6146	3	0	0	0	0	0	0	0	0	0	0	0	3
6147	1	0	0	0	1	0	0	0	0	0	0	0	2
6148	2	0	0	0	0	0	0	0	0	0	0	0	2
6149	5	0	0	0	0	0	0	1	0	0	0	0	6
6150	2	0	0	0	0	0	0	0	0	0	0	0	2
6151	2	0	0	0	4	0	0	0	0	0	0	0	6
6152	0	0	1	0	0	0	0	0	0	0	0	0	1
6153	2	0	0	0	0	0	0	1	0	0	0	0	3
6154	1	0	0	0	0	0	0	2	0	0	0	0	3
6155	2	0	0	1	0	0	0	0	0	0	0	0	3
6156	2	0	0	0	0	0	0	0	0	0	0	0	2
6157	1	0	0	0	0	0	0	0	0	0	0	0	1
6158	1	0	0	0	0	0	0	0	0	0	0	0	1
6159	2	0	0	1	1	0	0	0	0	0	0	0	4
6160	6	0	0	0	0	0	0	0	0	0	0	0	6
6161	2	0	0	0	0	0	0	0	0	0	0	0	2
6162	2	0	0	0	0	0	1	1	0	0	0	0	4
6163	4	0	0	0	1	0	0	0	0	0	0	0	5
6164	1	0	1	0	0	0	0	0	0	0	0	0	2
6165	0	1	0	0	0	0	0	0	0	0	0	0	1
6166	2	0	0	0	0	0	0	0	0	0	0	0	2
6167	0	0	0	0	1	0	0	0	0	0	0	0	1
6168	2	0	0	1	0	0	0	0	0	0	0	0	3
6169	3	0	0	0	0	0	0	0	0	0	0	0	3
6170	1	0	0	0	2	0	0	0	0	0	0	0	3
6171	1	1	0	0	0	0	0	1	0	0	0	0	3
6172	1	0	0	1	0	0	0	0	0	0	0	0	2
6173	3	0	0	0	0	1	0	1	0	0	0	0	5
6175	2	0	0	0	0	0	0	0	1	0	0	0	3
6176	2	0	0	0	0	1	1	1	0	0	0	0	5
6177	1	0	0	0	0	0	0	0	0	0	0	0	1
6179	4	0	0	0	0	0	0	1	0	0	0	0	5
6180	2	0	0	0	0	0	0	0	0	0	0	0	2
6181	1	0	0	0	2	0	0	0	0	0	0	0	3
6182	2	0	0	0	1	1	0	0	0	0	0	0	4
6183	1	0	0	0	0	0	0	0	0	0	0	0	1
6184	0	0	1	0	0	0	0	0	0	0	0	0	1
6185	2	0	0	0	0	0	0	1	0	0	0	0	3
6186	1	0	0	0	2	1	0	0	0	0	0	0	4
6188	1	0	0	0	0	1	0	0	0	0	0	0	2
6189	3	0	0	0	0	0	0	0	0	0	0	0	3
6190	2	0	0	0	0	0	0	0	0	0	0	0	2
6191	2	0	0	0	1	1	0	0	0	0	0	0	4
6192	3	0	1	0	0	0	0	0	0	0	0	0	4
6194	2	0	0	0	1	0	0	0	0	0	0	0	3
6195	1	0	0	1	0	0	0	0	0	0	0	0	2
6196	2	0	0	0	1	0	0	0	0	0	0	0	3
6197	2	0	0	0	0	0	0	0	0	0	0	0	2
6198	3	0	0	0	0	0	0	1	0	0	0	0	4
6199	1	0	0	0	0	3	0	0	0	0	0	0	4
6200	2	0	0	0	0	0	0	0	0	0	0	0	2
6201	1	0	0	0	1	0	0	1	0	0	0	0	3
6202	2	0	0	0	2	0	0	0	1	0	0	0	5
6203	2	0	0	1	0	0	1	0	0	0	0	0	4
6204	2	0	0	0	0	0	0	0	0	0	0	0	2
6205	3	0	0	0	0	0	0	1	0	0	0	0	4
6206	2	0	0	0	0	0	0	0	0	0	0	0	2
6207	0	0	0	1	0	0	0	0	0	0	0	0	1
6208	1	0	0	0	1	1	0	0	0	0	0	0	3
6209	0	0	0	0	3	0	0	1	0	0	0	0	4
6210	1	0	0	0	0	0	0	0	0	0	0	0	1
6211	1	0	0	0	1	0	0	0	0	0	0	0	2
6213	1	0	0	0	0	0	0	1	0	0	0	0	2
6214	1	0	0	0	0	0	0	0	0	0	0	0	1
6215	2	0	0	0	0	0	0	1	0	0	0	0	3
6216	0	0	0	1	0	0	1	0	0	0	0	0	2
6217	0	0	1	0	0	0	0	0	0	0	0	0	1
6218	0	0	0	0	1	0	0	1	0	0	0	0	2
6219	1	0	0	1	0	0	0	0	0	0	0	0	2
6220	1	0	0	0	1	0	0	0	0	0	0	0	2
6221	1	0	0	0	0	0	0	0	0	0	0	0	1
6222	1	0	0	0	0	0	0	0	0	0	0	0	1
6223	1	0	0	0	1	0	0	0	0	0	0	0	2
6224	0	0	0	0	2	0	0	0	0	0	0	0	2
6225	0	0	0	0	3	0	0	0	0	0	0	0	3
6226	2	0	0	0	0	0	0	0	0	0	0	0	2
6227	3	0	0	0	1	0	0	0	0	0	0	0	4
6228	3	0	0	0	0	0	0	0	0	0	0	0	3
6229	2	0	0	0	0	1	0	0	0	0	0	0	3
6230	1	0	0	0	1	0	0	0	0	0	0	0	2
6231	2	0	0	0	0	0	0	0	0	0	0	0	2
6232	0	0	0	0	1	0	0	0	0	0	0	0	1
6233	1	0	0	0	2	0	0	0	0	0	0	0	3
6234	0	1	0	0	0	0	0	0	0	0	0	0	1
6235	1	0	0	0	1	0	0	1	0	0	0	0	3
6236	0	0	0	1	0	0	0	0	0	0	0	0	1
6237	0	0	0	0	2	0	0	0	0	0	0	0	2
6238	1	0	0	0	1	0	0	1	0	0	0	0	3
6240	1	0	0	0	1	0	0	0	0	0	0	0	2
6241	2	0	0	0	0	0	0	0	0	0	0	0	2
6242	3	0	0	0	0	0	0	1	0	0	0	0	4
6243	2	0	0	0	1	0	0	0	0	0	0	0	3
6244	4	0	0	0	1	0	0	0	0	0	0	0	5
6245	0	0	0	0	0	2	0	0	0	0	0	0	2
6246	1	0	0	0	1	0	0	0	0	0	0	0	2
6247	1	0	0	0	0	0	0	0	1	0	0	0	2
6248	2	0	0	0	0	2	0	0	0	0	0	0	4
6249	2	0	0	0	0	0	0	0	0	0	0	0	2
6250	4	0	0	0	0	0	0	0	0	0	0	0	4
6251	3	0	0	0	0	0	0	0	0	0	0	0	3
6252	2	0	0	0	0	0	0	0	0	0	0	0	2
6253	1	0	0	0	1	1	0	0	0	0	0	0	3
6254	0	0	1	0	0	0	0	0	0	0	0	0	1
6255	1	0	2	0	0	0	0	0	0	0	0	0	3
6256	0	0	0	0	2	0	0	0	0	0	0	0	2
6257	6	0	0	1	0	0	0	0	0	0	0	0	7
6258	1	0	0	0	2	0	0	0	0	0	0	0	3
6259	0	0	0	0	0	0	0	0	1	0	0	0	1
6260	3	0	0	0	0	0	0	0	0	0	0	0	3
6261	1	0	0	0	1	0	0	0	0	0	0	0	2
6262	1	0	0	1	2	0	0	0	0	0	0	0	4
6263	1	0	0	0	1	0	0	0	0	0	0	0	2
6264	0	0	0	0	1	0	0	1	0	0	0	0	2
6265	0	1	1	0	0	0	0	0	0	0	0	0	2
6266	1	0	0	0	0	0	0	0	0	0	0	0	1
6267	1	0	0	1	0	0	0	0	0	0	0	0	2
6268	2	1	0	0	0	0	0	0	0	0	0	0	3
6269	1	0	0	0	0	0	0	0	0	0	0	0	1
6270	1	0	0	0	0	0	0	0	1	0	0	0	2
6271	2	0	0	0	0	1	0	0	0	0	0	0	3
6272	0	0	0	0	1	0	0	0	0	0	0	0	1
6274	1	0	0	0	0	0	0	0	0	0	0	0	1
6275	2	0	0	0	1	0	1	0	0	0	0	0	4
6276	0	0	0	0	1	0	0	0	0	0	0	0	1
6277	3	0	0	0	1	0	0	0	0	0	0	0	4
6278	1	0	0	0	0	1	0	1	0	0	0	0	3
6279	0	0	0	1	1	0	0	0	0	0	0	0	2
6280	1	0	0	0	0	0	0	1	0	0	0	0	2
6281	2	0	0	0	0	0	0	0	0	0	0	0	2
6282	0	0	0	0	1	0	0	0	0	0	0	0	1
6283	1	0	0	0	2	0	0	0	0	0	0	0	3
6284	1	0	0	0	1	0	0	0	0	0	0	0	2
6285	2	0	0	0	0	0	0	1	0	0	0	0	3
6286	2	0	0	0	1	0	0	0	0	0	0	0	3
6287	1	0	0	0	0	1	0	0	0	0	0	0	2
6288	1	0	0	0	0	0	0	1	0	0	0	0	2
6289	0	0	1	0	0	0	0	0	0	0	0	0	1
6290	1	0	0	2	0	0	0	0	0	0	0	0	3
6291	2	0	0	0	0	0	0	0	0	0	0	0	2
6292	2	0	0	0	0	1	0	0	0	0	0	0	3
6293	1	0	0	0	0	0	0	0	0	0	0	0	1
6294	5	0	0	0	0	0	0	0	0	0	0	0	5
6295	4	0	0	0	0	0	0	0	0	0	0	0	4
6296	1	0	0	0	0	0	0	0	0	0	0	0	1
6297	3	0	0	0	0	0	0	0	0	0	0	0	3
6298	2	0	0	0	0	0	0	0	0	0	0	0	2
6299	2	0	0	0	0	0	0	0	0	0	0	0	2
6300	0	0	0	0	1	0	0	0	0	0	0	0	1
6301	0	1	1	0	0	0	0	0	0	0	0	0	2
6302	2	0	0	0	1	0	0	0	0	0	0	0	3
6303	1	1	0	0	0	0	0	0	0	0	0	0	2
6304	1	0	1	0	0	0	0	0	0	0	0	0	2
6305	0	0	1	0	0	0	0	0	0	0	0	0	1
6306	1	0	0	0	1	0	0	1	0	0	0	0	3
6307	2	0	0	0	0	0	2	1	0	0	0	0	5
6308	1	0	0	0	1	1	0	0	0	0	0	0	3
6309	5	0	0	0	0	0	0	0	0	0	0	0	5
6310	3	0	0	0	0	0	1	0	0	0	0	0	4
6311	1	0	0	0	0	0	0	0	0	0	0	0	1
6312	2	0	0	0	0	0	0	0	0	0	0	0	2
6313	2	0	0	0	0	0	0	0	0	0	0	0	2
6314	2	0	0	0	0	0	0	0	0	0	0	0	2
6315	2	0	0	0	0	0	0	0	0	0	0	0	2
6317	3	0	0	0	0	0	0	2	0	0	0	0	5
6318	2	0	0	0	0	0	0	0	0	0	0	0	2
6319	1	0	0	0	0	0	0	0	0	0	0	0	1
6320	1	0	0	1	2	0	0	0	0	0	0	0	4
6321	2	0	0	0	0	0	0	0	0	0	0	0	2
6323	0	0	0	1	2	0	0	0	0	0	0	0	3
6324	0	0	0	0	0	0	0	2	0	0	0	0	2
6325	2	0	1	0	1	0	0	0	0	0	0	0	4
6326	3	0	0	0	0	0	1	0	0	0	0	0	4
6327	1	0	0	0	0	0	0	0	0	0	0	0	1
6329	1	0	0	0	0	0	0	0	0	0	0	0	1
6332	0	0	1	0	0	0	0	0	0	0	0	0	1
6333	2	0	0	0	0	0	0	0	0	0	0	0	2
6334	1	0	0	0	0	0	0	0	0	0	0	0	1
6335	2	0	0	0	0	0	0	0	0	0	0	0	2
6336	4	0	0	0	0	0	0	0	0	0	0	0	4
6337	2	0	0	0	0	0	0	0	0	0	0	0	2
6338	3	0	0	0	0	0	1	1	0	1	0	0	6
6339	2	0	0	0	0	0	0	0	0	0	0	0	2
6340	2	0	0	0	0	0	0	1	0	0	0	0	3
6341	0	0	0	0	1	0	0	0	0	0	0	0	1
6343	0	0	2	0	0	0	0	0	0	0	0	0	2
6344	0	0	1	0	0	0	0	0	0	0	0	0	1
6345	4	0	0	0	0	0	1	0	0	0	0	0	5
6346	2	0	0	0	1	0	1	1	0	0	0	0	5
6347	1	0	0	0	2	0	0	0	0	0	0	0	3
6348	2	0	0	0	0	0	0	0	0	0	0	0	2
6349	1	0	0	2	0	0	0	0	0	0	0	0	3
6350	0	0	0	1	0	0	0	0	0	0	0	0	1
6351	0	0	0	0	2	0	0	1	0	0	0	0	3
6352	1	0	0	0	1	0	1	0	1	0	0	0	4
6353	3	0	0	0	0	0	0	0	0	0	0	0	3
6354	0	0	0	0	5	0	0	0	0	0	0	0	5
6355	2	0	0	0	0	0	0	0	1	0	0	0	3
6358	0	0	0	1	2	0	0	0	0	0	0	0	3
6359	2	0	0	0	0	0	0	0	0	0	0	0	2
6360	2	0	0	0	0	0	0	0	0	0	0	0	2
6361	0	0	0	0	1	0	0	0	0	0	0	0	1
6362	1	0	0	0	0	0	0	0	0	0	0	0	1
6363	2	0	0	0	2	0	0	0	0	0	0	0	4
6364	2	0	0	0	0	0	0	0	0	0	0	0	2
6365	0	0	1	0	0	0	0	0	0	0	0	0	1
6366	0	1	0	1	0	0	0	0	0	0	0	0	2
6367	0	0	0	0	2	0	0	0	0	0	0	0	2
6368	2	0	0	0	0	0	0	0	2	0	0	0	4
6369	2	0	0	0	0	0	0	0	0	0	0	0	2
6370	2	0	0	0	1	0	0	0	1	0	0	0	4
6371	2	0	0	0	0	0	0	0	0	0	0	0	2
6372	1	0	0	0	0	0	0	0	0	0	0	0	1
6373	0	0	0	0	3	0	0	0	0	0	0	0	3
6374	2	0	0	0	1	0	1	0	0	0	0	0	4
6375	1	0	0	0	1	0	0	1	0	0	0	0	3
6376	1	0	0	0	1	0	0	0	0	0	0	0	2
6377	0	0	0	0	1	0	0	1	0	0	0	0	2
6378	1	0	0	0	1	0	1	0	0	0	0	0	3
6379	1	0	0	0	0	0	0	0	0	0	0	0	1
6380	1	0	0	0	3	0	0	0	0	0	0	0	4
6381	1	0	1	0	0	0	0	0	0	0	0	0	2
6382	0	0	1	0	2	0	0	0	0	0	0	0	3
6383	1	0	0	1	0	0	0	0	0	0	0	0	2
6384	1	0	0	0	0	0	0	0	0	0	0	0	1
6385	1	0	0	0	0	0	0	0	0	0	0	0	1
6386	0	0	1	0	1	0	0	0	0	0	0	0	2
6387	0	0	0	2	0	0	0	0	0	0	0	0	2
6388	2	0	0	1	0	0	0	0	0	0	0	0	3
6389	1	0	0	0	1	0	0	0	0	0	0	0	2
6390	1	0	0	0	0	0	0	0	0	0	0	0	1
6391	3	0	0	0	3	0	0	0	0	0	0	0	6
6392	2	0	1	0	0	0	0	0	0	0	0	0	3
6393	0	0	1	0	0	0	0	0	0	0	0	0	1
6394	0	0	0	2	0	0	0	0	0	0	0	0	2
6395	4	0	0	0	0	0	0	0	0	0	0	0	4
6396	1	0	0	0	2	0	0	0	0	0	0	0	3
6397	3	0	0	0	1	0	0	0	0	0	0	0	4
6398	2	0	0	0	0	0	2	0	0	0	0	0	4
6399	0	0	0	0	2	0	0	0	0	0	0	0	2
6400	3	0	0	0	0	0	0	0	0	0	0	0	3
6401	3	0	0	0	0	0	0	0	0	0	0	0	3
6402	3	0	0	0	0	0	0	1	0	0	0	0	4
6403	1	0	0	0	0	0	0	0	0	0	0	0	1
6404	1	0	0	0	1	0	0	0	0	0	0	0	2
6405	2	0	0	0	0	0	0	0	0	0	0	0	2
6406	1	0	0	1	0	0	0	0	0	0	0	0	2
6407	1	0	0	0	0	0	0	0	0	0	0	0	1
6408	1	0	1	0	0	0	0	0	0	0	0	0	2
6409	1	0	1	0	2	0	0	0	0	0	0	0	4
6410	4	0	0	0	0	0	0	0	0	0	0	0	4
6411	1	0	0	0	1	0	1	0	0	0	0	0	3
6412	0	0	1	0	0	0	0	0	0	0	0	0	1
6413	2	0	0	0	0	0	0	1	0	0	0	0	3
6414	2	0	0	0	1	0	0	0	0	0	0	0	3
6415	1	0	0	0	0	0	0	0	0	0	0	0	1
6416	1	0	0	0	0	0	0	0	0	0	0	0	1
6417	0	0	0	0	0	0	1	0	0	0	0	0	1
6418	4	0	0	0	0	0	0	0	0	0	0	0	4
6419	1	1	0	1	0	0	0	0	0	0	0	0	3
6420	4	0	0	0	0	0	0	0	0	0	0	0	4
6421	0	0	1	0	0	0	0	0	0	0	0	0	1
6422	3	0	0	0	0	0	0	0	0	0	0	0	3
6423	3	0	0	0	0	0	0	0	0	0	0	0	3
6424	0	0	0	0	1	0	0	0	0	0	0	0	1
6425	0	0	0	1	0	0	0	0	0	0	0	0	1
6426	2	0	0	0	0	0	0	0	0	0	0	0	2
6427	1	0	0	0	0	0	0	0	0	0	0	0	1
6428	2	0	0	0	0	0	0	1	0	0	0	0	3
6429	2	0	0	0	0	0	0	1	1	0	0	0	4
6430	1	0	0	1	0	0	0	0	0	0	0	0	2
6431	1	0	0	0	1	0	0	0	0	0	0	0	2
6432	4	0	0	0	0	0	0	1	0	0	0	0	5
6433	2	0	0	0	1	0	0	0	0	0	0	0	3
6434	1	0	0	0	0	0	0	0	0	0	0	0	1
6435	1	0	1	0	0	0	0	0	0	0	0	0	2
6437	1	1	0	0	0	0	0	0	0	0	0	0	2
6438	0	0	1	0	0	0	0	0	0	0	0	0	1
6439	0	0	0	0	1	0	0	0	0	0	0	0	1
6440	2	0	0	0	0	0	0	0	0	0	0	0	2
6441	3	1	0	0	1	0	0	0	0	0	0	0	5
6442	0	0	0	0	2	0	0	0	0	0	0	0	2
6443	1	0	0	1	1	0	0	0	0	0	0	0	3
6444	4	0	0	0	0	0	0	0	0	0	0	0	4
6445	1	0	0	0	0	1	0	0	0	0	0	0	2
6446	1	0	1	0	1	1	0	0	0	0	0	0	4
6448	2	0	1	1	0	0	0	0	0	0	0	0	4
6449	1	0	0	0	1	0	0	0	0	0	0	0	2
6450	2	0	0	0	1	0	0	0	0	0	0	0	3
6451	1	1	0	1	1	0	0	0	0	0	0	0	4
6452	1	0	0	0	2	0	0	0	0	0	0	0	3
6453	0	0	0	1	0	1	0	0	0	0	0	0	2
6454	1	0	0	1	2	0	0	0	0	0	0	0	4
6455	2	0	0	0	0	0	0	0	0	0	0	0	2
6456	2	0	0	0	0	0	0	0	0	0	0	0	2
6457	1	0	0	0	0	0	0	0	0	0	0	0	1
6458	2	0	0	1	0	0	0	0	0	0	0	0	3
6459	2	0	0	0	0	0	0	0	0	0	0	0	2
6460	1	0	0	0	1	0	0	0	0	0	0	0	2
6461	2	0	0	0	0	1	0	0	0	0	0	0	3
6462	1	0	0	0	0	0	0	0	0	0	0	0	1
6463	0	0	0	0	1	0	0	0	0	0	0	0	1
6464	3	0	0	0	0	0	0	0	0	0	0	0	3
6465	0	0	0	1	0	0	0	0	0	0	0	0	1
6466	2	0	0	0	0	0	0	0	0	0	0	0	2
6467	0	0	0	1	1	0	0	0	0	0	0	0	2
6469	3	0	0	0	0	0	0	0	0	0	0	0	3
6470	4	0	0	0	0	0	0	0	0	1	0	0	5
6471	1	0	0	0	0	0	0	0	0	0	0	0	1
6472	2	0	0	1	1	0	0	0	0	0	0	0	4
6473	1	1	0	0	0	0	0	0	0	0	0	0	2
6475	0	0	1	0	0	0	0	0	0	0	0	0	1
6476	1	0	0	0	2	0	0	1	0	0	0	0	4
6477	0	0	0	0	2	0	0	0	0	0	0	0	2
6478	1	0	0	0	1	0	0	0	0	0	0	0	2
6479	3	0	0	0	0	0	1	0	0	0	0	0	4
6480	2	0	0	0	2	0	0	0	0	0	0	0	4
6481	2	0	0	0	0	0	0	0	0	0	0	0	2
6482	3	0	0	0	0	0	0	0	0	0	0	0	3
6483	4	0	0	0	1	0	0	0	0	0	0	0	5
6484	0	0	0	0	0	0	0	1	0	0	0	0	1
6485	0	0	0	0	1	1	0	0	0	0	0	0	2
6487	2	1	0	0	0	0	0	0	0	0	0	0	3
6488	2	0	0	0	3	0	0	0	0	0	0	0	5
6489	3	0	0	0	0	0	0	0	0	0	0	0	3
6490	3	0	0	0	0	0	0	0	0	0	0	0	3
6491	3	0	0	0	0	0	0	0	0	0	0	0	3
6492	5	0	0	0	0	0	0	0	0	0	0	0	5
6493	4	0	0	0	1	0	0	0	0	0	0	0	5
6494	4	0	0	0	0	0	0	0	0	0	0	0	4
6495	4	0	0	1	0	0	0	0	0	0	0	0	5
6496	4	0	0	0	0	0	0	0	0	0	0	0	4
6497	1	0	0	0	0	0	0	0	0	0	0	0	1
6498	2	0	0	0	0	0	0	0	0	0	0	0	2
6499	1	0	0	0	0	0	0	0	0	0	0	0	1
6500	3	0	0	0	0	0	0	0	0	0	0	0	3
6502	2	1	0	0	2	1	0	0	0	0	0	0	6
6503	1	0	0	1	0	0	0	0	0	0	0	0	2
6504	2	0	0	0	1	0	0	0	0	0	0	0	3
6505	1	0	0	0	2	0	0	0	0	0	0	0	3
6506	1	0	0	1	0	0	0	0	0	0	0	0	2
6507	1	0	0	0	1	0	0	0	0	0	0	0	2
6508	1	0	0	0	1	0	0	0	0	0	0	0	2
6509	2	0	0	0	0	0	0	1	1	1	0	0	5
6510	1	0	0	0	0	0	0	0	0	0	0	0	1
6511	3	0	0	0	0	0	0	0	0	0	0	0	3
6512	0	0	0	0	1	1	0	0	0	0	0	0	2
6513	0	0	0	0	1	0	0	0	0	0	0	0	1
6514	2	0	0	0	1	0	0	0	0	0	0	0	3
6515	0	0	0	0	2	1	0	0	0	0	0	0	3
6516	1	0	0	0	0	0	0	1	0	0	0	0	2
6517	0	0	0	0	1	0	0	0	0	0	0	0	1
6518	2	0	0	0	1	0	0	0	0	0	0	0	3
6519	3	0	0	1	0	0	0	0	0	0	0	0	4
6520	2	0	0	1	0	0	1	0	0	1	0	0	5
6521	4	0	0	0	0	0	0	0	0	0	0	0	4
6522	2	0	0	0	1	0	0	0	0	0	0	0	3
6523	1	0	1	0	0	0	0	0	0	0	0	0	2
6525	2	0	0	0	0	0	0	2	0	0	0	0	4
6526	2	0	0	0	0	0	0	0	0	0	0	0	2
6527	2	0	0	0	0	0	0	0	0	0	0	0	2
6528	2	0	0	0	1	0	0	0	0	0	0	0	3
6529	1	0	0	0	1	0	0	0	0	0	0	0	2
6530	1	0	0	0	2	0	0	0	0	0	0	0	3
6531	2	0	0	0	0	0	0	0	0	0	0	0	2
6532	2	0	0	0	0	0	0	0	0	0	0	0	2
6533	2	0	0	0	1	0	0	0	0	0	0	0	3
6534	3	0	0	0	0	0	0	0	0	0	0	0	3
6535	2	0	0	0	0	1	0	0	0	0	0	0	3
6536	1	0	0	0	0	0	0	0	0	0	0	0	1
6537	2	0	0	0	1	0	0	0	0	0	0	0	3
6538	1	0	0	0	2	0	0	0	0	0	0	0	3
6539	1	0	0	0	0	0	0	0	0	0	0	0	1
6540	1	0	0	0	0	0	0	0	0	0	0	0	1
6542	2	0	0	0	0	0	0	1	0	0	0	0	3
6543	2	0	0	0	1	0	0	0	0	0	0	0	3
6544	1	0	0	0	0	0	0	0	0	0	0	0	1
6545	1	1	1	0	0	0	0	0	0	0	0	0	3
6547	0	0	1	1	0	0	0	0	0	0	0	0	2
6548	1	0	0	0	1	0	0	0	0	0	0	0	2
6549	2	0	0	0	0	0	0	0	0	0	0	0	2
6550	3	0	0	0	1	0	0	0	0	0	0	0	4
6551	1	0	0	0	0	0	0	0	0	0	0	0	1
6552	2	0	0	1	0	0	0	0	0	0	0	0	3
6553	2	0	0	0	0	0	0	0	0	0	0	0	2
6554	2	0	0	0	0	1	0	0	0	0	0	0	3
6555	4	0	0	0	0	0	0	0	0	0	0	0	4
6557	0	0	0	1	0	0	0	0	0	0	0	0	1
6558	1	1	0	0	0	1	0	0	0	0	0	0	3
6559	1	0	0	2	0	0	0	0	0	0	0	0	3
6560	1	0	0	0	0	0	0	0	0	0	0	0	1
6561	0	1	1	0	0	0	0	0	0	0	0	0	2
6562	2	0	0	1	0	0	0	1	0	0	0	0	4
6563	0	6	0	0	0	0	0	0	0	0	0	0	6
6564	3	0	0	0	0	0	0	0	0	0	0	0	3
6565	2	0	0	0	0	0	0	0	0	0	0	0	2
6567	2	0	0	0	0	0	0	0	0	0	0	0	2
6568	3	0	0	0	0	0	0	1	0	0	0	0	4
6569	1	0	0	0	0	0	0	1	0	0	0	0	2
6570	2	0	0	0	0	0	0	0	0	0	0	0	2
6571	4	0	0	1	0	0	0	0	0	0	0	0	5
6572	3	0	0	0	0	0	0	0	0	0	0	0	3
6574	1	0	0	0	0	0	0	0	0	0	0	0	1
6575	2	0	0	0	0	0	0	0	0	0	0	0	2
6576	1	0	0	0	0	0	0	0	0	0	0	0	1
6577	1	0	0	0	0	0	0	1	1	0	0	0	3
6578	2	0	0	0	1	0	0	0	0	0	0	0	3
6579	3	0	0	0	0	0	0	0	0	0	0	0	3
6580	2	0	0	0	0	0	0	0	0	0	0	0	2
6581	1	0	0	0	3	0	0	0	0	0	0	0	4
6582	3	0	0	0	1	0	0	0	0	0	0	0	4
6583	1	0	0	0	0	0	0	0	0	0	0	0	1
6585	1	0	0	0	0	0	0	0	0	0	0	0	1
6587	0	0	0	1	0	1	0	0	0	0	0	0	2
6588	0	0	1	0	0	0	0	0	0	0	0	0	1
6589	2	0	0	0	0	0	0	0	0	0	0	0	2
6590	2	0	0	0	1	0	0	0	0	0	0	0	3
6591	1	0	0	0	0	0	0	1	0	0	0	0	2
6592	2	0	0	0	0	0	0	0	0	0	0	0	2
6593	1	1	1	0	0	0	0	0	0	0	0	0	3
6595	0	0	1	0	0	0	0	0	1	0	0	0	2
6596	2	0	0	0	0	0	0	0	0	0	0	0	2
6597	3	0	0	0	0	0	0	0	0	0	0	0	3
6598	2	0	0	0	0	1	0	0	0	0	0	0	3
6599	1	0	0	0	1	0	0	0	0	0	0	0	2
6600	1	0	0	0	0	0	0	0	0	0	0	0	1
6601	1	0	0	0	0	0	0	0	0	0	0	0	1
6602	0	0	0	0	1	0	0	0	0	0	0	0	1
6604	1	0	0	0	1	0	0	0	0	0	0	0	2
6605	3	0	0	0	0	0	0	0	0	0	0	0	3
6606	0	0	0	1	1	0	0	0	0	0	0	0	2
6607	0	0	0	1	0	0	0	0	0	0	0	0	1
6608	2	0	0	0	1	0	0	0	0	0	0	0	3
6609	1	0	0	0	1	0	0	0	0	0	0	0	2
6610	1	0	0	0	3	0	0	1	0	0	0	0	5
6611	0	0	0	1	0	0	0	0	0	0	0	0	1
6612	1	0	0	1	0	0	0	0	0	0	0	0	2
6613	2	0	0	0	1	0	0	1	0	0	0	0	4
6614	2	0	0	0	0	0	0	1	0	0	0	0	3
6615	0	0	0	0	1	0	0	0	0	0	0	0	1
6616	0	0	0	1	2	0	0	0	0	0	0	0	3
6617	1	0	0	0	1	0	0	0	0	0	0	0	2
6618	2	0	0	0	0	0	0	0	0	0	0	0	2
6619	2	0	0	0	0	0	0	0	0	0	0	0	2
6620	0	0	0	2	3	0	0	0	0	0	0	0	5
6621	4	0	0	0	1	0	0	0	0	0	0	0	5
6622	1	0	0	0	0	0	0	0	0	0	0	0	1
6623	0	4	1	0	0	1	0	0	0	0	0	0	6
6624	3	0	0	0	0	0	0	0	0	0	0	0	3
6625	0	0	0	0	2	0	0	0	0	0	0	0	2
6627	1	0	0	1	1	0	0	0	0	1	0	0	4
6628	4	0	0	0	1	0	0	0	0	0	0	0	5
6629	3	0	0	0	0	0	0	1	0	0	0	0	4
6630	3	0	0	0	0	0	0	1	0	0	0	0	4
6631	1	0	0	0	0	0	0	0	0	0	0	0	1
6632	1	0	0	0	0	0	0	0	0	0	0	0	1
6633	1	0	0	0	0	0	0	0	0	0	0	0	1
6634	2	0	0	0	0	0	0	0	0	0	0	0	2
6635	1	0	0	0	0	0	0	0	0	0	0	0	1
6636	1	0	0	0	0	3	0	1	0	0	0	0	5
6637	2	0	0	0	0	2	0	1	0	0	0	0	5
6638	4	0	0	0	1	0	0	0	0	0	0	0	5
6639	2	0	0	0	2	0	1	0	0	0	0	0	5
6640	1	0	0	0	0	1	0	0	0	0	0	0	2
6641	2	0	0	0	2	0	0	0	0	0	0	0	4
6642	1	0	0	0	0	0	0	0	0	0	0	0	1
6643	2	0	0	1	0	0	0	1	0	0	0	0	4
6644	1	0	0	0	1	0	0	0	0	0	0	0	2
6646	3	0	0	0	0	0	1	1	0	0	0	0	5
6647	2	0	0	1	1	0	0	0	0	0	0	0	4
6648	5	0	0	0	0	0	1	0	0	0	0	0	6
6649	0	0	0	0	3	0	0	0	0	0	0	0	3
6650	0	0	1	0	0	0	0	0	0	0	0	0	1
6651	2	1	0	0	0	0	0	0	0	0	0	0	3
6652	0	0	1	0	0	0	0	0	0	0	0	0	1
6653	1	0	0	1	0	0	0	0	0	0	0	0	2
6655	1	0	0	0	0	0	0	0	0	0	0	0	1
6656	0	0	0	0	1	0	0	0	0	0	0	0	1
6657	2	0	0	0	0	0	0	0	0	0	0	0	2
6658	2	0	0	0	1	0	0	0	0	0	0	0	3
6659	2	0	0	0	0	0	0	0	0	0	0	0	2
6661	3	0	0	0	0	0	0	0	0	0	0	0	3
6662	0	0	0	0	1	0	0	0	0	0	0	0	1
6663	1	0	0	0	1	0	0	0	1	0	0	0	3
6664	1	0	0	0	0	0	0	0	0	0	0	0	1
6665	0	1	0	0	1	0	0	0	0	0	0	0	2
6666	0	0	0	0	2	0	0	0	0	0	0	0	2
6667	0	1	1	0	0	0	0	0	0	0	0	0	2
6668	1	0	0	0	0	0	0	0	0	0	0	0	1
6669	0	0	0	0	3	0	0	0	0	0	0	0	3
6670	5	0	0	0	0	0	0	0	0	0	0	0	5
6671	1	0	0	0	1	0	0	0	0	0	0	0	2
6672	1	0	0	0	1	0	0	0	0	0	0	0	2
6673	1	0	0	0	0	0	0	0	0	0	0	0	1
6674	2	0	0	0	0	0	0	0	0	0	0	0	2
6675	0	0	0	0	1	0	0	0	0	0	0	0	1
6676	0	1	0	0	0	0	1	0	0	0	0	0	2
6677	1	0	0	0	0	0	0	0	0	0	0	0	1
6678	0	0	0	0	1	0	0	0	0	0	0	0	1
6679	0	0	0	0	2	0	0	0	0	0	0	0	2
6680	2	0	0	0	1	0	0	0	0	0	0	0	3
6681	1	0	0	0	0	0	0	1	0	0	0	0	2
6682	4	0	0	0	0	0	0	1	0	0	0	0	5
6683	2	0	0	0	0	0	0	1	0	0	0	0	3
6684	3	0	0	0	0	0	0	0	0	0	0	0	3
6685	0	0	0	0	1	0	0	0	0	0	0	0	1
6686	3	0	0	0	0	0	0	0	0	0	0	0	3
6687	1	0	0	0	0	0	0	1	1	0	0	0	3
6688	4	0	0	0	0	0	0	0	0	0	0	0	4
6689	3	0	0	0	0	0	0	0	0	0	0	0	3
6690	4	0	0	0	0	0	0	0	0	0	0	0	4
6691	2	0	0	0	0	0	0	1	0	0	0	0	3
6693	2	0	0	0	2	0	0	1	0	0	0	0	5
6694	1	0	0	0	0	0	0	0	0	0	0	0	1
6695	2	0	0	0	0	0	0	0	0	0	0	0	2
6696	3	0	0	0	1	0	0	0	0	0	0	0	4
6697	0	0	0	0	1	0	0	0	0	0	0	0	1
6698	1	0	1	0	0	0	0	1	0	0	0	0	3
6699	2	0	0	0	1	0	0	0	0	0	0	0	3
6700	1	0	0	1	0	0	0	0	0	0	0	0	2
6701	0	1	0	0	1	0	0	1	0	0	0	0	3
6702	2	0	0	0	4	0	0	0	0	0	0	0	6
6703	1	0	0	0	0	0	0	0	0	0	0	0	1
6704	4	0	0	0	0	0	0	1	0	0	0	0	5
6705	1	0	0	0	0	0	0	0	0	0	0	0	1
6706	3	0	0	0	0	0	1	0	0	0	0	0	4
6707	1	0	0	0	0	2	0	0	0	0	0	0	3
6708	2	0	0	0	0	0	0	1	0	0	0	0	3
6709	2	0	0	1	2	0	0	1	0	0	0	0	6
6710	1	0	0	0	1	0	0	0	0	0	0	0	2
6711	2	0	0	0	0	0	0	0	0	0	0	0	2
6712	1	0	1	1	0	0	0	2	0	0	0	0	5
6713	1	0	0	0	0	0	0	0	0	0	0	0	1
6715	2	0	0	0	2	0	0	0	0	0	0	0	4
6716	2	0	0	0	0	0	0	0	0	0	0	0	2
6717	2	0	0	0	1	1	0	0	0	0	0	0	4
6718	2	0	0	0	0	0	0	0	1	0	0	0	3
6719	1	0	0	1	0	0	0	0	0	0	0	0	2
6720	4	0	0	0	0	0	0	1	0	0	0	0	5
6721	1	0	0	0	0	1	0	0	1	0	0	0	3
6722	1	0	0	0	0	0	1	0	0	0	0	0	2
6723	2	0	0	0	0	0	0	0	0	0	0	0	2
6724	0	0	0	0	1	0	0	0	1	0	0	0	2
6725	0	0	0	1	2	0	0	0	0	0	0	0	3
6726	2	0	0	0	0	0	0	2	0	0	0	0	4
6727	3	0	0	0	0	0	0	0	0	0	0	0	3
6728	1	0	0	0	1	0	0	0	0	0	0	0	2
6729	1	0	0	0	0	0	0	1	0	0	0	0	2
6730	2	0	0	0	1	0	0	0	0	0	0	0	3
6731	2	0	0	0	0	1	0	0	0	0	0	0	3
6732	1	0	0	0	0	0	0	1	0	1	0	0	3
6733	0	0	0	0	2	0	0	1	0	0	0	0	3
6734	1	0	0	0	2	0	0	0	0	0	0	0	3
6735	3	0	0	0	0	0	1	0	0	0	0	0	4
6736	2	0	0	0	2	0	0	0	0	0	0	0	4
6737	3	0	0	0	0	0	0	0	0	0	0	0	3
6738	2	0	0	0	0	0	0	1	0	0	0	0	3
6739	0	0	0	0	2	1	0	0	0	0	0	0	3
6740	1	0	0	0	1	0	0	0	0	0	0	0	2
6741	2	0	0	0	0	0	0	0	0	0	0	0	2
6742	0	0	0	0	1	0	0	0	0	0	0	0	1
6743	2	0	0	0	2	0	0	0	0	0	0	0	4
6744	3	0	0	0	0	0	0	0	0	1	0	0	4
6745	2	0	0	0	0	0	0	0	0	0	0	0	2
6746	3	0	0	0	0	0	0	0	0	0	0	0	3
6747	2	0	0	0	0	1	0	0	0	0	0	0	3
6748	0	0	0	0	1	0	0	0	0	0	0	0	1
6749	2	0	0	2	1	0	0	0	0	0	0	0	5
6750	1	2	0	0	0	0	0	0	0	0	0	0	3
6751	0	0	0	1	2	0	0	0	0	0	0	0	3
6752	2	0	0	0	0	0	0	1	0	0	0	0	3
6753	1	0	0	0	0	0	0	0	0	0	0	0	1
6754	3	0	0	0	1	0	0	0	0	0	0	0	4
6755	2	0	0	0	0	0	0	1	0	0	0	0	3
6756	3	0	0	0	0	0	0	0	0	0	0	0	3
6757	3	0	0	0	0	0	1	0	0	0	0	0	4
6758	2	0	0	0	0	0	0	2	0	0	0	0	4
6759	2	0	0	0	0	0	0	1	1	0	0	0	4
6760	1	0	0	0	0	0	0	0	0	0	0	0	1
6761	2	0	0	0	0	0	0	1	1	0	0	0	4
6762	2	0	0	0	0	0	0	1	0	0	0	0	3
6763	1	0	0	0	1	0	0	1	0	0	0	0	3
6764	3	0	0	0	0	0	0	0	0	0	0	0	3
6765	1	0	0	0	1	0	1	0	0	0	0	0	3
6766	1	0	0	0	1	0	1	1	0	0	0	0	4
6767	2	0	0	1	0	0	1	0	0	0	0	0	4
6768	0	0	0	0	1	0	0	0	0	0	0	0	1
6769	1	1	0	0	1	0	0	0	0	0	0	0	3
6770	1	0	0	0	1	0	0	0	0	0	0	0	2
6771	0	0	0	1	0	0	0	0	0	0	0	0	1
6772	4	0	0	0	0	0	0	0	0	0	0	0	4
6773	3	0	0	0	1	0	0	0	0	0	0	0	4
6774	1	0	0	0	0	0	0	0	0	0	0	0	1
6775	2	0	0	0	2	0	0	0	0	0	0	0	4
6776	4	0	0	0	0	0	0	1	0	0	0	0	5
6778	0	0	1	0	0	0	0	0	0	0	0	0	1
6779	2	0	0	0	0	0	0	0	0	0	0	0	2
6780	0	0	0	0	1	0	1	0	0	0	0	0	2
6781	1	0	0	0	1	0	0	2	0	0	0	0	4
6782	2	0	0	2	1	0	0	0	0	0	0	0	5
6783	1	0	0	0	0	0	0	0	0	0	0	0	1
6784	2	0	0	1	1	0	0	0	0	0	0	0	4
6785	1	0	0	0	1	0	0	0	0	0	0	0	2
6786	2	0	0	0	0	0	0	1	0	0	0	0	3
6787	1	0	0	0	0	0	0	0	0	0	0	0	1
6788	1	1	0	0	0	0	0	1	0	0	0	0	3
6789	0	0	0	0	3	0	0	0	0	0	0	0	3
6790	2	0	0	0	0	0	0	0	0	0	0	0	2
6791	1	0	0	0	0	0	0	0	0	0	0	0	1
6792	3	0	0	0	0	0	0	0	0	0	0	0	3
6793	3	0	0	0	0	0	0	0	0	0	0	0	3
6794	5	0	0	0	0	0	0	0	0	0	0	0	5
6795	3	0	0	0	1	0	0	0	0	0	0	0	4
6796	2	0	0	0	0	0	0	0	0	0	0	0	2
6797	2	0	0	0	1	0	0	0	0	0	0	0	3
6798	0	0	0	0	2	0	0	0	0	0	0	0	2
6799	2	0	0	0	2	0	0	0	0	0	0	0	4
6800	3	0	0	0	2	0	1	0	0	0	0	0	6
6802	3	0	0	0	1	2	0	0	1	0	0	0	7
6804	0	0	0	0	2	0	0	1	0	0	0	1	4
6805	1	0	0	0	0	2	0	0	0	0	0	0	3
6806	2	0	0	1	0	0	0	0	0	0	0	0	3
6807	2	0	0	0	0	0	0	3	0	0	0	0	5
6810	1	0	0	0	0	0	0	0	0	0	0	0	1
6811	2	0	0	0	0	0	0	0	0	0	0	0	2
6812	1	0	0	0	0	0	0	0	0	0	0	0	1
6813	1	0	0	1	0	0	0	0	0	0	0	0	2
6814	2	0	0	0	0	0	0	0	0	0	0	0	2
6815	0	0	0	0	0	0	0	1	0	0	0	0	1
6816	4	0	0	0	0	0	1	1	0	0	0	0	6
6817	4	0	0	0	1	0	0	0	0	0	0	0	5
6818	0	0	1	0	1	0	0	0	0	0	0	0	2
6819	4	0	0	0	0	0	0	0	0	0	0	0	4
6820	1	0	0	0	0	0	0	0	0	0	0	0	1
6821	1	0	0	0	0	0	0	0	0	0	0	0	1
6822	1	0	0	1	0	0	0	1	0	0	0	0	3
6823	1	0	0	0	1	0	0	1	0	0	0	0	3
6825	3	0	0	0	0	0	0	0	0	0	0	0	3
6826	2	0	0	0	0	0	0	0	0	0	0	0	2
6827	1	0	0	0	0	0	0	0	0	0	0	0	1
6828	2	0	0	0	0	0	0	0	0	0	0	0	2
6829	3	0	0	0	0	0	0	1	0	0	0	0	4
6830	1	0	0	0	0	0	0	0	0	0	0	0	1
6831	3	0	0	0	0	0	0	0	0	0	0	0	3
6832	3	0	0	0	1	0	0	0	0	0	0	0	4
6833	1	0	0	0	0	0	1	1	0	0	0	0	3
6834	3	0	0	0	0	0	0	0	1	0	0	0	4
6835	1	0	0	0	0	0	0	0	0	0	0	0	1
6836	5	0	0	0	0	0	0	0	0	0	0	0	5
6837	1	0	0	0	1	0	0	0	0	0	0	0	2
6838	1	0	0	1	1	0	0	0	0	0	0	0	3
6839	0	0	0	0	2	0	0	0	0	0	0	0	2
6840	1	0	0	0	1	0	0	0	0	0	0	0	2
6841	2	0	0	0	1	0	1	0	0	0	0	0	4
6842	2	0	0	0	0	0	0	1	0	0	0	0	3
6843	1	0	0	0	0	0	0	0	0	0	0	0	1
6844	1	0	0	0	1	0	0	1	0	0	0	0	3
6845	3	0	0	0	0	0	0	0	0	0	0	0	3
6846	1	0	0	0	1	0	0	0	0	0	0	0	2
6847	0	0	0	0	1	0	0	0	0	0	0	0	1
6848	0	0	0	0	1	0	0	1	0	0	0	0	2
6849	3	0	0	0	0	0	0	1	0	0	0	0	4
6850	1	0	0	0	3	0	0	0	0	0	0	0	4
6851	1	0	0	0	0	0	0	0	0	0	0	0	1
6852	2	0	0	0	0	0	0	1	0	0	0	0	3
6853	2	0	0	0	0	0	0	1	0	0	0	0	3
6855	0	0	0	0	0	0	0	0	1	0	0	0	1
6856	1	0	0	0	1	0	0	0	0	0	0	0	2
6857	1	0	0	0	0	0	0	0	0	0	0	0	1
6858	1	0	0	1	1	0	0	0	0	0	0	0	3
6859	1	0	0	0	0	0	0	0	0	0	0	0	1
6860	3	0	0	0	0	0	0	0	0	0	0	0	3
6861	3	0	0	0	0	0	0	0	0	0	0	0	3
6862	3	0	0	0	1	0	0	1	0	0	0	0	5
6863	2	0	0	0	0	0	0	0	0	0	0	0	2
6864	1	0	0	1	0	0	0	0	0	0	0	0	2
6865	2	0	0	0	0	0	0	1	0	0	0	0	3
6866	2	0	0	0	0	1	0	0	0	0	0	0	3
6867	1	0	0	0	0	0	1	0	0	0	0	0	2
6868	1	0	0	0	0	0	0	0	0	0	0	0	1
6869	2	0	0	0	0	0	0	0	0	0	0	0	2
6870	1	0	0	1	0	0	0	0	0	0	0	0	2
6872	1	0	0	0	0	0	0	0	0	0	0	0	1
6873	1	0	0	0	0	0	1	1	0	0	0	0	3
6874	2	0	0	0	0	0	0	0	0	0	0	0	2
6876	0	0	0	1	1	0	0	0	0	0	0	0	2
6877	2	0	0	0	1	0	1	0	0	0	0	0	4
6878	1	0	0	0	0	0	2	0	0	0	0	0	3
6879	1	0	0	0	1	0	1	1	1	0	0	0	5
6880	1	0	0	0	0	0	0	0	0	0	0	0	1
6881	0	1	1	0	0	0	0	0	0	0	0	0	2
6882	4	0	0	0	0	0	0	0	0	0	0	0	4
6883	0	0	0	0	0	0	0	1	0	0	0	0	1
6884	2	0	0	0	1	0	0	0	0	0	0	0	3
6885	5	0	0	0	0	0	0	0	0	0	0	0	5
6886	1	0	0	0	0	0	0	0	0	0	0	0	1
6887	1	0	0	0	0	0	0	0	0	0	0	0	1
6888	0	0	0	0	2	0	0	1	0	0	0	0	3
6889	3	0	0	0	0	0	0	0	0	0	0	0	3
6890	1	0	0	0	0	0	0	0	0	0	0	0	1
6891	1	0	2	0	0	0	0	0	0	0	0	0	3
6892	3	0	0	0	0	0	0	0	0	0	0	0	3
6893	4	0	0	0	0	0	0	1	0	0	0	0	5
6894	2	0	0	0	0	0	0	0	0	0	0	0	2
6895	1	0	0	0	1	0	0	1	0	0	0	0	3
6896	4	0	0	0	1	0	0	0	0	0	0	0	5
6897	1	0	0	2	1	0	0	0	0	0	0	0	4
6898	2	0	0	0	0	0	0	0	0	0	0	0	2
6899	2	0	0	0	0	0	0	0	0	0	0	0	2
6900	2	0	0	0	0	0	0	2	0	0	0	0	4
6901	4	0	0	0	0	0	0	0	1	0	0	0	5
6902	3	0	0	0	1	0	0	1	0	0	0	0	5
6903	2	0	0	0	3	0	0	0	0	0	0	0	5
6904	0	0	1	0	1	0	0	0	0	0	0	0	2
6905	1	0	0	0	1	0	0	1	0	0	0	0	3
6906	2	0	0	0	0	0	0	0	0	0	0	0	2
6907	0	0	0	0	1	0	0	0	0	0	0	0	1
6908	1	0	0	0	0	0	0	0	0	0	0	0	1
6909	2	0	0	0	1	0	0	0	0	0	0	0	3
6910	0	0	1	0	0	0	0	0	0	0	0	0	1
6911	1	0	0	0	1	0	0	0	0	0	0	0	2
6912	4	0	0	0	0	0	1	1	0	0	0	0	6
6913	4	0	0	0	0	0	1	0	0	0	0	0	5
6914	1	0	0	0	0	0	0	0	0	0	0	0	1
6915	2	0	0	0	1	0	0	1	0	0	0	0	4
6916	2	0	0	0	1	0	0	0	0	0	0	0	3
6917	2	0	0	0	0	0	0	0	0	0	0	0	2
6918	2	0	0	0	0	0	0	0	0	0	0	0	2
6919	1	0	0	0	0	0	0	1	0	0	0	0	2
6920	2	0	0	0	1	0	0	0	0	0	0	0	3
6921	0	0	0	0	1	0	0	0	0	0	0	0	1
6922	2	0	0	0	0	0	0	0	0	0	0	0	2
6923	0	0	0	1	1	0	0	0	0	0	0	0	2
6924	2	0	0	0	0	0	0	0	0	0	0	0	2
6925	1	0	0	0	2	0	0	0	0	0	0	0	3
6927	2	0	0	0	2	0	0	0	0	0	0	0	4
6928	2	0	0	0	3	0	0	0	0	0	0	0	5
6929	1	1	0	0	0	1	0	1	0	0	0	0	4
6932	1	0	1	0	0	0	0	0	0	0	0	0	2
6933	2	0	0	0	1	0	0	0	0	0	0	0	3
6934	0	0	1	0	0	0	0	0	0	0	0	0	1
6935	3	0	0	0	0	0	0	0	0	0	0	0	3
6936	1	0	0	0	2	0	0	0	0	0	0	0	3
6937	2	0	0	0	0	0	0	0	0	0	0	0	2
6938	1	0	0	0	1	0	0	0	0	0	0	0	2
6939	0	0	0	1	1	0	0	0	0	0	0	0	2
6940	1	0	0	0	2	0	0	0	0	0	0	0	3
6942	2	0	0	0	1	0	0	0	0	0	0	0	3
6943	2	0	0	0	0	0	0	1	0	0	0	0	3
6944	0	0	0	1	0	0	0	0	0	0	0	0	1
6945	1	0	0	1	1	0	0	0	1	1	0	0	5
6946	0	0	0	0	2	0	1	0	0	0	0	0	3
6947	1	0	0	0	0	0	0	1	0	0	0	0	2
6948	2	0	0	0	0	0	0	0	0	0	0	0	2
6949	2	0	0	0	0	0	0	0	0	0	0	0	2
6950	1	0	0	0	1	0	0	0	0	0	0	0	2
6951	3	0	0	0	0	0	0	0	0	0	0	0	3
6952	0	0	0	0	3	0	0	0	0	0	0	0	3
6954	1	0	0	1	1	0	0	1	0	0	0	0	4
6955	2	0	0	0	1	0	0	0	0	0	0	0	3
6956	1	0	0	0	0	1	1	0	0	0	0	0	3
6957	1	0	0	0	0	0	0	0	0	0	0	0	1
6958	3	0	0	0	0	0	0	0	0	0	0	0	3
6959	2	0	0	0	0	0	0	0	0	0	0	0	2
6960	2	0	0	0	0	0	0	0	0	0	0	0	2
6961	1	0	0	0	0	0	0	0	0	0	0	0	1
6962	1	0	0	0	0	0	0	0	0	0	0	0	1
6963	3	0	0	0	1	0	0	0	0	0	0	0	4
6964	0	0	0	0	1	0	0	0	0	0	0	0	1
6965	1	0	0	0	0	0	0	0	0	0	0	0	1
6966	3	0	0	0	0	0	0	0	0	0	0	0	3
6967	0	0	0	0	0	0	0	1	0	0	0	0	1
6968	1	0	0	0	0	0	0	1	0	0	0	0	2
6969	1	0	0	0	1	1	0	0	0	0	0	0	3
6970	2	0	0	0	0	1	0	0	0	0	0	0	3
6971	2	0	0	0	0	0	0	0	0	0	0	0	2
6972	0	0	0	0	1	0	0	1	0	0	0	0	2
6973	3	0	0	0	0	0	1	0	0	0	0	0	4
6975	1	0	0	0	1	0	0	0	0	0	0	0	2
6976	2	0	0	0	1	0	0	0	0	0	0	0	3
6977	2	0	0	0	0	0	1	1	0	0	0	0	4
6978	1	0	0	0	0	0	0	1	0	0	0	0	2
6979	1	0	0	0	1	0	0	0	0	0	0	0	2
6980	0	0	0	0	2	0	0	0	0	0	0	0	2
6981	0	0	0	0	4	0	0	0	0	0	0	0	4
6982	2	0	0	0	0	0	0	0	0	0	0	0	2
6983	2	0	0	0	2	0	0	0	0	0	0	0	4
6984	1	0	0	0	1	0	0	0	0	0	0	0	2
6985	0	1	0	0	0	0	0	0	0	0	0	0	1
6986	2	0	0	0	1	0	0	1	0	0	0	0	4
6987	2	0	0	1	0	0	0	0	0	0	0	0	3
6988	2	0	0	1	0	0	0	0	0	0	0	0	3
6989	1	0	0	0	0	0	0	0	0	0	0	0	1
6990	2	0	0	0	1	0	0	1	0	0	0	0	4
6991	2	0	0	0	0	0	0	1	0	0	0	0	3
6992	2	0	0	2	0	0	0	0	0	0	0	0	4
6993	1	0	0	1	3	0	0	0	0	0	0	0	5
6994	0	0	0	0	3	0	0	0	0	0	0	0	3
6995	3	0	0	0	0	0	0	0	0	0	0	0	3
6996	1	0	1	0	0	0	0	0	0	0	0	0	2
6997	2	0	0	1	0	0	1	1	0	0	0	0	5
6998	3	0	0	0	0	1	0	0	0	0	0	0	4
6999	0	0	0	0	1	0	0	0	0	0	0	0	1
7001	1	0	0	0	2	0	0	0	1	0	0	0	4
7002	0	0	0	0	1	0	0	0	0	0	0	0	1
7003	1	0	0	0	1	0	0	1	0	0	0	0	3
7004	3	0	0	0	0	0	0	0	0	0	0	0	3
7006	2	0	0	0	0	0	0	0	0	0	0	0	2
7007	0	0	0	0	0	2	0	0	0	0	0	0	2
7008	2	0	0	1	1	0	0	0	0	1	0	0	5
7009	1	0	0	0	0	0	0	0	0	0	0	0	1
7010	1	0	0	1	0	0	0	0	0	0	0	0	2
7011	3	0	0	0	1	0	0	0	0	0	0	0	4
7012	1	0	0	0	0	0	0	0	0	0	0	0	1
7013	1	0	1	0	0	0	0	0	0	0	0	0	2
7014	2	0	0	0	0	0	0	0	0	0	0	0	2
7015	0	0	1	0	0	0	0	0	0	0	0	0	1
7016	2	0	0	0	0	0	0	0	0	0	0	0	2
7017	0	0	1	0	1	1	0	0	0	0	0	0	3
7018	1	0	0	0	4	0	1	0	0	0	0	0	6
7020	1	0	0	0	0	0	0	0	0	0	0	0	1
7021	2	0	0	0	0	0	0	0	0	0	0	0	2
7022	0	0	0	1	0	1	1	0	0	0	0	0	3
7023	2	0	0	1	0	0	0	0	0	0	0	0	3
7024	1	0	0	0	0	0	0	0	0	0	0	0	1
7025	1	0	0	0	1	0	0	0	0	0	0	0	2
7026	0	0	0	0	1	0	0	0	0	0	0	0	1
7027	0	0	0	0	1	0	0	1	0	0	0	0	2
7028	1	0	0	1	0	0	1	0	0	0	0	0	3
7029	2	0	0	0	1	0	0	1	0	0	0	0	4
7030	2	0	0	0	0	0	0	0	0	0	0	0	2
7031	3	0	0	1	0	0	0	0	0	0	0	0	4
7032	3	0	0	0	1	2	0	0	0	0	0	0	6
7033	3	0	0	0	0	0	1	0	0	0	0	0	4
7034	1	0	0	0	2	0	0	0	0	0	0	0	3
7035	0	0	1	1	1	0	0	0	0	0	0	0	3
7036	1	0	0	0	0	0	0	0	0	0	0	0	1
7037	2	0	0	0	0	0	0	1	0	0	0	0	3
7039	1	0	0	1	0	0	0	0	0	0	0	0	2
7041	0	0	0	0	0	0	0	1	0	0	0	0	1
7042	0	0	0	1	0	0	0	0	0	0	0	0	1
7043	2	0	0	0	0	0	0	0	0	0	0	0	2
7044	2	0	0	0	1	0	1	0	0	0	0	0	4
7045	3	0	0	0	0	0	0	0	0	0	0	0	3
7046	3	0	0	0	0	0	0	0	0	0	0	0	3
7047	1	0	0	0	0	0	0	0	1	0	0	0	2
7048	0	0	0	0	1	0	0	0	0	0	0	0	1
7049	2	0	0	1	0	0	0	0	0	0	0	0	3
7050	3	0	0	0	2	0	0	1	0	0	0	0	6
7051	1	0	0	0	2	0	0	1	0	0	0	0	4
7052	2	0	0	0	0	0	0	0	0	0	0	0	2
7053	3	0	0	0	0	0	0	0	1	0	0	0	4
7055	2	0	0	1	1	0	0	0	0	0	0	0	4
7056	2	0	0	0	0	0	0	0	0	0	0	0	2
7057	1	0	0	0	0	0	0	0	0	0	0	0	1
7058	0	0	0	0	0	1	0	0	0	0	0	0	1
7061	2	0	0	0	1	0	0	1	0	0	0	0	4
7063	0	0	0	1	0	0	0	0	0	0	0	0	1
7064	2	0	0	0	0	0	0	0	0	0	0	0	2
7065	2	0	0	1	0	0	0	0	0	0	0	0	3
7066	3	0	0	0	0	0	0	0	0	0	0	0	3
7067	2	0	0	0	2	0	0	0	0	0	0	0	4
7068	3	0	0	0	0	0	0	0	0	0	0	0	3
7069	2	0	0	0	0	0	1	0	0	1	0	0	4
7070	0	0	0	0	1	0	0	0	0	0	0	0	1
7071	2	0	0	0	0	0	0	1	0	0	0	0	3
7072	1	0	0	0	1	0	0	0	0	0	0	0	2
7073	1	0	0	0	0	0	0	1	0	0	0	0	2
7074	1	0	0	0	0	0	0	0	0	0	0	0	1
7075	2	1	0	0	0	0	0	0	0	0	0	0	3
7076	5	0	0	0	1	0	0	0	0	0	0	0	6
7077	1	0	0	0	0	0	0	0	0	0	0	0	1
7079	1	0	0	1	0	0	0	0	0	0	0	0	2
7081	0	0	0	1	1	0	1	0	0	0	0	0	3
7082	2	0	0	0	2	0	0	0	0	0	0	0	4
7084	2	0	0	0	0	0	0	0	0	0	0	0	2
7085	2	0	0	0	0	0	0	0	0	0	0	0	2
7086	4	0	0	0	0	0	0	0	0	0	0	0	4
7087	1	0	0	0	2	0	0	0	0	0	0	0	3
7088	1	0	0	1	3	0	1	0	0	0	0	0	6
7089	0	0	0	0	0	0	1	0	0	0	0	0	1
7090	0	0	0	2	0	0	0	0	0	0	0	0	2
7091	1	0	0	1	0	1	0	1	0	0	0	0	4
7092	1	0	0	0	1	0	0	0	0	0	0	0	2
7093	1	0	0	0	1	0	0	0	0	0	0	0	2
7095	2	0	0	0	0	0	0	1	0	0	0	0	3
7097	2	0	0	0	0	0	0	0	0	0	0	0	2
7098	1	0	0	0	1	0	0	0	0	0	0	0	2
7100	2	0	1	0	0	0	0	0	0	0	0	0	3
7101	2	0	0	0	0	0	1	0	0	0	0	0	3
7102	1	0	0	0	1	0	0	1	0	0	0	0	3
7105	3	0	0	0	1	0	1	0	0	0	0	0	5
7106	1	0	0	0	1	0	0	0	0	0	0	0	2
7107	3	0	0	0	0	0	0	1	0	0	0	0	4
7108	2	0	0	0	0	0	0	0	0	0	0	0	2
7109	1	0	0	0	0	0	0	1	0	0	0	0	2
7110	2	0	0	1	1	0	0	0	0	0	0	0	4
7111	1	0	0	0	0	0	0	1	0	0	0	0	2
7112	2	0	0	0	0	0	0	1	0	0	0	0	3
7113	3	0	0	0	1	0	0	1	0	0	0	0	5
7114	1	0	0	1	0	0	0	0	0	0	0	0	2
7115	2	0	0	0	0	0	0	0	0	0	0	0	2
7116	4	0	0	0	0	0	0	0	0	0	0	0	4
7117	1	0	0	0	0	0	0	2	0	0	0	0	3
7118	2	0	0	1	0	0	0	0	0	0	0	0	3
7119	1	0	1	0	0	0	1	1	0	0	0	0	4
7120	1	0	0	0	0	0	0	0	0	0	0	0	1
7121	1	0	0	0	0	0	1	0	0	0	0	0	2
7122	1	0	0	0	0	0	1	1	0	0	0	0	3
7124	1	0	0	0	0	0	0	0	0	0	0	0	1
7125	3	0	0	0	0	0	0	1	0	0	0	0	4
7126	3	0	0	0	1	0	0	0	0	0	0	0	4
7127	0	1	1	0	0	0	0	0	0	0	0	0	2
7128	0	0	0	1	1	0	0	0	0	0	0	0	2
7129	2	0	0	0	0	0	0	1	0	0	0	0	3
7131	0	1	0	0	0	0	0	0	0	0	0	0	1
7132	2	0	0	0	1	0	0	0	0	0	0	0	3
7133	1	0	1	0	1	0	0	0	0	0	0	0	3
7136	4	0	0	0	0	0	0	0	0	0	0	0	4
7138	1	0	0	0	2	0	0	0	0	0	0	0	3
7139	3	0	0	0	0	0	0	0	0	0	0	0	3
7140	1	0	0	0	0	0	0	0	0	0	0	0	1
7141	3	0	0	0	2	0	0	0	0	0	0	0	5
7142	0	0	1	1	0	0	0	0	0	0	0	0	2
7143	2	0	0	0	0	0	0	0	0	0	0	0	2
7144	4	0	0	0	0	0	0	0	0	0	0	0	4
7145	2	0	0	0	0	0	0	0	0	0	0	0	2
7146	2	0	0	0	0	0	0	0	0	0	0	0	2
7147	1	0	0	0	0	0	0	0	0	0	0	0	1
7148	2	0	0	1	1	0	0	0	0	0	0	0	4
7149	3	0	0	0	0	0	0	0	1	0	0	0	4
7150	1	0	0	0	0	0	0	0	0	0	0	0	1
7151	3	0	0	0	0	0	0	2	0	1	0	0	6
7152	1	0	1	0	3	0	0	0	0	0	0	0	5
7153	1	0	0	0	1	0	0	0	0	0	0	0	2
7154	1	0	0	0	1	0	0	0	0	0	0	0	2
7155	1	0	0	0	2	0	0	0	0	0	0	0	3
7156	0	0	0	0	0	2	0	0	0	0	0	0	2
7158	2	0	0	0	0	0	0	0	0	0	0	0	2
7159	3	0	0	0	0	0	0	0	0	0	0	0	3
7160	2	0	0	0	0	0	0	0	0	0	0	0	2
7162	2	0	0	0	0	0	0	0	1	0	0	0	3
7163	1	0	0	0	0	0	0	0	0	0	0	0	1
7164	2	0	0	0	0	0	0	0	0	0	0	0	2
7165	1	0	0	0	0	0	0	0	0	0	0	0	1
7166	2	0	0	0	0	0	0	0	0	0	0	0	2
7167	3	0	0	0	0	0	0	0	0	0	0	0	3
7168	1	0	0	0	1	0	0	0	0	0	0	0	2
7169	2	0	0	0	0	0	0	0	0	0	0	0	2
7170	3	0	0	0	0	0	0	0	0	0	0	0	3
7171	1	0	0	0	0	0	0	0	0	0	0	0	1
7172	1	0	0	0	0	0	1	1	0	0	0	0	3
7173	1	0	0	1	0	0	0	0	0	0	0	0	2
7174	4	0	0	0	0	0	0	0	0	0	0	0	4
7175	1	0	1	0	0	0	0	0	0	0	0	0	2
7176	1	0	0	0	1	1	0	0	0	0	0	0	3
7177	1	0	0	0	0	0	0	0	0	0	0	0	1
7178	1	0	0	1	0	0	0	0	0	0	0	0	2
7179	3	0	0	0	0	0	0	0	1	0	0	0	4
7180	1	0	0	0	1	0	0	0	0	0	0	0	2
7181	3	0	0	0	0	0	0	0	0	0	0	0	3
7182	0	0	1	0	0	0	0	0	0	0	0	0	1
7183	2	0	0	1	0	0	0	2	0	0	0	0	5
7184	0	0	1	0	1	1	0	0	0	0	0	0	3
7185	1	1	1	0	1	0	0	0	0	0	0	0	4
7186	1	0	0	0	0	0	0	0	0	0	0	0	1
7187	1	0	0	0	0	0	1	0	0	0	0	0	2
7188	1	0	0	1	0	0	0	0	0	0	0	0	2
7189	4	0	0	0	0	0	0	0	0	0	0	0	4
7190	3	1	0	1	1	0	0	1	0	0	0	0	7
7191	3	0	0	0	0	0	0	2	0	0	0	0	5
7192	2	0	0	0	0	0	0	0	1	0	0	0	3
7193	1	0	0	0	2	0	0	0	0	0	0	0	3
7194	1	0	0	1	0	0	0	0	0	0	0	0	2
7195	1	0	0	0	0	0	0	0	0	0	0	0	1
7196	1	0	0	0	0	0	0	0	0	0	0	0	1
7197	3	0	0	0	3	0	0	0	0	0	0	0	6
7198	2	0	0	0	0	0	1	0	0	0	0	0	3
7199	2	0	0	0	1	0	1	0	0	0	0	1	5
7200	0	0	1	0	0	0	0	0	0	0	0	0	1
7201	1	0	0	0	1	0	0	0	0	0	0	0	2
7202	2	0	0	0	0	0	0	0	0	0	0	0	2
7203	3	2	0	1	2	0	0	0	0	0	0	0	8
7204	2	0	0	0	0	0	0	1	0	0	0	0	3
7205	4	0	0	0	0	0	0	2	0	0	0	0	6
7206	2	0	0	0	0	0	0	0	0	0	0	0	2
7207	1	0	0	0	0	0	0	0	0	0	0	0	1
7209	1	0	0	0	0	0	0	0	0	0	0	0	1
7210	3	0	0	0	0	0	1	0	0	0	0	0	4
7211	1	0	0	0	0	0	0	0	0	0	0	0	1
7212	1	0	0	0	0	0	0	0	0	0	0	0	1
7213	2	0	0	0	2	0	0	0	0	0	0	0	4
7214	2	0	0	0	0	0	0	0	0	0	0	0	2
7215	1	0	0	0	2	0	0	0	0	0	0	0	3
7216	3	0	0	0	0	0	0	2	0	0	0	0	5
7217	3	0	0	0	0	0	0	0	0	0	0	0	3
7218	3	0	0	0	0	0	0	0	0	0	0	0	3
7219	1	0	0	0	3	0	0	0	0	0	0	0	4
7220	3	0	0	1	0	0	0	0	0	0	0	0	4
7221	2	0	0	0	0	0	0	0	0	0	0	0	2
7222	3	0	0	0	0	0	0	0	0	0	0	0	3
7223	1	0	0	1	1	0	0	0	0	0	0	0	3
7224	0	0	0	1	2	0	0	0	0	0	0	0	3
7225	2	0	1	0	0	0	0	1	1	0	0	0	5
7226	1	0	0	0	0	0	0	1	0	0	0	0	2
7227	0	0	0	1	0	0	0	0	0	0	0	0	1
7228	6	0	0	0	0	0	1	0	0	0	0	0	7
7229	2	0	0	0	1	0	0	0	0	0	0	0	3
7230	1	0	0	0	1	0	0	0	0	0	0	0	2
7231	3	0	0	0	0	0	0	0	0	0	0	0	3
7232	2	0	0	0	0	0	0	0	0	0	0	0	2
7233	4	0	0	0	0	0	0	0	0	0	0	0	4
7234	1	0	0	0	0	0	0	0	0	0	0	0	1
7235	2	0	0	0	0	0	0	0	0	0	0	0	2
7236	2	0	0	0	2	0	1	0	1	0	0	0	6
7237	0	0	0	1	0	0	0	0	0	0	0	0	1
7238	1	0	0	0	1	1	0	0	0	0	0	0	3
7239	3	0	0	2	0	0	1	0	0	0	0	0	6
7240	0	0	0	0	1	0	0	0	0	0	0	0	1
7241	3	0	0	0	0	0	0	0	0	0	0	0	3
7243	3	0	0	0	0	0	0	0	0	0	0	0	3
7245	3	0	0	0	0	0	1	0	1	0	0	0	5
7246	1	0	0	1	0	0	0	0	0	0	0	0	2
7247	1	0	0	0	0	0	1	0	0	0	0	0	2
7248	2	0	0	0	0	1	0	0	0	0	0	0	3
7249	4	0	0	0	0	1	0	0	1	0	0	0	6
7250	1	0	0	0	0	0	0	2	0	0	0	0	3
7251	3	0	0	0	1	0	0	0	0	0	0	0	4
7252	3	0	0	0	0	0	0	0	0	0	0	0	3
7254	0	0	0	0	2	0	0	0	0	0	0	0	2
7255	1	0	0	0	3	0	0	1	0	0	0	0	5
7256	2	0	0	0	0	0	0	0	0	0	0	0	2
7257	3	0	0	0	0	0	0	0	0	0	0	0	3
7258	2	0	0	0	1	0	0	0	0	0	0	0	3
7259	1	0	1	0	0	0	0	1	0	0	0	0	3
7260	2	0	0	0	1	0	0	0	0	0	0	0	3
7261	2	0	0	0	0	0	0	0	0	0	0	0	2
7262	0	0	0	0	1	0	0	2	0	0	0	0	3
7263	1	0	0	0	0	0	0	0	0	0	0	0	1
7264	3	0	0	0	0	0	0	0	0	1	0	0	4
7265	2	0	0	0	0	0	1	0	0	0	0	0	3
7266	0	1	0	1	0	0	0	0	0	0	0	0	2
7267	1	2	0	0	0	0	0	0	0	0	0	0	3
7268	1	0	0	0	0	0	0	0	0	0	0	0	1
7269	2	0	0	2	0	0	0	0	0	0	0	0	4
7270	1	0	0	0	1	0	0	0	0	0	0	0	2
7271	1	0	1	0	0	0	0	2	0	0	0	0	4
7272	3	0	0	0	0	0	0	1	0	0	0	0	4
7273	1	0	0	0	0	0	0	0	0	0	0	0	1
7274	2	0	0	0	0	0	0	1	0	0	0	0	3
7275	1	0	0	0	0	0	0	0	0	0	0	0	1
7276	2	0	0	0	0	0	1	0	2	0	0	0	5
7277	1	0	0	0	1	0	0	0	0	0	0	0	2
7278	1	0	0	1	0	0	0	0	0	0	0	0	2
7279	2	0	0	0	0	0	0	1	0	0	0	0	3
7280	1	0	0	0	0	0	0	0	0	0	0	0	1
7281	0	0	1	0	0	0	1	0	0	0	0	0	2
7282	4	0	0	0	0	0	0	0	0	0	0	0	4
7283	5	0	0	0	0	0	0	0	0	0	0	0	5
7287	1	0	0	0	0	0	0	0	0	1	0	0	2
7288	2	0	0	0	0	0	0	0	0	0	0	0	2
7289	3	0	0	0	0	0	0	0	0	0	0	0	3
7291	1	0	0	1	0	0	0	1	0	0	0	0	3
7292	3	0	0	0	0	0	1	0	0	0	0	0	4
7293	2	0	1	0	1	0	0	0	0	0	0	0	4
7294	1	0	0	0	3	0	0	0	0	0	0	0	4
7295	3	0	0	1	0	0	0	0	0	0	0	0	4
7296	3	0	0	0	0	0	0	0	0	0	0	0	3
7297	2	0	0	0	0	0	0	0	0	0	0	0	2
7298	2	0	0	0	1	0	0	0	0	0	0	0	3
7299	1	0	0	0	2	0	0	0	0	0	0	0	3
7300	0	0	2	0	0	0	0	0	0	0	0	0	2
7301	2	0	0	0	0	0	0	0	0	0	0	0	2
7302	1	0	0	0	0	0	0	0	0	0	0	0	1
7303	1	0	0	0	0	0	0	0	0	0	0	0	1
7304	1	0	0	0	0	0	0	0	0	0	0	0	1
7305	2	0	0	0	1	1	0	0	0	0	0	0	4
7306	0	0	0	0	1	0	0	0	0	0	0	0	1
7307	3	0	0	0	0	0	0	0	0	0	0	0	3
7308	0	0	1	0	0	0	0	0	0	0	0	0	1
7309	1	0	0	0	1	0	0	0	0	0	0	0	2
7310	2	0	0	0	0	0	0	0	0	0	0	0	2
7311	2	0	0	0	1	0	0	0	0	0	0	0	3
7312	1	0	0	0	0	0	0	1	0	0	0	0	2
7313	1	0	0	0	0	0	0	0	0	0	0	0	1
7314	1	0	0	0	0	0	0	0	0	0	0	0	1
7315	2	0	0	0	0	0	0	0	0	0	0	0	2
7316	3	0	0	1	0	0	0	1	0	0	0	0	5
7317	3	0	0	0	1	0	0	0	0	0	0	0	4
7318	1	0	0	0	0	0	0	0	0	0	0	0	1
7319	0	0	3	0	1	0	0	0	0	0	0	0	4
7321	0	0	0	0	1	0	0	0	0	0	0	0	1
7323	0	1	1	0	0	0	0	0	0	0	0	0	2
7324	1	0	0	0	0	0	0	0	0	0	0	0	1
7325	2	0	0	0	0	0	0	1	0	0	0	0	3
7326	0	0	0	1	1	0	0	0	0	0	0	0	2
7327	1	0	1	0	0	0	0	0	0	0	0	0	2
7328	2	0	0	0	0	0	0	0	0	0	0	0	2
7329	3	0	0	0	0	2	0	0	0	0	0	0	5
7330	1	0	0	0	0	0	0	0	0	0	0	0	1
7331	1	0	0	0	0	0	0	0	0	0	0	0	1
7332	2	0	0	0	2	0	1	0	0	0	0	0	5
7333	0	0	0	0	1	0	0	0	0	0	0	0	1
7334	2	0	0	0	0	0	0	0	0	0	0	0	2
7335	5	0	0	0	0	0	0	0	0	0	0	0	5
7336	1	0	0	0	1	0	0	0	0	0	0	0	2
7338	0	0	0	1	0	1	0	0	0	0	0	0	2
7339	3	0	0	0	0	1	2	0	0	0	0	0	6
7340	0	0	2	0	0	1	0	0	0	0	0	0	3
7341	1	0	0	0	0	0	0	0	0	0	0	0	1
7342	0	0	0	0	1	0	0	0	0	0	0	0	1
7343	1	0	1	1	1	0	0	0	0	0	0	0	4
7344	0	0	1	0	0	1	0	0	0	0	0	0	2
7345	2	0	0	1	2	0	0	1	0	0	0	0	6
7346	2	0	0	1	0	0	1	0	0	0	0	0	4
7347	1	0	0	1	0	0	0	0	0	0	0	0	2
7348	2	1	0	0	0	0	0	0	0	0	0	0	3
7349	0	1	0	0	0	0	0	0	0	0	0	0	1
7350	1	0	0	1	0	0	0	0	0	0	0	0	2
7351	1	0	0	0	0	0	0	0	0	0	0	0	1
7352	0	0	0	0	1	0	1	0	1	0	0	0	3
7353	0	0	0	1	0	0	1	0	0	0	0	0	2
7354	5	1	0	0	0	0	1	1	0	0	0	0	8
7355	2	0	0	0	1	0	0	1	0	0	0	0	4
7356	2	0	0	1	0	0	0	0	0	0	0	0	3
7357	2	0	0	1	0	0	0	0	0	0	0	0	3
7358	2	0	0	0	0	0	0	1	0	0	0	0	3
7359	1	0	0	0	1	0	0	0	0	0	0	0	2
7360	3	0	0	0	1	0	0	0	0	0	0	0	4
7361	4	0	0	0	0	0	1	0	0	0	0	0	5
7362	1	0	0	0	0	0	0	1	0	0	0	0	2
7363	2	0	0	0	1	0	0	1	0	0	0	0	4
7364	1	0	0	0	3	0	0	1	0	0	0	0	5
7365	0	0	0	1	1	0	0	0	0	0	0	0	2
7366	1	0	0	1	1	0	0	0	0	0	0	0	3
7367	2	0	0	0	0	0	0	0	0	0	0	0	2
7368	2	0	0	0	0	0	0	0	0	0	0	0	2
7369	0	0	1	0	1	0	0	0	0	0	0	0	2
7370	2	0	0	0	0	0	0	0	0	0	0	0	2
7373	2	0	0	1	0	0	0	1	0	0	0	0	4
7374	3	0	0	1	0	0	0	0	0	0	0	0	4
7376	2	0	0	0	0	0	0	1	0	0	0	0	3
7377	3	0	0	0	1	0	0	0	0	0	0	0	4
7378	3	0	0	0	0	0	0	0	0	0	0	0	3
7379	1	0	0	0	0	0	0	0	0	0	0	0	1
7380	0	0	0	0	2	0	0	0	0	0	0	0	2
7385	1	0	0	0	0	0	0	0	0	0	0	0	1
7386	0	0	0	0	1	0	0	0	0	0	0	0	1
7387	4	0	0	0	0	0	0	0	0	0	0	0	4
7388	1	0	1	0	0	0	0	0	0	0	0	0	2
7389	1	0	0	0	2	0	0	0	0	0	0	0	3
7392	0	0	0	0	0	0	0	1	0	0	0	0	1
7393	2	0	0	0	2	0	0	0	0	0	0	0	4
7394	3	0	0	0	3	0	0	0	0	0	0	0	6
7395	2	0	0	0	0	0	0	0	0	0	0	0	2
7396	1	0	0	0	0	0	0	0	0	0	0	0	1
7397	4	0	0	0	0	0	0	2	1	0	0	0	7
7398	2	0	0	0	1	0	0	0	0	0	0	0	3
7399	2	0	0	0	0	0	0	0	0	0	0	0	2
7400	2	0	0	0	0	0	0	0	0	0	0	0	2
7401	2	0	0	0	0	0	0	1	0	0	0	0	3
7402	0	0	0	0	0	0	0	0	1	0	0	0	1
7403	0	0	3	0	0	1	1	0	0	0	0	0	5
7404	1	0	0	0	1	0	0	0	0	0	0	0	2
7405	1	0	0	0	0	0	0	0	0	0	0	0	1
7406	2	0	0	0	0	0	0	1	0	0	0	0	3
7407	2	0	0	0	0	0	0	0	0	0	0	0	2
7408	3	0	0	0	0	0	0	0	0	0	0	0	3
7409	2	0	1	0	0	0	0	1	0	0	0	0	4
7410	1	0	1	1	0	0	0	0	0	0	0	0	3
7411	2	1	0	0	0	0	0	0	0	0	0	0	3
7412	0	1	0	2	0	0	0	0	0	0	0	0	3
7413	0	1	0	0	0	0	0	0	0	0	0	0	1
7415	0	0	2	0	0	0	0	0	0	0	0	0	2
7416	1	0	0	0	0	0	0	1	0	0	0	0	2
7417	1	0	0	0	0	0	0	0	0	0	0	0	1
7418	1	0	0	1	1	0	0	0	0	0	0	0	3
7419	0	0	0	1	0	0	0	0	0	0	0	0	1
7420	0	0	0	1	1	0	0	0	0	0	0	0	2
7421	0	0	0	1	0	0	0	0	0	0	0	0	1
7422	1	1	0	0	1	0	0	0	0	0	0	0	3
7423	1	0	0	0	0	0	0	0	0	0	0	0	1
7424	4	0	0	0	0	0	0	0	0	0	0	0	4
7425	0	0	0	0	1	0	0	0	0	0	0	0	1
7426	1	0	0	0	0	0	0	0	0	0	0	0	1
7427	2	0	1	0	0	0	0	0	0	0	0	0	3
7428	1	0	1	0	0	0	0	0	0	0	0	0	2
7429	1	0	0	0	0	0	0	0	0	0	0	0	1
7430	1	0	0	0	1	0	0	1	0	0	0	0	3
7431	0	0	0	1	1	0	0	0	0	0	0	0	2
7432	1	0	0	0	0	0	0	0	0	0	0	0	1
7433	2	0	0	0	0	0	0	0	0	0	0	0	2
7434	0	0	0	1	0	0	0	0	0	0	0	0	1
7435	1	0	0	0	0	0	0	0	0	0	0	0	1
7436	3	0	0	0	0	0	0	0	0	0	0	0	3
7437	1	0	0	0	0	1	0	0	0	0	0	0	2
7438	0	0	1	0	0	0	0	0	0	0	0	0	1
7439	2	0	0	0	2	0	0	0	0	0	0	0	4
7440	3	0	0	0	0	0	0	0	0	0	0	0	3
7441	3	0	0	0	0	0	0	0	0	0	0	0	3
7442	2	0	0	0	1	1	0	0	0	0	0	0	4
7443	0	0	0	0	2	0	0	0	0	0	0	0	2
7445	2	0	0	0	2	0	0	0	0	0	0	0	4
7446	2	0	0	0	0	0	0	0	0	0	0	0	2
7447	3	0	0	0	0	0	0	0	0	0	0	0	3
7448	1	0	0	0	0	0	0	1	0	0	0	0	2
7450	1	2	0	1	0	0	0	0	0	0	0	0	4
7451	2	0	0	0	0	0	0	0	0	0	0	0	2
7453	0	0	1	0	0	0	0	0	0	0	0	0	1
7454	2	0	0	0	1	0	0	0	0	0	0	0	3
7455	1	0	0	0	0	0	0	0	0	0	0	0	1
7456	1	0	0	0	0	0	0	0	0	0	0	0	1
7457	3	0	0	0	0	0	0	0	0	0	0	0	3
7458	1	0	1	0	1	0	0	0	0	0	0	0	3
7459	2	0	0	1	0	2	0	0	0	0	0	0	5
7460	2	0	0	1	0	0	0	0	0	0	0	0	3
7461	1	0	0	0	1	0	0	0	0	0	0	0	2
7462	2	0	0	0	0	0	0	0	0	0	0	0	2
7463	4	0	0	0	0	0	0	1	0	0	0	0	5
7464	2	0	0	1	0	0	0	0	0	0	0	0	3
7465	1	0	0	0	0	0	0	0	0	0	0	0	1
7466	1	0	0	0	0	0	0	0	0	0	0	0	1
7467	2	0	0	0	0	0	0	0	0	0	0	0	2
7468	3	1	0	0	0	0	0	0	0	0	0	0	4
7470	1	0	0	0	0	0	0	0	0	0	0	0	1
7471	1	0	0	0	0	0	0	0	0	0	0	0	1
7472	0	0	0	1	0	0	0	0	0	0	0	0	1
7473	2	0	0	0	0	0	0	0	0	0	0	0	2
7474	4	0	0	0	0	0	0	0	0	0	0	0	4
7475	0	0	0	1	0	0	0	0	0	0	0	0	1
7476	1	0	0	0	0	0	0	0	0	0	0	0	1
7477	1	0	0	0	0	0	0	0	0	0	0	0	1
7478	0	1	0	0	1	0	0	0	0	0	0	0	2
7479	3	0	0	0	0	0	1	0	1	0	0	0	5
7480	0	0	0	1	0	0	0	0	0	0	0	0	1
7481	1	0	0	0	0	0	0	0	0	0	0	0	1
7482	1	0	1	0	1	0	0	0	0	0	0	0	3
7483	0	0	2	0	0	0	0	0	0	1	0	0	3
7484	1	0	0	0	1	0	0	0	0	0	0	0	2
7485	0	0	0	0	1	1	0	0	0	0	0	0	2
7486	2	0	0	1	0	0	0	0	0	0	0	0	3
7487	4	0	0	0	0	0	0	0	0	0	0	0	4
7488	0	1	0	0	0	0	0	0	0	0	0	0	1
7489	2	0	0	0	1	0	0	0	0	0	0	0	3
7490	2	0	0	0	0	0	1	0	0	0	0	0	3
7491	2	0	0	1	0	0	0	2	0	0	0	0	5
7492	2	0	0	0	0	0	0	0	0	0	0	0	2
7493	1	0	0	0	1	0	0	1	1	0	0	0	4
7494	1	0	0	0	0	0	0	0	0	0	0	0	1
7496	3	0	0	0	0	0	0	0	0	0	0	0	3
7497	3	0	0	1	0	0	0	0	0	0	0	0	4
7498	1	0	0	0	0	1	0	0	0	0	0	0	2
7499	3	0	0	1	0	0	0	1	0	0	0	0	5
7500	1	0	0	0	0	0	0	0	0	0	0	0	1
7501	2	0	0	0	0	1	0	0	1	0	0	0	4
7502	1	0	1	0	1	0	0	0	0	0	0	0	3
7503	2	0	0	0	1	0	0	0	0	0	0	0	3
7504	0	0	0	0	1	1	0	0	0	0	0	0	2
7505	0	0	0	1	0	0	0	0	0	0	0	0	1
7506	2	0	0	0	0	0	1	0	0	0	0	0	3
7507	2	0	0	0	0	1	0	0	0	0	0	0	3
7508	0	0	0	0	2	0	0	0	0	0	0	0	2
7509	3	0	0	0	0	0	0	1	0	0	0	0	4
7510	4	0	0	0	1	0	0	0	0	0	0	0	5
7512	1	0	0	0	1	0	0	0	0	0	0	0	2
7513	2	0	0	0	0	0	0	0	0	0	0	0	2
7514	0	1	1	0	1	0	0	0	0	0	0	0	3
7515	2	0	1	0	0	0	0	0	0	0	0	0	3
7516	2	0	0	0	0	0	0	1	0	0	0	0	3
7518	1	0	0	1	1	0	0	0	0	0	0	0	3
7519	0	0	0	0	1	0	0	0	0	0	0	0	1
7520	1	0	0	0	0	0	0	0	0	0	0	0	1
7521	2	0	0	0	0	0	0	0	0	0	0	0	2
7522	1	0	0	1	0	1	0	0	0	0	0	0	3
7523	1	0	0	1	2	0	0	0	0	0	0	0	4
7524	1	0	1	0	0	0	0	0	0	0	0	0	2
7525	0	0	0	0	1	0	0	0	0	0	0	0	1
7526	1	0	0	0	0	0	0	0	0	0	0	0	1
7527	2	0	0	0	0	0	2	0	0	0	0	0	4
7528	3	0	0	0	0	0	1	1	1	0	0	0	6
7529	0	0	1	2	0	0	0	0	0	0	0	0	3
7530	1	0	0	0	2	0	0	0	0	0	0	0	3
7531	2	0	0	0	2	0	0	0	0	0	0	0	4
7532	2	0	0	0	0	0	0	0	0	0	0	0	2
7533	2	0	0	0	0	0	0	0	0	0	0	0	2
7534	1	0	0	0	0	0	0	0	0	0	0	0	1
7535	2	2	0	0	0	0	0	0	0	0	0	0	4
7536	0	0	0	0	1	0	1	2	0	0	0	0	4
7537	1	1	0	0	0	0	0	0	0	0	0	0	2
7538	1	0	0	1	0	0	0	0	0	0	0	0	2
7539	1	0	0	0	0	0	0	1	0	0	0	0	2
7540	1	0	0	0	0	0	1	0	0	0	0	0	2
7541	2	0	0	0	0	0	0	0	0	0	0	0	2
7542	1	0	0	0	0	0	0	0	0	0	0	0	1
7543	2	0	0	1	0	0	0	0	0	0	0	0	3
7544	2	0	0	1	0	1	0	0	0	0	0	0	4
7545	2	0	0	0	0	0	0	0	0	0	0	0	2
7546	1	0	0	1	0	0	0	1	0	0	0	0	3
7547	3	0	0	0	0	0	0	1	0	0	0	0	4
7548	1	0	0	0	0	0	1	0	0	0	0	0	2
7549	3	0	0	0	2	0	0	0	0	0	0	0	5
7550	2	0	0	0	0	0	0	0	0	0	0	0	2
7551	3	0	0	0	0	0	0	0	0	0	0	0	3
7552	2	0	0	0	2	0	0	0	0	0	0	0	4
7553	3	0	0	0	0	0	0	1	0	0	0	0	4
7554	2	0	1	0	0	0	0	0	0	0	0	0	3
7555	4	0	0	0	1	0	0	0	0	0	0	0	5
7556	1	0	0	0	2	0	0	0	0	0	0	0	3
7557	0	0	0	1	0	0	0	0	0	0	0	0	1
7558	2	0	0	1	0	0	0	0	0	0	0	0	3
7559	2	0	0	0	2	0	0	0	0	0	0	0	4
7560	3	0	0	0	0	0	0	1	0	0	0	0	4
7561	2	0	1	0	0	0	0	0	0	0	0	0	3
7563	2	0	0	0	0	0	0	0	0	0	0	0	2
7564	3	0	0	0	0	0	0	0	0	0	0	0	3
7565	1	0	0	0	1	0	0	0	0	0	0	0	2
7566	2	0	0	0	3	0	0	0	0	0	0	0	5
7567	1	0	0	0	1	1	0	0	0	0	0	0	3
7568	1	0	0	0	0	0	0	0	0	0	0	0	1
7569	2	0	0	0	1	0	0	1	0	0	0	0	4
7570	2	0	0	0	0	0	0	0	0	0	0	0	2
7571	1	0	0	0	1	0	0	0	0	0	0	0	2
7572	2	0	0	0	0	0	0	0	0	0	0	0	2
7573	1	0	0	1	0	0	0	0	0	0	0	0	2
7574	0	0	0	0	1	0	0	0	0	0	0	0	1
7575	0	0	0	0	1	1	0	0	0	0	0	0	2
7576	2	0	0	1	0	0	0	2	0	0	0	0	5
7577	0	0	0	0	5	0	0	0	0	0	0	0	5
7578	3	0	0	0	1	0	0	0	0	0	0	0	4
7579	3	0	0	0	0	0	0	0	0	0	0	0	3
7580	1	0	0	1	0	0	0	0	0	0	0	0	2
7581	1	0	0	0	1	0	0	0	0	0	0	0	2
7582	0	0	0	0	1	0	0	0	0	0	0	0	1
7583	1	1	1	0	1	0	0	0	0	0	0	0	4
7584	2	0	0	0	0	1	0	0	0	0	0	0	3
7585	1	0	0	0	0	0	0	0	0	0	0	0	1
7586	0	0	0	1	0	0	0	0	0	0	0	0	1
7587	2	0	0	1	0	0	0	0	0	0	0	0	3
7588	1	0	0	0	0	0	0	0	1	0	0	0	2
7589	2	0	0	0	0	0	0	0	0	0	0	0	2
7590	3	0	0	0	0	0	0	1	0	0	0	0	4
7591	2	0	0	0	1	0	0	0	0	0	0	0	3
7592	0	0	0	1	0	0	1	0	1	0	0	0	3
7593	1	0	0	0	0	0	0	0	0	0	0	0	1
7595	2	0	0	0	0	0	0	0	0	0	0	0	2
7596	3	0	0	0	0	0	0	0	0	0	0	0	3
7597	4	0	0	0	0	0	0	0	0	0	0	0	4
7598	2	0	0	0	0	0	0	0	0	0	0	0	2
7599	3	0	0	0	0	0	0	1	0	0	0	0	4
7600	2	0	0	0	0	0	1	0	1	0	0	0	4
7601	1	0	0	0	0	0	0	1	0	0	0	0	2
7602	0	0	0	0	1	0	0	0	0	0	0	0	1
7603	2	0	0	0	1	0	0	0	0	0	0	0	3
7604	3	0	0	0	0	0	0	1	0	0	0	0	4
7605	4	0	0	0	0	0	0	0	0	0	0	0	4
7606	1	0	0	1	0	0	1	0	0	0	0	0	3
7607	1	0	0	0	1	0	0	0	0	0	0	0	2
7608	3	0	0	0	0	0	0	0	1	0	0	0	4
7609	1	0	0	0	1	0	0	0	0	0	0	0	2
7610	3	0	0	0	0	0	0	0	0	0	0	0	3
7611	1	1	0	0	1	0	0	0	0	0	0	0	3
7612	1	0	0	1	0	0	0	0	0	0	0	0	2
7613	1	0	0	0	0	0	0	1	0	0	0	0	2
7614	4	0	0	0	0	0	1	0	0	0	0	0	5
7615	0	0	0	1	0	0	0	0	0	0	0	0	1
7616	0	0	0	0	2	0	0	0	0	0	0	0	2
7617	2	0	0	0	0	0	0	0	0	0	0	0	2
7618	0	0	0	0	2	0	0	0	0	0	0	0	2
7619	1	0	0	0	1	0	0	0	0	0	0	0	2
7620	1	0	1	0	0	0	0	0	0	0	0	0	2
7621	0	0	0	0	1	0	0	0	0	0	0	0	1
7622	2	0	0	0	0	0	0	0	0	0	0	0	2
7623	3	0	0	1	0	0	0	0	0	0	0	0	4
7624	2	0	0	0	3	0	0	0	0	0	0	0	5
7625	0	0	1	1	0	0	0	0	0	0	0	0	2
7626	3	0	0	0	0	0	0	0	0	0	0	0	3
7627	2	0	0	0	1	1	0	0	0	0	0	0	4
7628	2	0	0	0	0	0	0	0	0	0	0	0	2
7629	3	0	0	0	2	0	0	0	0	0	0	0	5
7630	1	0	0	1	1	0	0	1	0	0	0	0	4
7631	2	0	0	0	0	0	0	0	0	0	0	0	2
7632	3	0	0	0	0	0	0	1	0	0	0	0	4
7633	1	0	0	0	0	0	0	0	0	0	0	0	1
7635	1	0	0	0	1	0	0	0	0	0	0	0	2
7636	1	0	0	0	0	0	0	0	0	0	0	0	1
7637	2	0	0	0	0	0	0	0	0	0	0	0	2
7638	2	0	0	0	0	0	0	0	0	0	0	0	2
7639	1	0	0	1	0	0	0	0	0	0	0	0	2
7640	1	0	0	0	2	0	0	0	0	0	0	0	3
7641	2	0	0	0	0	0	0	0	0	0	0	0	2
7642	3	0	0	0	1	0	0	0	0	0	0	0	4
7643	1	0	0	0	0	0	0	0	0	0	0	0	1
7644	2	0	0	0	0	0	0	1	1	0	0	0	4
7645	4	0	0	0	0	0	0	1	0	0	0	0	5
7646	2	0	0	1	0	0	0	0	0	0	0	0	3
7647	3	0	0	0	2	0	0	1	0	0	0	0	6
7648	1	0	0	0	1	0	0	2	0	0	0	0	4
7650	3	0	0	0	0	0	0	0	0	0	0	0	3
7651	2	0	0	0	0	0	0	0	0	0	0	0	2
7653	0	0	1	0	1	0	0	0	0	0	0	0	2
7654	2	0	0	0	0	0	0	1	0	0	0	0	3
7655	1	0	0	1	2	0	2	0	0	0	0	0	6
7656	3	0	0	0	0	0	0	0	0	0	0	0	3
7657	3	0	0	0	1	0	0	0	0	0	0	0	4
7658	3	0	0	0	0	0	0	0	0	0	0	0	3
7659	4	0	0	0	2	0	0	0	0	0	0	0	6
7660	2	0	0	0	0	0	0	0	0	0	0	0	2
7661	2	0	0	0	0	0	0	0	0	0	0	0	2
7662	1	0	0	1	0	0	0	0	0	0	0	0	2
7663	1	0	0	0	0	0	0	0	0	0	0	0	1
7664	1	0	0	1	1	0	0	0	0	0	0	0	3
7665	3	0	0	0	3	0	1	0	0	0	0	0	7
7666	2	0	0	0	1	0	0	0	0	0	0	0	3
7667	2	0	0	0	0	0	0	0	0	0	0	0	2
7668	1	0	0	1	0	0	0	0	0	0	0	0	2
7669	4	0	0	1	0	0	0	1	0	0	0	0	6
7670	3	0	1	0	1	0	0	0	0	0	0	0	5
7671	0	0	0	0	2	0	0	0	0	0	0	0	2
7672	1	0	0	0	0	0	0	0	0	0	0	0	1
7673	0	0	0	1	0	0	0	0	0	0	0	0	1
7674	1	0	0	0	0	0	0	0	0	0	0	0	1
7675	1	0	0	0	0	0	0	0	0	0	0	0	1
7676	2	0	0	0	0	0	0	0	0	0	0	0	2
7678	1	0	0	0	0	0	0	0	0	0	0	0	1
7679	4	0	0	1	1	0	0	0	0	0	0	0	6
7680	3	0	0	0	2	0	0	3	0	0	0	0	8
7681	0	0	2	0	0	0	0	0	0	0	0	0	2
7682	0	0	0	1	0	0	1	0	0	0	0	0	2
7683	2	0	0	0	2	0	0	0	0	0	0	0	4
7684	0	0	0	2	1	0	1	0	0	0	0	0	4
7686	2	0	0	0	0	1	0	0	0	0	0	0	3
7687	2	0	0	0	1	0	0	0	0	0	0	0	3
7688	2	0	0	0	0	0	0	1	0	0	0	0	3
7689	3	0	0	0	1	0	0	0	0	0	0	0	4
7690	3	0	0	0	0	0	0	0	0	0	0	0	3
7693	2	0	0	0	0	0	0	1	0	0	0	0	3
7694	2	0	0	0	0	0	0	0	0	0	0	0	2
7695	0	0	0	0	2	0	0	0	0	0	0	0	2
7696	2	0	0	1	1	0	0	0	0	0	0	0	4
7697	0	0	0	0	1	0	0	0	0	0	0	0	1
7698	3	0	2	0	0	0	0	0	0	0	0	0	5
7700	1	0	0	0	0	0	0	0	0	0	0	0	1
7701	2	0	0	1	0	0	0	0	0	0	0	0	3
7702	3	0	0	0	0	0	0	0	0	0	0	0	3
7703	2	0	0	0	0	0	0	0	0	0	0	0	2
7705	0	0	0	0	2	0	0	0	0	0	0	0	2
7706	0	0	1	0	0	0	0	0	0	0	0	0	1
7707	3	0	0	0	0	0	0	0	0	0	0	0	3
7708	1	0	0	0	2	0	0	0	0	0	0	0	3
7709	1	0	0	0	2	0	1	0	1	0	0	0	5
7710	3	0	0	0	0	0	1	0	0	0	0	0	4
7711	2	0	0	0	0	0	0	0	0	0	0	0	2
7712	2	1	0	1	1	0	0	0	0	0	0	0	5
7713	1	0	0	0	0	0	1	2	0	0	0	0	4
7714	1	0	0	0	2	0	0	1	0	0	0	0	4
7715	0	0	0	1	0	0	0	1	0	0	0	0	2
7716	3	0	0	0	0	0	0	0	0	0	0	0	3
7717	2	0	0	0	0	0	0	0	0	0	0	0	2
7718	0	0	0	0	0	1	0	0	0	0	0	0	1
7719	1	0	0	0	1	0	0	0	0	0	0	0	2
7720	2	0	0	1	0	0	0	0	0	0	0	0	3
7721	2	0	0	0	1	0	0	0	0	0	0	0	3
7722	2	0	0	0	1	0	1	0	0	0	0	0	4
7723	2	0	0	0	1	0	0	0	0	0	0	0	3
7724	2	0	0	0	0	0	0	1	0	0	0	0	3
7725	0	0	0	0	3	0	0	0	0	0	0	0	3
7726	0	0	0	1	0	1	1	0	0	0	0	0	3
7727	1	0	0	0	0	0	0	1	0	0	0	0	2
7728	1	0	0	0	0	0	0	0	0	0	0	0	1
7729	1	0	0	0	1	0	0	0	0	0	0	0	2
7730	4	0	0	1	0	0	0	0	0	0	0	0	5
7731	0	0	0	0	1	0	0	0	0	0	0	0	1
7732	1	0	0	0	1	0	0	1	0	0	0	0	3
7733	3	0	0	0	1	0	1	0	1	0	0	0	6
7734	3	0	0	0	0	0	0	0	0	0	0	0	3
7735	4	0	0	0	0	0	0	0	0	0	0	0	4
7736	2	0	0	0	0	0	0	0	0	0	0	0	2
7737	1	0	0	0	2	0	0	0	0	0	0	0	3
7738	1	0	0	0	0	0	0	0	0	0	0	0	1
7739	0	0	0	0	2	0	0	0	0	0	0	0	2
7740	1	0	0	0	0	0	0	0	0	0	0	0	1
7741	1	0	0	0	1	0	1	0	0	0	0	0	3
7742	0	0	0	0	2	0	0	0	0	0	0	0	2
7743	2	0	0	0	0	0	0	0	0	0	0	0	2
7744	1	1	0	0	0	0	0	0	0	0	0	0	2
7745	1	0	0	0	0	0	0	0	0	0	0	0	1
7746	0	0	0	0	1	0	0	0	0	0	0	0	1
7747	2	0	0	0	1	0	0	1	0	0	0	0	4
7748	4	0	0	0	1	1	0	1	0	0	0	0	7
7749	2	0	0	0	0	0	0	0	0	0	0	0	2
7750	2	0	0	0	0	0	0	0	0	0	0	0	2
7751	2	0	0	1	2	0	0	0	0	0	0	0	5
7752	2	1	0	0	0	0	0	0	0	0	0	0	3
7753	1	0	0	0	1	0	0	0	0	0	0	0	2
7754	0	0	0	0	0	1	0	0	0	1	0	0	2
7755	2	0	0	0	1	0	0	1	0	0	0	0	4
7756	2	0	0	1	0	0	0	0	0	0	0	0	3
7757	2	0	0	0	0	0	0	0	0	0	0	0	2
7758	1	0	0	0	1	0	0	1	0	0	0	0	3
7759	1	0	0	0	0	0	0	0	0	0	0	0	1
7761	3	0	0	0	0	0	0	0	0	0	0	0	3
7763	3	0	0	0	0	0	0	0	0	1	0	0	4
7764	3	0	0	0	0	0	0	0	0	0	0	0	3
7765	3	0	0	0	0	0	0	0	0	0	0	0	3
7766	2	0	0	0	0	0	0	1	0	0	0	0	3
7767	2	0	0	0	0	0	0	0	0	0	0	0	2
7768	4	0	0	0	0	0	0	0	0	0	0	0	4
7769	2	0	0	0	0	0	0	0	0	0	0	0	2
7770	4	0	0	0	0	0	0	0	0	0	0	0	4
7771	1	0	0	0	1	0	0	0	0	0	0	0	2
7772	1	0	0	0	0	0	0	0	0	0	0	0	1
7773	2	0	0	0	0	0	0	0	0	0	0	0	2
7774	2	0	0	0	2	0	0	0	0	0	0	0	4
7775	3	0	0	0	1	0	0	0	0	0	0	0	4
7776	3	0	0	0	0	0	0	0	0	0	0	0	3
7777	2	0	0	0	0	0	0	0	0	0	0	0	2
7779	2	0	0	1	0	0	0	0	0	0	0	0	3
7780	1	0	1	0	0	0	0	0	0	0	0	0	2
7781	2	0	0	0	2	0	0	0	0	0	0	0	4
7782	2	0	0	0	0	0	0	0	0	0	0	0	2
7783	1	0	0	0	1	0	0	0	0	0	0	0	2
7784	1	0	0	0	0	0	0	0	0	0	0	0	1
7785	4	0	0	0	0	0	0	0	0	0	0	0	4
7786	1	0	0	0	0	0	0	0	0	0	0	0	1
7787	3	0	0	0	0	0	0	0	0	0	0	0	3
7788	3	0	0	0	0	0	1	0	0	0	0	0	4
7789	2	0	0	0	3	0	0	1	0	0	0	0	6
7790	1	0	0	0	0	1	0	0	0	0	0	0	2
7791	3	0	0	0	0	0	0	0	0	0	0	0	3
7792	0	0	2	0	0	0	0	0	0	0	0	0	2
7793	1	1	0	0	1	0	0	0	0	0	0	0	3
7794	1	0	0	0	0	0	0	1	0	0	0	0	2
7795	3	0	0	0	0	0	0	0	0	0	0	0	3
7796	4	0	0	0	0	0	0	0	0	0	0	0	4
7797	4	0	0	0	1	0	1	0	0	0	0	0	6
7798	2	0	0	0	0	0	0	0	0	0	0	0	2
7799	1	0	0	0	0	0	0	0	0	0	0	0	1
7801	2	0	0	1	1	0	0	0	0	0	0	0	4
7802	1	0	0	0	0	0	0	0	0	0	0	0	1
7803	1	0	0	0	0	0	0	0	0	0	0	0	1
7804	0	0	0	1	0	0	0	0	0	0	0	0	1
7805	1	0	0	0	1	0	1	1	0	0	0	0	4
7806	2	0	0	0	1	0	0	0	0	0	0	0	3
7807	1	0	0	0	2	0	1	0	0	0	0	0	4
7808	3	0	0	1	0	0	0	1	1	0	0	0	6
7809	2	0	0	0	1	0	0	1	0	0	0	0	4
7810	1	0	0	2	1	0	0	0	0	0	0	0	4
7811	1	0	0	3	0	0	0	0	0	0	0	0	4
7812	4	0	0	0	0	0	0	0	0	0	0	0	4
7813	1	0	0	0	0	0	0	1	0	0	0	0	2
7814	4	0	0	0	0	0	0	0	0	0	0	0	4
7815	1	0	0	0	1	0	0	1	0	0	0	0	3
7816	1	0	0	0	2	0	0	1	0	0	0	0	4
7817	2	0	0	0	0	0	0	0	0	0	0	0	2
7818	0	0	0	0	2	0	0	0	0	0	0	0	2
7820	2	0	0	0	1	0	0	0	0	0	0	0	3
7821	2	0	0	0	1	0	0	0	0	0	0	0	3
7822	1	0	0	0	0	0	0	0	0	0	0	0	1
7823	4	0	0	1	0	0	0	0	0	0	0	0	5
7824	1	0	0	0	0	0	0	2	0	0	0	0	3
7825	3	0	0	0	0	0	0	1	0	0	0	0	4
7826	3	0	0	0	0	0	0	0	0	0	0	0	3
7827	3	0	0	0	0	0	0	0	0	0	0	0	3
7828	2	0	0	0	0	0	0	0	0	0	0	0	2
7829	4	0	0	0	0	0	0	0	0	0	0	0	4
7830	2	0	0	0	1	0	0	0	0	0	0	0	3
7831	1	0	0	0	0	0	0	0	0	0	0	0	1
7833	3	0	0	0	1	0	0	0	0	0	0	0	4
7834	1	1	1	0	0	0	0	0	0	0	0	0	3
7835	0	0	0	0	2	0	1	0	1	0	0	0	4
7836	0	1	0	0	0	1	0	0	0	0	0	0	2
7837	1	0	0	0	0	0	0	0	0	0	0	0	1
7838	1	0	0	0	0	0	0	0	0	0	0	0	1
7839	3	0	0	0	0	0	0	0	0	0	0	0	3
7840	1	0	0	0	0	0	0	0	0	0	0	0	1
7841	4	0	0	0	0	0	0	0	0	0	0	0	4
7842	2	0	0	0	1	0	0	0	1	0	0	0	4
7843	2	0	0	0	0	0	0	0	0	0	0	0	2
7844	2	0	0	0	0	0	0	0	0	0	0	0	2
7845	1	0	0	0	0	0	0	0	0	0	0	0	1
7846	1	0	0	0	1	0	0	0	0	0	0	0	2
7847	1	0	0	0	0	0	1	0	0	0	0	0	2
7848	2	0	0	0	0	0	0	0	0	0	0	0	2
7849	3	0	0	0	1	0	1	0	0	0	0	0	5
7850	2	0	0	1	0	0	0	0	0	0	0	0	3
7851	2	0	0	0	2	0	0	0	0	0	0	0	4
7852	3	0	0	0	0	0	0	0	0	0	0	0	3
7853	2	0	0	0	0	0	0	0	0	0	0	0	2
7854	1	0	0	0	0	0	0	0	0	0	0	0	1
7855	1	0	0	1	2	0	0	0	0	0	0	0	4
7856	0	0	2	0	0	0	0	0	0	0	0	0	2
7857	2	0	0	0	0	0	1	0	0	0	0	0	3
7858	2	0	0	0	0	0	0	1	0	0	0	0	3
7859	2	0	0	0	1	0	0	0	0	0	0	0	3
7860	1	0	0	0	1	0	0	0	1	0	0	0	3
7861	2	0	0	0	0	0	0	0	0	0	0	0	2
7862	3	0	0	0	1	0	0	0	0	0	0	0	4
7863	0	0	0	0	3	0	0	0	0	0	0	0	3
7864	1	0	0	0	4	0	0	0	0	0	0	0	5
7865	1	0	0	0	0	0	0	1	0	0	0	0	2
7866	2	0	0	1	0	0	0	0	0	0	0	0	3
7867	3	0	0	0	0	0	0	0	0	1	0	0	4
7868	2	0	0	0	0	0	0	0	0	0	0	0	2
7869	3	0	0	0	0	0	0	0	0	0	0	0	3
7870	0	0	0	0	0	0	0	1	0	0	0	0	1
7871	2	0	0	0	0	0	0	1	0	0	0	0	3
7872	2	0	0	0	1	0	0	2	0	0	0	0	5
7873	4	1	0	0	0	0	0	0	0	0	0	0	5
7874	3	0	0	0	3	0	0	1	0	0	0	0	7
7875	1	0	0	0	1	0	0	0	0	0	0	0	2
7876	1	0	0	1	2	0	0	0	0	0	0	0	4
7878	2	0	0	0	1	0	0	0	0	0	0	0	3
7879	2	0	0	0	0	0	0	0	0	0	0	0	2
7880	1	0	0	0	2	0	0	1	0	0	0	0	4
7881	4	0	0	0	0	0	0	0	0	0	0	0	4
7882	3	0	0	0	1	0	0	0	0	0	0	0	4
7883	0	0	0	2	1	0	0	0	0	0	0	0	3
7884	3	0	0	0	0	0	0	0	0	0	0	0	3
7885	1	0	0	0	2	0	0	1	0	0	0	0	4
7886	3	0	0	0	0	0	0	1	0	0	0	0	4
7887	2	0	0	0	0	0	0	0	0	1	0	0	3
7888	1	0	0	0	0	0	0	1	1	0	0	0	3
7890	1	0	0	0	0	0	0	0	0	0	0	0	1
7891	1	0	0	0	0	0	0	0	0	0	0	0	1
7892	3	0	0	0	0	0	1	0	0	0	0	0	4
7894	1	0	0	0	0	0	0	0	0	0	0	0	1
7895	2	0	0	0	0	0	1	0	0	0	0	0	3
7896	0	0	0	0	1	0	0	0	0	0	0	0	1
7898	1	0	0	1	0	1	0	0	0	0	0	0	3
7899	1	0	0	0	0	0	0	0	0	0	0	0	1
7902	1	0	0	0	0	0	0	0	0	0	0	0	1
7903	0	0	0	3	1	0	0	0	0	0	0	0	4
7904	2	0	0	0	1	0	1	0	0	0	0	0	4
7905	2	0	0	1	0	0	0	0	0	0	0	0	3
7907	1	0	0	0	1	0	0	0	0	0	0	0	2
7908	1	0	0	0	0	0	0	0	0	0	0	0	1
7909	2	0	0	0	0	0	2	0	0	0	0	0	4
7910	2	0	0	0	1	0	0	1	0	0	0	0	4
7911	2	0	0	1	0	0	0	0	0	0	0	0	3
7912	2	0	0	1	0	0	0	0	0	0	0	0	3
7913	1	1	0	1	0	0	0	0	0	0	0	0	3
7914	2	0	0	0	1	0	0	0	0	0	0	0	3
7915	1	0	0	0	1	0	0	0	0	0	0	0	2
7916	1	0	0	0	0	0	0	1	0	0	0	0	2
7917	1	0	0	0	0	0	0	0	0	0	0	0	1
7918	2	0	0	0	0	0	0	1	0	0	0	0	3
7920	1	0	0	0	0	0	0	0	0	0	0	0	1
7921	0	0	0	0	0	0	0	0	1	0	0	0	1
7922	2	1	0	0	0	0	1	0	0	0	0	0	4
7923	2	0	0	1	0	0	0	1	0	0	0	0	4
7924	1	0	0	1	1	0	0	0	0	0	0	0	3
7925	2	0	0	0	0	0	0	1	0	0	0	0	3
7926	1	0	0	1	2	0	0	1	0	0	0	0	5
7927	3	0	0	0	0	0	0	0	0	0	0	0	3
7928	2	0	0	0	0	0	0	0	0	0	0	0	2
7929	4	0	0	0	0	0	0	0	0	0	0	0	4
7930	2	0	0	0	0	0	0	0	0	0	0	0	2
7931	2	0	0	0	1	0	0	0	0	0	0	0	3
7932	2	0	0	0	2	0	0	0	0	0	0	0	4
7933	1	0	0	0	0	0	0	0	0	0	0	0	1
7934	3	0	0	0	0	0	0	1	0	0	0	0	4
7935	2	0	0	0	0	0	1	0	0	0	0	0	3
7936	2	0	0	0	0	0	0	0	0	0	0	0	2
7937	4	0	0	0	0	0	0	0	0	0	0	0	4
7938	2	0	0	0	3	0	0	0	0	0	0	0	5
7939	2	0	0	2	1	0	0	0	0	0	0	0	5
7940	2	0	0	0	0	0	0	0	0	0	0	0	2
7941	1	0	0	0	0	0	0	1	0	0	0	0	2
7942	3	0	0	0	2	0	0	0	0	0	0	0	5
7943	1	0	0	0	1	0	0	0	0	0	0	0	2
7944	2	0	0	0	0	0	0	0	0	0	0	0	2
7945	3	0	1	0	0	0	0	0	0	0	0	0	4
7946	2	0	0	0	0	0	0	0	0	0	0	0	2
7947	3	0	0	0	0	0	0	0	0	0	0	0	3
7948	1	0	0	0	2	0	0	0	0	0	0	0	3
7950	2	0	0	0	0	0	0	1	0	0	0	0	3
7951	1	0	0	0	2	0	0	0	0	0	0	0	3
7952	2	0	3	0	0	0	0	0	0	0	0	0	5
7953	1	0	0	0	1	0	0	0	0	0	0	0	2
7954	1	0	0	0	0	0	0	1	0	0	0	0	2
7955	2	0	0	0	3	0	0	0	0	0	0	0	5
7956	2	0	0	0	1	0	0	0	0	0	0	0	3
7957	2	0	0	1	1	0	0	0	0	0	0	0	4
7958	1	0	3	0	0	0	0	0	0	0	0	0	4
7959	2	0	0	0	1	0	0	1	0	0	0	0	4
7961	2	0	0	1	1	0	0	0	0	0	0	0	4
7962	3	0	0	0	0	0	0	1	0	0	0	0	4
7963	2	0	0	0	0	0	0	0	0	0	0	0	2
7964	2	0	0	0	0	0	0	1	0	0	0	0	3
7965	1	0	0	1	0	0	0	1	0	0	0	0	3
7966	2	1	0	0	1	0	0	2	0	0	0	0	6
7967	1	0	0	0	1	0	0	0	0	0	0	0	2
7968	3	0	0	0	0	0	0	2	0	0	0	0	5
7969	2	0	0	0	1	0	1	0	0	0	0	0	4
7970	4	0	0	0	1	0	0	1	0	0	0	0	6
7971	3	0	0	0	1	0	0	0	0	0	0	0	4
7972	3	0	0	0	1	0	0	0	1	0	0	0	5
7973	3	0	0	0	0	0	0	1	0	0	0	0	4
7974	3	0	1	0	0	0	0	0	0	0	0	0	4
7975	2	0	0	0	1	0	0	0	0	0	0	0	3
7976	2	0	0	0	0	0	0	1	0	0	0	0	3
7977	2	0	0	1	0	0	0	1	0	0	0	0	4
7978	2	0	0	0	0	0	0	0	1	0	0	0	3
7979	1	0	0	0	0	0	0	0	0	0	0	0	1
7980	3	0	0	0	0	0	0	1	0	0	0	0	4
7981	2	0	0	0	1	0	0	0	0	0	0	0	3
7982	3	0	0	0	0	0	0	0	0	0	0	0	3
7983	2	0	0	1	0	0	0	0	0	0	0	0	3
7984	2	0	0	0	0	0	0	0	0	0	0	0	2
7985	1	0	0	0	2	0	1	0	0	0	0	0	4
7986	0	0	0	1	1	0	0	0	0	0	0	0	2
7987	2	0	0	1	0	0	0	0	0	0	0	0	3
7988	0	0	0	0	2	0	0	0	0	0	0	0	2
7989	0	0	0	0	1	0	0	0	0	0	0	0	1
7990	2	0	0	1	0	0	0	0	0	0	0	0	3
7991	1	0	0	0	0	0	0	1	0	0	0	0	2
7992	3	0	0	0	0	0	0	0	0	0	0	0	3
7993	0	0	2	0	0	0	0	0	0	0	0	0	2
7995	0	0	0	0	0	0	1	0	0	0	0	0	1
7996	2	0	0	0	1	0	0	0	0	0	0	0	3
7997	1	0	0	0	0	0	0	0	0	0	0	0	1
7998	1	0	0	0	0	0	1	0	0	0	0	0	2
7999	0	0	0	1	0	0	0	0	0	0	0	0	1
8000	1	0	0	1	1	0	0	0	0	0	0	0	3
8001	0	0	0	1	0	0	0	0	0	0	0	0	1
8002	2	0	0	0	1	0	0	0	0	0	0	0	3
8003	0	1	1	0	0	0	0	0	0	0	0	0	2
8004	0	1	1	0	0	0	0	0	0	0	0	0	2
8005	1	0	0	0	1	0	0	1	0	0	0	0	3
8006	2	0	0	0	0	0	0	0	0	0	0	0	2
8007	0	0	0	0	3	0	0	0	0	0	0	0	3
8008	1	0	0	0	0	0	0	0	0	0	0	0	1
8009	1	0	0	2	0	0	0	0	0	0	0	0	3
8010	0	0	1	0	0	0	0	0	0	0	0	0	1
8011	2	0	0	0	0	0	0	0	1	0	0	0	3
8012	2	0	0	1	0	0	0	0	0	0	0	0	3
8013	1	0	0	0	0	0	0	1	0	0	0	0	2
8014	2	0	0	0	0	0	0	1	0	0	0	0	3
8015	3	0	0	0	1	0	1	0	0	0	0	0	5
8016	1	0	0	0	0	0	0	0	0	0	0	0	1
8019	2	0	0	0	1	0	0	1	0	0	0	0	4
8020	2	0	0	0	0	0	0	0	0	0	0	0	2
8021	0	0	0	1	0	0	0	0	0	0	0	0	1
8022	1	0	0	0	0	0	0	0	0	0	0	0	1
8023	1	0	0	0	0	0	0	0	0	0	0	0	1
8024	1	0	0	0	0	0	1	0	0	0	0	0	2
8025	2	0	0	0	0	0	0	1	0	0	0	0	3
8026	2	0	0	0	1	0	0	0	0	0	0	0	3
8027	1	1	0	0	2	0	0	0	0	0	0	0	4
8028	2	0	0	0	0	0	0	0	0	0	0	0	2
8029	2	0	0	0	0	0	0	0	0	0	0	0	2
8030	0	0	0	0	4	0	0	0	0	0	0	0	4
8031	0	2	0	0	0	0	0	0	0	0	0	0	2
8032	3	0	0	0	0	0	0	0	0	0	0	0	3
8033	3	0	0	0	0	0	0	0	0	0	0	0	3
8034	2	0	0	2	0	0	1	0	0	0	0	0	5
8035	2	0	0	0	0	0	0	0	0	0	0	0	2
8036	2	0	0	0	0	0	0	0	0	0	0	0	2
8037	2	0	0	0	0	0	1	0	0	0	0	0	3
8038	2	0	0	0	2	0	0	0	0	0	0	0	4
8039	3	0	0	0	0	0	1	1	0	0	0	0	5
8040	2	0	0	0	0	0	0	0	0	0	0	0	2
8041	2	0	0	0	1	0	0	0	0	0	0	0	3
8042	2	0	0	0	0	0	0	0	0	0	0	0	2
8043	4	0	0	0	0	0	0	0	0	0	0	0	4
8044	2	0	0	0	1	0	1	0	0	0	0	0	4
8045	1	0	0	0	1	0	0	1	0	0	0	0	3
8047	0	0	1	0	1	0	0	0	0	0	0	0	2
8048	1	1	0	1	0	0	0	0	0	0	0	0	3
8049	1	0	0	0	3	0	0	0	0	0	0	0	4
8050	3	0	0	1	1	0	0	1	0	0	0	0	6
8051	3	0	0	0	0	0	0	0	1	0	0	0	4
8052	3	0	0	0	0	0	0	0	0	0	0	0	3
8053	2	0	0	0	0	0	0	0	0	0	0	0	2
8054	3	0	0	0	1	0	0	0	0	0	0	0	4
8055	1	0	0	0	0	0	0	2	0	0	0	0	3
8056	3	0	0	0	0	0	0	0	0	0	0	0	3
8057	1	0	1	0	0	0	0	0	0	0	0	0	2
8058	0	0	0	1	1	0	0	0	0	1	0	0	3
8059	1	0	0	1	2	0	0	0	0	0	0	0	4
8060	1	0	0	0	0	0	0	0	0	0	0	0	1
8061	2	0	0	0	0	0	0	0	0	0	0	0	2
8062	2	0	0	0	0	0	0	0	0	0	0	0	2
8063	2	0	0	1	0	0	0	1	0	0	0	0	4
8064	3	0	0	1	1	0	0	1	0	0	0	0	6
8065	2	0	0	0	0	0	0	0	0	0	0	0	2
8066	1	0	0	0	1	0	1	0	0	0	0	0	3
8067	0	0	0	2	0	0	0	1	0	0	0	0	3
8068	2	0	0	0	1	0	0	0	1	0	0	0	4
8069	0	0	0	0	1	0	0	0	0	0	0	0	1
8070	3	0	0	0	0	1	0	0	0	0	0	0	4
8071	3	0	0	0	0	0	0	0	0	0	0	0	3
8072	1	0	0	1	0	0	0	1	0	0	0	0	3
8073	1	0	0	0	1	0	0	0	0	0	0	0	2
8074	3	0	0	0	0	0	0	0	1	0	0	0	4
8075	2	0	0	0	0	0	0	0	0	0	0	0	2
8077	2	0	0	0	0	0	0	0	0	0	0	0	2
8078	1	0	0	2	0	0	0	0	0	0	0	0	3
8079	0	0	0	0	1	0	0	0	0	0	0	0	1
8080	4	0	0	0	0	0	0	0	0	1	0	0	5
8081	1	0	0	0	1	0	0	0	0	0	0	0	2
8082	0	0	0	0	3	0	0	0	0	0	0	0	3
8083	1	0	0	0	1	0	0	0	0	0	0	0	2
8084	3	0	0	0	1	0	0	0	0	0	0	0	4
8085	1	0	0	0	2	0	0	0	0	0	0	0	3
8086	3	0	0	0	0	0	0	2	0	0	0	0	5
8087	2	0	0	0	1	0	0	1	0	0	0	0	4
8088	1	0	0	1	1	0	0	1	0	0	0	0	4
8089	2	0	0	1	0	0	0	0	0	0	0	0	3
8090	2	0	0	0	0	0	0	0	0	0	0	0	2
8091	0	0	1	0	0	0	0	0	0	0	0	0	1
8092	2	0	0	0	0	0	0	1	0	0	0	0	3
8093	1	0	0	0	0	0	0	3	1	0	0	0	5
8094	1	0	0	0	1	0	0	0	0	0	0	0	2
8095	0	0	0	1	0	0	0	0	0	0	0	0	1
8096	1	0	0	0	0	0	0	0	0	0	0	0	1
8097	1	0	0	2	1	0	0	0	0	0	0	0	4
8098	0	0	0	0	2	0	0	0	0	0	0	0	2
8099	2	0	0	0	0	0	0	0	0	0	0	0	2
8100	1	0	0	0	3	0	0	0	0	0	0	0	4
8101	2	0	0	0	1	0	0	0	0	0	0	0	3
8102	0	0	2	0	0	0	0	0	0	0	0	0	2
8103	2	0	0	0	0	0	0	0	0	0	0	0	2
8104	2	0	0	0	0	0	0	0	0	0	0	0	2
8105	0	0	0	0	1	0	0	0	0	0	0	0	1
8106	0	0	1	0	2	0	0	0	0	0	0	0	3
8107	1	0	0	0	0	0	0	0	0	0	0	0	1
8108	0	0	0	0	2	0	0	0	0	0	0	0	2
8109	2	0	0	0	0	0	0	0	0	1	0	0	3
8110	2	0	0	0	0	0	0	0	0	0	0	0	2
8111	1	0	0	0	7	0	0	0	0	0	0	0	8
8112	2	0	0	0	0	0	0	0	0	0	0	0	2
8113	0	0	0	0	1	0	0	1	0	0	0	0	2
8114	0	1	0	1	0	0	0	0	0	0	0	0	2
8116	1	0	0	0	0	0	0	0	0	0	0	0	1
8117	4	0	0	0	0	0	0	0	0	0	0	0	4
8118	1	0	0	0	1	0	0	0	0	0	0	0	2
8119	1	0	0	0	0	0	0	1	0	0	0	0	2
8120	1	1	0	0	1	0	0	0	0	0	0	0	3
8121	1	0	0	1	1	0	0	0	0	0	0	0	3
8122	1	0	0	0	0	1	0	0	0	0	0	0	2
8124	2	0	0	0	0	0	0	1	0	0	0	0	3
8125	3	0	0	0	0	0	0	0	0	0	0	0	3
8126	2	0	0	0	0	0	0	0	0	0	0	0	2
8127	1	0	0	0	0	0	0	0	0	0	0	0	1
8128	3	0	0	0	0	0	0	0	0	0	0	0	3
8129	2	0	0	0	0	0	0	0	1	0	0	0	3
8130	1	0	0	0	0	0	0	0	0	0	0	0	1
8131	0	0	0	0	1	0	0	0	0	0	0	0	1
8132	0	0	0	0	0	1	0	0	0	0	0	0	1
8133	3	0	0	0	0	0	0	0	0	0	0	0	3
8134	2	0	0	0	0	0	0	1	0	0	0	0	3
8135	3	0	0	1	0	0	0	0	0	0	0	0	4
8139	1	0	0	0	3	0	0	0	0	0	0	0	4
8140	3	0	0	0	0	0	0	0	0	0	0	0	3
8142	0	0	0	0	1	0	0	1	0	0	0	0	2
8143	4	0	0	0	1	0	0	0	0	0	0	0	5
8144	5	0	0	0	0	0	0	0	0	0	0	0	5
8145	2	0	0	0	1	0	0	0	0	0	0	0	3
8146	2	0	0	0	1	0	0	1	0	0	0	0	4
8147	2	0	0	0	0	0	0	0	0	0	0	0	2
8148	2	0	0	0	2	0	0	1	0	0	0	0	5
8149	0	0	0	2	0	0	0	0	0	0	0	0	2
8150	2	0	0	0	0	0	0	0	0	0	0	0	2
8151	2	0	0	0	0	0	0	0	0	1	0	0	3
8152	0	0	0	0	0	0	1	0	0	0	0	0	1
8154	1	0	0	0	2	0	0	0	0	0	0	0	3
8156	0	0	0	1	2	0	0	0	0	0	0	0	3
8157	0	0	0	0	1	0	0	0	0	0	0	0	1
8158	0	0	1	0	0	0	0	0	0	0	0	0	1
8159	0	0	0	0	1	0	0	0	0	0	0	0	1
8160	2	0	0	0	1	0	0	0	0	0	0	0	3
8161	2	0	0	0	1	0	0	0	0	0	0	0	3
8162	0	0	0	0	3	0	0	0	0	0	0	0	3
8163	1	0	1	0	0	0	0	1	0	0	0	0	3
8164	1	0	0	0	2	0	0	0	0	0	0	0	3
8165	2	0	0	0	0	0	0	0	0	0	0	0	2
8166	3	0	0	0	2	0	0	0	0	0	0	0	5
8167	1	0	0	0	0	0	0	0	0	0	0	0	1
8168	1	0	0	0	0	0	0	0	0	0	0	0	1
8169	0	1	1	0	0	0	0	0	0	0	0	0	2
8170	2	0	0	0	0	0	0	0	0	0	0	0	2
8172	2	0	0	0	0	0	0	0	0	0	0	0	2
8175	0	0	1	0	0	0	0	0	0	0	0	0	1
8176	0	0	1	0	1	0	0	0	0	0	0	0	2
8177	1	0	0	0	1	0	0	0	0	0	0	0	2
8178	2	0	0	0	0	0	0	0	0	0	0	0	2
8179	1	0	0	0	0	0	0	0	0	0	0	0	1
8180	3	0	0	0	0	0	0	0	0	0	0	0	3
8181	0	0	0	1	0	0	1	0	0	0	0	0	2
8182	1	0	0	0	1	0	0	0	0	0	0	0	2
8183	1	1	0	0	0	0	0	1	0	0	0	0	3
8184	2	0	0	1	0	0	0	2	0	0	0	0	5
8185	4	0	0	0	0	0	0	0	0	0	0	0	4
8186	1	0	0	0	1	0	0	0	0	0	0	0	2
8187	1	0	0	0	1	0	0	0	0	0	0	0	2
8188	0	0	0	0	1	0	0	0	1	0	0	0	2
8189	5	0	0	0	0	0	0	1	0	0	0	0	6
8190	1	0	0	0	0	0	0	0	0	0	0	0	1
8191	3	0	0	0	1	0	0	2	0	0	0	0	6
8192	2	0	0	0	0	0	0	0	1	0	0	0	3
8193	0	0	0	2	0	0	0	0	0	0	0	0	2
8194	2	0	0	0	0	0	0	1	0	0	0	0	3
8195	2	0	0	0	2	0	0	0	0	0	0	0	4
8196	5	0	0	0	0	0	0	0	0	0	0	0	5
8197	1	0	0	0	0	0	0	0	0	0	0	0	1
8198	2	0	0	0	1	0	0	1	0	0	0	0	4
8199	0	0	0	0	0	1	0	0	0	0	0	0	1
8200	2	0	0	1	0	0	0	0	0	0	0	0	3
8201	4	0	0	0	0	0	0	1	0	0	0	0	5
8202	3	0	0	0	0	0	1	0	1	0	0	0	5
8204	1	0	0	0	0	0	0	1	0	0	0	0	2
8205	3	0	0	0	0	0	0	0	0	0	0	0	3
8206	4	0	0	0	0	0	0	0	0	0	0	0	4
8207	1	0	0	0	0	0	0	1	0	0	0	0	2
8208	1	0	1	0	0	0	0	0	0	0	0	0	2
8209	0	0	0	0	3	0	0	0	0	0	0	0	3
8210	0	0	0	1	0	0	0	0	0	0	0	0	1
8211	1	0	0	0	0	0	0	1	0	0	0	0	2
8212	2	0	0	0	1	0	0	1	0	0	0	0	4
8213	1	0	0	0	1	1	0	1	0	0	0	0	4
8214	1	0	0	1	1	0	1	0	0	0	0	0	4
8215	2	0	0	0	0	0	0	1	0	0	0	0	3
8216	3	0	0	0	0	0	0	0	0	0	0	0	3
8217	3	0	0	0	0	0	0	0	0	0	0	0	3
8218	2	0	0	0	0	0	0	0	0	0	0	0	2
8219	2	0	0	0	0	0	0	2	0	0	0	0	4
8220	0	0	1	0	0	0	0	0	0	0	0	0	1
8221	0	0	0	1	0	0	0	0	0	0	0	0	1
8222	2	0	0	0	0	0	0	0	0	0	0	0	2
8223	1	0	0	3	0	0	0	0	0	0	0	0	4
8224	4	0	0	0	0	0	1	0	0	0	0	0	5
8225	1	0	0	0	0	0	0	0	0	0	0	0	1
8226	6	0	0	0	0	0	0	0	0	0	0	0	6
8227	2	0	0	0	0	0	0	0	0	0	0	0	2
8228	2	0	0	0	0	0	0	0	0	0	0	0	2
8229	1	0	0	0	0	0	0	0	0	0	0	0	1
8230	1	0	0	0	1	0	0	0	0	0	0	0	2
8231	2	0	0	1	0	0	0	0	0	0	0	0	3
8232	3	0	0	0	0	0	0	1	0	0	0	0	4
8233	2	0	0	0	0	0	0	0	0	0	0	0	2
8234	3	0	0	1	0	1	0	0	0	0	0	0	5
8236	1	1	0	1	0	0	0	0	0	0	0	0	3
8237	5	0	0	0	0	0	0	0	0	0	0	0	5
8238	2	0	0	0	0	0	1	1	0	0	0	0	4
8239	2	0	0	0	1	0	0	0	0	0	0	0	3
8240	0	0	1	0	0	0	0	0	0	0	0	0	1
8241	1	0	1	0	1	0	0	0	0	0	0	0	3
8242	1	0	0	1	2	0	0	0	0	0	0	0	4
8243	3	0	0	0	0	0	0	0	0	0	0	0	3
8244	3	0	0	0	1	0	0	0	0	0	0	0	4
8245	2	0	0	0	1	0	0	0	0	0	0	0	3
8246	1	0	0	0	0	0	0	0	0	0	0	0	1
8247	0	0	0	1	2	0	0	0	0	0	0	0	3
8248	0	1	0	1	0	0	0	0	0	0	0	0	2
8249	2	0	0	0	0	1	0	0	0	0	0	0	3
8250	1	0	0	0	1	0	0	0	0	0	0	0	2
8251	0	0	0	1	0	0	0	0	0	0	0	0	1
8253	2	0	0	0	0	0	0	0	0	0	0	0	2
8254	0	0	1	0	0	1	0	0	0	0	0	0	2
8255	2	0	0	0	0	0	0	1	0	0	0	0	3
8256	1	0	0	0	2	0	0	1	0	0	0	0	4
8257	2	0	0	1	0	0	0	0	0	0	0	0	3
8258	2	0	0	0	0	0	0	0	0	0	0	0	2
8259	2	0	0	0	2	0	0	0	0	0	0	0	4
8260	3	0	0	0	0	0	0	0	0	0	0	0	3
8261	1	0	0	0	0	0	0	0	0	0	0	0	1
8262	2	0	0	0	0	0	0	0	0	0	0	0	2
8263	3	0	0	0	0	0	0	0	0	0	0	0	3
8264	0	2	0	1	0	0	0	0	0	0	0	0	3
8265	1	0	0	0	0	1	0	0	0	0	0	0	2
8266	2	0	0	1	1	0	0	0	0	0	0	0	4
8267	2	0	0	0	0	0	0	0	0	0	0	0	2
8268	3	0	0	0	0	0	0	0	0	0	0	0	3
8269	0	0	0	0	1	0	0	0	0	0	0	0	1
8270	1	0	0	0	0	0	0	0	0	0	0	0	1
8271	3	0	0	0	0	0	0	0	0	0	0	0	3
8272	1	0	0	0	0	0	1	0	0	0	0	0	2
8273	0	0	0	1	0	0	0	0	0	0	0	0	1
8274	3	0	0	0	0	0	0	1	0	0	0	0	4
8275	2	0	0	2	0	0	0	0	0	0	0	0	4
8276	3	0	0	0	0	1	0	0	0	0	0	0	4
8277	3	1	0	0	0	0	0	0	0	0	0	0	4
8278	3	0	0	0	0	0	0	0	0	0	0	0	3
8279	1	0	0	0	0	0	0	0	0	0	0	0	1
8280	2	0	0	0	0	0	0	1	0	0	0	0	3
8281	1	0	0	0	0	0	0	0	0	0	0	0	1
8282	2	0	0	0	1	0	0	0	0	0	0	0	3
8283	2	0	0	0	0	0	0	0	0	0	0	0	2
8284	3	0	0	0	0	0	0	0	0	0	0	0	3
8285	3	0	0	0	0	0	0	0	0	0	0	0	3
8286	3	0	0	0	1	0	0	0	0	0	0	0	4
8287	0	0	0	1	1	0	0	0	0	0	0	0	2
8288	2	0	0	0	1	0	1	0	0	0	0	0	4
8289	2	0	0	0	1	0	0	0	0	0	0	0	3
8290	2	0	0	0	0	0	0	0	0	0	0	0	2
8291	0	0	0	0	2	0	0	0	0	0	0	0	2
8293	1	0	0	0	0	0	0	1	0	0	0	0	2
8295	3	0	0	0	0	0	0	0	0	0	0	0	3
8296	0	0	0	2	0	0	0	0	0	0	0	0	2
8297	0	0	1	0	0	0	0	0	0	0	0	0	1
8299	2	0	0	0	0	0	0	0	0	0	0	0	2
8300	1	0	0	0	2	0	0	0	0	0	0	0	3
8302	1	0	0	0	1	0	0	1	0	0	0	0	3
8303	2	0	0	0	0	1	0	0	0	0	0	0	3
8304	1	0	0	0	0	0	0	0	1	0	0	0	2
8305	0	0	0	0	1	0	0	0	0	0	0	0	1
8306	0	0	1	0	0	0	0	0	0	0	0	0	1
8307	2	0	0	0	1	0	0	0	0	0	0	0	3
8308	1	0	0	0	2	0	0	0	0	0	0	0	3
8309	2	0	0	0	0	0	0	0	0	0	0	0	2
8310	0	0	0	0	2	0	0	0	0	0	0	0	2
8311	3	0	0	0	0	0	0	0	0	0	0	0	3
8312	2	0	0	0	0	0	0	1	0	0	0	0	3
8313	1	0	0	0	0	0	0	0	0	0	0	0	1
8314	0	0	0	0	2	0	0	0	0	0	0	0	2
8315	0	0	1	0	0	0	0	0	0	0	0	0	1
8316	3	0	0	0	0	0	0	0	0	0	0	0	3
8317	0	1	0	0	0	0	0	0	0	0	0	0	1
8318	3	0	0	1	0	0	0	0	0	0	0	0	4
8319	2	0	0	0	0	0	0	0	0	0	0	0	2
8320	0	0	0	0	2	0	0	0	0	0	0	0	2
8321	0	1	0	1	0	0	0	0	0	0	0	0	2
8322	2	0	0	0	2	0	0	0	0	0	0	0	4
8323	4	0	0	0	0	0	0	0	0	0	0	0	4
8324	3	0	1	0	0	0	0	0	0	0	0	0	4
8325	1	0	0	1	0	0	0	0	0	0	0	0	2
8326	2	0	0	0	1	0	0	0	0	0	0	0	3
8327	0	0	0	1	0	0	0	0	0	0	0	0	1
8328	3	0	0	0	0	0	0	0	0	0	0	0	3
8329	0	0	0	0	1	0	0	0	0	0	0	0	1
8330	1	0	0	0	0	0	0	0	0	0	0	0	1
8331	3	0	0	1	1	0	0	0	0	0	0	0	5
8332	2	0	0	0	0	0	0	1	0	0	0	0	3
8333	3	0	0	0	1	0	0	0	0	0	0	0	4
8334	2	0	0	0	0	0	0	0	0	0	0	0	2
8335	3	0	0	0	0	0	0	0	0	0	0	0	3
8336	1	0	0	0	0	0	0	0	0	0	0	0	1
8337	2	0	0	0	0	0	0	0	0	0	0	0	2
8338	3	0	0	0	1	0	0	0	0	0	0	0	4
8339	0	0	2	1	0	0	0	0	0	0	0	0	3
8340	3	0	0	0	0	0	0	0	0	0	0	0	3
8341	3	0	0	0	1	0	0	0	0	0	0	0	4
8342	1	0	0	0	0	2	1	0	0	0	0	0	4
8343	1	0	0	0	1	0	0	0	0	0	0	0	2
8344	3	0	0	0	1	0	0	0	0	0	0	0	4
8345	2	0	0	0	1	0	0	0	0	0	0	0	3
8346	3	0	0	0	0	0	0	0	0	0	0	0	3
8347	0	0	0	0	0	0	0	2	0	0	0	0	2
8348	4	0	0	0	0	0	0	0	0	0	0	0	4
8349	0	0	0	0	2	0	0	0	0	0	0	0	2
8351	1	0	0	0	0	0	0	0	0	0	0	0	1
8352	0	1	0	0	0	0	0	0	0	0	0	0	1
8353	1	0	0	0	0	0	1	1	0	0	0	0	3
8354	2	0	0	0	1	0	0	0	0	0	0	0	3
8355	1	0	0	0	1	0	0	1	0	0	0	0	3
8356	1	0	0	0	0	0	1	0	0	0	0	0	2
8357	2	0	0	0	0	0	0	0	0	0	0	0	2
8358	1	0	0	0	1	0	0	0	0	0	0	0	2
8359	1	0	0	0	0	0	1	0	0	0	0	0	2
8360	2	0	0	0	0	0	0	0	0	0	0	0	2
8361	2	0	0	0	0	0	0	0	0	0	0	0	2
8362	2	0	0	0	1	0	0	0	0	0	0	0	3
8363	1	0	0	0	0	0	0	2	0	0	0	0	3
8366	2	0	0	0	0	0	0	0	0	0	0	0	2
8367	0	0	0	1	0	0	0	0	0	0	0	0	1
8368	1	0	0	0	2	0	1	0	0	0	0	0	4
8369	2	0	0	0	0	0	1	0	0	0	0	0	3
8370	2	0	0	0	0	0	0	0	0	0	0	0	2
8371	1	0	0	2	0	0	1	0	0	0	0	0	4
8372	1	0	0	2	0	0	0	0	0	0	0	0	3
8373	2	0	0	0	0	0	0	1	0	0	0	0	3
8374	1	0	0	0	1	0	0	1	0	0	0	0	3
8375	0	0	1	0	0	0	0	0	0	0	0	0	1
8376	2	0	0	0	2	0	1	0	0	0	0	0	5
8377	1	0	0	0	0	0	0	0	0	0	0	0	1
8378	1	0	0	0	0	0	0	0	0	0	0	0	1
8379	0	0	1	0	0	0	0	0	0	0	0	0	1
8380	1	0	0	0	1	0	0	0	0	0	0	0	2
8381	2	0	0	1	0	0	0	0	0	0	0	0	3
8382	2	0	0	0	1	0	0	1	0	0	0	0	4
8383	2	0	0	0	0	0	0	0	0	0	0	0	2
8384	1	0	0	0	0	0	0	0	0	0	0	0	1
8385	1	0	0	0	1	1	0	0	0	0	0	0	3
8387	3	0	0	0	0	0	0	0	0	0	0	0	3
8388	0	1	1	0	0	0	0	0	0	0	0	0	2
8389	0	1	0	0	0	0	0	0	0	0	0	0	1
8390	2	0	0	0	0	0	0	0	0	0	0	0	2
8391	1	0	0	0	2	0	0	0	0	0	0	0	3
8392	3	0	0	0	0	1	0	0	0	0	0	0	4
8393	1	0	0	0	1	0	0	0	0	0	0	0	2
8394	1	0	0	0	2	0	0	1	0	0	0	0	4
8395	0	0	0	0	3	0	0	0	0	0	0	0	3
8396	1	0	0	0	1	0	0	1	0	0	0	0	3
8397	0	0	0	0	2	0	0	0	0	0	0	0	2
8398	0	0	0	0	1	0	0	0	0	0	0	0	1
8399	1	0	0	0	2	1	0	0	0	0	0	0	4
8400	2	0	0	0	1	0	0	0	0	0	0	0	3
8401	1	0	0	0	0	0	0	1	0	0	0	0	2
8402	2	0	0	1	0	1	0	0	0	0	0	0	4
8403	2	0	0	0	0	0	0	0	0	0	0	0	2
8404	3	0	0	0	0	0	0	0	0	0	0	0	3
8405	2	1	0	0	1	0	0	0	0	0	0	0	4
8406	3	0	0	0	0	0	0	1	0	0	0	0	4
8407	1	0	0	0	2	0	0	0	0	0	0	0	3
8408	0	0	0	1	0	0	0	0	0	0	0	0	1
8409	1	0	0	0	0	1	0	0	0	0	0	0	2
8410	2	0	0	0	0	0	0	0	0	0	0	0	2
8411	1	0	0	0	0	0	0	0	0	0	0	0	1
8412	0	0	0	1	0	0	0	0	0	0	0	0	1
8413	0	0	0	0	3	0	0	0	0	0	0	0	3
8414	2	1	0	0	1	0	0	0	0	0	0	0	4
8415	1	0	0	0	0	0	0	0	0	0	0	0	1
8416	1	0	0	0	0	1	0	0	0	0	0	0	2
8417	2	0	0	0	0	0	0	0	0	0	0	0	2
8419	2	0	0	0	0	0	0	0	0	0	0	0	2
8420	2	0	0	0	0	0	0	0	0	0	0	0	2
8421	2	0	0	0	1	0	0	0	0	0	0	0	3
8422	0	0	0	2	0	0	0	1	0	0	0	0	3
8423	1	0	0	0	0	0	0	0	0	0	0	0	1
8424	1	0	0	0	1	0	0	0	0	0	0	0	2
8425	1	1	0	0	1	0	0	0	0	0	0	0	3
8426	2	0	0	0	0	0	0	0	0	0	0	0	2
8427	2	0	0	0	0	0	0	0	0	0	0	0	2
8428	3	0	0	0	0	0	0	0	0	0	0	0	3
8429	0	0	2	0	2	0	0	0	0	0	0	0	4
8430	2	0	0	0	2	0	0	1	0	0	0	0	5
8431	2	0	0	0	0	0	0	0	0	0	0	0	2
8432	1	0	0	0	0	0	0	1	0	0	0	0	2
8433	2	0	0	0	1	0	0	1	0	0	0	0	4
8434	2	0	0	0	0	0	0	0	0	0	0	0	2
8435	1	0	0	1	1	0	0	0	0	0	0	0	3
8436	0	0	0	1	1	0	0	0	0	0	0	0	2
8437	2	0	0	0	0	0	0	1	0	0	0	0	3
8438	2	0	0	0	0	0	1	0	0	0	0	0	3
8439	2	0	0	0	1	0	0	0	0	0	0	0	3
8440	0	0	0	0	1	2	0	0	0	0	0	0	3
8441	4	0	0	0	0	0	0	0	0	0	0	0	4
8442	2	0	0	0	1	0	0	0	0	0	0	0	3
8443	0	0	0	1	1	0	0	0	0	0	0	0	2
8444	0	0	0	1	1	0	0	0	0	0	0	0	2
8445	1	0	0	0	0	0	0	0	0	0	0	0	1
8446	3	0	0	0	0	0	0	0	0	0	0	0	3
8447	1	0	0	0	1	0	0	2	0	0	0	0	4
8448	3	0	0	0	0	0	0	0	0	0	0	0	3
8449	2	0	0	0	1	0	0	0	0	0	0	0	3
8450	2	0	0	0	1	0	0	0	0	0	0	0	3
8451	3	0	0	0	0	0	0	0	0	0	0	0	3
8452	2	0	0	0	0	0	0	0	0	0	0	0	2
8453	0	0	0	1	0	0	0	0	0	0	0	0	1
8454	3	0	0	0	0	0	0	0	0	0	0	0	3
8455	1	0	0	0	2	0	0	0	0	0	0	0	3
8456	2	0	0	0	0	0	0	0	0	0	0	0	2
8457	1	0	0	0	0	0	0	0	0	0	0	0	1
8458	3	0	0	0	0	0	0	0	0	0	0	0	3
8459	2	0	0	0	0	0	1	0	0	0	0	0	3
8460	1	0	0	0	0	0	0	0	0	0	0	0	1
8461	1	0	0	0	0	0	0	0	0	0	0	0	1
8462	0	0	1	0	0	0	0	0	0	0	0	0	1
8463	3	0	0	0	0	0	0	1	0	0	0	0	4
8464	1	0	0	0	0	0	0	0	0	0	0	0	1
8465	2	0	0	0	0	0	0	0	0	0	0	0	2
8466	1	0	0	0	0	2	0	0	0	0	0	0	3
8467	2	0	0	0	1	0	0	1	0	0	0	0	4
8468	1	0	0	0	0	0	0	0	0	0	0	0	1
8469	4	0	0	0	0	0	0	0	0	0	0	0	4
8470	1	0	0	0	0	0	0	1	0	0	0	0	2
8471	0	0	0	0	2	0	1	0	0	0	0	0	3
8472	1	0	0	0	0	0	0	0	0	0	0	0	1
8473	0	0	0	0	0	2	0	0	0	0	0	0	2
8474	0	0	0	0	0	0	1	0	0	0	0	0	1
8475	2	0	0	0	0	0	0	0	0	0	0	0	2
8476	2	0	0	0	0	0	0	0	0	0	0	0	2
8477	2	0	0	0	0	0	0	0	0	0	0	0	2
8478	0	0	1	0	0	0	0	0	0	0	0	0	1
8479	1	0	0	0	0	0	0	0	0	0	0	0	1
8480	3	0	0	1	0	0	0	0	0	0	0	0	4
8481	1	0	0	0	0	0	0	0	0	0	0	0	1
8482	4	0	0	0	0	0	0	1	0	0	0	0	5
8483	1	0	0	0	2	0	0	0	0	0	0	0	3
8484	0	0	1	0	0	0	0	0	0	0	0	0	1
8485	2	0	0	0	0	0	0	0	0	0	0	0	2
8486	2	0	0	0	0	0	0	1	0	0	0	0	3
8487	1	0	0	1	0	0	0	0	0	0	0	0	2
8488	2	0	0	0	0	0	0	0	0	0	0	0	2
8489	2	0	0	0	0	1	0	0	0	0	0	0	3
8490	0	0	1	0	0	0	0	0	0	0	0	0	1
8491	0	0	0	0	1	0	0	0	0	0	0	0	1
8493	2	0	0	0	0	0	0	0	0	0	0	0	2
8494	1	0	0	1	0	0	0	0	0	0	0	0	2
8495	1	0	0	0	4	0	0	1	0	0	0	0	6
8496	2	0	0	0	0	0	0	0	0	0	0	0	2
8497	0	0	0	0	2	0	0	0	0	0	0	0	2
8498	0	0	0	1	2	0	0	0	0	0	0	0	3
8500	2	0	1	0	0	0	0	0	0	0	0	0	3
8501	1	0	0	0	2	0	0	0	0	0	0	0	3
8502	1	0	0	0	1	0	0	1	0	0	0	0	3
8503	1	0	1	0	0	0	0	0	0	0	0	0	2
8505	1	0	0	1	0	0	0	1	0	0	0	0	3
8506	3	0	0	0	0	0	0	0	0	0	0	0	3
8507	2	0	0	0	0	0	0	1	0	0	0	0	3
8509	4	0	0	0	0	0	0	1	0	0	0	0	5
8510	0	0	0	0	0	0	0	1	0	0	0	0	1
8511	2	0	0	0	2	0	0	1	0	0	0	0	5
8513	0	0	0	0	3	1	0	0	0	0	0	0	4
8514	0	0	0	0	1	0	0	0	0	0	0	0	1
8515	1	0	0	0	1	0	0	0	0	0	0	0	2
8516	1	0	1	0	2	0	0	0	0	0	0	0	4
8517	0	0	0	0	1	0	0	0	0	0	0	0	1
8518	3	0	0	0	0	0	0	0	0	0	0	0	3
8519	2	0	0	0	0	0	0	0	0	0	0	0	2
8520	4	0	0	0	0	0	1	0	0	0	0	0	5
8522	1	0	0	0	1	1	0	0	0	0	0	0	3
8523	2	0	0	0	1	0	0	0	0	0	0	0	3
8524	3	0	0	0	1	0	0	1	0	0	0	0	5
8525	3	0	0	0	0	0	0	0	1	0	0	0	4
8526	3	0	0	0	0	0	0	0	0	0	0	0	3
8527	1	0	0	0	1	0	0	0	0	0	0	0	2
8528	1	0	0	1	2	0	0	0	0	0	0	0	4
8529	2	0	0	0	2	0	0	1	0	0	0	0	5
8530	5	0	0	0	1	0	0	0	0	0	0	0	6
8531	2	0	0	0	0	1	0	0	0	0	0	0	3
8532	2	0	0	0	0	0	0	0	0	0	0	0	2
8533	1	0	0	0	3	0	0	0	0	0	0	0	4
8534	1	0	0	0	1	0	0	1	0	0	0	0	3
8535	1	0	0	0	0	0	0	0	0	0	0	0	1
8536	1	0	0	0	0	0	0	0	0	0	0	0	1
8537	1	0	0	0	0	0	0	0	0	0	0	0	1
8538	2	0	0	0	0	0	0	1	0	0	0	0	3
8539	1	0	0	0	0	0	0	0	0	0	0	0	1
8540	2	0	0	1	0	0	0	0	0	0	0	0	3
8541	2	0	0	0	1	0	0	0	0	0	0	0	3
8542	2	0	0	0	2	0	0	0	0	0	0	0	4
8543	2	0	0	0	0	0	0	0	0	0	0	0	2
8544	1	0	0	0	1	0	0	0	0	0	0	0	2
8546	0	1	1	0	1	0	0	0	0	0	0	0	3
8547	2	1	0	0	0	0	0	0	0	0	0	0	3
8549	2	0	0	0	1	0	0	0	0	0	0	0	3
8551	1	1	0	1	1	0	0	0	0	0	0	0	4
8552	0	0	0	0	1	0	0	0	0	0	0	0	1
8553	1	0	0	0	0	0	0	0	0	0	0	0	1
8554	3	0	0	0	2	0	1	1	0	0	0	0	7
8555	2	0	0	0	0	0	0	1	0	0	0	0	3
8557	2	0	0	0	0	0	1	0	0	0	0	0	3
8558	2	0	0	0	2	0	0	0	0	0	0	0	4
8559	2	0	0	0	0	0	0	0	0	0	0	0	2
8560	1	0	0	0	0	0	0	0	0	0	0	0	1
8561	2	0	0	0	0	0	0	1	0	0	0	0	3
8562	0	0	0	0	1	0	0	0	0	0	0	0	1
8563	0	0	1	0	0	0	0	1	0	0	0	0	2
8564	2	0	0	0	0	0	0	1	1	0	0	0	4
8565	3	0	0	0	0	0	0	0	0	0	0	0	3
8566	1	0	0	1	0	0	0	1	0	0	0	0	3
8567	2	0	0	0	0	0	0	0	0	0	0	0	2
8569	2	0	0	0	0	0	0	0	0	0	0	0	2
8570	1	0	0	0	1	0	1	0	0	0	0	0	3
8571	2	0	0	0	0	0	0	0	0	0	0	0	2
8572	2	0	0	1	1	0	0	0	1	0	0	0	5
8573	2	0	0	0	0	0	0	0	0	0	0	0	2
8574	1	0	0	0	0	0	0	0	0	0	0	0	1
8575	2	0	0	0	0	0	0	0	0	1	0	0	3
8576	0	0	1	0	2	0	0	0	0	0	0	0	3
8577	3	0	0	0	0	0	0	0	0	0	0	0	3
8578	1	0	0	0	0	0	0	0	0	0	0	0	1
8579	2	0	0	0	3	0	1	1	0	0	0	0	7
8580	0	1	0	1	1	0	0	0	0	0	0	0	3
8581	2	0	0	0	1	0	0	0	0	0	0	0	3
8582	2	0	0	0	0	0	0	0	0	0	0	0	2
8583	2	0	0	1	1	0	0	0	1	0	0	0	5
8584	2	0	0	0	0	2	0	0	0	0	0	0	4
8585	0	0	0	0	1	0	0	0	0	0	0	0	1
8586	3	0	0	0	0	0	0	0	0	0	0	0	3
8587	1	0	0	0	0	0	0	0	0	0	0	0	1
8589	3	0	0	0	0	0	0	0	0	0	0	0	3
8590	1	0	0	0	0	0	1	0	0	0	0	0	2
8591	3	0	0	0	1	0	0	0	0	0	0	0	4
8592	1	0	0	0	0	0	0	0	0	0	0	0	1
8593	1	0	0	0	2	0	0	0	0	0	0	0	3
8594	1	0	0	1	0	0	0	0	0	0	0	0	2
8595	1	0	0	1	1	0	0	0	0	0	0	0	3
8596	1	0	0	1	0	0	0	0	0	0	0	0	2
8597	3	0	0	0	0	0	0	0	0	0	0	0	3
8598	2	0	0	0	1	0	0	0	0	0	0	0	3
8599	3	0	0	0	0	0	1	1	0	0	0	0	5
8600	0	0	0	0	2	0	0	0	0	0	0	0	2
8601	2	0	0	0	0	0	0	1	0	0	0	0	3
8602	1	0	0	0	2	0	0	0	0	0	0	0	3
8603	1	0	0	0	1	0	0	0	0	0	0	0	2
8605	2	0	0	0	0	0	0	1	0	0	0	0	3
8606	3	0	0	0	0	0	0	0	0	1	0	0	4
8607	2	0	0	0	1	0	0	0	0	0	0	0	3
8608	3	0	0	0	0	0	0	0	0	0	0	0	3
8609	0	0	0	1	0	0	0	0	0	0	0	0	1
8610	2	0	0	0	0	0	0	0	0	0	0	0	2
8611	0	0	0	1	1	0	0	0	0	0	0	0	2
8612	2	0	0	0	0	0	0	0	0	0	0	0	2
8613	2	0	0	0	0	1	0	0	0	0	0	0	3
8614	1	0	0	0	0	0	0	0	0	0	0	0	1
8615	1	0	0	0	1	0	0	0	0	0	0	0	2
8616	1	0	0	0	0	0	0	0	0	0	0	0	1
8617	2	0	0	0	0	0	0	0	0	0	0	0	2
8618	2	0	0	0	1	0	0	0	0	0	0	0	3
8619	0	0	0	0	0	0	0	1	0	1	0	0	2
8620	2	0	0	0	1	0	0	0	0	0	0	0	3
8623	1	0	0	0	0	0	0	0	0	0	0	0	1
8624	0	0	0	1	0	0	0	0	0	0	0	0	1
8625	3	0	0	0	0	0	0	1	0	0	0	0	4
8626	2	0	0	0	0	0	0	0	0	1	0	0	3
8627	2	0	0	0	1	0	0	0	0	0	0	0	3
8628	3	0	1	0	0	1	0	0	0	0	0	0	5
8629	1	0	1	0	1	0	0	0	0	0	0	0	3
8630	1	1	0	0	0	0	0	0	0	0	0	0	2
8631	1	0	0	0	0	0	1	1	0	0	0	0	3
8632	2	0	0	0	0	0	0	1	0	0	0	0	3
8633	0	0	2	0	0	0	0	0	0	0	0	0	2
8634	2	0	0	0	0	0	0	0	0	0	0	0	2
8635	1	1	1	0	1	0	0	1	0	0	0	0	5
8636	2	0	0	0	1	0	0	0	0	0	0	0	3
8637	1	0	0	0	1	0	0	0	0	0	0	0	2
8638	2	0	0	0	0	0	0	0	0	0	0	0	2
8639	0	0	0	0	2	0	0	0	0	0	0	0	2
8640	4	0	0	0	0	0	0	1	0	0	0	0	5
8641	2	0	0	1	0	0	0	0	0	0	0	0	3
8642	1	0	0	0	1	0	1	0	0	0	0	0	3
8643	0	0	0	0	1	0	0	0	0	0	0	0	1
8644	0	0	0	0	1	0	0	1	0	0	0	0	2
8645	1	0	3	0	1	0	0	0	0	0	0	0	5
8646	2	0	1	0	1	0	0	0	0	0	0	0	4
8647	1	0	0	0	0	0	0	0	1	0	0	0	2
8648	2	0	0	0	2	0	0	0	0	0	0	0	4
8649	3	0	0	0	1	0	0	0	0	0	0	0	4
8650	0	0	0	0	1	0	1	0	0	0	0	0	2
8651	3	0	0	0	0	0	0	0	0	0	0	0	3
8652	2	0	0	1	0	0	0	0	0	0	0	0	3
8653	3	0	0	0	0	0	0	0	0	0	0	0	3
8654	1	0	1	1	0	0	0	0	0	0	0	0	3
8655	1	0	0	0	0	0	0	0	0	0	0	0	1
8656	4	0	0	0	0	0	0	0	0	0	0	0	4
8657	1	0	0	0	0	0	0	0	0	0	0	0	1
8658	4	0	0	0	0	0	0	0	0	0	0	0	4
8659	3	1	0	0	0	0	0	0	1	0	0	0	5
8660	0	0	0	0	1	0	0	0	0	0	0	0	1
8661	1	0	0	0	2	0	0	0	0	0	0	0	3
8662	0	0	0	1	2	0	0	0	0	0	0	0	3
8663	0	0	0	1	0	0	2	0	0	0	0	0	3
8664	0	0	0	0	1	1	0	0	0	0	0	0	2
8665	2	0	0	0	1	0	0	0	0	0	0	0	3
8666	2	0	0	0	0	0	0	0	0	0	0	0	2
8667	2	0	0	0	0	0	1	0	0	0	0	0	3
8668	2	0	0	0	0	0	0	0	0	0	0	0	2
8669	4	0	0	0	1	0	0	1	0	0	0	0	6
8670	1	0	0	0	0	0	0	0	0	0	0	0	1
8671	1	0	1	0	1	0	0	0	0	0	0	0	3
8672	3	0	0	0	0	0	0	0	0	0	0	0	3
8673	2	0	0	0	0	0	0	1	0	0	0	0	3
8674	1	0	0	0	1	0	1	0	0	0	0	0	3
8675	1	0	0	0	1	0	0	1	0	0	0	0	3
8676	0	0	0	1	0	0	0	0	0	0	0	0	1
8677	2	0	0	0	1	0	0	0	0	0	0	0	3
8678	2	0	0	0	0	0	0	1	0	0	0	0	3
8679	2	0	0	0	3	1	0	0	0	0	0	0	6
8680	5	0	0	0	0	0	0	1	0	0	0	0	6
8681	0	0	0	0	0	1	0	0	1	0	0	0	2
8682	1	0	0	1	0	0	0	0	0	0	0	0	2
8683	1	0	0	0	1	0	0	0	0	0	0	0	2
8684	1	0	0	0	0	0	0	0	0	0	0	0	1
8685	2	0	0	0	0	0	0	0	0	0	0	0	2
8686	0	0	1	0	2	0	0	0	0	0	0	0	3
8687	2	0	0	1	1	0	0	0	0	0	0	0	4
8688	3	0	0	0	0	0	0	0	0	0	0	0	3
8689	4	0	0	0	0	0	0	1	0	0	0	0	5
8690	0	0	0	0	2	0	0	1	0	0	0	0	3
8691	1	0	0	0	1	0	1	0	0	0	0	0	3
8692	1	0	0	0	1	1	0	0	0	0	0	0	3
8694	2	0	0	0	0	0	1	0	0	0	0	0	3
8695	2	0	0	0	1	0	0	0	0	0	0	0	3
8696	1	0	0	0	1	0	0	0	0	0	0	0	2
8697	2	0	0	0	1	0	0	0	0	0	0	0	3
8698	1	0	0	0	1	0	0	0	0	0	0	0	2
8699	1	0	0	0	0	0	1	0	0	0	0	0	2
8700	2	0	0	0	0	0	0	0	0	0	0	0	2
8701	1	0	1	0	1	0	0	0	0	0	0	0	3
8702	1	0	0	0	0	0	0	0	0	0	0	0	1
8703	2	0	0	0	0	0	0	0	0	0	0	0	2
8704	1	0	0	1	1	0	0	0	0	0	0	0	3
8705	3	0	0	0	0	0	0	1	0	0	0	0	4
8706	3	0	0	0	0	0	0	1	0	0	0	0	4
8707	1	0	0	0	0	0	0	0	0	0	0	0	1
8708	3	0	0	0	1	0	0	0	0	0	0	0	4
8709	1	0	0	0	1	0	0	1	0	0	0	0	3
8710	1	0	0	0	1	0	0	0	0	0	0	0	2
8711	3	0	0	1	0	0	0	0	0	0	0	0	4
8712	3	0	0	0	2	0	0	0	0	0	0	0	5
8713	1	0	0	0	0	0	0	0	0	0	0	0	1
8714	2	0	0	1	1	0	0	0	0	0	0	0	4
8715	2	0	0	0	0	0	0	0	0	0	0	0	2
8716	1	0	0	0	4	0	0	0	0	0	0	0	5
8717	1	0	0	0	2	0	0	0	0	0	0	0	3
8718	0	0	0	0	2	0	0	0	0	0	0	0	2
8719	3	0	0	0	1	0	0	0	1	1	0	0	6
8720	2	0	0	0	1	0	0	0	0	1	0	0	4
8721	3	0	0	0	2	0	0	0	0	0	0	0	5
8722	2	0	0	0	1	0	0	0	0	0	0	0	3
8723	1	0	0	0	0	0	1	0	0	0	0	0	2
8724	2	0	0	0	1	0	0	0	0	0	0	0	3
8725	3	0	0	1	0	0	0	0	0	0	0	0	4
8726	1	0	0	1	0	0	0	0	0	0	0	0	2
8727	1	0	0	0	0	0	0	0	0	0	0	0	1
8728	1	0	0	0	0	0	0	0	0	0	0	0	1
8729	4	0	0	0	0	0	0	0	0	0	0	0	4
8730	1	0	0	0	4	0	0	0	0	0	0	0	5
8731	2	0	0	0	2	0	0	0	0	0	0	0	4
8732	3	0	0	1	0	0	0	0	0	0	0	0	4
8733	0	0	1	0	0	0	0	0	0	0	0	0	1
8734	1	0	1	0	0	0	0	0	0	0	0	0	2
8736	0	0	0	0	1	0	0	0	0	0	0	0	1
8738	2	0	0	0	0	0	0	0	0	0	0	0	2
8739	2	0	0	0	0	0	0	0	0	0	0	0	2
8740	0	1	0	0	0	0	0	0	0	0	0	0	1
8741	2	0	0	0	1	0	0	0	0	0	0	0	3
8742	1	0	0	0	0	0	0	0	0	0	0	0	1
8743	2	0	0	0	0	0	1	0	0	0	0	0	3
8744	5	0	0	0	0	0	0	1	0	0	0	0	6
8745	2	0	0	0	0	0	0	0	0	0	0	0	2
8746	1	0	0	0	0	0	0	0	0	0	0	0	1
8747	2	0	0	0	0	0	0	0	0	0	0	0	2
8748	3	0	0	0	0	0	0	0	0	0	0	0	3
8749	2	0	0	0	2	0	0	0	1	0	0	0	5
8751	5	0	0	0	1	0	0	0	0	0	0	0	6
8752	2	0	0	0	1	0	0	0	0	0	0	0	3
8753	1	0	0	0	0	0	0	0	1	0	0	0	2
8754	0	0	0	0	2	0	0	0	0	0	0	0	2
8755	1	0	0	0	0	0	0	1	0	0	0	0	2
8756	3	0	0	0	0	0	1	0	1	0	0	0	5
8757	2	0	0	0	1	0	0	0	0	0	0	0	3
8758	1	0	0	0	0	0	1	0	0	0	0	0	2
8759	3	0	0	0	0	0	0	0	0	0	0	0	3
8760	4	0	0	0	0	0	0	1	0	0	0	0	5
8761	2	0	0	1	1	0	0	1	0	0	0	0	5
8762	2	0	0	0	0	0	1	0	0	1	0	0	4
8763	2	0	0	0	2	0	0	0	0	0	0	0	4
8764	4	0	0	1	0	0	0	0	0	0	0	0	5
8765	2	0	0	1	0	0	0	0	0	0	0	0	3
8766	2	0	0	0	0	0	0	2	0	0	0	0	4
8767	2	0	0	1	2	0	0	0	0	0	0	0	5
8768	1	0	0	0	1	0	0	0	0	0	0	0	2
8769	1	1	0	0	0	0	0	0	0	0	0	0	2
8770	2	0	0	0	0	0	0	0	0	0	0	0	2
8771	1	0	0	1	3	0	0	0	0	0	0	0	5
8772	7	0	0	0	0	0	0	0	0	0	0	0	7
8773	1	0	0	0	0	0	0	0	0	0	0	0	1
8774	3	0	0	0	2	0	0	0	0	0	0	0	5
8775	4	0	0	0	0	0	0	0	0	0	0	0	4
8776	1	0	0	1	1	0	1	0	0	0	0	0	4
8777	2	0	0	0	0	0	0	1	0	0	0	0	3
8778	2	0	0	0	0	0	0	0	0	0	0	0	2
8779	2	0	0	0	2	0	0	1	0	0	0	0	5
8783	0	0	1	0	0	0	0	0	0	0	0	0	1
8784	2	0	0	0	0	0	0	0	0	0	0	0	2
8785	4	0	0	0	1	0	0	1	0	0	0	0	6
8786	4	0	0	0	0	0	0	0	0	0	0	0	4
8788	2	0	0	0	0	0	0	1	0	0	0	0	3
8789	0	0	1	1	2	0	0	0	0	0	0	0	4
8790	0	0	0	0	2	0	0	0	0	0	0	0	2
8791	3	0	0	0	3	0	0	0	0	0	0	0	6
8793	2	0	0	0	0	0	0	0	0	0	0	0	2
8794	1	0	0	0	0	1	0	0	0	0	0	0	2
8795	0	0	0	1	0	0	0	0	0	0	0	0	1
8796	0	0	0	1	1	0	1	0	1	0	0	0	4
8797	2	0	0	0	2	0	0	0	0	0	0	0	4
8798	5	0	0	0	0	0	0	0	0	0	0	0	5
8799	2	0	0	1	1	0	0	0	0	0	0	0	4
8800	2	0	2	0	1	0	0	0	0	0	0	0	5
8802	3	0	0	0	0	0	0	0	0	0	0	0	3
8803	0	0	0	0	1	0	0	0	0	0	0	0	1
8804	2	0	0	0	0	0	0	0	0	0	0	0	2
8805	0	0	1	0	0	0	0	0	0	0	0	0	1
8807	2	0	0	0	0	0	0	0	0	0	0	0	2
8808	0	0	0	1	0	0	0	1	0	0	0	0	2
8809	1	0	0	0	1	0	0	1	0	0	0	0	3
8810	2	0	0	0	0	0	0	0	0	0	0	0	2
8811	0	0	1	0	1	0	0	0	0	0	0	0	2
8812	3	0	0	0	1	0	0	0	0	0	0	0	4
8813	2	0	0	0	0	0	0	0	0	0	0	0	2
8814	2	0	0	0	0	0	0	0	0	0	0	0	2
8815	1	0	0	0	0	0	1	0	0	0	0	0	2
8817	1	0	0	1	0	0	0	0	0	0	0	0	2
8818	1	0	0	1	0	0	0	0	0	0	0	0	2
8819	2	0	0	0	0	0	0	1	0	0	0	0	3
8820	2	0	1	0	0	0	1	0	0	0	0	0	4
8821	1	0	0	0	0	0	1	0	0	0	0	0	2
8822	3	0	1	0	1	0	0	0	0	0	0	0	5
8823	0	0	0	0	1	0	0	0	0	0	0	0	1
8824	1	0	0	0	0	0	0	1	0	0	0	0	2
8825	0	0	0	1	0	0	0	0	0	0	0	0	1
8826	2	0	0	0	0	0	1	0	0	0	0	0	3
8827	3	0	0	0	0	0	0	0	0	0	0	0	3
8828	1	0	0	0	1	0	0	0	0	0	0	0	2
8831	1	0	0	0	0	0	0	0	0	0	0	0	1
8832	2	0	0	0	0	0	0	1	0	0	0	0	3
8833	2	0	0	0	2	0	0	0	0	0	0	0	4
8834	1	0	0	0	0	0	0	0	0	0	0	0	1
8835	3	0	0	0	0	0	0	0	0	0	0	0	3
8836	1	0	0	0	0	1	2	0	0	0	0	0	4
8837	1	0	0	0	0	0	0	0	0	0	0	0	1
8839	2	0	1	0	0	0	0	0	0	0	0	0	3
8840	1	0	0	1	0	0	0	0	0	0	0	0	2
8841	0	0	1	0	2	0	0	0	0	0	0	0	3
8842	1	1	0	0	1	0	0	0	0	0	0	0	3
8843	3	0	0	0	0	0	0	0	0	0	0	0	3
8844	2	0	0	0	0	0	0	0	0	0	0	0	2
8845	1	0	0	0	0	0	0	0	0	0	0	0	1
8846	2	0	0	0	0	0	1	0	0	0	0	0	3
8847	4	0	0	1	0	0	0	0	0	0	0	0	5
8849	2	0	0	0	0	0	0	0	0	0	0	0	2
8850	1	0	0	0	2	0	0	0	0	0	0	0	3
8851	5	0	0	0	3	0	0	1	0	0	0	0	9
8852	0	0	0	1	1	0	0	0	0	0	0	0	2
8853	2	0	0	0	1	0	0	0	0	0	0	0	3
8854	1	0	0	0	0	0	0	0	0	0	0	0	1
8855	1	0	0	0	0	0	0	0	0	0	0	0	1
8856	1	1	0	0	0	0	0	0	0	0	0	0	2
8857	0	0	0	0	3	1	0	0	0	0	0	0	4
8858	2	0	0	0	0	0	0	1	0	0	0	0	3
8859	1	0	0	0	0	0	0	0	0	0	0	0	1
8860	3	0	0	0	0	0	0	0	0	0	0	0	3
8861	2	0	0	0	0	0	1	0	0	0	0	0	3
8862	2	0	0	0	0	0	0	0	0	0	0	0	2
8863	2	0	0	0	1	1	0	0	0	0	0	0	4
8865	1	0	0	0	0	0	0	0	0	0	0	0	1
8866	0	0	0	0	1	1	0	0	0	0	0	0	2
8868	1	0	0	0	0	0	0	0	0	0	0	0	1
8870	1	0	0	0	1	1	0	0	0	0	0	0	3
8871	0	0	0	0	1	0	0	0	0	0	0	0	1
8872	2	0	1	0	0	0	0	0	0	0	0	0	3
8873	1	0	0	0	4	0	0	0	0	0	0	0	5
8874	1	0	0	0	1	0	0	1	0	0	0	0	3
8876	1	0	0	0	2	0	0	0	0	0	0	0	3
8877	2	0	0	0	0	0	0	1	0	0	0	0	3
8878	2	0	0	0	0	1	0	0	0	0	0	0	3
8879	1	0	0	1	2	0	1	0	0	0	0	0	5
8880	0	0	1	0	0	0	0	0	0	0	0	0	1
8881	1	0	0	1	1	0	0	0	0	0	0	0	3
8882	1	0	0	0	0	0	0	0	1	0	0	0	2
8883	1	0	0	0	2	0	0	0	0	0	0	0	3
8884	4	0	0	0	0	0	0	0	0	0	0	0	4
8885	0	1	0	0	0	0	0	0	0	0	0	0	1
8886	0	0	0	1	2	1	0	0	0	0	0	0	4
8887	2	0	0	0	1	0	0	0	0	0	0	0	3
8888	3	0	0	0	0	0	0	0	0	0	0	0	3
8889	1	0	0	0	1	0	0	0	0	0	0	0	2
8890	1	0	0	0	0	0	0	0	0	0	0	0	1
8891	1	0	0	1	2	0	0	0	0	0	0	0	4
8892	1	0	0	0	0	0	0	0	0	0	0	0	1
8893	2	0	0	0	0	0	0	0	0	0	0	0	2
8894	2	0	0	0	1	0	0	0	0	0	0	0	3
8895	2	0	0	1	2	0	0	0	0	0	0	0	5
8896	0	0	0	0	1	0	0	0	0	0	0	0	1
8897	1	0	0	1	0	0	0	0	0	0	0	0	2
8898	2	0	0	0	1	0	0	0	0	0	0	0	3
8899	1	0	0	0	0	0	0	0	0	0	0	0	1
8900	1	0	0	0	2	0	0	0	0	0	0	0	3
8901	1	0	0	0	1	0	0	0	0	0	0	0	2
8902	2	0	0	0	2	1	0	0	0	0	0	0	5
8903	4	0	0	0	0	0	0	0	0	0	0	0	4
8904	1	0	0	0	0	0	0	1	0	0	0	0	2
8905	0	0	0	0	3	0	0	0	0	0	0	0	3
8906	3	0	0	0	0	0	0	0	0	0	0	0	3
8907	1	0	0	0	0	0	0	0	0	0	0	0	1
8909	2	0	0	0	2	0	0	0	0	0	0	0	4
8910	2	0	0	0	0	0	0	1	0	0	0	0	3
8911	1	0	0	0	0	0	0	0	0	0	0	0	1
8912	1	0	0	0	1	0	0	0	0	0	0	0	2
8914	2	0	0	0	0	0	0	0	0	0	0	0	2
8915	2	0	0	0	0	0	0	1	0	0	0	0	3
8916	1	0	0	0	0	0	0	0	0	0	0	0	1
8917	2	0	0	1	0	0	0	0	0	0	0	0	3
8918	2	0	0	0	0	0	0	0	1	0	0	0	3
8919	2	0	0	0	0	0	0	0	0	0	0	0	2
8920	1	0	0	0	0	0	0	1	0	0	0	0	2
8921	0	0	0	0	1	0	0	0	0	0	0	0	1
8922	1	0	0	1	3	0	0	0	0	0	0	0	5
8923	1	0	0	0	2	0	0	1	0	0	0	0	4
8924	1	0	0	0	0	0	0	0	0	0	0	0	1
8925	3	0	0	0	0	0	0	0	0	0	0	0	3
8926	2	0	0	1	0	0	0	1	0	0	0	0	4
8927	0	0	0	1	0	0	0	0	0	0	0	0	1
8928	0	0	0	0	0	0	0	1	0	0	0	0	1
8929	2	0	0	0	1	0	1	0	0	0	0	0	4
8930	1	1	1	0	1	0	0	0	0	0	0	0	4
8931	0	0	0	0	1	0	1	0	0	0	0	0	2
8932	0	0	0	0	0	1	0	0	0	0	0	0	1
8933	1	0	0	1	0	0	0	0	0	0	0	0	2
8934	3	0	0	0	0	0	0	0	0	0	0	0	3
8935	1	0	0	0	1	0	0	0	0	0	0	0	2
8936	3	0	0	0	0	0	0	0	0	0	0	0	3
8937	5	0	0	0	1	0	0	0	0	1	0	0	7
8938	2	0	0	0	0	0	0	0	0	0	0	0	2
8939	2	0	0	0	0	0	0	0	0	0	0	0	2
8940	2	0	0	0	0	0	0	0	0	0	0	0	2
8941	0	0	0	0	1	0	0	0	0	0	0	0	1
8942	2	0	0	1	1	0	0	0	0	0	0	0	4
8943	4	0	0	0	0	0	0	0	0	0	0	0	4
8944	2	0	0	1	0	0	0	1	0	0	0	0	4
8945	1	0	0	1	0	0	0	0	1	0	0	0	3
8946	2	0	0	0	1	0	1	0	0	0	0	0	4
8949	2	0	0	0	0	0	0	0	0	0	0	0	2
8950	0	0	0	0	2	0	0	0	0	0	0	0	2
8952	1	0	0	0	2	0	0	0	0	0	0	0	3
8953	1	0	0	0	0	1	0	1	0	0	0	0	3
8955	0	0	0	0	1	0	0	0	0	0	0	0	1
8956	2	0	1	0	1	0	0	0	0	0	0	0	4
8957	2	0	0	0	0	0	0	0	0	0	0	0	2
8958	2	0	0	0	1	0	0	0	0	0	0	0	3
8959	3	0	0	0	0	0	0	0	0	0	0	0	3
8961	2	0	0	1	0	0	0	0	0	0	0	0	3
8962	2	0	0	0	1	0	0	0	0	0	0	0	3
8963	1	0	0	0	1	0	0	0	0	0	0	0	2
8964	1	0	0	1	0	0	1	0	0	0	0	0	3
8965	1	0	0	0	0	0	0	0	0	0	0	0	1
8966	1	0	0	0	1	0	0	0	0	0	0	0	2
8967	4	0	0	0	1	0	0	0	0	0	0	0	5
8968	0	0	2	0	0	0	0	0	0	0	0	0	2
8969	1	0	0	0	1	0	0	0	0	0	0	0	2
8971	2	0	0	0	0	0	1	1	0	0	0	0	4
8972	0	0	0	1	1	2	2	1	0	0	0	0	7
8973	1	0	0	0	1	0	0	1	0	0	0	0	3
8974	2	0	0	0	0	0	0	1	0	0	0	0	3
8975	1	0	0	0	0	0	0	0	0	0	0	0	1
8976	3	0	0	0	2	0	0	0	0	0	0	0	5
8979	0	0	0	1	0	0	0	0	0	0	0	0	1
8980	0	0	0	0	2	0	0	0	0	0	0	0	2
8981	2	0	0	0	0	0	0	0	0	0	0	0	2
8982	3	0	0	0	0	0	0	1	0	0	0	0	4
8983	2	0	0	0	0	0	0	1	0	0	0	0	3
8984	3	0	0	0	0	0	0	0	0	0	0	0	3
8985	2	0	0	0	0	0	0	0	0	0	0	0	2
8986	1	0	0	1	1	0	0	1	0	0	0	0	4
8987	1	0	0	0	0	0	0	0	0	0	0	0	1
8989	1	0	0	0	2	0	1	0	0	0	0	0	4
8990	3	0	0	0	0	0	0	0	0	0	0	0	3
8991	2	0	0	0	0	0	0	0	0	0	0	0	2
8992	1	0	0	0	0	0	0	0	0	0	0	0	1
8993	3	0	0	0	0	0	0	0	0	0	0	0	3
8994	0	0	0	0	1	0	0	1	0	0	0	0	2
8995	1	0	0	0	3	0	0	0	0	0	0	0	4
8996	2	0	0	0	0	0	0	0	0	0	0	0	2
8997	0	0	0	0	3	0	0	0	0	0	0	0	3
8998	1	0	0	1	3	0	0	1	0	0	0	0	6
8999	1	0	0	0	0	0	0	0	0	0	0	0	1
9000	1	0	0	0	2	0	0	0	0	0	0	0	3
9001	2	0	0	0	0	0	0	2	0	0	0	0	4
9002	5	0	0	0	0	0	0	1	0	0	0	0	6
9003	2	0	0	0	0	0	0	0	0	0	0	0	2
9004	1	0	0	0	1	0	0	0	0	0	0	0	2
9005	2	0	0	0	0	0	0	0	0	0	0	0	2
9006	1	0	0	0	1	0	0	1	0	0	0	0	3
9007	2	0	0	0	0	0	0	0	0	0	0	0	2
9008	0	0	0	0	1	0	0	1	0	0	0	0	2
9009	1	0	0	0	0	0	0	0	0	0	0	0	1
9010	2	0	0	0	1	0	0	0	0	0	0	0	3
9011	2	0	0	0	2	0	0	1	0	0	0	0	5
9012	3	0	0	0	1	0	0	1	0	0	0	0	5
9013	2	0	0	0	0	0	0	0	0	0	0	0	2
9014	3	0	0	0	0	0	0	0	0	0	0	0	3
9015	1	0	0	0	0	0	0	0	0	0	0	0	1
9016	0	0	0	1	0	0	0	0	0	0	0	0	1
9017	0	0	1	0	0	0	0	0	0	0	0	0	1
9018	2	0	0	0	2	0	0	1	0	0	0	0	5
9019	0	0	1	0	0	0	0	0	0	0	0	0	1
9022	3	0	0	0	0	0	0	1	0	0	0	0	4
9023	1	0	0	0	0	0	0	0	0	0	0	0	1
9024	2	0	0	1	0	0	0	0	0	0	0	0	3
9025	1	0	0	0	1	0	0	0	0	0	0	0	2
9026	2	0	0	0	0	0	0	0	0	0	0	0	2
9027	1	1	0	0	0	0	0	0	0	0	0	0	2
9028	2	0	0	0	0	0	1	0	0	0	0	0	3
9029	1	0	0	0	1	0	1	0	0	0	0	0	3
9030	2	0	0	0	0	0	1	0	0	0	0	0	3
9031	2	0	0	0	1	0	0	0	0	0	0	0	3
9032	1	0	0	0	1	0	0	0	0	0	0	0	2
9033	1	0	0	0	1	0	0	0	0	0	0	0	2
9034	2	0	0	1	0	0	0	1	0	0	0	0	4
9035	0	2	0	0	2	0	0	0	0	0	0	0	4
9036	1	0	0	1	3	0	0	0	0	0	0	0	5
9038	2	0	0	0	0	0	0	0	0	0	0	0	2
9039	0	0	0	0	1	0	0	0	0	0	0	0	1
9040	7	0	0	0	0	0	0	1	0	0	0	0	8
9041	1	0	0	0	0	0	0	1	0	0	0	0	2
9042	0	1	0	0	0	0	0	0	0	0	0	0	1
9043	0	0	0	0	4	0	0	0	0	0	0	0	4
9044	0	0	0	0	1	0	0	0	0	0	0	0	1
9045	2	0	0	0	1	0	0	0	0	0	0	0	3
9046	5	0	0	0	1	0	0	1	0	0	0	0	7
9047	2	0	0	0	0	0	0	0	0	0	0	0	2
9048	2	0	0	0	0	0	0	0	0	0	0	0	2
9049	3	0	0	0	1	0	0	0	0	0	0	0	4
9050	2	0	0	0	2	0	0	0	0	0	0	0	4
9051	1	1	0	1	2	0	0	0	0	0	0	0	5
9052	2	0	0	0	0	0	0	0	0	0	0	0	2
9053	2	0	0	0	0	0	2	0	0	0	0	0	4
9054	4	0	0	0	0	0	0	1	0	0	0	0	5
9055	1	0	0	0	0	0	0	0	0	0	0	0	1
9056	0	0	0	1	0	0	0	0	0	0	0	0	1
9057	2	0	0	1	0	0	0	0	0	0	0	0	3
9058	2	0	0	0	1	0	0	0	0	0	0	0	3
9059	1	0	0	0	4	0	0	0	0	0	0	0	5
9060	4	0	0	0	0	0	1	0	0	0	0	0	5
9061	0	0	0	1	0	1	0	2	0	0	0	0	4
9062	3	0	0	0	0	0	0	0	0	0	0	0	3
9063	3	0	0	0	0	0	0	0	0	0	0	0	3
9064	2	0	0	0	0	0	0	0	0	0	0	0	2
9065	2	0	0	0	0	0	0	0	1	0	0	0	3
9066	3	0	0	0	1	0	1	0	0	0	0	0	5
9067	1	0	0	0	1	0	0	0	0	0	0	0	2
9069	1	0	0	1	1	0	0	0	0	0	0	0	3
9070	2	0	0	0	0	0	0	1	0	0	0	0	3
9071	1	0	0	0	3	0	0	0	0	0	0	0	4
9072	2	0	0	0	1	0	0	1	0	0	0	0	4
9074	2	0	0	0	2	0	0	0	0	0	0	0	4
9075	0	0	1	0	0	1	0	0	0	0	0	0	2
9076	3	0	0	0	1	0	0	0	0	0	0	0	4
9077	1	0	0	1	0	0	0	0	0	0	0	0	2
9078	3	0	0	0	2	0	0	0	0	0	0	0	5
9080	2	0	0	0	0	1	0	0	0	0	0	0	3
9081	3	0	0	0	0	0	0	0	0	0	0	0	3
9082	0	0	1	0	0	0	0	0	0	0	0	0	1
9083	1	0	0	0	0	0	0	0	1	0	0	0	2
9084	1	0	0	0	0	1	0	0	0	0	0	0	2
9085	2	0	0	0	1	0	0	1	0	0	0	0	4
9086	2	0	0	0	0	0	0	0	0	0	0	0	2
9087	2	0	0	0	1	0	0	0	0	0	0	0	3
9089	1	0	0	0	1	0	1	0	0	0	0	0	3
9090	2	0	1	0	0	0	0	0	0	0	0	0	3
9091	2	0	0	0	0	0	0	0	0	0	0	0	2
9092	4	0	0	0	0	0	0	0	0	0	0	0	4
9093	1	0	0	0	2	0	0	0	0	0	0	0	3
9094	2	0	0	0	2	0	0	0	0	0	0	0	4
9095	3	0	0	0	0	0	0	0	0	0	0	0	3
9096	1	0	0	0	0	0	0	0	0	0	0	0	1
9097	3	0	0	0	0	0	0	0	0	0	0	0	3
9098	1	0	0	0	2	0	0	0	0	0	0	0	3
9099	0	0	1	0	0	0	0	0	0	0	0	0	1
9100	1	0	0	0	0	0	0	0	0	0	0	0	1
9101	1	0	0	0	0	0	0	0	0	0	0	0	1
9102	1	0	0	0	1	0	0	0	0	0	0	0	2
9103	0	0	1	0	0	0	0	0	0	0	0	0	1
9104	3	0	0	0	0	0	0	0	0	0	0	0	3
9105	3	0	0	0	1	0	0	0	0	0	0	0	4
9106	1	0	0	1	0	0	0	0	0	0	0	0	2
9107	3	0	0	0	0	0	0	0	0	0	0	0	3
9108	0	0	1	0	0	0	0	0	0	0	0	0	1
9109	0	0	0	2	0	0	0	0	0	0	0	0	2
9110	2	0	0	0	0	0	1	0	0	0	0	0	3
9111	2	0	0	0	0	0	0	0	0	0	0	0	2
9112	1	0	0	0	0	0	0	0	0	0	0	0	1
9113	1	0	0	1	0	0	0	0	0	0	0	0	2
9114	1	0	0	0	0	0	0	1	0	0	0	0	2
9115	2	0	0	1	0	0	0	0	0	0	0	0	3
9116	3	0	1	0	0	0	0	0	0	0	0	0	4
9117	1	0	0	0	0	0	0	0	0	0	0	0	1
9118	2	0	0	0	0	0	0	0	0	0	0	0	2
9119	3	0	0	0	0	0	0	0	0	0	0	0	3
9120	2	0	0	0	0	0	0	0	0	0	0	0	2
9121	2	0	0	0	0	0	0	0	0	0	0	0	2
9122	1	0	0	1	0	0	0	0	0	0	0	0	2
9123	4	0	0	0	0	0	0	0	0	0	0	0	4
9124	3	0	0	0	0	0	0	2	0	0	0	0	5
9125	3	0	0	0	0	0	0	1	0	0	0	0	4
9126	1	0	0	0	0	0	0	0	0	0	0	0	1
9127	1	0	0	0	1	0	0	0	0	0	0	0	2
9128	2	0	0	0	0	0	0	0	0	0	0	0	2
9129	0	0	0	0	1	0	1	0	1	0	0	0	3
9130	2	0	0	0	1	0	0	0	0	0	0	0	3
9131	3	0	0	0	2	0	0	0	0	0	0	0	5
9132	0	0	0	0	1	0	0	0	0	0	0	0	1
9133	2	0	0	0	0	0	0	0	0	0	0	0	2
9134	0	0	0	0	5	0	0	0	0	0	0	0	5
9135	3	0	0	0	0	0	0	0	0	0	0	0	3
9136	2	0	0	0	0	0	0	0	0	0	0	0	2
9137	0	0	1	0	0	1	0	0	0	0	0	0	2
9138	4	0	0	0	0	0	0	0	0	0	0	0	4
9140	2	0	0	0	0	0	1	0	0	0	0	0	3
9141	1	0	0	0	0	0	0	0	0	0	0	0	1
9142	1	0	0	0	1	0	0	0	0	0	0	0	2
9143	1	1	0	1	0	0	1	0	0	0	0	0	4
9144	1	0	0	0	0	3	0	1	0	0	0	0	5
9145	1	0	0	0	0	0	0	0	1	0	0	0	2
9146	2	0	0	0	1	0	0	0	0	0	0	0	3
9147	1	0	0	0	0	0	0	0	0	0	0	0	1
9148	2	0	0	0	1	0	0	0	0	0	0	0	3
9149	1	0	0	1	0	0	0	0	0	0	0	0	2
9150	3	0	0	0	0	0	0	0	0	0	0	0	3
9151	2	0	0	0	0	0	0	0	0	0	0	0	2
9152	1	0	0	0	0	0	0	0	0	0	0	0	1
9153	0	0	0	0	1	0	0	0	0	0	0	0	1
9154	1	0	1	0	0	0	0	0	0	0	0	0	2
9155	1	0	0	0	1	0	0	0	0	0	0	0	2
9156	0	0	0	0	2	0	0	0	0	0	0	0	2
9157	3	0	0	0	0	0	0	0	0	0	0	0	3
9158	2	0	0	0	1	0	0	0	0	0	0	0	3
9159	1	0	0	0	0	0	0	0	0	0	0	0	1
9160	4	0	0	0	1	2	0	0	0	0	0	0	7
9161	0	0	1	0	0	0	0	0	0	0	0	0	1
9162	1	0	0	1	3	0	0	0	0	0	0	0	5
9163	2	0	0	0	0	0	0	0	0	0	0	0	2
9164	1	0	1	0	0	0	0	0	0	0	0	0	2
9165	1	0	0	0	1	0	0	0	0	0	0	0	2
9166	1	0	0	0	1	0	0	1	0	0	0	0	3
9167	1	0	0	1	0	0	0	0	0	0	0	0	2
9168	3	0	0	0	0	0	0	1	0	0	0	0	4
9169	1	0	0	0	1	0	0	1	0	0	0	0	3
9170	1	0	0	0	1	0	0	0	0	0	0	0	2
9171	1	0	0	0	1	0	0	0	0	0	0	0	2
9172	1	1	1	0	0	2	0	0	0	0	0	0	5
9173	4	0	0	0	0	0	0	0	0	0	0	0	4
9174	2	0	0	0	1	0	0	0	0	0	0	0	3
9175	3	0	0	0	0	0	0	0	0	0	0	0	3
9176	1	0	0	0	2	0	0	0	0	0	0	0	3
9177	3	0	0	0	0	0	0	0	0	0	0	0	3
9178	0	0	1	0	0	0	0	0	0	0	0	0	1
9179	1	0	0	0	0	0	0	0	0	0	0	0	1
9180	1	0	0	0	1	1	0	0	0	0	0	0	3
9181	1	0	0	0	0	0	0	0	0	0	0	0	1
9183	1	0	0	0	0	0	0	0	0	0	0	0	1
9184	1	0	0	1	0	0	0	0	0	0	0	0	2
9185	3	0	0	0	0	0	0	1	0	0	0	0	4
9186	1	0	0	0	1	0	0	0	0	0	0	0	2
9187	1	0	0	0	1	0	0	0	0	0	0	0	2
9188	5	0	0	0	0	0	0	0	0	0	0	0	5
9190	1	0	0	1	0	0	0	1	0	0	0	0	3
9192	2	0	0	0	1	0	0	0	0	0	0	0	3
9194	1	0	0	0	1	0	0	0	0	0	0	0	2
9195	2	0	0	0	0	0	0	0	0	0	0	0	2
9196	4	0	0	0	0	0	0	0	0	0	0	0	4
9197	1	0	0	0	0	0	0	1	0	0	0	0	2
9198	1	0	0	0	0	0	0	0	0	0	0	0	1
9199	1	0	0	0	1	0	0	0	0	0	0	0	2
9201	2	0	1	0	0	0	0	0	0	0	0	0	3
9202	0	0	0	1	1	0	0	0	0	0	0	0	2
9203	4	0	0	0	0	0	0	0	0	0	0	0	4
9204	1	0	0	0	0	1	0	0	0	0	0	0	2
9205	2	0	0	0	0	0	0	0	0	0	0	0	2
9206	1	0	1	0	0	0	0	0	0	0	0	0	2
9207	3	0	0	0	0	0	0	0	0	0	0	0	3
9208	0	0	0	1	0	0	0	2	0	0	0	0	3
9209	1	0	0	0	0	0	0	0	0	0	0	0	1
9210	1	0	0	0	0	0	0	0	0	0	0	0	1
9211	0	1	0	0	0	0	0	0	0	0	0	0	1
9212	0	0	1	0	0	0	0	0	0	0	0	0	1
9213	2	0	0	0	0	0	0	0	0	0	0	0	2
9215	3	0	0	0	0	0	0	0	0	0	0	0	3
9216	1	1	0	0	0	0	0	0	0	0	0	0	2
9217	2	0	0	0	0	0	0	0	0	0	0	0	2
9218	2	0	0	1	0	0	0	0	0	0	0	0	3
9220	2	0	0	0	1	0	0	0	0	0	0	0	3
9221	1	0	0	1	1	0	0	0	0	0	0	0	3
9222	1	0	1	0	0	0	0	0	0	0	0	0	2
9223	1	0	0	0	2	0	0	0	0	0	0	0	3
9224	3	0	0	1	0	0	0	0	0	0	0	0	4
9225	0	0	1	0	0	0	0	0	0	0	0	0	1
9226	2	0	1	0	0	1	0	0	0	0	0	0	4
9227	0	0	0	0	1	0	0	0	0	0	0	0	1
9228	1	0	0	0	1	0	0	0	0	0	0	0	2
9229	3	0	0	0	0	0	0	0	0	0	0	0	3
9230	1	0	1	0	0	0	0	0	0	0	0	0	2
9231	1	0	0	0	1	0	0	0	0	0	0	0	2
9232	2	0	1	0	0	0	0	0	0	0	0	0	3
9233	3	0	0	1	2	0	0	0	0	0	0	0	6
9234	1	0	0	0	0	0	0	0	0	0	0	0	1
9235	2	0	1	0	0	0	0	0	0	0	0	0	3
9236	3	0	0	0	2	1	0	1	0	0	0	0	7
9237	0	1	0	2	0	0	0	0	0	0	0	0	3
9238	1	0	0	0	0	0	0	0	0	0	0	0	1
9239	0	0	0	1	3	0	0	0	0	0	0	0	4
9240	2	0	0	0	0	2	0	0	0	0	0	0	4
9241	0	0	1	0	0	0	0	0	0	0	0	0	1
9242	2	0	0	0	0	0	0	0	0	0	0	0	2
9243	0	0	1	0	2	0	0	0	0	0	0	0	3
9244	2	0	0	0	0	0	0	1	0	0	0	0	3
9245	3	0	0	0	0	0	1	0	0	0	0	0	4
9246	3	0	0	0	0	0	0	1	0	0	0	0	4
9247	2	0	0	0	0	0	0	0	0	0	0	0	2
9248	1	0	0	0	0	0	0	0	0	0	0	0	1
9249	2	0	0	0	1	0	0	0	0	0	0	0	3
9250	2	0	0	0	0	0	0	0	0	0	0	0	2
9251	0	0	0	0	1	0	0	0	0	0	0	0	1
9252	4	0	0	0	0	0	0	0	0	0	0	0	4
9253	0	0	0	0	1	0	0	0	0	0	0	0	1
9254	1	0	0	0	0	0	0	0	0	0	0	0	1
9255	0	0	0	1	2	0	0	0	0	0	0	0	3
9256	1	0	0	1	0	0	0	0	0	0	0	0	2
9257	1	0	0	0	0	0	0	0	0	0	0	0	1
9258	1	0	0	0	0	0	0	0	0	0	0	0	1
9260	1	0	0	0	1	0	0	0	0	0	0	0	2
9261	2	0	0	0	0	0	0	0	0	0	0	0	2
9262	2	0	0	0	0	0	0	2	0	0	0	0	4
9263	1	0	0	0	3	0	0	0	0	0	0	0	4
9264	0	0	1	0	0	0	0	0	0	0	0	0	1
9265	0	1	0	0	2	0	0	0	0	0	0	0	3
9266	1	0	0	0	1	0	0	0	0	0	0	0	2
9267	1	0	0	0	0	0	1	0	0	0	0	0	2
9269	2	0	0	0	0	0	0	0	0	0	0	0	2
9270	0	0	0	1	0	0	0	0	0	0	0	0	1
9272	1	0	0	0	3	0	0	0	0	0	0	0	4
9273	0	0	0	0	1	0	0	0	0	0	0	0	1
9274	2	0	0	0	0	0	0	0	0	0	0	0	2
9275	2	0	0	0	0	0	0	0	0	0	0	0	2
9276	1	1	0	0	0	0	0	0	0	0	0	0	2
9277	0	1	0	0	1	0	0	0	0	0	0	0	2
9278	1	0	0	0	1	0	0	0	0	0	0	0	2
9279	3	1	0	0	0	0	0	0	0	0	0	0	4
9280	2	0	0	0	1	1	1	0	0	0	0	0	5
9281	3	0	0	0	0	0	0	0	0	0	0	0	3
9282	3	0	0	0	2	0	0	1	0	0	0	0	6
9283	1	0	0	0	0	0	0	0	0	0	0	0	1
9284	3	0	0	0	0	0	0	0	0	0	1	0	4
9285	6	0	0	1	0	0	0	0	0	0	0	0	7
9286	1	0	2	0	0	0	0	0	0	0	0	0	3
9287	2	0	0	0	0	0	0	0	0	0	0	0	2
9288	2	0	1	0	0	0	0	1	0	0	0	0	4
9289	2	0	0	0	0	0	0	0	0	0	0	0	2
9290	1	0	0	0	0	0	0	0	0	0	0	0	1
9291	3	0	0	0	0	0	0	1	0	0	0	0	4
9292	1	0	0	0	2	0	0	0	1	0	0	0	4
9293	1	0	0	0	0	0	0	0	0	0	0	0	1
9295	0	0	0	1	0	0	0	0	0	0	0	0	1
9296	0	0	0	0	2	0	0	0	0	0	0	0	2
9297	1	0	0	0	0	0	0	0	0	0	0	0	1
9298	1	0	0	1	0	0	0	0	0	0	0	0	2
9299	3	0	0	0	0	0	0	0	0	0	0	0	3
9300	4	0	0	0	0	0	0	0	0	0	0	0	4
9301	2	0	0	0	0	0	0	0	0	0	0	0	2
9302	2	0	1	0	2	1	0	0	0	0	0	0	6
9303	2	0	0	0	1	0	0	1	1	0	0	0	5
9304	3	0	0	2	0	0	0	1	0	0	0	0	6
9305	3	0	0	0	0	0	0	1	0	0	0	0	4
9306	2	0	1	0	0	0	0	0	0	0	0	0	3
9307	2	0	0	0	1	0	0	0	0	0	0	0	3
9308	2	0	0	0	0	0	0	0	0	0	0	0	2
9309	1	0	0	0	0	0	0	0	0	0	0	0	1
9310	0	0	0	0	1	0	0	0	0	0	0	0	1
9311	1	0	0	0	2	0	0	0	0	0	0	0	3
9312	2	0	0	0	0	0	0	0	0	0	0	0	2
9313	0	0	1	0	0	0	0	0	0	0	0	0	1
9314	1	0	0	0	0	0	0	0	0	0	0	0	1
9315	1	0	0	0	0	0	0	0	0	0	0	0	1
9316	3	0	0	0	0	0	1	0	0	0	0	0	4
9317	4	0	0	0	1	0	0	0	0	0	0	0	5
9318	1	0	0	0	0	0	0	1	0	0	0	0	2
9319	1	0	0	0	0	0	0	0	0	0	0	0	1
9320	1	0	0	0	0	0	0	0	0	0	0	0	1
9321	1	0	0	0	0	0	0	0	0	0	0	0	1
9322	0	0	0	0	0	1	0	0	0	0	0	0	1
9323	1	0	0	0	1	0	0	1	0	0	0	0	3
9324	4	0	0	0	0	0	0	0	0	0	0	0	4
9326	0	0	0	0	1	0	0	0	0	0	0	0	1
9327	0	0	1	0	0	0	1	0	0	0	0	0	2
9328	3	0	0	1	1	0	0	0	0	0	0	0	5
9329	3	0	0	0	0	0	0	0	0	0	0	0	3
9330	4	0	0	0	0	0	0	1	0	1	0	0	6
9331	3	0	0	2	1	0	1	0	0	0	0	0	7
9332	4	0	0	0	1	0	0	1	0	0	0	0	6
9333	3	0	0	0	1	1	0	0	0	0	0	0	5
9334	1	0	0	0	1	0	0	0	0	0	0	0	2
9336	1	0	0	0	0	0	0	0	0	0	0	0	1
9337	2	0	0	0	0	0	0	0	0	0	0	0	2
9338	1	0	0	0	0	0	0	0	0	0	0	0	1
9339	2	0	0	0	1	0	0	0	0	0	0	0	3
9340	3	0	0	0	0	0	0	0	0	0	0	0	3
9341	1	0	0	0	0	0	0	0	0	0	0	0	1
9342	0	0	1	0	0	0	0	0	0	0	0	0	1
9343	3	0	0	0	1	0	0	1	0	0	0	0	5
9344	3	0	0	0	1	0	0	0	0	0	0	0	4
9345	0	0	0	0	1	0	0	0	0	0	0	0	1
9346	0	2	0	0	0	0	1	0	0	0	0	0	3
9347	0	0	0	0	2	0	0	0	0	0	0	0	2
9348	3	0	0	0	0	0	0	0	1	0	0	0	4
9349	4	0	0	1	0	0	0	0	0	0	0	0	5
9350	2	0	0	1	0	1	0	1	0	0	0	0	5
9351	2	0	0	1	0	0	0	0	0	0	0	0	3
9352	1	0	0	0	2	0	0	0	0	0	0	0	3
9353	1	0	0	0	0	0	0	1	0	0	0	0	2
9354	2	0	0	0	0	0	0	1	0	0	0	0	3
9355	3	0	0	0	0	0	0	1	0	0	0	0	4
9356	1	0	0	0	1	0	0	0	0	0	0	0	2
9357	0	0	0	0	1	0	0	0	0	0	0	0	1
9358	1	0	0	0	0	0	0	0	0	0	0	0	1
9361	6	0	0	0	0	0	0	1	0	0	0	0	7
9362	2	0	0	0	4	0	0	0	0	0	0	0	6
9363	0	0	2	0	0	0	0	0	0	0	0	0	2
9364	2	0	0	0	0	0	0	0	1	0	0	0	3
9365	2	0	0	2	1	0	0	0	0	0	0	0	5
9366	0	0	1	0	0	0	0	0	0	0	0	0	1
9367	2	0	0	0	0	0	0	0	0	0	0	0	2
9368	1	0	0	2	1	0	0	1	0	0	0	0	5
9369	2	0	0	0	1	0	1	1	0	0	0	0	5
9370	1	0	0	0	0	0	0	0	0	0	0	0	1
9371	2	0	0	1	0	0	0	1	0	0	0	0	4
9372	2	0	0	0	1	0	0	0	0	0	0	0	3
9373	2	0	0	0	0	0	0	0	0	0	0	0	2
9374	0	0	1	0	1	0	1	0	0	0	0	0	3
9375	2	0	0	0	2	0	0	1	0	0	0	0	5
9377	2	0	0	0	0	0	0	1	0	0	0	0	3
9378	2	0	0	0	0	0	1	0	0	1	0	0	4
9379	3	0	0	0	1	0	0	1	0	0	0	0	5
9380	3	0	0	1	0	0	0	1	0	0	0	0	5
9381	2	0	0	0	3	0	0	0	0	0	0	0	5
9382	2	0	0	0	1	0	0	0	0	0	0	0	3
9383	4	0	0	0	0	0	0	1	0	0	0	0	5
9384	1	0	0	0	0	0	0	0	0	0	0	0	1
9385	2	0	0	0	0	0	0	1	0	0	0	0	3
9386	4	0	0	0	1	0	0	1	0	0	0	0	6
9387	1	0	0	0	0	0	0	0	0	0	0	0	1
9389	0	0	0	2	1	1	0	0	0	0	0	0	4
9390	2	0	0	0	1	0	0	1	0	0	0	0	4
9391	1	0	0	0	0	0	0	1	0	0	0	0	2
9392	2	0	0	0	0	0	0	1	0	0	0	0	3
9393	2	0	0	0	0	0	0	1	0	0	0	0	3
9394	2	0	0	0	0	0	0	0	0	0	0	0	2
9395	1	0	0	0	0	0	0	0	0	0	0	0	1
9396	3	0	0	0	0	0	0	0	0	0	0	0	3
9397	4	0	0	0	1	0	1	0	0	0	0	0	6
9398	3	0	0	0	2	0	0	0	1	0	0	0	6
9399	2	0	0	1	2	0	0	0	0	0	0	0	5
9400	1	0	0	0	0	1	0	0	0	0	0	0	2
9401	4	0	0	0	1	0	0	0	0	0	0	0	5
9402	0	0	0	0	1	1	0	0	0	0	0	0	2
9403	2	0	0	0	1	0	1	1	0	0	0	0	5
9404	3	0	0	0	1	0	1	0	0	0	0	0	5
9405	2	0	0	0	0	0	0	0	0	0	0	0	2
9406	1	0	0	1	0	1	0	0	0	0	0	0	3
9407	2	0	0	0	1	0	0	1	0	0	0	0	4
9408	5	0	0	0	0	0	0	0	0	0	0	0	5
9409	1	0	0	0	1	0	0	0	0	0	0	0	2
9410	1	0	0	1	0	0	0	0	0	0	0	0	2
9411	2	0	0	0	0	0	0	0	0	0	0	0	2
9412	2	0	0	1	2	0	1	0	0	0	0	0	6
9413	2	0	0	0	0	0	0	0	0	0	0	0	2
9414	3	0	0	0	0	0	0	0	0	0	0	0	3
9415	0	0	0	0	2	0	0	0	0	0	0	0	2
9416	3	0	0	0	2	0	0	0	0	0	0	0	5
9417	0	0	0	0	3	0	0	1	0	0	0	0	4
9418	4	0	0	0	0	0	0	0	0	0	0	0	4
9419	0	0	0	2	0	0	0	0	0	0	0	0	2
9420	3	0	0	2	0	0	0	1	0	0	0	0	6
9421	0	0	1	1	1	0	0	0	0	0	0	0	3
9422	1	0	0	0	0	0	1	0	0	0	0	0	2
9423	2	0	0	0	0	0	0	0	0	0	0	0	2
9424	2	0	0	0	0	0	0	0	0	0	0	0	2
9425	5	0	0	0	0	0	0	0	1	0	0	0	6
9426	2	1	0	0	2	0	0	0	0	0	0	0	5
9427	4	0	0	1	1	0	0	1	0	0	0	0	7
9428	1	1	0	0	0	0	0	0	0	0	0	0	2
9429	0	0	0	1	0	0	0	0	0	0	0	0	1
9430	3	0	0	0	0	0	0	1	0	0	0	0	4
9431	1	0	0	0	0	0	0	0	0	0	0	0	1
9432	1	0	0	0	1	0	0	0	0	0	0	0	2
9433	1	0	0	0	0	0	0	0	0	0	0	0	1
9434	2	0	0	0	1	0	0	0	0	0	0	0	3
9435	3	0	0	0	0	0	0	0	0	0	0	0	3
9436	0	1	0	0	0	1	0	0	0	0	0	0	2
9437	2	0	0	0	2	0	0	0	0	0	0	0	4
9438	2	0	0	0	0	0	0	0	0	0	0	0	2
9440	3	0	0	0	0	0	0	0	0	0	0	0	3
9441	0	0	0	0	0	0	1	0	0	0	0	0	1
9442	3	0	0	2	0	0	0	1	0	0	0	0	6
9443	2	0	0	0	1	0	0	0	0	0	0	0	3
9444	2	0	0	1	2	0	1	0	0	0	0	0	6
9445	1	0	0	0	0	0	0	0	0	0	0	0	1
9446	4	0	0	0	0	0	0	0	0	0	0	0	4
9447	1	0	0	0	2	0	0	0	0	0	0	0	3
9448	2	0	0	0	0	0	0	0	0	0	0	0	2
9449	1	1	0	1	0	0	0	0	0	0	0	0	3
9450	1	0	0	0	0	0	0	0	0	0	0	0	1
9451	0	0	0	0	0	2	0	0	0	0	0	0	2
9452	0	1	0	0	1	0	0	0	0	0	0	0	2
9453	3	0	0	0	0	0	0	0	0	0	0	0	3
9454	4	0	0	0	0	0	0	0	0	0	0	0	4
9455	2	0	0	0	0	0	0	0	0	0	0	0	2
9456	2	0	0	0	0	0	0	1	0	0	0	0	3
9457	1	0	0	0	0	0	0	0	0	0	0	0	1
9458	3	0	0	0	0	0	1	1	0	0	0	0	5
9459	2	0	0	2	0	0	0	0	0	0	0	0	4
9460	2	0	0	0	0	0	0	0	0	0	0	0	2
9461	2	0	0	0	1	0	0	1	0	0	0	0	4
9462	1	0	1	0	0	0	0	0	0	0	0	0	2
9463	3	0	0	0	0	0	0	0	0	0	0	0	3
9464	1	0	0	0	1	0	0	0	0	0	0	0	2
9465	2	0	1	0	0	0	0	0	0	0	0	0	3
9466	1	0	0	0	1	0	0	1	0	0	0	0	3
9467	2	0	0	1	2	0	0	0	0	0	0	0	5
9468	1	0	0	0	0	0	0	1	0	0	0	0	2
9469	3	0	0	0	2	0	0	0	0	0	0	0	5
9471	2	0	0	0	0	0	0	0	0	0	0	0	2
9472	0	0	0	0	0	0	0	1	0	0	0	0	1
9473	1	0	0	0	0	0	0	1	0	0	0	0	2
9474	0	0	1	0	0	0	0	0	0	0	0	0	1
9475	2	0	0	0	0	0	0	0	0	0	0	0	2
9476	0	1	1	0	0	0	0	0	0	0	0	0	2
9477	4	0	0	0	0	0	0	0	0	0	0	0	4
9478	1	0	0	0	0	0	0	0	0	0	0	0	1
9480	0	0	1	0	0	0	0	0	0	0	0	0	1
9481	2	0	0	1	0	0	0	1	0	0	0	0	4
9482	2	0	0	0	0	0	0	0	0	0	0	0	2
9483	2	0	0	0	0	0	0	0	0	0	0	0	2
9484	1	0	0	0	0	0	0	0	0	0	0	0	1
9485	2	0	0	0	0	0	0	0	0	0	0	0	2
9486	0	0	1	0	0	0	0	0	0	0	0	0	1
9487	3	0	0	0	0	0	0	0	0	0	0	0	3
9488	1	0	0	0	1	0	0	0	0	0	0	0	2
9489	1	0	0	0	0	0	0	0	0	0	0	0	1
9490	0	0	0	0	2	0	0	0	0	0	0	0	2
9491	2	0	0	0	0	0	0	0	0	0	0	0	2
9492	2	0	0	1	0	0	0	0	0	0	0	0	3
9493	1	0	0	0	0	0	0	1	0	0	0	0	2
9494	2	0	0	0	1	0	0	0	0	0	0	0	3
9495	1	0	0	0	1	0	0	0	0	0	0	0	2
9496	1	0	0	0	1	0	0	0	0	0	0	0	2
9497	0	0	1	0	0	0	0	0	2	0	0	0	3
9498	1	0	0	0	1	0	0	0	1	0	0	0	3
9499	2	0	0	0	0	0	1	0	0	0	0	0	3
9500	1	0	0	0	1	0	0	1	0	0	0	0	3
9501	3	0	0	0	0	0	0	0	0	0	0	0	3
9502	1	0	0	1	0	0	0	0	0	0	0	0	2
9503	1	0	0	0	2	0	0	0	0	0	0	0	3
9505	2	0	0	0	2	0	0	0	0	0	0	0	4
9506	1	0	0	0	0	0	0	0	0	0	0	0	1
9507	1	0	0	0	3	0	0	0	0	0	0	0	4
9508	3	0	0	0	0	0	1	1	0	0	0	0	5
9509	1	0	0	0	1	2	0	0	0	0	0	0	4
9510	0	0	0	0	0	0	0	0	1	0	0	0	1
9511	2	0	0	0	0	2	1	0	0	1	0	0	6
9512	2	0	0	0	2	0	0	1	0	0	0	0	5
9513	2	0	0	1	1	0	0	0	0	0	0	0	4
9514	1	0	0	0	0	0	0	0	0	0	0	0	1
9515	1	0	0	0	0	0	0	0	0	0	0	0	1
9516	2	0	0	0	1	0	0	0	0	0	0	0	3
9517	2	0	0	0	0	0	0	0	0	0	0	0	2
9518	0	0	0	1	1	0	1	0	0	0	0	0	3
9519	1	0	0	0	0	0	1	0	0	0	0	0	2
9520	3	0	0	1	0	0	0	0	0	0	0	0	4
9521	2	0	0	0	1	0	0	0	0	0	0	0	3
9522	1	0	0	0	3	0	0	0	0	0	0	0	4
9523	0	0	0	0	3	0	0	0	0	0	0	0	3
9524	1	0	0	0	1	0	0	0	0	0	0	0	2
9525	2	0	0	0	1	0	0	0	0	0	0	0	3
9526	1	0	0	0	0	0	0	0	0	0	0	0	1
9527	1	0	0	0	0	0	0	0	0	0	0	0	1
9528	2	0	0	0	0	0	0	0	0	0	0	0	2
9530	0	0	1	1	0	0	0	0	0	0	0	0	2
9531	2	0	0	1	1	0	1	0	0	0	0	0	5
9532	1	0	0	0	2	0	0	0	0	0	0	0	3
9533	2	0	0	0	0	3	0	2	0	0	0	0	7
9534	3	0	0	1	1	0	0	1	0	0	0	0	6
9535	2	0	0	0	1	2	1	0	0	0	0	0	6
9536	2	0	0	0	0	0	1	0	0	0	0	0	3
9537	4	0	0	0	0	0	1	0	0	0	0	0	5
9538	1	0	0	1	1	0	0	1	0	0	0	0	4
9540	1	0	0	0	0	0	0	0	0	0	0	0	1
9541	3	0	0	0	0	0	0	2	0	0	0	0	5
9542	0	0	0	2	0	0	0	1	0	0	0	0	3
9543	3	0	0	0	0	0	0	0	0	0	0	0	3
9544	3	0	0	2	0	0	0	1	0	0	0	0	6
9545	0	1	0	0	2	0	0	0	0	0	0	0	3
9547	1	0	0	0	0	0	0	0	0	0	0	0	1
9548	0	0	0	0	1	0	0	0	0	0	0	0	1
9549	1	0	0	0	1	0	0	0	1	0	0	0	3
9550	4	0	0	0	0	0	0	0	0	0	0	0	4
9551	0	0	0	1	0	0	0	0	0	0	0	0	1
9552	0	0	1	0	0	0	0	1	0	0	0	0	2
9553	1	0	0	1	0	0	0	0	0	0	0	0	2
9554	3	0	0	0	0	0	0	0	0	0	0	0	3
9555	1	0	0	0	2	0	0	0	0	0	0	0	3
9556	1	0	1	0	1	0	0	0	0	0	0	0	3
9557	1	0	0	0	0	0	0	0	0	0	0	0	1
9558	3	0	0	0	4	0	0	0	0	0	0	0	7
9559	4	0	0	0	1	0	0	0	0	0	0	0	5
9560	0	0	0	0	1	0	0	0	0	0	0	0	1
9561	0	0	0	0	0	1	0	0	0	0	0	0	1
9562	0	0	0	1	0	0	0	0	0	0	0	0	1
9563	2	0	0	0	1	0	0	0	0	0	0	0	3
9564	3	0	0	0	0	0	0	0	0	0	0	0	3
9565	0	0	0	0	0	0	0	1	0	0	0	0	1
9566	2	0	0	0	0	0	0	0	0	0	0	0	2
9567	1	0	0	0	0	0	0	0	0	0	0	0	1
9568	2	0	0	0	0	0	0	0	0	0	0	0	2
9569	2	0	0	0	0	0	0	0	0	0	0	0	2
9570	2	0	0	0	1	0	0	0	0	0	0	0	3
9571	3	0	0	0	0	0	2	1	0	0	0	0	6
9572	2	0	0	0	1	0	0	0	0	0	0	0	3
9573	3	0	0	0	2	0	0	0	0	0	0	0	5
9574	1	0	0	0	0	0	0	0	0	0	0	0	1
9575	2	0	0	0	0	0	0	0	0	0	0	0	2
9576	2	0	0	0	0	0	0	0	0	0	0	0	2
9577	3	0	0	0	0	0	0	0	0	0	0	0	3
9578	1	0	0	1	0	0	0	0	0	0	0	0	2
9579	2	0	0	0	0	0	0	0	0	0	0	0	2
9580	1	0	0	0	0	0	0	0	0	0	0	0	1
9582	0	0	0	0	1	0	0	0	0	0	0	0	1
9583	4	0	0	0	1	0	0	0	0	0	0	0	5
9584	1	0	0	0	0	0	0	0	0	0	0	0	1
9585	1	0	0	0	1	0	0	1	0	0	0	0	3
9586	1	0	0	1	0	0	0	0	0	0	0	0	2
9587	0	0	0	1	0	0	1	2	0	0	0	0	4
9588	2	0	1	0	1	0	0	0	0	0	0	0	4
9589	0	0	0	0	0	1	0	0	0	0	0	0	1
9590	4	0	0	0	0	0	0	0	0	0	0	0	4
9591	3	0	0	0	0	0	0	0	0	0	0	0	3
9593	1	0	1	0	0	0	0	0	0	0	0	0	2
9594	0	0	0	1	1	0	0	0	0	0	0	0	2
9595	1	0	0	0	0	0	0	0	0	0	0	0	1
9596	1	0	0	1	1	0	0	0	0	0	0	0	3
9597	2	0	1	1	1	0	0	0	0	0	0	0	5
9598	3	0	0	0	1	0	0	0	0	0	0	0	4
9599	3	0	0	0	0	0	0	0	0	0	0	0	3
9600	2	0	0	1	0	0	0	0	0	0	0	0	3
9601	1	0	0	1	0	0	0	1	0	0	0	0	3
9602	0	0	0	0	2	0	0	1	0	0	0	0	3
9604	2	0	0	0	1	0	0	0	0	0	0	0	3
9606	1	0	0	0	0	0	0	0	0	0	0	0	1
9607	2	0	0	0	0	0	1	0	0	0	0	0	3
9608	2	0	0	0	0	0	0	0	0	0	0	0	2
9609	2	0	0	0	1	0	0	0	0	0	0	0	3
9610	1	0	0	0	0	0	0	0	0	0	0	0	1
9611	1	0	0	0	0	0	0	0	0	0	0	0	1
9614	2	0	0	0	1	0	0	0	0	0	0	0	3
9615	2	0	0	0	1	0	0	0	0	0	0	0	3
9616	3	0	0	0	2	0	0	1	0	0	0	0	6
9617	3	0	0	0	0	0	0	0	0	0	0	0	3
9618	2	0	1	0	0	0	0	0	0	0	0	0	3
9619	4	0	0	1	0	0	0	0	0	0	0	0	5
9620	1	0	0	1	2	0	0	1	0	0	0	0	5
9621	2	0	0	0	2	1	0	0	0	0	0	0	5
9622	3	0	1	0	1	0	0	0	0	0	0	0	5
9623	1	0	0	0	1	0	0	0	0	0	0	0	2
9624	1	0	0	0	0	1	0	0	0	0	0	0	2
9625	3	0	0	0	0	0	1	0	0	0	0	0	4
9626	0	1	0	0	3	0	0	0	0	0	0	0	4
9627	1	0	0	0	0	0	0	0	0	0	0	0	1
9628	1	0	0	0	0	0	0	0	0	0	0	0	1
9629	0	0	0	1	0	0	0	0	0	0	0	0	1
9631	0	0	1	1	0	0	0	0	0	0	0	0	2
9633	0	0	1	0	0	0	0	0	0	0	0	0	1
9634	1	0	0	0	2	0	0	1	0	0	0	0	4
9636	0	1	1	0	0	0	0	0	0	0	0	0	2
9637	0	0	0	0	2	0	0	0	0	0	0	0	2
9638	1	0	0	0	0	0	0	0	0	0	0	0	1
9639	2	0	0	0	1	0	0	0	0	0	0	0	3
9640	0	0	4	0	1	0	0	0	0	0	0	0	5
9641	0	0	0	1	0	0	0	0	0	0	0	0	1
9644	1	0	0	0	0	0	0	0	0	0	0	0	1
9645	0	0	0	0	1	0	1	0	0	0	0	0	2
9646	0	0	0	2	0	0	0	0	0	0	0	0	2
9647	2	0	0	0	1	0	0	0	0	0	0	0	3
9648	0	0	1	0	0	0	0	0	0	0	0	0	1
9649	2	0	0	0	1	0	0	0	0	0	0	0	3
9650	0	0	2	0	0	0	0	0	0	0	0	0	2
9651	3	0	0	0	0	0	0	0	0	0	0	0	3
9652	1	0	0	0	1	0	0	0	0	0	0	0	2
9653	0	0	0	1	1	0	0	0	0	0	0	0	2
9654	0	0	1	0	0	0	0	0	0	0	0	0	1
9655	1	1	0	0	0	0	0	0	0	0	0	0	2
9656	1	0	0	0	0	0	0	0	0	0	0	0	1
9657	0	0	0	0	1	0	0	0	0	0	0	0	1
9659	3	0	0	0	1	0	0	1	0	0	0	0	5
9660	0	0	1	0	0	0	0	0	0	0	0	0	1
9661	2	0	0	1	0	0	0	0	0	0	0	0	3
9662	1	0	0	0	0	0	0	0	0	0	0	0	1
9663	0	0	0	0	1	0	0	0	0	0	0	0	1
9664	2	0	0	0	1	0	0	0	0	0	0	0	3
9665	0	0	2	0	0	0	0	0	0	0	0	0	2
9666	5	0	0	0	2	0	0	0	0	0	0	0	7
9668	1	0	0	0	0	0	0	1	0	0	0	0	2
9669	2	0	0	0	0	0	0	0	0	0	0	0	2
9671	3	0	0	0	2	0	0	0	0	0	0	0	5
9672	3	0	0	0	1	0	0	0	0	0	0	0	4
9673	2	0	0	0	0	0	0	0	0	0	0	0	2
9674	1	0	0	0	0	0	0	1	0	0	0	0	2
9675	3	0	0	0	1	0	0	0	0	0	0	0	4
9676	3	0	0	0	0	0	0	1	0	0	0	0	4
9677	1	0	0	0	0	0	0	0	0	0	0	0	1
9678	1	0	0	0	1	0	0	0	0	0	0	0	2
9679	2	0	0	0	0	0	0	0	0	0	0	0	2
9680	0	0	0	0	3	0	0	0	0	0	0	0	3
9681	0	0	0	0	2	0	0	1	0	0	0	0	3
9682	1	0	0	0	0	0	0	0	0	0	0	0	1
9683	2	0	0	0	0	0	0	0	0	0	0	0	2
9684	3	0	0	0	0	0	0	0	0	0	0	0	3
9685	3	0	0	0	0	0	0	0	0	0	0	0	3
9686	3	0	0	0	0	1	0	0	0	0	0	0	4
9687	2	0	0	0	1	0	0	0	0	0	0	0	3
9688	3	0	0	0	0	0	0	0	0	0	0	0	3
9689	0	1	1	0	2	0	0	0	0	0	0	0	4
9690	2	0	0	0	1	0	0	0	0	0	0	0	3
9691	0	0	0	0	0	1	0	0	0	0	0	0	1
9692	0	0	1	0	1	0	0	0	0	0	0	0	2
9693	0	0	1	0	0	0	0	0	0	0	0	0	1
9695	0	0	1	0	0	0	0	0	0	0	0	0	1
9696	2	0	0	1	1	0	0	0	0	0	0	0	4
9700	0	0	0	1	0	0	0	0	0	0	0	0	1
9701	0	1	0	0	0	0	0	0	0	0	0	0	1
9702	1	0	0	0	0	0	0	0	0	0	0	0	1
9703	2	0	0	0	1	0	0	0	0	0	0	0	3
9704	2	0	0	0	0	0	0	1	0	0	0	0	3
9705	3	0	0	0	0	0	0	0	1	0	0	0	4
9707	1	0	0	0	1	0	0	0	0	0	0	0	2
9708	1	0	0	0	0	0	0	0	0	0	0	0	1
9710	2	0	0	0	0	0	1	0	0	0	0	0	3
9711	1	0	0	0	0	0	0	0	0	0	0	0	1
9712	0	0	0	0	1	0	0	0	0	0	0	0	1
9713	0	0	0	0	2	0	0	0	0	0	0	0	2
9714	1	0	0	0	0	0	0	0	0	0	0	0	1
9715	4	0	0	0	0	0	0	0	0	0	0	0	4
9716	0	1	1	0	0	0	0	0	0	0	0	0	2
9717	1	0	0	0	1	0	0	0	0	0	0	0	2
9718	0	0	1	0	0	0	0	0	0	0	0	0	1
9719	1	0	0	0	1	0	1	0	0	0	0	0	3
9720	3	0	0	0	1	0	0	1	0	0	0	0	5
9721	3	0	0	0	0	1	0	0	0	0	0	0	4
9722	4	0	0	0	1	0	0	2	0	0	0	0	7
9723	1	0	1	0	0	0	0	0	0	0	0	0	2
9724	1	0	0	0	0	0	0	2	0	0	0	0	3
9725	1	0	0	0	0	0	0	1	0	0	0	0	2
9726	1	0	0	0	1	0	1	0	0	0	0	0	3
9727	2	0	0	0	0	0	0	0	0	0	0	0	2
9728	2	0	0	0	2	0	0	0	0	0	0	0	4
9729	1	0	0	0	0	0	0	0	0	0	0	0	1
9730	4	0	0	0	0	0	0	1	0	0	0	0	5
9731	4	0	0	0	0	0	0	0	0	0	0	0	4
9732	2	0	0	1	1	0	0	0	0	0	0	0	4
9733	1	0	0	0	0	0	1	0	0	0	0	0	2
9734	2	0	0	0	2	0	0	0	0	0	0	0	4
9735	2	0	0	0	1	0	0	0	0	0	0	0	3
9736	0	0	0	1	0	0	0	0	0	0	0	0	1
9738	0	0	0	0	2	0	0	0	0	0	0	0	2
9739	3	0	0	0	3	0	0	0	0	0	0	0	6
9742	2	0	0	0	2	0	0	0	0	0	0	0	4
9743	2	0	0	0	1	0	0	0	0	0	0	0	3
9744	3	0	0	0	1	0	0	0	0	0	0	0	4
9745	2	0	0	0	0	0	0	0	0	0	0	0	2
9746	0	0	0	0	1	0	0	0	0	0	0	0	1
9747	0	0	0	0	2	0	0	0	0	0	0	0	2
9748	0	0	1	0	0	0	0	0	0	0	0	0	1
9750	0	0	0	0	1	0	0	0	0	0	0	0	1
9751	1	0	0	0	1	0	0	2	0	0	0	0	4
9752	2	0	0	0	0	0	0	0	0	0	0	0	2
9753	3	0	0	0	0	0	0	0	1	0	0	0	4
9754	3	0	0	0	3	0	0	0	0	0	0	0	6
9755	1	0	0	0	0	0	0	0	0	0	0	0	1
9756	1	0	0	0	0	0	0	0	0	0	0	0	1
9757	3	0	0	0	0	0	0	0	0	0	0	0	3
9758	2	0	0	0	0	0	0	0	0	0	0	0	2
9759	1	0	0	0	1	0	0	0	0	0	0	0	2
9760	1	0	0	0	0	0	0	0	0	0	0	0	1
9761	1	0	0	0	1	0	0	0	0	0	0	0	2
9763	1	1	0	0	0	0	1	0	0	0	0	0	3
9764	1	0	0	0	1	0	0	0	0	0	0	0	2
9765	1	0	0	0	4	0	0	0	0	0	0	0	5
9766	2	0	0	0	0	0	0	0	0	0	0	0	2
9768	1	0	0	0	1	0	0	0	1	0	0	0	3
9769	1	0	0	1	0	0	0	0	0	0	0	0	2
9770	3	0	0	0	0	0	0	0	0	0	0	0	3
9771	2	0	0	0	0	0	0	0	0	0	0	0	2
9772	1	0	0	0	1	0	0	0	1	0	0	0	3
9773	2	0	0	0	0	0	0	0	0	0	0	0	2
9774	1	0	0	1	1	0	0	0	0	0	0	0	3
9775	1	0	0	0	1	0	0	0	0	0	0	0	2
9776	4	0	0	0	1	0	0	0	0	0	0	0	5
9777	2	0	0	0	1	0	0	0	0	0	0	0	3
9778	3	0	0	1	2	0	0	0	0	0	0	0	6
9779	3	0	0	0	0	0	0	0	0	0	0	0	3
9780	2	0	0	0	0	0	0	0	0	0	0	0	2
9781	0	0	0	1	0	0	0	0	0	0	0	0	1
9782	1	0	0	0	0	0	0	0	0	0	0	0	1
9783	3	0	0	1	1	0	0	0	0	0	0	0	5
9784	1	0	0	0	5	0	0	0	1	0	0	0	7
9786	0	0	0	1	0	0	0	0	0	0	0	0	1
9787	2	0	0	0	1	0	0	0	0	0	0	0	3
9788	1	0	0	2	0	0	0	0	0	0	0	0	3
9789	1	0	0	0	2	0	0	0	1	0	0	0	4
9790	3	0	0	0	0	0	0	0	0	0	0	0	3
9791	1	0	0	1	0	0	0	1	0	0	0	0	3
9792	1	0	0	1	2	0	0	0	0	0	0	0	4
9793	1	0	0	0	0	2	0	0	0	0	0	0	3
9794	0	0	1	0	0	0	0	0	0	0	0	0	1
9795	0	0	0	0	1	1	0	0	0	0	0	0	2
9796	1	0	0	0	0	0	0	0	0	0	0	0	1
9797	3	0	0	0	0	0	0	0	1	0	0	0	4
9798	0	0	0	0	1	0	0	0	0	0	0	0	1
9799	1	0	0	0	1	0	0	0	1	0	0	0	3
9800	1	0	0	1	0	0	0	0	0	0	0	0	2
9801	2	0	0	0	0	0	0	0	1	0	0	0	3
9802	3	0	0	0	1	0	0	0	0	0	0	0	4
9803	1	1	0	1	0	0	0	0	0	0	0	0	3
9804	4	0	0	0	0	0	0	1	0	0	0	0	5
9805	1	0	0	0	0	0	0	0	0	0	0	0	1
9806	2	0	0	0	0	0	0	0	0	0	0	0	2
9807	1	0	0	0	1	0	0	0	0	0	0	0	2
9808	3	0	0	0	0	0	0	0	0	0	0	0	3
9809	2	0	0	0	3	0	0	0	0	0	0	0	5
9810	1	0	0	0	1	0	0	0	0	0	0	0	2
9811	2	0	0	0	0	0	0	1	0	0	0	0	3
9812	2	0	0	0	0	0	0	0	0	0	0	0	2
9813	2	0	0	1	0	0	0	0	0	0	0	0	3
9814	2	0	0	0	0	0	0	0	0	0	0	0	2
9815	2	0	0	0	0	0	0	0	0	0	0	0	2
9816	3	0	0	0	0	0	0	0	0	0	0	0	3
9817	2	0	0	0	0	0	0	0	0	0	0	0	2
9818	1	0	0	0	1	0	0	0	0	0	0	0	2
9819	2	0	0	0	1	0	0	0	0	0	0	0	3
9820	1	0	0	0	1	0	0	0	0	0	0	0	2
9821	2	0	0	0	0	0	0	0	0	0	0	0	2
9822	1	0	0	0	0	0	0	0	0	0	0	0	1
9823	1	0	0	0	0	0	0	0	0	0	0	0	1
9824	2	0	0	1	1	0	0	1	1	0	0	0	6
9825	3	0	0	0	0	0	0	0	0	0	0	0	3
9826	2	0	0	0	1	0	0	0	0	0	0	0	3
9827	2	0	0	0	0	0	0	0	0	0	0	0	2
9829	2	0	0	0	0	0	0	0	0	0	0	0	2
9830	2	0	0	0	0	0	0	0	0	0	0	0	2
9831	0	1	1	0	0	0	0	0	0	0	0	0	2
9832	3	0	0	0	0	0	0	0	0	0	0	0	3
9833	1	0	0	1	0	0	0	1	0	0	0	0	3
9834	0	0	0	2	1	0	0	0	0	0	0	0	3
9835	2	0	0	0	1	0	0	0	0	0	0	0	3
9836	2	0	0	0	0	0	0	0	0	0	0	0	2
9837	1	0	0	0	0	0	0	0	0	0	0	0	1
9838	3	0	0	0	1	0	0	0	0	0	0	0	4
9839	0	0	0	0	1	0	0	0	0	0	0	0	1
9840	1	0	0	0	0	0	1	0	0	1	0	0	3
9841	4	0	0	0	0	0	0	0	0	0	0	0	4
9842	2	0	0	1	0	0	0	0	0	0	0	0	3
9844	1	2	0	0	1	0	0	0	0	0	0	0	4
9845	0	0	0	0	1	0	0	0	0	0	0	0	1
9846	2	0	0	0	0	0	0	0	0	0	0	0	2
9847	1	1	0	1	0	0	0	0	0	0	0	0	3
9848	3	0	0	0	1	0	0	0	1	0	0	0	5
9849	0	1	0	0	0	2	0	0	0	0	0	0	3
9850	3	0	0	0	0	0	0	0	0	0	0	0	3
9851	3	0	0	0	0	0	0	0	0	0	0	0	3
9852	1	0	1	0	0	0	0	0	0	0	0	0	2
9853	1	0	0	0	0	0	0	0	0	0	0	0	1
9854	2	0	1	1	0	0	0	0	0	0	0	0	4
9856	3	0	0	0	0	0	0	0	0	0	0	0	3
9857	1	0	0	0	0	0	0	0	0	0	0	0	1
9858	2	0	0	0	0	0	0	0	0	0	0	0	2
9859	3	0	0	0	1	0	0	1	0	0	0	0	5
9860	1	0	0	0	0	0	0	0	0	0	0	0	1
9861	1	0	0	0	1	0	0	0	0	0	0	0	2
9862	1	0	0	0	0	0	0	0	0	0	0	0	1
9863	2	0	0	0	0	0	0	1	0	0	0	0	3
9864	0	0	1	0	0	0	1	0	0	0	0	0	2
9865	2	0	0	0	0	0	0	0	0	0	0	0	2
9866	0	0	0	1	0	0	0	1	0	0	0	0	2
9867	0	0	0	1	0	0	0	0	0	0	0	0	1
9868	3	0	0	0	0	0	0	0	0	0	0	0	3
9869	1	0	0	0	1	0	0	0	0	0	0	0	2
9870	1	0	0	0	0	0	0	0	0	0	0	0	1
9871	4	0	0	0	0	0	0	0	1	0	0	0	5
9872	1	0	0	0	0	0	0	0	0	0	0	0	1
9873	1	0	0	0	0	0	0	0	0	0	0	0	1
9874	4	0	0	0	0	0	0	0	0	0	0	0	4
9876	1	0	0	0	0	0	0	0	0	0	0	0	1
9879	3	0	0	0	0	0	0	0	0	0	0	0	3
9880	2	0	0	0	1	0	0	0	0	0	0	0	3
9882	1	0	0	0	0	0	0	0	0	0	0	0	1
9883	1	0	0	0	0	0	0	0	0	0	0	0	1
9884	2	0	0	0	0	0	0	0	0	0	0	0	2
9885	0	0	1	0	0	0	0	0	0	0	0	0	1
9886	0	0	0	0	0	0	0	0	0	1	0	0	1
9887	1	0	0	0	0	0	0	0	0	0	0	0	1
9888	1	0	0	0	1	0	0	0	0	0	0	0	2
9889	3	0	0	0	0	0	0	0	0	0	0	0	3
9890	2	0	0	0	0	0	0	0	0	0	0	0	2
9891	0	0	0	0	1	0	0	0	0	0	0	0	1
9892	2	0	0	0	1	0	0	0	0	0	0	0	3
9893	0	2	0	1	0	0	0	0	0	0	0	0	3
9894	0	0	0	0	3	0	0	1	0	0	0	0	4
9896	2	0	0	0	0	0	0	0	0	0	0	0	2
9897	0	0	0	0	3	0	0	0	0	0	0	0	3
9898	2	0	0	0	0	0	0	0	0	0	0	0	2
9899	2	0	0	0	1	0	0	0	0	0	0	0	3
9900	2	0	0	0	0	0	0	0	0	0	0	0	2
9901	1	0	0	1	0	0	0	0	0	0	0	0	2
9902	1	0	0	0	0	0	0	0	0	0	0	0	1
9904	1	0	0	0	1	0	0	0	0	0	0	0	2
9905	2	0	0	0	1	0	0	1	0	0	0	0	4
9906	2	0	0	0	0	0	0	0	0	0	0	0	2
9907	3	0	0	0	2	0	0	0	0	0	0	0	5
9908	0	0	1	0	0	0	0	0	0	0	0	0	1
9909	1	0	0	0	1	0	0	0	0	0	0	0	2
9912	1	0	0	0	0	0	0	0	0	0	0	0	1
9913	3	0	0	0	0	0	0	0	0	0	0	0	3
9914	0	0	0	0	0	1	0	0	0	0	0	0	1
9915	1	0	0	0	2	0	0	0	0	0	0	0	3
9916	2	0	0	0	0	0	0	0	0	0	0	0	2
9917	2	0	0	0	1	0	0	0	0	0	0	0	3
9919	0	0	0	1	1	0	0	0	0	0	0	0	2
9920	0	0	0	0	2	0	0	0	1	0	0	0	3
9921	0	0	1	1	0	0	0	0	0	0	0	0	2
9922	3	0	0	0	1	0	0	0	0	0	0	0	4
9923	4	0	0	1	0	0	0	0	0	0	0	0	5
9924	1	1	0	0	0	0	1	1	0	0	0	0	4
9925	2	0	0	0	3	0	0	0	0	0	0	0	5
9926	1	0	0	0	1	0	0	0	0	0	0	0	2
9927	1	0	0	0	0	0	0	0	0	0	0	0	1
9928	1	0	0	1	0	0	0	0	0	0	0	0	2
9929	2	0	0	0	0	1	0	1	0	0	0	0	4
9930	0	0	0	0	2	0	0	0	0	0	0	0	2
9931	3	0	0	1	0	0	0	0	0	0	0	0	4
9932	0	0	0	0	8	0	0	0	0	0	0	0	8
9933	2	0	0	0	0	0	0	0	0	0	0	0	2
9934	4	0	0	0	0	0	0	0	0	1	0	0	5
9935	1	0	0	0	0	0	0	0	0	0	0	0	1
9936	3	0	0	0	0	0	0	0	1	0	0	0	4
9937	4	0	0	1	1	0	0	0	0	1	0	0	7
9938	5	0	0	0	0	0	0	0	0	0	0	0	5
9939	1	0	1	0	0	0	0	0	1	0	0	0	3
9940	6	0	0	0	0	0	0	0	0	0	0	0	6
9941	1	0	0	1	0	0	1	0	0	0	0	0	3
9942	3	0	0	0	0	0	0	0	0	0	0	0	3
9943	1	0	1	1	0	0	0	0	0	0	0	0	3
9944	1	0	0	0	0	0	0	0	0	0	0	0	1
9945	0	0	0	2	0	0	0	0	0	0	0	0	2
9946	1	0	0	0	0	0	0	1	0	0	0	0	2
9947	1	0	0	0	0	0	0	0	0	0	0	0	1
9948	0	0	0	0	1	0	0	0	0	0	0	0	1
9949	2	0	0	0	0	0	0	0	0	0	0	0	2
9950	0	0	1	0	0	0	0	0	0	0	0	0	1
9951	2	1	0	0	0	0	0	0	0	0	0	0	3
9952	1	0	1	0	1	0	0	0	0	0	0	0	3
9953	3	1	0	1	0	0	0	0	0	0	0	0	5
9954	2	0	0	0	0	0	0	0	0	0	0	0	2
9955	0	0	0	0	0	1	0	0	0	0	0	0	1
9956	1	0	0	0	3	0	0	0	0	0	0	0	4
9957	2	0	0	0	1	0	0	0	0	0	0	0	3
9958	3	0	0	0	0	0	0	0	0	0	0	0	3
9959	4	0	0	0	0	0	0	0	0	0	0	0	4
9960	1	0	0	0	4	0	0	0	0	0	0	0	5
9961	0	1	0	0	2	0	0	0	0	0	0	0	3
9962	2	0	0	1	0	0	0	1	0	0	0	0	4
9963	2	0	0	0	2	0	0	0	0	0	0	0	4
9964	1	0	0	0	0	0	0	0	0	0	0	0	1
9965	2	0	0	0	0	0	0	0	0	0	0	0	2
9966	0	0	0	2	0	0	0	0	0	0	0	0	2
9967	1	0	0	0	0	0	0	0	0	0	0	0	1
9968	0	0	0	0	0	0	1	0	0	0	0	0	1
9969	1	0	0	0	1	1	0	0	0	0	0	0	3
9970	2	0	0	0	0	0	0	0	0	0	0	0	2
9971	1	0	0	0	0	0	0	0	0	0	0	0	1
9973	3	0	0	0	0	0	0	0	0	0	0	0	3
9974	2	0	0	0	2	0	0	0	0	0	0	0	4
9975	0	0	1	0	1	0	0	0	0	0	0	0	2
9976	3	0	0	0	1	0	0	1	0	0	0	0	5
9977	0	0	1	0	0	0	0	0	0	0	0	0	1
9978	0	0	0	1	1	0	0	0	0	0	0	0	2
9979	3	0	0	0	0	0	0	0	0	0	0	0	3
9980	2	0	0	1	0	0	0	0	0	0	0	0	3
9981	1	0	0	0	0	0	0	0	0	0	0	0	1
9982	0	0	0	1	3	0	0	0	0	0	0	0	4
9983	1	1	0	0	0	0	0	1	0	0	0	0	3
9984	2	0	0	0	0	0	0	0	0	0	0	0	2
9985	3	0	0	0	1	0	0	0	1	0	0	0	5
9986	2	0	0	0	0	0	0	0	0	0	0	0	2
9987	2	0	0	0	1	0	0	0	0	0	0	0	3
9988	1	0	0	0	2	0	0	1	0	0	0	0	4
9989	2	0	0	1	0	0	0	0	0	0	0	0	3
9990	0	0	1	0	0	0	0	0	0	0	0	0	1
9991	1	0	0	0	1	0	0	0	1	0	0	0	3
9992	2	0	0	0	0	0	0	0	0	0	0	0	2
9993	3	0	0	0	2	0	0	2	0	0	0	0	7
9994	2	0	0	0	0	0	0	0	0	0	0	0	2
9995	1	0	0	1	2	0	0	0	0	0	0	0	4
9996	2	0	0	0	1	0	1	0	0	0	0	0	4
9997	2	0	0	0	0	0	0	0	0	0	0	0	2
9998	4	0	0	0	0	0	0	0	0	0	0	0	4
10000	1	0	1	0	0	0	0	0	0	0	0	0	2
10001	1	0	0	0	0	0	0	0	0	0	0	0	1
10002	2	0	0	0	1	0	0	0	0	0	0	0	3
10003	0	0	0	0	0	0	0	0	1	0	0	0	1
10004	4	0	0	0	0	0	0	0	0	0	0	0	4
10005	2	0	0	0	0	0	1	0	0	0	0	0	3
10007	1	0	0	0	0	0	0	0	0	0	0	0	1
10008	1	0	0	0	2	0	0	0	0	0	0	0	3
10009	1	0	0	0	0	0	0	0	0	0	0	0	1
10010	3	0	0	0	1	0	0	0	0	0	0	0	4
10011	0	0	1	0	0	0	0	0	0	0	0	0	1
10012	5	0	0	0	0	0	0	0	0	0	0	0	5
10013	3	0	0	0	0	0	0	0	0	0	0	0	3
10014	0	0	0	0	0	0	0	0	1	0	0	0	1
10015	2	0	0	0	1	0	0	0	0	0	0	0	3
10016	3	0	0	0	0	0	0	1	0	0	0	0	4
10017	4	0	0	0	0	0	0	0	0	0	0	0	4
10018	1	0	0	0	0	0	0	0	0	0	0	0	1
10019	3	0	0	0	0	0	0	0	0	0	0	0	3
10020	2	0	0	0	0	0	0	0	0	0	0	0	2
10021	1	0	0	0	0	0	0	0	0	0	0	0	1
10022	1	0	0	0	0	0	0	0	0	0	0	0	1
10023	0	0	1	0	1	0	0	0	0	0	0	0	2
10024	0	0	0	0	2	0	0	1	0	0	0	0	3
10025	1	0	0	0	2	0	0	0	0	0	0	0	3
10026	2	0	0	0	0	0	0	0	0	0	0	0	2
10027	2	0	0	0	1	0	0	0	0	0	0	0	3
10028	0	0	1	0	0	0	0	0	0	0	0	0	1
10029	3	0	0	0	1	0	0	0	0	0	0	0	4
10030	1	0	0	0	1	0	0	0	0	0	0	0	2
10031	0	0	1	0	0	0	0	0	0	0	0	0	1
10032	0	0	0	2	0	0	0	0	0	0	0	0	2
10033	2	0	0	0	1	0	1	0	0	0	0	0	4
10034	0	0	1	0	2	0	0	0	0	0	0	0	3
10035	2	0	0	0	1	0	0	0	0	0	0	0	3
10036	1	0	0	0	0	0	0	0	0	0	0	0	1
10037	2	0	0	0	0	0	0	0	0	0	0	0	2
10038	1	0	0	0	0	0	0	1	0	0	0	0	2
10039	1	0	0	0	0	0	0	0	0	0	0	0	1
10040	1	0	0	0	0	0	0	0	0	0	0	0	1
10041	1	0	0	1	0	0	0	0	1	0	0	0	3
10042	0	0	1	0	0	0	0	0	0	0	0	0	1
10043	3	0	0	0	0	1	0	0	0	0	0	0	4
10044	3	0	0	0	0	1	1	1	0	0	0	0	6
10045	2	0	0	0	1	0	0	0	1	0	0	0	4
10046	2	0	0	0	0	0	0	0	0	0	0	0	2
10047	1	0	0	0	0	0	1	0	1	0	0	0	3
10048	0	1	0	0	0	0	0	0	0	0	0	0	1
10049	2	0	1	0	0	0	0	1	0	0	0	0	4
10050	0	0	0	0	2	0	0	0	0	0	0	0	2
10051	1	0	0	0	0	0	0	1	0	0	0	0	2
10052	3	0	0	0	2	0	0	0	0	0	0	0	5
10053	1	0	0	0	0	0	0	1	0	0	0	0	2
10054	2	0	0	0	0	0	0	0	0	0	0	0	2
10055	2	0	0	0	0	0	0	0	0	0	0	0	2
10056	1	0	0	0	0	0	0	0	0	0	0	0	1
10057	2	0	0	0	1	0	0	0	0	0	0	0	3
10058	3	0	0	0	0	0	0	0	0	0	0	0	3
10059	2	0	0	0	0	0	0	0	0	0	0	0	2
10060	3	0	0	0	0	0	0	1	0	0	0	0	4
10061	4	0	0	0	0	0	1	0	0	0	0	0	5
10062	0	0	0	0	3	0	0	0	0	0	0	0	3
10063	0	0	0	0	1	0	0	0	0	0	0	0	1
10064	1	0	0	0	3	0	0	0	0	0	0	0	4
10065	2	0	0	0	0	0	0	2	0	0	0	0	4
10066	1	0	0	0	0	0	0	0	0	0	0	0	1
10067	1	0	0	0	1	0	0	0	0	0	0	0	2
10068	2	0	0	0	0	0	0	0	0	0	0	0	2
10069	1	0	3	0	0	0	0	0	0	0	0	0	4
10070	1	0	0	1	1	0	0	0	0	0	0	0	3
10071	4	1	0	0	0	0	0	0	0	0	0	0	5
10072	1	0	0	0	0	0	1	0	0	0	0	0	2
10073	2	0	0	0	0	0	0	1	0	0	0	0	3
10074	0	0	0	1	1	0	0	0	0	0	0	0	2
10075	2	0	0	0	0	0	0	0	0	0	0	0	2
10076	3	0	0	0	0	0	0	1	0	0	0	0	4
10077	2	0	0	0	0	0	0	0	0	0	0	0	2
10078	1	0	0	0	0	0	0	0	1	0	0	0	2
10079	2	0	0	0	0	0	0	0	0	0	0	0	2
10080	0	1	0	0	3	0	0	0	0	0	0	0	4
10081	2	0	0	0	0	1	0	0	0	0	0	0	3
10082	0	0	0	0	1	0	0	0	0	0	0	0	1
10083	2	0	0	0	0	0	0	0	0	0	0	0	2
10084	1	0	0	0	0	0	0	0	0	0	0	0	1
10085	0	0	1	0	2	0	0	0	0	0	0	0	3
10086	1	0	0	0	0	0	1	0	0	0	0	0	2
10087	1	0	0	0	0	0	0	0	0	0	0	0	1
10089	1	0	0	0	1	0	0	0	0	0	0	0	2
10090	2	0	0	0	2	0	0	0	0	0	0	0	4
10091	1	0	0	0	2	0	0	0	0	0	0	0	3
10092	0	0	0	2	1	0	0	0	0	0	0	0	3
10093	2	0	0	0	0	0	0	0	0	0	0	0	2
10094	1	0	0	0	0	0	0	0	0	0	0	0	1
10095	3	0	0	0	0	0	0	0	0	0	0	0	3
10096	0	0	0	0	0	0	1	0	0	0	0	0	1
10097	0	0	0	0	1	0	0	0	1	0	0	0	2
10098	1	0	0	0	2	0	0	0	1	0	0	0	4
10099	1	0	0	1	0	0	0	0	0	0	0	0	2
10100	0	0	0	0	1	0	0	0	0	0	0	0	1
10101	3	0	0	0	1	0	0	0	0	0	0	0	4
10102	1	0	0	0	0	0	0	0	0	0	0	0	1
10103	2	0	0	0	1	0	1	0	0	0	0	0	4
10104	1	0	0	0	2	0	0	0	0	0	0	0	3
10105	2	0	0	0	0	0	0	0	0	0	0	0	2
10106	1	0	0	0	2	0	0	1	0	0	0	0	4
10107	0	0	0	0	5	0	0	1	0	0	0	0	6
10108	1	0	0	0	0	0	0	0	1	0	0	0	2
10109	0	0	0	0	3	0	0	0	0	0	0	0	3
10110	2	0	0	0	0	0	0	0	0	0	0	0	2
10111	3	0	0	0	2	3	0	0	0	0	0	0	8
10112	1	0	0	0	3	0	0	1	0	0	0	0	5
10113	1	0	0	0	1	0	1	0	0	0	0	0	3
10114	3	0	0	0	0	1	0	0	0	0	0	0	4
10115	1	0	0	0	2	0	0	0	0	0	0	0	3
10116	3	0	0	0	0	0	0	0	0	0	0	0	3
10117	3	0	0	0	1	0	0	0	0	0	0	0	4
10118	0	0	0	0	3	0	0	0	0	0	0	0	3
10119	2	0	0	0	1	0	0	0	0	0	0	0	3
10120	3	0	0	0	0	0	0	0	0	0	0	0	3
10121	1	0	0	0	0	0	0	0	0	0	0	0	1
10122	1	0	0	0	0	0	0	0	0	0	0	0	1
10123	1	0	0	0	1	0	0	0	1	0	0	0	3
10124	6	0	0	0	0	1	0	0	0	0	0	0	7
10125	1	0	0	0	0	0	0	0	0	0	0	0	1
10126	1	0	0	0	4	0	0	0	0	0	0	0	5
10127	2	0	0	0	1	0	0	1	0	0	0	0	4
10128	1	0	0	0	0	0	1	1	0	0	0	0	3
10129	3	0	0	1	0	1	0	0	0	0	0	0	5
10130	1	0	1	0	0	0	0	1	0	0	0	0	3
10131	1	1	1	1	0	0	0	0	0	0	0	0	4
10132	2	0	0	0	0	0	0	0	0	0	0	0	2
10133	1	0	0	0	0	1	0	0	1	0	0	0	3
10134	1	0	0	0	1	0	0	0	0	0	0	0	2
10135	3	0	0	0	1	0	1	1	0	0	0	0	6
10136	2	0	0	1	0	0	0	0	0	0	0	0	3
10137	2	0	0	0	0	0	0	0	0	0	0	0	2
10138	1	0	0	0	1	0	0	1	0	0	0	0	3
10139	1	0	0	0	1	0	0	0	0	0	0	0	2
10140	0	0	0	0	2	0	0	0	0	0	0	0	2
10141	1	0	0	0	2	0	0	0	0	0	0	0	3
10142	1	0	0	1	0	0	0	1	0	0	0	0	3
10143	2	0	0	0	1	0	0	0	0	0	0	0	3
10144	3	0	0	0	0	0	0	1	0	0	1	0	5
10145	1	0	0	0	0	0	0	0	0	0	0	0	1
10146	2	0	0	0	0	0	0	0	0	0	0	0	2
10147	0	0	0	0	2	0	0	0	0	0	0	0	2
10148	3	0	0	0	0	0	0	1	0	0	0	0	4
10149	1	0	0	0	2	0	0	0	0	0	0	0	3
10150	2	0	0	0	0	0	0	0	0	0	0	0	2
10151	3	0	0	0	0	0	0	0	0	0	0	0	3
10152	3	0	0	0	1	0	0	0	0	0	0	0	4
10153	1	0	0	0	0	0	0	1	0	0	0	0	2
10154	1	0	0	0	0	0	0	0	0	0	0	0	1
10155	0	0	0	1	2	0	0	0	0	0	0	0	3
10156	2	0	0	0	1	0	0	0	0	0	0	0	3
10157	4	0	0	0	0	0	1	0	0	0	0	0	5
10158	0	0	1	0	0	0	0	0	0	0	0	0	1
10159	0	0	0	0	1	0	0	0	0	0	0	0	1
10160	0	0	1	1	1	0	0	0	0	0	0	0	3
10161	0	0	1	0	0	0	0	0	0	0	0	0	1
10162	1	0	0	0	0	0	1	1	0	0	0	0	3
10163	1	0	0	0	1	0	0	0	0	0	0	0	2
10164	0	0	1	0	0	0	0	0	0	0	0	0	1
10165	1	0	0	0	0	0	0	0	0	0	0	0	1
10167	1	0	0	0	0	0	0	0	0	0	0	0	1
10168	3	0	0	0	0	0	0	0	0	0	0	0	3
10169	0	0	0	0	1	0	0	0	0	0	0	0	1
10171	2	0	0	0	0	0	0	0	0	0	0	0	2
10172	2	0	0	0	0	0	0	0	0	0	0	0	2
10173	2	0	0	1	0	0	0	0	0	0	0	0	3
10174	0	0	0	1	1	0	0	0	0	0	0	0	2
10175	2	0	0	0	2	0	0	0	0	0	0	0	4
10176	3	0	0	0	0	0	0	0	0	0	0	0	3
10177	1	0	0	0	0	0	0	1	0	0	0	0	2
10178	2	0	0	0	0	0	1	0	0	0	0	0	3
10179	1	0	0	0	0	0	0	1	0	0	0	0	2
10180	0	0	0	0	1	0	0	0	0	0	0	0	1
10181	2	2	0	0	0	1	0	0	0	0	0	0	5
10183	0	0	1	0	0	0	0	0	0	0	0	0	1
10185	1	0	0	0	1	0	0	0	0	0	0	0	2
10186	1	0	0	0	0	0	0	1	0	0	0	0	2
10187	2	0	0	0	0	0	1	1	0	0	0	0	4
10188	0	0	0	0	0	0	2	0	0	1	0	0	3
10189	1	0	0	0	0	0	1	0	0	0	0	0	2
10190	3	0	0	0	2	0	0	0	0	0	0	0	5
10191	0	0	0	0	2	0	0	0	0	0	0	0	2
10192	0	0	0	1	1	0	0	0	0	0	0	0	2
10193	1	0	0	0	1	0	0	1	0	0	0	0	3
10195	1	0	0	0	0	0	0	0	0	0	0	0	1
10196	2	0	0	0	0	0	0	0	0	0	0	0	2
10197	1	0	0	0	2	0	0	0	0	0	0	0	3
10198	0	0	0	1	0	0	0	0	0	0	0	0	1
10199	2	0	0	0	0	0	0	0	0	0	0	0	2
10201	1	0	0	0	0	0	0	0	0	0	0	0	1
10202	1	0	0	0	0	0	0	0	0	0	0	0	1
10203	2	0	0	0	0	0	0	0	0	0	0	0	2
10204	1	0	0	0	0	0	0	0	0	0	0	0	1
10205	0	0	0	1	0	0	0	0	0	0	0	0	1
10206	0	0	1	1	0	0	0	0	0	0	0	0	2
10207	2	0	0	0	0	0	0	0	0	0	0	0	2
10208	1	0	0	0	1	0	1	0	0	0	0	0	3
10210	1	1	1	0	0	0	0	0	0	0	0	0	3
10212	1	0	0	0	0	0	0	0	0	0	0	0	1
10213	2	0	0	0	0	0	0	1	0	0	0	0	3
10215	0	0	1	0	0	0	0	0	0	0	0	0	1
10216	1	0	1	0	0	0	0	0	0	0	0	0	2
10217	1	0	0	0	2	0	0	0	0	0	0	0	3
10218	3	0	0	0	0	0	0	1	0	0	0	0	4
10219	2	0	1	0	0	0	0	0	0	0	0	0	3
10220	0	0	1	0	0	0	0	0	0	0	0	0	1
10221	1	0	0	0	0	0	0	0	0	0	0	0	1
10222	3	0	0	0	0	0	0	0	0	0	0	0	3
10223	1	0	0	0	1	2	0	1	0	0	0	0	5
10224	1	0	0	0	2	0	0	0	0	0	0	0	3
10225	0	1	0	0	0	0	0	0	0	0	0	0	1
10226	0	0	1	1	0	0	0	0	0	0	0	0	2
10227	0	0	1	0	0	0	0	0	0	0	0	0	1
10228	1	0	0	0	0	0	0	0	0	0	0	0	1
10229	1	0	0	0	0	0	0	1	0	0	0	0	2
10231	0	0	0	1	0	0	0	0	0	0	0	0	1
10233	0	0	0	0	1	1	0	0	0	0	0	0	2
10234	0	2	0	0	0	0	0	0	0	0	0	0	2
10235	0	0	2	0	1	0	0	0	0	0	0	0	3
10236	3	0	0	0	0	0	0	0	0	0	0	0	3
10237	3	0	0	0	0	0	0	0	0	0	0	0	3
10238	2	0	0	0	0	0	0	1	0	0	0	0	3
10239	1	0	0	0	0	0	0	0	0	0	0	0	1
10242	1	0	0	0	0	0	0	0	0	0	0	0	1
10243	1	0	0	0	3	0	0	0	0	0	0	0	4
10244	1	0	0	0	1	0	0	1	0	0	0	0	3
10245	0	0	1	0	0	0	0	0	0	0	0	0	1
10246	1	0	0	0	0	0	1	0	0	0	0	0	2
10247	2	0	0	0	0	0	0	0	1	0	0	0	3
10248	2	0	0	0	1	0	0	0	0	0	0	0	3
10249	2	0	0	0	0	0	0	0	0	0	0	0	2
10250	0	0	0	2	1	0	0	0	0	0	0	0	3
10251	1	0	0	0	1	0	0	0	0	0	0	0	2
10252	0	0	0	0	4	0	0	0	0	0	0	0	4
10253	1	0	0	0	4	0	0	0	0	0	0	0	5
10254	1	0	0	1	1	0	0	0	0	0	0	0	3
10255	3	0	0	0	1	0	0	0	0	0	0	0	4
10256	2	0	0	0	0	0	0	0	0	0	0	0	2
10257	0	0	0	1	1	1	0	0	0	0	0	0	3
10258	0	1	0	1	0	0	0	0	0	0	0	0	2
10259	1	0	0	0	3	0	0	0	0	0	0	0	4
10260	1	0	0	0	0	0	0	1	0	0	0	0	2
10261	2	0	0	1	0	0	0	0	0	0	0	0	3
10262	1	0	0	0	1	0	0	0	0	0	0	0	2
10263	1	0	0	0	2	0	0	0	0	0	0	0	3
10264	3	0	0	0	0	0	0	1	0	0	0	0	4
10265	3	0	0	0	0	0	0	0	0	0	0	0	3
10266	2	0	0	0	1	0	0	0	0	0	0	0	3
10267	1	0	0	0	0	0	0	0	0	0	0	0	1
10268	3	0	0	0	0	0	0	0	0	0	0	0	3
10269	2	0	0	1	0	0	0	1	0	0	0	0	4
10270	3	0	0	0	0	0	0	0	0	0	0	0	3
10271	1	0	0	0	0	1	0	0	0	0	0	0	2
10272	2	0	0	0	0	0	0	0	0	0	0	0	2
10273	1	0	0	0	0	0	0	0	0	0	0	0	1
10274	3	0	0	0	0	0	0	0	1	0	0	0	4
10275	2	0	0	0	2	0	1	1	1	1	0	0	8
10276	1	0	0	1	1	0	0	0	0	0	0	0	3
10277	2	0	0	0	0	0	0	0	0	0	0	0	2
10278	1	0	0	1	0	0	0	0	0	0	0	0	2
10279	0	0	0	1	0	0	0	0	0	0	0	1	2
10280	0	0	1	0	0	0	0	0	0	0	0	0	1
10281	1	0	0	0	1	0	0	0	0	0	0	0	2
10282	2	0	0	0	0	0	0	0	0	0	0	0	2
10283	2	0	0	0	0	0	0	0	0	0	0	0	2
10284	1	1	0	1	0	0	0	0	0	0	0	0	3
10285	1	0	0	0	0	0	0	0	1	0	0	0	2
10286	1	0	0	1	0	0	0	0	0	0	0	0	2
10287	3	0	0	0	0	0	0	0	0	0	0	0	3
10288	0	1	0	0	0	0	0	0	0	0	0	0	1
10290	1	0	0	0	1	0	0	0	0	0	0	0	2
10291	0	0	0	0	2	0	0	0	0	0	0	0	2
10292	0	1	0	0	0	0	0	0	0	0	0	0	1
10293	1	0	0	0	0	0	0	0	0	0	0	0	1
10294	2	0	0	0	0	0	0	0	0	0	0	0	2
10295	1	0	0	0	1	0	0	0	1	0	0	0	3
10296	2	0	0	0	1	0	0	0	0	0	0	0	3
10297	1	0	0	0	0	0	0	0	0	0	0	0	1
10298	0	0	0	0	1	0	0	0	0	0	0	0	1
10299	2	0	0	0	0	0	0	1	0	0	0	0	3
10300	0	0	0	0	1	0	0	0	0	0	0	0	1
10301	1	0	0	0	1	0	0	1	0	0	0	0	3
10302	3	0	0	0	0	0	1	0	0	0	0	0	4
10303	0	0	0	0	1	1	0	0	0	0	0	0	2
10304	2	0	0	0	1	0	0	0	0	0	0	0	3
10305	1	0	0	0	0	0	0	0	0	0	0	0	1
10306	1	1	0	0	0	0	0	0	0	0	0	0	2
10307	2	0	0	0	0	0	0	0	0	0	0	0	2
10308	3	0	0	0	0	0	0	0	0	0	0	0	3
10309	1	0	0	0	0	0	0	0	0	0	0	0	1
10310	0	0	1	0	0	0	0	0	0	0	0	0	1
10311	0	0	0	1	1	0	0	0	0	0	0	0	2
10312	2	0	0	0	0	0	0	1	0	0	0	0	3
10313	3	0	0	0	0	0	1	0	1	0	0	0	5
10315	0	0	1	0	1	0	0	0	0	0	0	0	2
10316	0	1	1	0	0	0	0	0	0	0	0	0	2
10317	0	0	1	0	0	0	0	0	0	0	0	0	1
10318	0	0	1	0	0	0	0	0	0	0	0	0	1
10319	1	1	0	0	0	0	0	0	0	0	0	0	2
10320	1	0	0	0	0	0	0	0	0	0	0	0	1
10321	1	0	0	0	2	0	0	0	0	0	0	0	3
10322	0	0	1	0	0	0	0	0	0	0	0	0	1
10323	0	0	1	1	0	0	0	0	0	0	0	0	2
10324	0	0	0	0	1	0	0	0	0	0	0	0	1
10325	0	0	1	0	0	0	0	0	0	0	0	0	1
10326	0	0	0	0	2	0	0	0	0	0	0	0	2
10327	3	0	0	0	0	0	0	1	0	0	0	0	4
10328	2	0	0	0	0	0	0	1	0	0	0	0	3
10329	3	0	0	0	0	0	0	0	0	0	0	0	3
10330	2	0	0	0	0	0	0	0	0	0	0	0	2
10331	0	0	0	0	1	0	0	0	0	0	0	0	1
10332	0	0	0	0	2	0	0	0	0	0	0	0	2
10333	1	0	0	0	0	0	0	0	0	0	0	0	1
10334	4	0	0	0	1	0	0	0	0	0	0	0	5
10335	3	0	0	1	0	0	0	0	0	0	0	0	4
10336	1	0	0	1	0	0	0	0	0	0	0	0	2
10337	1	0	1	0	1	0	0	0	0	0	0	0	3
10341	0	0	0	0	1	0	0	0	0	0	0	0	1
10342	1	0	0	0	0	0	0	0	0	0	0	0	1
10343	2	0	0	0	0	0	0	0	0	0	0	0	2
10344	1	0	1	0	0	0	0	0	0	0	0	0	2
10345	1	0	0	1	1	0	0	0	0	0	0	0	3
10347	1	0	0	0	0	0	0	0	0	0	0	0	1
10348	1	0	0	0	1	0	0	0	0	0	0	0	2
10349	0	0	1	0	0	1	0	0	0	0	0	0	2
10350	2	0	0	0	0	0	0	0	0	0	0	0	2
10351	2	0	0	0	0	0	0	0	0	0	0	0	2
10352	0	0	0	0	2	0	0	0	0	0	0	0	2
10353	2	0	0	0	0	0	1	0	0	0	0	0	3
10354	4	0	0	0	4	0	0	0	0	0	0	0	8
10355	0	0	0	0	2	0	0	0	0	0	0	0	2
10356	0	0	0	1	1	0	0	0	0	0	0	0	2
10357	1	0	0	0	1	0	0	0	0	0	0	0	2
10358	2	0	0	0	1	0	0	0	0	0	0	0	3
10359	2	0	0	0	0	0	0	0	0	0	0	0	2
10361	0	0	0	0	1	0	0	0	0	0	0	0	1
10362	1	0	0	0	0	0	0	0	0	0	0	0	1
10363	2	0	0	1	0	0	0	0	0	0	0	0	3
10364	2	0	0	0	0	0	0	0	0	0	0	0	2
10365	1	0	0	0	1	1	0	0	0	0	0	0	3
10366	0	0	0	0	3	0	0	0	0	0	0	0	3
10367	3	0	0	0	0	0	0	0	0	0	0	0	3
10368	0	0	0	1	0	0	0	0	0	0	0	0	1
10369	2	2	0	0	0	0	0	0	1	0	0	0	5
10371	2	0	0	0	0	0	0	0	0	0	0	0	2
10372	3	0	0	0	0	0	0	0	0	0	0	0	3
10373	2	0	0	0	0	0	0	0	0	0	0	0	2
10374	0	0	0	0	2	0	0	0	0	0	0	0	2
10375	4	0	0	0	0	0	0	0	0	0	0	0	4
10376	1	0	0	0	0	1	0	0	0	0	0	0	2
10377	1	0	0	0	0	1	0	0	0	0	0	0	2
10378	3	0	0	0	0	0	0	0	0	0	0	0	3
10379	1	0	0	0	0	0	0	0	0	0	0	0	1
10381	2	0	0	0	0	0	1	0	0	0	0	0	3
10383	0	0	1	0	0	0	0	0	0	0	0	0	1
10384	2	0	0	0	3	0	0	0	0	0	0	0	5
10385	1	0	0	0	0	0	0	0	0	0	0	0	1
10386	0	0	0	0	3	0	0	0	0	0	0	0	3
10387	1	0	0	0	0	0	0	0	0	0	0	0	1
10388	0	1	0	0	0	0	0	0	0	0	0	0	1
10389	2	0	0	0	0	0	1	0	0	0	0	0	3
10390	0	0	0	1	0	0	0	0	0	0	0	0	1
10391	3	0	0	0	0	0	0	0	0	0	0	0	3
10392	2	0	1	0	0	0	0	0	0	0	0	0	3
10395	1	0	0	0	0	0	0	0	0	0	0	0	1
10397	0	0	0	0	0	1	0	0	0	0	0	0	1
10398	3	0	0	0	1	0	0	0	0	0	0	0	4
10399	1	0	0	0	0	0	0	0	0	0	0	0	1
10400	1	0	1	0	3	0	0	0	0	0	0	0	5
10402	3	0	0	0	1	0	0	0	0	0	0	0	4
10403	2	0	0	1	0	0	0	0	0	0	0	0	3
10404	1	0	0	0	0	0	0	0	0	0	0	0	1
10406	2	0	0	0	0	0	0	0	0	0	0	0	2
10407	0	0	0	0	2	0	0	0	0	0	0	0	2
10408	1	0	0	0	0	0	0	0	0	0	0	0	1
10409	2	0	0	0	0	0	0	0	0	0	0	0	2
10410	1	0	1	0	0	1	0	0	1	0	0	0	4
10411	1	0	1	0	0	0	0	1	0	0	0	0	3
10412	1	0	0	0	2	0	0	0	0	0	0	0	3
10413	2	0	0	0	1	0	1	0	0	0	0	0	4
10415	1	0	0	0	0	0	0	0	0	0	0	0	1
10416	0	0	0	0	0	1	0	0	0	0	0	0	1
10417	3	0	0	0	1	0	0	0	0	0	0	0	4
10418	2	0	0	0	2	0	0	0	0	0	0	0	4
10419	3	0	0	0	0	0	0	2	0	0	0	0	5
10420	3	0	0	0	0	0	0	1	0	0	0	0	4
10421	0	0	0	0	1	0	0	0	0	0	0	0	1
10422	0	0	0	1	0	1	0	0	0	0	0	0	2
10423	4	0	0	0	0	0	0	0	0	0	0	0	4
10424	1	0	0	0	2	0	0	0	0	0	0	0	3
10425	4	0	0	0	0	0	0	0	0	0	0	0	4
10426	3	0	0	0	0	0	0	1	0	0	0	0	4
10427	1	0	0	0	4	0	0	0	0	0	0	0	5
10428	2	0	0	0	0	0	0	1	0	0	0	0	3
10429	0	0	1	1	1	0	0	0	0	0	0	0	3
10430	1	0	0	0	1	0	0	0	0	0	0	0	2
10431	4	0	0	0	0	0	1	1	0	0	0	0	6
10432	1	0	0	0	0	0	0	0	0	0	0	0	1
10433	3	0	0	0	0	0	0	0	0	0	0	0	3
10434	0	0	0	0	2	2	0	1	0	0	0	0	5
10435	1	0	0	0	0	0	0	0	0	0	0	0	1
10436	0	0	1	0	0	0	0	0	0	0	0	0	1
10438	1	0	0	0	0	0	0	1	0	0	0	0	2
10439	2	0	0	0	0	0	0	0	0	0	0	0	2
10440	4	0	0	0	0	0	0	0	0	0	0	0	4
10441	3	0	0	0	1	0	0	0	0	1	0	0	5
10442	1	0	0	0	0	0	0	0	0	0	0	0	1
10444	1	0	0	0	1	0	0	1	0	0	0	0	3
10445	3	0	0	0	0	0	0	0	0	0	0	0	3
10446	2	0	0	0	0	0	0	0	0	0	0	0	2
10447	0	0	0	0	0	1	0	0	0	0	0	0	1
10448	1	0	0	0	0	0	0	0	0	0	0	0	1
10449	1	0	0	0	1	0	0	0	0	0	0	0	2
10450	0	0	0	0	0	0	1	0	2	0	0	0	3
10451	0	1	1	0	1	0	0	0	0	0	0	0	3
10452	1	0	0	0	2	0	1	0	0	0	0	0	4
10453	3	0	0	0	1	0	0	0	1	0	0	0	5
10454	4	0	0	0	0	0	0	0	0	0	0	0	4
10455	1	0	0	0	0	0	0	1	0	0	0	0	2
10456	0	0	0	0	1	0	1	0	1	0	0	0	3
10457	3	0	0	0	2	0	0	0	0	0	0	0	5
10458	1	0	0	1	0	0	0	0	0	0	0	0	2
10459	1	0	0	1	0	0	0	0	0	0	0	0	2
10460	1	0	0	0	0	0	0	0	0	0	0	0	1
10461	2	0	0	1	0	0	0	0	0	0	0	0	3
10462	2	0	0	1	0	0	0	0	0	0	0	0	3
10463	1	0	0	0	0	0	0	0	0	0	0	0	1
10464	1	0	1	0	0	0	0	0	0	1	0	0	3
10465	1	0	0	0	0	0	0	0	0	0	0	0	1
10466	3	0	0	0	0	0	0	0	0	0	0	0	3
10467	3	0	0	0	1	0	0	1	0	1	0	0	6
10468	0	0	0	1	0	0	0	0	0	0	0	0	1
10469	1	0	1	0	0	0	0	0	0	0	0	0	2
10470	1	0	0	0	0	0	0	0	0	0	0	0	1
10471	1	0	0	1	0	0	0	2	0	0	0	0	4
10472	2	0	0	0	0	0	0	0	0	0	0	0	2
10473	1	0	0	0	1	0	0	0	0	0	0	0	2
10474	2	0	0	0	3	0	0	0	0	0	0	0	5
10475	2	0	0	0	0	0	0	0	0	0	0	0	2
10476	2	0	0	0	1	0	0	0	0	0	0	0	3
10477	0	0	0	0	2	0	0	0	0	0	0	0	2
10478	2	0	0	0	0	0	0	0	0	0	0	0	2
10479	0	0	0	0	1	0	0	0	0	0	0	0	1
10480	2	0	0	0	0	0	0	0	0	1	0	0	3
10481	1	0	0	1	1	0	0	2	1	0	0	0	6
10482	2	0	0	0	0	0	0	0	0	0	0	0	2
10483	1	0	0	0	0	0	0	0	0	0	0	0	1
10484	2	0	0	0	0	0	0	0	0	0	0	0	2
10485	1	0	0	0	0	0	0	1	0	0	0	0	2
10486	2	0	0	0	0	0	0	0	0	0	0	0	2
10487	2	0	0	0	0	0	0	0	0	0	0	0	2
10488	1	0	0	0	4	0	0	0	0	0	0	0	5
10489	3	0	0	0	0	0	1	0	0	0	0	0	4
10490	1	1	0	0	2	0	0	0	0	0	0	0	4
10491	2	0	0	0	0	0	0	0	0	0	0	0	2
10492	1	0	0	0	0	0	0	0	0	0	0	0	1
10493	1	0	0	0	1	0	0	1	0	0	0	0	3
10495	1	0	0	0	0	0	1	0	0	0	0	0	2
10496	2	0	0	0	1	0	0	0	0	0	0	0	3
10497	1	0	0	0	0	0	0	0	0	0	0	0	1
10498	2	0	0	1	0	0	0	0	0	0	0	0	3
10499	1	0	0	0	0	0	0	0	0	0	0	0	1
10500	2	0	0	0	0	0	0	0	0	0	0	0	2
10501	0	0	0	0	2	0	0	0	0	0	0	0	2
10502	1	0	0	0	0	0	0	0	0	0	0	0	1
10503	1	0	0	0	1	0	0	0	0	0	0	0	2
10504	3	0	0	0	0	0	0	0	0	0	0	0	3
10505	1	0	0	0	0	0	0	0	0	0	0	0	1
10506	2	0	0	0	0	0	0	0	0	0	0	0	2
10507	1	0	0	0	1	0	0	0	1	0	0	0	3
10508	4	0	0	1	1	0	0	0	0	0	0	0	6
10509	2	0	0	1	2	0	0	0	0	0	0	0	5
10511	1	0	0	0	1	0	0	0	0	0	0	0	2
10512	2	0	0	1	0	0	0	0	0	0	0	0	3
10513	2	0	0	0	0	0	0	0	0	0	0	0	2
10515	1	0	0	0	1	0	0	0	0	0	0	0	2
10516	1	0	0	0	0	0	0	0	0	0	0	0	1
10517	1	0	0	0	0	0	0	0	0	0	0	0	1
10518	3	0	0	0	0	0	1	0	0	0	0	0	4
10519	2	0	0	0	1	0	0	1	1	0	0	0	5
10520	2	0	0	0	0	0	0	0	0	0	0	0	2
10521	0	0	0	1	0	0	0	0	0	0	0	0	1
10522	3	0	0	0	0	0	0	0	0	0	0	0	3
10523	2	0	0	0	0	0	0	0	0	0	0	0	2
10524	0	0	0	0	1	0	0	0	0	0	0	0	1
10525	0	2	0	0	0	0	0	0	0	0	0	0	2
10526	0	0	0	1	0	0	0	0	0	0	0	0	1
10527	0	0	0	0	1	0	0	0	0	0	0	0	1
10528	1	1	0	0	0	0	0	0	0	0	0	0	2
10529	2	0	0	0	0	0	0	0	0	0	0	0	2
10530	4	0	0	0	0	0	0	0	0	0	0	0	4
10531	0	0	0	0	17	0	0	0	0	0	0	0	17
10532	0	0	0	0	13	0	1	0	0	0	0	0	14
10533	1	0	0	0	2	0	0	0	0	0	0	0	3
10534	1	0	3	0	0	0	1	0	0	0	0	0	5
10535	3	0	0	0	2	0	0	0	0	0	0	0	5
10536	2	0	0	0	1	0	0	1	0	0	0	0	4
10537	0	0	0	0	1	0	0	0	0	0	0	0	1
10538	1	0	0	0	1	0	0	0	0	0	0	0	2
10539	1	0	0	0	1	0	0	0	0	0	0	0	2
10540	1	0	0	0	0	0	0	1	0	0	0	0	2
10541	1	0	0	0	0	1	0	0	0	0	0	0	2
10542	2	0	0	1	0	0	1	0	0	0	0	0	4
10543	1	0	0	0	0	0	0	1	0	0	0	0	2
10544	1	0	0	1	0	0	0	0	0	0	0	0	2
10545	2	0	0	0	0	0	0	0	0	0	0	0	2
10548	1	0	0	0	0	0	0	0	0	0	0	0	1
10549	2	0	0	0	0	0	0	0	0	0	0	0	2
10550	3	0	0	0	0	0	0	0	0	0	0	0	3
10551	1	0	0	0	1	0	0	0	0	0	0	0	2
10552	3	0	0	0	0	0	0	0	0	0	0	0	3
10553	0	0	0	0	3	0	0	0	0	0	0	0	3
10554	0	0	0	0	3	0	0	0	0	0	0	0	3
10555	2	0	0	0	1	1	0	0	0	0	0	0	4
10556	0	0	0	1	0	0	0	0	0	0	0	0	1
10557	2	0	0	0	0	0	0	0	0	0	0	0	2
10558	0	0	0	0	1	0	0	0	0	0	0	0	1
10559	2	0	0	0	1	0	0	0	0	0	0	0	3
10561	2	0	0	0	1	0	0	0	0	0	0	0	3
10563	2	0	0	0	0	0	0	0	0	0	0	0	2
10564	2	0	0	0	0	0	0	0	0	0	0	0	2
10565	5	0	0	0	0	0	1	0	0	0	0	0	6
10566	2	0	1	0	0	0	0	0	0	0	0	0	3
10567	2	0	0	0	0	0	0	0	0	0	0	0	2
10568	3	0	0	0	0	0	1	0	0	0	0	0	4
10569	1	0	0	0	1	0	0	0	0	0	0	0	2
10571	3	0	0	0	0	0	0	0	0	1	0	0	4
10572	2	0	0	0	0	0	0	0	0	0	0	0	2
10573	1	0	0	0	0	0	0	0	0	0	0	0	1
10574	1	0	0	0	2	0	0	0	0	0	0	0	3
10575	0	0	0	0	0	0	1	0	0	0	0	0	1
10576	0	0	0	0	3	0	0	0	0	0	0	0	3
10577	1	0	0	0	0	0	0	0	0	0	0	0	1
10578	4	0	0	0	1	0	0	0	0	0	0	0	5
10579	0	0	0	0	2	0	0	0	0	0	0	0	2
10580	1	0	1	0	0	0	0	0	0	0	0	0	2
10581	2	0	0	0	0	0	0	0	0	0	0	0	2
10582	1	1	0	0	0	0	0	0	0	0	0	0	2
10584	2	0	0	0	1	0	0	1	0	0	0	0	4
10585	2	0	0	0	0	0	0	1	0	0	0	0	3
10586	3	0	0	0	0	0	0	0	0	0	0	0	3
10587	1	0	1	0	0	0	0	0	0	0	0	0	2
10588	1	0	0	0	0	0	0	0	0	0	0	0	1
10589	2	0	0	0	1	0	0	0	0	0	0	0	3
10590	1	0	0	0	0	0	0	0	0	0	0	0	1
10591	1	0	0	0	1	0	0	0	0	0	0	0	2
10592	1	0	0	0	0	0	0	0	0	0	0	0	1
10593	1	1	0	1	0	0	0	0	0	0	0	0	3
10594	2	0	0	1	0	0	0	0	0	0	0	0	3
10595	1	1	0	1	0	0	0	0	0	0	0	0	3
10596	1	0	1	0	0	0	0	1	0	0	0	0	3
10597	2	0	0	0	1	0	0	0	0	0	0	0	3
10598	3	0	0	0	1	0	0	0	0	0	0	0	4
10599	2	0	0	0	0	0	1	0	0	0	0	0	3
10600	3	0	0	0	0	0	0	1	0	0	0	0	4
10601	1	0	0	0	0	1	0	0	0	1	0	0	3
10602	0	0	1	0	0	0	0	0	0	0	0	0	1
10603	0	0	1	0	0	1	0	0	0	0	0	0	2
10604	0	0	0	0	1	0	0	0	0	0	0	0	1
10605	3	0	0	0	0	0	0	0	0	0	0	0	3
10606	1	0	0	0	0	0	0	0	0	0	0	0	1
10607	1	0	1	0	0	0	0	0	0	0	0	0	2
10608	2	0	0	0	0	0	0	0	0	0	0	0	2
10609	2	0	1	0	1	0	0	0	0	0	0	0	4
10611	0	0	0	1	0	0	0	0	0	0	0	0	1
10612	3	0	0	0	1	0	0	0	0	0	0	0	4
10613	0	0	0	0	3	0	0	0	0	0	0	0	3
10614	2	0	0	0	0	0	1	0	0	0	0	0	3
10616	2	0	0	0	0	0	0	0	0	0	0	0	2
10617	0	0	0	0	1	0	0	0	0	0	0	0	1
10618	0	0	0	0	0	0	0	0	1	0	0	0	1
10619	1	0	0	0	0	0	0	0	0	0	0	0	1
10620	2	0	0	0	0	0	0	0	0	0	0	0	2
10621	0	0	0	1	0	0	0	0	0	0	0	0	1
10622	2	0	1	0	0	0	0	1	0	0	0	0	4
10623	1	0	0	0	0	0	0	0	0	0	0	0	1
10624	1	0	0	0	0	0	0	0	0	0	0	0	1
10625	4	0	0	0	0	0	0	0	0	0	0	0	4
10626	1	1	0	0	0	0	0	1	0	0	0	0	3
10627	3	0	0	0	0	0	0	0	1	0	0	0	4
10628	1	0	0	0	2	0	0	0	0	0	0	0	3
10629	3	0	0	0	4	0	0	0	0	0	0	0	7
10631	1	0	0	0	1	0	0	1	0	0	0	0	3
10632	3	0	0	1	0	0	0	1	0	0	0	0	5
10633	1	0	0	0	0	0	0	0	0	0	0	0	1
10636	1	0	0	0	0	0	0	0	0	0	0	0	1
10637	3	0	0	0	0	0	0	0	0	0	0	0	3
10638	1	0	1	0	0	0	0	0	0	0	0	0	2
10639	1	0	0	0	0	0	0	1	0	1	0	0	3
10640	2	0	0	0	0	0	0	0	0	0	0	0	2
10641	0	0	0	0	0	1	0	0	0	0	0	0	1
10642	1	1	0	0	1	0	0	0	0	0	0	0	3
10643	2	0	0	0	0	0	0	0	0	0	0	0	2
10644	2	0	0	0	1	0	0	0	0	0	0	0	3
10645	0	1	0	0	1	0	0	0	0	0	0	0	2
10646	1	0	0	0	1	0	0	0	0	0	0	0	2
10647	2	0	1	0	0	0	0	0	0	0	0	0	3
10648	1	0	0	0	2	0	0	0	0	0	0	0	3
10649	2	0	0	0	0	0	0	0	0	0	0	0	2
10650	1	0	0	0	0	0	0	1	0	0	0	0	2
10651	1	0	0	0	0	0	0	0	0	0	0	0	1
10652	0	0	1	0	0	0	0	0	0	0	0	0	1
10653	1	0	0	1	1	0	0	0	0	0	0	0	3
10654	1	0	0	0	0	0	0	0	0	0	0	0	1
10655	2	0	0	0	1	0	0	1	0	0	0	0	4
10656	0	0	1	0	0	0	0	0	0	0	0	0	1
10657	1	0	0	1	0	0	0	0	0	0	0	0	2
10658	4	0	0	0	0	0	1	1	0	0	0	0	6
10659	2	0	0	0	2	1	0	0	0	0	0	0	5
10660	3	0	0	0	0	0	0	0	0	0	0	0	3
10661	2	0	0	1	1	0	0	0	0	0	0	0	4
10662	1	0	0	1	0	0	0	0	0	0	0	0	2
10663	2	0	0	0	0	0	0	1	0	0	0	0	3
10664	1	0	0	0	0	0	0	0	0	0	0	0	1
10665	0	0	0	0	0	0	1	0	0	0	0	0	1
10667	1	0	2	0	0	0	0	0	0	0	0	0	3
10668	2	0	0	0	0	0	0	0	0	0	0	0	2
10669	1	0	0	0	1	0	0	0	0	0	0	0	2
10670	1	0	0	0	0	0	1	0	0	0	0	0	2
10671	1	0	0	0	0	0	0	0	0	0	0	0	1
10673	1	0	1	0	0	0	0	0	0	0	0	0	2
10674	2	0	0	1	0	0	0	0	0	0	0	0	3
10675	0	0	0	0	2	0	0	0	0	0	0	0	2
10677	0	0	0	0	1	0	0	0	0	0	0	0	1
10678	0	0	1	0	0	0	0	0	0	0	0	0	1
10679	1	1	0	1	0	0	0	0	0	0	0	0	3
10680	0	0	0	2	1	0	0	0	0	0	0	0	3
10681	0	0	1	0	1	0	0	0	0	0	0	0	2
10682	0	0	1	0	0	0	0	0	0	0	0	0	1
10684	2	0	0	0	2	0	1	0	0	0	0	0	5
10685	3	0	0	0	0	0	0	0	0	0	0	0	3
10686	1	0	0	0	1	0	0	0	0	0	0	0	2
10687	1	0	0	0	0	0	0	0	0	0	0	0	1
10688	2	0	0	0	0	0	0	1	0	0	0	0	3
10689	0	0	0	0	0	0	0	1	0	0	0	0	1
10690	1	0	0	0	0	0	0	0	0	0	0	0	1
10691	2	0	0	0	0	0	0	0	0	0	0	0	2
10692	0	0	0	1	0	0	0	0	0	0	0	0	1
10693	1	0	1	0	0	0	0	0	0	0	0	0	2
10694	2	0	0	0	0	0	0	0	0	0	0	0	2
10695	1	0	0	0	0	0	0	0	0	0	0	0	1
10696	1	0	0	0	0	0	0	0	0	0	0	0	1
10697	1	0	0	0	0	0	0	0	0	0	0	0	1
10698	1	0	0	0	0	0	0	0	0	0	0	0	1
10699	1	0	0	0	2	1	0	0	0	0	0	0	4
10700	1	0	1	0	0	0	0	0	0	0	0	0	2
10701	1	0	0	0	2	0	0	0	0	0	0	0	3
10702	1	0	0	0	2	0	0	0	0	0	0	0	3
10703	0	1	0	1	0	0	0	0	0	0	0	0	2
10704	2	0	0	0	0	0	0	1	0	0	0	0	3
10705	2	0	0	0	0	0	0	1	0	0	0	0	3
10706	1	0	0	0	1	0	0	0	0	0	0	0	2
10707	0	0	0	0	1	0	1	0	0	0	0	0	2
10709	3	0	0	0	0	0	0	0	0	0	0	0	3
10710	2	0	0	0	0	0	0	0	0	0	0	0	2
10711	2	0	0	0	0	0	0	1	0	0	0	0	3
10712	1	0	0	0	1	0	0	0	0	0	0	0	2
10713	2	0	0	0	0	0	0	0	0	0	0	0	2
10714	2	0	0	0	0	0	0	0	1	1	0	0	4
10716	2	0	0	0	2	0	0	0	0	0	0	0	4
10717	2	0	0	0	0	0	0	0	0	0	0	0	2
10718	2	0	0	0	1	0	0	0	0	0	0	0	3
10719	0	0	0	0	2	0	0	0	0	0	0	0	2
10720	2	0	0	0	2	0	0	0	0	0	0	0	4
10722	1	0	0	0	0	0	0	0	0	0	0	0	1
10723	2	0	0	1	0	0	1	0	0	0	0	0	4
10724	2	0	0	1	0	0	0	0	0	0	0	0	3
10725	2	0	0	1	2	0	0	0	0	0	0	0	5
10726	0	0	1	0	0	0	0	0	0	0	0	0	1
10728	1	0	0	0	0	0	0	0	0	0	0	0	1
10729	2	0	0	0	0	0	0	0	0	0	0	0	2
10730	1	0	0	0	0	0	0	1	0	0	0	0	2
10731	1	0	0	0	1	0	0	0	0	0	0	0	2
10732	1	0	0	0	0	0	1	0	1	0	0	0	3
10733	2	0	0	0	0	0	0	0	0	0	0	0	2
10735	0	0	0	0	1	0	0	0	0	0	0	0	1
10736	1	0	0	0	0	0	0	1	0	0	0	0	2
10737	3	0	0	0	1	0	0	0	0	0	0	0	4
10738	0	0	0	0	1	0	0	1	0	0	0	0	2
10739	2	0	0	0	0	1	0	0	0	0	0	0	3
10740	2	0	0	0	0	0	0	2	0	0	0	0	4
10741	4	0	0	0	1	0	0	1	0	0	0	0	6
10742	2	0	0	0	2	0	0	0	0	0	0	0	4
10743	3	0	0	0	0	0	0	0	0	0	0	0	3
10745	4	0	0	0	0	0	0	0	0	0	0	0	4
10746	0	0	0	0	2	0	0	0	0	0	0	0	2
10747	2	0	0	0	0	0	0	1	0	0	0	0	3
10748	1	0	0	0	0	0	0	0	0	0	0	0	1
10749	2	0	0	0	0	0	0	0	0	0	0	0	2
10750	1	0	0	0	0	0	0	0	0	0	0	0	1
10751	2	0	0	0	2	0	0	0	0	0	0	0	4
10752	3	0	0	0	0	0	0	0	0	0	0	0	3
10753	1	0	0	0	0	0	0	0	0	0	0	0	1
10754	3	0	0	0	0	0	0	0	0	0	0	0	3
10755	2	0	0	1	0	0	0	0	0	0	0	0	3
10756	3	0	0	0	1	0	1	0	0	0	0	0	5
10757	3	0	0	0	1	0	0	0	0	0	0	0	4
10758	1	0	0	0	2	0	0	0	0	0	0	0	3
10759	0	0	0	1	2	0	0	0	1	0	0	0	4
10760	1	0	0	0	1	0	0	0	0	0	0	0	2
10761	0	0	0	0	1	0	0	0	0	0	0	0	1
10762	1	0	0	0	0	0	0	0	0	0	0	0	1
10763	2	0	0	0	1	0	0	0	0	0	0	0	3
10764	1	0	0	0	2	0	1	0	0	0	0	0	4
10765	1	0	0	0	1	0	0	0	0	0	0	0	2
10766	2	0	0	0	2	0	0	0	0	0	0	0	4
10767	0	1	0	1	1	0	0	0	0	0	0	0	3
10768	2	0	0	0	1	0	0	0	0	0	0	0	3
10769	2	0	0	0	0	0	0	0	0	0	0	0	2
10770	3	0	0	0	0	0	0	0	0	0	0	0	3
10771	0	0	0	0	0	1	0	0	0	0	0	0	1
10772	0	0	0	1	0	0	0	0	0	0	0	0	1
10773	0	1	0	0	0	0	0	0	0	0	0	0	1
10774	0	1	0	1	0	0	0	0	0	0	0	0	2
10775	2	0	0	0	0	0	0	0	0	0	0	0	2
10776	3	0	0	0	0	0	0	0	0	0	0	0	3
10777	2	0	0	0	0	0	0	0	0	0	0	0	2
10778	0	1	0	0	0	0	0	1	0	0	0	0	2
10779	0	0	0	2	0	0	0	0	0	0	0	0	2
10780	1	0	0	0	0	0	0	0	0	0	0	0	1
10781	1	0	0	0	0	0	0	0	0	0	0	0	1
10782	2	0	0	0	0	0	0	0	0	0	0	0	2
10783	0	0	0	0	1	1	0	0	0	0	0	0	2
10784	3	0	0	0	0	0	0	0	0	0	0	0	3
10785	2	0	0	0	0	0	0	0	0	0	0	0	2
10786	1	0	0	0	1	0	0	0	0	0	0	0	2
10787	2	0	0	0	0	0	0	0	0	0	0	0	2
10788	2	0	0	0	1	0	1	0	0	0	0	0	4
10789	4	0	0	0	1	0	1	0	1	0	0	0	7
10790	1	0	0	0	1	0	0	0	0	0	0	0	2
10792	4	0	0	0	1	0	0	0	0	0	0	0	5
10793	2	0	0	0	1	0	0	0	0	0	0	0	3
10794	3	0	0	0	1	0	0	0	0	0	0	0	4
10795	1	0	0	0	0	0	0	0	0	0	0	0	1
10796	1	0	0	0	2	0	0	0	0	0	0	0	3
10797	0	0	0	0	1	0	0	0	0	0	0	0	1
10798	1	0	0	0	0	0	0	0	0	0	0	0	1
10799	2	0	0	1	1	0	0	0	0	0	0	0	4
10800	2	0	0	0	0	0	0	0	0	0	0	0	2
10801	2	0	0	0	1	0	0	0	0	0	0	0	3
10802	0	0	0	0	1	0	0	0	0	0	0	0	1
10804	1	0	0	0	0	0	0	0	0	0	0	0	1
10805	0	0	0	0	2	0	0	0	0	0	0	0	2
10806	4	0	0	0	0	0	0	0	0	0	0	0	4
10807	1	0	0	0	1	0	0	0	0	0	0	0	2
10808	1	0	0	1	1	0	1	1	1	0	0	0	6
10809	1	0	0	0	0	0	1	0	0	0	0	0	2
10810	1	0	0	0	0	0	0	1	0	0	0	0	2
10811	0	0	0	0	2	0	1	0	0	0	0	0	3
10812	3	1	0	0	1	0	0	0	0	0	0	0	5
10813	2	0	0	0	0	1	1	0	0	0	0	0	4
10814	2	0	0	1	0	0	0	0	0	0	0	0	3
10815	2	0	0	0	0	0	0	0	0	0	0	0	2
10816	1	1	0	0	0	0	0	0	0	0	0	0	2
10817	1	0	0	0	0	1	0	0	0	0	0	0	2
10818	0	0	0	0	0	0	1	0	0	0	0	0	1
10819	3	0	0	0	0	0	0	0	0	0	0	0	3
10820	1	0	0	1	1	0	0	1	0	0	0	0	4
10821	1	0	0	0	0	0	0	1	0	0	0	0	2
10823	2	0	0	0	0	0	1	1	0	0	0	0	4
10824	1	0	0	0	0	0	0	0	0	0	0	0	1
10825	2	0	0	0	1	0	1	0	0	0	0	0	4
10826	0	0	0	1	2	0	0	0	0	0	0	0	3
10827	0	0	0	0	1	0	0	0	0	0	0	0	1
10828	3	0	0	0	0	0	0	1	0	0	0	0	4
10829	1	0	0	0	1	0	0	0	1	0	0	0	3
10830	1	0	1	1	1	0	0	0	0	0	0	0	4
10831	2	0	0	0	0	0	0	0	0	0	0	0	2
10832	1	0	0	0	0	0	0	0	0	0	0	0	1
10833	2	0	0	0	2	2	0	0	0	0	0	0	6
10834	0	0	0	0	0	1	0	0	0	0	0	0	1
10835	1	0	0	0	0	0	0	1	0	0	0	0	2
10836	1	0	1	0	0	0	0	0	0	0	0	0	2
10837	2	0	0	1	0	0	0	0	0	0	0	0	3
10838	2	0	0	0	0	0	0	0	0	0	0	0	2
10839	2	0	0	0	0	0	0	0	0	0	0	0	2
10840	1	0	0	0	1	0	0	0	0	0	0	0	2
10842	3	0	0	0	0	0	0	0	0	0	0	0	3
10843	0	0	0	2	0	0	0	0	0	0	0	0	2
10844	3	0	0	0	0	0	0	0	0	0	0	0	3
10845	0	0	0	0	1	0	0	0	0	0	0	0	1
10846	0	0	0	0	1	0	0	0	0	0	0	0	1
10847	0	0	0	0	2	0	0	0	0	0	0	0	2
10848	2	0	0	0	1	0	0	0	0	0	0	0	3
10849	3	0	0	1	0	0	0	0	0	0	0	0	4
10851	0	0	0	0	1	0	0	0	0	0	0	0	1
10852	0	0	0	0	2	0	0	1	0	0	0	0	3
10853	0	1	0	0	1	0	0	0	0	0	0	0	2
10854	4	0	0	0	0	0	1	0	0	0	0	0	5
10855	1	0	0	1	3	0	0	1	0	0	0	0	6
10856	1	0	0	0	3	0	0	0	0	0	0	0	4
10857	1	0	0	0	0	0	1	0	0	0	0	0	2
10858	1	0	0	0	0	0	0	0	0	0	0	0	1
10859	1	0	0	0	3	0	0	1	0	0	0	0	5
10860	1	0	0	0	0	0	0	1	0	0	0	0	2
10861	3	0	0	0	1	0	0	2	0	0	0	0	6
10862	2	0	0	0	0	0	0	0	0	0	0	0	2
10863	1	0	0	0	1	0	0	0	0	0	0	0	2
10864	2	0	1	1	1	0	0	0	0	0	0	0	5
10865	3	0	0	0	0	0	0	0	0	0	0	0	3
10866	2	0	0	0	0	0	0	0	0	0	0	0	2
10867	1	0	0	0	0	0	0	0	0	0	0	0	1
10868	1	0	0	0	0	0	0	0	0	0	0	0	1
10869	0	0	0	0	1	0	0	0	0	0	0	0	1
10870	3	0	0	0	0	0	0	0	0	0	0	0	3
10871	2	0	0	0	2	0	0	0	0	0	0	0	4
10872	2	0	0	0	0	1	0	0	0	0	0	0	3
10873	0	0	0	0	1	0	0	0	0	0	0	0	1
10875	1	0	0	0	0	0	0	0	0	0	0	0	1
10876	0	0	1	0	0	0	0	0	0	0	0	0	1
10877	2	1	0	0	1	0	0	0	0	0	0	0	4
10878	0	0	0	1	0	0	1	1	0	0	0	0	3
10879	0	1	0	0	0	0	0	0	0	0	0	0	1
10880	1	0	0	0	0	0	0	0	0	0	0	0	1
10881	1	0	0	1	1	0	1	0	0	0	0	0	4
10882	2	0	0	1	1	0	1	0	0	0	0	0	5
10883	1	0	0	2	0	0	0	0	0	0	0	0	3
10884	0	0	1	0	0	0	0	0	0	0	0	0	1
10885	1	0	0	0	0	0	0	0	0	0	0	0	1
10886	3	0	0	0	0	0	0	1	1	0	0	0	5
10887	1	0	0	0	0	0	0	1	0	0	0	0	2
10888	4	0	0	0	1	0	0	0	0	0	0	0	5
10889	1	0	0	0	2	0	0	0	0	0	0	0	3
10890	3	0	0	0	0	0	0	0	0	0	0	0	3
10891	3	0	0	0	0	0	0	0	0	0	0	0	3
10892	2	0	0	0	1	0	1	0	0	0	0	0	4
10893	0	0	0	1	0	0	0	0	0	0	0	0	1
10894	2	0	0	0	0	0	0	1	0	0	0	0	3
10895	2	0	0	0	0	0	0	0	0	0	0	0	2
10896	1	0	0	0	1	0	0	0	0	0	0	0	2
10897	1	0	0	0	0	0	0	0	0	0	0	0	1
10898	1	0	0	0	0	0	0	0	0	0	0	0	1
10899	1	0	0	0	2	0	0	0	0	0	0	0	3
10900	0	0	1	0	0	0	0	0	0	0	0	0	1
10901	2	0	0	0	0	0	0	0	0	0	0	0	2
10902	1	0	0	1	0	0	0	0	0	0	0	0	2
10903	2	0	0	0	0	0	0	0	0	0	0	0	2
10904	0	0	1	0	0	0	0	0	0	0	0	0	1
10905	1	0	0	0	1	2	0	0	0	0	0	0	4
10906	0	0	0	0	0	0	0	1	0	0	0	0	1
10908	0	0	0	0	2	0	0	0	0	0	0	0	2
10911	2	0	0	0	0	0	0	0	0	0	0	0	2
10912	2	0	0	0	1	0	0	0	0	0	0	0	3
10913	1	0	0	0	1	0	0	0	0	0	0	0	2
10914	3	0	0	1	0	0	0	0	0	0	0	0	4
10915	1	0	0	0	1	0	0	0	0	0	0	0	2
10916	1	0	0	0	0	0	0	0	0	0	0	0	1
10917	0	0	0	0	0	1	0	0	0	0	0	0	1
10918	0	0	0	0	2	0	0	0	0	0	0	0	2
10919	3	0	0	1	0	0	0	0	0	0	0	0	4
10920	3	0	0	0	0	0	0	0	0	0	0	0	3
10922	2	0	0	0	0	0	0	0	0	0	0	0	2
10923	0	0	0	2	0	0	0	0	0	0	0	0	2
10924	1	0	0	0	0	0	0	1	0	0	0	0	2
10925	0	0	0	1	0	0	0	0	0	0	0	0	1
10926	5	0	0	0	0	0	0	0	0	0	0	0	5
10927	2	0	0	0	0	0	0	0	0	0	0	0	2
10928	1	0	0	0	1	0	0	0	0	0	0	0	2
10929	2	0	1	0	0	0	0	0	0	0	0	0	3
10930	2	0	0	0	1	0	1	0	0	0	0	0	4
10931	0	0	0	1	0	0	0	0	0	0	0	0	1
10932	2	0	0	0	0	2	0	0	0	0	0	0	4
10933	2	0	1	1	0	0	0	0	0	0	0	0	4
10934	1	0	0	0	1	0	0	0	0	0	0	0	2
10935	2	0	0	1	0	0	1	0	0	0	0	0	4
10936	3	0	0	1	0	0	1	0	0	0	0	0	5
10937	2	0	0	0	2	0	0	1	0	0	0	0	5
10938	1	0	0	0	1	0	0	0	0	0	0	0	2
10939	2	0	0	0	0	0	0	0	0	0	0	0	2
10940	2	0	0	0	0	0	0	0	0	0	0	0	2
10941	2	0	0	0	0	0	0	0	0	0	0	0	2
10942	1	0	0	0	0	2	0	0	0	0	0	0	3
10943	1	0	0	0	0	0	0	0	0	0	0	0	1
10944	1	0	0	0	0	0	0	0	0	0	0	0	1
10945	1	0	0	0	2	0	0	0	0	0	0	0	3
10946	2	0	0	0	0	0	0	1	0	0	0	0	3
10947	1	0	0	1	1	0	0	0	0	0	0	0	3
10948	2	0	0	0	0	0	0	1	0	0	0	0	3
10949	1	0	0	0	1	0	0	0	0	0	0	0	2
10950	0	0	0	0	2	0	0	0	0	0	0	0	2
10951	3	0	0	0	0	0	0	0	0	0	0	0	3
10952	1	0	1	0	1	0	0	0	0	0	0	0	3
10953	0	0	1	0	0	0	0	0	0	0	0	0	1
10954	2	0	0	0	0	0	0	0	0	0	0	0	2
10955	2	0	0	0	0	0	0	0	0	0	0	0	2
10956	0	0	0	1	0	0	0	0	0	0	0	0	1
10959	0	1	0	2	3	0	0	0	0	0	0	0	6
10960	1	0	0	0	0	0	0	0	0	0	0	0	1
10961	1	0	0	0	0	0	0	1	0	0	0	0	2
10962	2	0	0	0	0	0	1	0	0	0	0	0	3
10963	2	0	0	0	0	0	0	0	0	0	0	0	2
10964	0	0	0	0	3	0	0	0	0	0	0	0	3
10965	0	0	0	0	1	0	0	0	0	0	0	0	1
10966	0	0	1	0	2	0	0	0	0	0	0	0	3
10967	0	0	1	0	0	0	0	0	0	0	0	0	1
10968	2	0	0	1	2	0	0	0	0	0	0	0	5
10969	2	0	0	0	1	0	0	0	0	0	0	0	3
10970	2	0	0	0	0	0	0	1	0	0	0	0	3
10971	0	0	3	0	0	0	0	0	0	0	0	0	3
10972	4	0	0	0	1	0	0	0	0	0	0	0	5
10973	0	0	2	0	0	0	0	0	0	0	0	0	2
10974	1	0	0	0	0	0	0	0	0	0	0	0	1
10975	1	0	0	0	0	0	0	0	0	0	0	0	1
10976	1	0	0	0	1	0	0	1	0	0	0	0	3
10977	3	0	0	0	0	0	0	0	0	0	0	0	3
10978	0	0	4	0	0	0	0	0	0	0	0	0	4
10979	2	0	0	0	0	0	0	1	0	0	0	0	3
10980	1	1	0	1	0	0	0	0	0	0	0	0	3
10981	6	0	0	0	1	0	0	0	0	0	0	0	7
10982	3	0	0	1	0	0	0	0	0	0	0	0	4
10983	1	0	0	1	0	0	1	0	0	0	0	0	3
10984	3	0	0	0	0	0	0	1	0	0	0	0	4
10985	1	1	0	1	0	0	0	0	0	0	0	0	3
10986	0	0	0	0	1	0	0	0	0	0	0	0	1
10987	1	0	1	0	0	0	0	0	0	0	0	0	2
10988	2	0	0	0	0	0	0	0	0	0	0	0	2
10989	1	0	0	0	3	0	0	0	0	0	0	0	4
10990	2	0	1	1	0	0	0	0	1	0	0	0	5
10991	1	0	0	0	0	0	0	1	0	0	0	0	2
10992	4	0	0	0	0	0	0	0	0	0	0	0	4
10993	1	0	1	0	0	0	0	0	0	0	0	0	2
10994	1	0	0	0	0	0	0	0	0	0	0	0	1
10995	3	0	0	0	0	0	0	0	0	0	0	0	3
10996	0	0	0	0	1	0	0	0	0	0	0	0	1
10997	0	0	0	1	0	0	0	0	0	0	0	0	1
10998	3	0	1	0	0	0	0	0	0	0	0	0	4
10999	1	0	0	0	0	0	0	0	0	0	0	0	1
11000	0	0	0	0	1	0	1	0	0	0	0	0	2
11001	1	0	0	0	0	0	1	0	0	1	0	0	3
11002	2	0	0	0	2	0	1	0	0	0	0	0	5
11003	1	0	0	1	1	0	0	1	0	0	0	0	4
11004	4	0	0	0	0	0	0	1	0	0	0	0	5
11005	3	0	0	0	1	0	0	0	0	0	0	0	4
11006	1	0	0	0	0	0	0	0	0	0	0	0	1
11007	1	0	0	0	0	0	0	1	0	0	0	0	2
11008	3	0	0	0	1	0	0	0	0	0	0	0	4
11009	4	0	0	0	0	0	0	1	0	0	0	0	5
11010	2	0	0	0	1	0	1	0	0	0	0	0	4
11011	6	0	0	0	0	0	0	0	0	0	0	0	6
11012	4	0	0	0	0	0	0	1	0	0	0	0	5
11013	4	0	0	0	1	0	1	0	0	0	0	0	6
11014	1	0	0	0	0	0	0	0	0	0	0	0	1
11015	0	0	1	0	1	0	0	0	0	0	0	0	2
11016	4	0	0	0	0	0	0	0	0	0	0	0	4
11017	3	0	0	0	0	0	0	1	1	0	0	0	5
11018	1	0	0	0	0	0	0	1	0	0	0	1	3
11019	1	0	0	1	1	0	1	0	0	0	0	0	4
11020	2	0	0	0	0	0	0	1	0	0	0	0	3
11021	4	0	0	0	0	0	0	0	0	0	0	0	4
11022	2	0	0	0	0	0	0	0	0	0	0	0	2
11023	3	0	0	1	1	0	0	0	0	0	0	0	5
11024	4	0	0	1	0	0	0	0	0	0	0	0	5
11025	0	0	1	0	0	0	0	0	0	0	0	0	1
11026	1	0	0	0	1	0	0	0	1	0	0	0	3
11027	3	0	0	0	0	0	0	0	0	0	0	0	3
11028	1	0	0	0	0	0	0	0	0	0	0	0	1
11030	1	0	0	0	0	0	0	0	0	0	0	0	1
11032	1	0	0	0	0	0	0	0	0	0	0	0	1
11034	2	0	0	0	0	0	0	0	0	0	0	0	2
11035	3	1	1	0	0	0	0	0	0	0	0	0	5
11036	1	0	0	0	2	0	0	0	0	0	0	0	3
11037	1	1	0	0	0	0	0	0	0	0	0	0	2
11038	1	0	0	1	0	2	0	0	0	0	0	0	4
11039	2	0	0	1	0	0	0	0	0	0	0	0	3
11040	1	0	0	0	1	0	0	0	0	0	0	0	2
11041	1	0	0	0	1	2	1	0	0	0	0	0	5
11042	1	1	0	0	0	0	0	1	0	0	0	0	3
11043	0	0	0	1	1	0	0	0	0	0	0	0	2
11044	2	0	0	0	0	0	0	1	0	0	0	0	3
11045	1	0	0	1	0	0	0	0	0	0	0	0	2
11046	1	0	0	0	1	0	0	0	0	0	0	0	2
11047	1	0	2	0	0	0	0	0	0	0	0	0	3
11048	0	0	1	1	0	0	1	0	0	0	0	0	3
11050	2	0	0	0	0	0	0	1	0	0	0	0	3
11052	0	0	0	0	1	0	0	0	0	0	0	0	1
11053	0	1	0	0	0	0	0	0	0	0	0	0	1
11054	1	0	0	0	1	0	0	0	0	0	0	0	2
11056	3	0	0	0	1	0	0	0	0	0	0	0	4
11057	3	0	0	0	0	0	0	0	0	0	0	0	3
11058	0	0	0	0	2	0	0	0	0	0	0	0	2
11059	3	0	0	0	0	0	0	0	0	0	0	0	3
11060	1	0	0	0	2	0	0	0	0	0	0	0	3
11061	1	0	0	0	0	0	0	1	0	0	0	0	2
11062	1	0	0	0	0	0	0	0	0	0	0	0	1
11065	2	0	0	0	0	0	0	0	0	0	0	0	2
11066	1	0	0	0	2	0	0	0	0	0	0	0	3
11067	2	0	0	0	0	0	0	0	0	0	0	0	2
11068	2	0	0	0	1	0	0	0	0	0	0	0	3
11069	0	1	0	0	0	0	0	0	0	0	0	0	1
11070	2	0	0	0	0	0	0	0	0	0	0	0	2
11071	0	0	0	0	1	0	0	0	1	0	0	0	2
11072	1	0	0	0	0	0	0	0	0	0	0	0	1
11073	2	0	0	0	0	0	0	0	0	0	0	0	2
11074	1	1	0	0	0	0	1	0	1	0	0	0	4
11075	2	0	0	0	0	0	1	0	0	0	0	0	3
11076	3	0	0	0	1	0	0	0	0	0	0	0	4
11077	1	0	0	0	0	0	0	0	0	0	0	0	1
11078	4	0	0	0	0	0	0	0	0	0	0	0	4
11079	0	0	0	1	1	0	0	0	0	0	0	0	2
11080	1	0	0	1	0	0	0	1	0	1	0	0	4
11081	1	0	0	0	2	0	0	0	0	0	0	0	3
11082	3	0	0	0	2	1	0	0	0	0	0	0	6
11083	3	0	0	0	2	0	0	0	0	0	0	0	5
11084	1	0	0	1	1	0	0	0	0	0	0	0	3
11085	4	0	0	1	2	0	0	0	0	0	0	0	7
11086	2	0	0	0	2	0	0	0	0	0	0	0	4
11087	2	0	0	0	0	0	1	0	0	0	0	0	3
11088	2	1	0	0	0	0	0	0	0	0	0	0	3
11089	3	0	0	0	0	0	0	0	0	0	0	0	3
11090	2	0	0	0	0	0	0	0	0	0	0	0	2
11091	2	0	0	0	2	0	0	0	0	0	0	0	4
11092	1	0	0	0	0	0	0	0	0	0	0	0	1
11093	1	0	0	0	1	0	0	0	0	0	0	0	2
11094	0	0	0	0	1	0	0	0	0	0	0	0	1
11095	3	0	0	0	0	0	0	0	0	0	0	0	3
11096	3	0	0	0	0	0	0	1	0	0	0	0	4
11097	1	0	0	0	0	0	0	0	0	0	0	0	1
11098	2	0	0	0	3	0	0	0	0	0	0	0	5
11099	3	0	0	0	1	0	0	0	0	0	0	0	4
11100	2	0	0	0	2	0	0	0	0	0	0	0	4
11102	1	0	0	1	2	0	1	0	0	0	0	0	5
11104	1	0	0	0	0	0	0	0	0	0	0	0	1
11105	2	1	0	0	0	0	0	0	0	0	0	0	3
11106	4	0	0	1	0	0	0	0	0	0	0	0	5
11107	4	0	0	0	0	0	0	0	0	0	0	0	4
11108	2	0	0	0	0	0	0	0	0	0	0	0	2
11109	2	0	0	0	1	0	0	0	0	0	0	0	3
11110	0	1	0	0	0	0	0	0	0	0	0	0	1
11112	3	0	0	0	0	0	0	0	0	0	0	0	3
11113	2	1	0	0	0	0	0	0	0	0	0	0	3
11114	2	0	0	0	1	0	0	0	0	0	0	0	3
11115	0	0	0	1	0	0	0	1	0	0	0	0	2
11116	2	0	0	0	1	0	0	0	0	0	0	0	3
11117	1	0	0	0	0	0	0	0	0	0	0	0	1
11118	4	0	0	1	0	0	0	0	0	0	0	0	5
11119	1	0	0	0	0	0	0	0	0	0	0	0	1
11120	0	0	0	0	1	0	0	0	0	0	0	0	1
11121	1	0	0	0	0	0	0	0	0	0	0	0	1
11122	1	0	0	0	0	0	0	0	0	0	0	0	1
11123	5	0	0	0	3	0	0	1	0	0	0	0	9
11124	1	0	0	0	1	0	0	0	0	0	0	0	2
11125	2	0	0	0	0	0	0	0	0	0	0	0	2
11126	2	1	0	0	0	0	0	0	0	0	0	0	3
11127	2	0	0	0	0	0	0	0	0	0	0	0	2
11130	1	0	1	0	0	0	0	0	0	0	0	0	2
11132	2	0	0	0	1	0	0	0	0	0	0	0	3
11133	0	0	1	0	0	0	0	0	0	0	0	0	1
11134	3	0	0	0	0	0	0	1	0	0	0	0	4
11135	0	0	1	0	0	0	0	0	0	0	0	0	1
11136	0	0	0	0	2	0	0	0	0	0	0	0	2
11137	0	0	0	1	1	1	0	0	0	0	0	0	3
11138	0	1	1	0	0	0	0	0	0	0	0	0	2
11139	0	0	0	2	3	0	0	0	0	0	0	0	5
11141	0	0	0	0	2	0	0	0	0	0	0	0	2
11142	2	0	0	0	0	0	0	1	0	0	0	0	3
11143	0	0	0	0	2	0	0	0	0	0	0	0	2
11145	3	0	0	0	1	0	0	0	0	0	0	0	4
11146	1	0	0	1	0	0	0	0	0	0	0	0	2
11147	2	0	0	0	0	0	0	0	0	0	0	0	2
11148	0	0	0	0	1	0	1	0	0	0	0	0	2
11149	0	0	0	0	2	0	0	0	0	0	0	0	2
11152	0	1	0	0	0	0	0	0	0	0	0	0	1
11153	1	1	1	0	0	0	0	0	0	0	0	0	3
11154	2	0	0	0	0	0	0	0	0	0	0	0	2
11155	2	0	0	1	0	0	0	0	0	0	0	0	3
11156	3	0	0	0	0	0	0	0	0	0	0	0	3
11157	3	0	0	0	1	0	0	0	0	0	0	0	4
11159	1	0	0	0	0	0	0	0	0	0	0	0	1
11160	4	0	0	1	0	0	0	0	1	0	0	0	6
11161	1	0	0	0	1	0	0	0	0	0	0	0	2
11162	2	0	0	0	0	0	0	0	0	0	0	0	2
11164	2	0	0	0	0	0	0	0	0	0	0	0	2
11165	5	0	0	0	0	0	0	0	0	0	0	0	5
11166	2	0	0	1	1	0	0	0	0	0	0	0	4
11167	2	0	0	0	0	1	0	0	0	0	0	0	3
11168	2	0	0	0	0	0	0	0	0	0	0	0	2
11169	2	0	0	0	0	0	0	0	0	0	0	0	2
11170	0	0	0	0	0	0	1	0	0	0	0	0	1
11171	0	0	1	0	1	0	0	0	0	0	0	0	2
11172	2	0	0	0	0	0	0	0	0	0	0	0	2
11173	3	0	0	0	0	0	0	0	0	0	0	0	3
11174	2	0	0	0	0	0	0	0	0	0	0	0	2
11175	1	0	0	0	1	0	0	0	0	0	0	0	2
11176	1	0	0	0	0	0	0	0	0	0	0	0	1
11177	0	0	0	1	1	0	1	0	0	0	0	0	3
11178	1	0	0	0	0	0	0	0	0	0	0	0	1
11179	0	0	0	0	1	0	0	0	2	0	0	0	3
11180	1	1	1	0	0	0	0	0	0	0	0	0	3
11181	2	0	0	0	0	0	0	1	0	0	0	0	3
11182	0	0	2	0	0	0	0	0	0	0	0	0	2
11183	1	0	0	0	0	0	0	0	0	0	0	0	1
11184	1	0	0	0	1	0	0	0	0	0	0	0	2
11185	1	0	0	0	1	0	1	0	0	0	0	0	3
11186	1	0	0	0	0	0	0	0	0	0	0	0	1
11187	1	0	0	0	2	0	0	0	0	0	0	0	3
11188	1	0	0	0	0	0	0	1	0	0	0	0	2
11189	2	0	0	0	0	0	0	0	0	0	0	0	2
11190	2	0	0	0	0	0	0	0	0	0	0	0	2
11191	1	0	0	0	0	0	0	0	0	0	0	0	1
11192	1	0	0	0	0	0	0	0	0	0	0	0	1
11193	4	0	0	0	1	0	0	0	0	0	0	0	5
11194	1	0	0	0	2	0	0	0	0	0	0	0	3
11195	2	0	0	0	1	0	0	0	0	0	0	0	3
11196	3	0	0	0	0	0	0	1	0	0	0	0	4
11197	2	0	0	0	0	0	0	0	0	0	0	0	2
11198	4	0	0	0	0	0	0	0	0	0	0	0	4
11199	4	0	0	0	0	0	0	0	0	0	0	0	4
11200	4	0	0	1	0	0	0	0	0	0	0	0	5
11201	2	0	0	0	1	0	1	0	0	0	0	0	4
11202	2	0	0	0	0	0	0	1	0	0	0	0	3
11203	0	0	0	0	1	0	0	0	0	0	0	0	1
11204	2	0	0	0	0	0	0	1	0	0	0	0	3
11205	1	0	0	1	0	0	0	0	0	0	0	0	2
11206	3	0	0	0	0	0	0	1	0	0	0	0	4
11207	1	0	0	0	2	0	0	0	0	0	0	0	3
11208	0	0	0	1	0	0	0	0	0	0	0	0	1
11209	3	0	0	1	0	0	0	0	0	0	0	0	4
11210	2	0	0	0	3	0	0	0	0	0	0	0	5
11211	3	0	0	1	0	0	0	0	0	0	0	0	4
11212	2	0	0	0	1	0	0	0	0	0	0	0	3
11213	1	0	1	0	0	0	0	0	0	0	0	0	2
11214	1	0	0	0	0	0	0	0	0	0	0	0	1
11215	0	2	0	0	0	0	0	0	0	0	0	0	2
11216	2	0	0	0	0	0	0	1	0	0	0	0	3
11217	0	0	0	0	1	0	0	0	0	0	0	0	1
11218	1	0	0	0	1	0	0	0	0	0	0	0	2
11219	4	0	0	0	2	0	0	0	0	0	0	0	6
11220	2	0	0	0	0	0	0	0	0	0	0	0	2
11222	1	0	0	0	0	0	0	0	0	0	0	0	1
11223	4	0	0	0	0	0	0	0	0	0	0	0	4
11224	2	0	0	0	0	0	0	1	0	0	0	0	3
11226	0	0	0	0	1	0	0	0	0	0	0	0	1
11227	1	0	0	0	0	0	0	0	0	0	0	0	1
11228	3	0	0	0	0	0	0	0	0	0	0	0	3
11229	0	0	0	2	0	0	0	0	0	0	0	0	2
11230	1	0	0	0	2	0	0	0	0	0	0	0	3
11231	2	0	0	0	0	0	0	0	0	0	0	0	2
11232	1	0	0	0	0	0	0	0	0	0	0	0	1
11233	1	0	1	0	1	0	0	0	0	0	0	0	3
11234	0	0	0	0	4	0	0	0	0	0	0	0	4
11235	2	0	0	0	0	0	0	0	0	0	0	0	2
11236	1	0	0	0	1	0	0	0	0	0	0	0	2
11237	2	0	0	1	1	0	0	0	0	0	0	0	4
11238	0	0	0	0	2	0	0	0	0	0	0	0	2
11239	4	0	0	0	0	0	0	1	1	0	0	0	6
11240	3	0	0	0	0	0	0	0	0	0	0	0	3
11242	1	0	0	1	1	0	0	0	0	0	0	0	3
11243	2	0	0	0	0	0	0	0	0	0	0	0	2
11245	1	0	0	0	2	0	0	0	0	0	0	0	3
11246	1	0	0	0	1	0	0	0	0	0	0	0	2
11247	1	0	0	0	1	0	0	0	0	0	0	0	2
11248	1	0	0	1	1	0	0	0	0	0	0	0	3
11249	3	0	0	0	1	0	0	0	0	0	0	0	4
11250	0	0	0	1	0	0	0	0	0	0	0	0	1
11251	0	0	0	2	0	0	0	0	0	0	0	0	2
11252	1	0	0	0	0	0	0	0	0	0	0	0	1
11253	1	0	0	0	0	0	1	0	0	0	0	0	2
11258	2	0	0	0	0	0	0	0	0	0	0	0	2
11260	2	1	1	0	0	0	0	0	0	0	0	0	4
11261	3	0	0	0	0	0	0	0	0	0	0	0	3
11262	2	0	0	0	1	0	0	0	0	0	0	0	3
11263	0	0	1	0	0	0	0	0	0	0	0	0	1
11264	1	0	0	0	0	0	0	0	0	0	0	0	1
11265	5	0	0	0	0	0	0	0	0	0	0	0	5
11266	4	0	0	0	0	0	0	0	0	0	0	0	4
11267	4	0	0	0	0	0	0	1	0	0	0	0	5
11268	1	0	0	0	0	0	0	0	0	0	0	0	1
11269	3	0	0	0	0	0	0	0	0	0	0	0	3
11270	2	0	0	0	0	0	1	0	0	0	0	0	3
11271	1	0	0	0	0	0	1	0	0	0	0	0	2
11272	0	0	0	0	1	0	0	0	0	0	0	0	1
11273	2	0	0	0	3	0	0	0	0	0	0	0	5
11274	3	0	0	0	0	0	0	0	0	0	0	0	3
11275	0	0	2	0	1	0	0	0	0	0	0	0	3
11276	0	0	0	1	0	0	2	0	1	0	0	0	4
11277	1	0	1	1	0	0	0	0	0	0	0	0	3
11278	2	0	0	0	0	0	0	0	0	0	0	0	2
11279	4	0	0	0	1	0	0	0	0	0	0	0	5
11280	1	0	0	0	2	0	0	0	0	0	0	0	3
11281	0	0	1	2	0	0	0	0	0	0	0	0	3
11282	0	0	0	0	1	0	0	0	0	0	0	0	1
11283	2	0	0	0	0	0	0	0	0	0	0	0	2
11284	1	0	0	1	0	0	0	0	0	0	0	0	2
11286	0	0	0	0	0	0	0	1	0	0	0	0	1
11287	2	0	0	0	0	0	0	1	0	0	0	0	3
11288	3	0	0	0	0	0	0	1	0	0	0	0	4
11289	2	0	0	0	0	0	0	0	0	0	0	0	2
11290	1	0	0	0	2	0	0	1	0	0	0	0	4
11291	1	0	0	0	0	0	0	0	0	0	0	0	1
11293	3	0	0	0	0	0	0	0	0	0	0	0	3
11294	1	0	0	1	0	0	0	1	0	0	0	0	3
11295	1	0	0	1	1	0	0	0	0	0	0	0	3
11296	3	0	0	0	1	0	0	0	0	0	0	0	4
11297	2	0	0	0	0	0	0	0	0	0	0	0	2
11298	2	0	0	1	0	0	0	0	0	0	0	0	3
11299	4	0	0	0	1	0	1	0	1	0	0	0	7
11300	2	0	0	0	0	0	0	0	0	0	0	0	2
11301	2	0	0	0	0	0	0	1	0	0	0	0	3
11302	3	0	0	0	0	0	0	0	0	0	0	0	3
11303	0	0	0	2	0	1	0	0	0	0	0	0	3
11304	0	0	0	0	1	1	0	0	0	0	0	0	2
11305	2	0	0	0	0	0	0	0	0	0	0	0	2
11306	0	0	0	1	0	0	0	0	0	0	0	0	1
11307	1	0	0	0	0	0	0	0	0	0	0	0	1
11308	1	0	0	0	2	0	0	0	0	0	0	0	3
11309	2	0	0	1	1	0	0	0	0	0	0	0	4
11310	1	0	0	0	0	2	0	0	0	0	0	0	3
11311	2	1	0	1	0	0	1	0	1	0	0	0	6
11312	1	0	1	0	0	0	0	0	0	0	0	0	2
11313	2	0	0	0	0	0	0	0	0	0	0	0	2
11314	2	0	0	0	1	0	0	0	0	0	0	0	3
11315	3	0	0	0	0	0	0	0	0	0	0	0	3
11316	2	0	0	0	0	2	0	0	0	0	0	0	4
11317	2	0	1	0	0	0	0	0	0	0	0	0	3
11318	3	0	0	0	0	0	0	0	0	0	0	0	3
11319	3	0	0	1	1	0	0	0	0	0	0	0	5
11320	1	0	2	0	0	0	1	0	0	0	0	0	4
11321	2	0	0	0	0	0	0	1	0	0	0	0	3
11322	1	0	0	0	0	0	0	0	0	0	0	0	1
11323	0	0	0	0	0	0	1	0	0	0	0	0	1
11324	2	0	0	0	0	0	0	1	0	0	0	0	3
11325	0	0	0	1	0	0	0	0	0	0	0	0	1
11326	0	0	0	0	1	0	0	0	0	0	0	0	1
11327	3	0	0	0	0	0	0	0	0	0	0	0	3
11328	0	0	0	2	0	0	0	0	0	0	0	0	2
11329	4	0	0	0	0	0	0	0	0	0	0	0	4
11330	2	0	0	0	1	0	0	0	0	0	0	0	3
11331	4	0	0	0	0	0	0	0	0	0	0	0	4
11332	3	0	0	0	1	0	0	0	0	0	0	0	4
11333	2	0	0	0	0	0	1	0	1	0	0	0	4
11334	2	0	0	0	0	1	0	0	0	0	0	0	3
11335	3	0	0	0	0	0	0	0	0	0	0	0	3
11336	1	0	0	0	0	0	0	1	0	0	0	0	2
11337	2	0	0	0	0	0	0	2	1	0	0	0	5
11338	3	1	0	0	0	0	0	0	0	0	0	0	4
11339	2	0	0	0	2	0	0	0	0	0	0	0	4
11340	3	0	0	0	0	0	0	2	0	0	0	0	5
11341	1	1	1	0	0	0	1	0	0	0	0	0	4
11342	0	0	0	0	0	0	1	0	0	0	0	0	1
11343	0	0	0	0	1	0	0	0	0	0	0	0	1
11345	4	0	0	1	1	0	0	1	0	0	0	0	7
11346	0	0	1	1	2	0	0	0	0	0	0	0	4
11347	2	0	0	0	0	0	0	0	0	0	0	0	2
11348	1	0	0	1	0	0	0	0	0	0	0	0	2
11349	2	0	0	0	2	0	0	0	0	0	0	0	4
11350	1	0	0	0	1	0	0	0	0	0	0	0	2
11351	1	0	0	0	0	0	0	0	0	0	0	0	1
11352	2	0	0	0	0	0	1	0	0	0	0	0	3
11353	0	0	0	0	0	3	0	0	0	0	0	0	3
11354	2	0	0	0	0	0	0	1	0	0	0	0	3
11355	1	0	0	1	0	0	0	0	0	0	0	0	2
11356	1	0	0	0	1	0	0	0	0	0	0	0	2
11357	0	0	0	0	0	1	0	0	0	0	0	0	1
11358	0	0	0	0	1	0	0	0	0	0	0	0	1
11359	1	0	0	0	0	0	0	0	0	0	0	0	1
11360	2	0	0	0	1	0	0	0	0	0	0	0	3
11362	1	0	0	0	0	0	0	0	0	0	0	0	1
11363	0	0	0	0	3	0	0	0	0	0	0	0	3
11364	4	0	0	0	0	0	0	0	0	0	0	0	4
11365	1	0	0	0	0	0	0	0	0	0	0	0	1
11366	0	0	0	0	0	0	1	0	1	0	0	0	2
11367	3	0	0	0	1	0	0	0	0	0	0	0	4
11368	6	0	0	0	0	0	0	0	0	0	0	0	6
11369	1	0	0	0	0	0	0	0	0	0	0	0	1
11370	1	0	0	0	1	0	0	0	0	0	0	0	2
11371	1	0	0	0	0	0	0	0	0	0	0	0	1
11372	4	0	0	0	0	0	0	0	0	0	0	0	4
11373	0	0	0	0	1	0	0	0	0	0	0	0	1
11374	1	0	0	1	0	1	0	0	0	0	0	0	3
11375	3	0	0	0	0	0	0	0	1	1	0	0	5
11376	1	1	0	1	1	1	0	0	0	0	0	0	5
11377	2	0	0	1	0	0	0	1	0	0	0	0	4
11378	2	0	0	0	0	0	0	0	0	0	0	0	2
11379	2	0	0	0	0	0	0	1	0	0	0	0	3
11380	2	0	0	0	1	0	1	0	0	0	0	0	4
11381	2	0	0	0	0	0	0	0	0	0	0	0	2
11382	3	0	1	0	0	0	0	0	0	0	0	0	4
11383	5	0	0	0	0	0	0	0	0	0	0	0	5
11384	0	1	0	0	0	0	0	0	0	0	0	0	1
11385	1	1	0	0	0	0	0	0	0	0	0	0	2
11386	0	0	0	0	1	0	1	0	0	0	0	0	2
11387	3	0	1	0	0	0	0	0	0	0	0	0	4
11390	0	0	0	1	0	0	0	0	0	0	0	0	1
11393	1	0	0	0	0	0	0	0	0	0	0	0	1
11394	2	0	0	0	1	0	0	0	0	0	0	0	3
11395	1	0	0	0	0	0	0	0	0	0	0	0	1
11397	1	0	1	0	0	0	1	0	0	1	0	0	4
11398	0	0	1	0	0	0	0	0	0	0	0	0	1
11399	3	0	0	0	0	0	0	0	0	0	0	0	3
11400	2	0	0	0	0	0	0	0	0	0	0	0	2
11401	1	0	0	1	0	0	0	0	0	0	0	0	2
11402	0	0	1	0	0	0	0	0	0	0	0	0	1
11404	2	0	0	2	0	0	0	0	0	0	0	0	4
11405	1	0	0	1	0	0	0	0	0	0	0	0	2
11406	1	0	0	0	1	0	0	1	0	0	0	0	3
11407	0	0	0	0	1	1	0	0	0	0	0	0	2
11408	1	0	0	1	1	0	0	0	0	0	0	0	3
11409	2	0	0	0	2	0	0	0	0	0	0	0	4
11410	1	0	0	0	0	0	0	0	0	0	0	0	1
11411	2	0	0	1	0	0	0	0	0	0	0	0	3
11412	2	0	0	0	0	0	0	0	0	0	0	0	2
11413	2	0	0	1	1	1	1	0	1	0	0	0	7
11414	1	0	0	1	1	0	0	0	0	0	0	0	3
11415	2	0	0	0	0	0	0	0	0	0	0	0	2
11416	2	0	0	0	0	0	0	0	0	0	0	0	2
11417	2	0	0	0	0	0	0	0	0	0	0	0	2
11418	1	0	0	0	1	0	0	0	0	0	0	0	2
11419	1	0	0	0	0	0	0	1	0	0	0	0	2
11420	1	0	0	0	1	0	0	0	0	0	0	0	2
11421	3	1	0	0	0	0	0	0	0	0	0	0	4
11422	1	0	0	0	1	2	0	0	0	0	0	0	4
11423	1	0	0	0	0	0	0	1	0	0	0	0	2
11424	2	0	0	0	0	0	0	1	0	0	0	0	3
11425	0	0	3	0	0	0	0	0	0	0	0	0	3
11426	1	0	0	0	0	0	0	0	0	0	0	0	1
11427	2	0	0	0	2	0	0	0	0	0	0	0	4
11428	2	0	0	0	0	0	0	0	0	0	0	0	2
11429	2	0	0	0	2	0	1	0	0	0	0	0	5
11430	1	0	0	1	1	0	0	0	0	0	0	0	3
11431	0	0	1	0	0	0	0	0	0	0	0	0	1
11432	0	0	0	1	3	0	0	0	0	0	0	0	4
11434	4	0	0	0	0	0	0	0	0	0	0	0	4
11435	0	1	1	0	0	0	0	0	0	0	0	0	2
11436	0	0	0	0	2	0	0	0	0	0	0	0	2
11437	1	0	0	0	0	0	0	0	0	0	0	0	1
11438	0	0	0	1	1	0	0	0	0	0	0	0	2
11439	3	0	0	0	0	0	0	0	0	0	0	0	3
11440	3	0	0	0	0	0	0	0	0	0	0	0	3
11441	1	0	0	0	0	0	0	1	0	0	0	0	2
11442	2	0	0	0	0	0	0	0	0	0	0	0	2
11443	3	0	0	0	0	0	0	0	0	0	0	0	3
11444	1	0	0	0	0	0	0	0	0	0	0	0	1
11445	0	0	1	1	0	0	2	1	0	0	0	0	5
11446	1	0	0	0	0	0	0	0	0	0	0	0	1
11447	1	0	0	0	0	0	1	0	0	0	0	0	2
11448	0	0	0	1	0	0	0	0	0	0	0	0	1
11449	0	0	1	0	1	0	0	0	0	0	0	0	2
11450	2	0	0	0	1	0	0	0	0	0	0	0	3
11451	3	0	0	0	1	0	0	1	0	0	0	0	5
11452	1	0	0	0	0	0	0	0	0	0	0	0	1
11453	2	0	0	0	0	0	0	0	0	0	0	0	2
11454	3	0	0	0	0	0	0	1	0	0	0	0	4
11455	1	0	0	0	0	0	0	0	0	0	0	0	1
11456	2	0	0	1	0	0	0	0	0	0	0	0	3
11457	2	0	0	0	0	0	0	0	0	0	0	0	2
11458	2	0	0	0	0	0	0	0	0	0	0	0	2
11459	4	0	0	0	2	0	0	0	0	1	0	0	7
11460	3	0	1	0	0	0	0	0	0	0	0	0	4
11461	2	0	0	0	0	0	0	2	0	0	0	0	4
11462	3	0	0	0	1	1	0	0	0	0	0	0	5
11463	3	0	0	0	1	0	0	1	0	0	0	0	5
11464	1	0	0	0	0	0	0	0	0	0	0	0	1
11465	0	0	0	0	1	0	0	0	0	0	0	0	1
11466	0	1	0	0	2	0	0	0	0	0	0	0	3
11467	0	0	0	0	1	0	0	0	0	0	0	0	1
11468	1	0	0	0	0	0	0	0	0	0	0	0	1
11469	0	0	1	0	0	0	0	0	0	0	0	0	1
11470	2	0	0	0	0	0	0	0	0	0	0	0	2
11471	3	0	0	0	0	0	0	0	0	0	0	0	3
11472	1	0	0	0	0	0	0	0	0	0	0	0	1
11473	1	0	0	0	0	0	0	0	0	0	0	0	1
11474	1	0	0	1	0	0	0	0	0	0	0	0	2
11475	1	0	0	0	0	0	0	0	0	0	0	0	1
11476	0	0	0	0	1	0	0	0	0	0	0	0	1
11477	0	0	0	0	1	0	0	0	0	0	0	0	1
11478	3	0	0	1	0	0	0	0	0	0	0	0	4
11479	1	0	0	0	1	0	0	1	0	0	0	0	3
11480	0	0	0	0	2	0	0	0	0	0	0	0	2
11481	1	0	0	1	0	0	0	0	0	0	0	0	2
11483	1	0	0	1	1	0	0	0	0	0	0	0	3
11484	2	0	0	0	0	0	0	0	0	0	0	0	2
11485	1	0	0	0	2	0	1	0	0	0	0	0	4
11486	1	0	0	0	1	0	0	0	0	0	0	0	2
11487	1	0	0	0	0	0	0	0	0	0	0	0	1
11488	0	0	0	0	1	0	0	0	0	0	0	0	1
11489	1	0	0	0	0	0	0	0	0	0	0	0	1
11490	2	0	0	0	0	0	0	0	0	0	0	0	2
11491	2	0	0	1	1	0	0	0	0	0	0	0	4
11492	2	0	0	0	0	0	0	1	1	0	0	0	4
11493	2	0	0	0	0	0	0	0	0	0	0	0	2
11494	1	0	0	1	1	0	0	0	0	0	0	0	3
11495	2	0	0	0	0	0	0	0	0	0	0	0	2
11496	0	1	0	0	0	0	0	1	0	0	0	0	2
11497	1	0	0	0	0	0	0	0	0	0	0	0	1
11498	0	0	0	0	1	0	0	0	0	0	0	0	1
11499	1	0	0	0	1	0	0	0	0	0	0	0	2
11500	1	0	0	0	0	0	0	0	0	0	0	0	1
11501	3	0	0	0	0	0	0	0	0	0	0	0	3
11502	2	0	0	0	0	0	0	1	0	0	0	0	3
11503	1	0	0	0	0	0	1	0	0	0	0	0	2
11504	2	0	0	0	0	0	0	0	0	0	0	0	2
11505	2	1	0	0	1	0	0	0	0	0	0	0	4
11507	1	0	0	0	0	0	0	0	0	0	0	0	1
11509	1	0	0	0	2	0	0	0	0	0	0	0	3
11511	1	0	0	0	2	0	0	0	0	0	0	0	3
11512	0	0	2	0	0	0	0	0	0	0	0	0	2
11513	1	0	0	0	1	0	0	0	0	0	0	0	2
11514	2	0	0	0	0	0	0	0	0	0	0	0	2
11515	1	0	0	0	0	0	0	1	0	0	0	0	2
11516	3	0	0	1	0	0	1	0	0	0	0	0	5
11517	4	0	0	1	0	0	0	1	0	0	0	0	6
11518	4	0	0	0	0	0	0	0	0	0	0	0	4
11519	2	0	0	0	0	0	0	0	0	0	0	0	2
11520	2	0	0	0	1	0	0	1	0	0	0	0	4
11521	2	0	0	0	0	0	0	0	0	0	0	0	2
11523	3	0	0	0	0	0	0	0	0	0	0	0	3
11524	2	0	0	0	1	1	0	0	0	0	0	0	4
11525	2	0	0	0	0	0	0	0	0	0	0	0	2
11526	2	0	0	0	2	0	0	1	0	0	0	0	5
11527	2	0	0	0	0	0	0	0	0	0	0	0	2
11528	1	0	0	1	0	0	0	0	0	0	0	0	2
11529	0	0	0	2	0	0	0	0	0	0	0	0	2
11530	0	0	0	0	0	1	0	0	0	0	0	0	1
11531	0	0	1	0	0	0	0	0	0	0	0	0	1
11532	1	0	0	0	0	0	0	0	0	0	0	0	1
11533	2	0	0	0	0	0	0	0	0	0	0	0	2
11534	1	0	0	0	1	0	0	0	0	0	0	0	2
11535	2	0	0	0	0	0	0	0	0	0	0	0	2
11536	1	0	0	0	2	0	0	0	0	0	0	0	3
11537	1	0	0	1	0	0	0	0	0	0	0	0	2
11538	1	0	1	0	0	0	0	0	0	0	0	0	2
11539	1	0	0	0	2	0	0	0	0	0	0	0	3
11540	3	0	0	0	0	0	0	0	0	0	0	0	3
11541	1	0	0	0	0	0	0	0	0	0	0	0	1
11542	1	0	0	0	0	0	0	0	0	0	0	0	1
11543	1	0	0	1	0	0	0	0	0	0	0	0	2
11544	2	0	0	0	0	0	0	0	0	0	0	0	2
11545	2	0	0	0	0	0	1	1	0	0	0	0	4
11546	2	0	0	0	0	0	0	0	0	0	0	0	2
11547	0	0	0	0	1	0	0	0	0	0	0	0	1
11549	1	0	0	0	2	0	0	0	0	0	0	0	3
11550	2	0	0	0	0	0	0	1	0	0	0	0	3
11551	1	0	0	1	1	0	0	0	0	0	0	0	3
11552	2	0	0	1	0	0	0	2	0	0	0	0	5
11553	0	0	0	1	0	0	0	0	0	0	0	0	1
11554	3	0	0	0	0	0	0	0	0	0	0	0	3
11555	0	0	0	1	0	0	0	0	0	0	0	0	1
11556	2	0	0	0	0	0	0	0	0	0	0	0	2
11557	2	0	0	0	0	0	0	0	0	0	0	0	2
11558	1	0	0	0	1	0	0	1	0	0	0	0	3
11559	2	0	0	1	1	0	0	0	0	0	0	0	4
11560	2	0	0	0	2	0	0	0	0	0	0	0	4
11561	3	0	0	0	1	0	0	0	0	0	0	0	4
11562	3	0	0	0	0	0	0	0	0	0	0	0	3
11563	2	0	0	0	0	0	0	1	0	0	0	0	3
11564	0	0	0	0	1	0	0	0	0	0	0	0	1
11565	0	0	0	1	0	2	0	0	0	0	0	0	3
11566	1	0	0	0	0	2	0	0	0	0	0	0	3
11567	2	0	0	0	0	0	0	1	0	0	0	0	3
11568	2	0	0	0	0	0	0	0	0	0	0	0	2
11569	3	0	0	1	0	0	0	0	0	0	0	0	4
11570	1	0	0	0	1	0	0	0	0	0	0	0	2
11571	1	0	0	0	1	1	0	0	0	0	0	0	3
11572	1	0	0	0	0	0	0	0	0	0	0	0	1
11573	3	0	0	0	0	0	0	0	0	0	0	0	3
11574	3	0	0	0	2	0	0	0	0	0	0	0	5
11575	0	0	0	0	3	1	0	0	0	0	0	0	4
11576	2	0	0	0	1	0	0	0	0	0	0	0	3
11577	4	0	0	0	1	0	0	0	0	0	0	0	5
11578	2	0	0	1	1	0	0	0	0	0	0	0	4
11579	1	0	0	0	0	0	0	0	0	0	0	0	1
11580	3	0	0	1	0	0	0	0	0	0	0	0	4
11581	1	0	0	0	1	0	1	0	0	0	0	0	3
11582	2	0	0	0	0	0	0	1	0	0	0	0	3
11583	1	0	0	0	1	0	0	0	0	0	0	0	2
11584	3	0	0	0	3	0	0	1	0	0	0	0	7
11585	0	0	0	1	1	0	1	0	0	0	0	0	3
11586	3	0	0	0	0	0	0	0	0	0	0	0	3
11587	1	0	0	0	1	0	0	0	0	0	0	0	2
11588	0	0	0	0	1	0	0	1	0	0	0	0	2
11589	1	0	0	0	0	0	0	0	0	0	0	0	1
11590	2	0	0	0	1	0	0	0	0	0	0	0	3
11591	1	0	0	0	0	0	1	1	0	0	0	0	3
11592	3	0	0	0	0	0	0	0	0	0	0	0	3
11593	1	0	0	0	0	0	0	1	0	0	0	0	2
11594	0	0	1	0	0	0	0	0	0	0	0	0	1
11595	2	0	0	0	0	0	0	0	0	0	0	0	2
11597	0	0	0	1	1	0	0	1	0	0	0	0	3
11598	4	0	0	0	0	0	0	0	1	0	0	0	5
11600	2	0	0	0	0	0	1	0	0	0	0	0	3
11601	4	0	0	1	0	0	0	0	0	0	0	0	5
11602	5	0	0	0	0	0	0	1	0	0	0	0	6
11603	1	0	0	0	0	0	0	0	0	0	0	0	1
11604	4	0	0	0	0	0	1	1	0	0	0	0	6
11605	1	1	1	0	1	0	0	1	0	0	0	0	5
11606	1	0	0	0	2	0	0	0	0	0	0	0	3
11607	4	0	0	0	3	0	0	0	0	0	0	0	7
11608	3	0	0	0	0	0	0	0	0	0	0	0	3
11609	2	0	0	0	0	0	0	0	0	0	0	0	2
11610	0	0	0	0	2	0	0	0	0	0	0	0	2
11612	1	0	0	0	1	0	0	0	0	0	0	0	2
11613	1	0	0	0	0	0	0	0	0	0	0	0	1
11614	2	0	0	0	0	1	0	1	0	0	0	0	4
11615	1	0	0	0	0	0	0	0	0	0	0	0	1
11616	3	0	0	0	0	0	0	0	0	0	0	0	3
11618	1	0	0	0	0	0	1	0	0	0	0	0	2
11619	3	0	0	0	0	0	0	0	0	0	0	0	3
11621	1	0	0	0	1	0	0	0	0	0	0	0	2
11622	1	0	0	1	1	0	0	0	0	0	0	0	3
11623	3	0	0	0	1	0	0	0	1	0	0	0	5
11624	2	0	0	1	1	0	0	0	0	0	0	0	4
11625	1	0	0	0	1	0	0	1	0	0	0	0	3
11626	1	0	0	0	0	0	0	0	0	0	0	0	1
11627	0	0	0	0	1	0	0	0	0	0	0	0	1
11629	2	0	0	0	0	0	0	0	0	0	0	0	2
11630	0	0	0	0	1	0	0	0	0	0	0	0	1
11631	3	0	0	0	0	0	0	1	0	0	0	0	4
11632	1	0	0	0	0	0	0	0	0	0	0	0	1
11633	3	0	0	0	1	0	0	1	0	0	0	0	5
11634	2	0	0	0	0	0	0	0	0	0	0	0	2
11635	1	0	0	0	0	0	0	0	0	0	0	0	1
11636	3	0	0	0	0	0	0	0	0	0	0	0	3
11637	1	0	1	1	1	0	0	0	0	0	0	0	4
11638	0	0	1	0	0	0	0	0	0	0	0	0	1
11639	3	0	0	0	0	0	0	0	0	0	0	0	3
11640	2	0	0	0	0	0	0	0	0	0	0	0	2
11641	1	0	0	0	1	0	0	0	0	0	0	0	2
11642	1	0	0	0	1	0	0	0	0	0	0	0	2
11643	2	0	0	0	0	0	0	0	0	0	0	0	2
11644	1	0	0	0	1	0	0	0	0	0	0	0	2
11645	4	0	0	0	0	0	0	0	0	0	0	0	4
11646	1	0	0	0	0	0	0	0	0	0	0	0	1
11647	1	0	0	0	0	0	0	0	0	0	0	0	1
11648	0	0	0	0	0	1	0	0	0	0	0	0	1
11649	1	0	1	0	0	0	0	0	0	0	0	0	2
11650	1	0	0	0	2	0	0	0	0	0	0	0	3
11651	2	0	0	0	0	0	0	0	0	0	0	0	2
11652	1	0	0	0	1	0	0	0	0	0	0	0	2
11653	2	0	0	0	0	0	0	1	0	0	0	0	3
11654	0	0	0	0	2	0	0	0	0	0	0	0	2
11655	0	0	1	0	0	0	0	0	0	0	0	0	1
11656	0	0	0	0	1	0	0	0	0	0	0	0	1
11657	0	0	0	1	1	0	0	1	0	0	0	0	3
11658	4	0	0	0	0	0	0	0	0	0	0	0	4
11660	0	0	0	0	1	0	0	0	0	0	0	0	1
11662	1	0	0	0	1	0	0	0	0	0	0	0	2
11663	0	0	1	0	0	0	0	0	0	0	0	0	1
11664	1	0	1	0	1	0	0	0	0	0	0	0	3
11665	1	0	0	0	1	0	0	0	0	0	0	0	2
11666	0	0	1	0	0	0	0	0	0	0	0	0	1
11667	1	0	0	0	0	0	0	0	0	0	0	0	1
11668	1	0	0	0	1	0	1	0	2	0	0	0	5
11669	0	0	0	0	2	0	0	0	0	0	0	0	2
11670	1	0	0	0	2	0	0	0	0	0	0	0	3
11671	3	0	0	0	0	0	0	1	0	0	0	0	4
11672	0	0	0	1	0	0	0	0	0	0	0	0	1
11673	1	0	0	0	0	0	0	0	0	0	0	0	1
11674	0	0	0	0	2	0	0	0	0	0	0	0	2
11675	0	0	0	0	1	0	0	0	0	0	0	0	1
11676	2	0	0	1	0	0	0	0	0	0	0	0	3
11677	1	0	0	0	0	0	0	1	0	0	0	0	2
11678	2	0	0	0	0	0	0	0	0	0	0	0	2
11679	0	0	0	0	2	1	0	0	0	0	0	0	3
11680	1	0	0	0	2	0	0	0	0	0	0	0	3
11681	0	0	0	0	2	0	0	0	0	0	0	0	2
11682	1	0	0	0	2	0	0	0	0	0	0	0	3
11683	1	0	0	0	0	0	0	0	0	0	0	0	1
11684	2	0	0	0	0	0	0	0	0	0	0	0	2
11686	2	0	0	2	1	0	0	0	0	0	0	0	5
11687	1	0	0	0	0	0	0	0	0	0	0	0	1
11688	4	0	0	1	0	0	0	0	0	0	0	0	5
11689	0	0	0	0	2	0	0	0	0	0	0	0	2
11690	1	0	0	0	1	0	0	0	0	0	0	0	2
11691	0	0	0	0	3	1	0	0	0	0	0	0	4
11692	2	0	0	0	0	0	0	0	0	0	0	0	2
11693	1	0	0	0	0	0	0	0	0	0	0	0	1
11694	3	0	0	0	0	0	0	0	1	0	0	0	4
11695	1	0	0	0	0	0	0	0	0	0	0	0	1
11696	1	0	0	0	0	0	0	1	0	0	0	0	2
11697	5	0	0	0	0	0	0	0	0	0	0	0	5
11698	0	0	0	1	0	0	0	0	0	0	0	0	1
11699	2	0	0	0	1	0	0	0	0	0	0	0	3
11700	3	0	0	0	0	0	0	0	0	0	0	0	3
11701	1	0	0	0	1	0	0	0	0	0	0	0	2
11702	2	0	0	1	0	0	0	0	0	0	0	0	3
11703	2	0	0	0	1	0	0	0	0	0	0	0	3
11704	2	0	0	0	3	0	0	0	0	0	0	0	5
11705	1	0	0	1	1	0	0	0	0	0	0	0	3
11706	2	0	1	0	0	0	0	0	0	0	0	0	3
11708	2	0	0	0	3	0	0	0	0	0	0	0	5
11709	1	0	0	0	0	1	0	0	0	0	0	0	2
11710	0	0	1	0	0	0	0	0	0	0	0	0	1
11711	2	0	0	1	0	0	0	0	0	0	0	0	3
11712	1	0	0	0	0	0	0	0	0	0	0	0	1
11713	2	0	0	0	0	0	0	0	0	0	0	0	2
11714	2	0	0	0	1	0	0	0	0	0	0	0	3
11715	1	0	0	0	1	0	0	0	0	0	0	0	2
11716	1	0	0	0	0	0	0	0	0	0	0	0	1
11717	1	0	0	1	1	0	0	0	0	0	0	0	3
11718	1	0	0	0	0	0	0	0	0	0	0	0	1
11719	1	0	0	0	1	0	0	0	0	0	0	0	2
11720	4	0	0	0	0	0	0	0	0	0	0	0	4
11721	0	0	1	0	2	0	0	0	0	0	0	0	3
11722	2	0	0	0	1	0	0	0	0	0	0	0	3
11723	2	0	0	0	0	0	0	0	0	0	0	0	2
11724	2	0	0	0	0	0	0	0	0	0	0	0	2
11725	2	0	0	0	0	0	0	0	0	0	0	0	2
11726	1	0	0	0	0	0	0	0	0	0	0	0	1
11727	3	0	2	0	1	0	0	0	0	0	0	0	6
11728	2	0	0	0	1	0	0	0	0	0	0	0	3
11729	2	0	0	0	0	0	0	1	0	0	0	0	3
11731	2	0	0	0	0	0	0	0	0	0	0	0	2
11732	2	0	0	0	0	0	0	0	0	0	0	0	2
11733	2	0	0	0	0	0	0	0	0	0	0	0	2
11734	1	0	0	0	1	0	0	0	0	0	0	0	2
11735	1	0	0	1	1	1	1	0	0	0	0	0	5
11736	1	0	0	0	0	0	0	0	0	0	0	0	1
11737	3	0	0	0	3	0	0	0	0	0	0	0	6
11738	1	1	0	0	1	0	0	0	0	0	0	0	3
11739	3	0	0	0	0	0	0	0	0	0	0	0	3
11740	1	0	0	0	0	0	0	1	0	0	0	0	2
11741	1	0	0	0	1	0	0	0	0	0	0	0	2
11742	1	0	0	0	0	0	1	0	0	0	0	0	2
11743	2	0	0	0	0	0	0	0	0	0	0	0	2
11744	1	0	0	0	1	1	0	0	0	0	0	0	3
11746	1	0	0	0	0	0	0	0	0	0	0	0	1
11747	0	0	1	1	0	0	0	0	0	0	0	0	2
11748	3	0	0	0	0	0	0	0	0	0	0	0	3
11749	1	0	1	1	1	0	0	0	0	0	0	0	4
11750	2	0	0	0	0	0	0	0	0	0	0	0	2
11751	1	0	0	0	0	0	0	0	1	0	0	0	2
11752	1	0	0	0	2	0	0	1	0	0	0	0	4
11753	2	0	0	0	0	0	0	0	0	0	0	0	2
11754	2	0	0	1	1	0	0	0	0	0	0	0	4
11755	2	0	0	0	1	0	0	0	0	0	0	0	3
11756	0	0	1	0	0	0	0	0	0	0	0	0	1
11757	0	0	0	0	1	0	0	0	0	0	0	0	1
11758	1	0	0	1	0	0	0	0	0	0	0	0	2
11759	1	0	0	0	4	0	0	0	0	0	0	0	5
11760	0	1	0	0	0	0	0	0	0	0	0	0	1
11761	1	0	0	0	0	1	0	0	0	0	0	0	2
11762	3	0	0	0	0	0	0	0	0	0	0	0	3
11763	1	1	0	0	1	0	0	0	0	0	0	0	3
11764	1	0	0	0	1	0	0	0	0	0	0	0	2
11765	0	0	0	0	1	2	0	0	0	0	0	0	3
11766	0	0	2	0	0	0	0	0	0	0	0	0	2
11767	3	0	0	0	1	0	0	0	0	0	0	0	4
11768	3	0	0	0	0	0	0	0	0	0	0	0	3
11769	0	0	1	0	0	0	0	0	0	0	0	0	1
11770	3	0	0	0	1	0	0	0	0	0	0	0	4
11771	1	0	0	0	0	0	0	1	0	0	0	0	2
11772	3	0	0	0	0	0	0	0	0	0	0	0	3
11773	1	0	0	0	1	0	0	0	0	0	0	0	2
11774	2	0	0	0	3	0	0	0	0	0	0	0	5
11775	4	0	0	0	0	0	0	0	0	0	0	0	4
11776	3	0	0	0	0	0	0	1	0	0	0	0	4
11777	2	0	0	0	1	0	0	0	0	0	0	0	3
11778	3	0	0	0	1	0	0	0	0	0	0	0	4
11780	2	0	0	0	0	0	0	0	0	0	0	0	2
11781	2	0	0	0	0	0	0	1	0	0	0	0	3
11782	2	0	0	0	0	0	0	1	0	0	0	0	3
11783	1	0	0	0	0	0	0	1	0	0	0	0	2
11784	3	0	0	0	2	0	0	1	0	0	0	0	6
11785	2	0	0	2	0	0	0	0	0	0	0	0	4
11786	3	0	0	0	0	0	0	0	0	0	0	0	3
11787	2	0	0	1	1	0	0	0	0	0	0	0	4
11788	0	0	0	0	0	0	1	1	0	0	0	0	2
11789	2	0	0	0	0	0	0	0	0	0	0	0	2
11790	2	0	0	0	0	0	0	0	0	0	0	0	2
11791	4	0	0	0	2	0	0	0	0	0	0	0	6
11792	3	1	0	1	0	0	0	0	0	0	0	0	5
11793	1	0	0	0	1	0	0	0	0	0	0	0	2
11794	2	0	0	0	0	0	0	0	0	0	0	0	2
11795	1	0	0	0	0	0	0	0	0	0	0	0	1
11796	4	0	0	0	0	0	0	0	0	0	0	0	4
11797	2	0	0	0	1	0	0	0	0	0	0	0	3
11798	3	0	0	0	0	0	0	0	0	0	0	0	3
11799	2	0	0	0	0	0	0	0	0	0	0	0	2
11800	1	0	0	0	0	0	0	0	0	0	0	0	1
11801	2	0	0	0	0	0	0	0	0	0	0	0	2
11802	4	0	0	0	0	0	0	0	0	0	0	0	4
11803	1	0	0	0	0	0	0	0	0	0	0	0	1
11804	0	0	0	0	1	0	0	0	0	0	0	0	1
11805	3	0	0	0	1	0	0	0	0	0	0	0	4
11806	5	0	0	0	0	0	0	1	0	0	0	0	6
11807	1	0	0	0	1	0	0	0	0	0	0	0	2
11808	4	0	0	0	0	0	0	0	1	0	0	0	5
11809	2	0	0	0	0	0	1	1	0	0	0	0	4
11810	4	0	0	0	0	0	0	0	0	0	0	0	4
11811	2	0	0	0	1	0	0	0	0	0	0	0	3
11812	1	0	0	0	0	0	0	0	0	0	0	0	1
11813	1	1	1	0	0	0	0	0	0	0	0	0	3
11814	5	0	0	0	0	0	1	0	0	1	0	0	7
11816	1	0	0	1	0	0	0	0	0	0	0	0	2
11817	5	0	0	0	0	0	0	0	0	0	0	0	5
11818	1	0	0	0	0	0	0	0	0	0	0	0	1
11819	1	0	0	0	1	0	0	0	0	0	0	0	2
11820	0	0	0	0	3	0	0	0	0	0	0	0	3
11821	1	0	0	0	0	0	0	0	0	0	0	0	1
11822	2	0	0	0	0	0	1	1	0	0	0	0	4
11823	1	0	0	0	1	0	0	0	0	0	0	0	2
11824	0	0	0	1	2	0	0	0	0	0	0	0	3
11825	0	0	0	0	1	0	0	0	0	0	0	0	1
11826	0	1	0	0	0	0	0	0	0	0	0	0	1
11827	3	0	0	0	1	0	0	0	0	0	0	0	4
11828	3	0	0	0	0	0	0	0	0	0	0	0	3
11829	0	0	0	0	0	2	0	0	0	0	0	0	2
11830	3	1	0	0	2	0	0	0	0	0	0	0	6
11831	2	0	0	0	1	0	0	0	0	0	0	0	3
11832	0	2	1	0	0	0	0	0	0	0	0	0	3
11833	0	1	0	0	0	0	0	0	0	0	0	0	1
11834	2	0	0	0	0	0	0	0	0	0	0	0	2
11835	0	0	0	0	1	0	0	0	0	0	0	0	1
11836	0	0	0	0	1	2	0	0	0	0	0	0	3
11837	0	0	0	0	2	0	0	1	0	0	0	0	3
11838	2	0	0	0	0	0	0	0	0	0	0	0	2
11839	2	0	0	0	0	0	1	0	0	0	0	0	3
11840	2	0	0	0	0	0	0	0	0	0	0	0	2
11841	1	0	0	0	2	0	0	0	0	0	0	0	3
11842	1	0	0	1	3	0	0	0	0	0	0	0	5
11843	2	0	0	0	0	0	0	1	0	0	0	0	3
11844	1	0	0	0	1	1	0	0	1	0	0	0	4
11845	4	0	0	0	0	0	0	0	0	0	0	0	4
11846	2	0	0	0	0	0	0	1	0	0	0	0	3
11847	0	0	0	0	1	0	0	0	0	0	0	0	1
11848	0	0	0	0	2	0	0	0	0	0	0	0	2
11849	2	0	0	0	0	0	0	0	0	0	0	0	2
11850	2	0	0	0	0	0	1	0	0	0	0	0	3
11851	2	0	0	1	0	0	0	1	0	0	0	0	4
11852	1	0	0	1	0	0	0	0	0	0	0	0	2
11853	0	0	0	0	1	0	0	0	0	0	0	0	1
11854	1	0	0	0	1	0	0	0	0	0	0	0	2
11855	1	0	0	1	0	0	0	0	0	0	0	0	2
11856	1	0	0	0	1	0	0	0	0	0	0	0	2
11857	1	0	0	0	0	0	2	0	0	0	0	0	3
11858	1	0	0	0	1	0	0	0	0	0	0	0	2
11859	3	0	0	0	0	0	0	0	0	0	0	0	3
11860	1	0	0	1	0	0	0	0	0	0	0	0	2
11861	1	0	0	0	0	0	0	0	0	0	0	0	1
11862	1	0	0	0	2	0	0	0	0	0	0	0	3
11863	3	0	0	0	0	0	0	0	0	0	0	0	3
11864	1	0	0	0	0	0	0	1	1	0	0	0	3
11865	3	0	0	0	0	0	1	0	0	0	0	0	4
11866	1	0	0	1	1	0	0	0	0	0	0	0	3
11867	2	0	0	0	0	0	0	0	0	0	0	0	2
11868	3	0	0	0	0	0	1	1	0	0	0	0	5
11869	2	0	0	0	0	1	0	0	0	0	0	0	3
11870	0	1	0	0	1	0	0	0	0	0	0	0	2
11871	2	0	0	0	0	0	0	1	0	0	0	0	3
11872	1	0	0	0	0	0	0	0	0	0	0	0	1
11873	2	0	0	0	0	0	0	1	0	0	0	0	3
11874	3	0	0	0	0	0	0	1	0	0	0	0	4
11875	1	0	0	0	0	0	0	0	0	0	0	0	1
11876	2	0	0	0	0	0	0	0	1	0	0	0	3
11877	0	0	1	0	0	0	0	0	0	0	0	0	1
11878	1	0	0	0	1	0	0	0	0	0	0	0	2
11879	1	0	0	1	0	0	0	0	0	0	0	0	2
11880	1	0	0	0	0	0	0	0	0	0	0	0	1
11881	3	0	0	1	0	0	1	0	0	0	0	0	5
11882	0	0	0	2	0	0	0	0	0	0	0	0	2
11883	0	0	0	0	3	0	0	1	0	0	0	0	4
11884	1	0	0	0	0	0	0	0	1	0	0	0	2
11885	2	0	1	0	1	0	0	0	0	0	0	0	4
11886	1	0	0	0	1	0	0	1	0	0	0	0	3
11887	2	0	1	0	0	0	0	0	0	0	0	0	3
11889	3	0	0	0	1	0	0	0	0	0	0	0	4
11890	1	0	0	0	0	0	0	0	0	0	0	0	1
11891	2	1	0	0	0	0	0	0	0	0	0	0	3
11892	0	0	1	0	0	0	0	0	0	0	0	0	1
11893	1	0	0	0	1	0	0	0	0	0	0	0	2
11894	3	0	0	0	0	0	0	0	0	0	0	0	3
11895	2	0	0	0	0	0	0	0	0	0	0	0	2
11896	3	0	0	0	0	0	0	0	0	0	0	0	3
11897	1	0	0	0	1	0	0	0	0	0	0	0	2
11898	2	0	0	0	0	0	0	0	0	0	0	0	2
11899	0	0	0	0	2	0	0	1	0	0	0	0	3
11900	0	1	0	0	0	0	0	0	0	0	0	0	1
11901	2	0	0	1	2	0	0	0	0	0	0	0	5
11902	1	0	0	0	0	0	0	0	0	0	0	0	1
11903	1	0	0	1	2	0	0	0	0	0	0	0	4
11904	1	0	0	0	2	0	0	0	0	0	0	0	3
11905	0	0	0	0	1	0	0	0	0	0	0	0	1
11906	2	0	0	0	0	0	0	0	0	0	0	0	2
11907	3	0	0	0	0	0	0	0	0	0	0	0	3
11908	1	1	0	0	1	0	0	0	0	0	0	0	3
11909	1	0	0	0	0	0	0	0	0	0	0	0	1
11911	1	0	0	1	1	0	0	0	0	0	0	0	3
11912	4	0	0	0	1	0	0	0	0	0	0	0	5
11913	2	0	0	1	0	0	0	0	0	0	0	0	3
11914	4	0	0	0	0	0	0	1	0	0	0	0	5
11915	2	0	0	0	0	0	0	1	0	0	0	0	3
11916	1	0	0	0	0	0	0	0	0	0	0	0	1
11917	3	0	0	0	1	0	0	0	0	0	0	0	4
11918	0	0	0	1	2	0	0	0	0	0	0	0	3
11919	3	0	0	0	1	0	0	0	0	0	0	0	4
11921	1	0	0	0	0	0	1	1	1	0	0	0	4
11922	1	0	0	0	0	0	0	0	0	0	0	0	1
11923	1	0	0	0	1	0	0	0	0	0	0	0	2
11924	1	0	0	0	1	1	1	0	0	0	0	0	4
11926	1	0	0	0	1	0	0	1	0	0	0	0	3
11927	2	0	0	0	0	0	0	1	0	0	0	0	3
11928	4	0	0	1	2	0	0	0	0	0	0	0	7
11929	1	0	0	0	0	0	0	0	0	0	0	0	1
11930	1	0	0	1	0	0	0	0	0	0	0	0	2
11931	2	0	0	0	0	0	0	0	0	0	0	0	2
11932	1	0	0	0	0	0	0	0	0	0	0	0	1
11933	1	0	0	0	0	0	0	0	0	0	0	0	1
11935	1	0	0	0	0	0	0	0	0	0	0	0	1
11936	1	0	0	0	0	0	0	0	0	0	0	0	1
11937	1	0	0	0	0	0	0	1	0	0	0	0	2
11938	1	0	2	1	0	1	0	0	0	0	0	0	5
11939	0	0	1	0	0	1	0	0	0	0	0	0	2
11940	2	0	0	0	1	0	0	0	0	0	0	0	3
11941	3	0	0	0	1	0	0	0	0	0	0	0	4
11942	1	0	1	1	0	0	0	0	0	0	0	0	3
11943	1	0	0	1	0	0	0	0	0	0	0	0	2
11944	3	0	0	0	0	0	0	1	0	0	0	0	4
11945	1	0	0	1	1	0	0	0	0	0	0	0	3
11946	2	0	0	0	0	0	0	0	0	0	0	0	2
11947	1	0	0	0	0	0	0	0	0	0	0	0	1
11948	1	0	0	0	0	0	0	0	0	0	0	0	1
11949	1	0	0	0	0	0	0	0	0	0	0	0	1
11950	2	0	0	0	1	0	0	0	0	0	0	0	3
11951	0	0	1	0	1	0	0	0	0	0	0	0	2
11952	1	0	0	0	1	0	0	0	0	0	0	0	2
11953	2	0	0	0	0	0	1	0	0	0	0	0	3
11954	1	0	0	1	1	0	0	0	0	0	0	0	3
11955	1	0	0	0	0	0	0	0	0	0	0	0	1
11956	2	0	0	0	1	0	0	1	0	0	0	0	4
11957	0	0	0	1	0	0	0	0	0	0	0	0	1
11958	0	0	0	0	0	0	0	0	1	0	0	0	1
11960	0	0	0	0	1	0	0	0	0	0	0	0	1
11961	1	0	0	0	0	0	0	0	0	0	0	0	1
11962	0	0	0	0	2	0	0	0	0	0	0	0	2
11963	3	0	0	0	0	0	0	1	1	0	0	0	5
11964	5	0	0	0	0	0	0	0	1	0	0	0	6
11965	2	0	1	0	0	0	0	0	0	0	0	0	3
11966	2	0	1	0	0	0	0	0	0	0	0	0	3
11967	2	0	0	0	0	0	0	0	0	0	0	0	2
11968	0	0	0	0	1	0	0	0	0	0	0	0	1
11969	1	1	1	0	1	0	0	0	0	0	0	0	4
11970	3	0	0	0	0	0	0	0	0	0	0	0	3
11971	2	0	0	0	0	0	0	0	0	0	0	0	2
11972	2	0	0	0	0	0	0	1	0	0	0	0	3
11973	2	0	0	0	1	0	1	0	0	0	0	0	4
11974	0	0	0	1	0	0	0	0	0	0	0	0	1
11975	4	0	0	1	0	0	0	0	0	0	0	0	5
11976	0	0	0	0	0	0	1	0	0	0	0	0	1
11977	3	0	0	0	0	0	0	0	0	0	0	0	3
11978	2	0	0	0	0	0	0	0	0	0	0	0	2
11979	1	0	0	0	1	0	0	0	0	0	0	0	2
11980	3	0	0	0	0	0	0	1	0	0	0	0	4
11981	3	0	0	0	2	0	0	1	0	0	0	0	6
11982	2	0	0	0	0	0	0	0	0	0	0	0	2
11983	2	0	0	0	0	0	0	1	0	0	0	0	3
11985	3	0	0	0	0	0	0	0	0	0	0	0	3
11986	0	0	0	0	0	0	1	0	0	0	0	0	1
11987	1	0	0	0	0	0	0	0	0	0	0	0	1
11988	2	0	0	1	0	0	0	0	0	0	0	0	3
11989	1	0	0	0	2	0	0	0	0	0	0	0	3
11990	0	0	0	0	1	0	0	0	0	0	0	0	1
11992	3	0	0	0	1	0	0	0	0	0	0	0	4
11993	2	0	0	0	0	0	0	0	0	0	0	0	2
11994	1	0	0	0	2	0	0	0	0	0	0	0	3
11995	1	0	0	0	0	0	0	0	0	0	0	0	1
11996	0	0	0	1	0	0	0	0	0	0	0	0	1
11997	0	0	0	1	0	0	0	0	0	0	0	0	1
11998	2	0	0	0	1	0	0	0	0	0	0	0	3
11999	1	0	0	0	2	0	0	0	0	0	0	0	3
12000	1	0	0	0	0	0	0	0	0	0	0	0	1
12002	1	0	1	0	1	0	0	2	0	0	0	0	5
12003	2	0	1	1	1	0	0	0	0	0	0	0	5
12004	1	0	0	0	4	0	0	0	0	0	0	0	5
12005	2	0	0	0	1	0	0	1	0	0	0	0	4
12006	1	0	0	1	1	0	0	0	0	0	0	0	3
12007	1	0	1	0	0	0	0	0	0	0	0	0	2
12008	1	0	0	0	2	0	0	0	0	0	0	0	3
12009	0	0	0	0	1	0	0	0	0	0	0	0	1
12010	1	0	0	0	1	0	1	0	0	0	0	0	3
12011	2	0	0	1	0	0	0	0	0	0	0	0	3
12012	2	0	0	0	2	0	0	0	0	0	0	0	4
12013	2	0	0	0	0	0	0	1	0	0	0	0	3
12014	0	0	1	0	1	0	0	0	0	0	0	0	2
12015	1	0	0	0	0	0	0	0	0	0	0	0	1
12016	0	0	0	0	2	0	0	0	0	0	0	0	2
12017	1	0	0	0	2	0	0	0	0	0	0	0	3
12018	1	0	0	1	0	0	0	0	1	0	0	0	3
12019	1	0	0	0	1	0	0	0	0	0	0	0	2
12020	3	0	0	0	0	1	0	0	0	0	0	0	4
12021	0	0	0	0	2	0	0	0	0	0	0	0	2
12022	2	0	1	0	1	0	0	0	0	0	0	0	4
12023	3	0	0	0	0	0	0	1	0	0	0	0	4
12024	2	0	0	0	0	1	0	0	0	0	0	0	3
12026	1	0	0	0	0	0	0	0	0	0	0	0	1
12027	1	0	0	0	1	1	0	0	0	0	0	0	3
12028	2	0	0	0	0	0	0	0	0	0	0	0	2
12029	1	0	0	0	1	0	0	0	0	0	0	0	2
12030	1	0	0	1	0	0	0	0	0	0	0	0	2
12031	1	0	0	0	0	0	0	1	0	0	0	0	2
12032	5	0	0	0	0	0	1	1	0	0	0	0	7
12033	2	0	0	0	0	0	0	0	0	0	0	0	2
12034	1	0	0	0	1	0	0	0	0	0	0	0	2
12035	2	0	0	0	0	0	0	0	0	0	0	0	2
12036	0	1	0	0	1	0	0	0	0	0	0	0	2
12037	2	0	0	0	0	0	0	0	0	0	0	0	2
12038	3	0	0	0	1	0	0	0	0	0	0	0	4
12039	1	1	0	1	0	0	0	0	0	0	0	0	3
12040	3	0	0	0	0	0	0	0	0	0	0	0	3
12041	2	0	1	1	0	0	0	1	0	0	0	0	5
12042	2	0	0	0	0	0	0	0	0	0	0	0	2
12043	1	0	0	0	1	0	0	1	0	0	0	0	3
12044	1	0	0	0	0	0	0	0	0	0	0	0	1
12045	0	0	0	1	0	0	0	0	0	0	0	0	1
12047	4	0	0	0	1	0	0	0	0	0	0	0	5
12048	2	0	0	0	1	0	0	1	0	0	0	0	4
12049	1	0	0	0	1	0	0	1	0	0	0	0	3
12050	1	0	0	0	0	1	0	1	0	0	0	0	3
12051	2	0	0	0	0	1	0	1	0	0	0	0	4
12052	3	0	0	0	0	0	0	0	0	0	0	0	3
12053	4	0	0	0	0	0	0	1	0	0	0	0	5
12054	1	0	0	1	0	0	0	2	0	0	0	0	4
12055	3	0	0	0	0	0	0	0	0	0	0	0	3
12056	1	0	0	0	0	0	1	1	0	0	0	0	3
12057	1	0	0	0	1	0	0	0	0	0	0	0	2
12058	2	0	0	0	0	0	0	1	0	0	0	0	3
12059	1	0	0	0	1	0	0	0	0	0	0	0	2
12061	4	0	0	0	0	0	0	0	0	0	0	0	4
12062	1	0	0	0	0	0	0	0	0	0	0	0	1
12063	2	0	0	1	0	1	0	0	0	0	0	0	4
12064	0	0	0	1	0	0	1	0	0	0	0	0	2
12065	1	0	0	0	0	0	0	0	0	0	0	0	1
12066	4	0	0	0	0	0	0	0	0	0	0	0	4
12067	0	0	0	0	2	0	0	0	0	0	0	0	2
12068	2	0	0	0	0	0	0	0	0	0	0	0	2
12069	2	0	0	0	0	0	0	0	0	0	0	0	2
12070	1	0	0	0	0	0	0	0	0	0	0	0	1
12071	1	0	0	1	0	0	0	0	0	0	0	0	2
12072	5	0	0	0	1	0	0	0	0	0	0	0	6
12073	2	0	0	0	0	0	0	0	0	0	0	0	2
12074	2	0	0	0	1	0	0	2	0	0	0	0	5
12075	2	0	0	0	0	0	0	1	0	0	0	0	3
12076	2	0	0	0	0	0	0	1	0	0	0	0	3
12077	1	0	0	0	0	1	0	0	0	0	0	0	2
12078	3	0	0	0	0	0	0	1	0	0	0	0	4
12079	2	0	0	0	0	0	0	1	0	0	0	0	3
12080	2	0	0	1	0	0	0	0	0	0	0	0	3
12081	2	0	0	0	0	0	0	0	0	0	0	0	2
12082	1	0	0	0	2	0	0	0	0	0	0	0	3
12083	1	0	0	0	2	0	0	0	0	0	0	0	3
12084	1	0	0	0	2	0	0	0	0	0	0	0	3
12085	2	0	0	0	1	0	0	0	0	0	0	0	3
12086	2	0	0	2	0	0	0	0	0	0	0	0	4
12087	2	0	0	0	0	0	0	0	0	0	0	0	2
12088	1	0	0	0	0	0	0	0	0	0	0	0	1
12089	2	0	0	0	0	0	0	1	0	0	0	0	3
12090	1	0	0	0	0	0	1	0	0	0	0	0	2
12091	3	0	0	0	0	0	0	1	0	0	0	0	4
12092	3	0	0	0	0	0	0	0	0	0	0	0	3
12093	4	0	0	1	0	0	0	0	0	0	0	0	5
12094	4	0	0	0	0	0	0	0	0	0	0	0	4
12095	2	0	0	0	0	0	0	0	0	0	0	0	2
12096	1	0	0	0	0	0	0	0	0	0	0	0	1
12097	2	0	0	0	0	0	0	0	0	0	0	0	2
12098	2	0	0	0	1	0	0	0	0	0	0	0	3
12099	2	0	0	0	1	0	0	0	0	0	0	0	3
12100	0	0	0	0	0	0	1	0	1	0	0	0	2
12101	2	0	0	1	1	0	0	0	0	0	0	0	4
12102	3	0	0	0	0	0	0	0	0	0	0	0	3
12103	1	0	0	0	0	2	1	0	0	0	0	0	4
12105	2	0	0	0	2	0	0	0	0	0	0	0	4
12106	1	0	0	1	1	0	0	0	0	0	0	0	3
12107	5	0	0	0	0	0	0	0	0	0	0	0	5
12108	1	0	0	0	1	0	0	0	0	0	0	0	2
12109	4	0	0	0	0	0	1	0	0	0	0	0	5
12110	2	0	0	1	1	0	0	0	0	0	0	0	4
12111	2	0	0	0	1	0	0	0	0	0	0	0	3
12112	0	0	0	0	1	0	0	0	0	0	0	0	1
12113	0	0	0	1	1	0	0	0	0	0	0	0	2
12114	1	0	0	1	1	0	0	0	0	0	0	0	3
12115	2	0	0	0	0	0	0	0	0	0	0	0	2
12116	3	0	0	0	0	0	0	1	0	0	0	0	4
12117	4	0	0	0	0	0	0	0	0	0	0	0	4
12118	1	0	0	1	1	0	0	0	0	0	0	0	3
12119	1	0	0	1	1	0	1	0	0	0	0	0	4
12120	3	0	0	0	0	0	0	0	0	0	0	0	3
12121	2	0	0	0	1	0	0	0	0	0	0	0	3
12122	0	0	0	0	1	0	0	0	0	0	0	0	1
12123	2	0	0	1	2	0	0	0	0	0	0	0	5
12124	4	0	0	0	3	0	0	0	0	0	0	0	7
12125	3	0	0	0	1	0	1	0	0	0	0	0	5
12126	2	0	0	1	0	0	0	1	0	0	0	0	4
12127	2	0	0	0	1	0	0	0	0	0	0	0	3
12128	1	0	0	1	0	0	0	0	0	0	0	0	2
12129	3	0	0	0	1	0	0	0	0	0	0	0	4
12130	4	0	0	0	0	0	0	0	0	0	0	0	4
12131	3	0	0	0	0	0	0	0	0	0	0	0	3
12132	0	0	0	0	2	0	0	0	0	0	0	0	2
12133	1	0	0	0	2	0	0	0	0	0	0	0	3
12134	1	0	0	0	0	0	0	1	0	0	0	0	2
12135	2	0	0	0	1	0	0	0	0	0	0	0	3
12136	2	0	1	0	0	0	0	0	0	0	0	0	3
12137	0	1	0	0	0	0	0	0	0	0	0	0	1
12138	1	0	0	2	1	0	0	0	0	0	0	0	4
12140	2	0	0	2	0	0	0	0	0	0	0	0	4
12141	3	0	0	1	1	0	0	0	0	0	0	0	5
12142	2	0	1	0	0	0	0	0	0	0	0	0	3
12143	0	0	0	0	3	0	0	0	0	0	0	0	3
12144	0	0	0	0	3	0	0	0	0	0	0	0	3
12145	1	0	0	1	0	0	0	0	0	0	0	0	2
12146	1	0	0	0	1	0	0	0	0	0	0	0	2
12147	0	0	0	0	1	1	0	1	0	0	0	0	3
12148	2	0	0	0	0	0	0	0	0	0	0	0	2
12149	1	0	0	0	0	0	0	0	0	0	0	0	1
12150	3	1	0	1	1	0	0	0	0	0	0	0	6
12151	3	0	0	0	0	0	0	1	0	0	0	0	4
12152	1	0	0	0	0	0	0	1	1	0	0	0	3
12153	2	0	0	0	0	0	0	0	0	0	0	0	2
12154	1	1	0	0	2	0	0	0	0	0	0	0	4
12155	2	0	0	0	0	0	0	0	0	1	0	0	3
12156	2	0	0	0	0	0	0	0	0	0	0	0	2
12157	1	0	0	0	1	0	0	0	0	0	0	0	2
12158	2	0	0	0	0	0	0	0	0	0	0	0	2
12159	3	0	0	0	0	0	0	1	0	0	0	0	4
12160	1	0	0	0	0	1	0	0	0	0	0	0	2
12161	2	0	0	1	0	0	0	0	0	0	0	0	3
12162	1	0	0	1	2	0	1	0	0	0	0	0	5
12163	0	0	0	0	1	0	0	0	0	0	0	0	1
12164	3	0	0	0	0	0	0	0	0	0	0	0	3
12165	2	0	0	1	0	0	0	0	0	0	0	0	3
12166	1	0	0	0	1	0	0	0	0	0	0	0	2
12167	0	0	0	0	5	0	0	0	0	0	0	0	5
12168	2	0	0	0	0	0	0	0	1	0	0	0	3
12169	3	0	0	1	0	0	1	0	0	0	0	0	5
12170	3	0	0	0	0	0	0	0	0	0	0	0	3
12171	1	0	0	0	1	0	1	0	0	0	0	0	3
12172	1	0	0	0	0	0	0	0	0	0	0	0	1
12174	1	0	0	0	0	0	0	0	0	0	0	0	1
12175	4	0	0	0	0	0	0	0	0	0	0	0	4
12176	0	0	1	0	0	0	0	0	0	0	0	0	1
12177	0	0	2	0	0	0	0	0	0	0	0	0	2
12178	0	0	0	2	0	0	0	0	0	0	0	0	2
12179	1	0	0	0	0	0	0	0	0	0	0	0	1
12180	2	0	0	0	1	0	0	0	0	0	0	0	3
12181	2	0	0	0	1	0	0	0	0	0	0	0	3
12182	1	0	0	0	1	0	0	0	0	0	0	0	2
12183	2	0	0	0	1	0	0	0	0	0	0	0	3
12184	2	0	0	1	1	0	0	0	0	0	0	0	4
12185	0	0	0	0	0	0	1	0	0	0	0	0	1
12186	3	0	0	0	0	0	0	0	0	0	0	0	3
12187	2	0	0	0	0	0	1	0	0	0	0	0	3
12188	0	0	0	0	0	1	0	0	0	0	0	0	1
12189	1	0	0	0	0	0	0	0	0	0	0	0	1
12190	1	0	0	0	0	0	0	0	0	0	0	0	1
12191	3	0	0	0	0	0	0	0	0	0	0	0	3
12192	1	0	0	0	0	0	0	1	0	0	0	0	2
12193	1	0	0	0	1	0	0	0	0	0	0	0	2
12194	1	0	0	0	0	0	1	0	0	0	0	0	2
12195	1	0	0	0	1	0	0	0	0	0	0	0	2
12196	3	0	0	0	0	0	0	0	0	0	0	0	3
12197	3	1	0	1	0	0	0	0	0	0	0	0	5
12198	2	0	0	0	0	0	0	0	0	0	0	0	2
12199	1	0	0	0	3	0	0	0	0	0	0	0	4
12200	0	0	0	0	1	0	0	0	0	0	0	0	1
12201	1	0	0	0	1	0	0	0	0	0	0	0	2
12202	3	0	0	0	0	0	0	0	0	0	0	0	3
12203	3	0	0	0	0	0	0	0	0	0	0	0	3
12204	1	0	0	0	0	0	0	0	0	0	0	0	1
12205	0	0	0	0	2	1	0	0	0	0	0	0	3
12206	2	1	0	0	0	0	0	0	0	0	0	0	3
12207	1	0	0	1	0	0	0	1	0	0	0	0	3
12208	1	0	0	1	0	0	0	1	0	0	0	0	3
12209	2	0	0	0	0	0	0	1	0	0	0	0	3
12210	1	0	0	1	0	0	0	0	0	0	0	0	2
12211	3	1	0	0	0	0	0	0	0	0	0	0	4
12212	1	0	0	0	0	0	0	0	0	0	0	0	1
12213	1	0	0	0	0	0	0	0	0	0	0	0	1
12214	2	0	0	0	0	0	0	0	1	0	0	0	3
12215	1	0	0	0	0	0	0	0	0	0	0	0	1
12216	0	0	0	0	1	0	0	0	0	0	0	0	1
12217	2	0	0	0	2	0	0	0	0	0	0	0	4
12218	1	0	0	1	1	0	0	0	0	0	0	0	3
12219	3	0	0	0	1	0	0	0	0	0	0	0	4
12220	3	0	0	0	0	0	0	0	0	0	0	0	3
12221	2	0	0	0	2	0	0	0	0	0	0	0	4
12222	3	0	0	0	0	0	0	0	0	0	0	0	3
12223	0	0	0	0	1	0	0	0	0	0	0	0	1
12224	3	0	0	0	0	0	0	0	0	0	0	0	3
12225	0	0	1	0	0	0	0	0	0	0	0	0	1
12226	2	0	0	0	1	0	0	0	0	0	0	0	3
12227	3	0	0	0	0	0	0	0	0	0	0	0	3
12228	0	0	0	1	0	0	0	1	0	0	0	0	2
12229	2	0	0	1	0	0	0	0	0	0	0	0	3
12230	1	0	0	0	1	0	0	0	0	0	0	0	2
12231	2	0	0	0	1	0	2	0	1	0	0	0	6
12233	2	0	0	0	0	0	0	0	0	0	0	0	2
12234	1	0	0	0	0	0	0	2	0	0	0	0	3
12235	2	0	0	0	0	0	1	1	0	0	0	0	4
12236	4	0	0	0	1	0	0	0	0	1	0	0	6
12237	4	0	0	0	1	0	0	0	0	0	0	0	5
12238	2	0	0	0	0	0	0	0	0	0	0	0	2
12239	4	0	0	0	0	0	0	1	0	0	0	0	5
12240	2	0	0	0	1	0	0	0	0	0	0	0	3
12241	3	0	0	0	0	0	0	0	0	0	0	0	3
12242	3	0	0	0	0	0	0	0	0	0	0	0	3
12243	1	0	0	1	1	0	0	0	0	0	0	0	3
12244	2	1	0	0	0	0	0	0	0	0	0	0	3
12245	1	0	0	1	1	0	0	0	0	0	0	0	3
12246	1	0	0	1	0	0	0	0	0	0	0	0	2
12247	3	0	0	7	0	0	0	0	0	0	0	0	10
12248	2	0	0	2	0	0	0	0	0	0	0	0	4
12249	0	2	0	0	1	0	0	0	0	0	0	0	3
12250	2	0	0	0	0	0	0	0	0	0	0	0	2
12251	0	0	0	0	2	0	0	0	0	0	0	0	2
12252	1	0	0	1	0	0	0	0	0	0	0	0	2
12253	1	0	0	2	0	0	0	0	0	0	0	0	3
12254	2	0	0	0	0	0	0	0	0	0	0	0	2
12255	0	0	0	1	1	0	0	0	0	0	0	0	2
12256	1	0	0	0	0	0	1	0	0	0	0	0	2
12257	2	0	0	0	1	0	0	1	0	0	0	0	4
12258	2	0	0	1	0	0	1	1	0	0	0	0	5
12259	2	0	0	0	0	0	0	0	0	0	0	0	2
12260	0	0	0	1	2	0	0	0	0	0	0	0	3
12261	2	0	0	0	0	0	0	0	0	0	0	0	2
12262	0	0	0	0	1	0	0	1	0	0	0	0	2
12263	3	0	0	0	1	0	0	0	0	0	0	0	4
12264	3	0	0	0	0	0	0	0	0	0	0	0	3
12265	0	0	0	0	0	0	0	1	0	0	0	0	1
12266	1	0	0	1	1	0	0	0	0	0	0	0	3
12267	0	2	0	0	0	0	0	0	0	0	0	0	2
12268	0	0	0	1	1	0	0	0	0	0	0	0	2
12269	1	0	0	0	2	0	0	0	0	0	0	0	3
12270	2	0	0	0	0	0	0	0	0	0	0	0	2
12271	2	0	0	0	0	0	0	0	0	0	0	0	2
12272	2	0	0	0	0	0	0	0	0	0	0	0	2
12273	2	0	0	0	1	0	0	0	0	0	0	0	3
12274	1	0	0	0	0	0	0	0	0	0	0	0	1
12275	2	0	0	0	1	0	0	0	0	0	0	0	3
12276	1	0	0	0	0	0	0	0	0	0	0	0	1
12277	0	0	1	0	0	0	0	0	0	0	0	0	1
12278	1	0	0	0	2	0	0	0	0	0	0	0	3
12279	4	0	0	0	1	0	0	0	0	0	0	0	5
12280	1	0	0	0	1	0	0	0	0	0	0	0	2
12283	3	0	0	0	0	0	0	0	0	0	0	0	3
12284	1	0	0	1	0	0	0	0	0	0	0	0	2
12285	2	0	0	0	0	0	0	0	0	0	0	0	2
12286	2	0	0	0	1	0	0	0	0	0	0	0	3
12287	0	0	1	1	0	0	0	0	0	0	0	0	2
12288	3	0	0	0	1	0	0	1	0	0	0	0	5
12289	2	0	0	0	0	0	0	0	0	0	0	0	2
12290	3	0	0	0	0	0	0	0	1	0	0	0	4
12291	3	0	0	0	0	0	0	0	0	0	0	0	3
12292	0	0	0	2	0	0	0	0	0	0	0	0	2
12293	0	0	0	0	0	1	0	0	0	0	0	0	1
12294	1	0	0	0	0	0	0	0	0	0	0	0	1
12295	0	0	0	0	0	0	0	0	1	0	0	0	1
12296	0	0	0	0	0	1	1	0	0	0	0	0	2
12298	0	0	1	0	0	0	0	1	0	0	0	0	2
12299	0	0	0	0	1	0	0	0	0	0	0	0	1
12300	4	0	0	1	0	0	0	1	0	1	0	0	7
12301	3	0	0	0	0	0	0	0	0	0	0	0	3
12302	1	0	0	0	2	0	0	1	0	0	0	0	4
12303	1	0	0	0	2	0	0	0	0	0	0	0	3
12305	1	0	0	0	0	0	0	0	0	0	0	0	1
12306	2	0	0	0	1	0	0	0	0	0	0	0	3
12307	1	0	0	0	1	2	0	0	0	0	0	0	4
12308	1	0	0	0	1	0	0	0	0	0	0	0	2
12309	0	0	0	2	0	0	0	0	0	0	0	0	2
12310	0	0	0	0	0	0	1	0	0	0	0	0	1
12311	3	0	0	0	0	0	1	0	0	0	0	0	4
12312	1	0	0	1	0	0	0	0	0	0	0	0	2
12313	3	0	0	0	1	0	0	0	0	0	0	0	4
12314	3	0	0	1	1	0	0	0	0	0	0	0	5
12315	1	0	0	0	0	0	0	0	0	0	0	0	1
12316	0	0	0	0	1	0	0	0	0	0	0	0	1
12317	2	0	0	0	0	0	0	0	0	0	0	0	2
12318	4	0	0	0	0	0	0	0	0	0	0	0	4
12319	1	0	0	0	0	0	0	0	0	0	0	0	1
12320	3	0	0	0	0	0	0	0	0	0	0	0	3
12321	3	0	0	1	0	0	0	0	0	0	0	0	4
12322	1	0	0	0	0	0	0	0	0	0	0	0	1
12323	2	0	0	0	1	0	0	1	0	0	0	0	4
12324	2	0	0	0	2	0	0	1	0	0	0	0	5
12325	3	0	0	0	0	0	0	0	1	0	0	0	4
12327	3	0	0	1	0	0	0	0	0	0	0	0	4
12328	3	0	0	0	0	0	0	0	0	0	0	0	3
12329	0	0	0	0	1	0	0	0	0	0	0	0	1
12330	0	0	0	2	1	0	0	0	0	0	0	0	3
12331	0	0	0	0	1	0	0	0	0	0	0	0	1
12332	3	0	0	0	0	0	0	1	0	0	0	0	4
12333	3	0	0	1	1	0	0	0	0	0	0	0	5
12334	3	0	0	1	0	0	0	0	0	0	0	0	4
12335	3	0	0	1	0	0	0	0	0	0	0	0	4
12336	1	0	0	1	0	0	0	0	0	0	0	0	2
12337	3	0	0	0	0	0	0	0	0	0	0	0	3
12338	1	0	0	1	0	0	0	0	0	0	0	0	2
12339	2	0	0	0	0	0	0	0	0	0	0	0	2
12340	1	0	0	1	1	0	0	0	0	0	0	0	3
12341	1	0	0	0	2	0	0	1	0	0	0	0	4
12342	0	0	0	0	1	0	0	0	0	0	0	0	1
12343	1	0	0	0	0	0	0	1	0	0	0	0	2
12344	0	0	0	1	0	0	0	0	0	0	0	0	1
12345	1	0	0	0	0	0	0	1	0	0	0	0	2
12346	1	0	0	0	0	0	0	0	0	0	0	0	1
12347	1	0	0	0	1	0	0	0	0	0	0	0	2
12348	2	0	0	0	0	0	0	0	0	0	0	0	2
12349	4	0	0	0	0	0	0	0	0	0	0	0	4
12350	1	0	0	0	0	0	0	1	0	0	0	0	2
12351	4	0	0	0	0	0	0	0	0	0	0	0	4
12352	2	0	0	0	0	0	0	1	0	0	0	0	3
12353	0	0	1	0	0	0	0	0	0	0	0	0	1
12354	2	0	0	1	0	0	0	1	0	0	0	0	4
12357	2	0	0	0	0	0	0	0	0	0	0	0	2
12358	2	0	0	0	3	0	0	0	0	0	0	0	5
12359	2	0	0	0	0	0	0	0	0	0	0	0	2
12360	1	0	0	0	0	0	0	0	0	0	0	0	1
12361	2	0	0	0	0	0	0	0	0	0	0	0	2
12362	2	0	0	0	2	0	0	0	0	0	0	0	4
12363	2	0	0	1	1	0	0	0	0	0	0	0	4
12364	1	2	0	0	0	0	0	0	0	0	0	0	3
12365	0	2	0	0	0	0	0	0	0	0	0	0	2
12366	1	1	0	0	0	0	0	0	0	0	0	0	2
12368	1	0	0	1	0	0	0	0	0	0	0	0	2
12369	1	0	0	0	0	0	0	0	0	0	0	0	1
12370	0	0	1	0	0	0	0	0	0	0	0	0	1
12371	6	0	0	0	0	0	0	0	0	0	0	0	6
12373	1	0	0	0	0	0	0	0	0	0	0	0	1
12374	0	1	1	0	0	0	0	0	0	0	0	0	2
12376	0	0	1	0	0	1	0	0	0	0	0	0	2
12377	0	0	0	0	0	0	0	1	0	0	0	0	1
12378	4	0	0	0	0	0	0	0	0	0	0	0	4
12379	0	0	1	1	0	0	0	0	0	0	0	0	2
12380	2	0	0	0	2	0	0	0	0	0	0	0	4
12381	1	0	1	0	0	2	0	0	0	0	0	0	4
12383	2	0	0	0	0	0	0	0	0	0	0	0	2
12384	1	0	0	0	2	0	0	0	0	0	0	0	3
12385	2	0	0	0	2	0	0	0	0	0	0	0	4
12386	3	0	0	0	0	0	0	0	0	0	0	0	3
12387	1	0	0	0	1	0	0	0	0	0	0	0	2
12388	1	0	0	0	2	0	0	0	0	0	0	0	3
12389	1	0	0	0	1	0	0	0	0	0	0	0	2
12390	1	0	0	0	0	0	0	1	0	0	0	0	2
12391	0	0	0	0	1	0	0	0	0	0	0	0	1
12392	3	0	0	0	0	0	0	0	0	0	0	0	3
12393	3	0	0	0	0	0	0	0	0	0	0	0	3
12395	2	0	0	1	0	0	0	0	0	0	0	0	3
12396	3	0	0	0	0	0	0	0	0	0	0	0	3
12397	1	0	0	0	0	0	0	1	0	0	0	0	2
12399	0	0	1	0	0	0	0	0	0	0	0	0	1
12400	1	0	0	0	0	0	0	0	0	0	0	0	1
12401	4	0	0	1	0	0	0	0	0	0	0	0	5
12403	3	0	0	0	0	0	0	0	0	0	0	0	3
12404	1	0	0	0	2	0	0	1	0	0	0	0	4
12405	3	0	0	0	0	0	0	0	0	0	0	0	3
12406	1	0	0	0	1	0	0	0	0	0	0	0	2
12407	0	0	0	0	0	0	0	1	0	0	0	0	1
12408	0	0	0	1	6	0	0	0	0	0	0	0	7
12409	1	0	0	0	0	0	0	0	0	0	0	0	1
12410	1	0	0	0	1	0	0	0	0	0	0	0	2
12411	0	0	0	1	1	0	0	1	0	0	0	0	3
12412	3	0	0	0	1	0	0	0	0	0	0	0	4
12413	2	0	0	0	0	0	0	0	0	0	0	0	2
12414	0	0	0	0	1	0	0	0	0	0	0	0	1
12415	3	0	0	0	0	0	0	0	0	0	0	0	3
12416	1	0	0	0	0	0	0	1	0	0	0	0	2
12417	0	0	0	1	2	0	0	0	0	0	0	0	3
12418	3	0	0	0	1	0	0	0	0	0	0	0	4
12421	0	0	0	0	2	0	0	0	0	1	0	0	3
12422	0	1	0	0	0	0	0	0	0	0	0	0	1
12423	2	0	0	0	0	0	0	0	0	0	0	0	2
12424	2	0	0	0	1	0	0	0	0	0	0	0	3
12425	0	0	1	0	0	0	0	0	0	0	0	0	1
12426	1	0	0	0	0	0	0	0	0	0	0	0	1
12428	2	0	0	0	0	0	0	0	0	0	0	0	2
12429	1	0	0	0	0	0	0	0	0	0	0	0	1
12430	1	0	0	0	0	0	0	1	0	0	0	0	2
12431	1	0	0	0	0	0	0	0	0	0	0	0	1
12432	3	0	0	0	0	0	1	1	0	0	0	0	5
12433	1	0	0	0	0	0	0	0	0	0	0	0	1
12434	0	0	0	0	2	0	0	0	0	0	0	0	2
12435	0	0	1	0	0	0	1	0	0	0	0	0	2
12436	0	1	0	0	0	0	0	0	0	0	0	0	1
12437	0	1	0	0	0	0	0	0	0	0	0	0	1
12438	2	0	0	0	0	0	0	0	1	0	0	0	3
12439	2	0	0	0	0	0	0	0	0	0	0	0	2
12440	1	0	0	0	1	0	0	1	0	0	0	0	3
12441	1	0	0	0	0	0	0	0	0	0	0	0	1
12443	0	0	1	0	0	1	0	0	0	0	0	0	2
12444	2	0	0	0	1	0	0	0	0	0	0	0	3
12446	2	0	0	1	1	0	0	0	0	0	0	0	4
12449	3	0	0	0	0	0	1	0	0	0	0	0	4
12450	2	0	0	0	2	0	0	0	0	0	0	0	4
12451	1	0	0	0	2	0	0	0	0	0	0	0	3
12452	1	0	0	0	1	0	0	0	0	0	0	0	2
12453	2	0	0	0	1	0	0	0	0	0	0	0	3
12454	1	0	0	0	1	0	0	0	0	0	0	0	2
12455	1	0	0	0	0	0	0	0	0	0	0	0	1
12456	0	0	0	0	1	0	0	0	0	0	0	0	1
12457	2	0	0	0	1	0	0	0	0	0	0	0	3
12458	1	0	0	0	1	0	0	0	0	0	0	0	2
12459	0	0	0	0	1	0	0	0	0	0	0	0	1
12460	0	0	2	0	0	0	0	0	0	0	0	0	2
12461	1	0	0	0	1	0	0	1	0	0	0	0	3
12462	1	0	0	0	0	0	0	0	0	0	0	0	1
12464	0	1	0	0	4	0	0	0	0	0	0	0	5
12465	0	0	0	0	1	0	0	0	0	0	0	0	1
12467	1	0	0	1	3	0	0	0	0	0	0	0	5
12468	3	0	0	0	1	0	0	0	0	0	0	0	4
12469	1	0	0	0	0	0	0	0	0	0	0	0	1
12470	0	0	0	0	1	0	0	1	0	0	0	0	2
12471	1	0	0	0	1	0	0	1	0	0	0	0	3
12472	1	0	0	0	0	0	0	0	0	0	0	0	1
12473	2	0	0	0	0	0	0	0	0	0	0	0	2
12474	1	0	0	0	2	0	0	0	0	0	0	0	3
12475	2	0	0	0	0	0	0	0	0	0	0	0	2
12476	0	0	0	1	1	0	0	0	0	0	0	0	2
12477	1	0	1	0	0	0	0	0	0	0	0	0	2
12478	1	0	2	0	0	0	0	0	0	0	0	0	3
12479	0	0	0	0	0	1	0	0	0	0	0	0	1
12480	1	0	0	0	0	0	0	1	0	0	0	0	2
12481	1	0	0	0	1	0	0	0	0	0	0	0	2
12482	1	0	0	0	0	0	0	0	1	0	0	0	2
12483	2	0	0	1	0	0	0	0	0	0	0	0	3
12484	0	0	0	0	2	0	1	1	0	0	0	0	4
12485	3	0	0	1	0	0	0	1	0	0	0	0	5
12486	1	0	0	0	1	0	0	0	0	0	0	0	2
12487	2	0	0	0	1	0	0	1	0	0	0	0	4
12488	1	0	0	0	0	0	0	0	0	0	0	0	1
12489	2	0	0	0	0	0	0	0	0	0	0	0	2
12490	2	0	0	0	0	0	0	0	0	0	0	0	2
12491	2	0	0	0	0	0	0	0	0	0	0	0	2
12492	5	0	0	0	0	0	0	0	0	0	0	0	5
12493	2	0	0	1	0	0	0	0	0	0	0	0	3
12494	1	0	0	0	0	0	0	0	0	0	0	0	1
12495	0	1	0	0	0	0	0	0	0	0	0	0	1
12496	1	0	0	1	2	0	0	0	0	0	0	0	4
12498	0	0	0	0	2	0	1	0	0	0	0	0	3
12499	3	1	0	1	0	0	1	0	0	0	0	0	6
12500	2	0	0	0	0	0	0	0	0	0	0	0	2
12501	0	0	0	0	2	0	0	0	0	0	0	0	2
12502	2	0	0	0	1	0	0	1	0	0	0	0	4
12503	3	0	0	0	1	0	0	0	0	0	0	0	4
12504	0	0	1	0	0	0	0	0	0	0	0	0	1
12505	0	0	0	1	0	0	0	0	0	0	0	0	1
12506	1	0	1	0	0	0	0	1	0	0	0	0	3
12507	0	0	0	0	1	0	0	0	0	0	0	0	1
12508	0	0	0	0	0	1	0	0	0	0	0	0	1
12509	0	0	1	0	0	0	0	0	0	0	0	0	1
12510	0	0	0	0	0	2	0	0	0	0	0	0	2
12511	1	0	0	0	0	0	0	0	0	0	0	0	1
12512	0	0	0	1	0	1	0	0	0	0	0	0	2
12513	3	0	0	0	0	0	0	0	0	0	0	0	3
12514	1	0	0	0	0	0	1	0	0	0	0	0	2
12515	0	0	1	0	0	0	1	0	0	0	0	0	2
12516	0	0	0	0	0	0	0	0	1	0	0	0	1
12517	0	1	0	1	0	0	0	0	0	0	0	0	2
12518	0	0	0	1	2	0	0	0	0	0	0	0	3
12519	1	0	0	0	1	0	0	0	0	0	0	0	2
12520	1	0	0	0	0	0	0	0	0	0	0	0	1
12521	2	0	0	0	1	0	0	0	1	0	0	0	4
12523	1	0	0	0	0	0	0	0	0	0	0	0	1
12524	2	0	0	0	0	0	0	0	0	0	0	0	2
12525	4	0	0	0	0	0	0	0	0	0	0	0	4
12526	2	0	0	0	0	0	0	0	0	0	0	0	2
12527	1	0	0	0	0	0	0	0	0	0	0	0	1
12528	0	0	0	0	1	0	0	0	0	0	0	0	1
12529	1	0	0	0	1	0	0	0	0	0	0	0	2
12530	0	0	0	0	2	0	0	0	0	0	0	0	2
12531	0	0	0	1	0	1	0	0	0	0	0	0	2
12532	1	0	0	0	0	3	0	0	0	0	0	0	4
12533	0	0	0	0	0	2	0	0	0	0	0	0	2
12534	0	0	1	0	0	0	0	0	0	0	0	0	1
12535	2	0	0	1	1	0	1	0	0	0	0	0	5
12536	2	0	0	0	0	0	0	0	0	0	0	0	2
12537	1	0	0	1	0	1	0	0	0	0	0	0	3
12538	0	0	0	1	2	0	0	1	0	0	0	0	4
12539	1	0	0	0	0	0	0	1	0	0	0	0	2
12540	0	0	1	0	0	0	0	0	0	0	0	0	1
12541	2	0	0	0	1	0	0	1	0	0	0	0	4
12542	1	0	1	0	0	0	0	0	0	0	0	0	2
12543	2	0	0	0	0	0	0	0	0	0	0	0	2
12544	1	1	0	1	1	0	0	0	0	0	0	0	4
12545	1	0	1	0	0	0	0	0	0	0	0	0	2
12547	2	0	0	0	1	0	0	0	0	0	0	0	3
12548	1	0	0	0	1	0	0	0	0	0	0	0	2
12549	2	0	1	0	0	0	0	0	0	0	0	0	3
12550	0	0	1	0	0	0	0	0	0	0	0	0	1
12551	0	0	0	0	3	0	0	1	0	0	0	0	4
12552	2	0	0	0	0	0	0	0	0	0	0	0	2
12555	2	0	0	0	1	0	0	0	0	0	0	0	3
12556	2	0	0	0	0	0	0	0	0	0	0	0	2
12557	2	0	0	0	0	0	0	0	0	0	0	0	2
12558	1	0	0	0	0	1	0	0	0	0	0	0	2
12559	0	0	0	0	1	0	0	0	0	0	0	0	1
12560	1	0	0	1	0	0	0	0	0	0	0	0	2
12561	1	0	0	0	2	0	0	0	0	0	0	0	3
12562	2	0	0	0	0	0	1	0	0	0	0	0	3
12563	2	0	0	0	0	0	0	0	0	0	0	0	2
12564	1	0	1	0	0	0	0	0	0	0	0	0	2
12565	0	0	0	0	2	0	0	0	0	0	0	0	2
12566	1	0	0	0	1	0	0	0	0	0	0	0	2
12567	0	0	1	0	0	0	0	0	0	0	0	0	1
12569	1	0	0	0	1	0	0	0	0	0	0	0	2
12571	2	0	0	1	0	0	0	0	0	0	0	0	3
12572	2	0	0	0	0	1	0	0	0	0	0	0	3
12573	1	0	0	0	0	0	0	0	0	0	0	0	1
12574	2	0	0	0	0	0	0	0	0	0	0	0	2
12575	0	0	3	0	0	0	0	0	0	0	0	0	3
12576	3	0	0	0	0	0	0	0	0	0	0	0	3
12577	1	0	0	0	1	0	0	0	0	0	0	0	2
12578	1	0	0	0	1	0	0	0	0	0	0	0	2
12579	2	0	0	0	0	1	0	0	0	0	0	0	3
12580	2	0	0	0	0	0	0	0	0	0	0	0	2
12581	0	0	0	0	0	0	0	0	2	0	0	0	2
12582	1	0	0	1	0	0	0	0	0	0	0	0	2
12584	1	0	0	0	0	0	1	0	0	0	0	0	2
12585	0	0	0	0	2	0	0	0	0	0	0	0	2
12586	0	0	2	0	0	0	0	0	0	0	0	0	2
12587	1	0	0	0	2	0	0	0	0	0	0	0	3
12588	2	0	0	0	0	0	0	0	0	0	0	0	2
12589	3	0	1	0	0	0	0	0	0	0	0	0	4
12590	1	0	0	1	0	0	0	0	0	0	0	0	2
12591	2	0	0	0	0	0	0	0	0	0	0	0	2
12593	1	0	0	0	1	0	0	0	1	0	0	0	3
12594	2	0	0	0	0	0	0	0	0	0	0	0	2
12595	8	0	0	0	0	0	0	0	0	0	0	0	8
12596	2	0	0	0	0	0	0	0	0	0	0	0	2
12597	2	0	0	0	0	1	0	0	0	0	0	0	3
12598	1	0	0	0	0	0	0	0	0	0	0	0	1
12599	1	0	1	0	0	2	0	0	0	0	0	0	4
12600	0	0	0	0	1	0	0	0	0	0	0	0	1
12601	1	0	0	0	0	0	0	0	0	0	0	0	1
12602	1	0	0	0	0	0	0	0	0	0	0	0	1
12603	1	0	2	0	0	0	0	0	0	0	0	0	3
12605	1	0	1	0	1	0	0	0	0	0	0	0	3
12606	0	0	0	0	1	0	0	0	0	0	0	0	1
12607	2	0	0	0	0	0	0	0	0	0	0	0	2
12608	2	0	0	0	0	0	0	0	0	0	0	0	2
12609	2	0	0	0	0	0	0	0	0	0	0	0	2
12610	0	0	1	0	0	0	0	0	0	0	0	0	1
12612	1	0	0	0	2	0	0	0	0	0	0	0	3
12613	2	0	0	0	0	1	0	0	0	0	0	0	3
12614	0	1	0	0	1	0	0	0	0	0	0	0	2
12615	0	1	1	1	0	0	0	0	0	0	0	0	3
12616	2	0	0	0	0	0	0	0	0	0	0	0	2
12617	2	0	0	1	0	0	0	0	0	0	0	0	3
12618	1	0	0	1	0	0	0	0	0	0	0	0	2
12619	1	0	0	0	0	0	0	0	0	0	0	0	1
12621	0	0	0	0	3	0	0	1	0	0	0	0	4
12622	1	0	1	0	2	0	0	0	1	0	0	0	5
12623	2	0	0	0	1	0	0	0	1	0	0	0	4
12624	3	0	0	0	1	0	0	0	0	0	0	0	4
12625	0	1	2	0	2	0	0	0	0	0	0	0	5
12627	2	0	0	0	0	0	0	0	0	0	0	0	2
12628	1	0	0	0	2	0	0	0	0	0	0	0	3
12629	2	0	0	0	0	0	0	0	0	0	0	0	2
12631	3	0	0	0	0	0	0	0	0	0	0	0	3
12632	1	0	0	0	0	0	0	0	0	0	0	0	1
12633	3	0	0	0	1	0	0	0	0	0	0	0	4
12634	0	0	0	0	1	0	0	0	0	0	0	0	1
12635	1	0	0	0	0	0	0	0	0	0	0	0	1
12636	2	0	0	0	1	0	0	0	0	0	0	0	3
12637	2	0	0	0	0	0	0	0	0	0	0	0	2
12638	1	0	1	0	0	0	0	0	0	0	0	0	2
12639	1	0	0	0	0	0	0	0	0	0	0	0	1
12640	0	0	1	0	0	0	0	0	0	0	0	0	1
12641	3	0	0	0	0	0	0	0	0	0	0	0	3
12642	1	0	0	0	0	0	0	0	0	0	0	0	1
12643	1	0	0	0	0	0	0	0	0	0	0	0	1
12644	3	0	0	0	0	0	0	0	0	0	0	0	3
12645	3	0	0	0	1	0	0	0	0	0	0	0	4
12646	1	0	0	0	1	1	0	0	0	0	0	0	3
12647	3	0	0	0	2	0	0	0	1	0	0	0	6
12648	1	0	0	0	0	0	0	0	0	0	0	0	1
12649	2	0	0	0	0	0	0	0	0	0	0	0	2
12651	0	0	0	0	2	0	0	0	0	0	0	0	2
12652	2	0	0	0	1	0	1	0	0	0	0	0	4
12654	2	0	0	0	0	0	0	0	0	0	0	0	2
12655	1	1	0	0	0	0	0	0	0	0	0	0	2
12656	3	0	0	0	1	0	0	0	0	0	0	0	4
12659	1	0	0	0	0	0	0	0	0	0	0	0	1
12660	2	0	0	0	0	0	0	0	0	0	0	0	2
12661	1	0	0	0	0	0	0	0	0	0	0	0	1
12662	0	0	1	0	1	0	0	0	0	0	0	0	2
12663	0	0	1	0	0	0	0	0	0	0	0	0	1
12664	1	0	1	1	0	0	0	0	0	0	0	0	3
12665	1	0	0	0	1	0	0	0	0	0	0	0	2
12666	1	0	0	0	1	0	0	0	0	0	0	0	2
12667	1	0	0	0	0	0	0	0	0	0	0	0	1
12668	0	0	1	0	0	0	0	1	0	0	0	0	2
12669	1	0	0	0	0	0	0	0	0	0	0	0	1
12670	0	0	0	0	1	0	0	0	0	0	0	0	1
12671	2	0	0	2	1	1	0	0	0	0	0	0	6
12673	1	0	0	0	0	0	0	0	0	0	0	0	1
12674	1	0	0	0	0	0	0	1	0	0	0	0	2
12675	0	0	1	0	0	0	0	0	0	0	0	0	1
12676	2	0	0	1	1	0	0	0	0	0	0	0	4
12677	2	0	1	0	1	0	0	0	0	0	0	0	4
12678	0	0	0	0	3	0	0	0	0	0	0	0	3
12679	0	0	0	0	1	0	0	0	0	0	0	0	1
12680	1	0	0	0	1	0	0	0	0	0	0	0	2
12681	3	0	0	0	1	0	0	0	0	0	0	0	4
12682	1	0	0	0	3	0	0	0	0	0	0	0	4
12683	1	0	0	0	1	0	0	1	0	0	0	0	3
12684	1	0	0	0	1	0	0	0	0	0	0	0	2
12685	0	0	0	1	2	0	0	0	0	0	0	0	3
12686	1	0	0	0	0	0	0	0	0	0	0	0	1
12687	2	0	0	0	0	0	0	0	0	0	0	0	2
12688	0	0	0	0	2	0	0	0	1	0	0	0	3
12689	1	0	0	0	0	0	0	0	0	0	0	0	1
12690	2	1	0	0	0	0	0	0	0	0	0	0	3
12691	2	0	0	0	0	0	0	0	0	0	0	0	2
12692	0	0	2	1	0	0	0	1	0	0	0	0	4
12693	1	0	0	0	4	0	0	0	0	0	0	0	5
12694	1	0	0	0	1	0	0	0	0	0	0	0	2
12695	2	0	0	0	3	0	0	0	0	0	0	0	5
12696	0	0	1	0	1	0	0	0	0	0	0	0	2
12697	0	0	1	0	0	0	0	0	0	0	0	0	1
12699	3	0	0	0	0	0	0	0	0	0	0	0	3
12700	2	0	0	1	0	0	0	0	0	0	0	0	3
12701	3	0	0	1	0	0	0	0	0	0	0	0	4
12702	1	0	0	0	0	0	0	1	0	0	0	0	2
12703	0	0	0	1	0	0	0	0	0	0	0	0	1
12704	1	0	0	0	3	0	1	0	0	0	0	0	5
12705	0	0	0	0	4	0	0	0	0	0	0	0	4
12706	2	0	0	1	0	0	0	0	0	0	0	0	3
12707	0	0	1	0	0	0	0	0	0	0	0	0	1
12708	3	0	0	0	0	0	0	0	0	0	0	0	3
12709	2	0	0	0	3	0	0	0	0	0	0	0	5
12710	1	0	1	0	0	0	0	0	0	0	0	0	2
12711	3	0	0	1	0	0	0	0	0	0	0	0	4
12712	2	0	0	0	0	0	0	0	0	0	0	0	2
12713	0	0	1	0	0	0	0	0	0	0	0	0	1
12714	1	0	1	0	0	0	0	0	0	0	0	0	2
12715	0	0	1	0	0	0	0	0	0	0	0	0	1
12717	0	0	1	0	0	0	0	0	0	0	0	0	1
12718	1	0	0	0	0	0	0	0	0	0	0	0	1
12719	1	0	0	0	0	1	0	0	0	0	0	0	2
12720	4	0	0	0	0	0	0	0	0	0	0	0	4
12721	2	0	0	0	0	0	0	0	0	0	0	0	2
12724	4	0	0	0	0	0	0	0	0	0	0	0	4
12725	2	0	0	0	2	0	0	0	0	0	0	0	4
12726	2	0	0	0	1	0	0	0	0	0	0	0	3
12728	0	0	0	0	0	0	1	0	0	0	0	0	1
12729	0	0	1	0	0	0	0	0	0	0	0	0	1
12731	1	0	0	0	0	0	0	0	0	0	0	0	1
12732	2	0	0	0	0	0	0	0	0	0	0	0	2
12733	2	0	0	0	1	0	0	0	0	0	0	0	3
12734	2	0	0	0	3	0	0	0	0	0	0	0	5
12736	2	0	0	0	1	0	0	0	0	0	0	0	3
12737	0	0	1	0	0	0	0	0	0	0	0	0	1
12739	1	0	0	1	1	0	0	0	0	0	0	0	3
12740	4	0	0	0	0	0	0	0	0	0	0	0	4
12741	1	0	0	0	2	0	0	0	0	0	0	0	3
12742	0	1	0	2	1	0	0	0	0	0	0	0	4
12743	2	0	0	0	1	0	0	0	0	0	0	0	3
12744	2	0	0	0	0	0	0	1	0	0	0	0	3
12745	2	0	0	1	0	0	1	0	0	0	0	0	4
12746	2	1	0	1	1	0	0	0	0	0	0	0	5
12747	1	0	0	0	1	0	0	0	0	0	0	0	2
12748	3	0	0	0	0	0	0	0	0	0	0	0	3
12749	1	0	0	0	0	0	0	0	0	0	0	0	1
12750	0	0	0	0	1	0	0	0	0	0	0	0	1
12753	2	0	0	0	0	0	0	0	0	0	0	0	2
12755	1	1	1	0	0	0	0	0	0	0	0	0	3
12757	0	0	0	1	0	0	0	0	0	0	0	0	1
12758	0	0	0	1	0	0	0	0	0	0	0	0	1
12759	0	0	0	0	1	0	0	0	0	0	0	0	1
12760	0	0	0	1	1	0	0	0	0	0	0	0	2
12761	1	0	0	0	0	0	0	0	0	0	0	0	1
12762	1	0	0	0	1	0	0	0	1	0	0	0	3
12763	2	0	0	0	1	0	0	0	0	0	0	0	3
12764	2	0	0	0	1	0	0	0	0	0	0	0	3
12765	1	0	0	0	3	0	0	0	0	0	0	0	4
12766	1	0	0	0	0	0	0	0	0	0	0	0	1
12767	1	0	2	0	0	0	0	1	0	0	0	0	4
12768	2	0	0	0	0	0	0	0	0	0	0	0	2
12769	1	0	0	0	0	0	0	1	0	0	0	0	2
12771	2	0	0	0	1	0	0	0	0	0	0	0	3
12772	1	0	0	0	0	0	0	0	0	0	0	0	1
12773	2	0	0	0	1	0	0	1	0	0	0	0	4
12774	2	0	0	1	0	0	0	0	0	0	0	0	3
12776	0	1	0	1	0	0	0	0	0	0	0	0	2
12777	0	0	1	0	0	0	0	0	0	0	0	0	1
12778	2	0	0	1	0	0	0	0	0	0	0	0	3
12779	1	0	0	3	0	0	0	0	0	0	0	0	4
12780	3	0	0	0	0	0	0	0	0	0	0	0	3
12781	0	1	0	0	0	0	0	0	0	0	0	0	1
12782	1	0	0	0	0	0	1	0	1	0	0	0	3
12783	1	0	0	0	1	0	0	0	0	0	0	0	2
12784	1	0	0	0	0	0	1	0	0	0	0	0	2
12785	1	0	0	0	1	1	0	0	0	0	0	0	3
12786	0	0	1	0	0	0	0	0	0	0	0	0	1
12787	1	0	1	0	0	0	0	0	0	0	0	0	2
12788	1	0	0	0	0	0	0	0	0	0	0	0	1
12789	4	0	0	0	0	0	0	0	0	0	0	0	4
12790	2	0	1	0	1	0	0	0	0	0	0	0	4
12791	1	0	0	0	1	0	0	0	0	0	0	0	2
12792	1	0	0	0	1	0	0	0	1	0	0	0	3
12793	4	0	0	0	0	0	0	0	0	0	0	0	4
12794	2	0	0	0	0	0	0	0	0	0	0	0	2
12795	0	0	0	0	2	0	0	0	0	0	0	0	2
12796	3	0	0	0	0	0	0	0	0	0	0	0	3
12797	0	0	1	0	0	0	0	0	0	0	0	0	1
12798	0	0	0	1	0	0	0	0	1	0	0	0	2
12799	0	0	0	0	2	0	0	0	0	0	0	0	2
12800	1	0	0	1	0	0	0	0	0	0	0	0	2
12801	2	0	0	0	0	0	0	0	0	0	0	0	2
12802	2	0	0	0	1	0	0	0	0	0	0	0	3
12803	1	0	0	0	0	0	0	0	0	0	0	0	1
12805	1	0	0	0	0	0	1	0	1	0	0	0	3
12806	4	1	0	0	0	0	0	1	0	1	0	0	7
12807	2	0	1	1	0	0	0	0	0	0	0	0	4
12808	3	0	0	1	1	0	0	0	0	0	0	0	5
12809	1	0	0	0	1	0	0	0	0	0	0	0	2
12810	3	0	0	0	1	0	0	0	0	0	0	0	4
12811	1	0	0	0	0	0	0	1	0	0	0	0	2
12812	2	0	0	0	0	0	0	0	0	0	0	0	2
12813	1	0	0	0	0	0	0	0	0	0	0	0	1
12814	1	0	0	2	1	0	1	0	0	0	0	0	5
12816	1	0	0	0	0	0	0	1	0	0	0	0	2
12817	1	0	1	0	0	0	0	0	0	0	0	0	2
12818	1	0	0	0	0	0	0	1	0	0	0	0	2
12819	1	0	0	0	0	0	0	0	0	0	0	0	1
12820	1	0	0	0	0	0	0	0	0	0	0	0	1
12821	1	0	0	0	3	0	0	0	0	0	0	0	4
12822	0	0	0	1	0	0	1	0	0	0	0	0	2
12823	2	0	0	0	1	0	0	0	0	0	0	0	3
12824	1	0	0	1	1	0	1	0	0	0	0	0	4
12826	1	0	0	1	2	0	0	0	0	0	0	0	4
12828	0	0	2	0	1	0	0	0	0	0	0	0	3
12829	1	0	0	0	2	0	0	0	0	0	0	0	3
12830	1	0	0	0	0	0	0	0	0	0	0	0	1
12831	1	0	0	1	0	2	0	0	0	0	0	0	4
12832	1	0	0	0	0	0	0	0	0	0	0	0	1
12833	1	0	0	0	0	0	0	0	0	0	0	0	1
12834	0	0	0	1	0	0	0	0	0	0	0	0	1
12835	1	0	0	0	0	0	0	0	0	0	0	0	1
12836	1	0	0	0	0	0	0	0	0	1	0	0	2
12837	0	0	0	1	0	0	1	0	0	0	0	0	2
12838	1	0	1	0	0	0	0	1	0	0	0	0	3
12839	1	0	0	0	0	0	0	0	0	0	0	0	1
12840	0	0	0	0	1	0	0	0	0	0	0	0	1
12841	2	0	0	0	0	0	0	0	0	0	0	0	2
12842	2	0	0	0	0	0	0	0	0	0	0	0	2
12843	1	0	0	1	0	0	0	1	0	0	0	0	3
12844	2	0	0	0	0	0	0	0	0	0	0	0	2
12845	1	0	0	0	0	0	0	0	0	0	0	0	1
12846	0	0	0	0	3	0	0	0	0	0	0	0	3
12847	2	0	0	0	0	0	0	1	0	0	0	0	3
12848	1	0	1	0	0	0	0	0	0	0	0	0	2
12850	0	0	0	0	0	0	0	1	0	0	0	0	1
12851	0	0	0	0	0	0	0	2	0	0	0	0	2
12852	3	0	0	0	0	0	0	0	0	0	0	0	3
12853	1	0	0	0	1	0	0	0	0	0	0	0	2
12854	1	0	0	1	0	0	0	0	0	0	0	0	2
12857	1	0	6	0	0	0	0	0	0	0	0	0	7
12858	0	0	7	0	0	0	0	0	0	0	0	0	7
12859	2	0	0	0	0	0	0	0	0	0	0	0	2
12861	3	0	0	0	0	0	0	0	0	0	0	0	3
12862	0	0	0	0	1	0	0	0	0	0	0	0	1
12863	2	0	0	0	0	0	0	1	0	0	0	0	3
12864	1	0	0	0	0	0	0	0	0	0	0	0	1
12865	0	0	1	0	0	0	0	0	0	0	0	0	1
12866	0	0	0	1	0	0	0	0	0	0	0	0	1
12867	0	0	0	1	0	0	0	1	0	0	0	0	2
12868	1	0	0	0	1	0	0	0	0	0	0	0	2
12869	0	0	0	0	1	0	0	0	0	0	0	0	1
12871	0	0	1	0	0	0	0	0	0	0	0	0	1
12872	1	0	0	0	0	0	0	0	0	0	0	0	1
12873	2	0	1	0	0	0	0	0	0	0	0	0	3
12874	1	0	0	0	0	0	0	0	0	0	0	0	1
12875	1	0	0	1	2	0	0	0	0	0	0	0	4
12876	2	0	0	0	0	0	0	0	0	0	0	0	2
12877	1	0	0	0	0	0	0	0	0	0	0	0	1
12878	1	0	1	0	0	0	0	0	0	0	0	0	2
12879	3	0	0	0	0	0	0	0	0	0	0	0	3
12880	1	0	0	0	0	0	0	0	0	0	0	0	1
12881	2	1	0	0	0	0	0	1	0	0	0	0	4
12882	1	0	0	1	0	0	0	0	0	0	0	0	2
12883	1	0	0	1	0	1	0	0	0	0	0	0	3
12884	3	0	0	0	1	0	0	0	0	0	0	0	4
12885	1	0	0	0	0	0	1	1	0	0	0	0	3
12886	0	0	1	0	0	0	0	0	0	0	0	0	1
12887	1	0	0	0	0	0	0	0	0	0	0	0	1
12890	2	0	0	0	0	0	0	0	0	0	0	0	2
12891	2	0	2	0	0	0	0	0	0	0	0	0	4
12892	3	0	0	0	0	0	0	0	0	0	0	0	3
12893	3	0	0	1	0	0	0	0	0	0	0	0	4
12894	0	0	0	1	0	0	0	0	0	0	0	0	1
12895	0	0	1	0	0	0	0	0	0	0	0	0	1
12896	0	0	0	0	1	0	0	0	0	0	0	0	1
12897	1	0	0	0	0	1	0	0	0	0	0	0	2
12898	3	0	0	0	0	0	0	0	0	0	0	0	3
12899	1	0	0	0	0	0	0	0	0	0	0	0	1
12900	0	2	0	1	0	0	0	0	0	0	0	0	3
12902	0	0	0	1	2	0	0	0	0	0	0	0	3
12903	0	0	0	1	0	0	0	0	0	0	0	0	1
12904	2	0	0	0	1	0	0	0	0	0	0	0	3
12905	2	0	0	0	2	0	0	0	0	0	0	0	4
12906	0	0	0	0	2	0	0	0	0	0	0	0	2
12907	1	0	0	0	0	0	0	0	0	0	0	0	1
12908	0	0	1	0	3	0	0	0	0	0	0	0	4
12909	3	0	0	0	0	0	0	0	0	0	1	0	4
12910	2	0	0	0	0	0	0	0	0	0	0	0	2
12911	1	0	0	0	0	0	0	0	0	0	0	0	1
12912	0	0	1	0	0	0	0	0	0	0	0	0	1
12913	1	0	0	0	0	0	0	0	0	0	0	0	1
12914	0	0	0	1	0	0	0	0	0	0	0	0	1
12915	0	0	0	1	0	0	0	0	0	0	0	0	1
12916	1	0	1	0	0	0	0	0	0	0	0	0	2
12917	2	0	0	0	0	0	0	0	0	0	0	0	2
12918	1	0	0	0	3	0	0	0	0	0	0	0	4
12919	2	0	0	0	0	0	1	0	0	0	0	0	3
12920	0	1	0	0	0	0	0	0	0	0	0	0	1
12921	3	1	0	0	0	0	0	0	0	0	0	0	4
12922	0	2	0	0	0	0	0	0	0	0	0	0	2
12923	1	0	0	0	0	0	0	0	0	0	0	0	1
12924	1	0	0	1	1	0	0	0	0	0	0	0	3
12926	1	0	0	0	1	0	0	0	0	0	0	0	2
12927	3	0	0	0	0	0	1	0	0	0	0	0	4
12928	1	0	0	0	1	0	0	0	0	0	0	0	2
12929	2	0	1	0	0	0	0	0	0	0	0	0	3
12930	1	0	0	0	0	0	0	0	0	0	0	0	1
12931	1	0	0	0	1	0	0	0	0	0	0	0	2
12932	1	2	0	0	0	0	0	0	0	0	0	0	3
12933	1	0	1	0	2	0	0	0	0	0	0	0	4
12934	2	0	0	0	0	0	0	0	0	0	0	0	2
12936	0	0	0	0	3	0	0	0	0	0	0	0	3
12937	1	0	0	0	1	0	0	0	0	0	0	0	2
12941	3	0	0	0	0	0	0	0	0	0	0	0	3
12944	2	0	0	0	1	0	0	0	0	0	0	0	3
12945	2	2	0	0	1	0	0	0	0	0	0	0	5
12946	0	0	0	0	2	0	0	0	0	0	0	0	2
12947	3	0	0	0	0	0	0	0	0	0	0	0	3
12948	0	0	0	0	0	1	0	0	0	0	0	0	1
12949	1	0	0	0	0	0	0	1	0	0	0	0	2
12950	1	0	0	0	0	0	0	0	0	0	0	0	1
12951	1	0	0	0	0	0	0	0	0	0	0	0	1
12952	0	0	0	0	2	0	0	0	0	0	0	0	2
12954	1	0	0	0	0	0	0	0	0	0	0	0	1
12955	3	0	0	0	0	0	0	0	0	0	0	0	3
12956	2	0	1	0	0	0	0	0	0	0	0	0	3
12958	1	0	0	0	0	0	0	0	0	0	0	0	1
12960	0	0	1	0	0	0	0	0	0	0	0	0	1
12961	1	0	0	0	0	0	0	0	0	0	0	0	1
12962	1	0	0	0	0	0	0	0	0	0	0	0	1
12963	0	1	0	0	0	0	0	0	0	0	0	0	1
12964	0	0	0	0	0	1	0	0	0	0	0	0	1
12966	0	0	1	1	2	0	0	0	0	0	0	0	4
12967	0	0	0	0	3	0	0	0	0	0	0	0	3
12968	3	0	0	0	0	0	0	0	0	0	0	0	3
12969	1	0	0	0	3	0	0	0	0	0	0	0	4
12970	1	0	0	0	1	0	0	0	0	0	0	0	2
12971	4	0	0	0	0	0	0	0	0	1	0	0	5
12972	2	0	0	0	0	0	0	0	0	0	0	0	2
12973	2	0	0	0	0	0	0	1	0	0	0	0	3
12974	2	0	0	0	0	0	0	0	1	0	0	0	3
12975	1	0	0	0	1	0	0	0	0	0	0	0	2
12976	3	0	0	0	1	0	0	0	0	0	0	0	4
12977	0	0	0	0	0	0	0	1	0	0	0	0	1
12978	1	0	0	0	0	0	0	0	0	0	0	0	1
12979	1	0	0	0	0	0	0	1	0	0	0	0	2
12981	1	0	0	1	0	0	0	0	0	0	0	0	2
12982	1	0	0	0	1	0	0	1	0	0	0	0	3
12983	2	0	0	0	1	0	0	0	0	0	0	0	3
12986	0	0	0	2	0	0	1	0	0	0	0	0	3
12987	0	0	1	0	0	0	0	0	0	0	0	0	1
12988	0	0	1	0	0	0	0	0	0	0	0	0	1
12989	4	0	0	0	0	0	0	0	0	0	0	0	4
12991	1	0	0	0	0	0	0	0	0	0	0	0	1
12992	0	0	0	0	0	1	0	0	0	0	0	0	1
12993	2	0	0	0	0	0	0	0	0	0	0	0	2
12995	1	0	1	0	0	0	0	0	0	0	0	0	2
12996	0	0	1	0	1	0	1	0	1	0	0	0	4
12997	0	0	1	1	1	0	0	0	0	0	0	0	3
12998	0	0	0	0	3	0	0	0	0	0	0	0	3
12999	0	0	1	0	0	0	0	0	0	0	0	0	1
13000	1	0	0	0	1	0	0	0	0	0	0	0	2
13001	1	0	0	0	0	0	0	0	0	0	0	0	1
13002	0	0	0	0	1	0	0	0	0	0	0	0	1
13003	2	0	0	0	0	0	0	0	0	0	0	0	2
13004	1	0	0	0	0	0	0	0	0	0	0	0	1
13005	2	0	0	1	0	0	0	0	0	0	0	0	3
13006	4	0	0	1	0	0	0	0	0	0	0	0	5
13007	1	0	0	1	0	0	0	0	0	0	0	0	2
13008	0	0	0	0	2	0	1	0	0	0	0	0	3
13009	5	0	0	0	1	0	0	0	1	0	0	0	7
13010	1	0	0	1	0	0	0	0	0	0	0	0	2
13011	0	0	0	1	0	0	0	0	0	0	0	0	1
13012	0	0	0	1	0	0	0	0	0	0	0	0	1
13014	1	0	0	0	1	0	0	1	1	0	0	0	4
13015	2	0	0	0	1	0	0	0	0	0	0	0	3
13016	2	0	0	0	0	0	0	1	0	0	0	0	3
13017	4	0	0	0	0	0	0	0	0	0	0	0	4
13018	1	0	0	0	0	0	0	0	0	0	0	0	1
13019	0	0	1	0	0	0	0	0	0	0	0	0	1
13021	2	0	0	0	1	0	0	1	0	0	0	0	4
13022	2	0	0	0	0	0	0	1	0	0	0	0	3
13023	2	0	0	0	1	0	0	1	0	0	0	0	4
13024	1	0	0	0	1	0	0	0	0	0	0	0	2
13025	3	0	0	0	0	0	0	1	0	0	0	0	4
13026	2	0	0	0	1	0	0	0	0	0	0	0	3
13027	3	0	0	0	0	0	0	0	0	0	0	0	3
13028	2	1	0	0	0	0	0	1	0	0	0	0	4
13029	2	0	1	0	1	0	0	0	0	0	0	0	4
13030	0	1	0	0	1	0	0	0	0	0	0	0	2
13031	0	0	1	0	0	0	0	0	0	0	0	0	1
13032	0	0	0	0	3	0	0	0	0	0	0	0	3
13033	1	0	0	0	0	0	0	0	0	0	1	0	2
13034	0	0	1	0	1	2	0	0	0	0	0	0	4
13035	2	0	0	0	0	0	0	0	0	0	0	0	2
13036	3	0	0	0	0	0	0	0	0	0	0	0	3
13037	2	0	0	0	0	0	0	0	0	0	0	0	2
13038	1	0	0	0	0	0	0	0	0	0	0	0	1
13039	2	0	0	0	0	0	0	0	0	0	0	0	2
13041	1	0	0	0	0	0	0	0	1	0	0	0	2
13042	2	0	1	0	0	0	0	0	0	0	0	0	3
13043	5	0	0	0	1	0	0	0	0	0	0	0	6
13044	5	0	0	0	0	0	0	0	0	0	0	0	5
13045	3	0	0	0	1	0	0	0	0	0	0	0	4
13046	2	0	0	0	0	0	0	0	0	0	0	0	2
13047	2	0	0	1	1	0	0	0	0	0	0	0	4
13049	1	0	0	0	0	0	0	0	0	0	0	0	1
13051	0	0	0	0	2	0	0	0	0	0	0	0	2
13052	3	0	0	0	0	0	0	0	0	0	0	0	3
13053	3	0	0	0	0	0	1	0	0	0	0	0	4
13055	1	0	0	0	0	0	0	0	0	0	0	0	1
13056	1	0	0	0	1	0	0	0	0	0	0	0	2
13057	6	0	0	0	0	0	0	0	0	0	0	0	6
13058	3	0	0	0	0	0	0	0	0	0	0	0	3
13059	1	0	0	0	1	0	0	0	0	0	0	0	2
13060	0	0	0	1	0	0	0	0	0	0	0	0	1
13061	2	0	0	0	1	0	0	0	0	0	0	0	3
13062	1	0	0	0	1	0	1	0	0	0	0	0	3
13063	0	0	0	0	0	1	0	0	0	0	0	0	1
13064	1	0	0	0	0	0	0	1	0	0	0	0	2
13066	2	0	0	0	0	0	0	0	0	0	0	0	2
13067	2	0	0	0	2	0	0	0	0	0	0	0	4
13068	1	0	0	0	0	0	0	0	0	0	0	0	1
13069	0	0	0	2	0	0	0	0	0	0	0	0	2
13070	0	0	1	1	0	0	0	0	0	0	0	0	2
13071	3	1	0	1	0	0	0	0	0	0	0	0	5
13072	2	1	0	0	0	0	0	0	0	0	0	0	3
13073	0	0	0	1	0	0	0	0	0	0	0	0	1
13075	1	0	0	0	1	0	0	0	0	0	0	0	2
13077	0	0	2	0	1	0	0	0	0	0	0	0	3
13078	1	0	1	0	0	0	0	0	0	0	0	0	2
13079	4	0	0	0	0	0	0	0	0	0	0	0	4
13080	0	0	0	0	1	0	0	0	0	0	0	0	1
13081	1	0	0	0	0	0	0	0	0	0	0	0	1
13082	2	0	0	0	0	0	0	0	0	0	0	0	2
13083	1	1	0	0	0	0	0	0	0	0	0	0	2
13084	1	0	0	0	0	0	0	0	0	0	0	0	1
13085	0	0	0	1	1	0	0	0	0	0	0	0	2
13086	1	0	0	0	0	0	0	0	0	0	0	0	1
13088	2	0	0	0	0	0	0	0	0	0	0	0	2
13089	0	0	1	0	0	0	0	0	0	0	0	0	1
13090	1	0	0	0	0	0	0	0	0	0	0	0	1
13091	0	0	0	3	1	0	0	0	0	0	0	0	4
13092	1	0	0	0	1	0	0	0	0	0	0	0	2
13093	0	1	0	0	0	0	0	0	0	0	0	0	1
13094	1	0	0	0	0	0	0	0	0	0	0	0	1
13095	1	0	0	0	1	0	0	0	0	0	0	0	2
13097	0	0	1	1	0	0	0	0	0	0	0	0	2
13098	2	0	0	0	0	0	0	1	1	0	0	0	4
13099	3	0	0	0	0	0	0	0	0	0	0	0	3
13100	0	0	3	0	0	0	0	0	0	0	0	0	3
13101	0	0	0	0	0	0	0	1	0	0	0	0	1
13102	0	0	1	0	0	0	0	0	0	0	0	0	1
13103	2	0	0	0	0	0	0	0	0	0	0	0	2
13104	0	0	0	0	1	0	0	0	0	0	0	0	1
13105	1	0	0	0	0	0	0	0	0	0	0	0	1
13107	1	0	0	0	1	0	0	0	0	0	0	0	2
13108	0	0	0	0	2	0	0	1	0	0	0	0	3
13109	1	0	0	0	0	0	0	0	0	0	0	0	1
13110	0	0	0	0	0	0	1	0	0	0	0	0	1
13111	0	1	0	1	0	0	0	0	0	0	0	0	2
13112	0	0	0	0	0	1	0	0	0	0	0	0	1
13113	0	0	0	1	0	0	0	0	0	0	0	0	1
13114	0	0	0	0	0	1	0	0	0	0	0	0	1
13115	3	0	0	0	0	0	0	0	0	0	0	0	3
13116	1	0	0	0	0	0	0	1	0	0	0	0	2
13118	3	0	0	0	1	0	0	0	0	0	0	0	4
13119	1	0	0	0	2	0	0	1	0	0	0	0	4
13120	1	0	0	0	1	0	0	0	0	0	0	0	2
13121	0	0	0	0	0	0	1	0	0	0	0	0	1
13122	0	0	0	0	1	0	0	0	0	0	0	0	1
13123	3	0	0	0	0	0	0	0	0	0	0	0	3
13124	2	0	0	0	0	0	1	0	0	0	0	0	3
13125	0	0	0	1	1	0	0	0	0	0	0	0	2
13126	1	0	0	0	0	0	0	0	0	0	0	0	1
13127	2	0	0	0	0	0	0	0	0	0	0	0	2
13128	1	0	0	0	0	0	0	0	0	0	0	0	1
13129	0	0	1	0	0	0	0	0	0	0	0	0	1
13130	1	0	0	0	0	0	0	0	0	0	0	0	1
13131	0	1	1	0	1	0	0	0	0	0	0	0	3
13132	3	0	0	0	0	0	0	0	0	0	0	0	3
13133	1	0	0	0	0	0	0	0	0	0	0	0	1
13134	1	0	0	0	1	0	0	0	0	0	0	0	2
13135	1	0	0	0	2	1	0	0	0	0	0	0	4
13136	1	0	0	0	0	1	0	0	0	0	0	0	2
13137	1	0	0	0	1	0	0	0	0	0	0	0	2
13138	0	0	2	0	0	0	0	0	0	0	0	0	2
13139	1	0	0	0	0	0	0	0	0	0	0	0	1
13140	3	0	0	0	0	0	0	0	0	0	0	0	3
13141	1	0	0	0	0	0	0	0	0	0	0	0	1
13143	1	0	0	0	0	0	0	0	0	0	0	0	1
13144	0	0	0	0	1	0	0	0	0	0	0	0	1
13145	1	0	0	0	1	0	0	0	0	0	0	0	2
13146	2	0	0	0	0	0	0	1	0	0	0	0	3
13147	0	0	0	0	1	0	0	0	0	0	0	0	1
13149	0	3	0	0	1	0	0	0	0	0	0	0	4
13150	4	0	0	0	1	0	0	0	0	0	0	0	5
13151	0	0	0	0	1	0	0	0	0	0	0	0	1
13152	0	0	0	0	1	0	0	0	0	0	0	0	1
13153	2	0	0	0	0	0	0	0	0	0	0	0	2
13154	2	0	0	0	0	0	0	1	0	0	0	0	3
13156	1	0	0	1	0	0	0	0	0	0	0	0	2
13157	1	0	1	0	0	0	0	0	0	0	0	0	2
13158	3	0	0	0	0	1	0	0	0	0	0	0	4
13159	2	0	0	0	0	0	0	0	0	0	0	0	2
13160	1	0	1	1	0	0	0	0	0	0	0	0	3
13161	1	0	0	0	2	0	0	0	0	0	0	0	3
13162	1	0	0	0	0	0	0	0	0	0	0	0	1
13163	1	0	0	1	1	0	0	0	0	0	0	0	3
13164	1	0	0	0	0	0	0	0	0	0	0	0	1
13166	1	0	0	0	1	0	0	1	0	0	0	0	3
13167	1	0	0	0	0	0	0	0	0	0	0	0	1
13168	2	0	0	0	0	0	0	0	0	0	0	0	2
13169	2	2	1	0	0	0	0	0	0	0	0	0	5
13170	1	0	0	0	0	0	0	0	0	0	0	0	1
13171	0	0	0	0	2	0	0	0	0	0	0	0	2
13173	0	0	0	0	2	0	0	0	0	0	0	0	2
13174	1	0	1	0	0	0	0	0	0	0	0	0	2
13175	3	0	0	0	0	0	0	0	0	0	0	0	3
13176	2	0	0	0	0	0	0	0	0	0	0	0	2
13177	1	0	0	0	0	0	0	0	0	0	0	0	1
13178	2	0	0	0	2	0	0	0	0	0	0	0	4
13179	1	0	0	0	2	0	0	0	0	0	0	0	3
13180	0	0	0	0	2	0	0	0	0	0	0	0	2
13182	0	1	0	0	0	0	0	0	0	0	0	0	1
13183	0	0	0	1	1	0	0	0	0	0	0	0	2
13184	0	0	1	0	0	0	0	0	0	0	0	0	1
13185	1	0	0	0	3	0	0	0	0	0	0	0	4
13186	0	0	0	0	2	0	0	0	0	0	0	0	2
13187	2	0	0	0	0	0	1	0	0	0	0	0	3
13188	1	0	0	0	0	0	0	0	0	0	0	0	1
13189	1	0	1	0	0	0	0	1	0	0	0	0	3
13190	2	0	0	0	0	0	0	0	0	0	0	0	2
13191	1	1	0	0	0	0	0	0	0	0	0	0	2
13192	0	1	0	0	0	0	0	0	0	0	0	0	1
13193	1	0	1	0	0	0	0	0	0	0	0	0	2
13194	0	0	0	0	1	0	0	0	0	0	0	0	1
13195	0	0	0	0	0	0	0	0	1	0	0	0	1
13197	0	0	1	0	0	0	0	0	0	0	0	0	1
13198	0	0	0	0	1	0	0	0	0	0	0	0	1
13199	0	0	0	1	0	0	0	0	0	0	0	0	1
13200	1	0	1	0	1	0	0	0	0	0	0	0	3
13201	0	0	0	0	3	0	0	0	0	1	0	0	4
13202	2	0	0	1	0	0	0	0	0	0	0	0	3
13203	1	0	0	0	0	0	0	0	0	0	0	0	1
13204	4	0	0	0	0	0	0	0	0	0	0	0	4
13205	1	0	0	0	0	0	0	0	0	0	0	0	1
13206	1	0	1	1	0	0	0	0	0	0	0	0	3
13207	0	0	0	0	1	1	0	0	0	0	0	0	2
13208	1	0	0	0	0	0	0	0	0	0	0	0	1
13209	1	0	0	0	0	0	0	0	0	0	0	0	1
13210	0	1	0	0	0	0	0	0	0	0	0	0	1
13211	1	0	0	0	0	2	0	0	0	0	0	0	3
13212	1	0	0	0	0	0	0	0	0	0	0	0	1
13213	0	1	0	1	1	0	0	0	0	0	0	0	3
13214	2	0	0	0	0	0	0	0	0	0	0	0	2
13215	3	0	0	0	2	0	0	0	0	0	0	0	5
13216	1	0	0	0	4	1	0	0	0	0	0	0	6
13218	3	0	0	0	0	0	0	0	0	0	0	0	3
13219	2	0	0	0	0	0	0	1	0	0	0	0	3
13220	1	0	0	0	0	0	0	0	0	0	0	0	1
13222	3	0	0	0	0	0	0	0	0	0	0	0	3
13223	3	0	0	0	1	0	0	0	0	0	0	0	4
13226	2	0	0	0	0	0	0	0	0	0	0	0	2
13227	3	0	0	0	0	0	0	0	0	0	0	0	3
13228	1	0	1	1	0	0	0	0	0	0	0	0	3
13229	3	0	0	0	0	0	0	0	0	0	0	0	3
13230	1	0	0	0	1	0	0	1	0	0	0	0	3
13232	1	0	0	0	2	0	0	0	1	0	0	0	4
13234	1	0	0	0	1	0	0	0	0	0	0	0	2
13235	2	0	0	0	0	0	0	0	0	0	0	0	2
13236	2	0	0	0	0	0	0	0	0	0	0	0	2
13237	1	0	0	0	0	0	0	0	0	0	0	0	1
13238	1	0	0	0	1	0	0	0	0	0	0	0	2
13239	0	0	0	1	0	0	0	0	0	0	0	0	1
13240	1	1	0	0	0	0	0	0	0	0	0	0	2
13241	2	0	0	0	1	0	0	0	0	0	0	0	3
13242	0	0	1	1	0	0	0	0	0	0	0	0	2
13243	1	0	0	0	0	0	0	0	0	0	0	0	1
13244	2	0	0	0	0	0	0	0	0	0	0	0	2
13245	1	0	0	0	0	0	1	0	0	0	0	0	2
13247	4	0	0	0	0	0	0	0	0	0	0	0	4
13248	3	0	0	0	2	0	0	1	0	0	0	0	6
13249	0	0	0	0	1	0	0	0	0	0	0	0	1
13250	1	0	0	0	1	0	0	0	0	0	0	0	2
13251	1	0	0	0	1	0	0	0	0	0	0	0	2
13252	3	0	0	0	0	0	0	0	0	0	0	0	3
13253	1	0	0	0	0	1	0	0	0	0	0	0	2
13254	2	0	0	0	0	1	0	0	0	0	0	0	3
13255	2	0	0	0	0	0	0	0	0	0	0	0	2
13256	1	0	1	0	0	0	0	0	0	0	0	0	2
13258	1	0	0	0	1	0	0	1	0	0	0	0	3
13259	3	0	0	0	0	0	0	0	0	0	0	0	3
13260	1	0	1	0	0	0	0	0	0	0	0	0	2
13261	1	0	0	0	1	0	0	0	0	0	0	0	2
13262	1	0	0	0	1	0	0	0	0	0	0	0	2
13263	2	0	0	0	0	0	0	0	0	0	0	0	2
13264	0	0	0	0	1	0	0	0	0	0	0	0	1
13265	3	0	0	0	0	0	0	0	0	0	0	0	3
13266	2	0	1	0	0	0	0	0	0	0	0	0	3
13267	4	0	0	0	1	0	0	0	0	0	0	0	5
13268	1	0	0	0	0	0	0	0	0	0	0	0	1
13269	3	0	0	0	0	0	0	0	0	0	0	0	3
13270	0	0	0	0	1	0	0	0	0	0	0	0	1
13271	1	0	1	0	0	0	0	0	0	0	0	0	2
13272	1	0	0	0	0	0	0	0	0	0	0	0	1
13273	2	0	0	0	0	0	0	0	0	0	0	0	2
13274	0	0	0	0	1	0	0	0	0	0	0	0	1
13275	2	0	0	0	1	0	0	0	0	0	0	0	3
13277	1	0	0	0	0	0	0	0	0	0	0	0	1
13278	2	0	0	0	0	0	0	0	0	0	0	0	2
13280	1	0	0	0	0	0	0	0	0	0	0	0	1
13281	0	0	1	0	0	0	0	1	0	0	0	0	2
13282	2	0	0	0	1	0	0	0	0	0	0	0	3
13283	1	0	0	0	2	0	0	0	0	0	0	0	3
13284	1	0	0	0	0	0	0	0	0	0	0	0	1
13285	1	0	1	0	0	0	0	0	0	0	0	0	2
13286	3	0	0	0	0	0	0	0	0	0	0	0	3
13287	0	1	2	1	0	0	0	0	0	0	0	0	4
13288	3	0	0	0	3	0	0	0	1	0	0	0	7
13289	1	0	0	0	0	0	0	0	0	0	0	0	1
13290	1	0	0	0	4	0	0	0	0	0	0	0	5
13291	2	0	1	0	0	0	0	0	0	0	0	0	3
13293	0	0	0	0	0	2	0	0	0	0	0	0	2
13294	0	0	0	0	2	0	0	0	0	0	0	0	2
13295	4	0	0	0	0	0	0	0	0	0	0	0	4
13296	2	0	0	0	0	0	0	0	0	0	0	0	2
13297	2	1	0	0	0	0	0	0	1	0	0	0	4
13298	0	0	0	1	0	0	0	0	0	0	0	0	1
13299	1	0	0	1	0	0	0	1	0	0	0	0	3
13300	2	0	1	0	0	0	0	0	0	0	0	0	3
13301	1	0	1	0	0	0	0	0	0	0	0	0	2
13302	2	0	0	0	0	0	0	1	0	0	0	0	3
13303	1	0	0	0	0	0	0	1	0	0	0	0	2
13304	0	0	0	0	2	0	0	0	0	0	0	0	2
13305	1	0	0	1	0	0	0	0	0	0	0	0	2
13306	1	0	0	0	1	1	0	0	0	0	0	0	3
13307	2	0	0	0	0	0	0	0	0	0	0	0	2
13308	2	0	0	1	1	0	0	0	0	0	0	0	4
13309	0	0	0	1	1	0	0	0	0	0	0	0	2
13310	1	0	0	0	0	0	0	0	0	0	0	0	1
13311	1	0	1	0	1	0	0	1	0	0	0	0	4
13312	1	0	0	1	3	0	0	0	0	0	0	0	5
13313	1	0	0	0	1	0	0	0	0	0	0	0	2
13316	1	1	0	0	0	0	0	0	0	0	0	0	2
13317	1	0	0	0	0	0	0	0	0	0	0	0	1
13319	0	0	0	0	0	1	0	0	0	0	0	0	1
13320	0	0	0	1	0	0	0	0	0	0	0	0	1
13321	1	0	0	1	0	0	0	0	0	0	0	0	2
13322	0	0	0	0	1	0	0	0	0	0	0	0	1
13323	0	0	1	0	0	0	0	0	0	0	0	0	1
13324	1	0	0	1	0	0	0	0	0	0	0	0	2
13325	1	0	1	0	0	0	0	0	0	0	0	0	2
13326	0	0	0	0	0	1	0	0	0	0	0	0	1
13327	1	0	0	0	0	0	0	0	0	0	0	0	1
13328	1	0	0	0	0	0	0	0	0	0	0	0	1
13329	0	0	0	0	2	0	0	0	0	0	0	0	2
13330	1	0	0	0	0	2	0	0	0	0	0	0	3
13331	4	0	0	0	0	0	0	0	0	0	0	0	4
13332	0	0	0	0	1	0	0	0	0	0	0	0	1
13333	1	0	0	0	0	0	0	0	0	0	0	0	1
13335	0	0	0	0	1	0	0	0	0	0	0	0	1
13336	1	0	1	0	0	0	0	0	1	0	0	0	3
13338	3	0	1	0	1	0	0	0	0	0	0	0	5
13339	1	0	0	1	0	0	0	0	0	0	0	0	2
13340	1	0	0	0	0	0	0	0	0	0	0	0	1
13341	0	0	0	0	1	0	0	0	0	0	0	0	1
13342	1	0	0	0	0	0	0	0	0	0	0	0	1
13343	0	0	1	0	0	0	0	0	0	0	0	0	1
13345	1	0	0	0	0	0	0	0	0	0	0	0	1
13346	4	0	0	0	0	0	0	0	0	0	0	0	4
13347	0	1	1	0	0	0	0	0	0	0	0	0	2
13348	1	1	0	0	0	0	0	0	0	0	0	0	2
13349	2	0	0	1	1	0	0	0	0	0	0	0	4
13353	0	1	0	0	0	0	0	0	0	0	0	0	1
13354	1	0	1	0	1	0	0	0	0	0	0	0	3
13355	2	0	0	0	1	0	0	0	0	0	0	0	3
13356	3	0	0	0	0	0	0	0	0	0	0	0	3
13357	2	0	0	0	0	0	0	0	0	0	0	0	2
13358	2	0	0	0	0	0	0	0	0	0	0	0	2
13359	1	0	0	0	0	0	0	0	0	0	0	0	1
13361	1	1	0	0	1	0	0	0	0	0	0	0	3
13362	1	0	0	0	0	0	1	0	0	0	0	0	2
13363	0	0	1	0	0	0	0	0	0	0	0	0	1
13364	1	0	0	0	0	0	0	0	0	0	0	0	1
13365	2	0	0	0	1	0	0	0	0	0	0	0	3
13366	0	0	0	1	0	0	0	0	0	0	0	0	1
13367	2	0	0	0	0	0	0	0	0	0	0	0	2
13368	2	0	0	0	1	0	0	0	0	0	0	0	3
13369	1	0	0	0	0	0	0	0	0	0	0	0	1
13370	0	0	2	0	1	0	0	0	0	0	0	0	3
13371	2	0	0	0	0	0	0	0	0	0	0	0	2
13372	0	0	1	0	0	1	0	0	0	0	0	0	2
13373	2	0	0	0	1	0	0	0	0	0	0	0	3
13374	3	0	0	0	0	0	0	0	0	0	0	0	3
13375	1	1	0	1	0	0	0	0	0	0	0	0	3
13376	1	0	0	0	1	0	0	0	0	0	0	0	2
13377	3	0	0	0	0	0	0	0	0	0	0	0	3
13378	1	0	0	0	2	0	0	0	0	0	0	0	3
13379	0	1	0	0	1	0	0	0	1	0	0	0	3
13380	4	0	0	0	2	0	0	1	0	0	0	0	7
13381	3	0	0	0	0	0	0	1	0	0	0	0	4
13382	3	0	0	0	1	0	0	0	0	0	0	0	4
13383	1	0	0	0	0	0	0	0	0	0	0	0	1
13384	1	0	1	0	0	0	0	0	0	0	0	0	2
13385	1	0	0	0	0	0	0	0	0	0	0	0	1
13386	1	0	0	0	0	0	0	0	0	0	0	0	1
13387	1	0	0	0	0	0	0	0	0	0	0	0	1
13388	1	0	0	0	0	0	0	0	0	0	0	0	1
13390	3	0	0	0	1	0	0	0	0	0	0	0	4
13392	2	0	0	0	0	0	0	1	0	0	0	0	3
13393	1	0	1	0	0	0	0	0	0	0	0	0	2
13394	3	0	0	0	0	0	0	0	0	0	0	0	3
13395	2	0	0	1	0	0	0	1	0	0	0	0	4
13396	3	0	0	0	1	0	0	0	1	0	0	0	5
13397	4	0	0	0	0	0	0	0	0	0	0	0	4
13398	2	0	0	0	0	0	0	0	0	0	0	0	2
13399	4	0	0	1	0	0	0	0	0	0	0	0	5
13400	4	0	0	0	1	0	0	0	0	0	0	0	5
13402	0	0	0	1	1	0	0	0	0	0	0	0	2
13404	0	0	0	0	1	0	0	0	0	0	0	0	1
13406	2	0	0	0	0	0	0	0	1	0	0	0	3
13407	1	0	0	0	1	0	2	0	0	0	0	0	4
13409	1	0	1	0	0	0	0	0	0	0	0	0	2
13410	1	0	0	0	0	0	0	0	0	0	0	0	1
13411	0	0	1	1	0	0	0	0	0	0	0	0	2
13412	1	0	0	0	0	0	0	0	0	0	0	0	1
13415	2	0	0	0	0	0	0	0	0	0	0	0	2
13416	2	0	0	0	0	0	0	0	0	0	0	0	2
13417	0	1	0	0	0	0	0	0	0	0	0	0	1
13418	1	0	1	0	0	0	0	0	0	0	0	0	2
13420	2	0	0	0	1	0	0	0	0	0	0	0	3
13421	1	0	1	0	0	0	0	0	0	0	0	0	2
13422	1	0	0	0	0	0	0	0	0	0	0	0	1
13424	1	0	0	0	1	0	0	0	0	0	0	0	2
13425	3	0	0	1	0	0	0	0	0	0	0	0	4
13427	1	0	0	1	0	0	0	0	0	0	0	0	2
13428	1	0	0	1	0	0	0	1	0	0	0	0	3
13429	2	0	0	1	0	0	0	0	0	0	0	0	3
13430	1	0	0	2	0	0	0	1	0	0	0	0	4
13431	0	1	0	0	0	0	0	0	0	0	0	0	1
13432	1	0	0	0	0	1	0	0	0	0	0	0	2
13433	1	0	0	0	0	0	0	0	1	0	0	0	2
13434	1	0	0	0	0	0	0	0	0	2	0	0	3
13435	1	0	0	0	0	0	0	0	0	0	0	0	1
13436	3	0	0	0	0	0	0	0	0	0	0	0	3
13437	0	0	0	0	3	0	0	0	0	0	0	0	3
13438	0	0	0	0	1	0	0	0	0	0	0	0	1
13439	1	0	0	0	1	0	0	0	0	0	0	0	2
13440	0	0	1	0	0	0	0	0	0	0	0	0	1
13443	0	0	0	0	2	0	0	0	0	0	0	0	2
13444	1	0	0	0	0	0	0	1	1	0	0	0	3
13445	1	0	0	0	0	0	0	0	0	0	0	0	1
13446	3	0	0	0	0	0	0	0	0	0	0	0	3
13447	3	0	0	0	0	0	0	0	0	0	0	0	3
13448	2	0	0	0	0	0	0	0	0	0	0	0	2
13449	1	0	0	1	2	0	0	0	0	0	0	0	4
13450	0	0	0	1	0	0	0	0	0	0	0	0	1
13451	0	0	0	1	0	0	0	0	0	0	0	0	1
13452	0	0	0	1	0	0	0	0	0	0	0	0	1
13453	0	0	0	1	0	0	0	0	0	0	0	0	1
13454	1	0	0	1	0	0	0	0	0	0	0	0	2
13455	2	0	0	1	0	0	0	0	0	0	0	0	3
13456	0	0	0	1	0	0	0	0	0	0	0	0	1
13457	1	0	0	0	0	0	0	0	0	0	0	0	1
13458	0	0	0	1	0	0	1	0	1	0	0	0	3
13459	2	0	0	0	0	0	1	0	0	0	0	0	3
13460	2	0	0	1	0	0	0	1	0	0	0	0	4
13461	3	0	0	0	0	0	0	0	0	0	0	0	3
13462	3	0	0	2	0	0	0	0	0	0	0	0	5
13463	1	0	0	1	0	0	0	0	0	0	0	0	2
13464	2	0	0	0	0	0	0	0	0	0	0	0	2
13465	0	0	0	1	0	0	0	0	0	0	0	0	1
13466	2	0	0	0	0	0	0	0	1	0	0	0	3
13467	2	1	0	0	0	0	0	0	0	0	0	0	3
13468	2	0	0	0	0	0	0	0	0	0	0	0	2
13469	1	0	0	0	0	0	0	1	0	0	0	0	2
13470	1	0	0	0	1	0	0	0	0	0	0	0	2
13471	1	0	0	0	0	0	0	1	0	0	0	0	2
13472	4	0	0	0	0	0	0	1	0	0	0	0	5
13473	4	0	0	0	0	0	0	0	0	0	0	0	4
13474	2	0	0	0	0	0	0	0	0	0	0	0	2
13475	2	0	0	0	0	0	0	0	0	0	0	0	2
13476	0	0	0	2	1	0	0	0	0	0	0	0	3
13477	2	0	0	0	1	0	0	1	0	0	0	0	4
13478	1	0	0	0	1	0	0	0	0	0	0	0	2
13479	2	0	0	1	0	0	0	0	0	0	0	0	3
13480	0	0	0	2	0	0	0	0	0	0	0	0	2
13481	1	0	0	1	0	0	0	0	0	0	0	0	2
13482	0	0	0	1	0	0	0	0	0	0	0	0	1
13483	0	0	0	0	2	0	0	0	0	0	0	0	2
13484	0	0	1	0	1	1	1	0	0	0	0	0	4
13485	0	0	0	1	0	0	0	0	0	0	0	0	1
13486	0	0	1	0	0	0	0	0	0	0	0	0	1
13487	1	0	0	1	0	0	0	0	0	0	0	0	2
13489	1	0	0	0	1	0	0	0	0	0	0	0	2
13490	1	0	0	0	1	0	0	0	0	0	0	0	2
13492	2	0	0	1	0	0	0	0	0	0	0	0	3
13493	1	0	0	0	0	1	0	0	0	0	0	0	2
13494	2	0	0	0	0	0	0	0	0	0	0	0	2
13495	1	0	0	0	0	0	0	0	0	0	0	0	1
13496	1	0	0	1	0	0	0	0	0	0	0	0	2
13497	1	0	0	2	0	0	0	0	0	0	0	0	3
13498	4	0	1	0	0	0	0	1	0	0	0	0	6
13499	0	0	0	1	0	0	0	0	0	0	0	0	1
13500	2	0	0	0	0	0	0	0	0	0	0	0	2
13501	3	0	0	0	0	0	0	0	0	0	0	0	3
13502	2	0	0	0	0	0	0	0	1	0	0	0	3
13503	1	0	0	1	1	0	0	0	0	0	0	0	3
13504	0	0	0	0	3	0	1	0	0	0	0	0	4
13505	0	0	0	1	0	0	0	0	0	0	0	0	1
13506	2	0	0	0	0	1	0	0	0	0	0	0	3
13507	0	0	0	0	1	0	0	0	0	0	0	0	1
13508	4	0	0	0	0	0	0	0	0	0	0	0	4
13509	2	0	0	0	1	0	0	0	0	0	0	0	3
13510	1	0	0	0	0	0	0	0	0	0	0	0	1
13511	2	0	0	1	0	0	0	0	0	0	0	0	3
13512	2	0	0	0	0	0	0	0	0	0	0	0	2
13513	1	0	0	1	1	0	0	1	0	0	0	0	4
13514	0	0	1	0	1	0	0	0	0	0	0	0	2
13515	1	0	0	2	1	1	0	0	0	0	0	0	5
13517	1	0	0	0	0	0	0	0	0	0	0	0	1
13518	3	0	0	0	0	0	0	0	0	0	0	0	3
13519	1	0	2	0	0	0	0	0	0	0	0	0	3
13520	1	0	0	0	2	0	0	0	0	0	0	0	3
13521	1	0	0	0	1	0	0	0	0	0	0	0	2
13522	3	0	0	0	0	0	0	0	0	0	0	0	3
13523	2	0	0	2	2	0	0	0	0	0	0	0	6
13524	0	0	0	1	0	0	0	0	0	0	0	0	1
13525	4	0	0	0	1	0	0	1	0	0	0	0	6
13526	0	0	0	0	0	0	1	0	0	0	0	0	1
13527	0	0	0	1	0	0	0	0	0	0	0	0	1
13528	1	0	0	1	0	0	0	1	0	0	0	0	3
13529	1	0	0	1	0	0	0	0	1	0	0	0	3
13530	0	0	0	1	1	0	0	0	0	0	0	0	2
13531	1	0	0	0	0	0	0	0	0	0	0	0	1
13532	0	0	0	0	1	0	0	0	0	0	0	0	1
13534	2	0	0	1	1	0	0	0	0	0	0	0	4
13535	1	0	0	1	0	0	0	0	0	0	0	0	2
13536	1	0	0	0	0	0	1	0	0	0	0	0	2
13537	3	0	0	0	1	0	0	0	0	0	0	0	4
13538	1	0	0	2	0	0	0	0	0	0	0	0	3
13539	1	0	0	0	1	0	0	0	0	0	0	0	2
13540	0	0	1	0	0	0	0	0	0	0	0	0	1
13541	2	0	0	0	0	0	0	0	0	0	0	0	2
13542	2	0	0	0	2	0	0	0	0	0	0	0	4
13543	2	0	0	0	0	0	0	0	0	0	0	0	2
13544	3	0	0	0	0	0	0	0	0	0	0	0	3
13545	4	0	0	0	0	0	0	0	0	0	0	0	4
13546	2	0	0	0	0	0	0	0	0	0	0	0	2
13547	0	0	0	1	0	0	0	0	0	0	0	0	1
13548	2	0	0	1	0	0	0	0	0	0	0	0	3
13549	2	0	0	0	0	0	0	0	0	0	0	0	2
13550	1	0	0	1	0	0	0	0	0	0	0	0	2
13551	2	0	0	0	0	0	0	0	0	0	0	0	2
13552	0	0	0	0	1	0	0	0	0	0	0	0	1
13553	1	0	1	0	1	0	0	0	0	0	0	0	3
13554	1	0	0	0	0	0	0	0	0	0	0	0	1
13555	3	0	0	0	1	0	0	1	0	0	0	0	5
13556	1	0	0	0	0	0	0	0	0	0	0	0	1
13557	0	0	0	1	0	0	0	0	0	0	0	0	1
13558	1	0	0	1	0	0	0	0	0	0	0	0	2
13559	0	1	1	1	0	0	0	0	0	0	0	0	3
13560	1	0	0	0	0	0	0	0	0	0	0	0	1
13561	0	0	0	0	1	0	0	0	0	0	0	0	1
13562	0	0	0	1	1	0	0	0	0	0	0	0	2
13563	2	0	0	0	0	0	0	0	0	0	0	0	2
13564	2	0	0	0	1	0	0	0	0	0	0	0	3
13565	0	0	0	1	0	0	0	0	0	0	0	0	1
13566	1	0	0	0	0	0	0	0	0	0	0	0	1
13567	0	0	0	1	0	0	0	0	0	0	0	0	1
13568	1	0	0	0	0	0	0	0	0	0	0	0	1
13569	3	0	0	0	0	0	0	1	0	0	0	0	4
13570	2	0	0	0	0	0	0	0	0	0	0	0	2
13571	1	0	0	0	0	0	0	1	0	0	0	0	2
13572	2	0	0	1	1	0	0	0	0	0	0	0	4
13573	0	0	0	0	1	0	0	0	0	0	0	0	1
13574	2	0	0	0	0	0	0	0	0	0	0	0	2
13575	2	0	1	0	0	0	0	0	0	0	0	0	3
13576	3	0	0	0	0	0	0	0	0	0	0	0	3
13577	0	0	1	0	0	0	0	0	0	0	0	0	1
13578	0	0	1	0	0	0	0	0	0	0	0	0	1
13579	2	0	0	1	0	0	0	0	0	0	0	0	3
13581	4	0	0	0	0	0	0	0	0	0	0	0	4
13582	1	0	0	1	0	0	0	0	0	0	0	0	2
13583	1	0	0	0	1	0	0	0	0	0	0	0	2
13584	0	0	0	1	1	0	0	0	0	0	0	0	2
13585	0	0	0	1	0	0	0	0	0	0	0	0	1
13586	2	0	0	0	0	0	0	0	0	0	0	0	2
13587	1	0	0	0	0	0	0	0	0	0	0	0	1
13588	0	0	0	1	0	0	0	0	0	0	0	0	1
13589	2	0	0	0	0	0	1	0	0	0	0	0	3
13590	0	0	0	0	0	0	1	0	0	0	0	0	1
13591	3	0	0	0	0	0	0	0	0	0	0	0	3
13592	1	0	0	0	0	0	0	0	0	0	0	0	1
13593	2	0	0	1	0	0	0	0	0	0	0	0	3
13594	2	0	0	0	0	0	0	0	0	0	0	0	2
13595	0	0	0	0	1	0	0	0	1	0	0	0	2
13596	2	0	0	0	0	0	0	0	0	0	0	0	2
13597	1	1	0	1	1	0	0	0	0	0	0	0	4
13598	0	0	0	2	0	0	0	0	0	0	0	0	2
13599	0	0	0	1	0	0	0	0	0	0	0	0	1
13600	3	0	0	0	0	0	0	0	0	0	0	0	3
13601	1	0	0	0	0	0	0	0	0	0	0	0	1
13602	0	0	0	0	1	0	0	0	0	0	0	0	1
13603	5	0	0	0	0	0	0	0	0	0	0	0	5
13604	2	0	0	0	0	0	0	0	0	0	0	0	2
13605	1	0	0	0	1	0	0	0	0	0	0	0	2
13606	0	0	0	0	1	0	0	0	0	0	0	0	1
13607	0	0	1	0	0	0	0	0	0	0	0	0	1
13608	1	0	0	0	0	0	0	0	0	0	0	0	1
13609	1	0	0	0	0	0	0	0	0	0	0	0	1
13610	2	0	0	0	2	1	0	0	0	0	0	0	5
13611	1	0	0	0	0	0	0	0	0	0	0	0	1
13612	0	0	0	1	0	0	0	0	0	0	0	0	1
13613	0	0	0	1	0	0	0	0	0	0	0	0	1
13614	3	0	0	0	0	0	0	0	0	0	0	0	3
13615	1	0	0	0	1	0	0	0	0	0	0	0	2
13616	1	0	0	0	0	0	0	0	0	0	0	0	1
13617	1	0	0	0	0	0	0	0	0	0	0	0	1
13618	2	0	0	0	2	0	0	0	0	0	0	0	4
13619	1	0	0	0	0	0	0	1	0	0	0	0	2
13621	0	0	0	1	0	0	0	0	0	0	0	0	1
13622	2	0	0	0	0	0	0	0	0	0	0	0	2
13623	1	0	0	0	2	0	0	0	0	0	0	0	3
13624	0	0	0	1	1	0	0	0	0	0	0	0	2
13625	2	0	0	0	0	0	0	0	0	0	0	0	2
13626	0	0	2	0	0	0	0	0	0	0	0	0	2
13627	1	0	0	1	2	0	0	0	0	0	0	0	4
13628	5	0	0	0	1	0	0	0	1	0	0	0	7
13629	0	0	0	2	0	0	0	0	0	0	0	0	2
13630	0	0	0	1	0	0	0	0	0	0	0	0	1
13631	1	0	0	0	0	0	0	0	0	0	0	0	1
13632	1	0	0	1	2	0	0	0	0	0	0	0	4
13633	1	0	0	0	0	0	0	1	0	0	0	0	2
13634	2	0	0	0	1	0	0	0	0	0	0	0	3
13635	2	0	0	1	0	0	0	0	0	0	0	0	3
13636	1	0	0	0	4	0	0	0	0	0	0	0	5
13637	0	0	0	1	1	0	0	0	0	0	0	0	2
13638	1	0	0	0	0	0	0	0	0	0	0	0	1
13639	4	0	0	0	0	0	0	0	0	0	0	0	4
13641	0	0	0	0	2	0	0	0	0	0	0	0	2
13642	1	0	0	0	0	0	0	0	0	0	0	0	1
13643	1	0	0	0	0	0	1	0	0	0	0	0	2
13644	2	0	0	0	0	0	0	1	0	0	0	0	3
13645	1	0	0	0	0	0	0	0	0	0	0	0	1
13646	1	0	0	0	1	0	0	0	0	0	0	0	2
13647	1	0	0	0	1	0	0	0	1	0	0	0	3
13648	1	0	0	0	0	0	0	0	0	0	0	0	1
13649	3	0	0	1	2	0	0	1	1	0	0	0	8
13652	2	0	0	0	0	0	1	0	0	0	0	0	3
13654	1	0	0	0	0	0	0	0	0	0	0	0	1
13655	2	0	0	0	0	0	0	0	0	0	0	0	2
13656	1	0	0	0	0	0	0	0	0	0	0	0	1
13657	2	0	0	0	0	0	0	0	0	0	0	0	2
13658	1	0	0	0	0	0	0	0	0	0	0	0	1
13659	3	0	0	0	0	0	0	0	0	0	0	0	3
13660	1	0	0	0	0	0	0	0	0	0	0	0	1
13661	2	0	0	0	0	0	0	0	0	0	0	0	2
13662	2	0	0	0	0	0	0	0	0	0	0	0	2
13663	2	0	0	1	0	0	0	0	0	0	0	0	3
13664	0	0	1	0	0	0	0	0	0	0	0	0	1
13665	0	0	1	0	0	0	0	0	0	0	0	0	1
13666	0	0	1	0	3	0	0	1	0	0	0	0	5
13667	4	0	0	0	0	0	0	0	0	0	0	0	4
13668	4	0	0	0	0	0	0	0	0	0	0	0	4
13669	2	0	0	1	1	0	0	0	0	0	0	0	4
13670	1	0	0	0	0	0	0	1	0	0	0	0	2
13671	0	0	0	2	0	0	0	0	0	0	0	0	2
13672	2	0	0	0	0	0	0	0	1	0	0	0	3
13673	2	0	0	0	0	0	0	0	0	0	0	0	2
13674	2	0	0	1	2	0	0	0	0	0	0	0	5
13675	1	0	0	0	0	0	2	0	1	0	0	0	4
13676	1	0	0	0	0	0	0	0	0	0	0	0	1
13677	1	0	0	0	0	2	0	1	0	0	0	0	4
13679	2	0	0	0	0	0	0	0	0	0	0	0	2
13680	0	0	2	0	0	0	0	0	0	0	0	0	2
13681	1	0	0	0	0	0	0	0	0	0	0	0	1
13682	1	0	0	0	0	0	0	0	0	0	0	0	1
13683	0	0	0	2	0	0	0	0	0	0	0	0	2
13684	0	0	0	0	1	0	0	0	0	0	0	0	1
13685	1	0	0	0	0	0	0	0	0	0	0	0	1
13687	2	0	0	0	0	0	0	0	0	0	0	0	2
13688	1	0	0	0	0	0	0	0	0	0	0	0	1
13689	2	0	0	0	0	0	0	0	0	0	0	0	2
13690	1	0	0	1	0	0	0	0	0	0	0	0	2
13691	1	0	0	0	1	0	0	0	0	0	0	0	2
13692	2	0	0	0	0	0	0	0	1	0	0	0	3
13693	0	0	0	0	0	0	1	0	0	0	0	0	1
13694	3	0	0	0	0	0	0	0	0	0	0	0	3
13695	0	0	0	0	1	0	0	0	0	0	0	0	1
13696	1	0	0	0	3	0	0	0	0	0	0	0	4
13697	3	0	0	0	0	0	0	0	0	0	0	0	3
13698	2	0	0	0	0	0	0	0	0	0	0	0	2
13699	3	0	0	1	0	0	0	0	0	0	0	0	4
13701	1	0	0	0	0	0	0	0	0	0	0	0	1
13702	2	0	0	0	1	0	0	0	0	0	0	0	3
13703	2	0	0	0	0	0	0	0	0	0	0	0	2
13704	1	0	0	0	0	0	0	0	0	0	0	0	1
13705	2	0	0	0	0	0	0	1	0	0	0	0	3
13706	2	0	0	0	0	0	0	0	0	0	0	0	2
13709	2	0	0	0	0	0	0	0	0	0	0	0	2
13710	2	0	0	0	0	0	0	0	0	0	0	0	2
13711	2	1	0	0	1	0	1	0	1	0	0	0	6
13712	2	0	0	0	0	0	0	1	0	0	0	0	3
13713	3	0	0	0	2	0	0	0	0	0	0	0	5
13714	4	0	0	0	0	0	0	0	0	0	0	0	4
13715	1	0	0	0	0	0	0	0	0	0	0	0	1
13716	2	0	0	0	0	0	0	0	0	0	0	0	2
13717	1	0	0	0	0	0	1	0	0	0	0	0	2
13718	3	0	0	0	0	0	0	0	0	0	0	0	3
13719	0	0	1	0	0	0	0	0	0	0	0	0	1
13720	1	0	0	0	1	0	0	0	0	0	0	0	2
13721	1	0	0	1	0	0	0	0	0	0	0	0	2
13722	0	0	0	0	1	1	0	1	0	0	0	0	3
13723	1	0	0	0	0	0	0	0	0	0	0	0	1
13724	2	0	0	0	1	0	0	1	0	0	0	0	4
13725	3	0	0	0	0	0	0	0	0	1	0	0	4
13726	1	0	1	0	0	0	0	0	0	0	0	0	2
13727	1	0	0	0	0	0	0	0	0	0	0	0	1
13728	0	0	0	0	1	0	0	0	0	0	0	0	1
13729	2	0	0	0	2	0	0	0	1	0	0	0	5
13730	1	0	0	0	0	0	0	0	0	0	0	0	1
13731	2	0	0	0	1	0	0	0	0	0	0	0	3
13732	3	0	0	0	0	0	0	0	0	0	0	0	3
13733	2	0	0	0	1	0	0	0	0	0	0	0	3
13734	2	0	0	0	0	0	0	0	0	0	0	0	2
13735	1	0	0	0	0	0	0	1	0	0	0	0	2
13736	0	0	2	1	0	0	0	0	0	0	0	0	3
13737	2	0	0	1	1	0	0	0	0	0	0	0	4
13738	2	0	0	1	0	0	0	0	0	0	0	0	3
13739	2	0	0	0	0	0	0	0	0	0	0	0	2
13740	2	0	0	0	1	0	0	0	0	0	0	0	3
13741	1	0	0	0	0	0	0	0	0	0	0	0	1
13742	2	0	0	0	0	0	0	0	0	0	0	0	2
13743	2	0	0	0	0	0	0	0	0	0	0	0	2
13744	3	0	0	0	0	1	0	0	0	0	0	0	4
13745	0	0	0	0	0	0	0	0	1	0	0	0	1
13746	2	0	1	0	2	0	0	0	0	0	0	0	5
13747	2	0	0	0	0	0	1	0	0	0	0	0	3
13749	0	0	0	1	1	0	0	1	0	0	0	0	3
13750	2	0	0	1	2	0	0	0	0	0	0	0	5
13751	3	0	0	0	0	0	0	0	0	0	0	0	3
13752	1	0	0	0	0	0	0	0	0	0	0	0	1
13753	2	0	0	0	0	0	0	0	0	0	0	0	2
13754	1	0	0	1	0	0	0	0	0	0	0	0	2
13755	0	0	0	0	2	0	0	0	0	0	0	0	2
13756	1	0	0	0	2	0	0	0	0	0	0	0	3
13757	2	0	0	0	0	0	0	0	0	0	0	0	2
13758	1	0	0	1	2	0	0	0	0	0	0	0	4
13759	2	0	0	0	0	0	0	1	0	0	0	0	3
13760	0	0	1	0	1	0	0	0	0	0	0	0	2
13761	3	0	0	0	0	0	0	0	0	0	0	0	3
13763	1	0	0	0	0	0	0	0	0	0	0	0	1
13764	0	0	0	0	1	0	0	0	0	0	0	0	1
13765	2	0	0	0	0	0	0	0	0	0	0	0	2
13767	2	0	0	0	0	0	0	0	0	0	0	0	2
13768	1	0	0	0	0	0	0	0	0	0	0	0	1
13769	0	0	0	2	0	0	0	0	0	0	0	0	2
13770	2	0	0	0	0	0	0	0	0	0	0	0	2
13771	0	0	1	0	0	1	0	0	0	0	0	0	2
13772	1	0	0	0	0	0	0	0	0	0	0	0	1
13774	2	0	0	0	0	0	0	0	0	0	0	0	2
13775	1	0	0	0	0	0	0	1	0	0	0	0	2
13778	2	0	1	0	0	0	0	0	0	0	0	0	3
13779	1	0	0	0	0	0	0	0	0	0	0	0	1
13781	1	0	0	0	0	0	0	0	0	0	0	0	1
13782	3	0	0	0	1	0	1	0	0	0	0	0	5
13783	0	0	0	0	1	0	0	0	0	0	0	0	1
13784	1	0	0	0	0	0	0	1	0	0	0	0	2
13785	2	0	0	0	0	0	0	0	0	0	0	0	2
13786	4	0	0	0	0	0	0	1	0	1	0	0	6
13787	1	0	0	0	0	0	0	0	0	0	0	0	1
13788	1	0	0	0	0	0	0	0	0	0	0	0	1
13789	1	0	0	1	0	0	0	0	0	0	0	0	2
13790	1	0	0	0	1	1	0	0	0	0	0	0	3
13792	3	0	0	0	0	0	1	0	0	0	0	0	4
13793	1	0	0	0	0	0	1	0	0	0	0	0	2
13794	1	0	0	0	2	0	1	0	0	0	0	0	4
13795	1	0	0	0	0	0	0	0	0	0	0	0	1
13796	1	1	0	0	0	0	0	0	0	0	0	0	2
13797	1	0	0	0	0	0	0	0	0	0	0	0	1
13798	1	0	0	0	1	0	1	0	0	0	0	0	3
13799	2	0	0	0	2	0	0	1	0	0	0	0	5
13800	2	0	0	0	1	0	0	0	0	0	0	0	3
13801	0	0	0	0	2	0	0	0	0	0	0	0	2
13802	0	0	0	0	2	0	0	0	0	0	0	0	2
13803	1	0	0	0	0	0	0	0	0	0	0	0	1
13804	1	0	0	0	0	0	0	0	0	0	0	0	1
13805	1	0	0	0	0	0	0	0	0	0	0	0	1
13806	2	0	0	0	0	0	0	0	0	0	0	0	2
13807	1	0	0	0	1	0	0	0	0	0	0	0	2
13808	0	0	0	1	0	0	0	0	0	0	0	0	1
13809	2	0	0	0	0	0	0	0	0	0	0	0	2
13810	2	0	0	1	1	0	1	0	0	0	0	0	5
13811	1	0	0	0	1	0	0	1	0	0	0	0	3
13812	2	0	0	0	0	0	0	1	0	0	0	0	3
13813	3	0	0	0	0	0	0	0	0	0	0	0	3
13814	2	0	0	0	1	0	0	2	0	0	0	0	5
13815	1	0	0	0	0	0	0	0	0	0	0	0	1
13816	0	0	1	0	0	0	0	0	0	0	0	0	1
13817	0	0	0	0	1	0	0	0	0	0	0	0	1
13818	1	0	0	0	1	0	0	0	0	0	0	0	2
13819	2	0	0	0	3	0	0	1	0	0	0	0	6
13820	2	0	0	0	0	0	0	0	0	0	0	0	2
13821	0	0	0	0	0	2	0	0	0	0	0	0	2
13822	3	0	0	0	0	0	0	0	0	0	0	0	3
13823	0	0	1	0	0	0	0	0	0	0	0	0	1
13824	0	0	0	1	1	0	0	0	0	0	0	0	2
13825	2	0	0	0	0	0	0	0	0	0	0	0	2
13827	1	0	0	0	0	0	2	0	0	0	0	0	3
13828	1	0	0	1	1	0	0	0	0	0	0	0	3
13829	0	0	0	0	2	0	0	0	0	0	0	0	2
13831	1	0	0	0	0	0	0	0	0	0	0	0	1
13832	0	0	1	0	0	0	0	0	0	0	0	0	1
13833	0	0	0	2	0	0	0	0	0	0	0	0	2
13834	0	0	0	0	1	0	0	0	0	0	0	0	1
13835	2	1	0	0	0	0	0	0	0	0	0	0	3
13836	1	0	0	0	0	0	0	2	0	0	0	0	3
13837	1	0	0	0	0	1	0	0	1	0	0	0	3
13838	3	0	0	0	0	0	0	1	0	0	0	0	4
13839	2	0	0	1	0	0	0	0	0	0	0	0	3
13840	1	1	0	0	1	0	1	0	0	0	0	0	4
13841	0	0	0	2	0	0	0	0	0	0	0	0	2
13842	3	0	0	0	0	0	0	0	0	0	0	0	3
13843	1	0	0	0	1	0	0	0	0	0	0	0	2
13844	1	0	0	1	1	1	0	0	0	0	0	0	4
13845	0	0	1	1	0	0	0	0	0	0	0	0	2
13847	2	0	0	1	0	0	0	0	0	0	0	0	3
13848	1	0	0	0	0	0	0	0	0	0	0	0	1
13850	1	0	0	1	0	0	0	0	0	0	0	0	2
13851	3	0	0	0	0	0	0	0	0	0	0	0	3
13852	0	0	0	0	0	1	0	0	0	0	0	0	1
13853	1	0	0	0	0	0	0	0	0	0	0	0	1
13854	0	0	0	0	0	0	1	0	0	0	0	0	1
13856	2	0	0	0	0	0	0	1	0	0	0	0	3
13857	3	0	0	0	0	0	0	0	0	0	0	0	3
13858	1	0	0	2	1	0	0	2	0	0	0	0	6
13859	1	0	0	0	0	0	0	1	0	0	0	0	2
13860	0	0	0	0	2	0	1	0	0	0	0	0	3
13861	3	0	0	0	0	0	0	0	0	0	0	0	3
13862	1	0	0	0	0	0	0	1	0	0	0	0	2
13864	3	0	0	0	0	0	0	0	0	0	0	0	3
13865	4	0	0	0	1	0	0	0	0	0	0	0	5
13866	0	0	0	0	0	0	0	0	1	0	0	0	1
13867	1	0	0	0	0	0	0	1	0	0	0	0	2
13868	2	0	0	0	0	1	0	0	0	0	0	0	3
13869	2	0	0	0	0	0	1	0	0	0	0	0	3
13870	0	2	0	0	0	0	0	0	0	0	0	0	2
13871	1	0	0	1	0	0	0	0	0	0	0	0	2
13872	3	0	0	0	0	0	0	1	0	0	0	0	4
13873	3	0	0	1	0	0	0	0	0	0	0	0	4
13874	1	0	0	1	1	0	0	0	0	0	0	0	3
13875	2	0	0	0	2	0	0	0	0	0	0	0	4
13876	2	0	0	1	0	0	0	0	0	0	0	0	3
13877	1	0	0	0	1	0	0	0	0	0	0	0	2
13878	5	0	0	0	0	0	0	0	0	0	0	0	5
13879	1	0	0	1	1	1	0	0	0	0	0	0	4
13880	1	0	0	1	2	0	0	0	1	0	0	0	5
13881	1	0	0	0	0	0	0	0	0	0	0	0	1
13882	0	0	0	0	0	0	0	1	0	0	0	0	1
13883	1	0	0	0	1	0	0	0	0	0	0	0	2
13884	2	0	0	0	1	0	0	0	0	0	0	0	3
13885	3	0	0	0	0	0	0	0	0	0	0	0	3
13886	1	0	0	0	2	0	0	0	0	0	0	0	3
13887	2	0	1	0	0	0	0	0	0	0	0	0	3
13888	1	0	0	0	1	0	0	0	1	0	0	0	3
13889	1	0	0	0	2	0	0	0	0	0	0	0	3
13890	3	0	0	0	0	0	0	0	0	0	0	0	3
13891	3	0	0	0	1	0	0	1	0	0	0	0	5
13893	3	0	0	0	0	0	0	0	0	0	0	0	3
13894	2	0	0	0	0	0	0	0	0	0	0	0	2
13895	1	1	0	1	0	0	0	0	0	0	0	0	3
13896	2	0	0	0	0	0	0	0	0	0	0	0	2
13897	1	0	0	0	0	0	1	0	0	0	0	0	2
13898	1	0	0	0	0	0	0	0	0	0	0	0	1
13899	1	0	0	0	0	0	0	0	0	0	0	0	1
13900	3	0	0	1	0	0	0	0	0	0	0	0	4
13901	1	0	0	1	0	0	0	0	0	0	0	0	2
13903	2	1	0	1	0	0	0	0	0	0	0	0	4
13904	2	0	0	0	0	0	0	0	0	0	0	0	2
13905	0	1	0	0	0	0	0	0	0	0	0	0	1
13906	3	0	0	0	0	0	0	0	0	0	0	0	3
13907	0	0	1	0	0	0	0	1	0	0	0	0	2
13908	1	0	0	1	1	0	0	0	0	0	0	0	3
13910	1	0	0	1	0	0	0	1	0	0	0	0	3
13911	1	0	0	0	0	0	0	0	0	0	0	0	1
13912	2	0	0	0	2	0	0	0	0	0	0	0	4
13913	1	0	0	0	0	0	1	1	0	0	0	0	3
13914	1	0	0	0	0	0	0	0	0	0	0	0	1
13916	1	0	0	0	1	0	0	0	0	0	0	0	2
13917	1	0	0	0	0	0	0	0	0	0	0	0	1
13918	1	0	0	0	0	0	0	0	0	0	0	0	1
13919	2	0	0	0	1	0	0	0	0	0	0	0	3
13920	2	0	0	1	1	0	0	0	0	0	0	0	4
13921	1	0	0	0	0	0	0	0	0	0	0	0	1
13922	3	1	0	1	0	0	0	0	0	0	0	0	5
13923	0	0	0	2	4	0	0	0	0	0	0	0	6
13924	3	0	0	0	1	0	0	0	0	0	0	0	4
13925	3	0	1	0	1	0	0	0	0	0	0	0	5
13926	2	0	0	0	0	0	0	0	0	0	0	0	2
13927	1	0	0	0	0	0	0	0	0	0	0	0	1
13928	3	0	0	0	1	0	0	1	0	0	0	0	5
13929	1	1	0	0	0	0	0	0	0	0	0	0	2
13930	1	0	0	0	2	0	0	0	0	0	0	0	3
13931	2	0	0	0	0	0	0	1	0	0	0	0	3
13932	2	0	2	0	0	0	0	0	0	0	0	0	4
13933	2	0	0	0	0	0	0	0	0	0	0	0	2
13934	2	0	0	0	1	0	0	0	0	0	0	0	3
13935	2	0	0	1	0	0	0	0	0	0	0	0	3
13937	1	0	0	0	1	0	0	0	0	0	0	0	2
13938	4	0	0	0	0	0	0	0	0	0	0	0	4
13939	0	0	0	0	1	0	0	0	0	0	0	0	1
13940	1	0	0	0	0	0	0	0	0	0	0	0	1
13941	0	0	0	1	0	0	0	0	1	0	0	0	2
13942	1	0	1	0	0	0	0	0	0	0	0	0	2
13943	2	0	0	0	0	0	0	0	0	0	0	0	2
13944	0	1	0	0	0	0	0	0	0	0	0	0	1
13945	1	0	1	0	0	0	0	0	0	0	0	0	2
13946	3	0	0	0	0	0	0	0	0	0	0	0	3
13947	1	0	0	0	0	0	0	0	0	0	0	0	1
13948	0	1	0	0	0	0	0	0	0	0	0	0	1
13949	2	0	0	0	0	0	0	0	0	0	0	0	2
13950	3	0	0	0	0	0	0	0	0	0	0	0	3
13951	1	0	0	0	0	0	1	0	0	0	0	0	2
13952	2	0	0	0	0	0	0	0	0	0	0	0	2
13953	1	0	0	1	1	0	0	0	0	0	0	0	3
13954	0	0	0	0	3	0	0	0	0	0	0	0	3
13955	3	0	0	0	0	0	0	0	0	0	0	0	3
13957	2	0	0	0	1	0	0	0	0	0	0	0	3
13958	2	0	0	0	0	0	0	0	0	0	0	0	2
13959	4	0	0	0	0	0	0	0	0	0	0	0	4
13960	1	0	1	0	0	0	0	0	0	0	0	0	2
13961	2	0	1	0	1	0	0	0	0	0	0	0	4
13962	3	1	0	1	0	0	0	0	0	0	0	0	5
13963	2	0	0	0	0	0	0	0	0	0	0	0	2
13965	0	0	0	1	0	0	0	1	0	0	0	0	2
13966	1	0	0	0	0	0	0	1	0	0	0	0	2
13968	1	0	0	0	3	0	0	0	0	0	0	0	4
13970	1	0	0	0	1	0	0	0	0	0	0	0	2
13971	2	0	0	1	0	0	0	0	0	0	0	0	3
13972	0	0	0	0	2	0	0	0	0	0	0	0	2
13973	0	0	0	1	0	0	0	0	0	0	0	0	1
13974	2	0	0	0	0	0	1	0	0	0	0	0	3
13975	2	0	0	0	1	0	0	0	0	0	0	0	3
13976	4	0	0	0	1	0	0	0	0	0	0	0	5
13977	2	0	0	0	0	2	0	0	0	0	0	0	4
13978	2	0	0	0	0	0	0	0	0	0	0	0	2
13979	0	0	0	0	4	0	0	0	0	0	0	0	4
13980	2	0	0	0	0	0	0	0	0	0	0	0	2
13982	1	0	0	0	0	0	0	0	0	0	0	0	1
13983	2	0	0	1	0	0	0	0	0	0	0	0	3
13984	1	0	0	0	2	0	0	0	0	0	0	0	3
13985	1	0	0	0	1	0	0	0	0	0	0	0	2
13986	1	0	0	0	0	0	0	0	0	0	0	0	1
13987	1	0	0	1	1	0	0	0	0	0	0	0	3
13988	3	0	0	0	0	0	0	0	0	0	0	0	3
13990	3	0	0	0	0	0	0	0	0	0	0	0	3
13991	1	0	1	0	0	0	0	0	0	0	0	0	2
13992	2	0	0	0	1	0	0	0	0	0	0	0	3
13993	1	0	0	0	0	0	0	0	0	0	0	0	1
13994	1	0	0	1	0	0	0	0	0	0	0	0	2
13995	1	0	0	0	1	0	0	0	0	0	0	0	2
13997	1	0	1	0	0	0	0	0	0	0	0	0	2
13999	1	0	0	0	0	0	1	0	0	0	0	0	2
14000	0	0	1	0	1	0	0	0	0	0	0	0	2
14001	1	0	0	0	0	0	0	1	0	0	0	0	2
14002	0	0	0	1	0	0	0	0	0	0	0	0	1
14003	2	0	0	0	0	0	0	0	0	0	0	0	2
14004	2	0	0	0	0	0	0	0	0	0	0	0	2
14005	0	0	0	1	0	0	0	0	0	0	0	0	1
14006	2	0	0	1	2	0	0	1	0	0	0	0	6
14007	1	1	0	0	0	0	0	0	0	0	0	0	2
14008	2	0	0	0	1	0	0	0	0	0	0	0	3
14009	2	0	0	0	0	0	0	0	0	0	0	0	2
14011	1	0	0	0	1	0	1	1	0	0	0	0	4
14012	0	0	0	0	2	0	1	0	0	0	0	0	3
14013	3	0	0	0	1	0	0	0	0	0	0	0	4
14014	1	0	0	0	0	0	0	0	0	0	0	0	1
14016	0	0	0	0	4	0	0	0	0	0	0	0	4
14019	2	0	0	0	1	0	0	0	0	0	0	0	3
14020	1	0	1	0	0	0	0	0	0	0	0	0	2
14021	2	0	0	0	1	0	0	0	0	0	0	0	3
14022	3	0	0	0	0	0	0	0	0	0	0	0	3
14023	2	0	0	0	0	0	0	0	0	0	0	0	2
14024	3	0	0	0	1	0	0	1	0	0	0	0	5
14025	1	0	0	0	1	0	0	0	0	0	0	0	2
14026	1	0	0	0	0	0	0	0	0	0	0	0	1
14028	1	0	1	0	0	0	0	0	0	0	0	0	2
14029	3	0	0	0	1	0	0	0	0	0	0	0	4
14030	0	0	0	0	2	0	0	0	0	0	0	0	2
14031	1	0	0	0	0	0	0	0	0	0	0	0	1
14032	3	0	0	0	0	0	0	0	0	0	0	0	3
14034	0	0	0	1	0	0	0	0	0	0	0	0	1
14035	0	0	0	0	3	0	0	0	0	0	0	0	3
14036	2	0	0	0	0	0	0	0	0	0	0	0	2
14037	1	0	0	2	0	0	0	1	0	0	0	0	4
14038	1	1	0	0	0	0	0	0	0	0	0	0	2
14039	0	0	0	0	2	0	0	0	0	0	0	0	2
14040	1	0	0	0	0	0	0	0	0	0	0	0	1
14041	2	0	0	0	0	0	0	0	0	0	0	0	2
14042	2	0	0	0	0	0	0	0	0	0	0	0	2
14043	3	0	0	0	0	0	0	0	0	0	0	0	3
14044	2	0	0	1	0	0	0	1	0	0	0	0	4
14045	0	0	0	1	0	0	0	0	0	0	0	0	1
14046	2	0	0	0	0	0	0	0	0	0	0	0	2
14047	1	0	0	0	1	0	0	0	0	0	0	0	2
14048	3	0	0	0	0	0	0	0	0	0	0	0	3
14049	1	0	0	1	0	0	0	0	0	0	0	0	2
14050	1	0	0	0	0	0	0	0	0	0	0	0	1
14051	1	0	0	0	2	0	0	0	0	0	0	0	3
14052	2	0	0	0	0	0	0	0	0	0	0	0	2
14053	2	0	0	0	1	0	0	0	0	0	0	0	3
14054	0	1	0	1	1	0	0	0	0	0	0	0	3
14055	0	0	0	0	2	0	0	0	0	0	0	0	2
14056	2	0	0	0	0	0	0	0	0	0	0	0	2
14057	4	0	0	0	1	0	0	0	0	0	0	0	5
14058	1	1	0	0	0	0	0	0	0	0	0	0	2
14059	0	0	0	0	4	0	0	0	0	0	0	0	4
14060	3	0	0	0	0	0	0	1	0	0	0	0	4
14061	1	0	0	0	2	0	0	0	0	0	0	0	3
14062	3	0	0	0	0	0	0	0	1	1	0	0	5
14063	2	0	0	0	1	0	0	1	0	0	0	0	4
14064	2	0	0	0	0	0	0	0	0	0	0	0	2
14065	2	0	0	0	0	0	0	0	0	0	0	0	2
14066	3	0	0	0	1	0	0	1	0	0	0	0	5
14067	2	0	1	0	0	0	0	0	0	0	0	0	3
14068	1	0	1	0	1	0	0	0	0	0	0	0	3
14069	2	0	0	0	0	0	0	0	0	0	0	0	2
14070	2	0	0	0	0	0	0	1	0	0	0	0	3
14071	2	0	0	0	0	0	0	0	0	0	0	0	2
14072	2	0	0	0	1	0	0	0	0	0	0	0	3
14073	0	0	1	0	0	0	0	0	0	0	0	0	1
14074	0	0	0	0	2	0	0	0	0	0	0	0	2
14076	0	0	0	2	0	0	0	0	0	0	0	0	2
14077	2	0	0	0	0	0	0	0	0	0	0	0	2
14078	2	2	0	0	0	0	0	1	0	0	0	0	5
14079	2	0	0	0	1	0	0	0	0	0	0	0	3
14080	1	0	0	0	2	0	0	0	0	0	0	0	3
14081	1	0	0	0	0	0	0	1	0	0	0	0	2
14082	1	0	0	1	2	0	0	0	0	0	0	0	4
14083	0	0	0	2	0	0	0	0	0	0	0	0	2
14084	4	0	0	0	0	0	0	0	0	0	0	0	4
14085	0	0	1	0	0	0	0	0	0	0	0	0	1
14086	2	0	0	0	0	0	0	0	0	0	0	0	2
14087	0	0	0	0	0	1	0	0	0	0	0	0	1
14088	3	0	0	0	0	0	0	1	0	0	0	0	4
14090	1	0	0	0	1	0	0	0	0	0	0	0	2
14091	2	0	0	0	0	0	0	0	0	0	0	0	2
14092	1	0	0	0	0	0	0	1	0	0	0	0	2
14093	0	0	2	0	0	0	0	0	0	0	0	0	2
14094	2	0	0	0	1	0	0	0	0	0	0	0	3
14095	0	0	0	0	2	2	0	0	0	0	0	0	4
14096	2	0	0	0	0	0	0	0	0	0	0	0	2
14097	0	0	2	0	0	0	0	0	0	0	0	0	2
14098	2	0	0	0	0	0	0	0	0	0	0	0	2
14099	2	0	0	0	0	0	0	0	0	0	0	0	2
14100	0	0	0	1	1	0	0	0	0	0	0	0	2
14101	1	0	0	0	2	0	0	0	0	0	0	0	3
14102	2	0	0	0	1	0	0	0	0	0	0	0	3
14103	0	0	0	0	2	0	0	0	0	0	0	0	2
14104	3	0	0	0	0	0	0	0	0	0	0	0	3
14105	2	0	0	0	0	0	0	0	0	0	0	0	2
14106	0	0	0	0	0	1	0	0	0	0	0	0	1
14107	2	0	0	0	1	0	0	1	0	0	0	0	4
14108	1	0	0	0	0	0	0	0	0	0	0	0	1
14109	0	0	0	0	1	0	0	0	0	0	0	0	1
14110	1	0	0	0	0	0	0	1	0	0	0	0	2
14111	1	0	0	0	1	1	0	1	0	0	0	0	4
14112	1	0	0	0	0	0	0	0	0	0	0	0	1
14113	2	0	0	1	0	0	0	0	0	0	0	0	3
14114	1	0	0	0	0	0	0	1	0	0	0	0	2
14115	6	0	0	0	0	0	0	1	0	0	0	0	7
14117	1	0	0	0	1	0	0	0	0	0	0	0	2
14118	0	0	0	0	0	0	0	1	0	0	0	0	1
14119	0	0	0	1	1	0	0	0	1	0	0	0	3
14120	2	0	0	0	0	0	0	0	0	0	0	0	2
14121	0	0	0	0	1	1	0	1	0	0	0	0	3
14122	3	0	0	0	0	0	0	0	0	0	0	0	3
14123	2	0	0	0	0	0	0	0	0	0	0	0	2
14124	0	0	0	0	2	0	0	0	0	0	0	0	2
14125	0	0	0	0	2	0	0	0	0	0	0	0	2
14126	0	0	0	1	0	0	0	0	0	0	0	0	1
14127	0	0	1	0	0	0	0	0	0	0	0	0	1
14128	3	0	0	0	0	0	0	0	0	0	0	0	3
14129	2	0	1	0	0	0	0	0	0	0	0	0	3
14130	2	0	0	1	0	0	0	0	0	0	0	0	3
14131	0	0	1	0	0	0	0	0	0	0	0	0	1
14132	0	0	1	0	0	0	0	0	0	0	0	0	1
14134	3	0	0	0	2	0	0	0	0	0	0	0	5
14136	1	0	0	0	1	0	0	0	0	0	0	0	2
14137	1	0	0	0	0	0	0	0	0	0	0	0	1
14138	1	0	0	0	6	0	0	0	0	0	0	0	7
14139	4	0	0	0	0	0	0	0	0	0	0	0	4
14140	1	0	0	0	1	0	0	0	0	0	0	0	2
14141	0	0	0	1	0	0	0	0	0	0	0	0	1
14143	1	0	0	0	1	0	0	0	0	0	0	0	2
14144	1	0	0	0	0	0	0	0	0	0	0	0	1
14145	1	0	1	0	0	0	0	0	0	0	0	0	2
14146	1	0	0	0	0	0	0	0	0	0	0	0	1
14148	1	0	0	0	0	0	0	0	0	0	0	0	1
14149	1	0	0	0	1	0	0	1	1	0	0	0	4
14150	0	0	0	1	1	0	0	0	0	0	0	0	2
14151	1	0	0	0	0	0	0	0	0	0	0	0	1
14152	2	0	0	0	1	1	0	0	0	0	0	0	4
14153	2	0	0	0	0	0	1	1	0	0	0	0	4
14154	1	0	0	0	0	0	0	0	0	0	0	0	1
14155	1	0	0	0	0	0	1	0	0	0	0	0	2
14156	3	0	0	0	1	0	0	1	0	0	0	0	5
14157	2	0	0	0	0	0	0	0	0	0	0	0	2
14158	3	0	0	0	0	0	0	0	0	0	0	0	3
14159	1	0	0	0	2	0	0	0	0	0	0	0	3
14160	1	0	0	0	2	0	0	0	0	0	0	0	3
14161	1	0	0	1	1	0	1	0	0	0	0	0	4
14162	0	0	0	0	1	0	0	0	0	0	0	0	1
14163	2	0	0	0	0	0	0	0	0	0	0	0	2
14164	3	0	0	0	1	0	0	0	0	0	0	0	4
14165	2	0	0	0	0	0	0	0	0	0	0	0	2
14166	1	0	0	1	1	0	0	0	0	0	0	0	3
14167	2	0	0	1	1	0	0	0	0	0	0	0	4
14168	0	0	0	2	0	0	1	0	0	0	0	0	3
14169	2	0	0	0	0	0	0	0	0	0	0	0	2
14170	1	0	0	0	1	0	0	0	0	0	0	0	2
14171	1	0	0	0	0	0	0	0	0	0	0	0	1
14172	0	0	0	0	0	1	0	0	0	0	0	0	1
14173	2	0	0	0	0	0	0	0	0	0	0	0	2
14174	0	1	1	0	1	0	0	0	0	0	0	0	3
14175	0	1	0	0	0	0	0	0	0	0	0	0	1
14176	1	0	0	0	1	0	0	0	0	0	0	0	2
14177	2	0	0	0	0	0	0	0	0	0	0	0	2
14178	2	0	0	0	1	0	0	0	0	0	0	0	3
14179	2	0	0	0	0	0	1	0	0	0	0	0	3
14180	0	0	0	1	0	0	0	0	0	0	0	0	1
14182	0	0	0	0	1	1	0	0	0	0	0	0	2
14183	2	0	0	0	0	0	0	0	0	0	0	0	2
14184	2	0	0	0	0	0	0	0	0	0	0	0	2
14185	2	0	0	0	2	0	0	0	0	0	0	0	4
14186	1	0	0	0	3	0	0	0	0	0	0	0	4
14187	3	0	0	0	1	0	0	0	0	0	0	0	4
14188	0	0	0	0	1	0	0	0	0	0	0	0	1
14189	1	0	0	0	2	0	0	0	0	0	0	0	3
14190	1	0	0	0	0	2	0	0	0	0	0	0	3
14191	1	0	0	1	0	0	0	0	0	0	0	0	2
14192	1	0	0	0	0	2	0	0	0	0	0	0	3
14193	1	0	0	0	0	0	0	0	0	0	0	0	1
14194	1	0	0	0	1	0	0	1	0	0	0	0	3
14196	3	0	0	1	0	0	0	0	0	0	0	0	4
14197	1	0	1	0	1	0	0	0	0	0	0	0	3
14198	0	0	0	0	1	0	0	0	0	0	0	0	1
14200	0	0	0	0	0	0	1	1	0	0	0	0	2
14201	0	0	0	0	2	0	0	0	0	0	0	0	2
14202	1	0	1	0	0	0	0	0	0	0	0	0	2
14203	1	0	0	0	0	0	0	0	0	0	0	0	1
14204	2	0	0	0	0	0	0	1	0	0	0	0	3
14205	2	0	0	0	0	0	0	0	0	0	0	0	2
14206	2	0	0	1	0	0	0	0	0	0	0	0	3
14207	1	0	0	1	0	0	0	0	0	0	0	0	2
14208	2	0	0	0	0	0	0	1	0	0	0	0	3
14209	2	0	0	0	0	0	0	0	0	0	0	0	2
14210	2	0	0	0	0	0	0	0	0	0	0	0	2
14211	0	0	0	1	0	0	0	0	0	0	0	0	1
14212	2	0	0	0	0	0	0	1	0	0	0	0	3
14213	1	0	0	0	0	0	0	0	0	0	0	0	1
14214	3	0	0	0	1	0	1	0	0	0	0	0	5
14215	4	0	0	0	0	0	0	0	0	0	0	0	4
14216	2	0	0	0	1	0	1	0	0	0	0	0	4
14217	0	0	0	2	0	0	0	0	0	0	0	0	2
14218	2	0	0	0	0	0	1	0	1	0	0	0	4
14219	0	0	0	1	1	0	0	0	0	0	0	0	2
14222	0	0	0	0	1	0	0	1	0	0	0	0	2
14223	1	0	0	0	0	1	0	0	0	0	0	0	2
14224	2	0	0	0	1	0	0	0	0	0	0	0	3
14225	0	0	0	1	0	0	0	0	0	0	0	0	1
14226	3	0	0	0	1	0	0	0	0	0	0	0	4
14227	1	0	0	0	0	0	0	0	0	0	0	0	1
14228	3	0	0	0	0	0	0	0	0	0	0	0	3
14229	0	0	0	0	2	0	0	0	0	0	0	0	2
14230	2	0	0	0	0	0	0	0	0	0	0	0	2
14231	0	0	0	0	1	0	0	0	0	0	0	0	1
14232	3	0	0	0	0	0	0	0	0	0	0	0	3
14233	1	0	0	0	1	0	1	1	0	0	0	0	4
14234	0	1	0	0	0	0	0	0	0	0	0	0	1
14235	1	0	0	0	0	0	0	0	0	0	0	0	1
14236	0	0	1	0	1	0	0	0	0	0	0	0	2
14237	1	0	1	0	1	0	0	0	0	0	0	0	3
14238	2	0	0	0	0	0	0	0	0	0	0	0	2
14239	0	0	1	0	0	0	0	0	0	0	0	0	1
14240	2	0	0	0	0	0	0	0	0	1	0	0	3
14241	0	0	0	0	3	0	0	0	0	0	0	0	3
14242	3	0	0	0	3	0	0	0	0	0	0	0	6
14243	1	1	0	0	0	0	0	0	0	0	0	0	2
14244	1	0	0	0	1	0	0	0	0	0	0	0	2
14245	1	0	0	1	1	0	0	0	0	0	0	0	3
14246	1	0	0	0	0	0	0	0	0	0	0	0	1
14247	0	0	0	1	0	0	0	0	0	0	0	0	1
14248	1	0	0	0	1	0	0	0	0	0	0	0	2
14250	1	0	0	0	1	0	0	1	0	0	0	0	3
14251	1	0	0	0	1	0	0	0	0	0	0	0	2
14252	1	0	0	1	0	0	0	1	0	0	0	0	3
14253	0	0	0	0	2	0	0	0	0	0	0	0	2
14254	1	0	0	0	0	0	0	0	1	0	0	0	2
14255	1	0	0	0	0	0	0	0	0	0	0	0	1
14257	0	0	1	0	0	0	0	0	0	0	0	0	1
14258	2	0	0	0	0	0	0	0	0	0	0	0	2
14259	0	0	1	0	0	0	0	0	0	0	0	0	1
14260	0	0	0	1	1	0	0	0	0	0	0	0	2
14261	1	0	1	1	0	0	0	0	0	0	0	0	3
14262	0	0	1	0	0	0	0	0	0	0	0	0	1
14263	2	0	0	0	0	0	0	0	0	0	0	0	2
14264	0	0	1	0	0	0	0	0	0	0	0	0	1
14265	0	0	0	0	0	0	0	0	0	1	0	0	1
14266	1	1	0	0	0	0	0	0	0	0	0	0	2
14267	2	0	1	0	0	0	0	0	0	0	0	0	3
14268	1	0	0	0	0	0	0	0	0	0	0	0	1
14269	1	0	0	0	1	0	0	0	0	0	0	0	2
14270	3	0	0	0	0	1	0	0	0	0	0	0	4
14272	0	0	0	0	1	0	0	0	0	0	0	0	1
14273	2	0	0	0	0	0	0	0	0	0	0	0	2
14274	2	0	0	0	0	0	0	1	0	0	0	0	3
14275	1	0	0	0	0	0	0	0	0	0	0	0	1
14276	2	0	0	0	0	0	0	0	0	0	0	0	2
14277	0	0	0	0	3	0	0	0	0	0	0	0	3
14278	0	0	0	0	1	0	0	0	0	0	0	0	1
14279	3	0	0	0	0	0	0	0	0	0	0	0	3
14280	1	0	0	0	1	0	0	0	0	0	0	0	2
14281	1	0	1	0	0	0	0	0	0	0	0	0	2
14282	1	0	0	0	0	1	0	0	0	0	0	0	2
14283	2	0	0	0	0	0	0	1	0	0	0	0	3
14284	1	0	0	0	0	0	0	0	0	0	0	0	1
14285	1	0	0	0	0	0	0	0	0	0	0	0	1
14286	2	0	0	0	0	0	0	0	0	0	0	0	2
14287	1	0	0	0	0	0	0	0	0	0	0	0	1
14288	0	0	0	0	1	0	0	0	0	0	0	0	1
14289	2	0	0	0	1	0	0	1	0	0	0	0	4
14290	2	0	0	0	2	0	1	0	0	0	0	0	5
14291	2	0	0	0	0	0	0	0	0	0	0	0	2
14293	3	0	0	0	0	0	0	0	0	0	0	0	3
14294	1	0	0	0	1	0	0	0	0	0	0	0	2
14295	1	0	0	0	2	0	0	1	0	0	0	0	4
14296	1	0	0	0	0	0	0	0	0	0	0	0	1
14297	3	0	0	0	0	0	0	0	0	0	0	0	3
14299	0	0	1	0	0	0	0	0	0	0	0	0	1
14300	1	0	0	0	0	0	0	0	0	0	0	0	1
14301	0	0	0	0	1	0	0	0	0	1	0	0	2
14302	1	0	0	0	2	0	1	0	2	0	0	0	6
14303	1	0	0	0	2	0	0	0	0	0	0	0	3
14304	2	0	0	0	0	0	0	0	0	0	0	0	2
14305	3	0	0	0	0	0	0	0	0	0	0	0	3
14306	3	0	0	0	0	0	0	1	0	0	0	0	4
14307	1	0	0	0	0	0	0	0	0	0	0	0	1
14308	2	0	0	0	1	0	0	1	0	0	0	0	4
14309	1	1	0	1	1	0	0	0	0	0	0	0	4
14310	2	0	0	0	2	0	0	0	0	0	0	0	4
14311	0	0	0	1	0	0	0	0	0	0	0	0	1
14312	1	0	0	0	0	0	0	1	0	0	0	0	2
14313	1	0	0	0	0	0	0	0	1	0	0	0	2
14315	1	0	0	0	1	0	0	0	0	0	0	0	2
14317	2	0	0	0	1	0	1	0	0	0	0	0	4
14319	1	0	0	1	0	0	0	0	0	0	0	0	2
14320	2	0	0	0	0	0	0	0	0	0	0	0	2
14321	5	0	0	0	0	0	0	1	0	0	0	0	6
14322	1	0	0	0	0	0	0	0	0	0	0	0	1
14323	1	0	0	0	1	0	0	0	0	0	0	0	2
14324	2	0	0	1	1	0	0	0	0	0	0	0	4
14325	5	0	0	0	0	0	0	0	0	0	0	0	5
14326	0	0	0	0	0	0	0	1	0	0	0	0	1
14328	2	0	0	0	0	0	0	0	0	0	0	0	2
14329	1	0	0	1	0	0	0	0	0	0	0	0	2
14331	0	0	1	0	0	0	0	0	0	0	0	0	1
14332	2	0	0	0	1	0	0	0	0	0	0	0	3
14333	2	0	0	0	1	0	0	0	0	0	0	0	3
14334	1	0	0	1	1	0	0	0	0	0	0	0	3
14335	2	0	0	0	0	0	0	0	0	0	0	0	2
14336	0	0	0	0	3	0	0	0	0	0	0	0	3
14337	2	0	0	1	0	0	0	0	0	0	0	0	3
14338	2	0	0	0	0	0	0	1	0	0	0	0	3
14339	1	1	0	0	0	0	0	0	0	0	0	0	2
14340	2	0	0	0	2	0	0	0	0	0	0	0	4
14341	1	0	0	1	1	0	0	0	0	0	0	0	3
14342	2	0	0	0	1	0	0	0	0	0	0	0	3
14343	4	0	0	0	0	0	0	1	0	0	0	0	5
14345	3	0	0	0	0	0	0	0	0	0	0	0	3
14346	4	0	0	0	0	0	0	0	0	0	0	0	4
14347	1	0	0	0	0	0	0	0	0	0	0	0	1
14348	0	0	0	1	0	0	0	0	0	0	0	0	1
14349	1	0	0	0	0	0	0	0	0	0	0	0	1
14350	4	0	0	0	0	1	0	0	1	0	0	0	6
14351	1	0	0	0	0	0	0	0	0	0	0	0	1
14352	0	0	0	0	1	0	0	1	0	0	0	0	2
14353	1	0	1	0	0	0	0	0	0	0	0	0	2
14354	5	0	0	0	0	0	0	0	0	0	0	0	5
14355	2	0	0	0	0	0	0	2	0	0	0	0	4
14356	1	0	0	1	2	0	0	0	0	0	0	0	4
14357	1	0	0	0	0	0	0	1	0	0	0	0	2
14358	1	0	0	1	1	0	0	0	0	0	0	0	3
14359	1	0	0	0	0	0	0	0	0	0	0	0	1
14360	3	0	0	1	0	0	0	1	0	0	0	0	5
14361	1	0	0	1	1	0	0	0	0	0	0	0	3
14362	1	0	0	0	0	1	0	0	0	0	0	0	2
14363	2	0	0	0	0	0	0	0	0	0	0	0	2
14364	1	0	0	0	0	0	0	0	0	0	0	0	1
14365	1	0	0	0	0	0	0	0	0	0	0	0	1
14366	3	0	0	0	0	0	0	0	0	0	0	0	3
14367	1	0	1	0	0	0	0	0	0	0	0	0	2
14368	1	0	0	0	0	0	0	0	0	0	0	0	1
14369	1	0	0	0	0	0	1	0	0	0	0	0	2
14370	3	0	0	0	0	0	1	0	0	0	0	0	4
14371	0	0	0	0	2	0	0	0	0	0	0	0	2
14372	1	0	0	0	0	0	0	0	0	0	0	0	1
14374	1	0	0	0	0	0	0	0	0	0	0	0	1
14375	0	0	0	0	2	0	1	0	0	0	0	0	3
14376	1	0	2	0	0	0	0	0	0	0	0	0	3
14377	2	0	0	0	0	0	1	0	0	0	0	0	3
14378	1	0	0	0	1	0	0	0	0	0	0	0	2
14379	1	0	0	0	1	0	0	2	0	0	0	0	4
14380	0	0	1	0	0	0	0	0	0	0	0	0	1
14381	1	0	0	0	0	0	0	0	0	0	0	0	1
14382	1	0	0	0	0	0	0	1	0	0	0	0	2
14383	3	0	0	0	1	0	0	2	0	0	0	0	6
14384	1	0	0	0	0	0	0	0	0	0	0	0	1
14385	2	0	0	1	0	0	0	0	0	0	0	0	3
14386	0	0	0	1	1	0	0	0	0	0	0	0	2
14387	2	0	0	0	0	0	0	0	0	0	0	0	2
14389	0	0	0	0	0	1	0	0	0	0	0	0	1
14390	2	0	0	0	0	0	0	1	0	0	0	0	3
14391	2	0	0	0	0	0	0	0	0	0	0	0	2
14392	1	0	0	1	0	0	0	0	0	0	0	0	2
14394	0	0	0	0	0	0	0	0	1	0	0	0	1
14395	2	0	0	0	1	0	1	0	0	0	0	0	4
14396	1	0	0	0	0	0	0	0	1	0	0	0	2
14397	1	0	0	0	0	0	0	1	0	0	0	0	2
14398	2	0	0	0	0	0	0	0	0	0	0	0	2
14399	1	0	0	0	0	0	0	1	0	0	0	0	2
14400	1	0	0	0	1	0	0	0	0	0	0	0	2
14401	1	0	0	0	0	1	0	0	0	0	0	0	2
14402	2	0	0	0	1	0	0	0	0	0	0	0	3
14403	2	0	0	1	0	0	0	0	0	0	0	0	3
14404	0	1	0	0	0	0	0	0	0	0	0	0	1
14405	0	0	0	0	1	0	0	0	0	0	0	0	1
14406	1	0	1	0	1	0	0	0	0	0	0	0	3
14407	1	0	0	0	0	0	0	0	0	0	0	0	1
14408	2	0	0	0	0	1	1	1	0	0	0	0	5
14409	1	0	0	0	2	0	0	0	0	0	0	0	3
14411	2	0	0	0	0	0	0	1	0	0	0	0	3
14412	0	0	0	0	2	0	0	1	0	0	0	0	3
14413	1	0	0	0	0	2	0	0	0	0	0	0	3
14414	0	0	1	0	0	0	0	0	0	0	0	0	1
14415	2	0	0	0	2	0	0	0	0	0	0	0	4
14416	1	0	0	0	0	1	1	0	0	0	0	0	3
14417	0	0	0	0	1	0	0	0	0	0	0	0	1
14418	1	0	0	0	0	0	0	0	0	0	0	0	1
14419	1	0	0	0	1	0	0	0	0	0	0	0	2
14420	1	0	0	0	0	0	0	0	0	0	0	0	1
14421	1	0	0	0	0	0	0	0	0	0	0	0	1
14422	0	0	0	1	0	0	0	0	0	0	0	0	1
14423	1	0	0	0	0	0	0	0	0	0	0	0	1
14424	4	0	0	0	0	0	0	1	0	0	0	0	5
14425	1	1	1	1	1	0	0	0	0	0	0	0	5
14426	0	0	1	0	0	0	0	0	0	0	0	0	1
14427	1	0	0	0	0	0	0	1	0	0	0	0	2
14428	3	0	0	0	0	0	1	0	0	0	0	0	4
14429	3	0	0	0	1	0	0	0	0	0	0	0	4
14430	0	1	1	0	0	0	0	1	0	0	0	0	3
14431	1	0	0	1	2	0	0	0	0	0	0	0	4
14432	0	0	0	0	4	0	0	0	0	0	0	0	4
14433	2	0	0	0	0	0	0	0	0	0	0	0	2
14434	1	0	0	0	1	0	0	0	0	0	0	0	2
14435	1	0	0	0	0	0	0	0	0	0	0	0	1
14436	1	0	0	0	1	0	0	0	0	0	0	0	2
14437	4	0	0	0	0	0	0	1	0	0	0	0	5
14438	1	0	1	0	1	0	0	0	0	0	0	0	3
14439	1	0	0	0	1	0	0	0	0	0	0	0	2
14440	2	0	0	0	0	0	0	0	0	0	0	0	2
14441	2	0	0	0	0	0	0	1	0	0	0	0	3
14442	1	0	0	0	0	0	0	0	1	0	0	0	2
14443	1	0	0	0	0	0	0	0	0	0	0	0	1
14444	1	0	0	0	1	0	0	0	0	0	0	0	2
14445	2	0	0	0	0	0	0	0	0	0	0	0	2
14446	1	0	0	0	0	0	0	0	0	0	0	0	1
14447	1	0	2	0	0	0	0	1	0	0	0	0	4
14448	0	0	1	0	0	0	0	0	0	0	0	0	1
14449	0	0	0	0	0	0	0	1	0	0	0	0	1
14450	1	0	0	0	0	0	0	0	0	0	0	0	1
14451	1	0	2	0	0	0	0	0	0	0	0	0	3
14452	1	0	0	0	0	0	0	0	0	0	0	0	1
14453	1	0	0	0	1	0	0	0	0	0	0	0	2
14454	2	0	0	0	0	0	0	0	0	0	0	0	2
14455	2	0	0	0	0	0	0	0	0	0	0	0	2
14456	2	0	0	0	0	0	0	0	0	0	0	0	2
14457	1	0	0	1	0	0	0	1	0	0	0	0	3
14458	1	0	0	0	1	0	1	1	0	0	0	0	4
14459	2	0	0	0	0	0	0	1	0	0	0	0	3
14461	1	0	0	0	1	0	0	0	0	0	0	0	2
14462	1	0	0	0	0	0	0	0	0	0	0	0	1
14463	2	0	0	0	0	0	0	0	0	0	0	0	2
14464	1	0	1	0	1	0	0	0	0	0	0	0	3
14465	1	0	0	0	0	0	0	1	0	0	0	0	2
14466	2	0	0	0	0	0	0	0	0	0	0	0	2
14467	1	0	0	0	2	1	0	1	0	0	0	0	5
14468	0	1	0	1	0	0	0	0	0	0	0	0	2
14469	3	0	0	0	0	0	0	0	0	0	0	0	3
14470	1	0	0	0	0	1	1	0	0	0	0	0	3
14471	2	0	0	0	0	1	0	0	0	0	0	0	3
14472	0	0	0	0	0	1	0	0	0	0	0	0	1
14473	2	0	0	0	0	0	0	0	0	0	0	0	2
14474	3	0	0	0	0	0	1	0	0	0	0	0	4
14475	3	0	0	1	0	0	0	0	0	0	0	0	4
14476	1	0	0	0	2	0	0	0	0	0	0	0	3
14477	1	0	0	0	1	0	0	0	0	0	0	0	2
14478	3	0	0	1	1	0	0	0	0	0	0	0	5
14479	2	0	0	1	0	0	0	0	0	0	0	0	3
14480	4	0	0	0	0	0	0	1	0	0	0	0	5
14481	1	0	0	0	1	0	0	0	0	0	0	0	2
14482	2	0	0	0	0	0	0	0	0	0	0	0	2
14484	4	0	0	0	1	0	0	1	1	0	0	0	7
14485	2	0	0	0	0	0	0	0	0	0	0	0	2
14486	2	0	0	0	2	0	0	0	0	0	0	0	4
14487	0	0	0	0	1	0	0	0	0	0	0	0	1
14488	2	0	1	0	0	0	0	0	0	0	0	0	3
14489	1	0	0	0	1	0	0	0	0	0	0	0	2
14490	0	0	0	0	2	0	0	0	0	0	0	0	2
14491	2	0	0	0	0	0	0	0	0	0	0	0	2
14492	2	0	0	0	0	0	0	0	0	0	0	0	2
14493	1	0	0	0	2	0	0	1	0	0	0	0	4
14494	2	0	0	0	0	0	0	0	0	0	0	0	2
14495	1	1	0	0	0	1	0	0	0	0	0	0	3
14496	2	1	0	0	1	0	0	1	0	0	0	0	5
14498	2	0	0	1	3	0	0	0	0	0	0	0	6
14499	1	0	0	0	1	0	0	0	0	0	0	0	2
14500	2	0	0	0	1	0	0	1	0	0	0	0	4
14501	1	0	0	0	0	0	0	0	0	0	0	0	1
14502	0	1	0	0	0	0	0	0	0	0	0	0	1
14503	2	0	0	1	0	0	0	0	0	0	0	0	3
14504	1	0	1	0	1	0	0	0	0	0	0	0	3
14505	1	0	0	1	1	0	0	0	0	0	0	0	3
14506	2	0	0	0	0	0	1	0	0	0	0	0	3
14507	2	0	0	0	1	0	0	0	0	0	0	0	3
14508	1	0	0	0	1	0	0	1	0	0	0	0	3
14509	0	1	0	0	0	0	0	0	0	0	0	0	1
14510	0	0	0	0	1	0	0	0	0	0	0	0	1
14511	2	0	0	0	0	0	1	0	0	0	0	0	3
14512	2	0	0	0	1	0	0	0	0	0	0	0	3
14513	2	0	0	0	0	0	0	0	0	0	0	0	2
14514	4	0	0	0	0	0	0	0	0	0	0	0	4
14515	1	0	0	0	1	0	0	1	0	0	0	0	3
14516	3	0	0	0	0	0	0	0	0	0	0	0	3
14517	2	0	0	0	1	0	0	1	0	0	0	0	4
14518	1	0	0	0	1	0	0	0	0	0	0	0	2
14519	1	0	0	0	1	0	0	0	0	0	0	0	2
14520	3	0	0	0	1	1	0	0	0	0	0	0	5
14521	4	0	0	0	0	0	0	2	0	0	0	0	6
14522	3	0	0	0	1	0	0	0	0	0	0	0	4
14523	2	0	0	0	0	0	0	0	0	0	0	0	2
14525	1	0	1	0	0	0	0	0	0	0	0	0	2
14526	2	0	0	0	1	0	1	1	0	0	0	0	5
14527	3	0	0	0	0	0	0	0	0	0	0	0	3
14528	2	0	0	1	0	0	0	0	0	0	0	0	3
14529	3	0	0	0	1	0	0	0	0	0	0	0	4
14530	3	0	0	0	0	0	1	1	0	0	0	0	5
14531	2	0	0	0	0	0	0	0	0	0	0	0	2
14533	0	0	0	1	0	0	0	0	0	0	0	0	1
14534	0	0	1	0	0	0	0	0	0	0	0	0	1
14535	3	0	0	0	1	0	0	0	0	0	0	0	4
14537	2	0	0	0	0	0	0	0	0	0	0	0	2
14538	1	0	0	0	2	0	0	0	0	0	0	0	3
14539	0	0	0	0	2	0	0	0	0	0	0	0	2
14540	0	0	0	0	2	0	0	0	0	0	0	0	2
14541	2	0	0	2	0	0	0	0	0	0	0	0	4
14542	4	0	0	0	0	0	0	0	0	0	0	0	4
14543	0	0	0	1	0	0	0	0	0	0	0	0	1
14544	3	0	0	0	1	0	0	0	0	0	0	0	4
14545	1	0	0	0	1	0	0	0	0	0	0	0	2
14546	3	0	0	0	0	0	0	1	0	0	0	0	4
14547	2	0	0	0	0	0	0	0	0	0	0	0	2
14549	2	0	0	0	1	0	0	0	0	0	0	0	3
14550	1	0	0	0	1	0	1	0	0	0	0	0	3
14551	0	0	0	0	1	0	1	0	0	0	0	0	2
14552	1	0	0	0	1	1	0	0	0	0	0	0	3
14553	1	0	0	0	0	0	0	0	0	0	0	0	1
14554	1	0	0	0	0	1	0	0	0	0	0	0	2
14555	1	0	0	0	2	0	0	0	0	0	0	0	3
14556	0	0	0	0	2	0	0	0	0	0	0	0	2
14557	2	0	0	0	0	0	0	0	0	0	0	0	2
14558	1	0	1	0	1	0	0	0	0	0	0	0	3
14559	3	0	0	1	0	0	0	1	0	0	0	0	5
14560	2	0	0	0	0	0	0	0	0	0	0	0	2
14561	2	0	0	0	1	0	0	0	1	0	0	0	4
14562	1	0	0	0	1	0	0	0	0	0	0	0	2
14563	1	0	0	0	0	0	0	0	0	0	0	0	1
14564	1	0	0	1	0	0	0	0	0	0	0	0	2
14565	2	0	0	0	0	0	0	1	0	0	0	0	3
14566	0	0	0	0	2	0	0	0	0	0	0	0	2
14567	1	0	0	0	0	0	0	0	0	0	0	0	1
14568	1	0	0	0	1	0	0	0	0	0	0	0	2
14569	0	0	1	0	0	0	0	0	0	0	0	0	1
14570	2	0	0	0	1	0	0	0	0	0	0	0	3
14571	2	0	0	0	0	0	0	1	0	0	0	0	3
14572	2	0	0	0	0	0	0	0	0	0	0	0	2
14573	2	0	0	0	0	0	0	0	0	0	0	0	2
14574	0	0	0	0	0	0	1	0	0	0	0	0	1
14575	2	0	0	0	0	0	0	0	0	0	0	0	2
14576	2	0	0	0	0	0	0	0	0	0	0	0	2
14577	0	0	1	0	0	0	0	0	0	0	0	0	1
14578	1	0	0	0	0	0	1	0	0	0	0	0	2
14579	2	0	0	1	0	0	0	0	0	0	0	0	3
14580	0	0	1	0	0	0	0	0	0	0	0	0	1
14581	2	0	0	0	0	0	0	0	0	0	0	0	2
14582	1	0	0	0	0	0	0	0	0	0	0	0	1
14583	0	0	0	0	1	0	0	0	0	0	0	0	1
14584	2	0	0	0	1	2	0	0	0	0	0	0	5
14585	1	0	0	0	0	0	0	0	0	0	0	0	1
14586	2	0	0	0	0	0	0	0	0	0	0	0	2
14587	2	0	0	0	1	0	0	0	0	0	0	0	3
14589	2	0	0	0	1	0	0	0	1	0	0	0	4
14590	0	0	0	1	4	0	0	0	0	0	0	0	5
14591	1	0	0	0	1	0	0	0	0	0	0	0	2
14592	2	0	0	0	0	0	0	0	0	0	0	0	2
14595	2	0	0	0	1	0	0	0	0	0	0	0	3
14596	2	0	0	1	0	0	0	1	0	0	0	0	4
14597	3	0	0	0	0	0	0	1	0	0	0	0	4
14598	0	0	0	0	1	0	0	0	0	0	0	0	1
14599	1	0	0	0	0	0	0	0	0	0	0	0	1
14600	2	0	0	0	0	0	0	0	0	0	0	0	2
14601	2	0	0	0	1	0	0	0	0	0	0	0	3
14602	2	0	0	0	1	0	0	0	0	0	0	0	3
14603	1	0	0	1	0	0	0	0	0	0	0	0	2
14604	4	0	0	1	0	0	0	0	0	0	0	0	5
14605	1	0	0	0	0	0	0	0	0	0	0	0	1
14606	2	0	0	0	1	0	0	0	0	0	0	0	3
14607	0	1	0	0	0	0	0	0	0	0	0	0	1
14608	2	0	0	0	0	0	0	0	0	0	0	0	2
14609	1	0	0	0	0	0	0	0	0	0	0	0	1
14610	1	0	0	0	0	0	0	0	0	0	0	0	1
14611	1	0	0	0	0	0	0	1	0	0	0	0	2
14613	1	0	0	1	0	0	1	0	0	0	0	0	3
14614	3	0	0	0	0	0	0	0	0	0	0	0	3
14615	2	0	1	0	0	0	0	0	0	0	0	0	3
14616	1	0	0	0	1	0	0	0	0	0	0	0	2
14617	1	0	0	0	0	0	0	1	0	0	0	0	2
14618	1	0	0	0	0	0	1	0	0	0	0	0	2
14619	2	1	0	0	0	0	0	0	0	0	0	0	3
14620	2	0	0	0	0	0	0	1	0	0	0	0	3
14621	2	0	0	0	1	0	0	0	0	0	0	0	3
14622	2	0	0	0	0	0	0	0	0	0	0	0	2
14623	3	0	0	0	0	0	0	0	0	0	0	0	3
14624	1	0	0	0	2	0	0	0	0	0	0	0	3
14625	2	0	0	0	0	0	1	0	0	0	0	0	3
14626	2	0	0	0	0	0	1	0	0	0	0	0	3
14627	2	0	0	0	1	0	0	0	0	0	0	0	3
14628	2	0	0	0	1	0	0	1	0	0	0	0	4
14629	2	0	0	0	1	0	0	0	0	0	0	0	3
14630	1	0	0	0	1	0	1	0	1	0	0	0	4
14631	2	0	0	0	0	0	0	0	0	0	0	0	2
14632	0	1	1	0	0	0	0	0	0	0	0	0	2
14633	2	0	0	0	1	0	0	0	0	0	0	0	3
14634	2	0	0	0	0	0	0	0	0	0	0	0	2
14635	2	0	0	0	0	0	0	0	0	0	0	0	2
14636	1	0	0	0	0	0	0	0	0	0	0	0	1
14637	1	0	0	0	0	0	0	0	0	0	0	0	1
14638	2	0	0	0	0	0	0	0	0	0	0	0	2
14639	1	0	0	0	0	0	0	1	0	0	0	0	2
14640	1	1	0	0	0	0	1	0	1	0	0	0	4
14641	4	0	0	0	0	0	0	0	0	0	0	0	4
14642	1	0	0	0	0	0	0	1	0	0	0	0	2
14643	1	0	0	0	1	0	0	0	0	0	0	0	2
14644	0	0	0	0	2	0	0	0	0	0	0	0	2
14645	2	0	0	0	1	2	0	0	0	0	0	0	5
14646	2	0	0	0	0	0	0	0	0	0	0	0	2
14647	3	0	0	0	0	0	0	0	0	0	0	0	3
14648	2	0	0	0	2	0	0	2	0	0	0	0	6
14649	2	0	0	1	0	0	0	0	0	0	0	0	3
14650	3	0	0	1	1	0	0	0	0	0	0	0	5
14651	2	0	0	0	2	0	0	0	0	0	0	0	4
14652	2	0	0	0	0	0	0	0	0	0	0	0	2
14653	2	0	0	0	0	0	0	1	0	0	0	0	3
14654	0	1	0	0	0	0	0	0	0	0	0	0	1
14655	1	0	0	0	0	0	0	0	0	0	0	0	1
14656	3	0	0	0	0	0	0	0	0	0	0	0	3
14657	1	0	0	0	1	0	1	0	0	0	0	0	3
14658	0	0	0	0	2	0	0	0	0	0	0	0	2
14659	2	0	0	0	1	0	0	0	0	0	0	0	3
14660	2	0	0	0	0	0	0	0	0	0	0	0	2
14661	4	0	0	0	0	0	0	0	0	0	0	0	4
14662	3	0	0	0	1	0	1	0	0	0	0	0	5
14663	1	0	0	1	1	0	0	0	0	0	0	0	3
14664	2	0	1	0	0	0	0	0	0	0	0	0	3
14665	1	0	0	0	2	0	0	1	0	0	0	0	4
14666	0	0	0	0	2	0	1	0	0	0	0	0	3
14667	2	0	0	0	0	0	0	0	0	0	0	0	2
14668	2	0	0	0	0	0	1	0	0	0	0	0	3
14669	4	0	0	0	0	0	0	1	0	0	0	0	5
14670	1	0	0	0	0	0	1	0	0	0	0	0	2
14671	4	0	0	0	0	0	0	0	0	0	0	0	4
14672	1	0	0	0	0	0	0	0	0	0	0	0	1
14673	3	0	0	0	0	0	0	0	0	0	0	0	3
14674	2	0	0	0	2	0	0	0	0	0	0	0	4
14675	3	0	0	0	0	0	0	0	0	0	0	0	3
14676	4	0	0	0	0	0	0	0	0	0	0	0	4
14677	3	0	0	0	0	1	0	0	0	0	0	0	4
14678	1	0	0	0	0	0	1	0	0	0	0	0	2
14679	1	0	0	0	1	0	0	0	0	0	0	0	2
14680	2	0	0	1	0	0	0	1	0	0	0	0	4
14681	1	0	0	0	1	0	0	0	0	0	0	0	2
14683	4	1	0	0	0	0	0	0	0	0	0	0	5
14685	1	0	0	0	1	0	0	0	0	0	0	0	2
14686	1	0	0	0	1	0	0	0	0	1	0	0	3
14687	4	0	0	0	0	1	0	0	0	0	0	0	5
14688	1	0	0	1	0	0	1	0	0	0	0	0	3
14689	1	0	0	1	0	0	0	0	0	0	0	0	2
14690	1	0	0	0	0	0	0	0	0	0	0	0	1
14691	1	0	0	0	1	0	0	1	0	0	0	0	3
14692	2	0	0	0	0	0	0	1	0	0	0	0	3
14693	1	0	0	0	0	0	0	1	0	0	0	0	2
14694	2	0	0	0	0	0	0	1	0	0	0	0	3
14695	2	0	0	0	2	0	0	0	0	0	0	0	4
14697	2	0	0	0	1	0	0	0	0	0	0	0	3
14698	2	0	0	0	1	0	0	0	0	0	0	0	3
14699	1	0	1	0	0	0	0	0	0	0	0	0	2
14700	1	0	0	0	0	1	0	0	0	0	0	0	2
14701	1	0	0	0	0	0	0	0	0	0	0	0	1
14703	1	0	0	0	1	0	1	0	0	0	0	0	3
14704	0	0	0	0	1	0	0	0	0	0	0	0	1
14705	2	0	0	0	0	0	0	0	0	0	0	0	2
14706	3	0	0	0	0	0	0	0	0	0	0	0	3
14707	0	0	0	0	4	0	0	0	0	0	0	0	4
14708	2	0	0	0	0	0	0	0	0	0	0	0	2
14710	4	0	0	0	0	0	0	0	0	0	0	0	4
14711	2	0	0	0	0	0	0	0	0	0	0	0	2
14712	3	0	0	0	0	0	1	1	0	0	0	0	5
14713	0	0	0	0	1	1	0	0	0	0	0	0	2
14714	0	0	0	0	1	0	0	0	0	0	0	0	1
14715	2	0	0	0	2	0	0	0	0	0	0	0	4
14717	2	0	0	0	0	0	0	0	0	0	0	0	2
14718	1	0	0	0	1	0	0	0	0	0	0	0	2
14719	0	0	0	0	0	1	0	0	0	0	0	0	1
14720	2	0	0	0	0	0	0	0	0	0	0	0	2
14721	1	0	0	0	1	0	0	0	0	0	0	0	2
14722	2	0	0	0	0	0	0	1	0	0	0	0	3
14723	0	0	0	0	2	0	0	1	0	0	0	0	3
14724	1	0	0	0	1	0	0	0	0	0	0	0	2
14725	1	0	0	0	0	1	0	0	0	0	0	0	2
14726	0	0	0	0	1	0	0	0	0	0	0	0	1
14728	2	0	0	0	0	0	0	0	0	0	0	0	2
14729	2	0	0	0	0	0	0	1	0	0	0	0	3
14730	3	0	0	0	1	0	0	0	0	0	0	0	4
14731	1	0	0	0	0	0	0	0	0	0	0	0	1
14732	1	0	0	0	1	0	0	0	0	0	0	0	2
14733	2	0	0	0	1	1	0	1	0	0	0	0	5
14734	1	0	0	0	1	0	0	0	0	0	0	0	2
14735	3	0	1	0	0	0	0	0	0	0	0	0	4
14736	2	0	0	0	0	0	0	0	0	0	0	0	2
14738	2	0	0	0	0	0	0	0	0	0	0	0	2
14739	0	0	0	0	1	0	0	0	1	0	0	0	2
14740	1	0	0	0	0	0	0	0	0	0	0	0	1
14741	2	0	0	0	0	0	1	0	0	0	0	0	3
14742	2	0	0	1	0	0	0	0	0	0	0	0	3
14743	2	0	0	0	0	0	0	1	0	0	0	0	3
14744	2	0	0	0	0	0	0	1	0	0	0	0	3
14745	3	0	0	0	1	0	0	0	0	0	0	0	4
14746	0	0	0	0	1	0	0	1	0	0	0	0	2
14747	2	0	0	0	0	0	0	0	0	0	0	0	2
14748	1	1	0	1	0	0	0	0	0	0	0	0	3
14749	3	0	0	0	0	0	0	0	0	0	0	0	3
14750	2	0	0	0	0	1	0	0	0	0	0	0	3
14751	1	0	0	0	0	0	0	0	0	0	0	0	1
14752	4	0	0	0	0	0	0	0	0	0	0	0	4
14753	0	0	0	0	2	0	0	0	0	0	0	0	2
14754	1	0	0	1	2	0	0	1	0	0	0	0	5
14755	1	0	0	0	2	0	1	0	0	0	0	0	4
14756	1	1	0	0	0	0	0	0	0	0	0	0	2
14757	2	0	0	0	0	0	0	0	0	0	0	0	2
14758	2	0	0	0	1	0	0	0	1	0	0	0	4
14759	3	0	0	0	0	0	0	1	0	0	0	0	4
14760	0	0	0	0	2	0	0	0	0	0	0	0	2
14761	2	0	0	0	0	0	0	0	0	0	0	0	2
14762	1	0	0	0	0	0	0	0	0	0	0	0	1
14763	1	0	0	0	1	0	0	0	0	0	0	0	2
14764	1	0	0	0	0	0	0	0	0	0	0	0	1
14765	1	0	0	0	0	0	0	1	0	0	0	0	2
14766	0	0	0	0	1	0	0	0	0	0	0	0	1
14767	2	0	0	0	0	0	0	0	0	0	0	0	2
14768	3	0	1	0	0	0	0	0	0	0	0	0	4
14770	0	0	0	0	1	0	0	0	0	0	0	0	1
14771	2	0	1	0	0	0	1	0	0	0	0	0	4
14772	1	0	0	0	1	0	0	1	0	0	0	0	3
14773	1	0	0	0	0	0	0	1	0	0	0	0	2
14774	1	0	0	0	1	0	0	0	0	0	0	0	2
14775	1	0	0	0	0	0	0	0	0	0	0	0	1
14776	0	1	0	0	0	0	0	0	0	0	0	0	1
14777	0	0	0	0	3	0	0	1	0	0	0	0	4
14778	2	0	0	0	1	0	0	1	0	0	0	0	4
14779	2	0	0	0	0	0	0	0	0	0	0	0	2
14780	1	0	0	0	0	0	0	0	0	0	0	0	1
14781	2	0	0	0	0	0	0	0	0	0	0	0	2
14782	2	0	0	1	0	0	0	0	0	0	0	0	3
14784	3	0	0	0	1	0	0	0	0	0	0	0	4
14785	1	0	0	0	1	0	0	0	0	0	0	0	2
14786	1	0	0	0	1	0	0	0	0	0	0	0	2
14787	1	0	0	1	0	0	0	1	0	0	0	0	3
14788	2	0	0	0	1	0	0	1	0	0	0	0	4
14789	1	0	0	0	2	0	0	1	0	0	0	0	4
14790	1	0	0	0	0	0	0	0	0	0	0	0	1
14791	2	0	0	0	0	0	1	0	0	0	0	0	3
14792	1	0	0	0	0	0	0	0	0	0	0	0	1
14795	4	0	0	0	0	0	0	0	0	0	0	0	4
14796	1	0	1	0	2	0	0	0	0	0	0	0	4
14797	2	0	0	0	0	0	0	0	0	0	0	0	2
14798	2	0	0	1	0	0	0	0	0	0	0	0	3
14799	2	0	0	0	0	0	0	1	0	0	0	0	3
14800	3	0	0	0	1	0	0	0	0	0	0	0	4
14801	1	0	0	0	0	0	1	0	0	0	0	0	2
14802	1	0	0	1	0	1	0	0	0	0	0	0	3
14803	1	0	0	0	2	0	0	2	0	0	0	0	5
14804	5	0	0	0	0	0	0	0	0	0	0	0	5
14806	0	0	0	0	2	0	0	1	0	0	0	0	3
14807	0	0	0	0	2	0	0	0	0	0	0	0	2
14808	0	0	0	1	0	0	0	1	0	0	0	0	2
14809	1	0	0	0	4	0	0	0	0	0	0	0	5
14810	2	0	0	0	0	0	1	0	0	0	0	0	3
14811	1	0	0	0	0	0	0	0	0	0	0	0	1
14812	1	0	1	0	0	0	0	0	0	0	0	0	2
14813	2	0	0	0	1	0	0	0	0	0	0	0	3
14814	1	0	0	0	0	0	0	0	0	0	0	0	1
14815	1	0	0	0	0	0	0	0	0	1	0	0	2
14816	1	0	0	0	0	0	0	1	0	0	0	0	2
14817	1	0	0	0	1	0	0	0	0	0	0	0	2
14818	1	0	0	0	4	0	0	1	0	0	0	0	6
14819	4	0	0	0	0	0	0	0	0	0	0	0	4
14820	1	0	0	0	0	0	1	0	0	0	0	0	2
14821	1	0	0	0	1	0	0	0	0	0	0	0	2
14822	1	0	0	0	0	0	0	0	0	0	0	0	1
14823	0	0	1	0	0	0	0	0	0	0	0	0	1
14824	0	0	1	0	0	0	0	0	0	1	0	0	2
14826	0	0	0	0	1	0	0	0	0	0	0	0	1
14827	1	0	0	0	0	0	0	1	0	0	0	0	2
14828	1	0	0	0	0	0	0	0	0	0	0	0	1
14829	1	1	0	0	1	0	0	0	0	0	0	0	3
14830	1	0	0	0	2	0	0	0	0	0	0	0	3
14831	1	0	0	3	0	0	0	1	0	0	0	0	5
14832	2	0	0	0	0	0	0	0	0	0	0	0	2
14833	2	0	0	0	0	0	0	1	0	0	0	0	3
14834	1	0	0	1	1	0	0	0	0	0	0	0	3
14835	3	0	0	0	0	0	0	0	0	0	0	0	3
14836	1	0	0	0	0	1	0	0	0	0	0	0	2
14837	2	0	0	0	1	0	0	1	0	0	0	0	4
14838	1	0	0	0	0	0	0	0	0	0	0	0	1
14839	2	0	0	0	0	0	0	0	0	0	0	0	2
14840	0	0	0	1	0	0	0	0	0	0	0	0	1
14842	1	0	0	0	2	0	0	0	0	0	0	0	3
14843	2	0	0	0	0	0	0	1	0	0	0	0	3
14844	1	0	0	0	0	0	0	0	0	0	0	0	1
14845	1	0	0	1	0	0	0	0	0	0	0	0	2
14846	1	0	0	0	1	0	0	0	0	0	0	0	2
14847	0	1	0	0	0	0	1	0	0	0	0	0	2
14848	1	0	0	0	1	0	0	0	0	0	0	0	2
14849	2	0	0	0	1	0	1	1	0	0	0	0	5
14850	4	0	0	0	0	0	0	0	0	0	0	0	4
14851	4	0	0	0	0	0	0	0	0	0	0	0	4
14852	5	0	0	0	0	0	0	0	0	0	0	0	5
14853	2	0	0	0	1	0	0	0	0	0	0	0	3
14854	0	1	0	0	0	0	0	0	0	0	0	0	1
14855	2	0	0	0	0	0	0	0	0	0	0	0	2
14856	3	0	0	0	0	0	0	0	0	0	0	0	3
14857	2	0	0	0	1	0	0	0	0	0	0	0	3
14858	1	0	0	0	0	0	0	0	0	0	0	0	1
14859	1	0	0	0	0	0	1	1	0	0	0	0	3
14860	0	0	0	0	2	0	0	0	0	0	0	0	2
14861	0	0	0	0	4	0	0	0	0	0	0	0	4
14862	2	0	0	1	0	0	0	0	0	0	0	0	3
14863	0	0	0	0	2	0	0	0	0	0	0	0	2
14864	3	0	0	0	0	0	0	0	0	0	0	0	3
14865	2	0	0	0	0	0	0	0	0	0	0	0	2
14866	0	0	0	0	2	0	0	0	0	0	0	0	2
14867	2	0	0	0	1	1	0	0	0	0	0	0	4
14868	2	0	0	0	0	0	0	1	0	0	0	0	3
14870	1	0	0	1	0	0	0	0	0	0	0	0	2
14871	2	0	0	0	0	0	0	0	0	0	0	0	2
14872	0	0	0	0	2	0	0	0	0	0	0	0	2
14873	0	1	0	0	0	0	0	1	0	0	0	0	2
14875	1	0	0	0	1	0	0	0	1	0	0	0	3
14876	1	0	0	0	0	0	0	2	0	0	0	0	3
14877	1	0	0	0	0	0	0	0	0	0	0	0	1
14878	3	0	0	0	2	0	0	0	0	0	0	0	5
14880	0	1	0	1	1	0	0	0	0	0	0	0	3
14881	1	0	0	0	0	0	1	0	0	0	0	0	2
14882	4	0	0	1	1	0	0	0	0	0	0	0	6
14883	0	0	0	0	1	0	0	0	0	0	0	0	1
14884	0	0	0	0	1	0	0	0	0	0	0	0	1
14885	1	0	0	0	0	0	0	0	0	0	0	0	1
14886	2	0	0	0	0	0	0	1	0	0	0	0	3
14887	1	0	0	0	1	0	0	0	0	0	0	0	2
14888	2	0	0	0	2	0	0	0	0	0	0	0	4
14889	2	0	0	0	0	0	0	0	0	0	0	0	2
14890	1	0	0	0	0	0	0	0	0	0	0	0	1
14891	2	0	0	0	0	0	0	0	0	0	0	0	2
14892	0	0	0	1	3	0	0	0	0	0	0	0	4
14893	2	0	0	0	1	0	0	0	0	0	0	0	3
14894	0	0	0	0	1	0	0	0	0	0	0	0	1
14895	1	0	0	0	0	0	0	0	0	0	0	0	1
14896	3	0	0	0	2	0	0	0	0	0	0	0	5
14897	2	0	0	0	0	2	0	1	0	0	0	0	5
14898	0	0	0	0	1	0	0	0	0	0	0	0	1
14899	1	0	0	0	0	0	0	1	0	0	0	0	2
14900	1	0	0	0	1	0	0	0	0	0	0	0	2
14901	1	0	0	0	1	0	0	0	0	0	0	0	2
14902	1	0	0	0	0	0	0	0	0	0	0	0	1
14903	1	0	0	0	0	0	0	0	0	0	0	0	1
14904	4	0	0	0	1	0	0	1	0	0	0	0	6
14905	0	0	0	0	2	0	0	0	0	0	0	0	2
14906	0	0	0	1	0	0	0	0	0	0	0	0	1
14907	2	0	0	1	2	0	0	0	0	0	0	0	5
14908	1	0	0	1	0	0	0	0	0	0	0	0	2
14909	0	0	1	0	0	0	0	0	0	0	0	0	1
14910	0	0	1	0	0	0	0	0	0	0	0	0	1
14911	0	0	0	0	1	0	0	0	0	0	0	0	1
14912	1	0	0	2	0	0	1	0	0	0	0	0	4
14913	1	0	0	0	1	0	0	0	0	0	0	0	2
14914	0	0	0	0	0	0	0	1	0	0	0	0	1
14915	1	0	0	0	1	0	0	0	0	0	0	0	2
14916	2	0	0	0	0	0	0	0	0	0	0	0	2
14917	1	0	0	0	0	0	0	0	0	0	0	0	1
14918	2	0	0	0	1	0	0	0	0	0	0	0	3
14919	0	0	0	0	2	0	0	0	0	0	0	0	2
14920	2	0	0	0	1	0	0	0	0	0	0	0	3
14921	0	0	0	1	1	0	0	0	0	0	0	0	2
14922	2	0	0	0	1	0	0	0	0	0	0	0	3
14923	0	0	0	0	3	0	0	0	0	0	0	0	3
14924	1	0	0	1	0	0	0	0	0	0	0	0	2
14925	1	1	0	0	0	0	0	0	0	0	0	0	2
14927	1	0	0	0	0	0	0	1	0	0	0	0	2
14928	2	0	0	0	1	0	0	0	0	0	0	0	3
14929	1	1	0	0	0	0	0	0	0	0	0	0	2
14930	1	0	0	0	0	0	4	0	0	0	0	0	5
14931	2	0	0	0	2	0	0	0	0	0	0	0	4
14933	1	0	0	0	0	0	0	0	0	0	0	0	1
14934	2	0	0	0	2	0	0	0	0	0	0	0	4
14936	0	0	0	0	1	0	0	0	0	0	0	0	1
14937	2	0	0	0	0	0	0	0	0	0	0	0	2
14938	3	0	0	0	1	0	1	1	0	0	0	0	6
14939	1	0	0	0	0	0	0	0	0	0	0	0	1
14940	3	0	0	0	0	0	0	1	0	0	0	0	4
14941	2	0	0	0	1	0	0	0	0	0	0	0	3
14942	0	1	0	0	1	0	0	0	0	0	0	0	2
14943	2	0	0	0	1	0	0	0	0	0	0	0	3
14944	2	0	0	0	0	0	0	0	0	0	0	0	2
14945	1	0	0	0	1	0	0	0	0	0	0	0	2
14946	4	0	0	0	0	0	0	0	1	0	0	0	5
14947	1	0	0	0	0	0	0	1	0	0	0	0	2
14948	2	0	0	0	0	0	0	0	0	0	0	0	2
14949	3	0	0	0	0	0	0	0	0	0	0	0	3
14950	2	0	0	0	0	0	0	0	0	0	0	0	2
14951	5	0	0	0	0	0	0	0	0	0	0	0	5
14952	1	0	0	0	0	0	0	0	0	0	0	0	1
14953	1	0	0	0	1	0	0	0	0	0	0	0	2
14954	3	0	0	0	0	0	0	0	0	0	0	0	3
14955	1	0	0	0	2	0	0	0	0	0	0	0	3
14956	0	1	0	0	0	0	0	0	0	0	0	0	1
14957	1	0	0	0	0	0	0	0	0	0	0	0	1
14958	0	0	0	0	3	1	0	0	0	0	0	0	4
14959	4	0	0	0	0	1	0	0	0	0	0	0	5
14960	0	1	0	0	0	0	0	0	1	0	0	0	2
14961	1	0	0	0	0	0	0	0	0	0	0	0	1
14962	1	0	0	0	2	0	0	1	0	0	0	0	4
14963	2	0	0	0	0	0	0	1	0	0	0	0	3
14964	1	0	0	0	0	0	0	0	0	1	0	0	2
14965	0	0	0	0	1	0	0	0	0	0	0	0	1
14966	1	0	0	0	0	0	0	0	0	0	0	0	1
14967	3	0	0	0	0	0	0	0	0	0	0	0	3
14968	2	0	0	0	0	0	0	0	0	0	0	0	2
14969	1	0	0	1	3	0	0	0	0	0	0	0	5
14970	1	0	0	1	0	0	0	0	0	0	0	0	2
14971	5	0	0	0	0	0	0	0	0	0	0	0	5
14972	2	0	0	0	0	0	0	0	0	0	0	0	2
14973	2	0	0	0	1	0	0	0	0	0	0	0	3
14974	4	0	0	0	0	0	0	1	0	0	0	0	5
14975	1	0	0	0	1	0	0	0	0	0	0	0	2
14976	1	0	0	0	1	0	0	0	0	0	0	0	2
14977	1	0	0	0	0	0	0	1	0	0	0	0	2
14978	1	0	0	0	1	0	0	0	0	0	0	0	2
14979	2	0	0	0	0	0	0	0	0	0	0	0	2
14980	0	0	0	1	1	0	0	1	0	0	0	0	3
14981	0	0	0	1	2	0	0	0	0	0	0	0	3
14982	3	0	0	0	0	0	0	1	1	0	0	0	5
14983	1	0	0	1	2	0	0	0	0	0	0	0	4
14984	5	0	0	0	0	0	0	0	0	0	0	0	5
14985	2	0	0	0	0	0	0	0	0	0	0	0	2
14986	2	0	0	1	0	0	0	0	0	0	0	0	3
14987	0	0	1	0	0	0	0	0	0	0	0	0	1
14988	3	0	0	0	2	0	0	0	0	0	0	0	5
14989	1	0	0	0	1	0	0	0	0	0	0	0	2
14990	1	0	0	1	1	0	0	0	0	0	0	0	3
14991	2	0	0	0	0	0	0	0	0	0	0	0	2
14993	1	0	0	0	0	0	0	0	0	0	0	0	1
14994	2	0	0	0	0	0	1	0	0	0	0	0	3
14995	2	1	0	1	0	0	0	0	0	0	0	0	4
14996	0	0	0	0	1	0	0	0	0	0	0	0	1
14997	1	0	0	0	2	0	0	0	0	0	0	0	3
14998	3	0	0	0	0	0	0	0	0	0	0	0	3
14999	1	0	0	0	0	0	0	0	0	0	0	0	1
15000	1	0	0	0	0	0	0	1	0	0	0	0	2
15001	2	0	0	0	1	0	0	0	0	0	0	0	3
15002	1	0	0	0	0	0	0	0	0	0	0	0	1
15003	3	0	0	0	0	0	0	0	0	0	0	0	3
15004	3	0	0	0	0	0	0	0	0	0	0	0	3
15005	1	0	0	0	0	0	0	0	0	0	0	0	1
15006	3	0	0	1	1	0	0	0	0	0	0	0	5
15007	0	0	0	1	1	0	0	0	0	0	0	0	2
15008	3	0	0	0	0	0	0	0	0	0	0	0	3
15009	1	0	0	0	1	0	1	1	0	0	0	0	4
15010	2	0	0	0	0	0	0	0	0	0	0	0	2
15011	2	0	0	0	1	0	0	0	0	0	0	0	3
15012	2	0	0	0	1	0	0	0	0	0	0	0	3
15013	1	1	0	0	1	0	0	1	0	0	0	0	4
15014	0	0	1	0	0	0	0	0	0	0	0	0	1
15015	1	0	0	0	0	0	0	0	0	0	0	0	1
15016	2	0	0	0	0	0	0	0	0	0	0	0	2
15017	1	0	0	0	0	0	0	0	0	0	0	0	1
15018	3	0	0	0	0	0	0	0	0	0	0	0	3
15019	2	0	0	0	0	1	0	1	0	0	0	0	4
15020	0	0	0	0	1	0	0	0	0	0	0	0	1
15021	1	0	0	0	0	0	0	0	0	0	0	0	1
15022	1	0	0	0	0	0	0	0	0	0	0	0	1
15023	2	0	0	1	0	0	0	1	0	0	0	0	4
15024	1	0	0	0	0	0	0	0	0	0	0	0	1
15025	1	0	0	0	0	1	0	2	0	0	0	0	4
15026	2	0	0	0	1	0	0	0	0	0	0	0	3
15027	3	0	0	0	0	0	0	0	0	0	0	0	3
15028	1	0	0	0	2	0	0	0	0	0	0	0	3
15029	3	0	0	0	0	0	0	0	0	0	0	0	3
15030	3	0	0	0	1	0	0	0	0	0	0	0	4
15031	3	0	0	0	0	0	0	0	0	0	0	0	3
15032	0	1	0	1	1	0	0	0	1	0	0	0	4
15033	2	0	0	0	0	0	0	1	0	0	0	0	3
15034	0	0	0	3	0	0	0	0	0	0	0	0	3
15035	2	0	0	0	1	0	0	0	0	0	0	0	3
15036	3	0	0	0	0	0	0	0	0	0	0	0	3
15037	2	0	0	0	2	0	0	0	0	0	0	0	4
15038	1	0	0	0	0	0	0	0	0	0	0	0	1
15039	2	0	0	0	0	0	0	1	0	0	0	0	3
15040	0	0	0	1	0	0	0	0	0	0	0	0	1
15041	2	0	0	0	0	0	1	0	0	0	0	0	3
15042	1	0	1	0	0	0	0	0	0	0	0	0	2
15043	0	0	0	0	1	0	0	0	0	0	0	0	1
15044	1	0	0	0	0	0	0	0	0	0	0	0	1
15045	1	0	0	0	0	2	0	0	0	0	0	0	3
15046	1	0	0	0	2	0	0	0	0	0	0	0	3
15047	2	0	0	0	2	0	0	2	0	0	0	0	6
15048	3	0	0	0	0	0	0	0	0	0	0	0	3
15049	1	0	0	0	0	0	0	0	0	0	0	0	1
15051	3	0	0	0	0	0	0	0	0	0	0	0	3
15052	1	0	0	1	0	0	0	0	0	0	0	0	2
15053	2	0	0	0	0	0	0	0	0	0	0	0	2
15054	2	0	0	0	0	0	0	0	0	0	0	0	2
15055	1	0	0	0	1	0	0	0	0	0	0	0	2
15056	2	0	0	0	0	0	0	0	0	0	0	0	2
15057	0	0	1	0	3	0	0	0	0	0	0	0	4
15058	3	0	0	0	1	0	0	1	0	0	0	0	5
15059	1	0	0	0	0	0	1	1	0	0	0	0	3
15060	1	0	0	0	0	0	0	1	0	0	0	0	2
15061	1	0	0	0	2	0	0	1	0	0	0	0	4
15062	1	0	0	0	0	0	0	0	0	0	0	0	1
15063	1	0	0	1	1	0	0	0	0	0	0	0	3
15065	2	1	0	0	0	0	0	1	0	0	0	0	4
15066	0	0	0	1	0	0	0	0	0	0	0	0	1
15067	1	0	0	0	0	0	0	0	0	0	0	0	1
15068	3	0	0	0	0	0	1	0	0	0	0	0	4
15069	2	0	0	0	0	0	0	0	0	0	0	0	2
15070	2	0	0	0	0	0	0	0	0	0	0	0	2
15071	3	0	0	0	1	0	0	0	0	0	0	0	4
15072	1	0	0	0	0	0	0	0	0	0	0	0	1
15073	1	0	0	0	0	0	0	1	2	0	0	0	4
15074	1	0	0	0	0	0	0	0	0	0	0	0	1
15075	2	0	0	0	2	0	1	1	0	0	0	0	6
15076	3	0	1	0	1	0	0	0	0	0	0	0	5
15077	3	0	0	0	0	1	0	1	0	0	0	0	5
15078	3	0	0	0	0	0	0	0	1	0	0	0	4
15079	0	0	0	0	1	0	0	0	0	0	0	0	1
15080	2	0	0	0	0	0	0	0	0	0	0	0	2
15081	2	0	0	0	0	0	0	0	1	0	0	0	3
15082	2	0	0	0	0	1	0	0	0	0	0	0	3
15083	1	0	0	2	1	0	0	0	0	0	0	0	4
15084	1	0	0	0	2	0	0	0	0	0	0	0	3
15085	2	0	0	0	0	0	0	1	0	0	0	0	3
15086	3	0	0	0	0	0	0	1	0	0	0	0	4
15087	1	0	0	0	0	0	0	0	0	0	0	0	1
15088	2	0	0	0	1	0	0	0	0	0	0	0	3
15089	2	0	0	0	1	0	0	0	0	0	0	0	3
15090	1	0	0	0	1	0	0	0	0	0	0	0	2
15091	2	0	0	0	0	0	0	0	0	0	0	0	2
15092	2	0	0	0	0	0	0	0	0	0	0	0	2
15093	3	0	0	0	0	0	0	0	0	0	0	0	3
15094	3	0	0	0	0	0	0	0	0	0	0	0	3
15095	2	0	0	0	0	0	0	1	0	0	0	0	3
15096	2	0	0	0	0	1	0	1	0	0	0	0	4
15097	1	0	0	0	0	0	0	0	0	0	0	0	1
15098	2	0	0	0	3	0	0	0	0	0	0	0	5
15099	1	0	0	0	1	0	0	0	0	0	0	0	2
15100	1	0	0	0	2	0	0	0	0	0	0	0	3
15101	1	0	0	0	2	0	0	1	0	0	0	0	4
15102	3	0	0	0	0	0	0	0	0	0	0	0	3
15103	1	0	0	0	1	0	0	0	0	0	0	0	2
15104	1	1	0	0	0	0	0	0	0	0	0	0	2
15105	2	0	0	0	0	0	0	1	0	0	0	0	3
15106	2	0	0	0	0	0	0	0	1	0	0	0	3
15107	2	0	0	0	0	0	0	0	0	0	0	0	2
15108	1	0	0	0	0	0	0	0	0	0	0	0	1
15109	1	0	0	1	0	0	0	0	0	0	0	0	2
15110	3	0	0	1	1	0	0	0	0	0	0	0	5
15111	1	0	0	0	2	0	0	0	0	0	0	0	3
15112	2	0	0	0	0	0	0	0	0	0	0	0	2
15113	4	0	0	0	0	0	0	1	1	0	0	0	6
15114	2	0	0	0	0	0	0	0	0	0	0	0	2
15115	4	0	0	0	0	0	0	0	0	0	0	0	4
15116	0	0	0	0	2	0	0	0	0	0	0	0	2
15118	1	0	0	1	1	1	0	0	0	0	0	0	4
15119	3	0	0	0	0	0	0	0	0	0	1	0	4
15120	3	0	0	0	0	0	0	2	0	0	0	0	5
15121	1	0	0	0	0	0	0	0	0	0	0	0	1
15122	3	0	0	0	1	0	0	2	0	0	0	0	6
15123	1	0	0	0	0	0	0	0	0	0	0	0	1
15124	2	0	0	0	0	0	0	2	0	0	0	0	4
15125	2	0	0	0	1	0	0	1	0	0	0	0	4
15126	1	0	0	0	0	0	0	0	0	0	0	0	1
15127	2	0	0	0	0	0	0	2	0	0	0	0	4
15128	1	0	0	0	2	0	1	0	0	0	0	0	4
15129	2	0	0	0	0	0	0	1	0	0	0	0	3
15130	1	0	0	0	0	1	0	0	0	0	0	0	2
15131	0	0	0	0	1	0	0	0	0	0	0	0	1
15132	2	0	0	0	1	0	0	1	0	0	0	0	4
15133	1	0	0	0	2	0	0	0	0	0	0	0	3
15134	2	0	0	0	0	0	0	0	0	0	0	0	2
15135	2	0	0	0	0	0	0	0	0	0	0	0	2
15136	0	0	0	0	1	0	0	0	0	0	0	0	1
15137	1	0	0	0	0	0	0	0	0	0	0	0	1
15138	2	0	0	0	0	0	0	0	0	0	0	0	2
15139	4	0	0	1	0	0	0	1	0	0	0	0	6
15140	3	0	0	0	3	0	0	0	0	0	0	0	6
15141	1	0	0	0	1	0	0	0	0	0	0	0	2
15142	2	0	0	1	1	0	0	0	0	0	0	0	4
15143	1	0	0	0	0	0	0	0	0	0	0	0	1
15144	2	0	0	1	2	0	0	0	0	0	0	0	5
15145	2	0	0	1	0	0	0	1	0	0	0	0	4
15146	2	0	0	0	1	0	0	0	0	0	0	0	3
15147	3	0	0	0	0	1	0	0	0	0	0	0	4
15148	1	0	0	0	1	0	0	0	0	0	0	0	2
15149	1	0	0	0	1	0	0	0	0	0	0	0	2
15150	0	0	0	0	2	0	0	0	0	0	0	0	2
15151	0	0	0	0	0	1	0	0	0	0	0	0	1
15152	1	0	0	0	0	0	0	1	0	0	0	0	2
15153	2	0	0	0	0	0	2	1	0	0	0	0	5
15154	0	0	0	1	1	0	0	0	0	0	0	0	2
15155	2	0	1	0	0	0	0	0	0	0	0	0	3
15156	2	0	0	0	1	0	0	1	0	0	0	0	4
15157	1	0	0	0	1	0	0	0	0	0	0	0	2
15158	2	0	0	0	0	0	0	0	0	0	0	0	2
15160	1	0	0	1	3	1	0	0	0	0	0	0	6
15161	0	0	0	0	1	0	0	0	0	0	0	0	1
15162	2	0	0	0	0	0	0	1	0	0	0	0	3
15163	3	0	0	0	0	0	0	0	0	0	0	0	3
15164	2	0	0	1	0	0	0	1	0	0	0	0	4
15165	3	0	0	0	0	1	0	1	0	0	0	0	5
15166	2	0	0	0	0	0	0	0	0	0	0	0	2
15167	2	0	0	0	2	0	0	1	0	0	0	0	5
15168	1	0	0	0	0	0	0	0	0	0	0	0	1
15169	2	0	0	0	0	0	0	0	0	0	0	0	2
15170	0	0	0	0	2	1	0	0	0	0	0	0	3
15171	2	0	0	0	0	0	0	0	0	0	0	0	2
15172	1	0	0	0	0	0	0	0	0	0	0	0	1
15173	2	0	0	0	0	0	0	0	0	0	0	0	2
15174	1	0	0	0	1	0	0	0	0	0	0	0	2
15175	2	0	0	1	0	0	0	1	0	0	0	0	4
15176	1	0	0	1	0	0	0	0	0	0	0	0	2
15177	3	0	0	0	0	0	0	0	0	0	0	0	3
15178	2	0	0	0	0	0	0	0	0	0	0	0	2
15179	2	0	0	1	0	0	0	0	0	0	0	0	3
15180	1	0	0	0	1	0	0	0	0	0	0	0	2
15181	0	0	0	0	4	0	0	0	0	0	0	0	4
15182	1	0	0	0	2	0	0	0	0	0	0	0	3
15183	2	0	0	0	0	0	0	0	0	0	0	0	2
15184	2	0	0	0	2	0	0	1	0	0	0	0	5
15185	1	0	0	0	0	0	0	1	0	0	0	0	2
15186	0	0	0	1	0	0	0	0	0	0	0	0	1
15187	2	0	0	0	0	0	0	0	0	0	0	0	2
15188	3	0	0	0	0	0	0	1	0	0	0	0	4
15189	2	0	0	0	0	0	0	1	0	0	0	0	3
15190	2	0	0	0	3	0	0	0	0	0	0	0	5
15191	2	0	0	0	2	0	0	1	0	0	0	0	5
15192	1	0	0	0	1	0	0	0	0	0	0	0	2
15193	1	0	0	0	0	0	0	0	0	0	0	0	1
15194	2	0	0	0	0	0	0	0	0	0	0	0	2
15195	1	0	0	1	1	0	0	0	1	0	0	0	4
15196	1	0	0	0	3	0	0	0	0	0	0	0	4
15197	2	0	0	0	0	0	0	0	0	0	0	0	2
15198	1	0	0	1	0	0	0	0	0	0	0	0	2
15199	5	0	0	0	0	0	0	1	0	0	0	0	6
15200	3	0	0	0	0	0	0	0	0	0	0	0	3
15201	3	0	0	1	0	0	1	0	0	0	0	0	5
15202	2	0	0	0	3	0	0	0	0	0	0	0	5
15203	2	0	0	1	0	0	0	0	0	0	0	0	3
15204	2	0	0	0	0	0	0	0	0	0	0	0	2
15205	1	0	0	0	2	0	0	0	0	0	0	0	3
15206	2	0	0	0	0	0	0	1	0	0	0	0	3
15208	1	0	0	0	0	0	0	0	0	0	0	0	1
15209	1	0	0	0	0	0	0	1	0	0	0	0	2
15210	2	0	0	0	1	0	0	0	0	0	0	0	3
15211	2	0	0	0	1	0	0	1	0	0	0	0	4
15212	1	0	0	0	0	0	0	1	0	0	0	0	2
15213	1	0	0	1	1	0	0	0	0	0	0	0	3
15214	1	0	0	0	1	0	0	0	0	0	0	0	2
15215	1	0	0	0	1	0	0	0	0	0	0	0	2
15216	1	0	0	0	1	0	0	0	0	0	0	0	2
15217	3	0	0	0	0	0	0	0	0	0	0	0	3
15218	2	0	0	1	0	0	0	1	0	0	0	0	4
15219	2	0	0	1	1	0	0	0	0	0	0	0	4
15220	1	0	1	0	1	0	0	0	0	0	0	0	3
15221	3	0	0	0	0	0	0	1	0	0	0	0	4
15222	1	1	1	0	0	0	0	0	0	0	0	0	3
15223	1	0	0	0	0	0	1	0	0	0	0	0	2
15224	4	0	0	0	0	0	0	0	0	0	0	0	4
15225	1	0	0	0	1	0	0	1	0	0	0	0	3
15226	0	0	0	0	1	0	0	0	0	0	0	0	1
15227	1	0	0	1	0	0	0	0	0	0	0	0	2
15228	1	0	0	0	0	0	0	0	0	0	0	0	1
15229	2	0	0	0	0	0	0	0	0	0	0	0	2
15230	1	0	0	0	2	0	0	0	0	0	0	0	3
15231	2	0	0	0	0	0	0	0	0	0	0	0	2
15232	3	0	0	0	0	0	0	1	1	0	0	0	5
15233	1	1	1	1	0	0	0	0	0	0	0	0	4
15234	0	0	0	0	0	1	0	0	0	0	0	0	1
15235	1	0	0	1	0	0	0	0	0	0	0	0	2
15236	0	0	0	0	1	0	0	0	0	0	0	0	1
15237	2	0	0	0	0	0	0	1	0	0	0	0	3
15238	1	0	0	0	3	0	0	0	0	0	0	0	4
15239	2	0	0	0	1	0	0	0	0	0	0	0	3
15240	2	0	0	0	0	0	0	0	0	0	0	0	2
15241	4	0	0	0	1	0	0	0	0	0	0	0	5
15242	1	0	0	0	0	0	0	1	0	0	0	0	2
15244	1	0	0	0	0	0	0	0	0	0	0	0	1
15245	3	0	0	0	0	0	0	0	0	0	0	0	3
15246	2	0	0	0	1	0	0	0	0	0	0	0	3
15247	3	0	0	0	0	0	0	1	0	0	0	0	4
15248	4	1	0	0	1	0	0	0	0	0	0	0	6
15249	1	0	0	1	0	0	0	0	0	0	0	0	2
15250	2	0	0	0	0	0	0	1	0	0	0	0	3
15251	3	0	0	0	0	0	0	0	0	0	0	0	3
15252	3	0	0	0	1	0	0	0	0	0	0	0	4
15253	2	0	0	0	0	0	0	1	0	0	0	0	3
15254	1	0	0	0	0	0	0	1	0	0	0	0	2
15255	2	0	0	0	0	0	0	0	0	0	0	0	2
15257	0	0	0	1	2	0	0	0	0	0	0	0	3
15258	4	0	0	0	0	0	0	0	0	0	0	0	4
15259	0	0	0	1	0	0	0	0	0	0	0	0	1
15260	2	0	0	2	0	0	0	0	1	0	0	0	5
15261	2	0	0	0	1	0	0	1	0	0	0	0	4
15262	3	0	0	0	0	0	0	0	0	0	0	0	3
15263	4	0	0	0	1	0	0	1	0	0	0	0	6
15264	3	0	0	0	0	0	0	1	0	0	0	0	4
15265	1	0	0	0	1	0	1	0	0	0	0	0	3
15266	1	0	0	0	1	0	0	1	0	0	0	0	3
15267	2	0	0	0	1	0	0	0	0	0	0	0	3
15268	0	0	0	1	1	0	0	0	0	0	0	0	2
15269	3	0	0	1	0	0	0	0	0	0	0	0	4
15270	3	0	1	0	0	0	0	1	0	0	0	0	5
15271	2	0	0	0	0	0	0	0	0	0	0	0	2
15272	2	0	0	0	1	0	0	0	1	0	0	0	4
15273	4	0	0	0	0	0	0	0	0	0	0	0	4
15274	5	0	0	0	0	0	0	1	0	0	0	0	6
15275	3	0	0	0	0	0	0	0	0	0	0	0	3
15276	1	0	0	0	1	0	0	0	0	0	0	0	2
15277	3	0	0	0	0	0	0	0	0	0	0	0	3
15278	4	1	0	0	0	0	0	1	0	0	0	0	6
15279	1	0	0	0	1	0	0	0	0	0	0	0	2
15280	0	0	0	0	1	0	0	0	1	0	0	0	2
15281	3	0	0	0	0	0	0	0	0	0	0	0	3
15282	0	0	0	0	2	0	0	0	0	0	0	0	2
15283	2	0	0	0	0	0	0	0	0	0	0	0	2
15284	3	0	0	0	0	0	1	0	0	0	0	0	4
15285	1	0	0	0	2	0	0	0	0	0	0	0	3
15286	2	0	0	0	0	0	0	0	0	0	0	0	2
15287	1	0	1	1	1	0	0	0	0	0	0	0	4
15288	3	0	0	0	2	0	0	0	0	0	0	0	5
15289	1	0	0	0	4	0	0	0	0	0	0	0	5
15290	2	0	0	0	0	0	0	0	0	0	0	0	2
15291	3	0	0	0	2	0	0	0	0	0	0	0	5
15292	2	0	0	0	2	0	0	0	0	0	0	0	4
15293	1	0	0	0	2	0	0	0	0	0	0	0	3
15294	0	0	0	1	1	0	0	1	0	0	0	0	3
15295	3	0	0	0	0	0	0	0	0	0	0	0	3
15296	2	0	0	0	1	0	0	0	0	0	0	0	3
15297	2	0	0	0	0	0	0	0	0	0	0	0	2
15298	0	2	1	0	0	0	0	0	0	0	0	0	3
15299	3	0	0	0	0	0	0	0	0	0	0	0	3
15300	0	2	1	1	0	0	0	0	0	0	0	0	4
15301	2	0	0	0	1	0	0	0	0	0	0	0	3
15302	4	0	0	0	0	0	0	0	0	0	0	0	4
15303	3	0	0	0	0	0	0	1	0	0	0	0	4
15304	1	0	0	2	0	0	0	0	0	0	0	0	3
15305	4	0	0	0	0	0	1	1	0	0	0	0	6
15306	2	0	0	0	0	0	0	0	0	0	0	0	2
15307	0	0	0	1	0	0	0	0	0	0	0	0	1
15308	0	0	0	0	1	0	0	1	0	0	0	0	2
15309	2	0	0	0	1	1	0	1	0	0	0	0	5
15310	1	0	0	0	0	0	0	0	0	0	0	0	1
15311	2	0	0	0	0	0	0	1	0	0	0	0	3
15312	2	0	0	0	0	0	0	1	0	0	0	0	3
15313	2	0	0	0	0	0	0	2	0	0	0	0	4
15314	3	0	0	0	3	0	0	1	0	0	0	0	7
15315	2	0	0	0	1	0	1	0	0	0	0	0	4
15316	3	0	0	0	1	0	1	0	0	0	0	0	5
15317	0	0	1	0	2	0	0	0	0	0	0	0	3
15318	4	0	0	0	0	0	0	2	0	0	0	0	6
15319	1	0	0	0	0	1	0	0	0	0	0	0	2
15320	3	0	0	0	0	0	0	0	0	0	0	0	3
15321	2	0	0	0	0	0	0	0	0	0	0	0	2
15322	2	0	0	0	0	0	0	0	0	0	0	0	2
15323	0	0	0	1	2	0	0	0	0	0	0	0	3
15324	0	0	0	0	2	0	0	0	1	0	0	0	3
15325	2	0	0	0	2	0	0	0	0	0	0	0	4
15326	2	0	0	0	0	0	0	0	0	0	0	0	2
15328	1	0	0	1	1	0	0	0	0	0	0	0	3
15329	3	0	0	0	0	0	0	0	0	0	0	0	3
15330	2	0	0	0	0	0	1	0	0	0	0	0	3
15331	0	0	0	0	2	0	0	0	0	0	0	0	2
15332	1	0	0	1	1	1	0	0	0	0	0	0	4
15333	3	0	0	0	0	0	0	0	0	0	0	0	3
15334	2	0	0	0	0	0	0	0	0	0	0	0	2
15335	2	0	0	0	0	0	0	0	0	0	0	0	2
15336	1	0	0	0	1	0	0	1	0	0	0	0	3
15337	3	0	0	0	0	0	0	0	0	0	0	0	3
15338	3	0	0	0	0	0	0	0	0	0	0	0	3
15339	3	0	0	0	1	0	0	0	0	0	0	0	4
15340	2	0	0	0	0	0	1	1	0	0	0	0	4
15341	3	0	0	0	0	0	0	0	0	0	0	0	3
15342	2	0	0	0	0	0	0	1	0	0	0	0	3
15343	3	0	0	0	1	0	0	0	0	0	0	0	4
15344	1	0	0	1	1	0	0	0	0	0	0	0	3
15345	2	0	0	0	1	0	0	0	0	0	0	0	3
15346	1	0	0	0	0	0	0	0	0	0	0	0	1
15347	2	0	0	0	0	0	0	0	0	0	0	0	2
15348	1	0	0	0	0	0	0	0	0	0	0	0	1
15349	3	0	0	0	0	0	0	0	0	0	0	0	3
15350	2	0	0	0	0	0	1	1	0	0	0	0	4
15351	2	0	0	0	0	0	0	1	0	0	0	0	3
15352	1	0	0	0	1	0	0	0	0	0	0	0	2
15353	2	0	0	0	1	0	0	0	0	0	0	0	3
15354	3	0	0	0	0	0	0	1	0	0	0	0	4
15355	2	0	0	0	1	0	0	0	0	0	0	0	3
15356	1	0	0	2	0	0	1	0	1	0	0	0	5
15357	0	0	0	0	0	2	0	0	0	0	0	0	2
15358	4	0	0	0	0	0	0	0	0	0	0	0	4
15359	2	0	0	0	1	0	0	0	1	0	0	0	4
15360	2	0	0	0	0	0	0	0	0	0	0	0	2
15361	1	0	0	0	2	0	0	2	0	0	0	0	5
15362	2	0	0	0	0	0	0	1	0	0	0	0	3
15363	2	0	0	0	0	1	0	0	0	0	0	0	3
15364	1	0	0	0	1	0	0	0	0	0	0	0	2
15365	1	0	0	0	0	0	0	0	0	0	0	0	1
15366	2	0	0	0	0	0	0	0	0	0	0	0	2
15367	4	0	0	0	0	0	1	0	0	0	0	0	5
15368	2	0	0	0	0	0	0	0	0	1	0	0	3
15369	1	0	0	1	0	0	1	0	0	0	0	0	3
15370	1	0	0	0	0	0	0	1	0	0	0	0	2
15371	1	0	0	0	0	0	0	0	0	0	0	0	1
15372	3	0	0	0	0	0	0	0	0	0	0	0	3
15373	2	0	0	2	2	0	0	1	0	0	0	0	7
15374	3	0	0	0	0	0	0	0	0	0	0	0	3
15375	1	0	0	0	1	0	0	0	0	0	0	0	2
15376	2	0	0	0	0	0	0	1	1	0	0	0	4
15377	3	0	0	0	0	0	0	0	0	0	0	0	3
15378	2	0	0	0	0	0	0	0	0	0	0	0	2
15379	1	0	0	0	2	0	0	0	0	0	0	0	3
15380	2	0	0	0	0	0	0	0	0	0	0	0	2
15381	1	0	0	0	0	0	0	0	0	0	0	0	1
15382	2	0	0	0	0	0	0	0	0	0	0	0	2
15383	3	0	0	0	0	0	0	1	0	0	0	0	4
15384	1	0	0	0	0	0	0	0	0	0	0	0	1
15385	1	0	0	0	0	1	0	0	0	0	0	0	2
15386	2	0	0	0	0	0	0	0	1	0	0	0	3
15387	1	0	0	0	1	0	0	0	0	0	0	0	2
15388	5	0	0	0	0	0	0	0	0	0	0	0	5
15389	2	0	0	0	1	0	0	0	0	0	0	0	3
15390	1	0	0	0	1	0	1	0	0	0	0	0	3
15391	2	0	0	0	0	0	0	1	0	0	0	0	3
15392	2	0	0	0	0	0	0	0	0	0	0	0	2
15393	3	0	0	0	0	0	0	0	0	0	0	0	3
15394	2	0	0	0	2	0	0	0	0	0	0	0	4
15395	3	0	0	1	0	0	0	1	0	0	0	0	5
15396	2	0	0	0	0	1	0	0	0	0	0	0	3
15397	1	0	0	0	2	0	0	0	0	0	0	0	3
15398	4	0	0	0	0	0	0	0	0	0	0	0	4
15399	2	0	0	0	0	0	0	0	1	0	0	0	3
15400	2	0	0	0	0	0	1	1	0	0	0	0	4
15401	1	0	0	0	0	0	0	2	0	0	0	0	3
15402	2	0	0	0	0	0	1	0	0	0	0	0	3
15403	1	0	0	0	0	0	0	1	0	0	0	0	2
15404	1	0	0	0	1	0	0	0	0	0	0	0	2
15405	2	0	0	0	0	0	0	0	0	0	0	0	2
15406	5	0	0	0	0	0	0	0	0	0	0	0	5
15407	1	0	0	0	2	0	1	0	0	0	0	0	4
15408	3	0	0	0	0	0	0	0	0	0	0	0	3
15409	1	0	0	0	0	0	0	0	0	0	0	0	1
15410	1	0	0	1	0	0	0	0	0	0	0	0	2
15411	0	0	0	1	3	0	0	0	0	0	0	0	4
15412	1	0	0	0	0	0	0	0	0	0	0	0	1
15413	0	0	0	0	3	0	1	0	0	0	0	0	4
15414	2	0	0	0	2	0	0	0	0	0	0	0	4
15415	1	0	0	0	0	0	0	0	0	0	0	0	1
15416	5	0	0	0	0	0	1	1	0	0	0	0	7
15417	3	0	0	0	0	0	0	0	0	0	0	0	3
15418	5	0	0	1	0	0	0	0	0	0	0	0	6
15419	1	0	0	0	1	0	0	0	0	0	0	0	2
15420	4	0	0	0	0	0	1	0	0	0	0	0	5
15421	3	0	0	0	0	0	0	0	0	0	0	0	3
15422	3	0	0	0	0	0	0	1	0	0	0	0	4
15423	1	0	0	0	1	0	0	0	0	0	0	0	2
15424	2	0	0	0	1	0	0	0	0	0	0	0	3
15425	1	0	0	0	1	0	0	1	0	0	0	0	3
15426	4	0	0	0	0	0	0	0	0	0	0	0	4
15427	1	0	0	0	1	0	0	0	0	0	0	0	2
15428	1	0	0	0	2	0	0	0	0	0	0	0	3
15429	1	0	0	0	2	0	0	0	0	0	0	0	3
15430	1	0	0	0	1	0	1	0	0	0	0	0	3
15431	2	0	0	0	0	0	0	0	1	0	0	0	3
15432	1	0	0	0	0	0	0	0	0	0	0	0	1
15433	4	0	0	0	0	0	0	0	0	0	0	0	4
15434	3	0	0	0	0	0	0	0	0	0	0	0	3
15435	1	0	0	0	0	0	0	1	0	0	0	0	2
15436	2	0	0	0	0	0	0	0	0	0	0	0	2
15437	1	0	0	0	1	0	0	0	0	0	0	0	2
15438	2	0	0	0	2	0	0	1	0	0	0	0	5
15439	3	0	0	0	0	0	0	0	0	0	0	0	3
15440	2	2	0	0	0	0	0	1	0	0	0	0	5
15441	1	0	0	0	1	0	0	1	0	0	0	0	3
15442	4	0	0	0	0	0	0	0	0	0	0	0	4
15443	2	0	0	0	0	0	0	0	0	0	0	0	2
15444	3	0	0	0	4	0	0	0	0	0	0	0	7
15445	0	0	0	1	3	0	0	0	0	0	0	0	4
15446	1	0	0	0	1	0	0	0	0	0	0	0	2
15447	2	0	0	0	0	0	0	1	0	0	0	0	3
15448	2	0	0	0	0	0	0	0	0	0	0	0	2
15449	2	0	0	1	1	0	0	0	1	0	0	0	5
15450	1	0	0	1	1	0	0	0	0	0	0	0	3
15451	2	0	0	0	0	0	0	0	0	0	0	0	2
15452	2	0	0	0	0	0	0	0	0	0	0	0	2
15453	2	0	0	0	0	0	0	0	0	0	0	0	2
15454	3	0	0	0	0	0	0	0	0	0	0	0	3
15455	2	0	0	1	0	1	0	0	0	0	0	0	4
15456	3	0	0	0	1	0	0	0	0	0	0	0	4
15457	3	0	0	1	0	0	0	0	0	0	0	0	4
15458	3	0	0	0	1	0	0	0	0	0	0	0	4
15459	2	0	0	1	2	0	0	0	0	0	0	0	5
15460	2	0	0	0	0	0	0	0	0	0	0	0	2
15461	3	0	0	0	0	0	0	0	0	0	0	0	3
15462	1	0	0	0	0	1	0	0	0	0	0	0	2
15463	2	0	0	0	0	0	0	0	0	0	0	0	2
15464	3	0	0	0	0	0	0	0	0	0	0	0	3
15465	4	0	0	0	0	0	0	0	1	0	0	0	5
15466	2	0	0	1	1	0	0	0	0	0	0	0	4
15467	1	0	0	0	0	0	0	0	0	0	0	0	1
15468	2	0	0	0	2	0	0	1	0	0	0	0	5
15469	1	0	0	0	2	0	0	0	0	0	0	0	3
15470	1	0	0	0	1	0	0	1	0	0	0	0	3
15471	1	0	0	0	0	0	0	0	0	0	0	0	1
15472	4	0	0	0	0	0	0	0	0	0	0	0	4
15473	4	0	0	0	0	0	0	0	0	0	0	0	4
15474	1	0	0	0	0	0	0	0	0	0	0	0	1
15475	2	0	0	0	0	0	0	0	0	0	0	0	2
15476	1	0	0	0	0	0	0	0	0	0	0	0	1
15477	2	0	0	1	1	0	0	0	0	0	0	0	4
15478	4	0	0	0	0	0	0	0	1	0	0	0	5
15479	2	0	0	0	0	0	0	0	0	0	0	0	2
15480	1	0	0	0	0	0	0	1	0	0	0	0	2
15481	3	0	0	0	0	0	0	0	0	0	0	0	3
15482	1	0	0	0	1	0	0	0	0	0	0	0	2
15483	3	0	0	0	1	0	0	1	0	0	0	0	5
15484	2	0	0	0	1	0	0	0	0	0	0	0	3
15485	3	0	0	0	0	0	0	0	0	0	0	0	3
15486	2	0	0	0	0	0	0	1	0	0	0	0	3
15487	2	0	0	1	1	0	0	0	0	0	0	0	4
15488	4	0	0	0	0	0	0	0	1	0	0	0	5
15489	4	0	0	0	0	1	0	0	0	0	0	0	5
15490	2	0	0	0	1	0	0	0	0	0	0	0	3
15491	2	0	0	1	1	0	0	0	0	0	0	0	4
15492	2	0	0	0	0	0	0	0	0	0	0	0	2
15493	1	0	0	1	0	0	0	0	0	0	0	0	2
15494	2	0	0	0	0	0	1	1	0	0	0	0	4
15495	4	0	0	0	1	0	0	0	0	0	0	0	5
15496	3	0	0	0	0	1	0	0	0	0	0	0	4
15497	2	0	0	0	1	0	0	2	1	0	0	0	6
15498	1	0	0	0	0	0	0	1	0	0	0	0	2
15499	2	0	0	0	0	0	0	0	0	0	0	0	2
15500	1	0	0	0	0	0	0	0	0	0	0	0	1
15501	2	0	0	0	1	0	0	0	0	0	0	0	3
15502	2	0	0	0	0	0	0	0	0	0	0	0	2
15503	3	0	0	2	0	0	0	0	0	0	0	0	5
15504	4	0	0	0	2	0	0	0	0	0	0	0	6
15505	1	0	0	0	0	0	0	0	0	0	0	0	1
15506	4	0	0	0	0	1	0	0	0	0	0	0	5
15507	1	0	0	0	0	0	0	0	0	1	0	0	2
15508	2	0	0	0	1	0	0	0	0	0	0	0	3
15509	1	0	0	0	0	0	0	0	0	1	0	0	2
15510	2	0	0	0	0	0	0	0	0	0	0	0	2
15511	3	0	0	0	0	0	0	0	1	0	0	0	4
15512	2	0	0	0	0	0	0	0	0	0	0	0	2
15513	4	0	0	0	0	0	1	0	0	0	0	0	5
15514	1	0	0	1	0	0	0	0	0	0	0	0	2
15515	3	0	0	0	0	0	0	0	0	0	0	0	3
15516	2	0	0	0	2	0	0	0	0	0	0	0	4
15517	1	0	0	0	2	0	0	0	0	0	0	0	3
15518	1	0	0	0	0	0	0	1	0	0	0	0	2
15519	3	0	0	0	0	0	0	0	0	0	0	0	3
15520	2	0	0	0	0	0	0	1	0	0	0	0	3
15521	1	0	1	1	2	0	0	0	0	0	0	0	5
15522	4	0	0	0	1	0	0	0	0	0	0	0	5
15523	3	0	0	0	0	1	0	1	0	0	0	0	5
15524	3	0	0	0	0	0	0	1	0	0	0	0	4
15525	2	0	0	0	0	0	0	1	0	0	0	0	3
15526	1	0	0	0	1	0	0	0	0	0	0	0	2
15527	2	0	0	1	0	0	0	1	0	0	0	0	4
15528	2	0	0	0	0	0	0	0	0	0	0	0	2
15529	2	0	0	0	0	0	2	0	0	0	0	0	4
15530	4	0	0	0	0	0	0	0	0	0	0	0	4
15531	3	0	0	0	0	0	0	0	0	0	0	0	3
15532	3	0	0	0	0	0	0	0	0	0	0	0	3
15533	1	0	0	0	2	0	0	0	0	0	0	0	3
15534	3	0	0	0	0	0	0	0	0	0	0	0	3
15535	3	0	0	0	0	0	0	0	0	0	0	0	3
15536	2	0	0	0	2	0	0	2	0	0	0	0	6
15537	4	0	0	0	0	0	0	0	0	0	0	0	4
15538	2	0	0	0	0	0	0	1	0	0	0	0	3
15539	3	0	0	0	0	0	0	0	0	0	0	0	3
15540	2	0	0	0	0	0	1	1	0	0	0	0	4
15541	2	0	0	0	1	0	0	0	0	0	0	0	3
15542	3	0	0	0	1	0	0	0	0	0	0	0	4
15543	1	0	0	0	1	0	0	0	0	0	0	0	2
15544	3	0	0	0	0	0	0	0	0	0	0	0	3
15545	2	0	0	0	0	0	0	0	0	0	0	0	2
15546	3	1	0	1	0	0	0	0	0	0	0	0	5
15547	3	0	0	0	1	0	0	0	1	0	0	0	5
15548	2	0	0	0	1	0	1	0	0	0	0	0	4
15549	6	0	0	0	0	0	0	0	0	0	0	0	6
15550	4	0	0	0	1	0	0	1	0	0	0	0	6
15551	3	0	0	0	1	0	0	0	1	0	0	0	5
15552	3	0	0	0	1	0	0	0	0	0	0	0	4
15553	1	0	0	0	2	0	0	0	0	0	0	0	3
15554	1	0	0	0	0	0	0	2	0	0	0	0	3
15555	5	0	0	0	0	0	0	1	0	0	0	0	6
15556	2	0	0	0	0	0	0	0	0	0	0	0	2
15557	1	0	0	0	1	0	1	0	1	0	0	0	4
15558	1	0	0	0	0	0	0	0	0	0	0	0	1
15559	2	0	0	0	1	0	0	0	0	0	0	0	3
15560	2	0	0	0	2	0	0	0	0	0	0	0	4
15561	1	0	0	0	0	0	0	1	0	0	0	0	2
15562	2	0	0	1	0	0	0	1	0	0	0	0	4
15563	3	0	0	0	1	0	0	0	0	0	0	0	4
15564	1	0	0	0	0	0	0	1	0	0	0	0	2
15565	2	0	0	0	1	0	0	0	0	0	0	0	3
15566	1	0	0	0	3	0	0	0	0	0	0	0	4
15567	2	0	0	1	0	0	0	2	0	0	0	0	5
15568	2	0	0	1	1	0	0	1	0	0	0	0	5
15569	2	0	0	0	1	0	0	1	0	0	0	0	4
15570	4	0	0	0	0	0	0	0	0	0	0	0	4
15571	1	0	0	0	2	0	0	1	0	0	0	0	4
15572	2	0	0	0	0	0	0	0	0	0	0	0	2
15573	1	0	0	1	0	0	0	1	0	1	0	0	4
15574	3	0	0	0	0	0	1	0	1	0	0	0	5
15575	2	0	0	0	0	0	0	0	0	0	0	0	2
15576	3	0	0	0	0	0	0	1	0	0	0	0	4
15577	1	0	0	0	1	0	0	0	0	0	0	0	2
15578	4	0	0	0	0	0	0	0	0	0	0	0	4
15579	2	0	0	0	1	0	0	0	0	0	0	0	3
15580	1	0	0	0	1	0	0	0	0	0	0	0	2
15581	2	0	0	0	0	0	0	0	0	0	0	0	2
15582	2	0	0	0	0	0	0	0	0	0	0	0	2
15583	3	0	0	1	0	0	0	0	0	0	0	0	4
15584	3	0	0	0	2	0	0	0	0	0	0	0	5
15585	2	0	0	0	1	0	0	0	0	0	0	0	3
15586	2	0	0	0	0	0	0	0	0	0	0	0	2
15587	0	0	1	0	0	0	0	0	0	0	0	0	1
15588	0	0	0	1	1	0	0	0	0	0	0	0	2
15589	1	0	1	0	0	0	0	0	0	0	0	0	2
15590	4	0	0	0	0	0	0	0	0	0	0	0	4
15591	2	0	0	0	1	0	0	0	0	0	0	0	3
15592	2	0	0	0	2	0	0	1	0	0	0	0	5
15593	1	0	0	0	1	0	0	0	0	0	0	0	2
15594	1	0	0	0	0	0	0	0	0	0	0	0	1
15595	3	1	1	0	0	0	0	0	0	0	0	0	5
15596	2	0	0	0	0	0	0	0	0	0	0	0	2
15597	1	0	0	0	0	0	0	0	0	0	0	0	1
15598	1	0	0	0	1	0	0	0	0	0	0	0	2
15599	1	0	0	0	1	0	0	0	0	0	0	0	2
15600	1	0	0	0	2	0	0	0	0	0	0	0	3
15601	0	0	0	0	4	0	0	0	0	0	0	0	4
15602	1	0	0	0	1	0	0	0	0	0	0	0	2
15605	2	0	0	0	0	0	1	0	0	0	0	0	3
15606	3	0	0	0	0	0	0	0	0	0	0	0	3
15607	0	0	0	0	2	0	0	0	0	0	0	0	2
15608	0	0	0	1	0	0	0	0	0	0	0	0	1
15609	2	0	0	0	0	0	0	0	0	0	0	0	2
15610	1	0	0	0	1	0	0	0	0	0	0	0	2
15611	0	0	0	0	0	0	1	0	0	0	0	0	1
15612	2	0	0	0	0	0	0	0	0	0	0	0	2
15613	1	0	0	0	0	0	0	0	0	0	0	0	1
15614	3	0	0	0	1	0	0	2	0	0	0	0	6
15615	1	0	0	0	0	0	1	1	1	0	0	0	4
15616	3	0	0	0	0	0	0	0	0	0	0	0	3
15617	3	0	0	0	0	0	0	0	0	0	0	0	3
15618	2	0	0	0	0	0	0	0	0	0	0	0	2
15619	1	0	0	0	1	2	0	0	0	0	0	0	4
15620	1	0	0	0	0	1	0	0	0	0	0	0	2
15621	2	0	0	0	0	0	0	0	0	0	0	0	2
15622	2	0	0	0	2	0	0	0	0	0	0	0	4
15623	1	0	0	0	2	0	1	0	0	0	0	0	4
15624	2	0	0	0	0	0	1	0	0	0	0	0	3
15625	4	0	1	0	1	0	1	1	0	0	0	0	8
15626	3	0	0	0	0	0	0	0	0	0	0	0	3
15627	1	0	0	0	0	0	0	0	0	0	0	0	1
15628	1	0	0	0	0	0	0	0	0	0	0	0	1
15629	3	0	0	0	0	0	0	0	0	0	0	0	3
15630	0	2	0	0	0	0	0	0	0	0	0	0	2
15631	2	0	0	0	1	0	0	0	0	0	0	0	3
15632	2	0	0	0	0	0	0	0	0	0	0	0	2
15633	2	0	0	0	0	0	0	0	0	0	0	0	2
15635	1	0	0	0	1	0	0	0	0	0	0	0	2
15636	1	2	0	0	0	0	0	1	0	0	0	0	4
15637	2	0	0	0	1	0	1	0	0	0	0	0	4
15638	0	0	0	1	0	0	1	0	0	0	0	0	2
15639	3	0	0	0	0	0	0	1	0	0	0	0	4
15641	2	0	0	0	0	0	0	0	0	0	0	0	2
15642	2	0	0	0	1	0	0	0	0	0	0	0	3
15643	0	0	1	0	0	0	0	0	0	0	0	0	1
15644	3	0	0	0	0	0	1	0	0	0	0	0	4
15645	2	0	0	0	1	0	0	0	0	0	0	0	3
15647	0	0	0	1	2	0	1	0	0	0	0	0	4
15648	2	0	0	0	1	0	1	1	1	0	0	0	6
15649	1	0	0	0	3	0	0	1	0	0	0	0	5
15650	1	0	0	0	0	0	0	0	0	0	0	0	1
15651	0	0	1	0	1	0	0	0	0	0	0	0	2
15652	2	0	0	0	0	0	0	0	0	0	0	0	2
15653	5	0	0	0	0	0	0	0	0	0	0	0	5
15654	3	0	0	1	0	0	0	0	0	0	0	0	4
15655	1	0	0	0	0	0	0	0	0	0	0	0	1
15656	0	0	0	0	1	0	0	0	0	0	0	0	1
15657	1	0	0	0	0	0	0	0	0	0	0	0	1
15658	2	0	0	0	0	0	0	0	0	0	0	0	2
15659	1	0	0	0	2	0	0	0	0	0	0	0	3
15660	2	0	0	0	0	0	0	0	1	0	0	0	3
15661	3	0	0	0	0	0	0	0	0	0	0	0	3
15662	2	0	0	0	1	0	0	0	0	0	0	0	3
15663	2	0	0	0	0	0	0	0	0	0	0	0	2
15664	2	0	1	0	0	0	0	0	0	0	0	0	3
15666	1	0	0	1	0	0	0	0	0	0	0	0	2
15667	2	0	0	0	0	0	0	0	0	0	0	0	2
15668	1	0	0	0	0	0	0	0	0	0	0	0	1
15669	1	0	0	0	1	0	0	1	0	0	0	0	3
15670	3	0	0	0	1	0	0	0	0	0	0	0	4
15671	1	0	0	2	0	0	0	0	0	0	0	0	3
15672	1	0	0	0	1	0	0	0	0	0	0	0	2
15673	0	0	0	1	2	0	0	0	0	0	0	0	3
15674	1	0	0	0	0	0	0	0	0	0	0	0	1
15675	1	1	0	0	2	0	0	0	0	0	0	0	4
15676	1	0	0	0	0	0	0	0	0	0	0	0	1
15678	2	0	0	0	1	0	0	0	0	0	0	0	3
15679	3	0	0	0	1	0	0	1	0	0	0	0	5
15680	3	0	0	0	0	0	0	1	0	0	0	0	4
15682	1	0	0	0	0	0	0	0	0	0	0	0	1
15683	2	0	0	0	0	0	0	0	0	0	0	0	2
15684	0	0	0	0	0	1	0	0	0	0	0	0	1
15685	3	0	0	0	0	0	0	0	0	0	0	0	3
15686	0	0	1	0	0	0	0	0	0	0	0	0	1
15687	3	0	0	1	1	0	0	0	0	0	0	0	5
15688	2	0	0	0	0	0	0	0	0	0	0	0	2
15690	1	0	0	2	1	0	0	0	0	0	0	0	4
15691	1	0	0	1	0	0	0	0	0	0	0	0	2
15692	1	0	0	0	2	0	0	0	0	0	0	0	3
15693	1	0	0	0	1	0	0	0	0	0	0	0	2
15694	0	0	0	0	1	0	0	0	0	0	0	0	1
15695	0	0	0	1	0	0	0	0	0	0	0	0	1
15696	2	0	0	0	0	0	0	2	0	0	0	0	4
15697	1	0	0	0	1	0	0	0	0	0	0	0	2
15698	2	0	0	0	1	0	0	0	0	0	0	0	3
15699	1	0	0	0	0	0	0	0	0	0	0	0	1
15700	2	0	0	0	0	0	0	0	0	0	0	0	2
15701	2	0	0	1	0	1	0	0	0	0	0	0	4
15702	0	1	0	1	0	0	0	0	0	0	0	0	2
15703	0	0	0	1	0	0	0	0	0	0	0	0	1
15704	1	0	0	0	1	0	0	0	0	0	0	0	2
15705	3	0	0	1	0	0	0	1	0	0	0	0	5
15706	0	1	0	1	1	0	0	0	0	0	0	0	3
15707	3	0	0	1	0	0	0	0	0	0	0	0	4
15708	3	0	0	0	0	0	0	0	0	0	0	0	3
15709	0	0	0	2	1	0	1	0	0	0	0	0	4
15710	1	0	0	0	0	0	0	0	0	0	0	0	1
15711	2	0	0	0	0	0	0	0	0	0	0	0	2
15712	2	1	0	0	0	0	0	0	0	0	0	0	3
15713	1	0	0	0	0	0	0	0	0	0	0	0	1
15714	1	0	0	1	1	0	0	0	0	0	0	0	3
15715	3	0	0	0	0	0	0	0	0	0	0	0	3
15716	2	0	0	0	0	0	0	0	0	0	0	0	2
15717	2	0	0	1	2	0	0	0	0	0	0	0	5
15718	2	0	0	0	0	0	0	0	0	0	0	0	2
15719	2	0	0	0	1	0	0	1	0	0	0	0	4
15720	2	0	0	0	0	1	0	0	0	0	0	0	3
15721	2	0	0	0	0	0	0	0	0	0	0	0	2
15722	2	0	0	0	0	0	0	0	0	0	0	0	2
15723	3	0	0	0	0	0	0	0	0	0	0	0	3
15724	2	0	0	0	1	0	0	0	0	0	0	0	3
15725	1	0	0	0	2	1	0	0	0	0	0	0	4
15726	0	0	1	0	0	0	0	0	0	0	0	0	1
15727	1	0	0	0	2	0	0	0	0	0	0	0	3
15728	1	0	0	0	0	0	0	0	0	0	0	0	1
15729	3	0	0	0	0	0	0	0	0	0	0	0	3
15730	1	0	0	1	0	0	0	0	0	0	0	0	2
15731	1	0	0	0	1	0	1	0	0	0	0	0	3
15732	3	0	0	0	0	0	0	0	0	0	0	0	3
15733	0	0	0	0	1	0	0	0	0	0	0	0	1
15734	2	0	0	0	1	0	0	0	0	0	0	0	3
15735	1	0	0	0	1	0	0	0	0	0	0	0	2
15736	0	0	0	0	1	0	0	0	0	0	0	0	1
15737	2	0	0	0	0	0	0	0	0	0	0	0	2
15738	2	0	0	0	1	0	0	0	0	0	0	0	3
15739	0	1	1	0	0	0	0	0	0	0	0	0	2
15740	3	0	0	1	0	0	0	1	0	0	0	0	5
15741	2	0	2	0	0	0	0	0	0	0	0	0	4
15742	0	0	0	0	2	0	0	0	0	0	0	0	2
15743	3	0	0	0	0	0	0	0	0	0	0	0	3
15744	2	0	0	0	0	0	2	0	1	0	0	0	5
15745	1	0	0	0	2	0	0	0	1	0	0	0	4
15746	2	0	0	0	0	0	0	0	0	0	0	0	2
15747	1	0	0	0	0	0	0	0	0	0	0	0	1
15748	2	0	0	0	0	0	0	0	0	0	0	0	2
15749	3	0	0	0	0	0	0	0	0	0	0	0	3
15750	2	0	0	0	0	0	1	0	0	0	0	0	3
15751	1	0	0	0	0	0	0	0	0	0	0	0	1
15752	1	0	0	0	1	0	0	0	0	0	0	0	2
15753	2	0	0	0	2	0	0	0	0	0	0	0	4
15754	1	0	0	1	1	0	0	0	0	0	0	0	3
15755	1	0	0	0	0	0	0	0	0	0	0	0	1
15756	4	0	0	0	0	0	0	0	0	0	0	0	4
15757	1	0	0	1	0	0	0	0	0	0	0	0	2
15758	3	0	0	0	0	0	0	1	0	0	0	0	4
15759	0	0	0	0	2	0	0	0	0	0	0	0	2
15760	1	0	0	0	1	0	0	0	0	0	0	0	2
15761	2	0	1	0	2	0	0	0	0	0	0	0	5
15762	1	0	0	0	1	0	0	1	1	0	0	0	4
15763	0	0	1	0	2	0	0	0	0	0	0	0	3
15764	0	0	1	0	0	0	0	0	0	0	0	0	1
15765	2	0	0	0	0	0	1	0	0	0	0	0	3
15766	2	0	0	0	0	0	0	0	0	1	0	0	3
15767	3	0	0	0	1	0	0	1	0	0	0	0	5
15768	2	0	0	0	0	0	0	0	0	0	0	0	2
15769	2	0	0	0	0	0	0	0	0	0	0	0	2
15770	3	0	0	0	0	0	0	1	0	0	0	0	4
15771	1	0	0	0	0	0	0	0	0	0	0	0	1
15772	2	0	0	0	0	0	0	2	0	0	0	0	4
15774	3	0	0	0	0	0	0	0	0	0	0	0	3
15775	1	0	0	0	0	1	0	0	0	0	0	0	2
15776	3	0	0	0	0	0	0	0	0	0	0	0	3
15777	2	0	0	0	3	0	0	0	0	0	0	0	5
15778	1	0	0	0	0	0	0	0	0	0	0	0	1
15779	2	0	1	0	0	0	0	0	0	0	0	0	3
15780	2	0	0	0	0	0	0	0	0	0	0	0	2
15781	3	0	0	0	0	0	0	0	0	0	0	0	3
15782	0	0	0	0	2	0	0	0	0	0	0	0	2
15783	1	0	0	0	0	0	0	0	0	0	0	0	1
15785	2	0	0	0	0	0	0	1	0	0	0	0	3
15786	4	0	0	0	0	0	0	0	0	0	0	0	4
15787	2	0	0	0	1	0	0	0	0	0	0	0	3
15788	1	0	0	0	2	0	0	0	0	0	0	0	3
15789	3	0	0	0	0	0	0	0	0	0	0	0	3
15790	2	0	0	0	0	0	0	0	0	0	0	0	2
15791	2	0	0	0	0	0	0	0	0	0	0	0	2
15792	1	0	0	0	0	0	0	0	0	0	0	0	1
15793	2	0	0	0	0	0	0	2	0	0	0	0	4
15794	4	0	0	0	0	0	0	0	0	0	0	0	4
15795	2	0	0	0	0	0	0	0	0	0	0	0	2
15796	4	0	0	0	0	0	0	1	0	0	0	0	5
15797	0	0	0	0	1	0	0	0	0	0	0	0	1
15798	1	0	0	0	0	0	0	0	0	0	0	0	1
15799	3	0	0	1	0	0	0	0	0	0	0	0	4
15800	3	0	0	1	0	0	0	1	0	0	0	0	5
15802	2	0	0	0	2	0	0	0	0	0	0	0	4
15803	0	0	0	0	2	0	0	0	0	0	0	0	2
15804	2	0	0	0	0	0	1	0	0	0	0	0	3
15805	0	1	0	0	0	0	0	0	0	0	0	0	1
15806	2	0	0	0	0	0	0	0	0	0	0	0	2
15807	2	0	0	0	1	0	0	0	0	0	0	0	3
15808	2	0	0	0	0	0	0	1	0	0	0	0	3
15809	1	0	0	0	0	0	0	0	0	0	0	0	1
15811	3	0	0	1	0	0	0	0	0	0	0	0	4
15812	2	0	0	0	0	0	0	1	0	0	0	0	3
15813	3	0	0	0	0	0	0	0	0	0	0	0	3
15814	2	0	0	0	3	0	0	0	0	1	0	0	6
15815	1	0	0	1	0	0	0	0	0	0	0	0	2
15816	0	0	0	1	2	0	0	0	0	0	0	0	3
15817	3	0	0	0	1	0	1	1	0	0	0	0	6
15818	3	0	0	0	1	1	0	0	0	0	0	0	5
15819	0	0	0	0	1	0	0	0	0	0	0	0	1
15820	0	0	0	0	1	0	0	0	0	0	0	0	1
15821	4	0	0	0	0	0	0	0	0	0	0	0	4
15822	1	0	0	0	1	0	0	0	0	0	0	0	2
15823	0	0	0	1	0	0	0	0	0	0	0	0	1
15824	0	0	1	0	0	0	0	0	0	0	0	0	1
15825	1	0	0	0	0	0	0	0	0	0	0	0	1
15826	2	0	0	2	0	0	0	0	0	0	0	0	4
15827	0	0	0	1	1	0	0	0	0	0	0	0	2
15828	3	0	0	1	0	0	1	0	0	0	0	0	5
15829	2	0	0	0	2	0	0	0	0	0	0	0	4
15830	2	0	0	0	1	0	0	1	0	0	0	0	4
15831	3	0	0	0	0	0	1	0	1	0	0	0	5
15832	3	0	0	0	2	0	0	0	0	0	0	0	5
15833	3	0	0	0	1	0	0	0	0	0	0	0	4
15834	3	0	0	0	0	0	0	0	0	0	0	0	3
15835	2	0	0	1	0	0	1	1	0	0	0	0	5
15836	3	0	0	0	0	0	0	0	0	0	0	0	3
15837	5	0	0	0	0	0	0	1	0	0	0	0	6
15838	2	0	0	0	0	0	0	0	0	0	0	0	2
15839	0	0	0	0	3	0	0	0	0	0	0	0	3
15840	0	0	0	0	0	0	0	1	0	0	0	0	1
15842	0	0	0	0	1	0	0	0	0	0	0	0	1
15843	0	0	0	1	1	0	0	0	0	0	0	0	2
15844	2	0	0	0	0	0	0	0	0	0	0	0	2
15845	4	0	0	0	0	0	0	1	0	0	0	0	5
15846	4	0	0	0	0	0	0	0	0	0	0	0	4
15847	2	0	0	0	0	1	0	0	0	0	0	0	3
15848	3	0	0	1	0	0	0	1	0	0	0	0	5
15849	3	0	0	0	0	0	0	0	0	0	0	0	3
15850	2	0	0	0	0	0	0	0	0	0	0	0	2
15851	2	0	0	0	1	0	0	0	0	0	0	0	3
15852	0	0	0	1	0	0	0	0	0	0	0	0	1
15853	2	0	0	0	1	0	0	0	0	0	0	0	3
15854	1	0	0	1	0	0	0	0	0	0	0	0	2
15855	3	0	0	0	0	1	0	0	0	0	0	0	4
15856	1	0	0	0	1	0	0	0	0	0	0	0	2
15858	3	0	0	1	0	0	0	0	0	0	0	0	4
15859	3	0	0	0	0	0	1	0	1	0	0	0	5
15860	1	0	0	0	0	1	0	0	0	0	0	0	2
15861	2	0	0	0	0	0	1	0	0	0	0	0	3
15863	3	0	0	0	1	0	0	0	0	0	0	0	4
15864	4	0	0	1	1	0	0	0	0	0	0	0	6
15865	1	0	0	0	1	0	0	0	0	0	0	0	2
15866	2	0	0	0	0	0	0	0	0	0	0	0	2
15867	2	0	0	0	0	0	0	0	0	0	0	0	2
15868	1	0	0	0	0	0	0	0	0	0	0	0	1
15869	0	0	1	0	0	0	0	0	0	0	0	0	1
15870	0	0	0	0	6	0	0	0	0	0	0	0	6
15871	1	0	0	0	0	0	0	0	0	0	0	0	1
15872	3	0	0	0	0	0	0	0	0	0	0	0	3
15873	1	1	0	0	1	0	0	0	0	0	0	0	3
15874	0	0	0	2	1	0	0	0	0	0	0	0	3
15876	1	0	0	3	0	0	0	1	0	0	0	0	5
15877	2	0	0	0	0	0	0	0	0	0	0	0	2
15878	1	0	0	1	1	0	0	0	0	0	0	0	3
15879	2	0	0	1	0	0	0	0	0	0	0	0	3
15880	1	0	0	0	0	0	0	0	0	0	0	0	1
15881	2	0	0	0	1	0	0	0	0	0	0	0	3
15882	1	0	0	0	0	0	0	0	0	0	0	0	1
15883	2	0	0	0	0	0	1	0	0	0	0	0	3
15884	1	0	0	0	2	0	0	0	0	0	0	0	3
15885	1	0	0	0	1	0	0	0	0	0	0	0	2
15886	1	0	0	0	0	0	0	0	0	0	0	0	1
15887	1	0	0	0	1	0	0	0	1	0	0	0	3
15888	2	0	0	0	0	0	1	0	0	0	0	0	3
15889	0	1	0	0	1	0	0	0	0	0	0	0	2
15890	2	0	0	1	1	0	1	0	0	0	0	0	5
15891	3	0	0	0	0	0	0	0	0	0	0	0	3
15892	1	0	0	0	0	0	0	0	0	0	0	0	1
15893	2	0	0	0	2	0	0	0	0	0	0	0	4
15894	1	0	0	0	0	0	0	1	0	0	0	0	2
15895	1	0	0	0	0	0	0	0	0	0	0	0	1
15896	2	0	0	0	1	1	0	0	0	0	0	0	4
15897	1	0	0	0	1	0	0	0	0	0	0	0	2
15898	3	0	0	0	0	0	0	0	0	0	0	0	3
15899	1	0	0	0	1	0	0	0	0	0	0	0	2
15900	0	0	0	0	0	2	0	0	0	0	0	0	2
15903	2	0	0	0	3	0	0	0	0	0	0	0	5
15904	2	1	0	1	2	0	0	0	0	0	0	0	6
15905	2	0	0	0	2	0	0	0	0	0	0	0	4
15906	1	0	0	0	0	0	0	1	0	0	0	0	2
15908	0	0	0	0	5	1	0	0	0	0	0	0	6
15909	3	0	0	0	0	0	0	0	0	0	0	0	3
15910	1	0	0	0	0	0	0	0	0	0	0	0	1
15911	1	0	0	0	0	0	0	0	0	0	0	0	1
15912	2	0	0	0	0	0	0	0	0	0	0	0	2
15913	0	0	0	0	1	1	0	0	0	0	0	0	2
15914	2	0	1	0	0	0	0	0	0	0	0	0	3
15915	1	0	0	0	0	0	0	0	0	0	0	0	1
15916	3	0	0	0	0	0	0	0	0	0	0	0	3
15917	1	0	0	0	0	0	0	1	0	0	0	0	2
15918	1	0	0	0	0	0	0	0	0	0	0	0	1
15921	2	0	0	0	0	0	0	0	0	0	0	0	2
15922	2	0	0	0	0	0	0	0	0	0	0	0	2
15923	3	0	0	0	0	0	0	1	0	0	0	0	4
15924	2	0	0	0	1	1	0	0	0	0	0	0	4
15926	4	0	0	0	1	0	0	0	0	0	0	0	5
15927	1	0	0	0	0	0	0	1	0	0	0	0	2
15928	1	0	0	0	1	0	0	0	0	0	0	0	2
15929	0	0	0	1	3	0	0	0	0	0	0	0	4
15930	1	0	0	0	0	0	0	0	0	0	0	0	1
15931	2	0	0	0	3	0	0	0	0	0	0	0	5
15932	0	0	0	0	2	0	0	0	0	0	0	0	2
15933	4	0	0	1	0	0	1	0	0	0	0	0	6
15934	0	0	0	1	0	0	0	1	0	0	0	0	2
15935	0	2	1	2	0	0	0	0	0	0	0	0	5
15936	0	0	1	0	0	0	0	0	0	0	0	0	1
15937	0	0	2	0	0	0	0	0	0	0	0	0	2
15938	0	0	1	1	3	0	0	0	0	0	0	0	5
15939	0	1	0	0	0	0	0	0	0	0	0	0	1
15940	1	0	1	0	0	0	0	0	0	0	0	0	2
15941	1	0	0	0	1	0	0	1	0	0	0	0	3
15942	1	0	0	0	0	0	0	0	0	0	0	0	1
15943	3	0	0	0	0	0	0	0	0	0	0	0	3
15944	1	0	0	1	0	0	0	0	0	0	0	0	2
15945	0	0	0	1	0	0	0	0	0	0	0	0	1
15946	2	0	0	0	0	0	0	1	0	0	0	0	3
15947	2	0	0	0	0	0	0	0	0	0	0	0	2
15948	3	0	0	0	0	0	0	0	0	0	0	0	3
15949	0	0	0	0	2	0	0	0	0	0	0	0	2
15950	0	0	1	0	2	0	0	0	0	0	0	0	3
15951	1	0	0	0	0	0	0	0	0	0	0	0	1
15952	2	0	0	0	1	0	0	0	0	0	0	0	3
15953	2	0	0	0	2	0	0	0	0	0	0	0	4
15954	3	0	0	0	0	0	0	0	0	0	0	0	3
15955	1	0	0	0	0	0	0	0	0	0	0	0	1
15956	3	0	0	0	0	0	0	0	0	0	0	0	3
15957	2	0	0	0	2	0	0	0	0	0	0	0	4
15958	3	0	0	0	0	0	0	0	0	0	0	0	3
15959	1	0	0	0	0	0	0	0	0	0	0	0	1
15961	0	0	1	0	0	0	0	0	0	0	0	0	1
15962	1	0	0	1	1	2	0	0	0	0	0	0	5
15963	0	0	0	1	0	0	0	0	0	0	0	0	1
15964	1	0	0	0	0	0	0	0	0	0	0	0	1
15965	1	0	0	1	0	0	0	0	0	0	0	0	2
15966	3	0	0	0	0	0	0	0	0	0	0	0	3
15967	2	0	0	0	0	0	0	1	0	0	0	0	3
15968	3	0	0	0	2	0	0	1	0	0	0	0	6
15969	1	0	0	0	0	0	0	0	0	0	0	0	1
15970	1	0	0	1	1	1	0	0	0	0	0	0	4
15971	3	0	0	0	1	0	0	0	0	0	0	0	4
15972	2	0	0	1	0	0	0	0	0	0	0	0	3
15973	1	0	0	0	0	0	0	0	1	0	0	0	2
15974	1	0	0	0	1	0	0	0	0	0	0	0	2
15975	0	1	0	0	0	0	0	0	0	0	0	0	1
15976	3	0	0	0	0	0	0	1	0	0	0	0	4
15977	2	0	0	0	1	0	0	0	0	0	0	0	3
15978	3	0	0	1	0	0	0	0	0	0	0	0	4
15979	2	0	0	0	1	0	0	0	0	0	0	0	3
15980	1	0	0	0	1	0	0	1	0	0	0	0	3
15981	3	0	0	0	1	0	0	1	0	0	0	0	5
15982	0	0	0	1	0	0	0	0	0	0	0	0	1
15983	2	0	0	0	0	1	0	0	0	0	0	0	3
15984	0	0	0	1	0	0	0	0	0	0	0	0	1
15985	2	0	0	1	0	0	0	0	0	0	0	0	3
15986	1	0	0	2	0	0	0	1	0	0	0	0	4
15987	0	1	0	0	1	0	0	0	0	0	0	0	2
15988	1	0	0	0	0	0	0	0	0	0	0	0	1
15989	3	0	0	0	0	0	0	0	0	0	0	0	3
15990	2	0	0	0	0	0	0	0	0	0	0	0	2
15991	4	0	0	0	1	0	0	0	0	0	0	0	5
15992	2	0	0	0	0	0	0	0	0	0	0	0	2
15993	2	0	0	0	0	0	0	0	0	0	0	0	2
15994	1	0	0	0	0	1	0	0	0	0	0	0	2
15995	1	0	0	1	0	1	0	0	0	0	0	0	3
15996	1	0	0	0	1	0	0	0	0	0	0	0	2
15997	2	0	0	0	0	0	0	0	1	0	0	0	3
15998	1	0	0	1	2	0	0	0	0	0	0	0	4
15999	1	0	0	0	1	0	0	0	0	0	0	0	2
16000	2	0	0	0	1	0	0	0	0	0	0	0	3
16001	0	0	0	0	1	0	0	1	0	0	0	0	2
16002	0	0	0	0	1	0	0	0	0	0	0	0	1
16003	0	0	0	0	2	0	0	0	0	0	0	0	2
16004	3	0	0	0	0	0	1	0	0	0	0	0	4
16005	2	0	0	0	0	2	0	0	0	0	0	0	4
16006	0	0	0	2	2	0	0	0	0	0	0	0	4
16007	4	0	0	0	0	1	0	0	0	0	0	0	5
16008	2	0	0	0	0	1	0	0	0	0	0	0	3
16009	1	2	0	1	1	0	0	0	0	0	0	0	5
16010	2	0	0	0	0	0	0	0	0	0	0	0	2
16011	1	0	0	0	2	0	0	0	0	0	0	0	3
16012	0	0	0	1	1	0	0	0	0	0	0	0	2
16013	1	0	0	1	1	0	0	0	0	0	0	0	3
16014	2	0	0	1	0	0	0	0	0	1	0	0	4
16015	1	0	0	0	0	0	0	0	0	0	0	0	1
16017	0	0	0	0	1	0	0	0	0	0	0	0	1
16018	2	0	0	0	0	0	0	0	0	0	0	0	2
16019	1	0	0	0	1	0	0	1	0	0	0	0	3
16020	2	0	0	0	0	0	0	0	0	0	0	0	2
16021	0	0	0	2	2	0	0	0	0	0	0	0	4
16022	1	0	0	0	1	2	0	0	0	0	0	0	4
16023	3	0	0	0	0	0	0	1	0	0	0	0	4
16024	2	0	0	0	0	0	0	0	0	0	0	0	2
16025	2	0	0	0	2	0	0	0	0	0	0	0	4
16026	2	0	0	0	0	0	0	0	0	0	0	0	2
16027	1	0	0	0	0	0	0	0	0	0	0	0	1
16028	1	0	0	0	3	0	0	0	0	0	0	0	4
16029	2	0	0	0	0	0	0	0	0	0	0	0	2
16030	1	0	0	0	0	0	0	0	0	0	0	0	1
16031	1	0	0	0	0	0	1	0	0	0	0	0	2
16032	3	0	0	0	0	0	0	0	0	0	0	0	3
16033	0	0	0	0	3	1	0	0	0	0	0	0	4
16034	2	0	1	0	0	0	1	0	0	0	0	0	4
16035	2	0	0	0	0	0	0	1	0	0	0	0	3
16036	1	0	0	0	0	0	0	0	0	0	0	0	1
16037	1	1	0	2	1	0	0	0	0	0	0	0	5
16038	0	0	1	0	1	0	0	0	0	0	0	0	2
16039	1	0	0	0	4	0	0	0	0	0	0	0	5
16040	0	0	0	0	1	0	0	0	0	0	0	0	1
16041	2	0	0	0	0	0	0	0	0	0	0	0	2
16042	4	0	0	0	0	0	1	1	0	0	0	0	6
16043	0	0	1	0	0	0	0	0	0	0	0	0	1
16044	1	0	0	0	1	0	0	0	0	0	0	0	2
16045	2	0	0	0	0	0	1	0	1	1	0	0	5
16046	1	0	0	2	0	0	0	0	0	0	0	0	3
16047	4	0	0	0	0	0	0	1	0	0	0	0	5
16048	1	0	0	0	0	1	0	0	0	0	0	0	2
16049	2	0	0	0	0	2	0	1	0	0	0	0	5
16050	0	0	0	0	0	0	0	1	0	0	0	0	1
16051	4	0	0	0	0	0	0	0	0	0	0	0	4
16052	1	0	0	0	0	0	0	0	0	0	0	0	1
16053	0	0	0	2	1	0	0	1	0	0	0	0	4
16055	1	0	1	0	0	0	0	0	0	0	0	0	2
16056	1	0	0	2	0	0	0	0	0	0	0	0	3
16057	2	0	0	0	0	0	0	0	0	0	0	0	2
16058	2	0	0	0	0	0	0	0	0	0	0	0	2
16059	2	0	0	0	3	0	0	0	1	0	0	0	6
16061	0	0	0	1	0	0	0	0	0	0	0	0	1
16062	0	0	0	0	0	1	0	0	0	0	0	0	1
16063	2	0	0	0	0	0	0	0	0	0	0	0	2
16064	1	0	0	0	2	0	1	0	0	0	0	0	4
16065	1	0	0	0	2	0	0	0	0	0	0	0	3
16066	2	0	1	0	0	0	0	1	1	0	0	0	5
16067	1	0	0	0	0	0	1	0	0	0	0	0	2
16068	2	0	0	0	0	0	0	1	0	0	0	0	3
16069	1	0	0	1	0	0	0	1	0	0	0	0	3
16070	2	0	0	0	1	0	0	0	0	0	0	0	3
16071	2	0	0	0	0	0	0	0	0	0	0	0	2
16072	1	0	1	0	0	0	0	0	0	0	0	0	2
16074	2	0	0	1	1	0	0	0	0	0	0	0	4
16075	2	0	0	0	0	0	0	0	0	0	0	0	2
16076	3	0	1	0	0	0	0	0	0	0	0	0	4
16077	0	0	2	0	0	0	0	1	0	0	0	0	3
16078	2	0	0	0	1	0	0	0	0	0	0	0	3
16079	2	0	0	1	0	0	1	0	0	0	0	0	4
16080	0	0	0	0	1	0	1	0	0	1	0	0	3
16081	1	0	0	1	0	0	0	0	0	0	0	0	2
16082	0	0	0	0	1	0	0	0	0	0	0	0	1
16083	0	0	0	0	1	0	0	0	0	0	0	0	1
16084	4	0	0	0	0	0	0	1	0	0	0	0	5
16085	1	0	0	0	0	0	0	0	0	0	0	0	1
16086	3	0	0	0	0	0	0	0	0	0	0	0	3
16087	1	0	0	0	0	0	1	0	0	0	0	0	2
16088	1	0	0	1	2	0	0	0	0	0	0	0	4
16089	0	0	0	0	2	0	0	0	1	0	0	0	3
16090	0	0	2	0	1	0	0	0	0	0	0	0	3
16091	1	0	0	0	1	0	0	0	0	0	0	0	2
16092	1	0	0	0	0	0	2	0	0	0	0	0	3
16093	2	0	0	0	1	0	0	0	0	0	0	0	3
16095	1	0	0	0	0	0	0	0	0	0	0	0	1
16096	2	0	0	0	0	0	0	0	0	0	0	0	2
16097	2	0	0	0	2	0	0	0	0	0	0	0	4
16098	2	0	0	0	1	0	0	0	0	0	0	0	3
16099	0	0	0	0	2	0	0	0	0	0	0	0	2
16100	0	0	0	0	1	0	0	0	0	0	0	0	1
16101	3	0	0	0	0	0	0	0	0	0	0	0	3
16102	1	0	0	0	0	0	0	0	0	0	0	0	1
16103	1	0	0	0	2	0	0	0	0	0	0	0	3
16104	1	0	0	0	1	0	0	0	0	0	0	0	2
16106	1	1	1	0	0	0	0	0	0	0	0	0	3
16107	0	0	1	0	0	0	0	2	0	0	0	0	3
16108	1	0	0	0	2	0	0	1	0	0	0	0	4
16109	1	1	0	0	1	0	0	0	0	0	0	0	3
16110	0	0	0	0	1	0	0	1	0	0	0	0	2
16111	3	0	0	0	0	0	0	0	0	0	0	0	3
16112	1	0	0	0	0	0	0	0	0	0	0	0	1
16113	0	0	0	0	2	0	0	0	0	0	0	0	2
16114	1	0	0	0	0	0	0	1	0	0	0	0	2
16115	1	0	0	0	0	0	0	0	0	0	0	0	1
16116	2	1	0	0	0	1	0	0	1	0	0	0	5
16117	1	0	0	0	0	0	0	0	0	0	0	0	1
16118	0	0	1	0	2	0	0	1	0	0	0	0	4
16119	2	0	0	0	1	0	0	0	0	0	0	0	3
16120	2	0	0	0	1	0	0	1	0	0	0	0	4
16121	3	0	0	0	0	0	0	0	0	0	0	0	3
16122	1	0	0	0	1	0	0	0	1	1	0	0	4
16123	2	0	1	0	1	0	0	0	0	0	0	0	4
16124	1	0	0	0	1	0	0	2	0	0	0	0	4
16125	2	0	0	0	1	0	0	0	0	0	0	0	3
16126	1	0	0	0	0	0	0	0	0	0	0	0	1
16127	1	0	0	0	0	0	0	0	0	0	0	0	1
16128	2	0	0	0	2	0	0	0	0	0	0	0	4
16129	1	0	0	0	1	0	0	1	0	0	0	0	3
16130	1	0	0	1	1	0	1	0	0	0	0	0	4
16131	1	0	0	0	0	0	0	0	0	0	0	0	1
16132	3	0	0	0	1	0	0	0	0	0	0	0	4
16133	2	0	0	0	0	0	0	0	0	0	0	0	2
16134	0	0	0	0	1	0	0	0	0	0	0	0	1
16135	1	0	0	0	1	0	0	0	0	0	0	0	2
16136	2	0	0	1	1	0	0	0	0	0	0	0	4
16137	3	0	0	0	0	0	0	0	0	0	0	0	3
16138	1	0	0	0	0	0	0	0	0	0	0	0	1
16139	3	0	0	0	0	0	0	0	1	0	0	0	4
16140	2	0	0	0	1	0	0	0	0	0	0	0	3
16141	2	0	0	0	0	0	1	0	0	0	0	0	3
16142	0	1	0	0	0	0	0	0	0	0	0	0	1
16143	1	0	0	0	0	0	0	0	0	0	0	0	1
16144	2	0	0	0	0	0	0	0	0	0	0	0	2
16145	1	0	0	0	0	0	0	0	0	0	0	0	1
16146	1	0	0	0	1	0	0	1	0	0	0	0	3
16147	2	0	0	0	0	0	0	0	0	0	0	0	2
16148	0	0	0	0	1	0	0	0	0	0	0	0	1
16149	2	0	0	0	0	0	0	1	0	0	0	0	3
16150	3	0	0	0	0	0	0	0	0	0	0	0	3
16151	0	0	0	0	0	0	1	0	0	0	0	0	1
16152	2	0	0	0	2	0	0	0	0	0	0	0	4
16153	3	0	0	1	0	0	0	0	0	0	0	0	4
16154	2	0	0	0	1	0	0	0	0	0	0	0	3
16155	1	1	0	0	1	0	0	0	0	0	0	0	3
16156	2	1	0	0	1	0	0	0	0	0	0	0	4
16157	1	0	0	0	1	0	0	0	0	0	0	0	2
16158	3	0	0	0	0	0	0	0	0	0	0	0	3
16159	2	0	0	0	0	0	0	1	0	0	0	0	3
16160	1	0	0	0	0	0	0	1	0	0	0	0	2
16161	3	0	0	0	0	0	0	0	0	0	0	0	3
16162	2	0	0	0	0	0	0	0	0	0	0	0	2
16163	2	0	0	0	0	1	0	0	0	0	0	0	3
16164	2	0	0	0	1	0	0	0	0	0	0	0	3
16165	3	0	0	0	0	0	0	0	0	0	0	0	3
16166	2	0	0	0	1	0	0	0	0	0	0	0	3
16167	2	0	0	0	0	0	0	1	1	0	0	0	4
16168	1	0	0	0	1	0	0	0	0	0	0	0	2
16169	2	0	0	0	0	0	0	0	0	0	0	0	2
16170	1	0	0	0	2	0	0	0	0	0	0	0	3
16171	2	0	0	0	0	0	0	0	0	0	0	0	2
16172	1	0	0	0	2	0	0	0	0	0	0	0	3
16173	0	0	0	0	2	1	0	0	0	0	0	0	3
16175	3	0	0	0	0	0	2	0	0	0	0	0	5
16176	1	0	0	0	1	0	0	0	0	0	0	0	2
16177	1	0	0	0	0	0	0	1	0	0	0	0	2
16178	1	0	0	1	0	0	0	1	0	0	0	0	3
16180	2	0	0	1	0	0	0	0	0	0	0	0	3
16182	0	0	1	0	0	0	0	0	0	0	0	0	1
16183	3	0	0	0	0	0	0	0	0	0	0	0	3
16184	1	0	0	0	0	0	0	0	0	0	0	0	1
16185	1	0	0	0	0	0	0	0	0	0	0	0	1
16188	1	0	0	0	0	0	0	0	0	0	0	0	1
16189	3	0	0	0	0	0	0	0	0	0	0	0	3
16190	0	0	2	0	0	0	0	0	0	0	0	0	2
16191	1	0	0	0	2	0	0	0	0	0	0	0	3
16193	1	0	0	0	0	0	0	1	0	0	0	0	2
16195	3	0	0	0	0	0	0	0	0	0	0	0	3
16196	0	0	4	0	0	0	0	0	0	0	0	0	4
16197	1	0	0	0	0	0	0	1	0	0	0	0	2
16198	1	1	0	0	2	0	0	0	0	0	0	0	4
16200	0	0	1	0	1	0	0	0	0	0	0	0	2
16201	0	0	0	1	0	0	0	0	0	0	0	0	1
16202	2	0	0	0	2	0	0	0	0	0	0	0	4
16203	2	0	0	0	0	0	0	0	0	0	0	0	2
16204	0	0	0	0	1	0	0	0	0	1	0	0	2
16205	2	0	0	0	1	0	1	0	1	0	0	0	5
16206	0	0	0	0	3	0	0	0	0	0	0	0	3
16207	0	0	1	0	0	0	0	0	0	0	0	0	1
16209	2	0	0	0	0	0	0	0	0	0	0	0	2
16210	1	0	0	0	0	0	0	1	0	0	0	0	2
16211	2	0	0	0	2	0	0	0	0	0	0	0	4
16213	1	0	1	0	0	0	0	0	0	0	0	0	2
16214	2	0	0	0	0	0	0	0	0	0	0	0	2
16215	2	0	0	0	1	0	0	0	0	0	0	0	3
16216	3	0	0	0	0	0	0	0	0	0	0	0	3
16217	0	0	1	0	0	0	0	0	0	0	0	0	1
16219	0	0	0	0	3	0	0	0	0	0	0	0	3
16220	2	0	0	0	0	0	0	0	0	0	0	0	2
16222	1	0	0	0	0	0	0	0	0	0	0	0	1
16223	1	0	0	0	0	0	0	0	0	0	0	0	1
16224	0	0	0	0	2	0	0	0	0	0	0	0	2
16225	0	0	0	0	2	0	0	0	0	0	0	0	2
16226	0	0	0	0	0	0	1	0	2	1	0	0	4
16228	1	0	0	0	0	0	0	0	0	0	0	0	1
16229	0	0	0	0	1	0	0	0	0	0	0	0	1
16230	0	1	0	0	0	0	0	0	0	0	0	0	1
16231	1	0	0	0	0	0	0	0	0	0	0	0	1
16232	4	0	0	0	0	0	0	0	0	0	0	0	4
16233	1	0	0	0	1	0	0	0	0	0	0	0	2
16234	2	0	0	0	0	0	0	0	0	0	0	0	2
16235	1	1	0	0	0	0	0	0	0	0	0	0	2
16236	1	0	0	0	0	0	0	0	0	0	0	0	1
16237	1	0	0	0	0	0	0	0	0	0	0	0	1
16238	1	0	0	0	0	0	0	0	0	0	0	0	1
16239	1	0	0	0	0	0	0	0	0	0	0	0	1
16240	2	0	0	0	0	0	0	0	0	0	0	0	2
16241	0	0	1	0	0	0	0	0	0	0	0	0	1
16242	3	0	0	0	1	0	0	0	0	0	0	0	4
16243	1	0	0	0	2	0	0	0	0	0	0	0	3
16244	3	0	0	0	0	0	0	0	0	0	0	0	3
16245	1	0	0	0	1	0	0	1	0	0	0	0	3
16246	2	0	0	0	0	0	0	0	0	0	0	0	2
16247	2	0	0	0	1	0	0	0	0	0	0	0	3
16248	1	0	0	0	1	0	0	0	0	0	0	0	2
16249	2	0	0	1	2	0	0	1	0	0	0	0	6
16250	0	0	0	0	1	0	0	1	0	0	0	0	2
16251	1	0	0	0	2	0	0	0	0	0	0	0	3
16252	3	0	0	0	0	0	0	0	0	0	0	0	3
16254	1	0	0	0	0	0	0	0	0	0	0	0	1
16255	3	0	0	1	0	0	0	0	0	0	0	0	4
16256	3	0	0	0	0	0	1	0	0	0	0	0	4
16257	2	0	0	0	0	0	0	0	0	0	0	0	2
16258	1	0	0	0	0	0	0	0	0	0	0	0	1
16259	0	0	1	0	0	0	0	0	0	0	0	0	1
16260	2	0	0	0	1	0	0	0	0	0	0	0	3
16261	5	0	0	0	0	0	0	0	0	0	0	0	5
16262	1	0	0	0	0	0	0	1	0	0	0	0	2
16263	2	0	0	0	0	0	0	1	0	0	0	0	3
16264	1	0	0	0	2	0	0	0	0	0	0	0	3
16265	1	0	1	0	0	0	0	0	1	0	0	0	3
16266	1	0	0	0	0	0	0	1	0	0	0	0	2
16267	1	0	0	1	1	0	1	1	0	0	0	0	5
16268	1	0	0	0	2	0	0	0	0	0	0	0	3
16269	1	0	0	0	0	0	0	0	0	0	0	0	1
16270	2	0	0	0	0	0	0	0	1	0	0	0	3
16271	3	0	0	0	1	0	0	0	0	0	0	0	4
16272	4	0	0	0	0	0	0	0	0	0	0	0	4
16273	2	0	0	0	0	0	0	2	0	0	0	0	4
16274	3	0	0	1	1	0	1	1	0	0	0	0	7
16275	4	0	0	0	0	0	0	0	0	0	0	0	4
16276	3	0	0	0	0	0	1	1	0	0	0	0	5
16277	1	0	0	0	0	0	0	0	0	0	0	0	1
16278	3	0	0	0	0	0	0	1	0	0	0	0	4
16279	2	0	0	0	0	0	0	1	0	0	0	0	3
16280	2	0	0	0	0	0	0	0	0	0	0	0	2
16281	1	0	0	0	0	0	0	0	0	0	0	0	1
16282	1	0	0	0	0	0	0	0	0	1	0	0	2
16283	3	0	0	0	1	0	0	1	0	0	0	0	5
16284	1	0	0	0	0	0	0	0	0	0	0	0	1
16285	0	0	0	1	1	0	0	0	1	0	0	0	3
16286	0	0	0	0	0	0	0	1	0	0	0	0	1
16287	1	0	0	0	0	0	0	0	0	0	0	0	1
16288	0	0	0	0	3	0	0	0	1	0	0	0	4
16289	2	0	0	0	0	0	0	0	0	0	0	0	2
16290	2	0	0	0	0	0	0	0	0	0	0	0	2
16291	1	0	0	0	0	0	0	0	0	0	0	0	1
16292	3	0	0	0	0	0	0	0	0	0	0	0	3
16293	2	0	0	0	0	0	0	0	0	0	0	0	2
16294	2	0	0	0	1	0	0	0	0	0	0	0	3
16295	3	0	0	0	1	0	0	0	0	0	0	0	4
16296	0	0	0	0	1	0	0	1	0	0	0	0	2
16297	1	0	0	0	0	0	0	0	0	0	0	0	1
16298	4	0	0	0	1	0	0	0	0	0	0	0	5
16299	1	0	0	0	0	0	1	0	0	0	0	0	2
16300	1	0	0	0	0	0	0	0	0	0	0	0	1
16301	2	0	0	0	0	0	0	0	0	0	0	0	2
16302	1	0	0	0	0	0	0	0	0	0	0	0	1
16303	2	0	0	0	2	0	1	0	0	0	0	0	5
16304	1	0	0	0	0	0	0	1	1	0	0	0	3
16305	1	0	0	0	0	0	0	0	0	0	0	0	1
16306	2	0	0	0	1	0	0	0	0	0	0	0	3
16307	1	0	0	0	0	0	0	0	0	0	0	0	1
16308	1	0	0	0	0	0	0	0	0	0	0	0	1
16309	1	0	0	0	0	1	0	0	0	0	0	0	2
16310	3	0	0	0	0	0	0	0	0	0	0	0	3
16311	0	0	0	0	0	0	0	1	0	0	0	0	1
16312	2	0	0	0	2	0	0	0	0	0	0	0	4
16313	2	0	0	0	0	1	0	0	0	0	0	0	3
16314	2	0	0	0	0	0	1	0	0	0	0	0	3
16315	2	0	0	1	0	1	0	0	0	0	0	0	4
16316	2	0	0	0	2	0	0	0	0	0	0	0	4
16317	2	0	0	0	0	0	0	0	0	0	0	0	2
16318	2	0	0	0	0	0	0	0	0	0	0	0	2
16319	2	0	0	0	0	0	0	0	0	0	0	0	2
16321	3	0	0	0	1	0	0	1	0	0	0	0	5
16322	1	0	0	0	0	0	0	0	0	0	0	0	1
16323	0	0	0	0	0	2	0	0	0	0	0	0	2
16324	1	0	1	0	0	0	0	0	0	0	0	0	2
16325	0	0	0	0	1	0	0	0	0	0	0	0	1
16326	0	0	1	0	0	0	0	0	0	0	0	0	1
16327	2	0	0	0	2	0	0	1	0	0	0	0	5
16328	2	0	0	0	0	0	0	1	0	0	0	0	3
16329	2	0	0	0	0	0	0	0	0	0	0	0	2
16331	1	0	0	0	0	0	1	0	0	0	0	0	2
16333	1	0	0	1	0	0	0	1	0	0	0	0	3
16334	2	0	0	0	2	0	0	1	0	0	0	0	5
16335	2	0	0	1	0	0	0	0	0	0	0	0	3
16336	3	0	0	0	0	0	1	0	1	0	0	0	5
16339	1	0	0	0	1	0	0	0	0	0	0	0	2
16340	0	0	0	1	0	0	0	0	0	0	0	0	1
16341	3	0	0	0	1	0	0	0	0	0	0	0	4
16342	2	0	0	0	0	0	0	0	0	0	0	0	2
16343	1	0	0	0	0	0	0	1	0	0	0	0	2
16344	2	0	0	0	0	0	0	0	0	0	0	0	2
16345	5	0	0	0	0	0	0	0	0	0	0	0	5
16346	2	0	1	0	0	0	0	0	0	0	0	0	3
16348	1	0	0	0	0	0	0	0	0	0	0	0	1
16349	1	0	0	1	0	0	0	0	0	0	0	0	2
16351	0	0	1	2	2	0	0	0	0	0	0	0	5
16352	0	1	0	0	0	0	0	0	0	0	0	0	1
16354	1	0	0	0	0	0	0	0	0	0	0	0	1
16355	2	0	0	0	0	0	0	0	0	0	0	0	2
16357	1	0	0	0	1	0	0	0	0	0	0	0	2
16358	1	0	0	0	3	1	0	0	0	0	0	0	5
16359	2	0	0	0	3	0	0	0	0	0	0	0	5
16360	2	0	0	0	0	0	0	0	0	0	0	0	2
16362	1	0	0	0	2	0	0	1	0	0	0	0	4
16363	2	0	0	0	0	0	1	0	0	0	0	0	3
16364	0	0	0	1	1	0	0	0	0	0	0	0	2
16365	0	0	0	0	1	0	0	0	0	0	0	0	1
16367	2	0	0	1	0	0	0	0	0	0	0	0	3
16369	0	1	0	0	2	0	0	0	0	0	0	0	3
16370	1	0	0	1	0	1	0	1	0	0	0	0	4
16371	2	0	0	0	0	0	1	1	1	0	0	0	5
16372	2	0	0	0	1	0	0	1	0	0	0	0	4
16373	0	0	0	0	2	0	0	0	0	0	0	0	2
16374	3	0	0	0	0	0	1	0	0	0	0	0	4
16375	2	0	0	0	1	0	0	0	0	0	0	0	3
16376	1	0	1	0	0	0	0	0	0	0	0	0	2
16377	3	0	0	0	0	0	0	0	0	0	0	0	3
16378	2	0	0	0	0	0	0	0	0	0	0	0	2
16379	1	0	1	0	0	0	0	0	0	0	0	0	2
16380	4	0	0	0	0	0	0	0	0	0	0	0	4
16381	3	0	0	0	1	0	0	0	0	0	0	0	4
16382	0	0	0	0	1	1	0	0	0	0	0	0	2
16383	2	0	0	0	1	0	0	0	0	0	0	0	3
16385	2	0	0	0	0	0	1	2	0	0	0	0	5
16386	0	1	0	0	0	0	0	0	0	0	0	0	1
16387	2	0	0	0	1	0	0	1	0	0	0	0	4
16389	1	0	0	0	2	0	0	0	0	0	0	0	3
16390	2	0	0	0	0	0	0	1	0	0	0	0	3
16393	1	0	1	0	0	0	0	0	0	0	0	0	2
16394	1	0	0	0	1	0	0	0	0	0	0	0	2
16395	1	0	0	0	0	0	0	0	0	0	0	0	1
16396	1	0	0	0	2	0	0	0	0	0	0	0	3
16397	0	0	0	0	1	0	0	0	0	0	0	0	1
16398	1	0	0	0	0	0	0	0	0	0	0	0	1
16399	1	0	0	1	2	0	1	1	0	0	0	0	6
16400	1	0	0	1	0	1	0	0	0	0	0	0	3
16401	1	0	0	0	2	0	0	0	0	0	0	0	3
16402	1	0	0	0	2	0	0	0	0	1	0	0	4
16403	3	0	0	0	0	0	0	0	0	0	0	0	3
16404	2	0	0	0	2	0	0	0	0	0	0	0	4
16405	1	0	0	0	0	0	0	0	1	0	0	0	2
16406	2	0	0	0	0	0	0	0	0	0	0	0	2
16407	1	0	0	1	0	0	0	0	0	0	0	0	2
16408	2	0	0	0	0	0	0	0	0	0	0	0	2
16409	1	0	1	1	1	0	0	0	0	0	0	0	4
16410	2	0	0	0	1	0	0	0	0	0	0	0	3
16411	3	0	0	0	1	0	1	0	0	0	0	0	5
16412	2	0	0	0	0	0	0	0	0	0	0	0	2
16413	1	0	0	0	1	0	0	1	0	0	0	0	3
16414	3	0	0	0	0	0	0	0	0	0	0	0	3
16415	0	1	0	2	0	0	0	0	0	0	0	0	3
16418	5	0	0	0	0	0	0	0	0	0	0	0	5
16419	1	0	0	0	1	0	0	0	0	0	0	0	2
16420	3	0	0	1	1	0	0	0	0	0	0	0	5
16421	0	0	0	1	0	0	0	0	1	0	0	0	2
16422	0	0	1	0	0	0	0	0	0	0	0	0	1
16423	3	0	0	0	0	0	0	0	0	0	0	0	3
16424	2	0	0	0	0	0	0	1	0	0	0	0	3
16425	0	0	0	1	1	1	0	0	0	0	0	0	3
16426	3	0	0	0	0	0	0	0	0	0	0	0	3
16427	0	0	0	0	1	0	0	0	0	0	0	0	1
16428	0	0	0	0	1	0	0	0	0	0	0	0	1
16429	2	0	0	0	3	0	0	0	0	0	0	0	5
16430	1	0	0	0	0	1	0	1	0	0	0	0	3
16431	2	0	0	0	0	0	0	0	0	0	0	0	2
16432	2	0	0	0	2	0	0	0	0	0	0	0	4
16433	1	0	1	0	0	0	0	0	0	0	0	0	2
16434	2	0	0	0	0	0	0	0	0	0	0	0	2
16435	2	0	0	0	1	0	0	0	0	0	0	0	3
16436	0	0	0	3	0	0	0	0	0	0	0	0	3
16437	0	0	1	0	1	0	0	0	0	0	0	0	2
16438	1	0	0	0	1	0	0	1	0	0	0	0	3
16439	0	0	0	1	0	0	0	0	0	0	0	0	1
16440	2	0	0	0	0	0	0	0	0	0	0	0	2
16441	1	0	0	0	0	0	0	0	0	0	0	0	1
16442	0	0	1	0	0	0	0	0	0	0	0	0	1
16443	0	0	1	0	0	0	0	0	0	0	0	0	1
16444	2	0	0	0	0	0	0	0	0	0	0	0	2
16448	1	0	0	0	2	0	0	0	0	0	0	0	3
16449	3	0	0	0	0	0	0	1	0	0	0	0	4
16450	0	0	0	0	0	1	0	0	0	0	0	0	1
16451	1	1	0	0	1	0	0	0	0	0	0	0	3
16452	3	0	0	0	0	0	0	0	0	0	0	0	3
16453	0	0	0	0	0	0	0	0	1	0	0	0	1
16455	1	0	1	0	0	0	0	0	0	0	0	0	2
16456	0	0	0	0	0	0	0	1	0	0	0	0	1
16457	1	1	0	0	0	0	0	0	0	0	0	0	2
16458	3	0	0	0	0	0	0	0	0	0	0	0	3
16459	1	0	0	0	2	0	0	0	0	0	0	0	3
16460	2	0	0	1	0	0	0	0	0	0	0	0	3
16461	1	0	0	0	0	0	0	0	0	0	0	0	1
16462	0	0	1	0	0	0	0	0	0	0	0	0	1
16463	1	0	0	0	0	0	0	0	0	0	0	0	1
16464	3	0	0	0	0	0	0	0	0	0	0	0	3
16465	1	0	0	0	0	0	0	0	1	0	0	0	2
16466	3	0	0	0	0	0	0	0	0	0	0	0	3
16468	0	0	0	0	1	0	0	0	0	0	0	0	1
16469	2	0	0	0	0	0	0	0	0	0	0	0	2
16470	1	0	1	0	0	0	0	0	0	0	0	0	2
16471	2	0	0	0	2	0	0	0	0	0	0	0	4
16472	1	0	0	0	0	0	0	0	0	0	0	0	1
16473	0	0	0	1	1	0	0	0	0	0	0	0	2
16474	2	0	0	0	1	0	0	0	0	0	0	0	3
16475	1	0	0	0	1	0	0	0	0	0	0	0	2
16476	4	0	0	0	0	0	0	0	0	0	0	0	4
16477	3	0	0	0	0	0	0	0	0	0	0	0	3
16478	3	0	0	0	0	0	0	0	0	0	0	0	3
16479	1	0	0	0	0	0	0	0	0	0	0	0	1
16480	1	0	0	0	1	0	0	0	0	0	0	0	2
16482	3	0	0	0	0	0	0	0	0	0	0	0	3
16483	0	1	0	0	2	0	0	0	0	0	0	0	3
16484	0	0	0	1	2	0	0	0	0	0	0	0	3
16485	1	0	0	0	0	0	0	0	0	0	0	0	1
16486	1	0	0	0	0	0	0	0	0	0	0	0	1
16487	0	0	0	0	2	0	1	0	0	0	0	0	3
16488	4	0	0	1	0	0	0	0	0	0	0	0	5
16489	0	0	0	0	2	0	0	0	0	0	0	0	2
16490	2	0	0	0	0	0	0	0	0	0	0	0	2
16491	0	0	0	0	2	0	0	0	0	0	0	0	2
16492	1	0	0	0	2	0	0	0	0	0	0	0	3
16493	2	0	0	0	1	1	0	1	0	0	0	0	5
16494	1	0	0	1	1	0	0	0	0	0	0	0	3
16495	5	0	0	0	1	0	0	0	0	0	0	0	6
16496	1	0	0	0	0	0	0	0	0	0	0	0	1
16497	1	0	0	0	0	0	0	0	0	0	0	0	1
16498	1	0	0	1	0	0	0	0	0	0	0	0	2
16499	1	0	0	0	0	0	0	0	0	0	0	0	1
16500	4	0	0	0	0	0	0	0	0	0	0	0	4
16502	2	0	0	0	0	0	0	0	0	0	0	0	2
16503	4	0	0	0	0	1	1	0	0	0	0	0	6
16504	1	0	0	1	0	0	0	0	0	0	0	0	2
16505	4	0	0	0	1	0	0	0	0	0	0	0	5
16506	0	0	0	0	1	0	0	0	0	0	0	0	1
16508	1	0	0	0	1	0	0	0	0	0	0	0	2
16509	2	0	0	0	0	0	0	0	0	0	0	0	2
16510	1	0	0	0	2	0	0	0	0	0	0	0	3
16511	3	0	0	0	0	0	0	1	0	0	0	0	4
16512	1	0	0	0	1	0	1	0	0	0	0	0	3
16513	2	0	0	0	1	0	0	0	0	0	0	0	3
16514	2	0	0	0	1	0	0	0	0	0	0	0	3
16515	4	0	0	0	0	0	0	0	0	0	0	0	4
16516	1	0	0	0	1	0	0	0	0	0	0	0	2
16517	1	0	0	0	1	0	0	0	0	0	0	0	2
16518	2	0	0	1	1	0	0	0	0	0	0	0	4
16519	1	0	0	0	0	1	0	0	0	0	0	0	2
16520	1	0	0	0	0	0	0	0	0	0	0	0	1
16521	1	0	0	0	0	0	0	0	0	0	0	0	1
16522	2	0	0	0	0	0	0	0	0	0	0	0	2
16523	2	0	0	0	1	0	0	0	0	0	0	0	3
16524	2	0	0	0	0	0	0	0	0	0	0	0	2
16525	1	0	0	0	0	0	0	0	0	0	0	0	1
16526	3	0	0	0	0	0	0	1	0	0	0	0	4
16527	3	0	0	0	0	0	1	0	0	0	0	0	4
16528	0	0	0	0	0	0	0	0	1	0	0	0	1
16530	1	0	0	0	0	0	0	0	0	0	0	0	1
16531	1	0	0	0	0	1	0	0	0	0	0	0	2
16532	2	0	0	0	0	0	0	0	0	0	0	0	2
16533	2	0	0	1	1	0	0	1	0	0	0	0	5
16534	0	0	0	1	2	0	0	0	0	0	0	0	3
16535	2	0	1	0	0	0	0	0	0	0	0	0	3
16536	2	0	0	0	0	0	0	0	0	0	0	0	2
16537	1	0	0	0	1	0	0	1	0	0	0	0	3
16538	0	0	0	1	0	0	0	0	0	0	0	0	1
16539	0	0	0	3	0	0	0	0	0	0	0	0	3
16540	1	0	0	0	0	0	0	1	0	0	0	0	2
16541	2	0	0	0	0	0	0	0	0	0	0	0	2
16542	3	0	0	0	1	0	0	0	0	0	0	0	4
16544	2	0	0	1	2	0	0	0	0	0	0	0	5
16545	2	0	0	0	0	0	0	1	0	0	0	0	3
16546	3	0	0	0	0	0	0	0	0	0	0	0	3
16548	0	0	1	0	0	0	0	0	0	0	0	0	1
16549	2	0	0	0	0	0	0	0	0	0	0	0	2
16550	0	0	0	0	3	0	0	0	0	0	0	0	3
16551	2	0	0	0	1	0	0	0	0	0	0	0	3
16552	1	0	0	0	0	0	0	0	0	0	0	0	1
16553	1	0	1	1	0	0	0	0	0	0	0	0	3
16554	3	0	0	0	0	0	0	0	0	0	0	0	3
16555	1	0	0	0	0	0	0	0	0	0	0	0	1
16556	1	0	0	0	0	0	1	0	0	0	0	0	2
16557	2	0	0	0	1	0	1	0	0	0	0	0	4
16558	0	0	0	0	0	0	0	2	0	0	0	0	2
16559	4	0	0	0	1	0	0	0	0	0	0	0	5
16560	1	0	0	0	0	0	0	0	0	0	0	0	1
16561	2	0	0	0	0	0	1	0	0	0	0	0	3
16562	1	0	0	0	1	0	0	0	0	0	0	0	2
16563	4	0	0	1	1	0	0	0	0	0	0	0	6
16564	1	0	0	0	2	0	0	0	0	0	0	0	3
16565	2	0	0	0	0	0	0	0	0	0	0	0	2
16566	1	0	0	0	0	0	0	0	0	0	0	0	1
16567	1	0	0	0	0	0	0	0	0	0	0	0	1
16568	3	0	0	0	0	0	0	0	0	0	0	0	3
16569	2	0	0	0	0	0	0	0	0	0	0	0	2
16570	0	0	1	0	0	0	0	0	0	0	0	0	1
16571	1	0	0	0	3	0	0	0	0	0	0	0	4
16572	3	0	0	0	1	0	0	0	0	0	0	0	4
16573	1	0	0	4	1	0	0	0	0	0	0	0	6
16574	1	0	0	0	2	0	0	0	0	0	0	0	3
16575	1	0	0	0	0	0	0	1	0	0	0	0	2
16576	1	0	0	1	0	0	0	0	0	0	0	0	2
16577	1	0	0	0	2	0	1	0	0	0	0	0	4
16579	3	0	0	0	1	0	0	0	0	0	0	0	4
16580	2	0	0	0	0	0	0	0	0	0	0	0	2
16581	1	0	0	0	0	0	0	0	0	0	0	0	1
16582	3	0	0	0	0	0	0	0	0	0	0	0	3
16583	1	0	0	0	0	0	0	0	0	0	0	0	1
16584	0	0	0	0	1	1	0	0	0	0	0	0	2
16585	1	0	0	0	0	1	0	1	0	0	0	0	3
16586	2	0	0	0	0	0	0	0	0	0	0	0	2
16587	1	0	0	0	0	0	0	0	0	0	0	0	1
16588	1	0	0	0	0	0	0	1	0	0	0	0	2
16589	1	0	0	0	2	0	0	0	0	0	0	0	3
16590	1	0	0	0	1	0	0	0	0	0	0	0	2
16591	1	0	0	0	1	0	0	0	1	0	0	0	3
16592	3	0	0	1	0	0	0	0	0	0	0	0	4
16593	1	0	0	0	0	0	0	0	0	0	0	0	1
16594	2	0	0	0	1	0	0	2	0	0	0	0	5
16595	2	0	0	0	0	0	0	0	0	0	0	0	2
16596	1	0	0	1	1	0	0	0	0	0	0	0	3
16600	1	0	0	0	0	0	0	0	0	0	0	0	1
16601	3	0	0	0	0	0	0	2	0	0	0	0	5
16602	1	0	0	1	0	0	0	0	0	0	0	0	2
16603	1	0	0	1	0	0	0	0	0	0	0	0	2
16604	1	0	0	0	4	0	0	1	0	0	0	0	6
16605	2	0	0	1	0	0	0	1	0	0	0	0	4
16606	3	0	0	0	0	0	0	1	0	0	0	0	4
16607	3	0	0	0	0	0	0	2	0	0	0	0	5
16608	0	0	1	0	1	0	0	0	0	0	0	0	2
16609	2	0	0	0	0	0	0	0	0	0	0	0	2
16610	0	0	0	0	1	0	0	0	0	0	0	0	1
16611	2	0	0	0	0	0	0	1	0	0	0	0	3
16614	1	0	0	0	0	0	0	0	0	0	0	0	1
16615	0	0	1	0	0	0	0	0	0	0	0	0	1
16616	2	0	0	0	0	0	0	0	0	0	0	0	2
16617	3	0	0	0	0	0	0	1	0	0	0	0	4
16618	0	0	0	1	2	0	0	0	0	0	0	0	3
16619	0	0	0	0	1	0	1	0	0	0	0	0	2
16620	1	0	0	1	0	0	0	0	0	0	0	0	2
16621	1	0	1	0	0	0	0	0	0	0	0	0	2
16622	3	0	0	0	0	0	0	0	0	0	0	0	3
16623	1	0	0	0	0	0	0	0	0	0	0	0	1
16624	3	0	0	0	1	0	0	1	0	0	0	0	5
16626	0	0	1	0	0	0	0	0	0	0	0	0	1
16627	1	0	0	1	0	0	0	0	0	0	0	0	2
16628	2	0	0	1	0	0	0	0	0	0	0	0	3
16629	2	0	0	0	1	0	0	0	0	0	0	0	3
16630	1	0	0	1	1	0	0	0	0	0	0	0	3
16631	1	0	0	0	1	0	0	0	0	0	0	0	2
16632	0	0	0	0	1	0	0	0	1	0	0	0	2
16634	0	0	0	1	0	0	0	0	0	0	0	0	1
16635	0	0	1	0	0	0	0	0	0	0	0	0	1
16636	2	0	0	0	0	0	0	0	0	0	0	0	2
16638	0	0	1	0	0	0	0	0	0	0	0	0	1
16639	1	2	0	0	0	0	0	0	0	0	0	0	3
16642	1	0	0	0	0	0	0	0	0	0	0	0	1
16643	0	0	1	0	0	1	0	0	0	0	0	0	2
16644	0	0	1	1	0	0	0	0	0	0	0	0	2
16645	2	0	0	1	0	0	0	1	0	0	0	0	4
16646	0	0	0	2	0	0	0	0	0	0	0	0	2
16647	0	0	0	0	1	0	0	0	0	0	0	0	1
16648	2	0	0	0	1	0	0	0	0	0	0	0	3
16650	0	0	0	1	0	0	0	0	0	0	0	0	1
16652	2	0	0	0	0	0	0	0	0	0	0	0	2
16653	2	0	0	0	0	0	0	0	0	0	0	0	2
16654	1	0	0	1	0	0	0	0	0	0	0	0	2
16655	1	1	0	0	0	0	0	0	0	0	0	0	2
16657	1	0	0	1	0	0	0	0	0	0	0	0	2
16658	1	0	0	0	0	0	1	1	0	0	0	0	3
16659	4	0	0	0	0	0	1	0	0	0	0	0	5
16660	0	0	0	2	0	0	0	0	0	0	0	0	2
16661	1	0	1	0	0	0	0	0	0	0	0	0	2
16662	0	0	0	0	1	0	0	0	0	0	0	0	1
16663	0	0	0	0	2	0	0	1	0	0	0	0	3
16664	0	0	0	1	0	0	0	0	0	0	0	0	1
16665	0	0	0	0	0	0	1	0	0	0	0	0	1
16666	1	0	0	0	0	0	0	0	1	0	0	0	2
16667	4	0	0	0	1	1	0	1	0	0	0	0	7
16669	0	0	0	0	1	0	0	0	0	0	0	0	1
16670	1	0	0	1	0	0	0	0	0	0	0	0	2
16671	1	0	1	0	0	0	0	1	0	0	0	0	3
16672	3	0	0	0	1	0	0	0	0	0	0	0	4
16673	0	1	0	0	0	0	0	0	0	0	0	0	1
16676	0	0	0	0	2	0	0	0	0	0	0	0	2
16677	1	0	0	0	0	0	0	0	0	0	0	0	1
16678	2	0	0	0	0	0	0	0	0	0	0	0	2
16679	2	0	1	1	0	0	0	1	0	0	0	0	5
16680	2	0	0	0	0	0	0	0	0	0	0	0	2
16681	1	0	0	0	0	0	0	0	0	0	0	0	1
16682	0	0	0	0	1	0	0	0	0	0	0	0	1
16683	0	0	1	0	0	0	0	0	0	0	0	0	1
16687	1	0	0	0	0	0	0	0	0	0	0	0	1
16688	2	0	0	1	0	0	0	0	1	0	0	0	4
16689	2	0	0	0	0	0	0	0	0	0	0	0	2
16691	2	0	0	0	2	1	0	2	0	0	0	0	7
16692	0	0	0	0	3	0	0	0	0	0	0	0	3
16693	0	0	0	1	0	0	0	0	0	0	0	0	1
16694	4	0	0	1	0	0	0	0	0	0	0	0	5
16695	4	0	0	0	0	0	0	0	0	0	0	0	4
16696	0	0	0	0	1	0	0	0	0	0	0	0	1
16697	1	0	0	0	0	0	0	0	0	0	0	0	1
16698	2	0	0	0	3	0	0	0	0	0	0	0	5
16699	0	0	0	0	0	1	0	1	0	0	0	0	2
16700	4	0	0	0	0	0	0	0	0	1	0	0	5
16701	4	0	0	0	0	0	0	0	0	0	0	0	4
16702	2	0	0	0	0	0	0	1	0	0	0	0	3
16703	1	0	0	0	1	0	0	0	0	0	0	0	2
16704	2	0	0	0	0	0	0	0	0	0	0	0	2
16705	2	0	0	0	1	1	0	1	0	0	0	0	5
16706	1	0	0	0	1	0	1	1	1	0	0	0	5
16707	3	0	0	0	1	0	0	0	0	0	0	0	4
16708	1	0	0	1	1	0	0	0	0	0	0	0	3
16709	2	0	0	0	2	0	0	0	0	0	0	0	4
16711	1	0	0	0	0	0	0	0	0	0	0	0	1
16712	1	0	0	0	0	0	0	0	0	0	0	0	1
16713	0	0	0	0	2	0	0	0	0	0	0	0	2
16714	3	0	0	0	0	0	0	0	0	0	0	0	3
16715	0	0	0	1	0	0	0	1	0	0	0	0	2
16716	3	0	0	0	1	0	0	0	0	0	0	0	4
16717	0	0	0	0	0	1	0	0	0	0	0	0	1
16718	3	0	0	0	0	0	0	0	0	0	0	0	3
16719	1	0	0	0	1	0	1	0	1	0	0	0	4
16720	1	0	0	0	1	0	0	0	0	0	0	0	2
16721	1	0	0	0	0	0	0	0	0	0	0	0	1
16722	3	0	0	0	0	0	1	0	0	0	0	0	4
16723	3	0	0	0	0	0	0	0	0	0	0	0	3
16724	0	0	0	1	0	0	0	0	0	0	0	0	1
16725	2	0	0	0	1	0	0	0	0	0	0	0	3
16726	1	0	1	0	0	0	0	0	0	0	0	0	2
16727	0	0	1	0	0	0	0	0	0	0	0	0	1
16728	4	0	0	1	0	0	0	0	0	0	0	0	5
16729	0	0	2	0	0	0	0	0	0	0	0	0	2
16730	0	0	0	0	1	0	0	0	0	0	0	0	1
16732	2	0	0	0	0	0	0	1	0	0	0	0	3
16733	0	0	0	0	1	0	0	0	0	0	0	0	1
16734	0	0	1	0	0	0	0	0	0	0	0	0	1
16736	1	0	0	0	0	0	0	0	0	0	0	0	1
16737	4	0	0	0	1	0	0	0	0	0	0	0	5
16738	1	0	0	0	0	0	0	0	0	0	0	0	1
16739	1	0	0	1	0	0	0	1	0	0	0	0	3
16740	0	0	1	0	0	0	0	0	0	0	0	0	1
16741	4	0	0	0	0	0	0	0	0	0	0	0	4
16742	1	0	0	1	1	0	0	0	0	0	0	0	3
16743	1	0	0	0	0	0	0	0	0	0	0	0	1
16744	0	0	0	0	0	0	0	1	0	0	0	0	1
16745	1	0	1	0	1	0	0	0	0	0	0	0	3
16746	3	0	0	0	0	0	0	0	0	0	0	0	3
16747	0	0	0	2	2	0	0	0	0	0	0	0	4
16748	2	0	0	0	0	0	0	0	0	0	0	0	2
16749	1	0	0	0	0	0	0	0	0	0	0	0	1
16750	1	0	0	1	1	0	0	0	0	0	0	0	3
16751	2	0	0	0	0	0	0	0	0	0	0	0	2
16752	2	0	0	0	0	0	0	1	0	0	0	0	3
16753	1	0	0	0	0	0	0	1	0	0	0	0	2
16754	1	0	0	0	1	0	0	0	0	0	0	0	2
16755	1	0	0	1	1	0	0	0	0	0	0	0	3
16756	1	0	0	0	1	0	1	0	0	0	0	0	3
16757	2	0	0	0	0	0	0	1	0	0	0	0	3
16758	2	0	1	0	0	0	0	0	0	0	0	0	3
16759	0	0	1	0	0	0	0	0	0	0	0	0	1
16760	1	0	1	0	0	0	0	0	0	0	0	0	2
16761	0	1	0	0	0	0	0	0	0	0	0	0	1
16762	1	0	1	0	0	0	0	0	0	0	0	0	2
16764	0	0	1	0	0	1	0	0	0	0	0	0	2
16765	3	0	0	0	0	0	0	0	0	0	0	0	3
16766	1	0	0	0	0	0	0	1	0	0	0	0	2
16767	1	0	0	0	0	0	0	0	0	0	0	0	1
16768	1	0	1	0	0	0	0	0	0	0	0	0	2
16769	0	0	0	1	0	0	0	0	0	0	0	0	1
16770	1	0	0	0	0	0	0	0	0	0	0	0	1
16771	0	0	1	0	0	0	0	0	0	0	0	0	1
16773	1	0	1	0	1	0	0	0	0	0	0	0	3
16774	1	0	0	0	0	0	0	0	1	0	0	0	2
16775	3	0	0	0	0	0	0	0	0	0	0	0	3
16776	1	0	0	0	0	0	0	0	0	0	0	0	1
16777	1	0	0	0	0	0	0	0	0	0	0	0	1
16778	2	0	0	0	1	0	0	0	0	0	0	0	3
16779	1	0	0	0	0	0	0	0	1	0	0	0	2
16780	1	0	0	0	0	0	0	0	0	0	0	0	1
16781	2	0	0	0	1	0	0	0	0	0	0	0	3
16782	0	0	1	0	0	0	0	0	0	0	0	0	1
16783	1	0	0	0	0	0	0	0	0	0	0	0	1
16784	1	0	0	1	0	0	0	0	0	0	0	0	2
16785	1	0	0	0	1	0	0	0	0	0	0	0	2
16786	1	0	0	0	2	0	0	0	0	0	0	0	3
16787	0	0	0	0	2	0	0	0	0	0	0	0	2
16788	1	0	0	0	0	0	0	0	0	0	0	0	1
16789	1	0	0	0	0	1	0	0	0	0	0	0	2
16790	1	0	0	0	0	0	0	0	0	0	0	0	1
16792	0	0	0	0	0	2	0	0	0	0	0	0	2
16793	1	0	0	0	0	0	0	0	0	0	0	0	1
16794	1	0	0	0	0	0	0	1	0	0	0	0	2
16795	1	0	0	0	0	0	0	0	0	0	0	0	1
16797	1	0	0	0	0	0	0	0	0	0	0	0	1
16798	0	0	0	1	0	0	0	0	0	0	0	0	1
16799	0	0	0	1	0	0	0	0	0	0	0	0	1
16800	0	1	0	0	0	0	0	0	0	0	0	0	1
16803	0	0	1	0	0	0	0	0	0	0	0	0	1
16804	2	0	0	0	0	0	0	0	0	0	0	0	2
16805	2	0	0	0	1	0	0	0	0	0	0	0	3
16806	4	0	0	0	0	0	0	0	0	0	0	0	4
16808	2	0	0	0	0	0	0	0	0	0	0	0	2
16810	2	0	0	0	0	0	0	0	0	0	0	0	2
16811	1	0	0	0	2	0	0	0	0	0	0	0	3
16812	2	0	0	2	0	0	1	1	0	0	0	0	6
16813	0	0	1	0	0	0	0	1	0	0	0	0	2
16815	0	0	0	0	0	1	0	0	0	0	0	0	1
16817	4	0	0	0	0	0	0	0	0	0	0	0	4
16819	2	0	0	0	0	0	0	0	0	0	0	0	2
16821	2	0	0	0	1	0	0	0	0	0	0	0	3
16822	1	0	0	1	0	0	0	1	0	0	0	0	3
16823	1	0	0	0	0	0	0	0	0	0	0	0	1
16825	1	0	0	0	1	0	0	0	0	0	0	0	2
16826	0	0	0	0	2	0	0	0	0	0	0	0	2
16827	1	1	0	0	0	0	0	0	0	0	0	0	2
16828	4	0	0	1	1	0	0	0	0	0	0	0	6
16829	0	0	1	0	1	0	0	0	0	0	0	0	2
16830	1	2	0	0	0	0	0	0	0	0	0	0	3
16831	2	0	0	0	0	0	0	1	0	0	0	0	3
16832	0	1	0	1	1	0	0	0	0	0	0	0	3
16833	1	0	0	1	1	0	0	0	0	0	0	0	3
16834	0	0	2	1	0	1	0	0	0	0	0	0	4
16835	1	0	1	0	0	0	0	0	0	0	0	0	2
16836	1	0	0	0	0	0	0	0	0	0	0	0	1
16837	0	0	1	1	0	0	0	0	0	0	0	0	2
16838	1	0	0	0	0	0	0	0	0	0	0	0	1
16839	1	0	0	0	0	0	0	0	0	0	0	0	1
16840	2	0	0	0	0	0	0	0	0	0	0	0	2
16841	1	0	0	0	0	0	0	0	0	0	0	0	1
16842	2	0	0	1	0	0	0	0	1	0	0	0	4
16843	3	0	0	0	1	0	0	0	0	0	0	0	4
16844	1	0	0	0	0	0	0	0	0	0	0	0	1
16845	0	0	0	0	2	0	0	0	0	0	0	0	2
16846	3	0	0	0	0	0	0	0	0	0	0	0	3
16847	1	0	0	0	0	0	0	0	0	0	0	0	1
16848	1	0	0	1	0	0	0	0	0	0	0	0	2
16849	1	0	0	0	0	0	0	0	0	0	0	0	1
16851	1	1	1	0	0	0	0	0	0	0	0	0	3
16852	2	0	0	0	1	0	0	0	0	0	0	0	3
16853	1	0	0	1	1	0	0	0	0	0	0	0	3
16854	2	0	0	0	0	0	0	0	0	0	0	0	2
16855	2	0	0	0	0	0	0	0	0	0	0	0	2
16856	1	0	0	0	0	0	0	0	0	0	0	0	1
16857	2	0	0	0	0	0	0	0	0	0	0	0	2
16858	1	0	0	0	0	0	0	0	0	0	0	0	1
16859	1	0	0	0	0	0	0	0	0	0	0	0	1
16860	2	0	0	0	0	0	0	0	0	0	0	0	2
16861	1	0	0	0	1	0	0	0	0	0	0	0	2
16862	2	0	0	0	0	0	0	0	0	0	0	0	2
16863	0	0	1	0	0	0	0	0	0	0	0	0	1
16864	1	0	0	0	0	0	1	0	0	0	0	0	2
16865	1	0	0	0	1	0	0	0	0	0	0	0	2
16868	1	0	0	0	1	0	0	0	0	0	0	0	2
16869	1	0	0	0	2	0	0	0	0	0	0	0	3
16871	2	0	0	0	0	0	0	1	0	0	0	0	3
16872	3	0	0	0	0	0	0	0	0	0	0	0	3
16873	1	0	0	0	1	0	0	0	0	0	0	0	2
16874	5	0	0	0	2	0	0	0	0	0	0	0	7
16876	2	0	0	0	0	0	1	0	0	0	0	0	3
16877	3	0	0	0	1	0	1	0	0	0	0	0	5
16878	4	0	0	0	1	0	0	0	1	0	0	0	6
16879	2	0	0	0	1	0	0	1	0	0	0	0	4
16881	0	0	0	1	0	0	0	0	0	0	0	0	1
16883	1	0	0	0	0	0	0	0	0	0	0	0	1
16884	0	0	1	0	0	0	0	0	0	0	0	0	1
16885	1	0	0	0	0	1	0	0	0	0	0	0	2
16888	1	0	0	0	0	0	0	0	0	0	0	0	1
16889	2	0	0	1	0	0	1	0	0	0	0	0	4
16890	2	0	1	0	0	0	0	0	0	0	0	0	3
16891	1	0	0	0	0	0	0	0	0	0	0	0	1
16892	1	0	0	0	1	0	1	0	0	0	0	0	3
16894	0	0	1	0	0	0	0	0	0	0	0	0	1
16895	0	0	0	0	1	0	0	0	0	0	0	0	1
16898	1	0	0	0	0	0	0	0	0	0	0	0	1
16899	2	0	0	1	0	0	1	0	0	0	0	0	4
16900	1	0	0	0	1	0	0	0	0	0	0	0	2
16901	1	0	0	0	0	0	0	0	0	0	0	0	1
16902	2	0	0	1	0	0	0	1	0	0	0	0	4
16904	1	0	0	0	3	0	0	0	0	0	0	0	4
16905	1	0	0	0	2	1	0	0	0	0	0	0	4
16906	1	0	0	0	1	0	0	0	0	0	0	0	2
16907	1	0	0	0	2	0	0	0	0	0	0	0	3
16908	1	0	0	0	0	0	0	0	0	0	0	0	1
16909	4	0	0	1	0	0	0	1	0	0	0	0	6
16910	1	0	1	0	0	0	0	0	0	0	0	0	2
16911	3	0	0	0	0	0	0	0	0	0	0	0	3
16912	1	0	0	0	0	0	0	0	0	0	0	0	1
16913	1	0	0	0	0	0	0	0	0	0	0	0	1
16914	1	0	0	1	0	0	0	0	0	0	0	0	2
16915	2	0	0	0	1	0	1	0	0	0	0	0	4
16916	0	0	1	0	0	0	0	0	0	0	0	0	1
16917	0	0	0	1	1	0	0	0	0	0	0	0	2
16918	3	0	0	0	1	0	1	0	0	0	0	0	5
16919	0	0	0	1	2	0	0	0	1	0	0	0	4
16920	1	0	0	1	0	0	0	0	0	0	0	0	2
16921	2	0	0	0	0	0	0	0	0	0	0	0	2
16922	1	0	0	0	1	0	0	0	0	0	0	0	2
16923	2	0	0	0	0	0	0	0	0	0	0	0	2
16924	3	0	0	0	0	0	0	0	0	0	0	0	3
16925	1	0	0	0	2	0	0	0	0	0	0	0	3
16926	2	0	0	0	0	0	0	0	0	0	0	0	2
16927	2	0	0	1	0	0	0	0	0	0	0	0	3
16928	2	0	0	0	0	0	0	0	0	0	0	0	2
16929	1	0	0	0	3	0	0	0	1	0	0	0	5
16931	0	0	0	0	1	0	0	0	0	0	0	0	1
16932	1	0	0	0	0	0	0	0	0	0	0	0	1
16933	0	0	0	0	1	0	0	0	0	0	0	0	1
16934	2	0	0	0	1	0	0	0	0	0	0	0	3
16935	1	0	0	1	0	0	0	0	0	0	0	0	2
16936	3	0	0	0	0	0	0	0	0	0	0	0	3
16937	2	0	0	0	3	0	0	0	0	1	0	0	6
16938	0	0	0	0	3	0	0	0	0	0	0	0	3
16939	1	0	0	0	0	0	0	0	0	0	0	0	1
16940	3	0	0	0	1	0	0	1	0	0	0	0	5
16941	0	0	0	0	1	0	0	1	0	0	0	0	2
16942	3	0	0	0	3	0	0	0	0	0	0	0	6
16943	1	0	0	0	0	0	0	0	0	1	0	0	2
16944	1	0	0	1	1	0	0	0	0	0	0	0	3
16945	2	0	0	1	0	0	0	0	0	0	0	0	3
16946	1	0	0	0	1	0	0	0	0	0	0	0	2
16947	2	0	0	1	1	0	0	0	0	0	0	0	4
16948	0	1	0	1	0	0	0	0	0	0	0	0	2
16949	2	0	0	1	0	0	0	0	0	0	0	0	3
16951	1	0	0	0	1	0	0	0	0	0	0	0	2
16952	1	0	0	0	0	0	0	0	0	0	0	0	1
16953	3	0	0	0	2	0	0	0	0	0	0	0	5
16954	1	0	0	0	1	0	0	0	0	0	0	0	2
16955	1	0	0	0	2	0	0	1	0	0	0	0	4
16956	4	0	0	0	0	0	0	0	0	0	0	0	4
16957	3	0	0	0	0	0	0	0	0	0	0	0	3
16958	5	0	0	0	0	0	0	0	0	0	0	0	5
16959	1	0	0	0	0	0	0	0	0	0	0	0	1
16960	1	0	0	0	0	0	0	0	0	0	0	0	1
16961	1	0	0	0	2	0	0	0	0	0	0	0	3
16962	1	0	0	0	1	0	0	0	0	0	0	0	2
16963	3	0	0	0	1	0	0	0	0	0	0	0	4
16964	2	0	0	0	0	0	0	0	0	0	0	0	2
16965	2	0	0	0	1	0	0	0	0	0	0	0	3
16966	2	0	0	0	0	0	0	1	0	0	0	0	3
16967	2	0	0	0	0	0	0	0	0	0	0	0	2
16969	2	0	0	0	0	0	0	1	0	0	0	0	3
16971	2	0	0	0	0	0	0	0	0	0	0	0	2
16972	1	0	0	0	1	0	0	0	0	0	0	0	2
16973	1	0	0	0	0	0	0	0	0	0	0	0	1
16974	3	0	0	0	0	0	0	0	0	0	0	0	3
16975	2	0	0	1	2	0	0	0	0	0	0	0	5
16976	1	0	0	0	2	0	0	0	0	0	0	0	3
16977	2	0	0	0	0	0	0	0	0	0	0	0	2
16978	3	0	0	0	0	0	0	0	0	0	0	0	3
16979	2	0	0	1	1	0	0	0	0	0	0	0	4
16980	1	0	0	0	1	0	0	0	0	0	0	0	2
16981	0	0	0	0	2	0	0	0	0	0	0	0	2
16982	1	0	0	0	0	0	0	0	0	0	0	0	1
16983	2	0	0	1	1	0	0	1	0	0	0	0	5
16984	1	0	0	1	0	0	0	0	0	0	0	0	2
16985	2	0	0	0	0	0	0	0	0	0	0	0	2
16986	3	0	0	0	0	0	0	0	0	0	0	0	3
16987	2	0	0	1	0	0	0	0	0	0	0	0	3
16988	1	1	0	0	0	0	0	0	0	0	0	0	2
16989	1	0	1	0	0	1	0	0	0	0	0	0	3
16990	1	0	0	0	0	0	0	0	0	0	0	0	1
16991	0	0	1	0	0	0	0	0	0	0	0	0	1
16992	0	0	0	0	2	0	0	0	0	0	0	0	2
16993	1	0	0	1	1	0	0	0	0	0	0	0	3
16994	2	1	0	0	1	0	0	0	0	0	0	0	4
16995	0	0	0	0	2	0	0	0	0	0	0	0	2
16996	0	0	0	0	1	0	0	0	0	0	0	0	1
16997	2	0	0	0	0	0	0	0	0	0	0	0	2
16998	3	0	0	0	0	0	0	0	0	0	0	0	3
16999	0	0	0	1	1	0	0	0	0	0	0	0	2
17000	1	0	2	0	1	0	0	0	0	0	0	0	4
17001	2	0	0	0	0	0	0	0	0	0	0	0	2
17002	1	0	0	1	0	0	0	0	0	0	0	0	2
17003	2	0	0	0	0	0	0	0	0	0	0	0	2
17004	3	0	0	2	0	0	0	0	0	0	0	0	5
17005	2	0	0	0	0	0	0	0	0	0	0	0	2
17006	0	0	0	0	1	0	0	0	0	0	0	0	1
17007	0	0	0	1	0	0	0	0	0	0	0	0	1
17008	1	0	1	0	1	0	0	0	0	0	0	0	3
17009	4	0	0	0	0	0	0	0	0	0	0	0	4
17011	1	0	0	0	0	0	0	0	0	0	0	0	1
17012	1	0	0	0	0	0	0	0	1	0	0	0	2
17013	4	0	1	0	0	0	0	0	0	0	0	0	5
17014	1	0	0	1	0	0	0	0	0	0	0	0	2
17015	1	0	0	1	0	0	0	0	0	0	0	0	2
17016	4	0	0	0	1	0	0	0	0	0	0	0	5
17018	2	0	0	1	0	0	0	0	0	0	0	0	3
17019	1	0	0	0	1	0	0	0	0	0	0	0	2
17020	1	0	0	0	0	0	0	0	0	0	0	0	1
17021	1	0	0	0	2	0	0	0	1	0	0	0	4
17022	3	0	0	0	0	0	0	0	0	0	0	0	3
17023	0	1	0	0	0	0	0	0	0	0	0	0	1
17024	0	0	0	0	4	0	0	0	0	0	0	0	4
17025	2	0	0	0	0	0	0	0	0	0	0	0	2
17026	1	0	0	0	1	0	0	0	0	0	0	0	2
17027	2	0	0	0	1	0	0	0	0	0	0	0	3
17028	3	0	0	0	0	0	0	0	0	0	0	0	3
17029	2	0	0	0	0	0	0	0	0	1	0	0	3
17030	2	0	0	0	2	0	0	0	0	0	0	0	4
17031	2	0	0	0	1	0	0	0	0	0	0	0	3
17032	3	0	0	0	0	0	0	0	0	0	0	0	3
17033	4	0	0	0	0	0	0	0	0	0	0	0	4
17034	2	0	0	0	0	0	0	0	0	0	0	0	2
17035	0	1	1	0	1	0	0	0	0	0	0	0	3
17036	2	0	0	0	0	0	0	0	0	0	0	0	2
17037	2	0	0	0	0	0	0	0	0	0	0	0	2
17038	2	0	0	0	1	0	0	0	0	0	0	0	3
17039	2	0	0	0	0	0	0	0	0	0	0	0	2
17040	0	1	0	0	0	0	0	0	0	0	0	0	1
17041	0	0	0	1	1	0	0	0	0	0	0	0	2
17042	2	0	0	0	1	0	0	0	0	0	0	0	3
17043	1	0	0	0	2	0	0	0	0	0	0	0	3
17044	0	0	0	0	2	0	0	0	0	0	0	0	2
17045	1	0	0	2	1	0	0	1	0	0	0	0	5
17046	2	0	0	0	0	0	0	0	0	0	0	0	2
17047	4	0	0	0	0	0	0	0	0	0	0	0	4
17048	0	0	0	1	0	0	0	0	0	0	0	0	1
17049	0	0	0	0	1	0	0	0	0	0	0	0	1
17050	1	0	0	0	1	0	0	0	0	0	0	0	2
17051	2	0	0	0	0	0	0	0	0	0	0	0	2
17052	2	0	0	0	0	0	0	0	0	0	0	0	2
17055	4	0	0	0	0	0	0	0	0	0	0	0	4
17056	4	0	0	0	0	0	0	0	0	0	0	0	4
17057	0	0	0	0	3	0	0	0	0	0	0	0	3
17058	1	0	0	0	1	0	0	0	1	0	0	0	3
17059	1	0	0	1	1	0	0	0	0	0	0	0	3
17060	3	0	0	0	0	0	0	0	0	0	0	0	3
17061	2	0	0	0	0	0	0	0	0	0	0	0	2
17062	0	0	0	0	1	0	1	0	1	0	0	0	3
17063	2	0	0	0	1	0	0	0	0	0	0	0	3
17064	0	0	0	1	2	0	0	0	0	0	0	0	3
17067	2	0	0	0	0	0	0	0	0	0	0	0	2
17068	2	0	0	0	1	0	0	0	0	0	0	0	3
17069	4	0	0	0	0	0	0	0	0	0	0	0	4
17070	3	0	0	0	0	0	0	0	0	0	0	0	3
17071	0	0	0	0	5	0	0	0	0	0	0	0	5
17072	2	0	0	1	0	0	0	0	0	0	0	0	3
17073	3	0	0	0	0	1	0	0	0	0	0	0	4
17074	1	0	0	0	0	0	0	0	0	0	0	0	1
17075	0	0	0	0	3	1	0	0	0	0	0	0	4
17076	2	0	0	1	0	0	0	1	0	0	0	0	4
17077	1	0	0	0	0	0	0	0	0	0	0	0	1
17078	0	0	0	1	2	0	0	0	0	0	0	0	3
17079	2	0	0	0	0	0	0	0	0	0	0	0	2
17081	3	0	0	1	1	0	0	0	0	0	0	0	5
17082	2	0	0	0	0	0	0	0	0	0	0	0	2
17083	2	0	0	0	0	0	0	0	0	0	0	0	2
17084	2	0	0	0	0	0	0	0	0	0	0	0	2
17085	1	0	0	0	1	0	0	0	0	0	0	0	2
17086	1	0	0	0	2	0	0	0	0	0	0	0	3
17087	1	0	0	0	0	0	0	0	1	0	0	0	2
17088	1	0	0	0	1	0	0	0	0	0	0	0	2
17089	3	0	0	0	0	0	0	0	0	0	0	0	3
17090	1	0	0	0	0	0	0	0	0	0	0	0	1
17092	3	0	0	0	1	0	0	1	0	0	0	0	5
17093	3	1	0	0	0	0	0	0	0	0	0	0	4
17094	2	0	0	0	2	0	0	0	0	0	0	0	4
17095	0	0	0	0	2	0	0	0	0	0	0	0	2
17096	0	0	1	0	0	0	0	0	0	0	0	0	1
17097	4	0	0	1	0	0	0	0	0	0	0	0	5
17098	3	0	0	0	0	0	0	0	0	0	0	0	3
17099	1	0	0	0	0	0	0	0	0	0	0	0	1
17100	1	0	0	0	1	0	0	0	0	0	0	0	2
17101	1	0	0	0	0	0	0	0	0	0	0	0	1
17102	2	0	0	0	1	0	0	0	0	0	0	0	3
17103	1	0	0	0	0	0	0	0	0	0	0	0	1
17104	3	0	0	0	0	0	0	1	0	0	0	0	4
17105	0	0	0	2	0	0	0	0	0	0	0	0	2
17106	3	0	0	0	0	0	0	1	0	0	0	0	4
17107	0	0	1	0	0	0	0	0	0	0	0	0	1
17108	3	0	0	1	0	0	1	0	0	0	0	0	5
17109	3	0	0	0	1	0	0	1	0	0	0	0	5
17110	1	0	0	0	4	0	0	0	0	0	0	0	5
17111	0	0	0	0	1	0	0	0	0	0	0	0	1
17112	1	0	0	0	0	0	0	0	0	0	0	0	1
17113	1	0	0	0	0	0	0	0	0	0	0	0	1
17114	2	0	0	0	0	0	0	0	0	0	0	0	2
17115	4	0	0	1	0	0	1	0	0	0	0	0	6
17116	1	0	0	0	1	0	0	0	0	0	0	0	2
17117	0	0	0	0	1	0	0	0	0	0	0	0	1
17118	2	0	0	1	1	0	0	0	0	0	0	0	4
17119	0	0	0	1	0	0	0	0	0	0	0	0	1
17120	3	0	0	1	1	0	0	0	0	0	0	0	5
17121	0	0	0	0	0	1	0	0	0	0	0	0	1
17122	1	0	0	1	1	0	0	0	0	0	0	0	3
17123	0	0	0	0	2	0	0	0	0	0	0	0	2
17124	3	0	0	1	1	0	0	0	0	0	0	0	5
17125	1	0	0	0	1	0	0	0	0	0	0	0	2
17126	1	0	0	0	3	0	0	0	0	0	0	0	4
17127	0	0	1	0	0	0	0	0	0	0	0	0	1
17128	2	0	0	0	0	0	0	0	0	0	0	0	2
17129	1	0	1	0	2	0	0	1	0	0	0	0	5
17130	3	0	0	0	0	0	0	0	0	0	0	0	3
17131	2	0	0	0	1	0	0	0	0	0	0	0	3
17132	1	1	0	0	0	0	0	0	0	0	0	0	2
17133	1	1	0	0	0	0	0	0	0	0	0	0	2
17134	1	0	0	2	2	0	0	0	0	0	0	0	5
17135	5	0	0	0	0	0	0	0	0	0	0	0	5
17136	3	0	0	0	0	0	0	0	0	0	0	0	3
17137	1	0	0	0	1	0	0	0	0	0	0	0	2
17138	2	0	0	0	0	0	0	0	0	0	0	0	2
17139	2	0	0	0	1	0	0	0	0	0	0	0	3
17140	2	0	0	0	0	0	0	0	0	0	0	0	2
17141	1	0	0	0	1	0	0	0	0	0	0	0	2
17142	2	0	0	0	1	0	0	0	0	0	0	0	3
17143	1	0	1	0	0	0	0	0	0	0	0	0	2
17144	0	0	0	0	1	0	0	0	0	0	0	0	1
17145	2	0	1	0	0	0	0	0	0	0	0	0	3
17146	0	0	0	0	1	0	0	0	1	0	0	0	2
17147	1	0	0	0	1	0	0	0	0	0	0	0	2
17148	2	0	0	0	0	0	0	0	0	0	0	0	2
17149	0	0	0	0	0	1	0	0	0	0	0	0	1
17150	1	0	0	0	2	0	0	0	0	0	0	0	3
17151	0	0	0	0	0	2	0	0	0	0	0	0	2
17152	0	0	0	0	2	0	0	0	0	0	0	0	2
17153	2	0	0	0	0	0	0	0	0	0	0	0	2
17154	0	0	1	1	0	0	1	0	0	0	0	0	3
17155	3	0	0	0	0	0	0	0	0	0	0	0	3
17156	2	0	0	0	1	0	0	0	0	0	0	0	3
17157	1	0	0	0	1	0	0	0	0	0	0	0	2
17158	2	0	0	0	0	0	0	0	0	0	0	0	2
17159	1	0	0	0	0	0	0	0	0	0	0	0	1
17160	2	0	0	0	0	0	0	0	0	0	0	0	2
17161	1	0	0	0	1	0	0	0	1	0	0	0	3
17162	2	0	0	0	0	0	0	0	0	0	0	0	2
17163	1	0	0	0	0	0	0	0	0	0	0	0	1
17164	0	0	0	0	4	0	0	0	0	0	0	0	4
17166	2	0	0	0	0	0	1	0	0	0	0	0	3
17167	1	0	0	0	0	1	0	0	0	0	0	0	2
17168	0	0	0	0	2	0	0	0	0	0	0	0	2
17169	1	0	1	0	0	0	0	0	0	0	0	0	2
17170	2	0	2	1	0	0	0	0	0	0	0	0	5
17171	1	0	0	0	3	0	0	0	0	0	0	0	4
17172	1	0	0	0	0	0	0	0	0	0	0	0	1
17173	2	0	0	0	2	0	0	0	0	0	0	0	4
17174	2	0	0	0	0	0	0	0	0	0	0	0	2
17175	2	0	0	0	2	0	0	0	0	0	0	0	4
17176	2	0	0	0	0	0	0	0	0	0	0	0	2
17177	1	0	0	0	0	0	0	0	0	0	0	0	1
17178	1	0	1	0	0	0	0	0	0	0	0	0	2
17180	5	0	0	0	1	0	0	1	0	0	0	0	7
17181	0	0	0	1	1	0	0	0	0	0	0	0	2
17182	2	0	0	0	0	1	0	0	0	0	0	0	3
17183	1	0	0	0	0	0	0	0	0	0	0	0	1
17184	1	0	0	1	0	0	0	0	0	0	0	0	2
17185	0	0	0	1	0	0	0	0	0	0	0	0	1
17186	2	0	0	0	1	0	0	0	0	0	0	0	3
17187	1	0	0	0	1	0	0	0	0	0	0	0	2
17188	2	0	0	1	0	0	0	0	0	0	0	0	3
17189	1	0	0	0	1	0	1	0	0	0	0	0	3
17190	5	0	0	0	0	0	0	0	0	0	0	0	5
17191	0	0	1	0	0	0	0	0	0	0	0	0	1
17192	3	0	0	0	0	0	0	0	0	0	0	0	3
17193	2	0	0	0	0	0	0	0	0	0	0	0	2
17194	1	0	0	0	0	0	0	1	0	0	0	0	2
17195	2	0	0	0	0	0	0	0	0	0	0	0	2
17196	2	0	0	0	0	1	0	0	0	0	0	0	3
17197	2	0	0	0	1	0	0	0	0	0	0	0	3
17198	2	0	0	0	2	0	0	0	0	0	0	0	4
17199	1	0	0	0	0	0	0	0	0	0	0	0	1
17200	0	0	0	0	2	0	0	0	0	0	0	0	2
17201	1	0	0	0	2	0	0	0	0	0	0	0	3
17202	1	0	0	0	0	0	0	2	0	0	0	0	3
17203	2	0	0	0	1	0	0	0	0	0	0	0	3
17204	1	0	0	0	1	0	0	0	0	0	0	0	2
17205	2	0	0	2	0	0	0	0	0	0	0	0	4
17206	0	0	0	1	1	0	0	0	0	0	0	0	2
17207	2	0	0	1	0	0	0	0	0	0	0	0	3
17208	0	0	0	1	0	0	0	0	0	0	0	0	1
17209	1	0	0	0	0	0	0	1	0	0	0	0	2
17210	1	0	0	1	0	0	0	0	0	0	0	0	2
17211	0	1	0	1	0	0	0	0	0	0	0	0	2
17212	0	0	0	1	1	0	0	0	0	0	0	0	2
17213	0	0	0	1	0	0	0	0	0	0	0	0	1
17214	2	0	0	0	0	1	0	0	0	0	0	0	3
17215	1	0	0	1	0	1	0	0	0	0	0	0	3
17216	0	0	0	1	1	0	0	0	0	0	0	0	2
17217	1	0	0	0	1	0	0	0	0	0	0	0	2
17218	2	0	0	0	0	0	0	0	0	0	0	0	2
17219	1	0	0	3	0	0	0	0	0	0	0	0	4
17220	1	0	0	1	0	0	0	0	0	0	0	0	2
17221	1	0	0	0	1	0	0	1	0	0	0	0	3
17222	2	0	0	1	0	0	0	1	0	0	0	0	4
17223	0	0	0	1	0	0	0	0	0	0	0	0	1
17224	1	0	0	0	0	0	0	0	0	0	0	0	1
17225	1	0	0	0	2	0	0	1	0	0	0	0	4
17226	1	0	1	1	1	0	0	0	0	0	0	0	4
17227	1	0	0	1	0	0	0	0	0	0	0	0	2
17228	3	0	0	0	0	0	0	0	0	0	0	0	3
17229	1	0	0	1	1	0	0	0	0	0	0	0	3
17230	0	0	0	1	0	0	0	0	0	0	0	0	1
17231	1	0	0	1	0	0	0	0	0	0	0	0	2
17232	1	0	0	0	0	0	0	0	0	0	0	0	1
17233	2	0	0	1	0	0	0	1	0	0	0	0	4
17234	2	0	0	0	0	0	0	1	0	0	0	0	3
17235	4	0	0	0	0	0	0	1	0	0	0	0	5
17236	0	0	0	2	0	0	0	0	0	0	0	0	2
17237	1	0	0	1	0	0	0	0	0	0	0	0	2
17239	2	0	0	0	0	0	0	0	0	0	0	0	2
17240	2	0	0	0	1	0	0	0	0	0	0	0	3
17241	0	0	0	1	2	0	0	0	0	0	0	0	3
17242	1	0	1	0	0	0	0	0	0	0	0	0	2
17243	0	0	0	1	0	0	0	0	0	0	0	0	1
17244	2	0	0	0	0	0	0	0	0	0	0	0	2
17245	0	0	0	2	0	0	0	0	0	0	0	0	2
17246	1	0	0	0	0	0	0	0	0	0	0	0	1
17247	1	0	0	1	0	0	0	0	0	0	0	0	2
17248	0	0	0	2	0	0	0	0	0	0	0	0	2
17249	1	0	0	1	0	0	0	0	0	0	0	0	2
17250	1	0	0	1	0	0	0	0	0	0	0	0	2
17251	0	0	0	1	1	0	0	0	0	0	0	0	2
17252	1	0	0	1	1	0	0	0	0	0	0	0	3
17253	2	1	0	0	0	0	0	0	0	0	0	0	3
17254	3	0	0	0	0	0	0	0	1	0	0	0	4
17255	2	0	0	0	1	0	0	0	0	0	0	0	3
17256	0	0	0	0	0	0	1	0	0	0	0	0	1
17257	3	0	0	1	0	1	0	1	0	0	0	0	6
17258	0	0	0	1	1	0	0	0	0	0	0	0	2
17259	0	0	0	3	0	0	0	0	0	0	0	0	3
17260	0	0	0	0	1	0	0	0	0	0	0	0	1
17262	1	0	0	1	1	0	0	0	0	0	0	0	3
17263	2	0	0	0	0	0	0	0	0	0	0	0	2
17264	0	0	0	0	1	0	0	0	0	0	0	0	1
17265	1	0	0	0	0	0	0	0	0	0	0	0	1
17266	3	0	0	1	0	0	0	0	0	0	0	0	4
17267	1	0	0	1	0	0	1	0	0	0	0	0	3
17268	2	0	0	0	0	0	0	0	0	0	0	0	2
17269	1	0	0	0	1	0	0	0	0	0	0	0	2
17271	2	0	0	2	1	0	0	0	0	0	0	0	5
17272	2	2	0	0	0	0	0	0	0	0	0	0	4
17274	1	0	0	0	0	0	0	1	0	0	0	0	2
17275	2	0	0	1	0	0	0	1	0	0	0	0	4
17277	0	0	0	0	0	0	0	1	0	0	0	0	1
17279	3	0	0	0	0	0	1	0	0	0	0	0	4
17280	3	0	0	0	0	0	0	0	0	0	0	0	3
17281	0	0	0	0	1	0	0	0	0	0	0	0	1
17282	0	0	0	0	2	0	0	1	0	0	0	0	3
17283	2	0	0	1	0	0	0	1	0	0	0	0	4
17284	2	0	0	0	0	0	0	0	0	0	0	0	2
17285	1	0	0	0	0	1	0	0	0	0	0	0	2
17286	2	0	0	0	0	0	0	0	0	0	0	0	2
17287	0	0	0	0	2	0	0	0	0	0	0	0	2
17290	1	0	0	1	0	0	1	0	0	0	0	0	3
17291	2	0	0	0	0	0	1	0	0	0	0	0	3
17292	1	0	0	0	0	0	0	1	0	0	0	0	2
17293	0	0	0	0	1	0	0	0	0	0	0	0	1
17294	0	0	0	0	2	0	0	1	0	0	0	0	3
17295	2	0	0	0	0	0	0	0	0	0	0	0	2
17296	1	2	0	0	0	0	0	0	0	0	0	0	3
17297	2	0	0	0	2	0	0	0	0	0	0	0	4
17298	0	0	0	0	3	0	1	0	0	0	0	0	4
17299	0	0	0	1	1	0	0	0	0	0	0	0	2
17300	2	0	0	0	0	0	0	0	0	0	0	0	2
17301	1	0	0	0	0	0	0	0	0	0	0	0	1
17302	1	1	0	1	0	0	0	0	0	0	0	0	3
17303	2	0	0	0	0	0	0	0	0	0	0	0	2
17304	0	0	0	0	1	0	0	0	0	0	0	0	1
17305	1	0	0	0	0	0	0	0	0	0	0	0	1
17306	1	0	0	0	1	0	0	0	0	0	0	0	2
17308	1	0	0	0	1	0	0	0	0	0	0	0	2
17309	0	1	0	1	1	0	0	0	0	0	0	0	3
17310	0	0	0	0	1	0	1	0	0	0	0	0	2
17311	3	0	0	0	0	0	0	0	0	0	0	0	3
17312	1	0	1	0	0	0	0	0	0	0	0	0	2
17313	1	0	0	0	1	0	0	0	0	0	0	0	2
17314	3	0	0	0	0	0	0	0	0	0	0	0	3
17315	2	0	0	0	1	0	0	0	0	0	0	0	3
17316	2	0	0	1	0	0	1	1	0	0	0	0	5
17317	1	0	0	0	0	1	0	0	0	0	0	0	2
17318	1	0	0	0	0	0	0	0	0	0	0	0	1
17319	2	0	0	0	0	0	0	0	0	0	0	0	2
17322	2	0	0	0	4	0	0	0	0	0	0	0	6
17323	0	0	0	2	0	0	0	0	0	0	0	0	2
17324	3	0	0	0	0	0	1	0	1	0	0	0	5
17325	1	0	0	0	1	2	0	0	0	0	0	0	4
17326	0	0	0	0	1	0	0	0	0	0	0	0	1
17327	1	0	0	1	1	0	0	0	0	0	0	0	3
17328	2	0	0	0	1	0	0	0	0	0	0	0	3
17329	0	0	0	0	1	0	0	0	0	0	0	0	1
17331	2	0	0	1	1	0	0	1	0	0	0	0	5
17332	3	0	0	0	0	0	0	1	0	0	0	0	4
17333	0	0	0	1	1	0	0	0	0	0	0	0	2
17335	4	0	0	0	0	0	0	0	0	0	0	0	4
17336	0	0	0	0	1	0	0	0	0	0	0	0	1
17337	3	0	0	1	0	0	0	1	0	0	0	0	5
17338	3	0	0	0	0	0	0	0	0	0	0	0	3
17340	0	0	0	1	0	0	0	0	0	0	0	0	1
17341	0	0	0	1	0	0	0	0	0	0	0	0	1
17342	2	0	0	0	1	0	0	0	0	0	0	0	3
17343	0	1	0	0	1	0	0	0	0	0	0	0	2
17344	1	0	0	0	1	0	0	0	0	0	0	0	2
17345	1	0	0	0	1	0	0	0	0	0	0	0	2
17346	3	0	0	0	1	0	0	0	0	0	0	0	4
17347	0	0	0	0	2	0	0	0	0	0	0	0	2
17348	2	0	0	0	0	0	0	0	0	0	0	0	2
17349	2	0	0	0	0	0	0	0	0	0	0	0	2
17350	2	0	0	0	0	0	0	0	0	0	0	0	2
17351	4	0	0	0	0	0	0	0	0	0	0	0	4
17352	1	0	0	0	0	0	0	0	0	0	0	0	1
17353	0	0	0	1	1	0	0	0	0	0	0	0	2
17354	1	0	0	0	0	0	1	0	0	0	0	0	2
17355	3	0	0	0	0	0	0	0	0	0	0	0	3
17356	3	0	0	0	1	0	0	0	0	0	0	0	4
17357	3	0	0	0	1	0	0	0	0	0	0	0	4
17358	0	0	1	0	0	0	0	0	0	0	0	0	1
17359	2	0	0	0	0	0	0	0	0	0	0	0	2
17360	2	0	0	0	0	0	0	0	0	0	0	0	2
17362	4	0	0	0	0	0	0	1	0	0	0	0	5
17363	2	0	0	0	0	0	0	0	0	0	0	0	2
17364	0	0	0	1	0	0	0	0	0	0	0	0	1
17366	0	2	0	0	0	0	0	0	0	0	0	0	2
17367	1	0	0	1	0	0	0	1	0	0	0	0	3
17368	3	0	0	0	0	0	0	0	0	0	0	0	3
17369	1	0	0	0	0	0	0	0	0	0	0	0	1
17370	0	0	0	0	1	1	0	0	0	0	0	0	2
17371	1	0	0	0	0	0	0	0	1	1	0	0	3
17372	1	0	0	0	0	0	0	0	0	0	0	0	1
17373	3	0	0	0	0	0	0	0	0	0	0	0	3
17374	1	0	0	0	1	0	0	0	0	0	0	0	2
17375	0	0	0	0	1	0	0	0	0	0	0	0	1
17376	0	0	0	2	2	0	0	0	0	0	0	0	4
17377	1	0	0	0	0	0	0	0	0	0	0	0	1
17378	1	0	0	0	2	0	0	0	0	0	0	0	3
17379	1	0	0	0	0	0	0	0	0	0	0	0	1
17380	2	0	0	0	0	0	0	0	0	0	0	0	2
17381	2	0	0	0	0	0	0	0	0	0	0	0	2
17382	4	0	0	0	0	0	0	0	0	0	0	0	4
17383	0	0	1	0	0	0	0	0	0	0	0	0	1
17384	1	0	0	0	1	0	0	0	0	0	0	0	2
17385	1	0	0	0	1	0	0	0	0	0	0	0	2
17386	0	0	0	0	0	0	0	1	0	0	0	0	1
17387	1	0	0	0	0	0	0	0	0	0	0	0	1
17388	4	0	0	0	0	0	0	0	0	0	0	0	4
17389	2	0	0	0	0	0	0	0	1	0	0	0	3
17391	0	0	0	1	0	0	0	0	0	0	0	0	1
17392	1	0	0	0	1	0	0	0	0	0	0	0	2
17393	1	0	0	0	0	0	0	0	0	0	0	0	1
17394	2	0	0	0	1	0	0	0	0	1	0	0	4
17395	2	0	0	0	1	0	0	0	0	0	0	0	3
17397	0	0	0	0	3	0	0	0	0	0	0	0	3
17398	0	0	0	0	1	0	0	1	0	0	0	0	2
17399	1	0	0	0	1	0	0	0	0	0	0	0	2
17400	0	0	1	0	0	0	0	0	0	0	0	0	1
17401	2	0	0	0	0	0	0	0	0	0	0	0	2
17402	1	0	0	0	1	0	0	0	0	0	0	0	2
17403	2	0	0	0	1	0	1	0	0	0	0	0	4
17404	1	0	0	0	2	0	0	0	0	0	0	0	3
17405	2	0	0	0	0	0	0	0	0	0	0	0	2
17406	2	0	0	1	0	0	0	0	0	0	0	0	3
17407	3	0	0	0	0	0	0	0	0	0	0	0	3
17408	1	0	0	0	0	0	0	0	0	0	0	0	1
17409	0	0	0	0	1	0	0	0	0	0	0	0	1
17410	1	0	0	0	1	0	0	0	0	0	0	0	2
17411	1	0	0	0	0	0	0	0	0	0	0	0	1
17412	0	0	0	1	0	0	0	0	0	0	0	0	1
17413	1	0	0	0	0	2	0	0	0	0	0	0	3
17414	1	0	0	0	0	0	0	0	0	0	0	0	1
17415	1	0	0	0	0	0	0	0	0	0	0	0	1
17416	1	0	0	0	0	0	0	0	0	0	0	0	1
17417	1	0	0	0	0	0	0	1	0	0	0	0	2
17418	3	0	0	0	0	0	0	1	0	0	0	0	4
17419	0	0	1	0	0	0	0	0	0	0	0	0	1
17420	1	0	0	0	0	0	0	0	0	0	0	0	1
17421	2	0	0	1	0	0	0	0	0	0	0	0	3
17422	2	0	0	0	0	0	0	0	0	0	0	0	2
17423	1	0	0	0	0	0	0	0	0	0	0	0	1
17424	0	1	1	0	0	0	0	0	0	0	0	0	2
17425	0	0	0	1	0	0	0	0	0	0	0	0	1
17426	2	0	0	0	0	0	0	0	0	0	0	0	2
17427	1	0	0	0	0	0	0	0	0	0	0	0	1
17428	1	0	0	0	0	0	0	0	0	0	0	0	1
17429	3	0	0	0	0	0	0	0	0	0	0	0	3
17430	1	0	0	2	0	0	0	0	0	0	0	0	3
17431	0	0	1	0	1	0	0	2	0	0	0	0	4
17432	1	0	0	0	1	1	0	0	0	0	0	0	3
17433	1	0	0	0	1	0	0	0	0	0	0	0	2
17434	1	0	0	1	2	0	0	0	0	0	0	0	4
17435	0	0	0	0	1	0	0	0	0	0	0	0	1
17436	3	0	1	0	0	0	0	0	0	0	0	0	4
17437	1	0	0	1	0	0	0	0	0	0	0	0	2
17438	1	0	0	1	0	0	0	1	0	0	0	0	3
17439	2	0	0	0	0	0	0	0	0	0	0	0	2
17440	5	0	0	0	1	0	0	0	0	0	0	0	6
17441	2	0	0	0	0	0	0	0	0	0	0	0	2
17442	0	0	0	0	1	0	0	0	0	0	0	0	1
17443	1	0	0	0	2	0	1	0	0	0	0	0	4
17444	2	0	0	0	0	0	1	1	0	0	0	0	4
17445	1	0	0	0	0	0	0	1	0	0	0	0	2
17446	1	0	0	0	1	0	0	1	1	0	0	0	4
17447	1	0	0	1	0	1	0	0	0	1	0	0	4
17448	2	0	0	0	0	1	0	0	0	0	0	0	3
17449	0	0	0	0	3	0	0	0	0	0	0	0	3
17450	2	0	0	1	0	0	1	1	0	0	0	0	5
17451	1	0	0	0	1	0	0	0	0	0	0	0	2
17452	1	0	0	0	0	0	0	0	0	0	0	0	1
17453	1	0	0	0	0	0	0	1	0	0	0	0	2
17454	0	0	0	0	1	0	0	0	0	0	0	0	1
17455	1	0	0	0	3	0	0	0	0	0	0	0	4
17456	0	2	0	0	0	0	0	0	0	0	0	0	2
17457	0	0	0	0	0	2	0	0	0	0	0	0	2
17458	2	0	0	0	1	0	0	0	0	0	0	0	3
17459	3	0	0	0	0	0	0	1	0	0	0	0	4
17460	1	0	0	0	0	0	0	0	0	0	0	0	1
17461	0	0	0	0	1	1	0	0	0	0	0	0	2
17462	2	0	0	0	0	0	0	0	0	0	0	0	2
17463	1	0	0	0	2	0	0	0	0	0	0	0	3
17464	2	0	0	0	0	0	0	1	0	0	0	0	3
17465	1	0	0	0	0	0	0	1	0	0	0	0	2
17466	1	0	0	0	0	0	0	0	0	0	0	0	1
17467	1	0	0	1	0	0	0	1	0	0	0	0	3
17468	2	0	1	0	0	0	0	0	0	0	0	0	3
17469	0	0	0	5	0	0	0	0	0	0	0	0	5
17470	1	0	0	0	0	0	0	1	0	0	0	0	2
17471	1	0	0	1	1	0	0	0	0	0	0	0	3
17472	3	0	0	0	2	0	0	2	0	0	0	0	7
17473	3	0	0	0	0	0	0	0	0	0	0	0	3
17474	0	0	0	1	1	0	0	0	0	0	0	0	2
17475	2	0	0	1	1	0	0	0	0	0	0	0	4
17476	0	0	0	1	1	0	0	0	0	0	0	0	2
17477	2	0	0	0	0	0	0	0	0	0	0	0	2
17479	4	0	0	0	0	0	0	0	0	0	0	0	4
17480	1	0	0	1	1	0	0	1	0	0	0	0	4
17481	1	0	0	0	0	0	0	1	0	0	0	0	2
17482	0	0	1	0	2	0	0	0	0	0	0	0	3
17483	0	0	1	1	1	0	0	0	0	0	0	0	3
17484	1	0	0	0	0	0	1	1	0	0	0	0	3
17486	2	0	0	0	1	0	0	0	0	0	0	0	3
17487	1	0	0	0	0	0	1	0	0	0	0	0	2
17488	2	0	0	0	0	0	0	0	0	0	0	0	2
17489	0	1	0	0	1	0	0	0	0	0	0	0	2
17490	3	0	0	0	0	0	0	1	0	0	0	0	4
17491	1	0	0	0	2	0	1	0	0	0	0	0	4
17492	0	0	0	1	1	0	0	0	0	0	0	0	2
17493	0	0	0	0	1	0	0	0	0	0	0	0	1
17494	2	0	0	0	0	0	0	1	0	0	0	0	3
17495	1	0	0	0	2	0	0	0	0	0	0	0	3
17496	0	0	0	0	2	0	0	0	0	0	0	0	2
17497	1	0	0	0	1	0	0	0	0	0	0	0	2
17498	1	0	0	1	0	0	0	1	0	0	0	0	3
17499	1	0	0	0	0	0	0	0	0	0	0	0	1
17500	2	0	0	0	1	0	1	1	0	0	0	0	5
17501	1	0	0	0	1	0	0	0	0	0	0	0	2
17502	1	0	0	0	0	0	0	0	0	0	0	0	1
17503	1	0	0	0	0	0	0	0	0	0	0	0	1
17504	1	0	0	1	1	0	0	0	0	0	0	0	3
17505	2	0	0	0	0	0	0	0	0	0	0	0	2
17506	1	0	0	0	0	0	0	0	0	0	0	0	1
17508	1	0	0	1	0	0	0	0	0	0	0	0	2
17509	0	1	0	1	0	0	0	1	0	0	0	0	3
17510	1	0	0	0	0	0	0	2	0	0	0	0	3
17511	1	0	0	0	0	0	0	0	0	0	0	0	1
17512	4	0	0	0	0	0	0	0	0	0	0	0	4
17514	0	0	1	0	0	0	0	0	0	0	0	0	1
17516	1	0	0	0	1	0	0	0	0	0	0	0	2
17517	2	0	0	0	0	0	1	0	0	0	0	0	3
17520	2	0	0	0	0	0	0	0	0	0	0	0	2
17521	1	0	0	1	0	0	0	0	0	0	0	0	2
17522	1	0	0	0	1	0	0	0	0	0	0	0	2
17524	1	0	1	0	0	0	0	0	0	0	0	0	2
17525	2	0	0	0	1	0	0	1	0	0	0	0	4
17526	0	1	1	0	0	0	0	0	0	0	0	0	2
17527	0	0	0	0	1	0	0	0	0	0	0	0	1
17528	1	0	0	0	0	0	0	0	0	0	0	0	1
17529	1	0	0	0	1	0	0	0	0	0	0	0	2
17531	3	0	0	0	0	0	0	0	0	0	0	0	3
17532	2	0	0	0	0	0	0	1	0	0	0	0	3
17533	1	0	0	0	0	0	0	0	0	0	0	0	1
17534	3	0	0	1	0	0	0	1	0	0	0	0	5
17535	1	0	0	0	2	0	0	1	0	0	0	0	4
17536	3	0	0	0	0	0	0	0	0	0	0	0	3
17537	1	0	0	0	1	0	0	0	0	0	0	0	2
17539	1	0	0	0	0	0	0	0	0	0	0	0	1
17540	1	0	0	1	0	0	0	1	0	0	0	0	3
17541	1	0	0	0	1	0	0	0	0	0	0	0	2
17542	0	1	0	0	0	0	0	0	0	0	0	0	1
17543	2	0	0	0	2	0	0	0	0	0	0	0	4
17544	2	0	0	0	0	0	0	0	0	0	0	0	2
17545	2	0	0	0	1	0	0	0	1	0	0	0	4
17546	1	0	0	0	0	0	0	1	0	0	0	0	2
17547	0	0	0	0	0	1	0	0	0	0	0	0	1
17549	2	0	0	0	0	0	0	0	0	0	0	0	2
17550	0	0	0	1	0	0	0	0	0	0	0	0	1
17551	1	0	0	1	0	0	0	0	1	0	0	0	3
17552	1	0	0	0	0	0	0	1	0	0	0	0	2
17553	2	0	0	0	0	0	0	1	0	0	0	0	3
17554	2	0	0	0	0	0	0	0	0	0	0	0	2
17555	6	0	0	0	0	0	0	2	0	0	0	0	8
17556	3	0	0	1	0	0	0	0	0	0	0	0	4
17557	2	0	0	0	0	0	0	1	0	0	0	0	3
17558	1	0	0	0	0	0	0	1	0	0	0	0	2
17559	1	0	0	0	1	0	0	1	0	0	0	0	3
17560	2	0	0	0	1	0	0	0	0	0	0	0	3
17561	2	0	0	0	1	0	0	0	0	0	0	0	3
17562	0	0	0	0	1	0	0	0	0	0	0	0	1
17563	0	0	0	0	3	0	0	0	0	0	0	0	3
17564	0	0	0	0	1	0	0	0	0	0	0	0	1
17565	1	0	0	1	0	0	0	0	0	0	0	0	2
17566	1	0	0	0	2	0	0	0	0	0	0	0	3
17567	1	0	0	0	2	0	0	1	1	0	0	0	5
17568	3	0	0	1	0	0	0	0	0	0	0	0	4
17569	1	0	0	1	1	0	0	0	0	0	0	0	3
17570	1	0	0	1	0	0	0	0	0	0	0	0	2
17571	1	0	0	0	0	0	0	0	0	0	0	0	1
17572	2	0	0	0	0	0	0	0	0	0	0	0	2
17573	0	0	0	0	1	2	0	0	0	0	0	0	3
17574	0	0	0	0	2	0	0	0	0	0	0	0	2
17575	0	1	1	0	0	0	0	0	0	0	0	0	2
17576	1	0	0	1	0	0	0	0	0	0	0	0	2
17577	0	0	1	0	0	0	0	0	0	0	0	0	1
17578	1	0	0	0	0	0	0	0	0	0	0	0	1
17579	0	1	0	0	0	0	0	0	0	0	0	0	1
17580	1	0	0	1	0	0	0	1	0	0	0	0	3
17581	2	0	0	0	0	0	0	0	0	0	0	0	2
17582	1	0	0	0	0	0	0	0	0	0	0	0	1
17583	0	0	0	0	2	0	0	0	0	0	0	0	2
17584	1	0	0	0	1	0	0	0	0	0	0	0	2
17585	0	0	1	0	0	0	0	0	0	0	0	0	1
17586	1	0	0	0	0	0	0	0	0	0	0	0	1
17587	1	0	0	1	0	0	0	0	0	0	0	0	2
17588	2	0	0	0	0	0	0	0	0	0	0	0	2
17589	1	0	0	0	0	0	0	0	0	0	0	0	1
17590	3	0	0	0	0	0	0	0	0	0	0	0	3
17591	3	0	0	0	0	0	0	0	0	0	0	0	3
17592	2	0	0	1	2	0	0	0	0	0	0	0	5
17593	0	0	0	0	1	0	1	0	0	0	0	0	2
17594	3	0	0	0	0	0	0	0	0	0	0	0	3
17595	2	0	0	0	1	0	0	0	0	0	0	0	3
17596	1	0	0	0	0	0	0	0	0	0	0	0	1
17597	0	0	1	0	1	0	0	0	0	0	0	0	2
17598	1	0	1	0	0	0	0	1	0	0	0	0	3
17599	1	0	0	0	0	0	0	0	0	0	0	0	1
17600	2	0	0	0	0	0	0	0	0	0	0	0	2
17601	3	0	0	0	0	0	0	0	0	0	0	0	3
17602	1	0	0	0	1	0	0	0	0	0	0	0	2
17603	2	0	0	0	1	0	0	0	0	0	0	0	3
17604	2	0	0	0	0	0	0	1	2	0	0	0	5
17605	2	0	0	0	0	0	0	0	0	0	0	0	2
17606	1	0	0	0	1	0	0	0	0	0	0	0	2
17608	1	0	0	0	0	0	0	0	0	0	0	0	1
17609	0	1	0	0	0	0	0	1	0	0	0	0	2
17610	0	0	1	0	0	0	0	0	0	0	0	0	1
17611	2	0	0	0	0	0	0	0	0	0	0	0	2
17612	1	0	0	0	2	0	0	0	0	0	0	0	3
17613	1	0	0	0	2	0	0	1	0	0	0	0	4
17614	1	0	0	0	0	0	0	1	0	0	0	0	2
17615	2	0	0	0	0	0	0	0	0	0	0	0	2
17616	2	0	0	1	1	0	0	0	0	0	0	0	4
17617	1	0	0	1	0	0	0	0	0	0	0	0	2
17618	1	0	1	0	0	0	0	1	0	0	0	0	3
17619	0	0	0	1	1	0	0	0	0	0	0	0	2
17620	2	0	0	0	1	0	0	0	0	0	0	0	3
17622	1	0	0	0	0	0	0	0	0	0	0	0	1
17623	1	0	0	0	0	0	0	0	0	0	0	0	1
17624	0	0	0	0	0	2	0	0	0	0	0	0	2
17625	0	0	0	0	2	0	0	0	0	0	0	0	2
17626	1	0	0	0	0	0	0	0	0	0	0	0	1
17627	4	0	0	0	0	0	1	0	0	0	0	0	5
17628	2	0	0	0	0	0	0	0	0	0	0	0	2
17629	3	0	0	0	1	0	1	0	0	0	0	0	5
17630	3	0	0	0	0	0	0	1	0	0	0	0	4
17631	1	0	0	0	1	0	0	0	0	0	0	0	2
17632	2	0	0	0	0	0	0	0	0	0	0	0	2
17633	0	0	0	0	0	0	0	1	0	0	0	0	1
17635	1	0	0	1	0	0	0	0	0	0	0	0	2
17636	1	0	0	0	1	0	0	1	0	0	0	0	3
17637	1	0	0	1	3	0	0	0	0	0	0	0	5
17639	2	0	0	0	1	0	0	1	0	0	0	0	4
17640	1	0	0	0	2	0	0	0	0	0	0	0	3
17641	3	0	0	1	0	0	0	0	0	0	0	0	4
17642	3	0	0	0	1	0	0	0	0	0	0	0	4
17643	2	0	0	1	1	0	1	0	1	0	0	0	6
17644	0	0	1	0	0	0	0	0	0	0	0	0	1
17645	2	0	0	0	0	0	0	0	0	0	0	0	2
17646	2	0	0	0	0	0	0	0	0	0	0	0	2
17647	1	0	0	0	1	0	1	0	0	0	0	0	3
17648	3	0	0	1	0	0	0	0	0	0	0	0	4
17649	1	0	0	1	0	0	0	0	0	0	0	0	2
17650	3	0	0	0	0	0	0	0	0	0	0	0	3
17651	1	0	0	0	1	0	0	1	1	0	0	0	4
17652	3	0	0	0	2	0	0	0	0	0	0	0	5
17653	1	0	0	0	0	0	0	0	0	0	0	0	1
17654	4	0	0	0	0	0	0	0	1	0	0	0	5
17655	2	0	0	0	0	0	0	0	0	0	0	0	2
17656	2	0	0	0	1	0	0	0	0	0	0	0	3
17657	1	0	0	0	0	0	0	0	0	0	0	0	1
17658	1	0	0	1	1	0	0	0	0	0	0	0	3
17659	0	0	0	0	0	2	0	0	0	0	0	0	2
17660	1	0	0	1	1	0	0	0	0	0	0	0	3
17661	1	0	0	0	3	0	0	0	0	0	0	0	4
17662	1	0	0	0	1	0	0	1	0	0	0	0	3
17663	3	0	0	0	0	0	0	0	0	0	0	0	3
17664	0	0	1	0	0	0	0	0	0	0	0	0	1
17665	0	0	0	1	0	0	0	0	0	0	0	0	1
17666	0	0	0	0	3	0	0	0	0	0	0	0	3
17667	1	0	0	0	0	0	0	0	0	0	0	0	1
17668	1	0	0	0	1	0	0	0	0	0	0	0	2
17669	1	0	0	0	0	0	0	1	0	0	0	0	2
17670	0	0	0	0	1	0	0	0	0	0	0	0	1
17671	0	0	0	1	1	0	0	0	0	0	0	0	2
17672	3	0	0	0	0	0	0	1	0	0	0	0	4
17673	1	0	0	0	0	0	0	1	0	0	0	0	2
17674	0	0	1	0	0	0	0	0	0	0	0	0	1
17675	3	0	0	0	0	0	0	0	0	0	0	0	3
17676	0	0	0	0	1	0	0	0	0	0	0	0	1
17677	1	0	1	0	2	0	0	0	0	0	0	0	4
17678	2	0	0	0	0	0	0	0	0	0	0	0	2
17679	2	0	0	0	0	0	0	0	0	0	0	0	2
17680	0	0	1	0	0	0	0	0	0	0	0	0	1
17681	1	0	0	1	0	0	0	0	0	0	0	0	2
17682	0	0	0	1	1	0	0	0	0	0	0	0	2
17683	2	0	0	0	1	0	0	0	0	0	0	0	3
17685	0	0	0	0	1	0	0	0	0	0	0	0	1
17686	1	0	0	1	1	0	0	0	0	0	0	0	3
17688	1	0	0	0	0	0	0	0	0	0	0	0	1
17689	0	1	0	0	0	0	1	1	0	0	0	0	3
17690	1	0	0	0	0	0	0	1	0	0	0	0	2
17691	2	0	0	0	0	0	0	0	0	0	0	0	2
17692	0	0	0	0	1	0	0	0	0	0	0	0	1
17693	1	0	0	0	2	0	0	0	0	0	0	0	3
17694	1	0	0	0	1	0	1	0	0	0	0	0	3
17695	3	0	0	0	0	0	1	1	0	0	0	0	5
17696	2	0	0	0	0	0	0	0	0	0	0	0	2
17697	0	0	0	1	0	0	0	0	0	0	0	0	1
17698	0	1	0	0	0	0	0	0	0	0	0	0	1
17699	4	0	0	0	0	0	0	0	0	0	0	0	4
17701	2	0	0	0	1	0	0	1	0	0	0	0	4
17702	2	0	0	0	0	0	0	0	0	0	0	0	2
17703	3	0	0	0	1	0	0	2	0	0	0	0	6
17704	0	0	0	0	1	0	0	0	0	0	0	0	1
17705	0	0	1	0	0	1	0	0	0	0	0	0	2
17706	2	0	0	0	1	0	0	0	0	0	0	0	3
17707	1	0	0	0	1	0	0	0	0	0	0	0	2
17708	1	0	0	0	0	0	0	0	0	0	0	0	1
17709	1	0	0	0	0	0	0	0	0	0	0	0	1
17710	1	0	0	0	0	0	0	1	0	0	0	0	2
17711	1	0	0	0	2	1	0	0	0	0	0	0	4
17712	2	0	0	1	0	0	0	0	0	0	0	0	3
17713	1	0	0	0	1	0	0	0	0	0	0	0	2
17714	1	0	0	0	1	0	1	0	0	0	0	0	3
17715	1	0	1	0	1	0	0	0	0	0	0	0	3
17716	1	0	0	1	0	0	1	0	0	0	0	0	3
17717	2	0	0	0	1	0	0	0	0	0	0	0	3
17719	2	0	0	1	0	0	0	0	0	0	0	0	3
17720	2	0	0	0	1	0	0	0	0	0	0	0	3
17721	0	0	0	1	2	0	0	0	0	0	0	0	3
17722	2	0	0	0	0	0	1	0	0	0	0	0	3
17723	2	0	0	0	0	0	1	0	0	0	0	0	3
17726	2	0	0	0	0	0	0	0	0	0	0	0	2
17727	0	0	0	1	0	0	0	0	0	0	0	0	1
17728	2	0	0	0	0	0	0	0	0	0	0	0	2
17729	2	0	0	0	0	0	0	0	0	0	0	0	2
17730	2	0	0	0	1	0	0	0	0	0	0	0	3
17732	1	0	0	0	1	0	0	0	0	0	0	0	2
17733	2	0	0	0	0	0	0	0	0	0	0	0	2
17734	3	0	0	0	0	0	0	0	0	0	0	0	3
17735	0	0	0	0	0	1	0	0	0	0	0	0	1
17736	1	0	0	0	0	0	0	0	0	0	0	0	1
17737	0	0	1	0	0	2	0	0	0	0	0	0	3
17738	0	0	0	0	1	0	1	0	0	0	0	0	2
17740	1	0	0	0	0	0	0	0	0	0	0	0	1
17741	2	0	0	2	0	0	0	1	0	0	0	0	5
17742	1	0	0	0	2	0	1	0	0	0	0	0	4
17743	2	0	0	0	0	0	0	0	0	0	0	0	2
17744	2	0	0	0	0	0	0	0	0	0	0	0	2
17745	3	0	0	0	1	0	0	0	0	0	0	0	4
17746	1	0	0	0	3	0	0	0	0	0	0	0	4
17747	0	0	0	0	1	0	0	1	0	0	0	0	2
17748	2	0	0	0	0	0	0	0	0	0	0	0	2
17749	1	0	0	0	1	0	0	0	0	0	0	0	2
17750	0	0	1	0	0	0	1	0	0	0	0	0	2
17751	1	0	0	0	1	0	0	0	0	0	0	0	2
17752	2	0	0	0	0	0	0	0	0	0	0	0	2
17753	3	0	0	0	0	0	0	0	0	0	0	0	3
17754	1	0	0	0	0	0	0	0	0	0	0	0	1
17755	0	0	0	0	2	0	0	0	0	0	0	0	2
17756	1	0	0	0	0	0	0	0	0	0	0	0	1
17757	3	0	0	0	0	0	1	1	0	0	0	0	5
17758	2	0	0	0	1	0	0	0	0	0	0	0	3
17759	2	0	0	0	0	0	0	0	0	0	0	0	2
17760	1	0	0	0	0	0	1	0	0	1	0	0	3
17761	1	1	0	1	1	0	0	0	0	0	0	0	4
17762	1	0	0	0	1	0	0	0	0	0	0	0	2
17764	1	0	0	0	1	0	1	0	0	0	0	0	3
17765	1	0	0	0	1	0	0	0	0	1	0	0	3
17766	0	1	0	0	0	0	1	0	0	0	0	0	2
17767	1	0	0	0	1	0	1	0	0	0	0	0	3
17768	0	0	0	0	2	0	0	0	0	0	0	0	2
17769	2	0	0	0	0	0	0	0	0	0	0	0	2
17771	1	0	0	0	1	0	0	0	1	0	0	0	3
17772	2	0	0	0	1	0	0	0	0	0	0	0	3
17773	3	0	0	0	0	0	0	0	0	0	0	0	3
17774	1	0	0	0	0	0	0	0	0	0	0	0	1
17775	3	0	0	0	0	0	0	1	0	0	0	0	4
17776	3	0	0	0	1	0	0	0	0	0	0	0	4
17777	2	0	0	0	0	0	0	0	0	0	0	0	2
17778	1	0	0	0	0	0	0	1	0	0	0	0	2
17779	3	0	0	0	0	0	0	0	0	0	0	0	3
17781	2	0	0	0	2	0	0	0	0	0	0	0	4
17782	1	0	0	0	0	0	0	0	0	0	0	0	1
17783	0	0	0	2	1	0	0	1	0	0	0	0	4
17785	2	0	0	0	0	0	0	0	0	0	0	0	2
17786	2	0	0	0	1	0	0	0	0	0	0	0	3
17787	3	0	0	1	1	0	0	0	0	0	0	0	5
17788	1	0	0	0	2	0	0	0	0	0	0	0	3
17789	1	0	1	0	0	0	0	1	0	0	0	0	3
17790	2	0	0	0	0	0	0	0	0	0	0	0	2
17791	2	0	0	0	0	0	0	0	0	0	0	0	2
17793	0	2	0	0	0	0	0	0	1	0	0	0	3
17794	2	0	0	0	0	0	0	0	0	0	0	0	2
17795	1	0	0	0	0	0	0	0	0	0	0	0	1
17796	2	0	0	0	2	0	0	0	0	0	0	0	4
17797	1	0	0	0	1	0	0	0	0	0	0	0	2
17798	2	0	0	0	0	0	0	2	0	0	0	0	4
17799	1	0	1	0	0	0	0	1	0	0	0	0	3
17802	0	0	0	0	1	0	0	0	0	0	0	0	1
17803	3	0	0	0	0	0	0	0	0	0	0	0	3
17806	3	0	0	0	0	0	0	0	0	0	0	0	3
17807	2	0	0	0	0	0	0	0	0	0	0	0	2
17808	1	0	0	1	0	0	0	0	0	0	0	0	2
17809	1	0	0	0	2	0	0	0	0	0	0	0	3
17810	2	0	0	0	1	0	0	0	0	0	0	0	3
17811	0	0	0	0	2	0	0	0	0	0	0	0	2
17812	4	1	0	0	0	0	0	0	0	0	0	0	5
17813	2	0	0	0	0	0	0	0	0	0	0	0	2
17814	1	0	1	0	0	0	0	0	0	0	0	0	2
17815	1	0	1	0	0	0	0	0	0	0	0	0	2
17816	0	0	0	0	0	0	1	0	0	0	0	0	1
17817	1	0	0	0	0	0	0	0	0	0	0	0	1
17818	1	0	0	0	0	0	0	0	1	0	0	0	2
17819	3	0	0	0	0	0	0	0	0	0	0	0	3
17820	1	0	0	1	1	0	0	0	0	0	0	0	3
17821	1	0	1	0	0	0	0	0	0	0	0	0	2
17822	0	0	1	0	0	0	0	0	0	0	0	0	1
17823	1	0	0	0	1	0	0	0	0	0	0	0	2
17825	2	0	0	0	0	0	0	0	0	0	0	0	2
17826	2	0	0	0	0	0	0	0	0	0	0	0	2
17827	2	0	0	0	1	0	0	0	1	0	0	0	4
17828	1	0	0	0	1	0	0	0	0	0	0	0	2
17829	1	0	0	0	2	0	0	0	1	0	0	0	4
17830	0	0	0	0	1	0	0	0	0	0	0	0	1
17832	1	0	0	0	2	0	0	0	0	0	0	0	3
17833	1	0	0	0	1	0	0	0	0	0	0	0	2
17834	4	0	0	0	0	0	0	0	0	0	0	0	4
17836	3	0	0	0	0	0	0	0	0	0	0	0	3
17837	4	0	0	0	0	0	0	0	0	0	0	0	4
17838	1	0	0	0	0	0	0	1	0	0	0	0	2
17839	1	1	0	1	0	0	0	1	0	0	0	0	4
17840	1	0	0	0	0	0	0	1	0	0	0	0	2
17841	2	0	0	0	0	0	0	0	0	0	0	0	2
17842	2	0	0	0	1	0	1	1	0	0	0	0	5
17843	1	0	0	0	0	1	0	0	0	0	0	0	2
17844	0	0	0	0	2	0	0	0	0	0	0	0	2
17845	0	0	0	0	1	0	0	0	0	0	0	0	1
17846	2	0	0	0	0	0	0	1	0	0	0	0	3
17847	0	0	0	0	1	0	0	0	0	0	0	0	1
17848	2	0	0	0	0	0	0	0	0	0	0	0	2
17849	3	0	0	0	0	0	0	0	0	0	0	0	3
17850	3	0	0	0	0	0	0	0	0	0	0	0	3
17851	1	0	0	0	0	0	1	0	0	0	0	0	2
17852	2	0	0	0	0	0	0	0	0	0	0	0	2
17853	2	0	0	0	0	0	0	0	0	0	0	0	2
17854	4	0	0	1	0	0	0	0	0	0	0	0	5
17855	2	0	0	0	0	0	0	0	0	0	0	0	2
17857	1	0	0	0	0	0	1	0	0	0	0	0	2
17858	1	0	0	0	0	0	0	1	0	0	0	0	2
17859	0	1	0	2	0	0	0	1	0	0	0	0	4
17860	2	0	0	0	0	0	0	0	0	0	0	0	2
17861	1	0	0	0	0	0	0	0	0	0	0	0	1
17862	2	0	0	1	1	0	0	0	0	0	0	0	4
17863	2	0	0	0	0	1	0	0	0	0	0	0	3
17864	0	0	1	0	0	0	0	0	0	0	0	0	1
17865	0	0	0	0	2	0	0	0	0	0	0	0	2
17866	1	0	0	0	1	0	0	0	0	0	0	0	2
17867	0	0	1	0	0	0	0	0	0	0	0	0	1
17868	0	0	0	1	1	0	0	0	0	0	0	0	2
17869	1	0	0	0	0	1	0	0	0	0	0	0	2
17870	1	0	0	0	3	0	0	0	0	0	0	0	4
17871	2	0	1	0	1	0	0	0	0	0	0	0	4
17872	2	0	0	0	0	0	0	0	0	0	0	0	2
17874	4	0	0	0	0	0	0	2	0	0	0	0	6
17875	0	0	0	0	3	0	0	0	0	0	0	0	3
17876	1	0	0	1	0	0	0	0	0	0	0	0	2
17877	2	0	0	0	0	0	0	0	0	0	0	0	2
17878	0	0	1	0	0	0	0	0	0	0	0	0	1
17879	1	0	0	0	1	1	0	0	0	0	0	0	3
17880	6	0	0	0	0	0	0	1	0	0	0	0	7
17881	4	0	0	1	1	0	0	0	0	0	0	0	6
17882	0	0	0	1	1	0	0	0	0	0	0	0	2
17883	2	0	0	0	0	0	0	0	0	0	0	0	2
17884	2	0	0	0	2	0	0	0	0	0	0	0	4
17885	1	0	0	0	0	0	0	0	0	0	0	0	1
17886	2	0	0	0	0	0	0	0	0	0	0	0	2
17887	3	0	0	0	1	0	0	0	0	0	0	0	4
17889	1	0	0	1	1	0	0	0	0	0	0	0	3
17890	3	0	0	0	0	0	0	0	0	0	0	0	3
17891	1	0	0	0	0	0	0	0	0	0	0	0	1
17892	0	0	1	0	0	0	0	0	0	0	0	0	1
17893	2	0	0	0	1	0	0	0	0	0	0	0	3
17894	4	0	0	0	0	0	0	0	0	0	0	0	4
17895	2	0	0	0	1	0	0	1	1	0	0	0	5
17896	0	0	0	0	2	0	0	0	0	0	0	0	2
17897	3	0	0	0	0	0	0	0	0	0	0	0	3
17898	2	0	1	0	0	0	0	0	0	0	0	0	3
17899	5	0	0	0	1	0	0	0	0	0	0	0	6
17900	0	0	0	0	0	1	0	0	0	0	0	0	1
17901	0	0	0	1	1	0	0	0	0	0	0	0	2
17902	4	0	0	0	0	0	0	0	0	0	0	0	4
17903	1	0	0	0	0	0	0	0	0	0	0	0	1
17904	1	0	0	0	2	0	0	0	0	0	0	0	3
17905	3	0	0	0	0	0	0	0	0	0	0	0	3
17906	2	0	0	0	0	0	0	1	0	0	0	0	3
17907	1	0	0	0	0	0	0	0	0	0	0	0	1
17908	0	0	1	0	0	0	0	0	0	0	0	0	1
17909	0	0	0	0	1	0	0	1	0	0	0	0	2
17910	0	0	0	0	2	0	0	0	0	0	0	0	2
17911	0	0	0	2	0	0	0	1	0	0	0	0	3
17912	3	0	0	0	0	0	0	1	0	0	0	0	4
17913	2	0	0	0	1	0	0	0	0	0	0	0	3
17914	0	0	0	3	0	0	2	0	0	0	0	0	5
17915	1	0	0	0	1	0	0	0	0	0	0	0	2
17916	1	0	0	0	1	0	0	0	0	0	0	0	2
17917	1	0	2	0	0	0	0	0	0	0	0	0	3
17918	1	0	0	0	0	0	0	0	0	0	0	0	1
17919	2	0	0	0	0	0	0	0	0	0	0	0	2
17920	1	0	0	0	0	1	0	1	0	0	0	0	3
17921	5	0	0	0	1	0	0	2	0	0	0	0	8
17922	1	0	0	0	0	0	0	0	0	0	0	0	1
17923	1	1	0	1	0	0	0	0	0	0	0	0	3
17924	1	0	0	1	0	0	0	0	0	0	0	0	2
17925	2	0	0	0	1	0	0	0	0	0	0	0	3
17927	4	0	0	0	0	0	0	1	0	0	0	0	5
17928	0	0	0	0	0	0	0	2	0	0	0	0	2
17929	2	0	0	0	0	0	0	1	0	0	0	0	3
17930	0	0	0	0	3	0	0	0	0	0	0	0	3
17931	1	0	0	0	0	0	0	0	0	0	0	0	1
17932	1	0	0	0	0	0	0	0	0	0	0	0	1
17933	2	0	0	0	0	0	0	0	0	0	0	0	2
17935	1	0	0	0	0	0	0	1	0	0	0	0	2
17936	0	1	0	0	0	0	0	0	0	0	0	0	1
17937	1	0	0	0	1	0	0	0	0	0	0	0	2
17938	2	0	0	0	3	0	0	0	0	0	0	0	5
17939	2	0	0	0	0	0	0	0	0	0	0	0	2
17940	3	0	0	0	0	0	0	0	1	0	0	0	4
17941	1	0	0	1	0	0	0	0	0	0	0	0	2
17942	2	0	0	0	2	0	0	0	0	0	0	0	4
17943	2	0	0	0	0	0	0	1	0	0	0	0	3
17944	2	0	0	0	0	0	0	0	0	0	0	0	2
17945	0	0	0	0	1	0	0	1	0	0	0	0	2
17946	0	0	0	1	1	0	0	0	0	0	0	0	2
17947	0	0	0	0	2	0	1	0	0	0	0	0	3
17948	2	0	0	0	3	0	1	0	0	0	0	0	6
17949	0	0	0	0	0	2	0	0	0	0	0	0	2
17950	0	0	0	0	1	0	0	0	0	0	0	0	1
17951	1	0	0	0	0	0	0	0	0	0	0	0	1
17952	0	0	2	0	0	0	0	0	0	0	0	0	2
17953	3	0	0	0	2	0	0	0	0	0	0	0	5
17954	1	0	0	0	1	0	0	0	0	0	0	0	2
17955	1	0	0	1	1	0	0	0	0	0	0	0	3
17957	2	0	0	0	0	0	1	0	0	0	0	0	3
17958	0	0	0	1	2	0	0	0	0	0	0	0	3
17959	3	0	0	0	0	0	0	1	0	0	0	0	4
17960	1	0	0	0	1	0	1	0	0	0	0	0	3
17961	1	0	0	2	0	0	0	0	0	0	0	0	3
17962	2	0	1	0	0	0	1	0	0	0	0	0	4
17963	1	1	0	0	0	0	1	0	0	0	0	0	3
17964	1	0	0	0	1	0	0	0	0	0	0	0	2
17966	1	0	0	0	0	0	0	1	0	0	0	0	2
17967	2	0	0	0	2	0	0	0	0	0	0	0	4
17968	1	1	0	0	0	0	0	0	0	0	0	0	2
17969	2	0	0	0	0	0	0	0	0	0	0	0	2
17970	1	0	0	0	0	0	0	1	0	0	0	0	2
17971	3	0	0	0	0	0	0	1	0	0	0	0	4
17973	2	0	0	0	1	0	0	0	0	0	0	0	3
17974	1	0	0	0	0	0	0	0	0	0	0	0	1
17976	1	0	0	0	1	0	0	0	0	0	0	0	2
17977	2	0	0	0	0	0	0	0	0	0	0	0	2
17978	0	0	1	0	0	0	0	1	0	0	0	0	2
17979	1	0	0	0	0	0	0	0	0	0	0	0	1
17980	0	1	0	0	0	1	0	0	0	0	0	0	2
17981	3	0	0	0	0	0	0	0	0	0	0	0	3
17982	1	0	0	0	0	0	0	0	0	0	0	0	1
17983	4	0	0	0	0	0	0	0	0	0	0	0	4
17984	1	1	0	0	2	0	0	0	0	0	0	0	4
17985	1	0	0	0	0	0	0	0	0	0	0	0	1
17986	2	0	0	2	0	0	0	0	0	0	0	0	4
17987	4	0	0	0	1	0	0	0	0	0	0	0	5
17988	2	0	0	0	0	0	0	0	0	0	0	0	2
17989	1	0	0	0	1	0	0	0	0	0	0	0	2
17990	1	0	0	0	1	0	0	0	0	0	0	0	2
17991	3	0	0	0	1	0	0	0	0	0	0	0	4
17992	2	0	0	0	0	0	0	0	0	0	0	0	2
17993	3	0	0	0	1	0	0	0	0	0	0	0	4
17995	2	0	0	0	0	0	1	0	0	0	0	0	3
17996	2	0	0	0	0	0	0	0	0	0	0	0	2
17997	1	0	0	0	3	0	0	0	0	0	0	0	4
17998	0	0	0	0	1	0	0	0	0	0	0	0	1
17999	3	0	0	0	0	0	0	0	1	0	0	0	4
18000	1	0	0	0	0	0	0	0	0	0	0	0	1
18001	2	0	0	0	0	0	0	0	0	0	0	0	2
18002	1	0	0	0	0	0	0	0	0	0	0	0	1
18003	2	0	0	0	0	0	0	0	0	0	0	0	2
18004	2	0	0	0	0	0	0	0	0	0	0	0	2
18005	2	0	0	0	0	0	0	0	0	0	0	0	2
18007	2	0	0	0	1	0	0	0	0	0	0	0	3
18008	4	0	0	0	0	1	0	0	0	0	0	0	5
18009	1	0	0	1	1	0	0	0	0	0	0	0	3
18010	2	0	0	0	0	0	0	0	0	0	0	0	2
18011	1	0	0	0	0	0	0	0	0	0	0	0	1
18012	0	0	0	1	0	0	0	0	0	0	0	0	1
18013	2	0	1	1	0	0	0	0	0	0	0	0	4
18014	2	0	0	0	0	0	0	1	0	0	0	0	3
18015	0	1	0	0	1	0	0	1	0	0	0	0	3
18016	1	0	1	1	0	0	0	0	0	0	0	0	3
18017	1	0	0	0	0	0	0	0	0	0	0	0	1
18018	0	0	0	0	1	0	0	0	0	0	0	0	1
18019	3	0	0	0	0	0	0	1	0	0	0	0	4
18020	3	0	0	0	1	0	0	0	0	0	0	0	4
18021	1	0	0	0	1	0	0	0	0	0	0	0	2
18022	1	0	0	0	2	0	0	0	0	0	0	0	3
18023	1	0	0	0	1	0	0	0	0	0	0	0	2
18024	2	0	0	0	0	0	0	0	1	0	0	0	3
18025	0	0	0	0	2	0	0	0	0	0	0	0	2
18026	2	0	0	0	2	0	0	0	0	0	0	0	4
18027	2	0	0	0	1	0	0	0	0	0	0	0	3
18029	3	0	0	0	0	0	0	0	0	0	0	0	3
18030	3	0	0	0	1	0	0	0	0	0	0	0	4
18031	0	0	0	0	2	0	0	0	0	0	0	0	2
18032	2	0	0	0	0	0	0	0	0	0	0	0	2
18034	3	0	0	0	0	0	1	0	0	0	0	0	4
18035	2	0	0	0	1	0	0	0	0	0	0	0	3
18036	1	0	0	0	0	0	0	0	0	0	0	0	1
18037	0	0	0	0	1	0	0	0	0	0	0	0	1
18038	1	0	0	1	0	0	0	0	0	0	0	0	2
18039	1	0	1	0	0	0	0	0	0	0	0	0	2
18040	1	0	0	0	1	0	0	0	1	0	0	0	3
18041	2	0	0	0	0	0	0	0	0	0	0	0	2
18042	3	0	0	1	0	0	0	0	0	0	0	0	4
18044	1	0	0	0	0	0	0	0	0	0	0	0	1
18045	1	0	0	0	0	0	0	0	0	0	0	0	1
18046	2	0	0	0	1	0	1	0	0	0	0	0	4
18047	1	0	1	0	0	0	0	0	0	0	0	0	2
18048	1	0	0	0	1	0	0	0	0	0	0	0	2
18049	2	0	0	1	1	0	0	0	1	0	0	0	5
18050	3	0	0	0	0	0	0	0	0	0	0	0	3
18051	1	0	0	0	2	0	0	0	0	0	0	0	3
18052	2	0	0	0	0	0	0	0	0	0	0	0	2
18053	1	0	0	0	1	0	1	1	0	0	0	0	4
18054	0	0	0	0	1	0	0	0	0	0	0	0	1
18055	2	0	0	0	0	0	0	0	0	0	0	0	2
18056	0	0	0	0	1	0	0	0	0	0	0	0	1
18059	1	0	0	0	1	0	0	0	0	0	0	0	2
18060	0	2	1	0	0	0	0	0	0	0	0	0	3
18061	2	0	0	0	0	0	0	0	0	0	0	0	2
18062	1	0	0	0	2	0	0	0	0	0	0	0	3
18063	3	0	0	0	1	0	0	0	0	0	0	0	4
18064	1	0	0	0	0	0	0	0	0	0	0	0	1
18065	1	0	0	0	0	0	0	0	0	0	0	0	1
18066	1	0	0	0	1	0	0	0	0	0	0	0	2
18067	2	0	0	0	0	0	0	0	0	0	0	0	2
18068	0	0	1	0	0	0	0	0	0	0	0	0	1
18069	2	0	0	0	3	0	0	0	0	0	0	0	5
18070	2	0	0	0	0	0	0	0	0	0	0	0	2
18071	2	0	0	0	0	1	0	0	0	0	0	0	3
18074	3	0	0	0	0	0	0	1	0	0	0	0	4
18075	1	0	0	0	1	0	0	0	0	0	0	0	2
18076	2	0	0	0	0	0	0	0	0	0	0	0	2
18077	2	0	0	0	0	0	0	0	0	0	0	0	2
18078	1	0	1	0	0	0	0	0	0	0	0	0	2
18079	5	0	0	0	0	0	0	0	0	0	0	0	5
18080	0	0	1	0	0	0	1	0	0	0	0	0	2
18081	0	1	1	0	0	0	0	0	0	0	0	0	2
18082	1	0	0	0	1	0	0	0	0	0	0	0	2
18083	1	0	0	0	1	0	0	0	0	0	0	0	2
18084	2	0	0	0	0	0	1	0	0	0	0	0	3
18085	3	0	0	0	0	0	0	0	0	0	0	0	3
18086	1	0	0	0	1	0	0	0	0	0	0	0	2
18087	3	0	0	0	2	0	0	0	0	0	0	0	5
18088	2	0	0	2	3	0	0	0	0	0	0	0	7
18089	2	0	0	0	1	0	0	0	0	0	0	0	3
18090	1	0	0	0	1	0	0	1	0	0	0	0	3
18091	1	0	0	0	1	0	0	0	0	0	0	0	2
18092	0	0	0	0	1	0	2	0	2	0	0	0	5
18093	3	0	0	0	2	0	0	0	1	0	0	0	6
18094	3	0	0	0	0	0	0	0	0	0	0	0	3
18095	0	0	0	0	1	0	0	0	0	0	0	0	1
18096	2	0	0	0	0	0	0	0	0	0	0	0	2
18098	2	0	0	0	0	0	0	0	0	0	0	0	2
18099	1	0	1	0	0	0	0	0	0	0	0	0	2
18100	2	0	0	1	0	0	0	0	0	0	0	0	3
18101	1	0	0	0	0	2	0	0	0	0	0	0	3
18102	2	0	0	0	1	0	0	0	0	0	0	0	3
18104	2	0	1	0	0	0	0	1	0	0	0	0	4
18105	1	0	0	0	1	0	0	0	0	0	0	0	2
18106	1	0	0	0	2	0	0	0	0	0	0	0	3
18107	2	0	0	1	1	0	0	0	0	0	0	0	4
18109	3	0	0	0	0	0	0	1	0	0	0	0	4
18110	0	0	0	0	1	0	0	0	0	0	0	0	1
18111	2	0	0	0	0	0	0	0	0	0	0	0	2
18112	4	0	0	0	0	0	0	0	1	0	0	0	5
18113	3	0	0	0	0	0	0	0	0	0	0	0	3
18114	2	0	0	0	0	1	0	1	0	0	0	0	4
18115	1	0	0	0	1	0	0	0	0	0	0	0	2
18116	0	0	0	0	2	0	0	0	0	0	0	0	2
18117	0	0	0	0	1	0	0	1	0	0	0	0	2
18119	1	0	0	0	0	0	0	0	0	0	0	0	1
18120	2	0	0	0	0	0	1	0	0	0	0	0	3
18121	1	0	0	1	0	0	0	1	0	0	0	0	3
18122	1	0	0	0	2	0	0	0	0	0	0	0	3
18123	3	0	0	0	0	0	0	0	0	0	0	0	3
18124	2	0	0	1	2	0	0	0	0	0	0	0	5
18125	1	0	0	0	1	0	0	0	0	0	0	0	2
18126	1	0	0	0	0	0	0	1	0	0	0	0	2
18127	1	0	0	0	1	0	0	0	0	0	0	0	2
18129	2	0	0	0	0	0	0	0	0	0	0	0	2
18130	1	0	0	1	1	0	0	0	0	0	0	0	3
18131	2	0	0	0	0	0	0	1	0	0	0	0	3
18132	1	0	0	0	1	0	0	0	0	0	0	0	2
18133	3	0	0	2	0	0	0	0	0	0	0	0	5
18134	1	0	0	0	0	1	0	0	0	0	0	0	2
18135	1	0	0	0	1	0	0	1	0	0	0	0	3
18136	1	0	0	0	0	0	0	0	0	0	0	0	1
18137	2	0	0	0	2	0	0	0	0	0	0	0	4
18138	3	0	0	0	0	0	0	1	0	0	0	0	4
18139	0	0	0	0	1	0	0	0	1	0	0	0	2
18140	2	0	0	0	0	0	0	0	0	0	0	0	2
18141	0	0	1	0	1	0	0	0	1	0	0	0	3
18142	2	0	0	0	0	0	0	0	0	0	0	0	2
18143	2	0	0	0	0	0	0	0	0	0	0	0	2
18144	2	0	0	0	0	0	0	0	0	0	0	0	2
18145	3	0	0	0	0	0	0	0	0	0	0	0	3
18146	2	0	0	0	1	0	0	0	0	0	0	0	3
18147	1	0	0	0	0	0	1	0	0	0	0	0	2
18148	0	0	1	0	1	0	0	0	0	0	0	0	2
18149	2	0	0	0	0	0	0	0	0	0	0	0	2
18150	1	0	0	0	0	0	0	0	0	0	0	0	1
18151	0	0	0	0	0	1	0	0	0	0	0	0	1
18152	1	0	0	0	0	0	0	1	0	0	0	0	2
18153	0	0	0	0	1	0	0	0	0	0	0	0	1
18154	0	0	0	0	2	0	0	0	0	0	0	0	2
18155	3	0	0	0	0	0	0	0	0	0	0	0	3
18156	1	1	0	0	1	0	0	0	1	0	0	0	4
18157	3	0	0	1	0	0	0	0	0	0	0	0	4
18158	3	0	0	0	0	1	0	0	0	1	0	0	5
18159	2	0	0	0	0	0	1	0	0	0	0	0	3
18160	2	0	0	0	0	0	0	0	0	0	0	0	2
18161	1	2	0	0	0	0	0	0	0	0	0	0	3
18162	2	0	0	0	0	0	0	0	0	0	0	0	2
18163	1	0	0	0	0	0	0	0	0	0	0	0	1
18164	1	0	0	0	0	0	0	0	0	0	0	0	1
18165	4	0	0	0	0	0	1	0	0	0	0	0	5
18166	1	0	0	0	1	1	1	0	0	0	0	0	4
18167	0	0	0	0	1	0	0	0	0	0	0	0	1
18168	1	0	0	0	4	0	0	0	0	0	0	0	5
18169	1	0	0	1	0	1	0	0	0	0	0	0	3
18171	1	0	1	0	0	0	0	0	0	0	0	0	2
18172	3	0	0	0	0	0	0	0	0	0	0	0	3
18173	2	0	0	0	1	0	0	0	0	0	0	0	3
18174	1	0	0	0	0	0	0	0	0	0	0	0	1
18175	2	0	0	0	0	0	0	1	0	0	0	0	3
18176	2	0	0	0	0	0	0	0	0	0	0	0	2
18178	0	0	0	0	1	0	0	0	0	0	0	0	1
18179	3	0	0	0	0	0	0	1	0	0	0	0	4
18180	2	0	0	0	0	0	0	0	0	0	0	0	2
18181	1	0	0	0	0	0	1	0	0	0	0	0	2
18182	1	0	0	1	1	0	0	0	0	0	0	0	3
18183	0	0	0	0	2	0	0	0	0	0	0	0	2
18184	1	0	0	0	0	0	0	0	0	0	0	0	1
18185	1	0	0	0	0	0	0	1	0	0	0	0	2
18186	1	0	1	0	0	0	0	0	0	0	0	0	2
18187	2	0	0	0	0	0	0	0	0	0	0	0	2
18188	0	0	0	0	0	0	0	1	0	0	0	0	1
18189	2	0	0	0	0	0	0	0	0	0	0	0	2
18190	0	0	0	0	1	0	0	0	0	0	0	0	1
18191	1	0	1	0	2	0	0	1	0	0	0	0	5
18192	1	0	0	0	1	0	0	0	0	0	0	0	2
18193	2	0	0	0	0	0	0	0	0	0	0	0	2
18194	1	0	0	0	0	0	1	0	1	0	0	0	3
18195	2	0	0	0	0	0	0	0	0	0	0	0	2
18196	1	0	0	0	2	0	0	0	0	0	0	0	3
18197	1	0	0	0	0	1	0	0	0	0	0	0	2
18198	1	0	0	1	0	0	0	0	0	0	0	0	2
18199	2	0	0	0	3	0	0	1	0	0	0	0	6
18200	2	0	0	0	0	0	0	0	0	0	0	0	2
18201	1	0	0	0	1	0	0	0	1	0	0	0	3
18202	1	0	1	0	0	0	0	0	0	0	0	0	2
18203	1	0	0	0	0	0	0	0	0	0	0	0	1
18204	2	0	0	0	1	0	0	0	0	0	0	0	3
18205	1	1	0	0	0	0	0	0	0	0	0	0	2
18206	2	0	0	0	0	0	0	0	0	0	0	0	2
18207	3	0	0	0	0	0	0	0	0	1	0	0	4
18208	3	0	0	0	1	0	0	0	0	0	0	0	4
18209	1	0	0	2	0	0	0	0	0	0	0	0	3
18210	0	0	0	0	1	0	0	0	0	0	0	0	1
18211	1	0	0	0	1	0	0	0	0	0	0	0	2
18212	3	0	0	0	0	0	0	0	0	0	0	0	3
18213	0	2	0	0	0	0	0	0	0	0	0	0	2
18214	1	0	0	0	3	0	0	0	0	0	0	0	4
18215	2	0	0	0	0	0	0	0	0	0	0	0	2
18216	1	0	0	0	1	0	1	0	0	0	0	0	3
18217	3	0	0	0	0	0	1	0	0	0	0	0	4
18218	1	0	0	0	1	0	0	0	1	0	0	0	3
18219	0	0	1	0	0	0	0	0	0	0	0	0	1
18220	1	0	0	0	0	0	0	0	0	0	0	0	1
18221	1	0	0	0	1	0	0	0	0	0	0	0	2
18222	1	0	0	0	2	0	0	0	0	0	0	0	3
18223	0	1	0	1	1	0	0	0	0	0	0	0	3
18224	0	0	1	0	0	0	0	0	0	0	0	0	1
18225	3	0	0	0	0	0	0	0	0	0	0	0	3
18226	2	0	0	0	0	0	0	0	0	0	0	0	2
18227	1	0	0	0	1	0	0	0	0	0	0	0	2
18229	1	0	0	0	0	0	0	0	0	0	0	0	1
18231	0	0	0	0	1	0	0	0	0	0	0	0	1
18232	0	0	0	0	1	0	0	0	0	0	0	0	1
18233	0	0	1	1	0	0	0	0	0	0	0	0	2
18234	2	0	0	0	2	0	0	1	0	0	0	0	5
18235	1	0	0	0	1	0	0	0	0	0	0	0	2
18236	2	0	0	0	0	1	0	0	0	0	0	0	3
18237	3	0	0	0	0	0	0	0	0	0	0	0	3
18239	2	0	0	1	1	0	0	0	0	0	0	0	4
18240	2	0	0	0	0	0	0	0	0	0	0	0	2
18241	2	0	0	0	0	0	0	0	0	0	0	0	2
18243	1	0	0	0	1	0	0	0	0	0	0	0	2
18244	1	0	0	0	0	0	0	1	0	0	0	0	2
18245	1	0	0	0	3	0	0	0	0	0	0	0	4
18246	1	0	0	0	2	0	0	0	0	0	0	0	3
18247	1	0	0	0	0	0	0	0	0	0	0	0	1
18248	1	0	0	1	0	0	0	0	0	0	0	0	2
18249	4	0	0	0	0	0	0	0	0	0	0	0	4
18250	1	0	0	0	4	0	0	0	0	0	0	0	5
18251	4	0	0	0	0	0	0	2	0	0	0	0	6
18252	2	0	0	0	0	0	0	0	0	0	0	0	2
18253	3	0	0	0	0	0	0	0	0	0	0	0	3
18254	2	0	0	0	1	0	0	1	1	0	0	0	5
18255	1	0	0	0	2	0	0	0	0	0	0	0	3
18256	3	0	0	0	0	0	0	0	0	0	0	0	3
18257	1	0	0	1	0	0	0	0	0	0	0	0	2
18258	1	0	0	0	0	0	0	0	0	0	0	0	1
18259	1	1	1	0	0	0	0	0	0	0	0	0	3
18260	1	0	0	0	0	0	0	0	0	0	0	0	1
18261	0	0	0	0	0	2	0	0	1	0	0	0	3
18262	1	0	1	0	0	0	0	0	0	0	0	0	2
18263	2	0	0	0	0	0	1	1	0	0	0	0	4
18264	1	0	0	0	0	2	0	0	0	0	0	0	3
18265	2	0	0	0	1	0	0	1	0	0	0	0	4
18266	2	0	0	0	0	0	0	0	0	0	0	0	2
18267	1	0	0	0	1	0	0	0	1	0	0	0	3
18268	3	0	0	0	0	0	0	1	0	0	0	0	4
18269	1	1	0	0	0	0	0	0	0	0	0	0	2
18270	1	0	0	0	1	0	0	0	0	0	0	0	2
18271	2	0	0	0	1	0	0	1	0	0	0	0	4
18272	2	1	0	0	0	0	0	0	0	0	0	0	3
18273	3	0	0	0	0	0	0	1	0	0	0	0	4
18274	0	0	0	0	1	0	0	0	0	0	0	0	1
18275	0	0	0	0	1	0	0	0	0	0	0	0	1
18276	1	0	0	0	0	0	0	0	0	0	0	0	1
18277	1	0	0	0	0	0	0	0	0	0	0	0	1
18278	1	0	0	0	1	0	0	0	0	0	0	0	2
18279	1	0	0	0	1	0	1	1	0	0	0	0	4
18280	1	0	0	0	0	0	0	1	0	0	0	0	2
18282	0	0	1	0	0	0	0	0	0	0	0	0	1
18283	0	0	0	0	0	0	0	1	0	0	0	0	1
18284	1	0	0	0	0	0	0	0	0	0	0	0	1
18285	2	0	1	1	0	0	0	0	0	0	0	0	4
18286	3	0	0	0	0	1	0	0	0	0	0	0	4
18287	5	0	0	0	0	0	0	0	0	0	0	0	5
18288	1	0	0	0	0	0	1	0	0	0	0	0	2
18289	2	0	0	0	1	1	0	0	0	0	0	0	4
18290	2	0	0	0	0	0	0	0	0	0	0	0	2
18291	2	0	0	0	0	0	0	0	0	0	0	0	2
18292	1	0	0	0	1	0	0	0	0	0	0	0	2
18293	3	0	0	0	0	0	0	0	0	0	0	0	3
18294	1	0	0	0	1	0	0	0	0	0	0	0	2
18295	1	0	0	0	0	0	0	1	0	0	0	0	2
18296	1	0	0	0	0	0	1	1	0	0	0	0	3
18297	3	0	0	0	1	0	0	0	0	0	0	0	4
18298	1	0	0	0	0	0	0	0	0	0	0	0	1
18299	0	0	0	0	0	0	0	0	1	0	0	0	1
18300	1	0	0	0	1	0	0	0	0	0	0	0	2
18301	2	0	0	0	1	0	0	0	0	1	0	0	4
18302	3	0	0	0	0	0	0	0	0	0	0	0	3
18304	2	0	0	0	0	0	0	0	0	0	0	0	2
18305	2	0	0	0	2	0	0	0	0	0	0	0	4
18307	3	0	0	0	1	0	0	0	0	0	0	0	4
18308	1	1	0	1	0	0	0	0	0	0	0	0	3
18309	1	0	0	0	0	1	0	0	0	0	0	0	2
18311	1	0	0	1	0	0	0	0	0	0	0	0	2
18312	2	0	0	0	1	0	0	0	0	0	0	0	3
18313	3	0	0	0	0	0	0	0	0	0	0	0	3
18314	2	0	0	0	0	0	0	1	0	0	0	0	3
18315	1	0	0	0	1	0	0	0	0	0	0	0	2
18316	2	0	0	0	0	0	0	1	1	0	0	0	4
18317	0	0	0	0	2	0	1	0	0	0	0	0	3
18318	2	0	0	0	0	0	1	0	0	0	0	0	3
18319	2	1	0	0	0	0	0	0	0	0	0	0	3
18321	2	0	0	0	0	0	0	1	0	0	0	0	3
18322	1	0	0	0	0	0	0	0	0	0	0	0	1
18323	2	0	0	1	0	0	0	0	0	0	0	0	3
18324	3	0	0	0	0	0	0	1	0	0	0	0	4
18325	0	1	0	0	0	0	0	0	0	0	0	0	1
18326	3	0	0	0	1	0	0	0	0	0	0	0	4
18327	1	0	0	1	1	0	0	0	0	0	0	0	3
18328	3	0	0	0	1	0	0	0	0	0	0	0	4
18329	1	0	0	0	0	0	0	1	0	1	0	0	3
18330	1	0	0	0	0	0	0	0	0	0	0	0	1
18331	0	0	1	0	3	0	0	0	0	0	0	0	4
18333	0	0	0	0	3	0	0	0	0	0	0	0	3
18334	2	0	0	0	0	0	0	0	0	0	0	0	2
18335	2	0	0	0	1	0	0	0	0	0	0	0	3
18336	2	0	0	0	0	0	0	1	0	0	0	0	3
18337	2	1	0	0	1	0	0	0	0	0	0	0	4
18338	0	0	0	1	0	2	0	0	0	0	0	0	3
18339	1	0	0	0	0	0	0	0	0	0	0	0	1
18340	2	0	1	0	0	0	0	0	0	0	0	0	3
18341	2	0	0	0	0	0	0	0	0	0	0	0	2
18343	1	0	1	0	0	0	0	0	0	0	0	0	2
18344	1	0	0	0	0	0	0	0	0	0	0	0	1
18345	2	0	0	0	0	0	0	0	0	0	0	0	2
18346	1	0	0	0	3	0	0	0	0	0	0	0	4
18347	2	0	0	0	0	0	0	0	0	0	0	0	2
18348	3	0	0	0	1	0	0	0	0	0	0	0	4
18349	1	0	0	1	2	0	1	0	0	0	0	0	5
18350	0	0	0	0	1	0	0	0	0	0	0	0	1
18351	1	0	0	0	1	0	0	1	0	0	0	0	3
18352	1	0	0	0	0	0	0	0	0	0	0	0	1
18353	3	0	0	0	0	0	0	0	1	0	0	0	4
18354	3	0	0	0	0	0	0	0	0	0	0	0	3
18356	0	0	0	1	1	0	0	0	0	0	0	0	2
18357	0	0	0	3	0	0	0	0	0	0	0	0	3
18358	1	0	0	0	1	0	0	0	0	0	0	0	2
18359	0	0	0	0	1	0	0	0	0	0	0	0	1
18360	2	0	0	0	2	0	0	1	0	0	0	0	5
18361	1	0	0	0	0	0	0	0	0	0	0	0	1
18362	1	0	0	0	0	0	0	0	0	0	0	0	1
18363	1	0	0	0	1	0	0	0	0	0	0	0	2
18364	2	0	0	1	1	0	0	0	0	0	0	0	4
18365	2	0	0	0	0	0	1	0	0	0	0	0	3
18366	1	0	0	0	3	0	0	0	0	0	0	0	4
18367	2	0	0	0	1	0	0	0	0	0	0	0	3
18368	1	0	0	0	1	0	0	1	0	0	0	0	3
18369	0	0	1	0	0	0	0	0	0	0	0	0	1
18370	1	1	0	0	1	0	0	1	0	0	0	0	4
18371	1	0	1	0	0	0	0	0	0	0	0	0	2
18372	1	0	0	0	2	0	0	0	0	0	0	0	3
18373	3	0	1	0	1	0	0	0	0	0	0	0	5
18374	0	0	0	1	0	0	0	0	0	0	0	0	1
18375	1	0	0	0	1	0	0	0	0	0	0	0	2
18376	3	0	0	0	0	0	0	1	0	0	0	0	4
18377	1	0	0	1	0	0	0	1	0	0	0	0	3
18378	1	0	0	0	0	0	0	0	0	0	0	0	1
18379	3	0	0	0	0	0	0	0	0	0	0	0	3
18380	1	0	0	0	0	0	0	0	1	0	0	0	2
18381	0	0	0	0	0	0	1	0	0	0	0	0	1
18382	2	1	0	0	0	0	0	0	0	0	0	0	3
18383	1	0	0	0	0	0	0	0	0	0	0	0	1
18384	2	0	0	0	2	0	0	0	0	0	0	0	4
18385	2	0	0	0	2	0	0	1	0	0	0	0	5
18386	2	0	0	0	1	0	0	0	0	0	0	0	3
18387	2	0	0	0	0	0	0	0	0	0	0	0	2
18388	3	0	1	0	0	0	0	0	0	0	0	0	4
18390	2	0	0	0	0	0	0	1	0	0	0	0	3
18391	3	0	0	0	0	0	0	0	0	0	0	0	3
18392	0	0	0	0	2	0	0	0	0	0	0	0	2
18394	1	0	1	1	1	0	0	0	0	0	0	0	4
18395	1	0	0	0	0	0	0	0	0	0	0	0	1
18396	1	0	0	0	0	0	0	0	0	0	0	0	1
18397	1	0	0	0	0	0	0	0	0	0	0	0	1
18398	0	0	0	1	2	0	0	0	0	0	0	0	3
18399	5	0	0	0	1	0	0	1	0	0	0	0	7
18400	3	0	0	1	0	0	0	0	0	0	0	0	4
18401	3	0	0	0	0	0	0	0	0	0	0	0	3
18403	2	0	0	0	0	0	0	0	0	0	0	0	2
18404	1	0	0	0	1	0	0	0	0	0	0	0	2
18405	2	0	0	0	3	0	0	0	0	0	0	0	5
18406	4	0	0	0	2	0	0	0	0	0	0	0	6
18407	2	0	0	0	0	0	0	0	0	0	0	0	2
18408	2	0	0	0	2	0	0	0	0	0	0	0	4
18409	1	0	0	0	0	0	0	0	0	0	0	0	1
18410	0	1	1	0	0	0	0	0	0	0	0	0	2
18411	1	0	0	1	0	0	0	0	0	0	0	0	2
18412	1	0	0	0	2	0	0	0	1	0	0	0	4
18413	2	0	0	1	1	0	1	0	0	0	0	0	5
18414	3	0	0	0	0	0	1	2	1	0	0	0	7
18415	3	0	0	0	2	0	0	0	0	0	0	0	5
18416	2	0	0	0	0	0	0	0	0	0	0	0	2
18417	1	0	0	0	1	1	1	0	1	0	0	0	5
18418	2	0	0	0	0	0	0	0	0	0	0	0	2
18419	4	0	0	0	0	0	0	0	0	0	0	0	4
18420	3	0	0	0	0	0	0	1	0	0	0	0	4
18421	3	0	0	1	0	0	0	0	0	0	0	0	4
18422	2	0	0	0	2	0	1	0	0	0	0	0	5
18423	2	0	0	0	0	0	0	0	0	0	0	0	2
18424	2	0	0	0	1	0	0	1	0	0	0	0	4
18425	2	0	0	0	0	0	1	0	0	0	0	0	3
18426	2	0	0	0	0	0	0	0	0	0	0	0	2
18427	1	0	0	0	0	0	0	0	0	0	0	0	1
18428	0	0	0	0	1	0	0	0	0	0	0	0	1
18429	0	0	2	0	0	0	0	0	0	0	0	0	2
18430	2	0	0	0	0	0	0	0	0	0	0	0	2
18431	0	0	0	0	1	1	0	0	0	0	0	0	2
18432	2	0	0	0	1	0	0	0	0	0	0	0	3
18433	0	0	0	0	1	0	0	0	0	0	0	0	1
18434	1	0	0	0	0	1	0	0	0	0	0	0	2
18435	1	0	0	0	1	0	1	0	0	0	0	0	3
18436	1	0	0	0	0	0	0	1	0	0	0	0	2
18437	2	0	0	0	1	0	0	0	0	0	0	0	3
18438	3	0	0	0	2	0	0	0	0	0	0	0	5
18439	1	0	0	0	0	0	1	1	0	0	0	0	3
18440	0	0	0	0	0	0	1	0	0	0	0	0	1
18441	2	0	0	0	0	0	0	0	0	0	0	0	2
18442	2	0	0	1	0	0	0	1	0	0	0	0	4
18443	1	0	0	0	0	1	0	1	0	0	0	0	3
18444	2	0	0	1	0	1	0	0	0	0	0	0	4
18445	0	1	1	0	0	0	0	0	0	0	0	0	2
18446	2	0	0	0	0	0	0	1	0	0	0	0	3
18447	1	0	0	1	1	0	0	0	0	0	0	0	3
18448	0	0	0	0	1	1	0	0	0	0	0	0	2
18449	0	0	0	0	1	0	0	0	0	0	0	0	1
18450	1	0	0	0	2	0	0	0	0	0	0	0	3
18451	2	0	0	0	1	0	0	0	0	0	0	0	3
18452	2	0	0	0	0	0	1	0	0	0	0	0	3
18453	1	0	0	0	0	0	0	0	0	0	0	0	1
18454	0	0	0	0	1	0	0	0	0	0	0	0	1
18455	2	0	0	0	1	0	0	1	0	0	0	0	4
18456	2	0	0	0	1	0	0	0	0	0	0	0	3
18457	0	0	0	1	0	0	0	0	0	0	0	0	1
18458	1	0	0	0	0	0	0	0	0	0	0	0	1
18459	3	0	0	0	1	0	0	0	0	0	0	0	4
18460	2	0	0	0	0	0	0	0	0	0	0	0	2
18461	2	0	0	0	0	0	0	0	0	0	0	0	2
18462	2	0	0	0	0	0	0	0	0	0	0	0	2
18463	1	0	0	0	2	0	0	0	0	0	0	0	3
18464	0	0	1	0	0	0	0	0	0	0	0	0	1
18465	0	0	1	0	1	0	0	0	1	0	0	0	3
18466	6	0	0	0	0	0	0	0	0	0	0	0	6
18467	1	0	0	0	0	0	0	0	0	0	0	0	1
18469	0	1	0	0	1	0	0	0	0	0	0	0	2
18470	1	0	0	0	2	1	0	0	0	0	0	0	4
18471	1	0	1	0	0	0	0	0	0	0	0	0	2
18472	1	0	0	0	0	0	0	0	1	0	0	0	2
18473	5	0	0	0	1	0	0	0	0	0	0	0	6
18474	1	0	0	0	1	0	0	0	0	0	0	0	2
18475	3	0	0	0	0	0	0	0	0	0	0	0	3
18476	1	0	0	1	0	0	1	0	0	0	0	0	3
18478	1	0	0	0	0	0	0	0	0	0	0	0	1
18479	0	0	1	0	1	0	0	0	0	0	0	0	2
18480	3	0	0	0	0	0	1	0	0	0	0	0	4
18481	0	1	0	0	0	0	0	0	0	0	0	0	1
18482	0	0	0	0	0	0	1	0	0	0	0	0	1
18483	2	0	0	1	0	0	0	1	0	0	0	0	4
18484	1	0	0	0	0	0	0	0	0	0	0	0	1
18485	1	0	0	0	0	0	0	0	0	0	0	0	1
18486	1	0	0	0	1	0	0	0	0	0	0	0	2
18487	2	0	0	1	0	0	0	0	0	0	0	0	3
18488	3	0	0	0	1	0	0	0	0	0	0	0	4
18489	0	0	0	0	2	0	0	0	0	0	0	0	2
18490	2	0	0	0	0	0	0	1	1	0	0	0	4
18492	2	0	0	1	0	0	0	0	0	0	0	0	3
18493	1	0	0	0	1	0	0	0	0	0	0	0	2
18494	4	0	0	0	0	0	0	0	0	0	0	0	4
18495	4	0	0	0	0	0	0	0	0	0	0	0	4
18496	0	0	0	0	1	0	0	0	0	0	0	0	1
18497	0	0	0	1	0	0	0	0	0	0	0	0	1
18498	1	0	0	1	0	0	0	0	0	0	0	0	2
18499	1	0	0	0	1	0	0	0	0	0	0	0	2
18500	3	0	0	0	0	0	0	0	0	0	0	0	3
18501	1	0	0	0	0	0	0	0	0	0	0	0	1
18502	2	0	0	0	0	0	0	0	0	0	0	0	2
18503	0	0	0	0	1	0	0	0	0	0	0	0	1
18504	2	0	0	0	1	0	0	0	0	0	0	0	3
18505	2	0	0	0	0	0	0	0	0	0	0	0	2
18506	1	0	0	2	1	0	0	0	0	0	0	0	4
18507	1	0	0	0	1	0	0	0	0	0	0	0	2
18508	3	0	0	0	0	0	0	0	0	0	0	0	3
18509	0	0	0	0	2	0	0	0	0	0	0	0	2
18510	3	0	0	0	0	0	0	0	0	0	0	0	3
18511	2	0	0	0	0	0	0	1	0	0	0	0	3
18512	2	0	0	0	0	0	0	0	0	0	0	0	2
18513	2	0	0	0	0	0	0	0	0	0	0	0	2
18514	2	0	0	0	0	0	0	0	0	0	0	0	2
18515	2	0	0	0	0	0	0	1	0	0	0	0	3
18516	3	0	0	0	0	0	0	0	0	0	0	0	3
18517	1	0	0	0	1	0	0	0	0	0	0	0	2
18518	1	0	0	0	3	0	0	0	0	0	0	0	4
18519	2	0	0	0	0	0	0	0	0	0	0	0	2
18520	2	0	0	0	0	0	0	0	0	0	0	0	2
18521	3	0	0	0	2	0	0	0	0	0	0	0	5
18522	2	0	0	0	0	0	0	0	0	0	0	0	2
18523	1	0	0	1	0	0	0	0	0	0	0	0	2
18524	2	0	0	0	0	0	0	0	0	0	0	0	2
18525	2	0	0	0	1	0	0	0	0	0	0	0	3
18526	2	0	0	0	2	0	0	0	0	0	0	0	4
18527	0	0	1	1	1	0	0	1	0	0	0	0	4
18528	3	0	0	0	0	0	0	0	1	0	0	0	4
18529	1	0	0	0	0	0	0	0	0	0	0	0	1
18530	1	0	0	0	2	0	1	0	0	0	0	0	4
18531	2	0	0	0	0	0	0	0	0	0	0	0	2
18532	3	0	0	0	0	0	0	0	0	0	0	0	3
18533	2	0	0	1	0	0	0	0	0	0	0	0	3
18534	1	0	0	0	0	0	0	0	0	0	0	0	1
18535	0	0	0	0	1	0	0	0	0	0	0	0	1
18536	1	0	0	0	1	0	0	0	0	0	0	0	2
18537	4	0	0	0	0	0	0	1	0	0	0	0	5
18538	2	0	0	0	1	0	0	0	0	0	0	0	3
18539	2	0	0	1	0	0	0	0	0	0	0	0	3
18540	1	0	0	0	0	0	1	0	0	0	0	0	2
18541	2	0	0	0	0	0	0	0	0	0	0	0	2
18542	1	0	0	0	2	0	0	0	0	0	0	0	3
18543	2	0	0	0	0	0	0	0	0	0	0	0	2
18544	1	0	0	0	0	0	0	0	1	0	0	0	2
18545	2	0	0	0	0	0	0	0	0	0	0	0	2
18546	0	0	1	0	0	1	0	0	0	0	0	0	2
18547	1	0	0	0	1	0	0	0	0	0	0	0	2
18548	2	0	0	0	0	0	0	1	0	0	0	0	3
18549	1	0	0	0	2	0	0	1	0	0	0	0	4
18550	2	0	0	0	0	0	0	0	0	0	0	0	2
18551	1	1	0	0	0	0	0	0	0	0	0	0	2
18552	2	0	0	2	0	0	1	0	0	0	0	0	5
18553	3	0	0	0	1	0	0	0	0	0	0	0	4
18554	2	0	0	0	0	0	0	0	0	0	0	0	2
18555	3	0	0	0	0	0	0	0	0	0	0	0	3
18556	3	0	0	0	0	0	0	0	0	0	0	0	3
18557	1	0	0	0	1	0	0	0	0	0	0	0	2
18558	1	0	0	0	0	0	0	0	0	0	0	0	1
18559	2	0	0	0	0	0	0	1	0	0	0	0	3
18560	0	0	0	0	1	0	0	0	0	0	0	0	1
18562	2	0	0	1	0	0	0	0	0	0	0	0	3
18563	2	0	0	0	1	0	0	1	0	0	0	0	4
18564	1	0	0	0	1	0	0	0	0	0	0	0	2
18565	0	0	1	0	0	0	0	0	0	0	0	0	1
18566	1	0	0	0	0	0	0	0	0	0	0	0	1
18567	1	0	0	0	2	0	0	0	0	0	0	0	3
18568	1	0	0	0	0	0	0	0	0	0	0	0	1
18569	2	0	0	0	0	0	0	0	0	0	0	0	2
18570	2	0	0	0	0	0	0	0	0	0	0	0	2
18571	0	0	0	0	1	0	0	1	0	0	0	0	2
18572	1	0	0	0	1	0	0	0	0	0	0	0	2
18573	2	0	0	0	2	0	0	1	0	0	0	0	5
18574	1	0	0	0	1	0	1	0	0	0	0	0	3
18575	2	0	0	0	0	0	0	0	0	0	0	0	2
18576	1	0	0	0	1	0	0	0	0	0	0	0	2
18577	2	0	0	0	2	0	0	0	0	0	0	0	4
18578	0	0	0	0	1	0	0	0	0	0	0	0	1
18579	2	0	1	0	0	0	0	1	0	0	0	0	4
18580	4	0	0	0	0	0	0	0	0	0	0	0	4
18581	1	0	0	0	1	0	0	0	0	0	0	0	2
18582	1	0	0	0	2	0	0	0	0	0	0	0	3
18583	3	0	0	0	0	0	0	0	0	0	0	0	3
18584	2	0	0	0	0	2	0	0	0	0	0	0	4
18585	2	0	0	0	0	0	0	0	0	0	0	0	2
18586	2	0	0	0	1	0	0	0	0	0	0	0	3
18587	2	0	0	0	0	0	0	1	0	0	0	0	3
18588	0	0	0	0	3	0	0	0	0	0	0	0	3
18589	2	0	0	0	0	0	0	0	0	0	0	0	2
18590	0	0	0	0	2	0	0	0	0	0	0	0	2
18591	1	0	0	0	2	0	0	0	0	0	0	0	3
18592	3	0	0	0	0	0	0	0	0	0	0	0	3
18593	1	0	2	0	0	0	0	0	0	0	0	0	3
18594	2	0	0	0	0	0	0	0	0	0	0	0	2
18595	2	0	0	0	0	0	0	0	0	0	0	0	2
18596	4	0	0	1	0	0	0	0	0	0	0	0	5
18597	0	0	0	0	3	0	0	0	0	0	0	0	3
18598	2	0	1	0	1	0	0	1	0	0	0	0	5
18599	2	0	0	0	2	0	0	0	0	0	0	0	4
18600	2	0	0	0	1	0	0	0	0	0	0	0	3
18601	1	1	0	1	0	0	0	0	0	0	0	0	3
18602	1	0	0	0	0	0	0	0	0	0	0	0	1
18603	2	0	0	0	0	0	0	0	0	0	0	0	2
18604	0	0	0	0	2	0	0	0	0	0	0	0	2
18605	2	0	0	0	1	0	0	0	0	0	0	0	3
18606	1	0	0	0	1	0	0	0	0	0	0	0	2
18607	2	0	0	0	0	0	0	1	0	0	0	0	3
18608	2	0	0	1	1	0	0	0	0	0	0	0	4
18609	2	0	0	0	0	0	0	0	1	0	0	0	3
18610	3	0	0	0	0	0	0	0	0	0	0	0	3
18611	0	1	0	0	1	0	0	0	0	0	0	0	2
18612	3	0	0	0	0	0	0	0	0	0	0	0	3
18613	2	0	0	0	0	0	0	0	0	0	0	0	2
18614	1	0	0	0	1	0	0	0	0	0	0	0	2
18615	1	0	0	0	0	0	0	0	0	0	0	0	1
18616	1	0	0	0	0	0	1	1	0	0	0	0	3
18617	1	0	0	0	2	0	1	0	0	0	0	0	4
18618	2	0	0	0	2	0	0	0	0	1	0	0	5
18619	1	0	0	0	1	0	0	0	0	0	0	0	2
18620	0	0	0	0	2	0	0	0	0	0	0	0	2
18621	2	0	0	0	0	0	0	0	0	0	0	0	2
18622	1	0	0	0	0	0	0	0	0	0	0	0	1
18623	2	0	0	0	0	0	0	0	0	0	0	0	2
18624	1	0	0	0	0	0	0	0	0	0	0	0	1
18625	4	0	0	0	0	0	0	0	0	0	0	0	4
18626	3	0	0	0	0	0	0	0	0	0	0	0	3
18627	2	0	0	0	0	1	0	0	0	0	0	0	3
18628	2	0	0	0	1	0	1	1	0	0	0	0	5
18629	1	0	0	0	0	0	0	0	0	0	0	0	1
18630	3	0	0	0	1	0	0	0	0	0	0	0	4
18631	1	0	0	0	2	0	0	0	0	0	0	0	3
18632	2	0	0	0	0	0	0	0	1	0	0	0	3
18633	2	0	0	0	0	0	1	0	0	0	0	0	3
18634	2	0	0	0	0	0	0	1	0	0	0	0	3
18635	0	0	0	0	0	3	0	0	0	0	0	0	3
18636	0	1	0	0	0	0	0	1	0	0	0	0	2
18637	2	0	0	0	0	0	0	0	0	0	0	0	2
18638	1	0	0	0	0	0	0	0	0	0	0	0	1
18639	2	0	0	0	0	0	1	0	0	0	0	0	3
18640	2	0	0	0	1	0	0	0	0	0	0	0	3
18641	5	0	0	0	1	0	0	0	0	0	0	0	6
18642	1	0	0	0	0	0	0	0	0	0	0	0	1
18643	3	0	1	0	0	0	0	0	0	0	0	0	4
18644	3	0	0	0	0	0	0	0	0	0	0	0	3
18645	2	0	0	0	1	0	0	0	0	0	0	0	3
18646	1	0	0	0	0	0	0	1	0	0	0	0	2
18647	2	0	0	0	1	0	0	0	0	0	0	0	3
18648	2	0	0	0	0	0	0	0	0	0	0	0	2
18649	5	0	1	0	0	0	0	0	0	0	0	0	6
18650	2	0	0	0	3	0	0	0	0	0	0	0	5
18651	1	0	0	0	0	0	0	0	0	0	0	0	1
18652	4	0	0	0	0	0	0	0	0	0	0	0	4
18653	2	0	0	0	0	0	0	0	0	0	0	0	2
18654	3	0	0	0	0	0	0	1	0	0	0	0	4
18655	3	0	0	0	1	0	0	0	0	0	0	0	4
18656	2	0	0	0	0	0	0	0	0	0	0	0	2
18657	2	0	0	0	0	0	0	0	0	0	0	0	2
18658	1	0	0	0	1	0	0	0	0	0	0	0	2
18659	2	0	0	0	2	0	0	0	0	0	0	0	4
18660	1	0	0	0	1	0	0	0	0	0	0	0	2
18661	3	0	0	0	0	0	0	0	0	0	0	0	3
18662	2	0	0	0	1	0	0	0	1	0	0	0	4
18663	1	0	0	0	0	0	0	0	0	0	0	0	1
18664	0	1	0	0	0	0	0	0	0	0	0	0	1
18665	0	0	0	0	1	0	0	0	0	0	0	0	1
18666	1	0	0	0	1	0	0	0	0	0	0	0	2
18667	1	0	0	0	3	0	0	0	0	0	0	0	4
18668	1	1	0	1	1	0	0	0	0	0	0	0	4
18669	1	0	0	0	0	0	0	0	0	0	0	0	1
18670	2	0	0	0	0	0	0	0	0	0	0	0	2
18671	4	0	0	0	0	0	0	0	0	0	0	0	4
18672	0	0	0	1	0	0	0	0	0	0	0	0	1
18673	2	0	0	0	0	0	0	0	0	0	0	0	2
18674	3	0	0	0	0	0	0	0	0	0	0	0	3
18675	0	0	0	0	2	0	0	0	0	0	0	0	2
18676	1	0	0	0	2	0	0	0	0	0	0	0	3
18677	3	0	0	0	0	0	1	0	0	0	0	0	4
18678	2	0	0	0	0	0	0	0	0	0	0	0	2
18679	1	0	0	0	0	0	0	0	1	0	0	0	2
18680	1	0	0	1	0	0	0	0	0	0	0	0	2
18681	2	0	0	0	0	0	0	0	0	0	0	0	2
18682	1	0	0	0	0	0	0	0	0	0	0	0	1
18683	0	0	0	0	1	0	1	0	0	0	0	0	2
18684	1	0	0	0	1	0	0	1	0	0	0	0	3
18685	4	0	0	0	1	0	0	0	0	0	0	0	5
18686	1	0	0	0	1	0	0	2	0	0	0	0	4
18687	1	0	0	0	1	0	0	0	0	0	0	0	2
18688	2	0	0	0	1	1	0	0	0	0	0	0	4
18689	2	0	0	0	0	0	0	1	1	0	0	0	4
18690	3	0	0	0	0	0	0	0	0	1	0	0	4
18691	2	0	0	0	0	0	0	1	0	0	0	0	3
18692	2	0	0	0	0	0	0	0	0	0	0	0	2
18693	0	0	0	0	1	0	0	0	0	0	0	0	1
18694	2	0	0	0	0	0	0	0	0	0	0	0	2
18695	0	0	0	0	2	0	0	0	0	0	0	0	2
18696	2	0	0	0	0	0	0	0	0	0	0	0	2
18697	3	0	0	0	0	0	0	1	0	0	0	0	4
18699	0	0	0	0	1	0	0	0	0	0	0	0	1
18700	5	0	0	0	0	0	0	0	0	0	0	0	5
18701	2	0	0	0	0	0	0	1	0	0	0	0	3
18702	0	0	0	0	1	0	0	1	0	0	0	0	2
18703	3	0	0	0	1	0	0	0	0	0	0	0	4
18704	1	0	0	1	1	0	0	0	0	0	0	0	3
18705	1	0	1	0	0	2	0	0	0	0	0	0	4
18706	2	0	0	0	2	0	0	0	0	0	0	0	4
18707	3	0	0	0	2	0	0	0	0	0	0	0	5
18708	3	0	0	0	2	0	0	0	0	0	0	0	5
18709	0	0	1	0	0	0	0	0	0	0	0	0	1
18710	1	0	0	0	3	0	0	0	0	1	0	0	5
18711	4	0	0	1	0	0	0	0	0	0	0	0	5
18712	2	0	1	0	1	0	1	0	0	0	0	0	5
18713	1	0	0	0	0	0	0	1	0	0	0	0	2
18714	2	0	0	0	1	0	0	0	0	0	0	0	3
18715	1	0	0	0	0	0	0	0	0	0	0	0	1
18716	3	0	0	0	0	0	0	0	0	0	0	0	3
18717	5	0	0	0	0	0	0	0	0	0	0	0	5
18718	0	0	0	0	1	1	0	0	0	0	0	0	2
18719	4	0	0	0	0	0	0	0	0	0	0	0	4
18720	2	0	0	0	0	0	0	0	0	0	0	0	2
18721	0	0	0	0	3	1	0	0	0	0	0	0	4
18722	0	0	0	1	0	0	0	0	0	0	0	0	1
18723	1	0	0	1	0	0	0	1	1	0	0	0	4
18724	2	0	0	0	0	0	1	0	0	0	0	0	3
18725	2	0	0	0	0	0	0	0	0	0	0	0	2
18726	1	0	0	0	0	0	0	1	0	0	0	0	2
18727	1	0	1	1	0	0	0	0	0	0	0	0	3
18728	3	0	0	0	1	0	0	0	0	0	0	0	4
18729	1	0	0	0	0	1	0	0	0	0	0	0	2
18730	0	0	0	0	2	0	0	0	0	0	0	0	2
18731	0	0	0	1	0	0	0	0	0	0	0	0	1
18732	3	0	0	0	0	0	0	0	0	0	0	0	3
18733	2	0	0	0	0	0	0	0	0	1	0	0	3
18734	2	0	0	0	0	0	0	0	0	0	0	0	2
18735	1	0	0	0	2	0	0	0	0	0	0	0	3
18736	1	0	0	0	0	0	0	1	0	0	0	0	2
18737	2	1	0	0	0	0	0	0	1	0	0	0	4
18738	3	0	0	0	0	0	0	1	0	0	0	0	4
18739	1	0	1	0	1	0	0	0	0	0	0	0	3
18740	0	1	0	1	1	0	1	0	0	0	0	0	4
18741	3	0	0	0	1	0	0	0	0	0	0	0	4
18742	3	0	0	0	1	0	0	1	0	0	0	0	5
18743	3	0	1	0	0	0	0	0	1	0	0	0	5
18744	1	0	0	0	0	0	0	0	0	0	0	0	1
18745	3	0	0	0	0	0	1	2	0	0	0	0	6
18746	3	0	0	0	0	0	0	0	0	0	0	0	3
18747	0	0	0	0	0	1	0	0	0	0	0	0	1
18748	1	0	0	0	2	0	0	0	0	0	0	0	3
18749	2	0	0	0	0	0	0	0	0	0	0	0	2
18750	2	0	0	0	0	1	0	0	0	0	0	0	3
18751	2	0	0	0	0	0	0	0	0	1	0	0	3
18752	0	0	0	0	0	0	1	1	0	0	0	0	2
18753	2	0	0	1	1	0	0	1	0	0	0	0	5
18754	3	0	0	0	1	1	0	0	0	0	0	0	5
18755	0	0	0	0	2	0	0	0	0	0	0	0	2
18756	1	0	1	0	0	1	0	1	0	0	0	0	4
18757	3	0	0	0	0	0	0	1	0	0	0	0	4
18759	1	0	0	0	1	0	0	0	0	0	0	0	2
18760	2	0	0	0	0	0	0	0	0	0	0	0	2
18761	2	0	0	0	0	0	0	0	0	0	0	0	2
18762	2	0	0	0	0	0	0	0	0	0	0	0	2
18763	0	1	0	0	0	0	0	0	1	0	0	0	2
18764	2	0	0	0	0	0	0	1	0	0	0	0	3
18765	1	0	0	0	0	0	0	0	0	0	0	0	1
18766	0	0	0	0	2	0	0	1	0	0	0	0	3
18767	3	0	0	0	0	0	0	0	0	0	0	0	3
18768	1	0	0	0	0	1	0	1	0	0	0	0	3
18769	1	0	0	0	1	0	0	0	0	0	0	0	2
18770	2	0	0	0	0	0	0	0	0	0	0	0	2
18771	1	0	0	1	1	0	0	0	0	0	0	0	3
18772	0	0	0	0	1	0	0	0	0	0	0	0	1
18773	1	0	0	0	0	0	0	1	0	0	0	0	2
18774	2	0	0	0	0	0	0	0	0	0	0	0	2
18776	2	0	0	0	0	0	0	1	0	0	0	0	3
18777	3	0	0	1	0	0	0	0	0	0	0	0	4
18778	3	0	0	0	1	0	0	1	0	0	0	0	5
18779	3	0	0	0	0	0	0	0	0	0	0	0	3
18780	1	0	0	0	0	0	0	0	0	0	0	0	1
18781	1	0	0	0	0	0	0	0	0	0	0	0	1
18782	3	0	0	0	0	0	0	0	0	0	0	0	3
18783	2	0	0	0	0	0	0	0	0	0	0	0	2
18784	3	0	0	0	1	0	0	0	0	0	0	0	4
18786	5	0	0	0	0	0	0	0	0	0	0	0	5
18787	3	0	0	0	0	0	0	0	0	0	0	0	3
18788	2	0	0	0	0	0	0	0	0	0	0	0	2
18789	2	0	0	0	0	0	0	0	0	0	0	0	2
18790	0	0	0	0	0	1	0	0	0	0	0	0	1
18791	3	0	0	0	1	0	0	0	0	0	0	0	4
18792	4	0	0	0	0	0	1	1	0	0	0	0	6
18793	1	0	1	0	0	0	0	0	0	0	0	0	2
18794	2	0	0	0	2	0	0	0	0	0	0	0	4
18795	1	0	0	0	0	0	0	0	0	0	0	0	1
18796	3	0	0	0	1	0	0	0	0	0	0	0	4
18797	3	0	0	0	2	0	0	0	0	0	0	0	5
18798	1	0	0	0	0	0	1	0	0	0	0	0	2
18799	2	0	0	0	0	1	0	1	0	0	0	0	4
18800	0	0	0	0	4	0	0	0	0	0	0	0	4
18801	1	1	0	0	2	0	0	0	0	0	0	0	4
18802	1	0	0	1	0	0	0	0	0	0	0	0	2
18803	2	0	0	0	1	0	0	0	0	0	0	0	3
18804	1	0	0	0	1	0	0	0	0	0	0	0	2
18805	2	0	0	1	0	0	0	0	0	0	0	0	3
18806	0	0	0	1	0	1	1	0	0	0	0	0	3
18807	3	0	0	0	1	0	0	1	0	0	0	0	5
18808	3	0	0	0	0	0	0	0	0	0	0	0	3
18809	1	0	0	0	0	0	0	1	0	0	0	0	2
18810	2	0	0	0	1	0	0	1	0	0	0	0	4
18811	1	0	0	0	0	0	0	0	0	0	0	0	1
18812	2	0	0	0	3	0	0	0	0	0	0	0	5
18813	2	0	0	0	1	0	0	0	1	0	0	0	4
18814	3	0	0	0	2	0	0	2	0	0	0	0	7
18815	3	0	0	1	0	0	0	0	0	0	0	0	4
18816	2	0	0	0	0	0	0	0	0	0	0	0	2
18817	3	0	0	0	0	0	1	0	0	0	0	0	4
18818	1	0	0	0	3	0	0	0	0	0	0	0	4
18819	2	0	0	0	0	0	0	0	0	0	0	0	2
18820	1	0	0	0	2	0	0	0	0	0	0	0	3
18821	2	0	0	0	0	0	1	0	0	0	0	0	3
18822	1	0	0	0	2	0	0	0	0	0	0	0	3
18824	3	0	0	0	0	0	0	0	1	0	0	0	4
18825	2	0	0	1	0	0	1	0	0	0	0	0	4
18826	3	0	0	0	1	0	0	1	1	0	0	0	6
18827	1	0	0	0	1	0	0	0	1	0	0	0	3
18828	5	0	0	1	0	0	0	0	0	0	0	0	6
18829	1	0	0	0	0	0	0	1	0	0	0	0	2
18830	3	0	0	0	2	0	0	0	0	0	0	0	5
18831	2	0	0	0	0	0	0	0	0	0	0	0	2
18832	3	0	0	0	2	0	0	0	0	0	0	0	5
18833	2	0	0	0	1	0	0	0	0	0	0	0	3
18834	2	0	0	0	0	0	0	1	0	0	0	0	3
18835	1	0	0	0	1	1	0	0	0	0	0	0	3
18836	1	0	0	0	0	0	0	0	0	0	0	0	1
18837	1	0	0	0	0	0	1	0	0	0	0	0	2
18838	1	0	0	0	0	0	0	0	0	0	0	0	1
18839	2	0	0	0	1	0	0	0	0	0	0	0	3
18840	2	0	0	0	1	0	0	0	0	0	0	0	3
18841	2	0	0	0	0	0	0	0	0	0	0	0	2
18842	1	0	0	0	1	0	0	0	0	1	0	0	3
18843	3	0	0	0	1	0	0	0	0	0	0	0	4
18844	0	0	0	0	1	0	1	0	0	0	0	0	2
18845	2	0	0	0	1	0	0	0	0	0	0	0	3
18846	4	0	0	0	0	0	0	0	0	0	0	0	4
18847	4	0	0	0	0	0	0	0	0	0	0	0	4
18848	2	0	0	0	0	0	0	0	0	0	0	0	2
18849	3	0	0	0	0	0	0	1	0	0	0	0	4
18850	1	0	0	1	1	0	0	0	0	0	0	0	3
18851	3	0	0	0	1	0	0	0	0	0	0	0	4
18852	2	0	0	0	0	0	1	1	0	0	0	0	4
18853	0	0	0	0	0	1	0	0	0	0	0	0	1
18854	2	0	0	0	1	0	2	1	0	0	0	0	6
18855	2	0	0	0	1	0	0	1	0	0	0	0	4
18856	6	0	0	0	0	0	0	0	0	0	0	0	6
18857	0	0	0	0	3	0	0	0	0	0	0	0	3
18859	2	0	0	1	2	0	0	0	0	0	0	0	5
18860	0	0	0	0	2	0	0	1	0	0	0	0	3
18861	1	0	0	0	1	0	0	0	0	0	0	0	2
18862	2	0	0	1	0	0	0	0	0	0	0	0	3
18863	4	0	0	0	1	0	0	0	0	0	0	0	5
18864	1	0	0	0	0	0	0	0	0	0	0	0	1
18865	1	0	0	0	0	0	1	0	0	0	0	0	2
18866	1	0	0	0	2	0	0	1	0	0	0	0	4
18867	2	0	0	0	2	0	1	0	1	0	0	0	6
18868	2	0	0	0	1	0	0	0	0	0	0	0	3
18869	1	0	0	0	1	0	0	0	0	0	0	0	2
18870	1	2	0	0	0	0	0	0	0	0	0	0	3
18872	1	0	0	0	0	0	0	0	0	0	0	0	1
18873	2	0	0	0	0	0	0	1	0	2	0	0	5
18874	1	0	0	0	1	0	0	1	0	0	0	0	3
18875	2	0	0	1	0	0	0	0	0	0	0	0	3
18876	3	0	0	1	0	0	0	0	0	0	0	0	4
18877	1	0	0	0	1	0	1	0	0	0	0	0	3
18878	1	0	0	1	1	0	0	0	0	0	0	0	3
18879	3	0	0	0	0	0	0	0	0	0	0	0	3
18880	4	0	0	0	1	0	1	0	0	0	0	0	6
18881	2	0	0	0	1	0	0	0	0	0	0	0	3
18882	3	0	0	0	0	0	0	0	0	0	0	0	3
18883	4	0	0	0	0	0	0	0	0	0	0	0	4
18884	0	0	0	1	0	1	0	0	0	0	0	0	2
18885	3	0	0	0	0	0	0	0	0	0	0	0	3
18886	3	0	0	0	0	0	0	2	0	0	0	0	5
18887	2	0	0	0	0	0	0	0	0	0	0	0	2
18888	1	0	0	1	0	0	0	0	0	0	0	0	2
18889	3	0	0	0	0	1	0	0	0	0	0	0	4
18890	3	0	0	0	0	0	0	1	0	0	0	0	4
18891	3	0	0	0	0	0	1	0	0	0	0	0	4
18892	4	0	0	0	1	0	0	0	0	0	0	0	5
18893	2	0	0	0	0	0	0	0	0	0	0	0	2
18894	1	0	0	0	0	0	0	0	0	0	0	0	1
18895	1	0	0	0	0	0	0	0	0	0	0	0	1
18896	2	0	0	0	1	0	0	0	0	0	0	0	3
18897	2	0	0	0	1	0	0	0	0	0	0	0	3
18898	3	0	0	0	0	0	0	0	0	0	0	0	3
18899	0	0	0	0	1	0	0	0	0	0	0	0	1
18900	3	0	0	1	0	0	0	0	0	0	0	0	4
18901	3	0	0	0	1	0	0	0	0	0	0	0	4
18902	2	0	0	0	1	0	0	0	0	0	0	0	3
18903	2	0	0	0	0	0	0	0	0	0	0	0	2
18904	1	0	0	0	0	0	0	0	0	0	0	0	1
18905	2	0	0	0	1	0	0	0	0	0	0	0	3
18906	1	0	0	0	0	0	1	0	0	0	0	0	2
18907	2	0	0	0	2	0	0	0	0	0	0	0	4
18908	2	0	0	0	0	0	0	0	0	0	0	0	2
18909	2	0	0	0	0	0	0	0	0	0	0	0	2
18910	3	0	0	0	2	0	0	0	0	0	0	0	5
18911	2	0	0	0	0	0	0	0	0	0	0	0	2
18912	2	0	0	0	0	0	0	2	0	0	0	0	4
18913	1	0	0	1	1	0	0	0	0	0	0	0	3
18914	1	0	0	2	0	1	0	0	0	0	0	0	4
18915	1	0	0	0	1	1	0	0	0	0	0	0	3
18916	2	0	0	0	0	0	0	0	0	0	0	0	2
18917	2	0	0	0	0	0	0	0	0	0	0	0	2
18918	2	0	0	0	0	0	0	0	0	0	0	0	2
18919	2	0	0	0	0	0	0	1	0	0	0	0	3
18920	2	0	0	0	0	0	0	0	0	0	0	0	2
18921	1	0	0	0	1	0	0	0	0	0	0	0	2
18922	2	0	0	1	2	0	0	0	0	0	0	0	5
18923	2	0	0	0	1	0	0	0	0	0	0	0	3
18924	2	0	0	0	0	0	0	1	0	0	0	0	3
18925	1	0	0	0	0	0	0	0	0	0	0	0	1
18926	2	0	0	0	0	0	0	0	0	0	0	0	2
18927	2	0	0	0	1	0	0	0	0	0	0	0	3
18928	2	0	0	0	0	0	0	0	0	0	0	0	2
18929	4	0	0	0	0	0	0	1	0	0	0	0	5
18930	2	0	0	0	0	0	0	0	0	0	0	0	2
18931	1	0	0	0	2	0	0	0	0	0	0	0	3
18932	5	0	0	1	0	0	0	0	0	1	0	0	7
18933	0	0	0	1	1	0	0	0	0	0	0	0	2
18934	1	0	0	1	0	0	0	1	0	0	0	0	3
18935	2	0	0	0	3	0	0	1	0	0	0	0	6
18936	1	0	0	0	3	0	0	0	0	0	0	0	4
18937	2	0	0	0	0	0	0	0	0	0	0	0	2
18938	2	0	0	0	1	0	0	0	0	0	0	0	3
18939	1	0	0	0	0	0	1	1	0	0	0	0	3
18940	1	0	0	0	0	0	0	0	0	0	0	0	1
18941	2	0	0	0	0	0	0	0	0	0	0	0	2
18942	1	0	0	0	0	0	0	1	0	0	0	0	2
18943	3	0	0	0	0	0	1	0	0	0	0	0	4
18944	1	0	0	0	1	2	1	0	0	0	0	0	5
18945	4	0	0	0	0	0	0	0	0	0	0	0	4
18946	2	1	0	0	3	0	1	0	0	0	0	0	7
18947	0	0	0	1	3	0	0	1	0	0	0	0	5
18948	2	0	0	0	0	0	0	0	0	0	0	0	2
18949	3	0	0	0	1	0	1	0	0	0	0	0	5
18950	1	0	0	0	0	0	1	0	0	0	0	0	2
18951	2	0	0	0	0	0	0	0	0	0	0	0	2
18952	1	0	0	0	0	0	0	0	0	0	0	0	1
18953	2	0	0	0	0	0	0	0	0	0	0	0	2
18954	2	0	0	0	1	0	0	2	0	0	0	0	5
18955	1	0	0	1	0	0	0	0	0	0	0	0	2
18956	2	0	0	0	0	0	0	0	1	0	0	0	3
18957	3	0	0	0	0	0	0	0	1	0	0	0	4
18958	1	0	0	0	1	0	0	0	0	0	0	0	2
18959	1	0	0	0	0	2	0	0	0	0	0	0	3
18960	1	0	0	0	0	0	0	0	0	0	0	0	1
18961	2	0	0	1	0	0	0	0	0	0	0	0	3
18962	3	0	0	0	0	0	0	0	0	0	0	0	3
18963	1	0	0	0	1	0	0	0	0	0	0	0	2
18964	3	0	0	0	0	0	0	0	0	0	0	0	3
18965	3	0	0	0	0	0	0	0	0	0	0	0	3
18966	3	0	0	0	1	0	0	0	0	0	0	0	4
18967	2	0	0	0	0	0	0	0	0	0	0	0	2
18968	2	0	0	0	0	0	0	0	0	0	0	0	2
18969	3	0	0	1	1	0	0	0	0	0	0	0	5
18970	4	0	0	1	0	0	0	0	0	0	0	0	5
18971	4	0	0	0	1	0	0	0	0	0	0	0	5
18972	2	0	0	0	1	0	0	0	0	0	0	0	3
18973	1	0	0	0	0	0	0	0	0	0	0	0	1
18974	3	0	0	0	0	0	0	0	0	0	0	0	3
18975	2	0	0	0	0	0	0	0	0	0	0	0	2
18976	2	0	0	0	0	0	0	1	0	0	0	0	3
18977	3	0	0	0	0	0	0	1	0	0	0	0	4
18978	1	0	0	0	2	0	2	0	1	0	0	0	6
18979	3	0	0	0	1	0	0	0	0	0	0	0	4
18980	1	0	0	1	0	0	0	0	0	0	0	0	2
18981	1	1	0	0	0	0	0	0	0	0	0	0	2
18982	3	0	0	0	0	0	0	0	0	0	0	0	3
18983	4	0	0	0	0	0	0	0	0	0	0	0	4
18984	3	0	0	0	0	0	0	0	0	0	0	0	3
18985	2	0	0	0	0	0	0	1	0	0	0	0	3
18986	1	0	0	1	2	0	0	0	0	0	0	0	4
18987	2	0	0	0	0	0	0	2	0	0	0	0	4
18988	2	0	0	0	2	0	0	0	0	0	0	0	4
18989	3	0	0	0	3	0	0	0	0	0	0	0	6
18990	2	0	0	0	1	0	0	0	0	0	0	0	3
18991	1	0	0	0	1	0	0	2	0	0	0	0	4
18992	0	0	0	0	2	0	0	0	0	0	0	0	2
18993	3	0	0	0	0	0	0	0	0	0	0	0	3
18994	2	0	0	0	1	0	0	0	0	0	0	0	3
18995	1	0	0	0	1	0	1	1	0	0	0	0	4
18996	2	0	0	0	0	0	0	1	0	0	0	0	3
18997	3	0	0	0	0	0	0	1	0	0	0	0	4
18998	3	0	0	0	0	0	0	1	0	0	0	0	4
18999	2	0	0	0	0	0	0	0	0	0	0	0	2
19000	3	0	0	0	0	0	0	0	0	0	0	0	3
19001	4	0	0	0	0	0	0	2	0	0	0	0	6
19002	2	0	0	0	1	0	0	0	0	0	0	0	3
19003	2	0	0	0	0	0	0	0	0	0	0	0	2
19004	2	0	0	0	0	0	0	0	0	0	0	0	2
19005	3	0	0	0	0	0	0	0	0	0	0	0	3
19006	3	0	0	0	0	0	0	0	0	0	0	0	3
19007	2	0	0	0	0	0	0	0	0	0	0	0	2
19008	1	0	0	1	1	0	0	1	0	0	0	0	4
19009	1	0	0	0	0	0	0	1	0	0	0	0	2
19010	1	0	0	0	0	0	0	0	0	0	0	0	1
19011	1	0	0	0	0	0	0	0	0	0	0	0	1
19012	2	0	0	0	1	0	0	0	0	0	0	0	3
19013	0	0	0	0	1	0	0	0	0	1	0	0	2
19014	1	0	0	0	0	0	1	1	0	0	0	0	3
19015	4	0	0	0	0	0	0	2	0	0	0	0	6
19016	1	0	0	0	1	0	0	0	0	0	0	0	2
19017	3	0	0	0	0	0	0	0	0	0	0	0	3
19018	1	0	0	0	1	0	0	0	0	0	0	0	2
19019	3	0	0	0	0	0	0	0	0	0	0	0	3
19020	3	0	0	0	2	0	0	0	0	0	0	0	5
19021	4	0	0	0	0	0	0	0	0	0	0	0	4
19022	4	0	0	0	0	0	0	0	0	0	0	0	4
19023	3	0	0	0	0	0	0	1	0	0	0	0	4
19024	1	0	0	0	0	0	0	0	0	0	0	0	1
19025	2	0	0	0	0	0	0	0	0	0	0	0	2
19026	3	0	0	0	0	0	0	0	0	1	0	0	4
19027	2	0	0	0	0	0	0	1	0	0	0	0	3
19028	1	0	0	0	2	0	0	0	0	0	0	0	3
19029	2	0	0	0	0	0	0	0	0	0	0	0	2
19030	0	0	0	1	0	0	0	0	0	0	0	0	1
19031	1	0	0	1	0	0	0	0	1	0	0	0	3
19032	3	0	0	1	0	0	0	0	0	0	0	0	4
19033	2	0	0	1	0	0	1	1	0	0	0	0	5
19034	1	0	0	0	3	0	0	0	0	0	0	0	4
19035	1	0	0	1	0	0	0	0	0	0	0	0	2
19036	1	0	0	1	0	1	0	0	0	0	0	0	3
19037	1	0	0	1	0	0	1	0	0	0	0	0	3
19038	0	0	0	0	1	0	0	0	0	0	0	0	1
19039	1	0	0	1	1	0	0	1	0	0	0	0	4
19040	0	0	0	2	0	0	0	0	0	0	0	0	2
19041	5	0	0	1	0	0	0	0	0	0	0	0	6
19042	0	0	0	0	1	0	0	0	0	0	0	0	1
19043	1	0	0	2	0	0	0	0	0	0	0	0	3
19044	0	0	0	1	0	0	0	0	0	0	0	0	1
19045	0	0	0	1	0	1	0	0	0	0	0	0	2
19046	0	0	0	1	0	0	0	0	0	0	0	0	1
19047	1	0	0	1	0	0	0	0	0	0	0	0	2
19048	1	0	0	1	0	0	0	0	0	0	0	0	2
19049	3	0	0	0	0	0	0	0	0	0	0	0	3
19050	0	0	0	1	0	0	0	0	0	0	0	0	1
19051	1	0	0	0	0	0	0	0	0	0	0	0	1
19052	1	0	0	0	0	0	0	0	0	0	0	0	1
19053	0	0	0	1	1	0	0	2	0	0	0	0	4
19054	1	0	0	1	0	0	0	0	0	0	0	0	2
19055	2	0	0	0	0	0	0	1	0	0	0	0	3
19056	0	0	0	1	1	0	0	0	1	0	0	0	3
19057	3	0	0	1	1	0	0	0	0	0	0	0	5
19058	2	0	0	0	0	0	0	1	0	0	0	0	3
19059	1	0	0	0	1	0	0	1	0	0	0	0	3
19060	3	0	0	0	0	0	0	0	0	0	0	0	3
19061	0	0	0	1	1	0	0	0	0	0	0	0	2
19062	0	0	0	0	1	0	0	0	0	0	0	0	1
19063	2	0	0	0	0	0	1	0	0	0	0	0	3
19064	1	0	0	1	0	0	0	0	0	0	0	0	2
19065	1	0	0	1	0	0	0	0	0	0	0	0	2
19066	1	0	0	0	0	0	0	0	0	0	0	0	1
19067	0	0	0	1	0	0	0	0	0	0	0	0	1
19068	2	0	0	0	0	0	0	0	0	0	0	0	2
19069	3	0	0	1	1	0	0	0	0	0	0	0	5
19070	2	0	0	0	0	0	0	0	0	0	0	0	2
19071	0	0	0	0	3	0	0	0	0	0	0	0	3
19073	2	0	0	0	0	0	0	0	0	0	0	0	2
19074	1	0	0	1	0	0	0	0	0	0	0	0	2
19075	1	0	0	0	0	0	0	0	0	0	0	0	1
19077	2	0	0	0	0	0	0	0	0	0	0	0	2
19078	1	0	0	0	0	0	0	0	0	0	0	0	1
19079	0	0	0	0	1	0	0	0	0	0	0	0	1
19080	0	0	0	1	0	0	0	0	0	0	0	0	1
19081	0	0	0	0	0	1	0	0	0	0	0	0	1
19082	0	0	1	0	0	0	1	0	0	0	0	0	2
19083	2	0	0	0	0	0	0	0	0	0	0	0	2
19084	3	0	0	0	0	0	1	1	0	0	0	0	5
19085	1	0	0	0	0	0	0	1	1	0	0	0	3
19086	3	0	0	0	0	0	1	0	0	0	0	0	4
19087	1	0	0	1	0	0	0	0	0	0	0	0	2
19088	1	0	0	0	0	0	0	0	0	0	0	0	1
19089	1	0	0	0	0	0	0	0	0	0	0	0	1
19090	0	0	0	1	0	0	0	0	1	0	0	0	2
19091	2	0	0	1	1	0	0	0	0	0	0	0	4
19092	1	0	1	0	0	0	0	0	0	0	0	0	2
19093	5	0	0	0	0	0	0	0	0	0	0	0	5
19094	1	0	0	1	0	0	0	0	0	0	0	0	2
19095	1	0	0	0	0	0	0	1	0	0	0	0	2
19096	2	0	0	0	1	0	0	1	0	0	0	0	4
19097	5	0	0	0	0	0	0	1	0	0	0	0	6
19099	1	0	0	0	0	0	0	1	0	0	0	0	2
19100	3	0	0	0	0	0	0	0	0	0	0	0	3
19101	1	0	0	0	0	0	0	0	0	0	0	0	1
19102	1	0	0	0	0	0	0	0	0	0	0	0	1
19103	2	0	0	1	0	0	0	0	0	0	0	0	3
19104	2	0	0	0	1	0	0	0	0	0	0	0	3
19105	0	0	0	0	1	0	0	1	0	0	0	0	2
19106	0	0	0	0	2	0	0	0	0	0	0	0	2
19107	3	0	0	0	0	0	0	1	0	0	0	0	4
19109	1	0	0	1	0	0	0	0	0	0	0	0	2
19110	1	0	0	0	0	0	0	2	1	0	0	0	4
19111	4	0	0	0	0	0	0	0	0	0	0	0	4
19112	1	0	0	1	0	0	0	0	0	0	0	0	2
19113	2	0	1	0	0	0	0	0	0	0	0	0	3
19114	1	0	0	0	0	0	0	0	0	0	0	0	1
19115	0	0	0	1	2	0	0	0	0	0	0	0	3
19116	3	0	0	0	0	0	0	0	0	0	0	0	3
19117	4	0	0	0	0	0	1	0	1	0	0	0	6
19118	0	0	0	0	1	0	0	0	0	0	0	0	1
19119	1	0	0	1	1	0	0	0	0	0	0	0	3
19120	2	0	0	0	1	0	0	0	0	0	0	0	3
19121	0	0	0	1	1	0	1	0	0	0	0	0	3
19122	0	0	1	0	0	0	0	0	0	0	0	0	1
19123	3	0	0	0	0	0	0	0	0	0	0	0	3
19124	2	0	0	0	0	1	0	0	0	0	0	0	3
19125	1	0	0	0	0	0	0	0	0	0	0	0	1
19126	1	0	0	1	0	0	0	0	0	0	0	0	2
19127	1	0	0	0	0	0	1	0	0	0	0	0	2
19128	2	0	0	1	0	0	0	2	0	0	0	0	5
19130	1	0	0	0	0	0	0	0	0	0	0	0	1
19131	2	0	0	0	0	0	0	0	0	0	0	0	2
19132	3	0	0	0	0	0	0	1	0	0	0	0	4
19134	0	0	0	0	1	0	0	0	0	0	0	0	1
19135	3	0	0	0	0	0	0	0	0	0	0	0	3
19136	2	0	0	1	1	0	0	0	0	0	0	0	4
19137	4	0	0	0	0	0	0	1	0	0	0	0	5
19138	1	0	0	0	2	0	0	0	1	0	0	0	4
19139	1	0	0	1	0	0	0	0	0	0	0	0	2
19140	2	0	1	0	0	0	0	0	0	0	0	0	3
19141	1	0	0	0	1	0	0	1	0	0	0	0	3
19142	2	0	0	1	0	0	0	1	0	0	0	0	4
19143	0	0	0	1	0	0	0	0	0	0	0	0	1
19144	1	0	0	0	0	0	0	0	1	0	0	0	2
19145	1	0	0	1	2	0	0	0	0	0	0	0	4
19146	2	0	0	0	1	0	0	1	0	0	0	0	4
19147	4	0	0	0	0	0	0	1	0	0	0	0	5
19148	2	0	0	1	1	0	0	0	0	0	0	0	4
19149	0	0	0	1	0	0	0	0	0	0	0	0	1
19151	2	0	0	0	1	0	0	0	0	0	0	0	3
19152	0	0	1	0	0	0	0	0	0	0	0	0	1
19153	0	0	0	0	1	0	0	0	0	0	0	0	1
19154	1	0	0	0	0	0	0	1	0	0	0	0	2
19155	1	0	0	1	0	0	0	0	0	0	0	0	2
19156	4	0	0	1	1	0	0	0	0	0	0	0	6
19157	4	0	0	0	0	0	0	0	0	0	0	0	4
19158	0	0	0	1	0	0	0	0	0	0	0	0	1
19159	2	0	0	0	1	0	0	0	0	0	0	0	3
19160	1	0	0	0	0	0	0	0	0	0	0	0	1
19161	4	0	0	0	0	0	1	0	0	0	0	0	5
19162	0	0	0	1	0	0	0	0	0	0	0	0	1
19163	1	0	1	0	0	0	0	0	0	0	0	0	2
19164	1	0	0	1	0	0	0	0	0	0	0	0	2
19165	0	0	0	1	0	0	0	0	0	0	0	0	1
19166	0	1	1	0	0	0	0	0	0	0	0	0	2
19167	0	0	0	0	1	0	0	0	0	0	0	0	1
19168	4	0	0	0	0	0	0	0	0	0	0	0	4
19169	1	0	0	1	0	0	0	0	0	0	0	0	2
19170	0	0	0	1	1	0	0	0	0	0	0	0	2
19171	4	0	0	0	0	0	0	0	0	0	0	0	4
19172	0	1	0	1	0	0	0	0	0	0	0	0	2
19173	0	0	0	0	1	0	0	0	0	0	0	0	1
19174	0	0	0	0	1	0	0	0	0	0	0	0	1
19175	0	0	0	1	0	0	0	0	0	0	0	0	1
19176	1	0	1	0	0	0	0	0	0	0	0	0	2
19177	5	0	0	0	0	0	0	0	0	0	0	0	5
19178	1	0	0	0	0	1	0	0	0	0	0	0	2
19179	1	0	0	0	0	0	0	0	0	0	0	0	1
19180	1	0	0	0	1	0	0	1	0	0	0	0	3
19181	3	0	0	0	0	0	0	0	0	0	0	0	3
19182	1	0	0	1	1	0	0	0	0	0	0	0	3
19183	2	0	0	0	0	0	0	0	0	0	0	0	2
19184	2	0	0	0	0	0	0	0	0	0	0	0	2
19185	1	0	0	0	0	0	0	1	0	0	0	0	2
19186	1	0	1	0	0	0	0	0	0	0	0	0	2
19187	1	0	0	0	0	0	0	0	0	0	0	0	1
19189	0	2	0	0	0	0	0	0	0	0	0	0	2
19190	0	0	0	1	0	2	0	0	0	0	0	0	3
19191	1	0	0	0	2	0	0	0	0	0	0	0	3
19192	1	0	0	1	1	0	1	0	0	0	0	0	4
19194	3	0	0	0	1	0	0	0	0	0	0	0	4
19195	0	0	0	1	0	0	0	0	0	0	0	0	1
19196	1	0	0	0	0	0	0	0	0	0	0	0	1
19197	0	2	0	0	0	0	0	0	0	0	0	0	2
19198	1	0	0	0	0	0	0	0	0	0	0	0	1
19199	0	0	0	0	2	0	0	0	0	0	0	0	2
19200	2	0	0	0	1	0	0	0	0	0	0	0	3
19201	2	0	0	0	0	0	0	0	0	0	0	0	2
19203	3	0	0	0	1	0	0	0	0	0	0	0	4
19204	3	0	0	0	0	0	0	2	0	0	0	0	5
19205	3	0	0	0	0	0	0	1	0	0	0	0	4
19207	2	0	0	0	0	0	0	0	1	0	0	0	3
19208	2	0	0	0	0	0	0	0	0	0	0	0	2
19209	2	0	0	0	0	0	0	0	0	0	0	0	2
19210	2	0	0	2	0	0	0	0	0	0	0	0	4
19211	1	0	0	0	0	0	1	0	0	0	0	0	2
19212	1	0	0	1	1	0	0	0	0	0	0	0	3
19213	3	0	0	0	0	0	0	0	0	0	0	0	3
19214	2	0	0	1	1	0	0	0	0	0	0	0	4
19215	3	0	0	0	0	0	0	0	0	0	0	0	3
19216	1	0	0	0	2	0	0	0	0	0	0	0	3
19217	1	0	0	0	0	0	1	1	0	0	0	0	3
19218	2	0	0	0	0	0	0	0	0	0	0	0	2
19219	2	0	0	1	0	0	0	0	0	0	0	0	3
19220	0	1	0	1	0	0	0	0	0	0	0	0	2
19221	3	0	0	0	0	0	0	0	0	0	0	0	3
19222	3	0	0	0	0	0	0	0	0	0	0	0	3
19223	0	0	0	0	1	0	0	0	0	0	0	0	1
19224	1	0	1	0	1	0	0	0	0	0	0	0	3
19225	0	0	0	1	0	0	0	0	1	0	0	0	2
19226	1	0	0	0	0	0	0	0	0	0	0	0	1
19227	1	0	1	0	2	0	1	0	0	0	0	0	5
19228	1	0	1	0	0	0	0	0	0	0	0	0	2
19229	1	0	0	0	0	0	0	1	0	0	0	0	2
19230	1	0	0	0	2	0	0	0	0	0	0	0	3
19231	2	0	0	0	0	0	0	0	0	0	0	0	2
19232	1	0	0	0	1	0	1	0	0	0	0	0	3
19234	2	0	0	0	1	0	0	0	0	0	0	0	3
19235	2	0	0	0	0	0	0	0	0	0	0	0	2
19236	1	0	0	0	0	0	0	0	0	0	0	0	1
19237	0	0	0	0	4	0	0	0	0	0	0	0	4
19238	0	0	0	0	1	0	0	0	0	0	0	0	1
19239	3	0	0	0	0	0	0	0	0	0	0	0	3
19240	4	0	0	1	0	0	1	1	0	0	0	0	7
19241	0	1	0	0	0	0	0	0	0	0	0	0	1
19242	1	0	0	0	0	0	0	0	0	0	0	0	1
19243	2	0	0	0	1	0	1	0	0	0	0	0	4
19244	1	0	0	0	1	0	0	0	0	0	0	0	2
19245	1	0	0	0	0	0	0	0	0	0	0	0	1
19246	3	0	0	0	2	0	0	0	0	0	0	0	5
19247	4	0	0	0	0	0	0	1	0	0	0	0	5
19248	2	0	0	0	0	0	0	0	0	0	0	0	2
19249	0	1	0	1	1	0	0	0	0	0	0	0	3
19250	3	0	0	0	0	0	0	2	0	0	0	0	5
19252	2	0	1	0	0	0	0	0	0	0	0	0	3
19253	1	0	0	1	1	0	0	0	0	0	0	0	3
19254	2	0	0	0	0	0	0	0	0	0	0	0	2
19255	1	1	0	0	1	0	0	1	0	0	0	0	4
19256	1	0	0	0	0	0	0	2	0	0	0	0	3
19257	1	0	0	0	0	0	0	1	0	0	0	0	2
19258	1	0	0	0	1	0	1	0	0	0	0	0	3
19259	1	0	0	0	0	0	0	0	0	0	0	0	1
19260	1	0	0	0	0	0	0	0	0	0	0	0	1
19261	2	0	0	0	0	0	0	0	0	0	0	0	2
19262	2	0	0	0	0	0	0	0	0	0	0	0	2
19263	1	0	0	0	0	0	0	1	0	0	0	0	2
19264	1	0	0	0	0	0	0	1	0	0	0	0	2
19265	1	0	0	0	2	0	0	0	0	0	0	0	3
19266	1	0	0	2	0	0	0	0	0	0	0	0	3
19267	1	0	1	0	0	0	0	0	0	0	0	0	2
19268	1	0	0	0	0	0	0	0	0	0	0	0	1
19269	2	0	0	0	0	0	0	0	0	0	0	0	2
19270	1	0	0	0	0	0	1	0	0	0	0	0	2
19271	0	0	0	1	0	0	0	0	0	0	0	0	1
19272	0	1	0	0	1	0	0	0	0	0	0	0	2
19273	3	0	0	0	0	0	0	0	0	0	0	0	3
19274	2	0	0	0	0	0	0	0	0	0	0	0	2
19275	4	0	0	0	0	0	0	1	0	0	0	0	5
19276	0	0	0	1	0	0	0	0	0	0	0	0	1
19277	3	0	0	1	0	1	0	0	0	0	0	0	5
19279	1	0	0	0	1	0	0	0	0	0	0	0	2
19280	1	0	0	0	0	0	0	1	0	0	0	0	2
19281	1	0	0	0	2	0	0	0	0	0	0	0	3
19282	0	0	0	0	1	1	0	0	0	0	0	0	2
19283	1	0	0	0	1	0	0	0	0	0	0	0	2
19284	0	0	0	0	2	0	0	0	0	0	0	0	2
19285	4	0	0	0	0	0	0	0	0	0	0	0	4
19286	1	0	0	0	0	0	0	1	0	0	0	0	2
19287	1	1	0	0	0	0	0	0	0	0	0	0	2
19288	1	0	0	0	2	0	0	0	0	0	0	0	3
19289	2	0	0	0	1	0	0	0	0	0	0	0	3
19290	1	0	0	0	1	0	1	0	0	0	0	0	3
19291	1	0	0	0	0	0	0	0	0	0	0	0	1
19292	3	0	0	0	0	0	0	0	0	0	0	0	3
19293	1	0	0	0	0	0	0	0	0	0	0	0	1
19295	3	0	0	0	0	0	0	0	0	0	0	0	3
19296	3	0	0	0	0	0	0	0	0	0	0	0	3
19297	2	0	0	1	0	0	0	0	0	0	0	0	3
19298	2	0	0	0	0	0	1	0	0	0	0	0	3
19299	2	0	0	0	1	0	0	0	0	0	0	0	3
19300	1	0	0	0	0	0	0	0	0	0	0	0	1
19301	1	0	0	0	0	0	0	2	0	0	0	0	3
19302	1	0	0	1	0	0	0	0	0	0	0	0	2
19303	1	0	0	0	1	0	0	0	0	0	0	0	2
19304	0	0	0	0	2	0	0	0	0	0	0	0	2
19305	2	0	0	0	0	0	0	1	0	0	0	0	3
19306	2	0	0	0	0	0	0	0	0	0	0	0	2
19307	0	1	2	0	0	0	0	0	0	0	0	0	3
19308	3	0	0	0	2	0	0	0	0	0	0	0	5
19309	1	0	0	0	1	0	0	0	0	0	0	0	2
19310	3	0	0	0	0	0	0	0	0	0	0	0	3
19311	1	0	0	0	0	0	0	0	0	0	0	0	1
19313	3	0	0	0	0	0	0	1	0	0	0	0	4
19314	2	0	0	1	0	0	0	1	0	0	0	0	4
19315	1	0	0	0	0	0	1	0	0	0	0	0	2
19316	1	1	0	0	0	0	0	1	0	0	0	0	3
19318	3	0	0	0	0	0	0	0	1	1	0	0	5
19319	0	0	0	1	0	0	0	0	0	0	0	0	1
19320	2	0	0	0	0	0	0	0	0	0	0	0	2
19321	1	0	0	0	0	0	0	1	0	0	0	0	2
19322	1	0	0	0	2	0	0	2	0	0	0	0	5
19323	3	0	0	0	2	0	0	0	0	0	0	0	5
19325	2	0	0	0	1	0	0	1	0	0	0	0	4
19326	1	0	0	0	1	0	0	0	0	0	0	0	2
19327	0	0	0	0	1	0	0	0	0	0	0	0	1
19328	1	0	0	1	0	0	0	0	0	0	0	0	2
19329	2	0	0	0	0	0	0	0	0	0	0	0	2
19330	1	0	0	0	1	0	0	0	0	0	0	0	2
19331	1	0	0	0	0	0	0	0	0	0	0	0	1
19332	1	0	0	0	0	0	0	0	0	0	0	0	1
19333	1	0	0	0	1	0	0	0	0	0	0	0	2
19334	2	0	0	0	0	0	0	1	0	0	0	0	3
19335	0	0	0	0	1	0	0	0	0	0	0	0	1
19337	0	0	0	0	1	1	0	0	0	0	0	0	2
19338	0	0	0	0	1	0	0	0	0	0	0	0	1
19339	1	0	0	1	1	0	0	0	0	0	0	0	3
19340	3	0	0	0	1	0	1	0	0	0	0	0	5
19341	2	0	0	0	2	0	0	1	0	0	0	0	5
19342	5	0	0	0	0	0	0	0	0	0	0	0	5
19343	0	0	0	0	2	0	0	0	0	0	0	0	2
19345	1	1	0	0	1	0	0	0	0	0	0	0	3
19346	2	0	0	0	0	0	0	1	0	0	0	0	3
19347	1	0	0	0	0	0	0	0	0	0	0	0	1
19348	1	0	0	0	0	0	0	0	0	0	0	0	1
19349	0	0	0	0	0	0	0	1	0	0	0	0	1
19350	2	0	0	0	3	0	0	0	0	0	0	0	5
19351	3	0	0	0	0	0	0	1	0	0	0	0	4
19352	0	0	0	1	1	0	0	0	0	0	0	0	2
19353	0	1	1	0	0	0	0	0	0	0	0	0	2
19355	1	0	0	0	0	0	0	0	0	0	0	0	1
19356	1	0	1	0	1	0	0	0	0	0	0	0	3
19357	1	0	0	1	1	0	0	1	0	0	0	0	4
19358	1	0	0	0	1	0	0	0	0	0	0	0	2
19359	0	0	0	1	0	1	0	0	0	0	0	0	2
19360	1	0	0	0	1	0	0	0	1	0	0	0	3
19361	1	0	0	0	3	0	0	0	0	0	0	0	4
19362	1	0	0	1	2	0	0	0	0	0	0	0	4
19363	2	0	0	0	0	0	0	1	0	0	0	0	3
19364	1	0	0	0	1	0	0	0	0	0	0	0	2
19365	2	0	0	0	0	0	0	1	0	0	0	0	3
19366	3	0	0	0	1	0	0	0	0	0	0	0	4
19367	1	0	0	0	1	0	0	0	0	0	0	0	2
19368	3	0	0	0	0	0	0	0	0	0	0	0	3
19369	1	0	0	0	1	0	0	0	0	0	0	0	2
19370	2	0	0	1	0	0	0	0	0	0	0	0	3
19371	3	0	0	0	0	0	1	1	0	0	0	0	5
19372	1	0	0	0	1	0	0	0	0	0	0	0	2
19373	0	0	0	0	1	0	0	0	0	0	0	0	1
19374	2	0	0	1	1	0	0	0	0	0	0	0	4
19375	2	0	0	0	2	0	0	0	0	0	0	0	4
19376	1	0	0	1	1	0	0	0	0	0	0	0	3
19377	1	0	0	0	0	0	0	0	0	0	0	0	1
19378	0	0	0	0	2	0	0	0	0	0	0	0	2
19379	0	0	0	0	1	0	0	0	0	0	0	0	1
19380	0	0	0	0	1	0	0	0	0	0	0	0	1
19381	1	0	0	0	0	1	0	0	0	0	0	0	2
19382	1	0	0	1	2	0	0	0	0	0	0	0	4
19383	0	0	0	0	1	0	0	1	0	0	0	0	2
19384	2	0	0	1	0	0	0	0	0	0	0	0	3
19385	2	0	0	1	0	0	0	0	0	0	0	0	3
19386	1	0	0	0	2	0	0	0	0	0	0	0	3
19387	1	0	0	0	0	0	0	1	0	0	0	0	2
19388	1	0	0	0	3	0	0	0	0	0	0	0	4
19389	1	0	0	0	0	0	0	0	0	0	0	0	1
19390	0	0	1	0	0	0	0	0	0	0	0	0	1
19391	1	0	0	0	0	0	0	1	0	0	0	0	2
19392	2	0	0	0	0	0	0	0	0	0	0	0	2
19393	2	0	0	1	1	0	0	0	0	0	0	0	4
19394	1	0	0	0	1	0	0	0	0	0	0	0	2
19395	1	1	1	0	0	0	1	1	0	0	0	0	5
19396	2	0	0	0	0	0	0	1	0	0	0	0	3
19397	1	0	0	0	2	0	0	0	0	0	0	0	3
19399	1	0	0	0	0	0	0	1	0	0	0	0	2
19400	3	0	0	1	1	0	0	0	0	0	0	0	5
19401	1	0	0	0	1	0	0	0	0	0	0	0	2
19402	3	0	0	0	0	0	0	0	0	0	0	0	3
19403	0	0	0	0	1	0	0	0	0	0	0	0	1
19404	3	0	0	0	0	0	0	0	0	0	0	0	3
19405	2	0	0	0	0	0	1	0	0	0	0	0	3
19406	0	0	0	1	1	0	0	0	0	0	0	0	2
19407	2	0	0	0	1	0	1	0	0	0	0	0	4
19408	1	0	0	0	0	0	0	0	0	0	0	0	1
19409	3	0	0	0	0	0	0	0	0	0	0	0	3
19410	2	0	0	0	0	0	0	0	0	0	0	0	2
19411	1	0	0	1	0	0	0	1	0	0	0	0	3
19412	0	0	0	1	1	0	0	0	0	0	0	0	2
19413	2	0	0	0	0	0	0	0	0	0	0	0	2
19414	1	0	0	0	0	0	0	0	0	0	0	0	1
19415	1	0	0	0	0	0	0	0	0	0	0	0	1
19416	0	0	0	0	1	0	1	1	0	0	0	0	3
19417	3	0	0	0	0	0	0	0	0	0	0	0	3
19418	2	0	0	0	1	0	0	0	0	0	0	0	3
19419	1	0	0	0	0	0	0	1	0	0	0	0	2
19420	0	0	0	1	1	0	0	0	0	0	0	0	2
19421	3	0	0	0	0	0	0	0	0	0	0	0	3
19422	0	0	0	0	1	0	0	0	0	0	0	0	1
19423	1	0	0	1	3	0	0	0	0	0	0	0	5
19424	2	0	0	1	1	0	0	0	0	0	0	0	4
19425	2	0	0	1	1	0	0	0	0	0	0	0	4
19426	1	0	0	0	2	0	0	0	0	0	0	0	3
19427	0	0	0	0	0	0	0	1	0	0	0	0	1
19428	1	0	0	1	1	0	0	0	0	0	0	0	3
19429	0	2	0	0	0	0	0	0	0	0	0	0	2
19430	3	0	0	0	1	0	0	0	0	0	0	0	4
19431	0	1	0	0	0	0	0	0	0	0	0	0	1
19432	0	2	0	0	0	0	0	0	0	0	0	0	2
19433	2	0	0	0	0	0	0	1	0	0	0	0	3
19434	0	0	1	0	0	0	0	0	0	0	0	0	1
19436	3	1	0	0	0	1	0	0	0	0	0	0	5
19437	1	0	2	0	0	0	0	0	0	0	0	0	3
19438	1	0	0	0	1	0	0	1	0	0	0	0	3
19439	0	1	0	0	1	0	0	1	0	0	0	0	3
19440	0	0	0	1	0	0	0	0	0	0	0	0	1
19441	1	0	1	0	0	0	0	0	0	0	0	0	2
19442	1	0	0	0	1	0	0	0	0	0	0	0	2
19443	1	0	0	0	0	0	0	1	0	0	0	0	2
19444	1	0	0	0	1	0	0	0	0	0	0	0	2
19445	2	0	0	0	0	0	0	0	0	0	0	0	2
19446	1	0	0	0	0	0	0	0	0	0	0	0	1
19447	2	0	0	0	1	0	1	0	0	0	0	0	4
19448	2	0	0	0	0	0	0	1	0	0	0	0	3
19449	1	0	0	2	1	0	0	0	0	0	0	0	4
19450	2	0	0	0	2	0	0	0	0	0	0	0	4
19451	3	0	0	0	0	0	0	1	0	0	0	0	4
19452	2	0	0	0	0	0	0	1	0	0	0	0	3
19453	2	0	0	0	0	0	0	1	0	0	0	0	3
19454	3	0	0	0	1	0	0	1	0	0	0	0	5
19455	0	1	0	0	0	0	0	0	0	0	0	0	1
19456	1	0	0	0	1	0	0	0	0	0	0	0	2
19457	2	0	0	0	0	0	0	2	0	0	0	0	4
19459	1	0	0	0	0	0	0	1	0	1	0	0	3
19460	0	0	0	1	0	0	0	0	0	0	0	0	1
19461	3	0	0	1	1	0	0	0	0	0	0	0	5
19462	1	0	1	0	0	0	0	0	0	0	0	0	2
19463	2	0	0	0	0	0	0	0	0	0	0	0	2
19464	0	0	0	0	0	1	0	0	0	0	0	0	1
19465	0	0	1	0	0	0	0	0	0	0	0	0	1
19466	1	0	0	0	0	0	0	0	1	0	0	0	2
19467	0	0	0	0	2	0	0	0	0	0	0	0	2
19468	0	1	0	1	0	0	0	1	0	0	0	0	3
19469	0	0	0	2	0	0	0	0	0	0	0	0	2
19470	0	0	0	0	1	0	0	0	0	0	0	0	1
19471	1	0	0	0	0	0	0	0	0	0	0	0	1
19472	1	0	0	0	0	0	0	0	0	0	0	0	1
19473	4	1	0	1	0	0	1	0	0	0	0	0	7
19474	1	0	0	0	0	0	0	0	0	0	0	0	1
19475	1	0	0	0	0	0	0	0	0	0	0	0	1
19476	2	0	0	1	0	0	0	0	0	0	0	0	3
19477	1	0	0	0	0	0	0	0	0	0	0	0	1
19479	1	0	0	0	0	0	0	0	0	0	0	0	1
19480	2	0	0	0	0	0	1	1	0	0	0	0	4
19481	1	0	0	1	0	0	0	0	0	0	0	0	2
19482	1	0	0	0	0	0	0	0	0	0	0	0	1
19483	0	0	0	1	1	0	0	0	0	0	0	0	2
19484	0	0	1	0	0	0	0	0	0	0	0	0	1
19485	1	0	0	0	0	0	0	0	0	0	0	0	1
19486	2	0	0	0	1	0	0	1	0	0	0	0	4
19487	1	0	0	0	0	0	0	0	0	0	0	0	1
19488	1	0	0	0	0	0	0	0	0	0	0	0	1
19489	1	0	0	0	0	0	0	0	0	0	0	0	1
19490	3	0	0	1	2	0	0	1	0	0	0	0	7
19492	2	0	0	0	0	0	0	0	0	0	0	0	2
19493	3	0	0	0	0	0	0	1	0	0	0	0	4
19495	1	0	0	2	0	0	0	0	0	0	0	0	3
19496	0	1	0	0	0	0	0	0	0	0	0	0	1
19497	1	0	0	0	0	0	0	0	0	0	0	0	1
19498	2	0	0	0	0	0	0	0	0	0	0	0	2
19499	1	0	0	0	0	0	0	0	0	0	0	0	1
19500	2	0	0	0	1	0	0	0	0	0	0	0	3
19501	0	0	1	0	0	0	0	0	0	0	0	0	1
19502	2	0	0	0	3	0	0	0	1	0	0	0	6
19503	2	0	0	0	1	0	0	1	0	0	0	0	4
19504	1	0	0	0	0	0	0	0	0	0	0	0	1
19505	0	0	0	0	2	0	0	0	0	0	0	0	2
19506	1	0	0	0	1	0	0	1	0	0	0	0	3
19507	2	0	0	0	0	0	0	0	0	0	0	0	2
19508	1	0	0	0	0	0	0	0	0	0	0	0	1
19509	2	0	0	0	0	0	0	0	0	0	0	0	2
19510	2	0	0	0	0	0	0	1	0	0	0	0	3
19511	2	0	0	0	1	0	0	0	0	0	0	0	3
19512	1	0	0	0	0	0	0	0	0	0	0	0	1
19513	2	0	0	0	0	1	0	0	0	0	0	0	3
19514	4	0	0	0	0	0	0	0	0	0	0	0	4
19515	1	0	0	0	1	0	0	1	0	0	0	0	3
19516	2	0	0	0	0	0	0	0	0	0	0	0	2
19517	2	0	0	0	0	0	0	0	0	0	0	0	2
19518	1	1	0	0	2	0	0	0	0	0	0	0	4
19519	2	0	0	0	0	0	0	1	0	0	0	0	3
19520	2	0	0	0	0	0	0	0	0	0	0	0	2
19521	0	1	1	0	0	0	0	0	0	0	0	0	2
19522	1	0	0	0	0	0	0	0	0	0	0	0	1
19523	1	0	0	0	0	0	0	1	0	0	0	0	2
19524	1	0	0	1	0	0	0	0	0	0	0	0	2
19525	0	0	0	0	1	0	0	1	0	0	0	0	2
19526	1	0	0	0	0	0	0	0	0	0	0	0	1
19527	1	0	0	1	0	0	0	0	0	0	0	0	2
19528	1	0	0	0	0	1	0	0	0	0	0	0	2
19529	1	0	0	0	0	0	0	0	0	0	0	0	1
19530	1	0	0	0	0	1	0	0	0	0	0	0	2
19531	3	0	0	0	0	0	0	0	0	0	0	0	3
19532	1	0	0	1	0	0	0	0	0	0	0	0	2
19534	0	0	0	0	1	0	0	0	0	0	0	0	1
19535	1	0	0	0	0	0	0	0	0	0	0	0	1
19536	1	0	0	0	0	0	0	0	0	0	0	0	1
19537	1	0	0	0	0	0	0	0	0	0	0	0	1
19538	0	0	0	0	2	2	0	0	0	0	0	0	4
19539	0	1	0	0	0	0	0	0	0	0	0	0	1
19540	2	0	0	0	1	0	0	0	0	0	0	0	3
19541	2	0	0	0	0	0	0	0	0	0	0	0	2
19542	2	0	0	0	0	0	0	0	1	0	0	0	3
19543	0	1	0	0	0	0	0	0	0	0	0	0	1
19544	1	0	1	1	0	0	0	0	1	0	0	0	4
19545	1	0	0	0	0	0	0	1	0	0	0	0	2
19546	1	0	0	0	0	0	0	0	0	0	0	0	1
19547	0	0	0	0	1	0	0	0	0	0	0	0	1
19548	1	0	0	0	0	0	0	0	0	0	0	0	1
19549	2	0	0	1	0	0	0	0	0	0	0	0	3
19550	0	0	0	1	0	0	0	0	0	0	0	0	1
19551	3	0	0	0	0	0	0	0	0	0	0	0	3
19552	2	0	0	0	0	0	1	0	0	0	0	0	3
19553	1	1	0	0	0	0	0	0	0	0	0	0	2
19554	1	0	0	1	0	0	0	0	0	0	0	0	2
19555	1	0	0	0	1	0	0	0	0	0	0	0	2
19556	1	0	0	0	1	0	0	0	0	0	0	0	2
19557	4	0	0	0	4	0	1	0	1	0	0	0	10
19558	2	0	0	0	1	0	0	0	0	0	0	0	3
19559	1	0	2	0	0	0	0	0	1	0	0	0	4
19560	1	0	0	0	1	0	0	0	0	0	0	0	2
19561	1	0	0	0	0	0	0	0	0	0	0	0	1
19562	0	0	0	1	0	0	0	0	0	0	0	0	1
19563	0	0	0	0	1	0	1	0	0	0	0	0	2
19564	1	0	0	0	0	0	0	0	1	0	0	0	2
19565	0	1	0	1	0	0	0	0	0	0	0	0	2
19566	2	0	0	0	0	0	0	0	0	0	0	0	2
19567	2	0	0	0	0	0	0	0	0	0	0	0	2
19568	0	2	0	0	0	0	0	0	0	0	0	0	2
19569	0	0	1	0	1	0	0	1	0	0	0	0	3
19570	2	0	0	0	0	0	0	2	0	0	0	0	4
19571	3	0	0	0	0	1	0	0	0	0	0	0	4
19572	1	0	0	0	0	0	0	0	0	0	0	0	1
19573	2	0	0	0	0	0	0	0	0	0	0	0	2
19574	1	0	0	0	0	0	0	0	0	0	0	0	1
19575	2	0	0	0	1	0	0	0	0	0	0	0	3
19576	1	0	0	1	0	0	0	0	0	0	0	0	2
19577	1	0	0	1	0	0	0	0	0	0	0	0	2
19578	3	0	0	0	1	0	0	0	0	0	0	0	4
19579	1	0	0	1	1	0	0	1	0	0	0	0	4
19581	3	0	0	0	0	0	0	0	0	0	0	0	3
19583	1	0	1	0	0	0	0	0	0	0	0	0	2
19584	2	0	0	0	0	0	0	0	0	0	0	0	2
19585	0	0	0	0	0	1	0	0	0	0	0	0	1
19586	2	1	0	0	0	0	0	0	0	0	0	0	3
19587	3	0	0	0	0	0	0	1	0	0	0	0	4
19588	2	0	0	1	0	0	0	0	0	0	0	0	3
19589	2	0	0	0	1	0	0	0	0	0	0	0	3
19590	0	0	1	0	0	0	0	0	0	0	0	0	1
19591	2	0	0	0	1	0	0	0	0	0	0	0	3
19592	4	0	0	0	0	0	0	0	0	0	0	0	4
19594	4	0	0	0	2	0	0	0	0	0	0	0	6
19595	1	0	0	0	0	0	0	0	0	0	0	0	1
19596	0	0	0	1	0	0	0	0	0	0	0	0	1
19597	1	0	0	0	0	0	0	0	0	0	0	0	1
19598	0	0	0	0	2	0	0	0	0	1	0	0	3
19599	3	0	0	0	0	0	0	0	0	0	0	0	3
19600	2	0	0	0	0	0	0	0	0	1	0	0	3
19601	3	0	0	1	0	0	0	2	0	0	0	0	6
19602	2	0	0	0	1	0	0	0	0	0	0	0	3
19603	1	0	0	0	1	0	0	0	0	0	0	0	2
19604	2	0	0	0	0	0	0	0	0	0	0	0	2
19605	3	0	0	0	0	0	0	0	0	0	0	0	3
19606	4	0	0	0	0	0	0	1	0	0	0	0	5
19607	2	0	0	0	0	0	0	0	0	0	0	0	2
19608	4	0	0	0	0	0	0	0	0	0	0	0	4
19609	2	0	0	0	1	0	0	1	0	1	0	0	5
19611	3	0	0	0	2	0	0	0	0	0	0	0	5
19612	1	0	0	0	1	0	0	0	0	0	0	0	2
19613	1	0	0	0	1	0	0	1	0	0	0	0	3
19614	2	0	0	0	0	0	0	0	0	0	0	0	2
19615	0	0	0	1	1	0	0	0	1	0	0	0	3
19616	1	0	0	0	1	0	0	0	0	0	0	0	2
19617	3	0	0	0	1	0	0	0	0	0	0	0	4
19618	1	0	0	0	0	0	0	0	0	0	0	0	1
19619	2	0	0	0	0	0	0	1	0	0	0	0	3
19621	1	0	0	0	1	1	0	0	0	0	0	0	3
19623	1	0	0	0	0	0	0	1	0	0	0	0	2
19624	1	0	0	0	0	0	0	1	0	0	0	0	2
19625	3	0	0	0	0	0	1	0	0	0	0	0	4
19626	0	0	0	0	2	0	0	0	0	0	0	0	2
19627	3	0	0	0	0	0	0	0	1	0	0	0	4
19628	0	0	0	0	1	0	0	0	0	0	0	0	1
19631	3	0	0	0	1	0	0	0	0	0	0	0	4
19632	0	0	0	0	1	0	0	0	0	0	0	0	1
19633	2	0	0	0	1	0	0	0	0	0	0	0	3
19634	2	0	0	0	1	0	0	0	0	0	0	0	3
19635	1	0	0	0	0	0	0	0	0	0	0	0	1
19636	1	0	0	0	0	0	0	0	0	0	0	0	1
19637	1	0	0	0	3	0	0	0	0	0	0	0	4
19638	1	0	0	0	1	0	0	0	0	0	0	0	2
19639	2	0	0	0	2	0	0	0	0	0	0	0	4
19640	2	0	0	0	2	0	0	0	0	0	0	0	4
19641	0	0	0	0	1	0	0	0	0	0	0	0	1
19642	2	0	0	0	0	0	0	0	0	0	0	0	2
19644	1	0	0	0	0	0	0	0	0	0	0	0	1
19645	4	0	0	1	0	0	0	0	0	0	0	0	5
19646	2	0	0	0	0	0	0	0	0	0	0	0	2
19647	2	0	0	0	1	0	0	0	0	0	0	0	3
19648	1	0	0	0	0	0	0	1	0	0	0	0	2
19649	1	0	0	0	0	0	0	1	0	0	0	0	2
19650	2	0	0	0	0	0	0	0	0	0	0	0	2
19651	1	0	1	0	0	1	0	0	0	0	0	0	3
19652	1	0	0	0	2	0	0	0	0	0	0	0	3
19653	3	0	0	0	0	0	1	0	0	0	0	0	4
19654	2	0	0	0	0	1	0	1	0	0	0	0	4
19655	1	0	0	0	0	0	1	0	0	0	0	0	2
19656	1	0	0	0	0	0	0	0	0	0	0	0	1
19658	1	0	0	0	1	0	0	0	0	0	0	0	2
19659	2	0	0	0	0	0	0	0	0	0	0	0	2
19660	0	0	1	0	0	0	0	0	0	0	0	0	1
19661	3	0	0	0	0	0	0	0	0	0	0	0	3
19662	1	0	0	1	0	0	0	0	0	0	0	0	2
19663	1	0	0	0	0	0	0	0	0	0	0	0	1
19664	0	0	1	0	0	0	0	0	0	0	0	0	1
19665	1	0	0	0	0	0	0	1	0	0	0	0	2
19668	1	0	0	1	0	0	0	0	0	0	0	0	2
19669	0	0	0	0	1	0	0	0	0	0	0	0	1
19670	4	0	0	0	1	0	1	0	0	0	0	0	6
19671	2	0	0	0	0	0	0	0	0	0	0	0	2
19672	2	0	0	0	0	0	0	0	0	0	0	0	2
19673	1	0	1	0	0	0	0	0	0	0	0	0	2
19674	1	0	0	0	0	0	0	0	0	0	0	0	1
19675	0	0	0	0	0	0	0	1	0	0	0	0	1
19676	1	0	0	0	0	0	0	0	0	0	0	0	1
19677	3	0	0	0	0	0	0	1	0	0	0	0	4
19678	2	0	0	0	0	0	0	0	0	0	0	0	2
19679	0	0	1	0	1	0	0	0	0	0	0	0	2
19680	1	0	0	0	1	0	1	0	0	0	0	0	3
19681	2	0	0	0	0	0	0	0	0	0	0	0	2
19682	1	0	0	0	1	0	0	0	0	0	0	0	2
19683	2	0	0	0	0	0	0	0	0	0	0	0	2
19684	0	0	0	0	1	0	0	0	0	0	0	0	1
19685	1	0	0	0	1	0	0	0	0	0	0	0	2
19686	0	0	1	0	0	0	0	0	0	0	0	0	1
19687	1	0	1	0	0	0	0	0	0	0	0	0	2
19688	3	0	0	1	0	0	0	0	0	0	0	0	4
19689	3	0	0	0	0	0	0	0	0	0	0	0	3
19690	1	0	0	0	0	0	0	1	0	0	0	0	2
19691	2	0	0	0	0	0	0	1	0	0	0	0	3
19692	4	0	0	0	0	0	0	0	0	0	0	0	4
19694	3	1	0	0	0	0	0	0	0	0	0	0	4
19695	3	0	0	0	1	0	0	0	0	0	0	0	4
19696	2	0	0	0	1	0	0	0	0	0	0	0	3
19697	1	0	0	0	0	0	0	0	0	0	0	0	1
19698	2	0	0	0	1	0	0	0	0	0	0	0	3
19699	1	0	0	0	0	0	0	0	0	0	0	0	1
19700	1	0	0	0	0	0	0	0	0	0	0	0	1
19701	1	0	0	0	1	1	0	0	1	0	0	0	4
19702	1	1	0	0	0	0	0	0	0	0	0	0	2
19704	0	0	0	0	1	0	0	0	0	0	0	0	1
19705	0	1	0	0	0	0	0	0	0	0	0	0	1
19706	0	1	0	0	0	0	0	0	0	0	0	0	1
19707	1	0	0	0	1	0	0	0	0	0	0	0	2
19708	2	0	0	0	0	0	0	1	0	0	0	0	3
19709	2	0	0	0	1	0	1	0	1	0	0	0	5
19710	0	1	0	0	0	0	0	0	0	0	0	0	1
19712	1	0	0	0	1	0	1	0	0	0	0	0	3
19713	3	0	0	0	0	0	1	0	0	0	0	0	4
19714	0	0	0	0	1	0	0	1	0	0	0	0	2
19715	2	0	0	0	0	0	0	0	1	0	0	0	3
19716	1	0	0	0	0	0	1	0	0	0	0	0	2
19717	2	0	0	0	0	0	0	0	0	0	0	0	2
19718	2	0	0	0	0	0	0	1	0	0	0	0	3
19719	0	0	0	0	4	0	0	0	0	0	0	0	4
19720	2	0	0	0	0	0	0	0	0	0	0	0	2
19721	2	0	0	0	1	0	0	0	0	0	0	0	3
19722	1	0	1	0	0	0	0	0	0	0	0	0	2
19723	1	0	0	0	1	0	0	0	0	0	0	0	2
19724	1	0	0	0	0	0	0	0	0	0	0	0	1
19726	0	0	0	1	0	0	0	0	0	0	0	0	1
19727	1	0	0	0	0	0	0	0	0	0	0	0	1
19728	0	0	0	0	1	1	0	0	0	0	0	0	2
19729	0	0	0	0	1	0	0	0	0	0	0	0	1
19730	2	0	0	0	0	0	0	0	0	0	0	0	2
19731	5	0	0	0	0	0	0	1	0	0	0	0	6
19732	4	0	0	0	0	0	0	0	0	0	0	0	4
19733	1	0	0	0	0	0	0	1	0	0	0	0	2
19734	2	0	0	0	2	0	0	0	0	0	0	0	4
19735	3	0	0	0	0	0	0	1	0	0	0	0	4
19736	3	0	0	0	1	0	0	0	0	0	0	0	4
19737	2	0	0	0	0	0	0	1	0	0	0	0	3
19738	4	0	0	0	0	0	0	0	0	0	0	0	4
19739	1	0	0	0	1	0	0	0	0	0	0	0	2
19740	1	0	0	0	1	0	0	0	0	0	0	0	2
19741	1	0	0	0	0	0	0	1	0	0	0	0	2
19742	1	0	0	1	0	0	0	0	0	0	0	0	2
19743	2	0	0	0	0	0	0	0	0	0	0	0	2
19744	3	0	0	0	0	0	0	0	0	0	0	0	3
19745	1	0	0	0	0	0	0	1	0	0	0	0	2
19746	1	0	0	0	5	0	0	0	1	0	0	0	7
19747	1	0	0	0	0	0	0	1	0	0	0	0	2
19748	1	1	0	0	0	0	0	0	0	0	0	0	2
19749	2	0	0	0	0	0	0	1	0	0	0	0	3
19750	0	0	0	0	1	0	0	0	0	0	0	0	1
19751	4	0	0	0	0	0	0	0	0	0	0	0	4
19752	1	0	0	0	0	0	0	0	0	0	0	0	1
19753	1	0	0	1	0	0	0	1	0	0	0	0	3
19754	1	0	0	0	0	0	0	0	0	0	0	0	1
19755	2	0	0	0	2	0	0	1	0	0	0	0	5
19756	0	1	0	1	0	0	0	0	0	0	0	0	2
19757	3	0	0	0	1	0	0	1	0	0	0	0	5
19758	1	0	0	0	0	0	1	0	1	0	0	0	3
19759	2	0	0	0	0	0	0	0	0	0	0	0	2
19760	1	0	0	0	1	0	0	0	0	0	0	0	2
19761	0	2	0	0	0	0	0	0	0	0	0	0	2
19762	0	0	0	0	1	0	0	0	0	0	0	0	1
19763	1	0	0	0	0	0	0	0	0	0	0	0	1
19764	1	0	0	0	1	0	0	0	0	0	0	0	2
19765	2	0	0	0	1	0	0	0	0	0	0	0	3
19766	1	1	0	1	2	0	0	0	0	0	0	0	5
19767	1	0	0	0	3	0	0	0	0	0	0	0	4
19768	1	0	0	0	1	0	0	0	0	0	0	0	2
19769	0	0	0	0	1	0	0	0	0	0	0	0	1
19770	0	1	0	0	0	0	0	0	0	0	0	0	1
19771	2	0	0	0	0	0	0	0	0	0	0	0	2
19772	2	0	0	1	0	0	0	1	0	0	0	0	4
19773	2	0	0	0	1	0	0	0	0	0	0	0	3
19774	1	0	0	0	1	0	0	0	0	0	0	0	2
19775	0	0	0	0	3	0	0	0	0	0	0	0	3
19776	3	0	0	0	0	0	0	0	1	0	0	0	4
19777	2	0	0	1	1	0	0	0	0	0	0	0	4
19778	2	0	0	0	1	0	0	0	0	0	0	0	3
19779	2	0	0	0	0	0	0	0	0	0	0	0	2
19780	1	0	0	0	0	0	0	1	0	0	0	0	2
19781	0	2	0	0	0	0	0	0	0	0	0	0	2
19782	1	0	0	0	0	0	0	0	0	0	0	0	1
19783	0	0	0	0	1	0	0	0	0	0	0	0	1
19784	2	0	0	0	0	1	0	0	0	0	0	0	3
19785	3	0	0	0	0	0	0	0	0	0	0	0	3
19786	0	1	0	0	0	0	0	0	0	0	0	0	1
19787	1	0	0	0	1	0	0	0	0	0	0	0	2
19788	3	0	0	0	0	0	0	0	0	0	0	0	3
19789	4	0	0	0	0	0	0	0	0	0	0	0	4
19790	0	0	0	0	1	0	0	0	0	0	0	0	1
19791	1	0	2	0	0	0	0	0	0	0	0	0	3
19792	1	0	0	1	1	0	0	0	0	0	0	0	3
19793	0	0	0	0	0	1	0	0	0	0	0	0	1
19794	1	0	0	0	0	0	0	0	0	0	0	0	1
19795	2	0	1	0	1	0	0	0	0	1	0	0	5
19796	1	0	0	0	2	0	0	0	0	0	0	0	3
19797	1	0	0	0	0	0	0	0	0	0	0	0	1
19798	3	0	0	0	0	0	0	1	0	0	0	0	4
19800	5	0	0	0	0	0	0	0	0	0	0	0	5
19801	1	2	0	1	0	0	0	0	1	0	0	0	5
19802	1	2	0	0	0	0	0	0	0	0	0	0	3
19803	1	0	0	0	1	0	0	0	0	0	0	0	2
19804	2	0	0	0	1	0	0	0	0	0	0	0	3
19805	1	0	0	1	1	0	0	1	0	0	0	0	4
19806	1	0	0	0	0	0	0	0	0	0	0	0	1
19807	2	1	0	0	0	0	0	0	0	0	0	0	3
19808	3	0	0	0	1	0	0	0	0	0	0	0	4
19809	1	0	0	1	1	0	0	0	0	0	0	0	3
19810	2	0	0	0	0	0	0	0	0	0	0	0	2
19811	2	0	0	0	0	0	0	0	0	0	0	0	2
19812	2	0	0	0	0	0	0	0	0	0	0	0	2
19813	1	0	0	0	0	0	0	1	0	0	0	0	2
19814	1	0	1	0	0	0	0	0	0	0	0	0	2
19815	2	0	0	1	0	0	0	0	0	0	0	0	3
19816	2	0	0	0	0	0	0	0	0	0	0	0	2
19817	1	0	0	0	1	1	1	0	0	0	0	0	4
19818	0	0	0	0	2	0	0	0	0	0	0	0	2
19819	2	0	0	0	0	0	0	0	0	0	0	0	2
19820	0	0	0	0	0	1	0	0	0	0	0	0	1
19821	0	0	0	0	1	0	0	0	0	0	0	0	1
19822	2	0	0	0	0	2	0	0	0	0	0	0	4
19823	3	0	0	0	1	0	0	1	0	0	0	0	5
19824	1	0	0	0	2	0	0	0	0	0	0	0	3
19825	1	0	0	0	0	0	0	1	0	0	0	0	2
19826	2	0	0	0	0	0	0	0	0	0	0	0	2
19827	1	0	0	0	0	2	0	0	0	0	0	0	3
19828	1	0	0	0	0	0	0	0	0	0	0	0	1
19829	2	0	0	0	0	0	0	0	0	0	0	0	2
19830	2	0	0	0	0	0	0	0	0	0	0	0	2
19831	2	0	0	0	0	0	0	1	0	0	0	0	3
19832	2	0	0	0	1	0	0	0	0	0	0	0	3
19833	2	0	0	0	1	0	0	0	0	0	0	0	3
19834	3	0	0	0	0	0	0	0	0	0	0	0	3
19835	2	0	0	0	1	0	0	0	0	0	0	0	3
19836	2	0	0	1	1	0	0	0	0	0	0	0	4
19837	4	0	0	0	3	0	0	1	0	0	0	0	8
19838	2	0	0	0	0	0	0	2	0	0	0	0	4
19839	5	0	0	0	0	0	0	0	0	0	0	0	5
19840	3	0	0	0	0	0	0	1	0	0	0	0	4
19841	1	1	0	0	3	0	0	0	0	0	0	0	5
19842	0	0	0	0	2	0	0	0	0	0	0	0	2
19843	2	0	0	0	0	0	0	0	0	0	0	0	2
19844	2	0	0	0	0	0	0	1	0	0	0	0	3
19845	2	0	0	0	0	0	0	0	0	0	0	0	2
19846	2	0	0	0	0	0	0	0	0	0	0	0	2
19847	2	0	0	1	0	0	0	0	0	0	0	0	3
19848	2	0	0	0	0	0	0	0	0	0	0	0	2
19849	1	0	0	0	0	0	0	0	0	0	0	0	1
19850	1	0	0	0	0	0	0	0	0	0	0	0	1
19851	1	0	1	0	0	0	0	0	0	0	0	0	2
19852	3	0	0	0	0	0	0	0	0	0	0	0	3
19853	0	0	0	0	1	0	0	0	0	0	0	0	1
19854	1	0	0	1	1	0	0	0	0	0	0	0	3
19855	2	0	0	0	1	0	0	1	0	0	0	0	4
19856	2	0	0	0	2	0	0	0	0	0	0	0	4
19857	2	0	0	0	0	0	0	0	0	0	0	0	2
19858	1	0	0	0	0	0	0	1	0	0	0	0	2
19859	3	0	0	0	0	0	0	0	0	0	0	0	3
19860	2	0	0	0	0	0	0	0	0	0	0	0	2
19861	2	0	0	0	0	0	0	1	0	0	0	0	3
19862	3	0	0	0	0	0	1	0	0	0	0	0	4
19863	2	0	0	0	0	0	1	0	0	0	0	0	3
19864	0	0	0	0	0	1	0	0	0	0	0	0	1
19865	3	0	0	0	0	0	0	0	0	0	0	0	3
19866	1	0	0	0	0	0	1	1	0	0	0	0	3
19867	2	0	0	0	0	0	0	0	0	0	0	0	2
19868	3	0	0	0	0	0	1	1	0	0	0	0	5
19869	3	0	0	0	1	0	0	0	0	0	0	0	4
19870	3	0	0	0	0	0	0	2	0	0	0	0	5
19872	0	0	1	0	0	0	0	0	0	0	0	0	1
19874	3	0	0	0	0	0	0	0	0	0	0	0	3
19875	1	0	0	0	1	1	0	0	0	0	0	0	3
19876	1	0	0	0	0	0	0	0	0	0	0	0	1
19877	2	0	0	0	1	0	0	0	0	0	0	0	3
19879	3	0	0	0	0	0	0	0	0	0	0	0	3
19880	1	0	0	0	2	0	0	1	0	0	0	0	4
19881	1	0	0	0	2	0	0	0	0	0	0	0	3
19882	2	0	0	0	0	0	0	2	0	0	0	0	4
19883	1	0	0	0	1	0	0	0	0	0	0	0	2
19884	0	0	0	0	1	0	0	0	0	0	0	0	1
19885	3	0	0	0	0	0	0	0	0	0	0	0	3
19886	2	0	0	0	0	0	0	0	0	0	0	0	2
19887	2	0	0	0	0	0	0	0	0	0	0	0	2
19888	2	0	0	0	0	0	0	0	0	0	0	0	2
19889	3	1	0	0	0	1	0	1	0	0	0	0	6
19890	4	0	0	0	0	0	0	0	0	0	0	0	4
19891	2	0	0	0	0	0	1	1	0	0	0	0	4
19892	1	0	0	0	2	0	1	0	0	0	0	0	4
19893	1	0	0	1	1	0	0	0	0	0	0	0	3
19894	1	0	0	0	0	1	0	0	0	0	0	0	2
19895	3	0	0	0	0	0	1	0	0	0	0	0	4
19896	0	0	0	0	2	0	0	0	0	0	0	0	2
19897	0	0	0	2	0	0	0	0	0	0	0	0	2
19898	1	0	1	0	0	0	0	1	0	0	0	0	3
19899	2	0	0	1	0	0	1	0	0	0	0	0	4
19900	2	0	0	0	0	0	0	0	0	0	0	0	2
19901	3	0	0	0	1	0	0	0	0	0	0	0	4
19902	2	0	0	0	0	0	0	0	0	0	0	0	2
19903	1	0	0	0	1	0	0	0	0	0	0	0	2
19904	2	0	0	0	0	0	0	0	0	0	0	0	2
19905	2	0	0	1	1	1	0	1	0	0	0	0	6
19906	2	0	0	0	0	0	0	0	0	0	0	0	2
19908	1	0	0	1	2	0	0	0	0	0	0	0	4
19909	3	0	0	0	0	0	0	0	0	0	0	0	3
19910	1	0	0	0	1	0	0	0	0	0	0	0	2
19911	4	0	0	0	0	0	0	1	0	0	0	0	5
19912	2	0	0	0	1	0	0	0	0	0	0	0	3
19913	2	0	0	0	0	0	0	2	0	0	0	0	4
19914	3	0	0	0	0	0	0	0	0	0	0	0	3
19915	2	1	0	0	0	0	0	0	0	0	0	0	3
19916	1	0	0	0	1	0	0	1	0	0	0	0	3
19917	0	2	0	0	0	0	0	0	0	0	0	0	2
19918	1	0	0	2	0	0	0	0	0	0	0	0	3
19919	2	0	0	0	0	0	0	0	0	0	0	0	2
19920	1	0	0	0	2	0	0	0	0	0	0	0	3
19921	2	0	0	1	1	0	0	0	0	0	0	0	4
19922	2	0	0	0	1	0	1	0	0	0	0	0	4
19923	0	0	0	1	1	0	0	0	0	0	0	0	2
19924	1	0	0	0	1	0	0	0	0	0	0	0	2
19925	1	0	1	0	0	0	1	0	0	0	0	0	3
19927	1	0	0	0	1	0	0	1	0	0	0	0	3
19928	6	0	0	0	0	0	0	0	0	0	0	0	6
19929	2	0	0	0	0	0	0	1	0	0	0	0	3
19930	0	0	0	0	0	2	0	0	0	0	0	0	2
19931	2	0	0	0	0	0	0	0	0	0	0	0	2
19932	2	0	0	0	0	0	0	0	0	0	0	0	2
19933	4	0	0	1	0	0	0	0	0	0	0	0	5
19934	3	0	0	0	0	0	0	0	0	0	0	0	3
19935	2	0	0	0	1	0	0	0	0	0	0	0	3
19936	3	0	0	0	0	0	0	1	0	0	0	0	4
19937	2	0	0	0	0	0	0	0	0	0	0	0	2
19938	2	0	0	0	0	0	0	2	0	0	0	0	4
19939	2	0	0	0	0	0	0	0	0	0	0	0	2
19940	2	0	0	0	0	0	0	0	0	0	0	0	2
19941	1	0	0	0	0	0	0	0	0	0	0	0	1
19942	2	0	0	0	0	0	0	0	0	0	0	0	2
19943	1	0	0	0	1	0	1	0	0	0	0	0	3
19944	2	0	0	0	0	0	0	0	0	0	0	0	2
19945	2	0	0	0	1	0	0	0	0	0	0	0	3
19947	1	0	0	0	0	0	0	0	0	0	0	0	1
19948	0	0	0	0	1	0	0	0	0	0	0	0	1
19949	2	0	0	0	0	2	0	0	0	0	0	0	4
19950	1	1	0	0	0	0	0	0	0	0	0	0	2
19951	3	0	0	0	2	0	0	0	0	0	0	0	5
19952	3	0	0	0	0	0	0	1	0	0	0	0	4
19953	4	0	0	0	0	0	0	0	0	0	0	0	4
19954	6	0	0	0	0	0	0	0	0	0	0	0	6
19955	3	0	0	0	1	0	0	0	0	0	0	0	4
19956	2	0	0	0	1	0	0	0	0	0	0	0	3
19957	1	0	0	0	0	0	1	0	0	0	0	0	2
19958	2	0	0	0	0	0	0	0	0	0	0	0	2
19959	1	0	0	0	1	0	0	0	0	0	0	0	2
19960	3	0	0	0	0	0	0	0	0	0	0	0	3
19961	1	0	0	0	0	0	0	0	0	0	0	0	1
19962	2	0	0	1	0	0	0	0	0	0	0	0	3
19963	1	0	0	0	1	0	0	0	0	0	0	0	2
19964	2	0	0	0	0	0	0	0	0	0	0	0	2
19965	3	0	0	0	0	0	0	1	0	0	0	0	4
19966	3	0	0	0	0	0	0	0	0	0	0	0	3
19967	1	0	0	0	0	0	0	1	0	0	0	0	2
19968	0	0	0	0	1	0	0	0	0	0	0	0	1
19969	1	0	0	0	0	0	0	0	0	0	0	0	1
19970	3	0	0	0	1	0	0	0	0	0	0	0	4
19971	3	0	0	0	2	0	0	0	0	0	0	0	5
19972	3	0	0	0	0	0	0	0	0	0	0	0	3
19973	2	0	0	0	0	0	0	0	0	0	0	0	2
19974	1	0	0	1	0	0	1	1	0	0	0	0	4
19975	4	0	0	0	0	0	0	1	0	0	0	0	5
19976	4	0	0	0	0	0	0	0	0	0	0	0	4
19977	2	0	1	0	1	1	0	0	0	0	0	0	5
19978	2	0	0	0	0	0	0	0	0	0	0	0	2
19979	0	0	0	1	1	0	0	0	0	0	0	0	2
19980	1	0	0	0	2	0	1	0	0	1	0	0	5
19981	1	0	0	0	2	0	0	0	0	0	0	0	3
19982	2	0	0	0	1	0	0	1	0	0	0	0	4
19983	0	0	0	0	0	0	0	1	0	0	0	0	1
19984	1	0	0	0	1	1	0	0	0	0	0	0	3
19985	2	0	0	1	2	0	0	0	0	0	0	0	5
19986	1	0	0	0	0	0	0	0	0	0	0	0	1
19987	2	0	0	0	1	0	0	1	0	0	0	0	4
19988	1	0	0	0	0	0	0	0	0	0	0	0	1
19989	2	0	0	0	0	0	0	0	0	0	0	0	2
19990	2	0	0	0	1	0	0	1	0	0	0	0	4
19991	3	0	0	0	0	0	0	0	0	0	0	0	3
19992	1	0	0	0	2	0	0	0	0	0	0	0	3
19993	4	0	0	0	1	0	0	0	0	0	0	0	5
19994	2	0	0	0	1	1	0	1	0	0	0	0	5
19995	1	0	0	0	0	0	0	1	0	0	0	0	2
19996	0	0	0	1	2	0	0	0	0	0	0	0	3
19997	4	0	0	0	0	0	1	0	0	0	0	0	5
19999	5	0	0	0	0	0	0	0	0	0	0	0	5
20000	2	0	0	0	0	0	0	1	0	0	0	0	3
20001	2	0	0	0	0	0	0	0	0	0	0	0	2
20002	2	0	0	0	1	0	1	1	0	0	0	0	5
20003	4	0	0	0	0	0	0	0	0	0	0	0	4
20004	2	0	0	0	0	0	0	1	0	0	0	0	3
20005	3	0	0	0	1	0	1	0	0	0	0	0	5
20006	1	0	0	0	3	0	0	0	0	0	0	0	4
20007	2	0	0	0	0	0	0	1	0	0	0	0	3
20008	3	0	0	0	1	0	0	0	1	0	0	0	5
20009	2	1	0	1	0	0	0	0	0	0	0	0	4
20010	1	0	0	0	0	0	0	0	1	1	0	0	3
20011	3	0	0	0	0	0	0	0	0	0	0	0	3
20012	2	0	0	0	0	0	0	0	0	0	0	0	2
20013	3	0	0	0	0	0	0	0	0	0	0	0	3
20014	2	0	0	0	0	0	0	0	0	0	0	0	2
20015	3	0	0	0	0	0	0	1	0	0	0	0	4
20016	1	0	0	0	0	0	0	0	0	0	0	0	1
20017	2	0	0	0	0	0	0	0	0	1	0	0	3
20018	4	0	0	0	0	0	0	0	0	0	0	0	4
20019	3	0	0	0	0	0	0	0	0	0	0	0	3
20020	2	0	0	0	0	0	0	0	0	0	0	0	2
20021	1	0	0	0	0	0	0	0	0	0	0	0	1
20022	3	0	0	0	0	0	0	0	1	0	0	0	4
20023	1	0	0	1	0	0	0	0	0	0	0	0	2
20024	2	0	0	0	1	0	0	1	0	0	0	0	4
20025	2	0	0	0	1	0	0	1	0	0	0	0	4
20026	1	0	0	1	2	0	0	0	0	0	0	0	4
20027	1	0	0	0	2	0	0	0	0	0	0	0	3
20028	2	0	0	0	1	0	0	0	0	0	0	0	3
20029	1	0	0	0	0	0	0	1	0	0	0	0	2
20030	3	0	0	0	0	0	1	0	0	0	0	0	4
20031	3	0	0	0	1	0	0	0	0	0	0	0	4
20032	2	1	1	0	0	0	0	0	0	0	0	0	4
20033	2	0	0	0	1	0	0	1	0	0	0	0	4
20034	1	0	0	1	0	0	0	0	0	0	0	0	2
20035	2	0	0	0	0	0	0	0	0	0	0	0	2
20036	1	0	0	1	1	0	0	0	0	0	0	0	3
20038	0	0	0	1	1	0	0	0	0	0	0	0	2
20039	3	0	0	0	3	0	0	0	0	0	0	0	6
20040	5	0	0	0	0	0	1	1	0	1	0	0	8
20041	3	0	0	0	1	0	0	0	0	0	0	0	4
20042	1	0	0	0	0	0	0	0	0	0	0	0	1
20043	1	0	0	2	1	0	0	0	0	0	0	0	4
20044	3	0	0	0	0	0	0	0	0	0	0	0	3
20045	2	0	0	0	0	0	0	0	0	0	0	0	2
20046	2	0	0	0	0	0	0	0	0	0	0	0	2
20047	3	0	0	0	0	0	0	1	0	0	0	0	4
20048	2	0	0	0	0	0	0	0	0	0	0	0	2
20049	3	0	0	0	0	0	0	0	0	0	0	0	3
20050	3	0	0	0	0	0	0	0	0	0	0	0	3
20051	5	0	0	0	2	0	0	1	0	0	0	0	8
20052	2	0	0	0	0	0	1	0	0	0	0	0	3
20053	5	0	0	0	0	0	0	1	0	0	0	0	6
20054	1	0	0	0	0	0	0	0	0	0	0	0	1
20055	0	0	0	1	7	0	0	0	0	0	0	0	8
20056	1	0	0	0	0	0	0	0	0	0	0	0	1
20057	4	0	0	0	0	0	0	0	1	0	0	0	5
20058	1	0	0	0	0	0	0	0	0	0	0	0	1
20059	1	0	0	0	1	0	0	0	0	0	0	0	2
20060	2	0	0	0	1	0	0	0	0	0	0	0	3
20061	1	0	0	0	0	0	0	0	0	0	0	0	1
20062	1	0	0	0	0	0	0	0	0	0	0	0	1
20063	2	0	0	1	0	0	0	1	0	0	0	0	4
20064	2	0	0	0	0	0	0	1	0	0	0	0	3
20065	2	0	0	0	0	2	0	0	1	0	0	0	5
20066	4	0	0	0	0	0	0	0	0	0	0	0	4
20067	2	0	0	0	0	0	0	0	0	0	0	0	2
20068	5	1	0	0	0	0	0	0	0	0	0	0	6
20069	0	0	0	1	0	0	0	0	0	0	0	0	1
20070	2	0	0	0	0	0	0	1	0	0	0	0	3
20071	2	0	0	1	0	0	0	1	0	0	0	0	4
20072	2	0	0	1	1	0	0	0	0	0	0	0	4
20073	2	0	0	0	2	0	0	1	0	0	0	0	5
20074	2	0	0	0	0	0	0	0	0	0	0	0	2
20075	2	0	0	0	0	0	0	1	0	0	0	0	3
20076	3	0	0	1	0	0	0	0	0	0	0	0	4
20077	2	0	0	0	1	0	0	0	0	0	0	0	3
20078	1	0	0	2	1	0	0	0	0	0	0	0	4
20079	1	0	0	0	2	0	0	0	1	0	0	0	4
20080	1	0	0	0	0	0	0	0	0	0	0	0	1
20081	2	0	0	1	0	0	1	0	0	0	0	0	4
20082	2	0	0	0	0	0	0	0	0	0	0	0	2
20083	1	0	0	0	0	0	0	1	0	1	0	0	3
20084	2	0	0	0	2	0	0	1	0	0	0	0	5
20085	2	1	0	0	0	0	0	1	0	0	0	0	4
20086	2	0	0	0	1	0	0	0	0	0	0	0	3
20087	3	0	0	0	0	0	0	0	0	0	0	0	3
20088	2	0	0	0	0	0	0	0	0	0	0	0	2
20089	2	0	0	0	0	0	0	1	0	0	0	0	3
20090	2	0	0	0	1	0	1	1	0	0	0	0	5
20091	2	0	0	0	1	0	0	0	0	0	0	0	3
20092	4	0	0	0	0	0	0	0	0	0	0	0	4
20093	2	0	0	2	0	0	0	0	0	0	0	0	4
20094	0	0	0	0	2	0	0	0	0	0	0	0	2
20095	2	0	0	0	0	0	0	0	0	0	0	0	2
20096	2	0	0	0	1	0	0	0	0	0	0	0	3
20097	2	0	1	0	0	0	0	0	1	0	0	0	4
20098	1	0	0	0	1	0	0	2	0	0	0	0	4
20099	2	0	0	0	1	0	0	0	0	0	0	0	3
20100	2	0	0	0	1	0	0	1	0	0	0	0	4
20101	1	0	0	0	0	1	0	0	0	0	0	0	2
20102	2	0	0	0	1	0	0	0	0	0	0	0	3
20103	2	0	0	0	0	0	0	0	0	0	0	0	2
20104	2	0	0	0	1	0	0	0	0	0	0	0	3
20105	1	0	0	1	0	0	0	0	0	0	0	0	2
20106	2	0	0	0	0	0	0	0	0	0	0	0	2
20107	2	0	0	0	1	0	0	0	0	0	0	0	3
20108	2	0	0	1	0	0	1	0	0	0	0	0	4
20109	2	0	0	0	3	0	0	0	0	0	0	0	5
20110	2	0	0	0	0	0	0	0	0	0	0	0	2
20111	1	0	0	0	2	0	0	0	0	0	0	0	3
20112	1	0	0	0	2	0	0	0	0	0	0	0	3
20113	1	0	0	0	0	0	0	0	0	0	0	0	1
20114	2	0	0	0	0	0	0	0	0	0	0	0	2
20115	1	0	0	0	2	0	0	1	0	0	0	0	4
20116	1	0	0	0	1	0	0	0	0	0	0	0	2
20117	3	0	0	0	0	0	0	0	0	0	0	0	3
20118	2	0	0	1	0	1	0	0	0	0	0	0	4
20119	1	1	0	0	0	0	0	1	0	0	0	0	3
20120	2	0	0	0	0	0	0	1	0	0	0	0	3
20121	2	0	0	0	0	0	0	0	0	0	0	0	2
20122	2	0	0	1	0	0	0	0	0	0	0	0	3
20123	1	0	0	0	2	0	0	0	0	0	0	0	3
20124	2	0	0	1	0	0	2	0	0	0	0	0	5
20125	2	0	0	0	0	0	0	1	1	0	0	0	4
20126	1	0	0	0	0	0	0	0	0	0	0	0	1
20127	1	0	0	0	2	0	0	0	0	0	0	0	3
20128	2	0	0	0	1	0	0	0	0	0	0	0	3
20129	1	0	0	0	2	0	0	0	0	0	0	0	3
20130	5	0	0	0	0	0	1	0	0	0	0	0	6
20131	1	0	0	0	0	1	0	0	0	0	0	0	2
20132	1	0	0	0	0	0	0	1	0	0	0	0	2
20133	3	0	0	0	0	0	0	1	0	0	0	0	4
20134	0	0	0	0	3	0	0	0	0	0	0	0	3
20135	3	0	0	0	0	0	0	0	0	0	0	0	3
20136	1	0	0	0	2	0	0	0	0	0	0	0	3
20137	3	0	0	0	0	0	0	0	0	0	0	0	3
20138	1	0	0	0	1	0	0	0	0	0	0	0	2
20139	2	0	0	0	1	0	0	0	0	0	0	0	3
20140	2	0	0	0	0	0	0	1	0	0	0	0	3
20141	2	0	0	0	0	0	0	1	0	0	0	0	3
20142	1	0	0	0	1	0	0	0	0	0	0	0	2
20143	2	0	0	0	0	0	0	1	0	0	0	0	3
20144	2	0	0	0	0	0	0	0	0	0	0	0	2
20145	1	0	0	0	0	0	0	0	0	0	0	0	1
20146	3	0	0	0	0	0	0	0	0	0	0	0	3
20147	1	0	0	0	0	0	0	0	0	0	0	0	1
20148	2	0	0	1	1	0	0	0	0	0	0	0	4
20149	2	0	0	0	0	0	0	0	0	0	0	0	2
20150	1	0	0	0	5	0	0	0	0	0	0	0	6
20151	2	1	0	1	0	0	0	0	0	0	0	0	4
20152	4	0	0	0	0	0	0	0	0	0	0	0	4
20153	2	0	0	0	0	0	0	1	1	0	0	0	4
20154	2	0	0	0	0	0	0	0	0	0	0	0	2
20155	1	0	0	0	1	0	0	0	0	0	0	0	2
20156	2	0	0	0	0	0	1	0	0	0	0	0	3
20157	3	0	0	0	0	0	0	1	0	0	0	0	4
20158	0	0	0	0	2	0	0	0	0	0	0	0	2
20159	0	0	0	0	0	0	0	1	0	0	0	0	1
20160	1	0	0	0	0	0	0	0	0	0	0	0	1
20161	1	0	0	0	0	1	0	0	0	0	0	0	2
20162	6	0	0	0	0	0	0	1	0	0	0	0	7
20163	6	0	0	0	0	0	0	0	0	0	1	0	7
20164	4	0	0	0	0	0	0	0	0	0	0	0	4
20165	1	0	0	0	0	0	0	0	0	0	0	0	1
20166	3	0	0	0	1	0	0	1	0	0	0	0	5
20167	2	0	0	0	0	0	0	0	0	0	0	0	2
20168	1	0	0	2	0	0	0	0	0	0	0	0	3
20169	4	0	0	0	0	0	0	0	1	0	0	0	5
20170	1	0	0	0	1	0	0	0	0	0	0	0	2
20171	0	0	2	0	0	0	0	0	0	0	0	0	2
20172	1	0	0	1	0	0	0	0	0	0	0	0	2
20173	1	0	0	2	0	0	0	0	0	0	0	0	3
20174	1	0	0	0	1	0	0	0	0	0	0	0	2
20175	1	0	0	1	0	0	0	0	0	0	0	0	2
20176	0	0	1	0	0	0	0	0	0	0	0	0	1
20177	4	0	0	1	1	0	0	1	0	0	0	0	7
20178	1	0	0	1	0	0	0	0	0	0	0	0	2
20179	0	0	0	1	1	0	0	1	0	0	0	0	3
20180	0	0	2	0	1	0	0	1	0	0	0	0	4
20181	4	0	0	0	0	0	0	0	0	0	0	0	4
20182	2	1	0	0	0	0	0	0	0	0	0	0	3
20183	0	0	0	1	0	0	0	0	0	0	0	0	1
20185	1	0	0	0	0	0	0	0	0	0	0	0	1
20186	1	0	0	1	2	0	0	2	0	0	0	0	6
20187	1	0	0	2	1	0	0	0	0	0	0	0	4
20188	1	0	0	1	0	0	0	0	0	0	0	0	2
20189	1	0	0	2	1	0	0	0	0	0	0	0	4
20190	4	0	0	0	0	0	0	0	0	0	0	0	4
20191	2	0	0	1	0	0	0	0	0	0	0	0	3
20192	1	0	0	0	0	0	0	0	0	0	0	0	1
20193	1	0	0	0	1	0	0	0	0	0	0	0	2
20194	2	0	0	0	0	0	0	0	0	0	0	0	2
20195	1	0	0	1	1	0	0	0	0	0	0	0	3
20196	4	0	0	0	0	0	0	0	0	0	0	0	4
20197	0	0	0	0	1	0	0	0	0	0	0	0	1
20198	2	0	0	1	0	0	0	0	0	0	0	0	3
20199	1	0	0	1	1	0	1	0	0	0	0	0	4
20200	2	0	0	0	0	0	0	0	1	0	0	0	3
20201	2	0	0	0	0	0	0	0	0	0	0	0	2
20202	2	0	0	0	0	0	0	0	0	0	0	0	2
20203	3	1	0	0	0	0	0	0	0	0	0	0	4
20204	2	0	0	1	0	0	0	0	0	0	0	0	3
20205	1	0	0	1	0	0	0	0	0	0	0	0	2
20206	1	1	0	0	0	0	1	0	0	0	0	0	3
20207	2	0	0	0	2	0	0	0	0	0	0	0	4
20208	0	0	0	2	1	0	1	0	0	0	0	0	4
20209	0	0	0	0	1	0	1	0	0	0	0	0	2
20210	1	0	0	1	0	0	0	1	0	0	0	0	3
20211	3	0	0	0	0	0	0	1	0	0	0	0	4
20212	1	0	0	1	0	0	0	0	0	0	0	0	2
20213	1	0	0	0	2	0	0	0	0	0	0	0	3
20214	0	0	0	1	0	0	0	0	0	0	0	0	1
20215	1	0	0	0	0	0	0	0	0	0	0	0	1
20216	1	0	2	0	0	0	0	0	0	0	0	0	3
20217	1	0	0	0	0	0	0	0	0	0	0	0	1
20219	2	0	0	0	0	0	0	1	0	0	0	0	3
20220	2	0	0	1	0	0	0	0	0	0	0	0	3
20221	1	0	1	0	1	0	0	0	0	0	0	0	3
20222	3	0	0	0	0	0	0	0	1	0	0	0	4
20223	3	0	0	0	1	0	0	0	0	0	0	0	4
20224	1	1	0	1	2	0	0	0	0	1	0	0	6
20225	2	0	0	0	0	0	0	1	0	0	0	0	3
20226	3	0	0	0	0	1	0	0	0	0	0	0	4
20227	3	0	0	1	1	0	0	1	0	0	0	0	6
20228	4	0	0	0	0	0	0	0	0	0	0	0	4
20229	1	0	0	1	0	0	0	1	0	0	0	0	3
20230	1	0	0	0	0	0	0	0	0	0	0	0	1
20231	1	0	0	0	1	0	0	1	0	0	0	0	3
20232	1	0	0	1	1	0	1	1	0	0	0	0	5
20233	1	0	0	0	2	0	0	0	1	0	0	0	4
20234	2	0	0	1	0	1	2	0	0	0	0	0	6
20235	2	0	0	0	0	0	0	1	0	1	0	0	4
20236	2	0	0	0	0	0	0	0	0	0	0	0	2
20237	0	0	0	0	2	0	0	0	0	0	0	0	2
20238	1	0	0	0	0	0	0	1	0	0	0	0	2
20239	0	0	0	1	1	0	0	0	0	0	0	0	2
20240	3	0	0	0	0	0	0	1	0	0	0	0	4
20241	0	0	0	1	1	0	0	1	0	0	0	0	3
20242	1	0	0	0	0	0	0	0	0	0	0	0	1
20243	2	0	0	0	0	0	0	0	0	0	0	0	2
20244	2	0	0	0	1	0	0	0	0	0	0	0	3
20245	4	0	0	0	0	0	0	0	0	0	0	0	4
20246	2	0	0	0	0	0	0	0	0	0	0	0	2
20248	2	0	1	0	0	0	0	0	0	0	0	0	3
20249	4	0	0	1	0	0	0	0	0	0	0	0	5
20250	2	0	0	0	0	0	0	0	0	0	0	0	2
20251	0	0	0	0	2	0	0	0	0	0	0	0	2
20252	1	0	0	0	0	0	0	0	0	0	0	0	1
20253	1	0	0	0	1	0	0	0	0	0	0	0	2
20254	0	0	0	1	1	0	0	0	0	0	0	0	2
20255	4	0	0	0	0	0	0	0	0	0	0	0	4
20256	2	0	0	0	0	0	0	0	0	0	0	0	2
20257	0	0	0	1	1	0	0	0	0	0	0	0	2
20258	1	0	0	0	0	0	0	0	0	0	0	0	1
20259	0	0	0	1	0	0	0	0	0	0	0	0	1
20260	0	0	0	1	0	0	0	0	0	0	0	0	1
20261	2	0	0	0	0	0	0	0	0	0	0	0	2
20262	1	0	1	0	0	0	0	0	0	0	0	0	2
20264	0	0	0	2	0	0	0	0	0	0	0	0	2
20265	0	0	1	0	1	0	0	0	0	0	0	0	2
20266	0	0	0	1	0	0	0	0	0	0	0	0	1
20267	0	0	0	1	1	0	0	0	0	0	0	0	2
20268	2	0	0	0	0	0	0	1	0	0	0	0	3
20269	3	0	0	0	1	0	0	0	0	0	0	0	4
20270	0	0	0	3	0	0	0	0	0	0	0	0	3
20271	3	0	0	0	0	0	0	2	0	0	0	0	5
20272	0	0	0	2	1	0	0	1	0	0	0	0	4
20273	1	0	0	1	1	0	0	0	0	0	0	0	3
20274	0	0	0	0	0	0	0	1	0	0	0	0	1
20275	1	0	0	0	0	0	0	0	0	0	0	0	1
20276	2	0	0	1	0	0	0	0	0	0	0	0	3
20277	2	0	0	0	0	0	0	0	0	0	0	0	2
20278	1	0	0	0	1	0	0	1	0	0	0	0	3
20279	1	0	0	0	0	0	0	0	0	0	0	0	1
20281	0	0	1	0	0	0	0	0	0	0	0	0	1
20282	0	0	0	1	0	0	0	0	0	0	0	0	1
20283	1	0	0	1	0	0	0	0	0	0	0	0	2
20284	0	0	0	1	0	0	3	1	0	0	0	0	5
20285	2	0	0	0	1	0	0	0	0	0	0	0	3
20286	1	0	0	0	1	0	0	0	0	0	0	0	2
20287	1	0	0	0	1	0	0	0	0	0	0	0	2
20288	2	0	0	0	0	0	0	0	0	0	0	0	2
20289	2	0	0	0	0	0	0	1	0	0	0	0	3
20290	1	0	0	0	0	0	0	0	0	0	0	0	1
20291	2	0	0	0	0	0	0	0	0	0	0	0	2
20292	0	0	0	0	2	0	0	0	0	0	0	0	2
20293	2	0	0	0	0	0	0	0	0	0	0	0	2
20294	1	0	0	0	1	0	0	0	0	0	0	0	2
20295	2	0	0	0	0	0	0	0	0	0	0	0	2
20296	1	0	0	1	0	0	0	1	0	0	0	0	3
20297	1	0	0	1	0	0	0	0	0	1	0	0	3
20298	1	0	2	0	0	0	0	0	0	0	0	0	3
20299	2	0	0	0	0	0	0	0	0	0	0	0	2
20300	1	0	0	1	0	0	0	2	0	0	0	0	4
20301	4	0	0	0	0	0	0	1	0	0	0	0	5
20302	1	0	0	1	0	0	0	0	0	0	0	0	2
20303	2	0	0	0	0	0	0	0	0	0	0	0	2
20304	2	0	0	0	0	0	0	0	0	0	0	0	2
20305	0	0	0	0	1	0	0	0	0	0	0	0	1
20306	4	0	0	0	0	0	0	0	0	0	0	0	4
20307	2	0	0	1	0	0	0	0	0	0	0	0	3
20308	2	0	0	0	1	0	0	1	0	0	0	0	4
20309	3	0	0	0	0	0	0	1	0	0	0	0	4
20310	1	0	0	0	0	0	0	0	0	0	0	0	1
20311	0	0	2	0	0	0	0	0	0	0	0	0	2
20312	1	0	0	0	0	0	0	0	0	0	0	0	1
20313	0	0	0	0	2	0	0	0	0	0	0	0	2
20314	2	0	0	0	0	0	0	0	0	0	0	0	2
20315	0	0	0	0	1	0	0	0	0	0	0	0	1
20316	0	0	0	1	1	0	0	0	0	0	0	0	2
20317	1	0	0	1	0	0	0	0	0	0	0	0	2
20318	0	0	1	1	0	0	0	0	0	0	0	0	2
20319	2	0	0	0	0	0	0	0	0	0	0	0	2
20321	3	0	0	0	0	0	0	0	0	0	0	0	3
20322	2	0	0	1	1	0	1	0	0	0	0	0	5
20323	1	0	0	0	0	0	0	1	0	0	0	0	2
20324	2	0	0	1	1	0	0	0	0	0	0	0	4
20325	0	0	0	1	0	0	0	0	0	0	0	0	1
20326	0	0	0	1	1	0	0	0	0	0	0	0	2
20327	2	0	0	0	2	0	0	0	0	0	0	0	4
20328	3	0	0	0	0	0	0	0	0	0	0	0	3
20329	1	0	0	0	1	0	0	0	0	0	0	0	2
20330	1	0	0	0	1	0	1	1	0	0	0	0	4
20331	3	0	0	0	0	0	0	0	0	0	0	0	3
20334	0	0	0	0	3	0	0	0	0	0	0	0	3
20335	1	0	0	0	2	0	0	0	0	0	0	0	3
20336	1	0	0	0	0	0	0	1	0	0	0	0	2
20337	2	1	0	0	0	0	0	0	0	0	0	0	3
20338	2	0	0	0	1	0	0	1	0	0	0	0	4
20339	1	0	0	1	0	0	0	0	0	0	0	0	2
20340	2	0	0	0	0	0	0	1	0	0	0	0	3
20342	0	0	2	0	0	0	0	0	0	0	0	0	2
20343	0	0	0	0	3	0	0	0	0	0	0	0	3
20344	2	0	0	0	0	0	0	0	0	0	0	0	2
20345	1	2	0	0	2	0	0	0	0	0	0	0	5
20346	1	0	1	0	1	0	0	1	0	0	0	0	4
20347	1	0	0	0	1	0	0	1	0	0	0	0	3
20348	2	0	0	0	0	1	0	0	0	0	0	0	3
20349	2	0	0	1	0	0	0	0	0	0	0	0	3
20351	0	0	0	0	1	0	0	0	0	0	0	0	1
20352	2	0	0	0	0	0	0	0	0	0	0	0	2
20353	1	0	0	0	1	0	0	0	0	0	0	0	2
20354	1	0	0	1	0	0	0	0	0	0	0	0	2
20355	3	0	0	0	0	0	0	0	0	0	0	0	3
20356	2	0	0	0	0	0	0	0	0	0	0	0	2
20357	2	0	0	0	1	0	0	0	0	0	0	0	3
20358	3	0	0	0	0	0	0	0	0	0	0	0	3
20359	1	0	0	0	0	0	1	0	1	0	0	0	3
20360	1	0	0	0	0	0	0	0	0	0	0	0	1
20361	0	0	0	1	2	0	0	0	1	0	0	0	4
20362	2	0	0	1	0	0	0	0	0	0	0	0	3
20363	0	0	1	0	0	0	0	0	0	0	0	0	1
20364	2	0	0	0	0	0	0	0	0	0	0	0	2
20365	1	0	0	0	1	0	0	0	0	0	0	0	2
20366	2	0	0	0	0	0	0	0	0	0	0	0	2
20368	3	0	0	0	0	0	0	0	0	0	0	0	3
20369	2	0	0	0	2	0	0	0	0	0	0	0	4
20370	0	0	0	1	1	0	0	1	0	0	0	0	3
20371	2	0	0	0	0	0	0	1	0	0	0	0	3
20372	1	0	0	0	0	0	0	0	0	0	0	0	1
20373	0	0	0	0	2	0	0	1	0	0	0	0	3
20374	0	0	0	0	1	0	0	0	0	0	0	0	1
20375	1	0	0	0	1	0	0	1	0	0	0	0	3
20376	0	0	0	0	0	0	1	0	0	0	0	0	1
20378	3	0	0	0	0	0	0	0	0	0	0	0	3
20379	1	0	0	0	0	0	0	0	0	0	0	0	1
20380	3	0	0	0	0	0	0	0	0	0	0	0	3
20381	2	0	0	0	0	0	0	0	0	0	0	0	2
20382	1	0	0	1	1	0	0	1	0	0	0	0	4
20383	3	0	1	0	1	0	0	0	0	0	0	0	5
20384	0	0	0	0	1	0	0	0	0	0	0	0	1
20385	2	0	0	0	0	0	0	0	0	0	0	0	2
20387	1	0	0	0	0	0	0	0	0	0	0	0	1
20388	2	0	0	0	0	0	0	0	0	0	0	0	2
20389	1	0	0	0	1	0	0	0	0	0	0	0	2
20390	2	0	0	0	0	0	0	1	0	0	0	0	3
20391	1	0	0	0	0	0	0	0	0	0	0	0	1
20392	0	0	2	0	0	0	0	0	0	0	0	0	2
20393	2	0	0	0	0	0	0	0	0	0	0	0	2
20394	3	0	0	0	0	0	0	0	0	0	0	0	3
20395	2	0	0	0	0	0	0	1	0	0	0	0	3
20396	3	0	0	0	1	0	0	0	0	0	0	0	4
20397	1	1	0	0	3	0	0	0	0	0	0	0	5
20398	1	0	0	0	0	0	0	0	0	0	0	0	1
20399	0	0	0	0	4	0	0	0	0	0	0	0	4
20400	2	0	0	0	0	0	0	1	0	0	0	0	3
20401	2	0	0	0	0	0	0	1	0	0	0	0	3
20403	3	0	0	0	0	0	0	0	0	0	0	0	3
20404	2	0	0	1	0	0	0	0	0	0	0	0	3
20405	2	0	1	0	0	0	1	0	0	0	0	0	4
20406	1	0	0	1	0	0	0	1	0	0	0	0	3
20407	1	0	0	0	0	1	0	0	0	0	0	0	2
20408	2	0	0	1	0	0	0	0	0	0	0	0	3
20409	1	0	0	0	0	0	0	0	0	0	0	0	1
20410	1	0	0	0	1	0	0	0	0	0	0	0	2
20411	2	0	0	0	0	0	0	1	0	0	0	0	3
20412	3	0	0	0	1	0	0	1	0	0	0	0	5
20413	0	0	0	0	1	0	1	0	0	0	0	0	2
20414	2	0	0	0	1	0	1	0	0	0	0	0	4
20415	2	0	0	0	0	0	0	0	0	0	0	0	2
20416	1	0	0	0	0	0	0	0	0	0	0	0	1
20419	3	0	0	0	0	0	0	0	0	0	0	0	3
20420	3	0	1	0	0	0	0	0	0	0	0	0	4
20421	2	0	0	0	0	0	0	0	0	0	0	0	2
20422	1	0	0	1	0	0	0	0	0	0	0	0	2
20423	4	0	0	0	0	0	0	0	0	0	0	0	4
20425	3	0	0	0	0	0	0	0	0	0	0	0	3
20426	2	0	0	1	0	0	0	1	0	0	0	0	4
20427	1	0	0	0	1	0	0	0	0	0	0	0	2
20428	2	0	0	0	1	0	0	0	0	0	0	0	3
20429	3	0	0	0	0	0	0	0	0	0	0	0	3
20430	0	0	0	0	0	0	1	0	0	0	0	0	1
20431	0	0	0	0	0	1	0	1	0	0	0	0	2
20432	3	0	0	1	0	0	0	1	0	0	0	0	5
20433	2	0	0	0	2	0	0	0	0	0	0	0	4
20434	1	0	0	0	0	0	0	0	0	0	0	0	1
20435	0	0	0	0	1	0	0	0	0	0	0	0	1
20436	1	0	0	0	1	0	0	0	0	0	0	0	2
20437	0	0	0	1	1	0	0	0	0	0	0	0	2
20438	1	0	0	0	1	0	0	0	0	0	0	0	2
20439	2	0	0	0	0	0	0	0	0	0	0	0	2
20440	1	0	0	0	0	0	2	0	0	0	0	0	3
20441	3	0	0	0	0	0	0	0	0	0	0	0	3
20442	2	0	0	0	0	0	0	1	0	0	0	0	3
20443	2	0	0	0	0	0	0	0	0	0	0	0	2
20444	0	0	0	0	0	1	1	0	0	0	0	0	2
20445	2	0	0	1	0	0	0	0	0	0	0	0	3
20446	1	0	0	0	0	1	0	0	0	0	0	0	2
20447	2	0	0	0	0	0	0	2	0	0	0	0	4
20448	2	0	0	0	1	0	0	0	0	0	0	0	3
20449	0	0	1	0	0	0	0	0	0	0	0	0	1
20450	1	0	0	0	1	0	0	0	0	0	0	0	2
20453	4	0	0	0	0	0	0	0	0	0	0	0	4
20454	0	0	0	3	0	0	0	0	0	0	0	0	3
20455	1	0	0	1	0	0	0	0	0	0	0	0	2
20456	4	0	0	0	0	0	0	1	0	0	0	0	5
20457	1	0	0	0	0	0	0	0	0	0	0	0	1
20458	5	0	0	0	0	0	0	0	1	0	0	0	6
20459	2	0	0	0	0	0	0	0	1	0	0	0	3
20460	0	0	0	0	1	0	0	1	0	0	0	0	2
20461	0	0	0	0	1	0	0	0	0	0	0	0	1
20462	0	0	0	2	0	0	0	0	0	0	0	0	2
20463	2	0	0	0	0	0	0	0	0	0	0	0	2
20464	2	0	0	0	0	0	0	0	0	0	0	0	2
20465	3	0	0	0	0	0	0	1	0	0	0	0	4
20466	1	0	0	0	0	0	0	0	0	0	0	0	1
20467	1	0	0	1	0	0	0	0	0	0	0	0	2
20468	1	0	0	0	0	0	0	0	0	0	0	0	1
20469	1	0	0	0	0	1	0	0	0	0	0	0	2
20470	2	0	0	0	0	0	0	0	0	0	0	0	2
20471	1	0	0	1	0	0	0	0	0	0	0	0	2
20472	1	0	0	0	2	0	0	0	0	0	0	0	3
20473	2	0	0	0	1	0	0	0	0	0	0	0	3
20474	2	0	0	0	0	0	0	0	0	0	0	0	2
20475	2	0	0	0	1	0	0	0	0	0	0	0	3
20476	3	1	0	0	0	0	2	1	0	0	0	0	7
20477	2	0	0	0	1	0	0	0	0	0	0	0	3
20478	1	0	0	0	0	1	0	0	0	0	0	0	2
20479	3	0	0	0	0	0	0	1	0	0	0	0	4
20480	1	0	0	1	0	0	0	0	0	0	0	0	2
20481	1	0	0	0	0	0	0	0	0	0	0	0	1
20482	3	0	0	0	0	0	0	0	0	0	0	0	3
20483	1	0	0	0	0	0	0	0	0	0	0	0	1
20484	0	0	0	0	3	0	0	0	0	0	0	0	3
20485	1	0	0	0	0	0	1	0	0	0	0	0	2
20486	1	0	0	0	0	0	0	0	0	0	0	0	1
20487	1	0	0	0	2	0	0	1	0	0	0	0	4
20488	0	0	0	0	2	0	0	0	0	0	0	0	2
20489	1	0	0	0	0	0	1	0	0	0	0	0	2
20490	1	0	0	0	0	0	1	1	0	0	0	0	3
20491	1	0	0	0	0	0	0	1	0	0	0	0	2
20492	0	0	0	0	1	0	0	0	0	0	0	0	1
20493	3	0	0	0	1	0	0	0	0	0	0	0	4
20494	3	0	0	1	0	0	0	0	0	0	0	0	4
20495	2	0	0	1	0	0	0	0	0	0	0	0	3
20496	4	0	0	0	0	0	0	0	0	0	0	0	4
20497	0	0	0	1	2	0	0	0	0	0	0	0	3
20498	2	0	0	0	0	0	0	0	0	0	0	0	2
20499	2	0	0	0	0	0	1	0	0	0	0	0	3
20500	1	0	0	0	0	0	0	0	0	0	0	0	1
20501	1	0	0	0	1	0	0	0	0	0	0	0	2
20503	1	0	0	0	0	0	0	0	0	0	0	0	1
20504	0	0	0	0	2	0	0	0	0	0	0	0	2
20505	2	0	0	0	1	0	0	0	0	0	0	0	3
20506	2	0	0	0	0	0	0	0	1	0	0	0	3
20507	1	0	0	0	0	0	0	0	0	0	0	0	1
20508	2	0	0	0	2	0	0	0	0	0	0	0	4
20510	2	0	0	0	0	0	0	0	0	0	0	0	2
20511	2	0	0	0	2	0	0	0	0	0	0	0	4
20512	2	0	0	0	0	2	0	1	0	0	0	0	5
20513	1	0	0	0	0	0	0	0	0	0	0	0	1
20514	1	0	0	0	1	0	0	0	0	0	0	0	2
20515	3	0	0	0	0	0	0	0	0	0	0	0	3
20516	2	0	0	0	2	0	0	0	0	0	0	0	4
20517	4	0	0	0	1	0	0	0	0	0	0	0	5
20519	1	0	0	0	1	0	0	0	0	0	0	0	2
20522	2	0	1	0	0	0	0	0	0	0	0	0	3
20523	2	0	0	0	0	0	0	0	0	0	0	0	2
20524	2	0	0	0	1	0	0	0	0	0	0	0	3
20525	0	0	2	1	0	0	0	0	0	0	0	0	3
20526	1	0	0	0	0	0	0	0	0	0	0	0	1
20527	3	0	0	0	0	0	0	1	0	0	0	0	4
20528	0	0	0	0	2	0	0	0	0	0	0	0	2
20529	0	1	0	0	1	1	0	0	0	0	0	0	3
20530	3	0	0	0	0	0	0	0	0	0	0	0	3
20531	1	0	0	0	0	0	0	1	0	0	0	0	2
20532	2	0	0	1	0	0	0	0	0	0	0	0	3
20533	2	0	0	0	1	0	0	0	0	0	0	0	3
20534	0	0	0	0	1	0	0	0	0	0	0	0	1
20535	0	0	0	1	0	0	0	0	0	0	0	0	1
20536	1	0	0	0	0	0	0	0	1	0	0	0	2
20537	2	0	1	0	0	0	0	0	0	0	0	0	3
20538	1	0	0	0	0	0	0	0	0	0	0	0	1
20539	1	0	0	2	0	0	0	1	0	0	0	0	4
20540	3	0	0	0	0	0	0	0	0	0	0	0	3
20541	0	0	0	0	0	1	0	1	0	0	0	0	2
20542	3	0	0	0	0	0	0	0	0	0	0	0	3
20543	3	0	0	0	0	0	0	0	0	0	0	0	3
20544	2	0	1	0	0	0	0	0	0	0	0	0	3
20545	1	1	1	0	0	0	0	0	0	0	0	0	3
20546	1	0	0	0	0	0	0	0	0	0	0	0	1
20547	1	0	2	0	0	0	0	0	0	0	0	0	3
20548	3	0	0	0	0	0	0	0	0	0	0	0	3
20549	2	0	0	0	1	0	1	0	0	0	0	0	4
20550	1	0	0	0	1	0	1	0	0	0	0	0	3
20551	1	0	0	0	0	0	0	0	0	0	0	0	1
20552	1	0	0	0	1	0	0	0	0	0	0	0	2
20553	0	0	0	0	4	0	0	1	0	0	0	0	5
20554	1	0	0	0	0	0	1	1	0	0	0	0	3
20556	0	0	1	0	0	0	0	0	0	0	0	0	1
20557	1	0	0	0	1	0	0	1	0	0	0	0	3
20558	2	0	0	0	0	0	0	1	0	0	0	0	3
20559	2	0	0	0	0	0	0	0	0	0	0	0	2
20560	2	0	0	0	0	0	0	0	0	0	0	0	2
20561	1	0	0	0	0	0	0	0	0	0	0	0	1
20562	1	0	1	0	0	0	0	1	0	0	0	0	3
20563	0	1	0	1	0	0	0	0	0	0	0	0	2
20564	1	0	0	0	0	0	0	0	0	0	0	0	1
20565	2	0	0	1	0	1	0	0	0	0	0	0	4
20566	1	0	0	0	0	0	0	1	0	0	0	0	2
20567	1	0	0	0	0	0	0	0	0	0	0	0	1
20568	2	0	0	0	0	0	0	1	0	0	0	0	3
20569	1	0	0	0	0	0	0	2	0	0	0	0	3
20570	2	0	0	1	0	0	0	0	0	0	0	0	3
20571	2	0	0	0	0	0	1	0	0	0	0	0	3
20573	2	0	0	0	0	0	0	0	0	0	0	0	2
20574	4	0	0	0	0	0	0	1	0	0	0	0	5
20575	1	2	0	0	1	0	0	1	1	0	0	0	6
20576	2	0	0	0	2	0	0	0	0	0	0	0	4
20578	1	0	2	0	1	0	0	0	0	0	0	0	4
20579	1	0	0	0	1	0	0	0	0	0	0	0	2
20580	3	0	0	0	0	0	0	1	0	0	0	0	4
20581	0	1	0	0	0	0	0	0	0	0	0	0	1
20582	1	0	1	0	0	0	0	0	0	0	0	0	2
20583	0	0	0	1	1	0	0	0	0	0	0	0	2
20585	2	0	0	0	1	0	0	0	1	1	0	0	5
20586	2	0	0	0	0	0	0	0	0	0	0	0	2
20587	1	0	0	0	2	0	0	0	0	0	0	0	3
20588	0	0	0	0	2	0	0	0	0	0	0	0	2
20589	2	0	0	0	0	0	0	1	0	0	0	0	3
20590	1	0	0	0	1	0	0	1	0	0	0	0	3
20591	2	0	0	0	0	0	0	0	0	0	0	0	2
20593	1	0	0	0	3	1	0	0	0	0	0	0	5
20594	0	0	0	1	0	0	0	0	0	0	0	0	1
20595	1	0	0	0	0	0	0	0	0	0	0	0	1
20596	2	0	0	0	0	0	0	0	0	0	0	0	2
20597	2	0	0	0	1	0	0	0	1	0	0	0	4
20598	2	0	0	0	0	0	0	0	0	0	0	0	2
20599	1	0	0	0	2	0	0	0	0	0	0	0	3
20600	1	0	1	0	0	0	0	1	0	0	0	0	3
20601	1	0	0	0	2	0	0	0	0	0	0	0	3
20602	1	0	0	0	1	0	0	0	0	1	0	0	3
20603	1	0	0	1	0	0	0	0	0	0	0	0	2
20604	2	0	0	0	0	0	0	1	0	0	0	0	3
20605	1	0	0	0	1	0	0	0	0	0	0	0	2
20606	3	0	0	0	0	0	1	1	0	0	0	0	5
20607	4	0	0	1	0	0	0	0	0	0	0	0	5
20608	2	0	0	0	1	0	1	0	0	0	0	0	4
20610	3	0	0	0	0	0	0	0	0	0	0	0	3
20611	0	0	0	1	1	0	0	0	0	0	0	0	2
20614	1	0	0	0	1	0	0	1	0	0	0	0	3
20615	0	0	0	1	1	0	0	0	0	0	0	0	2
20616	1	0	1	0	0	0	0	0	0	0	0	0	2
20617	1	0	0	0	2	0	0	0	0	0	0	0	3
20618	3	0	0	0	1	0	0	0	0	0	0	0	4
20619	1	0	0	0	1	0	0	0	0	0	0	0	2
20620	1	0	0	0	0	0	0	0	0	0	0	0	1
20622	0	0	1	0	2	0	0	0	1	0	0	0	4
20623	1	0	0	0	0	0	0	0	0	0	0	0	1
20624	0	0	1	0	1	1	0	0	0	0	0	0	3
20625	1	0	0	0	1	0	0	0	0	0	0	0	2
20626	0	0	0	0	2	0	0	0	0	0	0	0	2
20627	2	0	0	0	1	0	0	0	0	0	0	0	3
20628	0	0	0	0	1	0	0	0	0	0	0	0	1
20629	1	0	0	0	0	0	0	0	0	0	0	0	1
20631	2	0	0	0	1	0	0	0	0	0	0	0	3
20632	1	0	0	0	0	0	0	0	0	0	0	0	1
20633	1	1	0	0	0	0	0	0	0	0	0	0	2
20634	1	0	0	0	1	0	0	0	0	0	0	0	2
20635	1	0	0	0	0	0	0	0	0	0	0	0	1
20636	1	0	0	0	2	0	0	0	0	0	0	0	3
20637	3	0	0	0	0	0	0	1	0	0	0	0	4
20638	2	0	0	0	1	0	0	0	0	0	0	0	3
20639	1	0	0	0	1	0	0	1	0	0	0	0	3
20640	0	1	1	1	0	0	0	0	0	0	0	0	3
20642	1	0	0	0	1	0	0	0	0	0	0	0	2
20643	1	0	0	0	2	0	0	0	0	0	0	0	3
20644	1	0	0	0	1	0	0	0	0	0	0	0	2
20645	2	0	0	0	2	0	0	0	0	0	0	0	4
20646	2	0	0	2	0	0	0	0	0	0	0	0	4
20647	1	0	0	0	0	0	0	0	0	0	0	0	1
20648	2	0	1	0	0	0	0	0	0	0	0	0	3
20649	0	0	1	0	0	0	0	0	0	0	0	0	1
20650	2	0	0	0	1	0	0	0	0	0	0	0	3
20651	2	0	0	0	0	0	0	0	0	0	0	0	2
20652	2	0	0	0	0	0	0	2	0	0	0	0	4
20653	0	0	0	0	0	0	0	1	0	0	0	0	1
20654	2	0	0	0	0	0	0	0	0	0	0	0	2
20655	2	0	0	0	0	0	0	0	0	0	0	0	2
20656	1	0	0	1	1	0	0	1	0	0	0	0	4
20657	3	0	0	0	0	0	0	0	0	0	0	0	3
20658	0	0	1	0	0	0	0	0	0	0	0	0	1
20659	4	0	0	0	0	0	0	0	0	0	0	0	4
20660	0	2	0	0	0	0	0	0	0	0	0	0	2
20661	0	1	0	0	0	0	0	0	0	0	0	0	1
20662	1	0	1	0	1	0	0	1	0	0	0	0	4
20664	3	0	0	1	1	0	0	0	0	0	0	0	5
20665	2	0	0	0	0	0	0	0	0	0	0	0	2
20666	0	0	0	0	2	0	0	0	0	0	0	0	2
20667	3	0	0	0	0	0	0	0	0	0	0	0	3
20668	2	0	1	0	1	0	0	1	0	0	0	0	5
20669	2	0	0	1	0	0	0	0	0	0	0	0	3
20670	0	1	0	0	0	0	0	0	0	0	0	0	1
20671	0	0	0	0	3	1	0	0	0	0	0	0	4
20672	0	0	0	0	1	0	0	0	0	0	0	0	1
20673	0	0	0	1	0	0	0	0	0	0	0	0	1
20674	3	0	0	0	0	0	0	0	0	0	0	0	3
20675	0	0	0	0	3	0	0	0	0	0	0	0	3
20676	2	0	1	0	1	0	0	0	0	0	0	0	4
20677	1	0	1	0	0	0	0	0	0	0	0	0	2
20678	2	0	0	0	0	0	1	0	0	0	0	0	3
20679	0	0	0	0	1	0	0	0	0	0	0	0	1
20680	1	0	0	0	0	0	0	0	0	0	0	0	1
20681	1	0	1	0	0	0	0	0	0	0	0	0	2
20682	0	0	3	0	0	0	0	0	0	0	0	0	3
20683	2	0	0	0	0	0	0	0	0	0	0	0	2
20684	1	0	0	0	0	0	0	0	0	0	0	0	1
20685	2	0	0	0	1	0	0	0	1	0	0	0	4
20686	3	0	0	1	3	0	0	1	1	0	0	0	9
20687	0	0	0	1	0	0	0	0	0	0	0	0	1
20690	1	0	0	0	2	0	0	0	0	0	0	0	3
20691	0	2	0	0	0	0	0	0	0	0	0	0	2
20692	0	1	0	0	0	0	0	0	0	0	0	0	1
20693	0	0	0	0	1	0	0	0	0	0	0	0	1
20695	3	0	0	0	0	0	0	1	0	0	0	0	4
20696	3	0	0	0	1	0	0	0	0	0	0	0	4
20697	3	0	0	0	1	0	0	0	0	0	0	0	4
20698	2	0	0	0	0	0	0	1	0	0	0	0	3
20699	2	0	0	0	1	0	0	0	0	0	0	0	3
20700	0	0	0	2	1	0	0	0	0	0	0	0	3
20701	0	1	0	0	2	0	0	0	0	0	0	0	3
20702	0	0	0	0	0	1	2	1	0	0	0	0	4
20703	1	0	0	0	0	0	0	0	0	0	0	0	1
20704	3	0	0	0	0	0	0	0	0	0	0	0	3
20706	2	0	1	0	1	0	0	0	0	0	0	0	4
20707	0	0	1	0	0	0	0	0	0	0	0	0	1
20708	1	0	0	0	0	0	0	0	0	0	0	0	1
20709	1	0	0	0	0	0	0	2	0	0	0	0	3
20710	0	0	0	0	0	1	0	0	0	0	0	0	1
20711	1	0	0	0	3	0	0	0	0	0	0	0	4
20712	2	0	0	0	0	0	0	0	0	0	0	0	2
20713	1	0	0	0	0	0	0	0	0	0	0	0	1
20715	2	0	0	0	2	0	0	0	0	0	0	0	4
20716	2	0	0	0	0	0	0	0	0	0	0	0	2
20717	0	0	0	0	2	0	0	0	0	0	0	0	2
20718	3	0	1	0	0	0	0	0	0	0	0	0	4
20719	1	0	0	0	0	0	0	1	0	0	0	0	2
20720	1	0	0	0	0	0	0	0	0	0	0	0	1
20721	1	0	0	0	0	0	0	0	0	0	0	0	1
20722	2	0	0	1	2	0	0	0	0	0	0	0	5
20723	1	0	0	1	0	0	1	0	0	0	0	0	3
20724	1	0	0	0	0	0	0	0	0	0	0	0	1
20725	3	0	0	0	0	0	0	1	0	0	0	0	4
20726	1	0	0	0	0	0	0	0	0	0	0	0	1
20727	1	0	0	0	1	0	0	0	1	0	0	0	3
20728	4	0	0	0	0	0	0	0	0	0	0	0	4
20729	3	0	0	0	0	0	1	1	0	0	0	0	5
20730	0	0	0	0	1	0	0	0	0	0	0	0	1
20731	3	0	0	0	0	0	0	0	0	0	0	0	3
20732	2	0	0	0	1	0	0	0	0	0	0	0	3
20733	0	0	1	0	1	0	0	0	0	0	0	0	2
20734	0	0	1	1	0	0	0	0	0	0	0	0	2
20735	0	0	1	0	0	0	0	0	0	0	0	0	1
20736	1	0	0	0	1	0	0	1	0	0	0	0	3
20737	0	0	0	1	3	0	0	0	0	0	0	0	4
20738	2	0	0	0	0	0	1	0	0	0	0	0	3
20739	2	0	0	0	0	0	0	1	0	0	0	0	3
20740	2	0	0	0	0	0	0	0	0	0	0	0	2
20741	0	0	0	2	0	0	0	0	0	0	0	0	2
20742	4	0	0	0	1	0	0	0	0	0	0	0	5
20743	2	0	0	0	0	0	0	1	0	0	0	0	3
20744	3	0	0	0	0	0	0	0	0	0	0	0	3
20745	2	0	0	0	1	0	0	0	0	0	0	0	3
20747	0	0	0	0	1	0	0	0	0	0	0	0	1
20748	3	0	0	0	1	0	0	0	1	0	0	0	5
20749	2	0	0	0	0	0	0	2	0	0	0	0	4
20750	2	0	0	0	0	0	0	0	0	1	0	0	3
20751	0	0	0	0	3	0	0	0	0	0	0	0	3
20752	0	0	0	0	3	0	0	0	0	0	0	0	3
20753	0	0	1	0	1	0	0	0	0	0	0	0	2
20754	1	0	0	0	1	1	0	0	0	0	0	0	3
20755	1	0	0	0	0	0	0	0	0	0	0	0	1
20756	2	0	0	0	1	1	0	0	0	0	0	0	4
20757	3	0	0	0	0	0	0	0	0	0	0	0	3
20758	3	0	0	1	1	0	0	0	0	0	0	0	5
20759	2	0	0	0	1	0	0	0	0	0	0	0	3
20760	0	0	0	2	0	0	0	0	0	0	0	0	2
20761	0	0	0	0	0	0	1	0	0	0	0	0	1
20762	2	0	0	0	0	0	0	1	0	0	0	0	3
20764	2	0	0	0	1	0	0	0	0	0	0	0	3
20765	1	0	0	0	1	0	0	0	0	0	0	0	2
20766	1	0	0	0	2	0	0	0	0	0	0	0	3
20768	0	0	0	1	1	0	0	0	0	0	0	0	2
20769	1	0	0	0	0	1	0	0	0	0	0	0	2
20770	2	0	1	0	0	0	0	0	0	0	0	0	3
20771	0	0	0	0	1	0	1	0	0	0	0	0	2
20772	0	0	0	0	1	0	0	1	0	0	0	0	2
20773	3	0	0	0	0	0	1	0	0	0	0	0	4
20774	0	0	1	0	0	0	0	0	0	0	0	0	1
20775	2	0	0	0	4	0	0	0	0	0	0	0	6
20776	0	0	0	0	1	0	1	1	0	0	0	0	3
20777	2	0	0	0	0	0	0	1	1	0	0	0	4
20779	1	0	0	0	0	0	0	0	0	0	0	0	1
20780	0	0	1	0	0	0	0	1	0	0	0	0	2
20781	3	0	0	0	0	0	0	0	0	0	0	0	3
20783	1	0	0	0	0	0	1	0	0	0	0	0	2
20784	0	0	0	0	1	0	0	0	0	0	0	0	1
20785	0	0	0	0	2	0	0	0	0	0	0	0	2
20786	3	0	1	0	1	0	0	0	0	0	0	0	5
20787	1	0	1	0	0	0	0	0	0	0	0	0	2
20788	1	0	0	0	1	0	0	1	0	0	0	0	3
20789	2	0	0	0	0	0	0	1	0	0	0	0	3
20790	2	0	0	0	0	0	0	0	0	0	0	0	2
20791	4	0	0	0	0	0	0	1	0	0	0	0	5
20792	1	0	0	0	0	0	0	1	0	0	0	0	2
20793	2	0	0	0	1	0	0	0	0	0	0	0	3
20794	1	0	0	1	2	0	0	0	0	0	0	0	4
20795	1	0	0	1	0	0	0	1	0	0	0	0	3
20796	0	0	0	0	1	1	0	0	0	0	0	0	2
20797	1	0	0	0	0	0	0	0	0	1	0	0	2
20798	0	0	0	0	2	0	0	0	0	0	0	0	2
20799	2	0	0	1	0	0	0	1	0	0	0	0	4
20801	0	0	3	0	0	0	0	0	0	0	0	0	3
20803	2	0	0	0	1	0	0	0	0	0	0	0	3
20804	0	0	0	0	1	0	0	0	1	0	0	0	2
20807	1	0	0	0	1	0	0	0	0	0	0	0	2
20808	2	0	0	0	0	0	0	0	0	0	0	0	2
20809	1	0	0	0	2	0	0	0	0	0	0	0	3
20810	2	0	0	0	0	0	0	0	0	0	0	0	2
20812	1	0	0	0	0	0	0	1	0	0	0	0	2
20813	1	0	0	0	1	0	0	0	0	0	0	0	2
20814	0	0	0	0	1	0	0	0	0	0	0	0	1
20815	0	0	2	0	0	0	0	0	0	0	0	0	2
20816	0	2	0	0	0	0	0	0	0	0	0	0	2
20817	0	0	1	1	1	0	0	0	0	0	0	0	3
20818	0	0	0	0	1	0	0	0	0	0	0	0	1
20819	2	0	0	0	0	0	0	1	0	0	0	0	3
20820	0	0	0	0	2	0	0	0	0	0	0	0	2
20821	0	0	0	0	2	0	0	0	0	0	0	0	2
20822	2	0	0	0	0	0	0	0	0	0	0	0	2
20823	1	0	0	0	0	0	0	0	0	0	0	0	1
20824	0	0	2	0	0	0	0	0	0	0	0	0	2
20825	4	0	0	0	0	0	0	0	0	0	0	0	4
20826	0	0	0	0	3	0	0	0	0	0	0	0	3
20827	2	0	0	0	0	0	0	0	0	0	0	0	2
20828	2	0	0	1	0	0	0	1	0	0	0	0	4
20829	1	0	0	0	0	0	0	0	0	0	0	0	1
20830	1	0	0	0	1	0	0	0	0	0	0	0	2
20831	1	0	0	0	1	0	0	1	0	0	0	0	3
20832	1	0	0	0	0	0	0	0	0	0	0	0	1
20833	2	0	0	0	0	0	0	0	0	0	0	0	2
20834	4	0	0	0	0	0	0	1	0	0	0	0	5
20835	1	0	0	0	0	0	1	0	0	0	0	0	2
20836	1	0	0	0	2	0	0	1	0	0	0	0	4
20837	2	0	0	0	0	0	0	0	0	0	0	0	2
20838	0	0	0	0	0	1	0	0	0	0	0	0	1
20839	0	0	0	0	1	0	0	0	0	0	0	0	1
20840	2	0	0	0	0	0	0	0	0	0	0	0	2
20841	3	0	0	0	0	0	0	0	0	0	0	0	3
20842	2	1	0	1	0	0	0	0	0	0	0	0	4
20843	3	0	0	0	2	0	0	0	1	0	0	0	6
20844	2	0	0	0	0	0	0	0	0	0	0	0	2
20845	0	0	0	0	2	0	0	0	0	0	0	0	2
20846	1	0	0	0	0	2	0	0	0	0	0	0	3
20847	2	0	0	0	1	0	0	0	0	0	0	0	3
20848	1	0	0	0	0	0	0	0	0	0	0	0	1
20849	1	2	0	0	0	1	0	0	0	0	0	0	4
20850	2	0	0	0	0	0	0	1	0	0	0	0	3
20851	1	0	0	0	1	0	0	0	0	0	0	0	2
20852	1	0	0	0	0	0	0	0	1	0	0	0	2
20854	4	0	0	0	0	0	1	0	0	0	0	0	5
20855	3	0	0	0	1	0	0	0	0	0	0	0	4
20856	1	0	0	0	0	0	0	0	0	0	0	0	1
20857	0	0	0	0	1	0	1	0	0	0	0	0	2
20858	1	0	0	0	1	1	0	0	0	0	0	0	3
20859	0	0	0	0	2	0	0	0	0	0	0	0	2
20860	3	0	0	0	0	0	0	0	0	0	0	0	3
20861	2	0	0	0	3	0	1	0	0	0	0	0	6
20864	0	0	0	2	0	0	0	0	0	0	0	0	2
20865	1	0	0	0	0	0	0	1	0	0	0	0	2
20867	1	0	0	0	0	1	0	0	0	0	0	0	2
20868	3	0	0	1	0	0	0	0	0	0	0	0	4
20869	2	0	0	0	0	0	0	0	0	0	0	0	2
20870	0	0	0	1	0	0	0	0	0	0	0	0	1
20871	0	1	0	0	0	1	0	0	0	0	0	0	2
20872	0	1	0	1	1	0	0	0	0	0	0	0	3
20873	1	0	0	0	0	0	0	1	0	0	0	0	2
20874	0	0	0	1	2	0	0	0	0	0	0	0	3
20875	2	0	0	0	0	0	0	0	0	0	0	0	2
20876	2	0	0	0	2	1	0	0	0	0	0	0	5
20878	1	0	0	0	0	0	0	0	0	0	0	0	1
20880	2	0	0	0	2	0	0	0	0	0	0	0	4
20881	1	0	0	0	1	0	0	0	0	0	0	0	2
20882	1	0	0	0	2	0	0	0	0	0	0	0	3
20884	0	0	1	0	0	0	0	0	0	0	0	0	1
20885	1	0	0	0	0	2	0	1	0	0	0	0	4
20886	2	0	0	0	0	0	0	0	0	0	0	0	2
20888	1	0	0	0	0	0	0	0	0	0	0	0	1
20889	1	1	0	1	0	0	0	0	0	0	0	0	3
20890	2	0	0	0	0	0	0	1	0	0	0	0	3
20891	2	0	0	0	0	0	0	1	0	0	0	0	3
20892	2	0	0	0	0	0	0	1	0	0	0	0	3
20893	1	0	0	0	0	0	0	1	0	0	0	0	2
20894	2	1	0	0	2	0	0	0	0	0	0	0	5
20895	1	0	0	0	1	0	0	1	0	0	0	0	3
20897	1	0	0	0	0	0	0	0	0	0	0	0	1
20899	2	0	0	0	1	1	0	0	0	0	0	0	4
20900	0	0	0	0	3	0	0	1	0	0	0	0	4
20901	0	1	0	2	0	0	0	0	0	0	0	0	3
20902	0	0	1	0	0	1	0	0	0	0	0	0	2
20904	1	0	0	0	0	0	1	0	0	0	0	0	2
20905	2	0	0	0	0	0	0	1	0	0	0	0	3
20906	0	0	1	0	0	0	0	0	0	0	0	0	1
20907	1	0	0	0	0	0	0	0	0	0	0	0	1
20908	1	0	0	0	2	0	0	0	1	0	0	0	4
20909	2	0	0	0	2	0	0	0	0	0	0	0	4
20910	1	0	0	0	0	0	0	0	0	0	0	0	1
20911	3	0	0	0	0	0	0	1	0	0	0	0	4
20912	2	0	0	0	2	0	0	0	0	0	0	0	4
20913	0	0	0	0	1	0	0	0	0	0	0	0	1
20914	2	0	0	0	0	0	0	0	0	0	0	0	2
20915	3	0	0	0	1	0	0	0	0	0	0	0	4
20916	0	1	0	0	0	0	0	0	0	0	0	0	1
20917	3	0	0	0	0	0	0	1	0	0	0	0	4
20918	2	0	0	0	0	0	0	1	0	0	0	0	3
20919	0	0	0	0	2	0	1	0	0	0	0	0	3
20920	1	0	0	1	1	0	0	0	0	0	0	0	3
20921	0	0	0	1	0	0	0	0	0	0	0	0	1
20922	0	0	0	0	2	0	0	0	0	0	0	0	2
20923	0	0	0	0	1	0	1	1	0	0	0	0	3
20924	2	0	0	0	0	0	0	0	0	0	0	0	2
20925	2	0	0	0	1	0	0	0	0	0	0	0	3
20926	3	0	0	0	1	0	0	0	0	0	0	0	4
20927	3	0	0	0	0	0	0	1	0	0	0	0	4
20928	3	0	0	0	0	0	0	0	0	0	0	0	3
20929	1	0	0	0	0	0	1	0	0	1	0	0	3
20930	1	0	0	0	1	0	0	0	0	0	0	0	2
20931	2	0	0	1	0	0	0	0	0	0	0	0	3
20932	1	0	0	1	0	0	0	0	0	0	0	0	2
20933	0	0	0	1	0	1	0	0	0	0	0	0	2
20934	2	0	0	0	0	0	0	0	0	0	0	0	2
20935	1	0	0	0	1	1	0	0	0	1	0	0	4
20936	1	0	0	0	1	0	0	0	1	0	0	0	3
20937	2	0	0	0	0	0	0	0	0	0	0	0	2
20939	2	0	0	0	0	0	0	1	0	0	0	0	3
20940	2	0	0	0	0	0	0	0	0	0	0	0	2
20941	2	0	0	0	1	0	0	1	0	0	0	0	4
20942	2	0	0	1	0	0	0	0	0	0	0	0	3
20943	2	0	0	0	3	0	0	0	0	0	0	0	5
20944	1	0	0	1	0	0	0	0	0	0	0	0	2
20945	3	0	0	0	0	0	1	1	0	0	0	0	5
20946	3	0	0	0	0	0	0	0	0	0	0	0	3
20947	0	0	0	2	0	0	1	0	0	0	0	0	3
20948	2	0	0	0	1	0	0	0	0	0	0	0	3
20949	3	0	0	0	1	0	0	0	0	0	0	0	4
20951	0	0	0	0	2	0	0	0	0	0	0	0	2
20952	2	0	0	0	1	0	0	0	0	0	0	0	3
20953	2	0	0	0	0	0	2	0	0	0	0	0	4
20955	0	0	0	1	2	0	0	0	0	0	0	0	3
20957	2	0	0	0	0	0	1	1	0	0	0	0	4
20958	1	0	1	0	0	0	0	0	0	0	0	0	2
20959	1	0	0	1	0	0	0	0	0	0	0	0	2
20960	2	0	0	0	0	0	0	1	0	0	0	0	3
20961	3	0	0	1	0	0	0	0	0	0	0	0	4
20962	1	0	0	0	1	0	0	0	0	0	0	0	2
20963	0	0	0	0	1	0	0	0	0	0	0	0	1
20964	3	0	0	0	0	0	0	0	0	0	0	0	3
20965	3	0	1	0	1	0	0	0	0	0	0	0	5
20966	3	0	0	0	1	0	0	1	0	0	0	0	5
20967	1	0	0	0	0	1	0	0	1	0	0	0	3
20968	2	0	0	0	0	0	0	0	0	0	0	0	2
20969	2	0	0	0	0	0	0	0	0	0	0	0	2
20970	2	0	0	0	0	0	0	0	0	0	0	0	2
20971	4	0	0	0	0	0	1	1	0	0	0	0	6
20972	0	0	0	0	2	1	0	0	0	0	0	0	3
20973	2	0	0	0	0	0	0	0	0	0	0	0	2
20974	0	0	0	1	0	0	0	0	0	0	0	0	1
20975	2	0	0	1	0	0	0	0	0	0	0	0	3
20976	1	0	0	0	0	1	0	0	0	0	0	0	2
20977	0	0	0	0	0	0	0	1	0	0	0	0	1
20978	0	0	0	0	1	0	0	0	0	0	0	0	1
20979	2	0	0	0	0	0	0	1	0	0	0	0	3
20980	1	1	0	0	0	0	0	0	0	0	0	0	2
20981	2	0	0	0	0	0	0	0	0	0	0	0	2
20982	2	0	0	1	0	0	0	1	0	0	0	0	4
20983	1	0	0	0	0	0	0	1	0	0	0	0	2
20984	3	0	0	0	2	0	1	0	1	0	0	0	7
20985	2	0	0	0	2	0	0	0	0	0	0	0	4
20986	1	0	0	0	0	0	0	1	0	0	0	0	2
20987	1	0	0	0	0	0	0	0	0	0	0	0	1
20988	2	0	0	1	1	0	0	0	0	0	0	0	4
20989	1	0	0	0	1	0	1	0	0	0	0	0	3
20990	2	0	0	0	0	0	0	1	0	0	0	0	3
20991	0	0	0	0	2	0	0	0	0	0	0	0	2
20992	3	0	0	0	0	0	0	0	0	0	0	0	3
20993	2	0	0	0	0	1	1	0	0	0	0	0	4
20994	2	0	0	0	0	0	0	0	0	0	0	0	2
20995	4	0	0	0	0	0	0	0	0	0	0	0	4
20997	1	0	0	0	0	0	0	0	0	0	0	0	1
20998	1	0	0	0	0	0	0	0	0	0	0	0	1
20999	0	0	2	0	0	0	0	0	0	0	0	0	2
21000	0	0	1	0	1	0	0	0	0	0	0	0	2
21001	1	1	0	1	2	0	0	0	0	0	0	0	5
21002	2	0	0	0	0	0	0	0	0	0	0	0	2
21004	1	0	0	0	0	0	1	1	0	0	0	0	3
21005	1	0	0	0	0	0	0	0	0	0	0	0	1
21007	1	0	0	0	0	0	0	0	0	0	0	0	1
21008	1	0	0	0	0	0	0	0	0	0	0	0	1
21009	2	0	0	0	0	0	0	0	0	0	0	0	2
21010	2	0	0	0	2	0	0	0	0	0	0	0	4
21012	1	0	0	0	1	0	0	0	0	0	0	0	2
21013	2	0	1	0	0	0	0	0	0	0	0	0	3
21014	1	0	0	1	2	0	0	0	0	0	0	0	4
21015	2	0	0	0	1	0	0	0	0	0	0	0	3
21016	0	0	0	1	0	0	0	0	0	0	0	0	1
21017	2	0	0	0	1	0	0	0	0	0	0	0	3
21019	2	0	0	0	0	0	0	0	0	0	0	0	2
21020	2	0	0	2	0	0	0	0	0	0	0	0	4
21021	2	0	0	0	0	0	0	1	0	0	0	0	3
21022	3	0	0	0	1	0	0	0	1	0	0	0	5
21023	1	1	0	0	0	0	0	0	0	0	0	0	2
21025	0	0	0	0	0	0	0	1	0	0	0	0	1
21026	2	0	0	0	0	0	0	1	0	0	0	0	3
21027	0	0	0	1	0	0	0	0	0	0	0	0	1
21028	2	0	0	0	1	0	0	0	0	0	0	0	3
21029	2	0	0	0	0	0	0	2	0	0	0	0	4
21031	3	0	0	0	0	0	0	0	0	0	0	0	3
21032	2	0	0	0	0	0	0	0	0	0	0	0	2
21033	1	0	0	0	1	0	0	0	0	0	0	0	2
21034	0	1	0	0	0	0	0	0	0	0	0	0	1
21036	2	0	0	0	0	0	0	0	0	0	0	0	2
21037	2	0	0	0	0	0	0	0	0	0	0	0	2
21038	1	0	0	0	0	0	0	0	0	0	0	0	1
21039	2	0	0	0	0	0	0	0	0	0	0	0	2
21040	1	0	0	0	2	0	0	0	0	0	0	0	3
21041	1	0	0	0	0	0	1	0	0	0	0	0	2
21042	2	0	0	0	0	0	0	0	0	0	0	0	2
21043	2	0	0	0	0	0	0	0	0	0	0	0	2
21044	2	0	0	0	0	0	0	0	0	1	0	0	3
21045	3	0	0	0	0	0	0	0	0	0	0	0	3
21046	2	0	0	0	0	0	0	0	0	2	0	0	4
21047	0	0	1	0	0	0	0	0	0	0	0	0	1
21048	1	0	0	0	1	0	0	1	0	0	0	0	3
21049	0	0	1	0	0	0	0	0	0	0	0	0	1
21050	0	0	1	0	0	0	0	0	0	0	0	0	1
21051	3	0	0	0	0	0	1	0	0	0	0	0	4
21052	0	0	0	0	2	0	0	1	0	0	0	0	3
21053	3	0	0	0	0	0	0	0	0	0	0	0	3
21054	0	1	0	0	1	0	0	0	0	0	0	0	2
21055	1	0	0	1	0	0	0	0	0	0	0	0	2
21056	3	0	0	0	2	0	0	0	0	0	0	0	5
21058	3	0	0	0	0	0	1	0	0	0	0	0	4
21059	2	0	0	0	1	0	0	1	0	0	0	0	4
21060	0	0	0	0	1	0	0	0	0	0	0	0	1
21062	2	0	0	0	1	0	0	0	0	0	0	0	3
21063	2	0	0	0	0	0	0	1	0	0	0	0	3
21064	2	0	0	0	0	0	0	1	0	0	0	0	3
21065	1	0	0	0	1	0	0	0	0	0	0	0	2
21066	2	0	0	0	0	0	0	0	0	0	0	0	2
21067	1	0	0	0	1	0	0	0	0	0	0	0	2
21068	2	0	0	0	1	0	0	0	0	0	0	0	3
21069	1	0	0	0	0	0	0	0	0	0	0	0	1
21070	1	0	0	1	1	0	0	0	0	0	0	0	3
21071	2	0	1	0	0	0	0	0	0	1	0	0	4
21072	1	0	0	0	1	0	0	0	0	0	0	0	2
21073	2	0	0	0	0	0	1	0	0	0	0	0	3
21074	1	0	0	0	0	0	0	0	0	0	0	0	1
21075	4	0	0	0	0	0	0	0	0	0	0	0	4
21076	4	0	0	0	0	0	0	1	0	0	0	0	5
21077	1	0	0	0	0	0	0	0	0	0	0	0	1
21078	2	0	0	0	0	0	0	1	0	0	0	0	3
21079	2	0	0	0	0	0	1	0	0	0	0	0	3
21080	3	0	0	0	0	0	0	1	0	0	0	0	4
21082	0	0	0	1	0	0	0	0	0	0	0	0	1
21083	0	0	0	0	1	0	0	0	0	0	0	0	1
21084	1	0	0	0	1	0	1	0	0	0	0	0	3
21085	0	0	1	1	0	0	0	0	0	0	0	0	2
21086	2	0	0	0	0	0	0	0	0	0	0	0	2
21087	2	0	0	0	1	0	0	0	0	0	0	0	3
21089	3	0	0	0	0	0	0	0	0	0	0	0	3
21090	2	0	0	0	0	0	0	0	0	0	0	0	2
21091	0	0	0	1	1	0	0	0	0	0	0	0	2
21092	2	0	0	1	0	0	0	0	0	0	0	0	3
21093	1	0	0	0	2	0	0	0	0	0	0	0	3
21094	1	0	0	0	0	0	0	0	0	0	0	0	1
21095	1	0	0	0	0	0	0	0	0	0	0	0	1
21096	1	0	0	0	2	0	0	0	0	0	0	0	3
21097	3	0	0	0	0	0	0	0	0	0	0	0	3
21098	1	0	0	1	1	0	1	0	0	0	0	0	4
21099	1	0	0	0	0	0	0	0	0	0	0	0	1
21100	0	0	0	0	1	0	0	0	0	0	0	0	1
21101	2	0	0	0	0	0	0	1	0	0	0	0	3
21102	2	0	0	0	0	1	0	0	0	0	0	0	3
21104	2	0	0	0	0	0	0	0	0	0	0	0	2
21105	2	0	0	0	0	0	0	0	0	0	0	0	2
21106	0	0	0	0	2	0	0	0	0	0	0	0	2
21107	1	0	0	0	0	0	0	0	0	0	0	0	1
21108	2	0	0	0	1	0	0	0	0	0	0	0	3
21109	4	0	0	0	0	0	1	0	0	0	0	0	5
21110	3	0	0	1	0	0	0	0	0	0	0	0	4
21111	1	0	0	0	0	0	0	0	0	0	0	0	1
21112	2	0	0	0	0	0	0	0	0	0	0	0	2
21113	3	0	0	0	0	0	2	1	0	0	0	0	6
21114	1	0	0	0	0	0	0	0	0	0	0	0	1
21115	1	0	0	0	0	0	0	0	0	0	0	0	1
21116	1	0	0	0	1	0	0	0	0	0	0	0	2
21117	1	0	0	0	0	0	0	0	0	0	0	0	1
21118	2	0	0	0	0	0	0	0	0	0	0	0	2
21119	2	0	0	0	0	0	0	0	0	0	0	0	2
21120	0	0	0	0	2	0	0	0	0	0	0	0	2
21121	4	0	0	0	0	0	0	0	0	0	0	0	4
21122	2	0	1	0	0	0	0	1	0	0	0	0	4
21123	2	0	1	0	1	0	0	0	0	0	0	0	4
21124	0	0	0	2	0	0	0	0	0	0	0	0	2
21125	2	0	0	0	0	0	0	0	0	0	0	0	2
21126	1	0	0	0	0	0	0	0	0	0	0	0	1
21127	2	0	0	0	0	0	0	1	0	0	0	0	3
21128	0	0	1	0	0	0	0	0	0	0	0	0	1
21129	1	0	0	0	3	0	0	0	0	0	0	0	4
21130	3	0	0	2	0	0	0	0	0	0	0	0	5
21131	0	0	0	0	2	0	0	0	0	0	0	0	2
21132	3	0	0	0	2	0	0	0	0	0	0	0	5
21133	3	0	0	0	1	0	0	0	0	0	0	0	4
21134	2	0	0	0	1	0	0	0	0	0	0	0	3
21135	1	0	0	0	1	0	0	0	0	0	0	0	2
21136	2	2	0	0	1	0	0	0	0	0	0	0	5
21137	2	0	0	0	1	0	0	0	0	0	0	0	3
21139	0	0	0	1	0	0	2	0	0	0	0	0	3
21140	2	0	0	0	0	0	0	0	0	0	0	0	2
21141	2	0	0	0	2	0	0	0	0	0	0	0	4
21142	2	0	0	0	0	0	0	0	0	0	0	0	2
21143	2	0	0	0	1	0	0	0	0	0	0	0	3
21144	1	0	0	0	1	2	0	0	0	0	0	0	4
21145	1	0	0	0	0	0	0	0	0	0	0	0	1
21146	2	0	0	0	0	0	1	0	0	0	0	0	3
21148	2	0	0	0	0	0	0	1	0	0	0	0	3
21149	1	0	0	0	0	0	0	0	0	0	0	0	1
21150	2	0	0	0	0	0	0	0	0	0	0	0	2
21151	2	0	0	0	0	0	0	1	0	0	0	0	3
21152	1	0	0	0	3	0	0	0	0	0	0	0	4
21153	1	0	0	0	0	0	0	0	0	0	0	0	1
21154	2	0	0	0	0	0	0	1	0	0	0	0	3
21155	3	0	0	0	0	0	0	0	0	0	0	0	3
21156	0	0	0	0	1	0	0	1	0	0	0	0	2
21157	3	0	0	0	0	0	0	0	0	0	0	0	3
21158	0	0	0	0	2	0	0	0	0	0	0	0	2
21159	2	0	0	1	0	0	0	0	0	0	0	0	3
21160	2	0	0	1	0	0	0	1	0	0	0	0	4
21161	3	0	0	0	0	0	0	0	0	0	0	0	3
21162	2	0	0	0	1	0	0	0	0	0	0	0	3
21164	2	0	1	0	0	0	0	0	0	0	0	0	3
21165	3	0	0	0	1	0	0	0	0	0	0	0	4
21166	3	0	0	0	0	0	0	0	0	0	0	0	3
21167	2	0	0	0	0	0	0	0	0	0	0	0	2
21168	2	0	0	0	0	0	0	0	0	0	0	0	2
21169	1	0	0	0	0	0	0	0	0	0	0	0	1
21170	1	0	0	0	0	0	0	0	0	0	0	0	1
21171	1	0	0	0	0	0	0	0	0	0	0	0	1
21172	1	0	0	0	0	0	0	0	0	0	0	0	1
21173	1	0	0	0	1	0	0	1	0	0	0	0	3
21174	4	0	0	0	0	0	0	0	0	0	0	0	4
21175	1	0	0	0	0	0	0	1	0	0	0	0	2
21177	1	0	0	0	0	0	0	0	0	0	0	0	1
21179	2	0	0	0	0	0	0	0	0	0	0	0	2
21180	3	0	0	0	0	0	0	1	0	0	0	0	4
21181	1	0	0	0	0	0	0	0	0	0	0	0	1
21182	1	0	0	0	0	0	0	0	1	0	0	0	2
21183	3	0	0	0	0	0	0	0	0	0	0	0	3
21184	2	0	0	0	0	0	0	0	1	0	0	0	3
21185	1	0	0	1	0	0	0	0	0	0	0	0	2
21186	0	0	1	1	1	0	0	0	0	0	0	0	3
21187	3	0	0	0	0	0	0	0	0	0	0	0	3
21188	1	0	0	0	0	1	0	0	0	0	0	0	2
21189	1	0	0	0	2	0	0	0	0	0	0	0	3
21191	1	0	0	0	0	0	0	0	0	0	0	0	1
21192	4	0	0	0	1	0	0	0	0	0	0	0	5
21193	1	0	0	0	0	0	0	0	0	0	0	0	1
21194	1	0	0	0	3	0	0	0	0	0	0	0	4
21195	0	0	0	0	4	0	0	0	0	0	0	0	4
21196	2	0	0	0	1	0	0	0	0	0	0	0	3
21197	2	0	0	0	0	0	0	0	0	1	0	0	3
21198	2	0	0	0	0	0	0	1	0	0	0	0	3
21199	1	1	0	0	1	0	0	0	0	0	0	0	3
21202	4	0	0	0	2	0	0	0	0	0	0	0	6
21203	3	0	0	0	0	0	0	0	0	0	0	0	3
21204	1	0	0	0	2	0	0	0	0	0	0	0	3
21205	3	0	0	0	0	0	0	2	0	0	0	0	5
21206	0	0	0	0	0	0	0	1	0	0	0	0	1
21207	2	0	0	0	1	0	0	1	0	0	0	0	4
21208	1	0	0	1	1	0	0	1	0	0	0	0	4
21209	1	0	0	0	2	0	0	0	0	0	0	0	3
21210	0	0	0	0	1	0	0	0	0	0	0	0	1
21211	2	0	0	0	4	0	0	1	0	0	0	0	7
21212	2	0	0	0	0	0	0	1	0	0	0	0	3
21213	2	0	0	0	0	0	0	0	0	0	0	0	2
21214	1	0	0	0	0	1	0	0	0	0	0	0	2
21215	2	0	0	0	0	0	0	0	0	0	0	0	2
21216	1	0	0	0	2	0	0	0	0	1	0	0	4
21217	0	0	0	0	1	1	0	0	0	0	0	0	2
21218	1	0	0	0	0	0	0	0	0	0	0	0	1
21219	1	0	0	0	1	0	0	0	0	0	0	0	2
21220	2	0	0	0	0	0	0	0	0	0	0	0	2
21221	2	0	0	0	0	0	0	0	0	0	0	0	2
21223	1	0	0	0	0	0	0	0	0	0	0	0	1
21224	2	0	0	0	0	0	0	0	0	0	0	0	2
21225	2	0	0	0	0	0	0	1	0	0	0	0	3
21226	1	0	0	0	0	0	0	0	0	0	0	0	1
21227	3	0	0	1	1	0	1	0	0	0	0	0	6
21228	4	0	0	0	0	0	0	0	0	0	0	0	4
21229	0	0	0	0	3	0	0	0	0	0	0	0	3
21231	1	0	0	0	3	1	0	0	0	0	0	0	5
21232	2	0	0	0	0	0	0	1	0	0	0	0	3
21233	0	0	0	0	0	1	0	0	0	0	0	0	1
21234	0	0	0	1	0	0	0	0	0	0	0	0	1
21235	2	0	0	0	0	0	0	1	0	0	0	0	3
21236	5	0	0	0	0	0	0	0	0	0	0	0	5
21237	2	0	0	0	0	0	0	0	0	0	0	0	2
21238	2	0	0	0	0	0	0	1	0	0	0	0	3
21239	2	0	0	0	0	0	0	0	0	0	0	0	2
21240	1	0	0	2	0	0	0	0	0	0	0	0	3
21241	1	0	0	0	1	0	0	1	0	0	0	0	3
21242	1	0	0	0	0	0	0	0	0	0	0	0	1
21243	2	0	0	0	0	0	0	0	0	0	0	0	2
21244	2	0	0	1	1	0	0	0	0	0	0	0	4
21245	3	0	0	0	0	0	0	0	0	0	0	0	3
21246	3	0	0	0	0	0	1	0	0	0	0	0	4
21248	3	0	0	0	0	0	0	0	0	0	0	0	3
21249	3	0	0	0	1	0	0	1	0	0	0	0	5
21250	2	0	0	0	0	0	0	0	0	0	0	0	2
21251	0	0	0	0	0	0	1	0	0	0	0	0	1
21252	1	0	0	0	0	0	0	0	0	0	0	0	1
21253	1	0	0	0	0	0	0	1	0	0	0	0	2
21254	3	0	0	0	2	0	0	0	0	0	0	0	5
21255	3	0	0	0	0	0	0	0	0	0	0	0	3
21256	1	0	0	0	0	0	0	0	0	0	0	0	1
21257	1	0	0	0	0	0	0	0	0	0	0	0	1
21258	1	1	0	0	0	0	0	0	0	0	0	0	2
21259	3	0	1	0	1	0	0	1	0	0	0	0	6
21260	3	0	0	0	0	0	0	0	0	0	0	0	3
21261	1	0	0	0	2	0	0	0	1	0	0	0	4
21262	1	0	0	0	1	0	1	0	0	0	0	0	3
21263	1	0	0	0	0	0	0	0	0	0	0	0	1
21264	1	0	0	0	0	0	0	0	0	0	0	0	1
21265	3	0	0	0	1	0	0	0	0	0	0	0	4
21266	0	0	0	0	1	0	0	0	0	0	0	0	1
21267	0	0	0	0	1	0	0	0	0	0	0	0	1
21268	2	0	0	0	0	0	0	0	0	0	0	0	2
21269	2	0	0	1	0	0	0	0	0	0	0	0	3
21270	0	0	0	0	0	1	0	0	0	0	0	0	1
21271	2	0	0	0	1	0	0	0	0	0	0	0	3
21272	1	0	0	0	2	0	0	0	0	0	0	0	3
21273	2	0	0	0	0	0	0	0	0	0	0	0	2
21274	4	0	0	0	0	0	0	0	0	0	0	0	4
21275	3	0	0	0	0	0	0	0	0	0	0	0	3
21276	0	0	0	0	0	1	0	0	0	0	0	0	1
21277	1	0	0	0	0	0	0	0	0	0	0	0	1
21278	2	0	0	0	1	0	0	0	0	0	0	0	3
21279	2	0	0	0	0	0	1	0	0	0	0	0	3
21280	1	0	0	0	1	0	1	1	0	0	0	0	4
21281	1	0	0	0	0	0	0	0	0	0	0	0	1
21282	2	0	0	0	0	0	0	0	0	0	0	0	2
21283	2	0	0	0	0	0	0	0	0	0	0	0	2
21284	0	0	0	0	0	1	0	0	0	0	0	0	1
21285	1	0	0	0	0	0	0	0	0	0	0	0	1
21286	1	0	0	0	1	0	0	1	0	0	0	0	3
21287	0	0	0	0	1	0	0	0	0	0	0	0	1
21288	2	0	0	0	0	0	0	0	0	0	0	0	2
21289	2	0	0	0	1	0	0	0	0	0	0	0	3
21290	2	0	0	0	0	0	2	0	2	0	0	0	6
21291	2	0	0	0	1	0	0	0	0	0	0	0	3
21292	1	0	0	0	3	0	0	0	0	0	0	0	4
21293	2	0	0	0	0	0	0	0	0	0	0	0	2
21294	1	0	0	0	1	1	0	0	0	0	0	0	3
21295	2	0	0	0	1	0	0	0	0	0	0	0	3
21296	1	0	0	0	0	0	0	0	0	0	0	0	1
21297	1	0	0	0	0	0	0	0	0	0	0	0	1
21298	2	0	0	0	1	0	0	0	0	0	0	0	3
21299	2	0	0	1	2	0	0	0	0	0	0	0	5
21300	2	0	0	0	0	0	0	0	0	0	0	0	2
21301	3	0	0	0	0	0	0	0	0	0	0	0	3
21302	1	0	0	1	2	0	0	0	0	0	0	0	4
21303	1	0	0	0	0	0	0	0	0	0	0	0	1
21304	2	0	0	0	1	0	0	0	0	0	0	0	3
21305	3	0	0	0	0	0	0	0	0	0	0	0	3
21306	4	0	0	0	1	0	0	0	0	0	0	0	5
21307	2	0	0	0	2	0	0	0	0	0	0	0	4
21308	1	0	0	0	1	0	0	0	0	0	0	0	2
21309	3	0	0	1	0	0	0	0	0	0	0	0	4
21310	2	0	0	0	0	0	0	0	0	0	0	0	2
21311	0	0	2	0	0	0	0	0	0	0	0	0	2
21312	3	0	0	0	0	0	0	0	0	0	0	0	3
21314	0	0	1	0	0	0	0	0	0	0	0	0	1
21315	2	0	0	0	0	0	0	0	0	0	0	0	2
21316	1	0	1	1	0	1	0	0	0	0	0	0	4
21317	3	0	0	0	0	0	0	0	0	0	0	0	3
21318	4	0	0	1	0	0	0	0	0	0	0	0	5
21319	1	0	0	0	1	0	3	0	0	0	0	0	5
21320	1	0	0	1	0	0	0	1	0	0	0	0	3
21321	2	0	0	0	1	0	0	1	0	0	0	0	4
21322	3	0	0	0	0	0	0	0	0	0	0	0	3
21323	2	0	0	0	0	0	1	0	0	0	0	0	3
21324	1	0	0	0	1	0	0	0	0	0	0	0	2
21325	2	0	0	0	1	0	0	0	0	0	0	0	3
21326	4	0	0	0	0	0	0	1	0	0	0	0	5
21327	1	1	1	0	0	0	0	0	0	0	0	0	3
21328	2	0	0	0	0	0	0	0	0	0	0	0	2
21329	1	0	0	2	0	0	1	0	0	0	0	0	4
21330	2	0	0	0	0	0	0	0	0	0	0	0	2
21331	1	0	0	0	2	0	0	0	0	0	0	0	3
21332	1	0	0	0	0	0	1	0	0	0	0	0	2
21333	0	0	0	1	0	0	0	0	0	0	0	0	1
21334	1	0	0	0	0	0	0	0	0	0	0	0	1
21335	3	0	0	0	0	0	0	0	1	0	0	0	4
21336	1	0	1	0	0	0	0	0	0	0	0	0	2
21337	2	0	0	0	0	0	0	0	1	0	0	0	3
21338	1	0	0	0	0	0	0	0	0	0	0	0	1
21339	2	0	0	0	0	0	0	0	0	0	0	0	2
21340	1	0	0	0	1	0	0	0	0	0	0	0	2
21341	4	0	0	0	0	0	0	0	0	0	0	0	4
21342	3	0	0	0	0	0	0	0	0	0	0	0	3
21343	3	0	0	0	0	0	0	0	0	0	0	0	3
21344	3	0	0	0	0	0	0	2	0	0	0	0	5
21345	3	0	0	0	0	0	0	0	0	0	0	0	3
21346	1	0	0	0	2	0	0	0	0	0	0	0	3
21347	0	1	1	0	0	0	0	0	0	0	0	0	2
21348	2	0	0	0	0	0	0	0	0	0	0	0	2
21349	1	0	0	0	0	0	0	0	0	0	0	0	1
21350	1	0	1	0	0	0	0	0	0	0	0	0	2
21351	2	0	0	0	0	1	0	1	0	0	0	0	4
21352	1	0	0	0	1	0	0	1	0	0	0	0	3
21353	0	0	0	0	1	2	0	0	0	0	0	0	3
21354	1	0	0	0	0	0	0	1	0	0	0	0	2
21355	2	0	0	0	0	0	0	1	0	0	0	0	3
21356	3	0	0	0	0	0	0	0	0	0	0	0	3
21357	0	0	0	0	0	0	1	0	0	0	0	0	1
21358	0	0	0	0	1	0	0	0	0	0	0	0	1
21359	0	0	0	0	1	0	0	0	0	0	0	0	1
21360	3	0	0	0	0	0	0	0	0	0	0	0	3
21361	3	0	0	0	0	0	0	0	0	0	0	0	3
21362	1	0	0	0	0	0	0	0	0	0	0	0	1
21363	2	0	0	0	0	0	0	1	0	0	0	0	3
21364	3	0	0	0	1	0	0	2	0	0	0	0	6
21365	4	0	0	0	0	0	0	0	0	0	0	0	4
21366	0	0	0	0	2	1	0	1	0	0	0	0	4
21367	3	0	0	0	2	0	0	0	0	0	0	0	5
21369	1	0	0	0	0	0	0	0	0	0	0	0	1
21370	1	0	0	0	0	0	0	0	1	0	0	0	2
21371	2	0	0	0	0	0	0	0	0	0	0	0	2
21372	1	0	0	0	1	0	0	0	0	0	0	0	2
21373	4	0	0	0	1	0	0	0	0	0	0	0	5
21374	1	0	0	0	0	0	0	0	0	0	0	0	1
21376	1	0	0	0	3	0	0	0	0	0	0	0	4
21377	1	0	0	1	1	0	0	0	0	0	0	0	3
21378	2	0	0	0	0	0	0	0	0	0	0	0	2
21379	2	0	0	1	0	0	1	0	0	0	0	0	4
21381	2	0	0	0	0	0	0	0	0	0	0	0	2
21382	2	0	0	0	1	0	0	0	0	0	0	0	3
21384	4	0	0	1	1	0	0	1	0	0	0	0	7
21385	4	0	0	0	0	0	1	1	0	0	0	0	6
21386	2	0	0	0	0	0	0	1	0	0	0	0	3
21387	1	0	0	0	1	0	0	1	0	0	0	0	3
21388	2	0	0	0	1	0	0	0	0	0	0	0	3
21389	1	0	0	0	0	0	0	1	0	0	0	0	2
21390	4	0	0	0	0	0	0	0	0	0	0	0	4
21391	3	0	0	0	0	0	0	0	0	0	0	0	3
21392	1	0	0	0	0	0	0	0	0	0	0	0	1
21393	2	0	0	0	2	0	0	0	0	0	0	0	4
21394	3	0	0	0	0	0	0	1	0	0	0	0	4
21395	2	0	0	0	1	0	0	1	0	0	0	0	4
21396	2	0	0	1	0	0	0	0	0	0	0	0	3
21397	0	1	0	0	1	0	0	0	0	0	0	0	2
21398	1	0	0	1	1	0	0	0	0	0	0	0	3
21399	2	0	0	0	0	0	0	0	0	0	0	0	2
21400	2	0	0	0	0	0	0	0	0	0	0	0	2
21401	2	0	0	0	0	0	0	0	0	0	0	0	2
21402	1	0	0	0	0	0	0	0	0	0	0	0	1
21403	2	0	0	0	2	0	0	0	0	0	0	0	4
21404	4	0	0	0	0	0	0	0	0	0	0	0	4
21405	1	0	0	0	1	0	0	0	0	0	0	0	2
21406	3	0	0	0	1	1	0	0	0	0	0	0	5
21407	2	0	0	0	0	0	0	0	0	0	0	0	2
21408	1	0	0	0	2	0	0	0	0	0	0	0	3
21409	2	0	0	0	0	0	0	0	0	0	0	0	2
21410	3	0	0	0	1	0	0	0	0	0	0	0	4
21411	2	0	0	0	1	0	0	0	0	0	0	0	3
21412	2	0	0	0	0	0	0	1	0	0	0	0	3
21413	2	0	0	0	1	0	0	0	0	0	0	0	3
21414	2	0	0	0	1	0	0	0	0	0	0	0	3
21415	0	0	0	1	0	0	1	0	0	0	0	0	2
21416	1	0	0	0	0	0	2	0	0	1	0	0	4
21417	1	0	0	0	1	0	0	0	0	0	0	0	2
21418	1	0	0	0	2	0	0	0	0	0	0	0	3
21419	0	0	0	1	2	0	0	0	0	0	0	0	3
21420	2	0	0	0	0	0	0	0	0	0	0	0	2
21421	2	1	0	0	0	0	0	0	0	0	0	0	3
21422	2	0	0	0	0	0	0	1	0	0	0	0	3
21423	1	0	0	1	1	0	0	0	0	0	0	0	3
21424	2	0	0	1	0	0	0	0	0	0	0	0	3
21425	2	0	0	0	0	0	0	0	0	0	0	0	2
21426	3	0	0	0	1	0	1	0	0	0	0	0	5
21427	2	0	0	0	1	0	0	0	0	0	0	0	3
21428	2	0	0	0	0	0	0	0	0	0	0	0	2
21429	1	0	0	0	0	0	0	0	0	0	0	0	1
21430	2	0	0	0	3	0	0	0	0	0	0	0	5
21431	2	0	0	0	0	0	0	0	0	0	0	0	2
21432	2	0	0	0	2	0	0	1	0	0	0	0	5
21433	0	0	0	0	2	0	0	0	0	0	0	0	2
21434	2	0	0	0	2	0	0	0	0	0	0	0	4
21435	4	0	0	0	0	0	0	0	0	0	0	0	4
21436	1	0	0	0	0	0	0	0	0	0	0	0	1
21437	2	0	0	1	0	0	0	1	0	0	0	0	4
21438	1	0	0	0	0	0	0	0	0	0	0	0	1
21439	1	0	0	0	2	0	0	0	0	0	0	0	3
21440	2	0	0	1	3	0	0	0	0	0	0	0	6
21441	2	0	0	0	1	0	0	1	0	0	0	0	4
21442	2	0	0	0	1	0	0	0	0	0	0	0	3
21443	3	0	0	0	0	0	0	0	0	0	0	0	3
21444	2	0	0	1	0	0	0	0	0	0	0	0	3
21445	1	0	0	0	0	0	0	0	0	0	0	0	1
21446	5	0	0	0	0	0	0	0	0	0	0	0	5
21447	2	0	0	1	2	0	0	0	0	0	0	0	5
21448	2	0	0	0	0	0	0	0	0	0	0	0	2
21449	5	0	0	0	1	0	0	0	0	0	0	0	6
21450	0	0	0	0	0	1	0	0	0	0	0	0	1
21451	3	0	0	0	0	0	0	0	0	0	0	0	3
21452	2	0	0	0	2	0	0	0	0	0	0	0	4
21453	2	0	0	0	0	0	0	0	0	0	0	0	2
21454	3	0	0	0	1	0	0	0	0	0	0	0	4
21455	4	0	0	0	0	0	0	1	0	0	0	0	5
21456	1	0	0	0	0	0	0	0	0	0	0	0	1
21457	2	0	0	0	0	1	1	1	0	0	0	0	5
21458	2	0	0	0	1	0	0	0	0	0	0	0	3
21459	0	0	0	0	2	0	0	0	0	0	0	0	2
21460	1	0	0	0	0	0	0	0	0	0	0	0	1
21461	0	0	0	0	1	0	0	0	0	0	0	0	1
21462	3	0	0	0	0	0	0	1	0	0	0	0	4
21463	2	0	0	0	1	0	0	0	0	0	0	0	3
21464	2	0	0	0	1	0	0	0	0	0	0	0	3
21465	3	0	0	0	1	1	0	0	0	0	0	0	5
21466	1	0	0	0	0	0	0	1	0	0	0	0	2
21468	4	0	0	0	0	0	0	0	0	0	0	0	4
21470	0	0	0	0	1	0	0	0	0	0	0	0	1
21471	2	0	0	0	0	0	0	0	0	0	0	0	2
21472	2	0	0	0	1	0	0	0	0	0	0	0	3
21473	3	0	0	0	0	0	1	0	0	0	0	0	4
21474	2	0	0	0	3	0	0	0	0	0	0	0	5
21475	2	0	0	0	1	0	0	0	0	0	0	0	3
21476	2	0	0	0	2	0	0	0	0	0	0	0	4
21477	4	0	0	0	0	0	0	1	0	0	0	0	5
21478	5	0	0	0	0	0	0	0	0	0	0	0	5
21479	3	0	0	1	0	0	0	0	0	0	0	0	4
21480	1	0	0	0	1	0	0	0	0	0	0	0	2
21481	2	0	0	0	0	0	0	0	0	0	0	0	2
21482	1	0	0	0	2	0	0	0	0	0	0	0	3
21483	3	0	0	0	1	0	0	0	0	0	0	0	4
21484	2	0	0	0	0	0	1	0	0	0	0	0	3
21485	3	0	0	0	0	0	0	0	0	0	0	0	3
21486	1	0	0	1	0	0	0	0	0	0	0	0	2
21487	1	1	0	1	0	0	0	1	0	0	0	0	4
21488	1	0	0	1	0	0	0	1	0	0	0	0	3
21489	2	0	0	0	0	0	0	0	0	0	0	0	2
21490	2	0	0	0	1	0	0	0	0	0	0	0	3
21491	0	0	0	1	2	0	0	0	0	0	0	0	3
21492	2	0	0	0	0	0	0	0	0	0	0	0	2
21494	3	0	0	0	1	1	0	1	0	0	0	0	6
21495	2	0	0	1	0	0	0	0	0	0	0	0	3
21496	0	0	0	1	0	0	0	0	0	0	0	0	1
21497	1	0	0	1	0	0	0	1	0	0	0	0	3
21498	5	0	0	0	1	0	0	0	0	0	0	0	6
21499	2	0	0	0	1	0	1	0	1	0	0	0	5
21500	3	0	0	0	1	0	0	0	0	0	0	0	4
21501	4	0	0	0	0	0	0	0	0	0	0	0	4
21502	1	0	0	0	1	2	2	0	1	0	0	0	7
21503	2	0	0	0	0	0	0	0	0	0	0	0	2
21504	0	0	0	0	1	0	0	0	0	0	0	0	1
21505	3	0	0	0	0	0	0	1	0	0	0	0	4
21506	1	0	0	0	0	0	0	0	0	0	0	0	1
21507	1	0	0	0	0	0	1	0	0	0	0	0	2
21508	2	0	0	0	0	0	0	0	0	0	0	0	2
21509	2	0	0	0	1	0	0	1	0	0	0	0	4
21510	3	0	0	0	0	0	0	1	0	0	0	0	4
21511	2	0	0	0	1	0	0	0	0	0	0	0	3
21512	4	0	0	0	0	0	0	1	0	0	0	0	5
21513	3	0	0	0	2	0	0	0	0	0	0	0	5
21514	1	0	0	0	0	0	0	0	0	0	0	0	1
21515	1	0	0	0	1	0	0	0	0	0	0	0	2
21516	2	0	0	0	0	0	0	0	0	0	0	0	2
21517	3	1	0	2	0	0	0	0	0	0	0	0	6
21519	3	0	0	0	2	0	0	0	0	0	0	0	5
21520	4	0	0	1	0	0	0	1	0	0	0	0	6
21521	3	0	0	0	1	0	0	1	0	0	0	0	5
21522	1	0	0	0	0	0	0	0	0	0	0	0	1
21523	1	0	0	0	0	0	0	0	0	0	0	0	1
21524	1	0	0	0	0	0	0	0	0	0	0	0	1
21525	2	0	0	0	1	0	0	0	0	0	0	0	3
21526	3	0	0	0	0	0	0	1	0	0	0	0	4
21527	2	0	0	0	1	0	0	0	0	0	0	0	3
21528	3	0	0	0	2	0	1	0	0	0	0	0	6
21529	1	0	0	0	0	0	0	0	0	0	0	0	1
21530	0	0	1	0	1	0	0	0	0	0	0	0	2
21531	3	0	0	0	0	0	0	0	0	0	0	0	3
21532	4	0	0	0	0	0	0	1	0	0	0	0	5
21533	1	0	0	1	2	0	0	1	0	0	0	0	5
21534	2	0	0	1	0	0	0	0	0	0	0	0	3
21535	2	0	0	0	0	0	0	0	1	0	0	0	3
21536	3	0	0	0	0	0	0	0	0	0	0	0	3
21537	2	0	0	0	2	0	0	1	0	0	0	0	5
21538	2	0	0	0	2	0	0	1	0	1	0	0	6
21539	2	0	0	0	0	0	0	0	0	0	0	0	2
21540	3	0	0	1	2	0	0	0	0	0	0	0	6
21541	1	0	0	0	1	0	0	0	0	0	0	0	2
21542	2	0	0	0	2	0	1	0	0	0	0	0	5
21543	3	0	0	0	0	0	0	0	0	0	0	0	3
21544	1	0	0	1	0	0	0	1	0	0	0	0	3
21545	1	0	0	0	2	0	0	0	0	0	0	0	3
21546	5	0	0	1	0	0	0	0	0	0	0	0	6
21547	3	0	0	0	0	0	0	0	0	0	0	0	3
21548	2	0	0	0	2	0	0	0	0	0	0	0	4
21549	2	0	0	1	0	0	0	0	0	0	0	0	3
21550	1	0	0	0	0	0	0	0	0	0	0	0	1
21551	2	0	0	0	0	0	0	0	0	0	0	0	2
21552	0	0	0	0	2	0	0	0	0	0	0	0	2
21553	0	0	0	0	1	0	0	0	0	0	0	0	1
21554	2	0	0	0	0	0	0	0	0	0	0	0	2
21555	3	0	0	0	0	0	0	0	0	0	0	0	3
21556	2	0	0	0	1	0	0	0	0	0	0	0	3
21557	3	0	0	0	1	0	0	0	0	0	0	0	4
21558	3	0	0	0	0	0	0	0	0	0	0	0	3
21559	2	0	0	0	0	0	0	1	0	0	0	0	3
21560	3	0	0	0	1	0	0	0	0	0	0	0	4
21561	3	0	0	0	0	0	0	0	0	0	0	0	3
21562	3	0	0	0	0	0	0	1	1	0	0	0	5
21563	3	0	0	0	1	0	1	0	0	0	0	0	5
21564	3	0	0	1	0	0	0	0	0	0	0	0	4
21565	3	0	0	0	1	0	0	0	0	0	0	0	4
21566	2	0	0	0	0	0	0	0	0	0	0	0	2
21567	1	0	0	0	0	0	0	0	0	0	0	0	1
21568	1	0	1	0	0	0	0	0	0	0	0	0	2
21569	2	0	0	0	2	1	0	0	1	0	0	0	6
21570	3	0	0	0	0	0	0	1	0	0	0	0	4
21571	1	0	0	0	1	0	0	0	0	0	0	0	2
21572	1	0	0	0	0	0	0	0	0	0	0	0	1
21573	2	0	0	0	1	0	0	0	0	0	0	0	3
21574	3	0	0	0	0	0	0	0	0	0	0	0	3
21575	3	0	0	0	0	0	0	0	0	0	0	0	3
21576	1	0	0	1	0	0	0	0	0	0	0	0	2
21577	3	0	0	0	1	0	0	0	0	0	0	0	4
21578	2	0	0	0	0	0	0	1	1	0	0	0	4
21579	4	0	0	0	1	0	0	0	0	0	0	0	5
21580	5	0	0	0	0	0	0	2	0	0	0	0	7
21581	1	0	0	0	1	0	0	0	0	0	0	0	2
21582	2	0	0	0	1	0	0	1	0	0	0	0	4
21583	0	0	0	1	0	0	0	0	0	0	0	0	1
21584	0	0	0	1	0	0	0	0	0	0	0	0	1
21585	0	0	0	1	0	0	0	0	0	0	0	0	1
21586	0	0	0	2	0	0	0	0	0	0	0	0	2
21587	2	0	0	0	0	0	0	1	1	0	0	0	4
21588	2	0	0	1	0	0	0	0	0	0	0	0	3
21589	1	0	0	2	0	0	0	0	0	0	0	0	3
21590	1	0	0	1	0	0	0	0	0	0	0	0	2
21591	1	0	0	2	0	0	0	0	0	0	0	0	3
21592	1	0	0	2	0	0	0	0	0	0	0	0	3
21593	2	0	0	0	0	0	0	0	0	0	0	0	2
21594	2	0	0	0	0	0	0	1	0	0	0	0	3
21595	2	0	0	1	0	0	0	0	0	0	0	0	3
21596	2	0	0	0	0	0	0	2	0	0	0	0	4
21597	3	0	0	0	0	0	0	0	0	0	0	0	3
21598	0	0	0	2	0	0	1	0	0	0	0	0	3
21600	2	0	0	0	0	0	0	0	0	0	0	0	2
21601	1	0	0	1	1	0	0	0	0	0	0	0	3
21602	3	0	0	0	0	0	0	1	0	0	0	0	4
21603	1	1	0	0	1	0	1	1	0	0	0	0	5
21604	1	0	0	0	0	1	0	0	0	0	0	0	2
21605	1	0	0	1	0	0	0	0	1	1	0	0	4
21606	0	0	0	0	1	0	0	0	0	0	0	0	1
21607	0	2	0	0	0	0	0	0	0	0	0	0	2
21608	1	0	0	0	0	0	0	3	0	0	0	0	4
21609	0	2	0	0	0	0	0	0	0	0	0	0	2
21610	0	0	0	0	1	0	0	0	0	0	0	0	1
21611	3	0	0	0	0	0	0	0	0	0	0	0	3
21612	0	1	0	0	0	0	0	0	0	0	0	0	1
21613	4	0	0	0	0	0	0	0	0	0	0	0	4
21614	0	0	0	0	1	0	0	0	0	0	0	0	1
21615	1	0	0	1	2	0	0	0	0	0	0	0	4
21616	0	0	0	0	1	0	0	0	0	0	0	0	1
21617	1	0	0	2	0	0	0	0	0	0	0	0	3
21618	1	0	0	1	0	0	0	1	0	0	0	0	3
21619	1	0	0	0	0	0	0	0	0	0	0	0	1
21620	1	0	0	0	0	0	0	1	0	0	0	0	2
21621	2	0	0	0	0	0	1	0	0	0	0	0	3
21622	0	0	0	1	1	0	0	1	0	0	0	0	3
21623	1	0	0	0	1	0	0	0	0	0	0	0	2
21625	1	0	0	0	2	0	0	1	0	0	0	0	4
21626	3	0	0	0	0	0	0	1	0	0	0	0	4
21627	1	0	0	1	0	0	0	0	0	0	0	0	2
21628	1	0	0	1	0	0	0	0	0	0	0	0	2
21629	1	0	0	0	0	0	0	0	0	0	0	0	1
21630	0	0	0	1	0	0	0	0	0	0	0	0	1
21631	1	0	0	1	1	0	1	0	0	0	0	0	4
21632	2	0	0	0	0	0	0	0	0	0	0	0	2
21633	2	0	0	0	1	0	0	0	0	0	0	0	3
21634	2	0	0	0	1	0	0	0	0	0	0	0	3
21635	0	0	0	0	1	0	0	0	0	0	0	0	1
21636	1	0	0	0	0	0	0	0	0	0	0	0	1
21637	2	0	0	1	0	0	0	0	0	0	0	0	3
21638	1	0	1	0	0	0	0	1	0	0	0	0	3
21639	1	0	0	0	1	0	0	0	0	0	0	0	2
21640	1	0	0	0	0	0	0	0	0	0	0	0	1
21641	1	0	0	0	1	0	0	0	0	0	0	0	2
21642	3	0	0	0	0	0	0	0	0	0	0	0	3
21643	3	0	0	1	1	0	0	0	0	0	0	0	5
21644	1	0	1	0	0	0	0	0	0	0	0	0	2
21645	3	0	0	0	0	0	0	0	0	0	0	0	3
21646	0	0	0	0	1	0	0	0	0	0	0	0	1
21647	1	0	0	0	1	0	0	1	0	0	0	0	3
21648	1	0	0	0	0	0	0	0	1	0	0	0	2
21649	1	0	0	0	0	0	0	1	0	0	0	0	2
21650	1	0	0	0	0	0	0	1	0	0	0	0	2
21651	1	0	0	0	0	0	0	0	0	0	0	0	1
21652	0	0	0	3	0	0	0	0	0	0	0	0	3
21653	0	0	1	0	0	0	0	0	0	0	0	0	1
21654	3	0	0	0	1	0	0	0	0	0	0	0	4
21655	1	0	0	1	1	0	0	0	0	0	0	0	3
21656	2	0	0	0	0	0	0	0	0	0	0	0	2
21657	1	0	0	1	0	0	0	1	0	0	0	0	3
21658	3	0	0	0	0	0	0	0	0	0	0	0	3
21659	1	0	0	0	0	0	0	0	0	0	0	0	1
21660	1	0	0	1	1	0	0	0	0	0	0	0	3
21661	0	0	0	0	1	0	0	0	0	0	0	0	1
21662	1	0	0	0	2	0	0	0	0	0	0	0	3
21663	0	0	1	0	0	0	0	0	0	0	0	0	1
21664	0	0	0	0	0	2	0	0	0	0	0	0	2
21665	2	0	0	0	1	0	0	0	0	0	0	0	3
21666	3	0	1	0	1	0	0	0	0	0	0	0	5
21667	2	0	0	0	0	0	0	0	0	0	0	0	2
21668	1	0	0	1	0	0	0	0	0	0	0	0	2
21669	1	0	0	1	2	0	0	0	0	0	0	0	4
21670	3	0	0	0	0	0	0	0	0	0	0	0	3
21671	1	0	0	1	0	0	0	0	0	0	0	0	2
21672	0	0	0	2	1	0	0	0	0	0	0	0	3
21673	0	0	0	0	2	0	0	0	0	0	0	0	2
21674	0	0	0	1	1	0	0	1	0	0	0	0	3
21675	1	0	0	0	0	0	0	0	0	0	0	0	1
21676	1	0	0	0	1	0	0	0	0	0	0	0	2
21677	2	0	0	0	0	0	0	0	0	0	0	0	2
21678	1	0	0	0	0	0	0	1	0	0	0	0	2
21679	2	0	0	0	2	0	0	0	0	0	0	0	4
21680	0	0	0	0	1	0	0	0	0	0	0	0	1
21681	3	0	0	0	0	0	0	0	0	0	0	0	3
21683	0	0	0	1	1	0	0	0	0	0	0	0	2
21684	1	1	0	0	0	0	0	0	0	0	0	0	2
21685	2	0	0	0	0	0	0	0	0	0	0	0	2
21686	1	0	0	0	1	2	0	0	0	0	0	0	4
21687	2	0	0	0	0	0	0	0	1	0	0	0	3
21688	1	0	0	0	0	1	0	0	0	0	0	0	2
21689	1	0	0	0	0	0	0	0	0	0	0	0	1
21690	2	0	0	0	2	0	0	0	0	0	0	0	4
21691	1	0	0	1	0	0	0	0	0	0	0	0	2
21692	2	0	1	0	0	0	0	0	0	0	0	0	3
21695	1	0	0	0	0	0	0	0	0	0	0	0	1
21696	2	0	0	0	0	0	1	1	0	0	0	0	4
21698	0	1	0	0	1	2	0	0	0	0	0	0	4
21700	1	0	0	0	1	0	0	1	0	0	0	0	3
21701	0	0	0	0	1	1	0	0	0	0	0	0	2
21702	0	1	0	0	0	0	0	0	0	0	0	0	1
21703	2	0	0	0	0	0	0	0	0	0	0	0	2
21704	2	0	0	0	1	0	0	1	0	0	0	0	4
21705	0	0	1	0	0	0	0	0	0	0	0	0	1
21706	2	0	0	0	0	0	0	0	0	0	0	0	2
21707	0	0	1	0	0	0	0	0	0	0	0	0	1
21708	3	0	0	0	0	0	0	0	0	0	0	0	3
21709	2	0	0	2	0	0	0	0	0	0	0	0	4
21710	0	1	1	0	0	0	0	0	0	0	0	0	2
21711	3	0	0	0	0	0	0	0	0	0	0	0	3
21712	4	0	0	0	0	0	0	0	0	0	0	0	4
21713	2	0	0	1	0	0	0	0	0	0	0	0	3
21714	1	0	0	0	2	0	0	0	0	0	0	0	3
21715	1	0	0	1	0	0	0	0	0	0	0	0	2
21716	0	1	0	0	1	0	0	0	0	0	0	0	2
21717	1	0	0	0	2	0	0	1	0	0	0	0	4
21718	2	0	0	0	1	0	1	0	0	0	0	0	4
21719	1	0	0	1	0	0	0	0	0	0	0	0	2
21720	1	0	1	0	0	0	0	0	0	0	0	0	2
21721	1	0	0	0	0	0	0	0	0	0	0	0	1
21722	0	0	1	1	0	0	0	0	0	0	0	0	2
21723	1	0	0	0	0	0	0	0	0	0	0	0	1
21724	1	0	0	0	0	0	0	0	0	0	0	0	1
21725	0	0	0	0	0	0	1	0	0	0	0	0	1
21726	2	0	0	0	0	0	0	0	0	0	0	0	2
21727	3	0	0	1	1	0	0	0	0	0	0	0	5
21728	0	0	0	1	1	0	0	0	0	0	0	0	2
21729	0	0	1	0	0	0	0	0	0	0	0	0	1
21730	1	0	0	0	0	0	0	0	0	0	0	0	1
21731	2	0	0	0	0	0	0	0	0	0	0	0	2
21732	1	0	1	0	0	0	0	0	0	0	0	0	2
21733	2	0	0	1	1	0	0	0	0	0	0	0	4
21734	3	0	0	0	0	0	0	0	0	0	0	0	3
21735	2	0	0	0	0	0	0	0	0	0	0	0	2
21736	5	1	0	0	0	0	0	0	0	0	0	0	6
21737	2	0	1	0	0	0	0	0	0	0	0	0	3
21739	0	0	0	2	0	0	0	0	0	0	0	0	2
21740	2	0	0	0	0	0	0	0	0	0	0	0	2
21741	2	0	0	0	0	0	0	1	0	0	0	0	3
21742	1	0	0	1	2	0	0	0	0	0	0	0	4
21743	3	0	0	0	0	0	0	0	0	0	0	0	3
21744	0	0	1	0	1	0	0	0	0	0	0	0	2
21745	0	0	0	0	1	0	0	0	0	0	0	0	1
21746	0	0	0	1	0	0	0	0	0	0	0	0	1
21747	1	0	0	0	1	0	0	0	0	0	0	0	2
21749	1	0	0	0	0	0	0	0	0	0	0	0	1
21750	1	0	1	0	0	0	0	1	0	0	0	0	3
21751	0	0	0	1	1	0	0	0	0	0	0	0	2
21754	2	0	1	0	0	0	0	0	0	0	0	0	3
21755	1	0	0	0	1	0	0	1	0	0	0	0	3
21756	0	0	1	1	0	0	0	0	0	0	0	0	2
21757	1	0	0	0	0	0	0	0	0	0	0	0	1
21758	1	0	0	1	0	0	0	0	0	0	0	0	2
21759	1	0	0	0	0	0	0	0	0	0	0	0	1
21760	1	0	0	0	1	1	0	0	0	0	0	0	3
21761	1	0	0	0	0	0	0	0	0	0	0	0	1
21762	1	0	0	0	1	0	0	0	0	0	0	0	2
21763	0	0	1	0	0	1	0	0	0	0	0	0	2
21764	2	0	0	0	1	0	0	0	0	0	0	0	3
21765	1	0	0	0	0	0	0	0	0	0	0	0	1
21766	1	0	0	1	1	0	0	0	0	0	0	0	3
21767	1	0	0	0	0	0	0	0	0	0	0	0	1
21768	0	0	0	0	1	0	0	0	0	0	0	0	1
21769	0	0	1	0	0	0	0	0	0	0	0	0	1
21770	1	0	0	1	1	0	0	0	0	0	0	0	3
21771	0	0	0	0	0	0	0	1	0	0	0	0	1
21772	2	0	0	1	0	0	0	1	0	0	0	0	4
21773	1	0	0	0	0	0	0	0	0	0	0	0	1
21774	2	0	0	0	0	0	0	1	1	0	0	0	4
21775	2	0	0	0	1	0	0	1	0	0	0	0	4
21776	2	0	0	0	2	0	1	0	0	0	0	0	5
21777	1	0	0	0	1	0	0	0	0	0	0	0	2
21778	1	0	0	0	0	0	0	0	0	0	0	0	1
21779	2	0	0	0	0	0	0	0	0	0	0	0	2
21780	1	0	0	0	0	0	0	0	0	0	0	0	1
21781	1	0	0	0	2	0	0	0	0	1	0	0	4
21782	1	0	0	0	0	0	0	1	0	0	0	0	2
21783	1	0	0	0	0	0	1	0	0	0	0	0	2
21784	0	0	0	1	0	0	0	1	0	0	0	0	2
21785	1	0	0	0	2	0	0	0	0	0	0	0	3
21786	1	0	2	0	0	0	0	0	0	0	0	0	3
21787	2	0	0	0	0	0	0	0	0	0	0	0	2
21788	4	0	0	0	0	0	0	0	0	0	0	0	4
21789	1	0	0	0	1	0	0	0	0	0	0	0	2
21790	0	0	0	0	1	0	1	0	0	0	0	0	2
21792	1	0	0	0	0	0	0	0	0	0	0	0	1
21793	2	0	0	0	1	0	0	0	0	0	0	0	3
21794	0	0	0	0	4	0	0	1	0	0	0	0	5
21795	0	0	1	0	0	0	0	0	0	0	0	0	1
21796	2	0	0	0	0	0	1	0	0	0	0	0	3
21797	1	0	1	0	0	0	0	0	0	0	0	0	2
21798	1	1	0	0	1	0	0	0	0	0	0	0	3
21799	1	0	0	0	1	0	0	0	0	0	0	0	2
21801	1	0	0	0	0	0	1	0	0	0	0	0	2
21802	1	0	0	0	0	0	0	0	0	0	0	0	1
21803	0	0	2	0	0	0	0	0	0	0	0	0	2
21804	2	0	0	0	0	0	1	2	0	0	0	0	5
21805	1	0	0	0	0	0	0	0	0	0	0	0	1
21806	2	0	0	0	0	0	0	0	0	0	0	0	2
21807	3	0	0	0	1	0	0	0	0	0	0	0	4
21808	1	0	0	1	1	1	0	0	0	0	0	0	4
21809	2	0	0	1	0	0	0	0	0	0	0	0	3
21810	1	0	0	0	0	0	1	1	0	0	0	0	3
21811	2	0	0	0	0	0	1	1	0	0	0	0	4
21812	1	0	0	1	0	0	0	0	0	0	0	0	2
21813	1	0	0	2	0	0	0	1	0	0	0	0	4
21814	1	0	0	1	0	0	0	1	0	0	0	0	3
21815	1	0	0	0	0	0	0	1	0	0	0	0	2
21816	2	0	0	0	1	0	0	0	0	0	0	0	3
21817	1	0	0	0	0	0	0	1	0	0	0	0	2
21818	0	0	1	0	0	0	0	0	0	0	0	0	1
21819	2	0	0	0	0	0	0	0	0	0	0	0	2
21820	0	0	1	0	0	0	0	0	0	0	0	0	1
21821	2	0	0	0	1	0	0	0	0	0	0	0	3
21822	2	0	0	0	0	0	0	0	0	0	0	0	2
21823	4	0	0	0	0	0	0	0	0	0	0	0	4
21824	1	0	0	0	1	0	0	0	1	0	0	0	3
21825	2	0	0	0	0	0	0	1	0	0	0	0	3
21826	1	0	0	0	0	0	0	1	0	0	0	0	2
21827	0	0	0	0	1	0	0	0	1	0	0	0	2
21828	2	0	0	0	1	0	0	0	0	0	0	0	3
21829	2	0	0	0	0	0	0	0	0	0	0	0	2
21831	1	0	0	1	0	0	0	0	0	0	0	0	2
21832	2	0	0	0	0	0	0	1	0	0	0	0	3
21833	1	0	0	0	1	0	1	1	0	0	0	0	4
21834	1	0	0	0	0	0	0	0	0	0	0	0	1
21836	1	0	2	0	0	0	0	0	0	0	0	0	3
21837	1	0	0	0	0	0	0	0	0	0	0	0	1
21838	2	0	0	0	1	0	0	0	0	0	0	0	3
21839	1	0	0	0	0	0	0	0	0	0	0	0	1
21840	1	0	0	0	0	0	0	1	0	0	0	0	2
21841	2	0	0	0	1	0	0	0	0	0	0	0	3
21842	2	0	0	0	0	0	0	0	0	0	0	0	2
21843	2	0	0	0	0	0	1	1	0	0	0	0	4
21844	2	0	0	0	0	0	0	1	0	0	0	0	3
21845	2	0	0	0	0	0	0	0	0	0	0	0	2
21846	4	0	0	0	0	0	0	0	0	0	0	0	4
21847	1	0	0	0	1	0	0	0	0	0	0	0	2
21848	2	0	0	0	0	0	0	1	0	0	0	0	3
21849	1	0	0	0	0	0	0	0	0	0	0	0	1
21850	1	0	0	0	0	0	0	0	0	0	0	0	1
21851	1	0	0	0	0	0	0	1	0	0	0	0	2
21852	2	0	0	0	1	0	0	0	0	0	0	0	3
21853	1	0	0	0	1	0	0	0	0	0	0	0	2
21854	3	0	0	1	0	0	0	0	0	0	0	0	4
21855	3	0	0	0	0	0	0	0	0	0	0	0	3
21856	4	0	0	1	0	0	2	0	0	0	0	0	7
21857	3	0	0	0	0	0	0	1	0	0	0	0	4
21858	0	0	0	1	0	0	0	0	0	0	0	0	1
21859	1	0	0	1	1	0	0	0	0	0	0	0	3
21860	1	0	0	0	0	0	1	0	0	0	0	0	2
21861	4	0	0	0	0	0	0	0	0	0	0	0	4
21862	2	0	0	0	0	0	0	0	0	0	0	0	2
21863	2	0	0	0	0	0	0	0	0	0	0	0	2
21864	2	0	0	0	1	0	0	0	0	0	0	0	3
21865	2	0	0	0	0	0	0	0	0	0	0	0	2
21866	0	0	0	0	0	0	0	1	0	0	0	0	1
21867	1	0	0	0	0	0	0	0	0	0	0	0	1
21868	3	0	0	1	0	0	0	0	0	0	0	0	4
21869	0	0	0	0	1	0	0	0	0	0	0	0	1
21870	2	0	0	0	2	0	0	0	0	0	0	0	4
21871	1	0	0	0	0	0	0	0	0	0	0	0	1
21872	2	0	0	1	0	0	0	0	0	0	0	0	3
21873	1	0	0	1	0	0	0	0	0	0	0	0	2
21874	0	0	0	0	3	0	0	1	0	0	0	0	4
21875	0	0	0	0	0	0	0	1	0	0	0	0	1
21876	2	0	0	0	0	0	0	0	0	0	0	0	2
21877	1	0	0	0	1	0	0	0	0	0	0	0	2
21879	4	0	0	0	0	0	0	0	0	0	0	0	4
21880	0	0	0	0	2	0	0	1	0	0	0	0	3
21881	0	0	1	0	0	0	0	0	0	0	0	0	1
21883	1	0	1	0	0	0	0	0	0	0	0	0	2
21884	1	0	0	0	0	0	0	0	0	0	0	0	1
21885	2	0	0	0	1	0	1	1	0	0	0	0	5
21886	0	0	0	0	1	0	0	0	0	0	0	0	1
21887	0	0	1	0	0	0	0	0	0	0	0	0	1
21888	2	0	0	0	0	0	0	1	0	0	0	0	3
21889	3	0	0	0	1	0	0	0	0	0	0	0	4
21890	1	0	0	0	0	0	0	1	0	0	0	0	2
21891	3	0	0	0	0	0	0	1	0	0	0	0	4
21892	1	1	0	0	0	0	0	0	0	0	0	0	2
21893	1	0	0	0	0	0	0	0	0	0	0	0	1
21894	0	0	1	0	0	0	0	0	0	0	0	0	1
21895	2	0	0	0	2	0	0	0	0	0	0	0	4
21896	3	0	0	0	1	0	0	0	0	0	0	0	4
21897	0	0	0	0	1	0	0	0	0	0	0	0	1
21898	2	0	0	0	0	0	1	0	0	0	0	0	3
21899	3	0	0	0	0	0	0	0	0	0	0	0	3
21900	3	0	0	0	0	0	0	1	0	0	0	0	4
21901	1	0	0	1	3	0	0	0	0	0	0	0	5
21902	2	0	0	0	0	0	0	0	0	0	0	0	2
21903	2	0	0	0	0	0	0	0	0	0	0	0	2
21904	1	0	0	0	0	0	0	1	0	0	0	0	2
21905	1	0	0	0	0	0	0	0	0	0	0	0	1
21906	1	0	0	0	1	0	0	0	0	0	0	0	2
21907	2	0	0	0	0	0	1	0	0	0	0	0	3
21908	2	0	0	0	0	0	0	0	0	0	0	0	2
21909	4	0	0	0	1	0	0	1	0	0	0	0	6
21910	2	0	0	0	0	0	0	0	0	0	0	0	2
21911	3	0	0	0	0	2	0	1	0	0	0	0	6
21912	2	1	0	0	0	0	1	0	0	0	0	0	4
21913	2	0	0	0	1	0	0	0	0	0	0	0	3
21914	1	0	0	0	1	0	0	1	0	0	0	0	3
21915	2	0	0	0	0	0	0	0	0	0	0	0	2
21916	1	0	0	0	0	0	0	0	0	0	0	0	1
21917	5	0	0	0	0	0	0	0	1	0	0	0	6
21918	1	0	0	0	0	0	0	0	0	0	0	0	1
21919	2	0	0	0	0	0	1	1	0	0	0	0	4
21921	1	0	0	0	0	0	0	0	0	0	0	0	1
21922	3	0	0	0	1	0	0	0	0	0	0	0	4
21923	0	0	1	0	0	0	0	0	0	0	0	0	1
21924	2	0	0	1	0	0	0	0	0	0	0	0	3
21925	1	0	0	0	0	0	0	0	0	0	0	0	1
21926	2	0	0	0	0	0	0	1	0	0	0	0	3
21927	2	0	0	1	0	0	0	1	0	0	0	0	4
21928	2	0	0	0	0	0	0	1	0	0	0	0	3
21929	1	0	0	0	1	0	0	0	0	0	0	0	2
21930	1	0	0	0	1	0	0	0	0	0	0	0	2
21931	3	0	0	0	0	0	0	0	0	0	0	0	3
21932	3	0	0	0	0	0	0	1	0	0	0	0	4
21933	1	0	0	0	0	0	0	0	0	0	0	0	1
21934	1	0	0	0	1	0	0	1	0	0	0	0	3
21935	1	0	0	0	0	0	0	0	0	0	0	0	1
21936	2	0	0	0	0	0	0	0	0	0	0	0	2
21937	1	0	0	0	0	0	0	0	0	0	0	0	1
21938	0	0	1	0	0	0	0	0	0	0	0	0	1
21939	1	0	0	1	1	0	0	1	0	0	0	0	4
21940	1	0	0	0	0	0	0	0	0	0	0	0	1
21941	1	0	0	0	0	0	0	1	0	0	0	0	2
21942	1	0	0	0	2	0	0	0	0	0	0	0	3
21943	1	0	0	0	0	0	0	1	0	0	0	0	2
21944	3	0	0	0	1	0	0	1	0	0	0	0	5
21945	0	0	0	0	3	0	0	0	0	0	0	0	3
21946	2	0	0	0	0	0	0	0	0	0	0	0	2
21947	1	0	0	0	1	0	0	1	0	0	0	0	3
21948	3	0	0	0	0	0	0	0	0	0	0	0	3
21949	1	0	0	0	0	0	0	1	0	0	0	0	2
21950	0	1	0	0	0	0	0	1	0	0	0	0	2
21951	1	0	0	0	0	0	0	0	0	0	0	0	1
21953	1	0	0	0	0	0	0	0	0	0	0	0	1
21954	5	0	0	0	0	0	0	0	0	0	0	0	5
21955	4	0	0	0	1	0	0	0	0	0	0	0	5
21956	1	0	0	0	1	0	0	0	0	0	0	0	2
21957	2	0	0	1	0	0	0	0	0	0	0	0	3
21959	1	0	0	0	2	0	0	0	0	0	0	0	3
21960	1	0	0	0	0	0	0	0	0	0	0	0	1
21961	1	0	0	0	1	0	0	1	0	0	0	0	3
21962	1	0	0	0	1	0	0	0	0	0	0	0	2
21964	1	0	0	1	0	0	0	0	0	0	0	0	2
21965	1	0	0	0	0	0	0	0	0	0	0	0	1
21966	3	0	0	0	0	0	0	0	0	0	0	0	3
21967	1	0	0	0	1	0	0	0	0	0	0	0	2
21968	2	0	0	0	1	0	0	0	0	0	0	0	3
21969	0	0	0	0	0	0	1	0	0	0	0	0	1
21970	0	0	0	0	3	0	0	0	0	0	0	0	3
21971	2	0	0	0	0	0	1	1	0	0	0	0	4
21972	0	0	0	1	3	0	0	0	0	0	0	0	4
21973	1	0	0	1	1	0	0	0	0	0	0	0	3
21974	3	0	0	0	1	0	0	0	0	0	0	0	4
21975	1	0	0	0	0	0	0	0	0	0	0	0	1
21976	0	0	0	0	1	0	0	0	0	0	0	0	1
21977	1	0	0	0	1	0	0	0	0	0	0	0	2
21978	1	0	0	0	0	0	0	0	0	0	0	0	1
21980	2	0	0	0	0	0	0	0	0	0	0	0	2
21981	1	0	0	0	0	0	0	1	0	0	0	0	2
21982	2	0	0	0	1	0	0	0	0	0	0	0	3
21983	0	0	0	0	1	0	0	0	0	0	0	0	1
21984	1	0	0	0	0	0	0	0	0	0	0	0	1
21985	1	1	0	1	0	0	0	0	0	0	0	0	3
21986	3	0	0	2	0	1	0	0	0	0	0	0	6
21987	0	0	0	1	1	0	0	0	0	0	0	0	2
21988	1	0	1	0	0	0	0	0	0	0	0	0	2
21989	1	0	0	0	1	0	0	0	0	0	0	0	2
21990	1	0	0	0	0	0	0	0	0	0	0	0	1
21991	1	0	0	0	0	0	0	0	0	0	0	0	1
21992	0	0	0	0	1	0	0	0	1	0	0	0	2
21993	1	0	0	0	0	0	0	0	0	0	0	0	1
21994	2	0	0	0	0	0	0	1	0	0	0	0	3
21995	2	0	0	0	1	0	0	0	0	0	0	0	3
21996	3	0	0	0	2	0	0	0	0	0	0	0	5
21997	0	0	0	0	2	0	0	0	0	0	0	0	2
21998	0	0	0	1	1	0	0	0	0	0	0	0	2
21999	2	1	0	0	1	0	0	0	0	0	0	0	4
22000	1	0	0	0	1	0	0	0	0	0	0	0	2
22001	0	0	0	1	0	0	0	0	0	0	0	0	1
22002	4	0	0	1	0	0	1	0	0	0	0	0	6
22003	1	0	1	0	0	0	0	0	0	0	0	0	2
22004	1	0	0	0	2	0	0	0	0	0	0	0	3
22005	0	0	0	0	1	0	0	0	0	0	0	0	1
22006	3	0	0	0	1	0	0	0	0	2	0	0	6
22007	0	0	0	0	1	0	0	0	0	0	0	0	1
22008	1	0	0	0	0	0	0	0	0	0	0	0	1
22009	2	0	0	0	1	0	0	0	0	0	0	0	3
22010	0	0	0	0	1	0	0	0	0	0	0	0	1
22011	0	0	0	2	0	0	0	0	0	0	0	0	2
22012	2	0	0	0	0	0	0	0	0	0	0	0	2
22013	1	0	0	1	0	0	0	0	0	0	0	0	2
22014	0	0	2	0	0	0	1	0	0	0	0	0	3
22015	3	0	0	1	0	0	0	1	0	0	0	0	5
22016	0	0	0	1	0	0	0	0	0	0	0	0	1
22017	2	0	0	0	0	0	1	1	0	0	0	0	4
22019	1	0	0	0	1	0	0	0	0	0	0	0	2
22020	1	0	0	0	0	1	0	0	0	0	0	0	2
22021	1	0	0	0	0	0	0	1	0	0	0	0	2
22022	0	1	0	1	0	0	0	0	0	0	0	0	2
22023	2	0	1	0	0	0	0	0	0	0	0	0	3
22024	1	1	0	0	0	0	0	1	0	0	0	0	3
22025	1	0	0	0	0	0	0	1	0	0	0	0	2
22026	1	0	1	0	0	0	0	0	0	0	0	0	2
22027	2	0	0	0	0	0	0	0	0	0	0	0	2
22028	1	0	0	1	3	0	0	0	0	0	0	0	5
22029	1	1	0	0	0	0	0	0	0	0	0	0	2
22030	2	0	0	0	0	0	0	0	0	0	0	0	2
22031	2	0	0	0	0	0	0	0	0	0	0	0	2
22032	0	0	0	0	1	0	1	1	0	0	0	0	3
22033	0	0	1	0	0	0	0	0	0	0	0	0	1
22034	0	0	1	0	0	0	0	0	0	0	0	0	1
22035	1	0	0	0	0	0	0	0	0	0	0	0	1
22036	2	0	0	0	0	0	0	0	0	0	0	0	2
22037	2	0	0	1	0	0	1	1	0	0	0	0	5
22038	1	0	0	0	0	0	0	0	0	0	0	0	1
22039	0	0	0	1	1	0	0	0	0	0	0	0	2
22040	1	0	1	1	0	0	0	1	0	0	0	0	4
22043	0	1	0	0	0	0	0	0	0	0	0	0	1
22044	2	0	0	0	0	0	0	0	0	0	0	0	2
22045	1	0	1	0	0	0	0	0	0	0	0	0	2
22046	1	0	0	0	1	0	0	0	0	0	0	0	2
22047	1	0	0	0	1	0	0	1	0	0	0	0	3
22048	1	0	0	0	0	0	0	0	0	0	0	0	1
22049	1	0	0	0	0	0	1	0	0	0	0	0	2
22050	1	0	0	0	0	0	0	0	0	0	0	0	1
22051	1	0	0	1	0	0	0	0	0	0	0	0	2
22053	0	1	0	0	0	1	0	0	0	0	0	0	2
22054	4	0	0	0	1	0	0	0	0	0	0	0	5
22055	1	0	0	0	0	0	0	0	0	0	0	0	1
22056	1	0	0	0	0	0	0	2	0	0	0	0	3
22057	0	1	1	0	0	0	0	0	0	0	0	0	2
22058	2	0	0	0	0	0	0	0	0	0	0	0	2
22059	2	0	0	0	2	0	0	0	0	0	0	0	4
22060	1	0	0	0	0	0	0	1	0	0	0	0	2
22061	1	0	0	0	1	0	0	0	0	0	0	0	2
22062	3	0	1	0	0	0	0	0	0	0	0	0	4
22064	1	0	0	1	1	0	0	1	0	0	0	0	4
22065	1	0	0	1	0	0	0	0	0	0	0	0	2
22066	0	0	0	0	2	0	0	0	0	0	0	0	2
22067	2	0	1	0	0	0	0	0	0	0	0	0	3
22068	3	0	0	0	0	0	0	0	0	0	0	0	3
22069	1	0	0	1	0	0	0	0	0	0	0	0	2
22070	1	0	0	0	1	0	0	0	0	0	0	0	2
22071	1	0	0	0	1	0	0	1	0	0	0	0	3
22072	1	0	1	0	0	0	0	0	0	0	0	0	2
22073	2	0	0	0	0	0	0	1	0	0	0	0	3
22074	1	0	0	0	0	0	0	0	0	0	0	0	1
22075	1	0	0	0	1	0	0	0	0	0	0	0	2
22076	0	0	0	0	2	0	0	0	0	0	0	0	2
22077	3	0	0	0	0	0	0	0	0	0	0	0	3
22078	2	0	0	0	0	0	0	0	0	0	0	0	2
22079	1	0	0	1	1	0	0	0	0	0	0	0	3
22080	2	0	0	0	0	0	0	0	0	0	0	0	2
22081	0	0	1	1	0	0	0	0	0	0	0	0	2
22083	2	0	0	0	0	0	0	0	0	0	0	0	2
22084	1	0	0	0	0	0	0	0	0	0	0	0	1
22085	4	0	0	0	0	0	0	0	0	0	0	0	4
22086	1	0	0	0	0	0	0	0	0	0	0	0	1
22087	2	0	0	2	0	0	0	0	0	0	0	0	4
22088	1	0	0	0	0	0	0	0	0	0	0	0	1
22089	1	0	0	0	1	0	0	0	0	0	0	0	2
22092	0	0	0	0	2	0	0	0	0	0	0	0	2
22093	0	0	1	0	1	0	0	0	0	1	0	0	3
22094	2	0	0	0	0	0	0	0	0	0	0	0	2
22096	2	1	0	1	0	0	0	0	0	0	0	0	4
22097	2	0	0	0	1	0	0	0	0	0	0	0	3
22098	0	0	0	0	2	0	0	0	0	0	0	0	2
22099	0	0	0	0	1	0	1	0	0	0	0	0	2
22100	1	0	0	0	0	0	0	0	0	0	0	0	1
22101	2	0	0	0	0	0	0	0	0	0	0	0	2
22102	2	0	0	0	2	0	0	0	0	0	0	0	4
22103	1	0	0	0	0	0	0	0	0	0	0	0	1
22104	3	0	0	0	0	0	0	0	0	0	0	0	3
22106	1	0	0	0	0	0	0	0	0	0	0	0	1
22107	0	2	0	0	0	0	0	0	0	0	0	0	2
22108	2	0	0	0	0	0	0	0	0	0	0	0	2
22109	1	0	0	0	3	0	0	0	0	0	0	0	4
22110	2	0	0	0	0	0	0	0	0	0	0	0	2
22111	0	0	1	0	0	0	0	0	0	0	0	0	1
22112	1	0	0	0	0	0	0	1	0	0	0	0	2
22113	1	0	0	0	1	0	1	0	0	0	0	0	3
22114	2	0	0	0	0	0	0	0	0	0	0	0	2
22115	1	0	0	0	0	0	0	0	0	0	0	0	1
22116	2	0	0	0	2	0	0	0	0	0	0	0	4
22117	3	0	0	1	1	0	0	0	0	0	0	0	5
22118	1	0	0	0	1	0	0	0	0	0	0	0	2
22119	0	0	1	0	0	0	0	0	0	0	0	0	1
22120	0	1	0	0	1	0	0	0	0	0	0	0	2
22121	1	0	0	1	1	0	0	0	0	0	0	0	3
22122	1	0	0	0	0	0	0	1	0	0	0	0	2
22124	1	0	0	0	0	0	0	1	0	0	0	0	2
22125	0	0	0	1	0	0	0	0	0	0	0	0	1
22126	3	0	0	0	0	0	0	0	0	0	0	0	3
22127	1	0	0	0	0	0	0	1	0	0	0	0	2
22128	1	0	0	0	0	0	0	0	0	0	0	0	1
22129	1	0	1	0	0	0	0	0	0	0	0	0	2
22130	2	0	0	0	0	0	0	0	0	0	0	0	2
22131	4	0	0	0	0	0	1	0	0	0	0	0	5
22132	0	0	0	0	2	0	0	0	0	0	0	0	2
22133	2	0	0	0	2	0	0	0	0	0	0	0	4
22135	1	0	0	0	1	0	0	0	0	0	0	0	2
22136	1	0	0	0	0	0	0	0	0	0	0	0	1
22137	4	0	0	0	0	0	0	0	0	0	0	0	4
22138	2	0	0	0	2	0	0	1	0	0	0	0	5
22139	3	0	0	0	0	0	0	0	0	0	0	0	3
22140	0	0	0	0	2	0	0	0	0	0	0	0	2
22141	2	0	1	0	1	0	0	0	0	0	0	0	4
22142	1	0	0	0	0	0	0	0	0	0	0	0	1
22144	3	0	0	0	1	0	0	0	0	0	0	0	4
22146	3	0	0	0	0	0	0	0	0	0	0	0	3
22147	2	0	0	0	0	0	0	0	0	0	0	0	2
22148	0	0	1	0	1	0	0	0	0	0	0	0	2
22149	1	0	0	1	1	0	0	0	0	0	0	0	3
22150	0	0	0	1	1	0	0	0	0	0	0	0	2
22151	1	0	0	0	0	0	0	0	0	0	0	0	1
22152	1	0	0	0	0	0	0	0	0	0	0	0	1
22153	2	0	0	1	0	0	0	0	0	0	0	0	3
22154	2	0	0	0	0	0	0	0	0	0	0	0	2
22155	3	0	0	0	0	0	0	0	0	0	0	0	3
22156	0	1	0	0	0	0	0	0	0	0	0	0	1
22157	1	0	0	0	0	0	0	0	1	0	0	0	2
22158	1	0	0	0	0	0	0	0	0	0	0	0	1
22159	1	0	1	0	1	0	0	0	0	0	0	0	3
22160	1	0	0	0	1	0	0	0	0	0	0	0	2
22161	0	1	0	0	0	0	0	0	0	0	0	0	1
22162	2	0	0	0	1	0	0	0	0	0	0	0	3
22163	3	0	0	0	0	0	0	0	0	0	0	0	3
22164	1	0	0	0	1	1	0	0	0	0	0	0	3
22165	2	0	0	0	0	0	0	0	0	0	0	0	2
22166	1	0	0	0	1	0	0	0	0	0	0	0	2
22167	1	0	0	0	1	0	0	0	0	0	0	0	2
22168	1	0	0	0	0	0	0	0	0	0	0	0	1
22169	2	0	0	0	1	0	0	0	0	0	0	0	3
22171	1	0	0	0	0	0	0	0	0	0	0	0	1
22172	1	0	0	0	0	0	0	0	0	0	0	0	1
22173	1	0	0	0	0	0	0	0	0	0	0	0	1
22174	2	0	0	0	2	0	0	0	0	0	0	0	4
22175	2	0	0	0	0	0	0	0	0	0	0	0	2
22176	1	0	0	0	1	0	0	0	0	0	0	0	2
22177	2	0	0	0	1	0	0	1	0	0	0	0	4
22178	1	0	0	0	0	0	0	1	0	0	0	0	2
22179	3	0	0	0	0	0	0	0	0	0	0	0	3
22180	1	0	0	0	0	0	0	0	0	0	0	0	1
22181	2	0	0	0	0	0	0	0	0	0	0	0	2
22182	1	0	0	0	3	0	0	0	0	0	0	0	4
22184	2	0	0	0	1	0	0	0	0	0	0	0	3
22185	1	0	0	2	0	0	0	0	0	0	0	0	3
22187	1	0	0	1	0	0	0	1	0	0	0	0	3
22188	2	0	0	0	1	0	0	0	0	0	0	0	3
22189	1	0	0	0	1	0	1	0	1	0	0	0	4
22190	1	0	0	0	1	0	0	0	0	0	0	0	2
22191	1	0	0	0	0	0	0	0	0	0	0	0	1
22192	0	0	0	1	0	0	0	0	0	0	0	0	1
22193	0	0	1	0	0	0	0	0	0	0	0	0	1
22194	3	0	0	0	0	0	1	0	0	0	0	0	4
22196	1	0	0	0	1	0	0	0	0	0	0	0	2
22197	1	0	0	0	0	0	1	0	0	0	0	0	2
22199	1	0	0	1	0	0	0	0	0	0	0	0	2
22200	1	0	0	0	0	0	0	0	0	0	0	0	1
22201	1	0	0	1	0	0	0	1	0	0	0	0	3
22202	1	0	0	1	0	0	0	1	1	0	0	0	4
22203	1	0	0	0	0	0	0	0	1	0	0	0	2
22204	2	0	0	0	0	0	0	0	0	0	0	0	2
22205	3	0	0	0	1	0	0	0	0	0	0	0	4
22206	1	0	0	0	1	0	0	0	0	0	0	0	2
22207	2	1	0	0	0	0	0	0	0	0	0	0	3
22208	1	0	0	0	0	0	0	0	0	0	0	0	1
22210	0	0	1	0	0	0	0	0	0	0	0	0	1
22211	2	0	0	0	0	0	0	1	0	0	0	0	3
22212	3	0	0	0	0	0	0	0	0	0	0	0	3
22213	1	0	0	0	1	0	0	0	0	0	0	0	2
22214	2	0	0	0	2	0	0	0	0	0	0	0	4
22215	2	0	0	0	0	0	0	0	0	0	0	0	2
22216	4	0	0	0	2	0	0	0	0	0	0	0	6
22219	1	0	0	0	0	0	0	0	0	0	0	0	1
22220	1	0	1	0	0	0	0	0	0	0	0	0	2
22221	1	0	1	0	1	0	0	0	0	0	0	0	3
22223	1	0	0	1	1	0	0	0	0	0	0	0	3
22225	1	0	0	0	0	0	0	0	0	0	0	0	1
22226	4	0	0	0	0	0	0	0	0	0	0	0	4
22227	0	0	0	0	4	0	0	0	0	0	0	0	4
22228	1	0	0	0	0	0	0	0	0	0	0	0	1
22229	4	0	0	0	0	0	0	0	0	0	0	0	4
22230	1	0	0	0	0	0	0	1	0	0	0	0	2
22231	1	0	0	0	2	0	0	0	0	0	0	0	3
22232	1	0	1	0	1	0	0	0	0	0	0	0	3
22233	0	0	1	0	0	0	0	0	0	0	0	0	1
22234	1	0	0	0	0	0	1	0	0	0	0	0	2
22235	2	0	0	0	1	0	0	0	0	0	0	0	3
22236	1	0	0	0	1	0	0	0	0	0	0	0	2
22237	2	0	0	0	3	0	0	1	0	0	0	0	6
22238	1	0	0	0	1	0	0	1	0	0	0	0	3
22239	1	0	0	0	0	0	0	1	0	0	0	0	2
22240	1	0	0	0	2	0	0	0	0	0	0	0	3
22241	4	0	0	0	0	0	0	0	1	0	0	0	5
22242	0	0	0	1	0	0	0	0	0	0	0	0	1
22243	3	0	0	0	0	0	0	0	0	0	0	0	3
22244	0	0	0	0	0	2	0	0	0	0	0	0	2
22245	2	0	0	0	0	0	0	0	0	0	0	0	2
22246	2	0	0	0	2	0	0	0	0	0	0	0	4
22247	2	1	0	0	0	0	0	0	0	0	0	0	3
22248	2	0	0	0	1	0	0	0	0	0	0	0	3
22250	1	0	0	0	1	0	0	1	0	0	0	0	3
22251	1	0	0	0	0	0	0	0	0	0	0	0	1
22252	1	0	0	0	1	0	0	0	1	0	0	0	3
22253	1	0	0	0	0	0	0	0	0	0	0	0	1
22254	1	0	0	0	0	0	0	0	0	0	0	0	1
22255	2	0	0	0	1	0	1	0	0	0	0	0	4
22256	1	0	0	0	0	0	0	0	0	0	0	0	1
22257	2	0	0	0	0	0	0	0	0	0	0	0	2
22258	1	0	0	0	1	0	0	1	0	0	0	0	3
22259	1	0	0	0	0	0	0	0	0	0	0	0	1
22260	1	0	0	0	0	0	1	1	0	0	0	0	3
22261	2	0	0	0	0	0	0	0	0	0	0	0	2
22262	3	0	0	0	0	0	0	0	0	0	0	0	3
22263	1	0	0	0	2	0	0	0	0	0	0	0	3
22264	1	0	0	0	0	0	0	0	0	0	0	0	1
22265	3	0	0	0	0	0	1	0	0	0	0	0	4
22266	0	0	1	0	0	1	0	0	0	0	0	0	2
22267	1	0	0	0	0	0	0	0	0	0	0	0	1
22268	1	0	0	0	1	0	0	0	0	0	0	0	2
22269	0	0	3	0	0	0	0	0	0	0	0	0	3
22270	3	0	0	1	0	0	0	0	0	0	0	0	4
22271	3	0	0	0	1	0	0	0	0	0	0	0	4
22272	1	0	0	0	0	0	0	0	0	0	0	0	1
22273	2	0	0	0	0	0	0	1	0	0	0	0	3
22274	2	0	0	0	0	0	0	0	0	0	0	0	2
22275	2	0	0	0	0	0	1	0	0	0	0	0	3
22276	1	0	0	0	0	0	0	1	1	0	0	0	3
22277	1	0	0	0	1	0	0	0	0	0	0	0	2
22278	2	0	0	0	0	0	0	0	0	0	0	0	2
22279	1	0	0	0	1	0	0	0	0	0	0	0	2
22280	2	1	0	0	0	0	0	1	0	0	0	0	4
22281	0	0	0	0	1	0	0	0	0	0	0	0	1
22282	2	0	0	0	1	0	1	0	0	0	0	0	4
22283	2	0	0	0	0	0	1	0	1	0	0	0	4
22284	0	0	0	0	2	0	0	0	0	0	0	0	2
22285	0	0	1	0	1	0	0	0	0	0	0	0	2
22286	1	0	0	0	0	0	0	0	0	0	0	0	1
22287	1	0	0	0	0	0	0	1	0	0	0	0	2
22288	1	0	0	0	0	0	0	0	0	0	0	0	1
22289	1	0	0	0	2	0	0	0	0	0	0	0	3
22290	1	0	0	0	0	0	0	0	0	0	0	0	1
22291	1	0	0	0	0	0	0	0	0	0	0	0	1
22292	2	0	0	0	0	0	0	0	0	0	0	0	2
22293	0	0	1	0	1	0	1	0	0	0	0	0	3
22294	0	0	0	1	0	0	0	0	1	0	0	0	2
22295	1	0	0	0	1	0	0	0	0	0	0	0	2
22297	1	0	0	0	1	0	0	0	0	0	0	0	2
22298	2	0	0	0	0	0	0	0	0	0	0	0	2
22299	0	0	0	0	1	0	0	0	0	0	0	0	1
22300	3	0	0	0	0	0	0	0	0	0	0	0	3
22301	2	0	0	0	0	0	0	1	0	0	0	0	3
22302	0	0	0	0	1	0	0	0	0	0	0	0	1
22303	3	0	0	1	1	0	0	0	0	0	0	0	5
22304	2	0	0	0	0	0	0	0	0	0	0	0	2
22305	0	1	0	0	1	0	0	0	0	0	0	0	2
22306	1	0	0	1	1	0	1	0	0	0	0	0	4
22307	0	0	0	0	2	0	0	0	0	0	0	0	2
22309	2	0	0	0	0	0	0	0	0	0	0	0	2
22310	1	0	0	0	0	0	0	0	0	0	0	0	1
22311	1	0	0	0	0	0	0	0	0	0	0	0	1
22312	4	0	0	0	0	0	1	0	0	0	0	0	5
22314	0	0	1	0	0	0	0	0	0	0	0	0	1
22315	0	0	0	0	2	0	0	0	0	0	0	0	2
22316	1	0	0	0	0	0	0	0	1	0	0	0	2
22317	2	0	0	0	0	0	0	0	0	0	0	0	2
22318	2	0	0	0	0	0	0	1	0	0	0	0	3
22320	0	0	0	1	3	0	0	0	0	0	0	0	4
22321	3	0	0	1	1	0	0	0	0	0	0	0	5
22322	4	0	0	0	0	0	1	0	0	0	0	0	5
22323	0	0	0	1	0	1	1	0	0	0	0	0	3
22324	0	0	0	0	1	0	1	0	0	0	0	0	2
22325	3	0	0	0	1	0	0	0	0	0	0	0	4
22326	2	1	0	0	0	0	0	0	1	0	0	0	4
22327	1	0	0	0	0	0	0	0	0	0	0	0	1
22328	0	0	0	0	0	0	1	0	0	0	0	0	1
22329	1	0	0	0	0	0	0	0	0	1	0	0	2
22330	0	0	1	0	0	0	0	0	0	0	0	0	1
22331	0	0	0	1	0	0	0	0	0	0	0	0	1
22332	1	0	1	0	1	0	0	0	0	0	0	0	3
22333	0	0	2	0	0	0	0	0	0	0	0	0	2
22334	1	0	0	0	0	0	0	0	0	0	0	0	1
22335	1	0	0	0	2	0	0	0	0	0	0	0	3
22336	4	0	0	0	0	0	0	0	0	0	0	0	4
22337	1	0	0	0	0	0	0	0	0	0	0	0	1
22338	0	0	0	0	2	0	0	0	0	0	0	0	2
22339	0	0	0	0	1	0	0	0	0	0	0	0	1
22340	2	0	0	0	0	0	1	0	1	0	0	0	4
22341	4	0	0	0	0	0	0	1	0	0	0	0	5
22342	1	1	0	0	0	0	1	0	0	0	0	0	3
22343	1	0	0	0	0	0	1	0	0	0	0	0	2
22344	1	0	0	0	1	0	0	0	0	0	0	0	2
22345	1	0	0	2	1	0	1	1	0	0	0	0	6
22346	1	1	1	1	0	0	0	0	0	0	0	0	4
22347	2	0	1	0	0	0	0	0	1	0	0	0	4
22348	1	0	0	0	0	0	0	0	0	1	0	0	2
22349	4	1	0	0	0	0	0	0	1	0	0	0	6
22350	2	0	0	0	0	0	0	0	0	0	0	0	2
22351	1	0	0	0	1	0	0	0	0	0	0	0	2
22352	0	0	1	0	0	0	1	0	0	0	0	0	2
22353	1	0	0	0	1	0	0	0	0	0	0	0	2
22354	2	0	0	0	0	0	0	1	0	0	0	0	3
22355	2	0	0	0	1	0	0	0	0	0	0	0	3
22356	2	0	0	0	0	0	0	0	0	0	0	0	2
22357	3	0	0	0	0	0	0	0	0	0	0	0	3
22359	2	0	0	0	0	0	0	0	0	0	0	0	2
22360	1	0	0	0	0	0	0	0	0	0	0	0	1
22361	1	0	0	0	0	0	0	1	0	0	0	0	2
22362	4	0	0	0	1	0	1	0	0	0	0	0	6
22363	0	0	0	0	1	0	0	0	0	0	0	0	1
22364	3	0	0	0	0	1	0	0	0	0	0	0	4
22365	1	0	0	0	1	0	0	1	0	0	0	0	3
22366	0	0	0	0	2	0	0	0	0	0	0	0	2
22368	2	0	0	0	0	0	0	0	0	0	0	0	2
22369	1	0	0	0	0	0	1	0	0	0	0	0	2
22370	1	1	0	0	1	0	0	1	0	0	0	0	4
22371	2	0	0	0	0	0	0	2	0	0	0	0	4
22372	2	0	1	0	0	0	0	0	0	0	0	0	3
22373	2	0	0	0	0	0	0	0	0	0	0	0	2
22374	3	0	0	0	0	0	0	0	0	0	0	0	3
22375	1	0	0	0	1	0	0	0	0	0	0	0	2
22377	0	0	0	1	0	0	0	0	1	0	0	0	2
22378	1	0	0	0	0	0	0	0	0	0	0	0	1
22379	1	0	0	0	1	0	0	1	0	0	0	0	3
22380	1	0	0	0	0	0	0	0	0	0	0	0	1
22381	1	0	0	0	0	0	0	0	0	0	0	0	1
22382	3	0	1	0	0	0	0	0	0	0	0	0	4
22384	2	0	0	0	0	0	0	0	0	0	0	0	2
22385	3	0	0	0	0	0	0	1	0	0	0	0	4
22386	1	0	0	0	2	0	0	0	0	0	0	0	3
22387	1	0	0	0	1	0	0	0	0	0	0	0	2
22388	3	0	0	0	1	0	0	0	0	0	0	0	4
22389	1	0	0	0	0	0	0	1	0	0	0	0	2
22390	0	0	0	0	1	0	0	0	0	0	0	0	1
22392	2	0	0	0	2	0	0	0	0	0	0	0	4
22393	0	0	0	0	1	0	0	0	0	0	0	0	1
22394	0	0	0	1	0	0	0	0	0	0	0	0	1
22396	2	0	0	0	0	0	0	0	0	0	0	0	2
22397	3	0	0	0	0	0	0	0	0	0	0	0	3
22398	2	0	0	0	1	0	0	0	0	0	0	0	3
22399	2	0	0	0	0	0	0	0	0	0	0	0	2
22401	3	0	0	1	0	0	0	0	0	0	0	0	4
22403	2	0	0	0	0	0	0	0	0	0	0	0	2
22404	1	0	0	1	0	0	0	0	0	0	0	0	2
22405	0	0	0	0	0	0	1	1	0	0	0	0	2
22406	3	0	0	0	0	0	0	1	0	0	0	0	4
22407	2	0	0	0	1	0	0	1	0	0	0	0	4
22408	0	0	0	0	1	0	0	1	0	0	0	0	2
22410	2	0	0	0	1	0	0	0	0	0	0	0	3
22411	1	0	0	0	0	0	0	0	0	0	0	0	1
22412	3	0	0	0	1	0	0	0	0	0	0	0	4
22413	3	0	0	0	0	0	0	1	0	0	0	0	4
22414	2	0	0	0	0	0	0	1	0	0	0	0	3
22415	0	0	1	0	0	0	0	0	0	0	0	0	1
22416	2	0	0	0	0	0	0	0	0	0	0	0	2
22417	0	1	0	0	1	0	0	0	0	0	0	0	2
22418	2	0	0	0	0	0	0	0	0	0	0	0	2
22419	2	0	0	0	0	0	0	2	0	0	0	0	4
22420	3	0	0	0	0	0	0	0	0	0	0	0	3
22421	1	0	0	0	0	0	0	0	0	0	0	0	1
22422	2	0	0	0	1	0	0	0	0	0	0	0	3
22423	3	0	0	0	0	0	0	0	0	0	0	0	3
22424	2	0	0	0	0	0	1	0	0	0	0	0	3
22425	3	0	0	0	0	0	0	1	0	0	0	0	4
22426	1	0	0	0	0	0	0	0	0	0	0	0	1
22427	2	0	0	0	0	0	0	1	0	0	0	0	3
22428	0	0	0	0	1	0	0	0	0	0	0	0	1
22429	2	0	0	0	1	0	0	0	0	0	0	0	3
22430	1	0	0	0	1	0	0	0	0	0	0	0	2
22431	1	0	0	0	2	0	0	0	0	0	0	0	3
22432	1	0	0	0	0	1	0	0	0	0	0	0	2
22433	2	0	0	0	1	0	0	0	0	0	0	0	3
22434	4	0	0	0	0	0	0	0	0	0	0	0	4
22435	2	0	0	0	1	0	0	0	1	0	0	0	4
22436	1	0	0	0	0	0	0	0	0	0	0	0	1
22437	1	0	0	0	0	0	0	1	0	0	0	0	2
22438	0	0	1	0	0	0	0	1	0	0	0	0	2
22439	0	0	0	0	1	0	0	0	0	0	0	0	1
22440	0	0	0	1	1	0	0	0	0	0	0	0	2
22441	5	0	0	0	0	0	0	0	0	0	0	0	5
22442	5	0	0	0	0	0	0	0	0	0	0	0	5
22443	3	0	0	0	1	1	0	0	0	0	0	0	5
22444	3	0	0	0	0	0	0	0	0	0	0	0	3
22445	0	0	0	0	1	0	0	0	0	0	0	0	1
22446	2	0	0	0	0	0	0	1	0	0	0	0	3
22447	2	0	0	0	0	1	0	0	0	0	0	0	3
22448	0	0	1	0	0	0	1	0	0	0	0	0	2
22449	1	0	0	0	0	0	1	0	0	0	0	0	2
22451	2	0	0	1	0	0	0	0	0	0	0	0	3
22452	2	0	0	0	0	0	0	0	0	0	0	0	2
22453	2	0	0	0	1	0	0	0	0	0	0	0	3
22454	1	0	0	0	0	0	0	0	0	0	0	0	1
22455	3	0	0	0	0	0	0	0	0	0	0	0	3
22456	2	0	0	0	0	0	0	1	0	0	0	0	3
22457	2	0	0	0	0	0	0	0	0	0	0	0	2
22459	1	1	0	0	0	0	0	0	0	0	0	0	2
22460	1	0	0	0	1	0	0	0	0	0	0	0	2
22461	1	1	0	0	0	0	0	0	0	0	0	0	2
22462	2	0	0	0	0	0	0	0	0	0	0	0	2
22463	1	0	0	0	0	0	0	1	0	0	0	0	2
22464	3	0	0	0	0	0	0	0	0	0	0	0	3
22465	0	0	0	1	0	0	0	0	0	0	0	0	1
22466	0	0	0	1	0	0	0	0	0	0	0	0	1
22467	1	0	0	0	1	0	0	0	0	0	0	0	2
22468	1	0	0	0	0	0	0	0	0	0	0	0	1
22469	2	0	0	0	0	0	0	1	0	0	0	0	3
22470	1	0	0	0	0	0	1	0	1	1	0	0	4
22471	0	0	0	0	3	0	0	0	0	0	0	0	3
22472	0	0	0	0	1	0	0	0	0	0	0	0	1
22473	0	0	1	0	0	0	0	0	0	0	0	0	1
22475	2	0	0	0	0	2	0	0	0	0	0	0	4
22476	0	0	0	0	2	0	0	0	0	0	0	0	2
22477	1	0	0	0	0	0	0	1	0	0	0	0	2
22478	1	0	0	0	0	0	0	0	0	0	0	0	1
22479	1	0	0	0	0	0	1	0	1	0	0	0	3
22480	1	0	0	0	0	0	0	0	0	0	0	0	1
22481	3	0	0	0	0	0	0	0	0	0	0	0	3
22482	1	0	0	0	1	0	0	0	0	0	0	0	2
22483	1	0	0	0	1	0	0	0	0	0	0	0	2
22484	0	1	0	1	0	0	0	0	0	0	0	0	2
22485	1	0	0	0	2	0	0	0	0	0	0	0	3
22486	2	0	0	0	0	0	0	0	0	0	0	0	2
22487	1	0	0	0	1	0	0	0	0	1	0	0	3
22488	1	0	0	0	0	0	0	0	0	0	0	0	1
22489	4	0	0	0	0	0	0	0	0	0	0	0	4
22490	2	0	0	0	0	0	0	0	0	0	0	0	2
22491	2	0	0	0	0	0	0	0	0	0	0	0	2
22492	1	0	0	0	0	0	0	0	0	0	0	0	1
22493	3	0	0	0	0	0	0	0	0	0	0	0	3
22494	2	0	0	1	0	0	0	0	0	0	0	0	3
22495	1	0	0	2	1	0	0	0	1	0	0	0	5
22496	0	0	1	1	0	0	0	0	0	0	0	0	2
22497	1	0	0	0	2	0	0	0	0	0	0	0	3
22498	1	0	0	0	0	0	0	0	0	0	0	0	1
22500	2	0	0	1	0	0	0	0	0	0	0	0	3
22501	2	0	0	0	0	0	0	1	0	0	0	0	3
22502	2	0	0	0	0	0	0	0	0	0	0	0	2
22503	2	0	0	0	1	0	0	0	0	0	0	0	3
22505	1	0	0	0	0	0	0	0	0	0	0	0	1
22506	1	0	0	0	0	0	0	0	0	0	0	0	1
22507	0	0	0	1	2	0	0	0	0	0	0	0	3
22508	2	0	0	0	0	0	0	1	0	0	0	0	3
22509	3	0	0	0	0	0	0	0	0	0	0	0	3
22510	2	0	0	0	0	0	0	0	0	0	0	0	2
22511	1	0	0	1	0	0	0	0	0	0	0	0	2
22512	2	0	0	0	0	0	0	0	0	0	0	0	2
22513	1	0	1	0	0	0	0	0	0	0	0	0	2
22514	2	0	0	0	0	0	0	0	0	0	0	0	2
22515	1	0	0	0	0	0	0	0	0	0	0	0	1
22517	2	0	0	0	1	0	0	0	0	0	0	0	3
22518	1	0	1	0	0	0	0	0	0	0	0	0	2
22519	1	0	0	0	1	0	0	0	0	0	0	0	2
22520	1	0	0	0	0	0	0	0	0	0	0	0	1
22521	1	0	0	0	2	0	0	0	0	0	0	0	3
22522	0	0	0	0	2	2	0	0	0	0	0	0	4
22523	1	0	0	0	0	0	0	1	0	0	0	0	2
22524	0	0	0	1	1	0	0	0	1	0	0	0	3
22525	3	0	0	0	0	0	0	0	0	0	0	0	3
22526	3	0	0	0	0	0	0	2	0	0	0	0	5
22527	1	0	0	0	0	0	0	0	0	0	0	0	1
22528	2	0	0	0	0	0	0	0	0	0	0	0	2
22529	0	0	1	0	0	0	0	0	0	0	0	0	1
22530	0	0	0	1	0	0	0	0	0	0	0	0	1
22531	3	0	0	0	0	0	0	0	0	0	0	0	3
22532	2	0	0	0	2	0	0	0	0	0	0	0	4
22533	7	0	0	0	0	0	0	0	0	0	0	0	7
22534	1	0	1	1	2	0	0	0	0	0	0	0	5
22535	1	0	1	0	0	0	0	0	0	0	0	0	2
22536	0	0	0	0	1	0	0	0	0	0	0	0	1
22537	2	0	0	0	1	2	0	0	0	0	0	0	5
22538	1	0	0	0	2	0	0	0	0	0	0	0	3
22539	1	0	0	0	0	0	0	1	0	0	0	0	2
22540	0	0	0	0	1	0	1	1	0	0	0	0	3
22541	1	0	0	1	3	0	0	1	0	0	0	0	6
22542	1	0	1	0	0	0	0	0	0	0	0	0	2
22543	3	0	0	0	1	0	0	1	0	0	0	0	5
22544	1	0	0	0	0	0	0	0	0	0	0	0	1
22545	1	0	0	0	0	0	0	0	0	0	0	0	1
22546	2	0	0	0	0	0	0	0	0	0	0	0	2
22547	3	0	0	0	1	0	0	0	0	0	0	0	4
22550	1	0	0	0	1	0	0	0	0	0	0	0	2
22551	3	0	0	0	0	0	0	1	0	0	0	0	4
22552	3	0	0	1	0	0	0	0	0	0	0	0	4
22553	0	1	0	0	0	0	0	0	0	0	0	0	1
22554	2	0	0	0	0	0	1	0	0	0	0	0	3
22555	2	0	0	0	0	0	0	0	0	0	0	0	2
22556	1	0	0	0	0	0	0	0	0	0	0	0	1
22557	1	0	0	0	0	0	0	1	0	0	0	0	2
22558	1	0	0	0	0	0	0	0	0	0	0	0	1
22559	1	0	0	0	0	0	0	1	0	0	0	0	2
22561	4	0	0	0	0	0	0	0	0	0	0	0	4
22562	1	0	0	0	0	0	0	0	0	0	0	0	1
22563	3	0	0	0	1	0	0	1	0	0	0	0	5
22564	3	0	0	0	0	0	0	1	0	0	0	0	4
22565	2	0	1	0	0	0	0	0	0	0	0	0	3
22566	0	0	0	1	1	0	0	0	0	0	0	0	2
22567	0	1	0	0	0	0	0	0	0	0	0	0	1
22568	1	0	0	0	0	0	0	0	0	0	0	0	1
22569	3	0	0	0	0	0	0	0	0	0	0	0	3
22570	1	0	0	1	0	0	0	0	0	0	0	0	2
22571	2	0	0	0	0	0	0	0	0	0	0	0	2
22572	3	0	0	0	1	0	0	0	0	0	0	0	4
22573	4	0	0	0	1	0	0	0	0	0	0	0	5
22574	1	0	0	0	0	0	0	0	0	0	0	0	1
22575	2	0	0	0	0	0	0	1	0	0	0	0	3
22576	2	0	0	1	0	0	0	0	0	0	0	0	3
22577	0	0	1	0	0	0	0	0	0	0	0	0	1
22578	2	0	0	0	0	1	0	0	0	0	0	0	3
22579	2	0	0	2	0	0	0	0	0	0	0	0	4
22580	0	0	1	1	0	0	0	0	0	0	0	0	2
22581	3	0	0	0	0	0	0	1	1	0	0	0	5
22582	2	0	0	0	1	1	0	0	0	0	0	0	4
22583	1	0	0	0	1	0	0	0	0	0	0	0	2
22584	1	0	0	0	0	0	0	0	0	0	0	0	1
22587	0	0	0	0	4	0	0	0	0	0	0	0	4
22588	2	0	0	0	1	0	0	0	0	0	0	0	3
22589	2	0	0	0	0	0	0	0	0	0	0	0	2
22591	0	1	0	0	0	1	0	0	0	0	0	0	2
22592	0	0	0	0	1	0	0	0	0	0	0	0	1
22593	1	0	0	0	0	0	1	0	0	0	0	0	2
22594	4	0	0	0	0	0	0	0	0	0	0	0	4
22595	1	0	0	0	1	0	0	0	0	0	0	0	2
22596	1	0	0	0	0	0	0	0	0	0	0	0	1
22597	2	0	1	0	1	0	0	0	0	0	0	0	4
22598	1	0	0	0	1	0	0	0	0	0	0	0	2
22599	1	0	0	0	0	0	0	0	0	0	0	0	1
22600	4	0	0	0	0	0	0	0	1	0	0	0	5
22601	1	0	1	0	0	0	0	0	1	0	0	0	3
22602	3	0	0	0	0	0	0	0	0	0	0	0	3
22603	1	0	0	0	0	0	0	0	0	0	0	0	1
22604	0	0	0	0	0	1	1	0	1	1	0	0	4
22606	1	0	0	0	0	0	0	0	0	0	0	0	1
22607	1	0	0	0	0	1	0	0	1	0	0	0	3
22608	1	0	0	1	0	0	0	0	0	0	0	0	2
22609	0	0	0	0	0	0	0	1	0	0	0	0	1
22610	0	0	2	0	0	0	0	0	0	0	0	0	2
22611	1	0	0	0	0	0	0	0	0	0	0	0	1
22612	3	0	0	0	0	0	0	1	0	0	0	0	4
22613	1	0	0	0	1	0	0	0	0	1	0	0	3
22614	1	0	0	0	0	0	0	0	0	0	0	0	1
22615	2	0	0	0	0	0	0	0	0	0	0	0	2
22616	2	0	0	0	0	0	0	0	0	0	0	0	2
22617	3	0	0	0	1	0	1	0	0	0	0	0	5
22618	1	0	0	0	0	0	0	0	0	0	0	0	1
22619	0	0	0	0	1	0	0	0	0	0	0	0	1
22620	0	1	0	0	0	0	0	0	0	0	0	0	1
22621	0	0	1	0	0	0	0	0	0	0	0	0	1
22622	0	0	0	0	0	1	0	0	0	0	0	0	1
22623	1	0	0	0	2	0	1	0	0	0	0	0	4
22624	1	0	0	0	0	0	0	0	0	0	0	0	1
22625	2	0	0	0	0	0	0	0	0	0	0	0	2
22626	2	0	1	0	0	0	0	0	0	0	0	0	3
22627	2	0	0	0	0	0	0	0	0	0	0	0	2
22628	1	0	0	0	0	0	0	0	0	0	0	0	1
22629	0	0	0	0	2	0	0	0	0	0	0	0	2
22630	1	0	1	0	0	0	0	0	0	0	0	0	2
22631	2	0	0	0	0	0	1	0	0	0	0	0	3
22632	1	0	0	0	1	0	0	0	0	0	0	0	2
22633	0	0	0	0	2	0	0	0	0	0	0	0	2
22634	1	0	0	0	0	0	0	0	0	0	0	0	1
22635	2	0	0	0	2	0	0	0	0	0	0	0	4
22636	1	0	0	0	0	0	0	0	0	0	0	0	1
22637	1	0	0	0	0	0	0	0	0	0	0	0	1
22638	2	0	0	0	0	0	0	0	0	0	0	0	2
22639	0	0	0	0	0	0	1	0	0	0	0	0	1
22640	0	0	0	0	1	0	0	0	0	0	0	0	1
22642	2	0	0	0	0	0	0	0	0	0	0	0	2
22643	3	0	0	0	2	0	0	0	0	0	0	0	5
22644	1	0	0	0	0	1	0	1	0	0	0	0	3
22645	3	0	0	0	0	0	1	1	0	0	0	0	5
22646	0	0	0	0	1	0	0	0	0	0	0	0	1
22647	1	0	0	0	0	0	0	0	0	0	0	0	1
22648	1	0	0	0	0	0	0	0	0	0	0	0	1
22649	2	0	0	0	0	0	1	0	0	0	0	0	3
22650	1	0	0	0	0	0	0	0	0	0	0	0	1
22651	2	0	0	0	0	0	0	0	0	0	0	0	2
22652	3	0	0	0	1	0	0	0	0	0	0	0	4
22653	1	0	0	0	0	0	0	0	0	0	0	0	1
22654	2	0	1	0	1	0	0	0	0	0	0	0	4
22655	2	0	0	0	0	0	0	0	0	0	0	0	2
22656	1	0	0	1	0	0	0	0	0	0	0	0	2
22657	0	0	0	0	1	0	1	0	1	0	0	0	3
22658	0	0	0	0	0	0	1	0	0	0	0	0	1
22659	2	0	0	1	0	0	0	0	0	0	0	0	3
22660	0	1	0	0	0	0	0	0	0	0	0	0	1
22661	2	0	0	0	1	0	0	0	0	0	0	0	3
22662	0	0	0	0	2	0	0	0	0	0	0	0	2
22663	0	0	0	0	1	0	0	0	0	0	0	0	1
22664	2	0	0	0	0	0	0	1	0	0	0	0	3
22665	1	0	0	1	0	0	0	1	0	0	0	0	3
22666	0	0	1	0	0	0	0	0	0	0	0	0	1
22667	4	0	0	0	0	0	0	0	0	0	0	0	4
22668	1	0	0	0	0	0	0	0	0	0	0	0	1
22669	3	0	0	0	1	0	0	0	0	0	0	0	4
22670	1	0	0	0	0	0	0	0	0	0	0	0	1
22671	2	0	0	0	0	0	0	1	0	0	0	0	3
22672	1	0	0	1	0	0	0	0	0	0	0	0	2
22675	2	0	0	1	1	0	0	0	0	0	0	0	4
22678	2	0	0	0	0	0	0	0	0	0	0	0	2
22679	4	0	0	0	0	0	0	1	0	0	0	0	5
22680	0	0	1	0	0	0	0	0	0	0	0	0	1
22681	0	0	0	1	2	0	1	0	0	0	0	0	4
22682	1	0	0	0	1	0	0	1	0	0	0	0	3
22683	1	0	0	0	0	0	0	0	0	0	0	0	1
22684	2	0	0	1	0	0	0	0	0	0	0	0	3
22685	2	0	0	0	1	0	0	0	0	0	0	0	3
22686	3	0	0	0	0	0	0	1	0	0	0	0	4
22687	1	0	0	0	0	0	0	1	0	0	0	0	2
22689	3	0	0	0	0	0	0	0	0	0	0	0	3
22691	1	0	0	0	0	0	0	0	0	0	0	0	1
22692	0	0	0	1	0	2	0	0	0	0	0	0	3
22693	0	0	0	0	1	0	0	0	0	0	0	0	1
22694	2	0	0	0	0	0	0	2	0	0	0	0	4
22695	2	0	0	0	0	0	0	0	0	0	0	0	2
22696	1	0	0	0	0	0	0	0	0	0	0	0	1
22697	2	0	0	0	0	0	0	0	0	0	0	0	2
22698	2	0	0	0	0	0	0	0	0	0	0	0	2
22699	0	0	0	0	1	0	0	0	0	0	0	0	1
22701	0	0	0	0	1	0	0	0	0	1	0	0	2
22702	1	0	0	1	0	0	0	0	0	0	0	0	2
22703	1	0	0	0	0	0	0	0	0	0	0	0	1
22705	3	0	0	0	0	0	0	0	0	0	0	0	3
22706	4	0	0	0	0	0	0	0	0	0	0	0	4
22707	0	0	0	0	1	0	0	0	0	0	0	0	1
22708	2	0	0	0	0	0	0	0	1	0	0	0	3
22709	1	0	0	0	0	0	0	0	0	0	0	0	1
22710	1	0	0	1	0	0	0	0	0	0	0	0	2
22711	2	0	0	0	1	0	0	0	0	0	0	0	3
22712	1	0	0	0	1	0	1	0	0	0	0	0	3
22713	1	0	0	0	1	0	0	0	0	0	0	0	2
22714	1	0	0	0	1	0	0	2	0	0	0	0	4
22715	2	0	0	0	1	0	0	0	1	0	0	0	4
22716	2	0	0	0	1	0	0	0	0	0	0	0	3
22717	2	0	1	0	0	0	0	0	0	0	0	0	3
22718	1	0	0	0	2	0	0	0	1	0	0	0	4
22719	1	0	0	0	0	0	0	0	0	0	0	0	1
22720	1	0	0	0	0	0	0	0	0	0	0	0	1
22721	0	0	1	0	0	0	0	0	0	0	0	0	1
22722	1	0	0	0	1	0	0	0	0	0	0	0	2
22723	2	0	0	0	1	0	0	0	0	0	0	0	3
22724	1	0	0	0	0	0	0	0	0	0	0	0	1
22726	2	0	0	0	0	0	0	0	0	0	0	0	2
22727	3	0	0	0	0	0	0	0	0	0	0	0	3
22728	2	0	0	0	1	0	0	0	0	0	0	0	3
22729	2	0	0	0	0	0	0	0	0	0	0	0	2
22730	2	0	0	0	2	0	0	1	0	0	0	0	5
22731	2	0	0	0	0	0	0	0	0	0	0	0	2
22732	5	0	0	0	0	0	0	0	1	0	0	0	6
22733	3	0	0	0	0	0	0	0	0	0	0	0	3
22734	1	0	0	0	0	0	0	0	0	0	0	0	1
22735	0	0	0	0	1	0	0	0	0	0	0	0	1
22736	0	1	0	0	0	0	0	0	0	0	0	0	1
22737	1	0	0	0	0	0	0	0	0	0	0	0	1
22738	1	0	0	0	0	0	0	0	0	0	0	0	1
22739	1	0	0	0	0	0	0	0	0	0	0	0	1
22740	1	0	0	0	2	0	0	0	0	0	0	0	3
22741	2	0	0	0	1	0	0	0	0	0	0	0	3
22742	1	0	0	0	1	0	0	0	0	0	0	0	2
22743	2	0	0	0	0	0	0	0	0	0	0	0	2
22744	1	0	0	0	0	0	0	0	0	0	0	0	1
22745	1	0	0	0	0	0	0	0	0	0	0	0	1
22746	0	2	0	0	0	0	0	0	0	0	0	0	2
22747	1	0	0	0	0	0	0	1	0	0	0	0	2
22748	0	0	0	1	0	0	0	0	0	0	0	0	1
22749	1	0	0	0	0	0	0	1	0	0	0	0	2
22750	1	0	3	0	2	0	0	0	0	0	0	0	6
22751	0	0	1	0	0	0	0	0	0	0	0	0	1
22752	2	0	0	1	0	0	0	0	0	0	0	0	3
22753	0	0	0	0	0	1	0	0	0	0	0	0	1
22754	1	0	0	0	0	0	0	0	0	0	0	0	1
22755	1	0	0	0	3	0	0	0	0	0	0	0	4
22756	1	0	0	0	2	0	0	1	0	0	0	0	4
22757	0	0	0	0	3	0	0	0	0	0	0	0	3
22758	1	0	0	0	2	0	0	0	0	0	0	0	3
22759	1	0	1	0	0	0	0	0	0	0	0	0	2
22760	0	0	0	0	1	0	0	0	0	0	0	0	1
22761	4	0	0	0	1	0	0	0	0	0	0	0	5
22764	0	0	0	1	1	0	1	0	0	0	0	0	3
22766	0	0	0	0	1	0	0	0	0	0	0	0	1
22767	1	0	0	0	1	0	0	0	1	0	0	0	3
22768	4	0	0	0	0	0	0	1	0	0	0	0	5
22769	2	0	0	0	0	0	0	1	0	0	0	0	3
22770	2	0	0	0	0	0	0	0	0	0	0	0	2
22771	3	0	0	0	0	1	0	0	1	0	0	0	5
22772	1	0	2	0	1	0	0	0	0	0	0	0	4
22773	1	0	0	0	0	0	0	0	0	0	0	0	1
22774	3	0	0	0	0	0	0	2	0	0	0	0	5
22775	0	0	0	0	1	0	0	0	0	0	0	0	1
22776	1	0	0	0	0	0	0	0	0	0	0	0	1
22777	1	0	0	0	0	0	0	1	0	0	0	0	2
22778	1	0	0	0	0	0	0	1	0	0	0	0	2
22779	1	0	0	0	0	0	0	0	0	0	0	0	1
22780	1	0	0	0	0	0	0	1	0	0	0	0	2
22781	1	0	0	0	0	0	0	0	0	0	0	0	1
22783	2	0	0	0	1	0	0	0	0	0	0	0	3
22784	2	0	0	1	0	0	0	0	0	0	0	0	3
22785	1	0	0	1	0	0	0	0	0	0	0	0	2
22786	2	0	0	0	0	0	0	0	0	1	0	0	3
22787	2	0	0	0	1	0	0	0	0	0	0	0	3
22788	1	0	0	0	0	0	0	0	0	0	0	0	1
22789	2	0	0	0	1	0	0	1	2	0	0	0	6
22790	2	0	0	0	2	0	0	0	0	0	0	0	4
22791	1	0	0	0	0	0	0	0	0	0	0	0	1
22792	1	0	0	0	0	0	0	0	0	0	0	0	1
22793	1	0	0	1	0	0	0	0	0	0	0	0	2
22794	2	0	0	0	0	0	0	0	0	0	0	0	2
22796	3	0	0	0	1	0	0	2	0	0	0	0	6
22797	0	0	1	0	0	0	0	0	0	0	0	0	1
22798	3	0	0	0	0	0	0	1	0	0	0	0	4
22799	1	0	0	0	0	0	0	1	0	0	0	0	2
22800	1	0	0	0	0	0	0	0	0	0	0	0	1
22801	2	0	0	0	0	0	0	0	0	0	0	0	2
22802	1	0	0	0	0	0	0	0	0	0	0	0	1
22803	1	0	0	1	2	0	0	0	0	0	0	0	4
22804	0	0	0	0	1	0	0	0	0	0	0	0	1
22805	0	1	0	0	0	0	0	0	1	0	0	0	2
22806	0	0	2	0	0	0	0	0	0	0	0	0	2
22807	0	0	0	1	0	0	0	0	0	0	0	0	1
22808	2	0	0	0	0	0	0	0	0	0	0	0	2
22809	1	0	0	0	0	0	0	0	0	0	0	0	1
22810	1	0	0	0	0	0	0	0	1	0	0	0	2
22811	3	0	0	0	1	0	0	0	0	0	0	0	4
22812	2	0	0	0	0	0	0	0	0	0	0	0	2
22813	4	0	0	0	0	0	0	0	0	0	0	0	4
22814	2	0	0	0	0	0	0	0	0	0	0	0	2
22815	2	0	0	0	0	0	0	0	0	0	0	0	2
22816	0	0	0	0	2	0	0	0	0	0	0	0	2
22817	2	0	0	0	0	0	0	1	0	0	0	0	3
22818	2	0	0	0	0	0	0	0	0	0	0	0	2
22819	1	0	0	0	1	1	0	1	0	0	0	0	4
22820	0	0	1	0	1	0	0	0	0	0	0	0	2
22823	3	0	0	0	0	0	0	1	0	0	0	0	4
22824	0	0	0	0	2	0	1	0	0	0	0	0	3
22825	0	0	0	0	1	0	0	0	0	0	0	0	1
22826	2	0	0	0	1	0	0	0	0	0	0	0	3
22828	0	0	1	0	0	0	0	0	0	0	0	0	1
22829	2	1	0	0	0	0	0	0	0	0	0	0	3
22830	0	0	2	0	1	0	0	0	0	0	0	0	3
22831	0	0	0	1	0	0	0	0	0	0	0	0	1
22832	1	0	0	0	1	0	0	0	0	0	0	0	2
22833	4	1	0	0	0	0	0	0	0	0	0	0	5
22835	2	0	0	0	1	0	0	0	0	0	0	0	3
22837	3	0	0	0	0	0	0	1	0	0	0	0	4
22838	2	0	0	0	0	0	0	1	0	0	0	0	3
22839	3	0	0	0	0	0	0	0	0	0	0	0	3
22840	1	0	0	1	1	0	0	0	0	0	0	0	3
22841	5	0	0	1	0	0	0	0	0	0	0	0	6
22842	0	0	0	0	2	0	0	0	0	0	0	0	2
22843	1	0	0	0	0	0	0	0	0	0	0	0	1
22844	1	0	0	0	1	0	0	0	0	0	0	0	2
22846	3	0	0	0	0	0	0	1	0	0	0	0	4
22847	2	0	0	0	0	0	0	0	0	0	0	0	2
22848	1	0	0	0	0	0	0	0	0	0	0	0	1
22849	3	0	0	0	1	0	0	0	0	0	0	0	4
22850	1	0	0	0	0	1	0	0	0	0	0	0	2
22851	2	0	1	0	1	0	0	0	0	0	0	0	4
22853	2	0	2	0	0	0	0	0	0	0	0	0	4
22854	0	0	0	0	0	0	1	0	0	0	0	0	1
22855	1	0	0	1	1	0	0	0	0	0	0	0	3
22856	4	0	0	0	2	0	0	0	0	0	0	0	6
22858	0	0	0	0	3	0	0	0	0	0	0	0	3
22859	0	0	0	0	0	0	0	1	0	0	0	0	1
22860	1	0	0	0	0	0	0	0	0	0	0	0	1
22861	2	0	0	0	1	0	0	0	0	0	0	0	3
22862	0	0	0	0	1	0	0	0	0	0	0	0	1
22863	2	0	0	0	1	0	0	0	0	0	0	0	3
22864	2	0	0	1	0	0	0	0	0	0	0	0	3
22865	2	0	0	0	0	0	0	0	0	0	0	0	2
22866	1	0	0	0	0	0	0	0	0	0	0	0	1
22867	1	0	0	0	1	0	0	0	0	0	0	0	2
22868	3	0	0	0	0	0	0	0	0	0	0	0	3
22869	0	0	1	0	0	0	0	0	0	0	0	0	1
22870	1	0	0	0	1	0	0	0	0	0	0	0	2
22871	0	0	1	0	0	0	0	0	0	0	0	0	1
22872	0	0	0	1	0	0	0	0	0	0	0	0	1
22873	3	0	0	0	0	0	0	1	0	0	0	0	4
22874	3	0	0	0	0	0	0	0	0	0	0	0	3
22875	2	0	0	0	0	0	0	0	0	0	0	0	2
22876	1	1	0	0	0	0	0	1	0	0	0	0	3
22877	1	0	0	0	0	0	0	0	0	0	0	0	1
22878	1	0	0	0	1	0	0	1	0	0	0	0	3
22879	0	0	1	0	2	0	0	0	0	0	0	0	3
22880	2	0	0	0	0	0	0	0	0	0	0	0	2
22883	0	0	4	0	0	0	0	0	0	0	0	0	4
22884	4	0	0	2	0	0	0	0	1	0	0	0	7
22885	0	0	0	0	0	0	1	0	0	0	0	0	1
22886	1	0	0	0	1	0	0	0	0	0	0	0	2
22888	1	0	0	1	0	0	0	0	0	0	0	0	2
22889	1	0	0	0	0	0	0	0	0	0	0	0	1
22890	1	0	0	0	0	0	0	0	0	0	0	0	1
22891	4	0	0	0	1	0	0	0	0	0	0	0	5
22892	0	0	0	0	1	0	0	0	0	0	0	0	1
22893	1	0	0	0	0	0	0	0	0	0	0	0	1
22894	2	0	0	0	0	0	0	0	0	0	0	0	2
22895	0	1	0	0	0	0	0	0	0	0	0	0	1
22896	2	0	0	0	0	0	0	0	0	0	0	0	2
22897	2	0	0	0	0	0	0	0	0	0	0	0	2
22898	1	0	1	0	0	0	0	0	0	0	0	0	2
22899	3	0	0	0	0	0	1	1	0	0	0	0	5
22900	2	0	0	0	1	0	0	0	0	0	0	0	3
22901	1	0	1	0	0	0	0	0	0	0	0	0	2
22902	3	0	0	0	1	0	0	0	0	0	0	0	4
22903	0	0	0	1	1	0	0	0	0	0	0	0	2
22904	0	1	0	0	0	0	0	1	0	0	0	0	2
22905	1	0	0	0	0	0	0	1	0	0	0	0	2
22906	0	0	0	0	1	0	0	0	0	0	0	0	1
22907	2	0	0	0	0	0	0	1	0	0	0	0	3
22909	2	0	0	0	0	0	0	1	0	0	0	0	3
22910	1	0	0	0	0	0	0	0	0	0	0	0	1
22911	0	0	0	1	0	0	0	0	0	0	0	0	1
22913	1	0	0	1	1	0	0	0	0	0	0	0	3
22914	1	0	0	0	0	0	0	0	0	0	0	0	1
22915	0	0	1	0	0	0	0	0	0	0	0	0	1
22916	0	0	0	0	2	0	0	0	0	0	0	0	2
22917	1	0	0	0	0	0	0	0	0	0	0	0	1
22918	0	0	0	0	1	0	0	0	0	0	0	0	1
22919	3	0	0	0	0	0	0	0	0	0	0	0	3
22920	1	0	0	0	1	0	0	0	0	0	0	0	2
22923	3	0	0	0	0	0	0	1	0	0	0	0	4
22924	1	0	0	1	0	0	0	0	0	0	0	0	2
22925	2	0	0	0	0	0	0	1	0	0	0	0	3
22927	1	0	0	0	0	0	0	0	1	0	0	0	2
22928	3	0	0	0	0	0	0	0	0	0	0	0	3
22931	1	0	0	0	1	0	0	0	0	0	0	0	2
22932	3	0	0	0	0	0	1	0	1	0	0	0	5
22933	2	0	0	0	0	0	0	0	0	0	0	0	2
22934	1	0	1	0	0	0	0	0	0	0	0	0	2
22935	2	0	0	0	0	0	0	0	0	0	0	0	2
22936	1	0	0	0	0	1	0	0	0	0	0	0	2
22937	3	0	0	0	0	0	0	0	0	0	0	0	3
22938	1	0	0	0	0	0	0	0	0	0	0	0	1
22939	0	0	0	1	0	0	0	0	0	0	0	0	1
22940	2	0	0	0	0	0	0	1	0	0	0	0	3
22941	1	0	0	0	0	0	0	0	0	0	0	0	1
22942	3	0	0	0	1	0	0	0	0	0	0	0	4
22943	0	0	0	0	1	0	0	0	0	0	0	0	1
22944	3	1	0	0	0	0	0	0	0	0	0	0	4
22945	2	0	0	0	1	0	0	0	0	0	0	0	3
22946	3	0	0	0	1	0	0	0	0	0	0	0	4
22947	1	0	0	0	1	0	0	0	0	0	0	0	2
22948	2	0	0	0	0	0	0	0	0	0	0	0	2
22950	0	1	0	0	0	0	0	0	0	0	0	0	1
22951	3	0	0	0	1	0	0	0	0	0	0	0	4
22952	1	0	0	0	1	0	0	0	0	0	0	0	2
22953	2	0	0	0	0	1	0	0	0	0	0	0	3
22954	1	0	0	0	1	0	0	0	0	0	0	0	2
22955	1	0	0	0	3	0	0	0	0	0	0	0	4
22956	3	0	0	0	0	0	0	0	0	0	0	0	3
22957	2	0	0	0	1	0	0	2	0	0	0	0	5
22958	1	0	0	0	1	0	1	0	0	0	0	0	3
22959	1	0	0	0	1	0	0	0	0	0	0	0	2
22960	0	0	0	0	1	0	1	0	0	0	0	0	2
22963	1	0	0	0	1	1	2	0	0	0	0	0	5
22964	1	0	0	0	1	0	1	0	0	0	0	0	3
22965	3	0	0	0	1	0	1	0	1	0	0	0	6
22967	0	0	1	0	0	0	0	0	0	0	0	0	1
22968	2	0	0	0	0	0	1	0	0	0	0	0	3
22969	2	0	0	0	2	0	0	0	0	0	0	0	4
22970	2	0	0	1	0	1	0	0	0	0	0	0	4
22971	1	1	0	0	0	0	0	0	0	0	0	0	2
22972	2	0	0	0	0	0	0	0	0	0	0	0	2
22973	2	0	0	1	0	0	0	0	0	0	0	0	3
22974	2	0	0	0	0	0	0	0	0	0	0	0	2
22975	1	0	0	0	0	0	0	0	0	0	0	0	1
22976	3	0	0	0	0	0	0	0	0	0	0	0	3
22977	1	0	0	0	0	0	0	0	0	0	0	0	1
22978	2	0	0	1	2	0	0	0	1	0	0	0	6
22979	1	0	0	1	0	0	0	0	0	0	0	0	2
22980	0	0	0	0	1	0	0	0	0	0	0	0	1
22981	1	0	0	0	0	0	0	0	0	0	0	0	1
22982	0	0	0	0	2	1	0	0	0	0	0	0	3
22983	0	0	2	0	0	0	0	0	0	0	0	0	2
22984	1	0	0	0	1	0	0	0	0	0	0	0	2
22985	2	1	0	0	0	0	0	0	0	0	0	0	3
22986	2	0	0	0	0	0	0	0	0	0	0	0	2
22987	1	0	0	0	1	0	0	0	0	0	0	0	2
22988	1	0	0	1	0	0	0	0	0	0	0	0	2
22989	1	0	0	0	0	0	0	0	0	0	0	0	1
22990	1	0	0	0	0	0	0	1	0	0	0	0	2
22991	2	0	1	0	0	0	0	0	0	0	0	0	3
22992	2	0	0	0	0	0	0	0	0	0	0	0	2
22993	2	0	0	0	0	0	0	0	0	0	0	0	2
22994	0	0	1	1	0	0	0	0	0	0	0	0	2
22995	1	0	0	0	1	0	0	0	0	0	0	0	2
22996	0	0	0	0	4	0	0	0	0	0	0	0	4
22997	4	0	0	0	1	0	0	0	0	0	0	0	5
22998	1	0	0	0	2	0	0	0	0	0	0	0	3
22999	3	0	0	0	1	0	0	0	0	0	0	0	4
23000	2	0	0	0	0	0	0	0	0	0	0	0	2
23001	0	1	0	0	1	0	0	1	0	0	0	0	3
23002	1	0	1	0	0	0	0	1	0	0	0	0	3
23003	3	0	0	0	2	0	0	0	0	0	0	0	5
23004	4	0	0	0	2	0	0	1	0	0	0	0	7
23005	1	0	0	0	0	0	0	0	0	0	0	0	1
23006	3	0	0	0	0	0	0	0	0	0	0	0	3
23007	3	0	0	0	0	0	0	1	0	0	0	0	4
23008	1	0	0	0	0	0	0	0	0	0	0	0	1
23009	1	0	0	0	0	0	0	0	0	0	0	0	1
23010	0	0	0	1	3	0	0	0	0	0	0	0	4
23011	3	0	0	0	0	0	1	1	0	0	0	0	5
23012	0	0	0	0	1	0	0	0	0	0	0	0	1
23013	1	1	0	0	1	0	0	0	0	0	0	0	3
23014	1	0	0	0	0	0	0	0	0	0	0	0	1
23015	1	0	0	0	1	0	0	0	0	0	0	0	2
23016	2	0	0	0	0	0	0	0	0	0	0	0	2
23017	2	0	0	0	1	0	0	1	0	0	0	0	4
23018	1	0	0	0	0	0	0	1	0	0	0	0	2
23019	2	0	0	0	0	0	0	0	0	0	0	0	2
23020	1	0	0	0	0	0	0	0	0	0	0	0	1
23021	1	0	0	0	0	0	0	0	0	0	0	0	1
23022	4	0	0	0	0	0	0	0	0	0	0	0	4
23023	1	0	0	0	1	0	0	0	0	0	0	0	2
23024	2	0	0	0	0	0	0	1	0	0	0	0	3
23025	1	0	0	1	0	0	0	0	0	0	0	0	2
23026	0	0	0	0	1	0	0	1	0	0	0	0	2
23027	0	1	0	0	1	0	1	0	0	0	0	0	3
23028	1	0	0	0	0	1	0	0	0	0	0	0	2
23030	1	0	0	0	2	0	1	1	0	0	0	0	5
23031	2	0	0	0	1	0	0	0	0	0	0	0	3
23032	0	0	0	0	1	0	0	0	0	0	0	0	1
23034	1	0	0	0	0	0	0	0	0	0	0	0	1
23035	0	0	0	0	1	0	0	0	0	0	0	0	1
23036	0	0	1	0	0	0	0	0	0	0	0	0	1
23037	1	0	0	0	0	0	0	0	0	0	0	0	1
23038	2	0	0	0	2	0	0	0	0	0	0	0	4
23039	0	0	0	0	0	1	0	0	0	0	0	0	1
23040	2	0	0	0	0	0	0	0	0	0	0	0	2
23041	1	0	0	0	2	0	0	0	0	0	0	0	3
23042	0	0	0	2	0	0	0	0	0	0	0	0	2
23043	0	0	0	0	0	0	0	0	1	0	0	0	1
23044	0	0	0	0	1	0	0	0	0	0	0	0	1
23045	2	0	0	0	0	0	0	1	0	0	0	0	3
23046	2	0	0	2	0	0	0	0	0	0	0	0	4
23047	4	0	0	0	0	0	0	1	0	0	0	0	5
23048	1	0	0	0	0	0	1	1	0	0	0	0	3
23049	1	0	0	0	0	0	0	0	0	0	0	0	1
23050	1	1	0	0	0	0	0	0	0	0	0	0	2
23051	1	0	0	0	1	0	0	0	0	0	0	0	2
23052	1	0	0	0	0	0	0	0	0	0	0	0	1
23053	1	0	0	0	1	0	0	0	0	0	0	0	2
23055	1	0	0	0	2	0	0	0	1	0	0	0	4
23056	1	0	0	0	2	0	0	0	0	0	0	0	3
23058	2	0	0	0	0	0	0	1	0	0	0	0	3
23060	2	0	0	0	1	0	1	0	0	0	0	0	4
23061	0	0	0	0	2	0	0	0	0	0	0	0	2
23062	1	0	0	0	1	0	0	0	0	0	0	0	2
23063	1	0	0	0	0	0	0	0	0	0	0	0	1
23064	1	0	0	1	0	0	0	0	0	0	0	0	2
23065	0	0	0	0	1	0	0	0	0	0	0	0	1
23066	1	0	0	0	4	0	0	0	0	0	0	0	5
23068	2	0	0	0	0	0	0	1	0	0	0	0	3
23071	0	0	0	0	1	0	0	0	0	0	0	0	1
23073	1	0	0	0	0	0	0	0	0	0	0	0	1
23074	1	0	0	0	2	0	1	0	0	0	0	0	4
23076	1	0	0	0	0	0	0	0	0	0	0	0	1
23077	2	0	0	0	0	0	0	0	0	0	0	0	2
23078	1	0	0	0	0	0	0	0	0	0	0	0	1
23079	1	0	0	0	1	0	0	0	0	0	0	0	2
23080	1	0	0	1	0	1	0	0	0	0	0	0	3
23081	2	0	0	0	0	0	0	0	0	0	0	0	2
23082	2	0	0	0	0	0	0	0	0	0	0	0	2
23083	3	0	0	0	0	0	0	0	0	0	0	0	3
23084	1	0	0	0	0	0	0	0	0	0	0	0	1
23085	1	0	0	0	0	0	0	1	0	0	0	0	2
23086	2	0	0	0	0	0	0	0	0	0	0	0	2
23087	1	0	0	0	0	0	0	0	0	0	0	0	1
23088	1	0	0	0	0	0	0	0	0	0	0	0	1
23089	1	0	0	0	0	0	0	0	0	0	0	0	1
23090	1	0	0	1	0	0	0	0	0	0	0	0	2
23091	1	0	0	0	0	0	0	1	0	0	0	0	2
23092	1	0	0	0	1	0	0	0	0	0	0	0	2
23093	0	0	0	1	1	0	0	0	0	0	0	0	2
23094	0	1	0	0	0	0	0	0	0	0	0	0	1
23095	1	0	0	0	1	0	0	0	0	0	0	0	2
23096	1	0	0	0	0	0	1	0	0	0	0	0	2
23098	1	1	1	0	0	0	0	0	0	0	0	0	3
23099	2	0	0	1	1	0	0	0	0	0	0	0	4
23100	0	0	1	0	1	0	0	0	0	0	0	0	2
23101	1	0	0	0	0	0	0	0	0	0	0	0	1
23102	1	0	0	0	2	0	0	0	0	0	0	0	3
23103	3	0	0	1	0	0	0	0	0	0	0	0	4
23104	2	0	0	0	1	0	0	0	0	0	0	0	3
23105	3	0	0	1	0	0	0	0	0	0	0	0	4
23106	1	0	0	0	2	0	0	0	0	0	0	0	3
23107	1	0	1	0	0	0	0	0	0	0	0	0	2
23108	1	0	0	0	0	0	0	0	0	0	0	0	1
23109	2	0	0	0	0	0	0	0	0	0	0	0	2
23110	2	0	0	0	0	0	0	0	1	0	0	0	3
23111	2	0	0	0	0	0	0	1	0	0	0	0	3
23112	0	0	0	0	0	2	0	0	0	0	0	0	2
23113	1	0	0	0	1	0	1	0	0	0	0	0	3
23114	2	0	0	0	0	1	0	0	0	0	0	0	3
23115	0	1	0	0	0	0	0	0	0	0	0	0	1
23117	2	0	0	0	0	0	1	1	0	0	0	0	4
23118	0	0	0	0	0	1	0	0	0	0	0	0	1
23119	3	0	0	0	0	0	0	0	0	0	0	0	3
23120	1	0	0	0	0	0	0	0	0	0	0	0	1
23121	0	1	0	0	1	0	0	0	0	0	0	0	2
23122	1	0	0	0	1	0	0	0	0	0	0	0	2
23123	1	0	1	0	0	0	0	0	0	0	0	0	2
23124	0	0	0	0	1	0	0	0	0	0	0	0	1
23125	1	1	0	0	2	0	0	1	0	0	0	0	5
23126	1	0	0	0	1	0	0	0	0	0	0	0	2
23127	5	0	0	0	0	0	0	0	0	0	0	0	5
23128	3	0	0	0	0	0	0	0	0	0	0	0	3
23129	1	0	0	0	1	0	0	1	0	0	0	0	3
23131	3	0	0	0	1	0	0	0	0	0	0	0	4
23132	3	0	0	0	0	0	0	0	0	0	0	0	3
23133	1	0	0	0	0	0	0	1	0	0	0	0	2
23134	1	0	0	0	0	0	0	0	0	0	0	0	1
23135	2	0	0	0	0	0	0	0	0	0	0	0	2
23136	3	0	0	0	0	0	0	0	0	0	0	0	3
23137	1	0	0	0	0	0	0	0	0	0	0	0	1
23138	2	1	0	0	2	0	0	0	0	0	0	0	5
23139	0	0	0	0	0	0	0	1	0	0	0	0	1
23140	2	0	0	0	0	0	0	0	0	0	0	0	2
23141	1	1	0	0	0	0	0	0	0	0	0	0	2
23143	4	0	1	0	0	0	0	1	0	0	0	0	6
23144	1	0	1	0	1	0	0	0	0	0	0	0	3
23145	2	0	0	0	1	0	0	0	0	0	0	0	3
23146	1	0	0	0	0	0	0	0	0	0	0	0	1
23147	2	0	0	0	1	0	0	0	0	0	0	0	3
23148	1	0	0	0	0	0	0	0	0	0	0	0	1
23149	0	0	0	0	2	0	0	0	0	0	0	0	2
23150	2	0	0	0	0	0	0	0	0	0	0	0	2
23151	2	0	0	1	0	0	0	0	0	0	0	0	3
23152	3	0	0	0	2	0	0	0	0	0	0	0	5
23153	1	0	0	0	0	0	0	1	0	0	0	0	2
23154	2	0	0	0	0	1	0	2	0	0	0	0	5
23155	2	0	0	0	0	0	1	2	0	0	0	0	5
23156	1	0	0	0	0	0	0	1	0	0	0	0	2
23157	4	0	0	1	0	0	0	0	0	0	0	0	5
23158	0	0	0	0	0	0	0	1	0	0	0	0	1
23159	1	0	0	0	1	0	0	0	0	0	0	0	2
23160	1	0	0	1	1	1	0	0	0	0	0	0	4
23161	3	0	0	0	0	0	0	0	0	0	0	0	3
23162	2	0	0	0	0	0	0	0	0	0	0	0	2
23163	1	0	0	0	0	0	0	0	0	0	0	0	1
23164	3	0	0	0	0	0	1	0	0	0	0	0	4
23165	1	0	0	0	0	0	0	0	0	0	0	0	1
23166	0	0	0	0	3	0	0	0	0	0	0	0	3
23167	1	0	0	0	0	0	0	0	0	0	0	0	1
23168	2	0	0	0	1	0	0	0	0	0	0	0	3
23169	0	0	0	0	2	0	0	0	0	0	0	0	2
23170	0	0	0	1	0	0	0	0	0	0	0	0	1
23171	2	0	0	0	1	0	0	0	0	0	0	0	3
23172	1	0	0	0	0	0	0	0	0	0	0	0	1
23173	0	1	0	1	2	0	0	0	0	0	0	0	4
23174	0	0	1	0	1	0	0	0	0	0	0	0	2
23175	2	0	0	0	0	0	0	0	0	0	0	0	2
23176	1	0	0	1	0	0	0	0	0	0	0	0	2
23177	2	0	0	0	3	0	0	1	0	0	0	0	6
23178	0	0	0	1	1	0	0	0	0	0	0	0	2
23180	3	0	0	0	0	0	0	0	0	0	0	0	3
23181	2	0	0	0	0	0	0	0	0	0	0	0	2
23182	2	1	0	0	0	0	0	0	0	0	0	0	3
23183	3	0	0	0	0	0	1	0	0	0	0	0	4
23185	0	0	0	0	1	0	0	0	0	0	0	0	1
23186	3	0	0	0	0	0	0	0	1	0	0	0	4
23188	1	0	0	0	0	0	0	0	0	0	0	0	1
23189	2	0	0	0	0	0	0	0	0	0	0	0	2
23190	1	0	0	1	0	1	0	0	0	0	0	0	3
23191	1	0	0	0	2	0	0	0	0	0	0	0	3
23192	1	0	0	0	1	0	0	0	0	0	0	0	2
23193	0	0	0	0	2	0	0	0	0	0	0	0	2
23194	0	0	0	0	1	0	1	0	0	0	0	0	2
23195	3	0	0	0	0	0	0	0	0	0	0	0	3
23196	3	0	0	0	1	0	0	0	0	0	0	0	4
23197	2	0	0	0	1	0	0	0	0	0	0	0	3
23198	1	0	0	0	0	0	0	0	0	0	0	0	1
23199	2	0	0	0	0	0	0	0	0	0	0	0	2
23200	3	0	0	0	1	0	1	0	0	0	0	0	5
23201	1	0	0	0	1	0	0	1	0	0	0	0	3
23202	0	2	0	0	1	0	0	0	0	0	0	0	3
23203	1	0	0	0	1	0	0	0	0	0	0	0	2
23204	1	0	0	0	0	0	0	0	0	0	0	0	1
23205	2	0	0	0	1	0	0	0	0	0	0	0	3
23206	2	0	0	0	0	1	0	0	0	0	0	0	3
23207	3	0	0	0	0	0	0	0	0	0	0	0	3
23208	1	0	0	2	4	0	0	0	0	0	0	0	7
23209	1	0	2	0	0	0	0	0	0	0	0	0	3
23210	0	0	0	0	2	0	0	0	0	0	0	0	2
23211	0	0	0	1	0	1	0	0	0	0	0	0	2
23212	0	1	0	1	1	0	0	0	0	0	0	0	3
23213	2	0	0	0	0	0	0	0	0	0	0	0	2
23214	1	1	1	0	1	0	0	0	0	0	0	0	4
23215	0	0	0	0	1	0	0	0	0	0	0	0	1
23216	2	0	0	0	2	0	0	0	1	0	0	0	5
23217	1	0	0	0	2	0	0	0	1	0	0	0	4
23218	1	0	0	0	0	0	0	0	0	0	0	0	1
23219	1	0	0	0	0	0	1	0	0	0	0	0	2
23220	0	0	0	0	1	0	0	0	0	0	0	0	1
23221	1	0	0	0	0	0	0	0	0	0	0	0	1
23222	0	0	0	1	4	0	0	0	0	0	0	0	5
23223	1	0	0	0	0	0	0	0	0	0	0	0	1
23224	3	0	0	1	1	0	0	0	0	0	0	0	5
23225	0	0	0	0	1	0	0	0	1	0	0	0	2
23226	1	0	0	0	1	0	0	1	0	0	0	0	3
23227	1	0	0	0	1	0	0	0	0	0	0	0	2
23228	2	0	0	0	0	0	0	0	0	0	0	0	2
23229	3	0	0	0	0	0	0	0	0	0	0	0	3
23230	1	0	0	0	0	0	0	1	0	0	0	0	2
23231	2	0	0	0	1	0	0	1	0	0	0	0	4
23232	0	0	0	1	1	0	0	0	0	0	0	0	2
23233	2	0	0	0	0	0	0	0	0	0	0	0	2
23235	0	0	0	0	0	0	0	0	1	0	0	0	1
23237	0	0	0	1	0	0	0	0	0	0	0	0	1
23238	4	0	0	0	0	0	0	1	0	0	0	0	5
23239	1	0	0	0	1	0	0	0	0	0	0	0	2
23240	2	0	0	1	0	0	0	1	0	0	0	0	4
23241	2	0	0	1	0	0	0	0	0	0	0	0	3
23242	2	0	0	0	0	0	0	0	0	0	0	0	2
23243	1	0	0	0	0	0	1	0	0	0	0	0	2
23244	1	0	0	0	1	0	0	0	0	0	0	0	2
23245	2	0	0	0	0	0	0	0	0	0	0	0	2
23246	0	0	0	0	4	0	0	0	0	0	0	0	4
23247	1	0	0	0	1	0	0	2	0	0	0	0	4
23249	4	0	0	0	0	0	0	0	0	0	0	0	4
23250	1	0	0	1	0	0	0	0	0	0	0	0	2
23251	2	0	0	0	0	0	1	1	0	0	0	0	4
23252	3	0	0	0	0	0	0	1	0	0	0	0	4
23254	1	0	0	0	0	0	0	0	0	0	0	0	1
23255	3	0	0	0	0	0	0	0	0	0	0	0	3
23256	1	0	0	1	1	0	1	0	0	0	0	0	4
23257	3	0	0	0	0	0	0	0	0	0	0	0	3
23258	2	0	0	0	2	0	0	0	0	0	0	0	4
23259	0	1	0	0	1	0	0	0	0	0	0	0	2
23261	2	0	0	0	0	0	0	0	0	0	0	0	2
23262	3	0	0	0	0	0	0	0	0	0	0	0	3
23264	2	0	0	0	0	0	0	0	0	0	0	0	2
23265	0	0	0	0	1	0	0	0	0	0	0	0	1
23266	3	0	0	0	0	0	0	0	0	0	0	0	3
23267	1	0	0	0	0	0	0	0	0	0	0	0	1
23268	0	0	0	0	0	0	0	1	0	0	0	0	1
23269	1	0	0	1	0	0	0	0	0	0	0	0	2
23271	1	0	0	0	0	1	0	0	0	0	0	0	2
23273	3	0	0	0	0	0	0	0	0	0	0	0	3
23274	0	0	0	0	1	0	0	0	0	0	0	0	1
23275	1	0	0	0	1	0	0	2	0	0	0	0	4
23276	3	0	0	0	0	0	0	1	0	0	0	0	4
23278	0	0	1	0	1	2	0	1	0	0	0	0	5
23280	2	0	0	0	0	0	0	0	0	0	0	0	2
23281	1	0	1	0	0	0	0	0	0	0	0	0	2
23282	3	0	0	0	0	0	0	1	0	0	0	0	4
23283	0	0	0	0	0	0	0	1	0	0	0	0	1
23284	3	0	0	0	0	0	0	1	1	0	0	0	5
23285	2	0	0	1	1	0	0	0	1	0	0	0	5
23286	3	0	0	0	0	0	0	1	0	0	0	0	4
23287	2	0	0	0	0	0	0	2	0	0	0	0	4
23288	1	0	0	1	0	0	0	0	0	0	0	0	2
23289	1	0	0	0	0	0	0	1	0	0	0	0	2
23290	1	0	0	0	0	0	0	0	0	0	0	0	1
23291	1	0	0	0	0	1	0	0	0	0	0	0	2
23293	1	0	0	0	2	0	0	0	0	0	0	0	3
23294	0	0	0	0	1	0	0	1	0	0	0	0	2
23295	0	0	0	1	0	0	0	1	0	0	0	0	2
23296	1	0	1	0	0	0	0	0	0	0	0	0	2
23297	1	0	0	0	0	0	0	0	0	0	0	0	1
23298	1	0	0	0	0	0	0	0	0	0	0	0	1
23299	3	0	0	0	0	0	0	1	0	0	0	0	4
23301	1	0	1	0	0	0	0	0	0	0	0	0	2
23302	0	0	1	0	1	0	0	0	0	0	0	0	2
23303	1	0	0	0	0	0	0	0	0	0	0	0	1
23304	1	1	0	0	1	0	0	0	0	0	0	0	3
23305	2	0	0	1	2	0	0	0	0	0	0	0	5
23306	1	0	0	1	0	0	0	0	0	0	0	0	2
23307	1	0	0	0	1	0	0	1	0	0	0	0	3
23308	1	0	0	0	2	0	0	0	0	0	0	0	3
23309	1	0	0	0	1	0	0	0	0	0	0	0	2
23310	3	0	0	0	0	0	0	0	0	0	0	0	3
23311	1	0	0	0	0	0	1	0	0	0	0	0	2
23312	3	0	0	0	2	0	0	0	0	0	0	0	5
23313	0	0	0	0	1	0	1	0	0	0	0	0	2
23314	0	0	0	0	3	0	0	0	0	0	0	0	3
23315	0	0	0	0	2	0	0	0	0	0	0	0	2
23316	2	0	0	0	0	0	0	0	0	0	0	0	2
23317	0	2	0	0	0	0	0	0	0	0	0	0	2
23319	1	0	0	0	0	0	0	1	0	0	0	0	2
23320	2	0	0	0	1	0	0	1	0	0	0	0	4
23321	1	0	0	0	1	1	1	1	0	0	0	0	5
23322	5	0	0	0	0	0	0	0	0	0	0	0	5
23323	4	0	0	0	0	0	0	0	0	0	0	0	4
23324	1	0	0	1	0	0	0	0	0	0	0	0	2
23325	3	0	0	0	0	0	0	0	0	0	0	0	3
23326	1	0	1	0	0	0	0	0	0	0	0	0	2
23327	1	0	0	1	0	0	0	0	0	0	0	0	2
23328	0	0	0	0	0	0	0	0	0	1	0	0	1
23329	1	0	0	1	0	0	0	0	0	0	0	0	2
23330	2	0	0	0	0	1	0	0	0	0	0	0	3
23331	5	0	0	0	0	0	0	0	0	0	0	0	5
23332	2	0	0	0	0	0	0	0	0	0	0	0	2
23333	1	0	0	0	0	0	0	0	0	0	0	0	1
23334	2	0	0	0	0	0	0	0	0	0	0	0	2
23335	1	0	0	0	1	0	0	0	0	0	0	0	2
23337	2	0	0	0	1	0	0	0	0	0	0	0	3
23339	0	0	0	0	2	0	0	0	0	0	0	0	2
23340	1	0	0	0	0	0	0	0	0	0	0	0	1
23341	2	0	0	0	0	0	0	0	0	0	0	0	2
23342	1	0	1	0	0	0	0	0	0	0	0	0	2
23343	0	0	1	0	2	0	0	0	0	0	0	0	3
23344	0	1	0	0	0	0	0	0	0	0	0	0	1
23345	1	0	0	0	1	0	0	0	0	0	0	0	2
23346	4	0	0	0	1	0	0	1	0	0	0	0	6
23347	1	0	0	0	0	0	0	0	0	0	0	0	1
23348	0	0	1	0	1	0	0	0	0	0	0	0	2
23349	0	0	1	0	0	0	0	0	0	0	0	0	1
23350	2	0	0	0	0	0	0	0	0	0	0	0	2
23351	0	0	0	0	0	2	0	0	0	0	0	0	2
23352	2	0	1	0	1	0	0	0	0	0	0	0	4
23353	1	0	0	0	2	0	0	0	0	0	0	0	3
23354	0	1	0	0	3	0	0	0	0	0	0	0	4
23355	2	0	0	0	1	0	0	0	0	0	0	0	3
23356	1	0	0	1	0	0	1	0	1	0	0	0	4
23357	1	0	0	0	0	0	0	0	0	0	0	0	1
23358	1	0	0	0	0	0	0	0	0	0	0	0	1
23359	3	0	0	0	1	0	0	0	1	0	0	0	5
23361	2	1	0	0	0	0	0	0	0	1	0	0	4
23362	1	0	0	0	0	0	0	0	0	0	0	0	1
23363	1	0	0	0	1	1	0	1	0	0	0	0	4
23364	1	0	0	1	1	0	0	0	0	0	0	0	3
23365	1	0	0	0	3	0	0	0	0	0	0	0	4
23366	1	1	1	1	0	0	0	0	0	0	0	0	4
23367	3	0	0	1	1	0	0	0	0	0	0	0	5
23368	0	0	1	0	0	0	0	0	0	0	0	0	1
23369	2	0	0	2	0	0	0	2	0	0	0	0	6
23370	1	0	1	0	0	0	0	0	0	0	0	0	2
23371	0	0	0	0	1	1	1	0	0	0	0	0	3
23372	1	0	0	0	0	0	0	0	0	0	0	0	1
23373	1	0	0	0	0	0	0	0	0	0	0	0	1
23374	2	0	0	0	1	0	0	0	0	0	0	0	3
23375	1	0	0	1	0	0	0	0	0	0	0	0	2
23378	2	0	0	0	1	0	0	1	0	0	0	0	4
23379	1	0	0	0	0	0	0	0	0	0	0	0	1
23380	2	0	0	0	1	0	0	1	0	0	0	0	4
23381	1	0	0	0	2	0	0	0	0	0	0	0	3
23382	2	0	0	0	0	0	0	0	0	0	0	0	2
23383	2	0	0	0	0	0	0	0	0	0	0	0	2
23384	2	0	0	0	2	0	0	1	0	0	0	0	5
23385	4	0	0	0	0	0	0	0	0	0	0	0	4
23386	1	0	0	0	0	0	0	0	0	0	0	0	1
23387	1	2	0	0	0	0	0	0	0	0	0	0	3
23388	1	0	0	0	0	0	0	0	0	0	0	0	1
23389	2	0	0	0	0	0	0	0	0	1	0	0	3
23390	0	0	0	0	2	0	0	0	0	0	0	0	2
23391	1	0	0	0	0	0	0	0	0	0	0	0	1
23392	3	0	0	0	0	0	1	0	0	0	0	0	4
23393	1	0	0	0	1	0	0	0	0	0	0	0	2
23394	1	0	0	0	0	0	0	0	0	0	0	0	1
23395	2	0	0	0	0	0	0	1	0	0	0	0	3
23396	1	0	0	0	1	0	0	0	0	0	0	0	2
23397	1	0	0	0	1	1	0	0	0	0	0	0	3
23398	2	0	0	0	0	0	0	0	0	0	0	0	2
23399	0	0	0	0	2	0	0	0	0	0	0	0	2
23400	2	0	0	0	0	0	0	0	1	0	0	0	3
23401	3	0	0	0	0	0	0	0	1	0	0	0	4
23402	2	0	0	0	0	0	0	0	0	0	0	0	2
23403	3	0	0	0	0	0	0	0	0	0	0	0	3
23404	2	0	0	1	0	0	0	0	0	0	0	0	3
23405	4	0	0	0	0	0	0	0	0	0	0	0	4
23406	2	0	0	0	1	0	0	0	0	0	0	0	3
23407	1	0	0	0	0	0	0	1	0	0	0	0	2
23408	0	1	1	0	0	0	0	0	0	0	0	0	2
23409	0	0	0	0	0	1	0	0	0	0	0	0	1
23410	4	0	0	0	0	0	0	0	0	0	0	0	4
23411	1	0	0	1	1	0	0	0	0	0	0	0	3
23412	2	0	0	0	0	0	0	0	0	0	0	0	2
23413	1	0	0	0	1	0	1	0	0	0	0	0	3
23414	2	0	0	0	0	0	0	0	0	0	0	0	2
23415	2	0	0	0	1	0	0	0	0	0	0	0	3
23416	0	0	1	0	0	0	0	0	0	0	0	0	1
23417	4	0	0	0	0	0	1	0	0	0	0	0	5
23418	3	0	0	0	0	0	0	0	0	0	0	0	3
23419	1	0	0	1	2	0	0	0	0	0	0	0	4
23420	1	0	0	0	0	0	0	0	0	0	0	0	1
23421	1	0	0	0	1	0	1	0	0	0	0	0	3
23422	0	0	1	0	2	0	0	0	0	0	0	0	3
23423	2	0	0	0	0	0	0	0	0	0	0	0	2
23424	2	0	0	0	1	1	0	0	0	0	0	0	4
23425	1	0	0	0	0	0	1	0	0	0	0	0	2
23426	1	0	0	0	0	0	0	0	0	0	0	0	1
23428	1	0	0	0	0	1	0	0	0	0	0	0	2
23429	3	0	0	0	0	0	1	0	0	0	0	0	4
23431	1	0	0	0	0	0	0	1	0	0	0	0	2
23432	1	0	0	0	0	0	0	0	0	0	0	0	1
23433	2	0	0	0	1	0	0	0	0	0	0	0	3
23434	2	0	0	0	0	0	0	1	0	0	0	0	3
23435	0	0	0	1	0	0	0	0	0	0	0	0	1
23436	1	0	0	0	1	0	0	0	0	0	0	0	2
23437	3	0	0	0	2	0	0	0	0	0	0	0	5
23438	4	0	0	0	0	0	0	0	0	0	0	0	4
23439	3	0	0	0	0	0	0	0	0	0	0	0	3
23440	1	1	0	0	1	0	0	1	0	0	0	0	4
23441	1	0	0	0	0	0	0	0	0	0	0	0	1
23442	4	0	0	0	0	0	0	0	0	0	0	0	4
23444	1	0	0	0	1	0	0	0	0	0	0	0	2
23445	1	0	0	1	0	0	0	0	0	0	0	0	2
23446	1	0	0	0	0	0	0	0	0	0	0	0	1
23447	2	0	0	0	0	0	0	0	0	0	0	0	2
23448	3	0	0	0	1	0	0	0	0	0	0	0	4
23449	1	0	0	0	1	0	0	0	0	0	0	0	2
23450	1	0	0	0	0	1	0	1	0	0	0	0	3
23451	2	0	0	0	1	0	0	0	0	0	0	0	3
23452	1	0	0	0	2	0	0	0	0	0	0	0	3
23453	3	0	0	0	0	0	0	0	0	0	0	0	3
23454	2	0	0	0	2	0	0	0	0	0	0	0	4
23455	0	0	0	1	1	0	0	0	0	0	0	0	2
23456	1	0	0	0	0	0	0	0	0	0	0	0	1
23457	1	0	0	0	1	0	0	0	0	0	0	0	2
23458	2	0	0	0	1	0	0	0	0	0	0	0	3
23459	1	0	1	0	0	0	0	0	0	0	0	0	2
23460	2	0	0	0	0	0	0	0	0	0	0	0	2
23462	3	0	0	0	0	0	0	0	0	0	0	0	3
23463	3	0	0	0	0	0	0	1	0	0	0	0	4
23464	1	0	0	0	0	0	0	0	0	0	0	0	1
23465	2	0	0	0	0	0	0	0	0	0	0	0	2
23466	1	0	0	0	0	0	0	0	0	0	0	0	1
23467	1	0	0	0	0	0	0	1	0	0	0	0	2
23468	0	0	0	0	0	1	0	0	0	0	0	0	1
23469	1	0	0	0	0	0	0	0	0	0	0	0	1
23470	4	0	0	0	0	0	0	0	0	0	0	0	4
23471	1	0	0	0	0	0	0	0	1	0	0	0	2
23472	2	0	0	0	0	0	0	0	0	0	0	0	2
23473	3	0	0	0	0	0	1	0	0	0	0	0	4
23474	0	0	0	0	3	0	0	1	0	0	0	0	4
23475	1	0	0	1	0	0	0	0	1	0	0	0	3
23476	3	0	0	0	0	0	0	1	0	0	0	0	4
23477	1	0	0	2	0	0	0	0	0	0	0	0	3
23478	3	0	0	0	0	0	0	0	0	0	0	0	3
23479	1	0	0	0	0	0	0	1	0	0	0	0	2
23480	2	0	0	0	0	0	0	0	0	0	0	0	2
23481	1	0	0	0	0	0	0	0	0	0	0	0	1
23482	1	0	0	1	2	0	0	0	0	0	0	0	4
23483	2	0	0	1	0	0	0	0	0	0	0	0	3
23485	1	0	0	0	1	0	0	1	0	0	0	0	3
23487	2	0	0	0	1	0	0	0	0	0	0	0	3
23488	2	0	0	0	0	0	0	0	0	0	0	0	2
23489	4	0	0	1	0	0	0	0	0	0	0	0	5
23490	1	0	0	1	2	0	0	0	0	0	0	0	4
23491	1	0	0	0	0	0	0	0	0	0	0	0	1
23492	2	0	0	0	1	0	0	0	0	0	0	0	3
23493	1	0	0	0	0	0	0	1	0	0	0	0	2
23494	1	0	0	0	0	0	0	0	0	0	0	0	1
23495	1	0	0	1	1	0	0	1	0	0	0	0	4
23496	3	0	0	0	0	0	0	0	0	0	0	0	3
23497	1	0	1	0	0	0	0	0	0	0	0	0	2
23498	2	0	0	0	1	0	1	0	0	0	0	0	4
23499	1	0	0	0	0	0	0	0	0	0	0	0	1
23500	1	0	0	0	0	0	0	0	0	0	0	0	1
23501	2	0	0	0	2	0	0	0	0	0	0	0	4
23502	1	0	0	1	0	0	0	0	0	0	0	0	2
23504	1	0	0	0	2	0	0	0	0	0	0	0	3
23505	1	0	0	0	1	0	0	1	0	0	0	0	3
23506	0	0	0	0	1	0	0	1	0	0	0	0	2
23507	2	0	0	1	1	0	0	0	0	0	0	0	4
23509	0	0	0	0	0	0	1	0	0	0	0	0	1
23510	2	1	0	0	0	0	0	0	0	0	0	0	3
23511	2	0	0	1	0	0	0	0	0	0	0	0	3
23512	0	0	0	0	3	0	1	0	0	0	0	0	4
23514	1	0	0	0	0	0	0	0	0	0	0	0	1
23516	1	0	0	1	3	0	0	0	0	0	0	0	5
23517	1	1	0	0	0	0	0	0	0	0	0	0	2
23518	2	0	0	0	0	0	0	1	0	0	0	0	3
23519	2	0	0	0	1	0	0	0	0	0	0	0	3
23520	1	0	1	0	0	0	0	0	0	0	0	0	2
23521	0	0	2	0	0	0	0	0	0	0	0	0	2
23522	2	0	0	0	0	0	0	0	0	0	0	0	2
23523	2	0	0	0	0	0	0	0	0	0	0	0	2
23524	0	0	0	1	1	0	1	0	0	0	0	0	3
23525	1	0	0	0	0	0	0	0	0	0	0	0	1
23526	2	0	0	0	0	0	0	1	0	0	0	0	3
23527	1	0	0	0	2	0	0	0	0	0	0	0	3
23528	3	0	0	0	0	0	1	0	0	0	0	0	4
23529	3	0	0	0	0	0	0	1	0	0	0	0	4
23530	1	0	0	0	1	0	0	0	0	0	0	0	2
23531	1	0	0	0	0	0	0	1	0	0	0	0	2
23532	3	0	0	0	1	0	0	0	0	0	0	0	4
23533	0	0	1	0	0	0	0	0	0	0	0	0	1
23534	2	0	0	0	0	0	0	0	0	0	0	0	2
23535	2	0	0	0	0	0	0	0	0	0	0	0	2
23536	1	0	0	0	1	1	0	0	0	0	0	0	3
23537	0	1	1	0	0	0	0	0	1	0	0	0	3
23538	1	0	0	0	0	0	0	0	0	0	0	0	1
23539	0	0	0	0	1	1	0	0	0	0	0	0	2
23540	2	0	0	0	1	0	0	0	0	0	0	0	3
23541	2	0	0	0	0	0	0	0	0	0	0	0	2
23542	3	0	0	0	0	1	0	0	0	0	0	0	4
23543	1	1	0	0	0	0	0	0	0	0	0	0	2
23544	1	0	0	0	0	0	0	0	0	0	0	0	1
23545	2	0	0	2	0	0	0	0	0	0	0	0	4
23546	2	0	0	0	0	0	0	1	0	0	0	0	3
23547	0	0	0	0	0	0	0	1	0	0	0	0	1
23548	2	0	0	0	1	0	0	0	0	0	0	0	3
23550	1	0	0	0	0	0	0	0	0	0	0	0	1
23551	2	0	0	0	2	0	0	1	0	0	0	0	5
23552	1	0	0	1	0	0	0	1	0	0	0	0	3
23553	1	0	0	0	2	0	0	0	0	0	0	0	3
23554	0	0	0	0	1	0	0	0	0	0	0	0	1
23555	2	0	0	0	0	0	0	0	0	0	0	0	2
23556	1	0	0	0	0	0	0	0	0	0	0	0	1
23557	2	0	0	0	1	0	0	0	0	0	0	0	3
23558	2	0	0	0	0	0	0	0	0	0	0	0	2
23559	3	0	0	0	0	0	0	0	0	0	0	0	3
23560	2	0	0	0	0	0	0	1	0	0	0	0	3
23561	1	0	0	1	1	0	0	0	0	0	0	0	3
23562	3	0	0	0	1	0	1	0	0	0	0	0	5
23563	2	0	0	0	0	0	0	0	0	0	0	0	2
23564	1	0	0	0	1	0	0	0	0	0	0	0	2
23565	2	0	0	0	0	0	0	1	0	0	0	0	3
23566	1	0	0	0	0	0	0	0	0	0	0	0	1
23567	1	0	0	0	0	0	0	1	0	0	0	0	2
23568	2	0	0	0	1	0	0	0	0	0	0	0	3
23569	2	1	0	0	0	0	0	0	1	0	0	0	4
23570	1	1	0	0	1	0	0	0	0	0	0	0	3
23571	1	0	0	1	0	0	0	0	0	0	0	0	2
23572	1	0	0	0	0	0	0	0	0	0	0	0	1
23573	1	0	0	1	0	0	0	0	0	0	0	0	2
23574	1	0	0	1	0	0	0	1	0	0	0	0	3
23576	2	0	0	0	2	0	0	0	0	0	0	0	4
23578	2	0	0	0	0	0	0	0	0	0	0	0	2
23579	0	0	0	0	3	0	0	0	0	0	0	0	3
23580	1	1	0	0	2	0	0	0	0	0	0	0	4
23581	0	0	0	0	1	0	0	0	0	0	0	0	1
23582	2	0	0	0	0	0	0	0	0	0	0	0	2
23583	2	0	0	0	0	0	0	0	0	0	0	0	2
23584	3	0	0	0	0	0	0	0	0	0	0	0	3
23585	1	1	0	1	0	0	0	0	0	0	0	0	3
23586	3	0	0	0	0	0	0	0	0	0	0	0	3
23588	0	0	1	0	3	0	0	0	0	0	0	0	4
23589	2	0	0	0	0	0	0	1	0	0	0	0	3
23590	2	0	0	0	0	0	0	0	0	0	0	0	2
23591	1	0	0	0	1	0	0	1	0	0	0	0	3
23593	1	0	0	1	3	0	0	0	0	0	0	0	5
23594	1	0	0	0	0	0	0	1	0	0	0	0	2
23595	1	0	0	1	1	0	0	0	0	0	0	0	3
23596	1	0	0	0	1	0	0	0	0	0	0	0	2
23597	1	0	0	0	0	0	0	0	0	0	0	0	1
23598	1	0	0	0	1	0	0	1	0	0	0	0	3
23599	3	0	0	0	0	0	0	0	0	0	0	0	3
23600	1	0	0	0	0	0	0	0	0	0	0	0	1
23601	4	0	0	0	0	0	1	1	0	0	0	0	6
23602	5	0	0	0	1	0	0	1	0	0	0	0	7
23603	1	0	0	0	0	0	0	0	0	0	0	0	1
23604	1	0	0	0	0	0	0	0	0	0	0	0	1
23605	1	0	0	0	0	0	0	0	0	0	0	0	1
23606	2	0	0	0	3	0	0	1	0	0	0	0	6
23607	2	0	0	1	0	0	0	1	0	0	0	0	4
23608	0	0	0	1	1	0	0	0	0	0	0	0	2
23609	1	0	0	0	0	0	0	0	0	0	0	0	1
23610	2	0	0	0	2	0	0	1	0	0	0	0	5
23611	1	0	0	0	1	0	0	0	0	0	0	0	2
23612	2	0	0	0	1	0	0	0	0	0	0	0	3
23613	3	0	0	0	0	0	0	0	0	0	0	0	3
23614	1	0	0	1	0	0	0	0	0	0	0	0	2
23615	1	0	0	0	0	0	0	0	0	0	0	0	1
23616	1	0	0	0	2	0	0	0	0	0	0	0	3
23617	1	0	0	0	1	0	0	0	0	0	0	0	2
23618	1	1	0	0	0	0	0	0	0	0	0	0	2
23619	3	0	0	0	1	0	0	0	0	0	0	0	4
23620	1	0	0	0	0	0	0	0	0	0	0	0	1
23621	0	0	0	1	0	0	0	0	0	1	0	0	2
23622	2	1	0	0	0	0	0	0	0	0	0	0	3
23623	1	0	0	1	1	0	0	0	0	0	0	0	3
23624	1	0	0	0	0	0	1	0	0	0	0	0	2
23625	2	0	0	0	1	0	0	0	0	0	0	0	3
23626	1	0	0	1	0	0	0	0	0	0	0	0	2
23627	2	0	0	0	1	0	0	0	0	0	0	0	3
23628	2	0	1	0	0	0	1	1	0	0	0	0	5
23629	1	0	0	1	0	0	1	0	0	0	0	0	3
23630	4	0	0	0	0	0	0	0	0	0	0	0	4
23631	2	0	0	0	1	1	0	0	0	0	0	0	4
23632	2	0	0	0	1	0	0	0	0	0	0	0	3
23633	1	0	0	0	2	0	0	0	0	0	0	0	3
23634	0	0	0	0	0	0	1	1	0	0	0	0	2
23635	1	0	0	0	0	0	0	0	0	0	0	0	1
23636	1	0	0	1	0	0	0	1	0	0	0	0	3
23637	2	0	0	0	0	0	0	0	0	0	0	0	2
23638	1	0	0	1	2	0	0	1	0	0	0	0	5
23639	0	0	1	0	1	0	0	0	0	0	0	0	2
23640	2	0	0	0	1	0	0	0	0	0	0	0	3
23641	2	0	0	0	0	0	0	0	0	0	0	0	2
23642	0	0	0	0	1	0	0	0	1	0	0	0	2
23643	1	0	0	0	1	0	0	1	0	0	0	0	3
23644	2	0	0	0	0	0	0	0	0	0	0	0	2
23645	3	0	0	0	0	0	0	0	0	0	0	0	3
23646	2	0	0	0	2	0	0	0	0	0	0	0	4
23647	1	0	0	0	0	0	0	0	0	0	0	0	1
23648	1	0	0	0	0	0	0	0	0	0	0	0	1
23649	2	0	0	0	0	0	0	0	0	0	0	0	2
23650	2	0	0	1	0	0	0	0	0	0	0	0	3
23651	0	0	0	2	0	0	0	0	0	0	0	0	2
23652	2	0	0	0	2	0	0	0	0	0	0	0	4
23653	2	0	0	0	0	0	0	0	0	0	0	0	2
23654	1	0	0	0	0	0	0	0	0	0	0	0	1
23655	5	0	0	0	0	0	0	0	0	0	0	0	5
23656	1	1	0	1	0	2	0	0	1	0	0	0	6
23657	0	0	0	0	0	1	0	0	0	0	0	0	1
23658	4	0	0	1	0	0	0	0	0	0	0	0	5
23660	2	0	0	0	0	0	0	0	0	0	0	0	2
23661	3	0	0	0	0	0	0	0	0	0	0	0	3
23662	2	0	0	0	0	0	1	1	0	0	0	0	4
23663	1	0	0	0	0	0	1	0	0	0	0	0	2
23664	2	0	0	0	0	0	0	0	0	0	0	0	2
23665	1	0	0	0	0	0	0	0	0	0	0	0	1
23666	1	0	0	0	4	0	0	0	0	0	0	0	5
23667	1	0	0	0	0	0	0	0	0	0	0	0	1
23668	0	1	0	0	2	0	0	0	0	0	0	0	3
23669	1	2	2	0	0	0	0	0	0	0	0	0	5
23670	2	0	0	0	0	0	0	0	0	0	0	0	2
23671	0	0	0	0	2	0	0	0	0	0	0	0	2
23672	2	0	0	0	1	0	0	0	0	0	0	0	3
23673	1	0	0	0	1	0	0	0	0	0	0	0	2
23674	2	0	0	0	1	0	0	1	0	0	0	0	4
23675	0	0	1	0	0	0	0	0	0	0	0	0	1
23676	5	0	0	0	0	0	0	0	0	0	0	0	5
23677	2	0	0	0	0	0	0	0	0	0	0	0	2
23678	2	0	0	0	0	0	0	0	0	0	0	0	2
23679	2	0	0	0	0	0	0	0	0	0	0	0	2
23680	1	0	0	0	1	0	0	0	0	0	0	0	2
23681	2	0	0	1	1	0	0	0	0	0	0	0	4
23682	2	0	0	0	0	0	0	0	0	0	0	0	2
23683	2	0	0	0	0	0	0	1	0	0	0	0	3
23684	2	0	0	0	0	0	0	0	0	0	0	0	2
23685	3	0	0	0	1	0	0	0	0	0	0	0	4
23686	1	0	0	0	0	0	0	1	0	0	0	0	2
23687	0	0	0	0	0	0	1	0	0	0	0	0	1
23688	3	0	0	0	0	0	0	0	0	0	0	0	3
23689	3	0	0	0	0	0	0	0	0	0	0	0	3
23690	3	0	0	0	0	0	0	0	0	0	0	0	3
23691	2	0	0	0	0	0	1	0	0	0	0	0	3
23692	2	0	0	0	0	0	0	0	0	0	0	0	2
23693	2	0	0	0	0	2	0	0	0	0	0	0	4
23694	4	0	0	0	0	0	0	0	0	0	0	0	4
23695	1	0	0	1	0	0	0	2	0	0	0	0	4
23696	3	0	0	0	0	0	0	0	0	0	0	0	3
23697	3	0	0	0	0	0	0	0	0	0	0	0	3
23698	2	0	0	0	1	0	0	1	0	0	0	0	4
23700	0	0	0	0	1	0	0	0	0	0	0	0	1
23701	0	0	0	0	1	0	0	2	0	0	0	0	3
23702	1	0	0	0	1	0	0	0	0	0	0	0	2
23703	1	0	0	0	0	0	0	1	0	0	0	0	2
23704	1	1	0	1	1	0	0	0	0	0	0	0	4
23705	2	0	0	0	1	0	0	0	0	0	0	0	3
23706	0	0	0	1	0	0	0	0	0	0	0	0	1
23707	2	0	0	0	0	0	0	1	0	0	0	0	3
23708	1	1	2	0	0	0	0	0	0	0	0	0	4
23709	0	0	0	0	0	2	0	0	0	0	0	0	2
23710	0	0	0	0	2	0	0	0	0	0	0	0	2
23711	1	0	0	0	1	0	0	1	0	0	0	0	3
23712	0	0	0	1	0	1	0	1	0	0	0	0	3
23713	0	0	0	1	2	0	0	1	0	0	0	0	4
23714	2	0	0	0	0	0	0	1	0	0	0	0	3
23715	1	0	0	0	0	1	0	0	0	0	0	0	2
23716	0	0	0	0	2	0	0	0	0	0	0	0	2
23717	2	0	0	0	1	0	0	0	0	0	0	0	3
23718	1	0	1	0	3	0	0	0	0	0	0	0	5
23719	1	0	0	0	1	0	0	0	0	0	0	0	2
23720	3	0	0	0	1	0	0	0	0	0	0	0	4
23721	2	0	0	0	2	0	0	0	0	0	0	0	4
23722	0	0	0	0	2	0	0	0	0	0	0	0	2
23723	2	0	0	0	0	0	0	0	0	0	0	0	2
23724	1	0	0	0	0	0	1	0	0	0	0	0	2
23725	0	0	0	0	2	0	0	0	0	0	0	0	2
23726	3	0	0	0	0	0	0	0	0	0	0	0	3
23727	1	0	0	0	0	0	0	0	0	0	0	0	1
23728	4	0	0	0	0	0	0	0	0	0	0	0	4
23729	2	0	0	0	0	0	0	0	0	0	0	0	2
23730	1	0	0	0	2	0	0	0	0	0	0	0	3
23731	3	0	0	0	0	0	0	0	0	0	0	0	3
23732	1	0	0	0	0	0	0	1	0	0	0	0	2
23733	3	0	0	0	0	0	0	0	2	0	0	0	5
23734	3	0	0	0	1	0	1	0	0	0	0	0	5
23735	1	0	0	0	1	0	0	0	0	0	0	0	2
23736	0	1	0	0	0	0	0	0	0	0	0	0	1
23737	3	0	0	0	1	0	0	0	0	0	0	0	4
23738	1	0	0	0	0	0	0	0	0	0	0	0	1
23739	2	0	0	0	0	0	0	0	0	0	0	0	2
23740	2	0	0	0	1	0	0	0	0	0	0	0	3
23741	3	0	0	0	1	0	0	0	0	0	0	0	4
23742	1	0	0	0	0	0	0	0	0	0	0	0	1
23743	1	0	0	1	0	0	0	0	0	0	0	0	2
23744	1	0	1	0	0	0	0	0	0	0	0	0	2
23745	2	0	0	0	0	0	0	1	0	0	0	0	3
23746	2	0	0	0	0	0	0	0	0	0	0	0	2
23748	0	0	0	0	2	0	0	0	0	0	0	0	2
23749	3	0	0	0	0	0	0	0	0	0	0	0	3
23750	2	0	0	0	1	0	0	1	0	0	0	0	4
23751	3	0	0	0	0	0	0	0	0	0	0	0	3
23752	0	0	0	0	1	0	0	1	0	0	0	0	2
23753	2	0	0	1	2	0	0	1	0	0	0	0	6
23754	2	0	0	0	0	0	0	1	0	0	0	0	3
23755	1	0	0	0	0	0	0	0	0	0	0	0	1
23756	2	0	0	0	0	0	0	1	0	0	0	0	3
23757	2	0	0	0	0	0	0	0	0	0	0	0	2
23758	3	0	1	1	0	0	1	0	0	0	0	0	6
23760	2	0	0	0	0	0	0	0	0	0	0	0	2
23761	3	0	0	0	0	0	0	0	0	0	0	0	3
23762	2	0	0	0	0	0	1	0	0	0	0	0	3
23763	1	0	0	0	2	0	0	2	0	0	0	0	5
23764	2	0	0	0	1	0	0	1	0	0	0	0	4
23765	2	0	0	0	0	0	0	1	0	0	0	0	3
23766	2	0	0	0	0	0	0	0	0	0	0	0	2
23767	1	0	0	1	0	0	0	0	1	0	0	0	3
23768	3	0	0	0	0	0	0	0	0	0	0	0	3
23769	0	0	0	0	2	0	0	0	0	0	0	0	2
23770	1	0	0	0	2	0	0	0	0	0	0	0	3
23771	3	0	0	0	0	0	0	0	0	0	0	0	3
23772	2	0	0	0	0	0	0	0	0	0	0	0	2
23773	0	0	0	0	2	0	0	0	0	0	0	0	2
23774	3	0	0	0	0	0	0	0	0	0	0	0	3
23775	3	0	0	0	0	0	1	1	0	0	0	0	5
23776	1	2	0	0	1	0	0	0	0	0	0	0	4
23777	4	0	0	0	1	0	0	0	0	0	0	0	5
23778	1	0	0	1	0	0	0	0	0	0	0	0	2
23779	3	0	0	1	1	0	0	0	0	0	0	0	5
23780	2	0	0	0	0	1	0	0	0	0	0	0	3
23781	0	0	1	0	1	0	0	0	0	0	0	0	2
23783	3	0	0	0	0	0	0	1	0	0	0	0	4
23784	2	0	0	0	0	0	0	2	0	0	0	0	4
23785	2	0	0	0	0	0	0	0	0	0	0	0	2
23786	2	0	0	0	0	0	0	0	1	0	0	0	3
23787	2	0	0	1	0	0	0	0	0	0	0	0	3
23788	2	0	0	0	0	0	0	0	0	0	0	0	2
23789	1	0	0	0	1	0	0	0	0	0	0	0	2
23790	0	0	0	1	1	0	0	0	0	0	0	0	2
23791	1	0	0	0	0	0	0	2	0	0	0	0	3
23792	2	0	0	0	0	0	0	0	0	0	0	0	2
23793	2	0	0	0	0	1	0	0	0	0	0	0	3
23794	0	0	0	1	1	0	0	0	0	0	0	0	2
23795	0	0	0	0	1	0	0	0	0	0	0	0	1
23796	2	0	0	0	0	0	0	0	0	0	0	0	2
23797	1	0	0	0	1	0	0	0	0	0	0	0	2
23798	1	0	0	0	0	0	0	0	0	0	0	0	1
23799	2	0	0	0	1	0	1	0	0	0	0	0	4
23800	2	0	0	0	0	0	1	0	0	0	0	0	3
23801	1	0	0	1	1	0	0	0	0	0	0	0	3
23802	2	0	0	0	0	0	0	1	0	0	0	0	3
23803	3	0	0	1	0	0	0	0	0	0	0	0	4
23804	0	0	0	0	0	1	0	1	0	0	0	0	2
23805	3	0	0	0	0	0	0	0	0	0	0	0	3
23806	2	0	1	0	1	0	0	1	0	0	0	0	5
23807	0	0	0	0	0	0	1	0	0	0	0	0	1
23808	2	0	0	0	1	0	0	0	0	0	0	0	3
23809	2	0	0	0	0	0	0	1	0	0	0	0	3
23810	2	0	0	1	2	0	0	1	0	0	0	0	6
23811	2	0	0	0	1	0	0	0	0	0	0	0	3
23812	1	0	0	0	3	0	0	0	0	0	0	0	4
23813	1	1	0	0	1	1	0	0	0	0	0	0	4
23814	1	1	0	0	0	0	0	0	0	0	0	0	2
23815	4	0	0	0	0	0	0	0	0	0	0	0	4
23816	2	1	0	0	0	0	0	1	0	0	0	0	4
23817	4	0	0	0	0	0	0	0	0	0	0	0	4
23818	2	0	0	0	1	0	0	0	0	0	0	0	3
23819	2	0	0	0	0	0	0	0	0	0	0	0	2
23820	2	0	0	0	0	0	0	1	0	0	0	0	3
23821	3	0	0	0	0	0	0	0	0	0	0	0	3
23822	3	0	0	0	0	0	0	0	0	0	0	0	3
23823	3	0	0	0	0	0	1	0	0	0	0	0	4
23824	0	0	0	0	2	0	0	0	0	0	0	0	2
23825	2	0	0	0	0	0	0	0	0	0	0	0	2
23826	3	0	0	1	0	0	0	0	0	0	0	0	4
23827	3	0	0	0	0	0	1	0	0	0	0	0	4
23828	1	0	0	0	1	0	1	0	0	0	0	0	3
23829	2	0	0	0	0	0	0	0	0	0	0	0	2
23830	1	0	0	0	0	0	0	0	0	0	0	0	1
23831	3	0	0	0	0	0	0	0	0	0	0	0	3
23832	1	0	0	0	1	0	0	0	0	0	0	0	2
23833	4	0	0	0	0	0	0	1	0	0	0	0	5
23834	1	0	0	0	2	0	0	0	0	0	0	0	3
23835	2	0	0	0	0	0	0	0	0	0	0	0	2
23836	4	0	0	1	1	0	0	0	0	0	0	0	6
23837	1	0	0	0	2	0	0	0	0	0	0	0	3
23838	3	0	0	0	0	0	0	0	0	0	0	0	3
23839	3	0	0	0	0	0	0	0	0	0	0	0	3
23840	2	0	0	0	1	0	0	0	0	0	0	0	3
23841	2	0	0	1	1	0	0	1	0	0	0	0	5
23842	0	0	0	0	2	0	0	0	0	0	0	0	2
23843	1	0	0	0	1	0	0	0	0	0	0	0	2
23844	2	0	0	0	0	0	0	0	0	0	0	0	2
23845	1	0	0	0	2	0	0	1	0	0	0	0	4
23846	0	1	0	0	0	0	0	0	0	0	0	0	1
23847	5	0	0	0	0	0	0	0	0	0	0	0	5
23848	2	0	0	0	1	0	0	0	0	1	0	0	4
23849	3	0	0	0	1	0	0	0	0	0	0	0	4
23850	0	0	0	2	2	0	1	0	0	0	0	0	5
23851	1	0	0	0	1	0	0	0	0	0	0	0	2
23852	2	0	0	0	0	0	1	0	0	0	0	0	3
23853	1	0	0	0	1	0	0	0	0	0	0	0	2
23854	2	0	0	0	0	0	0	0	0	0	0	0	2
23855	2	0	0	0	0	2	0	0	0	0	0	0	4
23856	1	0	0	0	0	0	0	0	0	0	0	0	1
23857	1	1	0	0	0	0	0	0	0	0	0	0	2
23858	1	0	0	0	0	0	0	0	0	0	0	0	1
23859	3	0	0	1	3	0	0	0	0	0	0	0	7
23860	1	0	0	0	1	0	0	1	0	0	0	0	3
23861	1	0	0	0	0	0	0	0	0	0	0	0	1
23862	3	0	0	0	0	0	0	0	0	0	0	0	3
23863	3	0	0	0	0	0	0	0	0	0	0	0	3
23864	1	0	0	0	0	0	0	1	0	0	0	0	2
23865	1	0	0	0	0	0	0	0	0	0	0	0	1
23866	3	0	0	0	0	0	0	0	0	0	0	0	3
23867	3	0	0	0	1	0	0	0	0	0	0	0	4
23868	2	0	0	0	0	0	0	0	0	0	0	0	2
23869	1	0	0	1	1	0	0	1	0	0	0	0	4
23870	0	0	0	0	2	0	0	0	0	0	0	0	2
23871	2	0	0	1	0	0	0	1	0	0	0	0	4
23872	3	0	0	0	0	0	0	0	0	0	0	0	3
23873	2	0	0	0	0	0	0	0	0	0	0	0	2
23874	1	0	0	1	1	0	0	0	0	0	0	0	3
23875	2	0	0	1	1	0	0	1	0	0	0	0	5
23876	2	0	0	0	0	0	0	0	0	0	0	0	2
23877	3	0	0	0	2	0	0	1	0	0	0	0	6
23878	1	0	0	0	0	0	0	0	0	0	0	0	1
23879	2	0	0	0	1	1	0	0	0	0	0	0	4
23880	1	0	0	0	0	0	0	0	1	0	0	0	2
23881	1	0	0	0	0	0	0	0	0	1	0	0	2
23882	3	0	0	0	0	0	0	0	0	0	0	0	3
23883	1	0	0	0	0	0	0	0	0	0	0	0	1
23884	3	0	0	0	0	0	0	1	0	0	0	0	4
23885	4	0	0	0	1	0	0	1	0	0	0	0	6
23886	1	0	0	0	1	0	1	0	0	0	0	0	3
23887	1	0	0	0	0	0	0	1	0	0	0	0	2
23888	2	0	0	0	1	0	0	1	0	0	0	0	4
23889	5	0	0	0	0	0	0	0	0	0	0	0	5
23890	2	0	0	0	0	0	0	0	0	0	0	0	2
23891	1	0	0	0	1	0	0	0	0	0	0	0	2
23892	4	0	0	0	0	0	0	1	0	0	0	0	5
23893	4	0	0	0	0	0	1	1	0	0	0	0	6
23894	3	0	0	0	1	2	0	1	0	0	0	0	7
23895	2	0	0	0	1	0	0	0	0	0	0	0	3
23896	1	0	0	0	0	0	0	1	0	0	0	0	2
23897	1	0	0	0	0	0	0	0	0	0	0	0	1
23898	3	0	0	0	1	0	0	1	0	0	0	0	5
23899	2	0	0	0	0	0	0	0	0	0	0	0	2
23900	1	0	0	0	0	0	0	0	0	0	0	0	1
23901	0	0	0	0	1	0	0	0	0	0	0	0	1
23902	2	0	0	1	0	0	0	0	1	0	0	0	4
23904	1	0	1	0	2	0	0	0	0	0	0	0	4
23905	1	0	0	0	0	0	0	0	0	0	0	0	1
23906	2	0	0	0	0	0	0	1	0	0	0	0	3
23907	2	0	0	0	0	0	0	0	0	0	0	0	2
23908	1	0	0	0	0	0	0	0	0	0	0	0	1
23909	1	0	0	0	0	0	0	1	0	0	0	0	2
23910	3	0	0	0	0	0	0	0	0	0	0	0	3
23911	5	0	0	0	1	0	0	0	0	0	0	0	6
23912	2	0	0	0	0	0	0	1	0	0	0	0	3
23913	0	0	0	0	1	0	0	0	0	0	0	0	1
23914	2	0	0	0	2	0	0	0	0	0	0	0	4
23915	1	1	0	0	1	0	0	0	0	0	0	0	3
23916	4	0	0	0	0	0	0	0	1	0	0	0	5
23917	3	0	0	0	0	0	0	0	0	0	0	0	3
23918	1	0	0	1	1	0	0	0	0	0	0	0	3
23919	1	0	0	0	1	0	0	1	0	0	0	0	3
23920	1	0	0	0	0	0	0	0	0	0	0	0	1
23921	4	0	0	0	4	0	0	0	0	0	0	0	8
23922	3	0	0	0	1	0	0	0	0	0	0	0	4
23923	4	0	1	0	1	0	0	0	0	0	0	0	6
23924	4	0	0	0	0	0	0	0	0	0	0	0	4
23925	1	0	0	0	0	0	0	0	0	0	0	0	1
23926	2	0	0	0	1	0	0	0	0	0	0	0	3
23927	4	0	0	0	0	0	0	0	1	0	0	0	5
23928	4	0	0	0	0	0	0	2	0	0	0	0	6
23929	2	0	0	0	0	1	0	0	0	0	0	0	3
23930	3	0	0	0	1	0	0	0	0	0	0	0	4
23931	3	0	0	0	0	0	0	2	0	0	0	0	5
23932	3	0	0	0	1	0	0	1	0	0	0	0	5
23933	3	0	0	0	1	0	0	2	0	0	0	0	6
23934	1	0	0	0	2	0	0	1	0	0	0	0	4
23935	3	0	0	0	0	0	0	0	0	0	0	0	3
23936	3	0	1	0	0	0	0	1	0	0	0	0	5
23937	2	0	0	1	1	0	0	0	0	0	0	0	4
23938	2	0	0	0	1	0	0	0	0	0	0	0	3
23939	1	0	0	0	0	0	0	0	0	0	0	0	1
23940	4	0	0	0	1	0	0	0	0	0	0	0	5
23941	4	0	0	0	0	0	0	0	0	0	0	0	4
23942	1	0	0	0	1	0	0	1	0	0	0	0	3
23943	3	0	0	0	0	0	0	1	0	1	0	0	5
23944	3	0	0	0	0	0	1	0	0	0	0	0	4
23945	4	0	0	0	1	0	0	0	0	0	0	0	5
23946	2	0	0	0	0	0	0	0	0	0	0	0	2
23947	3	0	0	0	0	0	0	0	0	0	0	0	3
23948	1	0	0	0	1	0	1	0	0	0	0	0	3
23949	1	0	0	0	3	0	0	0	0	0	0	0	4
23950	2	1	0	0	0	0	1	0	0	0	0	0	4
23951	2	0	0	0	0	0	0	1	0	0	0	0	3
23952	3	0	0	1	1	0	0	0	0	0	0	0	5
23953	1	0	0	0	0	0	1	0	0	0	0	0	2
23954	3	0	0	0	0	0	0	0	0	0	0	0	3
23955	3	0	0	0	1	0	0	0	0	0	0	0	4
23956	2	0	0	2	0	0	0	0	0	0	0	0	4
23957	2	0	0	0	0	0	0	0	0	0	0	0	2
23959	0	0	0	1	0	0	0	0	0	0	0	0	1
23961	0	0	0	1	0	0	0	0	0	0	0	0	1
23962	0	0	0	1	0	0	0	1	0	0	0	0	2
23963	3	0	0	0	1	0	0	0	0	0	0	0	4
23964	0	0	0	1	1	0	0	0	0	0	0	0	2
23965	1	0	0	1	0	0	0	0	0	0	0	0	2
23966	1	0	0	1	0	0	0	0	0	0	0	0	2
23967	4	0	0	0	0	0	0	0	0	0	0	0	4
23968	0	0	0	1	0	0	0	0	0	0	0	0	1
23969	5	0	0	0	0	0	0	1	0	0	0	0	6
23970	3	0	0	0	0	0	0	0	0	0	0	0	3
23971	1	0	0	0	1	0	0	0	0	0	0	0	2
23972	0	0	0	1	0	0	0	0	0	0	0	0	1
23973	3	0	0	0	0	0	0	0	0	0	0	0	3
23974	1	0	0	1	0	0	0	0	0	0	0	0	2
23975	1	0	0	1	0	0	0	0	0	0	0	0	2
23976	2	0	0	0	0	0	1	0	0	0	0	0	3
23977	2	0	0	1	0	0	0	1	0	0	0	0	4
23978	1	0	0	0	0	0	0	0	0	0	0	0	1
23979	1	0	0	2	0	0	0	0	0	0	0	0	3
23980	4	0	0	1	0	0	0	0	0	0	0	0	5
23981	1	0	0	1	0	0	0	0	0	0	0	0	2
23982	1	0	1	0	1	0	0	0	0	0	0	0	3
23983	0	0	0	1	0	0	0	0	0	0	0	0	1
23984	0	0	0	1	0	0	0	0	0	0	0	0	1
23985	1	0	1	0	0	0	1	0	0	0	0	0	3
23986	1	0	0	0	1	0	1	0	0	0	0	0	3
23987	0	1	0	1	0	0	0	0	0	0	0	0	2
23988	1	0	0	0	0	0	0	0	0	0	0	0	1
23990	1	2	0	0	0	0	0	0	0	0	0	0	3
23991	1	1	1	0	0	0	0	0	0	0	0	0	3
23992	0	0	0	0	1	0	0	0	0	0	0	0	1
23993	2	0	0	0	0	0	0	1	0	0	0	0	3
23994	2	0	0	0	0	0	0	0	0	0	0	0	2
23996	1	0	0	1	1	0	0	0	0	0	0	0	3
23997	1	0	0	0	0	0	0	1	0	0	0	0	2
23998	0	0	0	0	2	0	0	0	0	0	0	0	2
23999	1	0	0	0	2	0	0	0	0	0	0	0	3
24000	0	0	0	1	0	0	0	0	0	0	0	0	1
24001	0	0	1	0	1	0	0	0	0	0	0	0	2
24002	3	0	0	0	0	0	0	1	0	0	0	0	4
24003	3	0	0	1	0	0	0	0	0	0	0	0	4
24004	1	0	0	0	2	0	0	0	0	0	0	0	3
24005	1	0	1	0	0	0	0	0	0	0	0	0	2
24006	1	0	0	0	0	0	1	1	0	0	0	0	3
24007	1	0	0	1	2	0	0	0	0	0	0	0	4
24008	1	0	0	1	0	0	0	0	0	0	0	0	2
24009	0	0	0	1	0	0	1	0	0	0	0	0	2
24010	2	0	0	1	0	0	1	0	0	0	0	0	4
24011	1	0	0	0	0	0	0	0	0	0	0	0	1
24012	1	0	0	0	0	0	0	0	0	0	0	0	1
24014	0	0	0	1	0	0	0	1	0	0	0	0	2
24015	0	1	0	0	1	0	0	0	0	0	0	0	2
24016	2	0	0	0	0	0	0	1	0	0	0	0	3
24017	2	0	0	0	0	0	0	0	0	0	0	0	2
24018	1	0	0	0	1	0	0	0	1	0	0	0	3
24019	2	0	0	0	0	0	0	0	0	0	0	0	2
24020	1	0	0	1	0	0	0	0	0	0	0	0	2
24021	1	0	0	0	1	0	0	0	0	0	0	0	2
24022	2	0	0	1	0	0	0	0	0	0	0	0	3
24023	1	0	0	0	1	0	0	1	0	0	0	0	3
24024	1	0	0	1	0	0	0	0	0	0	0	0	2
24025	1	0	0	1	1	0	0	0	0	0	0	0	3
24026	0	0	0	1	0	0	0	0	0	0	0	0	1
24027	0	0	2	0	1	0	0	0	0	0	0	0	3
24028	1	0	0	0	0	0	0	0	0	0	0	0	1
24029	1	0	0	0	0	0	0	0	0	0	0	0	1
24030	1	0	0	0	0	0	0	1	0	0	0	0	2
24031	1	0	0	0	0	0	0	0	0	0	0	0	1
24032	2	0	0	0	0	0	0	1	0	0	0	0	3
24033	1	0	0	0	0	0	0	0	0	0	0	0	1
24034	1	0	1	0	0	0	0	0	0	0	0	0	2
24035	2	0	0	1	0	0	0	0	0	0	0	0	3
24036	1	0	0	0	0	0	0	1	0	0	0	0	2
24038	0	0	1	0	1	0	0	0	0	0	0	0	2
24039	2	0	0	1	0	0	0	0	0	0	0	0	3
24040	1	0	0	0	0	0	0	0	0	0	0	0	1
24041	1	0	0	1	1	0	0	0	0	0	0	0	3
24042	1	0	0	0	1	0	0	0	0	0	0	0	2
24043	0	0	1	0	0	0	0	0	0	0	0	0	1
24044	0	0	1	0	2	0	0	0	0	0	0	0	3
24045	2	0	0	1	0	0	0	0	0	0	0	0	3
24046	1	0	0	0	1	0	0	0	0	0	0	0	2
24047	1	0	0	0	0	0	0	0	0	0	0	0	1
24048	3	0	0	0	0	0	0	0	0	0	0	0	3
24049	2	0	0	0	0	0	0	0	0	0	0	0	2
24050	4	0	0	3	0	0	0	0	1	0	0	0	8
24051	2	0	0	0	1	0	0	0	0	0	0	0	3
24052	1	0	0	0	0	0	0	0	0	0	0	0	1
24053	1	1	0	1	0	0	0	0	1	0	0	0	4
24055	2	0	0	0	2	0	0	0	0	0	0	0	4
24056	2	0	0	1	1	0	0	0	0	0	0	0	4
24057	2	0	0	0	1	0	1	0	0	0	0	0	4
24058	2	0	0	0	0	0	0	1	0	0	0	0	3
24062	1	0	0	1	0	0	0	0	0	0	0	0	2
24063	3	0	0	0	0	0	0	0	0	0	0	0	3
24064	1	0	0	0	0	0	0	1	0	0	0	0	2
24065	0	0	0	1	0	0	0	0	0	0	0	0	1
24066	2	0	0	0	0	0	0	0	0	0	0	0	2
24067	2	1	0	0	0	0	0	1	0	0	0	0	4
24068	0	0	0	0	1	0	0	0	0	0	0	0	1
24069	0	0	0	1	1	0	0	0	0	0	0	0	2
24070	2	0	0	0	0	0	1	0	1	0	0	0	4
24071	3	0	0	0	0	0	0	0	0	0	0	0	3
24072	1	0	0	1	1	0	0	0	0	0	0	0	3
24073	1	0	0	0	0	0	0	0	0	0	0	0	1
24074	2	0	0	0	0	0	0	1	0	0	0	0	3
24075	2	0	0	0	0	0	0	0	0	0	0	0	2
24076	3	0	0	0	0	0	0	1	0	0	0	0	4
24077	2	0	0	1	0	0	0	0	1	0	0	0	4
24078	2	0	0	0	1	0	0	0	0	0	0	0	3
24079	1	0	0	0	0	0	0	1	0	0	0	0	2
24080	1	0	0	0	0	0	0	0	1	0	0	0	2
24081	1	0	0	1	1	0	0	0	0	0	0	0	3
24082	1	0	0	0	1	0	0	0	0	0	0	0	2
24083	1	0	0	1	0	0	0	0	0	0	0	0	2
24084	1	0	1	0	0	0	0	1	0	0	0	0	3
24085	2	0	0	0	0	0	0	0	0	0	0	0	2
24086	1	0	0	0	0	0	0	0	0	0	0	0	1
24087	0	0	0	1	0	0	0	0	0	0	0	0	1
24088	1	0	0	1	0	0	0	0	0	0	0	0	2
24089	1	0	0	0	2	0	0	0	0	0	0	0	3
24091	2	0	0	1	0	0	0	0	0	0	0	0	3
24092	2	0	0	0	0	0	0	0	0	0	0	0	2
24093	1	0	0	0	1	0	0	0	0	0	0	0	2
24094	2	0	0	1	0	0	0	0	0	0	0	0	3
24095	0	0	0	0	1	0	0	0	0	0	0	0	1
24096	1	0	0	1	0	0	0	0	0	0	0	0	2
24097	1	0	0	1	0	0	0	0	0	0	0	0	2
24098	1	0	0	0	0	0	0	1	0	0	0	0	2
24099	1	0	0	0	0	0	0	0	0	0	0	0	1
24100	2	0	0	0	0	0	0	0	0	0	0	0	2
24103	1	0	0	0	0	0	0	0	0	0	0	0	1
24104	0	0	1	0	1	0	0	0	0	0	0	0	2
24105	2	0	0	0	0	0	0	1	0	0	0	0	3
24106	3	0	0	1	0	0	0	0	0	0	0	0	4
24107	1	0	0	0	0	0	0	0	0	0	0	0	1
24108	1	0	0	1	0	0	0	0	0	0	0	0	2
24109	3	0	0	0	0	0	0	0	0	0	0	0	3
24110	2	0	0	0	0	1	0	0	0	0	0	0	3
24111	2	0	1	0	0	0	0	0	0	0	0	0	3
24112	1	0	0	0	0	0	0	1	0	0	0	0	2
24113	1	0	0	0	0	0	0	0	0	0	0	0	1
24115	2	0	0	0	0	0	0	1	0	0	0	0	3
24116	0	0	0	1	0	0	0	0	0	0	0	0	1
24117	0	0	0	1	0	0	0	0	0	0	0	0	1
24118	1	0	0	0	0	0	0	0	0	0	0	0	1
24119	0	0	1	0	0	0	0	0	0	0	0	0	1
24121	1	0	0	0	3	0	0	0	0	0	0	0	4
24122	2	0	0	1	0	0	0	0	0	0	0	0	3
24123	2	0	0	1	0	0	0	0	0	0	0	0	3
24124	1	0	0	0	1	0	0	1	0	0	0	0	3
24125	2	0	0	1	1	0	0	1	0	0	0	0	5
24126	2	0	0	0	1	0	0	1	0	0	0	0	4
24127	1	0	0	0	0	0	0	0	0	0	0	0	1
24128	3	0	0	0	0	0	0	0	0	0	0	0	3
24129	3	0	0	0	0	0	0	0	0	0	0	0	3
24130	2	0	0	1	0	0	0	1	0	0	0	0	4
24131	1	0	0	0	1	0	0	0	0	0	0	0	2
24132	1	0	0	0	1	0	0	0	0	0	0	0	2
24133	2	0	0	0	0	0	0	0	0	0	0	0	2
24134	1	0	0	0	0	0	0	0	0	0	0	0	1
24135	1	0	0	0	0	0	0	1	0	0	0	0	2
24136	1	0	0	1	0	0	0	0	0	0	0	0	2
24137	1	0	1	0	1	0	0	0	0	0	0	0	3
24138	0	0	1	0	0	0	0	0	0	0	0	0	1
24139	2	0	0	0	0	0	0	0	0	0	0	0	2
24140	0	0	0	0	0	0	1	0	0	0	0	0	1
24141	0	0	1	0	0	0	0	0	0	0	0	0	1
24142	2	0	0	0	0	0	0	0	0	0	0	0	2
24143	2	0	0	0	0	0	0	0	0	0	0	0	2
24144	0	0	0	1	2	0	0	0	0	0	0	0	3
24146	1	0	1	1	0	0	0	0	0	0	0	0	3
24147	2	0	0	0	2	0	0	0	0	0	0	0	4
24148	2	0	0	0	0	0	1	0	0	0	0	0	3
24149	1	0	0	0	0	0	0	0	0	0	0	0	1
24150	1	0	1	0	0	0	0	0	0	0	0	0	2
24151	2	0	0	0	0	0	0	0	0	0	0	0	2
24152	1	0	0	0	0	0	0	0	0	0	0	0	1
24153	0	0	1	0	0	0	0	0	0	0	0	0	1
24154	1	0	0	0	0	0	0	0	0	0	0	0	1
24155	1	0	0	0	2	0	0	0	0	0	0	0	3
24156	0	0	0	0	3	0	0	0	0	0	0	0	3
24157	1	0	0	0	0	0	0	0	0	0	0	0	1
24158	0	0	0	0	1	0	1	0	0	0	0	0	2
24159	3	0	0	0	0	0	0	0	0	0	0	0	3
24160	0	0	0	0	1	0	0	0	0	0	0	0	1
24161	1	0	0	0	0	0	0	0	0	0	0	0	1
24162	0	0	0	0	2	0	0	0	0	0	0	0	2
24163	1	0	0	0	0	0	0	0	0	0	0	0	1
24164	0	1	1	0	0	0	0	0	0	0	0	0	2
24165	1	0	0	0	0	0	0	0	0	0	0	0	1
24166	1	0	0	0	0	0	0	0	0	0	0	0	1
24167	0	0	0	0	2	0	0	0	0	0	0	0	2
24168	3	0	0	0	2	0	0	1	0	0	0	0	6
24169	1	0	0	0	1	0	0	0	0	0	0	0	2
24170	1	0	0	0	1	0	0	0	0	0	0	0	2
24172	1	0	0	0	0	0	0	0	0	0	0	0	1
24174	2	0	0	0	0	0	0	0	0	0	0	0	2
24175	2	0	0	0	0	0	0	0	0	0	0	0	2
24176	2	0	0	0	0	0	0	0	0	0	0	0	2
24177	1	0	0	0	0	0	0	0	0	0	0	0	1
24178	0	0	0	0	1	0	0	0	0	0	0	0	1
24179	4	0	0	0	0	0	0	1	0	0	0	0	5
24180	3	0	0	0	0	0	0	0	0	0	0	0	3
24181	3	0	0	0	0	0	0	0	0	0	0	0	3
24182	0	0	0	0	1	0	0	0	0	0	0	0	1
24183	1	0	0	1	3	0	0	0	0	0	0	0	5
24184	1	0	0	1	0	0	0	0	0	0	0	0	2
24185	2	0	0	0	0	0	0	0	0	0	0	0	2
24186	0	0	0	0	3	0	0	0	0	0	0	0	3
24187	0	0	0	0	2	0	0	0	0	0	0	0	2
24188	1	0	0	0	1	1	0	0	0	0	0	0	3
24189	2	0	0	0	1	0	0	0	0	0	0	0	3
24190	1	0	0	0	0	0	0	0	0	0	0	0	1
24191	0	0	0	1	0	0	0	0	0	0	0	0	1
24192	2	0	0	0	0	0	2	0	0	0	0	0	4
24193	1	0	0	0	0	0	0	0	0	0	0	0	1
24194	1	0	0	0	0	0	0	0	0	0	0	0	1
24195	0	0	1	0	0	0	0	0	0	0	0	0	1
24196	2	0	0	0	0	0	0	1	0	0	0	0	3
24197	2	0	0	0	0	0	1	0	0	0	0	0	3
24198	3	0	0	0	0	0	0	0	0	0	0	0	3
24199	2	0	0	0	0	0	0	0	0	0	0	0	2
24200	2	0	0	0	0	0	0	0	0	0	0	0	2
24201	2	0	0	0	0	1	0	0	0	1	0	0	4
24202	1	0	0	0	0	0	0	0	0	0	0	0	1
24203	4	0	0	1	1	0	0	1	0	0	0	0	7
24204	0	0	1	0	0	0	0	0	0	0	0	0	1
24205	0	0	1	0	0	0	0	0	0	0	0	0	1
24206	0	0	1	0	0	0	0	0	0	0	0	0	1
24207	4	0	0	0	0	0	0	0	0	0	0	0	4
24209	2	0	0	0	0	0	0	0	0	0	0	0	2
24210	0	0	1	0	0	0	0	0	0	0	0	0	1
24211	0	0	0	1	0	0	0	0	0	0	0	0	1
24212	2	0	0	0	0	0	0	0	0	0	0	0	2
24213	1	0	0	0	0	0	0	0	0	0	0	0	1
24214	2	0	0	0	0	0	0	0	0	0	0	0	2
24216	2	0	0	0	0	0	0	0	0	0	0	0	2
24217	2	0	0	0	0	0	0	0	0	0	0	0	2
24219	2	0	1	0	1	0	0	0	0	0	0	0	4
24220	1	0	0	0	0	0	0	0	0	0	0	0	1
24221	0	0	0	0	0	2	0	0	1	0	0	0	3
24222	2	0	0	1	1	0	0	0	0	0	0	0	4
24224	2	0	0	0	0	0	0	0	0	0	0	0	2
24225	2	0	0	0	0	0	0	1	0	0	0	0	3
24226	1	0	0	1	0	0	0	0	0	0	0	0	2
24227	0	1	1	0	0	0	0	0	0	0	0	0	2
24229	1	0	0	0	0	0	0	0	0	0	0	0	1
24230	2	1	0	0	0	0	0	0	0	0	0	0	3
24231	0	0	1	0	0	0	0	0	0	0	0	0	1
24232	1	0	0	1	0	0	0	0	0	0	0	0	2
24235	0	0	1	0	0	0	0	1	0	0	0	0	2
24236	1	0	0	0	0	0	0	0	0	0	0	0	1
24237	2	0	0	0	0	0	0	0	0	0	0	0	2
24238	0	0	0	0	2	0	0	0	0	0	0	0	2
24239	3	0	0	0	1	0	0	0	0	0	0	0	4
24240	2	0	0	0	3	0	0	0	0	0	0	0	5
24241	2	0	0	0	0	0	0	0	0	0	0	0	2
24242	1	0	0	0	0	0	0	1	0	0	0	0	2
24243	2	0	0	0	0	0	0	0	0	0	0	0	2
24244	2	0	0	2	0	0	0	0	0	0	0	0	4
24245	2	0	0	0	0	0	0	1	0	0	0	0	3
24246	0	1	0	0	0	0	0	0	0	0	0	0	1
24247	2	0	0	0	0	0	0	0	0	0	0	0	2
24248	0	0	1	0	1	0	0	0	0	0	0	0	2
24249	1	0	0	0	0	0	0	0	0	0	0	0	1
24250	2	0	0	0	0	0	0	1	0	0	0	0	3
24251	1	0	0	0	0	0	0	2	0	0	0	0	3
24252	3	0	0	0	0	0	0	1	0	0	0	0	4
24253	0	0	1	0	1	0	0	0	0	0	0	0	2
24254	3	0	0	0	0	0	0	0	0	0	0	0	3
24256	1	0	0	0	1	0	0	0	0	0	0	0	2
24258	0	0	1	0	0	0	0	0	0	0	0	0	1
24259	1	0	0	0	1	0	0	0	0	0	0	0	2
24260	1	0	1	0	0	0	0	0	0	0	0	0	2
24261	0	0	0	0	1	0	0	0	0	0	0	0	1
24262	3	0	0	0	0	0	0	0	0	0	0	0	3
24263	2	0	0	0	0	0	1	0	0	0	0	0	3
24264	1	0	0	0	3	0	0	0	0	0	0	0	4
24265	1	0	0	0	0	0	0	0	0	0	0	0	1
24266	2	0	0	0	0	1	0	0	0	0	0	0	3
24267	1	0	2	0	0	0	0	1	0	0	0	0	4
24268	1	0	1	0	0	0	0	0	0	0	0	0	2
24269	1	0	0	0	1	0	0	0	0	0	0	0	2
24270	0	0	0	0	2	0	0	0	0	0	0	0	2
24271	1	0	0	0	0	0	0	0	0	0	0	0	1
24272	1	0	0	0	1	0	0	0	0	0	0	0	2
24274	2	0	0	0	1	0	0	1	0	0	0	0	4
24276	2	0	0	0	0	0	0	0	0	0	0	0	2
24277	1	0	1	0	0	0	0	0	0	0	0	0	2
24278	1	0	0	0	0	0	0	0	0	0	0	0	1
24279	2	0	0	2	0	0	0	0	0	0	0	0	4
24280	2	0	1	0	2	0	0	0	0	0	0	0	5
24281	2	0	0	0	1	0	0	1	0	0	0	0	4
24282	0	0	0	1	0	0	0	0	0	0	0	0	1
24283	2	0	0	0	0	0	0	0	0	0	0	0	2
24284	1	0	0	0	0	0	0	0	0	0	0	0	1
24286	3	0	0	0	0	0	0	0	0	0	0	0	3
24287	1	0	0	0	0	0	0	0	0	0	0	0	1
24288	1	0	0	0	0	1	0	0	0	0	0	0	2
24289	1	0	0	0	0	0	0	0	0	0	0	0	1
24290	2	0	0	0	1	0	0	0	0	0	0	0	3
24291	1	0	0	0	0	0	0	1	0	0	0	0	2
24292	3	0	0	0	0	0	0	1	0	0	0	0	4
24293	2	0	0	0	0	0	0	0	0	0	0	0	2
24294	2	0	0	0	0	0	0	2	0	0	0	0	4
24295	2	0	0	1	1	0	1	0	0	0	0	0	5
24296	1	0	0	0	0	0	0	0	0	0	0	0	1
24297	0	0	1	0	0	0	0	0	0	0	0	0	1
24298	0	0	2	0	0	0	0	0	0	0	0	0	2
24299	1	0	0	0	2	0	0	0	0	0	0	0	3
24300	2	0	0	0	0	0	0	0	0	0	0	0	2
24301	2	0	0	0	0	0	0	0	0	0	0	0	2
24302	2	0	0	0	0	0	1	0	0	0	0	0	3
24303	1	0	0	0	0	0	0	1	0	0	0	0	2
24304	0	0	0	1	1	0	1	0	0	0	0	0	3
24305	0	0	0	0	1	0	0	0	0	0	0	0	1
24306	2	0	0	0	2	0	0	0	0	0	0	0	4
24307	2	0	0	0	0	0	0	1	0	0	0	0	3
24308	3	0	0	0	0	0	0	0	0	0	0	0	3
24309	1	0	1	0	0	0	0	0	0	0	0	0	2
24311	4	0	0	0	0	0	0	0	0	0	0	0	4
24312	4	0	0	0	0	0	0	0	0	0	0	0	4
24313	1	0	1	0	0	0	0	0	0	0	0	0	2
24314	3	0	0	0	0	0	0	0	0	0	0	0	3
24315	1	0	0	0	0	0	0	0	0	0	0	0	1
24316	1	0	0	0	0	0	0	0	0	0	0	0	1
24317	2	0	0	0	1	0	0	0	0	0	0	0	3
24318	2	0	0	1	1	0	0	0	0	0	0	0	4
24319	0	0	0	0	0	1	0	0	0	0	0	0	1
24320	0	0	0	0	0	1	0	0	0	0	0	0	1
24321	3	0	0	0	0	0	0	0	0	0	0	0	3
24322	2	0	0	0	0	0	0	0	0	0	0	0	2
24323	0	1	0	0	1	0	0	0	0	0	0	0	2
24324	1	0	0	0	0	0	0	1	0	0	0	0	2
24325	2	0	0	0	0	0	0	0	0	0	0	0	2
24326	3	0	0	0	0	0	0	0	0	0	0	0	3
24327	1	0	0	0	0	0	0	1	0	0	0	0	2
24328	2	0	0	0	1	1	0	0	0	0	0	0	4
24330	1	0	0	0	0	0	0	0	0	0	0	0	1
24331	1	0	0	0	0	0	0	0	0	0	0	0	1
24332	0	0	0	0	0	0	0	1	0	0	0	0	1
24333	0	0	0	0	1	0	0	0	0	0	0	0	1
24334	3	0	0	0	1	0	0	0	0	0	0	0	4
24335	1	0	0	0	0	0	0	2	0	0	0	0	3
24336	1	0	0	0	1	0	0	0	0	0	0	0	2
24337	0	0	0	0	1	0	0	1	0	0	0	0	2
24338	2	0	0	0	0	0	2	0	0	0	0	0	4
24339	2	0	0	0	0	0	0	0	0	0	0	0	2
24340	2	0	1	0	0	0	0	0	0	0	0	0	3
24341	2	0	0	0	1	0	0	0	0	0	0	0	3
24343	1	0	0	0	0	0	0	0	0	0	0	0	1
24344	0	0	3	0	0	0	0	0	0	0	0	0	3
24345	1	0	0	4	0	0	0	1	0	0	0	0	6
24346	3	0	0	0	0	0	0	0	0	0	0	0	3
24347	2	0	0	0	2	0	0	0	0	0	0	0	4
24348	4	0	0	0	0	0	0	0	0	0	0	0	4
24349	2	0	0	0	0	0	0	0	0	0	0	0	2
24350	0	0	0	0	2	0	0	0	0	0	0	0	2
24351	3	0	0	0	0	0	1	0	0	0	0	0	4
24352	0	0	0	1	0	0	0	0	0	0	0	0	1
24353	1	0	0	0	0	0	0	0	0	0	0	0	1
24354	2	0	0	0	0	0	1	1	0	0	0	0	4
24355	0	0	0	0	0	0	0	1	0	0	0	0	1
24356	1	0	0	1	1	0	0	0	0	0	0	0	3
24357	0	0	0	0	1	0	0	0	0	0	0	0	1
24358	1	0	0	0	1	0	0	0	0	0	0	0	2
24359	1	0	0	0	0	0	0	1	0	0	0	0	2
24360	3	0	0	0	2	0	0	0	0	0	0	0	5
24361	0	0	0	1	1	0	0	0	0	0	0	0	2
24362	1	0	0	1	0	1	0	0	0	0	0	0	3
24363	3	0	0	0	0	0	0	0	0	0	0	0	3
24364	1	0	0	0	0	0	0	0	0	0	0	0	1
24365	2	0	0	0	0	0	0	0	0	0	0	0	2
24366	2	0	0	0	0	0	0	0	0	0	0	0	2
24367	1	0	0	0	2	0	0	0	0	0	0	0	3
24369	1	0	0	0	0	0	0	0	0	0	0	0	1
24370	1	0	0	0	0	0	0	0	0	0	0	0	1
24371	1	0	0	0	0	0	0	0	0	0	0	0	1
24372	2	0	1	0	0	0	0	2	0	0	0	0	5
24373	2	0	0	0	0	0	0	0	1	0	0	0	3
24374	1	0	0	0	0	0	0	0	0	0	0	0	1
24375	2	0	0	0	0	0	0	0	0	0	0	0	2
24376	1	0	0	0	0	0	0	0	0	0	0	0	1
24377	1	0	0	1	0	0	0	0	0	0	0	0	2
24378	0	0	0	0	1	0	0	0	0	0	0	0	1
24379	1	0	0	0	0	0	0	0	0	0	0	0	1
24380	0	0	0	1	0	0	0	0	0	0	0	0	1
24381	0	0	0	0	2	0	0	0	0	0	0	0	2
24382	1	1	0	0	0	0	0	0	0	0	0	0	2
24383	0	0	1	0	0	0	0	0	0	0	0	0	1
24384	2	0	0	0	1	0	0	0	0	0	0	0	3
24385	3	0	0	0	0	0	0	0	0	0	0	0	3
24386	1	0	0	0	0	0	0	0	0	0	0	0	1
24387	1	0	0	0	0	0	1	0	0	0	0	0	2
24389	2	1	0	0	2	0	0	0	0	0	0	0	5
24390	2	0	0	1	0	0	0	0	0	0	0	0	3
24391	1	0	0	0	1	0	0	0	0	0	0	0	2
24392	2	0	0	0	0	0	0	0	0	1	0	0	3
24393	1	0	0	0	0	0	0	0	0	0	0	0	1
24394	1	0	0	0	1	0	0	0	0	0	0	0	2
24396	0	0	0	1	0	0	0	0	0	0	0	0	1
24397	3	0	0	0	2	0	0	0	0	0	0	0	5
24398	3	1	0	0	0	0	0	1	0	0	0	0	5
24399	2	0	0	0	1	0	0	0	0	0	0	0	3
24400	3	0	0	0	0	0	0	1	0	0	0	0	4
24401	2	0	0	1	1	0	0	0	0	0	0	0	4
24404	2	0	0	0	1	0	0	0	0	0	0	0	3
24405	2	0	0	0	2	0	0	0	0	0	0	0	4
24406	3	0	0	0	1	0	0	0	0	0	0	0	4
24407	1	0	0	0	0	0	0	0	0	0	0	0	1
24408	2	0	0	0	0	0	0	0	0	0	0	0	2
24409	1	0	0	0	0	0	0	0	0	0	0	0	1
24410	0	0	0	0	1	0	0	0	0	0	0	0	1
24411	1	0	0	1	0	0	0	0	0	0	0	0	2
24412	2	0	0	0	1	0	0	0	0	0	0	0	3
24413	1	0	0	0	1	0	0	0	0	0	0	0	2
24414	1	0	0	0	0	0	0	0	0	0	0	0	1
24415	1	0	1	0	0	0	0	0	0	0	0	0	2
24416	1	0	0	0	0	0	0	0	0	0	0	0	1
24417	1	0	0	0	1	0	0	0	0	0	0	0	2
24419	2	0	0	0	0	0	0	0	0	1	0	0	3
24420	2	0	1	0	1	0	0	0	0	0	0	0	4
24421	0	0	1	0	0	0	0	0	0	0	0	0	1
24422	1	0	1	0	0	0	0	0	0	0	0	0	2
24423	0	0	0	1	0	0	0	0	0	0	0	0	1
24424	1	0	0	0	0	0	0	0	0	0	0	0	1
24425	0	0	0	0	3	0	0	0	0	0	0	0	3
24426	1	0	0	0	0	0	0	0	0	0	0	0	1
24427	2	0	0	0	1	0	0	0	0	0	0	0	3
24428	1	0	1	0	0	0	0	0	0	0	0	0	2
24429	1	0	0	0	2	0	0	0	0	0	0	0	3
24430	2	0	0	1	0	0	0	0	0	0	0	0	3
24431	1	0	0	0	0	0	0	1	0	0	0	0	2
24432	1	0	0	0	0	0	1	0	0	0	0	0	2
24433	1	0	1	0	0	0	1	0	0	0	0	0	3
24435	1	0	0	1	0	0	0	1	0	0	0	0	3
24436	1	0	0	0	0	0	0	0	0	0	0	0	1
24437	1	0	0	0	1	0	0	0	0	0	0	0	2
24438	0	0	0	1	0	0	0	0	0	0	0	0	1
24439	1	0	0	0	0	0	0	0	0	0	0	0	1
24441	2	0	0	0	1	0	0	0	0	0	0	0	3
24443	1	0	0	0	0	0	0	0	0	0	0	0	1
24444	2	0	0	0	1	0	0	0	0	0	0	0	3
24445	1	0	0	1	3	0	0	0	0	0	0	0	5
24446	2	0	0	0	1	0	0	1	0	0	0	0	4
24447	1	0	0	0	0	0	1	0	0	0	0	0	2
24448	0	1	1	0	1	0	0	0	0	0	0	0	3
24449	2	0	0	0	1	0	0	0	0	0	0	0	3
24450	1	0	0	0	1	0	0	0	0	0	0	0	2
24451	2	0	0	0	0	0	0	0	0	0	0	0	2
24452	3	0	0	0	0	0	0	1	0	0	0	0	4
24453	1	0	0	0	0	0	0	0	0	0	0	0	1
24454	2	0	0	0	1	0	0	0	0	0	0	0	3
24455	1	0	0	0	0	0	0	0	0	0	0	0	1
24456	0	0	0	0	0	2	0	0	0	0	0	0	2
24457	0	0	0	0	2	0	0	0	0	0	0	0	2
24458	0	0	1	0	0	1	0	0	0	0	0	0	2
24459	2	0	0	1	0	1	0	0	0	0	0	0	4
24460	0	0	0	0	0	0	0	1	0	0	0	0	1
24461	0	0	0	0	1	0	0	0	0	0	0	0	1
24462	2	0	0	1	0	0	0	0	0	0	0	0	3
24463	3	0	0	0	0	0	0	0	0	0	0	0	3
24464	0	0	0	0	1	0	0	0	0	0	0	0	1
24465	1	0	0	1	0	0	0	0	0	0	0	0	2
24466	3	0	0	0	1	0	0	0	0	0	0	0	4
24467	0	1	0	0	0	0	0	0	0	0	0	0	1
24468	1	0	0	1	0	0	0	0	0	0	0	0	2
24469	1	0	0	1	0	0	0	0	0	0	0	0	2
24470	0	0	1	0	0	0	0	0	0	0	0	0	1
24471	2	0	0	0	2	0	0	0	1	0	0	0	5
24472	1	0	0	0	0	0	0	0	0	0	0	0	1
24473	2	0	0	0	1	0	0	1	0	0	0	0	4
24474	2	0	0	0	0	0	0	1	0	0	0	0	3
24475	0	0	0	0	1	0	0	0	0	0	0	0	1
24476	0	0	0	1	0	0	0	1	0	0	0	0	2
24477	2	0	0	0	1	0	0	0	0	0	0	0	3
24478	2	0	0	0	0	0	0	0	0	0	0	0	2
24479	2	0	0	0	0	0	0	0	0	0	0	0	2
24480	3	0	0	1	0	0	0	1	0	0	0	0	5
24481	3	0	0	0	0	0	0	0	0	0	0	0	3
24482	3	0	0	0	0	0	0	0	0	0	0	0	3
24483	1	0	0	0	0	0	0	0	0	0	0	0	1
24484	1	0	0	0	0	0	0	0	1	0	0	0	2
24485	3	0	0	0	0	0	0	2	0	0	0	0	5
24486	1	0	0	0	1	0	0	0	0	0	0	0	2
24487	0	0	0	0	2	0	0	0	0	0	0	0	2
24488	0	0	0	0	0	0	1	0	0	0	0	0	1
24489	2	0	0	0	0	0	0	0	0	0	0	0	2
24490	3	0	0	0	0	0	0	2	0	0	0	0	5
24492	1	0	1	0	0	0	0	1	0	0	0	0	3
24493	3	0	0	0	0	0	0	0	0	0	0	0	3
24494	1	0	0	0	0	0	0	0	0	0	0	0	1
24495	2	0	0	0	0	0	0	1	0	0	0	0	3
24496	1	0	0	0	0	0	0	0	0	0	0	0	1
24497	0	0	0	1	0	0	0	0	0	0	0	0	1
24498	1	0	0	0	1	0	0	0	0	0	0	0	2
24500	3	0	0	0	0	0	0	1	1	0	0	0	5
24501	3	0	0	0	0	0	0	1	0	0	0	0	4
24502	0	0	0	1	1	0	0	0	0	0	0	0	2
24503	1	0	0	0	0	0	0	0	0	0	0	0	1
24504	2	0	0	0	1	0	0	0	0	0	0	0	3
24505	2	0	0	1	1	0	0	1	0	0	0	0	5
24506	1	0	0	0	0	0	0	0	0	1	0	0	2
24507	1	0	0	1	2	0	0	1	0	0	0	0	5
24508	2	0	0	0	0	0	0	0	0	0	0	0	2
24509	2	0	0	0	2	0	0	0	0	0	0	0	4
24510	1	0	0	0	0	0	1	1	0	0	0	0	3
24511	2	0	0	0	3	0	0	0	0	0	0	0	5
24512	1	0	0	0	0	0	0	0	0	0	0	0	1
24513	1	0	0	1	0	0	1	0	0	0	0	0	3
24514	1	0	1	0	1	0	0	0	0	0	0	0	3
24515	1	0	0	0	1	0	0	0	0	0	0	0	2
24516	1	0	1	0	0	0	0	0	0	0	0	0	2
24517	1	0	0	0	1	0	0	0	0	0	0	0	2
24518	2	0	0	1	0	0	0	0	0	0	0	0	3
24519	3	0	0	0	0	0	0	0	0	0	0	0	3
24521	1	0	0	0	1	0	0	1	0	0	0	0	3
24522	0	0	1	0	1	0	0	0	0	1	0	0	3
24523	1	0	0	1	0	0	0	1	0	0	0	0	3
24524	1	0	0	0	0	0	0	1	0	0	0	0	2
24525	0	0	0	0	2	0	0	0	0	0	0	0	2
24526	4	0	0	0	1	0	0	0	0	0	0	0	5
24527	2	0	0	0	0	0	0	1	0	0	0	0	3
24528	3	0	0	0	0	0	0	0	0	0	0	0	3
24529	2	0	0	0	1	0	0	1	1	0	0	0	5
24530	1	0	0	0	0	0	0	0	0	0	0	0	1
24531	2	0	0	0	1	0	0	0	0	0	0	0	3
24532	0	0	0	0	1	0	1	0	0	0	0	0	2
24533	0	0	0	0	1	0	0	0	0	0	0	0	1
24534	1	0	0	0	1	0	0	1	1	0	0	0	4
24535	4	0	0	0	1	0	0	0	0	0	0	0	5
24536	1	0	0	1	0	0	0	1	0	0	0	0	3
24537	1	0	0	0	0	0	0	0	0	0	0	0	1
24538	0	0	2	0	0	0	0	0	0	0	0	0	2
24539	2	0	1	0	0	0	0	0	0	0	0	0	3
24540	1	0	0	0	0	0	0	0	0	0	0	0	1
24541	3	0	0	0	0	0	0	0	0	0	0	0	3
24543	5	0	0	0	1	0	0	0	0	0	0	0	6
24544	3	0	0	0	1	0	0	0	0	0	0	0	4
24546	2	0	0	0	0	0	0	1	0	0	0	0	3
24547	3	0	0	0	1	0	0	2	0	0	0	0	6
24548	2	0	0	0	0	0	0	0	0	0	0	0	2
24550	1	0	0	0	0	0	0	0	0	0	0	0	1
24551	2	0	0	0	0	0	0	0	0	0	0	0	2
24552	0	0	1	0	0	0	0	0	0	0	0	0	1
24553	5	0	0	0	1	0	1	0	0	0	0	0	7
24554	2	0	0	0	1	0	0	0	0	0	0	0	3
24555	4	0	0	0	1	0	0	1	0	0	0	0	6
24556	1	0	0	0	0	0	0	0	0	0	0	0	1
24557	1	0	0	0	1	0	0	1	0	0	0	0	3
24559	0	0	0	0	1	0	0	0	0	0	0	0	1
24561	0	0	1	0	2	0	0	0	0	0	0	0	3
24562	1	0	0	0	0	0	0	0	0	0	0	0	1
24563	1	0	0	0	0	0	0	0	0	0	0	0	1
24564	2	0	0	0	0	0	0	0	0	0	0	0	2
24565	1	0	0	0	0	0	0	0	0	0	0	0	1
24567	1	0	0	0	0	0	0	0	0	0	0	0	1
24568	3	0	0	0	0	0	0	0	0	0	0	0	3
24569	0	0	0	0	1	0	0	0	0	0	0	0	1
24570	1	0	0	0	1	0	0	0	0	0	0	0	2
24571	1	1	1	0	0	0	0	0	0	0	0	0	3
24572	1	0	0	1	0	0	0	0	0	0	0	0	2
24573	1	0	0	0	0	0	0	0	0	0	0	0	1
24574	1	0	0	0	0	0	0	0	0	0	0	0	1
24575	0	1	0	1	0	0	0	0	0	0	0	0	2
24576	1	0	0	1	0	0	0	0	0	0	0	0	2
24577	0	0	0	2	0	0	0	0	0	0	0	0	2
24578	1	0	0	0	0	0	0	0	0	0	0	0	1
24579	0	0	0	0	1	0	0	0	0	0	0	0	1
24580	2	0	1	0	0	0	0	0	0	0	0	0	3
24581	0	0	0	0	2	0	0	0	0	0	0	0	2
24582	0	1	0	1	0	0	0	0	0	0	0	0	2
24583	1	0	0	1	0	0	0	0	0	0	0	0	2
24584	1	0	0	0	0	0	0	0	0	0	0	0	1
24585	2	0	0	0	0	0	0	0	0	0	0	0	2
24587	0	0	2	0	0	0	0	0	0	0	0	0	2
24588	1	0	0	0	1	0	0	0	0	0	0	0	2
24589	2	0	0	0	0	0	0	0	0	0	0	0	2
24590	1	0	0	1	0	0	0	0	0	0	0	0	2
24591	2	0	0	0	0	0	0	0	0	0	0	0	2
24592	0	3	0	0	0	0	0	0	0	0	0	0	3
24593	0	0	0	0	1	0	0	0	0	0	0	0	1
24594	3	0	0	0	0	0	0	0	0	0	0	0	3
24595	1	0	0	0	2	0	0	0	0	0	0	0	3
24596	1	0	0	0	1	0	0	0	0	0	0	0	2
24597	0	0	1	0	0	0	0	0	0	0	0	0	1
24598	2	0	0	0	1	0	0	0	0	0	0	0	3
24599	0	0	0	0	2	0	0	0	0	0	0	0	2
24600	2	0	0	0	1	0	0	1	0	0	0	0	4
24601	2	0	0	0	0	0	0	0	0	0	0	0	2
24602	3	0	0	0	0	0	1	0	0	0	0	0	4
24603	4	0	0	0	0	0	0	0	0	0	0	0	4
24604	1	0	0	0	0	0	0	0	0	0	0	0	1
24605	1	0	1	0	1	0	0	0	0	0	0	0	3
24606	2	0	0	0	0	0	0	0	0	0	0	0	2
24607	1	0	0	0	1	0	0	0	1	0	0	0	3
24609	0	0	1	0	0	0	0	0	0	0	0	0	1
24610	3	0	0	1	0	0	0	0	0	0	0	0	4
24611	0	0	0	0	2	0	0	0	0	0	0	0	2
24612	1	0	0	0	2	0	0	0	0	0	0	0	3
24613	0	0	0	0	1	0	0	0	0	0	0	0	1
24614	0	0	1	0	1	0	0	0	0	0	0	0	2
24615	2	0	0	0	0	0	1	0	1	0	0	0	4
24616	0	0	2	0	0	0	0	0	0	0	0	0	2
24617	1	0	0	0	0	0	0	0	0	0	0	0	1
24618	1	0	0	0	0	0	0	0	0	0	0	0	1
24619	0	0	0	0	0	1	0	0	0	0	0	0	1
24620	1	0	0	0	0	0	0	0	0	0	0	0	1
24621	0	0	0	0	2	0	0	0	0	0	0	0	2
24622	0	0	0	0	1	0	0	0	0	0	0	0	1
24623	1	0	0	0	0	0	0	0	0	0	0	0	1
24624	1	0	0	0	1	0	1	1	0	0	0	0	4
24625	2	0	0	1	0	0	0	0	0	0	0	0	3
24627	1	0	0	0	1	1	0	0	0	0	0	0	3
24628	0	0	0	0	1	0	0	0	0	0	0	0	1
24629	2	0	0	0	4	0	0	1	0	0	0	0	7
24630	2	0	0	0	0	0	0	1	0	0	0	0	3
24631	3	0	0	0	0	0	0	0	0	0	0	0	3
24632	2	0	0	0	0	0	0	1	0	0	0	0	3
24633	3	0	0	0	0	0	0	0	0	0	0	0	3
24634	2	0	0	0	0	0	0	1	0	0	0	0	3
24635	1	0	0	0	0	0	0	0	0	0	0	0	1
24636	0	0	0	0	0	0	1	1	0	0	0	0	2
24637	2	0	0	0	0	0	0	0	0	0	0	0	2
24638	2	0	0	0	1	0	0	1	0	0	0	0	4
24639	1	0	0	0	1	0	0	0	0	0	0	0	2
24640	2	0	0	0	0	0	0	0	0	0	0	0	2
24641	0	2	0	0	2	0	0	0	0	0	0	0	4
24642	0	0	0	0	1	0	1	0	0	0	0	0	2
24643	2	0	1	0	0	0	1	0	0	0	0	0	4
24644	1	0	1	0	0	0	0	0	0	0	0	0	2
24645	1	0	0	0	0	0	0	0	0	0	0	0	1
24646	1	0	0	0	0	0	0	0	0	0	0	0	1
24647	2	0	0	0	0	0	0	0	0	0	0	0	2
24648	1	0	0	1	0	0	0	0	0	0	0	0	2
24649	2	0	0	0	1	0	1	0	0	0	0	0	4
24650	1	0	0	0	4	0	0	0	0	0	0	0	5
24651	2	0	0	0	0	0	0	0	0	0	0	0	2
24653	2	0	0	0	0	0	0	0	0	0	0	0	2
24654	0	0	1	1	0	0	0	1	0	0	0	0	3
24655	4	0	0	0	0	0	0	1	0	0	0	0	5
24657	2	0	0	0	0	0	0	0	0	0	0	0	2
24658	0	0	1	0	0	0	0	0	0	0	0	0	1
24659	2	0	0	0	0	0	0	0	0	0	0	0	2
24660	1	0	0	0	1	0	0	0	0	0	0	0	2
24661	2	0	0	0	0	0	0	0	0	0	0	0	2
24662	1	0	0	0	1	0	0	0	0	0	0	0	2
24663	3	0	0	0	0	0	0	0	0	0	0	0	3
24664	1	0	0	0	1	0	0	0	0	0	0	0	2
24665	1	0	0	1	0	0	0	0	0	0	0	0	2
24666	4	0	0	0	0	0	0	0	0	0	0	0	4
24667	2	0	0	0	0	0	0	0	0	0	0	0	2
24668	1	0	0	0	1	0	0	0	0	0	0	0	2
24669	1	0	0	0	1	0	0	0	0	0	0	0	2
24670	2	0	0	0	0	0	0	1	0	0	0	0	3
24672	1	0	0	0	1	0	1	0	0	0	0	0	3
24673	3	0	0	1	0	0	0	0	0	0	0	0	4
24674	1	0	0	0	0	0	0	1	0	0	0	0	2
24676	1	0	0	0	1	2	0	0	0	0	0	0	4
24677	2	0	0	0	1	0	1	1	0	0	0	0	5
24678	2	0	0	0	2	0	0	0	1	0	0	0	5
24679	2	0	0	0	0	0	0	0	0	0	0	0	2
24680	2	1	0	1	2	0	0	0	0	0	0	0	6
24681	0	0	0	0	1	0	0	0	0	0	0	0	1
24682	1	0	0	0	1	0	0	0	0	0	0	0	2
24684	1	0	0	0	1	0	0	0	0	0	0	0	2
24685	1	0	0	0	0	0	0	0	0	0	0	0	1
24687	1	0	0	0	0	0	0	0	0	0	0	0	1
24688	1	0	0	0	0	0	0	0	0	0	0	0	1
24689	0	0	0	0	0	0	1	0	0	1	0	0	2
24690	0	0	0	1	1	0	0	0	0	0	0	0	2
24691	2	0	0	0	1	0	0	0	0	0	0	0	3
24692	0	0	0	0	2	0	0	0	0	0	0	0	2
24693	1	0	0	1	0	0	0	0	0	0	0	0	2
24694	1	0	0	0	1	0	0	0	0	0	0	0	2
24695	1	0	0	0	1	0	0	1	0	0	0	0	3
24696	3	0	0	0	0	0	1	0	0	0	0	0	4
24697	0	0	0	0	2	1	0	0	0	0	0	0	3
24698	1	0	0	0	1	0	0	0	0	0	0	0	2
24699	1	0	0	0	0	0	0	0	0	0	0	0	1
24700	1	0	0	1	0	0	0	1	0	0	0	0	3
24701	1	0	0	1	1	0	0	0	0	0	0	0	3
24702	3	0	0	0	0	0	0	0	0	0	0	0	3
24703	1	0	0	0	1	0	0	0	0	0	0	0	2
24704	1	0	0	0	0	0	0	0	0	1	0	0	2
24705	2	0	0	0	0	0	0	0	0	0	0	0	2
24706	2	0	0	0	0	0	0	0	0	0	0	0	2
24707	1	0	0	0	0	0	0	0	0	0	0	0	1
24710	0	0	0	0	1	0	0	0	0	0	0	0	1
24711	3	0	0	0	0	0	2	0	0	0	0	0	5
24712	2	0	0	0	0	1	0	0	0	0	0	0	3
24713	1	0	0	0	0	0	0	0	0	0	0	0	1
24714	1	0	1	0	0	0	0	0	0	0	0	0	2
24715	3	0	1	0	0	0	0	0	0	0	0	0	4
24717	3	0	0	0	0	0	0	0	0	0	0	0	3
24718	1	0	0	2	0	0	0	0	0	0	0	0	3
24719	0	0	1	0	0	0	0	0	0	0	0	0	1
24720	1	0	0	0	0	0	0	1	0	0	0	0	2
24721	3	0	0	0	0	0	0	1	0	0	0	0	4
24722	1	0	0	0	0	0	0	0	0	0	0	0	1
24723	2	0	0	0	0	0	0	0	0	0	0	0	2
24725	1	0	0	0	0	0	0	0	0	0	0	0	1
24726	0	0	0	1	1	0	0	0	0	0	0	0	2
24728	2	0	0	0	0	0	0	0	0	0	0	0	2
24729	1	0	1	1	1	0	0	0	1	0	0	0	5
24730	0	0	1	0	0	0	0	0	0	0	0	0	1
24731	0	1	0	0	0	0	0	0	0	0	0	0	1
24732	2	0	0	0	1	0	0	1	0	0	0	0	4
24733	2	0	0	0	0	0	0	1	0	0	0	0	3
24734	0	0	1	1	0	0	0	0	0	0	0	0	2
24735	1	0	0	0	1	0	0	0	0	0	0	0	2
24737	2	0	0	0	0	0	0	0	0	0	0	0	2
24738	1	0	0	0	0	0	1	0	0	0	0	0	2
24739	1	0	0	0	1	0	0	0	0	0	0	0	2
24740	4	0	0	0	0	0	0	0	0	0	0	0	4
24741	1	0	0	0	0	0	0	2	0	0	0	0	3
24742	1	0	0	0	1	0	0	0	0	0	0	0	2
24743	2	0	0	0	0	0	1	0	0	0	0	0	3
24744	2	0	0	0	0	0	0	0	1	0	0	0	3
24745	2	0	0	1	0	0	0	0	0	0	0	0	3
24746	1	0	0	0	0	1	0	0	0	0	0	0	2
24747	1	0	0	0	0	0	0	0	0	0	0	0	1
24749	1	0	0	0	0	0	0	0	0	0	0	0	1
24750	2	0	0	0	1	0	0	0	0	0	0	0	3
24751	1	1	0	0	0	0	0	1	0	0	0	0	3
24752	0	0	1	0	0	0	0	0	0	0	0	0	1
24753	4	0	0	0	0	0	0	0	0	0	0	0	4
24754	2	0	0	0	2	1	0	0	0	0	0	0	5
24755	3	0	0	0	0	0	0	0	0	0	0	0	3
24756	0	0	0	1	0	0	0	0	0	0	0	0	1
24757	1	0	0	0	0	0	0	0	0	0	0	0	1
24758	3	0	0	0	0	0	0	0	0	0	0	0	3
24759	2	0	0	0	1	0	0	0	0	0	0	0	3
24760	1	0	0	0	0	0	0	0	0	0	0	0	1
24761	3	0	1	1	0	0	0	0	0	0	0	0	5
24762	0	0	2	0	0	0	0	0	0	0	0	0	2
24764	3	0	0	0	0	0	0	0	0	0	0	0	3
24765	1	0	0	0	2	0	0	0	0	0	0	0	3
24766	1	0	0	0	2	0	0	0	0	0	0	0	3
24767	2	0	0	0	2	0	0	0	0	0	0	0	4
24769	1	0	0	0	1	0	0	0	0	0	0	0	2
24770	2	0	0	0	0	0	0	0	0	0	0	0	2
24771	2	0	0	0	0	0	0	0	0	0	0	0	2
24772	2	0	0	1	1	0	1	0	0	0	0	0	5
24773	0	0	0	0	1	1	0	0	0	0	0	0	2
24774	0	0	0	0	0	0	0	1	0	0	0	0	1
24775	2	0	0	0	1	0	0	0	0	0	0	0	3
24776	3	1	0	1	0	0	0	0	2	1	0	0	8
24777	2	0	0	0	0	0	0	0	0	0	0	0	2
24778	2	0	0	0	0	0	0	0	0	0	0	0	2
24779	0	0	0	0	1	0	0	0	0	0	0	0	1
24780	1	0	0	0	0	0	0	0	0	0	0	0	1
24781	1	0	0	0	0	0	0	0	0	0	0	0	1
24782	3	0	0	0	2	0	0	0	0	0	0	0	5
24783	0	0	0	0	0	1	0	0	0	0	0	0	1
24784	2	0	0	1	0	0	0	0	0	0	0	0	3
24785	1	0	0	0	2	0	0	0	0	0	0	0	3
24786	2	0	0	0	0	0	0	0	0	0	0	0	2
24787	3	0	0	0	0	1	0	0	0	0	0	0	4
24788	1	0	0	0	0	0	0	0	0	0	0	0	1
24789	1	0	0	0	0	0	0	0	0	0	0	0	1
24790	0	0	0	0	1	0	0	0	0	0	0	0	1
24791	3	1	0	0	0	0	0	0	0	0	0	0	4
24793	2	0	0	1	1	0	0	0	0	0	0	0	4
24794	2	0	0	0	1	0	0	0	0	0	0	0	3
24795	1	0	0	0	1	1	0	0	0	0	0	0	3
24796	0	0	0	0	0	0	0	1	0	0	0	0	1
24797	1	0	0	1	0	0	0	0	0	0	0	0	2
24798	2	0	0	0	1	0	1	0	0	0	0	0	4
24799	2	0	0	0	0	0	0	1	0	0	0	0	3
24800	2	0	0	0	1	0	1	0	0	0	0	0	4
24801	1	0	0	1	1	0	0	0	0	0	0	0	3
24802	0	0	0	0	2	0	0	0	0	0	0	0	2
24803	1	0	0	0	0	0	0	1	0	0	0	0	2
24804	0	0	0	1	0	0	0	0	0	0	0	0	1
24805	1	0	0	1	0	0	0	0	0	0	0	0	2
24806	1	0	0	0	0	0	0	0	0	0	0	0	1
24807	2	0	0	0	0	0	0	0	0	0	0	0	2
24808	0	1	0	1	0	0	0	0	0	0	0	0	2
24809	1	0	0	1	0	0	0	0	0	0	0	0	2
24810	3	0	0	0	0	0	0	1	0	0	0	0	4
24811	2	0	0	0	0	0	0	0	0	0	0	0	2
24812	3	0	0	2	1	0	0	0	0	0	0	0	6
24815	1	0	0	1	1	0	0	0	0	0	0	0	3
24816	3	0	0	0	0	0	0	0	0	0	0	0	3
24817	2	0	0	0	3	0	0	0	0	0	0	0	5
24818	0	0	0	0	2	0	0	0	0	0	0	0	2
24820	3	0	0	2	0	0	0	0	0	0	0	0	5
24821	1	0	0	0	0	0	0	0	0	0	0	0	1
24822	1	0	0	0	1	0	0	0	0	0	0	0	2
24823	0	0	0	0	1	0	0	0	0	0	0	0	1
24824	2	0	0	0	0	0	0	0	0	0	0	0	2
24825	1	0	0	1	0	0	0	0	0	0	0	0	2
24826	3	0	0	0	0	0	0	0	0	0	0	0	3
24829	2	0	0	1	0	0	0	0	0	0	0	0	3
24830	1	0	0	0	1	0	0	0	0	0	0	0	2
24831	1	0	0	0	0	0	0	0	0	0	0	0	1
24832	2	0	0	0	0	0	0	0	0	0	0	0	2
24833	1	0	1	0	0	0	1	0	0	0	0	0	3
24834	0	0	1	0	0	0	0	0	0	0	0	0	1
24835	2	0	0	0	0	0	0	1	0	0	0	0	3
24836	1	0	1	0	1	0	0	0	0	0	0	0	3
24837	2	0	0	0	0	0	0	0	0	0	0	0	2
24838	2	0	0	0	0	0	0	0	0	0	0	0	2
24839	1	0	0	0	0	0	0	0	0	0	0	0	1
24840	1	0	0	0	0	0	1	2	0	0	0	0	4
24841	2	0	0	0	1	0	0	0	0	0	0	0	3
24842	0	0	0	1	0	0	1	0	0	1	0	0	3
24843	1	0	0	0	0	0	0	0	0	0	0	0	1
24844	0	0	1	0	1	0	0	0	0	0	0	0	2
24845	0	1	0	1	0	0	0	1	0	0	0	0	3
24846	0	0	0	1	0	0	0	0	0	0	0	0	1
24847	3	0	0	0	2	0	0	0	0	0	0	0	5
24848	1	0	0	0	0	0	0	0	0	0	0	0	1
24849	1	0	0	0	0	0	0	0	0	0	0	0	1
24850	0	0	0	0	2	0	0	0	1	0	0	0	3
24851	2	0	0	0	1	0	0	0	0	0	0	0	3
24852	2	0	0	0	0	0	0	1	0	0	0	0	3
24853	1	0	0	0	0	0	0	0	0	0	0	0	1
24854	0	1	0	1	0	0	0	1	0	0	0	0	3
24855	0	0	0	0	1	0	0	0	0	0	0	0	1
24856	2	0	0	0	0	0	0	0	0	0	0	0	2
24857	3	0	0	1	0	0	0	0	0	0	0	0	4
24858	1	0	0	0	0	0	0	0	0	0	0	0	1
24859	0	0	0	1	0	0	0	0	0	0	0	0	1
24860	3	0	0	0	0	0	0	0	0	0	0	0	3
24861	1	0	0	0	0	0	1	0	0	0	0	0	2
24862	2	0	0	0	1	0	0	0	0	0	0	0	3
24863	1	1	0	0	1	0	0	0	0	0	0	0	3
24864	4	0	1	0	2	0	0	0	0	0	0	0	7
24865	1	0	0	0	3	0	0	0	0	0	0	0	4
24866	0	1	0	0	0	0	0	0	0	0	0	0	1
24867	2	1	0	0	1	0	0	1	0	0	0	0	5
24868	0	0	0	1	0	0	0	0	0	0	0	0	1
24870	1	0	0	0	0	0	0	0	0	0	0	0	1
24871	1	0	0	0	0	0	0	0	0	0	0	0	1
24872	2	0	0	0	1	0	0	1	0	0	0	0	4
24873	1	0	0	0	1	0	0	0	0	0	0	0	2
24874	1	0	0	0	0	0	0	1	0	0	0	0	2
24875	1	0	0	0	0	0	0	1	0	0	0	0	2
24876	2	0	0	0	1	0	1	0	0	0	0	0	4
24877	0	0	0	0	1	0	0	0	0	0	0	0	1
24878	2	0	0	0	2	0	1	0	0	0	0	0	5
24879	2	0	0	0	1	0	0	0	0	0	0	0	3
24880	0	1	0	0	1	0	0	0	0	0	0	0	2
24881	1	0	0	0	0	0	0	1	0	0	0	0	2
24882	1	0	0	0	0	0	0	0	0	0	0	0	1
24884	1	0	0	0	1	0	0	0	0	0	0	0	2
24885	2	0	0	0	0	0	0	0	0	0	0	0	2
24886	0	0	0	0	3	1	0	0	0	0	0	0	4
24887	1	0	0	0	1	0	0	0	0	0	0	0	2
24888	2	0	0	0	0	0	0	0	0	0	0	0	2
24889	0	1	0	0	0	0	0	0	0	0	0	0	1
24890	0	0	0	1	0	0	0	0	0	0	0	0	1
24891	2	0	0	2	2	0	0	0	0	0	0	0	6
24892	3	0	0	0	0	0	0	0	0	0	0	0	3
24893	1	1	0	1	0	0	0	0	0	0	0	0	3
24894	0	0	2	0	0	0	0	0	0	0	0	0	2
24895	1	0	0	0	1	0	0	0	0	0	0	0	2
24896	1	0	0	0	0	0	0	0	0	0	0	0	1
24897	2	0	1	0	0	0	0	0	0	0	0	0	3
24898	1	0	0	0	0	0	0	0	0	0	0	0	1
24899	1	0	0	0	0	0	0	0	0	0	0	0	1
24900	3	0	0	1	2	0	0	1	0	0	0	0	7
24901	2	0	1	0	0	0	0	0	0	0	0	0	3
24902	1	0	0	0	0	0	0	0	0	0	0	0	1
24903	2	0	0	0	2	0	0	0	0	0	0	0	4
24904	1	0	0	0	0	0	0	0	1	0	0	0	2
24905	2	0	0	0	0	0	0	0	0	0	0	0	2
24906	2	0	0	0	0	0	0	2	0	0	0	0	4
24907	1	0	0	1	1	0	0	0	0	0	0	0	3
24908	0	0	2	0	0	0	0	0	0	0	0	0	2
24909	2	0	0	0	0	0	1	0	0	0	0	0	3
24910	1	0	0	0	0	0	0	0	0	0	0	0	1
24911	3	0	0	0	0	0	0	0	0	0	0	0	3
24912	1	0	0	0	0	0	0	0	0	0	0	0	1
24913	1	0	0	0	0	0	0	0	0	0	0	0	1
24914	1	0	0	0	2	0	0	1	0	0	0	0	4
24915	1	0	0	0	0	0	0	0	0	0	0	0	1
24916	3	0	0	1	0	0	0	0	0	0	0	0	4
24918	2	0	0	0	0	0	0	0	0	0	0	0	2
24919	2	0	0	0	0	0	0	0	0	0	0	0	2
24920	1	0	0	0	0	0	0	1	0	0	0	0	2
24921	1	1	0	0	0	0	0	0	0	0	0	0	2
24922	3	0	0	0	0	0	0	0	0	0	0	0	3
24923	1	0	0	0	0	0	0	0	0	0	0	0	1
24925	3	0	0	0	1	0	0	0	0	0	0	0	4
24926	0	0	0	1	1	1	0	0	0	0	0	0	3
24927	2	0	0	0	2	0	0	0	0	0	0	0	4
24928	1	0	0	0	1	0	0	0	0	0	0	0	2
24929	3	0	0	0	0	0	0	0	0	0	0	0	3
24930	2	0	0	0	1	1	0	0	0	0	0	0	4
24931	1	0	0	1	1	0	0	0	0	0	0	0	3
24932	2	1	0	0	2	0	0	0	0	0	0	0	5
24934	2	0	0	0	2	0	0	0	1	0	0	0	5
24935	3	0	0	0	0	0	0	0	0	0	0	0	3
24936	2	0	0	0	1	0	0	1	0	0	0	0	4
24937	0	0	0	1	0	0	0	0	0	0	0	0	1
24938	1	0	0	0	0	0	0	0	0	0	0	0	1
24939	1	0	0	0	0	0	0	1	0	0	0	0	2
24940	2	0	0	0	0	0	1	0	0	0	0	0	3
24942	0	0	0	0	2	0	0	0	0	0	0	0	2
24943	2	0	0	0	0	0	0	0	0	0	0	0	2
24944	1	0	0	0	0	0	0	1	0	0	0	0	2
24945	1	0	0	0	0	0	0	1	0	0	0	0	2
24946	4	0	0	0	1	0	0	0	0	0	0	0	5
24947	0	0	1	0	0	0	0	0	0	0	0	0	1
24948	1	0	0	0	0	0	0	0	0	0	0	0	1
24949	1	0	0	0	0	0	0	0	0	0	0	0	1
24951	1	0	0	0	0	0	0	0	0	0	0	0	1
24952	2	0	0	0	1	0	0	0	0	0	0	0	3
24953	2	0	0	0	0	0	0	0	0	0	0	0	2
24955	3	0	0	0	0	0	0	0	0	0	0	0	3
24957	1	0	0	1	0	0	0	1	0	0	0	0	3
24958	2	0	0	0	0	0	0	0	1	0	0	0	3
24959	0	0	0	0	1	0	0	0	0	0	0	0	1
24961	2	0	0	0	0	0	0	0	0	0	0	0	2
24962	3	0	0	0	0	0	0	0	1	0	0	0	4
24963	1	0	0	0	1	0	0	0	0	0	0	0	2
24966	2	0	0	0	0	0	0	0	0	0	0	0	2
24967	2	0	0	0	0	0	0	0	0	0	0	0	2
24968	1	0	0	0	0	0	0	0	0	0	0	0	1
24969	1	0	0	0	0	0	0	0	0	0	0	0	1
24970	3	0	0	0	1	0	1	0	0	0	0	0	5
24971	3	0	0	0	0	0	0	1	0	0	0	0	4
24972	1	0	0	0	1	0	0	0	0	0	0	0	2
24973	1	0	0	0	0	0	0	0	0	0	0	0	1
24974	1	0	0	0	0	0	0	0	0	0	0	0	1
24975	3	0	0	0	2	0	0	0	0	0	0	0	5
24976	0	0	0	0	2	0	0	1	0	0	0	0	3
24977	2	0	0	0	0	0	0	0	0	0	0	0	2
24978	1	0	0	0	0	0	0	0	0	0	0	0	1
24979	2	0	0	0	0	0	0	0	0	0	0	0	2
24980	2	0	0	0	2	0	0	0	0	0	0	0	4
24981	1	0	0	1	0	0	0	0	0	0	0	0	2
24982	1	0	0	1	0	0	0	0	0	0	0	0	2
24983	1	0	0	0	0	0	0	0	0	0	0	0	1
24985	0	0	1	0	0	0	0	0	0	0	0	0	1
24986	0	0	0	0	0	0	0	1	0	0	0	0	1
24987	2	0	0	0	0	0	0	0	0	0	0	0	2
24988	1	0	0	0	0	0	0	0	0	0	0	0	1
24989	2	0	0	0	0	0	0	0	0	0	0	0	2
24990	1	0	0	1	0	0	0	0	0	0	0	0	2
24991	3	0	0	0	0	0	0	0	0	0	0	0	3
24993	1	0	0	0	0	0	1	0	0	0	0	0	2
24994	1	0	0	0	0	0	0	1	0	0	0	0	2
24995	1	0	0	0	0	0	0	0	0	0	0	0	1
24996	2	0	0	0	0	0	0	0	0	0	0	0	2
24997	1	0	0	0	1	0	0	0	0	0	0	0	2
24998	1	0	0	0	0	0	1	0	0	0	0	0	2
24999	1	0	0	0	1	0	0	0	0	0	0	0	2
25000	1	0	0	0	0	0	0	0	0	0	0	0	1
25001	3	0	0	0	0	0	0	0	0	0	0	0	3
25002	2	0	0	0	1	0	0	1	0	0	0	0	4
25003	2	0	0	0	1	0	0	0	0	0	0	0	3
25005	2	0	0	0	0	0	0	0	0	0	0	0	2
25006	2	0	0	0	0	0	0	0	0	0	0	0	2
25007	2	0	0	0	1	0	0	0	0	0	0	0	3
25008	2	0	0	0	1	0	0	0	0	0	0	0	3
25009	3	0	0	0	0	0	1	1	0	0	0	0	5
25011	2	0	0	0	0	0	0	1	0	0	0	0	3
25012	2	1	0	0	0	0	0	0	0	0	0	0	3
25013	0	0	0	1	2	0	0	1	1	0	0	0	5
25014	2	0	0	0	0	0	0	0	0	0	0	0	2
25015	0	1	0	1	0	0	0	0	0	0	0	0	2
25016	1	0	0	0	1	0	0	0	0	0	0	0	2
25018	0	0	0	0	1	2	0	0	0	0	0	0	3
25019	0	0	1	0	0	0	0	0	0	0	0	0	1
25020	2	0	0	0	0	0	0	0	0	0	0	0	2
25021	2	0	0	0	0	0	0	0	0	0	0	0	2
25022	2	0	0	0	1	0	0	0	0	0	0	0	3
25024	1	0	0	0	0	0	0	0	0	0	0	0	1
25025	3	0	0	0	0	0	0	1	0	0	0	0	4
25027	3	0	0	0	0	0	0	0	0	0	0	0	3
25028	1	0	0	0	0	0	0	0	0	0	0	0	1
25029	2	0	0	0	0	0	0	0	0	0	0	0	2
25030	1	0	0	0	1	1	0	1	0	0	0	0	4
25032	1	1	0	0	1	0	0	0	0	0	0	0	3
25034	2	0	0	0	1	0	0	0	0	0	0	0	3
25035	3	0	0	0	0	0	0	1	0	0	0	0	4
25037	1	0	0	0	0	1	0	0	0	0	0	0	2
25038	1	0	0	0	0	1	0	0	0	0	0	0	2
25039	1	0	0	0	0	0	0	0	0	0	0	0	1
25040	1	0	0	0	2	0	0	0	0	0	0	0	3
25042	2	0	0	0	0	0	0	2	0	0	0	0	4
25043	0	0	0	0	2	0	0	0	0	0	0	0	2
25044	1	0	1	0	0	0	0	0	0	0	0	0	2
25045	2	0	0	0	1	0	0	2	0	0	0	0	5
25046	0	0	1	0	0	0	0	0	0	0	0	0	1
25048	1	0	0	0	3	0	0	0	0	0	0	0	4
25049	1	0	0	0	0	0	0	0	0	0	0	0	1
25050	2	0	0	0	0	0	0	0	0	0	0	0	2
25051	0	0	1	0	0	0	0	0	0	0	0	0	1
25053	2	0	0	0	0	0	0	0	0	0	0	0	2
25054	5	0	0	0	0	0	0	0	0	0	0	0	5
25055	2	1	0	0	0	0	1	0	0	0	0	0	4
25056	0	0	0	1	1	0	0	0	0	0	0	0	2
25057	1	0	0	0	1	0	0	1	0	0	0	0	3
25058	1	0	1	0	0	0	0	1	0	0	0	0	3
25059	1	0	0	0	0	0	0	1	0	0	0	0	2
25060	3	0	0	0	0	0	0	0	0	0	0	0	3
25061	1	1	0	0	0	0	0	0	0	0	0	0	2
25063	1	1	0	0	2	0	0	1	0	0	0	0	5
25064	1	0	1	0	2	0	0	0	0	0	0	0	4
25065	2	0	0	0	0	0	0	0	0	0	0	0	2
25066	0	0	0	0	2	0	0	0	0	0	0	0	2
25067	0	0	0	0	1	0	0	0	0	0	0	0	1
25068	2	0	0	0	0	0	0	0	0	0	0	0	2
25069	2	0	0	1	0	0	1	0	0	0	0	0	4
25070	2	0	0	0	0	0	0	1	0	0	0	0	3
25071	1	0	0	0	0	0	0	1	0	0	0	0	2
25072	2	0	0	0	0	0	0	0	0	0	0	0	2
25073	2	0	0	0	1	0	0	0	0	0	0	0	3
25074	1	0	0	0	3	0	0	0	0	0	0	0	4
25075	2	0	0	0	2	0	0	0	0	0	0	0	4
25077	3	0	0	0	0	0	0	0	0	0	0	0	3
25078	1	0	0	0	0	0	0	0	0	0	0	0	1
25079	2	0	0	0	0	0	0	1	0	0	0	0	3
25080	0	0	0	0	0	0	1	0	0	0	0	0	1
25081	2	0	0	0	1	0	0	0	0	0	0	0	3
25082	0	0	0	1	1	0	0	0	0	0	0	0	2
25083	1	0	0	1	0	0	0	0	0	0	0	0	2
25084	3	0	0	1	0	0	0	0	0	0	0	0	4
25085	0	0	1	0	0	0	0	0	0	0	0	0	1
25086	0	0	1	0	0	0	0	0	0	0	0	0	1
25087	1	0	0	0	0	0	0	0	0	0	0	0	1
25088	3	0	0	0	1	0	0	1	0	0	0	0	5
25089	3	0	0	0	0	0	0	1	0	0	0	0	4
25091	0	0	0	0	1	0	0	1	0	0	0	0	2
25092	1	0	0	0	2	1	1	0	1	0	0	0	6
25093	0	0	0	0	4	0	0	0	0	0	0	0	4
25094	2	0	0	0	0	0	0	0	0	0	0	0	2
25095	1	0	0	0	1	0	0	0	0	0	0	0	2
25096	2	0	0	0	0	0	0	0	0	0	0	0	2
25097	0	0	0	0	0	0	0	1	0	0	0	0	1
25098	1	0	0	0	2	1	0	0	0	0	0	0	4
25100	2	0	0	1	0	0	0	0	0	0	0	0	3
25101	0	1	0	0	1	0	0	0	0	0	0	0	2
25103	1	0	0	0	0	0	0	0	0	0	0	0	1
25104	2	0	0	0	0	0	0	0	0	0	0	0	2
25105	2	0	0	0	0	0	0	0	0	0	0	0	2
25106	1	0	1	0	0	0	0	0	0	0	0	0	2
25108	1	0	0	0	1	0	0	0	0	0	0	0	2
25109	3	0	0	0	1	0	0	0	0	0	0	0	4
25110	0	0	0	0	3	0	0	0	1	0	0	0	4
25111	2	0	0	1	1	0	0	1	0	0	0	0	5
25112	0	0	1	0	0	0	0	0	0	0	0	0	1
25113	3	0	0	0	0	0	0	1	0	0	0	0	4
25114	2	0	0	0	0	0	0	0	0	0	0	0	2
25115	0	0	0	1	1	0	0	0	0	0	0	0	2
25116	1	0	0	0	2	0	0	0	0	0	0	0	3
25117	1	0	0	0	0	0	0	0	0	0	0	0	1
25118	0	1	3	0	0	0	0	0	0	0	0	0	4
25119	2	0	0	0	0	0	0	0	0	0	0	0	2
25120	3	0	0	0	0	0	0	0	0	0	0	0	3
25121	2	0	0	0	1	0	0	0	0	0	0	0	3
25122	1	0	0	0	1	0	1	0	0	0	0	0	3
25123	1	0	0	0	1	0	0	0	0	0	0	0	2
25124	2	0	0	0	1	0	0	0	0	0	0	0	3
25125	0	1	0	0	0	0	0	0	0	0	0	0	1
25126	0	0	0	0	1	0	0	0	0	0	0	0	1
25127	1	0	0	0	0	0	0	0	0	0	0	0	1
25128	1	0	0	0	0	0	0	0	0	0	0	0	1
25129	2	0	0	0	3	0	0	1	0	0	0	0	6
25130	1	0	0	1	0	0	0	0	0	0	0	0	2
25131	0	0	0	0	1	0	0	1	0	0	0	0	2
25132	3	0	0	0	2	0	0	0	0	0	0	0	5
25133	3	0	0	0	1	0	0	0	0	0	0	0	4
25134	1	0	0	0	0	0	0	0	0	0	0	0	1
25135	1	0	0	1	0	0	0	0	0	0	0	0	2
25136	3	0	0	0	0	0	0	1	0	0	0	0	4
25137	1	0	0	1	0	0	0	0	0	0	0	0	2
25138	1	0	0	0	0	0	0	0	0	0	0	0	1
25139	2	0	0	0	0	0	0	0	0	0	0	0	2
25140	0	0	0	0	3	0	0	0	1	0	0	0	4
25141	1	0	0	1	1	0	0	0	0	0	0	0	3
25142	4	0	0	0	0	0	0	0	0	0	0	0	4
25143	0	0	0	0	2	0	0	0	0	0	0	0	2
25144	3	0	0	0	0	0	0	0	0	0	0	0	3
25145	0	0	0	0	1	0	0	1	0	0	0	0	2
25146	0	0	0	1	1	0	0	0	0	0	0	0	2
25147	2	1	0	0	0	0	0	0	0	0	0	0	3
25148	0	2	0	0	0	0	0	0	0	0	0	0	2
25149	1	0	0	1	2	0	1	0	0	0	0	0	5
25150	1	0	0	2	0	0	0	0	0	0	0	0	3
25151	1	0	0	0	0	0	0	0	0	0	0	0	1
25152	2	0	0	0	1	2	0	0	0	0	0	0	5
25153	2	0	0	0	1	0	0	0	0	0	0	0	3
25154	4	0	0	0	0	0	0	0	0	0	0	0	4
25155	1	0	0	0	0	0	0	0	0	0	0	0	1
25156	1	0	0	0	0	0	0	0	0	0	0	0	1
25158	0	0	0	0	1	0	0	0	0	0	0	0	1
25160	1	0	0	0	1	0	0	0	0	0	0	0	2
25161	2	0	0	0	1	0	0	0	0	0	0	0	3
25162	1	0	0	0	0	0	0	0	0	0	0	0	1
25163	0	1	0	0	2	0	0	0	0	0	0	0	3
25164	2	0	0	0	0	0	0	0	0	0	0	0	2
25165	0	0	0	1	0	0	0	0	0	0	0	0	1
25166	0	0	0	0	1	0	0	0	0	0	0	0	1
25167	2	0	0	0	0	0	0	0	0	0	0	0	2
25168	3	0	0	0	2	0	0	0	0	0	0	0	5
25169	2	0	0	0	0	0	0	0	0	0	0	0	2
25170	0	0	0	0	1	0	0	0	0	0	0	0	1
25171	3	0	0	0	0	0	0	1	0	0	0	0	4
25172	3	0	0	0	2	0	0	0	0	0	0	0	5
25173	3	0	0	0	0	0	1	0	0	0	0	0	4
25174	2	0	0	0	0	0	0	0	0	0	0	0	2
25175	1	0	0	1	0	0	0	0	0	0	0	0	2
25176	6	0	0	0	0	0	0	0	0	0	0	0	6
25177	1	0	0	0	0	0	0	0	0	0	0	0	1
25178	0	0	0	1	0	0	0	0	0	0	0	0	1
25179	0	0	0	0	2	0	0	0	0	0	0	0	2
25180	2	0	0	0	0	0	0	0	0	0	0	0	2
25182	1	0	0	0	2	0	0	0	0	0	0	0	3
25183	2	0	0	0	0	0	0	0	0	0	0	0	2
25184	5	0	0	0	0	0	0	0	0	0	0	0	5
25185	2	0	0	0	0	0	0	0	0	0	0	0	2
25186	0	0	0	1	2	0	0	1	0	0	0	0	4
25187	2	0	0	0	1	0	0	0	0	0	0	0	3
25188	3	0	0	0	0	0	0	0	0	0	0	0	3
25189	1	0	0	1	1	0	0	0	0	0	0	0	3
25190	3	0	0	1	0	0	0	0	0	0	0	0	4
25191	1	1	0	0	0	0	0	0	0	0	0	0	2
25192	1	0	0	0	3	0	0	0	0	0	0	0	4
25193	0	0	0	1	0	0	0	0	0	0	0	0	1
25194	3	0	0	0	0	0	0	0	0	0	0	0	3
25196	1	0	0	0	0	0	0	1	0	0	0	0	2
25197	3	0	0	0	1	0	0	0	1	0	0	0	5
25198	1	1	0	0	0	0	0	0	0	0	0	0	2
25199	1	0	0	0	3	0	0	0	0	0	0	0	4
25200	1	0	0	1	0	0	0	0	0	0	0	0	2
25201	1	0	1	0	0	0	0	0	0	0	0	0	2
25202	2	0	0	1	0	0	0	1	0	0	0	0	4
25204	2	0	0	0	1	0	0	0	0	0	0	0	3
25205	3	0	0	0	0	0	0	0	0	0	0	0	3
25206	1	0	0	0	0	0	1	0	0	0	0	0	2
25207	0	0	1	0	2	0	0	0	0	0	0	0	3
25208	2	0	0	0	0	0	0	1	0	0	0	0	3
25209	0	0	0	0	1	0	0	0	0	0	0	0	1
25210	1	0	0	1	1	0	0	0	0	0	0	0	3
25211	0	0	0	0	1	0	0	0	0	0	0	0	1
25212	1	0	0	0	0	0	0	0	0	0	0	0	1
25213	1	0	0	0	0	0	0	2	0	0	0	0	3
25214	3	0	0	0	0	0	0	1	0	0	0	0	4
25215	4	0	0	0	1	0	0	0	0	0	0	0	5
25216	0	0	0	0	2	0	1	0	0	0	0	0	3
25218	1	0	1	0	1	0	0	0	0	0	0	0	3
25219	1	0	0	0	2	0	0	0	0	0	0	0	3
25221	1	0	0	0	1	0	0	0	0	0	0	0	2
25222	1	0	0	0	0	0	0	0	0	0	0	0	1
25223	3	0	0	0	2	0	0	1	0	0	0	0	6
25224	0	0	1	0	0	0	0	0	0	0	0	0	1
25225	0	0	1	0	0	0	0	0	0	0	0	0	1
25226	0	0	1	0	2	0	0	0	0	0	0	0	3
25227	2	0	0	0	0	0	0	0	0	0	0	0	2
25228	3	0	0	0	0	0	0	0	0	0	0	0	3
25229	2	0	0	0	0	0	1	0	0	0	0	0	3
25230	0	0	1	0	0	0	0	0	0	0	0	0	1
25231	3	0	0	0	0	0	1	0	0	0	0	0	4
25232	4	0	0	0	0	0	0	0	0	0	0	0	4
25233	2	0	0	0	0	0	0	1	0	0	0	0	3
25234	1	0	0	1	2	0	0	0	0	0	0	0	4
25235	0	0	1	0	0	0	0	0	0	0	0	0	1
25236	0	0	0	0	0	1	0	0	0	0	0	0	1
25238	1	0	0	0	0	0	0	0	0	0	0	0	1
25240	1	0	0	0	0	0	0	0	0	0	0	0	1
25241	4	0	0	0	0	0	0	0	0	0	0	0	4
25242	1	0	0	1	1	0	0	0	0	0	0	0	3
25243	2	0	0	0	0	0	0	0	0	0	0	0	2
25244	0	0	1	0	0	0	0	0	0	0	0	0	1
25245	2	0	0	0	0	0	0	3	0	0	0	0	5
25246	1	0	0	0	0	0	0	0	0	0	0	0	1
25247	2	0	0	0	0	0	0	0	0	0	0	0	2
25248	2	0	0	0	0	0	0	0	0	0	0	0	2
25249	0	0	0	1	0	0	0	0	0	0	0	0	1
25250	2	0	0	0	0	1	0	1	0	0	0	0	4
25251	2	0	0	0	1	0	0	0	1	0	0	0	4
25252	2	0	0	0	0	0	0	0	0	0	0	0	2
25253	0	0	1	0	0	0	0	0	0	0	0	0	1
25254	0	0	0	1	1	0	0	0	0	0	0	0	2
25255	1	0	0	0	1	0	0	0	0	0	0	0	2
25257	2	0	0	0	0	0	0	0	0	0	0	0	2
25258	3	0	0	0	0	0	0	0	0	0	0	0	3
25259	1	0	0	0	0	0	0	0	0	0	0	0	1
25260	2	0	0	1	0	0	0	0	0	0	0	0	3
25261	2	1	0	0	0	0	0	0	0	0	0	0	3
25262	3	0	0	0	0	0	0	0	0	0	0	0	3
25263	1	0	0	0	2	0	0	0	0	0	0	0	3
25264	2	0	0	0	0	0	0	0	0	0	0	0	2
25265	1	0	0	0	0	0	0	0	0	0	0	0	1
25266	2	0	0	0	0	0	0	0	0	0	0	0	2
25267	3	0	0	0	0	0	0	0	0	0	0	0	3
25268	1	0	0	0	1	0	0	0	0	0	0	0	2
25269	2	0	0	0	0	0	0	0	0	0	0	0	2
25270	0	1	1	0	0	0	0	0	0	0	0	0	2
25271	1	0	1	0	0	0	0	0	0	0	0	0	2
25272	1	0	0	0	0	0	0	0	0	0	0	0	1
25273	1	0	0	0	1	0	0	0	0	0	0	0	2
25274	4	0	0	0	0	0	0	0	0	0	0	0	4
25275	0	0	0	0	3	0	0	1	0	0	0	0	4
25276	2	0	0	0	0	0	0	0	0	0	0	0	2
25277	2	0	0	0	0	0	0	0	0	0	0	0	2
25278	0	0	1	0	0	0	0	0	0	0	0	0	1
25279	1	0	0	0	2	0	0	0	0	0	0	0	3
25280	2	0	0	0	1	0	0	1	0	0	0	0	4
25282	1	0	0	1	0	0	0	0	0	0	0	0	2
25283	1	0	0	1	0	0	0	0	0	0	0	0	2
25285	1	0	0	0	1	0	1	0	0	0	0	0	3
25286	3	0	0	1	0	0	0	0	1	1	0	0	6
25287	3	0	0	0	0	0	0	0	0	0	0	0	3
25288	1	0	0	1	1	0	0	0	0	0	0	0	3
25289	1	0	0	0	0	0	0	0	0	0	0	0	1
25290	1	1	0	1	0	0	0	0	0	0	0	0	3
25291	1	0	0	0	0	0	0	0	0	0	0	0	1
25292	4	0	0	0	0	0	0	0	0	0	0	0	4
25293	1	0	0	0	1	1	0	0	0	0	0	0	3
25294	2	0	0	1	3	0	0	0	0	0	0	0	6
25295	0	0	2	0	0	0	0	0	0	0	0	0	2
25296	0	0	0	2	0	0	0	0	0	0	0	0	2
25297	1	0	0	0	1	0	0	0	0	0	0	0	2
25298	0	0	1	0	0	0	0	0	0	0	0	0	1
25299	1	0	0	0	0	0	0	0	1	0	0	0	2
25300	1	0	0	0	1	0	0	0	0	0	0	0	2
25301	2	0	0	0	0	0	0	1	0	0	0	0	3
25302	1	0	0	0	0	0	0	0	0	0	0	0	1
25303	1	0	0	0	0	0	0	1	0	0	0	0	2
25304	0	0	0	0	2	0	0	0	0	0	0	0	2
25305	1	0	0	0	2	0	0	0	0	0	0	0	3
25306	1	0	0	0	0	0	0	0	0	0	0	0	1
25307	3	0	0	0	1	0	0	0	0	0	0	0	4
25308	5	0	0	0	0	0	0	0	0	0	0	0	5
25309	0	0	0	1	2	0	0	0	0	0	0	0	3
25310	2	0	0	0	2	0	0	0	0	0	0	0	4
25311	0	0	1	1	1	0	0	0	0	0	0	0	3
25312	0	0	0	0	1	0	0	0	0	0	0	0	1
25313	4	0	0	0	0	0	0	1	1	0	0	0	6
25314	0	0	1	0	0	0	0	0	0	0	0	0	1
25315	2	0	0	0	1	0	0	0	0	0	0	0	3
25316	1	0	0	0	1	0	0	0	0	0	0	0	2
25317	0	0	0	0	1	1	0	0	0	0	0	0	2
25318	3	0	0	0	0	0	0	1	0	0	0	0	4
25320	3	0	1	0	0	0	0	1	0	0	0	0	5
25321	2	0	0	0	2	0	0	0	0	0	0	0	4
25322	0	0	0	0	1	1	0	0	0	0	0	0	2
25323	0	2	0	0	0	0	0	0	0	0	0	0	2
25324	2	0	0	0	2	0	0	0	0	0	0	0	4
25325	6	0	0	0	0	0	0	1	0	0	0	0	7
25326	3	0	0	0	0	0	0	1	0	0	0	0	4
25328	0	0	0	0	0	0	0	1	1	0	0	0	2
25330	1	0	0	2	1	0	0	0	0	0	0	0	4
25331	3	0	0	0	0	0	0	1	0	0	0	0	4
25332	4	0	0	0	1	0	0	1	0	0	0	0	6
25333	0	0	0	0	0	1	0	0	0	0	0	0	1
25334	3	0	0	0	0	0	1	1	0	0	0	0	5
25335	2	0	0	0	0	0	0	1	0	0	0	0	3
25336	1	0	0	0	0	0	0	0	0	0	0	0	1
25337	1	0	0	0	0	0	0	0	0	0	0	0	1
25338	2	0	0	0	0	0	0	0	0	0	0	0	2
25339	1	0	0	0	0	0	0	1	0	0	0	0	2
25340	2	0	0	0	0	0	0	0	0	0	0	0	2
25341	0	0	1	0	0	0	0	0	0	0	0	0	1
25342	2	0	0	0	1	0	0	0	0	0	0	0	3
25343	1	0	0	0	1	0	0	0	0	0	0	0	2
25344	1	0	0	0	0	0	0	0	0	0	0	0	1
25345	3	0	0	0	0	0	0	0	0	0	0	0	3
25346	0	0	0	0	0	0	0	1	0	0	0	0	1
25347	1	0	0	0	1	0	0	1	0	0	0	0	3
25348	2	0	0	0	0	0	0	0	0	0	0	0	2
25349	1	0	0	0	1	0	0	0	0	0	0	0	2
25350	1	0	0	0	1	0	0	0	0	0	0	0	2
25351	0	1	0	0	0	0	0	0	0	0	0	0	1
25352	2	0	0	0	0	0	0	1	0	0	0	0	3
25353	2	0	0	0	0	2	0	0	0	0	0	0	4
25354	4	0	0	0	1	0	0	0	0	0	0	0	5
25355	1	0	0	0	2	0	0	0	0	0	0	0	3
25356	1	0	0	1	0	0	0	0	0	0	0	0	2
25357	1	0	0	0	0	0	0	0	0	0	0	0	1
25358	2	0	0	0	0	0	0	0	0	0	0	0	2
25359	3	0	0	0	1	0	0	0	0	0	0	0	4
25360	1	0	0	0	0	1	0	1	0	0	0	0	3
25361	3	0	0	0	1	0	0	1	0	0	0	0	5
25362	1	0	0	0	1	0	0	1	0	0	0	0	3
25363	1	0	0	0	1	0	0	0	0	0	0	0	2
25364	1	0	0	0	0	1	0	0	0	0	0	0	2
25365	2	0	0	0	1	0	0	0	0	0	0	0	3
25366	1	0	0	0	2	0	0	0	0	0	0	0	3
25367	0	0	2	0	0	0	0	0	0	0	0	0	2
25368	1	0	0	0	2	0	0	0	0	0	0	0	3
25370	1	0	0	0	0	0	0	0	0	0	0	0	1
25371	2	0	0	1	0	0	0	0	0	0	0	0	3
25372	1	0	0	0	2	0	0	0	0	0	0	0	3
25373	2	0	0	0	0	0	0	1	0	0	0	0	3
25374	0	0	0	0	1	0	0	0	0	0	0	0	1
25376	3	0	0	0	0	0	0	0	0	0	0	0	3
25377	0	0	0	0	1	0	0	0	0	0	0	0	1
25378	1	0	0	0	1	0	0	0	0	0	0	0	2
25379	1	0	0	1	0	0	0	1	0	0	0	0	3
25380	3	0	0	0	0	0	0	0	0	0	0	0	3
25381	2	0	0	0	2	0	0	0	0	0	0	0	4
25383	2	0	0	0	0	0	1	0	2	0	0	0	5
25384	2	0	0	0	0	0	0	1	0	0	0	0	3
25385	3	0	0	0	0	0	0	0	0	0	0	0	3
25386	6	0	0	0	0	0	0	0	0	0	0	0	6
25387	3	0	0	1	1	0	0	0	0	0	0	0	5
25389	2	0	0	1	2	0	0	0	0	0	0	0	5
25390	2	0	0	0	1	0	0	1	0	0	0	0	4
25391	1	0	0	0	1	0	0	0	0	0	0	0	2
25392	2	0	0	0	0	0	0	0	0	0	0	0	2
25393	1	0	0	0	0	0	0	0	0	0	0	0	1
25394	0	0	0	0	2	0	0	0	0	0	0	0	2
25395	0	0	0	0	1	0	0	0	0	0	0	0	1
25396	3	0	0	0	0	0	0	0	0	0	0	0	3
25397	3	0	0	0	1	0	0	0	0	0	0	0	4
25398	2	0	0	0	0	0	0	0	0	0	0	0	2
25399	3	0	0	0	0	0	0	0	0	0	0	0	3
25400	3	0	0	0	0	0	0	1	0	0	0	0	4
25401	2	0	0	0	0	0	0	0	0	0	0	0	2
25402	2	0	0	0	0	0	0	0	0	0	0	0	2
25403	2	0	0	0	0	0	0	0	0	0	0	0	2
25404	1	0	0	0	0	0	0	0	0	0	0	0	1
25405	2	0	0	0	1	0	0	0	0	0	0	0	3
25406	2	0	0	0	0	0	0	0	0	1	0	0	3
25407	3	0	0	0	0	0	0	0	0	0	0	0	3
25408	1	0	0	0	0	0	0	0	0	0	0	0	1
25409	1	0	0	0	4	0	0	0	0	0	0	0	5
25410	1	0	0	0	0	0	0	0	0	0	0	0	1
25411	1	0	0	0	0	0	0	0	0	0	0	0	1
25412	2	0	0	0	0	0	0	0	0	0	0	0	2
25413	1	0	0	0	1	0	0	0	1	0	0	0	3
25414	1	0	0	0	1	1	0	0	0	0	0	0	3
25415	1	0	0	0	0	0	0	0	0	0	0	0	1
25416	0	0	0	0	3	0	0	0	0	0	0	0	3
25417	1	0	0	0	0	0	0	1	0	0	0	0	2
25418	1	0	0	0	0	1	1	0	0	1	0	0	4
25419	1	0	0	0	2	0	0	0	0	0	0	0	3
25420	0	1	0	0	1	0	0	0	0	0	0	0	2
25421	1	0	0	0	1	0	0	0	0	0	0	0	2
25422	1	0	0	0	3	0	0	0	0	0	0	0	4
25423	2	0	0	0	0	0	0	0	0	0	0	0	2
25424	1	0	1	0	0	0	0	0	0	0	0	0	2
25425	2	0	0	0	0	0	0	0	0	0	0	0	2
25426	2	0	0	0	0	0	0	0	0	0	0	0	2
25427	3	0	0	0	0	0	0	0	0	0	0	0	3
25428	0	0	0	0	2	0	0	0	0	0	0	0	2
25429	2	0	0	0	1	0	0	0	0	0	0	0	3
25430	2	0	0	0	0	0	0	0	1	0	0	0	3
25431	1	0	0	0	1	0	0	0	0	0	0	0	2
25432	1	0	0	0	1	0	0	1	0	0	0	0	3
25433	1	0	0	0	0	0	0	0	0	0	0	0	1
25434	3	0	0	0	1	0	0	0	0	0	0	0	4
25435	1	0	0	0	1	0	0	1	0	0	0	0	3
25436	0	0	0	0	2	0	0	0	0	0	0	0	2
25437	2	0	0	0	0	0	0	0	0	0	0	0	2
25438	2	0	0	0	1	0	0	1	0	0	0	0	4
25439	3	0	0	0	0	0	0	0	0	0	0	0	3
25440	1	0	0	0	0	0	0	0	0	0	0	0	1
25441	2	0	0	0	1	0	1	0	0	0	0	0	4
25442	2	0	0	0	0	0	0	0	0	0	0	0	2
25443	2	0	0	0	0	0	0	0	0	0	0	0	2
25444	1	0	1	0	0	0	0	0	0	0	0	0	2
25445	3	0	0	0	0	0	0	1	0	0	0	0	4
25446	2	0	0	0	0	0	0	0	0	0	0	0	2
25447	1	0	0	0	0	1	0	0	0	0	0	0	2
25448	2	0	0	0	1	0	0	0	0	0	0	0	3
25449	2	0	0	1	0	0	0	1	0	0	0	0	4
25450	0	0	0	0	1	0	0	0	0	0	0	0	1
25451	2	0	0	0	0	0	0	0	0	0	0	0	2
25452	1	0	0	0	0	0	0	0	0	0	0	0	1
25453	2	0	0	0	3	0	0	0	0	0	0	0	5
25454	1	0	0	0	1	0	0	0	0	0	0	1	3
25455	1	0	0	0	0	0	0	0	0	0	0	0	1
25456	0	0	0	1	2	0	0	0	1	0	0	0	4
25457	0	0	0	0	2	0	0	0	0	0	0	0	2
25458	1	0	0	0	0	0	0	0	0	0	0	0	1
25459	2	0	0	0	2	0	0	0	0	0	0	0	4
25460	4	0	0	0	0	0	0	0	0	0	0	0	4
25461	2	0	0	0	0	0	0	1	0	0	0	0	3
25462	1	0	0	0	0	0	0	0	0	0	0	0	1
25463	0	0	1	0	0	0	0	0	0	0	0	0	1
25464	1	0	0	0	0	0	0	0	0	0	0	0	1
25465	0	0	0	0	1	1	1	0	0	0	0	0	3
25466	2	0	0	0	0	0	1	0	0	0	0	0	3
25467	1	0	0	0	2	0	0	0	0	0	0	0	3
25468	1	0	0	0	0	0	0	0	0	0	0	0	1
25469	5	0	0	0	0	0	0	0	0	0	0	0	5
25470	1	0	0	0	0	0	0	0	0	0	0	0	1
25471	2	0	0	0	1	0	2	0	1	0	0	0	6
25472	3	0	0	0	0	0	0	0	0	0	0	0	3
25473	3	0	0	0	0	0	2	2	0	0	0	0	7
25474	1	0	0	0	0	0	0	0	0	0	0	0	1
25475	1	0	0	0	0	0	1	0	0	0	0	0	2
25476	1	0	0	0	0	0	0	0	0	0	0	0	1
25477	0	0	0	0	1	0	0	0	0	0	0	0	1
25478	2	0	0	0	0	0	0	1	0	0	0	0	3
25479	2	0	0	1	0	0	0	0	0	0	0	0	3
25480	1	0	0	0	1	0	0	1	0	0	0	0	3
25481	2	0	0	0	0	0	0	0	0	0	0	0	2
25482	1	0	0	0	0	0	0	0	0	0	0	0	1
25483	0	0	0	0	1	0	0	0	0	0	0	0	1
25484	2	0	0	1	0	0	0	0	0	0	0	0	3
25485	2	0	0	0	1	0	0	0	0	0	0	0	3
25486	1	0	1	0	1	0	0	0	0	0	0	0	3
25487	1	0	0	0	1	0	0	0	0	0	0	0	2
25488	4	0	0	0	1	0	0	0	0	0	0	0	5
25489	2	0	0	0	1	0	0	0	0	0	0	0	3
25490	2	0	0	1	0	0	1	0	0	0	0	0	4
25491	2	0	0	0	0	0	0	0	0	0	0	0	2
25492	4	0	0	0	0	0	0	0	0	0	0	0	4
25493	1	0	0	0	2	0	0	0	0	0	0	0	3
25494	1	0	0	0	0	0	0	0	0	0	0	0	1
25495	1	0	0	0	0	0	0	2	0	0	0	0	3
25496	3	0	0	0	2	0	0	0	0	0	0	0	5
25497	1	0	0	0	1	0	0	0	0	0	0	0	2
25498	1	0	0	0	1	0	0	0	0	0	0	0	2
25499	4	0	0	0	0	0	0	0	0	0	0	0	4
25500	0	0	0	0	1	0	0	0	0	0	0	0	1
25501	0	0	0	0	5	0	0	0	0	0	0	0	5
25502	3	0	0	0	0	2	0	1	0	0	0	0	6
25503	1	0	0	0	1	0	0	0	0	0	0	0	2
25504	3	0	0	0	0	0	0	2	0	0	0	0	5
25505	3	0	0	0	1	0	0	0	0	0	0	0	4
25506	3	0	0	0	0	0	0	0	0	0	0	0	3
25507	2	0	0	0	0	1	0	1	0	0	0	0	4
25508	3	0	0	0	1	0	0	0	0	0	0	0	4
25509	0	0	0	0	3	0	0	0	0	0	0	0	3
25510	2	0	0	0	0	0	0	0	0	0	0	0	2
25511	3	0	0	0	0	0	0	0	0	0	0	0	3
25512	1	0	0	0	1	0	0	1	0	0	0	0	3
25513	1	0	0	0	0	0	0	1	0	1	0	0	3
25514	2	1	0	0	1	0	0	1	0	0	0	0	5
25515	1	0	0	0	4	0	0	0	0	0	0	0	5
25516	3	0	0	1	0	0	0	1	0	0	0	0	5
25517	1	0	0	0	1	0	0	0	0	0	0	0	2
25518	2	0	0	0	0	0	0	0	0	0	0	0	2
25519	2	0	0	0	0	0	1	1	0	0	0	0	4
25520	2	0	0	0	1	0	0	0	0	0	0	0	3
25521	3	0	0	0	0	0	0	1	0	0	0	0	4
25522	2	0	0	0	1	0	0	0	0	0	0	0	3
25523	1	0	0	1	0	0	0	0	0	0	0	0	2
25524	2	0	0	0	0	0	0	1	0	0	0	0	3
25525	2	0	0	0	0	0	0	0	0	0	0	0	2
25526	5	0	0	0	0	0	0	0	0	0	0	0	5
25527	2	0	0	0	0	0	0	0	0	0	0	0	2
25528	2	0	0	0	1	0	0	0	0	0	0	0	3
25529	2	0	0	0	0	0	0	0	0	0	0	0	2
25530	2	0	0	0	0	0	0	0	0	0	0	0	2
25531	3	0	0	0	0	0	0	1	0	0	0	0	4
25532	2	0	0	1	0	0	0	0	0	0	0	0	3
25533	4	0	0	0	1	0	0	0	0	0	0	0	5
25534	4	0	0	0	1	0	0	0	0	0	0	0	5
25535	1	0	0	0	2	0	0	0	0	0	0	0	3
25536	1	0	0	0	2	0	0	0	0	0	0	0	3
25537	3	0	0	0	0	0	0	0	0	0	0	0	3
25538	1	0	0	0	0	0	0	0	0	0	0	0	1
25539	4	0	0	0	0	0	0	0	0	0	0	0	4
25540	1	0	0	0	0	0	0	0	0	0	0	0	1
25541	1	0	0	1	0	0	0	0	0	0	0	0	2
25543	0	0	0	0	1	0	0	0	0	0	0	0	1
25544	1	0	0	0	2	0	0	0	0	0	0	0	3
25545	1	0	0	1	1	0	1	1	0	0	0	0	5
25546	1	0	0	0	0	0	0	0	0	0	0	0	1
25547	1	0	0	0	1	0	0	0	0	0	0	0	2
25548	4	0	0	0	0	0	0	0	0	0	0	0	4
25549	2	0	0	0	0	0	0	2	0	0	0	0	4
25550	2	0	0	0	0	0	0	1	0	0	0	0	3
25551	1	0	0	0	0	0	0	0	0	0	0	0	1
25552	1	0	0	1	0	0	0	0	0	0	0	0	2
25553	2	0	0	0	0	0	0	0	0	0	0	0	2
25554	2	0	0	0	0	0	0	0	0	0	0	0	2
25555	3	0	0	0	0	0	0	0	0	0	0	0	3
25556	3	0	0	0	0	0	0	0	0	0	0	0	3
25557	2	1	0	0	0	0	0	0	0	0	0	0	3
25558	2	1	0	0	0	0	0	0	0	0	0	0	3
25559	0	0	0	0	1	0	0	0	0	0	0	0	1
25560	2	0	0	0	2	0	0	0	0	0	0	0	4
25561	4	0	0	0	0	0	0	0	0	0	0	0	4
25562	0	0	0	0	1	0	0	0	0	0	0	0	1
25563	2	0	0	0	1	0	0	0	0	0	0	0	3
25564	1	0	0	0	2	0	0	0	0	0	0	0	3
25565	1	0	0	0	1	0	0	0	0	0	0	0	2
25566	1	0	0	0	3	0	0	0	1	0	0	0	5
25567	2	0	0	0	1	0	0	0	0	0	0	0	3
25568	0	0	0	0	1	0	0	1	0	0	0	0	2
25569	2	0	0	0	1	0	0	0	0	0	0	0	3
25570	2	0	0	0	0	0	0	0	0	0	0	0	2
25571	2	0	0	0	0	0	0	1	0	0	0	0	3
25572	4	0	0	0	0	0	0	0	0	0	0	0	4
25573	1	0	0	0	1	0	0	0	0	0	0	0	2
25574	2	0	0	0	0	0	0	0	0	0	0	0	2
25575	2	0	0	1	0	0	0	1	0	0	0	0	4
25576	1	0	0	0	0	0	0	1	0	0	0	0	2
25577	1	0	0	0	1	0	0	0	0	0	0	0	2
25578	2	0	0	0	1	0	0	0	0	0	0	0	3
25579	1	0	0	0	3	0	0	0	0	0	0	0	4
25580	2	0	0	0	0	0	0	0	0	0	0	0	2
25581	4	0	0	0	1	0	0	0	0	0	0	0	5
25582	1	0	0	0	0	0	0	0	0	0	0	0	1
25583	3	0	0	0	0	0	0	0	0	0	0	0	3
25584	1	0	0	0	1	0	0	0	0	0	0	0	2
25585	1	0	0	0	2	0	0	0	0	0	0	0	3
25586	2	0	0	0	0	0	0	0	0	0	0	0	2
25587	3	0	0	0	0	0	0	0	0	0	0	0	3
25588	1	0	0	0	1	1	0	0	0	0	0	0	3
25589	2	0	0	1	0	0	0	0	0	0	0	0	3
25590	3	0	0	0	1	0	0	0	0	0	0	0	4
25591	1	0	0	0	1	0	0	1	0	0	0	0	3
25592	3	0	0	0	0	0	0	0	0	0	0	0	3
25593	3	0	0	0	0	0	0	1	0	0	0	0	4
25594	2	0	0	0	0	0	0	0	0	0	0	0	2
25595	2	0	0	0	2	0	0	0	0	0	0	0	4
25596	2	0	0	0	0	0	0	1	0	0	0	0	3
25597	3	0	0	0	1	0	0	0	0	0	0	0	4
25598	3	0	0	1	0	0	0	1	0	0	0	0	5
25599	2	0	0	0	0	0	0	0	0	0	0	0	2
25600	2	0	0	0	0	0	0	0	0	1	0	0	3
25601	2	0	0	0	0	0	0	1	0	0	0	0	3
25602	2	0	0	0	0	0	0	0	0	0	0	0	2
25603	0	0	0	0	1	0	0	0	0	0	0	0	1
25604	0	0	0	0	1	0	0	0	0	0	0	0	1
25605	1	0	0	0	0	0	0	0	0	0	0	0	1
25606	5	0	0	0	0	0	0	0	0	0	0	0	5
25607	2	0	0	0	1	0	0	0	0	0	0	0	3
25608	2	0	0	1	1	0	0	0	0	0	0	0	4
25609	1	0	0	0	1	0	0	0	0	0	0	0	2
25610	2	0	0	0	0	0	0	0	0	0	0	0	2
25611	2	0	0	0	0	0	0	0	0	0	0	0	2
25612	3	0	0	0	0	0	1	0	0	0	0	0	4
25613	1	0	0	0	4	0	0	0	0	0	0	0	5
25614	2	0	0	1	3	0	0	0	0	0	0	0	6
25615	2	0	0	0	0	0	0	0	0	0	0	0	2
25616	1	0	0	0	1	1	0	0	0	0	0	0	3
25617	1	0	0	0	3	0	0	0	0	0	0	0	4
25618	2	0	0	0	0	0	0	0	0	0	0	0	2
25619	3	0	0	0	0	0	0	0	0	0	0	0	3
25620	2	0	0	0	0	0	0	0	0	0	0	0	2
25621	1	0	0	0	2	0	0	0	0	0	0	0	3
25622	0	0	0	0	1	0	1	1	0	1	0	0	4
25623	3	0	0	0	1	0	0	0	0	0	0	0	4
25624	2	0	0	0	1	0	0	0	0	0	0	0	3
25625	2	0	0	0	0	0	0	1	0	0	0	0	3
25626	1	0	0	0	0	0	0	1	0	0	0	0	2
25627	2	0	0	0	2	1	1	0	0	0	0	0	6
25628	1	0	0	0	0	0	0	0	0	0	0	0	1
25629	2	0	0	0	0	1	0	0	0	0	0	0	3
25630	3	0	0	0	0	0	0	0	0	0	0	0	3
25631	2	0	0	0	0	0	0	0	0	0	0	0	2
25632	3	0	0	0	0	0	0	0	0	0	0	0	3
25633	2	0	0	0	0	0	1	0	0	0	0	0	3
25634	3	0	0	1	0	0	0	0	0	0	0	0	4
25635	2	0	0	0	2	0	0	0	0	0	0	0	4
25636	2	0	0	0	0	0	0	0	0	0	0	0	2
25637	0	0	0	1	1	0	1	0	0	0	0	0	3
25638	2	0	0	0	2	0	0	0	0	0	0	0	4
25639	1	0	0	0	0	0	0	0	0	0	0	0	1
25640	1	0	1	0	0	0	0	0	0	0	0	0	2
25641	5	0	0	0	0	0	0	0	0	0	0	0	5
25642	2	0	0	0	1	0	0	0	0	0	0	0	3
25643	1	0	0	0	1	0	0	0	0	0	0	0	2
25644	3	0	0	0	0	0	0	0	0	0	0	0	3
25645	2	0	0	1	0	0	0	0	0	0	0	0	3
25646	2	0	0	0	1	0	1	0	0	0	0	0	4
25647	1	0	0	0	1	0	1	0	0	0	0	0	3
25648	2	0	0	0	1	0	0	0	1	0	0	0	4
25649	3	0	0	0	0	0	0	0	0	0	0	0	3
25650	1	0	0	0	1	0	0	0	0	1	0	0	3
25651	2	0	0	0	1	0	0	0	0	0	0	0	3
25652	1	0	0	0	0	0	0	0	0	0	0	0	1
25653	3	0	0	0	1	0	0	0	0	0	0	0	4
25654	1	0	0	0	0	1	0	0	0	0	0	0	2
25655	2	0	0	0	1	1	0	1	0	0	0	0	5
25656	2	0	0	0	0	0	0	1	0	0	0	0	3
25657	3	0	0	0	0	2	0	0	0	0	0	0	5
25658	2	0	0	0	0	0	0	1	0	0	0	0	3
25659	2	0	0	0	0	0	0	0	0	0	0	0	2
25660	1	0	0	0	1	0	0	1	0	0	0	0	3
25661	1	0	0	0	0	0	0	0	0	0	0	0	1
25662	1	0	0	0	2	0	0	0	0	0	0	0	3
25663	1	0	0	0	1	0	0	0	0	0	0	0	2
25664	0	0	0	1	0	0	0	0	0	0	0	0	1
25665	2	0	0	0	0	0	0	0	0	0	0	0	2
25666	2	0	0	0	0	0	0	0	0	0	0	0	2
25667	2	0	0	0	0	0	0	0	0	0	0	0	2
25668	3	0	0	0	0	0	0	1	0	0	0	0	4
25669	2	0	0	0	0	0	0	0	0	0	0	0	2
25670	1	0	0	1	0	0	0	0	0	0	0	0	2
25671	4	0	0	0	0	0	0	1	0	0	0	0	5
25672	2	0	0	0	0	0	0	0	0	0	0	0	2
25673	4	0	0	0	0	0	0	2	0	0	0	0	6
25674	0	0	0	1	0	0	0	0	0	0	0	0	1
25675	0	0	0	1	0	0	0	0	0	0	0	0	1
25676	1	0	0	1	0	0	1	0	0	0	0	0	3
25677	2	0	0	0	0	0	0	0	0	0	0	0	2
25678	0	0	0	2	0	0	0	0	0	0	0	0	2
25679	1	0	0	0	1	0	0	0	0	0	0	0	2
25680	0	0	0	1	0	0	0	0	0	0	0	0	1
25681	0	0	0	1	0	0	0	0	0	0	0	0	1
25682	3	0	0	2	0	0	0	0	0	0	0	0	5
25683	1	0	0	2	0	0	0	0	0	0	0	0	3
25684	0	1	0	1	0	0	0	0	0	0	0	0	2
25685	2	0	0	1	1	0	0	0	0	0	0	0	4
25686	4	0	0	1	0	0	1	1	0	0	0	0	7
25687	4	0	0	0	0	0	0	0	0	0	0	0	4
25688	2	0	0	1	0	0	0	0	0	0	0	0	3
25689	5	0	1	0	0	0	0	0	0	0	0	0	6
25690	3	0	0	1	2	0	0	0	0	0	0	0	6
25691	0	0	0	1	0	0	0	0	0	0	0	0	1
25692	0	0	0	1	0	0	0	0	0	0	0	0	1
25693	0	0	0	1	0	0	0	0	0	0	0	0	1
25694	4	0	0	0	0	0	0	0	0	0	0	0	4
25695	2	0	0	0	0	0	1	1	0	0	0	0	4
25696	3	0	0	0	0	0	0	0	0	0	0	0	3
25697	4	0	0	1	0	0	0	0	0	0	0	0	5
25698	1	0	0	1	0	0	0	0	0	0	0	0	2
25699	1	0	0	1	1	0	0	1	0	0	0	0	4
25700	3	0	0	0	1	0	0	0	0	0	0	0	4
25701	4	0	0	0	3	0	0	0	1	0	0	0	8
25702	1	0	0	0	0	0	1	0	0	0	0	0	2
25703	0	1	0	2	2	0	0	0	0	0	0	0	5
25704	2	0	0	0	1	0	0	0	0	0	0	0	3
25705	2	0	0	0	0	0	0	1	0	0	0	0	3
25706	1	0	0	0	0	0	0	0	0	0	0	0	1
25707	2	0	0	1	0	0	0	0	0	0	0	0	3
25708	0	0	0	0	2	0	0	0	0	0	0	0	2
25709	4	0	0	0	1	0	0	0	0	0	0	0	5
25710	2	1	0	0	0	0	0	0	0	0	0	0	3
25711	1	0	0	0	0	0	0	0	0	0	0	0	1
25712	0	0	0	0	3	0	0	0	0	0	0	0	3
25713	0	1	0	0	0	0	0	0	0	0	0	0	1
25714	3	0	0	1	0	0	0	0	0	0	0	0	4
25715	0	0	0	1	0	0	0	1	0	0	0	0	2
25716	0	0	0	1	0	0	0	0	0	0	0	0	1
25717	1	0	0	1	0	0	0	0	0	0	0	0	2
25718	2	0	0	1	0	0	0	1	0	0	0	0	4
25719	1	0	0	0	2	0	0	0	0	0	0	0	3
25720	2	0	0	0	0	0	0	1	0	0	0	0	3
25722	0	0	0	0	1	0	0	0	0	0	0	0	1
25723	1	0	0	1	1	0	0	0	0	0	0	0	3
25724	0	0	0	1	2	0	0	0	0	0	0	0	3
25725	2	0	0	0	0	0	0	0	0	0	0	0	2
25726	1	0	0	0	2	0	0	0	0	0	0	0	3
25727	0	0	0	1	0	0	0	0	0	0	0	0	1
25728	2	0	0	1	1	0	0	0	0	0	0	0	4
25729	2	0	0	0	0	0	0	1	0	0	0	0	3
25730	1	0	0	1	0	0	0	0	0	0	0	0	2
25731	1	0	0	0	0	0	0	0	0	0	0	0	1
25732	0	0	0	1	0	0	0	0	0	0	0	0	1
25733	3	0	0	0	0	0	0	0	1	0	0	0	4
25734	1	0	0	0	0	1	0	0	0	0	0	0	2
25735	1	0	1	0	0	0	0	0	1	0	0	0	3
25736	2	0	0	0	0	0	0	0	0	0	0	0	2
25737	2	0	0	0	0	0	0	0	0	0	0	0	2
25738	1	0	1	0	0	0	0	0	0	0	0	0	2
25739	2	0	0	0	0	0	0	0	0	0	0	0	2
25740	1	0	0	0	0	0	0	0	0	0	0	0	1
25741	2	0	0	0	1	0	0	1	0	0	0	0	4
25742	2	0	0	0	1	0	1	0	0	0	0	0	4
25743	1	0	0	0	0	1	0	0	0	0	0	0	2
25744	1	0	0	0	0	0	0	0	0	0	0	0	1
25745	4	0	0	2	0	0	0	0	0	0	0	0	6
25746	2	0	0	0	0	0	0	0	0	0	0	0	2
25747	0	0	1	0	0	0	0	0	0	0	0	0	1
25748	0	0	1	0	0	0	0	0	0	0	0	0	1
25749	2	0	0	0	0	0	1	0	0	0	0	0	3
25750	2	0	0	0	0	0	0	1	0	0	0	0	3
25751	1	1	0	1	1	0	0	0	0	0	0	0	4
25752	2	0	0	0	0	0	0	0	0	0	0	0	2
25753	2	0	0	1	0	0	0	0	0	0	0	0	3
25754	1	0	0	0	0	0	1	0	1	0	0	0	3
25755	1	0	0	0	10	0	0	0	0	0	0	0	11
25756	2	0	0	0	0	0	0	0	0	0	0	0	2
25757	1	0	0	0	1	0	0	1	0	0	0	0	3
25758	3	0	0	0	0	0	0	1	0	0	0	0	4
25759	3	0	0	0	0	0	0	0	0	0	0	0	3
25760	4	0	0	0	0	0	0	0	0	0	0	0	4
25761	2	0	0	1	0	0	0	1	0	0	0	0	4
25762	1	0	1	0	0	0	0	1	0	0	0	0	3
25763	2	0	0	0	0	0	0	0	0	0	0	0	2
25764	2	0	0	1	0	0	0	0	0	0	0	0	3
25765	0	0	0	1	1	0	0	0	0	0	0	0	2
25766	5	0	0	0	0	0	0	0	0	0	0	0	5
25767	2	0	0	0	0	0	0	0	0	0	0	0	2
25768	3	0	0	0	1	0	1	1	0	0	0	0	6
25769	1	0	0	0	1	0	0	1	0	0	0	0	3
25770	1	0	0	0	0	1	0	0	0	0	0	0	2
25771	1	0	0	0	0	0	0	0	0	0	0	0	1
25772	0	0	0	2	1	0	0	0	0	0	0	0	3
25773	1	0	1	0	0	0	0	0	0	0	0	0	2
25774	4	0	0	1	0	0	0	1	0	0	0	0	6
25775	2	0	0	1	0	0	0	0	0	0	0	0	3
25776	2	0	0	0	3	0	0	0	0	0	0	0	5
25777	0	0	0	0	1	0	0	0	0	0	0	0	1
25778	1	0	0	0	0	0	0	0	0	0	0	0	1
25779	1	0	0	1	0	0	0	1	0	0	0	0	3
25780	1	0	0	0	0	0	0	0	0	0	0	0	1
25781	1	0	0	1	2	0	0	0	0	0	0	0	4
25782	1	0	0	0	0	1	0	0	0	0	0	0	2
25783	3	0	0	0	0	0	0	0	0	0	0	0	3
25784	2	0	0	0	0	0	0	0	0	0	0	0	2
25785	0	0	0	0	1	0	0	0	0	0	0	0	1
25786	5	0	0	0	0	0	0	0	0	0	0	0	5
25787	3	0	0	0	0	0	0	0	0	0	0	0	3
25788	2	0	0	1	0	0	1	1	0	0	0	0	5
25789	0	0	1	0	0	0	0	0	0	0	0	0	1
25790	2	0	0	0	0	0	0	0	0	0	0	0	2
25791	0	0	0	1	0	0	0	0	0	0	0	0	1
25792	1	0	0	0	1	0	0	0	0	0	0	0	2
25793	0	0	0	1	1	0	0	0	0	0	0	0	2
25794	0	0	0	0	2	0	0	0	0	0	0	0	2
25795	0	0	0	2	0	0	0	0	0	0	0	0	2
25796	0	0	1	0	1	1	0	0	0	0	0	0	3
25797	1	0	0	0	0	0	0	0	0	0	0	0	1
25798	0	0	0	0	4	0	0	0	0	0	0	0	4
25799	2	0	0	1	0	0	0	0	0	0	0	0	3
25800	0	0	2	0	0	0	0	0	0	0	0	0	2
25801	2	0	0	0	0	1	0	0	0	0	0	0	3
25802	3	0	0	0	0	0	0	0	0	0	0	0	3
25803	1	0	1	0	0	0	0	0	1	0	0	0	3
25804	0	0	1	0	2	0	0	0	0	0	0	0	3
25806	1	1	0	0	0	0	0	0	0	0	0	0	2
25807	1	0	0	0	0	0	1	0	0	0	0	0	2
25809	2	0	0	0	1	0	0	0	0	0	0	0	3
25810	1	0	0	0	1	0	0	0	0	0	0	0	2
25811	2	0	0	0	0	0	0	0	0	0	0	0	2
25812	2	1	0	0	0	1	1	0	0	0	0	0	5
25813	1	0	0	0	0	0	0	1	0	0	0	0	2
25814	1	0	0	0	0	0	0	0	0	0	0	0	1
25815	1	0	0	1	3	0	1	0	1	0	0	0	7
25816	0	0	0	0	1	0	0	0	0	0	0	0	1
25817	1	0	0	0	2	0	0	1	0	0	0	0	4
25818	1	0	0	0	0	0	0	0	0	0	0	0	1
25820	0	0	0	0	1	0	0	0	0	0	0	0	1
25821	1	0	0	1	0	0	0	0	0	0	0	0	2
25822	0	0	0	1	1	0	0	0	0	0	0	0	2
25823	3	0	0	0	0	0	0	0	0	0	0	0	3
25824	2	0	0	0	0	0	0	0	0	0	0	0	2
25825	0	0	0	1	0	0	0	1	0	0	0	0	2
25826	1	0	0	0	0	0	0	0	0	0	0	0	1
25827	0	0	0	1	0	0	0	0	0	0	0	0	1
25828	1	0	0	0	1	1	1	0	0	0	0	0	4
25829	4	0	0	0	0	0	0	0	0	0	0	0	4
25830	2	0	0	0	0	0	0	0	0	0	0	0	2
25831	2	0	0	0	2	0	0	1	0	0	0	0	5
25832	2	0	0	0	1	0	0	0	0	0	0	0	3
25833	0	0	0	0	1	0	0	0	0	0	0	0	1
25834	3	0	0	0	0	0	1	1	0	0	0	0	5
25835	1	0	0	0	0	0	1	0	0	0	0	0	2
25836	0	0	0	0	2	0	0	0	0	0	0	0	2
25837	1	0	1	0	0	0	0	1	0	0	0	0	3
25838	2	0	0	0	1	0	0	0	0	0	0	0	3
25839	0	0	1	0	0	0	0	0	0	0	0	0	1
25840	1	1	0	1	0	0	0	0	0	0	0	0	3
25841	1	0	0	1	0	0	0	0	0	0	0	0	2
25842	2	0	0	1	0	0	0	0	0	0	0	0	3
25843	2	0	0	0	0	0	0	0	0	0	0	0	2
25844	1	0	0	0	0	0	0	0	0	0	0	0	1
25845	1	0	0	0	1	0	0	0	0	0	0	0	2
25847	1	0	0	0	0	0	0	0	0	0	0	0	1
25849	2	0	0	0	1	0	0	0	0	0	0	0	3
25850	2	0	0	0	0	0	1	0	0	0	0	0	3
25851	0	0	0	1	0	1	0	0	0	0	0	0	2
25852	1	0	0	0	1	0	0	0	0	0	0	0	2
25853	2	0	0	0	1	0	0	0	0	0	0	0	3
25854	1	0	0	0	0	0	0	0	0	0	0	0	1
25855	2	0	0	1	0	0	0	0	0	0	0	0	3
25856	0	0	0	1	0	0	0	0	0	0	0	0	1
25857	2	0	0	0	0	0	0	0	0	0	0	0	2
25858	1	0	0	1	0	0	0	0	0	0	0	0	2
25859	0	0	1	0	0	0	0	0	0	0	0	0	1
25860	1	1	0	1	0	0	0	0	0	0	0	0	3
25861	1	0	0	0	0	0	0	0	0	0	0	0	1
25862	0	0	0	1	1	0	0	0	0	0	0	0	2
25863	3	0	0	0	0	0	1	0	0	0	0	0	4
25864	1	0	0	0	0	0	0	0	0	0	0	0	1
25866	2	0	0	0	0	0	0	0	0	0	0	0	2
25867	4	0	0	0	0	0	0	1	0	0	0	0	5
25868	1	0	0	0	0	0	0	0	0	0	0	0	1
25869	0	1	0	0	0	0	0	0	0	0	0	0	1
25870	0	0	0	0	0	2	0	0	0	0	0	0	2
25871	1	0	0	0	0	0	0	0	0	0	0	0	1
25872	2	0	0	0	0	0	0	0	0	0	0	0	2
25874	1	0	0	1	0	0	0	0	0	0	0	0	2
25875	2	0	0	0	0	0	0	1	0	0	0	0	3
25876	1	0	0	0	0	0	0	0	0	0	0	0	1
25877	1	0	0	0	1	0	0	0	0	0	0	0	2
25878	2	1	0	0	1	0	0	0	0	0	0	0	4
25879	2	0	0	0	0	0	0	0	0	0	0	0	2
25880	2	0	0	0	0	0	0	0	0	0	0	0	2
25881	1	0	0	1	1	0	1	0	0	0	0	0	4
25882	2	0	0	0	0	0	0	0	0	0	0	0	2
25883	2	0	0	0	1	0	0	0	0	0	0	0	3
25884	1	0	0	0	1	0	0	0	0	0	0	0	2
25885	3	0	0	0	0	0	0	0	0	0	0	0	3
25886	0	1	0	2	0	0	0	0	0	0	0	0	3
25888	1	0	0	0	1	0	0	0	0	0	0	0	2
25889	0	0	0	0	1	0	0	0	0	0	0	0	1
25890	2	0	0	0	0	0	0	0	0	0	0	0	2
25891	3	0	0	0	0	1	1	1	0	0	0	0	6
25892	0	0	0	0	1	0	0	0	0	0	0	0	1
25893	1	0	0	0	1	0	0	0	0	0	0	0	2
25894	1	0	0	0	0	0	0	0	0	0	0	0	1
25895	0	0	0	0	0	2	0	0	0	0	0	0	2
25896	3	0	0	0	1	0	0	0	0	0	0	0	4
25897	1	0	0	0	1	0	0	0	0	0	0	0	2
25898	1	0	0	0	0	0	0	0	0	0	0	0	1
25899	1	0	0	0	0	0	0	0	0	0	0	0	1
25900	0	0	0	0	0	0	0	0	1	0	0	0	1
25901	1	0	0	1	0	0	0	0	0	0	0	0	2
25903	3	0	0	0	0	1	0	0	0	0	0	0	4
25904	1	0	0	1	1	0	0	0	0	0	0	0	3
25905	2	0	0	1	0	0	0	0	0	0	0	0	3
25906	0	0	0	0	1	0	0	0	0	0	0	0	1
25907	1	0	0	0	0	0	0	1	0	0	0	0	2
25908	0	0	1	0	0	0	0	0	0	0	0	0	1
25909	0	0	0	0	1	0	0	0	0	0	0	0	1
25910	0	0	0	0	0	0	1	1	0	0	0	0	2
25911	2	0	0	1	2	0	0	0	0	0	0	0	5
25912	1	1	0	0	0	0	0	0	0	0	0	0	2
25914	0	1	0	1	0	0	0	0	0	0	0	0	2
25915	6	0	0	0	0	0	1	0	0	0	0	0	7
25916	1	0	0	0	0	0	0	0	0	0	0	0	1
25917	1	0	0	0	0	0	0	0	0	0	0	0	1
25919	1	0	0	0	0	0	0	1	0	0	0	0	2
25921	3	0	0	0	0	0	1	0	0	0	0	0	4
25922	2	0	0	0	0	0	0	0	0	0	0	0	2
25924	0	0	1	0	0	0	0	0	0	0	0	0	1
25925	2	0	0	0	0	0	0	0	0	0	0	0	2
25926	3	0	0	0	1	0	0	0	0	0	0	0	4
25927	0	0	0	1	0	0	0	0	0	0	0	0	1
25928	2	0	0	0	2	0	1	0	0	0	0	0	5
25929	1	0	0	0	0	0	0	0	0	0	0	0	1
25930	4	0	0	0	0	0	0	0	0	0	0	0	4
25931	1	0	0	1	0	0	2	1	0	0	0	0	5
25932	3	0	0	0	1	0	0	0	0	0	0	0	4
25934	1	0	0	0	2	0	0	0	0	0	0	0	3
25935	0	0	0	1	3	0	1	0	0	0	0	0	5
25936	3	0	0	0	1	0	0	0	0	0	0	0	4
25937	3	0	0	0	0	0	0	0	0	0	0	0	3
25938	2	0	0	0	1	0	0	0	0	0	0	0	3
25939	0	0	0	0	1	0	0	0	0	0	0	0	1
25940	3	0	0	0	0	0	0	2	0	0	0	0	5
25941	2	0	0	0	0	0	0	1	0	0	0	0	3
25942	2	0	0	0	0	0	0	0	0	0	0	0	2
25943	1	0	0	0	0	0	0	0	0	0	0	0	1
25944	1	0	0	0	1	0	0	0	0	0	0	0	2
25945	0	0	0	0	0	1	0	0	0	0	0	0	1
25946	0	0	0	0	2	0	0	0	0	0	0	0	2
25947	0	0	0	0	1	0	0	0	0	0	0	0	1
25948	0	0	1	0	0	0	0	0	0	0	0	0	1
25949	1	0	0	0	2	0	0	1	0	0	0	0	4
25950	0	0	1	0	0	0	0	0	0	0	0	0	1
25951	1	0	0	0	1	0	0	0	0	0	0	0	2
25952	3	0	0	0	1	0	0	0	0	0	0	0	4
25953	0	0	0	2	1	0	0	0	0	0	0	0	3
25954	3	0	0	0	0	0	0	1	0	0	0	0	4
25956	0	0	0	0	0	1	0	0	0	0	0	0	1
25957	3	0	0	0	0	0	0	0	0	0	0	0	3
25958	1	0	0	0	0	0	1	0	0	0	0	0	2
25959	1	0	0	0	0	0	0	0	0	0	0	0	1
25960	0	0	0	2	1	0	0	0	0	0	0	0	3
25961	0	0	0	0	2	0	0	0	0	0	0	0	2
25963	1	0	0	0	1	0	0	0	0	0	0	0	2
25964	3	0	1	0	0	0	0	0	1	0	0	0	5
25965	2	0	0	0	0	0	0	0	0	0	0	0	2
25966	1	0	0	1	0	0	1	1	0	0	0	0	4
25967	1	0	0	0	0	0	0	0	0	0	0	0	1
25968	1	0	0	0	1	0	0	0	0	0	0	0	2
25969	2	0	0	0	0	0	1	0	0	0	0	0	3
25970	2	0	0	0	1	0	0	0	0	0	0	0	3
25971	1	0	0	0	1	0	0	0	0	0	0	0	2
25972	3	0	0	1	2	0	0	0	0	0	0	0	6
25973	5	0	0	0	0	0	0	1	0	0	0	0	6
25975	2	0	0	0	0	0	0	0	0	0	0	0	2
25976	1	0	0	0	0	0	0	0	0	0	0	0	1
25977	0	0	1	0	1	0	0	0	0	0	0	0	2
25978	2	0	0	0	0	0	0	1	0	0	0	0	3
25979	2	0	0	0	0	0	0	0	0	0	0	0	2
25980	1	0	0	0	1	0	1	0	0	0	0	0	3
25981	0	0	0	0	2	0	1	0	0	0	0	0	3
25982	0	0	0	0	1	0	0	0	0	0	0	0	1
25983	1	0	0	0	0	0	0	0	0	0	0	0	1
25984	3	0	0	1	0	0	0	1	0	0	0	0	5
25985	1	0	0	0	1	0	0	0	1	0	0	0	3
25986	0	0	1	0	0	0	0	0	0	0	0	0	1
25987	2	0	0	0	0	1	0	0	0	0	0	0	3
25988	0	0	1	2	0	0	0	1	0	0	0	0	4
25990	1	0	0	0	0	0	0	0	0	0	0	0	1
25991	3	0	0	0	0	0	0	0	0	1	0	0	4
25992	1	0	0	0	0	0	0	0	0	0	0	0	1
25993	0	0	0	0	1	0	0	0	0	0	0	0	1
25994	2	0	0	0	0	0	0	0	0	0	0	0	2
25995	1	0	0	0	0	0	0	0	0	0	0	0	1
25996	1	0	0	0	0	0	1	0	1	0	0	0	3
25997	3	0	0	0	0	0	0	0	0	0	0	0	3
25999	4	0	0	0	1	0	0	0	0	0	0	0	5
26000	2	0	0	0	1	0	0	0	0	0	0	0	3
26001	0	0	0	0	7	0	0	0	0	0	0	0	7
26002	0	0	0	1	0	0	0	0	0	0	0	0	1
26003	0	0	0	1	0	0	0	0	0	0	0	0	1
26004	2	0	0	0	0	0	0	0	0	0	0	0	2
26005	1	0	0	0	0	0	0	0	0	0	0	0	1
26007	2	0	0	0	0	0	0	0	0	0	0	0	2
26008	2	0	0	0	0	0	0	0	0	0	0	0	2
26009	1	0	1	0	0	0	0	0	0	0	0	0	2
26010	5	0	0	0	0	1	0	0	0	0	0	0	6
26011	2	0	0	0	0	0	0	0	0	0	0	0	2
26012	2	1	0	0	0	0	0	1	0	0	0	0	4
26013	1	0	0	0	2	0	0	0	0	0	0	0	3
26014	3	0	0	0	0	0	0	0	0	0	0	0	3
26015	0	0	1	1	0	0	0	0	0	0	0	0	2
26016	2	0	0	0	0	0	0	1	1	0	0	0	4
26017	0	0	0	1	1	0	0	0	0	0	0	0	2
26018	0	0	1	1	1	0	0	0	0	0	0	0	3
26019	3	0	0	0	0	0	0	0	0	0	0	0	3
26020	3	0	0	0	0	0	0	0	0	0	0	0	3
26021	4	0	0	0	1	0	0	0	0	0	0	0	5
26022	3	0	0	0	0	0	0	0	0	0	0	0	3
26023	1	0	0	0	0	0	0	0	0	0	0	0	1
26025	1	0	0	1	0	0	0	0	0	0	0	0	2
26026	1	0	0	0	0	0	0	0	0	0	0	0	1
26027	1	1	0	0	0	0	0	0	0	1	0	0	3
26028	1	0	0	0	0	0	0	0	0	0	0	0	1
26029	2	0	0	0	2	0	0	1	0	0	0	0	5
26030	0	0	0	0	2	1	0	0	0	0	0	0	3
26032	1	0	0	1	0	0	0	1	0	0	0	0	3
26033	1	0	0	0	2	0	0	0	0	0	0	0	3
26034	1	0	0	0	1	0	0	1	0	0	0	0	3
26035	2	0	0	0	1	0	0	0	0	0	0	0	3
26036	1	0	0	0	1	0	0	0	0	0	0	0	2
26037	1	0	0	0	0	0	0	0	0	0	0	0	1
26038	1	0	0	0	1	0	0	0	0	0	0	0	2
26039	2	0	0	0	0	0	0	1	0	0	0	0	3
26040	1	0	0	0	0	0	0	0	0	0	0	0	1
26041	2	0	0	0	2	0	0	0	0	0	0	0	4
26042	3	0	0	0	1	0	0	0	0	0	0	0	4
26043	2	0	0	0	0	0	0	0	0	0	0	0	2
26044	1	0	0	0	0	1	0	0	0	0	0	0	2
26045	3	0	0	0	2	0	0	0	0	0	0	0	5
26046	1	0	0	0	0	0	0	0	0	0	0	0	1
26047	2	0	0	0	0	0	0	0	0	0	0	0	2
26049	1	0	0	0	2	0	0	0	0	0	0	0	3
26050	1	0	0	0	1	0	0	0	1	0	0	0	3
26051	2	0	0	1	0	0	0	0	0	0	0	0	3
26052	3	0	0	1	0	0	0	0	0	0	0	0	4
26053	4	0	0	0	0	0	1	0	0	0	0	0	5
26054	0	0	1	0	0	0	0	0	0	0	0	0	1
26055	2	0	0	0	0	0	0	0	0	0	0	0	2
26056	1	0	0	0	0	1	0	0	0	0	0	0	2
26057	1	0	1	0	0	0	0	1	0	0	0	0	3
26059	1	0	0	0	0	0	1	0	0	0	0	0	2
26060	2	0	1	0	0	0	1	0	0	0	0	0	4
26061	0	0	0	2	0	0	0	0	0	0	0	0	2
26062	1	0	0	0	0	0	0	1	0	0	0	0	2
26063	1	0	0	0	0	0	0	0	0	0	0	0	1
26064	0	1	0	0	0	0	0	0	0	0	0	0	1
26065	1	0	0	0	0	0	1	0	0	0	0	0	2
26066	2	1	0	0	0	0	1	0	0	0	0	0	4
26067	1	0	0	0	1	0	0	0	0	0	0	0	2
26068	2	0	0	0	0	0	0	0	0	0	0	0	2
26069	2	0	0	0	1	0	0	1	0	0	0	0	4
26070	1	0	1	0	0	2	0	0	0	0	0	0	4
26071	0	0	0	1	0	0	1	0	0	0	0	0	2
26072	3	0	0	0	0	1	0	0	0	0	0	0	4
26073	0	0	0	1	1	0	0	0	0	0	0	0	2
26074	1	0	0	0	1	0	0	0	0	0	0	0	2
26075	3	0	0	0	0	0	0	0	0	0	0	0	3
26076	0	0	0	0	1	1	0	0	0	0	0	0	2
26077	0	0	1	0	0	0	0	0	0	0	0	0	1
26078	0	0	0	0	2	0	0	0	0	0	0	0	2
26079	1	0	0	0	0	0	2	0	0	0	0	0	3
26080	2	0	0	0	0	0	1	0	0	0	0	0	3
26081	3	0	0	0	2	0	1	0	0	0	0	0	6
26083	1	0	0	0	1	0	0	0	0	0	0	0	2
26084	1	0	1	0	1	0	0	1	0	0	0	0	4
26088	1	0	0	0	0	0	0	0	0	0	0	0	1
26089	2	0	0	1	0	0	0	1	0	0	0	0	4
26090	2	0	0	1	1	0	0	1	0	0	0	0	5
26091	2	0	0	2	1	0	0	0	0	0	0	0	5
26092	1	0	0	0	1	0	0	0	0	0	0	0	2
26093	0	1	0	0	1	0	0	0	0	0	0	0	2
26094	1	0	0	1	0	1	0	0	0	0	0	0	3
26095	1	0	0	0	1	0	0	0	0	0	0	0	2
26096	5	0	0	0	0	0	0	0	0	0	0	0	5
26097	0	1	0	0	1	0	0	0	0	0	0	0	2
26098	1	0	0	0	2	0	0	0	0	0	0	0	3
26099	0	0	0	0	1	0	0	0	0	0	0	0	1
26100	1	1	0	0	0	0	0	1	0	0	0	0	3
26101	3	0	0	0	0	0	1	0	1	0	0	0	5
26102	1	0	1	0	2	0	0	0	0	0	0	0	4
26103	1	0	0	0	1	0	0	0	0	0	0	0	2
26104	3	0	0	0	0	0	0	1	0	0	0	0	4
26105	0	0	1	0	0	0	0	0	0	0	0	0	1
26106	1	0	0	0	0	0	0	1	0	0	0	0	2
26108	2	1	0	0	1	0	0	0	0	0	0	0	4
26109	1	0	0	1	0	0	0	0	0	0	0	0	2
26110	0	0	0	1	0	0	0	0	0	0	0	0	1
26111	2	0	0	0	0	0	0	0	0	0	0	0	2
26112	2	0	0	1	1	1	0	0	0	0	0	0	5
26114	2	0	0	0	1	0	0	0	0	0	0	0	3
26115	1	0	0	0	1	0	0	0	0	0	0	0	2
26116	0	0	1	0	0	0	0	0	0	0	0	0	1
26117	1	0	0	0	0	0	0	0	0	0	0	0	1
26118	1	0	0	0	1	0	0	0	0	0	0	0	2
26119	0	1	1	0	0	0	0	0	0	0	0	0	2
26121	0	0	0	0	1	0	0	0	0	0	0	0	1
26122	1	0	0	0	0	0	0	0	0	0	0	0	1
26123	3	0	0	0	0	0	1	0	0	0	0	0	4
26124	0	0	1	0	0	0	0	0	0	0	0	0	1
26125	1	0	0	0	1	0	0	0	0	0	0	0	2
26126	0	0	0	1	1	0	0	0	0	0	0	0	2
26127	2	0	0	0	0	0	0	0	1	0	0	0	3
26128	3	0	0	0	0	0	0	0	0	0	0	0	3
26129	0	0	0	1	0	1	0	0	0	0	0	0	2
26130	1	0	0	1	1	0	0	0	0	0	0	0	3
26131	2	0	0	0	0	0	1	0	0	0	0	0	3
26132	1	0	0	2	0	0	0	0	0	0	0	0	3
26133	1	0	0	1	2	0	0	1	0	0	0	0	5
26134	2	0	0	0	0	0	0	0	0	0	0	0	2
26135	0	0	0	0	0	1	0	0	0	0	0	0	1
26136	2	0	0	1	1	0	0	0	0	0	0	0	4
26138	2	0	0	0	1	0	0	0	0	0	0	0	3
26139	1	0	0	0	0	0	0	1	0	0	0	0	2
26140	1	0	0	0	0	0	0	0	0	0	0	0	1
26141	0	0	0	0	3	0	0	0	0	0	0	0	3
26142	0	0	0	0	1	0	0	0	1	0	0	0	2
26144	2	0	0	0	0	0	0	1	0	0	0	0	3
26145	3	0	0	0	0	0	0	0	0	0	0	0	3
26146	1	0	0	0	0	0	0	0	0	0	0	0	1
26147	1	0	0	0	0	0	0	0	0	0	0	0	1
26148	0	0	1	0	0	0	0	0	0	0	0	0	1
26150	0	0	0	0	2	0	0	0	0	0	0	0	2
26151	3	0	0	0	0	0	0	0	0	0	0	0	3
26152	1	0	0	0	1	0	0	0	0	0	0	0	2
26153	1	0	0	0	1	0	0	0	0	0	0	0	2
26154	0	0	0	0	2	0	0	0	0	0	0	0	2
26155	1	0	0	0	0	0	0	0	0	0	0	0	1
26156	2	0	0	0	0	0	0	0	0	0	0	0	2
26157	2	0	0	0	0	0	0	1	0	0	0	0	3
26158	0	1	0	0	0	0	0	0	0	0	0	0	1
26159	2	0	0	0	0	0	0	0	0	0	0	0	2
26160	1	0	0	0	0	0	0	0	0	0	0	0	1
26162	2	0	0	0	0	0	0	1	0	0	0	0	3
26163	0	1	0	0	0	0	0	0	0	0	0	0	1
26164	2	0	0	0	0	0	0	0	0	0	0	0	2
26165	2	0	1	0	0	0	0	0	0	0	0	0	3
26166	1	0	0	0	1	0	0	0	0	0	0	0	2
26167	2	0	0	1	0	0	0	0	0	0	0	0	3
26168	2	0	0	1	1	0	0	0	0	0	0	0	4
26169	0	1	0	0	0	0	0	0	0	0	0	0	1
26170	1	0	1	0	0	0	0	0	0	0	0	0	2
26171	1	0	0	0	0	0	0	0	0	0	0	0	1
26172	2	0	0	0	0	0	2	0	0	0	0	0	4
26173	1	0	0	0	1	0	0	0	0	0	0	0	2
26174	2	0	0	0	0	0	1	0	0	0	0	0	3
26176	1	0	0	2	0	0	0	0	0	0	0	0	3
26177	1	0	0	0	0	0	0	0	0	0	0	0	1
26178	2	0	0	0	0	0	0	1	0	0	0	0	3
26179	2	0	0	0	1	0	0	0	0	0	0	0	3
26180	0	0	0	1	1	0	0	0	0	0	0	0	2
26181	1	0	0	0	1	0	0	0	0	0	0	0	2
26182	2	0	0	0	0	0	0	0	0	0	0	0	2
26183	1	0	0	1	2	0	1	1	0	0	0	0	6
26184	2	0	0	0	0	1	0	0	0	0	0	0	3
26185	1	0	0	0	0	0	0	0	0	0	0	0	1
26186	2	0	0	0	0	0	0	0	0	0	0	0	2
26187	2	0	0	0	0	0	0	1	0	0	0	0	3
26188	2	0	0	0	1	0	0	1	0	0	0	0	4
26189	1	0	0	0	1	0	0	1	0	0	0	0	3
26190	1	0	0	0	0	0	1	0	0	0	0	0	2
26191	0	0	0	0	1	0	0	0	0	0	0	0	1
26192	2	0	0	0	0	0	1	1	0	0	0	0	4
26193	1	0	0	0	1	0	0	0	0	0	0	0	2
26194	0	0	0	0	2	0	0	0	0	0	0	0	2
26195	1	0	0	0	0	0	0	0	0	0	0	0	1
26196	3	0	0	0	0	0	0	0	0	0	0	0	3
26197	2	0	0	0	0	0	0	0	0	0	0	0	2
26198	2	0	0	0	0	0	1	0	0	0	0	0	3
26199	0	1	1	0	0	0	0	0	0	0	0	0	2
26200	2	0	0	0	2	0	0	0	0	0	0	0	4
26201	2	0	0	0	0	0	0	3	0	0	0	0	5
26202	0	0	0	0	2	0	0	0	0	0	0	0	2
26204	1	0	0	0	2	0	0	0	0	0	0	0	3
26205	2	0	0	0	0	0	0	0	0	0	0	0	2
26206	3	0	0	0	0	0	0	1	0	0	0	0	4
26207	1	0	0	1	0	0	0	0	0	0	0	0	2
26208	0	0	0	1	0	0	0	0	0	0	0	0	1
26209	2	0	0	1	1	0	0	0	0	0	0	0	4
26210	2	0	0	1	0	0	0	0	0	0	0	0	3
26211	1	0	0	0	0	0	0	0	0	0	0	0	1
26212	1	0	0	0	0	0	1	0	0	0	0	0	2
26213	3	0	0	0	0	0	0	0	0	0	0	0	3
26214	1	0	0	1	0	0	0	1	0	0	0	0	3
26215	3	0	0	0	0	0	0	0	0	0	0	0	3
26216	2	0	0	1	0	0	0	0	0	0	0	0	3
26219	1	0	0	0	2	0	0	0	0	0	0	0	3
26220	0	1	0	0	4	0	0	0	0	0	0	0	5
26221	2	0	0	0	0	0	1	1	0	0	0	0	4
26222	2	0	0	0	0	0	1	0	0	0	0	0	3
26223	1	0	0	0	0	0	0	0	0	0	0	0	1
26224	2	0	0	1	0	0	0	0	0	0	0	0	3
26225	0	0	0	1	0	2	0	0	0	0	0	0	3
26226	3	0	0	0	0	0	0	0	0	0	0	0	3
26227	0	1	0	0	0	0	0	0	0	0	0	0	1
26228	2	0	0	0	0	0	0	0	0	0	0	0	2
26229	1	0	0	0	0	0	0	0	0	0	0	0	1
26230	1	0	0	0	1	0	0	0	0	0	0	0	2
26231	0	0	0	2	1	0	0	1	0	0	0	0	4
26232	2	0	0	0	0	0	0	0	0	0	0	0	2
26233	2	1	0	0	0	0	0	0	0	0	0	0	3
26234	1	0	0	0	0	0	0	0	0	0	0	0	1
26235	1	0	0	0	1	0	1	0	0	0	0	0	3
26236	3	0	0	0	0	0	0	0	0	0	0	0	3
26237	2	0	0	1	1	0	0	0	0	0	0	0	4
26238	4	0	0	0	1	0	0	1	0	0	0	0	6
26239	2	0	0	0	0	0	0	0	0	0	0	0	2
26240	1	0	0	0	1	0	0	0	0	0	0	0	2
26241	2	0	0	0	0	1	0	0	0	0	0	0	3
26242	1	0	0	0	1	0	0	0	0	0	0	0	2
26243	1	0	0	0	1	0	0	0	0	0	0	0	2
26244	2	0	0	0	1	0	0	1	0	0	0	0	4
26245	0	0	1	0	0	0	0	0	0	0	0	0	1
26246	0	1	0	4	1	0	0	0	0	0	0	0	6
26247	2	0	0	1	0	0	0	0	0	0	0	0	3
26248	2	0	0	0	0	0	0	1	0	0	0	0	3
26250	1	0	0	0	1	0	0	0	0	0	0	0	2
26251	3	0	0	0	0	0	0	0	0	0	0	0	3
26252	2	0	0	0	0	0	0	0	0	0	0	0	2
26253	2	0	0	0	3	0	0	0	0	0	0	0	5
26254	0	0	1	0	0	0	0	0	0	0	0	0	1
26256	2	0	0	0	0	0	0	0	0	0	0	0	2
26257	3	0	0	0	0	0	0	0	0	0	0	0	3
26258	3	0	0	0	2	0	0	0	0	0	0	0	5
26259	1	0	0	0	1	0	0	0	0	0	0	0	2
26260	0	0	0	0	1	0	0	0	0	0	0	0	1
26261	0	0	0	0	0	0	1	0	0	0	0	0	1
26262	1	0	0	1	0	0	0	0	0	0	0	0	2
26263	1	0	0	0	0	0	0	0	0	0	0	0	1
26264	2	0	0	0	0	0	0	0	0	0	0	0	2
26265	0	0	1	0	0	0	0	0	0	0	0	0	1
26266	1	0	0	0	0	0	0	0	0	0	0	0	1
26267	3	0	0	0	0	0	0	0	0	0	0	0	3
26268	0	0	0	0	1	0	1	0	0	0	0	0	2
26269	2	0	0	0	3	0	0	0	0	0	0	0	5
26270	1	0	0	0	0	0	0	0	0	0	0	0	1
26272	1	0	0	0	1	0	0	0	0	0	0	0	2
26273	1	0	0	0	0	0	0	1	0	0	0	0	2
26274	1	1	0	0	0	0	0	0	0	0	0	0	2
26275	0	0	0	0	2	0	0	1	0	0	0	0	3
26276	0	1	0	1	2	0	0	0	0	0	0	0	4
26277	1	0	0	0	0	0	0	0	0	0	0	0	1
26278	3	0	0	0	0	0	0	0	0	0	0	0	3
26280	1	0	0	0	1	0	0	0	0	0	0	0	2
26281	2	0	0	0	0	0	1	0	0	0	0	0	3
26282	3	0	0	0	0	0	0	0	0	0	0	0	3
26283	0	0	0	0	1	0	0	0	0	0	0	0	1
26284	1	0	0	0	0	0	0	0	0	0	0	0	1
26285	1	1	0	0	0	0	0	0	0	0	0	0	2
26286	1	0	0	0	0	0	1	0	0	0	0	0	2
26287	2	0	0	0	0	0	0	0	0	0	0	0	2
26288	3	0	0	0	2	0	0	0	0	0	0	0	5
26289	3	0	0	0	0	1	0	0	0	0	0	0	4
26290	1	0	0	0	0	0	0	0	0	0	0	0	1
26291	1	0	0	0	1	0	0	0	0	0	0	0	2
26292	2	0	0	0	2	0	0	0	0	0	0	0	4
26293	1	1	0	2	1	0	0	0	0	0	0	0	5
26294	1	0	0	0	1	0	0	2	0	0	0	0	4
26295	2	0	0	0	1	0	0	0	0	0	0	0	3
26296	1	0	0	0	0	0	0	0	0	0	0	0	1
26298	4	0	0	0	0	0	0	0	0	0	0	0	4
26299	2	0	0	0	1	0	0	1	0	0	0	0	4
26300	1	0	0	0	0	0	0	0	0	0	0	0	1
26301	2	0	0	0	0	0	0	0	0	0	0	0	2
26302	2	0	0	1	0	0	0	0	0	0	0	0	3
26303	2	0	0	0	0	0	0	0	0	0	0	0	2
26304	1	0	0	1	0	0	0	0	0	0	0	0	2
26305	1	0	0	0	1	1	0	0	0	0	0	0	3
26306	1	0	0	0	0	0	0	0	1	0	0	0	2
26307	0	0	0	0	2	0	0	0	0	0	0	0	2
26308	0	0	0	0	1	0	0	0	0	0	0	0	1
26309	3	0	0	0	0	0	0	0	0	0	0	0	3
26311	2	0	0	0	0	0	0	1	0	0	0	0	3
26312	0	0	0	0	2	0	0	0	0	0	0	0	2
26313	1	0	0	0	0	1	0	0	0	0	0	0	2
26314	3	0	0	0	0	0	0	0	0	0	0	0	3
26315	1	0	0	0	2	0	0	0	0	0	0	0	3
26316	2	0	0	0	2	0	0	0	1	0	0	0	5
26317	1	0	0	0	3	0	0	0	0	0	0	0	4
26318	1	0	0	0	1	0	0	0	0	0	0	0	2
26319	1	0	0	0	1	0	0	0	0	0	0	0	2
26320	0	0	0	0	0	0	0	1	0	0	0	0	1
26321	1	0	0	1	0	0	0	0	0	0	0	0	2
26322	0	0	1	0	0	0	0	0	0	0	0	0	1
26323	3	0	0	0	0	0	0	0	0	0	0	0	3
26324	2	0	0	0	1	0	0	1	0	0	0	0	4
26325	1	0	0	0	1	0	0	0	0	0	0	0	2
26328	2	0	0	0	0	0	0	0	0	0	0	0	2
26329	3	0	0	0	0	0	0	0	0	0	0	0	3
26330	0	0	0	0	1	0	0	0	0	0	0	0	1
26331	3	0	0	0	0	0	0	0	0	0	0	0	3
26332	1	0	0	0	0	0	0	0	0	0	0	0	1
26333	2	0	0	0	0	0	0	0	0	0	0	0	2
26334	2	0	0	0	0	0	0	0	0	0	0	0	2
26335	0	0	1	0	1	0	0	0	0	0	0	0	2
26336	1	0	0	0	1	0	0	0	0	0	0	0	2
26337	0	0	0	0	2	0	0	0	0	0	0	0	2
26338	2	0	0	0	0	0	1	0	0	1	0	0	4
26339	0	0	0	1	0	0	0	0	0	0	0	0	1
26340	5	0	0	0	0	0	0	2	0	0	0	0	7
26341	1	0	0	0	1	0	0	0	0	0	0	0	2
26342	5	0	0	0	0	0	1	0	0	0	0	0	6
26343	1	0	0	0	0	0	0	1	0	0	0	0	2
26344	3	0	0	0	1	0	0	0	0	0	0	0	4
26345	0	0	0	0	2	0	0	0	0	0	0	0	2
26346	1	0	0	0	0	0	0	0	0	0	0	0	1
26348	2	0	0	0	0	0	0	0	0	0	0	0	2
26349	2	0	0	1	0	0	0	0	0	0	0	0	3
26350	1	0	0	0	0	0	0	1	0	0	0	0	2
26351	0	0	0	0	1	0	0	1	0	0	0	0	2
26352	4	0	0	0	1	0	0	0	0	0	0	0	5
26353	1	0	0	0	0	0	0	0	0	0	0	0	1
26354	1	0	0	0	2	0	0	0	0	0	0	0	3
26355	3	0	0	0	0	0	0	1	0	0	0	0	4
26356	1	0	0	0	2	0	0	0	0	0	0	0	3
26357	2	0	0	0	0	0	0	0	0	0	0	0	2
26358	3	0	0	0	0	0	0	0	0	0	0	0	3
26359	1	0	0	0	0	0	0	0	0	0	0	0	1
26360	2	0	0	0	0	0	0	0	0	0	0	0	2
26361	2	0	1	0	0	0	0	0	0	0	0	0	3
26362	0	0	0	0	1	1	0	0	0	0	0	0	2
26363	3	0	0	0	1	0	0	1	0	0	0	0	5
26364	2	0	0	0	0	0	0	0	0	0	0	0	2
26365	0	0	0	0	1	0	0	1	0	0	0	0	2
26366	3	0	0	0	0	0	0	0	0	0	0	0	3
26367	2	0	0	0	0	0	0	0	0	0	0	0	2
26368	1	0	0	0	0	0	0	1	0	0	0	0	2
26369	3	0	0	1	0	0	0	1	0	0	0	0	5
26370	0	0	0	0	1	0	0	0	0	0	0	0	1
26371	0	0	0	0	1	0	0	0	0	0	0	0	1
26372	2	0	1	0	0	0	0	0	0	0	0	0	3
26373	0	0	1	0	0	1	0	0	0	0	0	0	2
26374	0	1	0	0	1	0	0	0	0	0	0	0	2
26375	1	0	0	0	4	0	0	0	0	0	0	0	5
26376	2	0	0	0	2	0	0	0	0	0	0	0	4
26377	0	1	0	1	0	0	0	1	0	0	0	0	3
26378	0	0	0	1	0	0	0	0	0	0	0	0	1
26379	1	0	0	0	1	0	0	0	0	0	0	0	2
26380	1	0	0	1	0	0	0	0	0	0	0	0	2
26381	0	1	0	0	0	0	0	0	0	0	0	0	1
26382	2	0	0	0	1	0	0	0	0	0	0	0	3
26383	1	0	0	0	1	0	0	0	0	0	0	0	2
26384	3	0	0	0	0	0	0	0	0	0	0	0	3
26385	1	0	0	0	1	0	0	0	0	0	0	0	2
26386	0	0	0	0	0	1	0	0	0	0	0	0	1
26387	1	0	0	0	1	0	0	0	0	0	0	0	2
26388	3	0	0	0	1	0	0	0	0	0	0	0	4
26389	1	0	0	0	1	0	0	0	0	0	0	0	2
26390	1	0	0	1	1	1	0	1	1	0	0	0	6
26392	2	0	0	0	0	0	0	0	0	0	0	0	2
26393	0	0	1	0	0	0	0	0	0	0	0	0	1
26394	2	0	0	1	0	0	0	0	0	0	0	0	3
26395	1	0	0	0	1	0	0	1	0	0	0	0	3
26396	2	0	0	0	1	0	0	0	0	0	0	0	3
26397	1	0	0	1	1	0	0	0	0	0	0	0	3
26398	0	1	0	0	1	0	0	0	0	0	0	0	2
26399	2	0	0	0	0	0	0	0	0	0	0	0	2
26400	2	0	0	0	0	0	0	0	0	0	0	0	2
26402	2	0	0	0	2	0	0	0	0	0	0	0	4
26403	1	0	0	0	0	0	0	1	0	0	0	0	2
26405	1	0	0	0	0	1	0	0	0	0	0	0	2
26406	2	0	0	0	1	0	0	0	0	0	0	0	3
26407	4	0	0	0	1	0	0	0	0	0	0	0	5
26408	1	1	0	0	0	0	1	0	0	0	0	0	3
26409	2	0	0	0	1	0	0	1	1	0	0	0	5
26410	1	0	0	1	1	0	0	0	0	0	0	0	3
26411	2	0	0	0	0	0	0	1	0	0	0	0	3
26412	0	0	1	0	0	0	0	0	0	0	0	0	1
26413	2	0	0	0	1	0	0	0	0	0	0	0	3
26414	1	0	0	0	1	0	1	0	2	0	0	0	5
26415	2	0	0	0	1	0	0	0	0	0	0	0	3
26416	2	0	0	0	0	0	0	0	0	0	0	0	2
26417	0	0	0	0	0	1	0	0	0	0	0	0	1
26418	3	0	0	0	0	0	1	0	0	0	0	0	4
26419	2	0	0	0	0	0	0	0	0	0	0	0	2
26420	0	0	0	0	1	0	0	1	0	0	0	0	2
26421	3	0	0	0	0	0	0	1	0	0	0	0	4
26422	3	0	0	0	1	0	0	0	0	0	0	0	4
26423	2	0	0	0	0	0	0	0	0	0	0	0	2
26424	2	0	0	0	0	0	0	0	0	0	0	0	2
26425	1	0	0	0	0	0	0	1	0	0	0	0	2
26426	3	0	0	1	0	0	0	0	0	0	0	0	4
26427	2	0	0	0	0	0	0	0	0	0	0	0	2
26428	0	0	0	0	1	0	0	0	0	0	0	0	1
26429	0	0	0	0	1	0	0	0	0	0	0	0	1
26430	1	0	0	0	1	0	0	0	1	1	0	0	4
26431	1	0	0	0	2	0	0	0	1	0	0	0	4
26432	2	1	0	0	1	0	0	0	0	0	0	0	4
26434	2	0	0	0	0	0	0	0	0	0	0	0	2
26435	2	0	0	0	0	0	0	0	0	0	0	0	2
26436	1	0	0	0	0	0	1	1	0	0	0	0	3
26437	4	0	0	0	0	0	0	0	0	0	0	0	4
26438	1	0	0	0	0	0	0	0	0	0	0	0	1
26439	2	1	0	0	0	0	0	0	0	0	0	0	3
26440	1	0	0	0	1	0	0	0	0	0	0	0	2
26441	1	0	0	1	1	0	0	0	0	0	0	0	3
26442	1	0	0	0	2	0	0	0	0	0	0	0	3
26443	1	0	0	0	1	0	0	0	1	0	0	0	3
26444	3	0	0	0	0	0	0	0	0	0	0	0	3
26445	1	0	0	0	0	0	0	0	0	0	0	0	1
26446	2	0	0	0	2	0	0	1	0	0	0	0	5
26447	0	0	0	1	0	0	0	0	0	0	0	0	1
26448	1	2	0	0	0	0	0	0	0	0	0	0	3
26449	3	0	0	0	0	0	0	0	0	0	0	0	3
26451	2	0	0	0	1	0	0	0	0	0	0	0	3
26452	2	0	0	0	0	0	0	0	0	0	0	0	2
26453	1	0	1	0	0	0	0	0	0	0	0	0	2
26454	1	0	0	0	0	0	0	1	1	0	0	0	3
26455	0	0	0	0	1	0	0	0	0	0	0	0	1
26456	0	0	1	0	1	0	0	0	0	0	0	0	2
26457	3	0	0	1	1	0	0	0	0	0	0	0	5
26458	1	0	0	0	1	0	0	0	0	1	0	0	3
26459	1	0	0	0	1	0	0	0	0	0	0	0	2
26460	0	0	0	2	0	0	0	0	0	0	0	0	2
26461	1	0	0	0	0	0	0	0	0	0	0	0	1
26462	2	0	0	0	0	0	0	1	0	0	0	0	3
26463	0	0	0	0	1	0	0	0	0	0	0	0	1
26464	2	0	0	0	1	0	0	1	0	0	0	0	4
26465	3	0	0	0	0	0	0	2	0	0	0	0	5
26466	1	0	0	0	0	0	0	1	0	0	0	0	2
26467	4	0	0	0	0	0	0	0	0	0	0	0	4
26468	1	0	0	0	0	0	0	0	0	0	0	0	1
26469	0	0	0	0	3	0	0	0	0	0	0	0	3
26470	0	1	0	0	0	0	0	0	0	0	0	0	1
26471	4	0	0	0	1	0	0	0	0	0	0	0	5
26472	2	0	0	0	0	0	0	0	0	0	0	0	2
26474	2	0	0	0	0	0	0	2	0	0	0	0	4
26475	1	0	0	0	0	0	1	0	0	0	0	0	2
26476	0	0	0	1	0	0	0	0	0	0	0	0	1
26477	2	0	0	0	0	0	0	0	0	0	0	0	2
26478	3	0	0	0	1	0	0	0	0	0	0	0	4
26479	2	0	0	0	0	0	0	1	0	0	0	0	3
26480	3	0	0	0	0	0	0	0	0	0	0	0	3
26481	1	0	0	0	0	0	0	0	0	0	0	0	1
26482	1	0	0	1	0	0	0	0	0	0	0	0	2
26483	3	0	0	0	1	0	0	0	0	0	0	0	4
26485	3	0	0	0	0	0	0	0	0	0	0	0	3
26486	2	0	0	0	0	0	0	1	0	0	0	0	3
26487	1	0	0	1	1	0	0	0	0	0	0	0	3
26488	1	0	0	0	1	0	0	1	0	0	0	0	3
26489	2	0	0	0	0	0	0	0	0	0	0	0	2
26490	1	0	0	0	3	0	1	0	0	0	0	0	5
26491	1	0	0	0	3	0	0	0	0	0	0	0	4
26492	0	0	0	0	2	0	0	0	0	0	0	0	2
26493	3	0	0	0	0	0	0	0	0	0	0	0	3
26494	0	1	0	0	0	0	0	0	0	0	0	0	1
26495	2	0	0	0	0	0	0	0	0	0	0	0	2
26496	0	0	0	0	1	0	0	0	0	0	0	0	1
26497	0	0	1	0	0	0	0	0	0	0	0	0	1
26498	0	0	0	0	2	0	0	0	0	0	0	0	2
26499	2	0	0	0	0	0	0	0	0	0	0	0	2
26500	0	1	0	0	0	0	0	0	0	0	0	0	1
26501	2	0	0	0	0	0	0	0	0	0	0	0	2
26502	1	0	0	0	2	0	0	0	0	0	0	0	3
26503	1	0	0	0	0	0	0	1	0	0	0	0	2
26504	2	0	0	1	0	0	0	0	0	0	0	0	3
26505	4	0	0	0	2	0	0	2	0	0	0	0	8
26506	0	0	0	0	4	0	0	1	0	0	0	0	5
26507	2	0	0	0	1	0	0	0	0	0	0	0	3
26508	2	0	0	1	0	0	0	0	0	0	0	0	3
26509	1	0	0	0	0	0	0	0	0	0	0	0	1
26510	1	0	0	0	3	1	1	0	0	0	0	0	6
26511	3	0	0	0	0	0	0	1	0	0	0	0	4
26512	2	0	0	0	1	1	0	0	0	0	0	0	4
26513	2	0	0	0	0	0	0	0	0	0	0	0	2
26514	2	0	0	1	0	0	0	0	0	0	0	0	3
26515	1	0	0	0	0	0	1	1	0	0	0	0	3
26516	1	0	0	0	2	0	0	0	0	0	0	0	3
26517	1	0	0	0	0	0	0	0	0	0	0	0	1
26518	3	0	0	0	0	0	0	0	0	0	0	0	3
26520	3	0	0	0	0	0	0	0	0	0	0	0	3
26521	2	0	0	0	0	0	0	0	0	0	0	0	2
26522	0	0	0	1	3	0	0	0	0	0	0	0	4
26523	2	0	0	0	1	0	0	0	0	0	0	0	3
26524	3	0	0	0	0	0	0	0	0	0	0	0	3
26525	5	0	0	0	0	0	0	0	0	0	0	0	5
26526	1	0	0	0	1	0	0	0	0	0	0	0	2
26527	3	0	0	0	0	0	0	0	0	0	0	0	3
26528	3	0	0	0	0	0	0	0	0	0	0	0	3
26529	4	0	0	0	1	0	1	0	0	0	0	0	6
26530	2	0	0	1	1	0	0	0	0	0	0	0	4
26531	1	0	0	0	0	0	0	0	0	0	0	0	1
26532	0	0	0	2	0	0	0	0	0	0	0	0	2
26533	2	0	0	0	1	0	0	0	0	0	0	0	3
26534	1	0	0	0	0	0	0	0	0	0	0	0	1
26535	1	0	0	0	3	0	0	0	0	0	0	0	4
26536	1	0	0	0	0	0	0	0	0	0	0	0	1
26537	1	0	0	0	0	0	0	1	0	0	0	0	2
26538	1	0	0	1	0	0	0	0	0	0	0	0	2
26539	1	0	0	0	1	0	0	0	0	0	0	0	2
26540	3	0	0	0	0	0	0	0	0	0	0	0	3
26541	0	0	0	0	0	0	1	0	0	0	0	0	1
26542	1	0	0	0	0	0	0	1	0	0	0	0	2
26543	0	0	1	0	0	0	0	0	0	0	0	0	1
26544	4	0	0	0	0	0	0	0	0	0	0	0	4
26545	2	0	0	0	0	0	0	1	0	0	0	0	3
26546	2	0	0	0	0	0	0	0	0	0	0	0	2
26547	2	0	0	0	0	0	0	0	0	0	0	0	2
26548	1	0	0	0	1	2	0	0	0	0	0	0	4
26549	2	0	0	0	0	0	0	1	0	0	0	0	3
26550	4	0	0	0	0	0	0	0	0	0	0	0	4
26551	2	0	0	0	0	0	0	0	0	0	0	0	2
26552	1	0	0	0	1	0	0	0	0	0	0	0	2
26553	2	0	0	0	0	0	0	0	0	0	0	0	2
26554	0	0	0	0	2	0	0	0	0	0	0	0	2
26555	3	0	0	0	0	0	0	0	0	0	0	0	3
26556	3	0	0	0	0	0	0	0	0	0	0	0	3
26557	2	0	0	0	1	0	0	0	0	0	0	0	3
26558	1	0	0	0	1	0	0	0	0	0	0	0	2
26560	5	0	0	0	0	0	0	0	0	0	0	0	5
26561	1	0	0	0	1	0	0	0	0	0	0	0	2
26562	2	0	0	0	1	0	0	0	0	0	0	0	3
26563	1	0	0	0	3	0	0	0	0	0	0	0	4
26564	2	0	0	0	1	0	0	0	0	0	0	0	3
26565	2	0	0	0	1	0	0	0	0	0	0	0	3
26566	1	0	0	0	0	0	0	2	0	0	0	0	3
26567	2	0	0	0	3	0	0	0	0	0	0	0	5
26568	0	0	0	0	2	0	0	0	0	0	0	0	2
26569	3	0	0	0	1	0	0	0	0	0	0	0	4
26570	2	0	0	0	0	0	0	1	0	0	0	0	3
26571	2	0	0	0	1	0	0	0	0	0	0	0	3
26572	2	0	0	0	0	0	0	0	0	0	0	0	2
26573	2	0	0	0	0	0	0	0	0	0	0	0	2
26574	2	0	0	2	0	0	0	1	0	0	0	0	5
26575	2	0	0	0	0	0	0	0	0	0	0	0	2
26576	2	0	0	0	0	0	0	0	0	0	0	0	2
26577	4	0	0	0	0	0	1	0	1	0	0	0	6
26578	1	0	0	0	1	0	0	0	0	0	0	0	2
26579	2	0	0	0	1	0	0	0	0	0	0	0	3
26580	2	0	0	0	2	0	0	0	0	0	0	0	4
26581	0	0	0	1	2	0	0	0	0	0	0	0	3
26582	1	0	0	0	1	0	0	0	0	0	0	0	2
26583	2	0	0	0	0	0	0	1	0	0	0	0	3
26584	2	0	0	0	0	0	0	0	0	0	0	0	2
26585	0	0	0	0	6	0	0	0	0	0	0	0	6
26586	0	0	0	2	1	0	0	0	0	1	0	0	4
26587	2	0	0	0	0	1	0	0	0	0	0	0	3
26588	2	0	1	0	0	0	0	0	0	0	0	0	3
26589	0	0	0	1	2	0	0	0	0	0	0	0	3
26590	0	0	0	0	1	1	0	0	0	0	0	0	2
26591	1	0	3	0	0	0	0	0	0	0	0	0	4
26592	1	0	0	0	0	0	0	0	0	0	0	0	1
26593	2	0	0	1	0	0	0	0	0	0	0	0	3
26595	1	0	1	0	0	0	0	0	0	0	0	0	2
26596	1	0	0	0	0	0	0	1	0	0	0	0	2
26597	1	0	0	0	5	0	0	0	0	0	0	0	6
26598	2	0	0	0	2	0	0	0	0	0	0	0	4
26599	4	0	0	0	1	0	0	0	0	0	0	0	5
26600	2	0	0	0	0	0	0	0	0	0	0	0	2
26601	1	0	0	0	1	0	0	0	0	0	0	0	2
26602	2	0	0	0	0	0	0	0	0	0	0	0	2
26603	1	0	0	0	0	0	0	0	0	0	0	0	1
26604	3	0	0	1	0	0	0	0	0	0	0	0	4
26605	0	0	0	0	3	0	0	0	0	0	0	0	3
26606	3	0	0	0	0	0	0	0	0	0	0	0	3
26607	0	0	0	0	1	0	0	0	0	0	0	0	1
26608	1	0	0	0	2	0	0	0	0	0	0	0	3
26609	0	0	0	0	2	0	0	0	0	0	0	0	2
26610	2	0	0	1	0	0	0	0	1	0	0	0	4
26611	1	0	0	0	0	0	0	1	0	0	0	0	2
26612	1	0	0	0	0	0	0	0	0	0	0	0	1
26613	2	0	0	0	0	0	0	1	0	0	0	0	3
26614	3	0	0	1	0	0	0	0	0	0	0	0	4
26615	2	0	0	0	0	0	0	1	0	0	0	0	3
26616	2	0	0	0	1	0	0	0	0	0	1	0	4
26617	1	0	0	0	0	0	0	0	0	0	0	0	1
26618	1	0	0	0	0	0	0	1	0	0	0	0	2
26619	1	0	0	0	0	0	0	0	0	0	0	0	1
26620	2	0	0	0	0	0	0	0	0	0	0	0	2
26621	1	0	0	0	0	0	0	1	0	0	0	0	2
26622	0	0	0	0	1	0	0	0	0	0	0	0	1
26623	0	0	0	1	0	0	1	0	0	0	0	0	2
26624	2	0	0	0	0	0	0	0	0	0	0	0	2
26625	2	0	0	0	0	0	0	0	0	0	0	0	2
26626	0	0	0	0	11	0	0	0	0	0	0	0	11
26627	2	0	0	0	0	0	1	0	0	0	0	0	3
26628	4	0	0	0	0	0	1	1	0	0	0	0	6
26629	0	0	0	0	1	0	0	0	0	0	0	0	1
26630	2	0	0	0	1	0	0	0	0	0	0	0	3
26631	4	0	0	0	1	0	0	0	0	0	0	0	5
26632	2	0	0	0	1	0	0	0	0	0	0	0	3
26633	3	0	0	0	0	0	0	1	0	0	0	0	4
26634	1	0	1	0	0	0	0	0	0	0	0	0	2
26635	0	0	0	0	1	0	0	0	0	0	0	0	1
26636	2	0	0	0	0	0	0	0	0	0	0	0	2
26637	0	0	0	0	4	0	0	0	0	0	0	0	4
26638	3	0	0	0	0	0	0	0	0	0	0	0	3
26639	7	0	0	0	0	0	0	1	0	0	0	0	8
26640	1	0	0	1	2	0	0	0	0	0	0	0	4
26641	0	0	0	0	1	1	0	0	0	0	0	0	2
26642	0	0	0	1	2	0	0	0	0	0	0	0	3
26643	2	0	0	0	0	0	0	0	0	0	0	0	2
26644	3	0	0	0	0	0	0	1	1	0	0	0	5
26645	2	0	0	0	0	0	0	0	0	0	0	0	2
26646	2	0	0	0	1	0	0	0	0	0	0	0	3
26647	1	0	0	0	0	0	0	0	0	0	0	0	1
26648	1	0	0	1	2	0	0	0	0	0	0	0	4
26649	0	0	0	0	1	0	0	0	0	0	0	0	1
26650	6	0	0	0	0	1	0	0	0	0	0	0	7
26651	0	0	0	1	1	0	0	0	0	0	0	0	2
26652	2	0	0	0	1	0	0	1	0	0	0	0	4
26653	1	0	0	0	0	1	0	0	0	0	0	0	2
26654	1	0	0	0	0	0	0	0	0	0	0	0	1
26655	4	0	0	0	0	0	0	0	0	0	0	0	4
26656	2	0	0	0	0	0	0	0	0	0	0	0	2
26657	2	0	0	0	1	0	1	0	0	0	0	0	4
26658	2	0	0	0	1	0	0	0	0	0	0	0	3
26659	1	0	0	0	0	0	0	0	0	0	0	0	1
26660	4	0	0	0	0	0	0	0	0	0	0	0	4
26661	1	0	0	0	0	0	0	1	0	0	0	0	2
26662	0	0	0	0	1	0	0	0	0	0	0	0	1
26663	4	0	0	0	0	0	0	1	0	0	0	0	5
26664	1	0	0	0	0	0	0	1	0	0	0	0	2
26666	2	0	0	0	0	0	0	0	0	0	0	0	2
26667	3	0	0	0	0	0	0	0	0	0	0	0	3
26668	1	0	0	0	0	0	0	0	0	0	0	0	1
26669	1	0	0	0	0	0	0	0	0	0	0	0	1
26670	2	0	0	1	1	0	0	0	0	0	0	0	4
26671	4	0	0	0	0	0	0	0	0	0	0	0	4
26672	2	1	0	0	1	0	0	0	0	0	0	0	4
26673	3	0	0	0	0	0	0	0	0	0	0	0	3
26674	0	0	0	0	1	0	0	0	0	0	0	0	1
26675	1	0	0	0	2	0	0	0	0	0	0	0	3
26676	2	0	0	0	0	0	0	0	1	0	0	0	3
26677	3	0	0	0	0	0	0	0	0	0	0	0	3
26678	3	0	0	0	1	0	1	0	0	0	0	0	5
26679	0	0	1	0	2	0	1	0	0	0	0	0	4
26680	1	0	0	0	1	0	0	0	0	0	0	0	2
26681	2	0	0	0	1	0	0	1	0	0	0	0	4
26682	3	0	0	0	0	0	0	0	0	0	0	0	3
26683	3	0	0	1	0	0	1	1	0	0	0	0	6
26684	2	0	0	0	0	0	0	0	0	0	0	0	2
26685	1	0	0	1	1	0	0	0	0	0	0	0	3
26686	3	0	0	0	0	0	1	0	0	0	0	0	4
26687	1	0	0	0	0	0	0	1	0	0	0	0	2
26688	3	0	0	0	0	2	0	0	0	0	0	0	5
26689	0	0	0	0	0	3	0	0	0	0	0	0	3
26690	2	0	0	0	0	0	0	0	0	0	0	0	2
26691	1	0	0	0	2	0	0	0	0	0	0	0	3
26692	1	0	0	0	1	0	0	0	0	0	0	0	2
26693	1	0	0	1	0	0	0	0	0	0	0	0	2
26694	0	0	0	1	2	0	0	0	0	0	0	0	3
26695	0	0	0	0	2	0	0	0	0	0	0	0	2
26696	2	0	0	0	0	0	0	0	0	0	0	0	2
26697	1	0	0	0	0	0	0	0	0	0	0	0	1
26698	2	0	0	0	1	0	0	0	0	0	0	0	3
26699	1	0	0	0	0	0	0	0	0	0	0	0	1
26700	1	1	0	1	0	0	0	0	0	0	0	0	3
26701	1	0	0	0	3	0	0	0	1	0	0	0	5
26702	0	0	0	0	1	0	0	0	0	0	0	0	1
26703	1	0	0	0	3	0	0	1	0	0	0	0	5
26704	2	0	0	0	0	0	0	1	0	0	0	0	3
26705	3	0	0	1	0	0	0	0	0	0	0	0	4
26706	2	0	0	0	1	0	0	1	0	0	0	0	4
26707	1	0	0	0	2	0	0	0	0	0	0	0	3
26708	3	0	0	0	0	0	0	0	0	0	0	0	3
26709	2	0	0	0	1	0	0	0	0	0	0	0	3
26710	2	0	0	0	0	0	0	0	0	0	0	0	2
26711	1	0	0	0	1	0	1	0	0	0	0	0	3
26712	2	0	0	0	1	0	0	0	0	0	0	0	3
26713	2	0	0	0	0	0	0	0	0	0	0	0	2
26714	2	0	0	0	0	0	0	0	1	0	0	0	3
26715	2	0	0	0	0	0	0	0	0	0	0	0	2
26716	2	0	0	0	0	0	0	2	1	0	0	0	5
26717	0	0	0	0	0	0	0	2	0	0	0	0	2
26718	2	0	0	0	1	0	0	0	0	0	0	0	3
26719	4	0	0	0	1	0	0	1	0	0	0	0	6
26720	0	0	1	0	4	0	0	0	0	0	0	0	5
26721	1	0	0	0	0	0	0	1	0	0	0	0	2
26722	3	0	0	1	0	0	0	0	0	0	0	0	4
26723	5	0	0	0	0	0	0	1	0	0	0	0	6
26724	2	0	0	0	0	0	0	0	0	0	0	0	2
26725	2	0	0	0	0	1	0	0	0	0	0	0	3
26726	1	1	0	0	0	0	0	0	0	0	0	0	2
26727	0	0	0	1	3	0	0	1	0	0	0	0	5
26728	2	0	0	0	0	0	0	0	0	0	0	0	2
26729	2	0	0	1	0	0	0	2	0	0	0	0	5
26730	2	0	0	0	2	0	0	0	0	0	0	0	4
26731	4	0	0	0	1	0	0	0	0	0	0	0	5
26732	3	0	0	0	0	0	0	0	0	0	0	0	3
26733	0	0	0	0	2	0	0	0	0	0	0	0	2
26734	5	0	0	0	1	0	0	0	0	0	0	0	6
26735	1	0	0	0	1	2	0	1	0	0	0	0	5
26736	2	0	0	0	1	0	0	0	0	0	0	0	3
26737	1	0	0	0	0	0	0	1	0	0	0	0	2
26738	3	0	0	0	1	0	0	0	1	0	0	0	5
26739	0	0	0	0	0	0	1	1	0	0	0	0	2
26740	1	0	0	0	0	0	0	0	0	0	0	0	1
26741	4	0	0	0	2	0	0	0	1	0	0	0	7
26742	3	0	0	0	0	0	0	1	0	0	0	0	4
26743	1	0	0	1	2	0	0	0	0	0	0	0	4
26744	2	0	0	0	0	0	0	1	0	0	0	0	3
26745	4	0	0	0	0	0	0	1	0	0	0	0	5
26746	2	0	0	0	1	0	0	0	0	0	0	0	3
26747	1	0	0	0	0	0	0	0	0	0	0	0	1
26748	0	0	0	0	2	0	0	0	0	0	0	0	2
26749	1	1	0	0	0	1	0	0	0	0	0	0	3
26750	3	0	0	0	0	0	0	0	0	0	0	0	3
26751	2	0	0	1	0	0	0	0	0	0	0	0	3
26752	2	0	0	0	0	0	0	0	0	0	0	0	2
26753	3	0	0	0	1	0	0	0	0	0	0	0	4
26754	0	0	0	0	1	0	0	0	0	0	0	0	1
26755	1	0	0	1	2	0	0	1	0	0	0	0	5
26756	3	0	0	0	0	0	0	1	0	0	0	0	4
26757	4	0	0	0	0	0	0	0	0	0	0	0	4
26758	4	0	0	0	0	0	0	0	0	0	0	0	4
26759	1	0	0	0	2	0	0	0	0	0	0	0	3
26760	2	0	0	0	0	0	0	0	0	0	0	0	2
26761	1	0	0	0	1	0	0	1	0	0	0	0	3
26762	2	0	0	0	0	0	0	0	0	0	0	0	2
26763	3	0	0	0	1	0	0	0	0	0	0	0	4
26764	1	0	0	0	1	0	0	0	0	0	0	0	2
26765	3	0	0	0	1	0	0	1	0	0	0	0	5
26766	3	0	0	0	1	0	0	0	0	0	0	0	4
26767	1	0	0	0	1	0	0	0	0	0	0	0	2
26768	2	0	0	0	0	0	0	0	0	0	0	0	2
26769	4	0	0	0	0	0	0	0	0	0	0	0	4
26770	3	0	0	0	0	0	0	0	0	0	0	0	3
26771	2	0	0	1	0	0	0	1	0	0	0	0	4
26772	0	1	0	2	1	0	1	0	0	0	0	0	5
26773	4	0	0	0	0	0	0	0	1	0	0	0	5
26774	1	0	0	0	0	0	0	0	0	0	0	0	1
26775	0	0	0	0	4	0	1	0	0	0	0	0	5
26776	2	0	0	0	0	0	0	0	0	0	0	0	2
26777	1	0	0	0	0	0	0	0	0	0	0	0	1
26778	2	0	0	0	1	0	0	0	0	0	0	0	3
26779	1	0	0	0	0	0	0	0	0	0	0	0	1
26780	2	0	0	0	1	0	0	0	0	0	0	0	3
26781	2	0	0	0	1	0	0	0	0	0	0	0	3
26782	1	0	0	0	0	0	0	1	0	0	0	0	2
26783	2	0	0	0	1	0	0	0	0	0	0	0	3
26784	3	0	0	0	0	0	0	0	0	0	0	0	3
26785	3	0	0	0	0	0	0	0	0	0	0	0	3
26786	1	0	0	0	0	0	0	0	0	0	0	0	1
26787	2	0	0	1	1	0	0	0	0	0	0	0	4
26788	1	0	0	0	1	0	0	0	0	0	0	0	2
26789	2	0	0	0	1	0	0	0	0	0	0	0	3
26790	1	0	0	0	0	0	0	0	0	0	0	0	1
26791	2	0	0	0	0	0	0	1	0	0	0	0	3
26792	0	0	0	2	2	0	0	0	1	0	0	0	5
26793	3	0	0	0	0	0	0	0	0	0	0	0	3
26794	3	0	0	0	0	0	0	0	0	0	0	0	3
26795	3	0	0	0	0	0	0	0	0	0	0	0	3
26796	3	0	0	0	1	0	0	1	0	0	0	0	5
26797	1	0	0	0	0	0	0	0	0	0	0	0	1
26798	1	0	0	1	1	0	0	0	0	0	0	0	3
26799	2	0	0	0	0	0	0	1	1	0	0	0	4
26800	2	0	0	0	1	0	0	0	0	0	0	0	3
26801	2	0	0	0	0	0	0	0	0	0	0	0	2
26802	3	0	0	1	1	0	0	0	0	0	0	0	5
26803	2	0	0	0	0	0	0	0	0	0	0	0	2
26804	2	0	0	0	0	0	0	1	0	0	0	0	3
26805	2	0	1	1	0	0	0	0	1	0	0	0	5
26806	3	0	0	0	2	0	0	0	0	0	0	0	5
26807	2	0	0	0	0	0	0	0	0	0	0	0	2
26808	2	0	0	0	0	0	0	1	0	0	0	0	3
26809	4	0	0	0	0	0	0	0	0	0	0	0	4
26810	0	0	1	0	0	0	0	0	0	0	0	0	1
26811	1	0	0	0	0	0	0	2	0	0	0	0	3
26812	2	0	0	0	0	0	0	0	0	0	0	0	2
26813	2	0	0	0	2	0	0	0	0	0	0	0	4
26814	4	0	0	0	0	0	0	0	0	1	0	0	5
26815	1	0	0	0	1	0	1	0	0	0	0	0	3
26816	3	0	0	0	0	0	0	0	0	0	0	0	3
26817	3	0	0	0	1	0	0	0	0	0	0	0	4
26818	2	0	0	0	0	0	0	0	0	0	0	0	2
26819	2	0	0	0	0	0	0	0	0	0	0	0	2
26820	2	0	0	0	0	0	0	0	0	1	0	0	3
26821	1	0	0	0	1	0	0	0	0	0	0	0	2
26822	3	0	0	0	0	0	0	1	0	0	0	0	4
26823	2	0	0	0	0	0	0	0	0	0	0	0	2
26824	2	0	0	0	0	0	0	1	0	0	0	0	3
26825	2	0	0	0	2	0	0	1	0	0	0	0	5
26826	3	0	0	0	1	0	0	1	0	0	0	0	5
26827	3	0	0	1	0	1	0	0	0	0	0	0	5
26828	2	0	0	0	0	0	0	0	0	0	0	0	2
26829	3	0	0	0	0	0	0	0	1	0	0	0	4
26830	1	0	0	0	1	0	0	0	0	0	0	0	2
26831	1	0	0	0	3	0	0	0	0	0	0	0	4
26832	4	0	0	0	1	0	0	1	0	0	0	0	6
26833	1	0	0	0	0	0	0	0	0	0	0	0	1
26834	1	0	0	0	1	0	0	0	0	0	0	0	2
26835	1	0	0	1	3	0	0	0	0	0	0	0	5
26836	1	0	0	0	0	0	0	1	0	0	0	0	2
26837	2	0	0	0	2	0	0	0	0	0	0	0	4
26838	3	0	0	0	2	0	0	0	1	0	0	0	6
26839	4	0	0	0	0	0	1	0	0	0	0	0	5
26840	2	0	0	0	1	0	0	1	0	0	0	0	4
26841	3	0	0	0	1	0	0	0	0	0	0	0	4
26842	4	0	0	0	0	0	0	0	0	0	0	0	4
26843	2	0	0	0	0	0	0	1	1	0	0	0	4
26844	3	0	0	0	0	0	0	0	0	0	0	0	3
26845	3	0	0	0	0	0	0	0	0	0	0	0	3
26846	4	0	0	0	0	0	0	0	0	0	0	0	4
26847	3	0	0	0	0	0	0	0	0	0	0	0	3
26848	2	0	0	0	0	0	0	0	0	0	0	0	2
26849	2	0	0	0	0	0	0	0	0	0	0	0	2
26851	3	0	0	0	0	0	0	0	0	0	0	0	3
26852	0	0	0	0	1	0	0	1	0	0	0	0	2
26853	4	0	0	0	0	0	0	0	0	0	0	0	4
26854	2	0	0	0	1	0	0	0	0	0	0	0	3
26855	2	0	0	0	0	0	0	0	0	0	0	0	2
26856	4	0	0	0	0	0	0	0	0	0	0	0	4
26857	1	0	0	0	1	0	0	0	0	0	0	0	2
26858	4	0	0	0	1	0	0	0	0	0	0	0	5
26859	1	0	0	0	1	0	0	0	0	0	0	0	2
26860	2	0	0	0	0	0	0	0	0	0	0	0	2
26861	2	0	0	0	0	0	0	0	0	0	0	0	2
26862	1	0	0	1	2	0	0	0	0	0	0	0	4
26863	2	0	0	0	0	0	0	2	0	0	0	0	4
26864	2	0	0	0	0	0	0	1	0	0	0	0	3
26865	4	0	0	0	1	0	0	0	0	0	0	0	5
26866	1	0	0	0	0	0	0	0	0	0	0	0	1
26867	2	0	0	0	0	0	0	0	0	0	0	0	2
26868	3	0	0	0	0	0	0	0	0	0	0	0	3
26869	0	0	0	0	2	0	0	0	0	0	0	0	2
26870	1	0	0	0	0	0	0	0	0	0	0	0	1
26871	2	0	0	0	0	0	0	1	0	0	0	0	3
26872	3	0	0	0	0	0	0	0	0	0	0	0	3
26874	1	0	0	0	0	0	0	1	0	0	0	0	2
26875	0	0	0	0	4	0	0	0	0	0	0	0	4
26876	4	0	0	0	0	0	0	0	0	0	0	0	4
26878	1	0	0	1	0	0	0	0	0	0	0	0	2
26879	2	0	0	0	0	0	1	0	0	0	0	0	3
26880	3	0	0	0	0	0	0	1	0	0	0	0	4
26881	2	0	0	0	1	0	0	0	0	0	0	0	3
26882	1	0	0	0	1	0	0	0	0	0	0	0	2
26883	2	0	0	0	0	0	1	0	1	1	0	0	5
26884	1	0	0	0	1	0	0	0	0	0	0	0	2
26885	1	0	0	1	0	0	0	0	0	0	0	0	2
26886	0	0	0	1	0	0	0	1	0	0	0	0	2
26887	2	0	0	1	0	0	0	0	0	0	0	0	3
26888	1	0	0	1	0	0	0	0	0	0	0	0	2
26889	0	0	0	1	0	0	0	0	0	0	0	0	1
26890	1	0	0	0	1	0	0	1	0	0	0	0	3
26891	4	0	0	0	2	0	0	0	1	0	0	0	7
26892	3	0	0	0	0	0	0	0	0	0	0	0	3
26893	4	0	0	0	2	0	0	0	0	0	0	0	6
26894	0	0	0	1	0	0	0	0	0	0	0	0	1
26895	0	1	0	0	2	0	0	0	0	0	0	0	3
26896	2	1	0	0	0	0	0	0	0	0	0	0	3
26897	3	0	0	1	0	0	0	0	0	0	0	0	4
26898	2	0	0	0	0	0	0	0	0	0	0	0	2
26899	1	0	1	0	0	0	0	0	0	0	0	0	2
26900	0	0	0	3	0	0	0	0	0	0	0	0	3
26901	0	0	1	0	0	0	0	0	0	0	0	0	1
26902	0	0	1	0	1	0	0	0	0	0	0	0	2
26903	1	0	0	2	0	0	0	0	0	0	0	0	3
26904	1	0	0	0	0	0	0	0	0	0	0	0	1
26905	3	0	0	1	0	0	0	0	0	0	0	0	4
26906	1	0	0	1	0	1	0	0	0	0	0	0	3
26907	1	0	0	0	2	0	0	0	0	0	0	0	3
26908	3	0	0	0	2	0	0	1	0	0	0	0	6
26909	1	0	0	1	0	0	1	1	0	0	0	0	4
26910	2	0	0	2	0	0	0	0	0	0	0	0	4
26911	2	0	0	0	0	0	0	0	0	0	0	0	2
26912	4	0	0	0	0	0	0	1	0	0	0	0	5
26913	1	0	0	0	1	0	0	0	0	0	0	0	2
26914	2	0	0	0	1	0	0	0	0	0	0	0	3
26915	2	0	0	0	0	0	0	0	0	0	0	0	2
26916	0	0	0	1	0	0	0	0	0	0	0	0	1
26917	0	0	0	0	1	0	0	2	0	0	0	0	3
26919	0	0	0	1	1	0	0	0	0	0	0	0	2
26920	2	0	0	0	1	0	0	0	0	0	0	0	3
26921	2	0	0	1	0	0	0	0	0	0	0	0	3
26922	1	0	0	1	0	0	0	0	0	0	0	0	2
26923	1	0	0	1	0	0	0	0	0	0	0	0	2
26924	2	0	0	0	0	0	0	0	0	0	0	0	2
26925	2	0	0	1	2	0	0	1	0	0	0	0	6
26926	0	0	0	1	0	0	0	0	0	0	0	0	1
26927	2	0	1	0	0	0	1	0	0	0	0	0	4
26928	0	0	0	1	0	0	0	0	0	0	0	0	1
26929	0	0	0	1	0	0	0	0	0	0	0	0	1
26930	2	0	0	0	1	0	0	1	0	0	0	0	4
26931	0	0	0	0	2	0	0	0	0	0	0	0	2
26932	3	0	0	0	0	0	0	0	0	0	0	0	3
26933	0	0	0	0	2	0	0	0	0	0	0	0	2
26934	1	0	1	0	0	0	0	0	0	0	0	0	2
26935	2	0	0	1	0	0	0	0	0	0	0	0	3
26936	3	0	0	1	1	0	0	0	0	0	0	0	5
26937	3	0	0	0	0	1	0	0	0	0	0	0	4
26938	2	0	0	0	1	0	0	0	0	0	0	0	3
26939	1	0	0	0	0	0	0	0	0	0	0	0	1
26940	1	0	0	0	2	0	0	0	0	0	0	0	3
26941	2	0	0	0	0	0	0	0	0	0	0	0	2
26942	1	0	0	0	1	0	0	0	0	0	0	0	2
26943	1	0	0	0	0	0	0	1	0	0	0	0	2
26944	2	0	0	0	0	0	0	0	0	0	0	0	2
26945	3	0	0	0	0	0	0	0	0	0	0	0	3
26946	2	0	0	0	0	0	0	0	0	0	0	0	2
26947	1	0	0	0	0	0	0	0	0	0	0	0	1
26948	1	0	1	0	0	0	0	0	0	0	0	0	2
26950	2	0	0	0	0	0	0	0	0	0	0	0	2
26952	2	0	0	0	1	0	0	0	0	0	0	0	3
26953	0	0	0	1	1	0	0	0	0	0	0	0	2
26954	3	0	0	0	0	0	0	0	0	0	0	0	3
26955	2	0	0	0	0	0	0	1	0	0	0	0	3
26956	1	0	0	1	0	0	0	1	0	0	0	0	3
26957	0	0	0	1	0	0	0	0	0	0	0	0	1
26958	2	0	0	1	0	0	0	1	0	0	0	0	4
26959	1	0	0	0	0	0	0	0	0	0	0	0	1
26960	1	0	0	0	0	0	0	0	0	0	0	0	1
26962	1	0	0	0	0	0	0	0	0	0	0	0	1
26963	1	0	0	0	0	0	0	0	0	0	0	0	1
26964	3	0	0	0	1	0	0	1	0	0	0	0	5
26965	2	0	0	1	0	0	0	0	0	0	0	0	3
26966	1	0	0	1	0	0	0	1	0	0	0	0	3
26967	2	0	0	1	2	0	0	0	0	0	0	0	5
26968	1	0	0	0	0	0	0	0	0	0	0	0	1
26969	3	0	0	0	0	0	0	0	0	0	0	0	3
26970	4	0	0	0	0	0	0	0	0	0	0	0	4
26971	2	0	0	1	1	0	0	1	0	0	0	0	5
26972	1	0	0	2	0	0	0	0	0	0	0	0	3
26973	0	0	0	0	0	0	0	0	1	0	0	0	1
26974	2	0	0	0	0	0	0	0	0	0	0	0	2
26975	2	0	0	0	0	0	0	0	0	0	0	0	2
26976	1	0	0	1	0	0	0	0	0	0	0	0	2
26978	2	0	0	0	0	0	0	1	0	0	0	0	3
26979	1	0	0	1	0	0	0	0	0	0	0	0	2
26980	2	0	0	0	0	0	0	0	0	0	0	0	2
26981	0	0	0	1	0	0	0	0	0	0	0	0	1
26982	0	0	0	0	1	0	0	0	0	0	0	0	1
26983	2	0	0	0	1	0	0	0	0	0	0	0	3
26984	4	0	0	0	0	0	0	0	0	0	0	0	4
26985	3	0	0	0	1	0	0	1	0	0	0	0	5
26987	0	0	1	0	0	0	0	0	0	0	0	0	1
26989	2	0	0	0	0	0	0	0	0	0	0	0	2
26990	0	0	0	2	0	0	0	0	0	0	0	0	2
26991	1	0	0	0	0	0	0	1	0	0	0	0	2
26992	1	0	0	1	0	0	0	0	0	0	0	0	2
26993	1	0	0	0	0	0	1	0	0	0	0	0	2
26994	2	0	0	0	1	0	0	0	0	0	0	0	3
26995	2	0	1	0	0	0	0	0	0	0	0	0	3
26997	1	0	0	0	0	0	0	0	0	0	0	0	1
26998	2	0	0	1	1	0	0	0	0	0	0	0	4
26999	1	0	0	0	1	0	0	0	0	0	0	0	2
27000	1	0	0	0	0	0	0	0	0	0	0	0	1
27001	2	0	0	0	0	0	0	0	0	0	0	0	2
27002	5	0	0	0	0	0	0	1	0	0	0	0	6
27003	3	0	0	0	1	0	0	0	0	0	0	0	4
27004	1	0	0	0	0	0	0	0	0	0	0	0	1
27005	2	0	0	0	0	0	0	0	0	0	0	0	2
27006	1	0	0	0	0	0	1	0	0	0	0	0	2
27007	2	0	0	0	0	0	0	1	0	0	0	0	3
27008	3	0	0	0	0	0	0	0	0	0	0	0	3
27010	1	0	0	1	0	0	1	0	1	0	0	0	4
27011	3	0	0	0	1	0	0	0	0	0	0	0	4
27012	1	0	0	0	0	0	0	0	0	0	0	0	1
27013	3	0	0	0	1	0	0	0	0	0	0	0	4
27014	1	0	0	0	0	0	0	1	0	0	0	0	2
27015	2	0	0	0	0	0	0	0	0	0	0	0	2
27016	3	0	0	0	0	0	0	0	0	0	0	0	3
27018	0	0	0	0	3	0	0	0	0	0	0	0	3
27020	1	0	0	1	0	0	0	0	0	0	0	0	2
27021	1	0	1	0	0	0	0	0	0	0	0	0	2
27022	1	0	0	0	4	1	0	0	1	0	0	0	7
27023	2	0	0	0	0	0	0	0	0	0	0	0	2
27024	1	0	0	1	0	0	0	0	0	0	0	0	2
27025	0	0	1	0	1	0	0	0	0	0	0	0	2
27026	2	0	0	0	0	0	0	0	0	0	0	0	2
27027	1	0	0	0	0	0	0	0	0	0	0	0	1
27028	1	0	0	0	1	0	0	1	0	0	0	0	3
27029	2	0	0	0	0	0	0	0	0	0	0	0	2
27030	1	0	0	0	1	0	0	0	0	0	0	0	2
27031	1	0	0	0	1	0	0	0	1	0	0	0	3
27032	1	0	0	0	0	0	0	0	0	0	0	0	1
27033	2	0	0	0	1	0	0	0	0	0	0	0	3
27034	0	0	0	0	3	0	1	0	0	0	0	0	4
27035	3	0	0	1	1	0	0	0	0	0	0	0	5
27036	1	0	0	0	2	0	0	1	0	0	0	0	4
27037	0	1	0	0	0	0	0	0	0	0	0	0	1
27038	1	0	0	0	0	0	1	1	1	0	0	0	4
27039	3	0	0	0	2	0	0	0	0	0	0	0	5
27040	1	0	0	0	0	0	0	0	0	0	0	0	1
27041	1	0	0	0	0	0	0	1	0	0	0	0	2
27042	0	1	0	1	0	0	0	0	0	0	0	0	2
27043	2	0	0	0	0	0	0	0	0	0	0	0	2
27044	2	0	0	0	0	0	0	0	0	0	0	0	2
27045	2	0	0	0	0	0	0	0	0	0	0	0	2
27046	1	0	0	1	1	0	0	0	0	0	0	0	3
27047	1	0	1	0	0	1	0	0	0	0	0	0	3
27048	3	0	0	0	0	0	1	1	0	0	0	0	5
27049	0	0	0	1	0	0	0	0	0	0	0	0	1
27050	5	0	0	0	0	0	0	0	0	0	0	0	5
27051	0	0	0	0	3	0	0	0	0	0	0	0	3
27053	0	0	0	0	0	0	0	1	0	0	0	0	1
27054	0	0	0	0	1	0	0	0	0	0	0	0	1
27055	0	0	1	0	0	0	0	0	0	0	0	0	1
27056	0	0	0	0	2	0	0	0	0	0	0	0	2
27057	2	0	0	0	1	0	0	0	0	0	0	0	3
27058	2	0	0	0	0	2	0	0	0	0	0	0	4
27059	3	0	0	0	0	0	0	0	0	0	0	0	3
27061	2	0	0	0	0	0	0	0	0	0	0	0	2
27062	3	0	0	0	0	0	0	0	0	0	0	0	3
27063	1	0	0	0	0	1	0	0	0	0	0	0	2
27064	3	0	0	0	1	0	0	0	0	0	0	0	4
27065	1	0	0	0	0	0	0	0	0	0	0	0	1
27066	1	0	0	0	0	0	0	1	0	0	0	0	2
27067	1	0	1	0	0	0	0	0	0	0	0	0	2
27068	0	0	2	0	0	0	0	0	0	0	0	0	2
27069	1	0	1	0	0	0	0	0	0	0	0	0	2
27070	1	3	0	0	2	0	0	0	0	0	0	0	6
27071	2	0	0	0	2	0	0	0	0	0	0	0	4
27072	1	0	0	0	0	0	0	0	0	0	0	0	1
27073	3	0	0	0	0	0	0	0	0	0	0	0	3
27074	3	0	0	0	1	0	0	1	0	0	0	0	5
27075	2	0	0	0	0	0	0	0	0	0	0	0	2
27076	1	0	0	1	0	0	0	0	0	0	0	0	2
27077	2	0	0	1	0	0	0	0	0	0	0	0	3
27078	1	0	0	0	0	0	0	0	0	0	0	0	1
27079	2	0	0	1	0	0	0	1	0	0	0	0	4
27080	2	0	0	0	1	0	0	0	0	0	0	0	3
27081	2	0	0	0	0	0	0	0	0	0	0	0	2
27082	1	0	0	1	1	0	0	0	0	0	0	0	3
27083	3	0	0	0	0	0	0	2	0	0	0	0	5
27086	3	0	0	0	0	0	1	0	1	0	0	0	5
27088	3	0	0	0	2	0	0	0	0	0	0	0	5
27089	2	0	0	1	1	0	0	1	0	0	0	0	5
27090	2	0	0	0	3	0	0	0	0	0	0	0	5
27091	4	0	0	0	5	0	0	0	1	0	0	0	10
27092	3	0	0	0	0	0	0	0	0	0	0	0	3
27093	3	0	0	0	0	0	0	0	0	0	0	0	3
27094	2	0	0	0	0	0	0	0	1	0	0	0	3
27095	3	0	0	1	0	0	0	1	0	0	0	0	5
27096	2	0	0	0	0	0	0	1	0	0	0	0	3
27097	0	0	0	1	0	0	0	0	0	0	0	0	1
27098	1	0	0	0	2	0	0	0	2	1	0	0	6
27099	1	0	0	0	1	0	0	0	0	0	0	0	2
27100	0	0	0	0	1	0	0	0	0	0	0	0	1
27101	2	1	0	0	0	0	1	1	1	0	0	0	6
27103	2	0	0	0	0	1	0	0	0	0	0	0	3
27104	1	0	0	0	0	0	0	0	0	0	0	0	1
27106	2	0	0	0	0	0	0	0	0	0	0	0	2
27107	3	0	0	0	0	0	0	0	0	0	0	0	3
27108	2	0	0	0	1	0	0	0	1	0	0	0	4
27109	1	0	0	0	0	0	0	0	1	0	0	0	2
27111	2	0	0	1	1	0	0	0	0	0	0	0	4
27112	1	0	0	0	0	2	0	0	0	0	0	0	3
27113	2	0	0	0	0	0	0	0	0	0	0	0	2
27114	1	0	0	0	1	0	0	0	0	0	0	0	2
27115	1	0	0	0	0	0	0	0	0	0	0	0	1
27116	0	0	0	0	1	0	0	0	0	0	0	0	1
27117	2	0	0	0	0	0	0	1	0	0	0	0	3
27120	0	0	0	1	0	0	0	0	0	0	0	0	1
27121	1	0	0	0	1	0	0	0	0	0	0	0	2
27122	3	0	0	0	0	0	0	0	0	0	0	0	3
27123	0	0	0	0	1	0	0	0	0	0	0	0	1
27124	0	0	0	0	2	0	0	0	0	0	0	0	2
27125	1	0	0	0	0	0	0	0	0	0	0	0	1
27126	1	0	0	0	0	0	0	1	0	0	0	0	2
27127	1	0	0	0	0	0	0	0	0	0	0	0	1
27128	0	0	0	1	1	0	0	0	0	0	0	0	2
27129	4	0	0	0	0	0	1	2	0	0	0	0	7
27130	6	0	0	0	0	0	0	0	0	0	0	0	6
27131	3	0	0	0	1	0	0	0	0	0	0	0	4
27132	2	0	0	0	2	0	0	0	0	0	0	0	4
27133	1	0	0	0	0	0	0	0	0	0	0	0	1
27134	2	0	0	0	1	0	0	1	0	0	0	0	4
27136	2	0	0	0	0	0	0	0	0	0	0	0	2
27137	1	0	0	0	0	1	0	0	0	0	0	0	2
27138	1	0	0	0	1	0	0	0	0	0	0	0	2
27139	2	0	0	0	0	1	0	0	0	0	0	0	3
27140	1	0	0	0	0	0	0	0	0	0	0	0	1
27141	4	0	0	0	0	0	0	0	0	0	0	0	4
27142	2	0	0	0	1	0	0	0	0	0	0	0	3
27143	1	0	0	0	0	0	0	0	0	0	0	0	1
27144	0	0	0	0	2	0	0	0	0	0	0	0	2
27145	0	0	1	0	2	0	0	1	0	0	0	0	4
27147	1	0	0	0	0	0	0	0	0	0	0	0	1
27148	1	0	0	0	0	0	0	0	0	0	0	0	1
27150	0	0	0	0	2	0	0	0	0	0	0	0	2
27151	2	0	0	0	0	0	0	0	0	0	0	0	2
27152	3	0	0	0	0	0	0	0	0	0	0	0	3
27153	2	0	0	1	1	0	0	0	0	0	0	0	4
27154	1	0	0	0	0	0	0	1	0	0	0	0	2
27155	1	1	0	0	0	0	0	0	0	0	0	0	2
27157	3	0	0	0	0	0	0	2	0	0	0	0	5
27158	1	0	0	0	0	0	0	0	0	0	0	0	1
27159	2	0	0	0	0	0	0	1	0	0	0	0	3
27160	0	0	0	0	0	1	0	0	0	0	0	0	1
27162	1	0	1	1	0	0	0	0	0	0	0	0	3
27164	3	0	0	0	0	0	0	0	0	0	0	0	3
27165	0	0	1	0	0	0	0	0	0	0	0	0	1
27166	1	0	0	0	0	0	0	0	0	0	0	0	1
27167	0	0	0	1	0	0	0	0	0	0	0	0	1
27168	2	0	0	0	0	0	1	0	0	0	0	0	3
27169	0	0	0	0	2	0	0	0	0	0	0	0	2
27170	1	0	0	1	1	0	0	1	0	0	0	0	4
27171	0	0	1	0	0	0	0	0	0	0	0	0	1
27172	1	0	0	0	1	0	0	0	0	0	0	0	2
27174	0	0	0	0	1	0	0	0	0	0	0	0	1
27175	1	0	0	0	0	0	0	1	0	0	0	0	2
27176	1	0	0	0	0	0	0	0	0	0	0	0	1
27177	0	0	0	1	0	0	0	0	0	0	0	0	1
27178	1	0	1	0	1	0	0	0	0	0	0	0	3
27179	2	0	1	0	0	1	0	0	0	0	0	0	4
27181	2	0	0	1	0	0	0	0	0	0	0	0	3
27182	1	0	0	0	2	0	0	0	0	0	0	0	3
27183	1	0	0	0	0	0	0	0	0	0	0	0	1
27184	3	0	0	0	0	0	0	0	0	0	0	0	3
27185	1	0	1	0	0	0	0	0	0	0	0	0	2
27186	2	1	0	0	0	0	0	0	0	0	0	0	3
27187	1	0	0	0	1	0	0	0	0	0	0	0	2
27188	0	0	1	0	0	0	0	0	0	0	0	0	1
27190	1	0	0	0	0	0	0	0	0	0	0	0	1
27191	2	0	0	0	0	0	0	1	0	1	0	0	4
27192	1	0	0	1	0	0	0	0	0	0	0	0	2
27193	0	0	1	0	0	0	0	0	0	0	0	0	1
27194	3	0	0	0	0	0	1	0	1	0	0	0	5
27195	0	0	0	1	0	0	0	0	0	0	0	0	1
27196	0	1	0	0	0	0	0	0	1	0	0	0	2
27198	2	0	0	0	0	0	0	1	0	0	0	0	3
27199	1	0	0	0	0	0	0	1	0	0	0	0	2
27200	2	0	0	0	0	0	0	1	0	0	0	0	3
27201	2	0	0	0	0	0	0	0	0	0	0	0	2
27202	2	0	0	0	0	0	1	0	0	0	0	0	3
27203	0	0	2	0	0	0	0	0	0	0	0	0	2
27204	0	0	0	0	1	0	0	0	0	0	0	0	1
27205	1	0	0	0	0	0	0	0	0	0	0	0	1
27206	1	0	1	0	1	0	0	0	0	0	0	0	3
27207	3	0	1	0	0	0	1	0	0	0	0	0	5
27208	1	0	0	0	0	0	0	0	0	0	0	0	1
27209	0	2	0	0	0	0	0	0	0	0	0	0	2
27210	1	0	0	1	2	0	0	0	1	1	0	0	6
27211	2	0	0	0	1	0	0	0	0	0	0	0	3
27212	0	0	0	1	0	0	0	0	0	0	0	0	1
27213	1	0	0	0	0	0	0	0	0	0	0	0	1
27214	1	0	0	0	0	0	0	0	0	0	0	0	1
27215	1	0	1	0	0	0	0	0	0	0	0	0	2
27216	1	0	0	1	0	0	0	0	0	0	0	0	2
27217	2	0	0	0	0	0	0	0	0	0	0	0	2
27218	0	0	1	0	3	0	0	0	0	0	0	0	4
27220	0	0	0	0	1	0	0	0	0	0	0	0	1
27222	1	0	0	0	1	0	0	0	0	0	0	0	2
27223	2	0	0	1	0	0	1	0	0	1	0	0	5
27224	3	0	0	0	0	0	0	0	0	0	0	0	3
27225	1	0	0	0	0	0	0	0	0	0	0	0	1
27226	0	0	1	0	0	0	0	0	0	0	0	0	1
27227	4	0	1	0	0	0	0	0	0	0	0	0	5
27228	1	0	0	0	0	0	0	0	0	0	0	0	1
27229	2	0	0	0	0	0	0	1	0	0	0	0	3
27230	2	0	0	0	2	0	0	0	0	0	0	0	4
27231	1	0	0	0	3	0	0	0	0	0	0	0	4
27232	2	0	0	0	0	0	0	1	0	0	0	0	3
27233	3	0	0	0	1	0	0	0	0	0	0	0	4
27234	3	0	0	0	2	0	0	1	1	0	0	0	7
27235	1	0	0	0	1	0	0	0	0	0	0	0	2
27236	1	0	0	0	0	0	0	0	0	0	0	0	1
27237	0	0	1	0	0	0	0	0	0	0	0	0	1
27238	1	0	0	0	0	1	0	0	0	0	0	0	2
27239	1	0	0	0	0	0	0	1	0	0	0	0	2
27240	0	0	2	0	0	0	0	0	0	0	0	0	2
27241	4	0	0	0	1	0	0	1	0	0	0	0	6
27242	1	0	0	0	1	0	0	0	0	0	0	0	2
27243	0	0	0	1	0	0	0	0	0	0	0	0	1
27244	2	0	0	0	0	0	0	0	0	0	0	0	2
27245	2	0	0	0	0	0	0	0	0	0	0	0	2
27246	1	0	0	0	0	0	0	0	0	0	0	0	1
27247	2	0	0	0	0	0	0	0	0	0	0	0	2
27248	3	0	0	1	0	0	0	0	0	0	0	0	4
27249	1	1	0	0	0	0	0	0	0	0	0	0	2
27250	3	0	0	0	0	0	0	0	0	0	0	0	3
27251	3	0	0	0	2	0	0	1	0	0	0	0	6
27252	2	0	0	0	3	0	0	1	0	0	0	0	6
27253	3	0	0	0	0	0	0	0	0	0	0	0	3
27254	0	0	0	0	4	0	0	0	0	0	0	0	4
27255	1	0	0	0	0	0	0	0	0	0	0	0	1
27256	2	0	0	0	0	0	0	0	0	0	0	0	2
27257	2	0	0	0	0	0	0	0	0	0	0	0	2
27258	2	0	0	0	0	0	0	0	0	0	0	0	2
27260	3	0	0	0	0	0	0	0	0	0	0	0	3
27261	2	0	0	0	0	0	0	0	0	0	0	0	2
27263	3	0	0	0	0	0	0	0	1	0	0	0	4
27264	1	0	0	1	0	0	0	0	0	0	0	0	2
27265	1	0	0	0	2	0	0	0	0	0	0	0	3
27266	2	0	0	0	0	0	0	0	0	0	0	0	2
27267	2	0	0	0	0	0	0	0	0	0	0	0	2
27268	1	1	0	1	0	0	0	0	0	0	0	0	3
27269	2	0	0	0	0	0	0	0	0	0	0	0	2
27270	0	0	0	0	1	0	0	0	0	0	0	0	1
27271	1	0	0	0	1	0	0	0	0	0	0	0	2
27272	2	0	0	1	0	0	0	0	0	0	0	0	3
27273	3	0	0	0	0	0	0	0	0	0	0	0	3
27274	1	1	0	0	1	0	0	0	0	0	0	0	3
27275	2	0	0	0	0	0	0	0	0	0	0	0	2
27276	1	0	0	0	2	0	0	0	0	0	0	0	3
27277	0	0	0	0	0	1	0	0	0	0	0	0	1
27278	1	0	0	0	1	0	0	1	0	0	0	0	3
27279	1	0	0	0	0	0	0	0	0	0	0	0	1
27280	1	0	0	0	1	0	0	0	1	0	0	0	3
27281	0	0	0	0	1	0	0	0	0	0	0	0	1
27282	1	0	0	0	0	0	0	0	0	0	0	0	1
27283	0	0	0	0	3	0	0	1	0	0	0	0	4
27284	2	0	0	0	0	0	0	0	0	0	0	0	2
27285	1	0	0	0	0	0	0	0	0	0	0	0	1
27286	0	0	0	0	1	0	0	0	0	0	0	0	1
27287	3	0	0	0	0	0	0	1	0	0	0	0	4
27288	1	0	0	0	0	0	0	0	0	0	0	0	1
27289	3	0	0	0	1	0	0	0	0	0	0	0	4
27290	0	0	0	0	0	1	0	0	0	0	0	0	1
27291	0	0	0	0	1	0	0	0	0	0	0	0	1
27292	0	0	0	0	1	0	0	0	0	0	0	0	1
27293	0	0	0	0	1	0	0	0	0	0	0	0	1
27294	1	0	0	0	0	0	0	0	1	1	0	0	3
27295	2	0	0	0	0	0	0	0	0	0	0	0	2
27296	1	0	0	0	0	0	0	0	0	0	0	0	1
27297	2	0	0	0	0	0	0	0	0	0	0	0	2
27298	3	0	0	0	2	0	0	0	0	0	0	0	5
27299	2	0	0	0	1	0	0	1	0	0	0	0	4
27300	1	0	0	0	1	0	0	0	0	0	0	0	2
27301	2	0	0	0	0	0	0	0	0	0	0	0	2
27302	4	0	0	0	2	0	0	0	0	0	0	0	6
27303	0	0	0	0	1	0	0	0	0	0	0	0	1
27304	1	0	0	0	4	0	0	0	0	0	0	0	5
27306	1	0	0	0	2	0	0	0	0	0	0	0	3
27307	0	0	1	0	2	0	0	0	0	0	0	0	3
27308	3	0	0	0	0	0	0	0	0	0	0	0	3
27309	1	0	0	0	0	0	0	0	0	0	0	0	1
27312	0	0	0	0	2	0	0	0	0	0	0	0	2
27313	1	0	0	0	2	0	0	0	0	0	0	0	3
27314	0	0	0	0	1	0	0	0	0	0	0	0	1
27315	3	0	0	0	0	0	0	0	0	0	0	0	3
27316	3	0	0	0	0	0	0	0	0	0	0	0	3
27317	1	0	0	0	0	0	0	0	0	0	0	0	1
27318	0	0	0	1	0	0	0	1	0	0	0	0	2
27319	2	0	0	0	0	0	0	1	0	0	0	0	3
27320	0	0	1	0	0	0	0	0	0	0	0	0	1
27321	1	0	0	0	0	1	1	0	0	0	0	0	3
27322	1	0	0	0	1	0	0	0	0	0	0	0	2
27323	3	0	0	1	0	0	0	1	1	0	0	0	6
27324	1	0	0	0	0	0	0	0	0	0	0	0	1
27325	0	0	0	1	1	0	0	0	0	0	0	0	2
27326	0	0	0	0	1	0	0	0	0	0	0	0	1
27327	1	0	0	0	0	0	0	1	0	0	0	0	2
27328	5	0	0	0	1	0	0	0	0	0	0	0	6
27329	1	0	0	0	0	0	0	0	0	0	0	0	1
27330	0	0	0	1	0	0	0	0	0	0	0	0	1
27331	2	0	0	0	0	0	0	0	0	0	0	0	2
27332	1	0	0	0	0	0	0	0	0	0	0	0	1
27333	0	0	0	0	1	0	0	0	0	0	0	0	1
27334	3	0	0	0	0	0	0	0	0	0	0	0	3
27335	0	0	0	0	1	0	0	0	0	0	0	0	1
27336	3	0	0	0	0	0	0	0	0	0	0	0	3
27337	2	0	0	0	1	0	0	0	0	0	0	0	3
27338	1	0	0	0	0	0	0	0	0	0	0	0	1
27339	5	0	0	0	0	0	0	0	0	0	0	0	5
27340	3	0	0	0	0	1	0	0	0	0	0	0	4
27341	1	0	0	0	0	0	0	0	0	0	0	0	1
27342	0	0	1	0	0	0	0	0	0	0	0	0	1
27344	0	0	0	0	1	0	1	0	0	0	0	0	2
27345	1	0	0	0	0	0	0	0	0	0	0	0	1
27347	2	0	0	0	0	0	0	0	0	0	0	0	2
27348	0	1	0	0	0	0	0	0	0	0	0	0	1
27349	1	0	1	0	0	0	0	0	0	0	0	0	2
27350	2	0	0	0	0	0	0	0	0	0	0	0	2
27351	1	1	0	0	0	0	0	0	0	0	0	0	2
27352	1	0	0	0	0	0	0	0	0	0	0	0	1
27353	4	0	0	0	0	0	0	0	0	0	0	0	4
27354	1	0	0	0	2	0	0	0	0	0	0	0	3
27355	1	0	0	0	2	0	0	0	0	0	0	0	3
27356	0	0	0	0	2	0	0	0	0	0	0	0	2
27357	1	0	0	0	0	0	0	0	0	0	0	0	1
27358	2	0	0	1	0	0	1	0	0	0	0	0	4
27359	1	0	0	0	0	0	0	0	0	0	0	0	1
27360	2	0	0	0	0	0	0	1	0	0	0	0	3
27361	4	0	0	0	0	0	0	0	0	0	0	0	4
27362	3	0	0	0	1	0	0	0	0	0	0	0	4
27363	2	0	0	1	0	0	0	1	0	0	0	0	4
27364	1	0	0	0	0	0	0	0	0	0	0	0	1
27365	2	0	0	0	0	0	0	0	0	0	0	0	2
27366	1	0	0	0	0	0	0	1	1	0	0	0	3
27367	0	0	2	0	0	0	0	0	0	0	0	0	2
27368	3	0	0	0	0	0	0	0	0	0	0	0	3
27369	1	0	0	0	1	0	0	0	0	0	0	0	2
27370	1	0	0	1	2	0	0	0	0	0	0	0	4
27372	2	0	0	0	0	0	0	0	1	0	0	0	3
27373	3	0	0	0	0	1	0	0	0	1	0	0	5
27374	0	0	0	0	2	0	0	1	0	0	0	0	3
27375	2	0	0	0	1	0	1	0	1	0	0	0	5
27376	2	0	0	1	1	0	0	0	0	0	0	0	4
27377	1	0	0	0	0	0	0	0	0	0	0	0	1
27378	1	0	0	0	0	0	0	0	0	0	0	0	1
27380	0	0	0	0	1	0	0	0	0	0	0	0	1
27381	1	0	0	0	0	0	0	0	0	0	0	0	1
27382	2	0	0	0	1	0	0	0	0	0	0	0	3
27383	4	0	0	0	0	0	0	1	0	0	0	0	5
27384	2	0	0	0	0	0	0	1	0	0	0	0	3
27385	0	0	0	0	2	0	1	0	0	0	0	0	3
27386	2	0	0	0	0	0	0	0	0	0	0	0	2
27387	2	0	0	0	0	0	0	0	0	0	0	0	2
27388	1	0	0	0	0	0	0	0	0	0	0	0	1
27389	1	0	0	0	0	0	0	0	0	0	0	0	1
27390	6	0	0	0	1	0	0	0	0	0	0	0	7
27391	1	2	0	0	0	0	0	0	0	0	0	0	3
27392	0	1	0	0	2	0	0	0	0	0	0	0	3
27393	3	0	0	0	0	0	0	0	0	0	0	0	3
27394	1	0	0	0	0	0	0	0	0	0	0	0	1
27396	2	0	0	0	0	0	1	0	0	0	0	0	3
27397	2	0	0	0	0	1	0	0	0	0	0	0	3
27398	2	0	0	0	1	0	0	0	0	0	0	0	3
27399	0	1	0	1	0	0	0	0	0	0	0	0	2
27401	2	0	0	0	0	0	0	1	0	0	0	0	3
27402	1	0	0	0	2	0	0	0	0	0	0	0	3
27403	2	0	0	1	0	0	1	0	0	0	0	0	4
27404	2	0	0	0	1	0	0	0	0	0	0	0	3
27405	1	0	0	0	2	0	1	0	0	0	0	0	4
27406	0	0	0	0	1	0	0	0	0	0	0	0	1
27407	6	0	0	0	0	0	0	0	0	0	0	0	6
27408	1	0	0	0	0	0	0	0	0	0	0	0	1
27409	2	0	0	0	1	0	0	0	0	0	0	0	3
27410	1	0	0	0	1	0	0	0	0	0	0	0	2
27411	0	0	1	0	0	0	0	0	0	0	0	0	1
27412	2	0	0	0	0	0	0	0	0	0	0	0	2
27413	1	0	0	0	1	0	0	0	0	0	0	0	2
27414	1	0	0	0	0	0	0	0	0	0	0	0	1
27415	1	0	0	1	0	0	0	0	0	0	0	0	2
27416	0	1	0	0	1	0	0	0	0	0	0	0	2
27418	2	0	0	0	2	0	0	0	0	0	0	0	4
27419	0	0	0	0	2	0	0	0	0	0	0	0	2
27420	0	0	0	0	1	0	0	0	0	0	0	0	1
27421	0	0	1	1	0	0	0	0	0	0	0	0	2
27422	5	0	0	0	0	0	0	2	0	0	0	0	7
27423	1	0	0	0	1	0	1	0	0	0	0	0	3
27424	3	0	0	0	1	0	0	0	0	0	0	0	4
27425	1	0	0	0	0	0	0	0	0	0	0	0	1
27426	1	0	1	0	0	1	0	0	0	0	1	0	4
27427	3	0	0	0	2	0	0	0	0	0	0	0	5
27428	2	0	0	0	0	0	0	0	0	0	0	0	2
27429	2	0	0	0	1	0	0	0	0	0	0	0	3
27430	1	0	0	0	0	0	0	0	0	0	0	0	1
27431	0	0	0	0	0	0	0	1	0	0	0	0	1
27432	2	0	0	0	0	1	0	0	0	0	0	0	3
27433	1	0	0	0	1	0	0	1	0	0	0	0	3
27434	1	0	0	0	0	0	0	2	0	1	0	0	4
27435	4	0	0	1	1	0	0	0	1	0	0	0	7
27436	2	0	0	0	0	0	0	0	0	0	0	0	2
27437	2	0	0	0	0	1	0	0	0	0	0	0	3
27438	0	0	0	2	0	0	0	0	0	0	0	0	2
27439	1	0	0	0	1	0	0	0	0	0	0	0	2
27440	3	0	0	0	0	0	0	0	0	0	0	0	3
27441	1	0	0	0	1	0	0	1	0	0	0	0	3
27442	2	0	0	0	1	0	1	0	1	0	0	0	5
27443	2	0	0	0	0	0	0	1	0	0	0	0	3
27444	2	0	0	0	1	0	0	0	0	0	0	0	3
27445	2	0	0	0	2	0	0	0	0	0	0	0	4
27446	3	0	0	0	0	0	0	0	0	0	0	0	3
27447	1	0	1	0	0	0	0	0	0	0	0	0	2
27448	3	0	0	0	0	0	0	0	0	0	0	0	3
27449	4	0	0	0	0	0	0	0	0	0	0	0	4
27450	2	0	0	1	1	0	0	0	0	0	0	0	4
27453	1	0	0	0	2	0	0	0	0	0	0	0	3
27454	2	0	0	0	1	0	0	0	0	0	0	0	3
27455	0	2	0	0	0	0	0	0	0	0	0	0	2
27456	1	0	0	0	1	0	0	0	0	0	0	0	2
27457	1	0	0	0	0	0	0	0	0	0	0	0	1
27458	3	0	0	0	0	0	0	0	0	0	0	0	3
27459	5	0	0	0	0	0	2	1	1	0	0	0	9
27460	0	0	2	0	0	0	0	0	0	0	0	0	2
27461	3	0	0	0	0	0	0	0	0	0	0	0	3
27462	3	0	0	0	3	0	0	0	0	0	0	0	6
27463	1	0	0	3	1	0	0	0	0	0	0	0	5
27464	1	1	0	0	1	0	0	0	0	0	0	0	3
27465	1	0	0	0	1	0	0	0	0	0	0	0	2
27466	3	0	0	0	0	0	0	0	0	0	0	0	3
27467	2	0	1	0	0	0	0	0	0	0	0	0	3
27468	0	0	0	0	1	0	0	0	0	0	0	0	1
27469	4	0	0	0	0	0	0	0	0	0	0	0	4
27470	0	0	0	1	0	0	0	0	0	0	0	0	1
27471	2	0	0	0	0	1	1	0	0	0	0	0	4
27472	0	0	0	0	2	0	0	1	0	0	0	0	3
27473	1	0	0	0	1	0	0	0	0	0	0	0	2
27474	1	0	0	0	0	0	0	0	0	0	0	0	1
27475	2	0	0	0	0	0	0	0	0	0	0	0	2
27476	2	0	0	0	1	1	0	0	0	0	0	0	4
27477	2	1	0	0	0	0	0	0	0	0	0	0	3
27478	1	0	0	0	0	0	0	0	0	0	0	0	1
27479	1	0	0	0	1	1	0	0	0	0	0	0	3
27480	0	0	0	0	2	0	1	0	1	0	0	0	4
27481	2	0	0	0	0	0	1	1	0	0	0	0	4
27482	3	0	0	0	0	0	1	0	0	0	0	0	4
27483	0	0	0	0	2	0	0	0	0	0	0	0	2
27484	1	0	0	0	1	0	1	0	0	0	0	0	3
27485	1	0	0	0	0	0	0	0	0	1	0	0	2
27486	1	0	0	0	0	0	0	0	0	0	0	0	1
27487	0	0	0	0	3	0	0	0	0	0	0	0	3
27488	2	0	0	0	0	0	0	0	0	0	0	0	2
27489	2	0	0	0	1	0	0	0	0	0	0	0	3
27490	0	1	0	0	1	0	0	0	0	0	0	0	2
27491	1	0	0	0	2	0	1	0	0	0	0	0	4
27492	3	0	0	0	0	0	1	0	0	0	0	0	4
27493	1	0	0	0	0	0	0	1	0	0	0	0	2
27494	1	0	0	0	0	1	1	0	1	0	0	0	4
27495	1	0	0	0	0	0	0	0	0	0	0	0	1
27496	1	0	0	0	0	0	0	1	0	0	0	0	2
27497	0	0	0	0	1	0	0	0	0	0	0	0	1
27498	5	0	0	0	1	0	0	1	0	0	0	0	7
27499	2	0	0	0	1	0	0	1	0	0	0	0	4
27500	2	0	0	0	0	0	0	0	0	0	0	0	2
27501	1	0	0	0	0	0	0	0	0	0	0	0	1
27502	2	0	0	0	0	0	0	0	0	0	0	0	2
27503	1	0	0	0	1	0	0	0	0	0	0	0	2
27504	2	0	0	0	0	0	0	0	0	0	0	0	2
27505	0	0	1	0	0	0	0	0	0	0	0	0	1
27506	1	0	0	0	0	0	0	0	0	0	0	0	1
27507	0	0	0	0	1	0	0	0	0	0	0	0	1
27508	1	0	0	0	1	0	0	0	0	0	0	0	2
27509	1	0	0	0	1	0	0	1	0	0	0	0	3
27510	1	0	0	0	1	0	0	0	0	0	0	0	2
27511	2	0	0	0	2	0	0	0	0	0	0	0	4
27512	3	0	0	0	0	0	0	0	0	0	0	0	3
27513	0	0	0	1	0	0	0	0	0	0	0	0	1
27514	0	0	1	0	0	0	0	0	0	0	0	0	1
27515	1	0	0	0	0	0	0	0	0	0	0	0	1
27516	0	0	0	0	1	0	0	0	0	0	0	0	1
27517	1	0	0	0	1	0	0	0	0	0	0	0	2
27518	0	0	1	0	0	0	0	0	0	0	0	0	1
27520	1	0	0	0	0	0	0	0	0	0	0	0	1
27521	3	0	0	0	0	0	1	0	1	0	0	0	5
27523	1	0	0	0	0	0	0	0	0	0	0	0	1
27525	1	0	0	0	1	0	0	0	0	0	0	0	2
27526	2	0	0	0	0	0	0	0	0	0	0	0	2
27527	3	0	0	0	1	0	0	2	2	0	0	0	8
27528	0	0	0	0	4	0	0	0	0	0	0	0	4
27529	4	0	0	0	1	0	0	0	0	0	0	0	5
27530	1	0	0	0	2	0	0	0	0	0	0	0	3
27531	1	0	0	0	2	0	0	1	0	0	0	0	4
27532	0	0	0	1	0	0	0	0	0	0	0	0	1
27533	1	0	0	0	1	0	0	0	0	0	0	0	2
27534	0	0	0	0	1	0	0	0	0	0	0	0	1
27535	1	0	0	0	0	1	0	0	0	0	0	0	2
27536	0	1	1	0	0	0	0	0	0	0	0	0	2
27537	2	0	0	1	0	0	0	1	0	0	0	0	4
27538	2	0	0	0	0	0	0	0	0	0	0	0	2
27539	1	0	0	0	1	0	1	0	0	0	0	0	3
27540	1	0	0	0	0	0	0	0	0	0	0	0	1
27541	0	3	0	0	0	0	0	0	0	0	0	0	3
27542	1	0	0	1	0	0	0	0	0	0	0	0	2
27543	1	0	0	0	0	0	0	0	0	0	0	0	1
27544	1	0	0	0	0	0	0	0	0	0	0	0	1
27545	2	0	0	1	0	0	0	0	0	0	0	0	3
27546	0	0	0	0	3	0	0	0	0	0	0	0	3
27547	2	0	0	0	2	0	0	0	0	0	0	0	4
27548	2	0	0	0	0	0	0	0	0	0	0	0	2
27549	1	0	0	0	0	1	0	0	0	0	0	0	2
27550	1	0	0	0	2	0	0	0	0	0	0	0	3
27551	1	0	0	0	0	0	0	0	0	0	0	0	1
27552	3	0	0	0	1	0	0	0	0	0	0	0	4
27553	1	0	0	0	1	0	0	0	0	0	0	0	2
27554	1	0	0	0	0	1	0	0	0	0	0	0	2
27555	1	0	1	0	0	0	0	0	0	0	0	0	2
27556	1	0	0	0	0	0	0	0	0	0	0	0	1
27557	0	0	0	0	0	2	0	0	0	0	0	0	2
27558	1	1	0	0	0	0	0	0	0	0	0	0	2
27559	1	0	0	0	0	0	0	0	0	0	0	0	1
27560	3	0	0	0	1	0	0	0	0	0	0	0	4
27561	2	0	0	0	0	0	0	0	0	0	0	0	2
27562	0	0	0	1	1	0	0	0	0	0	0	0	2
27563	1	0	0	1	0	0	0	0	0	0	0	0	2
27564	1	0	0	0	2	0	0	0	0	0	0	0	3
27565	0	0	0	1	0	0	0	0	0	0	0	0	1
27566	1	0	0	0	2	0	0	1	1	0	0	0	5
27567	1	0	0	0	0	1	0	0	0	0	0	0	2
27568	3	0	0	0	0	0	0	0	0	0	0	0	3
27569	2	0	0	0	0	0	0	0	0	0	0	0	2
27570	2	0	0	0	1	0	0	0	0	0	0	0	3
27571	2	0	0	0	0	0	0	0	0	0	0	0	2
27572	4	0	0	0	0	0	0	0	0	0	0	0	4
27573	3	0	0	0	0	0	0	0	0	1	0	0	4
27575	0	0	0	0	1	0	0	0	0	0	0	0	1
27576	2	0	0	0	0	0	0	1	1	0	0	0	4
27577	3	0	0	0	0	0	0	0	0	0	0	0	3
27578	1	0	0	0	1	0	0	0	0	0	0	0	2
27579	1	0	0	0	2	0	0	0	0	0	0	0	3
27580	1	0	0	0	1	0	0	1	0	0	0	0	3
27581	2	0	0	0	1	0	0	0	0	0	0	0	3
27582	1	0	0	0	0	0	0	0	0	0	0	0	1
27583	1	0	0	0	1	0	0	0	0	0	0	0	2
27584	1	0	0	0	0	0	0	0	0	0	0	0	1
27585	1	0	0	0	1	0	0	0	0	0	0	0	2
27586	3	0	0	1	0	0	0	0	0	0	0	0	4
27587	1	0	0	0	1	0	0	0	0	0	0	0	2
27588	0	1	0	0	1	0	0	0	0	0	0	0	2
27589	2	0	0	0	0	0	0	2	0	0	0	0	4
27590	0	0	0	0	2	0	0	0	0	0	0	0	2
27591	3	0	0	0	0	0	1	0	0	0	0	0	4
27592	1	0	0	0	1	0	1	0	0	0	0	0	3
27593	4	0	0	0	0	0	0	0	0	0	0	0	4
27594	3	0	0	0	1	0	0	0	0	1	0	0	5
27595	1	0	0	0	0	0	0	0	0	0	0	0	1
27596	2	0	0	0	0	0	0	0	0	0	0	0	2
27597	3	0	0	0	1	0	0	1	0	0	0	0	5
27598	1	0	0	0	0	0	0	0	0	0	0	0	1
27599	2	0	0	0	1	0	0	0	0	0	0	0	3
27600	3	0	0	0	0	0	0	0	0	0	0	0	3
27601	2	0	0	0	3	0	0	0	0	0	0	0	5
27602	3	0	0	0	0	0	0	0	0	0	0	0	3
27603	0	0	0	1	0	0	0	0	0	0	0	0	1
27604	1	0	0	0	1	0	0	0	0	0	0	0	2
27605	1	0	0	0	0	0	0	0	0	0	0	0	1
27606	2	0	0	0	0	0	0	0	0	0	0	0	2
27607	3	0	0	0	0	1	0	1	0	0	0	0	5
27608	4	0	0	0	0	0	0	0	0	0	0	0	4
27609	2	0	0	0	0	0	0	0	0	0	0	0	2
27610	3	0	0	0	0	0	0	0	0	0	0	0	3
27611	1	0	0	0	1	1	0	0	0	0	0	0	3
27612	0	0	1	0	2	0	0	0	0	0	0	0	3
27613	0	0	0	0	2	0	0	0	0	0	0	0	2
27615	0	0	0	0	2	0	0	0	0	0	0	0	2
27616	0	0	0	0	2	0	0	0	0	0	0	0	2
27617	2	0	0	0	0	0	0	0	0	0	0	0	2
27618	3	0	0	0	0	0	0	0	0	0	0	0	3
27619	1	0	0	0	0	0	0	1	0	0	0	0	2
27620	0	0	1	0	1	0	0	0	0	0	0	0	2
27621	1	0	0	0	2	1	0	0	0	0	0	0	4
27622	0	0	0	1	0	0	0	0	0	0	0	0	1
27623	5	0	0	0	0	0	0	0	1	0	0	0	6
27624	1	0	0	0	0	0	0	0	0	0	0	0	1
27625	3	0	0	0	0	0	0	0	0	0	0	0	3
27626	1	0	0	0	2	0	0	0	0	0	0	0	3
27627	2	0	0	0	1	0	0	0	0	0	0	0	3
27628	4	0	0	0	1	0	0	0	0	0	0	0	5
27629	0	0	0	2	1	0	0	1	0	0	0	0	4
27630	3	0	0	0	1	0	0	0	0	0	0	0	4
27631	1	0	0	0	0	0	0	0	0	0	0	0	1
27632	1	0	0	0	0	0	0	0	0	0	0	0	1
27633	2	0	0	0	0	0	0	0	0	0	0	0	2
27634	4	0	0	0	2	0	0	1	0	0	0	0	7
27635	1	0	0	0	0	0	0	0	0	0	0	0	1
27636	0	0	0	0	1	0	0	0	0	0	0	0	1
27637	1	0	0	0	0	1	0	0	0	0	0	0	2
27638	0	0	1	0	2	0	0	0	0	1	0	0	4
27639	1	0	0	0	1	0	0	0	0	0	0	0	2
27640	2	0	0	0	0	0	1	0	0	0	0	0	3
27641	1	0	0	0	0	0	0	0	0	0	0	0	1
27642	7	0	0	0	1	0	0	2	0	0	0	0	10
27643	2	0	0	0	2	0	0	0	0	0	0	0	4
27644	2	0	0	0	0	0	0	0	0	0	0	0	2
27645	1	0	0	0	1	0	0	0	0	0	0	0	2
27646	1	0	0	0	1	0	0	0	0	0	0	0	2
27647	1	1	0	1	1	0	0	0	0	0	0	0	4
27648	2	0	0	0	1	0	0	0	0	0	0	0	3
27649	1	0	0	0	0	0	1	0	0	0	0	0	2
27650	1	0	1	0	0	0	0	0	0	0	0	0	2
27651	0	0	0	0	0	0	0	1	0	0	0	0	1
27652	1	0	0	1	0	0	0	0	0	0	0	0	2
27653	1	0	0	0	0	1	0	1	0	1	0	0	4
27654	1	0	0	0	1	0	0	0	0	0	0	0	2
27655	1	0	0	0	1	0	0	0	0	0	0	0	2
27656	2	0	0	0	0	0	0	0	0	0	0	0	2
27657	1	0	0	0	1	0	0	0	0	0	0	0	2
27659	2	0	0	0	0	0	0	1	0	0	0	0	3
27660	4	0	0	0	0	0	0	0	0	0	0	0	4
27661	3	0	0	0	1	0	0	0	1	0	0	0	5
27662	0	1	0	1	0	0	0	0	0	0	0	0	2
27663	3	0	1	0	0	0	0	0	0	0	0	0	4
27664	3	0	0	0	0	0	0	0	0	0	0	0	3
27665	2	0	0	0	0	0	0	0	0	0	0	0	2
27666	2	0	0	0	0	0	0	0	0	0	0	0	2
27667	1	0	0	0	0	0	1	0	0	0	0	0	2
27668	2	0	0	1	0	0	0	0	0	0	0	0	3
27669	4	0	0	0	2	0	0	0	0	0	0	0	6
27670	2	0	0	0	3	0	0	0	0	0	0	0	5
27671	2	0	0	0	1	0	0	0	0	0	0	0	3
27672	2	0	0	0	1	0	0	0	0	0	0	0	3
27673	1	0	0	0	0	0	0	0	0	0	0	0	1
27674	0	0	0	1	1	0	0	0	0	0	0	0	2
27675	1	0	0	0	1	0	1	0	0	0	0	0	3
27676	0	0	0	0	2	0	0	0	0	0	0	0	2
27677	0	0	0	1	1	0	1	0	1	0	0	0	4
27678	0	0	0	0	2	0	0	0	0	0	0	0	2
27679	5	0	0	0	1	0	0	0	0	0	0	0	6
27680	2	0	0	0	0	0	0	0	0	0	0	0	2
27681	1	0	0	0	1	0	0	0	0	0	0	0	2
27682	0	0	0	1	1	0	0	1	0	0	0	0	3
27683	2	0	0	0	1	0	0	0	0	0	0	0	3
27684	3	0	0	0	0	0	0	0	0	0	0	0	3
27685	1	0	0	0	0	0	0	0	0	0	0	0	1
27686	2	0	0	0	2	0	1	1	0	0	0	0	6
27687	2	0	0	0	0	0	0	0	0	0	0	0	2
27688	1	0	0	0	0	0	0	1	0	0	0	0	2
27689	1	1	1	0	2	0	0	0	0	0	0	0	5
27690	0	0	0	0	2	0	0	0	0	0	0	0	2
27692	1	0	1	0	0	0	0	0	0	0	0	0	2
27693	0	0	0	0	1	0	0	0	0	0	0	0	1
27694	1	0	0	0	0	0	0	0	0	0	0	0	1
27695	2	0	0	0	0	0	0	0	0	0	0	0	2
27696	1	0	0	0	1	0	0	0	0	0	0	0	2
27697	3	0	0	0	0	0	0	0	0	0	0	0	3
27698	2	1	0	0	0	0	0	0	0	0	0	0	3
27699	2	0	0	0	2	0	0	0	0	0	0	0	4
27700	0	0	0	0	3	0	0	0	0	0	0	0	3
27701	2	0	0	0	0	0	0	2	0	0	0	0	4
27702	0	0	0	0	4	0	0	1	0	0	0	0	5
27703	2	0	0	0	2	0	0	0	0	0	0	0	4
27704	2	0	1	0	0	0	1	0	0	0	0	0	4
27705	3	0	0	0	0	0	0	0	0	0	0	0	3
27706	1	0	0	0	0	0	0	0	0	0	0	0	1
27707	2	0	0	0	0	0	1	0	0	0	0	0	3
27708	3	0	0	0	0	0	1	0	0	0	0	0	4
27709	2	0	0	0	0	0	0	0	0	0	0	0	2
27710	1	0	0	0	1	0	0	0	1	0	0	0	3
27711	2	0	0	0	0	0	0	0	0	0	0	0	2
27712	2	0	0	0	1	0	0	0	0	0	0	0	3
27713	0	0	0	1	1	0	0	0	0	0	0	0	2
27714	1	0	0	0	0	0	0	0	0	0	0	0	1
27715	1	0	0	0	0	0	0	1	0	0	0	0	2
27716	3	0	0	0	2	0	0	0	0	0	0	0	5
27717	2	0	0	0	1	0	0	0	0	0	0	0	3
27718	2	0	0	0	0	0	0	0	0	0	0	0	2
27719	1	0	0	0	1	0	0	0	0	0	0	0	2
27720	1	0	0	0	1	0	0	1	0	0	0	0	3
27721	2	0	0	0	1	0	0	0	0	0	0	0	3
27722	2	0	0	0	1	0	0	0	0	0	0	0	3
27723	2	0	0	0	1	0	0	0	0	0	0	0	3
27724	1	0	0	0	0	0	0	0	0	0	0	0	1
27725	1	0	0	0	1	0	0	1	0	0	0	0	3
27726	1	0	0	0	3	0	0	0	0	0	0	0	4
27727	2	0	0	0	0	0	0	0	0	0	0	0	2
27728	2	0	0	0	2	0	0	0	0	0	0	0	4
27729	4	0	0	0	0	0	0	1	0	0	0	0	5
27730	3	0	1	0	0	0	0	0	0	0	0	0	4
27731	2	0	0	0	0	0	0	0	0	0	0	0	2
27732	2	0	0	0	0	0	0	1	0	0	0	0	3
27733	0	0	0	1	1	0	0	0	0	0	0	0	2
27734	3	0	0	0	0	0	0	0	0	0	0	0	3
27735	2	0	0	0	0	0	0	0	0	0	0	0	2
27736	3	0	0	0	1	0	0	0	0	0	0	0	4
27737	3	0	0	0	1	0	0	0	0	0	0	0	4
27738	3	0	0	0	0	0	0	0	0	0	0	0	3
27739	1	0	0	0	0	0	0	0	0	0	0	0	1
27740	2	0	0	0	1	0	0	0	0	0	0	0	3
27741	3	0	0	1	2	0	0	0	0	0	0	0	6
27742	1	0	0	0	1	0	0	0	0	0	0	0	2
27743	2	0	0	0	0	0	0	0	0	0	0	0	2
27744	1	0	0	0	0	1	0	0	0	0	0	0	2
27745	1	0	0	0	0	0	0	0	0	0	0	0	1
27746	4	0	0	0	0	0	0	0	0	0	0	0	4
27747	2	0	0	1	0	0	0	1	0	0	0	0	4
27748	1	0	0	0	0	0	0	1	0	0	0	0	2
27749	1	0	0	0	0	0	1	0	0	0	0	0	2
27750	1	1	0	0	2	0	0	0	0	0	0	0	4
27751	1	0	0	0	0	0	0	0	0	0	0	0	1
27752	2	0	0	0	0	0	0	0	0	0	0	0	2
27753	2	0	0	0	0	0	0	0	0	0	0	0	2
27754	3	0	0	0	0	0	0	0	0	0	0	0	3
27755	3	0	0	0	0	0	0	0	0	0	0	0	3
27756	2	0	0	0	0	0	0	0	0	0	0	0	2
27757	1	1	0	0	2	0	0	0	0	0	0	0	4
27758	3	0	0	0	0	0	0	1	0	0	0	0	4
27759	2	0	0	0	0	0	0	0	0	0	0	0	2
27760	3	0	0	0	0	0	0	1	0	0	0	0	4
27761	1	0	0	0	0	0	0	0	0	0	0	0	1
27762	4	0	0	0	1	0	0	0	0	0	0	0	5
27763	3	0	0	0	0	0	0	0	0	0	0	0	3
27764	3	0	0	0	0	0	0	0	0	0	0	0	3
27765	3	0	0	0	0	0	0	0	0	0	0	0	3
27766	2	0	0	0	0	0	0	0	0	0	0	0	2
27767	3	0	0	0	0	0	0	0	0	0	0	0	3
27768	4	0	0	0	0	0	0	0	0	0	0	0	4
27769	3	0	0	0	0	1	0	0	0	0	0	0	4
27770	2	0	0	0	1	0	0	0	0	0	0	0	3
27771	0	0	0	0	2	0	0	0	0	0	0	0	2
27772	3	0	0	1	0	0	0	0	0	0	0	0	4
27773	1	0	0	0	0	0	0	1	0	0	0	0	2
27774	2	0	0	0	2	0	0	0	0	0	0	0	4
27775	2	0	0	0	1	0	0	0	0	0	0	0	3
27776	4	0	0	0	0	0	0	0	0	0	0	0	4
27777	4	0	0	0	0	0	0	0	0	0	0	0	4
27778	3	0	0	0	0	0	0	1	0	0	0	0	4
27779	1	0	0	0	0	0	0	0	0	0	0	0	1
27780	1	0	0	1	0	0	0	0	0	0	0	0	2
27781	1	0	0	0	0	0	0	0	0	0	0	0	1
27782	0	0	0	1	0	0	0	0	0	0	0	0	1
27783	3	0	0	0	2	0	0	0	0	0	0	0	5
27784	3	0	0	0	0	0	0	0	0	0	0	0	3
27785	3	0	0	0	1	1	0	0	0	0	0	0	5
27786	1	0	0	2	2	0	0	0	0	0	0	0	5
27787	4	0	0	0	0	0	0	1	0	0	0	0	5
27788	1	0	0	0	2	0	0	1	0	0	0	0	4
27789	2	0	0	0	1	0	0	0	0	0	0	0	3
27790	2	0	0	0	0	0	0	0	0	0	0	0	2
27791	3	0	0	0	0	0	0	1	0	0	0	0	4
27792	1	0	0	0	0	0	0	1	0	0	0	0	2
27793	5	0	0	0	1	0	0	0	0	0	0	0	6
27794	1	0	0	0	1	2	0	0	0	0	0	0	4
27795	2	0	0	0	0	0	0	0	0	0	0	0	2
27796	3	0	0	0	1	0	0	0	0	1	0	0	5
27797	2	0	0	0	0	0	0	0	0	0	0	0	2
27798	3	0	0	0	0	0	0	0	0	0	0	0	3
27799	2	0	0	0	0	0	0	0	0	0	0	0	2
27800	2	0	0	0	0	0	0	0	0	0	0	0	2
27801	2	0	1	0	0	0	0	0	0	0	0	0	3
27802	3	0	0	0	1	0	0	0	0	0	0	0	4
27803	1	0	0	0	1	0	0	0	0	0	0	0	2
27804	2	0	0	0	1	0	0	0	0	0	0	0	3
27805	2	0	0	0	2	0	0	0	0	0	0	0	4
27806	3	0	0	0	0	0	0	0	0	0	0	0	3
27807	3	0	0	0	1	0	0	1	0	0	0	0	5
27808	3	0	0	0	1	0	0	0	0	0	0	0	4
27809	3	0	0	0	0	0	0	0	0	0	0	0	3
27810	0	0	0	0	3	0	0	0	0	0	0	0	3
27811	3	0	0	0	1	0	0	0	0	0	0	0	4
27812	2	0	0	0	0	0	1	0	0	0	0	0	3
27813	1	0	0	0	0	1	0	1	0	0	0	0	3
27814	2	0	0	0	0	0	0	1	0	0	0	0	3
27815	0	0	0	0	2	0	0	1	0	0	0	0	3
27816	1	0	0	0	1	0	0	0	0	0	0	0	2
27817	3	0	0	0	1	0	0	0	0	0	0	0	4
27818	2	0	0	0	1	0	0	1	0	0	0	0	4
27819	2	0	0	0	1	0	0	1	0	0	0	0	4
27820	1	0	0	0	1	0	0	0	0	0	0	0	2
27821	2	0	0	0	0	0	0	0	0	0	0	0	2
27822	2	0	0	0	1	0	0	0	0	0	0	0	3
27823	4	1	0	0	0	1	0	1	0	0	0	0	7
27824	3	0	0	0	0	0	0	0	0	0	0	0	3
27825	4	1	1	1	2	0	0	0	0	0	0	0	9
27826	2	0	0	0	0	0	0	1	0	0	0	0	3
27827	2	0	0	0	0	0	0	0	0	0	0	0	2
27828	3	0	0	1	0	0	0	0	0	0	0	0	4
27829	2	0	0	0	0	0	0	0	0	0	0	0	2
27830	4	0	0	0	0	0	0	0	0	0	0	0	4
27831	2	0	0	1	0	0	0	0	0	0	0	0	3
27832	2	0	0	1	0	0	0	0	0	0	0	0	3
27833	2	0	0	0	1	0	0	0	0	0	0	0	3
27834	2	0	0	0	1	0	0	0	0	0	0	0	3
27835	5	0	0	0	2	0	0	0	0	0	0	0	7
27836	4	0	0	0	1	0	0	1	0	0	0	0	6
27837	4	0	0	0	0	0	0	0	0	0	0	0	4
27838	4	0	0	0	0	0	0	1	0	0	0	0	5
27839	2	0	0	0	1	0	0	0	0	0	0	0	3
27840	3	0	0	0	1	0	0	0	0	0	0	0	4
27841	3	0	0	0	1	0	0	0	0	0	0	0	4
27842	4	0	0	0	0	1	0	0	0	0	0	0	5
27843	1	0	0	0	1	0	1	0	0	0	0	0	3
27844	2	0	0	0	0	0	0	1	0	0	0	0	3
27845	2	0	0	0	1	0	0	0	0	0	0	0	3
27846	3	0	0	0	0	0	0	0	0	0	0	0	3
27847	2	0	0	0	1	0	0	0	0	0	0	0	3
27848	1	0	0	0	0	0	0	0	0	0	0	0	1
27849	2	0	0	0	0	0	0	0	0	0	0	0	2
27850	2	0	0	0	1	0	0	1	0	0	0	0	4
27851	0	0	0	1	1	1	0	0	0	0	0	0	3
27852	0	0	0	1	0	0	0	0	0	0	0	0	1
27853	1	0	0	1	0	0	1	0	0	0	0	0	3
27854	2	0	0	0	0	0	0	0	0	0	0	0	2
27855	1	0	0	1	0	0	0	0	0	0	0	0	2
27856	1	0	0	1	0	0	0	0	0	0	0	0	2
27857	1	0	0	1	0	0	0	1	0	0	0	0	3
27858	1	0	0	2	0	0	1	0	0	0	0	0	4
27859	2	0	0	0	0	0	1	0	1	0	0	0	4
27862	1	0	0	1	0	0	0	0	0	0	0	0	2
27863	1	0	0	0	2	0	0	0	0	0	0	0	3
27865	1	0	0	2	0	0	0	0	0	0	0	0	3
27866	1	0	0	1	0	0	0	0	0	0	0	0	2
27867	2	0	0	0	0	0	0	0	0	0	0	0	2
27868	1	0	0	1	0	0	0	0	0	0	0	0	2
27869	2	0	0	0	0	0	0	0	0	0	0	0	2
27870	3	0	0	1	0	0	0	0	0	0	0	0	4
27871	1	0	0	0	0	0	0	1	0	0	0	0	2
27872	2	0	0	0	0	0	1	1	0	0	0	0	4
27873	1	0	0	0	1	0	0	1	0	0	0	0	3
27874	1	0	0	0	0	0	0	0	0	0	0	0	1
27875	1	0	0	0	1	0	0	0	0	0	0	0	2
27876	4	0	0	1	0	0	0	0	0	0	0	0	5
27877	3	0	0	0	0	0	0	0	0	0	0	0	3
27878	1	0	0	0	0	0	0	0	0	0	0	0	1
27879	3	0	0	0	0	0	0	1	0	0	0	0	4
27880	0	0	0	1	0	0	0	1	0	0	0	0	2
27881	0	0	1	0	0	0	0	0	0	0	0	0	1
27882	3	0	0	0	0	0	0	0	0	0	0	0	3
27883	1	0	0	0	1	0	0	0	0	0	0	0	2
27884	4	0	0	0	0	0	0	0	0	0	0	0	4
27885	0	0	0	1	0	0	0	0	0	0	0	0	1
27886	2	0	0	0	0	0	0	0	0	0	0	0	2
27887	1	0	0	0	1	0	0	0	0	0	0	0	2
27889	2	0	0	0	0	0	0	0	0	0	0	0	2
27890	1	1	0	0	0	0	0	0	0	0	0	0	2
27891	2	0	0	0	0	0	0	0	0	0	0	0	2
27892	1	0	0	0	1	0	0	0	0	0	0	0	2
27893	2	0	0	2	2	0	0	1	0	0	0	0	7
27894	1	0	0	0	2	0	0	0	0	0	0	0	3
27895	0	0	0	1	0	0	0	0	0	0	0	0	1
27896	6	0	0	0	0	0	0	0	0	0	0	0	6
27898	1	0	0	0	3	0	0	0	0	0	0	0	4
27900	2	0	0	0	1	0	0	0	0	0	0	0	3
27901	2	0	0	1	0	0	0	0	0	0	0	0	3
27902	2	0	0	0	0	0	0	0	0	0	0	0	2
27903	3	0	0	0	0	0	0	0	0	0	0	0	3
27904	0	0	0	1	0	0	0	0	0	0	0	0	1
27905	3	0	0	0	1	0	0	0	0	0	0	0	4
27906	1	0	0	1	0	0	0	0	0	0	0	0	2
27907	4	0	0	0	0	0	0	1	0	0	0	0	5
27908	0	0	0	1	0	0	0	0	1	0	0	0	2
27909	1	0	0	0	2	2	0	0	0	0	0	0	5
27910	0	0	0	0	1	0	0	0	0	0	0	0	1
27911	3	0	0	0	0	0	0	0	0	0	0	0	3
27912	0	0	0	2	1	0	0	0	0	0	0	0	3
27913	1	0	0	0	2	0	0	0	0	0	0	0	3
27914	2	0	0	0	0	0	0	0	0	0	0	0	2
27915	2	0	0	0	0	0	0	0	0	0	0	0	2
27916	3	0	0	0	0	0	0	0	0	0	0	0	3
27917	0	0	0	1	0	0	0	0	0	0	0	0	1
27918	0	0	0	1	0	0	0	0	0	0	0	0	1
27920	2	0	0	1	0	0	0	0	0	0	0	0	3
27921	3	0	0	0	0	0	0	0	0	0	0	0	3
27922	1	0	0	0	0	0	0	0	0	0	0	0	1
27923	4	0	0	0	0	0	0	0	0	0	0	0	4
27924	0	0	2	0	0	0	0	0	0	0	0	0	2
27925	2	0	0	0	0	0	0	1	0	0	0	0	3
27926	1	0	0	0	0	0	0	0	0	0	0	0	1
27927	2	0	0	0	0	0	0	0	0	0	0	0	2
27928	3	0	0	0	1	0	0	2	0	0	0	0	6
27929	0	0	2	0	0	0	0	0	0	0	0	0	2
27930	2	0	0	0	0	0	0	0	0	0	0	0	2
27931	1	0	0	0	0	0	0	0	0	0	0	0	1
27932	2	0	0	0	0	0	0	0	0	0	0	0	2
27933	1	0	0	0	0	0	0	0	0	0	0	0	1
27934	2	0	0	0	0	0	0	0	0	0	0	0	2
27935	2	0	0	0	2	0	0	0	0	0	0	0	4
27936	0	0	0	0	2	0	0	1	0	0	0	0	3
27937	2	0	0	1	0	0	0	0	0	0	0	0	3
27939	1	0	0	0	1	0	0	0	0	0	0	0	2
27940	1	0	0	0	1	0	0	0	0	0	0	0	2
27941	2	0	0	0	1	0	0	1	0	0	0	0	4
27942	3	0	0	0	0	0	0	0	0	0	0	0	3
27943	2	0	0	0	1	0	0	0	0	0	0	0	3
27944	0	0	1	0	0	0	0	0	0	0	0	0	1
27945	1	0	0	0	1	0	0	0	0	0	0	0	2
27946	1	0	0	1	2	0	0	0	0	0	0	0	4
27947	2	0	0	0	0	0	0	0	0	0	0	0	2
27948	2	0	0	0	1	0	0	0	0	0	0	0	3
27949	3	0	0	0	0	0	0	0	0	0	0	0	3
27950	2	0	0	0	0	0	0	0	0	0	0	0	2
27951	2	0	0	0	0	0	0	0	0	0	0	0	2
27952	0	1	0	0	1	0	0	0	0	0	0	0	2
27953	1	0	0	0	0	0	0	0	0	0	0	0	1
27954	3	0	0	0	1	0	0	0	0	0	0	0	4
27955	1	0	0	0	0	0	0	0	0	0	0	0	1
27956	4	0	0	0	0	0	0	0	0	0	0	0	4
27957	2	0	0	0	0	0	0	1	0	0	0	0	3
27958	3	0	0	0	0	0	0	1	0	0	0	0	4
27959	4	0	0	0	0	0	0	0	0	0	0	0	4
27960	2	0	0	0	0	0	0	0	0	0	0	0	2
27961	0	0	0	1	1	1	0	0	0	0	0	0	3
27962	1	0	0	0	1	0	0	0	0	0	0	0	2
27963	2	0	0	0	0	0	0	1	0	0	0	0	3
27964	3	0	0	0	1	0	0	0	0	0	0	0	4
27965	2	0	0	0	1	0	0	1	0	0	0	0	4
27966	4	0	0	0	0	0	0	1	0	0	0	0	5
27967	2	0	1	1	1	0	1	0	0	0	0	0	6
27968	3	0	0	0	3	0	1	0	0	0	0	0	7
27969	3	0	0	0	0	0	0	0	0	0	0	0	3
27970	3	0	0	0	0	0	0	0	0	0	0	0	3
27971	2	0	0	1	0	0	0	1	0	0	0	0	4
27972	3	0	0	0	0	0	0	0	0	0	0	0	3
27973	0	0	0	0	0	0	0	1	0	0	0	0	1
27974	1	0	0	0	0	0	0	0	0	0	0	0	1
27975	2	0	0	1	0	0	0	0	0	0	0	0	3
27976	3	0	0	0	1	0	0	0	0	0	0	0	4
27977	1	0	0	0	0	0	0	0	0	0	0	0	1
27978	0	0	0	0	1	0	0	1	0	0	0	0	2
27979	2	0	0	0	1	0	0	0	0	0	0	0	3
27980	4	0	0	0	0	0	0	0	0	0	0	0	4
27981	0	0	0	1	0	0	0	0	0	0	0	0	1
27982	3	0	0	0	0	0	0	1	1	0	0	0	5
27983	1	0	0	1	0	0	0	0	0	0	0	0	2
27984	5	0	0	0	0	0	0	0	0	0	0	0	5
27985	1	0	0	0	0	0	0	0	0	0	0	0	1
27986	1	0	0	0	1	0	1	0	0	0	0	0	3
27987	0	0	0	0	1	0	0	0	0	0	0	0	1
27988	1	0	0	0	0	0	0	0	0	0	0	0	1
27989	1	0	0	0	0	0	0	0	0	0	0	0	1
27990	2	0	0	0	0	0	0	1	0	0	0	0	3
27992	0	0	1	0	0	0	0	0	0	0	0	0	1
27993	2	0	0	0	0	0	0	1	0	0	0	0	3
27994	2	1	0	0	0	0	0	0	0	0	0	0	3
27995	1	0	0	0	1	0	0	1	0	0	0	0	3
27996	2	1	0	0	2	0	0	0	0	0	0	0	5
27997	3	0	0	0	1	0	0	0	0	0	0	0	4
27998	1	0	0	0	0	0	1	1	0	0	0	0	3
27999	1	0	0	1	0	0	0	0	0	0	0	0	2
28000	0	1	0	0	0	0	0	0	0	0	0	0	1
28001	0	0	0	2	1	0	0	0	0	0	0	0	3
28003	1	0	0	0	1	0	0	0	0	0	0	0	2
28004	0	0	1	0	0	1	0	0	0	0	0	0	2
28005	2	0	0	0	0	0	0	0	0	0	0	0	2
28007	2	0	0	1	0	0	0	0	0	0	0	0	3
28008	2	0	0	0	0	0	0	0	0	0	0	0	2
28009	1	0	0	0	0	0	0	0	0	0	0	0	1
28010	1	0	0	0	1	0	0	0	0	0	0	0	2
28011	1	0	0	0	3	0	0	0	0	0	0	0	4
28012	1	0	0	0	0	0	0	0	0	0	0	0	1
28013	2	0	0	0	0	0	1	1	0	0	0	0	4
28014	4	0	1	0	1	0	0	0	0	0	0	0	6
28015	1	0	0	0	1	1	0	0	0	0	0	0	3
28016	1	0	0	0	2	0	0	1	0	0	0	0	4
28017	3	0	0	0	0	0	0	0	0	0	0	0	3
28018	1	0	0	0	1	0	0	0	0	0	0	0	2
28019	0	1	0	0	2	0	0	0	0	0	0	0	3
28020	1	0	0	0	1	0	0	0	0	0	0	0	2
28021	2	0	0	1	0	0	0	0	0	0	0	0	3
28022	1	0	0	0	0	0	0	0	0	0	0	0	1
28023	1	0	0	0	1	0	0	0	0	0	0	0	2
28024	3	0	0	0	0	0	0	0	0	0	0	0	3
28025	1	0	0	0	1	0	0	0	0	0	0	0	2
28026	2	0	0	0	0	0	0	0	0	0	0	0	2
28027	1	0	0	0	0	0	0	0	0	0	0	0	1
28028	2	0	0	0	0	0	0	0	0	0	0	0	2
28029	0	0	0	0	1	0	0	0	0	0	0	0	1
28030	2	0	0	0	0	0	0	0	0	0	0	0	2
28031	3	0	0	0	0	0	0	0	0	0	0	0	3
28032	0	0	0	0	1	0	0	0	0	0	0	0	1
28033	1	0	0	0	1	0	0	0	0	0	0	0	2
28034	1	0	0	0	1	0	0	0	0	0	0	0	2
28035	2	0	0	0	0	0	1	0	0	0	0	0	3
28036	1	0	0	0	0	0	0	0	0	0	0	0	1
28038	0	0	0	1	1	0	0	0	0	0	0	0	2
28039	1	0	0	0	0	0	0	0	0	0	0	0	1
28040	2	0	0	0	0	0	0	1	0	0	0	0	3
28042	0	0	0	0	2	0	0	0	0	0	0	0	2
28044	1	0	0	0	0	0	0	0	0	0	0	0	1
28045	0	0	0	0	1	0	0	0	0	0	0	0	1
28046	2	0	0	2	1	0	0	0	0	0	0	0	5
28047	1	0	1	0	0	0	0	0	0	0	0	0	2
28048	1	0	0	1	0	0	0	0	0	0	0	0	2
28050	2	0	0	0	0	0	0	0	1	0	0	0	3
28051	1	0	0	0	0	0	0	0	0	0	0	0	1
28052	2	0	0	0	0	0	0	0	0	0	0	0	2
28054	1	0	0	0	0	0	0	1	0	0	0	0	2
28055	2	0	0	0	0	0	0	0	0	0	0	0	2
28056	2	0	0	0	0	0	0	0	0	0	0	0	2
28057	0	0	0	0	2	0	0	0	0	0	0	0	2
28058	3	0	0	0	1	0	0	0	0	0	0	0	4
28059	1	0	0	0	0	0	0	1	0	0	0	0	2
28060	1	0	0	0	0	0	0	0	0	0	0	0	1
28061	2	0	0	0	0	0	0	1	0	0	0	0	3
28062	3	0	0	0	0	0	0	1	0	0	0	0	4
28063	1	0	0	0	2	0	0	0	0	0	0	0	3
28064	1	0	0	1	0	0	0	1	0	0	0	0	3
28065	1	0	0	0	1	0	0	0	0	0	0	0	2
28068	1	0	0	0	0	0	0	1	0	0	0	0	2
28069	2	0	0	0	0	0	0	0	0	0	0	0	2
28071	2	0	0	0	0	0	1	0	0	0	0	0	3
28072	0	0	0	1	0	0	0	0	0	0	0	0	1
28073	1	0	0	0	0	0	0	0	0	0	0	0	1
28074	2	0	0	2	1	0	0	0	0	0	0	0	5
28075	0	0	1	0	0	0	0	0	0	0	0	0	1
28076	2	0	0	0	0	0	1	0	0	0	0	0	3
28077	0	0	0	1	0	0	0	0	0	0	0	0	1
28078	1	0	0	0	0	0	0	0	0	0	0	0	1
28079	0	1	0	0	0	0	0	0	0	0	0	0	1
28080	2	0	0	0	0	0	0	0	0	0	0	0	2
28081	1	0	0	0	2	0	0	0	0	0	0	0	3
28082	2	0	0	0	0	0	1	0	0	0	0	0	3
28083	1	0	1	0	0	0	0	0	0	0	0	0	2
28084	2	0	0	0	0	0	0	0	0	0	0	0	2
28085	1	0	0	0	0	1	0	0	0	0	0	0	2
28087	0	0	1	0	0	0	0	0	0	0	0	0	1
28088	3	0	0	0	0	0	1	0	0	0	0	0	4
28089	1	0	0	0	0	0	0	0	0	0	0	0	1
28090	1	0	0	0	0	0	0	0	0	0	0	0	1
28091	2	0	0	0	1	0	0	1	0	0	0	0	4
28092	2	0	0	0	1	0	2	0	0	0	0	0	5
28093	0	0	0	1	0	1	0	0	0	0	0	0	2
28094	0	0	0	0	0	1	0	0	0	0	0	0	1
28095	1	0	0	0	0	0	0	1	0	0	0	0	2
28096	1	0	0	1	1	0	0	0	0	0	0	0	3
28097	0	0	4	0	0	0	0	0	0	0	0	0	4
28098	1	0	0	0	1	0	0	0	0	0	0	0	2
28100	1	0	1	1	1	0	0	0	0	0	0	0	4
28101	3	0	0	0	0	0	0	0	1	0	0	0	4
28102	3	0	0	0	0	0	0	0	0	0	0	0	3
28103	1	1	2	0	0	0	0	0	0	0	0	0	4
28104	1	0	0	0	1	0	0	0	0	0	0	0	2
28105	4	0	1	0	0	0	0	0	0	0	0	0	5
28106	0	0	0	0	2	0	0	0	0	0	0	0	2
28107	0	0	0	0	2	0	0	0	0	0	0	0	2
28109	2	0	0	0	0	0	0	0	0	0	0	0	2
28110	2	0	0	0	0	0	0	1	0	0	0	0	3
28111	2	1	0	0	0	0	0	0	0	0	0	0	3
28112	2	0	0	0	0	0	0	0	0	0	0	0	2
28113	1	0	0	0	0	0	0	0	0	0	0	0	1
28114	0	0	0	1	0	1	0	0	0	0	0	0	2
28115	0	0	0	1	0	0	0	0	0	0	0	0	1
28116	1	0	0	0	0	0	0	0	0	0	0	0	1
28117	2	0	0	0	0	0	0	0	0	0	0	0	2
28118	3	0	0	0	1	0	0	0	0	0	0	0	4
28119	0	0	1	0	0	0	0	0	0	0	0	0	1
28120	2	0	0	0	0	0	0	1	0	0	0	0	3
28121	2	0	0	0	0	0	0	0	0	0	0	0	2
28122	0	0	0	0	1	0	0	0	0	0	0	0	1
28123	4	0	1	0	0	0	0	1	0	0	0	0	6
28124	1	0	0	0	1	0	0	0	0	0	0	0	2
28125	1	0	0	0	1	0	0	0	0	0	0	0	2
28126	0	0	2	0	0	0	0	0	0	0	0	0	2
28127	0	0	0	0	3	0	0	0	0	0	0	0	3
28128	2	0	0	1	0	0	0	0	0	0	0	0	3
28129	4	0	0	1	0	0	0	0	0	0	0	0	5
28130	1	0	0	0	2	0	0	0	1	0	0	0	4
28131	1	0	0	0	3	0	0	0	0	0	0	0	4
28132	3	0	0	0	0	0	0	0	0	0	0	0	3
28133	1	0	0	0	0	0	0	1	0	0	0	0	2
28134	1	0	0	0	0	0	0	1	0	0	0	0	2
28135	3	0	0	0	0	0	0	0	0	0	0	0	3
28136	4	0	0	0	1	0	0	0	0	0	0	0	5
28137	1	0	0	0	0	0	0	0	0	0	0	0	1
28138	0	1	1	1	0	0	0	0	0	0	0	0	3
28139	2	0	0	0	0	0	0	1	0	0	0	0	3
28140	2	0	0	0	1	0	0	0	0	0	0	0	3
28141	1	0	0	0	0	0	0	0	0	0	0	0	1
28142	1	0	0	0	0	0	0	1	0	0	0	0	2
28143	2	0	0	0	1	0	1	0	1	0	0	0	5
28144	2	0	0	0	1	0	0	0	0	0	0	0	3
28145	2	0	0	0	0	1	0	0	0	0	0	0	3
28146	2	0	0	0	0	0	0	0	0	0	0	0	2
28147	1	0	0	0	1	0	1	0	0	0	0	0	3
28148	0	0	0	0	0	0	0	1	0	0	0	0	1
28149	2	0	0	0	0	0	0	0	0	0	0	0	2
28150	2	0	0	0	0	0	0	0	0	0	0	0	2
28151	1	0	0	0	0	0	0	0	0	0	0	0	1
28152	0	0	1	0	1	0	0	0	0	0	0	0	2
28153	1	0	0	0	3	0	0	0	0	0	0	0	4
28154	2	0	0	0	0	0	0	1	0	0	0	0	3
28155	1	0	0	0	0	0	0	0	1	0	0	0	2
28156	1	0	0	0	0	0	0	0	0	0	0	0	1
28157	1	0	0	0	1	0	0	1	0	0	0	0	3
28158	0	0	0	0	1	0	0	0	0	0	0	0	1
28159	2	0	0	0	0	0	0	1	0	0	0	0	3
28160	1	0	0	1	0	0	0	0	0	0	0	0	2
28163	0	1	0	1	1	0	0	0	0	0	0	0	3
28164	4	1	0	0	1	0	0	0	0	0	0	0	6
28165	1	0	0	0	2	0	0	0	0	0	0	0	3
28166	2	0	1	0	0	0	0	0	0	0	0	0	3
28167	0	0	0	0	1	0	0	0	0	0	0	0	1
28168	1	0	0	0	1	0	0	0	0	0	0	0	2
28169	0	0	1	0	0	0	0	0	0	0	0	0	1
28170	2	0	0	0	0	0	0	0	0	0	0	0	2
28171	2	1	0	0	0	0	0	0	0	0	0	0	3
28172	3	0	0	0	1	0	0	1	0	0	0	0	5
28173	4	0	0	0	2	0	0	0	0	0	0	0	6
28174	3	0	0	0	0	0	0	0	0	0	0	0	3
28175	2	0	0	0	1	0	0	1	0	0	0	0	4
28177	1	0	0	0	0	0	0	0	0	0	0	0	1
28178	2	0	0	0	0	0	0	1	0	0	0	0	3
28179	1	0	0	0	0	0	0	0	0	0	0	0	1
28180	2	0	0	0	0	0	0	0	0	0	0	0	2
28181	1	0	0	0	1	0	0	0	0	0	0	0	2
28182	0	0	0	1	0	0	0	0	0	0	0	0	1
28183	2	0	1	0	1	0	0	0	0	0	0	0	4
28184	1	0	1	0	1	0	0	0	0	0	0	0	3
28185	0	0	1	0	0	0	0	0	0	0	0	0	1
28186	2	1	0	0	0	0	0	0	0	0	0	0	3
28187	4	0	0	0	1	0	0	2	0	0	0	0	7
28188	2	0	0	0	0	0	0	0	0	0	0	0	2
28189	0	0	0	0	0	0	0	1	1	0	0	0	2
28191	1	0	0	0	0	0	0	1	0	0	0	0	2
28192	2	0	0	0	0	0	0	0	0	0	0	0	2
28193	2	0	0	0	0	0	0	0	0	0	0	0	2
28194	1	0	0	0	2	0	0	0	0	0	0	0	3
28196	1	0	1	0	0	0	0	0	0	0	0	0	2
28197	2	0	0	1	2	0	0	0	0	0	0	0	5
28199	1	0	0	0	0	0	0	0	0	0	0	0	1
28200	2	0	0	0	2	0	0	0	0	0	0	0	4
28201	0	0	1	0	0	0	0	0	0	0	0	0	1
28202	2	0	0	0	2	0	0	0	0	0	0	0	4
28203	3	0	0	0	0	0	0	0	0	0	0	0	3
28204	2	0	0	0	0	0	0	0	0	0	0	0	2
28205	0	0	1	0	0	0	0	0	0	0	0	0	1
28206	3	0	0	0	0	0	1	0	0	0	0	0	4
28207	1	0	0	1	0	0	0	0	0	0	0	0	2
28208	3	0	0	0	0	0	0	0	0	0	0	0	3
28209	4	0	0	0	0	0	0	0	0	0	0	0	4
28210	2	0	0	0	0	0	0	0	0	0	0	0	2
28211	3	0	0	0	1	0	0	0	0	0	0	0	4
28212	2	0	0	0	1	0	0	0	0	0	0	0	3
28213	3	0	0	0	0	0	0	0	0	0	0	0	3
28214	2	0	0	1	2	0	0	0	0	0	0	0	5
28215	2	0	0	0	0	0	0	1	0	0	0	0	3
28216	3	0	0	0	1	0	0	0	0	0	0	0	4
28217	2	0	0	0	0	0	0	0	0	0	0	0	2
28218	5	0	0	0	0	0	0	0	0	0	0	0	5
28219	3	0	0	0	0	0	1	2	0	0	0	0	6
28220	3	0	0	1	0	0	0	0	0	0	0	0	4
28221	0	0	0	0	1	0	0	0	0	0	0	0	1
28222	4	0	0	0	0	0	0	0	0	0	0	0	4
28223	3	0	0	0	1	0	0	1	0	0	0	0	5
28224	2	0	0	0	1	0	0	0	0	0	0	0	3
28225	3	0	1	0	1	0	0	0	0	0	0	0	5
28226	1	0	0	1	1	0	0	0	0	0	0	0	3
28227	1	0	0	0	1	0	0	0	0	0	0	0	2
28228	1	0	0	0	0	0	0	0	0	0	0	0	1
28229	1	0	0	0	1	0	0	0	0	0	0	0	2
28230	2	0	0	1	0	0	0	0	0	0	0	0	3
28231	1	0	0	1	0	0	0	0	0	0	0	0	2
28232	1	0	0	0	0	0	0	0	0	0	0	0	1
28233	3	0	0	0	1	0	0	0	0	0	0	0	4
28234	0	0	0	0	1	0	0	0	0	0	0	0	1
28235	2	0	0	0	1	0	0	0	0	0	0	0	3
28236	1	0	0	0	3	0	0	0	0	0	0	0	4
28237	1	0	0	0	4	0	0	0	0	0	0	0	5
28238	2	0	0	0	0	0	0	0	0	0	0	0	2
28239	3	0	0	0	0	0	0	0	0	0	0	0	3
28240	2	0	0	0	0	0	0	1	0	0	0	0	3
28241	3	0	0	1	0	0	0	1	0	0	0	0	5
28242	2	0	0	0	0	0	0	1	0	0	0	0	3
28243	1	0	0	0	0	0	0	0	0	0	0	0	1
28244	0	1	0	1	1	0	0	1	0	0	0	0	4
28245	2	0	0	0	1	0	0	0	0	0	0	0	3
28246	4	0	0	0	0	0	0	0	0	0	0	0	4
28247	1	0	0	1	0	0	0	0	0	0	0	0	2
28248	1	0	0	0	0	0	0	0	0	0	0	0	1
28249	0	1	0	0	1	0	0	0	0	0	0	0	2
28250	2	0	0	0	0	0	0	0	0	0	0	0	2
28251	1	0	0	1	0	0	1	1	0	0	0	0	4
28252	2	0	0	0	0	0	0	0	0	0	0	0	2
28253	3	0	0	0	1	0	0	0	0	0	0	0	4
28254	2	0	0	0	0	0	0	0	0	0	0	0	2
28256	0	0	0	1	2	0	0	0	0	0	0	0	3
28258	2	0	0	0	0	0	0	1	0	0	0	0	3
28259	3	0	0	0	1	0	0	0	0	0	0	0	4
28260	2	0	0	0	0	0	0	0	0	0	0	0	2
28261	3	0	0	0	0	0	0	1	0	0	0	0	4
28262	1	0	0	0	0	0	0	0	1	0	0	0	2
28263	3	0	0	1	0	0	0	1	0	0	0	0	5
28264	4	0	0	0	1	0	1	1	0	1	0	0	8
28265	1	1	0	1	0	0	0	0	0	0	0	0	3
28266	2	0	0	0	1	0	0	1	0	0	0	0	4
28267	2	0	0	0	0	0	0	0	0	0	0	0	2
28268	0	1	0	0	0	0	0	0	0	0	0	0	1
28269	2	0	0	0	0	0	1	0	0	0	0	0	3
28271	1	0	0	0	0	0	0	1	0	0	0	0	2
28272	3	0	0	0	0	0	0	0	0	0	0	0	3
28273	1	0	0	0	2	0	0	0	0	0	0	0	3
28274	3	0	0	0	0	0	0	0	0	0	0	0	3
28275	0	0	0	1	0	0	0	0	0	0	0	0	1
28276	2	0	0	0	0	0	0	0	0	0	0	0	2
28277	1	0	0	0	0	0	0	0	0	0	0	0	1
28278	3	0	0	0	1	1	0	1	0	0	0	0	6
28279	1	0	0	0	1	1	0	0	0	0	0	0	3
28280	4	0	0	0	0	0	0	2	0	0	0	0	6
28281	1	1	0	0	0	0	0	0	0	0	0	0	2
28282	3	0	0	0	0	0	0	0	0	0	0	0	3
28283	1	0	0	0	0	0	0	0	0	0	0	0	1
28284	0	0	0	0	1	0	0	0	0	0	0	0	1
28285	3	0	0	1	0	0	0	0	0	0	0	0	4
28286	1	0	0	0	1	0	0	0	0	0	0	0	2
28287	1	0	0	0	2	0	0	0	0	0	0	0	3
28288	2	0	0	1	1	0	0	0	0	0	0	0	4
28289	1	0	0	0	0	0	0	1	0	0	0	0	2
28290	0	0	0	0	0	1	0	0	0	0	0	0	1
28291	2	0	0	0	0	0	0	1	0	0	0	0	3
28292	2	0	0	0	1	0	0	0	0	0	0	0	3
28293	2	0	0	0	0	0	0	0	1	0	0	0	3
28294	2	0	0	0	0	1	0	0	0	0	0	0	3
28295	3	0	0	0	1	0	0	0	1	0	0	0	5
28296	3	0	0	0	2	0	0	0	0	0	0	0	5
28297	2	0	0	0	0	0	0	0	0	0	0	0	2
28298	4	0	0	0	0	0	0	0	0	0	0	0	4
28299	2	0	0	0	0	0	0	0	0	0	0	0	2
28300	2	0	0	0	0	0	0	0	0	0	0	0	2
28301	2	0	0	0	0	0	1	0	0	0	0	0	3
28302	1	0	0	0	0	0	0	1	0	0	0	0	2
28304	2	0	0	0	0	0	0	0	0	0	0	0	2
28305	5	0	0	0	0	0	0	0	0	0	0	0	5
28306	3	0	0	0	1	0	0	0	0	0	0	0	4
28307	2	0	0	0	0	0	0	0	0	0	0	0	2
28308	1	0	0	0	1	0	0	0	0	0	0	0	2
28309	0	0	0	0	1	0	1	0	0	0	0	0	2
28310	1	0	0	0	0	0	0	0	0	0	0	0	1
28311	2	0	0	0	1	0	0	0	0	0	0	0	3
28312	2	0	0	0	0	0	0	0	0	0	0	0	2
28313	2	0	0	0	0	0	0	0	0	0	0	0	2
28314	1	0	0	1	0	0	0	0	0	0	0	0	2
28315	3	0	0	0	1	0	0	0	0	0	0	0	4
28316	0	0	0	0	2	0	0	1	0	0	0	0	3
28317	2	0	0	0	0	0	1	0	0	0	0	0	3
28318	2	0	1	0	0	0	0	1	0	0	0	0	4
28319	2	0	0	0	1	0	0	1	0	0	0	0	4
28320	2	0	0	0	0	0	0	0	0	0	0	0	2
28321	1	0	0	0	0	0	0	1	0	0	0	0	2
28323	2	0	0	0	3	0	0	0	0	0	0	0	5
28324	1	0	0	0	2	0	0	0	0	0	0	0	3
28325	2	0	0	0	0	0	0	0	0	0	0	0	2
28326	2	0	0	0	0	0	0	0	0	0	0	0	2
28327	2	0	0	1	0	0	0	0	0	0	0	0	3
28328	2	0	0	0	2	0	0	0	0	0	0	0	4
28329	0	0	0	0	2	0	1	0	0	1	0	0	4
28330	2	0	0	0	0	0	0	0	0	0	0	0	2
28331	1	0	0	0	0	0	0	1	0	0	0	0	2
28332	1	0	0	0	0	0	0	0	0	0	0	0	1
28333	2	0	0	0	0	0	0	0	0	0	0	0	2
28334	0	0	0	0	0	1	0	0	0	0	0	0	1
28335	1	0	0	0	0	0	0	0	0	0	0	0	1
28336	2	0	0	0	1	0	0	0	0	0	0	0	3
28337	5	0	0	0	0	0	0	1	0	0	0	0	6
28338	2	0	0	0	0	0	0	0	0	0	0	0	2
28339	1	0	0	0	0	0	0	0	0	0	0	0	1
28340	1	0	0	0	0	0	0	0	0	0	0	0	1
28341	0	0	0	0	0	1	0	0	0	0	0	0	1
28342	2	0	0	1	0	0	0	0	0	0	0	0	3
28343	2	0	0	0	0	0	0	1	0	0	0	0	3
28344	4	0	0	0	0	0	0	0	0	0	0	0	4
28345	1	0	0	0	2	1	0	0	0	0	0	0	4
28346	2	0	0	0	2	0	1	0	0	0	0	0	5
28347	2	0	0	0	0	1	0	0	0	0	0	0	3
28348	1	0	1	0	1	0	0	0	0	0	0	0	3
28349	0	0	0	0	1	0	0	0	1	0	0	0	2
28350	1	0	0	0	0	0	0	0	0	0	0	0	1
28351	1	0	0	0	0	0	0	1	0	0	0	0	2
28352	0	0	0	0	2	0	0	0	0	0	0	0	2
28353	2	0	0	1	1	0	0	0	0	0	0	0	4
28354	2	0	0	0	0	0	0	0	0	0	0	0	2
28355	2	0	0	1	0	0	0	1	0	0	0	0	4
28356	5	0	0	0	0	0	1	0	0	0	0	0	6
28357	2	0	0	0	1	0	0	0	0	0	0	0	3
28358	1	0	0	0	0	0	0	0	0	0	0	0	1
28360	3	0	0	1	0	0	0	0	0	0	0	0	4
28361	2	0	0	1	0	0	0	1	0	0	0	0	4
28362	2	0	0	0	0	0	0	0	0	0	0	0	2
28363	1	0	0	0	0	0	0	0	0	0	0	0	1
28364	1	0	0	0	0	0	0	2	0	0	0	0	3
28365	2	0	0	0	1	0	0	1	0	0	0	0	4
28366	2	0	0	0	0	0	0	1	0	0	0	0	3
28367	2	1	0	0	0	0	0	0	0	0	0	0	3
28368	2	0	0	0	0	0	0	0	0	0	0	0	2
28369	3	0	0	0	0	0	0	0	0	0	0	0	3
28370	2	0	0	0	0	0	0	1	0	0	0	0	3
28371	2	0	0	0	0	0	0	1	0	0	0	0	3
28372	3	0	0	0	0	0	0	0	0	0	0	0	3
28373	3	0	0	0	0	0	0	1	0	0	0	0	4
28374	2	0	0	0	1	0	0	0	0	0	0	0	3
28375	1	0	0	0	0	0	0	0	0	0	0	0	1
28376	0	0	1	0	1	0	0	0	0	0	0	0	2
28377	2	0	0	0	1	0	0	0	0	0	0	0	3
28378	2	0	0	0	0	0	0	1	0	0	0	0	3
28379	3	0	0	0	3	0	0	0	0	0	0	0	6
28380	2	0	0	0	0	0	0	1	0	0	0	0	3
28381	3	0	0	0	0	0	0	0	0	0	0	0	3
28382	3	0	0	0	0	0	0	1	0	0	0	0	4
28383	2	1	0	0	0	0	0	1	0	0	0	0	4
28384	2	0	0	0	0	1	0	0	0	0	0	0	3
28385	3	0	0	0	0	0	0	1	0	0	0	0	4
28386	2	0	0	0	0	0	0	0	0	0	0	0	2
28387	1	0	0	0	2	0	0	0	0	0	0	0	3
28388	3	0	0	0	0	0	0	2	0	1	0	0	6
28389	1	0	0	0	1	0	0	0	0	0	0	0	2
28390	3	0	0	0	0	0	0	0	0	0	0	0	3
28391	3	0	0	0	0	0	1	0	0	0	0	0	4
28392	3	0	0	0	0	0	0	0	0	0	0	0	3
28393	1	0	0	0	1	0	0	0	0	0	0	0	2
28394	3	0	0	0	0	0	0	1	0	0	0	0	4
28395	3	0	0	0	1	0	0	0	0	0	0	0	4
28396	3	0	0	0	2	0	0	0	0	0	0	0	5
28397	1	0	0	1	0	0	0	1	0	0	0	0	3
28398	2	0	0	0	0	0	0	0	0	0	0	0	2
28399	3	0	0	0	0	0	1	1	0	0	0	0	5
28400	2	0	0	0	0	0	0	0	0	0	0	0	2
28401	2	0	0	0	0	0	0	0	0	0	0	0	2
28402	3	0	0	0	0	1	0	0	0	0	0	0	4
28403	1	0	0	0	0	0	0	0	0	0	0	0	1
28404	1	0	0	0	0	0	0	0	0	0	0	0	1
28405	2	0	0	0	0	0	0	0	0	0	0	0	2
28406	2	0	0	0	0	0	0	1	0	0	0	0	3
28407	3	0	0	0	0	0	0	0	0	0	0	0	3
28408	1	0	0	0	0	0	0	0	0	0	0	0	1
28409	2	0	0	0	0	0	0	0	0	0	0	0	2
28410	2	0	0	0	0	0	0	1	0	0	0	0	3
28411	2	0	0	0	0	0	0	0	0	0	0	0	2
28412	3	0	0	0	2	0	0	0	0	0	0	0	5
28413	3	0	0	0	1	0	0	0	0	0	0	0	4
28414	3	0	0	0	2	0	0	0	0	0	0	0	5
28415	0	0	0	0	2	0	0	0	0	0	0	0	2
28416	3	0	0	1	0	0	0	1	0	0	0	0	5
28417	2	0	0	0	0	0	0	0	0	0	0	0	2
28418	1	0	0	0	0	0	0	0	0	0	0	0	1
28419	0	0	0	0	3	0	0	0	0	0	0	0	3
28420	2	0	0	0	0	0	0	0	0	0	0	0	2
28421	1	0	0	0	0	0	0	0	0	0	0	0	1
28422	1	0	0	0	0	0	0	0	0	0	0	0	1
28423	1	0	0	0	1	0	0	1	0	0	0	0	3
28424	3	0	0	0	0	0	0	0	0	0	0	0	3
28425	0	0	0	1	1	0	0	1	0	0	0	0	3
28426	2	0	0	0	0	0	1	0	0	0	0	0	3
28427	1	0	0	1	0	0	0	0	0	0	0	0	2
28428	0	0	0	0	3	1	0	0	0	0	0	0	4
28429	1	0	0	0	1	0	1	0	0	0	0	0	3
28430	2	0	0	0	0	1	0	1	0	0	0	0	4
28431	2	0	0	0	2	0	0	0	0	0	0	0	4
28432	2	0	0	0	0	0	0	0	0	0	0	0	2
28434	2	0	0	0	0	0	0	0	0	0	0	0	2
28435	5	0	0	0	0	0	0	0	0	0	0	0	5
28436	1	0	0	0	1	0	0	0	1	0	0	0	3
28437	3	0	0	0	0	0	2	1	1	0	0	0	7
28438	3	0	0	0	0	0	0	0	0	0	0	0	3
28439	2	0	1	2	1	0	0	0	0	0	0	0	6
28440	1	0	0	0	0	0	0	1	0	0	0	0	2
28441	0	0	0	1	0	0	0	0	1	0	0	0	2
28442	3	0	0	1	1	0	0	0	0	0	0	0	5
28443	2	1	0	0	0	0	0	0	0	0	0	0	3
28444	1	0	0	1	0	0	0	0	0	0	0	0	2
28445	1	0	0	0	0	0	0	0	0	0	0	0	1
28446	2	0	0	0	1	0	1	0	0	0	0	0	4
28447	2	0	0	0	0	0	0	1	0	0	0	0	3
28448	2	0	0	0	1	0	0	1	0	0	0	0	4
28449	1	0	0	1	1	0	0	0	0	0	0	0	3
28450	2	0	0	0	0	0	0	0	0	0	0	0	2
28451	3	0	0	0	0	0	0	0	0	0	0	0	3
28452	2	0	0	0	0	0	0	0	0	0	0	0	2
28453	1	0	0	0	0	0	1	0	0	0	0	0	2
28454	3	0	0	0	0	0	0	1	0	0	0	0	4
28455	8	0	0	0	0	0	0	0	0	0	0	0	8
28456	1	0	0	0	2	0	0	0	0	0	0	0	3
28457	4	0	0	0	0	0	0	0	0	0	0	0	4
28458	3	0	0	1	0	0	0	1	0	0	0	0	5
28459	3	0	0	0	0	0	0	0	0	0	0	0	3
28460	1	0	0	1	0	0	0	1	0	0	0	0	3
28461	3	0	0	0	0	0	0	0	0	0	0	0	3
28462	3	0	0	0	0	0	0	0	0	0	0	0	3
28463	3	0	0	0	0	0	0	0	0	0	0	0	3
28464	2	0	0	0	2	0	0	0	0	0	0	0	4
28465	1	0	0	0	0	0	0	0	0	0	0	0	1
28466	3	0	0	0	0	0	0	2	0	0	0	0	5
28467	2	0	0	0	0	0	1	0	0	0	0	0	3
28468	1	0	0	0	0	0	0	0	0	0	0	0	1
28469	2	0	0	0	0	0	0	0	0	0	0	0	2
28470	3	0	0	0	1	0	1	0	0	0	0	0	5
28471	3	0	0	0	0	0	0	0	0	0	0	0	3
28472	1	0	0	1	0	0	0	0	0	0	0	0	2
28473	2	0	0	0	0	0	0	0	0	0	0	0	2
28474	1	0	0	0	0	0	0	1	0	0	0	0	2
28475	3	0	0	0	0	0	0	0	0	0	0	0	3
28476	2	0	0	0	0	0	0	0	0	0	0	0	2
28477	1	0	0	0	0	1	0	1	0	0	0	0	3
28478	2	0	0	0	0	0	0	0	0	1	0	0	3
28479	4	0	0	0	0	0	0	0	0	0	0	0	4
28480	2	0	0	0	0	0	0	0	0	0	0	0	2
28481	1	0	0	0	0	0	0	1	0	0	0	0	2
28482	1	0	0	0	2	0	0	0	0	0	0	0	3
28483	6	0	0	0	0	0	0	0	0	0	0	0	6
28484	1	0	0	0	0	0	0	0	0	0	0	0	1
28485	2	0	0	1	1	0	0	1	0	0	0	0	5
28486	3	0	0	0	0	0	0	0	0	0	0	0	3
28487	2	0	0	0	0	1	0	0	0	0	0	0	3
28488	4	0	0	0	0	0	0	0	0	0	0	0	4
28489	1	0	0	0	0	0	0	1	0	0	0	0	2
28490	2	0	0	0	0	0	2	1	0	0	0	0	5
28491	2	0	0	0	2	0	0	0	0	0	0	0	4
28492	0	0	0	1	0	0	0	0	0	0	0	0	1
28493	4	0	0	0	0	1	0	0	0	0	0	0	5
28494	3	0	0	0	1	0	0	0	0	0	0	0	4
28495	2	0	0	0	0	2	0	0	0	0	0	0	4
28496	1	0	0	0	0	0	0	1	0	0	0	0	2
28497	3	0	0	0	1	0	0	0	0	0	0	0	4
28498	2	0	0	0	1	0	0	0	0	0	0	0	3
28499	3	0	0	0	0	0	0	1	0	0	0	0	4
28500	2	0	0	0	0	0	0	1	0	0	0	0	3
28501	1	0	0	0	0	0	0	0	0	0	0	0	1
28502	3	0	0	0	0	0	0	1	0	0	0	0	4
28503	4	0	0	0	0	0	0	1	0	0	0	0	5
28504	4	0	0	0	0	0	0	0	0	0	0	0	4
28505	0	0	1	1	1	0	0	0	0	0	0	0	3
28506	2	0	0	0	0	0	0	0	0	0	0	0	2
28507	3	0	0	0	1	0	0	1	1	0	0	0	6
28508	4	0	0	0	0	0	0	1	0	0	0	0	5
28509	2	0	0	0	0	0	0	0	0	0	0	0	2
28510	2	0	0	1	0	0	0	1	0	0	0	0	4
28511	1	0	0	0	1	0	0	1	0	0	0	0	3
28512	1	0	0	0	0	0	0	1	0	0	0	0	2
28513	4	0	0	0	0	0	0	0	0	0	0	0	4
28514	2	0	0	0	0	0	0	0	0	0	0	0	2
28515	2	0	0	0	0	0	0	0	0	0	0	0	2
