motif1_name	motif2_name	orientation_pattern	spacing	log2_fc_vs_baseline_mean	log2_fc_vs_baseline_std	log2_fc_vs_baseline_sem	mean_prediction_mean	mean_prediction_std	n_sequences_first
AP1_2	AP1_2	++	0	0.7113055566501929	0.04569021636095203	0.02043328593795236	2.079194927215576	0.0929983235456842	1000
AP1_2	AP1_2	++	9	0.72542097252583	0.05975938093835949	0.026725207614295397	2.088978981971741	0.08304155778050971	1000
AP1_2	AP1_2	++	18	0.5984384937693249	0.04038535168675825	0.018060878333365445	2.000961494445801	0.1141247951183086	1000
AP1_2	AP1_2	++	27	0.6494507579922975	0.04208126653843038	0.01881931451184352	2.036320447921753	0.11035167806352345	1000
AP1_2	AP1_2	++	36	0.5946031946637589	0.03893880555182737	0.017413963235306442	1.998303198814392	0.11798026811517483	1000
AP1_2	AP1_2	+-	0	0.7261372716675412	0.09506179648778958	0.04251292780198965	2.0894756078720094	0.12301804728844905	1000
AP1_2	AP1_2	+-	9	0.7311227563455475	0.053793460746170384	0.024057166994680707	2.092931342124939	0.08597578851066197	1000
AP1_2	AP1_2	+-	18	0.5969159485595015	0.03802960846186833	0.01700735793568776	1.9999061822891235	0.1136626500830168	1000
AP1_2	AP1_2	+-	27	0.6527909018477644	0.04341243998495037	0.019414633375095792	2.038635802268982	0.11312427119942083	1000
AP1_2	AP1_2	+-	36	0.5938617946541542	0.04192917856622022	0.018751298702959114	1.997789192199707	0.11738726347146936	1000
AP1_2	AP1_2	-+	0	0.7076308205474723	0.07276040511702744	0.03253944238241938	2.0766477823257445	0.08106605125752218	1000
AP1_2	AP1_2	-+	9	0.7206406287537728	0.0643956676364933	0.02879861805833645	2.0856656074523925	0.07961362971039182	1000
AP1_2	AP1_2	-+	18	0.5994687988349813	0.043356438731626715	0.01938958885324442	2.0016757011413575	0.11463417953217775	1000
AP1_2	AP1_2	-+	27	0.6466308014617628	0.03929181876925533	0.01757183554553141	2.0343658447265627	0.11021407221977045	1000
AP1_2	AP1_2	-+	36	0.5943696164264896	0.03731464434427613	0.0166876162620059	1.9981411457061768	0.11791182116894099	1000
AP1_2	AP1_2	--	0	0.7111298505749388	0.046899375422552715	0.02097403830942216	2.079073190689087	0.09316306888289475	1000
AP1_2	AP1_2	--	9	0.7261400061916898	0.058656973484812476	0.026232196013288682	2.0894774436950683	0.08371529173048811	1000
AP1_2	AP1_2	--	18	0.5984079668487967	0.041636823659993535	0.018620553614183428	2.0009403944015505	0.11491963609965464	1000
AP1_2	AP1_2	--	27	0.6489708232067998	0.04116917738566069	0.018411415842416876	2.035987877845764	0.11319834455080519	1000
AP1_2	AP1_2	--	36	0.5938841180022363	0.03993552298750986	0.017859708823415504	1.9978047132492065	0.11725436880447862	1000
AP1_2	CREB_ATF_1	++	0	0.4334059198018586	0.03341275595701783	0.01494263872710058	1.8865696668624878	0.10130540251475066	1000
AP1_2	CREB_ATF_1	++	9	0.4248204426811967	0.02114800777405159	0.009457676594294672	1.8806186676025392	0.11267721728569619	1000
AP1_2	CREB_ATF_1	++	18	0.4199638418017469	0.032810353188104116	0.01467323601887555	1.877252221107483	0.12239315364322727	1000
AP1_2	CREB_ATF_1	++	27	0.4120249334570037	0.03208079914746733	0.014346969533250849	1.8717494487762452	0.12049082604002478	1000
AP1_2	CREB_ATF_1	++	36	0.44964674027252116	0.02637738959767011	0.011796327241877238	1.897826886177063	0.11832438742043344	1000
AP1_2	CREB_ATF_1	+-	0	0.4334059198018586	0.03341275595701783	0.01494263872710058	1.8865696668624878	0.10130540251475066	1000
AP1_2	CREB_ATF_1	+-	9	0.4248204426811967	0.02114800777405159	0.009457676594294672	1.8806186676025392	0.11267721728569619	1000
AP1_2	CREB_ATF_1	+-	18	0.4199638418017469	0.032810353188104116	0.01467323601887555	1.877252221107483	0.12239315364322727	1000
AP1_2	CREB_ATF_1	+-	27	0.4120249334570037	0.03208079914746733	0.014346969533250849	1.8717494487762452	0.12049082604002478	1000
AP1_2	CREB_ATF_1	+-	36	0.44964674027252116	0.02637738959767011	0.011796327241877238	1.897826886177063	0.11832438742043344	1000
AP1_2	CREB_ATF_1	-+	0	0.456230038367501	0.024142404872130332	0.010796811686881107	1.9023900985717774	0.09442534841182605	1000
AP1_2	CREB_ATF_1	-+	9	0.4158876551962498	0.01872826406227402	0.008375534308762212	1.874426817893982	0.10526046391501977	1000
AP1_2	CREB_ATF_1	-+	18	0.41941035863560766	0.03153970317438812	0.014104984057619546	1.8768686532974244	0.12154077034243818	1000
AP1_2	CREB_ATF_1	-+	27	0.41312712727072076	0.030523172236372	0.013650377601892413	1.8725134134292603	0.11958455150274032	1000
AP1_2	CREB_ATF_1	-+	36	0.4490485588154226	0.026711415029675736	0.011945707956312902	1.8974122762680055	0.11853754430533803	1000
AP1_2	CREB_ATF_1	--	0	0.456230038367501	0.024142404872130332	0.010796811686881107	1.9023900985717774	0.09442534841182605	1000
AP1_2	CREB_ATF_1	--	9	0.4158876551962498	0.01872826406227402	0.008375534308762212	1.874426817893982	0.10526046391501977	1000
AP1_2	CREB_ATF_1	--	18	0.41941035863560766	0.03153970317438812	0.014104984057619546	1.8768686532974244	0.12154077034243818	1000
AP1_2	CREB_ATF_1	--	27	0.41312712727072076	0.030523172236372	0.013650377601892413	1.8725134134292603	0.11958455150274032	1000
AP1_2	CREB_ATF_1	--	36	0.4490485588154226	0.026711415029675736	0.011945707956312902	1.8974122762680055	0.11853754430533803	1000
AP1_2	CREB_ATF_3	++	0	0.7261372716675412	0.09506179648778958	0.04251292780198965	2.0894756078720094	0.12301804728844905	1000
AP1_2	CREB_ATF_3	++	9	0.7311227563455475	0.053793460746170384	0.024057166994680707	2.092931342124939	0.08597578851066197	1000
AP1_2	CREB_ATF_3	++	18	0.5969159485595015	0.03802960846186833	0.01700735793568776	1.9999061822891235	0.1136626500830168	1000
AP1_2	CREB_ATF_3	++	27	0.6527909018477644	0.04341243998495037	0.019414633375095792	2.038635802268982	0.11312427119942083	1000
AP1_2	CREB_ATF_3	++	36	0.5938617946541542	0.04192917856622022	0.018751298702959114	1.997789192199707	0.11738726347146936	1000
AP1_2	CREB_ATF_3	+-	0	0.7113055566501929	0.04569021636095203	0.02043328593795236	2.079194927215576	0.0929983235456842	1000
AP1_2	CREB_ATF_3	+-	9	0.72542097252583	0.05975938093835949	0.026725207614295397	2.088978981971741	0.08304155778050971	1000
AP1_2	CREB_ATF_3	+-	18	0.5984384937693249	0.04038535168675825	0.018060878333365445	2.000961494445801	0.1141247951183086	1000
AP1_2	CREB_ATF_3	+-	27	0.6494507579922975	0.04208126653843038	0.01881931451184352	2.036320447921753	0.11035167806352345	1000
AP1_2	CREB_ATF_3	+-	36	0.5946031946637589	0.03893880555182737	0.017413963235306442	1.998303198814392	0.11798026811517483	1000
AP1_2	CREB_ATF_3	-+	0	0.7111298505749388	0.046899375422552715	0.02097403830942216	2.079073190689087	0.09316306888289475	1000
AP1_2	CREB_ATF_3	-+	9	0.7261400061916898	0.058656973484812476	0.026232196013288682	2.0894774436950683	0.08371529173048811	1000
AP1_2	CREB_ATF_3	-+	18	0.5984079668487967	0.041636823659993535	0.018620553614183428	2.0009403944015505	0.11491963609965464	1000
AP1_2	CREB_ATF_3	-+	27	0.6489708232067998	0.04116917738566069	0.018411415842416876	2.035987877845764	0.11319834455080519	1000
AP1_2	CREB_ATF_3	-+	36	0.5938841180022363	0.03993552298750986	0.017859708823415504	1.9978047132492065	0.11725436880447862	1000
AP1_2	CREB_ATF_3	--	0	0.7076308205474723	0.07276040511702744	0.03253944238241938	2.0766477823257445	0.08106605125752218	1000
AP1_2	CREB_ATF_3	--	9	0.7206406287537728	0.0643956676364933	0.02879861805833645	2.0856656074523925	0.07961362971039182	1000
AP1_2	CREB_ATF_3	--	18	0.5994687988349813	0.043356438731626715	0.01938958885324442	2.0016757011413575	0.11463417953217775	1000
AP1_2	CREB_ATF_3	--	27	0.6466308014617628	0.03929181876925533	0.01757183554553141	2.0343658447265627	0.11021407221977045	1000
AP1_2	CREB_ATF_3	--	36	0.5943696164264896	0.03731464434427613	0.0166876162620059	1.9981411457061768	0.11791182116894099	1000
AP1_2	CTCF	++	0	0.5678211963581479	0.03317614255033759	0.014836821994755616	1.979739260673523	0.11421148779024626	1000
AP1_2	CTCF	++	9	0.43892477427498583	0.022171267190881038	0.00991529211722416	1.8903950214385987	0.10621744957073832	1000
AP1_2	CTCF	++	18	0.47203072083807535	0.02662092826211638	0.011905241043647511	1.913342332839966	0.11275218769758194	1000
AP1_2	CTCF	++	27	0.4429522381954934	0.021491777337905502	0.009611415016969233	1.893186664581299	0.10769876572551372	1000
AP1_2	CTCF	++	36	0.45406991047526646	0.03269464317160415	0.01462148892636124	1.9008928060531616	0.11376335715790369	1000
AP1_2	CTCF	+-	0	0.37007596575358515	0.06562572833420871	0.029348717925644943	1.8426726579666137	0.10000685346055074	1000
AP1_2	CTCF	+-	9	0.4415651723188872	0.02517808254612061	0.011259980823245334	1.8922251701354984	0.10857106013118213	1000
AP1_2	CTCF	+-	18	0.4623422157878398	0.027823493673482944	0.012443044645088639	1.9066267967224122	0.11178663878356768	1000
AP1_2	CTCF	+-	27	0.44491992610054504	0.02116122290813217	0.009463586581921864	1.8945505142211914	0.10984663400400982	1000
AP1_2	CTCF	+-	36	0.4521746530636258	0.03720021523400956	0.016636442008173723	1.89957914352417	0.11679301900954386	1000
AP1_2	CTCF	-+	0	0.598081904941026	0.04098720921802997	0.018330037203904203	2.0007143020629883	0.11309100934620724	1000
AP1_2	CTCF	-+	9	0.44380961470570723	0.026901072835985525	0.012030525505787336	1.8937808990478515	0.10617386165941564	1000
AP1_2	CTCF	-+	18	0.4723240458482545	0.030731711337777	0.013743639123234074	1.9135456562042237	0.11467051602769925	1000
AP1_2	CTCF	-+	27	0.4388350079303679	0.01989880806812296	0.00889901750230884	1.8903327465057373	0.10854070627576366	1000
AP1_2	CTCF	-+	36	0.4530300603724872	0.031162817140865242	0.013936435499474063	1.9001720666885376	0.11226057030670748	1000
AP1_2	CTCF	--	0	0.4127980556665598	0.05397467219342259	0.024138207217552117	1.8722853899002074	0.09112755221460704	1000
AP1_2	CTCF	--	9	0.4438145764051846	0.02734740768029946	0.012230132516309885	1.8937843799591065	0.10507280990093475	1000
AP1_2	CTCF	--	18	0.46237245893699397	0.026560596261321602	0.011878259752648373	1.9066477775573731	0.11168265196578092	1000
AP1_2	CTCF	--	27	0.4398147414975381	0.01836262638064029	0.008212016166508523	1.891011905670166	0.10976501223873811	1000
AP1_2	CTCF	--	36	0.449529611488151	0.03448179333073987	0.015420726774726647	1.8977457284927368	0.11479752776135425	1000
AP1_2	E2F	++	0	0.5198560261527045	0.09802482902285042	0.04383803623557756	1.9464922904968263	0.16730900326115053	1000
AP1_2	E2F	++	9	0.3034324090724391	0.03224174799118741	0.014418948044342468	1.7964788913726806	0.09723358541162945	1000
AP1_2	E2F	++	18	0.2938969513832063	0.020574274887005146	0.009201095447022061	1.7898693799972534	0.11264919980808678	1000
AP1_2	E2F	++	27	0.28631993323197497	0.013826391501292874	0.006183350256083247	1.7846174001693726	0.10291165833939647	1000
AP1_2	E2F	++	36	0.29376358743659475	0.015536509373315592	0.006948138218359264	1.7897769689559937	0.11205125553824732	1000
AP1_2	E2F	+-	0	0.37436243984585843	0.06089860991477072	0.027234686300933997	1.8456438064575196	0.10505082880579271	1000
AP1_2	E2F	+-	9	0.32139979777164357	0.016778963251093282	0.00750378048428309	1.8089329242706298	0.1145669994593898	1000
AP1_2	E2F	+-	18	0.2946730961878514	0.01245770471756415	0.005571254918418651	1.790407395362854	0.10780769491450437	1000
AP1_2	E2F	+-	27	0.2965884110761489	0.01641661097935991	0.0073417316220036315	1.7917349815368653	0.11017449936270025	1000
AP1_2	E2F	+-	36	0.28811979616674827	0.020035279798053807	0.008960049515335314	1.7858649492263794	0.10444710097160788	1000
AP1_2	E2F	-+	0	0.6205075741011493	0.06534085974040789	0.02922132081756626	2.0162585258483885	0.14089080233331572	1000
AP1_2	E2F	-+	9	0.28875026736654624	0.03407786488722993	0.015240084483179863	1.7863019704818726	0.09623815425656919	1000
AP1_2	E2F	-+	18	0.29402292007583075	0.019983373833259342	0.008936836462191688	1.7899567127227782	0.11195445631970287	1000
AP1_2	E2F	-+	27	0.2830240534112738	0.013391904357231482	0.0059890416981890435	1.7823328971862793	0.10380112964319894	1000
AP1_2	E2F	-+	36	0.29323150321178915	0.01600196838485748	0.007156297816468768	1.7894081115722655	0.11313694312958765	1000
AP1_2	E2F	--	0	0.40904949171139016	0.05434957157889815	0.024305867319681367	1.869687056541443	0.09897097674310447	1000
AP1_2	E2F	--	9	0.3057302219753882	0.01571273509863502	0.007026948758598953	1.798071599006653	0.11147424754473496	1000
AP1_2	E2F	--	18	0.29377413857222523	0.012503672141926384	0.005591812175543559	1.7897843360900878	0.10771396989879677	1000
AP1_2	E2F	--	27	0.2924454995016834	0.017354291612815525	0.007761075149521995	1.7888633489608765	0.11187004988999479	1000
AP1_2	E2F	--	36	0.2868230942744717	0.019942552838114268	0.008918580758180972	1.7849661588668824	0.1050236533961553	1000
AP1_2	ETS	++	0	0.2659414703053127	0.058452164530688966	0.02614060266452452	1.770492148399353	0.11418624419083816	1000
AP1_2	ETS	++	9	0.38186019119330716	0.013406290635737967	0.005995475437525793	1.850840950012207	0.11169279934453878	1000
AP1_2	ETS	++	18	0.3603047370482845	0.02343746875591854	0.010481554671752255	1.8358997344970702	0.0979824689740451	1000
AP1_2	ETS	++	27	0.38659737591913035	0.010108740756380833	0.0045207662996380365	1.8541244745254517	0.10580239602280136	1000
AP1_2	ETS	++	36	0.3576614496958486	0.013056507855926226	0.005839047822922214	1.8340675354003906	0.1053876915629131	1000
AP1_2	ETS	+-	0	0.4771236344789432	0.038778379721471086	0.01734221862290174	1.9168724060058593	0.11770625021490565	1000
AP1_2	ETS	+-	9	0.372762790514087	0.027989338556550905	0.012517212731540732	1.844534993171692	0.10818036863018397	1000
AP1_2	ETS	+-	18	0.3810049042723014	0.010618706222177282	0.004748829789177678	1.8502480745315553	0.10561038348153175	1000
AP1_2	ETS	+-	27	0.36044834256175495	0.014566516177603078	0.006514344073694176	1.835999345779419	0.10013647573007528	1000
AP1_2	ETS	+-	36	0.37905456081758926	0.009425741116727943	0.0042153195750636915	1.8488960981369018	0.10535179919662654	1000
AP1_2	ETS	-+	0	0.28319177949152774	0.053023075255402265	0.023712640129433298	1.7824491262435913	0.1221170624073898	1000
AP1_2	ETS	-+	9	0.39322049659691743	0.013609433689605476	0.006086323773046723	1.8587152242660523	0.11215590629305948	1000
AP1_2	ETS	-+	18	0.3643324503436359	0.023451057541912568	0.010487631761595125	1.8386915922164917	0.10012820037482421	1000
AP1_2	ETS	-+	27	0.38630021569583706	0.011641318472878161	0.005206155890615922	1.853918480873108	0.10688453029982593	1000
AP1_2	ETS	-+	36	0.35841441553872355	0.011421285163023744	0.005107754002986171	1.8345895051956176	0.10434736315680906	1000
AP1_2	ETS	--	0	0.5718555739812203	0.011733403478495257	0.0052473375570695775	1.9825356960296632	0.10417067792358677	1000
AP1_2	ETS	--	9	0.3727381368010858	0.0268747933739196	0.01201877297306903	1.8445180177688598	0.10694189115226832	1000
AP1_2	ETS	--	18	0.38455540870717114	0.013128947513239057	0.00587144382252587	1.8527090787887572	0.10789970834421721	1000
AP1_2	ETS	--	27	0.3588804369277665	0.015457672599543216	0.006912881341302903	1.8349125623703002	0.10069301127724566	1000
AP1_2	ETS	--	36	0.38117752325897236	0.006007741974837232	0.0026867438894029763	1.8503676414489747	0.10426714026461609	1000
AP1_2	Ebox_CACGTG	++	0	0.28799219793850694	0.02362272490503244	0.01056440374028596	1.785776472091675	0.10249368650192754	1000
AP1_2	Ebox_CACGTG	++	9	0.31956358630361037	0.01317762080839774	0.005893211181858616	1.807660174369812	0.10325965225337266	1000
AP1_2	Ebox_CACGTG	++	18	0.2991059619125391	0.009388523058406564	0.004198675153384261	1.7934799194335938	0.10672414073433124	1000
AP1_2	Ebox_CACGTG	++	27	0.2996862485748153	0.013472942541016272	0.006025283075732226	1.7938822507858276	0.1079834803140743	1000
AP1_2	Ebox_CACGTG	++	36	0.2968174790683994	0.015009291714533782	0.00671235931356438	1.7918938159942628	0.10992865709268625	1000
AP1_2	Ebox_CACGTG	+-	0	0.28799219793850694	0.02362272490503244	0.01056440374028596	1.785776472091675	0.10249368650192754	1000
AP1_2	Ebox_CACGTG	+-	9	0.31956358630361037	0.01317762080839774	0.005893211181858616	1.807660174369812	0.10325965225337266	1000
AP1_2	Ebox_CACGTG	+-	18	0.2991059619125391	0.009388523058406564	0.004198675153384261	1.7934799194335938	0.10672414073433124	1000
AP1_2	Ebox_CACGTG	+-	27	0.2996862485748153	0.013472942541016272	0.006025283075732226	1.7938822507858276	0.1079834803140743	1000
AP1_2	Ebox_CACGTG	+-	36	0.2968174790683994	0.015009291714533782	0.00671235931356438	1.7918938159942628	0.10992865709268625	1000
AP1_2	Ebox_CACGTG	-+	0	0.32672822015503666	0.038251881032619214	0.01710676125123428	1.8126262426376343	0.10363147927919836	1000
AP1_2	Ebox_CACGTG	-+	9	0.3180104195828009	0.010311549383721806	0.004611465075069604	1.8065834999084474	0.10135090675867194	1000
AP1_2	Ebox_CACGTG	-+	18	0.30186251703883327	0.010748274417631466	0.004806774447729184	1.7953907012939454	0.10789186198756663	1000
AP1_2	Ebox_CACGTG	-+	27	0.2969578556075999	0.014173072955329923	0.006338390915636309	1.7919910430908204	0.10966156558967044	1000
AP1_2	Ebox_CACGTG	-+	36	0.2981801363072819	0.012790365181270314	0.005720025200473368	1.7928382873535156	0.10908092369643783	1000
AP1_2	Ebox_CACGTG	--	0	0.32672822015503666	0.038251881032619214	0.01710676125123428	1.8126262426376343	0.10363147927919836	1000
AP1_2	Ebox_CACGTG	--	9	0.3180104195828009	0.010311549383721806	0.004611465075069604	1.8065834999084474	0.10135090675867194	1000
AP1_2	Ebox_CACGTG	--	18	0.30186251703883327	0.010748274417631466	0.004806774447729184	1.7953907012939454	0.10789186198756663	1000
AP1_2	Ebox_CACGTG	--	27	0.2969578556075999	0.014173072955329923	0.006338390915636309	1.7919910430908204	0.10966156558967044	1000
AP1_2	Ebox_CACGTG	--	36	0.2981801363072819	0.012790365181270314	0.005720025200473368	1.7928382873535156	0.10908092369643783	1000
AP1_2	GATA	++	0	0.4556454478393869	0.0739011405692673	0.03304959478552984	1.901984977722168	0.11227398483656846	1000
AP1_2	GATA	++	9	0.43459267748500485	0.020522928107510486	0.00917813246914691	1.887392234802246	0.11489027864080396	1000
AP1_2	GATA	++	18	0.48940863900144754	0.029950241483464743	0.013394155179912262	1.9253878116607666	0.11352100763685714	1000
AP1_2	GATA	++	27	0.5109646950857483	0.019503541263978245	0.008722248813645505	1.9403292655944824	0.11086327519967118	1000
AP1_2	GATA	++	36	0.4989422048815209	0.03710125788300922	0.01659218693543171	1.9319958448410035	0.12281010781889816	1000
AP1_2	GATA	+-	0	0.46375287768414425	0.04512275002675471	0.020179507278310797	1.9076045751571655	0.07983257692645139	1000
AP1_2	GATA	+-	9	0.509174983426942	0.034030357720312585	0.015218838632250742	1.9390887498855591	0.089757401932115	1000
AP1_2	GATA	+-	18	0.5028684570119958	0.02110113778433623	0.009436715697673022	1.9347174644470215	0.10713320595636552	1000
AP1_2	GATA	+-	27	0.49820955878884526	0.021137779656627696	0.009453102441126338	1.9314881563186646	0.1149698305272654	1000
AP1_2	GATA	+-	36	0.5136883929265951	0.03272647649304747	0.014635725220500611	1.942217183113098	0.11788428929023248	1000
AP1_2	GATA	-+	0	0.4488987189308585	0.05272719050298723	0.02358031644545215	1.8973083972930909	0.10924258271194712	1000
AP1_2	GATA	-+	9	0.4339369764303253	0.027177348584049875	0.012154079776428635	1.886937713623047	0.11681668880154784	1000
AP1_2	GATA	-+	18	0.489226242801075	0.02781171325139867	0.012437776280171824	1.9252613306045532	0.1133267444845606	1000
AP1_2	GATA	-+	27	0.5091197769960151	0.021247315247222155	0.009502088246431298	1.9390505313873292	0.1131739500808344	1000
AP1_2	GATA	-+	36	0.5026261506551951	0.034715526600455016	0.01552525547066392	1.9345494270324708	0.12054680002638912	1000
AP1_2	GATA	--	0	0.49886768479890203	0.06322635442075475	0.02827568529086039	1.9319442510604858	0.0713027999182445	1000
AP1_2	GATA	--	9	0.49831647180375416	0.03688322486930612	0.016494679607435857	1.9315622329711915	0.08571603536651697	1000
AP1_2	GATA	--	18	0.5032949997835331	0.022005551005066588	0.009841181585933542	1.9350130319595338	0.10980710438088277	1000
AP1_2	GATA	--	27	0.500136796374414	0.02210148219749397	0.00988408331941959	1.9328239679336547	0.11371795397588828	1000
AP1_2	GATA	--	36	0.5142778978589575	0.029519262932162775	0.013201415712401144	1.9426258563995362	0.11714910023541572	1000
AP1_2	Grepeats	++	0	0.4379050375432249	0.02728397377575746	0.012201764011783058	1.8896881580352782	0.09260266135166133	1000
AP1_2	Grepeats	++	9	0.5764396339538477	0.0222508923342914	0.009950901563900908	1.9857130765914917	0.113095881873131	1000
AP1_2	Grepeats	++	18	0.6025397640444503	0.027715381993468204	0.012394695631953707	2.003804326057434	0.11492761868769179	1000
AP1_2	Grepeats	++	27	0.598341031201081	0.02721510569286331	0.012170965268816775	2.0008939504623413	0.11259695530047187	1000
AP1_2	Grepeats	++	36	0.592730432582851	0.018139755202027385	0.008112345145387733	1.9970049142837525	0.10577168556793685	1000
AP1_2	Grepeats	+-	0	0.5170148813595835	0.041641589104626994	0.01862268478581211	1.9445228815078734	0.10222610962529037	1000
AP1_2	Grepeats	+-	9	0.5353228988970868	0.01629393723953206	0.007286870257741791	1.9572131156921386	0.101964524646227	1000
AP1_2	Grepeats	+-	18	0.5696349597906772	0.023572355960465446	0.010541878063484616	1.9809963703155518	0.10696149580048507	1000
AP1_2	Grepeats	+-	27	0.581228465069725	0.020019442570390275	0.008952966891809154	1.9890324831008912	0.10735085109633502	1000
AP1_2	Grepeats	+-	36	0.583232303727988	0.025827087468237996	0.011550224647962619	1.9904214143753052	0.10638257008479608	1000
AP1_2	Grepeats	-+	0	0.3901634834799997	0.03267000197337945	0.014610469047505745	1.856596255302429	0.08773683906996062	1000
AP1_2	Grepeats	-+	9	0.5776561962303886	0.022827425528441286	0.010208735046581754	1.9865562915802002	0.11002072048012072	1000
AP1_2	Grepeats	-+	18	0.6032949656617865	0.031028975183208077	0.01387657955636145	2.00432767868042	0.11558125500901208	1000
AP1_2	Grepeats	-+	27	0.5984147257669756	0.02927687953721968	0.013093018562859158	2.0009450197219847	0.11319327864783058	1000
AP1_2	Grepeats	-+	36	0.5921414693958387	0.019825675000177605	0.008866311400043056	1.9965967178344726	0.10633840500774376	1000
AP1_2	Grepeats	--	0	0.5451250930786753	0.0433391904086648	0.019381875168716277	1.9640074491500854	0.09827195658631124	1000
AP1_2	Grepeats	--	9	0.5392831691959024	0.017688092971509067	0.007910355655326105	1.9599581718444825	0.1001882572102527	1000
AP1_2	Grepeats	--	18	0.5706541031822926	0.02003993798267465	0.008962132718828104	1.9817028284072875	0.10554797338413925	1000
AP1_2	Grepeats	--	27	0.5821248816416846	0.02135343424953991	0.00954954610700869	1.989653754234314	0.10791582124379892	1000
AP1_2	Grepeats	--	36	0.5830921378675347	0.027370183054207558	0.012240317973164182	1.9903242111206054	0.1072035890296523	1000
AP1_2	NFI	++	0	0.46836368955811347	0.02970872693748494	0.013286146591439094	1.910800576210022	0.1057101585824818	1000
AP1_2	NFI	++	9	0.3085667060386708	0.021004010283267715	0.009393278958698244	1.800037717819214	0.10263128988049285	1000
AP1_2	NFI	++	18	0.31920176490315894	0.015526857752539851	0.0069438218823297424	1.8074092864990234	0.11003897443571445	1000
AP1_2	NFI	++	27	0.2981244483249325	0.017940882825393363	0.00802340671478761	1.7927996635437011	0.10324247275557526	1000
AP1_2	NFI	++	36	0.3123254384680728	0.023083772833001247	0.010323377046350737	1.8026430368423463	0.10886191624729984	1000
AP1_2	NFI	+-	0	0.46836368955811347	0.02970872693748494	0.013286146591439094	1.910800576210022	0.1057101585824818	1000
AP1_2	NFI	+-	9	0.3085667060386708	0.021004010283267715	0.009393278958698244	1.800037717819214	0.10263128988049285	1000
AP1_2	NFI	+-	18	0.31920176490315894	0.015526857752539851	0.0069438218823297424	1.8074092864990234	0.11003897443571445	1000
AP1_2	NFI	+-	27	0.2981244483249325	0.017940882825393363	0.00802340671478761	1.7927996635437011	0.10324247275557526	1000
AP1_2	NFI	+-	36	0.3123254384680728	0.023083772833001247	0.010323377046350737	1.8026430368423463	0.10886191624729984	1000
AP1_2	NFI	-+	0	0.5015014873081428	0.03331440585441421	0.014898655224097427	1.9337698459625243	0.11095536858877045	1000
AP1_2	NFI	-+	9	0.30622717014462253	0.02362867282239766	0.010567063729796596	1.7984160423278808	0.10090484779242799	1000
AP1_2	NFI	-+	18	0.31803025348201164	0.014981583587523366	0.006699967862459483	1.8065972805023194	0.10997731285706032	1000
AP1_2	NFI	-+	27	0.2933158993981338	0.01779067699057545	0.007956232623333618	1.789466643333435	0.10382860878943952	1000
AP1_2	NFI	-+	36	0.31115729360731614	0.02427049449685515	0.010854095108500534	1.8018332958221435	0.10786532731763888	1000
AP1_2	NFI	--	0	0.5015014873081428	0.03331440585441421	0.014898655224097427	1.9337698459625243	0.11095536858877045	1000
AP1_2	NFI	--	9	0.30622717014462253	0.02362867282239766	0.010567063729796596	1.7984160423278808	0.10090484779242799	1000
AP1_2	NFI	--	18	0.31803025348201164	0.014981583587523366	0.006699967862459483	1.8065972805023194	0.10997731285706032	1000
AP1_2	NFI	--	27	0.2933158993981338	0.01779067699057545	0.007956232623333618	1.789466643333435	0.10382860878943952	1000
AP1_2	NFI	--	36	0.31115729360731614	0.02427049449685515	0.010854095108500534	1.8018332958221435	0.10786532731763888	1000
AP1_2	NFY	++	0	0.412126437617543	0.02576009572551986	0.011520265029832834	1.8718197822570801	0.10829464336667032	1000
AP1_2	NFY	++	9	0.2493201747659295	0.023505817285881896	0.010512121063584305	1.75897114276886	0.10108431977552448	1000
AP1_2	NFY	++	18	0.2563302521085916	0.012936205053925605	0.005785246774290796	1.7638301134109498	0.10658858451620944	1000
AP1_2	NFY	++	27	0.2538692964630342	0.016000351676812474	0.007155574802651087	1.7621243476867676	0.1097494987040487	1000
AP1_2	NFY	++	36	0.262571012357848	0.018931718812760057	0.00846652203924862	1.7681559085845948	0.11135317753699636	1000
AP1_2	NFY	+-	0	0.04643965722000102	0.016520679909528282	0.007388272662444063	1.618345069885254	0.11510983035393542	1000
AP1_2	NFY	+-	9	0.2566893604827257	0.013258661238756143	0.00592945356410006	1.7640790462493896	0.11138359558675269	1000
AP1_2	NFY	+-	18	0.248748401244871	0.01703257620226615	0.007617199644042463	1.7585748195648194	0.10696338363597216	1000
AP1_2	NFY	+-	27	0.25424593846842375	0.01826628807607431	0.0081689323669392	1.7623854637145997	0.1085016115866569	1000
AP1_2	NFY	+-	36	0.2663077009109756	0.01890700550437959	0.008455469911751091	1.7707459688186646	0.10977346343487335	1000
AP1_2	NFY	-+	0	0.4165560227731654	0.013400277485739381	0.005992786275094645	1.874890112876892	0.11011914617988709	1000
AP1_2	NFY	-+	9	0.2582535254940579	0.021519377784339294	0.009623758311856294	1.765163254737854	0.10144116937811289	1000
AP1_2	NFY	-+	18	0.259073431284215	0.014943069874056974	0.006682744006184123	1.7657315492630006	0.10833484606170496	1000
AP1_2	NFY	-+	27	0.2521884369235253	0.015674743185309287	0.007009958258440629	1.7609592437744142	0.10983650625061221	1000
AP1_2	NFY	-+	36	0.26345442274183617	0.016141388430806473	0.007218648356502387	1.7687682867050172	0.1103405272814443	1000
AP1_2	NFY	--	0	0.039227578729659485	0.02016933480329638	0.009020000736224611	1.613346004486084	0.1145138448078452	1000
AP1_2	NFY	--	9	0.25434122975570056	0.017072245661934358	0.007634940365732223	1.762451457977295	0.11524091467468713	1000
AP1_2	NFY	--	18	0.2514268633489746	0.019505067684015862	0.00872293144943877	1.7604313850402833	0.10836283843197002	1000
AP1_2	NFY	--	27	0.251924159783077	0.01760765027799122	0.007874380589126286	1.7607760906219483	0.10883315817035542	1000
AP1_2	NFY	--	36	0.26717159556365716	0.016407917112807906	0.007337843606684113	1.771344780921936	0.10855988946193894	1000
AP1_2	NRF1	++	0	0.6426785799510075	0.0747886819734026	0.033446515368028264	2.0316264152526857	0.07725506501304498	1000
AP1_2	NRF1	++	9	0.3423864235985038	0.011387626902618577	0.005092701571332103	1.8234797239303588	0.10591015734455363	1000
AP1_2	NRF1	++	18	0.35708957728476587	0.009805722625968571	0.0043852524720346935	1.833671236038208	0.10229193334745516	1000
AP1_2	NRF1	++	27	0.35325727927645734	0.010090035371195951	0.0045124009970742935	1.8310148477554322	0.10653481994764719	1000
AP1_2	NRF1	++	36	0.35487122466608173	0.010859090611225692	0.004856332956106078	1.8321335077285767	0.11125140940689829	1000
AP1_2	NRF1	+-	0	0.6426785799510075	0.0747886819734026	0.033446515368028264	2.0316264152526857	0.07725506501304498	1000
AP1_2	NRF1	+-	9	0.3423864235985038	0.011387626902618577	0.005092701571332103	1.8234797239303588	0.10591015734455363	1000
AP1_2	NRF1	+-	18	0.35708957728476587	0.009805722625968571	0.0043852524720346935	1.833671236038208	0.10229193334745516	1000
AP1_2	NRF1	+-	27	0.35325727927645734	0.010090035371195951	0.0045124009970742935	1.8310148477554322	0.10653481994764719	1000
AP1_2	NRF1	+-	36	0.35487122466608173	0.010859090611225692	0.004856332956106078	1.8321335077285767	0.11125140940689829	1000
AP1_2	NRF1	-+	0	0.5506934871543836	0.08401165263231733	0.037571153237592136	1.9678671598434447	0.09673220732648168	1000
AP1_2	NRF1	-+	9	0.34944840100563007	0.0111995050905605	0.005008570939369643	1.828374695777893	0.10769925655596034	1000
AP1_2	NRF1	-+	18	0.3608012939569881	0.009733487320127717	0.004352947861187566	1.836243987083435	0.10281346474974402	1000
AP1_2	NRF1	-+	27	0.3535224765240878	0.008418987183681052	0.003765085528882068	1.8311986446380615	0.1069035764235135	1000
AP1_2	NRF1	-+	36	0.3577087879204986	0.010781909975413076	0.004821816726461345	1.8341004133224488	0.11021478339650975	1000
AP1_2	NRF1	--	0	0.5506934871543836	0.08401165263231733	0.037571153237592136	1.9678671598434447	0.09673220732648168	1000
AP1_2	NRF1	--	9	0.34944840100563007	0.0111995050905605	0.005008570939369643	1.828374695777893	0.10769925655596034	1000
AP1_2	NRF1	--	18	0.3608012939569881	0.009733487320127717	0.004352947861187566	1.836243987083435	0.10281346474974402	1000
AP1_2	NRF1	--	27	0.3535224765240878	0.008418987183681052	0.003765085528882068	1.8311986446380615	0.1069035764235135	1000
AP1_2	NRF1	--	36	0.3577087879204986	0.010781909975413076	0.004821816726461345	1.8341004133224488	0.11021478339650975	1000
AP1_2	REST	++	0	0.24939877943650632	0.03521319821026976	0.01574782098066742	1.7590256452560424	0.10848285749735564	1000
AP1_2	REST	++	9	0.305055766212632	0.02129304834866256	0.009522540711159825	1.7976041316986084	0.10172966139238335	1000
AP1_2	REST	++	18	0.29492979749252923	0.004884435068241073	0.0021843857688541727	1.7905852794647217	0.10516166541902083	1000
AP1_2	REST	++	27	0.29559239505150836	0.01931963995790079	0.008640005649337468	1.791044545173645	0.11004394371108746	1000
AP1_2	REST	++	36	0.2872350615163485	0.014779718361914848	0.006609690989108687	1.7852517366409302	0.10414886877187554	1000
AP1_2	REST	+-	0	0.32808423026446326	0.04485251713676245	0.02005865545595501	1.8135662317276	0.10065329792302151	1000
AP1_2	REST	+-	9	0.2953155717766796	0.014536155039514269	0.006500766159966009	1.790852689743042	0.10525777944613184	1000
AP1_2	REST	+-	18	0.2840189257512862	0.013030375683191799	0.0058273611599954245	1.7830224990844727	0.10203295714262796	1000
AP1_2	REST	+-	27	0.2967935691803632	0.018593573121308087	0.008315298688771565	1.7918771982192994	0.10989965082917826	1000
AP1_2	REST	+-	36	0.29463998092842775	0.010545460497291347	0.004716073305196437	1.7903843879699708	0.10478021956352727	1000
AP1_2	REST	-+	0	0.23710560143851972	0.039980983366575774	0.017880039322990364	1.7505046606063843	0.0996047245777882	1000
AP1_2	REST	-+	9	0.3073960330329465	0.01795503332935688	0.00802973501254327	1.7992262840270996	0.10203337246421063	1000
AP1_2	REST	-+	18	0.29250278692268583	0.005343233155534509	0.0023895665110811736	1.788902997970581	0.10647024780653379	1000
AP1_2	REST	-+	27	0.29599829560537594	0.018746160367297322	0.008383537779677847	1.7913259744644165	0.10884405121239363	1000
AP1_2	REST	-+	36	0.28671563951421264	0.014114230092807736	0.006312075587518252	1.7848917245864868	0.10496886316430089	1000
AP1_2	REST	--	0	0.4091375898242946	0.05979121908244485	0.026739446065185857	1.869748091697693	0.09414961281083033	1000
AP1_2	REST	--	9	0.30334178281456703	0.014253065431787395	0.006374164638645801	1.7964160442352295	0.10473621747417934	1000
AP1_2	REST	--	18	0.28192859271833803	0.012529038405483557	0.005603156313473362	1.7815735340118408	0.10370561546399243	1000
AP1_2	REST	--	27	0.29790974518359536	0.018165089518210976	0.00812367499601773	1.792650818824768	0.10870556703295117	1000
AP1_2	REST	--	36	0.29407283374067744	0.009790376599258918	0.004378389520253232	1.789991283416748	0.10575398564726941	1000
AP1_2	RFX_1	++	0	0.09039198525493479	0.04052445311582634	0.018123086383598167	1.6488104820251466	0.12787469071480123	1000
AP1_2	RFX_1	++	9	0.2812223674604013	0.02448020012946202	0.010947878318455246	1.7810840129852294	0.1071554186221952	1000
AP1_2	RFX_1	++	18	0.2733726020231665	0.018583029749550818	0.008310583549579304	1.775642991065979	0.11019898952565525	1000
AP1_2	RFX_1	++	27	0.2733738359986865	0.01741839879173097	0.00778974475150213	1.7756438493728637	0.1126685685988226	1000
AP1_2	RFX_1	++	36	0.2714851741217064	0.022519800492953164	0.01007116094839531	1.774334764480591	0.11188421976892816	1000
AP1_2	RFX_1	+-	0	0.09039198525493479	0.04052445311582634	0.018123086383598167	1.6488104820251466	0.12787469071480123	1000
AP1_2	RFX_1	+-	9	0.2812223674604013	0.02448020012946202	0.010947878318455246	1.7810840129852294	0.1071554186221952	1000
AP1_2	RFX_1	+-	18	0.2733726020231665	0.018583029749550818	0.008310583549579304	1.775642991065979	0.11019898952565525	1000
AP1_2	RFX_1	+-	27	0.2733738359986865	0.01741839879173097	0.00778974475150213	1.7756438493728637	0.1126685685988226	1000
AP1_2	RFX_1	+-	36	0.2714851741217064	0.022519800492953164	0.01007116094839531	1.774334764480591	0.11188421976892816	1000
AP1_2	RFX_1	-+	0	0.11426072106745999	0.044360728724910224	0.019838720992065365	1.6653550148010254	0.12628988329330548	1000
AP1_2	RFX_1	-+	9	0.28403950347546186	0.03201230958015822	0.014316340067600308	1.7830366849899293	0.10780195996205902	1000
AP1_2	RFX_1	-+	18	0.27307512793153543	0.017722442693201	0.007925717317868378	1.775436806678772	0.11022603871950373	1000
AP1_2	RFX_1	-+	27	0.27464199307048615	0.014852403121769338	0.0066421966019012645	1.7765228509902955	0.11194977599614915	1000
AP1_2	RFX_1	-+	36	0.27114002213968985	0.022951331642792755	0.010264147545485304	1.7740954875946044	0.11070363848298928	1000
AP1_2	RFX_1	--	0	0.11426072106745999	0.044360728724910224	0.019838720992065365	1.6653550148010254	0.12628988329330548	1000
AP1_2	RFX_1	--	9	0.28403950347546186	0.03201230958015822	0.014316340067600308	1.7830366849899293	0.10780195996205902	1000
AP1_2	RFX_1	--	18	0.27307512793153543	0.017722442693201	0.007925717317868378	1.775436806678772	0.11022603871950373	1000
AP1_2	RFX_1	--	27	0.27464199307048615	0.014852403121769338	0.0066421966019012645	1.7765228509902955	0.11194977599614915	1000
AP1_2	RFX_1	--	36	0.27114002213968985	0.022951331642792755	0.010264147545485304	1.7740954875946044	0.11070363848298928	1000
AP1_2	STAT	++	0	0.6154458323157505	0.03811699831585067	0.01704643986649742	2.0127500772476195	0.10563947015541214	1000
AP1_2	STAT	++	9	0.5644965481395238	0.05622688553734079	0.025145427644918755	1.9774347066879272	0.07213431453016371	1000
AP1_2	STAT	++	18	0.5161977659879367	0.0683229370016234	0.030554946311613113	1.9439565658569335	0.09231842999737143	1000
AP1_2	STAT	++	27	0.5504558415274212	0.04939006824456855	0.022087910001641797	1.9677024841308595	0.08607383210281276	1000
AP1_2	STAT	++	36	0.5516287546071731	0.08039433071822331	0.03595343769830936	1.9685153484344482	0.0994895513489513	1000
AP1_2	STAT	+-	0	0.6154458323157505	0.03811699831585067	0.01704643986649742	2.0127500772476195	0.10563947015541214	1000
AP1_2	STAT	+-	9	0.5644965481395238	0.05622688553734079	0.025145427644918755	1.9774347066879272	0.07213431453016371	1000
AP1_2	STAT	+-	18	0.5161977659879367	0.0683229370016234	0.030554946311613113	1.9439565658569335	0.09231842999737143	1000
AP1_2	STAT	+-	27	0.5504558415274212	0.04939006824456855	0.022087910001641797	1.9677024841308595	0.08607383210281276	1000
AP1_2	STAT	+-	36	0.5516287546071731	0.08039433071822331	0.03595343769830936	1.9685153484344482	0.0994895513489513	1000
AP1_2	STAT	-+	0	0.6839478034251559	0.033292692470971635	0.014888944703817603	2.0602320432662964	0.10267131284890776	1000
AP1_2	STAT	-+	9	0.5543399407101697	0.06246486282966091	0.02793513589846433	1.9703946590423584	0.0701787562111198	1000
AP1_2	STAT	-+	18	0.5212234860071123	0.0714955313352832	0.03197377363063191	1.9474401235580445	0.09284860501983491	1000
AP1_2	STAT	-+	27	0.5495176417704345	0.04812007603416541	0.02151995221897047	1.967052125930786	0.0848674606205487	1000
AP1_2	STAT	-+	36	0.5555839686160533	0.08275419929507968	0.037008803009472666	1.9712570667266847	0.10023864539214862	1000
AP1_2	STAT	--	0	0.6839478034251559	0.033292692470971635	0.014888944703817603	2.0602320432662964	0.10267131284890776	1000
AP1_2	STAT	--	9	0.5543399407101697	0.06246486282966091	0.02793513589846433	1.9703946590423584	0.0701787562111198	1000
AP1_2	STAT	--	18	0.5212234860071123	0.0714955313352832	0.03197377363063191	1.9474401235580445	0.09284860501983491	1000
AP1_2	STAT	--	27	0.5495176417704345	0.04812007603416541	0.02151995221897047	1.967052125930786	0.0848674606205487	1000
AP1_2	STAT	--	36	0.5555839686160533	0.08275419929507968	0.037008803009472666	1.9712570667266847	0.10023864539214862	1000
AP1_2	TATAbox	++	0	0.2548739911621939	0.0714884268166337	0.03197059639330237	1.7628207683563233	0.13445745513324528	1000
AP1_2	TATAbox	++	9	0.2342114171958726	0.015220311210176338	0.006806730100931276	1.748498511314392	0.10560665538478478	1000
AP1_2	TATAbox	++	18	0.2252896194023159	0.0159377565946006	0.007127581430874499	1.7423144340515138	0.11046100426422033	1000
AP1_2	TATAbox	++	27	0.23354374614869297	0.01620802975777595	0.007248451263945294	1.7480357885360718	0.10890254438693525	1000
AP1_2	TATAbox	++	36	0.2644768123059866	0.018290827283311797	0.008179906634038597	1.7694769144058227	0.1105942626326901	1000
AP1_2	TATAbox	+-	0	0.22427585046853996	0.039023039423100835	0.017451633767741528	1.7416117668151856	0.12723382340290906	1000
AP1_2	TATAbox	+-	9	0.2234012842923724	0.015067808909147995	0.006738528998566373	1.7410055160522462	0.10483015817412172	1000
AP1_2	TATAbox	+-	18	0.2285370474107027	0.014887578424149266	0.006657927475351391	1.7445653438568116	0.11133470872948698	1000
AP1_2	TATAbox	+-	27	0.23426925926092398	0.01766709052041491	0.007900963073657974	1.7485385894775392	0.11054004592431742	1000
AP1_2	TATAbox	+-	36	0.2637692885790358	0.016458078702284072	0.007360276551469741	1.7689865112304688	0.10847748996741735	1000
AP1_2	TATAbox	-+	0	0.29623356787175625	0.06274161324999193	0.02805890244899669	1.791489028930664	0.14342262133292924	1000
AP1_2	TATAbox	-+	9	0.22478850495336436	0.01157685208213149	0.005177325644221197	1.7419670820236206	0.10264004185563375	1000
AP1_2	TATAbox	-+	18	0.22453712221216446	0.015269607765499758	0.006828776190683225	1.7417928218841552	0.10998064118127754	1000
AP1_2	TATAbox	-+	27	0.23054451490289884	0.0168248322232831	0.007524293712257987	1.745956826210022	0.11073371478478701	1000
AP1_2	TATAbox	-+	36	0.26194256195419763	0.01732998900766262	0.007750206694091549	1.7677202939987182	0.11142472580357848	1000
AP1_2	TATAbox	--	0	0.25020935946742034	0.03802515161003239	0.0170053647709536	1.7595874786376953	0.13014540958054582	1000
AP1_2	TATAbox	--	9	0.21641163848863276	0.016745662948714525	0.00748888813632505	1.736160659790039	0.1028363423003613	1000
AP1_2	TATAbox	--	18	0.22803467318883364	0.015008406115815928	0.006711963261777599	1.7442171573638916	0.11098041105740857	1000
AP1_2	TATAbox	--	27	0.23101333530958454	0.018039848166059295	0.0080676653606167	1.7462818145751953	0.11209451747522867	1000
AP1_2	TATAbox	--	36	0.2623282803439865	0.016085867921131754	0.0071938188297467655	1.767987608909607	0.10907911798877018	1000
CREB_ATF_1	CREB_ATF_1	++	0	0.28262818804508405	0.05274570050445108	0.023588594369759512	1.7820585012435912	0.11383902561448477	1000
CREB_ATF_1	CREB_ATF_1	++	9	0.19664483615933034	0.03925837422255785	0.01755687868955296	1.7224593877792358	0.12496041073721266	1000
CREB_ATF_1	CREB_ATF_1	++	18	0.21819354428487295	0.035644103955719125	0.015940527888411424	1.7373958349227905	0.12708235595208014	1000
CREB_ATF_1	CREB_ATF_1	++	27	0.2259551019702633	0.03363401856483338	0.015041590373491471	1.7427756547927857	0.12258474069567665	1000
CREB_ATF_1	CREB_ATF_1	++	36	0.22778530694421512	0.0356220187346019	0.015930651077268175	1.744044303894043	0.12571300978532723	1000
CREB_ATF_1	CREB_ATF_1	+-	0	0.28262818804508405	0.05274570050445108	0.023588594369759512	1.7820585012435912	0.11383902561448477	1000
CREB_ATF_1	CREB_ATF_1	+-	9	0.19664483615933034	0.03925837422255785	0.01755687868955296	1.7224593877792358	0.12496041073721266	1000
CREB_ATF_1	CREB_ATF_1	+-	18	0.21819354428487295	0.035644103955719125	0.015940527888411424	1.7373958349227905	0.12708235595208014	1000
CREB_ATF_1	CREB_ATF_1	+-	27	0.2259551019702633	0.03363401856483338	0.015041590373491471	1.7427756547927857	0.12258474069567665	1000
CREB_ATF_1	CREB_ATF_1	+-	36	0.22778530694421512	0.0356220187346019	0.015930651077268175	1.744044303894043	0.12571300978532723	1000
CREB_ATF_1	CREB_ATF_1	-+	0	0.28262818804508405	0.05274570050445108	0.023588594369759512	1.7820585012435912	0.11383902561448477	1000
CREB_ATF_1	CREB_ATF_1	-+	9	0.19664483615933034	0.03925837422255785	0.01755687868955296	1.7224593877792358	0.12496041073721266	1000
CREB_ATF_1	CREB_ATF_1	-+	18	0.21819354428487295	0.035644103955719125	0.015940527888411424	1.7373958349227905	0.12708235595208014	1000
CREB_ATF_1	CREB_ATF_1	-+	27	0.2259551019702633	0.03363401856483338	0.015041590373491471	1.7427756547927857	0.12258474069567665	1000
CREB_ATF_1	CREB_ATF_1	-+	36	0.22778530694421512	0.0356220187346019	0.015930651077268175	1.744044303894043	0.12571300978532723	1000
CREB_ATF_1	CREB_ATF_1	--	0	0.28262818804508405	0.05274570050445108	0.023588594369759512	1.7820585012435912	0.11383902561448477	1000
CREB_ATF_1	CREB_ATF_1	--	9	0.19664483615933034	0.03925837422255785	0.01755687868955296	1.7224593877792358	0.12496041073721266	1000
CREB_ATF_1	CREB_ATF_1	--	18	0.21819354428487295	0.035644103955719125	0.015940527888411424	1.7373958349227905	0.12708235595208014	1000
CREB_ATF_1	CREB_ATF_1	--	27	0.2259551019702633	0.03363401856483338	0.015041590373491471	1.7427756547927857	0.12258474069567665	1000
CREB_ATF_1	CREB_ATF_1	--	36	0.22778530694421512	0.0356220187346019	0.015930651077268175	1.744044303894043	0.12571300978532723	1000
CREB_ATF_1	CREB_ATF_3	++	0	0.4291423065034513	0.03505053143037797	0.015675074185163614	1.8836143493652344	0.10115799482780849	1000
CREB_ATF_1	CREB_ATF_3	++	9	0.4342362692384893	0.025447892157687148	0.01138064334973445	1.8871451616287231	0.11207316568301777	1000
CREB_ATF_1	CREB_ATF_3	++	18	0.42262982226496415	0.033266399014833144	0.014877185912759787	1.8791002035140991	0.12009365899859817	1000
CREB_ATF_1	CREB_ATF_3	++	27	0.4247978613591384	0.03125549423099073	0.013977881954169555	1.8806030035018921	0.12156243915326799	1000
CREB_ATF_1	CREB_ATF_3	++	36	0.43760952835337996	0.02382280921674634	0.010653884164730667	1.889483380317688	0.1167694415247816	1000
CREB_ATF_1	CREB_ATF_3	+-	0	0.4488585695810145	0.02562516134119253	0.011459920538661236	1.8972805976867675	0.0938199032935481	1000
CREB_ATF_1	CREB_ATF_3	+-	9	0.4277106197280787	0.02076593920702161	0.009286810336705678	1.8826218843460083	0.10446026321842224	1000
CREB_ATF_1	CREB_ATF_3	+-	18	0.42244156145619727	0.031203268213397396	0.013954525769062998	1.8789696455001832	0.11998344512169017	1000
CREB_ATF_1	CREB_ATF_3	+-	27	0.4242561246080531	0.028104170142912725	0.012568566978154566	1.880227541923523	0.11924213410224874	1000
CREB_ATF_1	CREB_ATF_3	+-	36	0.4403576735280469	0.02402688197717599	0.010745148277666011	1.8913882493972778	0.11670480911270259	1000
CREB_ATF_1	CREB_ATF_3	-+	0	0.4291423065034513	0.03505053143037797	0.015675074185163614	1.8836143493652344	0.10115799482780849	1000
CREB_ATF_1	CREB_ATF_3	-+	9	0.4342362692384893	0.025447892157687148	0.01138064334973445	1.8871451616287231	0.11207316568301777	1000
CREB_ATF_1	CREB_ATF_3	-+	18	0.42262982226496415	0.033266399014833144	0.014877185912759787	1.8791002035140991	0.12009365899859817	1000
CREB_ATF_1	CREB_ATF_3	-+	27	0.4247978613591384	0.03125549423099073	0.013977881954169555	1.8806030035018921	0.12156243915326799	1000
CREB_ATF_1	CREB_ATF_3	-+	36	0.43760952835337996	0.02382280921674634	0.010653884164730667	1.889483380317688	0.1167694415247816	1000
CREB_ATF_1	CREB_ATF_3	--	0	0.4488585695810145	0.02562516134119253	0.011459920538661236	1.8972805976867675	0.0938199032935481	1000
CREB_ATF_1	CREB_ATF_3	--	9	0.4277106197280787	0.02076593920702161	0.009286810336705678	1.8826218843460083	0.10446026321842224	1000
CREB_ATF_1	CREB_ATF_3	--	18	0.42244156145619727	0.031203268213397396	0.013954525769062998	1.8789696455001832	0.11998344512169017	1000
CREB_ATF_1	CREB_ATF_3	--	27	0.4242561246080531	0.028104170142912725	0.012568566978154566	1.880227541923523	0.11924213410224874	1000
CREB_ATF_1	CREB_ATF_3	--	36	0.4403576735280469	0.02402688197717599	0.010745148277666011	1.8913882493972778	0.11670480911270259	1000
CREB_ATF_1	CTCF	++	0	0.28555880251275023	0.0649301537642627	0.02903764752128105	1.7840898275375365	0.13329504933114636	1000
CREB_ATF_1	CTCF	++	9	0.25046224705681536	0.04784124670004963	0.021395255949929692	1.7597627878189086	0.12451551877514379	1000
CREB_ATF_1	CTCF	++	18	0.26797985382878453	0.04603428042134393	0.020587156063482537	1.771904993057251	0.12198277936587663	1000
CREB_ATF_1	CTCF	++	27	0.250445538942284	0.04216675402650906	0.018857545678757446	1.7597511291503907	0.12004941309801598	1000
CREB_ATF_1	CTCF	++	36	0.246844463008928	0.0432423780536212	0.01933857936732841	1.7572551488876342	0.12160132261827347	1000
CREB_ATF_1	CTCF	+-	0	0.23643643199249448	0.06994114310420414	0.03127863008100822	1.7500407934188842	0.12811406534414035	1000
CREB_ATF_1	CTCF	+-	9	0.2595847228065313	0.04902695066438795	0.021925518883019985	1.7660859107971192	0.12524595399162883	1000
CREB_ATF_1	CTCF	+-	18	0.2565801772968255	0.052105602393983756	0.023302333792304692	1.7640033483505249	0.1264999236588316	1000
CREB_ATF_1	CTCF	+-	27	0.2553927789783047	0.04482855458757842	0.02004793907817708	1.7631803274154663	0.122409855442112	1000
CREB_ATF_1	CTCF	+-	36	0.24652209872815076	0.04185135750719578	0.01871649606734718	1.7570316553115846	0.11922072083999577	1000
CREB_ATF_1	CTCF	-+	0	0.28555880251275023	0.0649301537642627	0.02903764752128105	1.7840898275375365	0.13329504933114636	1000
CREB_ATF_1	CTCF	-+	9	0.25046224705681536	0.04784124670004963	0.021395255949929692	1.7597627878189086	0.12451551877514379	1000
CREB_ATF_1	CTCF	-+	18	0.26797985382878453	0.04603428042134393	0.020587156063482537	1.771904993057251	0.12198277936587663	1000
CREB_ATF_1	CTCF	-+	27	0.250445538942284	0.04216675402650906	0.018857545678757446	1.7597511291503907	0.12004941309801598	1000
CREB_ATF_1	CTCF	-+	36	0.246844463008928	0.0432423780536212	0.01933857936732841	1.7572551488876342	0.12160132261827347	1000
CREB_ATF_1	CTCF	--	0	0.23643643199249448	0.06994114310420414	0.03127863008100822	1.7500407934188842	0.12811406534414035	1000
CREB_ATF_1	CTCF	--	9	0.2595847228065313	0.04902695066438795	0.021925518883019985	1.7660859107971192	0.12524595399162883	1000
CREB_ATF_1	CTCF	--	18	0.2565801772968255	0.052105602393983756	0.023302333792304692	1.7640033483505249	0.1264999236588316	1000
CREB_ATF_1	CTCF	--	27	0.2553927789783047	0.04482855458757842	0.02004793907817708	1.7631803274154663	0.122409855442112	1000
CREB_ATF_1	CTCF	--	36	0.24652209872815076	0.04185135750719578	0.01871649606734718	1.7570316553115846	0.11922072083999577	1000
CREB_ATF_1	E2F	++	0	0.22585287333280726	0.11828815277443495	0.05290007010730338	1.7427047967910767	0.17276725810160107	1000
CREB_ATF_1	E2F	++	9	0.09473168690275854	0.016684743029933655	0.007461643920409492	1.6518185615539551	0.10916853615411969	1000
CREB_ATF_1	E2F	++	18	0.09258765443686165	0.016931533529703023	0.007572011987146582	1.6503324270248414	0.11486008579365624	1000
CREB_ATF_1	E2F	++	27	0.09641469945007788	0.017783112843917124	0.00795284983410966	1.652985143661499	0.11551248940718681	1000
CREB_ATF_1	E2F	++	36	0.09378289193958704	0.016635544263434734	0.007439641563149347	1.6511608839035035	0.11377104569722804	1000
CREB_ATF_1	E2F	+-	0	0.1984574473080989	0.04430522217906795	0.01981389771012546	1.7237157583236695	0.10076003235164996	1000
CREB_ATF_1	E2F	+-	9	0.09387389870907424	0.016560250820588093	0.007405969311856329	1.6512239694595336	0.11447652622106905	1000
CREB_ATF_1	E2F	+-	18	0.09508080523466064	0.019856477677383817	0.00888008677606747	1.6520605325698852	0.1168789669065259	1000
CREB_ATF_1	E2F	+-	27	0.09825230182779994	0.016731043999965157	0.007482350343692415	1.6542587995529174	0.11449018079905895	1000
CREB_ATF_1	E2F	+-	36	0.09479834737823296	0.017594672024260266	0.007868576537611957	1.6518647432327271	0.1146226984912079	1000
CREB_ATF_1	E2F	-+	0	0.22585287333280726	0.11828815277443495	0.05290007010730338	1.7427047967910767	0.17276725810160107	1000
CREB_ATF_1	E2F	-+	9	0.09473168690275854	0.016684743029933655	0.007461643920409492	1.6518185615539551	0.10916853615411969	1000
CREB_ATF_1	E2F	-+	18	0.09258765443686165	0.016931533529703023	0.007572011987146582	1.6503324270248414	0.11486008579365624	1000
CREB_ATF_1	E2F	-+	27	0.09641469945007788	0.017783112843917124	0.00795284983410966	1.652985143661499	0.11551248940718681	1000
CREB_ATF_1	E2F	-+	36	0.09378289193958704	0.016635544263434734	0.007439641563149347	1.6511608839035035	0.11377104569722804	1000
CREB_ATF_1	E2F	--	0	0.1984574473080989	0.04430522217906795	0.01981389771012546	1.7237157583236695	0.10076003235164996	1000
CREB_ATF_1	E2F	--	9	0.09387389870907424	0.016560250820588093	0.007405969311856329	1.6512239694595336	0.11447652622106905	1000
CREB_ATF_1	E2F	--	18	0.09508080523466064	0.019856477677383817	0.00888008677606747	1.6520605325698852	0.1168789669065259	1000
CREB_ATF_1	E2F	--	27	0.09825230182779994	0.016731043999965157	0.007482350343692415	1.6542587995529174	0.11449018079905895	1000
CREB_ATF_1	E2F	--	36	0.09479834737823296	0.017594672024260266	0.007868576537611957	1.6518647432327271	0.1146226984912079	1000
CREB_ATF_1	ETS	++	0	0.09857598607542255	0.029655506385413578	0.013262345636992768	1.6544832229614257	0.12528248655789495	1000
CREB_ATF_1	ETS	++	9	0.15619275600400956	0.02524632301110233	0.011290498886948396	1.6944201231002807	0.1176765958090339	1000
CREB_ATF_1	ETS	++	18	0.16837421192221252	0.015542766995249847	0.006950936711963762	1.7028636693954469	0.10944001122574877	1000
CREB_ATF_1	ETS	++	27	0.17335496707732018	0.0148255671666888	0.006630195197941022	1.7063159942626953	0.11172208938627405	1000
CREB_ATF_1	ETS	++	36	0.16081230244685943	0.01748396555824521	0.00781906710090027	1.6976221561431886	0.11449393879910882	1000
CREB_ATF_1	ETS	+-	0	0.21653233161344204	0.03731002042248905	0.016685548381318187	1.7362443923950195	0.12338062823313023	1000
CREB_ATF_1	ETS	+-	9	0.17139217207868562	0.018250411486522334	0.008161832140241385	1.704955554008484	0.11085814356813756	1000
CREB_ATF_1	ETS	+-	18	0.16709166635188508	0.0132694559832988	0.005934281120619485	1.7019746541976928	0.11006096376535555	1000
CREB_ATF_1	ETS	+-	27	0.17059100379834008	0.018902391208376647	0.008453406335844914	1.7044002056121825	0.11242226524625477	1000
CREB_ATF_1	ETS	+-	36	0.16496740759127115	0.01819213305117965	0.008135769231631671	1.7005022287368774	0.11131755922189304	1000
CREB_ATF_1	ETS	-+	0	0.09857598607542255	0.029655506385413578	0.013262345636992768	1.6544832229614257	0.12528248655789495	1000
CREB_ATF_1	ETS	-+	9	0.15619275600400956	0.02524632301110233	0.011290498886948396	1.6944201231002807	0.1176765958090339	1000
CREB_ATF_1	ETS	-+	18	0.16837421192221252	0.015542766995249847	0.006950936711963762	1.7028636693954469	0.10944001122574877	1000
CREB_ATF_1	ETS	-+	27	0.17335496707732018	0.0148255671666888	0.006630195197941022	1.7063159942626953	0.11172208938627405	1000
CREB_ATF_1	ETS	-+	36	0.16081230244685943	0.01748396555824521	0.00781906710090027	1.6976221561431886	0.11449393879910882	1000
CREB_ATF_1	ETS	--	0	0.21653233161344204	0.03731002042248905	0.016685548381318187	1.7362443923950195	0.12338062823313023	1000
CREB_ATF_1	ETS	--	9	0.17139217207868562	0.018250411486522334	0.008161832140241385	1.704955554008484	0.11085814356813756	1000
CREB_ATF_1	ETS	--	18	0.16709166635188508	0.0132694559832988	0.005934281120619485	1.7019746541976928	0.11006096376535555	1000
CREB_ATF_1	ETS	--	27	0.17059100379834008	0.018902391208376647	0.008453406335844914	1.7044002056121825	0.11242226524625477	1000
CREB_ATF_1	ETS	--	36	0.16496740759127115	0.01819213305117965	0.008135769231631671	1.7005022287368774	0.11131755922189304	1000
CREB_ATF_1	Ebox_CACGTG	++	0	0.09362982523053598	0.02265461819714232	0.010131453258622792	1.6510547637939452	0.11100899368685727	1000
CREB_ATF_1	Ebox_CACGTG	++	9	0.09143209870614817	0.01790777130727199	0.008008598793716088	1.6495314359664917	0.1169542153851158	1000
CREB_ATF_1	Ebox_CACGTG	++	18	0.09472460874178396	0.015535382187560854	0.006947634125565092	1.6518136739730835	0.11413090420648091	1000
CREB_ATF_1	Ebox_CACGTG	++	27	0.09067599203011181	0.01637729903626266	0.00732415078658502	1.6490073680877686	0.11496048757551983	1000
CREB_ATF_1	Ebox_CACGTG	++	36	0.0922999865810044	0.020756179489831633	0.009282445658490087	1.6501330375671386	0.11710125240199407	1000
CREB_ATF_1	Ebox_CACGTG	+-	0	0.09362982523053598	0.02265461819714232	0.010131453258622792	1.6510547637939452	0.11100899368685727	1000
CREB_ATF_1	Ebox_CACGTG	+-	9	0.09143209870614817	0.01790777130727199	0.008008598793716088	1.6495314359664917	0.1169542153851158	1000
CREB_ATF_1	Ebox_CACGTG	+-	18	0.09472460874178396	0.015535382187560854	0.006947634125565092	1.6518136739730835	0.11413090420648091	1000
CREB_ATF_1	Ebox_CACGTG	+-	27	0.09067599203011181	0.01637729903626266	0.00732415078658502	1.6490073680877686	0.11496048757551983	1000
CREB_ATF_1	Ebox_CACGTG	+-	36	0.0922999865810044	0.020756179489831633	0.009282445658490087	1.6501330375671386	0.11710125240199407	1000
CREB_ATF_1	Ebox_CACGTG	-+	0	0.09362982523053598	0.02265461819714232	0.010131453258622792	1.6510547637939452	0.11100899368685727	1000
CREB_ATF_1	Ebox_CACGTG	-+	9	0.09143209870614817	0.01790777130727199	0.008008598793716088	1.6495314359664917	0.1169542153851158	1000
CREB_ATF_1	Ebox_CACGTG	-+	18	0.09472460874178396	0.015535382187560854	0.006947634125565092	1.6518136739730835	0.11413090420648091	1000
CREB_ATF_1	Ebox_CACGTG	-+	27	0.09067599203011181	0.01637729903626266	0.00732415078658502	1.6490073680877686	0.11496048757551983	1000
CREB_ATF_1	Ebox_CACGTG	-+	36	0.0922999865810044	0.020756179489831633	0.009282445658490087	1.6501330375671386	0.11710125240199407	1000
CREB_ATF_1	Ebox_CACGTG	--	0	0.09362982523053598	0.02265461819714232	0.010131453258622792	1.6510547637939452	0.11100899368685727	1000
CREB_ATF_1	Ebox_CACGTG	--	9	0.09143209870614817	0.01790777130727199	0.008008598793716088	1.6495314359664917	0.1169542153851158	1000
CREB_ATF_1	Ebox_CACGTG	--	18	0.09472460874178396	0.015535382187560854	0.006947634125565092	1.6518136739730835	0.11413090420648091	1000
CREB_ATF_1	Ebox_CACGTG	--	27	0.09067599203011181	0.01637729903626266	0.00732415078658502	1.6490073680877686	0.11496048757551983	1000
CREB_ATF_1	Ebox_CACGTG	--	36	0.0922999865810044	0.020756179489831633	0.009282445658490087	1.6501330375671386	0.11710125240199407	1000
CREB_ATF_1	GATA	++	0	0.35759021878142744	0.03668233619784836	0.01640483946237802	1.8340181589126587	0.12677760772512187	1000
CREB_ATF_1	GATA	++	9	0.29475543288195194	0.02017376895729311	0.00902198375017649	1.790464496612549	0.11798967811637233	1000
CREB_ATF_1	GATA	++	18	0.321956260537209	0.020589395545041664	0.009207857610868899	1.8093186378479005	0.11737950073795682	1000
CREB_ATF_1	GATA	++	27	0.32884699051930494	0.027736767556540833	0.012404259546507208	1.8140949487686158	0.12310117381600787	1000
CREB_ATF_1	GATA	++	36	0.3210328684864615	0.02791520679605426	0.012484060000388285	1.8086786031723023	0.12147892173945893	1000
CREB_ATF_1	GATA	+-	0	0.23512360457691636	0.038999961378839584	0.017441312952590347	1.7491308212280274	0.12321071022160394	1000
CREB_ATF_1	GATA	+-	9	0.3088530614519237	0.015889018872075836	0.007105785258747721	1.800236129760742	0.11330715750458403	1000
CREB_ATF_1	GATA	+-	18	0.31552540356438774	0.02216931236864271	0.009914417894142396	1.804861068725586	0.1182876751556747	1000
CREB_ATF_1	GATA	+-	27	0.33036566611948387	0.02703364562520228	0.01208981385951842	1.815147590637207	0.12277030467362333	1000
CREB_ATF_1	GATA	+-	36	0.2993250893075697	0.021072256608609362	0.009423799643233942	1.7936318635940551	0.11897831862646002	1000
CREB_ATF_1	GATA	-+	0	0.35759021878142744	0.03668233619784836	0.01640483946237802	1.8340181589126587	0.12677760772512187	1000
CREB_ATF_1	GATA	-+	9	0.29475543288195194	0.02017376895729311	0.00902198375017649	1.790464496612549	0.11798967811637233	1000
CREB_ATF_1	GATA	-+	18	0.321956260537209	0.020589395545041664	0.009207857610868899	1.8093186378479005	0.11737950073795682	1000
CREB_ATF_1	GATA	-+	27	0.32884699051930494	0.027736767556540833	0.012404259546507208	1.8140949487686158	0.12310117381600787	1000
CREB_ATF_1	GATA	-+	36	0.3210328684864615	0.02791520679605426	0.012484060000388285	1.8086786031723023	0.12147892173945893	1000
CREB_ATF_1	GATA	--	0	0.23512360457691636	0.038999961378839584	0.017441312952590347	1.7491308212280274	0.12321071022160394	1000
CREB_ATF_1	GATA	--	9	0.3088530614519237	0.015889018872075836	0.007105785258747721	1.800236129760742	0.11330715750458403	1000
CREB_ATF_1	GATA	--	18	0.31552540356438774	0.02216931236864271	0.009914417894142396	1.804861068725586	0.1182876751556747	1000
CREB_ATF_1	GATA	--	27	0.33036566611948387	0.02703364562520228	0.01208981385951842	1.815147590637207	0.12277030467362333	1000
CREB_ATF_1	GATA	--	36	0.2993250893075697	0.021072256608609362	0.009423799643233942	1.7936318635940551	0.11897831862646002	1000
CREB_ATF_1	Grepeats	++	0	0.37195405929666975	0.04239445905213891	0.018959378461982777	1.8439744472503663	0.10909589994179832	1000
CREB_ATF_1	Grepeats	++	9	0.40448242792423417	0.041669564776528625	0.018635195886629766	1.8665213108062744	0.11942068249475149	1000
CREB_ATF_1	Grepeats	++	18	0.4177438725461447	0.03870373065898168	0.017308834547265152	1.8757135391235351	0.11741611371822838	1000
CREB_ATF_1	Grepeats	++	27	0.41152645034261043	0.04444831487704575	0.0198778907100779	1.871403956413269	0.11984511804351422	1000
CREB_ATF_1	Grepeats	++	36	0.40156407152000834	0.034236240395686096	0.01531091216375568	1.8644985198974608	0.11351607419789433	1000
CREB_ATF_1	Grepeats	+-	0	0.40374997531204093	0.06718662482508964	0.030046772057535066	1.8660137176513671	0.13448068621865975	1000
CREB_ATF_1	Grepeats	+-	9	0.4046477806439063	0.04079561553673411	0.018244353904816806	1.8666360139846803	0.11849376733002669	1000
CREB_ATF_1	Grepeats	+-	18	0.4000651137307508	0.04438659371167988	0.01985028816579618	1.863459539413452	0.11774922625192923	1000
CREB_ATF_1	Grepeats	+-	27	0.4000360916584177	0.039456143911605276	0.01764532398327277	1.8634394407272339	0.11890869452828293	1000
CREB_ATF_1	Grepeats	+-	36	0.3979053083059866	0.04491958518832998	0.020088649200439707	1.8619624853134156	0.11917619096277225	1000
CREB_ATF_1	Grepeats	-+	0	0.37195405929666975	0.04239445905213891	0.018959378461982777	1.8439744472503663	0.10909589994179832	1000
CREB_ATF_1	Grepeats	-+	9	0.40448242792423417	0.041669564776528625	0.018635195886629766	1.8665213108062744	0.11942068249475149	1000
CREB_ATF_1	Grepeats	-+	18	0.4177438725461447	0.03870373065898168	0.017308834547265152	1.8757135391235351	0.11741611371822838	1000
CREB_ATF_1	Grepeats	-+	27	0.41152645034261043	0.04444831487704575	0.0198778907100779	1.871403956413269	0.11984511804351422	1000
CREB_ATF_1	Grepeats	-+	36	0.40156407152000834	0.034236240395686096	0.01531091216375568	1.8644985198974608	0.11351607419789433	1000
CREB_ATF_1	Grepeats	--	0	0.40374997531204093	0.06718662482508964	0.030046772057535066	1.8660137176513671	0.13448068621865975	1000
CREB_ATF_1	Grepeats	--	9	0.4046477806439063	0.04079561553673411	0.018244353904816806	1.8666360139846803	0.11849376733002669	1000
CREB_ATF_1	Grepeats	--	18	0.4000651137307508	0.04438659371167988	0.01985028816579618	1.863459539413452	0.11774922625192923	1000
CREB_ATF_1	Grepeats	--	27	0.4000360916584177	0.039456143911605276	0.01764532398327277	1.8634394407272339	0.11890869452828293	1000
CREB_ATF_1	Grepeats	--	36	0.3979053083059866	0.04491958518832998	0.020088649200439707	1.8619624853134156	0.11917619096277225	1000
CREB_ATF_1	NFI	++	0	0.09471142949627005	0.013812449768999915	0.006177115323857015	1.6518044948577881	0.110244817732797	1000
CREB_ATF_1	NFI	++	9	0.08503515563718547	0.010824383550460883	0.004840811486672212	1.6450974464416503	0.11053739927982201	1000
CREB_ATF_1	NFI	++	18	0.1016585214177284	0.014045536622615809	0.006281354933726352	1.6566198825836183	0.1130329713721306	1000
CREB_ATF_1	NFI	++	27	0.09972443784776383	0.011352164744684892	0.005076842412178392	1.6552792310714721	0.1105623020796575	1000
CREB_ATF_1	NFI	++	36	0.10543776062846255	0.012051685793058573	0.005389677735349486	1.6592394351959228	0.1112620511442733	1000
CREB_ATF_1	NFI	+-	0	0.09471142949627005	0.013812449768999915	0.006177115323857015	1.6518044948577881	0.110244817732797	1000
CREB_ATF_1	NFI	+-	9	0.08503515563718547	0.010824383550460883	0.004840811486672212	1.6450974464416503	0.11053739927982201	1000
CREB_ATF_1	NFI	+-	18	0.1016585214177284	0.014045536622615809	0.006281354933726352	1.6566198825836183	0.1130329713721306	1000
CREB_ATF_1	NFI	+-	27	0.09972443784776383	0.011352164744684892	0.005076842412178392	1.6552792310714721	0.1105623020796575	1000
CREB_ATF_1	NFI	+-	36	0.10543776062846255	0.012051685793058573	0.005389677735349486	1.6592394351959228	0.1112620511442733	1000
CREB_ATF_1	NFI	-+	0	0.09471142949627005	0.013812449768999915	0.006177115323857015	1.6518044948577881	0.110244817732797	1000
CREB_ATF_1	NFI	-+	9	0.08503515563718547	0.010824383550460883	0.004840811486672212	1.6450974464416503	0.11053739927982201	1000
CREB_ATF_1	NFI	-+	18	0.1016585214177284	0.014045536622615809	0.006281354933726352	1.6566198825836183	0.1130329713721306	1000
CREB_ATF_1	NFI	-+	27	0.09972443784776383	0.011352164744684892	0.005076842412178392	1.6552792310714721	0.1105623020796575	1000
CREB_ATF_1	NFI	-+	36	0.10543776062846255	0.012051685793058573	0.005389677735349486	1.6592394351959228	0.1112620511442733	1000
CREB_ATF_1	NFI	--	0	0.09471142949627005	0.013812449768999915	0.006177115323857015	1.6518044948577881	0.110244817732797	1000
CREB_ATF_1	NFI	--	9	0.08503515563718547	0.010824383550460883	0.004840811486672212	1.6450974464416503	0.11053739927982201	1000
CREB_ATF_1	NFI	--	18	0.1016585214177284	0.014045536622615809	0.006281354933726352	1.6566198825836183	0.1130329713721306	1000
CREB_ATF_1	NFI	--	27	0.09972443784776383	0.011352164744684892	0.005076842412178392	1.6552792310714721	0.1105623020796575	1000
CREB_ATF_1	NFI	--	36	0.10543776062846255	0.012051685793058573	0.005389677735349486	1.6592394351959228	0.1112620511442733	1000
CREB_ATF_1	NFY	++	0	0.06903425795127174	0.0181632218144924	0.008122839733522416	1.6340065002441406	0.1123324817417753	1000
CREB_ATF_1	NFY	++	9	0.0499521271541867	0.02023515138873557	0.0090494348080424	1.6207797050476074	0.11654492803866963	1000
CREB_ATF_1	NFY	++	18	0.05126699793863541	0.014702784552725537	0.006575285143685628	1.6216911315917968	0.11421863214681686	1000
CREB_ATF_1	NFY	++	27	0.05830945692722609	0.014291215845737705	0.006391226022438331	1.626572608947754	0.11377549833472106	1000
CREB_ATF_1	NFY	++	36	0.05717396136039841	0.012552989942321855	0.005613867766380566	1.625785517692566	0.11197728103632225	1000
CREB_ATF_1	NFY	+-	0	0.013126294541416662	0.007859277482480685	0.003514775740972045	1.5952539920806885	0.10960718463331136	1000
CREB_ATF_1	NFY	+-	9	0.07196096035107655	0.015254539997180029	0.006822037679836798	1.6360350370407104	0.11294152882636158	1000
CREB_ATF_1	NFY	+-	18	0.05096351627803131	0.013797705292369697	0.00617052139344945	1.6214807271957397	0.11320213636931274	1000
CREB_ATF_1	NFY	+-	27	0.05842730427660934	0.012478750438543452	0.005580666850967694	1.6266542196273803	0.11271488192726155	1000
CREB_ATF_1	NFY	+-	36	0.05708904277675174	0.01228882841961706	0.0054957311420190105	1.6257266521453857	0.11192741374536452	1000
CREB_ATF_1	NFY	-+	0	0.06903425795127174	0.0181632218144924	0.008122839733522416	1.6340065002441406	0.1123324817417753	1000
CREB_ATF_1	NFY	-+	9	0.0499521271541867	0.02023515138873557	0.0090494348080424	1.6207797050476074	0.11654492803866963	1000
CREB_ATF_1	NFY	-+	18	0.05126699793863541	0.014702784552725537	0.006575285143685628	1.6216911315917968	0.11421863214681686	1000
CREB_ATF_1	NFY	-+	27	0.05830945692722609	0.014291215845737705	0.006391226022438331	1.626572608947754	0.11377549833472106	1000
CREB_ATF_1	NFY	-+	36	0.05717396136039841	0.012552989942321855	0.005613867766380566	1.625785517692566	0.11197728103632225	1000
CREB_ATF_1	NFY	--	0	0.013126294541416662	0.007859277482480685	0.003514775740972045	1.5952539920806885	0.10960718463331136	1000
CREB_ATF_1	NFY	--	9	0.07196096035107655	0.015254539997180029	0.006822037679836798	1.6360350370407104	0.11294152882636158	1000
CREB_ATF_1	NFY	--	18	0.05096351627803131	0.013797705292369697	0.00617052139344945	1.6214807271957397	0.11320213636931274	1000
CREB_ATF_1	NFY	--	27	0.05842730427660934	0.012478750438543452	0.005580666850967694	1.6266542196273803	0.11271488192726155	1000
CREB_ATF_1	NFY	--	36	0.05708904277675174	0.01228882841961706	0.0054957311420190105	1.6257266521453857	0.11192741374536452	1000
CREB_ATF_1	NRF1	++	0	0.19268890412288284	0.03170652442381061	0.014179588788379575	1.7197172403335572	0.10712916245257305	1000
CREB_ATF_1	NRF1	++	9	0.13455907770002504	0.02183345791278427	0.00976421921537326	1.679424786567688	0.1163207551138852	1000
CREB_ATF_1	NRF1	++	18	0.16103086874849154	0.023117759659681027	0.010338576417309835	1.6977736473083496	0.1144486504014529	1000
CREB_ATF_1	NRF1	++	27	0.15165250431212313	0.023167292278374777	0.010360728077810397	1.6912730932235718	0.11563958248198318	1000
CREB_ATF_1	NRF1	++	36	0.15779858381251322	0.023080075470631064	0.010321723535631301	1.6955331563949585	0.11563271179612186	1000
CREB_ATF_1	NRF1	+-	0	0.19268890412288284	0.03170652442381061	0.014179588788379575	1.7197172403335572	0.10712916245257305	1000
CREB_ATF_1	NRF1	+-	9	0.13455907770002504	0.02183345791278427	0.00976421921537326	1.679424786567688	0.1163207551138852	1000
CREB_ATF_1	NRF1	+-	18	0.16103086874849154	0.023117759659681027	0.010338576417309835	1.6977736473083496	0.1144486504014529	1000
CREB_ATF_1	NRF1	+-	27	0.15165250431212313	0.023167292278374777	0.010360728077810397	1.6912730932235718	0.11563958248198318	1000
CREB_ATF_1	NRF1	+-	36	0.15779858381251322	0.023080075470631064	0.010321723535631301	1.6955331563949585	0.11563271179612186	1000
CREB_ATF_1	NRF1	-+	0	0.19268890412288284	0.03170652442381061	0.014179588788379575	1.7197172403335572	0.10712916245257305	1000
CREB_ATF_1	NRF1	-+	9	0.13455907770002504	0.02183345791278427	0.00976421921537326	1.679424786567688	0.1163207551138852	1000
CREB_ATF_1	NRF1	-+	18	0.16103086874849154	0.023117759659681027	0.010338576417309835	1.6977736473083496	0.1144486504014529	1000
CREB_ATF_1	NRF1	-+	27	0.15165250431212313	0.023167292278374777	0.010360728077810397	1.6912730932235718	0.11563958248198318	1000
CREB_ATF_1	NRF1	-+	36	0.15779858381251322	0.023080075470631064	0.010321723535631301	1.6955331563949585	0.11563271179612186	1000
CREB_ATF_1	NRF1	--	0	0.19268890412288284	0.03170652442381061	0.014179588788379575	1.7197172403335572	0.10712916245257305	1000
CREB_ATF_1	NRF1	--	9	0.13455907770002504	0.02183345791278427	0.00976421921537326	1.679424786567688	0.1163207551138852	1000
CREB_ATF_1	NRF1	--	18	0.16103086874849154	0.023117759659681027	0.010338576417309835	1.6977736473083496	0.1144486504014529	1000
CREB_ATF_1	NRF1	--	27	0.15165250431212313	0.023167292278374777	0.010360728077810397	1.6912730932235718	0.11563958248198318	1000
CREB_ATF_1	NRF1	--	36	0.15779858381251322	0.023080075470631064	0.010321723535631301	1.6955331563949585	0.11563271179612186	1000
CREB_ATF_1	REST	++	0	0.051909032284474965	0.02559332872563223	0.011445684560202346	1.622136163711548	0.11810925824973123	1000
CREB_ATF_1	REST	++	9	0.07063496551379175	0.015539788279920533	0.0069496045899713685	1.6351159811019897	0.11216349075425319	1000
CREB_ATF_1	REST	++	18	0.08680157224593228	0.01665083805675805	0.007446481155450301	1.6463217973709106	0.11352856102278695	1000
CREB_ATF_1	REST	++	27	0.07957004789223604	0.019390043172104292	0.00867149092389617	1.6413093566894532	0.11521431174335248	1000
CREB_ATF_1	REST	++	36	0.08368219821981167	0.0160869702310554	0.007194311797731074	1.6441596269607544	0.11188984901927752	1000
CREB_ATF_1	REST	+-	0	0.04637265976602008	0.018610363912238623	0.008322807758754897	1.6182986736297607	0.10678393174394338	1000
CREB_ATF_1	REST	+-	9	0.07296159948435066	0.012920308304114062	0.005778137531650814	1.6367286443710327	0.11166120960566653	1000
CREB_ATF_1	REST	+-	18	0.08092125861081202	0.015758144791037574	0.007047256590408847	1.6422459125518798	0.11286168562782019	1000
CREB_ATF_1	REST	+-	27	0.08633587547414284	0.02034124691154679	0.009096882168265255	1.645999026298523	0.114068088815227	1000
CREB_ATF_1	REST	+-	36	0.08646600937159285	0.016793465378786118	0.007510266032951002	1.6460891723632813	0.1114410200651257	1000
CREB_ATF_1	REST	-+	0	0.051909032284474965	0.02559332872563223	0.011445684560202346	1.622136163711548	0.11810925824973123	1000
CREB_ATF_1	REST	-+	9	0.07063496551379175	0.015539788279920533	0.0069496045899713685	1.6351159811019897	0.11216349075425319	1000
CREB_ATF_1	REST	-+	18	0.08680157224593228	0.01665083805675805	0.007446481155450301	1.6463217973709106	0.11352856102278695	1000
CREB_ATF_1	REST	-+	27	0.07957004789223604	0.019390043172104292	0.00867149092389617	1.6413093566894532	0.11521431174335248	1000
CREB_ATF_1	REST	-+	36	0.08368219821981167	0.0160869702310554	0.007194311797731074	1.6441596269607544	0.11188984901927752	1000
CREB_ATF_1	REST	--	0	0.04637265976602008	0.018610363912238623	0.008322807758754897	1.6182986736297607	0.10678393174394338	1000
CREB_ATF_1	REST	--	9	0.07296159948435066	0.012920308304114062	0.005778137531650814	1.6367286443710327	0.11166120960566653	1000
CREB_ATF_1	REST	--	18	0.08092125861081202	0.015758144791037574	0.007047256590408847	1.6422459125518798	0.11286168562782019	1000
CREB_ATF_1	REST	--	27	0.08633587547414284	0.02034124691154679	0.009096882168265255	1.645999026298523	0.114068088815227	1000
CREB_ATF_1	REST	--	36	0.08646600937159285	0.016793465378786118	0.007510266032951002	1.6460891723632813	0.1114410200651257	1000
CREB_ATF_1	RFX_1	++	0	0.06306710436382722	0.030038302640994476	0.01343353732679502	1.629870343208313	0.11724923323148617	1000
CREB_ATF_1	RFX_1	++	9	0.0591715006166277	0.015304603232566548	0.006844426639336364	1.6271701335906983	0.11521760106762116	1000
CREB_ATF_1	RFX_1	++	18	0.0674400287602314	0.01392670732136251	0.006228212854662116	1.6329014301300049	0.11346524546374517	1000
CREB_ATF_1	RFX_1	++	27	0.058591554694978495	0.012514236355646672	0.0055965366355450385	1.6267681121826172	0.1131178211854823	1000
CREB_ATF_1	RFX_1	++	36	0.07137415554633264	0.012017676197338175	0.005374468181765867	1.6356283664703368	0.11234865660561888	1000
CREB_ATF_1	RFX_1	+-	0	0.06306710436382722	0.030038302640994476	0.01343353732679502	1.629870343208313	0.11724923323148617	1000
CREB_ATF_1	RFX_1	+-	9	0.0591715006166277	0.015304603232566548	0.006844426639336364	1.6271701335906983	0.11521760106762116	1000
CREB_ATF_1	RFX_1	+-	18	0.0674400287602314	0.01392670732136251	0.006228212854662116	1.6329014301300049	0.11346524546374517	1000
CREB_ATF_1	RFX_1	+-	27	0.058591554694978495	0.012514236355646672	0.0055965366355450385	1.6267681121826172	0.1131178211854823	1000
CREB_ATF_1	RFX_1	+-	36	0.07137415554633264	0.012017676197338175	0.005374468181765867	1.6356283664703368	0.11234865660561888	1000
CREB_ATF_1	RFX_1	-+	0	0.06306710436382722	0.030038302640994476	0.01343353732679502	1.629870343208313	0.11724923323148617	1000
CREB_ATF_1	RFX_1	-+	9	0.0591715006166277	0.015304603232566548	0.006844426639336364	1.6271701335906983	0.11521760106762116	1000
CREB_ATF_1	RFX_1	-+	18	0.0674400287602314	0.01392670732136251	0.006228212854662116	1.6329014301300049	0.11346524546374517	1000
CREB_ATF_1	RFX_1	-+	27	0.058591554694978495	0.012514236355646672	0.0055965366355450385	1.6267681121826172	0.1131178211854823	1000
CREB_ATF_1	RFX_1	-+	36	0.07137415554633264	0.012017676197338175	0.005374468181765867	1.6356283664703368	0.11234865660561888	1000
CREB_ATF_1	RFX_1	--	0	0.06306710436382722	0.030038302640994476	0.01343353732679502	1.629870343208313	0.11724923323148617	1000
CREB_ATF_1	RFX_1	--	9	0.0591715006166277	0.015304603232566548	0.006844426639336364	1.6271701335906983	0.11521760106762116	1000
CREB_ATF_1	RFX_1	--	18	0.0674400287602314	0.01392670732136251	0.006228212854662116	1.6329014301300049	0.11346524546374517	1000
CREB_ATF_1	RFX_1	--	27	0.058591554694978495	0.012514236355646672	0.0055965366355450385	1.6267681121826172	0.1131178211854823	1000
CREB_ATF_1	RFX_1	--	36	0.07137415554633264	0.012017676197338175	0.005374468181765867	1.6356283664703368	0.11234865660561888	1000
CREB_ATF_1	STAT	++	0	0.4159046212847575	0.046409169291633474	0.02075481146307764	1.8744386434555054	0.1000539987050234	1000
CREB_ATF_1	STAT	++	9	0.33837753380428937	0.05180379095537154	0.023167359613679907	1.820701003074646	0.0987258380903918	1000
CREB_ATF_1	STAT	++	18	0.34901434259224995	0.06476260212004044	0.028962716148036482	1.8280738115310669	0.09904413057246139	1000
CREB_ATF_1	STAT	++	27	0.35295637843050776	0.07190187222435514	0.03215549480063242	1.8308062076568603	0.09333461674331428	1000
CREB_ATF_1	STAT	++	36	0.3559131686576352	0.06737677621961459	0.030131810346369903	1.832855749130249	0.09551505850576691	1000
CREB_ATF_1	STAT	+-	0	0.4159046212847575	0.046409169291633474	0.02075481146307764	1.8744386434555054	0.1000539987050234	1000
CREB_ATF_1	STAT	+-	9	0.33837753380428937	0.05180379095537154	0.023167359613679907	1.820701003074646	0.0987258380903918	1000
CREB_ATF_1	STAT	+-	18	0.34901434259224995	0.06476260212004044	0.028962716148036482	1.8280738115310669	0.09904413057246139	1000
CREB_ATF_1	STAT	+-	27	0.35295637843050776	0.07190187222435514	0.03215549480063242	1.8308062076568603	0.09333461674331428	1000
CREB_ATF_1	STAT	+-	36	0.3559131686576352	0.06737677621961459	0.030131810346369903	1.832855749130249	0.09551505850576691	1000
CREB_ATF_1	STAT	-+	0	0.4159046212847575	0.046409169291633474	0.02075481146307764	1.8744386434555054	0.1000539987050234	1000
CREB_ATF_1	STAT	-+	9	0.33837753380428937	0.05180379095537154	0.023167359613679907	1.820701003074646	0.0987258380903918	1000
CREB_ATF_1	STAT	-+	18	0.34901434259224995	0.06476260212004044	0.028962716148036482	1.8280738115310669	0.09904413057246139	1000
CREB_ATF_1	STAT	-+	27	0.35295637843050776	0.07190187222435514	0.03215549480063242	1.8308062076568603	0.09333461674331428	1000
CREB_ATF_1	STAT	-+	36	0.3559131686576352	0.06737677621961459	0.030131810346369903	1.832855749130249	0.09551505850576691	1000
CREB_ATF_1	STAT	--	0	0.4159046212847575	0.046409169291633474	0.02075481146307764	1.8744386434555054	0.1000539987050234	1000
CREB_ATF_1	STAT	--	9	0.33837753380428937	0.05180379095537154	0.023167359613679907	1.820701003074646	0.0987258380903918	1000
CREB_ATF_1	STAT	--	18	0.34901434259224995	0.06476260212004044	0.028962716148036482	1.8280738115310669	0.09904413057246139	1000
CREB_ATF_1	STAT	--	27	0.35295637843050776	0.07190187222435514	0.03215549480063242	1.8308062076568603	0.09333461674331428	1000
CREB_ATF_1	STAT	--	36	0.3559131686576352	0.06737677621961459	0.030131810346369903	1.832855749130249	0.09551505850576691	1000
CREB_ATF_1	TATAbox	++	0	0.045863088070212374	0.01913449953594046	0.00855720833556021	1.617945408821106	0.11797904025105865	1000
CREB_ATF_1	TATAbox	++	9	0.03089098065901296	0.012469302241293691	0.0055764414887046355	1.6075675725936889	0.11046004102096495	1000
CREB_ATF_1	TATAbox	++	18	0.03868320258232922	0.015106312665161376	0.006755748401733371	1.6129687547683715	0.11316454311553151	1000
CREB_ATF_1	TATAbox	++	27	0.04145846297168786	0.014586311493390305	0.0065231968080414395	1.6148923873901366	0.11311417400958707	1000
CREB_ATF_1	TATAbox	++	36	0.04913519720133534	0.01717491489158038	0.007680855441069431	1.6202134609222412	0.11422521968180507	1000
CREB_ATF_1	TATAbox	+-	0	0.058289604754858684	0.018290764634460725	0.008179878616620654	1.6265588045120238	0.11359747603032412	1000
CREB_ATF_1	TATAbox	+-	9	0.0269191614564691	0.010509292997805323	0.00469989870771105	1.6048144578933716	0.10855811885048444	1000
CREB_ATF_1	TATAbox	+-	18	0.039150708396627466	0.015454564042445093	0.006911491152306234	1.6132927179336547	0.11392542601646158	1000
CREB_ATF_1	TATAbox	+-	27	0.04006669551936376	0.01424794945765513	0.006371876705459626	1.613927674293518	0.11277452506234145	1000
CREB_ATF_1	TATAbox	+-	36	0.05379661497032088	0.016530225088160762	0.007392541396099983	1.6234444856643677	0.11403502046003561	1000
CREB_ATF_1	TATAbox	-+	0	0.045863088070212374	0.01913449953594046	0.00855720833556021	1.617945408821106	0.11797904025105865	1000
CREB_ATF_1	TATAbox	-+	9	0.03089098065901296	0.012469302241293691	0.0055764414887046355	1.6075675725936889	0.11046004102096495	1000
CREB_ATF_1	TATAbox	-+	18	0.03868320258232922	0.015106312665161376	0.006755748401733371	1.6129687547683715	0.11316454311553151	1000
CREB_ATF_1	TATAbox	-+	27	0.04145846297168786	0.014586311493390305	0.0065231968080414395	1.6148923873901366	0.11311417400958707	1000
CREB_ATF_1	TATAbox	-+	36	0.04913519720133534	0.01717491489158038	0.007680855441069431	1.6202134609222412	0.11422521968180507	1000
CREB_ATF_1	TATAbox	--	0	0.058289604754858684	0.018290764634460725	0.008179878616620654	1.6265588045120238	0.11359747603032412	1000
CREB_ATF_1	TATAbox	--	9	0.0269191614564691	0.010509292997805323	0.00469989870771105	1.6048144578933716	0.10855811885048444	1000
CREB_ATF_1	TATAbox	--	18	0.039150708396627466	0.015454564042445093	0.006911491152306234	1.6132927179336547	0.11392542601646158	1000
CREB_ATF_1	TATAbox	--	27	0.04006669551936376	0.01424794945765513	0.006371876705459626	1.613927674293518	0.11277452506234145	1000
CREB_ATF_1	TATAbox	--	36	0.05379661497032088	0.016530225088160762	0.007392541396099983	1.6234444856643677	0.11403502046003561	1000
CREB_ATF_3	CREB_ATF_3	++	0	0.7111298505749388	0.046899375422552715	0.02097403830942216	2.079073190689087	0.09316306888289475	1000
CREB_ATF_3	CREB_ATF_3	++	9	0.7261400061916898	0.058656973484812476	0.026232196013288682	2.0894774436950683	0.08371529173048811	1000
CREB_ATF_3	CREB_ATF_3	++	18	0.5984079668487967	0.041636823659993535	0.018620553614183428	2.0009403944015505	0.11491963609965464	1000
CREB_ATF_3	CREB_ATF_3	++	27	0.6489708232067998	0.04116917738566069	0.018411415842416876	2.035987877845764	0.11319834455080519	1000
CREB_ATF_3	CREB_ATF_3	++	36	0.5938841180022363	0.03993552298750986	0.017859708823415504	1.9978047132492065	0.11725436880447862	1000
CREB_ATF_3	CREB_ATF_3	+-	0	0.7076308205474723	0.07276040511702744	0.03253944238241938	2.0766477823257445	0.08106605125752218	1000
CREB_ATF_3	CREB_ATF_3	+-	9	0.7206406287537728	0.0643956676364933	0.02879861805833645	2.0856656074523925	0.07961362971039182	1000
CREB_ATF_3	CREB_ATF_3	+-	18	0.5994687988349813	0.043356438731626715	0.01938958885324442	2.0016757011413575	0.11463417953217775	1000
CREB_ATF_3	CREB_ATF_3	+-	27	0.6466308014617628	0.03929181876925533	0.01757183554553141	2.0343658447265627	0.11021407221977045	1000
CREB_ATF_3	CREB_ATF_3	+-	36	0.5943696164264896	0.03731464434427613	0.0166876162620059	1.9981411457061768	0.11791182116894099	1000
CREB_ATF_3	CREB_ATF_3	-+	0	0.7261372716675412	0.09506179648778958	0.04251292780198965	2.0894756078720094	0.12301804728844905	1000
CREB_ATF_3	CREB_ATF_3	-+	9	0.7311227563455475	0.053793460746170384	0.024057166994680707	2.092931342124939	0.08597578851066197	1000
CREB_ATF_3	CREB_ATF_3	-+	18	0.5969159485595015	0.03802960846186833	0.01700735793568776	1.9999061822891235	0.1136626500830168	1000
CREB_ATF_3	CREB_ATF_3	-+	27	0.6527909018477644	0.04341243998495037	0.019414633375095792	2.038635802268982	0.11312427119942083	1000
CREB_ATF_3	CREB_ATF_3	-+	36	0.5938617946541542	0.04192917856622022	0.018751298702959114	1.997789192199707	0.11738726347146936	1000
CREB_ATF_3	CREB_ATF_3	--	0	0.7113055566501929	0.04569021636095203	0.02043328593795236	2.079194927215576	0.0929983235456842	1000
CREB_ATF_3	CREB_ATF_3	--	9	0.72542097252583	0.05975938093835949	0.026725207614295397	2.088978981971741	0.08304155778050971	1000
CREB_ATF_3	CREB_ATF_3	--	18	0.5984384937693249	0.04038535168675825	0.018060878333365445	2.000961494445801	0.1141247951183086	1000
CREB_ATF_3	CREB_ATF_3	--	27	0.6494507579922975	0.04208126653843038	0.01881931451184352	2.036320447921753	0.11035167806352345	1000
CREB_ATF_3	CREB_ATF_3	--	36	0.5946031946637589	0.03893880555182737	0.017413963235306442	1.998303198814392	0.11798026811517483	1000
CREB_ATF_3	CTCF	++	0	0.598081904941026	0.04098720921802997	0.018330037203904203	2.0007143020629883	0.11309100934620724	1000
CREB_ATF_3	CTCF	++	9	0.44380961470570723	0.026901072835985525	0.012030525505787336	1.8937808990478515	0.10617386165941564	1000
CREB_ATF_3	CTCF	++	18	0.4723240458482545	0.030731711337777	0.013743639123234074	1.9135456562042237	0.11467051602769925	1000
CREB_ATF_3	CTCF	++	27	0.4388350079303679	0.01989880806812296	0.00889901750230884	1.8903327465057373	0.10854070627576366	1000
CREB_ATF_3	CTCF	++	36	0.4530300603724872	0.031162817140865242	0.013936435499474063	1.9001720666885376	0.11226057030670748	1000
CREB_ATF_3	CTCF	+-	0	0.4127980556665598	0.05397467219342259	0.024138207217552117	1.8722853899002074	0.09112755221460704	1000
CREB_ATF_3	CTCF	+-	9	0.4438145764051846	0.02734740768029946	0.012230132516309885	1.8937843799591065	0.10507280990093475	1000
CREB_ATF_3	CTCF	+-	18	0.46237245893699397	0.026560596261321602	0.011878259752648373	1.9066477775573731	0.11168265196578092	1000
CREB_ATF_3	CTCF	+-	27	0.4398147414975381	0.01836262638064029	0.008212016166508523	1.891011905670166	0.10976501223873811	1000
CREB_ATF_3	CTCF	+-	36	0.449529611488151	0.03448179333073987	0.015420726774726647	1.8977457284927368	0.11479752776135425	1000
CREB_ATF_3	CTCF	-+	0	0.5678211963581479	0.03317614255033759	0.014836821994755616	1.979739260673523	0.11421148779024626	1000
CREB_ATF_3	CTCF	-+	9	0.43892477427498583	0.022171267190881038	0.00991529211722416	1.8903950214385987	0.10621744957073832	1000
CREB_ATF_3	CTCF	-+	18	0.47203072083807535	0.02662092826211638	0.011905241043647511	1.913342332839966	0.11275218769758194	1000
CREB_ATF_3	CTCF	-+	27	0.4429522381954934	0.021491777337905502	0.009611415016969233	1.893186664581299	0.10769876572551372	1000
CREB_ATF_3	CTCF	-+	36	0.45406991047526646	0.03269464317160415	0.01462148892636124	1.9008928060531616	0.11376335715790369	1000
CREB_ATF_3	CTCF	--	0	0.37007596575358515	0.06562572833420871	0.029348717925644943	1.8426726579666137	0.10000685346055074	1000
CREB_ATF_3	CTCF	--	9	0.4415651723188872	0.02517808254612061	0.011259980823245334	1.8922251701354984	0.10857106013118213	1000
CREB_ATF_3	CTCF	--	18	0.4623422157878398	0.027823493673482944	0.012443044645088639	1.9066267967224122	0.11178663878356768	1000
CREB_ATF_3	CTCF	--	27	0.44491992610054504	0.02116122290813217	0.009463586581921864	1.8945505142211914	0.10984663400400982	1000
CREB_ATF_3	CTCF	--	36	0.4521746530636258	0.03720021523400956	0.016636442008173723	1.89957914352417	0.11679301900954386	1000
CREB_ATF_3	E2F	++	0	0.6205075741011493	0.06534085974040789	0.02922132081756626	2.0162585258483885	0.14089080233331572	1000
CREB_ATF_3	E2F	++	9	0.28875026736654624	0.03407786488722993	0.015240084483179863	1.7863019704818726	0.09623815425656919	1000
CREB_ATF_3	E2F	++	18	0.29402292007583075	0.019983373833259342	0.008936836462191688	1.7899567127227782	0.11195445631970287	1000
CREB_ATF_3	E2F	++	27	0.2830240534112738	0.013391904357231482	0.0059890416981890435	1.7823328971862793	0.10380112964319894	1000
CREB_ATF_3	E2F	++	36	0.29323150321178915	0.01600196838485748	0.007156297816468768	1.7894081115722655	0.11313694312958765	1000
CREB_ATF_3	E2F	+-	0	0.40904949171139016	0.05434957157889815	0.024305867319681367	1.869687056541443	0.09897097674310447	1000
CREB_ATF_3	E2F	+-	9	0.3057302219753882	0.01571273509863502	0.007026948758598953	1.798071599006653	0.11147424754473496	1000
CREB_ATF_3	E2F	+-	18	0.29377413857222523	0.012503672141926384	0.005591812175543559	1.7897843360900878	0.10771396989879677	1000
CREB_ATF_3	E2F	+-	27	0.2924454995016834	0.017354291612815525	0.007761075149521995	1.7888633489608765	0.11187004988999479	1000
CREB_ATF_3	E2F	+-	36	0.2868230942744717	0.019942552838114268	0.008918580758180972	1.7849661588668824	0.1050236533961553	1000
CREB_ATF_3	E2F	-+	0	0.5198560261527045	0.09802482902285042	0.04383803623557756	1.9464922904968263	0.16730900326115053	1000
CREB_ATF_3	E2F	-+	9	0.3034324090724391	0.03224174799118741	0.014418948044342468	1.7964788913726806	0.09723358541162945	1000
CREB_ATF_3	E2F	-+	18	0.2938969513832063	0.020574274887005146	0.009201095447022061	1.7898693799972534	0.11264919980808678	1000
CREB_ATF_3	E2F	-+	27	0.28631993323197497	0.013826391501292874	0.006183350256083247	1.7846174001693726	0.10291165833939647	1000
CREB_ATF_3	E2F	-+	36	0.29376358743659475	0.015536509373315592	0.006948138218359264	1.7897769689559937	0.11205125553824732	1000
CREB_ATF_3	E2F	--	0	0.37436243984585843	0.06089860991477072	0.027234686300933997	1.8456438064575196	0.10505082880579271	1000
CREB_ATF_3	E2F	--	9	0.32139979777164357	0.016778963251093282	0.00750378048428309	1.8089329242706298	0.1145669994593898	1000
CREB_ATF_3	E2F	--	18	0.2946730961878514	0.01245770471756415	0.005571254918418651	1.790407395362854	0.10780769491450437	1000
CREB_ATF_3	E2F	--	27	0.2965884110761489	0.01641661097935991	0.0073417316220036315	1.7917349815368653	0.11017449936270025	1000
CREB_ATF_3	E2F	--	36	0.28811979616674827	0.020035279798053807	0.008960049515335314	1.7858649492263794	0.10444710097160788	1000
CREB_ATF_3	ETS	++	0	0.28319177949152774	0.053023075255402265	0.023712640129433298	1.7824491262435913	0.1221170624073898	1000
CREB_ATF_3	ETS	++	9	0.39322049659691743	0.013609433689605476	0.006086323773046723	1.8587152242660523	0.11215590629305948	1000
CREB_ATF_3	ETS	++	18	0.3643324503436359	0.023451057541912568	0.010487631761595125	1.8386915922164917	0.10012820037482421	1000
CREB_ATF_3	ETS	++	27	0.38630021569583706	0.011641318472878161	0.005206155890615922	1.853918480873108	0.10688453029982593	1000
CREB_ATF_3	ETS	++	36	0.35841441553872355	0.011421285163023744	0.005107754002986171	1.8345895051956176	0.10434736315680906	1000
CREB_ATF_3	ETS	+-	0	0.5718555739812203	0.011733403478495257	0.0052473375570695775	1.9825356960296632	0.10417067792358677	1000
CREB_ATF_3	ETS	+-	9	0.3727381368010858	0.0268747933739196	0.01201877297306903	1.8445180177688598	0.10694189115226832	1000
CREB_ATF_3	ETS	+-	18	0.38455540870717114	0.013128947513239057	0.00587144382252587	1.8527090787887572	0.10789970834421721	1000
CREB_ATF_3	ETS	+-	27	0.3588804369277665	0.015457672599543216	0.006912881341302903	1.8349125623703002	0.10069301127724566	1000
CREB_ATF_3	ETS	+-	36	0.38117752325897236	0.006007741974837232	0.0026867438894029763	1.8503676414489747	0.10426714026461609	1000
CREB_ATF_3	ETS	-+	0	0.2659414703053127	0.058452164530688966	0.02614060266452452	1.770492148399353	0.11418624419083816	1000
CREB_ATF_3	ETS	-+	9	0.38186019119330716	0.013406290635737967	0.005995475437525793	1.850840950012207	0.11169279934453878	1000
CREB_ATF_3	ETS	-+	18	0.3603047370482845	0.02343746875591854	0.010481554671752255	1.8358997344970702	0.0979824689740451	1000
CREB_ATF_3	ETS	-+	27	0.38659737591913035	0.010108740756380833	0.0045207662996380365	1.8541244745254517	0.10580239602280136	1000
CREB_ATF_3	ETS	-+	36	0.3576614496958486	0.013056507855926226	0.005839047822922214	1.8340675354003906	0.1053876915629131	1000
CREB_ATF_3	ETS	--	0	0.4771236344789432	0.038778379721471086	0.01734221862290174	1.9168724060058593	0.11770625021490565	1000
CREB_ATF_3	ETS	--	9	0.372762790514087	0.027989338556550905	0.012517212731540732	1.844534993171692	0.10818036863018397	1000
CREB_ATF_3	ETS	--	18	0.3810049042723014	0.010618706222177282	0.004748829789177678	1.8502480745315553	0.10561038348153175	1000
CREB_ATF_3	ETS	--	27	0.36044834256175495	0.014566516177603078	0.006514344073694176	1.835999345779419	0.10013647573007528	1000
CREB_ATF_3	ETS	--	36	0.37905456081758926	0.009425741116727943	0.0042153195750636915	1.8488960981369018	0.10535179919662654	1000
CREB_ATF_3	Ebox_CACGTG	++	0	0.32672822015503666	0.038251881032619214	0.01710676125123428	1.8126262426376343	0.10363147927919836	1000
CREB_ATF_3	Ebox_CACGTG	++	9	0.3180104195828009	0.010311549383721806	0.004611465075069604	1.8065834999084474	0.10135090675867194	1000
CREB_ATF_3	Ebox_CACGTG	++	18	0.30186251703883327	0.010748274417631466	0.004806774447729184	1.7953907012939454	0.10789186198756663	1000
CREB_ATF_3	Ebox_CACGTG	++	27	0.2969578556075999	0.014173072955329923	0.006338390915636309	1.7919910430908204	0.10966156558967044	1000
CREB_ATF_3	Ebox_CACGTG	++	36	0.2981801363072819	0.012790365181270314	0.005720025200473368	1.7928382873535156	0.10908092369643783	1000
CREB_ATF_3	Ebox_CACGTG	+-	0	0.32672822015503666	0.038251881032619214	0.01710676125123428	1.8126262426376343	0.10363147927919836	1000
CREB_ATF_3	Ebox_CACGTG	+-	9	0.3180104195828009	0.010311549383721806	0.004611465075069604	1.8065834999084474	0.10135090675867194	1000
CREB_ATF_3	Ebox_CACGTG	+-	18	0.30186251703883327	0.010748274417631466	0.004806774447729184	1.7953907012939454	0.10789186198756663	1000
CREB_ATF_3	Ebox_CACGTG	+-	27	0.2969578556075999	0.014173072955329923	0.006338390915636309	1.7919910430908204	0.10966156558967044	1000
CREB_ATF_3	Ebox_CACGTG	+-	36	0.2981801363072819	0.012790365181270314	0.005720025200473368	1.7928382873535156	0.10908092369643783	1000
CREB_ATF_3	Ebox_CACGTG	-+	0	0.28799219793850694	0.02362272490503244	0.01056440374028596	1.785776472091675	0.10249368650192754	1000
CREB_ATF_3	Ebox_CACGTG	-+	9	0.31956358630361037	0.01317762080839774	0.005893211181858616	1.807660174369812	0.10325965225337266	1000
CREB_ATF_3	Ebox_CACGTG	-+	18	0.2991059619125391	0.009388523058406564	0.004198675153384261	1.7934799194335938	0.10672414073433124	1000
CREB_ATF_3	Ebox_CACGTG	-+	27	0.2996862485748153	0.013472942541016272	0.006025283075732226	1.7938822507858276	0.1079834803140743	1000
CREB_ATF_3	Ebox_CACGTG	-+	36	0.2968174790683994	0.015009291714533782	0.00671235931356438	1.7918938159942628	0.10992865709268625	1000
CREB_ATF_3	Ebox_CACGTG	--	0	0.28799219793850694	0.02362272490503244	0.01056440374028596	1.785776472091675	0.10249368650192754	1000
CREB_ATF_3	Ebox_CACGTG	--	9	0.31956358630361037	0.01317762080839774	0.005893211181858616	1.807660174369812	0.10325965225337266	1000
CREB_ATF_3	Ebox_CACGTG	--	18	0.2991059619125391	0.009388523058406564	0.004198675153384261	1.7934799194335938	0.10672414073433124	1000
CREB_ATF_3	Ebox_CACGTG	--	27	0.2996862485748153	0.013472942541016272	0.006025283075732226	1.7938822507858276	0.1079834803140743	1000
CREB_ATF_3	Ebox_CACGTG	--	36	0.2968174790683994	0.015009291714533782	0.00671235931356438	1.7918938159942628	0.10992865709268625	1000
CREB_ATF_3	GATA	++	0	0.4488987189308585	0.05272719050298723	0.02358031644545215	1.8973083972930909	0.10924258271194712	1000
CREB_ATF_3	GATA	++	9	0.4339369764303253	0.027177348584049875	0.012154079776428635	1.886937713623047	0.11681668880154784	1000
CREB_ATF_3	GATA	++	18	0.489226242801075	0.02781171325139867	0.012437776280171824	1.9252613306045532	0.1133267444845606	1000
CREB_ATF_3	GATA	++	27	0.5091197769960151	0.021247315247222155	0.009502088246431298	1.9390505313873292	0.1131739500808344	1000
CREB_ATF_3	GATA	++	36	0.5026261506551951	0.034715526600455016	0.01552525547066392	1.9345494270324708	0.12054680002638912	1000
CREB_ATF_3	GATA	+-	0	0.49886768479890203	0.06322635442075475	0.02827568529086039	1.9319442510604858	0.0713027999182445	1000
CREB_ATF_3	GATA	+-	9	0.49831647180375416	0.03688322486930612	0.016494679607435857	1.9315622329711915	0.08571603536651697	1000
CREB_ATF_3	GATA	+-	18	0.5032949997835331	0.022005551005066588	0.009841181585933542	1.9350130319595338	0.10980710438088277	1000
CREB_ATF_3	GATA	+-	27	0.500136796374414	0.02210148219749397	0.00988408331941959	1.9328239679336547	0.11371795397588828	1000
CREB_ATF_3	GATA	+-	36	0.5142778978589575	0.029519262932162775	0.013201415712401144	1.9426258563995362	0.11714910023541572	1000
CREB_ATF_3	GATA	-+	0	0.4556454478393869	0.0739011405692673	0.03304959478552984	1.901984977722168	0.11227398483656846	1000
CREB_ATF_3	GATA	-+	9	0.43459267748500485	0.020522928107510486	0.00917813246914691	1.887392234802246	0.11489027864080396	1000
CREB_ATF_3	GATA	-+	18	0.48940863900144754	0.029950241483464743	0.013394155179912262	1.9253878116607666	0.11352100763685714	1000
CREB_ATF_3	GATA	-+	27	0.5109646950857483	0.019503541263978245	0.008722248813645505	1.9403292655944824	0.11086327519967118	1000
CREB_ATF_3	GATA	-+	36	0.4989422048815209	0.03710125788300922	0.01659218693543171	1.9319958448410035	0.12281010781889816	1000
CREB_ATF_3	GATA	--	0	0.46375287768414425	0.04512275002675471	0.020179507278310797	1.9076045751571655	0.07983257692645139	1000
CREB_ATF_3	GATA	--	9	0.509174983426942	0.034030357720312585	0.015218838632250742	1.9390887498855591	0.089757401932115	1000
CREB_ATF_3	GATA	--	18	0.5028684570119958	0.02110113778433623	0.009436715697673022	1.9347174644470215	0.10713320595636552	1000
CREB_ATF_3	GATA	--	27	0.49820955878884526	0.021137779656627696	0.009453102441126338	1.9314881563186646	0.1149698305272654	1000
CREB_ATF_3	GATA	--	36	0.5136883929265951	0.03272647649304747	0.014635725220500611	1.942217183113098	0.11788428929023248	1000
CREB_ATF_3	Grepeats	++	0	0.3901634834799997	0.03267000197337945	0.014610469047505745	1.856596255302429	0.08773683906996062	1000
CREB_ATF_3	Grepeats	++	9	0.5776561962303886	0.022827425528441286	0.010208735046581754	1.9865562915802002	0.11002072048012072	1000
CREB_ATF_3	Grepeats	++	18	0.6032949656617865	0.031028975183208077	0.01387657955636145	2.00432767868042	0.11558125500901208	1000
CREB_ATF_3	Grepeats	++	27	0.5984147257669756	0.02927687953721968	0.013093018562859158	2.0009450197219847	0.11319327864783058	1000
CREB_ATF_3	Grepeats	++	36	0.5921414693958387	0.019825675000177605	0.008866311400043056	1.9965967178344726	0.10633840500774376	1000
CREB_ATF_3	Grepeats	+-	0	0.5451250930786753	0.0433391904086648	0.019381875168716277	1.9640074491500854	0.09827195658631124	1000
CREB_ATF_3	Grepeats	+-	9	0.5392831691959024	0.017688092971509067	0.007910355655326105	1.9599581718444825	0.1001882572102527	1000
CREB_ATF_3	Grepeats	+-	18	0.5706541031822926	0.02003993798267465	0.008962132718828104	1.9817028284072875	0.10554797338413925	1000
CREB_ATF_3	Grepeats	+-	27	0.5821248816416846	0.02135343424953991	0.00954954610700869	1.989653754234314	0.10791582124379892	1000
CREB_ATF_3	Grepeats	+-	36	0.5830921378675347	0.027370183054207558	0.012240317973164182	1.9903242111206054	0.1072035890296523	1000
CREB_ATF_3	Grepeats	-+	0	0.4379050375432249	0.02728397377575746	0.012201764011783058	1.8896881580352782	0.09260266135166133	1000
CREB_ATF_3	Grepeats	-+	9	0.5764396339538477	0.0222508923342914	0.009950901563900908	1.9857130765914917	0.113095881873131	1000
CREB_ATF_3	Grepeats	-+	18	0.6025397640444503	0.027715381993468204	0.012394695631953707	2.003804326057434	0.11492761868769179	1000
CREB_ATF_3	Grepeats	-+	27	0.598341031201081	0.02721510569286331	0.012170965268816775	2.0008939504623413	0.11259695530047187	1000
CREB_ATF_3	Grepeats	-+	36	0.592730432582851	0.018139755202027385	0.008112345145387733	1.9970049142837525	0.10577168556793685	1000
CREB_ATF_3	Grepeats	--	0	0.5170148813595835	0.041641589104626994	0.01862268478581211	1.9445228815078734	0.10222610962529037	1000
CREB_ATF_3	Grepeats	--	9	0.5353228988970868	0.01629393723953206	0.007286870257741791	1.9572131156921386	0.101964524646227	1000
CREB_ATF_3	Grepeats	--	18	0.5696349597906772	0.023572355960465446	0.010541878063484616	1.9809963703155518	0.10696149580048507	1000
CREB_ATF_3	Grepeats	--	27	0.581228465069725	0.020019442570390275	0.008952966891809154	1.9890324831008912	0.10735085109633502	1000
CREB_ATF_3	Grepeats	--	36	0.583232303727988	0.025827087468237996	0.011550224647962619	1.9904214143753052	0.10638257008479608	1000
CREB_ATF_3	NFI	++	0	0.5015014873081428	0.03331440585441421	0.014898655224097427	1.9337698459625243	0.11095536858877045	1000
CREB_ATF_3	NFI	++	9	0.30622717014462253	0.02362867282239766	0.010567063729796596	1.7984160423278808	0.10090484779242799	1000
CREB_ATF_3	NFI	++	18	0.31803025348201164	0.014981583587523366	0.006699967862459483	1.8065972805023194	0.10997731285706032	1000
CREB_ATF_3	NFI	++	27	0.2933158993981338	0.01779067699057545	0.007956232623333618	1.789466643333435	0.10382860878943952	1000
CREB_ATF_3	NFI	++	36	0.31115729360731614	0.02427049449685515	0.010854095108500534	1.8018332958221435	0.10786532731763888	1000
CREB_ATF_3	NFI	+-	0	0.5015014873081428	0.03331440585441421	0.014898655224097427	1.9337698459625243	0.11095536858877045	1000
CREB_ATF_3	NFI	+-	9	0.30622717014462253	0.02362867282239766	0.010567063729796596	1.7984160423278808	0.10090484779242799	1000
CREB_ATF_3	NFI	+-	18	0.31803025348201164	0.014981583587523366	0.006699967862459483	1.8065972805023194	0.10997731285706032	1000
CREB_ATF_3	NFI	+-	27	0.2933158993981338	0.01779067699057545	0.007956232623333618	1.789466643333435	0.10382860878943952	1000
CREB_ATF_3	NFI	+-	36	0.31115729360731614	0.02427049449685515	0.010854095108500534	1.8018332958221435	0.10786532731763888	1000
CREB_ATF_3	NFI	-+	0	0.46836368955811347	0.02970872693748494	0.013286146591439094	1.910800576210022	0.1057101585824818	1000
CREB_ATF_3	NFI	-+	9	0.3085667060386708	0.021004010283267715	0.009393278958698244	1.800037717819214	0.10263128988049285	1000
CREB_ATF_3	NFI	-+	18	0.31920176490315894	0.015526857752539851	0.0069438218823297424	1.8074092864990234	0.11003897443571445	1000
CREB_ATF_3	NFI	-+	27	0.2981244483249325	0.017940882825393363	0.00802340671478761	1.7927996635437011	0.10324247275557526	1000
CREB_ATF_3	NFI	-+	36	0.3123254384680728	0.023083772833001247	0.010323377046350737	1.8026430368423463	0.10886191624729984	1000
CREB_ATF_3	NFI	--	0	0.46836368955811347	0.02970872693748494	0.013286146591439094	1.910800576210022	0.1057101585824818	1000
CREB_ATF_3	NFI	--	9	0.3085667060386708	0.021004010283267715	0.009393278958698244	1.800037717819214	0.10263128988049285	1000
CREB_ATF_3	NFI	--	18	0.31920176490315894	0.015526857752539851	0.0069438218823297424	1.8074092864990234	0.11003897443571445	1000
CREB_ATF_3	NFI	--	27	0.2981244483249325	0.017940882825393363	0.00802340671478761	1.7927996635437011	0.10324247275557526	1000
CREB_ATF_3	NFI	--	36	0.3123254384680728	0.023083772833001247	0.010323377046350737	1.8026430368423463	0.10886191624729984	1000
CREB_ATF_3	NFY	++	0	0.4165560227731654	0.013400277485739381	0.005992786275094645	1.874890112876892	0.11011914617988709	1000
CREB_ATF_3	NFY	++	9	0.2582535254940579	0.021519377784339294	0.009623758311856294	1.765163254737854	0.10144116937811289	1000
CREB_ATF_3	NFY	++	18	0.259073431284215	0.014943069874056974	0.006682744006184123	1.7657315492630006	0.10833484606170496	1000
CREB_ATF_3	NFY	++	27	0.2521884369235253	0.015674743185309287	0.007009958258440629	1.7609592437744142	0.10983650625061221	1000
CREB_ATF_3	NFY	++	36	0.26345442274183617	0.016141388430806473	0.007218648356502387	1.7687682867050172	0.1103405272814443	1000
CREB_ATF_3	NFY	+-	0	0.039227578729659485	0.02016933480329638	0.009020000736224611	1.613346004486084	0.1145138448078452	1000
CREB_ATF_3	NFY	+-	9	0.25434122975570056	0.017072245661934358	0.007634940365732223	1.762451457977295	0.11524091467468713	1000
CREB_ATF_3	NFY	+-	18	0.2514268633489746	0.019505067684015862	0.00872293144943877	1.7604313850402833	0.10836283843197002	1000
CREB_ATF_3	NFY	+-	27	0.251924159783077	0.01760765027799122	0.007874380589126286	1.7607760906219483	0.10883315817035542	1000
CREB_ATF_3	NFY	+-	36	0.26717159556365716	0.016407917112807906	0.007337843606684113	1.771344780921936	0.10855988946193894	1000
CREB_ATF_3	NFY	-+	0	0.412126437617543	0.02576009572551986	0.011520265029832834	1.8718197822570801	0.10829464336667032	1000
CREB_ATF_3	NFY	-+	9	0.2493201747659295	0.023505817285881896	0.010512121063584305	1.75897114276886	0.10108431977552448	1000
CREB_ATF_3	NFY	-+	18	0.2563302521085916	0.012936205053925605	0.005785246774290796	1.7638301134109498	0.10658858451620944	1000
CREB_ATF_3	NFY	-+	27	0.2538692964630342	0.016000351676812474	0.007155574802651087	1.7621243476867676	0.1097494987040487	1000
CREB_ATF_3	NFY	-+	36	0.262571012357848	0.018931718812760057	0.00846652203924862	1.7681559085845948	0.11135317753699636	1000
CREB_ATF_3	NFY	--	0	0.04643965722000102	0.016520679909528282	0.007388272662444063	1.618345069885254	0.11510983035393542	1000
CREB_ATF_3	NFY	--	9	0.2566893604827257	0.013258661238756143	0.00592945356410006	1.7640790462493896	0.11138359558675269	1000
CREB_ATF_3	NFY	--	18	0.248748401244871	0.01703257620226615	0.007617199644042463	1.7585748195648194	0.10696338363597216	1000
CREB_ATF_3	NFY	--	27	0.25424593846842375	0.01826628807607431	0.0081689323669392	1.7623854637145997	0.1085016115866569	1000
CREB_ATF_3	NFY	--	36	0.2663077009109756	0.01890700550437959	0.008455469911751091	1.7707459688186646	0.10977346343487335	1000
CREB_ATF_3	NRF1	++	0	0.5506934871543836	0.08401165263231733	0.037571153237592136	1.9678671598434447	0.09673220732648168	1000
CREB_ATF_3	NRF1	++	9	0.34944840100563007	0.0111995050905605	0.005008570939369643	1.828374695777893	0.10769925655596034	1000
CREB_ATF_3	NRF1	++	18	0.3608012939569881	0.009733487320127717	0.004352947861187566	1.836243987083435	0.10281346474974402	1000
CREB_ATF_3	NRF1	++	27	0.3535224765240878	0.008418987183681052	0.003765085528882068	1.8311986446380615	0.1069035764235135	1000
CREB_ATF_3	NRF1	++	36	0.3577087879204986	0.010781909975413076	0.004821816726461345	1.8341004133224488	0.11021478339650975	1000
CREB_ATF_3	NRF1	+-	0	0.5506934871543836	0.08401165263231733	0.037571153237592136	1.9678671598434447	0.09673220732648168	1000
CREB_ATF_3	NRF1	+-	9	0.34944840100563007	0.0111995050905605	0.005008570939369643	1.828374695777893	0.10769925655596034	1000
CREB_ATF_3	NRF1	+-	18	0.3608012939569881	0.009733487320127717	0.004352947861187566	1.836243987083435	0.10281346474974402	1000
CREB_ATF_3	NRF1	+-	27	0.3535224765240878	0.008418987183681052	0.003765085528882068	1.8311986446380615	0.1069035764235135	1000
CREB_ATF_3	NRF1	+-	36	0.3577087879204986	0.010781909975413076	0.004821816726461345	1.8341004133224488	0.11021478339650975	1000
CREB_ATF_3	NRF1	-+	0	0.6426785799510075	0.0747886819734026	0.033446515368028264	2.0316264152526857	0.07725506501304498	1000
CREB_ATF_3	NRF1	-+	9	0.3423864235985038	0.011387626902618577	0.005092701571332103	1.8234797239303588	0.10591015734455363	1000
CREB_ATF_3	NRF1	-+	18	0.35708957728476587	0.009805722625968571	0.0043852524720346935	1.833671236038208	0.10229193334745516	1000
CREB_ATF_3	NRF1	-+	27	0.35325727927645734	0.010090035371195951	0.0045124009970742935	1.8310148477554322	0.10653481994764719	1000
CREB_ATF_3	NRF1	-+	36	0.35487122466608173	0.010859090611225692	0.004856332956106078	1.8321335077285767	0.11125140940689829	1000
CREB_ATF_3	NRF1	--	0	0.6426785799510075	0.0747886819734026	0.033446515368028264	2.0316264152526857	0.07725506501304498	1000
CREB_ATF_3	NRF1	--	9	0.3423864235985038	0.011387626902618577	0.005092701571332103	1.8234797239303588	0.10591015734455363	1000
CREB_ATF_3	NRF1	--	18	0.35708957728476587	0.009805722625968571	0.0043852524720346935	1.833671236038208	0.10229193334745516	1000
CREB_ATF_3	NRF1	--	27	0.35325727927645734	0.010090035371195951	0.0045124009970742935	1.8310148477554322	0.10653481994764719	1000
CREB_ATF_3	NRF1	--	36	0.35487122466608173	0.010859090611225692	0.004856332956106078	1.8321335077285767	0.11125140940689829	1000
CREB_ATF_3	REST	++	0	0.23710560143851972	0.039980983366575774	0.017880039322990364	1.7505046606063843	0.0996047245777882	1000
CREB_ATF_3	REST	++	9	0.3073960330329465	0.01795503332935688	0.00802973501254327	1.7992262840270996	0.10203337246421063	1000
CREB_ATF_3	REST	++	18	0.29250278692268583	0.005343233155534509	0.0023895665110811736	1.788902997970581	0.10647024780653379	1000
CREB_ATF_3	REST	++	27	0.29599829560537594	0.018746160367297322	0.008383537779677847	1.7913259744644165	0.10884405121239363	1000
CREB_ATF_3	REST	++	36	0.28671563951421264	0.014114230092807736	0.006312075587518252	1.7848917245864868	0.10496886316430089	1000
CREB_ATF_3	REST	+-	0	0.4091375898242946	0.05979121908244485	0.026739446065185857	1.869748091697693	0.09414961281083033	1000
CREB_ATF_3	REST	+-	9	0.30334178281456703	0.014253065431787395	0.006374164638645801	1.7964160442352295	0.10473621747417934	1000
CREB_ATF_3	REST	+-	18	0.28192859271833803	0.012529038405483557	0.005603156313473362	1.7815735340118408	0.10370561546399243	1000
CREB_ATF_3	REST	+-	27	0.29790974518359536	0.018165089518210976	0.00812367499601773	1.792650818824768	0.10870556703295117	1000
CREB_ATF_3	REST	+-	36	0.29407283374067744	0.009790376599258918	0.004378389520253232	1.789991283416748	0.10575398564726941	1000
CREB_ATF_3	REST	-+	0	0.24939877943650632	0.03521319821026976	0.01574782098066742	1.7590256452560424	0.10848285749735564	1000
CREB_ATF_3	REST	-+	9	0.305055766212632	0.02129304834866256	0.009522540711159825	1.7976041316986084	0.10172966139238335	1000
CREB_ATF_3	REST	-+	18	0.29492979749252923	0.004884435068241073	0.0021843857688541727	1.7905852794647217	0.10516166541902083	1000
CREB_ATF_3	REST	-+	27	0.29559239505150836	0.01931963995790079	0.008640005649337468	1.791044545173645	0.11004394371108746	1000
CREB_ATF_3	REST	-+	36	0.2872350615163485	0.014779718361914848	0.006609690989108687	1.7852517366409302	0.10414886877187554	1000
CREB_ATF_3	REST	--	0	0.32808423026446326	0.04485251713676245	0.02005865545595501	1.8135662317276	0.10065329792302151	1000
CREB_ATF_3	REST	--	9	0.2953155717766796	0.014536155039514269	0.006500766159966009	1.790852689743042	0.10525777944613184	1000
CREB_ATF_3	REST	--	18	0.2840189257512862	0.013030375683191799	0.0058273611599954245	1.7830224990844727	0.10203295714262796	1000
CREB_ATF_3	REST	--	27	0.2967935691803632	0.018593573121308087	0.008315298688771565	1.7918771982192994	0.10989965082917826	1000
CREB_ATF_3	REST	--	36	0.29463998092842775	0.010545460497291347	0.004716073305196437	1.7903843879699708	0.10478021956352727	1000
CREB_ATF_3	RFX_1	++	0	0.11426072106745999	0.044360728724910224	0.019838720992065365	1.6653550148010254	0.12628988329330548	1000
CREB_ATF_3	RFX_1	++	9	0.28403950347546186	0.03201230958015822	0.014316340067600308	1.7830366849899293	0.10780195996205902	1000
CREB_ATF_3	RFX_1	++	18	0.27307512793153543	0.017722442693201	0.007925717317868378	1.775436806678772	0.11022603871950373	1000
CREB_ATF_3	RFX_1	++	27	0.27464199307048615	0.014852403121769338	0.0066421966019012645	1.7765228509902955	0.11194977599614915	1000
CREB_ATF_3	RFX_1	++	36	0.27114002213968985	0.022951331642792755	0.010264147545485304	1.7740954875946044	0.11070363848298928	1000
CREB_ATF_3	RFX_1	+-	0	0.11426072106745999	0.044360728724910224	0.019838720992065365	1.6653550148010254	0.12628988329330548	1000
CREB_ATF_3	RFX_1	+-	9	0.28403950347546186	0.03201230958015822	0.014316340067600308	1.7830366849899293	0.10780195996205902	1000
CREB_ATF_3	RFX_1	+-	18	0.27307512793153543	0.017722442693201	0.007925717317868378	1.775436806678772	0.11022603871950373	1000
CREB_ATF_3	RFX_1	+-	27	0.27464199307048615	0.014852403121769338	0.0066421966019012645	1.7765228509902955	0.11194977599614915	1000
CREB_ATF_3	RFX_1	+-	36	0.27114002213968985	0.022951331642792755	0.010264147545485304	1.7740954875946044	0.11070363848298928	1000
CREB_ATF_3	RFX_1	-+	0	0.09039198525493479	0.04052445311582634	0.018123086383598167	1.6488104820251466	0.12787469071480123	1000
CREB_ATF_3	RFX_1	-+	9	0.2812223674604013	0.02448020012946202	0.010947878318455246	1.7810840129852294	0.1071554186221952	1000
CREB_ATF_3	RFX_1	-+	18	0.2733726020231665	0.018583029749550818	0.008310583549579304	1.775642991065979	0.11019898952565525	1000
CREB_ATF_3	RFX_1	-+	27	0.2733738359986865	0.01741839879173097	0.00778974475150213	1.7756438493728637	0.1126685685988226	1000
CREB_ATF_3	RFX_1	-+	36	0.2714851741217064	0.022519800492953164	0.01007116094839531	1.774334764480591	0.11188421976892816	1000
CREB_ATF_3	RFX_1	--	0	0.09039198525493479	0.04052445311582634	0.018123086383598167	1.6488104820251466	0.12787469071480123	1000
CREB_ATF_3	RFX_1	--	9	0.2812223674604013	0.02448020012946202	0.010947878318455246	1.7810840129852294	0.1071554186221952	1000
CREB_ATF_3	RFX_1	--	18	0.2733726020231665	0.018583029749550818	0.008310583549579304	1.775642991065979	0.11019898952565525	1000
CREB_ATF_3	RFX_1	--	27	0.2733738359986865	0.01741839879173097	0.00778974475150213	1.7756438493728637	0.1126685685988226	1000
CREB_ATF_3	RFX_1	--	36	0.2714851741217064	0.022519800492953164	0.01007116094839531	1.774334764480591	0.11188421976892816	1000
CREB_ATF_3	STAT	++	0	0.6839478034251559	0.033292692470971635	0.014888944703817603	2.0602320432662964	0.10267131284890776	1000
CREB_ATF_3	STAT	++	9	0.5543399407101697	0.06246486282966091	0.02793513589846433	1.9703946590423584	0.0701787562111198	1000
CREB_ATF_3	STAT	++	18	0.5212234860071123	0.0714955313352832	0.03197377363063191	1.9474401235580445	0.09284860501983491	1000
CREB_ATF_3	STAT	++	27	0.5495176417704345	0.04812007603416541	0.02151995221897047	1.967052125930786	0.0848674606205487	1000
CREB_ATF_3	STAT	++	36	0.5555839686160533	0.08275419929507968	0.037008803009472666	1.9712570667266847	0.10023864539214862	1000
CREB_ATF_3	STAT	+-	0	0.6839478034251559	0.033292692470971635	0.014888944703817603	2.0602320432662964	0.10267131284890776	1000
CREB_ATF_3	STAT	+-	9	0.5543399407101697	0.06246486282966091	0.02793513589846433	1.9703946590423584	0.0701787562111198	1000
CREB_ATF_3	STAT	+-	18	0.5212234860071123	0.0714955313352832	0.03197377363063191	1.9474401235580445	0.09284860501983491	1000
CREB_ATF_3	STAT	+-	27	0.5495176417704345	0.04812007603416541	0.02151995221897047	1.967052125930786	0.0848674606205487	1000
CREB_ATF_3	STAT	+-	36	0.5555839686160533	0.08275419929507968	0.037008803009472666	1.9712570667266847	0.10023864539214862	1000
CREB_ATF_3	STAT	-+	0	0.6154458323157505	0.03811699831585067	0.01704643986649742	2.0127500772476195	0.10563947015541214	1000
CREB_ATF_3	STAT	-+	9	0.5644965481395238	0.05622688553734079	0.025145427644918755	1.9774347066879272	0.07213431453016371	1000
CREB_ATF_3	STAT	-+	18	0.5161977659879367	0.0683229370016234	0.030554946311613113	1.9439565658569335	0.09231842999737143	1000
CREB_ATF_3	STAT	-+	27	0.5504558415274212	0.04939006824456855	0.022087910001641797	1.9677024841308595	0.08607383210281276	1000
CREB_ATF_3	STAT	-+	36	0.5516287546071731	0.08039433071822331	0.03595343769830936	1.9685153484344482	0.0994895513489513	1000
CREB_ATF_3	STAT	--	0	0.6154458323157505	0.03811699831585067	0.01704643986649742	2.0127500772476195	0.10563947015541214	1000
CREB_ATF_3	STAT	--	9	0.5644965481395238	0.05622688553734079	0.025145427644918755	1.9774347066879272	0.07213431453016371	1000
CREB_ATF_3	STAT	--	18	0.5161977659879367	0.0683229370016234	0.030554946311613113	1.9439565658569335	0.09231842999737143	1000
CREB_ATF_3	STAT	--	27	0.5504558415274212	0.04939006824456855	0.022087910001641797	1.9677024841308595	0.08607383210281276	1000
CREB_ATF_3	STAT	--	36	0.5516287546071731	0.08039433071822331	0.03595343769830936	1.9685153484344482	0.0994895513489513	1000
CREB_ATF_3	TATAbox	++	0	0.29623356787175625	0.06274161324999193	0.02805890244899669	1.791489028930664	0.14342262133292924	1000
CREB_ATF_3	TATAbox	++	9	0.22478850495336436	0.01157685208213149	0.005177325644221197	1.7419670820236206	0.10264004185563375	1000
CREB_ATF_3	TATAbox	++	18	0.22453712221216446	0.015269607765499758	0.006828776190683225	1.7417928218841552	0.10998064118127754	1000
CREB_ATF_3	TATAbox	++	27	0.23054451490289884	0.0168248322232831	0.007524293712257987	1.745956826210022	0.11073371478478701	1000
CREB_ATF_3	TATAbox	++	36	0.26194256195419763	0.01732998900766262	0.007750206694091549	1.7677202939987182	0.11142472580357848	1000
CREB_ATF_3	TATAbox	+-	0	0.25020935946742034	0.03802515161003239	0.0170053647709536	1.7595874786376953	0.13014540958054582	1000
CREB_ATF_3	TATAbox	+-	9	0.21641163848863276	0.016745662948714525	0.00748888813632505	1.736160659790039	0.1028363423003613	1000
CREB_ATF_3	TATAbox	+-	18	0.22803467318883364	0.015008406115815928	0.006711963261777599	1.7442171573638916	0.11098041105740857	1000
CREB_ATF_3	TATAbox	+-	27	0.23101333530958454	0.018039848166059295	0.0080676653606167	1.7462818145751953	0.11209451747522867	1000
CREB_ATF_3	TATAbox	+-	36	0.2623282803439865	0.016085867921131754	0.0071938188297467655	1.767987608909607	0.10907911798877018	1000
CREB_ATF_3	TATAbox	-+	0	0.2548739911621939	0.0714884268166337	0.03197059639330237	1.7628207683563233	0.13445745513324528	1000
CREB_ATF_3	TATAbox	-+	9	0.2342114171958726	0.015220311210176338	0.006806730100931276	1.748498511314392	0.10560665538478478	1000
CREB_ATF_3	TATAbox	-+	18	0.2252896194023159	0.0159377565946006	0.007127581430874499	1.7423144340515138	0.11046100426422033	1000
CREB_ATF_3	TATAbox	-+	27	0.23354374614869297	0.01620802975777595	0.007248451263945294	1.7480357885360718	0.10890254438693525	1000
CREB_ATF_3	TATAbox	-+	36	0.2644768123059866	0.018290827283311797	0.008179906634038597	1.7694769144058227	0.1105942626326901	1000
CREB_ATF_3	TATAbox	--	0	0.22427585046853996	0.039023039423100835	0.017451633767741528	1.7416117668151856	0.12723382340290906	1000
CREB_ATF_3	TATAbox	--	9	0.2234012842923724	0.015067808909147995	0.006738528998566373	1.7410055160522462	0.10483015817412172	1000
CREB_ATF_3	TATAbox	--	18	0.2285370474107027	0.014887578424149266	0.006657927475351391	1.7445653438568116	0.11133470872948698	1000
CREB_ATF_3	TATAbox	--	27	0.23426925926092398	0.01766709052041491	0.007900963073657974	1.7485385894775392	0.11054004592431742	1000
CREB_ATF_3	TATAbox	--	36	0.2637692885790358	0.016458078702284072	0.007360276551469741	1.7689865112304688	0.10847748996741735	1000
CTCF	CTCF	++	0	0.26322026621290334	0.08331167782685601	0.037258114988082396	1.7686059474945068	0.13170564586905678	1000
CTCF	CTCF	++	9	0.22788457318050998	0.05957399503547241	0.026642300518110257	1.7441131114959716	0.12033558066734554	1000
CTCF	CTCF	++	18	0.24481823435930586	0.06107394682677432	0.027313099351774988	1.755850625038147	0.12178845535646746	1000
CTCF	CTCF	++	27	0.27139094482729864	0.07289542416134125	0.03259982473468792	1.7742693662643432	0.125318165601497	1000
CTCF	CTCF	++	36	0.27867098763658643	0.06296141041741936	0.028157198730522616	1.7793155670166017	0.11981532960280984	1000
CTCF	CTCF	+-	0	0.28099811928194124	0.04104827048051278	0.018357344630644905	1.780928611755371	0.11026441705970993	1000
CTCF	CTCF	+-	9	0.23895174275485714	0.06921598644888924	0.03095433016588412	1.7517842769622802	0.12081985839738246	1000
CTCF	CTCF	+-	18	0.24501232108037083	0.059887848776258155	0.026782660177988166	1.755985140800476	0.11872530135602295	1000
CTCF	CTCF	+-	27	0.26213751288808324	0.06758062895691935	0.030222976061972474	1.767855429649353	0.12508572049704952	1000
CTCF	CTCF	+-	36	0.26807635759374987	0.06190619181431211	0.027685290624988583	1.7719719409942627	0.1188659366180446	1000
CTCF	CTCF	-+	0	0.2861779529545551	0.08522041862639276	0.03811172982392069	1.7845189809799193	0.13537586641186802	1000
CTCF	CTCF	-+	9	0.23232727846261017	0.05313678476954865	0.023763492570097255	1.7471925020217896	0.11956777409357056	1000
CTCF	CTCF	-+	18	0.24165901840232973	0.049528748929400346	0.02214992988933182	1.7536608219146728	0.11216350955632766	1000
CTCF	CTCF	-+	27	0.2667145559685555	0.06428297010582579	0.02874821819044266	1.7710279941558837	0.12081556399266011	1000
CTCF	CTCF	-+	36	0.2756213310775593	0.06186363245541799	0.02766625750107537	1.7772017240524292	0.11962938518311872	1000
CTCF	CTCF	--	0	0.26084572754983815	0.08199798595860942	0.036670614124304786	1.7669599771499633	0.13139128206454226	1000
CTCF	CTCF	--	9	0.23402638536137554	0.06471272037243055	0.02894040835233804	1.7483702659606934	0.12277040710418796	1000
CTCF	CTCF	--	18	0.24775667403758628	0.05653505820881087	0.02528324665336172	1.7578874111175538	0.1183437284393003	1000
CTCF	CTCF	--	27	0.2716180049221003	0.07249442716451061	0.03242049342595061	1.7744268417358398	0.12577464844862823	1000
CTCF	CTCF	--	36	0.2735075181132022	0.06645926596966163	0.029721487288580376	1.7757364749908446	0.12294905103162822	1000
CTCF	E2F	++	0	0.12640721828720042	0.033735633852708294	0.015087034111739775	1.673774290084839	0.1127521481904388	1000
CTCF	E2F	++	9	0.12774760807236243	0.030401084831119102	0.013595778454424005	1.6747034788131714	0.11058353843259898	1000
CTCF	E2F	++	18	0.12709509944563951	0.02688737235406011	0.01202439846400539	1.674251103401184	0.10952010430378756	1000
CTCF	E2F	++	27	0.1335473403113125	0.03088825704634801	0.013813648492424205	1.6787234544754028	0.1132658139400771	1000
CTCF	E2F	++	36	0.14270296571698224	0.031049967533230458	0.013885967620692953	1.685069727897644	0.11253391792888792	1000
CTCF	E2F	+-	0	0.1362416592158257	0.03380478819590775	0.015117960874206441	1.680591058731079	0.10600093224295612	1000
CTCF	E2F	+-	9	0.13046134596794112	0.032600765025668894	0.014579505343178664	1.676584506034851	0.11466196639705051	1000
CTCF	E2F	+-	18	0.12458965188830384	0.02576883442647428	0.011524173095706658	1.672514510154724	0.11029784759520458	1000
CTCF	E2F	+-	27	0.13249330163983702	0.027959137625027455	0.012503706464366682	1.677992868423462	0.11136718156231289	1000
CTCF	E2F	+-	36	0.14370095309275838	0.029280049971056054	0.013094436423974417	1.6857614278793336	0.11199633926790635	1000
CTCF	E2F	-+	0	0.15269771812382613	0.017977877169837696	0.008039951088579723	1.6919975280761719	0.11502309437959965	1000
CTCF	E2F	-+	9	0.1197536921516323	0.03102362504743972	0.01387418690290807	1.6691625118255615	0.11100890021640034	1000
CTCF	E2F	-+	18	0.12463332043314106	0.025520268272774736	0.011413010932391091	1.672544813156128	0.11029175596547852	1000
CTCF	E2F	-+	27	0.13445611813630293	0.028106410275079517	0.012569568795715271	1.679353451728821	0.11185053278741458	1000
CTCF	E2F	-+	36	0.13989579394675597	0.02819151335427286	0.012607628049749443	1.6831239223480225	0.11195518722496264	1000
CTCF	E2F	--	0	0.16882198380221583	0.04389961819854585	0.019632506095647075	1.7031740427017212	0.12258518111120474	1000
CTCF	E2F	--	9	0.12166239323211266	0.026352828019644444	0.011785342970257228	1.670485544204712	0.11031676930555706	1000
CTCF	E2F	--	18	0.12837268546627273	0.028933848842940993	0.012939610572703939	1.6751367330551148	0.1132285926547678	1000
CTCF	E2F	--	27	0.13604066954111174	0.0289524242263489	0.012947917736705578	1.6804517030715942	0.11167512984916539	1000
CTCF	E2F	--	36	0.14343700486912983	0.03200873079543089	0.014314739586414875	1.685578465461731	0.11352658158708276	1000
CTCF	ETS	++	0	0.20689395950593292	0.04216830000473612	0.018858237061238934	1.729563546180725	0.11342206051818574	1000
CTCF	ETS	++	9	0.19029840117025132	0.039035206155606836	0.017457074895931023	1.718060350418091	0.11233248186000867	1000
CTCF	ETS	++	18	0.18155176985638155	0.03373125089308025	0.015085073992605587	1.7119976043701173	0.10950233977993186	1000
CTCF	ETS	++	27	0.19279695437307054	0.02946246807517368	0.013176016280201146	1.7197922468185425	0.10512770325750527	1000
CTCF	ETS	++	36	0.2047047622461363	0.038904497482232334	0.017398620200148183	1.7280461072921753	0.1080724619406486	1000
CTCF	ETS	+-	0	0.20794827549943284	0.04876194596511436	0.021807005178633456	1.7302943468093872	0.10871807700702878	1000
CTCF	ETS	+-	9	0.18658764760087382	0.04296613447235878	0.019215039482118258	1.7154882669448852	0.10931112970255123	1000
CTCF	ETS	+-	18	0.1778756449937553	0.035889234288849894	0.016050153506056937	1.7094495296478271	0.1104189110189874	1000
CTCF	ETS	+-	27	0.1950384816539584	0.03708045728181041	0.01658288462378103	1.7213459014892578	0.11140766802724227	1000
CTCF	ETS	+-	36	0.19512910576204742	0.03776666420052269	0.016889765687155295	1.7214087009429933	0.10795648613030694	1000
CTCF	ETS	-+	0	0.26145512012598976	0.05122948908023368	0.022910524007197133	1.7673824071884154	0.11831067983078739	1000
CTCF	ETS	-+	9	0.1719507093849771	0.03583519891380059	0.016025988151696948	1.7053427219390869	0.10945866543931809	1000
CTCF	ETS	-+	18	0.18250961433166313	0.032946305147459186	0.014734035583433993	1.7126615047454834	0.10809029106063672	1000
CTCF	ETS	-+	27	0.19167485141773297	0.0321455026761216	0.014375905830941862	1.7190144538879395	0.1072609850827618	1000
CTCF	ETS	-+	36	0.20814886316470044	0.037795529134686125	0.016902674478146393	1.7304333448410034	0.10949284309582549	1000
CTCF	ETS	--	0	0.2106477538834719	0.029133472926318075	0.013028885176779387	1.7321653842926026	0.11107177399417315	1000
CTCF	ETS	--	9	0.16968932240748086	0.03788701377989358	0.01694358765526266	1.7037752151489258	0.10621928052634513	1000
CTCF	ETS	--	18	0.18198308299669724	0.03298602544554604	0.014751799040755745	1.7122966527938843	0.10730319208019838	1000
CTCF	ETS	--	27	0.19331879273145103	0.03400126303349625	0.015205827092749664	1.7201538562774659	0.10937865345464136	1000
CTCF	ETS	--	36	0.20158610839736615	0.03706549651470072	0.016576193965330468	1.7258843898773193	0.10875014812386151	1000
CTCF	Ebox_CACGTG	++	0	0.10861572161949122	0.039409942635122576	0.01762466214430025	1.6614421606063843	0.11889878500650518	1000
CTCF	Ebox_CACGTG	++	9	0.11451885842727254	0.03199397327625216	0.014308139823202297	1.665533995628357	0.11291724870158394	1000
CTCF	Ebox_CACGTG	++	18	0.11232765219513555	0.029865540910430022	0.013356275932104497	1.6640151739120483	0.11272081371668864	1000
CTCF	Ebox_CACGTG	++	27	0.1272937652047837	0.029417131788901544	0.01315574127661077	1.674388861656189	0.11215207835688948	1000
CTCF	Ebox_CACGTG	++	36	0.13276729580005914	0.032559869201604044	0.01456121617465769	1.6781827688217164	0.11237826251149763	1000
CTCF	Ebox_CACGTG	+-	0	0.10861572161949122	0.039409942635122576	0.01762466214430025	1.6614421606063843	0.11889878500650518	1000
CTCF	Ebox_CACGTG	+-	9	0.11451885842727254	0.03199397327625216	0.014308139823202297	1.665533995628357	0.11291724870158394	1000
CTCF	Ebox_CACGTG	+-	18	0.11232765219513555	0.029865540910430022	0.013356275932104497	1.6640151739120483	0.11272081371668864	1000
CTCF	Ebox_CACGTG	+-	27	0.1272937652047837	0.029417131788901544	0.01315574127661077	1.674388861656189	0.11215207835688948	1000
CTCF	Ebox_CACGTG	+-	36	0.13276729580005914	0.032559869201604044	0.01456121617465769	1.6781827688217164	0.11237826251149763	1000
CTCF	Ebox_CACGTG	-+	0	0.12336422283121953	0.04926623911889436	0.02203253193312143	1.671665096282959	0.12345434955390937	1000
CTCF	Ebox_CACGTG	-+	9	0.09935954655699453	0.03118904793307239	0.013948166266369836	1.655026364326477	0.11324386964840691	1000
CTCF	Ebox_CACGTG	-+	18	0.11575500630307187	0.028073294005381468	0.012554758749674062	1.6663907527923585	0.11050052270913359	1000
CTCF	Ebox_CACGTG	-+	27	0.12609317366715866	0.030375822118279112	0.01358448062578275	1.6735567331314087	0.11247980315763553	1000
CTCF	Ebox_CACGTG	-+	36	0.13874611787291885	0.03256570488361322	0.014563825970991207	1.6823270320892334	0.11227771184622035	1000
CTCF	Ebox_CACGTG	--	0	0.12336422283121953	0.04926623911889436	0.02203253193312143	1.671665096282959	0.12345434955390937	1000
CTCF	Ebox_CACGTG	--	9	0.09935954655699453	0.03118904793307239	0.013948166266369836	1.655026364326477	0.11324386964840691	1000
CTCF	Ebox_CACGTG	--	18	0.11575500630307187	0.028073294005381468	0.012554758749674062	1.6663907527923585	0.11050052270913359	1000
CTCF	Ebox_CACGTG	--	27	0.12609317366715866	0.030375822118279112	0.01358448062578275	1.6735567331314087	0.11247980315763553	1000
CTCF	Ebox_CACGTG	--	36	0.13874611787291885	0.03256570488361322	0.014563825970991207	1.6823270320892334	0.11227771184622035	1000
CTCF	GATA	++	0	0.1562337136723125	0.024962452532918757	0.01116354814974363	1.6944485187530518	0.11587737680780148	1000
CTCF	GATA	++	9	0.3048036482455997	0.03236595427104116	0.014474494781339536	1.797429370880127	0.11301983815246515	1000
CTCF	GATA	++	18	0.344222475982585	0.03200592448467023	0.014313484566089512	1.824752402305603	0.12026463551596715	1000
CTCF	GATA	++	27	0.37723069770388806	0.03716228770754962	0.016619480302697155	1.8476320028305053	0.11345248245174619	1000
CTCF	GATA	++	36	0.34351190386314767	0.036228430870590966	0.016201846828958658	1.824259877204895	0.11424467854782153	1000
CTCF	GATA	+-	0	0.3566417731580155	0.025733014315239472	0.011508153854970131	1.833360767364502	0.11044129297225212	1000
CTCF	GATA	+-	9	0.3474291699001149	0.03117684934886134	0.0139427108936648	1.826975154876709	0.11534940682010386	1000
CTCF	GATA	+-	18	0.35028589202183785	0.032602936932104414	0.014580476649264783	1.8289552450180053	0.11247960146024741	1000
CTCF	GATA	+-	27	0.36344825313902	0.03852023925506161	0.01722677469677472	1.8380786657333374	0.11985606962223841	1000
CTCF	GATA	+-	36	0.348126138191869	0.03380547701815716	0.015118268924881259	1.8274582147598266	0.11436339253165693	1000
CTCF	GATA	-+	0	0.10461081644831893	0.0258256016189486	0.011549560155959537	1.6586663007736206	0.1120156968503877	1000
CTCF	GATA	-+	9	0.3840940652462317	0.044498872085464714	0.019900500581033386	1.8523893117904664	0.12929493581520815	1000
CTCF	GATA	-+	18	0.36700063648435044	0.024694954739306753	0.011043919499674098	1.8405410528182984	0.1121053480536401	1000
CTCF	GATA	-+	27	0.37160170124158204	0.036258525549857014	0.016215305578678643	1.8437302827835083	0.11622205505536216	1000
CTCF	GATA	-+	36	0.3476334938884725	0.028756035175569163	0.01286008988318955	1.8271167516708373	0.10885187558781721	1000
CTCF	GATA	--	0	0.3728946754099011	0.0440488268205671	0.019699234219980793	1.8446264266967773	0.11780286181611085	1000
CTCF	GATA	--	9	0.3564127610601266	0.03172352588035003	0.014187192070887306	1.833202075958252	0.10919912491675758	1000
CTCF	GATA	--	18	0.3575792892839651	0.03660319563258403	0.016369446725636262	1.834010624885559	0.11868135954023916	1000
CTCF	GATA	--	27	0.3620874705110319	0.03352235020414445	0.014991650764404188	1.8371354579925536	0.1155422371522436	1000
CTCF	GATA	--	36	0.3513224959520821	0.036753414940628525	0.016436626842500354	1.8296737194061279	0.11881412726425619	1000
CTCF	Grepeats	++	0	0.401410065355727	0.0342851917433169	0.015332803871934222	1.864391803741455	0.11510465431089334	1000
CTCF	Grepeats	++	9	0.33784500672415774	0.046251067608906606	0.020684106241090766	1.820331907272339	0.11865186037000483	1000
CTCF	Grepeats	++	18	0.3468456886600989	0.0496044637626338	0.022183790592134833	1.8265706539154052	0.11291490092252833	1000
CTCF	Grepeats	++	27	0.37499783404903736	0.05062680142113289	0.02264099389220722	1.8460842370986938	0.1161177032384563	1000
CTCF	Grepeats	++	36	0.3976880813192481	0.06157816216103285	0.02753859130431496	1.861811923980713	0.12040767592590888	1000
CTCF	Grepeats	+-	0	0.33846212347111615	0.0786414246244423	0.03516951426153577	1.8207596063613891	0.12010935502490504	1000
CTCF	Grepeats	+-	9	0.34413066304442186	0.05034329216228992	0.022514204697202528	1.8246887922286987	0.10769149985916922	1000
CTCF	Grepeats	+-	18	0.3574144181157155	0.05673258722306456	0.025371584314041674	1.8338963747024537	0.11293721188218689	1000
CTCF	Grepeats	+-	27	0.37598010006074145	0.05625382561292523	0.025157475612983916	1.8467650651931762	0.11834447322919026	1000
CTCF	Grepeats	+-	36	0.3953826108887694	0.06307592468896148	0.028208411069635026	1.8602139234542847	0.11889251256839788	1000
CTCF	Grepeats	-+	0	0.48786705531217367	0.07835296105739745	0.0350405094325469	1.9243192672729492	0.12940126324828652	1000
CTCF	Grepeats	-+	9	0.3468189066617933	0.05204289806848736	0.023274291565446047	1.8265521287918092	0.12383091912775823	1000
CTCF	Grepeats	-+	18	0.3594404511350723	0.050028918040439053	0.022373612315837458	1.8353006839752197	0.11891278404967862	1000
CTCF	Grepeats	-+	27	0.39107389084060706	0.052305196620921535	0.023391595044174568	1.857227349281311	0.11472439235107203	1000
CTCF	Grepeats	-+	36	0.4035958014646749	0.0581283674297912	0.02599579619881957	1.8659068584442138	0.11488415417632905	1000
CTCF	Grepeats	--	0	0.3596062639083354	0.0586575107031985	0.026232436264654668	1.8354156732559204	0.11834866962752474	1000
CTCF	Grepeats	--	9	0.3427941342697717	0.052402254209354154	0.023435000517268077	1.823762345314026	0.11591566723774613	1000
CTCF	Grepeats	--	18	0.3536658455614133	0.04803900738693784	0.02148369721776151	1.831298017501831	0.11494147255198311	1000
CTCF	Grepeats	--	27	0.37453542429566256	0.0531562752389799	0.023772208973009586	1.8457636833190918	0.11604695883611237	1000
CTCF	Grepeats	--	36	0.40031608801315494	0.06544100038898484	0.029266105077072058	1.8636335372924804	0.12234165812306094	1000
CTCF	NFI	++	0	0.1665254306721844	0.059007118334551516	0.026388785550486273	1.7015821933746338	0.1213740343355077	1000
CTCF	NFI	++	9	0.13137164153982547	0.03453817404990366	0.01544594099886076	1.6772154092788696	0.11291722088538217	1000
CTCF	NFI	++	18	0.12729438756700148	0.03188124907165261	0.014257728026363459	1.6743893384933473	0.1106407663113375	1000
CTCF	NFI	++	27	0.1475117790671066	0.03227878628611975	0.014435512073390347	1.6884029388427735	0.11043800663770141	1000
CTCF	NFI	++	36	0.14005455113176746	0.03056923876648957	0.013670979180458499	1.683233952522278	0.11041396904530279	1000
CTCF	NFI	+-	0	0.1665254306721844	0.059007118334551516	0.026388785550486273	1.7015821933746338	0.1213740343355077	1000
CTCF	NFI	+-	9	0.13137164153982547	0.03453817404990366	0.01544594099886076	1.6772154092788696	0.11291722088538217	1000
CTCF	NFI	+-	18	0.12729438756700148	0.03188124907165261	0.014257728026363459	1.6743893384933473	0.1106407663113375	1000
CTCF	NFI	+-	27	0.1475117790671066	0.03227878628611975	0.014435512073390347	1.6884029388427735	0.11043800663770141	1000
CTCF	NFI	+-	36	0.14005455113176746	0.03056923876648957	0.013670979180458499	1.683233952522278	0.11041396904530279	1000
CTCF	NFI	-+	0	0.14243015178770171	0.03728091101434635	0.016672530258239813	1.6848806142807007	0.11212345076866974	1000
CTCF	NFI	-+	9	0.12267108437812183	0.03018929355339708	0.013501062515618409	1.6711846351623536	0.11215846974625876	1000
CTCF	NFI	-+	18	0.12566230660684363	0.027846793107573046	0.012453464468781188	1.6732580184936523	0.10896160855167583	1000
CTCF	NFI	-+	27	0.14710168428634113	0.030952603333190484	0.013842425026720099	1.6881187200546264	0.11005709777984388	1000
CTCF	NFI	-+	36	0.14066787136170814	0.030901184049656746	0.013819429624052944	1.6836591243743897	0.11120805477670583	1000
CTCF	NFI	--	0	0.14243015178770171	0.03728091101434635	0.016672530258239813	1.6848806142807007	0.11212345076866974	1000
CTCF	NFI	--	9	0.12267108437812183	0.03018929355339708	0.013501062515618409	1.6711846351623536	0.11215846974625876	1000
CTCF	NFI	--	18	0.12566230660684363	0.027846793107573046	0.012453464468781188	1.6732580184936523	0.10896160855167583	1000
CTCF	NFI	--	27	0.14710168428634113	0.030952603333190484	0.013842425026720099	1.6881187200546264	0.11005709777984388	1000
CTCF	NFI	--	36	0.14066787136170814	0.030901184049656746	0.013819429624052944	1.6836591243743897	0.11120805477670583	1000
CTCF	NFY	++	0	0.09030858764285672	0.032926158305925365	0.014725025641993687	1.6487527370452881	0.10682160704884015	1000
CTCF	NFY	++	9	0.09242589292991796	0.03408949486426787	0.015245285567026584	1.6502203464508056	0.11464667562712536	1000
CTCF	NFY	++	18	0.08912116675161308	0.02550077956273788	0.011404295316303851	1.6479296207427978	0.11156515717311667	1000
CTCF	NFY	++	27	0.10198857762256548	0.028700895862837115	0.012835430832889252	1.6568485975265503	0.11197299227800608	1000
CTCF	NFY	++	36	0.10659203616331872	0.027039233862931358	0.012092312995405748	1.660039472579956	0.11016854505289127	1000
CTCF	NFY	+-	0	0.06052758489357252	0.022922431222951598	0.010251222884816683	1.6281100988388062	0.10375757269577723	1000
CTCF	NFY	+-	9	0.08774660938818243	0.025805369918117094	0.0115405122642876	1.6469768762588501	0.10952177629582426	1000
CTCF	NFY	+-	18	0.09287717648067352	0.026467551149534266	0.011836648713662263	1.650533103942871	0.11230631748424047	1000
CTCF	NFY	+-	27	0.10266142749731917	0.02975999457143652	0.013309074174351355	1.6573150396347045	0.11212282837960386	1000
CTCF	NFY	+-	36	0.10710021264987128	0.02807379440222369	0.012554982533945049	1.6603917598724365	0.1101096558850325	1000
CTCF	NFY	-+	0	0.11745197201783404	0.03384792891431608	0.015137253989998281	1.6675670385360717	0.1104427119546033	1000
CTCF	NFY	-+	9	0.08782833231919772	0.026848439770588747	0.01200698728336906	1.6470335483551026	0.11062963161174394	1000
CTCF	NFY	-+	18	0.08984280380485025	0.026322708021758064	0.011771872897706008	1.6484298706054688	0.10986923041113014	1000
CTCF	NFY	-+	27	0.10077725544241815	0.026398027681374534	0.011805556873494922	1.6560090065002442	0.11124537443655637	1000
CTCF	NFY	-+	36	0.11160834335703437	0.028279263504616993	0.012646871109990507	1.663516592979431	0.1111867921248459	1000
CTCF	NFY	--	0	0.08158758496864019	0.02426445732755199	0.010851395204309826	1.6427077531814576	0.11106830090297831	1000
CTCF	NFY	--	9	0.09366285557352576	0.025132442424740265	0.011239569940463774	1.651077675819397	0.1101383819414101	1000
CTCF	NFY	--	18	0.09629410521529289	0.026925167092375225	0.012041300784818272	1.652901554107666	0.11065924741006952	1000
CTCF	NFY	--	27	0.10408035745956394	0.027286596619987693	0.012202936983381695	1.6582985639572143	0.11062858032065868	1000
CTCF	NFY	--	36	0.11239783186560326	0.029140018580900054	0.013031812482499894	1.664063811302185	0.11143875122947038	1000
CTCF	NRF1	++	0	0.26614365955901637	0.0548757138539394	0.02454116529824709	1.7706322431564332	0.10747817260962841	1000
CTCF	NRF1	++	9	0.1471096599817749	0.03585631415047975	0.016035431172612066	1.6881242036819457	0.11190840136506977	1000
CTCF	NRF1	++	18	0.1668866178866108	0.03886343864480264	0.0173802581298342	1.7018325567245483	0.11467591941948489	1000
CTCF	NRF1	++	27	0.18646261191413033	0.04021684120162392	0.01798551815342908	1.7154016017913818	0.11381631731925697	1000
CTCF	NRF1	++	36	0.17912638022302255	0.04043754177803973	0.018084218451736907	1.7103165149688722	0.11310781602728898	1000
CTCF	NRF1	+-	0	0.26614365955901637	0.0548757138539394	0.02454116529824709	1.7706322431564332	0.10747817260962841	1000
CTCF	NRF1	+-	9	0.1471096599817749	0.03585631415047975	0.016035431172612066	1.6881242036819457	0.11190840136506977	1000
CTCF	NRF1	+-	18	0.1668866178866108	0.03886343864480264	0.0173802581298342	1.7018325567245483	0.11467591941948489	1000
CTCF	NRF1	+-	27	0.18646261191413033	0.04021684120162392	0.01798551815342908	1.7154016017913818	0.11381631731925697	1000
CTCF	NRF1	+-	36	0.17912638022302255	0.04043754177803973	0.018084218451736907	1.7103165149688722	0.11310781602728898	1000
CTCF	NRF1	-+	0	0.17374103803154323	0.042831909572001454	0.019155012281823834	1.7065836668014527	0.1164181946976788	1000
CTCF	NRF1	-+	9	0.1637681381702746	0.041828068982172464	0.01870608112233761	1.6996709108352661	0.11590790233962919	1000
CTCF	NRF1	-+	18	0.17170223745014307	0.03848979965641105	0.01721316169441663	1.705170488357544	0.11434279894690351	1000
CTCF	NRF1	-+	27	0.18330489650578294	0.038745455667788434	0.017327494538475888	1.713212823867798	0.11322749701458772	1000
CTCF	NRF1	-+	36	0.18316600116716303	0.04140029266608726	0.018514773737951424	1.7131165742874146	0.11471558047885781	1000
CTCF	NRF1	--	0	0.17374103803154323	0.042831909572001454	0.019155012281823834	1.7065836668014527	0.1164181946976788	1000
CTCF	NRF1	--	9	0.1637681381702746	0.041828068982172464	0.01870608112233761	1.6996709108352661	0.11590790233962919	1000
CTCF	NRF1	--	18	0.17170223745014307	0.03848979965641105	0.01721316169441663	1.705170488357544	0.11434279894690351	1000
CTCF	NRF1	--	27	0.18330489650578294	0.038745455667788434	0.017327494538475888	1.713212823867798	0.11322749701458772	1000
CTCF	NRF1	--	36	0.18316600116716303	0.04140029266608726	0.018514773737951424	1.7131165742874146	0.11471558047885781	1000
CTCF	REST	++	0	0.09893099051355046	0.04399278608759545	0.01967417204229409	1.6547292709350585	0.117327061977526	1000
CTCF	REST	++	9	0.09024498845856763	0.022221811966770064	0.009937896428183232	1.6487086057662963	0.10917850713199112	1000
CTCF	REST	++	18	0.1118425708288107	0.02477579129708425	0.011080070707325614	1.6636789321899415	0.10977029100407713	1000
CTCF	REST	++	27	0.11695112091731666	0.025222641247093048	0.011279908080118025	1.6672199249267579	0.10900839341735588	1000
CTCF	REST	++	36	0.1193809638264415	0.024780397102690584	0.011082130486210996	1.6689042091369628	0.10932463543291526	1000
CTCF	REST	+-	0	0.09789389750764285	0.040874163743648814	0.018279481730851206	1.6540104389190673	0.11180286921072789	1000
CTCF	REST	+-	9	0.0961652611877243	0.02330429738800885	0.010421998625491716	1.6528122663497924	0.11042525473118721	1000
CTCF	REST	+-	18	0.11040051457448272	0.024562738133024023	0.010984790435793597	1.662679409980774	0.11088617831343854	1000
CTCF	REST	+-	27	0.11554349343990826	0.022756520065267738	0.010177025159455321	1.6662441730499267	0.10741064231499134	1000
CTCF	REST	+-	36	0.12234320482870971	0.026630878208039315	0.011909690794738739	1.6709574699401855	0.11017982127550974	1000
CTCF	REST	-+	0	0.10163653128603245	0.023969134368089513	0.010719322761774923	1.6566045999526977	0.1066372190162349	1000
CTCF	REST	-+	9	0.0939610390935917	0.0221481397915283	0.009904949229805058	1.651284408569336	0.10877541738436217	1000
CTCF	REST	-+	18	0.11198890226729734	0.025034690934174538	0.011195854144902396	1.6637803554534911	0.1103391449128317	1000
CTCF	REST	-+	27	0.1239270844262886	0.026987936692294785	0.012069372203286391	1.6720552444458008	0.11110514441309287	1000
CTCF	REST	-+	36	0.12243937860196377	0.024925659536591697	0.011147093821566988	1.6710240602493287	0.11066043295904614	1000
CTCF	REST	--	0	0.1081288183119588	0.02538617076219455	0.011353040702536931	1.6611047744750977	0.10847606372778838	1000
CTCF	REST	--	9	0.09980080029453006	0.022872452225693653	0.010228871597753474	1.6553322315216064	0.10783917978554745	1000
CTCF	REST	--	18	0.10923693370332335	0.023250728259157662	0.010398041782770375	1.6618728160858154	0.10935143969774058	1000
CTCF	REST	--	27	0.12355740341869273	0.02392900557335856	0.010701376619200212	1.671799087524414	0.10816778846058782	1000
CTCF	REST	--	36	0.1240033436834643	0.024405869185085232	0.010914636509563595	1.6721081256866455	0.11018878755034466	1000
CTCF	RFX_1	++	0	0.1365861232672388	0.035012489311231035	0.015658061232279478	1.6808298587799073	0.1153621861870992	1000
CTCF	RFX_1	++	9	0.09184867078350181	0.021967729376250796	0.009824267239323167	1.6498202085494995	0.10720895095002733	1000
CTCF	RFX_1	++	18	0.101314528168822	0.027185993471590734	0.012157945887668475	1.6563814401626586	0.11148087498581187	1000
CTCF	RFX_1	++	27	0.10951466096196075	0.025681497208858428	0.011485114704595711	1.662065362930298	0.10850973772952284	1000
CTCF	RFX_1	++	36	0.11145952139478495	0.029304926714214818	0.013105561641726776	1.6634134531021119	0.11190229365335745	1000
CTCF	RFX_1	+-	0	0.1365861232672388	0.035012489311231035	0.015658061232279478	1.6808298587799073	0.1153621861870992	1000
CTCF	RFX_1	+-	9	0.09184867078350181	0.021967729376250796	0.009824267239323167	1.6498202085494995	0.10720895095002733	1000
CTCF	RFX_1	+-	18	0.101314528168822	0.027185993471590734	0.012157945887668475	1.6563814401626586	0.11148087498581187	1000
CTCF	RFX_1	+-	27	0.10951466096196075	0.025681497208858428	0.011485114704595711	1.662065362930298	0.10850973772952284	1000
CTCF	RFX_1	+-	36	0.11145952139478495	0.029304926714214818	0.013105561641726776	1.6634134531021119	0.11190229365335745	1000
CTCF	RFX_1	-+	0	0.06797615887689859	0.020958743351317706	0.009373034971303628	1.6332730293273925	0.1086845461867411	1000
CTCF	RFX_1	-+	9	0.09529647792819203	0.026466725170206408	0.011836279324477244	1.652209997177124	0.11155390610885278	1000
CTCF	RFX_1	-+	18	0.10319360201301656	0.024347388067428657	0.010888482958667543	1.6576839447021485	0.109461071374571	1000
CTCF	RFX_1	-+	27	0.11246478471158414	0.0259330904871177	0.011597630639169661	1.6641101837158203	0.11000540253110222	1000
CTCF	RFX_1	-+	36	0.1112446086495921	0.02566136853641092	0.01147611288861782	1.6632644653320312	0.11012541323046215	1000
CTCF	RFX_1	--	0	0.06797615887689859	0.020958743351317706	0.009373034971303628	1.6332730293273925	0.1086845461867411	1000
CTCF	RFX_1	--	9	0.09529647792819203	0.026466725170206408	0.011836279324477244	1.652209997177124	0.11155390610885278	1000
CTCF	RFX_1	--	18	0.10319360201301656	0.024347388067428657	0.010888482958667543	1.6576839447021485	0.109461071374571	1000
CTCF	RFX_1	--	27	0.11246478471158414	0.0259330904871177	0.011597630639169661	1.6641101837158203	0.11000540253110222	1000
CTCF	RFX_1	--	36	0.1112446086495921	0.02566136853641092	0.01147611288861782	1.6632644653320312	0.11012541323046215	1000
CTCF	STAT	++	0	0.2582486949313518	0.07719804686172727	0.034524016102607295	1.7651599168777465	0.0971502342998385	1000
CTCF	STAT	++	9	0.41313799657425526	0.08751275041914051	0.039136891767034276	1.8725210189819337	0.08853575720685462	1000
CTCF	STAT	++	18	0.3712955291273835	0.07784998654929308	0.03481557239433272	1.843518042564392	0.10202230176852316	1000
CTCF	STAT	++	27	0.3911597703773154	0.06921423946060742	0.030953548888973312	1.8572868824005127	0.09543745775841948	1000
CTCF	STAT	++	36	0.3919111367815374	0.07983420487852504	0.035702941807605464	1.8578076839447022	0.0997384996312656	1000
CTCF	STAT	+-	0	0.2582486949313518	0.07719804686172727	0.034524016102607295	1.7651599168777465	0.0971502342998385	1000
CTCF	STAT	+-	9	0.41313799657425526	0.08751275041914051	0.039136891767034276	1.8725210189819337	0.08853575720685462	1000
CTCF	STAT	+-	18	0.3712955291273835	0.07784998654929308	0.03481557239433272	1.843518042564392	0.10202230176852316	1000
CTCF	STAT	+-	27	0.3911597703773154	0.06921423946060742	0.030953548888973312	1.8572868824005127	0.09543745775841948	1000
CTCF	STAT	+-	36	0.3919111367815374	0.07983420487852504	0.035702941807605464	1.8578076839447022	0.0997384996312656	1000
CTCF	STAT	-+	0	0.37479971863437594	0.06000581367733509	0.026835415685541576	1.8459468841552735	0.10723551556667683	1000
CTCF	STAT	-+	9	0.3734423885581039	0.07736437357068472	0.03459839966814783	1.8450061321258544	0.08963940702365772	1000
CTCF	STAT	-+	18	0.3826007656861875	0.07132805292153686	0.031898875007051776	1.851354193687439	0.08545434483919309	1000
CTCF	STAT	-+	27	0.3846895723731092	0.07737785880773175	0.0346044304494938	1.852802038192749	0.09385055451391733	1000
CTCF	STAT	-+	36	0.3871729072611102	0.07146535654505529	0.031960279054200624	1.8545233488082886	0.09876248661600305	1000
CTCF	STAT	--	0	0.37479971863437594	0.06000581367733509	0.026835415685541576	1.8459468841552735	0.10723551556667683	1000
CTCF	STAT	--	9	0.3734423885581039	0.07736437357068472	0.03459839966814783	1.8450061321258544	0.08963940702365772	1000
CTCF	STAT	--	18	0.3826007656861875	0.07132805292153686	0.031898875007051776	1.851354193687439	0.08545434483919309	1000
CTCF	STAT	--	27	0.3846895723731092	0.07737785880773175	0.0346044304494938	1.852802038192749	0.09385055451391733	1000
CTCF	STAT	--	36	0.3871729072611102	0.07146535654505529	0.031960279054200624	1.8545233488082886	0.09876248661600305	1000
CTCF	TATAbox	++	0	0.03950764360873414	0.020932996932566762	0.009361520822802772	1.6135402202606202	0.10763948565230733	1000
CTCF	TATAbox	++	9	0.10229381995555778	0.04001462419867593	0.017895083960469484	1.6570602178573608	0.11741638434138892	1000
CTCF	TATAbox	++	18	0.09663950442237006	0.033657379417604764	0.015052037664453306	1.6531409978866578	0.11367299237946227	1000
CTCF	TATAbox	++	27	0.0979031587733918	0.033630300926119266	0.015039927794915363	1.6540168523788452	0.1140788268698997	1000
CTCF	TATAbox	++	36	0.09541612625839728	0.03069576722823995	0.013727564428770966	1.6522929668426514	0.11162925391733865	1000
CTCF	TATAbox	+-	0	0.06715174391661423	0.02822488089180333	0.012622550466181427	1.6327016353607178	0.1089860845846882	1000
CTCF	TATAbox	+-	9	0.09990344813969751	0.03685224642115431	0.016480825624254875	1.6554033994674682	0.11779862369386256	1000
CTCF	TATAbox	+-	18	0.09234551146357937	0.03321439552007169	0.014853929242888954	1.650164580345154	0.1139109462598439	1000
CTCF	TATAbox	+-	27	0.09946241368004184	0.03312835272650111	0.014815449735809396	1.6550976991653443	0.11314692708017862	1000
CTCF	TATAbox	+-	36	0.09808468001202808	0.03114404179848833	0.013928038911102942	1.6541426658630372	0.1121313858624874	1000
CTCF	TATAbox	-+	0	0.07818315829784699	0.03535394823489862	0.0158107663052484	1.6403480291366577	0.11040049431274976	1000
CTCF	TATAbox	-+	9	0.09559856867910724	0.03564557556355545	0.015941186011443072	1.652419376373291	0.11080804151854975	1000
CTCF	TATAbox	-+	18	0.097203978354791	0.035004753440784325	0.015654601645842682	1.6535321950912476	0.11439468302165598	1000
CTCF	TATAbox	-+	27	0.09584337845836947	0.03393369875284153	0.0151756114278707	1.6525890827178955	0.11304978303940713	1000
CTCF	TATAbox	-+	36	0.09423736146894986	0.02996133371823928	0.013399115778107911	1.6514759063720703	0.11121031155644101	1000
CTCF	TATAbox	--	0	0.10361389321519505	0.03519910628420803	0.015741518879745838	1.657975172996521	0.1123546817652945	1000
CTCF	TATAbox	--	9	0.0924693314479596	0.03775026847572641	0.016882433296118327	1.6502504348754883	0.11385424131742386	1000
CTCF	TATAbox	--	18	0.09517671350969742	0.032943091908802645	0.014732598579421203	1.6521270036697389	0.11305532323790896	1000
CTCF	TATAbox	--	27	0.09681186328528162	0.03499081959337342	0.0156483702398429	1.6532604217529296	0.1140995858616372	1000
CTCF	TATAbox	--	36	0.09679781230270615	0.030309791366512785	0.013554950775871766	1.6532506942749023	0.11129895976531665	1000
E2F	E2F	++	0	0.00680825212450112	0.009621971895137164	0.004303076647023835	1.590874719619751	0.1041034212169408	1000
E2F	E2F	++	9	0.006336038503472879	0.0039043664549505267	0.0017460857604678496	1.590547299385071	0.10711158376352914	1000
E2F	E2F	++	18	0.0065995607509321	0.004812957792955705	0.002152420159577263	1.5907300472259522	0.1077830606806561	1000
E2F	E2F	++	27	0.01135219964629676	0.003093853488461605	0.001383613342525002	1.5940243005752563	0.10709045496140743	1000
E2F	E2F	++	36	0.0231168857070976	0.0040845537692537565	0.001826667977160878	1.602178978919983	0.10768323560042785	1000
E2F	E2F	+-	0	-0.00596960111554456	0.004714844609151298	0.002108542609882146	1.582017755508423	0.10425470991542582	1000
E2F	E2F	+-	9	0.00489796824099428	0.004177824518930003	0.0018683799244785687	1.5895505905151368	0.10766727889100947	1000
E2F	E2F	+-	18	0.00939868469042326	0.0049969608035748386	0.0022347088075390627	1.5926702260971068	0.10811344437162806	1000
E2F	E2F	+-	27	0.013379423108064958	0.002955652725806252	0.0013218080825570652	1.595429491996765	0.10688409277479229	1000
E2F	E2F	+-	36	0.02188299107274744	0.0029866419871118323	0.0013356669015274214	1.601323676109314	0.10611406698618416	1000
E2F	E2F	-+	0	0.015387226436695382	0.014874562981877691	0.006652106792616097	1.596821117401123	0.1067475806738937	1000
E2F	E2F	-+	9	0.011057540023874721	0.004478204621486739	0.002002713990159613	1.59382004737854	0.10720638601675218	1000
E2F	E2F	-+	18	0.009536093151691561	0.004671080710676928	0.0020889707994923277	1.592765474319458	0.10790763866658397	1000
E2F	E2F	-+	27	0.012778272263010199	0.005255804813306138	0.002350467367804623	1.5950128078460692	0.10858716239755878	1000
E2F	E2F	-+	36	0.01948051624655566	0.0032364587740815677	0.001447388365044404	1.5996584177017212	0.10677800477079548	1000
E2F	E2F	--	0	0.00858971367141528	0.009209797542291972	0.004118746672715069	1.5921095132827758	0.10517343555446734	1000
E2F	E2F	--	9	0.00634658016662136	0.004664514040111125	0.0020860340951381314	1.5905547142028809	0.10634925633355956	1000
E2F	E2F	--	18	0.008996511894103481	0.00437514483928299	0.001956624254408832	1.5923914909362793	0.10714731915586818	1000
E2F	E2F	--	27	0.01250432150153514	0.003700765996950035	0.0016550328676000114	1.594822931289673	0.1073549780197723	1000
E2F	E2F	--	36	0.02722536984825804	0.004377520448432611	0.001957686659118136	1.6050267457962035	0.10797724285432231	1000
E2F	ETS	++	0	0.10805854405103314	0.017076114263246237	0.007636670456834464	1.6610560417175293	0.10760862098174499	1000
E2F	ETS	++	9	0.05418582890748852	0.005885690531315345	0.002632160824509593	1.6237143278121948	0.10136985973582528	1000
E2F	ETS	++	18	0.056240607752045445	0.006389334943081231	0.0028573974527488764	1.6251385927200317	0.10145892198067673	1000
E2F	ETS	++	27	0.05909247673833938	0.005556512507899926	0.002484947937098414	1.6271153688430786	0.10306877867264098	1000
E2F	ETS	++	36	0.0654058684857298	0.008110465671947164	0.0036271105143304734	1.631491494178772	0.10277470210070991	1000
E2F	ETS	+-	0	0.09082317800739488	0.018779516242490437	0.008398454980554007	1.649109411239624	0.10107597876202525	1000
E2F	ETS	+-	9	0.04849556362581266	0.0043918718868351855	0.0019641048174867475	1.6197701215744018	0.10341183715481694	1000
E2F	ETS	+-	18	0.052822142997375546	0.005945908153536631	0.0026590909638556327	1.622769045829773	0.10202959007254152	1000
E2F	ETS	+-	27	0.05730483532069296	0.006835590703717415	0.0030569690959755527	1.625876212120056	0.10311034103982653	1000
E2F	ETS	+-	36	0.06652223044520322	0.007501689517441238	0.0033548575414192403	1.6322652339935302	0.10454757323722345	1000
E2F	ETS	-+	0	0.08706711560864758	0.025191029323098104	0.011265770797927574	1.6465059280395509	0.11806139846298196	1000
E2F	ETS	-+	9	0.05328469786111206	0.007036300308077094	0.003146729159792619	1.6230896949768066	0.10062925803189102	1000
E2F	ETS	-+	18	0.059432563831288046	0.007128904409936993	0.003188142973143429	1.6273510456085205	0.10296676078050629	1000
E2F	ETS	-+	27	0.05683084038599934	0.005764766114677653	0.002578081781361316	1.62554771900177	0.101802673019075	1000
E2F	ETS	-+	36	0.06673713781593824	0.007453876341060448	0.0033334748388977133	1.632414197921753	0.10400031966080348	1000
E2F	ETS	--	0	0.08759806904752379	0.014580541127060037	0.006520616221767528	1.646873903274536	0.11234543151186997	1000
E2F	ETS	--	9	0.05209178104928176	0.006486022134592175	0.0029006372793032786	1.6222628116607667	0.10483791642034618	1000
E2F	ETS	--	18	0.052518420023614475	0.006954714297437776	0.0031102427866321115	1.6225584983825683	0.10137476197075967	1000
E2F	ETS	--	27	0.05976556201434646	0.007991379407656193	0.0035738535179022503	1.6275819301605225	0.10551429200830174	1000
E2F	ETS	--	36	0.062375741631599715	0.007222801208092538	0.0032301348978525037	1.6293910980224608	0.1034985743979142	1000
E2F	Ebox_CACGTG	++	0	0.0012969250655886807	0.003871669903675837	0.0017314634182118468	1.5870544910430908	0.10648399502326134	1000
E2F	Ebox_CACGTG	++	9	-0.00312911766625586	0.003494114850179399	0.0015626156652385258	1.5839866399765015	0.10745007756980812	1000
E2F	Ebox_CACGTG	++	18	0.006793618500310281	0.003171651319978011	0.0014184055904795537	1.5908645391464233	0.10701975213299089	1000
E2F	Ebox_CACGTG	++	27	0.00724138278889184	0.00369287330575219	0.0016515031487912522	1.5911749601364136	0.10715041103718147	1000
E2F	Ebox_CACGTG	++	36	0.0078984700842	0.005413089556310711	0.002420807243240985	1.5916303396224976	0.10755601770441382	1000
E2F	Ebox_CACGTG	+-	0	0.0012969250655886807	0.003871669903675837	0.0017314634182118468	1.5870544910430908	0.10648399502326134	1000
E2F	Ebox_CACGTG	+-	9	-0.00312911766625586	0.003494114850179399	0.0015626156652385258	1.5839866399765015	0.10745007756980812	1000
E2F	Ebox_CACGTG	+-	18	0.006793618500310281	0.003171651319978011	0.0014184055904795537	1.5908645391464233	0.10701975213299089	1000
E2F	Ebox_CACGTG	+-	27	0.00724138278889184	0.00369287330575219	0.0016515031487912522	1.5911749601364136	0.10715041103718147	1000
E2F	Ebox_CACGTG	+-	36	0.0078984700842	0.005413089556310711	0.002420807243240985	1.5916303396224976	0.10755601770441382	1000
E2F	Ebox_CACGTG	-+	0	0.00645229639054046	0.006825048314168718	0.003052254396040319	1.590627908706665	0.10738838774382606	1000
E2F	Ebox_CACGTG	-+	9	-0.0033426282237960193	0.003524802237224275	0.0015763394819353635	1.5838386058807372	0.10677280948484905	1000
E2F	Ebox_CACGTG	-+	18	0.00659501548796138	0.0035468754711870543	0.00158621093226017	1.5907268524169922	0.1067772983540531	1000
E2F	Ebox_CACGTG	-+	27	0.00747240674789224	0.004233552499764947	0.0018933022351577168	1.5913350582122803	0.10718638343943336	1000
E2F	Ebox_CACGTG	-+	36	0.00829492927759546	0.005298316973466512	0.002369479383802414	1.591905164718628	0.10769449403587572	1000
E2F	Ebox_CACGTG	--	0	0.00645229639054046	0.006825048314168718	0.003052254396040319	1.590627908706665	0.10738838774382606	1000
E2F	Ebox_CACGTG	--	9	-0.0033426282237960193	0.003524802237224275	0.0015763394819353635	1.5838386058807372	0.10677280948484905	1000
E2F	Ebox_CACGTG	--	18	0.00659501548796138	0.0035468754711870543	0.00158621093226017	1.5907268524169922	0.1067772983540531	1000
E2F	Ebox_CACGTG	--	27	0.00747240674789224	0.004233552499764947	0.0018933022351577168	1.5913350582122803	0.10718638343943336	1000
E2F	Ebox_CACGTG	--	36	0.00829492927759546	0.005298316973466512	0.002369479383802414	1.591905164718628	0.10769449403587572	1000
E2F	GATA	++	0	0.2087626155010514	0.0453601399539537	0.02028567128118893	1.7308587789535523	0.12270266198486308	1000
E2F	GATA	++	9	0.11596533248594458	0.01407675845189321	0.006295317760255584	1.666536569595337	0.11197446077959447	1000
E2F	GATA	++	18	0.18589917955163865	0.01778388894431259	0.007953196916757985	1.7150110483169556	0.11234478398985846	1000
E2F	GATA	++	27	0.1929088247878905	0.00568624215660468	0.002542964799738614	1.7198697328567505	0.10813629532338766	1000
E2F	GATA	++	36	0.17749810222923185	0.0095959359472349	0.004291433017150214	1.7091878652572632	0.10972611276102388	1000
E2F	GATA	+-	0	0.06972828641458761	0.02605064970884229	0.011650204721401292	1.634487509727478	0.11450619108927226	1000
E2F	GATA	+-	9	0.18798515712395364	0.016558601604668585	0.007405231760075211	1.716456937789917	0.11640989208208806	1000
E2F	GATA	+-	18	0.19472429944779596	0.011703537875763823	0.005233981253490279	1.7211281538009644	0.10705246808834706	1000
E2F	GATA	+-	27	0.191148698444599	0.008267682250095129	0.003697419905516225	1.7186497449874878	0.10749913794658943	1000
E2F	GATA	+-	36	0.18917630681404635	0.010224159963456816	0.004572383338224241	1.7172825813293457	0.10916362690642432	1000
E2F	GATA	-+	0	0.42985975792892317	0.09347973907788303	0.04180541021941799	1.8841116189956666	0.10932315767460127	1000
E2F	GATA	-+	9	0.12038686240415727	0.022330595955081536	0.009986546106728831	1.6696013689041138	0.10758520174670244	1000
E2F	GATA	-+	18	0.17911283013991766	0.012977328249339231	0.005803637626370172	1.7103070974349976	0.11261852509425066	1000
E2F	GATA	-+	27	0.19240225848890669	0.00870370394012067	0.0038924147332285155	1.7195186138153076	0.10632121025514364	1000
E2F	GATA	-+	36	0.173945998355709	0.007001004873372392	0.003130944561533595	1.7067257642745972	0.1079123006017732	1000
E2F	GATA	--	0	0.0747697358595221	0.011416229647496702	0.0051054931077102175	1.6379819869995118	0.10936220391798873	1000
E2F	GATA	--	9	0.18752434680923186	0.017332507892406056	0.00775133317359431	1.7161375284194946	0.11554541312348582	1000
E2F	GATA	--	18	0.18906883700530536	0.013078827648298666	0.005849029537519906	1.7172081232070924	0.1038594344385389	1000
E2F	GATA	--	27	0.19215673175696865	0.012739078494871955	0.005697089097047879	1.7193484783172608	0.10959024693932157	1000
E2F	GATA	--	36	0.18857836183309282	0.007954919753674355	0.0035575482649543477	1.7168681621551514	0.10790399586512014	1000
E2F	Grepeats	++	0	0.3150910570800674	0.03282412129295204	0.01467939330254781	1.8045599937438965	0.11313668118704587	1000
E2F	Grepeats	++	9	0.2591066540327954	0.02614968794562192	0.011694495967363487	1.7657545328140258	0.10925236056866465	1000
E2F	Grepeats	++	18	0.26408547438308083	0.02641637307560696	0.01181376118321047	1.769205665588379	0.11067813884924071	1000
E2F	Grepeats	++	27	0.26782035281880806	0.025628721745328566	0.011461512799796346	1.7717945098876953	0.10889644371792488	1000
E2F	Grepeats	++	36	0.2722348636950825	0.030082802467687745	0.013453438254289643	1.7748544216156006	0.10981222908043302	1000
E2F	Grepeats	+-	0	0.2809543797942606	0.034850016774028894	0.015585401304747306	1.7808982849121093	0.11690111110297914	1000
E2F	Grepeats	+-	9	0.2623826655577556	0.034325090419925354	0.015350647102555978	1.7680253744125367	0.11843280602844197	1000
E2F	Grepeats	+-	18	0.2592357485100993	0.02872232699498712	0.012845015126553692	1.7658441305160522	0.10881199623132981	1000
E2F	Grepeats	+-	27	0.2642850387515757	0.03024338342801529	0.01352525224292656	1.769343948364258	0.1121501420896384	1000
E2F	Grepeats	+-	36	0.2693635660436989	0.03419917983127944	0.015294338175496122	1.7728641748428344	0.11249780364228304	1000
E2F	Grepeats	-+	0	0.2509630132408988	0.02087404686042888	0.009335157549087009	1.7601098775863648	0.10948247788739747	1000
E2F	Grepeats	-+	9	0.2571732551687596	0.027161044500775878	0.01214678836872634	1.7644144773483277	0.11183785434033319	1000
E2F	Grepeats	-+	18	0.2585860324516698	0.021755846360925927	0.009729510274214358	1.7653937578201293	0.10542861026400066	1000
E2F	Grepeats	-+	27	0.2597858178206189	0.02613949455970099	0.011689937346595469	1.7662253379821777	0.1095772812614554	1000
E2F	Grepeats	-+	36	0.27087424875017896	0.027020260829896024	0.012083827997084478	1.7739112854003907	0.10865185715665718	1000
E2F	Grepeats	--	0	0.2460469751573109	0.03903314132763328	0.017456151476788882	1.7567022800445558	0.12124148366791884	1000
E2F	Grepeats	--	9	0.26250840207380144	0.032243716208502006	0.014419828257884452	1.768112564086914	0.11391147842555102	1000
E2F	Grepeats	--	18	0.25985839019971674	0.027027985850051228	0.012087282731123396	1.766275668144226	0.10922411696041358	1000
E2F	Grepeats	--	27	0.2658758567742253	0.03518331962921274	0.015734458873004478	1.7704465866088868	0.11508174672848931	1000
E2F	Grepeats	--	36	0.2727868549117255	0.03477994454616771	0.015554064051780813	1.775236964225769	0.11236708380121099	1000
E2F	NFI	++	0	0.02828335337178764	0.007512510593592272	0.003359696873791923	1.6057600736618043	0.10428700110935249	1000
E2F	NFI	++	9	0.00642053962610684	0.002505902637805001	0.0011206737286256032	1.5906059980392455	0.10547026232596365	1000
E2F	NFI	++	18	0.00901106686646288	0.003918371312382584	0.001752348923114504	1.5924015283584594	0.10724116380037094	1000
E2F	NFI	++	27	0.0139536995141393	0.003065766274103754	0.0013710523584044493	1.5958275079727173	0.1053648430375698	1000
E2F	NFI	++	36	0.014583051751815101	0.0032978432341210966	0.0014748403301265052	1.5962637901306151	0.10591451313517766	1000
E2F	NFI	+-	0	0.02828335337178764	0.007512510593592272	0.003359696873791923	1.6057600736618043	0.10428700110935249	1000
E2F	NFI	+-	9	0.00642053962610684	0.002505902637805001	0.0011206737286256032	1.5906059980392455	0.10547026232596365	1000
E2F	NFI	+-	18	0.00901106686646288	0.003918371312382584	0.001752348923114504	1.5924015283584594	0.10724116380037094	1000
E2F	NFI	+-	27	0.0139536995141393	0.003065766274103754	0.0013710523584044493	1.5958275079727173	0.1053648430375698	1000
E2F	NFI	+-	36	0.014583051751815101	0.0032978432341210966	0.0014748403301265052	1.5962637901306151	0.10591451313517766	1000
E2F	NFI	-+	0	0.0331874464541045	0.00964679516849797	0.0043141779523555995	1.6091593027114868	0.108537323645032	1000
E2F	NFI	-+	9	0.00702462388384076	0.0038707515268289238	0.0017310527076001149	1.591024684906006	0.10620068952828114	1000
E2F	NFI	-+	18	0.008845539879995399	0.001669998988832657	0.0007468462522771467	1.5922867774963378	0.10552424483041473	1000
E2F	NFI	-+	27	0.015565368820868699	0.003354106452148157	0.0015000020061547849	1.5969446420669555	0.10507946012423992	1000
E2F	NFI	-+	36	0.01549371735512164	0.002985418740752045	0.0013351198491246788	1.5968950271606446	0.10609982911922715	1000
E2F	NFI	--	0	0.0331874464541045	0.00964679516849797	0.0043141779523555995	1.6091593027114868	0.108537323645032	1000
E2F	NFI	--	9	0.00702462388384076	0.0038707515268289238	0.0017310527076001149	1.591024684906006	0.10620068952828114	1000
E2F	NFI	--	18	0.008845539879995399	0.001669998988832657	0.0007468462522771467	1.5922867774963378	0.10552424483041473	1000
E2F	NFI	--	27	0.015565368820868699	0.003354106452148157	0.0015000020061547849	1.5969446420669555	0.10507946012423992	1000
E2F	NFI	--	36	0.01549371735512164	0.002985418740752045	0.0013351198491246788	1.5968950271606446	0.10609982911922715	1000
E2F	NFY	++	0	-0.0029454323853753397	0.007028271979381281	0.0031431387820507087	1.5841139316558839	0.10668158649269312	1000
E2F	NFY	++	9	-0.014910588679539922	0.0038968993882788376	0.0017427463867337655	1.5758203506469726	0.10654590640632186	1000
E2F	NFY	++	18	-0.017105341247682298	0.0014083928891295923	0.0006298524478242185	1.5742990493774414	0.10599349059746555	1000
E2F	NFY	++	27	-0.00852356430688138	0.0019438037507721751	0.0008692954643291285	1.5802474975585938	0.10611970123598874	1000
E2F	NFY	++	36	-0.00810877560900034	0.0019294687655696478	0.0008628846640552675	1.5805349826812745	0.10545196350791847	1000
E2F	NFY	+-	0	-0.01160709274822484	0.006385101709619209	0.0028555042931917344	1.578110146522522	0.10597502266845603	1000
E2F	NFY	+-	9	-0.0154808033391021	0.002195489913585804	0.0009818529381385992	1.575425100326538	0.10602130110914636	1000
E2F	NFY	+-	18	-0.01261385537080944	0.00216559971055302	0.0009684856329700842	1.5774122714996337	0.1058268637025504	1000
E2F	NFY	+-	27	-0.00958474617027128	0.001964821658625021	0.0008786949584698866	1.5795118808746338	0.10571701472788687	1000
E2F	NFY	+-	36	-0.009456096966799341	0.0019992956298515896	0.0008941121870932823	1.5796010494232178	0.10630035798450306	1000
E2F	NFY	-+	0	0.0007010256043385201	0.007263150496621822	0.00324817964825155	1.5866414785385132	0.10856380296357164	1000
E2F	NFY	-+	9	-0.013937548193440119	0.0035852728629700167	0.001603382767897249	1.576494812965393	0.10696652690502673	1000
E2F	NFY	-+	18	-0.01713135899808312	0.002108931737451485	0.0009431429449696518	1.5742810249328614	0.10605291032571988	1000
E2F	NFY	-+	27	-0.00810283300378652	0.0019863327834322006	0.0008883150259381536	1.5805391550064087	0.10612549686633971	1000
E2F	NFY	-+	36	-0.00747666580418784	0.002488595509228661	0.0011129337454271982	1.580973172187805	0.10522871411783673	1000
E2F	NFY	--	0	-0.01705440791382206	0.004686776140464432	0.0020959900090805144	1.5743343830108643	0.10222081239507691	1000
E2F	NFY	--	9	-0.014055108815497661	0.0014081962554988137	0.0006297645105912019	1.5764133214950562	0.10601333776482139	1000
E2F	NFY	--	18	-0.01293296273013598	0.0023142763875333224	0.0010349758642494312	1.577191138267517	0.10618651034472383	1000
E2F	NFY	--	27	-0.0087903382188998	0.0022310044081666285	0.0009977355029524536	1.5800625562667847	0.10614844166642756	1000
E2F	NFY	--	36	-0.00855164940967088	0.002361095596539689	0.0010559140510476323	1.580228042602539	0.10607308036714289	1000
E2F	NRF1	++	0	0.08774750262307537	0.041944999469923964	0.018758374026188525	1.6469774961471557	0.1306947965863022	1000
E2F	NRF1	++	9	0.04234077965350574	0.008137048966833482	0.0036389989252168195	1.6155039548873902	0.10830631811663445	1000
E2F	NRF1	++	18	0.04724496705755766	0.008875345627981424	0.003969175229594404	1.6189032793045044	0.10727284373323816	1000
E2F	NRF1	++	27	0.056755226063764416	0.010728717803658186	0.004798028464078389	1.6254952192306518	0.1067939008015788	1000
E2F	NRF1	++	36	0.04824894157936694	0.008678289702811915	0.0038810491407847776	1.6195992469787597	0.107168808076877	1000
E2F	NRF1	+-	0	0.08774750262307537	0.041944999469923964	0.018758374026188525	1.6469774961471557	0.1306947965863022	1000
E2F	NRF1	+-	9	0.04234077965350574	0.008137048966833482	0.0036389989252168195	1.6155039548873902	0.10830631811663445	1000
E2F	NRF1	+-	18	0.04724496705755766	0.008875345627981424	0.003969175229594404	1.6189032793045044	0.10727284373323816	1000
E2F	NRF1	+-	27	0.056755226063764416	0.010728717803658186	0.004798028464078389	1.6254952192306518	0.1067939008015788	1000
E2F	NRF1	+-	36	0.04824894157936694	0.008678289702811915	0.0038810491407847776	1.6195992469787597	0.107168808076877	1000
E2F	NRF1	-+	0	0.054506673829034555	0.01443670450359182	0.006456290528221733	1.6239367246627807	0.10288593964977766	1000
E2F	NRF1	-+	9	0.03730433651604874	0.008302347654943809	0.003712922745858065	1.6120129585266114	0.10667579661957936	1000
E2F	NRF1	-+	18	0.046880434780572	0.009819497062695534	0.004391412587409346	1.6186505794525146	0.1075278608664418	1000
E2F	NRF1	-+	27	0.05497872858444806	0.010695208191288103	0.004783042509846554	1.624263882637024	0.10798155676261578	1000
E2F	NRF1	-+	36	0.050021585572412375	0.010039795598798792	0.004489933087823461	1.620827889442444	0.10741252501991362	1000
E2F	NRF1	--	0	0.054506673829034555	0.01443670450359182	0.006456290528221733	1.6239367246627807	0.10288593964977766	1000
E2F	NRF1	--	9	0.03730433651604874	0.008302347654943809	0.003712922745858065	1.6120129585266114	0.10667579661957936	1000
E2F	NRF1	--	18	0.046880434780572	0.009819497062695534	0.004391412587409346	1.6186505794525146	0.1075278608664418	1000
E2F	NRF1	--	27	0.05497872858444806	0.010695208191288103	0.004783042509846554	1.624263882637024	0.10798155676261578	1000
E2F	NRF1	--	36	0.050021585572412375	0.010039795598798792	0.004489933087823461	1.620827889442444	0.10741252501991362	1000
E2F	REST	++	0	0.00048016877595596035	0.008338064784218849	0.003728895931662092	1.586488389968872	0.10759962511068051	1000
E2F	REST	++	9	-0.0059518796805779805	0.007462724411176595	0.0033374318161475914	1.5820299625396728	0.10786647792530565	1000
E2F	REST	++	18	0.00512363103554082	0.0067086205292320854	0.0030001863077227116	1.589707040786743	0.10542904524425623	1000
E2F	REST	++	27	0.00565197875670824	0.009125690333788116	0.004081132785592594	1.590073251724243	0.10657040449404036	1000
E2F	REST	++	36	0.00595851868116632	0.0057163936605956886	0.002556448962248164	1.5902857065200806	0.10690057267332426	1000
E2F	REST	+-	0	0.009241153352064302	0.015026306768344285	0.006719968676956601	1.5925610065460205	0.10704683328454388	1000
E2F	REST	+-	9	0.0006060992427490402	0.007474901118818677	0.0033428774053535586	1.5865756511688232	0.10680339489785523	1000
E2F	REST	+-	18	0.0013984763544547998	0.0071851906473118865	0.0032133149437370188	1.5871249675750732	0.10664804341620979	1000
E2F	REST	+-	27	0.0061290921113945	0.00811487230555553	0.0036290812207905214	1.590403962135315	0.10767110551162992	1000
E2F	REST	+-	36	0.0064476002900514	0.006280346604857442	0.00280865638614425	1.590624713897705	0.1075119403824192	1000
E2F	REST	-+	0	0.0011491825138605	0.007149750697023234	0.0031974657161440907	1.5869521379470826	0.10493692272738964	1000
E2F	REST	-+	9	-0.008027117468019035	0.0052172101711217495	0.002333207319106308	1.580591607093811	0.10652033862123615	1000
E2F	REST	-+	18	0.00561164319449656	0.007272823987542133	0.0032525057649070584	1.5900452613830567	0.10569546224857881	1000
E2F	REST	-+	27	0.005390714331583719	0.006565458103828513	0.0029361621247174854	1.5898921012878418	0.10598330743608367	1000
E2F	REST	-+	36	0.00563386726626514	0.006774527889144895	0.003029660975119229	1.5900606870651246	0.10701846769479337	1000
E2F	REST	--	0	0.01152572694993302	0.018351374549563343	0.008206984194676643	1.594144606590271	0.1100351689562643	1000
E2F	REST	--	9	-0.0004046987579139398	0.007597009568880243	0.003397485964346519	1.5858750343322754	0.10595160506781458	1000
E2F	REST	--	18	0.003317470600263185	0.009445497094924085	0.004224154717105407	1.5884550571441651	0.10679879339276549	1000
E2F	REST	--	27	0.006827831089663279	0.007166195567599041	0.003204820085841829	1.590888214111328	0.10754005102317064	1000
E2F	REST	--	36	0.0046196160084885	0.006758585143761083	0.003022531162633994	1.5893576383590697	0.10681160201287067	1000
E2F	RFX_1	++	0	-0.030802405025529462	0.007045554435091678	0.003150867731208024	1.564804983139038	0.10746088308482349	1000
E2F	RFX_1	++	9	-0.01808914112965378	0.003147936957407754	0.0014078002051295196	1.573617124557495	0.10494095689635788	1000
E2F	RFX_1	++	18	-0.018527347012148598	0.0051520726477184385	0.002304076933063151	1.5733134031295777	0.10683579305816114	1000
E2F	RFX_1	++	27	-0.0135926983903156	0.004290644662864199	0.0019188346266922032	1.5767337799072265	0.10525099141579325	1000
E2F	RFX_1	++	36	-0.00990325528525952	0.004815864167127122	0.0021537199296203305	1.5792911052703857	0.10658574378641264	1000
E2F	RFX_1	+-	0	-0.030802405025529462	0.007045554435091678	0.003150867731208024	1.564804983139038	0.10746088308482349	1000
E2F	RFX_1	+-	9	-0.01808914112965378	0.003147936957407754	0.0014078002051295196	1.573617124557495	0.10494095689635788	1000
E2F	RFX_1	+-	18	-0.018527347012148598	0.0051520726477184385	0.002304076933063151	1.5733134031295777	0.10683579305816114	1000
E2F	RFX_1	+-	27	-0.0135926983903156	0.004290644662864199	0.0019188346266922032	1.5767337799072265	0.10525099141579325	1000
E2F	RFX_1	+-	36	-0.00990325528525952	0.004815864167127122	0.0021537199296203305	1.5792911052703857	0.10658574378641264	1000
E2F	RFX_1	-+	0	-0.02401860041959544	0.00466530728941483	0.002086388847011369	1.5695071697235108	0.10462494093358568	1000
E2F	RFX_1	-+	9	-0.0160783481916695	0.005785620727138025	0.0025874082475824773	1.5750109434127808	0.10641836430516664	1000
E2F	RFX_1	-+	18	-0.01684068493923336	0.00425822710636945	0.0019043370546948637	1.5744824886322022	0.10707255122254535	1000
E2F	RFX_1	-+	27	-0.01256500517680774	0.004346102002817714	0.001943635903089678	1.5774461507797242	0.10463983915009505	1000
E2F	RFX_1	-+	36	-0.01275882371242652	0.005317088072520586	0.0023778740745018724	1.5773118495941163	0.1058191919674389	1000
E2F	RFX_1	--	0	-0.02401860041959544	0.00466530728941483	0.002086388847011369	1.5695071697235108	0.10462494093358568	1000
E2F	RFX_1	--	9	-0.0160783481916695	0.005785620727138025	0.0025874082475824773	1.5750109434127808	0.10641836430516664	1000
E2F	RFX_1	--	18	-0.01684068493923336	0.00425822710636945	0.0019043370546948637	1.5744824886322022	0.10707255122254535	1000
E2F	RFX_1	--	27	-0.01256500517680774	0.004346102002817714	0.001943635903089678	1.5774461507797242	0.10463983915009505	1000
E2F	RFX_1	--	36	-0.01275882371242652	0.005317088072520586	0.0023778740745018724	1.5773118495941163	0.1058191919674389	1000
E2F	STAT	++	0	0.3555748787833881	0.09390550849607841	0.04199582009178307	1.8326212882995605	0.0586703900356654	1000
E2F	STAT	++	9	0.23250574485941047	0.042151894053265124	0.01885090009669399	1.7473162889480591	0.09531630730242713	1000
E2F	STAT	++	18	0.21639541622509015	0.05358001154686752	0.023961709610803884	1.7361494302749634	0.0833242708977666	1000
E2F	STAT	++	27	0.23683879185353746	0.0640194946322536	0.02863038837658039	1.750319743156433	0.0849272943645173	1000
E2F	STAT	++	36	0.24665182094213028	0.051528272972062375	0.02304414422573932	1.7571215867996215	0.09242330840873571	1000
E2F	STAT	+-	0	0.3555748787833881	0.09390550849607841	0.04199582009178307	1.8326212882995605	0.0586703900356654	1000
E2F	STAT	+-	9	0.23250574485941047	0.042151894053265124	0.01885090009669399	1.7473162889480591	0.09531630730242713	1000
E2F	STAT	+-	18	0.21639541622509015	0.05358001154686752	0.023961709610803884	1.7361494302749634	0.0833242708977666	1000
E2F	STAT	+-	27	0.23683879185353746	0.0640194946322536	0.02863038837658039	1.750319743156433	0.0849272943645173	1000
E2F	STAT	+-	36	0.24665182094213028	0.051528272972062375	0.02304414422573932	1.7571215867996215	0.09242330840873571	1000
E2F	STAT	-+	0	0.36005792474603127	0.10810666191493916	0.048346768972478305	1.835728693008423	0.07910516720288296	1000
E2F	STAT	-+	9	0.2404317674040378	0.054068736631098756	0.024180274112933955	1.7528101205825806	0.08510522517185996	1000
E2F	STAT	-+	18	0.21547538858495013	0.05615685495391075	0.025114109015908048	1.7355117559432984	0.08159811990856553	1000
E2F	STAT	-+	27	0.23362305164857214	0.0452517854191145	0.020237213660074766	1.7480906963348388	0.0908849123011559	1000
E2F	STAT	-+	36	0.24586734787761721	0.05765273755345103	0.025783088051694283	1.7565777778625489	0.088043564421527	1000
E2F	STAT	--	0	0.36005792474603127	0.10810666191493916	0.048346768972478305	1.835728693008423	0.07910516720288296	1000
E2F	STAT	--	9	0.2404317674040378	0.054068736631098756	0.024180274112933955	1.7528101205825806	0.08510522517185996	1000
E2F	STAT	--	18	0.21547538858495013	0.05615685495391075	0.025114109015908048	1.7355117559432984	0.08159811990856553	1000
E2F	STAT	--	27	0.23362305164857214	0.0452517854191145	0.020237213660074766	1.7480906963348388	0.0908849123011559	1000
E2F	STAT	--	36	0.24586734787761721	0.05765273755345103	0.025783088051694283	1.7565777778625489	0.088043564421527	1000
E2F	TATAbox	++	0	-0.01120769458294544	0.007873853193826287	0.003521294197249881	1.578386950492859	0.10384697195183461	1000
E2F	TATAbox	++	9	-0.014474000374493378	0.004673167030602123	0.0020899038301274374	1.5761229991912842	0.10479334648557033	1000
E2F	TATAbox	++	18	-0.01142799683445972	0.005902443778530209	0.002639653104432852	1.5782342672348022	0.10477538000022944	1000
E2F	TATAbox	++	27	-0.01034240505691242	0.005965109266135076	0.0026676779624583828	1.5789867401123048	0.10533874251801001	1000
E2F	TATAbox	++	36	-0.00974468089899536	0.0049819121489106215	0.002227978844579241	1.5794010400772094	0.1053529875327216	1000
E2F	TATAbox	+-	0	-0.01246654779641776	0.0072208179190086695	0.003229247944010391	1.577514410018921	0.10276328152638538	1000
E2F	TATAbox	+-	9	-0.01119518929444458	0.005510582880823236	0.0024644075834334756	1.578395628929138	0.10502637846243619	1000
E2F	TATAbox	+-	18	-0.011850112799436199	0.005100507225381261	0.002281016175136268	1.5779417037963868	0.10519706360937318	1000
E2F	TATAbox	+-	27	-0.010299276040461559	0.0048994587378483655	0.0021911045581568533	1.5790165901184081	0.106002707141229	1000
E2F	TATAbox	+-	36	-0.008587746687026759	0.0053468535820928274	0.002391185615059563	1.5802029371261597	0.1053693140358228	1000
E2F	TATAbox	-+	0	-0.0069538392845529	0.015586740616691143	0.0069706023133156774	1.5813354969024658	0.1070399104936877	1000
E2F	TATAbox	-+	9	-0.00992138669058818	0.004935259719111397	0.0022071152437099202	1.579278540611267	0.10613157110606622	1000
E2F	TATAbox	-+	18	-0.01053656560959192	0.0056718351583016705	0.002536521794227163	1.578852152824402	0.10561896980732222	1000
E2F	TATAbox	-+	27	-0.00905873451178806	0.007378988417025174	0.003299983941130371	1.5798765659332275	0.10501711179099665	1000
E2F	TATAbox	-+	36	-0.00938974491802418	0.005521411985085231	0.002469250506086526	1.5796470880508422	0.10524656351360073	1000
E2F	TATAbox	--	0	-0.00677326012119514	0.014297643355137477	0.006394100492027113	1.5814607381820678	0.11005934947343537	1000
E2F	TATAbox	--	9	-0.00817187644668628	0.005908761266091306	0.002642478370759577	1.5804912567138671	0.10630973705988975	1000
E2F	TATAbox	--	18	-0.01134703721081908	0.005695568983924592	0.0025471358837189585	1.5782904148101806	0.1050053353178106	1000
E2F	TATAbox	--	27	-0.0091279957881821	0.006762214326259216	0.0030241541823877094	1.5798284530639648	0.10459056438285448	1000
E2F	TATAbox	--	36	-0.00795202427242564	0.005647962739380279	0.002525845723928046	1.580643630027771	0.10574026193270995	1000
ETS	ETS	++	0	0.19479334188298486	0.028448672816104845	0.01272263325729216	1.7211760044097901	0.10602332955125612	1000
ETS	ETS	++	9	0.11332386814960775	0.014811600251165721	0.006623949003431902	1.6647056818008423	0.09821035201567158	1000
ETS	ETS	++	18	0.12203284816163742	0.016872599520126874	0.007545655896826804	1.6707422256469726	0.09716555916352883	1000
ETS	ETS	++	27	0.11144583050088472	0.011467187285819677	0.005128282056362821	1.6634039163589478	0.09956258739140249	1000
ETS	ETS	++	36	0.12165840108482948	0.018323566266654406	0.008194547952492257	1.6704827070236206	0.0987093457819526	1000
ETS	ETS	+-	0	0.101281913808869	0.013686597537149847	0.006120832494749652	1.6563588380813599	0.10288551905532771	1000
ETS	ETS	+-	9	0.1183222966718747	0.016550267217064436	0.007401504508628469	1.6681702852249145	0.10068828561726531	1000
ETS	ETS	+-	18	0.1081724675087478	0.014761799448732071	0.006601677407516766	1.6611350059509278	0.09821821729582067	1000
ETS	ETS	+-	27	0.1152676612151051	0.015826687682548548	0.007077909903367432	1.6660530328750611	0.09796949098690239	1000
ETS	ETS	+-	36	0.11511823838846921	0.01430536186470736	0.006397552314443761	1.6659494161605835	0.09878439464986132	1000
ETS	ETS	-+	0	0.0826159100840285	0.01831365166464005	0.008190114007677466	1.6434205293655395	0.11128640439237156	1000
ETS	ETS	-+	9	0.11207163882106116	0.02372457475191943	0.010609952376513411	1.663837695121765	0.10207045246839828	1000
ETS	ETS	-+	18	0.11478629037447263	0.01394854657066475	0.006237979663865591	1.6657193660736085	0.09832095879297621	1000
ETS	ETS	-+	27	0.11238131938133729	0.0105686804827856	0.004726457598396779	1.6640523433685304	0.10169072304455495	1000
ETS	ETS	-+	36	0.11026228889330958	0.015246468243337913	0.006818427881779075	1.6625835418701171	0.09852742358613838	1000
ETS	ETS	--	0	0.19389368988740582	0.025623865327256894	0.011459340943609262	1.72055242061615	0.10538392006282812	1000
ETS	ETS	--	9	0.1085056408991318	0.014578170054249329	0.006519555845770659	1.6613659381866455	0.09773623417651663	1000
ETS	ETS	--	18	0.13042055168315653	0.020170354545321824	0.009020456778722291	1.6765562057495118	0.09574155070455485	1000
ETS	ETS	--	27	0.1122243873622081	0.011429652405493021	0.005111495947575277	1.663943600654602	0.09880613091973223	1000
ETS	ETS	--	36	0.11194328601893914	0.014790981080147952	0.006614727829824817	1.6637487173080445	0.10041052025442693	1000
ETS	Ebox_CACGTG	++	0	0.06906064062735988	0.006344791740355889	0.0028374771269029926	1.634024715423584	0.10259382837730784	1000
ETS	Ebox_CACGTG	++	9	0.046247011928528606	0.007528220924308647	0.0033667227472780866	1.618211555480957	0.10183881697407918	1000
ETS	Ebox_CACGTG	++	18	0.0508937746258775	0.008176538920781183	0.0036566593695078983	1.6214324474334716	0.1040911587904714	1000
ETS	Ebox_CACGTG	++	27	0.05125895613737021	0.0054338390382923886	0.0024300866936827724	1.621685552597046	0.10377774316233365	1000
ETS	Ebox_CACGTG	++	36	0.061275625583283456	0.009098005868626134	0.004068751916388011	1.628628635406494	0.10368426208008369	1000
ETS	Ebox_CACGTG	+-	0	0.06906064062735988	0.006344791740355889	0.0028374771269029926	1.634024715423584	0.10259382837730784	1000
ETS	Ebox_CACGTG	+-	9	0.046247011928528606	0.007528220924308647	0.0033667227472780866	1.618211555480957	0.10183881697407918	1000
ETS	Ebox_CACGTG	+-	18	0.0508937746258775	0.008176538920781183	0.0036566593695078983	1.6214324474334716	0.1040911587904714	1000
ETS	Ebox_CACGTG	+-	27	0.05125895613737021	0.0054338390382923886	0.0024300866936827724	1.621685552597046	0.10377774316233365	1000
ETS	Ebox_CACGTG	+-	36	0.061275625583283456	0.009098005868626134	0.004068751916388011	1.628628635406494	0.10368426208008369	1000
ETS	Ebox_CACGTG	-+	0	0.042646105828040334	0.0017912726228645711	0.000801081470191905	1.6157155752182006	0.10605464655151643	1000
ETS	Ebox_CACGTG	-+	9	0.0439584146084369	0.006604055046512103	0.0029534232022303195	1.6166252613067627	0.10421561335699521	1000
ETS	Ebox_CACGTG	-+	18	0.0572692994054584	0.008513068768943446	0.003807160092897599	1.625851583480835	0.10295289067724402	1000
ETS	Ebox_CACGTG	-+	27	0.04983410997193574	0.006069677472769018	0.0027144422861221304	1.6206978797912597	0.10344548750188437	1000
ETS	Ebox_CACGTG	-+	36	0.05508466398547596	0.008107649542181966	0.0036258511028127846	1.624337363243103	0.10374419369299498	1000
ETS	Ebox_CACGTG	--	0	0.042646105828040334	0.0017912726228645711	0.000801081470191905	1.6157155752182006	0.10605464655151643	1000
ETS	Ebox_CACGTG	--	9	0.0439584146084369	0.006604055046512103	0.0029534232022303195	1.6166252613067627	0.10421561335699521	1000
ETS	Ebox_CACGTG	--	18	0.0572692994054584	0.008513068768943446	0.003807160092897599	1.625851583480835	0.10295289067724402	1000
ETS	Ebox_CACGTG	--	27	0.04983410997193574	0.006069677472769018	0.0027144422861221304	1.6206978797912597	0.10344548750188437	1000
ETS	Ebox_CACGTG	--	36	0.05508466398547596	0.008107649542181966	0.0036258511028127846	1.624337363243103	0.10374419369299498	1000
ETS	GATA	++	0	0.06230277476729644	0.011383410378649402	0.005090815884487336	1.6293405294418335	0.10699764987875747	1000
ETS	GATA	++	9	0.2943088326337576	0.0203695048534365	0.00910951950405918	1.7901549100875855	0.0935577189443152	1000
ETS	GATA	++	18	0.25407913679491817	0.006662204774890246	0.0029794285513356548	1.7622698307037354	0.10906893954084547	1000
ETS	GATA	++	27	0.2703258261735414	0.007122630160925709	0.0031853370436840302	1.773531174659729	0.10469925811489438	1000
ETS	GATA	++	36	0.2379614129066107	0.006260890209433772	0.002799955221591362	1.7510977745056153	0.10670204410361493	1000
ETS	GATA	+-	0	0.20716868889198742	0.011566520312336716	0.005172705136303399	1.7297538995742798	0.10104017174729497	1000
ETS	GATA	+-	9	0.26971585100616	0.01352843388605442	0.0060500995596658655	1.7731082677841186	0.10828580904944782	1000
ETS	GATA	+-	18	0.2632702551201597	0.0060739458719729295	0.002716351172277141	1.7686405897140502	0.10357014888244585	1000
ETS	GATA	+-	27	0.25717540925146165	0.01018703298697918	0.0045557796495836345	1.7644159555435182	0.10938946661782706	1000
ETS	GATA	+-	36	0.25765874069431394	0.002615759661105552	0.0011698032830067652	1.7647509813308715	0.10464449812166886	1000
ETS	GATA	-+	0	0.09326024633763909	0.016838430318697403	0.007530374965400168	1.6507986068725586	0.09535935115517118	1000
ETS	GATA	-+	9	0.33162865941219133	0.038263692638299616	0.01711204356187924	1.816023015975952	0.09094585953148372	1000
ETS	GATA	-+	18	0.2625450171801701	0.008144385469015252	0.003642279908735922	1.7681378364562987	0.10888852353800618	1000
ETS	GATA	-+	27	0.2713070344919427	0.00679030436119815	0.0030367164279104697	1.7742112874984741	0.10227856492602687	1000
ETS	GATA	-+	36	0.24769003720972638	0.01057684042770414	0.004730106836702881	1.7578412532806396	0.11010895016023425	1000
ETS	GATA	--	0	0.29410221697657735	0.03285930469529408	0.014695127798411114	1.7900116682052611	0.09123957132827387	1000
ETS	GATA	--	9	0.2594771089623201	0.011717022426648545	0.005240011727975138	1.7660113096237182	0.10523514799574825	1000
ETS	GATA	--	18	0.27054438602582415	0.0029333596210611075	0.001311838303029132	1.7736826181411742	0.10462523929165994	1000
ETS	GATA	--	27	0.25691587883217715	0.004663281413329147	0.002085482847683053	1.764236068725586	0.10662023606023525	1000
ETS	GATA	--	36	0.26796954776843157	0.005380146825442809	0.0024060748061239634	1.7718978881835938	0.10716710648596803	1000
ETS	Grepeats	++	0	0.3656240357520493	0.03623658312208467	0.016205492626660576	1.839586853981018	0.10625904599260058	1000
ETS	Grepeats	++	9	0.3293596794006595	0.03100693884424165	0.013866724605980619	1.814450240135193	0.10376312260205738	1000
ETS	Grepeats	++	18	0.3317484668263487	0.033298194155420284	0.01489140513190119	1.8161060333251953	0.10554658444991495	1000
ETS	Grepeats	++	27	0.3323556429760873	0.03658550267606423	0.016361534194936016	1.8165269136428832	0.1078753191113742	1000
ETS	Grepeats	++	36	0.3363708144366245	0.031585079251626014	0.01412527685627079	1.8193100452423097	0.10512710591278436	1000
ETS	Grepeats	+-	0	0.2880018848613168	0.04666381184282448	0.020868691073963053	1.785783290863037	0.1061339847980502	1000
ETS	Grepeats	+-	9	0.33000224528037936	0.03966141807958576	0.01773712538199858	1.8148956537246703	0.10741882881045983	1000
ETS	Grepeats	+-	18	0.3306285373017614	0.03568398834211266	0.015958364728254786	1.8153297901153564	0.10486960229641148	1000
ETS	Grepeats	+-	27	0.3402687840201649	0.037872671728150384	0.016937173694735738	1.8220118761062623	0.10795771755594717	1000
ETS	Grepeats	+-	36	0.3306388820582108	0.038772342056343556	0.017339518496971632	1.8153369665145873	0.109957943428143	1000
ETS	Grepeats	-+	0	0.3108174171931148	0.03526464162836963	0.015770827176640675	1.801597785949707	0.10927206967022673	1000
ETS	Grepeats	-+	9	0.34399288774281567	0.034614774129193455	0.01548019759573553	1.8245932102203368	0.10143543474992062	1000
ETS	Grepeats	-+	18	0.3365872245057714	0.03728558189425536	0.01667461913923807	1.8194600343704224	0.10853445269673602	1000
ETS	Grepeats	-+	27	0.33022669983802044	0.03902022125393005	0.017450373444173935	1.815051293373108	0.1076560771437227	1000
ETS	Grepeats	-+	36	0.3357584573095286	0.035157362957688953	0.01572285069660511	1.8188855648040771	0.10902601033660893	1000
ETS	Grepeats	--	0	0.38362535662826897	0.03820002960960138	0.01708357258991469	1.8520644426345825	0.10833041059862368	1000
ETS	Grepeats	--	9	0.3416582490547507	0.04100823525273241	0.018339440332482585	1.822974967956543	0.10824500565393468	1000
ETS	Grepeats	--	18	0.33262092621504313	0.04107851492017617	0.01837087035525065	1.81671085357666	0.10721443401712387	1000
ETS	Grepeats	--	27	0.3265473202037266	0.03436292871116885	0.015367568900830556	1.8125008821487427	0.10355791840440576	1000
ETS	Grepeats	--	36	0.32494472996862545	0.036720178480210024	0.016421763045534905	1.8113900661468505	0.1097553042143041	1000
ETS	NFI	++	0	0.12085200238211458	0.010401529717577537	0.004651705503697512	1.6699238300323487	0.105946413461021	1000
ETS	NFI	++	9	0.055955865213590215	0.006855015501141305	0.003065656129473349	1.6249412298202515	0.10239383581891137	1000
ETS	NFI	++	18	0.05638360326455112	0.009041896148523782	0.004043658886718543	1.6252376556396484	0.09936019513023192	1000
ETS	NFI	++	27	0.06188928225428484	0.0055486578906144045	0.00248143524546088	1.6290539026260376	0.10283091175114731	1000
ETS	NFI	++	36	0.0688902606398248	0.006998920112841725	0.003130012228280919	1.633906650543213	0.10129877126434349	1000
ETS	NFI	+-	0	0.12085200238211458	0.010401529717577537	0.004651705503697512	1.6699238300323487	0.105946413461021	1000
ETS	NFI	+-	9	0.055955865213590215	0.006855015501141305	0.003065656129473349	1.6249412298202515	0.10239383581891137	1000
ETS	NFI	+-	18	0.05638360326455112	0.009041896148523782	0.004043658886718543	1.6252376556396484	0.09936019513023192	1000
ETS	NFI	+-	27	0.06188928225428484	0.0055486578906144045	0.00248143524546088	1.6290539026260376	0.10283091175114731	1000
ETS	NFI	+-	36	0.0688902606398248	0.006998920112841725	0.003130012228280919	1.633906650543213	0.10129877126434349	1000
ETS	NFI	-+	0	0.02600315364207012	0.005836685305110747	0.002610245021100346	1.604179573059082	0.1070911065596968	1000
ETS	NFI	-+	9	0.05842195507872172	0.007967109417190508	0.003562999648203341	1.6266505479812623	0.10071360434240899	1000
ETS	NFI	-+	18	0.05734529853887468	0.008322176713025705	0.003721790570218247	1.6259042501449585	0.10066413997634398	1000
ETS	NFI	-+	27	0.06152963750925836	0.00513745465251818	0.002297539566870642	1.628804612159729	0.10268316712604478	1000
ETS	NFI	-+	36	0.0709143276825039	0.005919192581005675	0.002647143396608224	1.635309648513794	0.10356457995530856	1000
ETS	NFI	--	0	0.02600315364207012	0.005836685305110747	0.002610245021100346	1.604179573059082	0.1070911065596968	1000
ETS	NFI	--	9	0.05842195507872172	0.007967109417190508	0.003562999648203341	1.6266505479812623	0.10071360434240899	1000
ETS	NFI	--	18	0.05734529853887468	0.008322176713025705	0.003721790570218247	1.6259042501449585	0.10066413997634398	1000
ETS	NFI	--	27	0.06152963750925836	0.00513745465251818	0.002297539566870642	1.628804612159729	0.10268316712604478	1000
ETS	NFI	--	36	0.0709143276825039	0.005919192581005675	0.002647143396608224	1.635309648513794	0.10356457995530856	1000
ETS	NFY	++	0	0.03310701796125984	0.009956261682946463	0.004452575584968949	1.6091035842895507	0.10055810764790671	1000
ETS	NFY	++	9	0.02553234199875486	0.005889051379108923	0.0026336638413352875	1.60385320186615	0.10254421005718559	1000
ETS	NFY	++	18	0.025940352564770203	0.0044810083424437815	0.00200396785228959	1.6041360378265381	0.10386764252536251	1000
ETS	NFY	++	27	0.0257857697211627	0.0032431956096120955	0.0014504011694843031	1.604028868675232	0.10328279826543159	1000
ETS	NFY	++	36	0.0293277526844051	0.0025347959372576975	0.0011335952049597007	1.6064840078353881	0.10398222491561622	1000
ETS	NFY	+-	0	0.02344240721313266	0.007423433343600957	0.0033198603165460585	1.6024045467376709	0.10343079774460477	1000
ETS	NFY	+-	9	0.028171368749738558	0.007896916045161372	0.003531608217917925	1.6056824684143067	0.10185009702370103	1000
ETS	NFY	+-	18	0.024790909473680463	0.004483792444716573	0.002005212940677245	1.6033392906188966	0.10256363611133824	1000
ETS	NFY	+-	27	0.02557391961076962	0.004116362132579927	0.0018408931096909437	1.6038820505142213	0.10247482384058632	1000
ETS	NFY	+-	36	0.03247228777234696	0.003092937417492188	0.0013832036631330358	1.6086635828018188	0.10396109388446842	1000
ETS	NFY	-+	0	0.05285204164378228	0.010329213109165328	0.004619364533235126	1.6227897882461548	0.09972613895325601	1000
ETS	NFY	-+	9	0.02126468388337756	0.006663455513298675	0.002979987898556318	1.6008951187133789	0.10539740780909602	1000
ETS	NFY	-+	18	0.029392472174430823	0.00506469413001385	0.002265000071991025	1.606528878211975	0.10236787925225072	1000
ETS	NFY	-+	27	0.024288030858943137	0.0035206284409746913	0.001574472903507703	1.6029907703399657	0.10272257525847685	1000
ETS	NFY	-+	36	0.03177587734931666	0.0033756541114678368	0.001509638412353747	1.6081809043884276	0.10485996126205743	1000
ETS	NFY	--	0	0.02340016343706872	0.006847640744401761	0.00306235803799592	1.602375292778015	0.10743799467688206	1000
ETS	NFY	--	9	0.02113356646014286	0.004253914704836521	0.0019024084901000827	1.6008042335510253	0.10226834683695267	1000
ETS	NFY	--	18	0.02661279693667994	0.0035397312830552515	0.0015830159541988184	1.6046020984649658	0.10315709144406833	1000
ETS	NFY	--	27	0.02462332742889662	0.002999043702549193	0.001341213117278531	1.6032231092453002	0.10334764959246995	1000
ETS	NFY	--	36	0.03454696339727138	0.002458582049920298	0.0010995113183765134	1.6101016759872437	0.10400534448267583	1000
ETS	NRF1	++	0	0.08358441640877202	0.019769888901208576	0.008841363098144199	1.644091820716858	0.1056151096234803	1000
ETS	NRF1	++	9	0.08617136869413475	0.018742128533882414	0.00838173468895991	1.6458849430084228	0.10135879450857772	1000
ETS	NRF1	++	18	0.10717110927301476	0.015280965497743772	0.006833855522956797	1.6604409217834473	0.10475732174619186	1000
ETS	NRF1	++	27	0.10024805945125545	0.018256491712859462	0.008164551300123066	1.6556421756744384	0.10413313147092573	1000
ETS	NRF1	++	36	0.1067281980526815	0.013112788330041232	0.005864217216107628	1.6601338863372803	0.10380122852376984	1000
ETS	NRF1	+-	0	0.08358441640877202	0.019769888901208576	0.008841363098144199	1.644091820716858	0.1056151096234803	1000
ETS	NRF1	+-	9	0.08617136869413475	0.018742128533882414	0.00838173468895991	1.6458849430084228	0.10135879450857772	1000
ETS	NRF1	+-	18	0.10717110927301476	0.015280965497743772	0.006833855522956797	1.6604409217834473	0.10475732174619186	1000
ETS	NRF1	+-	27	0.10024805945125545	0.018256491712859462	0.008164551300123066	1.6556421756744384	0.10413313147092573	1000
ETS	NRF1	+-	36	0.1067281980526815	0.013112788330041232	0.005864217216107628	1.6601338863372803	0.10380122852376984	1000
ETS	NRF1	-+	0	0.11207734757017826	0.020761601136941147	0.009284870292787465	1.6638416528701783	0.09334794483283912	1000
ETS	NRF1	-+	9	0.08965222767964605	0.018008760542404783	0.008053762552666615	1.6482977390289306	0.103561865425257	1000
ETS	NRF1	-+	18	0.10229190664856694	0.016223115823343664	0.00725519795756978	1.6570588588714599	0.10426113901370779	1000
ETS	NRF1	-+	27	0.09954876294436535	0.018215938439857974	0.008146415325094778	1.655157494544983	0.10152143863693125	1000
ETS	NRF1	-+	36	0.1025605876197689	0.01276749373450441	0.0057097967785309026	1.657245135307312	0.10503046460372639	1000
ETS	NRF1	--	0	0.11207734757017826	0.020761601136941147	0.009284870292787465	1.6638416528701783	0.09334794483283912	1000
ETS	NRF1	--	9	0.08965222767964605	0.018008760542404783	0.008053762552666615	1.6482977390289306	0.103561865425257	1000
ETS	NRF1	--	18	0.10229190664856694	0.016223115823343664	0.00725519795756978	1.6570588588714599	0.10426113901370779	1000
ETS	NRF1	--	27	0.09954876294436535	0.018215938439857974	0.008146415325094778	1.655157494544983	0.10152143863693125	1000
ETS	NRF1	--	36	0.1025605876197689	0.01276749373450441	0.0057097967785309026	1.657245135307312	0.10503046460372639	1000
ETS	REST	++	0	0.04586335249353806	0.014640121001965583	0.006547261151843475	1.6179455757141112	0.10195928820201133	1000
ETS	REST	++	9	0.034431360421481885	0.011496541852845127	0.005141409817826618	1.6100215435028076	0.10281258500359004	1000
ETS	REST	++	18	0.045614681166318186	0.011125316974071056	0.004975393005051029	1.6177732706069947	0.10228079453929294	1000
ETS	REST	++	27	0.056412401221992294	0.010807067660093164	0.004833067585081581	1.625257635116577	0.10096094566041117	1000
ETS	REST	++	36	0.0470183030602988	0.010982850062098568	0.004911679865108037	1.6187462091445923	0.1029314240469262	1000
ETS	REST	+-	0	0.05387418022075162	0.01592730806629851	0.007122908706964839	1.623498296737671	0.10172045520552152	1000
ETS	REST	+-	9	0.0375398549325981	0.009346751909578097	0.004179994527728518	1.612176251411438	0.10383774088318469	1000
ETS	REST	+-	18	0.04348852253485798	0.01203147702857516	0.005380640101124247	1.6162994861602784	0.10184259841161629	1000
ETS	REST	+-	27	0.056724004763283375	0.013254867897353539	0.005927757130252443	1.6254736661911011	0.10244510565485661	1000
ETS	REST	+-	36	0.04899222318666102	0.010969037245229428	0.004905502585612006	1.6201143503189086	0.10262822128789958	1000
ETS	REST	-+	0	0.0100382890087411	0.011097409286477622	0.00496291230774028	1.5931135416030884	0.10247195635012991	1000
ETS	REST	-+	9	0.04225530642581004	0.010904208131424937	0.004876510124534424	1.6154446840286254	0.10335692878383648	1000
ETS	REST	-+	18	0.04250049940391624	0.008037404712886883	0.00359443666013845	1.6156146287918092	0.10192723397594228	1000
ETS	REST	-+	27	0.049988310691590876	0.010680925780725607	0.004776655221666494	1.620804762840271	0.10211995128184682	1000
ETS	REST	-+	36	0.04789999146799522	0.01039050815559517	0.0046467765113353526	1.6193573236465455	0.10257985841949253	1000
ETS	REST	--	0	0.0399577735321145	0.01932881529901515	0.00864410898662716	1.6138521432876587	0.09952793265261729	1000
ETS	REST	--	9	0.041469487597053975	0.01388827359667679	0.006211024770456959	1.614900040626526	0.10270363288766458	1000
ETS	REST	--	18	0.039759072301548605	0.010246539389157315	0.004582391721656985	1.6137144804000854	0.1023817111025282	1000
ETS	REST	--	27	0.04981062735329774	0.012787684659688952	0.005718826434779152	1.6206816911697388	0.10356092337062546	1000
ETS	REST	--	36	0.04999403072706942	0.009482924302530475	0.004240892673188584	1.6208087921142578	0.10268342168116153	1000
ETS	RFX_1	++	0	0.005728808609155879	0.009173549522102892	0.0041025360652765545	1.5901265144348145	0.10895293887164059	1000
ETS	RFX_1	++	9	0.025281035306133397	0.005739604534390141	0.0025668291805724767	1.6036790370941163	0.10478994254760139	1000
ETS	RFX_1	++	18	0.02676034031540938	0.007515381644993068	0.0033609808470117385	1.6047044277191163	0.1013838748003734	1000
ETS	RFX_1	++	27	0.029132670076302502	0.0057780703198517976	0.0025840316027925143	1.6063488006591797	0.1041904751768172	1000
ETS	RFX_1	++	36	0.029319928011236663	0.008629674339308772	0.0038593076892759997	1.606478500366211	0.10208700235209815	1000
ETS	RFX_1	+-	0	0.005728808609155879	0.009173549522102892	0.0041025360652765545	1.5901265144348145	0.10895293887164059	1000
ETS	RFX_1	+-	9	0.025281035306133397	0.005739604534390141	0.0025668291805724767	1.6036790370941163	0.10478994254760139	1000
ETS	RFX_1	+-	18	0.02676034031540938	0.007515381644993068	0.0033609808470117385	1.6047044277191163	0.1013838748003734	1000
ETS	RFX_1	+-	27	0.029132670076302502	0.0057780703198517976	0.0025840316027925143	1.6063488006591797	0.1041904751768172	1000
ETS	RFX_1	+-	36	0.029319928011236663	0.008629674339308772	0.0038593076892759997	1.606478500366211	0.10208700235209815	1000
ETS	RFX_1	-+	0	0.119633979327933	0.04173666277841475	0.018665203025304125	1.6690794706344605	0.09456192742128673	1000
ETS	RFX_1	-+	9	0.029707044834955322	0.01173710266247551	0.005248991882437801	1.6067468881607057	0.09811345970904865	1000
ETS	RFX_1	-+	18	0.02467789698656958	0.0060591309299320795	0.002709725728779929	1.6032609701156617	0.10292875968433918	1000
ETS	RFX_1	-+	27	0.029140485075446875	0.005294760449264857	0.0023678888578267093	1.6063542366027832	0.105334174072877	1000
ETS	RFX_1	-+	36	0.02973619266960186	0.006710480629601693	0.0030010181698969947	1.6067670583724976	0.10429227730702986	1000
ETS	RFX_1	--	0	0.119633979327933	0.04173666277841475	0.018665203025304125	1.6690794706344605	0.09456192742128673	1000
ETS	RFX_1	--	9	0.029707044834955322	0.01173710266247551	0.005248991882437801	1.6067468881607057	0.09811345970904865	1000
ETS	RFX_1	--	18	0.02467789698656958	0.0060591309299320795	0.002709725728779929	1.6032609701156617	0.10292875968433918	1000
ETS	RFX_1	--	27	0.029140485075446875	0.005294760449264857	0.0023678888578267093	1.6063542366027832	0.105334174072877	1000
ETS	RFX_1	--	36	0.02973619266960186	0.006710480629601693	0.0030010181698969947	1.6067670583724976	0.10429227730702986	1000
ETS	STAT	++	0	0.4011452206725307	0.07437976448904086	0.03326364190958406	1.8642082214355469	0.08019441802698221	1000
ETS	STAT	++	9	0.292133329492536	0.05174959031983271	0.023143120352582203	1.7886469602584838	0.08189983646275732	1000
ETS	STAT	++	18	0.2860769819402336	0.053805897797598805	0.024062729013167427	1.7844489812850952	0.08382232567452216	1000
ETS	STAT	++	27	0.29394263427484174	0.055520964464978416	0.024829730144008393	1.789901113510132	0.08780941914751852	1000
ETS	STAT	++	36	0.2954944380331432	0.05509241521343607	0.02463807709237733	1.7909766912460328	0.08608066472889633	1000
ETS	STAT	+-	0	0.4011452206725307	0.07437976448904086	0.03326364190958406	1.8642082214355469	0.08019441802698221	1000
ETS	STAT	+-	9	0.292133329492536	0.05174959031983271	0.023143120352582203	1.7886469602584838	0.08189983646275732	1000
ETS	STAT	+-	18	0.2860769819402336	0.053805897797598805	0.024062729013167427	1.7844489812850952	0.08382232567452216	1000
ETS	STAT	+-	27	0.29394263427484174	0.055520964464978416	0.024829730144008393	1.789901113510132	0.08780941914751852	1000
ETS	STAT	+-	36	0.2954944380331432	0.05509241521343607	0.02463807709237733	1.7909766912460328	0.08608066472889633	1000
ETS	STAT	-+	0	0.2305730253268456	0.03605925953662577	0.016126191108440557	1.7459765672683716	0.11891804536988405	1000
ETS	STAT	-+	9	0.31388480516344586	0.08888682379320484	0.039751396061130345	1.8037238597869873	0.08164851491709099	1000
ETS	STAT	-+	18	0.2957698768476325	0.0626821437953716	0.028032306900373512	1.7911675930023194	0.08705199048258232	1000
ETS	STAT	-+	27	0.3200193145309992	0.058449179308417684	0.026139267632539216	1.80797598361969	0.07973298760219584	1000
ETS	STAT	-+	36	0.2964167723905879	0.05847774657109217	0.026152043300793466	1.7916160345077514	0.08861480742566344	1000
ETS	STAT	--	0	0.2305730253268456	0.03605925953662577	0.016126191108440557	1.7459765672683716	0.11891804536988405	1000
ETS	STAT	--	9	0.31388480516344586	0.08888682379320484	0.039751396061130345	1.8037238597869873	0.08164851491709099	1000
ETS	STAT	--	18	0.2957698768476325	0.0626821437953716	0.028032306900373512	1.7911675930023194	0.08705199048258232	1000
ETS	STAT	--	27	0.3200193145309992	0.058449179308417684	0.026139267632539216	1.80797598361969	0.07973298760219584	1000
ETS	STAT	--	36	0.2964167723905879	0.05847774657109217	0.026152043300793466	1.7916160345077514	0.08861480742566344	1000
ETS	TATAbox	++	0	0.019479100479999283	0.01229661704558451	0.005499214321441919	1.5996574401855468	0.10603915655728054	1000
ETS	TATAbox	++	9	0.02455833787236446	0.009327743558082762	0.004171493734511762	1.603178071975708	0.10164199437305377	1000
ETS	TATAbox	++	18	0.02011246716895826	0.008673505712878412	0.0038789096754457803	1.6000964641571045	0.1049674918079705	1000
ETS	TATAbox	++	27	0.0247479873066757	0.010111113303176253	0.004521827334820908	1.6033095836639404	0.10319216091828767	1000
ETS	TATAbox	++	36	0.03177309956078232	0.01087275087925802	0.004862442013688307	1.6081790208816529	0.10207834638367726	1000
ETS	TATAbox	+-	0	0.026510712334694042	0.017893271623889456	0.008002114338176974	1.6045313835144044	0.106958450730413	1000
ETS	TATAbox	+-	9	0.0242730912097639	0.009957786367766182	0.004453257444749181	1.602980375289917	0.10284720910049416	1000
ETS	TATAbox	+-	18	0.02015452774319064	0.009634949265388191	0.004308880303433931	1.6001255750656127	0.10379446075819466	1000
ETS	TATAbox	+-	27	0.02701088410374052	0.010801471694205872	0.00483056499305683	1.604878044128418	0.102641533047592	1000
ETS	TATAbox	+-	36	0.029931050087920963	0.010682810725020997	0.0047774981943821525	1.6069021940231323	0.10254703243592113	1000
ETS	TATAbox	-+	0	-0.0034092814017644196	0.0060279318815378395	0.0026957730901713637	1.5837923765182496	0.10163971144014214	1000
ETS	TATAbox	-+	9	0.02322303232431858	0.007167995437128465	0.0032056250119655134	1.602252459526062	0.10415597234269887	1000
ETS	TATAbox	-+	18	0.025403539085788757	0.011526848824953471	0.005154963507791907	1.6037639141082765	0.10413161431088236	1000
ETS	TATAbox	-+	27	0.024237776184746578	0.00980109823462687	0.0043831843813557725	1.6029558897018432	0.10388948732735534	1000
ETS	TATAbox	-+	36	0.02486500618338302	0.010047051564669935	0.00449317805440952	1.603390669822693	0.10303385512041596	1000
ETS	TATAbox	--	0	0.029892286810753836	0.01869546324951673	0.008360865339353703	1.6068753242492675	0.10751898503527524	1000
ETS	TATAbox	--	9	0.018709393604038678	0.010504581320499598	0.004697791581562321	1.5991238832473755	0.1039437968936027	1000
ETS	TATAbox	--	18	0.02468225083486534	0.011285313646037801	0.005046945691989304	1.6032639026641846	0.10368014629828498	1000
ETS	TATAbox	--	27	0.02533767429879748	0.010789854581665365	0.004825369662388262	1.6037183046340941	0.10382937562403989	1000
ETS	TATAbox	--	36	0.02403942886222938	0.010128665244443613	0.004529676801583089	1.602818489074707	0.10300566850703259	1000
Ebox_CACGTG	Ebox_CACGTG	++	0	-0.0080559905056915	0.005897015626149235	0.002637225560889635	1.5805715799331665	0.10766166462789584	1000
Ebox_CACGTG	Ebox_CACGTG	++	9	-0.014277152391351938	0.00503827778678534	0.0022531863241558423	1.5762593507766725	0.10782181476845501	1000
Ebox_CACGTG	Ebox_CACGTG	++	18	-0.0014135603708089399	0.004659017251716419	0.002083575856636432	1.5851757526397705	0.10718387264532692	1000
Ebox_CACGTG	Ebox_CACGTG	++	27	-0.0016285615552248597	0.004360764878539617	0.0019501933404616396	1.5850266933441162	0.10775909736001128	1000
Ebox_CACGTG	Ebox_CACGTG	++	36	0.00252585722893284	0.007298201370152757	0.003263854875428734	1.5879063129425048	0.10908814267034686	1000
Ebox_CACGTG	Ebox_CACGTG	+-	0	-0.0080559905056915	0.005897015626149235	0.002637225560889635	1.5805715799331665	0.10766166462789584	1000
Ebox_CACGTG	Ebox_CACGTG	+-	9	-0.014277152391351938	0.00503827778678534	0.0022531863241558423	1.5762593507766725	0.10782181476845501	1000
Ebox_CACGTG	Ebox_CACGTG	+-	18	-0.0014135603708089399	0.004659017251716419	0.002083575856636432	1.5851757526397705	0.10718387264532692	1000
Ebox_CACGTG	Ebox_CACGTG	+-	27	-0.0016285615552248597	0.004360764878539617	0.0019501933404616396	1.5850266933441162	0.10775909736001128	1000
Ebox_CACGTG	Ebox_CACGTG	+-	36	0.00252585722893284	0.007298201370152757	0.003263854875428734	1.5879063129425048	0.10908814267034686	1000
Ebox_CACGTG	Ebox_CACGTG	-+	0	-0.0080559905056915	0.005897015626149235	0.002637225560889635	1.5805715799331665	0.10766166462789584	1000
Ebox_CACGTG	Ebox_CACGTG	-+	9	-0.014277152391351938	0.00503827778678534	0.0022531863241558423	1.5762593507766725	0.10782181476845501	1000
Ebox_CACGTG	Ebox_CACGTG	-+	18	-0.0014135603708089399	0.004659017251716419	0.002083575856636432	1.5851757526397705	0.10718387264532692	1000
Ebox_CACGTG	Ebox_CACGTG	-+	27	-0.0016285615552248597	0.004360764878539617	0.0019501933404616396	1.5850266933441162	0.10775909736001128	1000
Ebox_CACGTG	Ebox_CACGTG	-+	36	0.00252585722893284	0.007298201370152757	0.003263854875428734	1.5879063129425048	0.10908814267034686	1000
Ebox_CACGTG	Ebox_CACGTG	--	0	-0.0080559905056915	0.005897015626149235	0.002637225560889635	1.5805715799331665	0.10766166462789584	1000
Ebox_CACGTG	Ebox_CACGTG	--	9	-0.014277152391351938	0.00503827778678534	0.0022531863241558423	1.5762593507766725	0.10782181476845501	1000
Ebox_CACGTG	Ebox_CACGTG	--	18	-0.0014135603708089399	0.004659017251716419	0.002083575856636432	1.5851757526397705	0.10718387264532692	1000
Ebox_CACGTG	Ebox_CACGTG	--	27	-0.0016285615552248597	0.004360764878539617	0.0019501933404616396	1.5850266933441162	0.10775909736001128	1000
Ebox_CACGTG	Ebox_CACGTG	--	36	0.00252585722893284	0.007298201370152757	0.003263854875428734	1.5879063129425048	0.10908814267034686	1000
Ebox_CACGTG	GATA	++	0	0.018818422274276058	0.006815367679248356	0.003047925084490861	1.5991995096206666	0.10805683202589268	1000
Ebox_CACGTG	GATA	++	9	0.5692705371526315	0.03981965134841468	0.017807889451079275	1.9807437419891358	0.08885420416752522	1000
Ebox_CACGTG	GATA	++	18	0.1886535762956645	0.012608566189859212	0.005638722219866143	1.7169203281402587	0.11370328923264197	1000
Ebox_CACGTG	GATA	++	27	0.18315608421755764	0.007019296537397724	0.003139124842370041	1.7131097078323365	0.10962067311489884	1000
Ebox_CACGTG	GATA	++	36	0.1733684075214851	0.010292541691609945	0.004602964576738103	1.7063253402709961	0.11110931178553736	1000
Ebox_CACGTG	GATA	+-	0	0.19188728438807873	0.012591450449059759	0.005631067827883574	1.7191616535186767	0.10335072839335378	1000
Ebox_CACGTG	GATA	+-	9	0.19537143576646254	0.012209596183764368	0.005460297408943828	1.721576738357544	0.1124439599135126	1000
Ebox_CACGTG	GATA	+-	18	0.1843060892082145	0.011741186388171428	0.005250818180089309	1.7139068365097045	0.11259244802556106	1000
Ebox_CACGTG	GATA	+-	27	0.1878204342907404	0.011794608857611046	0.005274709434727887	1.7163427829742433	0.11242430864427681	1000
Ebox_CACGTG	GATA	+-	36	0.18506855709254968	0.007212855712406692	0.003225687136967807	1.7144352674484253	0.10955544360382823	1000
Ebox_CACGTG	GATA	-+	0	0.018818422274276058	0.006815367679248356	0.003047925084490861	1.5991995096206666	0.10805683202589268	1000
Ebox_CACGTG	GATA	-+	9	0.5692705371526315	0.03981965134841468	0.017807889451079275	1.9807437419891358	0.08885420416752522	1000
Ebox_CACGTG	GATA	-+	18	0.1886535762956645	0.012608566189859212	0.005638722219866143	1.7169203281402587	0.11370328923264197	1000
Ebox_CACGTG	GATA	-+	27	0.18315608421755764	0.007019296537397724	0.003139124842370041	1.7131097078323365	0.10962067311489884	1000
Ebox_CACGTG	GATA	-+	36	0.1733684075214851	0.010292541691609945	0.004602964576738103	1.7063253402709961	0.11110931178553736	1000
Ebox_CACGTG	GATA	--	0	0.19188728438807873	0.012591450449059759	0.005631067827883574	1.7191616535186767	0.10335072839335378	1000
Ebox_CACGTG	GATA	--	9	0.19537143576646254	0.012209596183764368	0.005460297408943828	1.721576738357544	0.1124439599135126	1000
Ebox_CACGTG	GATA	--	18	0.1843060892082145	0.011741186388171428	0.005250818180089309	1.7139068365097045	0.11259244802556106	1000
Ebox_CACGTG	GATA	--	27	0.1878204342907404	0.011794608857611046	0.005274709434727887	1.7163427829742433	0.11242430864427681	1000
Ebox_CACGTG	GATA	--	36	0.18506855709254968	0.007212855712406692	0.003225687136967807	1.7144352674484253	0.10955544360382823	1000
Ebox_CACGTG	Grepeats	++	0	0.32907299722037	0.039082891710362236	0.017478400524326594	1.8142515420913696	0.10930306779827674	1000
Ebox_CACGTG	Grepeats	++	9	0.25621492054292305	0.033824841558274345	0.01512692901049227	1.763750171661377	0.11158096454822387	1000
Ebox_CACGTG	Grepeats	++	18	0.2629749308116644	0.033513190596278435	0.014987554463237057	1.7684358835220337	0.11264627605871387	1000
Ebox_CACGTG	Grepeats	++	27	0.259224376157311	0.03234999655361157	0.01446735827315188	1.7658361911773681	0.11243583742923398	1000
Ebox_CACGTG	Grepeats	++	36	0.2657579497683601	0.03305872001748146	0.014784309041644315	1.7703649520874023	0.11142538304479818	1000
Ebox_CACGTG	Grepeats	+-	0	0.2552363951538752	0.05641105253802194	0.02522778963146582	1.763071894645691	0.12003183843155624	1000
Ebox_CACGTG	Grepeats	+-	9	0.2603672352688245	0.036916564598022575	0.016509589587388133	1.766628336906433	0.11609680546624311	1000
Ebox_CACGTG	Grepeats	+-	18	0.261434288727404	0.03292204251971417	0.01472318500644387	1.7673679351806642	0.11150815499514946	1000
Ebox_CACGTG	Grepeats	+-	27	0.26120216374353444	0.03221884886924233	0.014408707245683617	1.7672070503234862	0.11114965990162516	1000
Ebox_CACGTG	Grepeats	+-	36	0.26153337223213236	0.03423016513923094	0.015308195226472785	1.767436647415161	0.11247377521770457	1000
Ebox_CACGTG	Grepeats	-+	0	0.32907299722037	0.039082891710362236	0.017478400524326594	1.8142515420913696	0.10930306779827674	1000
Ebox_CACGTG	Grepeats	-+	9	0.25621492054292305	0.033824841558274345	0.01512692901049227	1.763750171661377	0.11158096454822387	1000
Ebox_CACGTG	Grepeats	-+	18	0.2629749308116644	0.033513190596278435	0.014987554463237057	1.7684358835220337	0.11264627605871387	1000
Ebox_CACGTG	Grepeats	-+	27	0.259224376157311	0.03234999655361157	0.01446735827315188	1.7658361911773681	0.11243583742923398	1000
Ebox_CACGTG	Grepeats	-+	36	0.2657579497683601	0.03305872001748146	0.014784309041644315	1.7703649520874023	0.11142538304479818	1000
Ebox_CACGTG	Grepeats	--	0	0.2552363951538752	0.05641105253802194	0.02522778963146582	1.763071894645691	0.12003183843155624	1000
Ebox_CACGTG	Grepeats	--	9	0.2603672352688245	0.036916564598022575	0.016509589587388133	1.766628336906433	0.11609680546624311	1000
Ebox_CACGTG	Grepeats	--	18	0.261434288727404	0.03292204251971417	0.01472318500644387	1.7673679351806642	0.11150815499514946	1000
Ebox_CACGTG	Grepeats	--	27	0.26120216374353444	0.03221884886924233	0.014408707245683617	1.7672070503234862	0.11114965990162516	1000
Ebox_CACGTG	Grepeats	--	36	0.26153337223213236	0.03423016513923094	0.015308195226472785	1.767436647415161	0.11247377521770457	1000
Ebox_CACGTG	NFI	++	0	0.007108229856931219	0.0009390211677432952	0.0004199430326770482	1.5910825967788695	0.10536336679421214	1000
Ebox_CACGTG	NFI	++	9	0.00040219218387009986	0.0035909610451245948	0.0016059266002904566	1.5864343166351318	0.10647712958815987	1000
Ebox_CACGTG	NFI	++	18	0.0012327192602993263	0.002396662249196582	0.0010718199416622197	1.5870100021362306	0.10629328892643347	1000
Ebox_CACGTG	NFI	++	27	0.00570203951794668	0.0042100470277679925	0.0018827902685120352	1.5901078701019287	0.10711603291599105	1000
Ebox_CACGTG	NFI	++	36	0.014215883706343501	0.005596905155978761	0.0025030120784775146	1.5960092306137086	0.10816967927109725	1000
Ebox_CACGTG	NFI	+-	0	0.007108229856931219	0.0009390211677432952	0.0004199430326770482	1.5910825967788695	0.10536336679421214	1000
Ebox_CACGTG	NFI	+-	9	0.00040219218387009986	0.0035909610451245948	0.0016059266002904566	1.5864343166351318	0.10647712958815987	1000
Ebox_CACGTG	NFI	+-	18	0.0012327192602993263	0.002396662249196582	0.0010718199416622197	1.5870100021362306	0.10629328892643347	1000
Ebox_CACGTG	NFI	+-	27	0.00570203951794668	0.0042100470277679925	0.0018827902685120352	1.5901078701019287	0.10711603291599105	1000
Ebox_CACGTG	NFI	+-	36	0.014215883706343501	0.005596905155978761	0.0025030120784775146	1.5960092306137086	0.10816967927109725	1000
Ebox_CACGTG	NFI	-+	0	0.007108229856931219	0.0009390211677432952	0.0004199430326770482	1.5910825967788695	0.10536336679421214	1000
Ebox_CACGTG	NFI	-+	9	0.00040219218387009986	0.0035909610451245948	0.0016059266002904566	1.5864343166351318	0.10647712958815987	1000
Ebox_CACGTG	NFI	-+	18	0.0012327192602993263	0.002396662249196582	0.0010718199416622197	1.5870100021362306	0.10629328892643347	1000
Ebox_CACGTG	NFI	-+	27	0.00570203951794668	0.0042100470277679925	0.0018827902685120352	1.5901078701019287	0.10711603291599105	1000
Ebox_CACGTG	NFI	-+	36	0.014215883706343501	0.005596905155978761	0.0025030120784775146	1.5960092306137086	0.10816967927109725	1000
Ebox_CACGTG	NFI	--	0	0.007108229856931219	0.0009390211677432952	0.0004199430326770482	1.5910825967788695	0.10536336679421214	1000
Ebox_CACGTG	NFI	--	9	0.00040219218387009986	0.0035909610451245948	0.0016059266002904566	1.5864343166351318	0.10647712958815987	1000
Ebox_CACGTG	NFI	--	18	0.0012327192602993263	0.002396662249196582	0.0010718199416622197	1.5870100021362306	0.10629328892643347	1000
Ebox_CACGTG	NFI	--	27	0.00570203951794668	0.0042100470277679925	0.0018827902685120352	1.5901078701019287	0.10711603291599105	1000
Ebox_CACGTG	NFI	--	36	0.014215883706343501	0.005596905155978761	0.0025030120784775146	1.5960092306137086	0.10816967927109725	1000
Ebox_CACGTG	NFY	++	0	-0.01715747362308652	0.004517509682564082	0.002020291747845357	1.5742629051208497	0.10733728047437277	1000
Ebox_CACGTG	NFY	++	9	-0.02535333063192962	0.0023728453274845865	0.001061168690469657	1.5685819625854491	0.10643814030864948	1000
Ebox_CACGTG	NFY	++	18	-0.0195974467134315	0.0033935088893311425	0.001517623311758849	1.5725716829299927	0.10745196803324263	1000
Ebox_CACGTG	NFY	++	27	-0.01951985835283208	0.002678734694295765	0.0011979665740264897	1.572625422477722	0.10689248929402347	1000
Ebox_CACGTG	NFY	++	36	-0.01683384056717482	0.0030870892517897977	0.0013805882839221903	1.5744872570037842	0.1070522689851042	1000
Ebox_CACGTG	NFY	+-	0	-0.015493915672615918	0.004806946987597147	0.0021497320457010117	1.5754159927368163	0.10760083640782565	1000
Ebox_CACGTG	NFY	+-	9	-0.01761041989673618	0.002838391667663029	0.001269367343132705	1.573948907852173	0.10666369164881653	1000
Ebox_CACGTG	NFY	+-	18	-0.02012824698025928	0.0030545582619989436	0.0013660399830126501	1.5722036838531495	0.10675169142264765	1000
Ebox_CACGTG	NFY	+-	27	-0.02079556008854676	0.0028105053169078993	0.0012568961879461302	1.5717411518096924	0.10674160205406664	1000
Ebox_CACGTG	NFY	+-	36	-0.014152183616608499	0.0022252579467884515	0.0009951656072981175	1.5763459205627441	0.10650292140271772	1000
Ebox_CACGTG	NFY	-+	0	-0.01715747362308652	0.004517509682564082	0.002020291747845357	1.5742629051208497	0.10733728047437277	1000
Ebox_CACGTG	NFY	-+	9	-0.02535333063192962	0.0023728453274845865	0.001061168690469657	1.5685819625854491	0.10643814030864948	1000
Ebox_CACGTG	NFY	-+	18	-0.0195974467134315	0.0033935088893311425	0.001517623311758849	1.5725716829299927	0.10745196803324263	1000
Ebox_CACGTG	NFY	-+	27	-0.01951985835283208	0.002678734694295765	0.0011979665740264897	1.572625422477722	0.10689248929402347	1000
Ebox_CACGTG	NFY	-+	36	-0.01683384056717482	0.0030870892517897977	0.0013805882839221903	1.5744872570037842	0.1070522689851042	1000
Ebox_CACGTG	NFY	--	0	-0.015493915672615918	0.004806946987597147	0.0021497320457010117	1.5754159927368163	0.10760083640782565	1000
Ebox_CACGTG	NFY	--	9	-0.01761041989673618	0.002838391667663029	0.001269367343132705	1.573948907852173	0.10666369164881653	1000
Ebox_CACGTG	NFY	--	18	-0.02012824698025928	0.0030545582619989436	0.0013660399830126501	1.5722036838531495	0.10675169142264765	1000
Ebox_CACGTG	NFY	--	27	-0.02079556008854676	0.0028105053169078993	0.0012568961879461302	1.5717411518096924	0.10674160205406664	1000
Ebox_CACGTG	NFY	--	36	-0.014152183616608499	0.0022252579467884515	0.0009951656072981175	1.5763459205627441	0.10650292140271772	1000
Ebox_CACGTG	NRF1	++	0	0.05331188401864719	0.011831554308803463	0.005291231942793016	1.6231085538864136	0.10566912461636384	1000
Ebox_CACGTG	NRF1	++	9	0.024211387865477697	0.00819434480734577	0.0036646224040595113	1.602937602996826	0.10708078098473488	1000
Ebox_CACGTG	NRF1	++	18	0.04248518972331474	0.011629822311086203	0.005201014650766491	1.615603995323181	0.10848666621320283	1000
Ebox_CACGTG	NRF1	++	27	0.035018100464008814	0.011114562760826554	0.0049705835746791825	1.610428261756897	0.10764277717188142	1000
Ebox_CACGTG	NRF1	++	36	0.04645887628123492	0.01015621129217147	0.004541995768629277	1.6183583736419678	0.10756980668207712	1000
Ebox_CACGTG	NRF1	+-	0	0.05331188401864719	0.011831554308803463	0.005291231942793016	1.6231085538864136	0.10566912461636384	1000
Ebox_CACGTG	NRF1	+-	9	0.024211387865477697	0.00819434480734577	0.0036646224040595113	1.602937602996826	0.10708078098473488	1000
Ebox_CACGTG	NRF1	+-	18	0.04248518972331474	0.011629822311086203	0.005201014650766491	1.615603995323181	0.10848666621320283	1000
Ebox_CACGTG	NRF1	+-	27	0.035018100464008814	0.011114562760826554	0.0049705835746791825	1.610428261756897	0.10764277717188142	1000
Ebox_CACGTG	NRF1	+-	36	0.04645887628123492	0.01015621129217147	0.004541995768629277	1.6183583736419678	0.10756980668207712	1000
Ebox_CACGTG	NRF1	-+	0	0.05331188401864719	0.011831554308803463	0.005291231942793016	1.6231085538864136	0.10566912461636384	1000
Ebox_CACGTG	NRF1	-+	9	0.024211387865477697	0.00819434480734577	0.0036646224040595113	1.602937602996826	0.10708078098473488	1000
Ebox_CACGTG	NRF1	-+	18	0.04248518972331474	0.011629822311086203	0.005201014650766491	1.615603995323181	0.10848666621320283	1000
Ebox_CACGTG	NRF1	-+	27	0.035018100464008814	0.011114562760826554	0.0049705835746791825	1.610428261756897	0.10764277717188142	1000
Ebox_CACGTG	NRF1	-+	36	0.04645887628123492	0.01015621129217147	0.004541995768629277	1.6183583736419678	0.10756980668207712	1000
Ebox_CACGTG	NRF1	--	0	0.05331188401864719	0.011831554308803463	0.005291231942793016	1.6231085538864136	0.10566912461636384	1000
Ebox_CACGTG	NRF1	--	9	0.024211387865477697	0.00819434480734577	0.0036646224040595113	1.602937602996826	0.10708078098473488	1000
Ebox_CACGTG	NRF1	--	18	0.04248518972331474	0.011629822311086203	0.005201014650766491	1.615603995323181	0.10848666621320283	1000
Ebox_CACGTG	NRF1	--	27	0.035018100464008814	0.011114562760826554	0.0049705835746791825	1.610428261756897	0.10764277717188142	1000
Ebox_CACGTG	NRF1	--	36	0.04645887628123492	0.01015621129217147	0.004541995768629277	1.6183583736419678	0.10756980668207712	1000
Ebox_CACGTG	REST	++	0	-0.027276707475709278	0.008375964013815813	0.0037458449823968287	1.5672487497329712	0.10755339065737284	1000
Ebox_CACGTG	REST	++	9	-0.015220201656008741	0.0059899672436695625	0.0026787947879684374	1.5756056785583497	0.10665095687131547	1000
Ebox_CACGTG	REST	++	18	-0.00428191172341096	0.006850860040917116	0.0030637977511655326	1.5831875324249267	0.10729303129568198	1000
Ebox_CACGTG	REST	++	27	0.00020476798575584011	0.008498504848957771	0.0038006469098762316	1.5862974643707275	0.10784234269934506	1000
Ebox_CACGTG	REST	++	36	-0.00372760582014998	0.006543224161800153	0.002926218803560845	1.5835717916488647	0.1067505406483301	1000
Ebox_CACGTG	REST	+-	0	-0.01397094359647864	0.005341101295205	0.0023886131141581104	1.5764715671539307	0.10695464598282456	1000
Ebox_CACGTG	REST	+-	9	-0.01236640908407334	0.0068599096295557495	0.003067844850238411	1.5775837659835816	0.10675981268110511	1000
Ebox_CACGTG	REST	+-	18	-0.006328194876942919	0.007393876292446831	0.003306642001427046	1.5817691802978515	0.10745403480394038	1000
Ebox_CACGTG	REST	+-	27	-0.00019344722776273962	0.00950992900308496	0.004252969542418955	1.5860214710235596	0.10862939309039953	1000
Ebox_CACGTG	REST	+-	36	-0.0008834697717472999	0.0075922409327331	0.0033953533654295237	1.585543155670166	0.10718005709839754	1000
Ebox_CACGTG	REST	-+	0	-0.027276707475709278	0.008375964013815813	0.0037458449823968287	1.5672487497329712	0.10755339065737284	1000
Ebox_CACGTG	REST	-+	9	-0.015220201656008741	0.0059899672436695625	0.0026787947879684374	1.5756056785583497	0.10665095687131547	1000
Ebox_CACGTG	REST	-+	18	-0.00428191172341096	0.006850860040917116	0.0030637977511655326	1.5831875324249267	0.10729303129568198	1000
Ebox_CACGTG	REST	-+	27	0.00020476798575584011	0.008498504848957771	0.0038006469098762316	1.5862974643707275	0.10784234269934506	1000
Ebox_CACGTG	REST	-+	36	-0.00372760582014998	0.006543224161800153	0.002926218803560845	1.5835717916488647	0.1067505406483301	1000
Ebox_CACGTG	REST	--	0	-0.01397094359647864	0.005341101295205	0.0023886131141581104	1.5764715671539307	0.10695464598282456	1000
Ebox_CACGTG	REST	--	9	-0.01236640908407334	0.0068599096295557495	0.003067844850238411	1.5775837659835816	0.10675981268110511	1000
Ebox_CACGTG	REST	--	18	-0.006328194876942919	0.007393876292446831	0.003306642001427046	1.5817691802978515	0.10745403480394038	1000
Ebox_CACGTG	REST	--	27	-0.00019344722776273962	0.00950992900308496	0.004252969542418955	1.5860214710235596	0.10862939309039953	1000
Ebox_CACGTG	REST	--	36	-0.0008834697717472999	0.0075922409327331	0.0033953533654295237	1.585543155670166	0.10718005709839754	1000
Ebox_CACGTG	RFX_1	++	0	-0.03637169502335954	0.00405719017040516	0.0018144306037339785	1.5609446048736573	0.10720448194748954	1000
Ebox_CACGTG	RFX_1	++	9	-0.0293337427863901	0.005092746064742623	0.00227754527858181	1.565822958946228	0.10728171473585843	1000
Ebox_CACGTG	RFX_1	++	18	-0.026294103948052844	0.006105268199823491	0.002730358943134619	1.5679298400878907	0.10842425999161019	1000
Ebox_CACGTG	RFX_1	++	27	-0.024139317192019182	0.005755006700747965	0.0025737172387678476	1.5694234371185303	0.1078826588762035	1000
Ebox_CACGTG	RFX_1	++	36	-0.0217508817933185	0.005206747788700935	0.0023285283994464003	1.5710789680480957	0.10698213471726399	1000
Ebox_CACGTG	RFX_1	+-	0	-0.03637169502335954	0.00405719017040516	0.0018144306037339785	1.5609446048736573	0.10720448194748954	1000
Ebox_CACGTG	RFX_1	+-	9	-0.0293337427863901	0.005092746064742623	0.00227754527858181	1.565822958946228	0.10728171473585843	1000
Ebox_CACGTG	RFX_1	+-	18	-0.026294103948052844	0.006105268199823491	0.002730358943134619	1.5679298400878907	0.10842425999161019	1000
Ebox_CACGTG	RFX_1	+-	27	-0.024139317192019182	0.005755006700747965	0.0025737172387678476	1.5694234371185303	0.1078826588762035	1000
Ebox_CACGTG	RFX_1	+-	36	-0.0217508817933185	0.005206747788700935	0.0023285283994464003	1.5710789680480957	0.10698213471726399	1000
Ebox_CACGTG	RFX_1	-+	0	-0.03637169502335954	0.00405719017040516	0.0018144306037339785	1.5609446048736573	0.10720448194748954	1000
Ebox_CACGTG	RFX_1	-+	9	-0.0293337427863901	0.005092746064742623	0.00227754527858181	1.565822958946228	0.10728171473585843	1000
Ebox_CACGTG	RFX_1	-+	18	-0.026294103948052844	0.006105268199823491	0.002730358943134619	1.5679298400878907	0.10842425999161019	1000
Ebox_CACGTG	RFX_1	-+	27	-0.024139317192019182	0.005755006700747965	0.0025737172387678476	1.5694234371185303	0.1078826588762035	1000
Ebox_CACGTG	RFX_1	-+	36	-0.0217508817933185	0.005206747788700935	0.0023285283994464003	1.5710789680480957	0.10698213471726399	1000
Ebox_CACGTG	RFX_1	--	0	-0.03637169502335954	0.00405719017040516	0.0018144306037339785	1.5609446048736573	0.10720448194748954	1000
Ebox_CACGTG	RFX_1	--	9	-0.0293337427863901	0.005092746064742623	0.00227754527858181	1.565822958946228	0.10728171473585843	1000
Ebox_CACGTG	RFX_1	--	18	-0.026294103948052844	0.006105268199823491	0.002730358943134619	1.5679298400878907	0.10842425999161019	1000
Ebox_CACGTG	RFX_1	--	27	-0.024139317192019182	0.005755006700747965	0.0025737172387678476	1.5694234371185303	0.1078826588762035	1000
Ebox_CACGTG	RFX_1	--	36	-0.0217508817933185	0.005206747788700935	0.0023285283994464003	1.5710789680480957	0.10698213471726399	1000
Ebox_CACGTG	STAT	++	0	0.15599322388226164	0.08139601654939511	0.03640140522042907	1.6942817926406861	0.08681809065044283	1000
Ebox_CACGTG	STAT	++	9	0.2390335312542581	0.0614643129532285	0.027487676390747957	1.7518409729003905	0.09161565781893248	1000
Ebox_CACGTG	STAT	++	18	0.22217261443721087	0.04704994780378595	0.02104137632541646	1.7401538610458374	0.08869121059175696	1000
Ebox_CACGTG	STAT	++	27	0.22785199966643654	0.05133467378808781	0.022957564038588195	1.7440905094146728	0.08787665691398391	1000
Ebox_CACGTG	STAT	++	36	0.23198719996879405	0.048086972550777755	0.021505147891141104	1.7469568252563477	0.09076891146571867	1000
Ebox_CACGTG	STAT	+-	0	0.15599322388226164	0.08139601654939511	0.03640140522042907	1.6942817926406861	0.08681809065044283	1000
Ebox_CACGTG	STAT	+-	9	0.2390335312542581	0.0614643129532285	0.027487676390747957	1.7518409729003905	0.09161565781893248	1000
Ebox_CACGTG	STAT	+-	18	0.22217261443721087	0.04704994780378595	0.02104137632541646	1.7401538610458374	0.08869121059175696	1000
Ebox_CACGTG	STAT	+-	27	0.22785199966643654	0.05133467378808781	0.022957564038588195	1.7440905094146728	0.08787665691398391	1000
Ebox_CACGTG	STAT	+-	36	0.23198719996879405	0.048086972550777755	0.021505147891141104	1.7469568252563477	0.09076891146571867	1000
Ebox_CACGTG	STAT	-+	0	0.15599322388226164	0.08139601654939511	0.03640140522042907	1.6942817926406861	0.08681809065044283	1000
Ebox_CACGTG	STAT	-+	9	0.2390335312542581	0.0614643129532285	0.027487676390747957	1.7518409729003905	0.09161565781893248	1000
Ebox_CACGTG	STAT	-+	18	0.22217261443721087	0.04704994780378595	0.02104137632541646	1.7401538610458374	0.08869121059175696	1000
Ebox_CACGTG	STAT	-+	27	0.22785199966643654	0.05133467378808781	0.022957564038588195	1.7440905094146728	0.08787665691398391	1000
Ebox_CACGTG	STAT	-+	36	0.23198719996879405	0.048086972550777755	0.021505147891141104	1.7469568252563477	0.09076891146571867	1000
Ebox_CACGTG	STAT	--	0	0.15599322388226164	0.08139601654939511	0.03640140522042907	1.6942817926406861	0.08681809065044283	1000
Ebox_CACGTG	STAT	--	9	0.2390335312542581	0.0614643129532285	0.027487676390747957	1.7518409729003905	0.09161565781893248	1000
Ebox_CACGTG	STAT	--	18	0.22217261443721087	0.04704994780378595	0.02104137632541646	1.7401538610458374	0.08869121059175696	1000
Ebox_CACGTG	STAT	--	27	0.22785199966643654	0.05133467378808781	0.022957564038588195	1.7440905094146728	0.08787665691398391	1000
Ebox_CACGTG	STAT	--	36	0.23198719996879405	0.048086972550777755	0.021505147891141104	1.7469568252563477	0.09076891146571867	1000
Ebox_CACGTG	TATAbox	++	0	-0.02461151652034862	0.002729088539010177	0.0012204854979684684	1.5690961360931397	0.10411207953823048	1000
Ebox_CACGTG	TATAbox	++	9	-0.01679018626465088	0.007121778328576013	0.00318495609267616	1.574517512321472	0.10559147532778378	1000
Ebox_CACGTG	TATAbox	++	18	-0.021209803950764338	0.0068018920461655604	0.003041898598168266	1.571454071998596	0.10596469678114849	1000
Ebox_CACGTG	TATAbox	++	27	-0.01870448081212764	0.005508490001184873	0.0024634716192054543	1.5731905698776245	0.10470259897480785	1000
Ebox_CACGTG	TATAbox	++	36	-0.0167145198101749	0.006669497859811369	0.0029826901180655166	1.5745699405670166	0.10647713717322752	1000
Ebox_CACGTG	TATAbox	+-	0	-0.014878370820214041	0.005100876540753584	0.002281181337991798	1.5758426189422607	0.10561356941781365	1000
Ebox_CACGTG	TATAbox	+-	9	-0.0216951779563185	0.007225041095886082	0.003231136606126171	1.5711176156997682	0.10613596237753639	1000
Ebox_CACGTG	TATAbox	+-	18	-0.021209990444451342	0.007648049219094431	0.0034203115898318657	1.5714539289474487	0.10630715698512953	1000
Ebox_CACGTG	TATAbox	+-	27	-0.01847918837650942	0.0057591133973708495	0.0025755538093301957	1.5733467102050782	0.10486974074821453	1000
Ebox_CACGTG	TATAbox	+-	36	-0.016260472310113922	0.006691810129008619	0.002992668468196982	1.5748846292495728	0.10634394703286025	1000
Ebox_CACGTG	TATAbox	-+	0	-0.02461151652034862	0.002729088539010177	0.0012204854979684684	1.5690961360931397	0.10411207953823048	1000
Ebox_CACGTG	TATAbox	-+	9	-0.01679018626465088	0.007121778328576013	0.00318495609267616	1.574517512321472	0.10559147532778378	1000
Ebox_CACGTG	TATAbox	-+	18	-0.021209803950764338	0.0068018920461655604	0.003041898598168266	1.571454071998596	0.10596469678114849	1000
Ebox_CACGTG	TATAbox	-+	27	-0.01870448081212764	0.005508490001184873	0.0024634716192054543	1.5731905698776245	0.10470259897480785	1000
Ebox_CACGTG	TATAbox	-+	36	-0.0167145198101749	0.006669497859811369	0.0029826901180655166	1.5745699405670166	0.10647713717322752	1000
Ebox_CACGTG	TATAbox	--	0	-0.014878370820214041	0.005100876540753584	0.002281181337991798	1.5758426189422607	0.10561356941781365	1000
Ebox_CACGTG	TATAbox	--	9	-0.0216951779563185	0.007225041095886082	0.003231136606126171	1.5711176156997682	0.10613596237753639	1000
Ebox_CACGTG	TATAbox	--	18	-0.021209990444451342	0.007648049219094431	0.0034203115898318657	1.5714539289474487	0.10630715698512953	1000
Ebox_CACGTG	TATAbox	--	27	-0.01847918837650942	0.0057591133973708495	0.0025755538093301957	1.5733467102050782	0.10486974074821453	1000
Ebox_CACGTG	TATAbox	--	36	-0.016260472310113922	0.006691810129008619	0.002992668468196982	1.5748846292495728	0.10634394703286025	1000
GATA	GATA	++	0	0.5555358478703418	0.03794321789252712	0.016968722898555392	1.9712237119674683	0.13009258403053373	1000
GATA	GATA	++	9	0.2697985875599238	0.01644349814223155	0.00735375592678425	1.773165726661682	0.11558006569446183	1000
GATA	GATA	++	18	0.3506123150931755	0.015394699761690075	0.0068847190320677635	1.8291814565658568	0.11495768027290192	1000
GATA	GATA	++	27	0.4477450249123406	0.022905105784696633	0.010243474713281067	1.896508812904358	0.1099472978998473	1000
GATA	GATA	++	36	0.3761011027543223	0.024712092476708816	0.01105158372883641	1.846848964691162	0.11818565165286599	1000
GATA	GATA	+-	0	0.1697111792526224	0.027977896792079657	0.012512095818912682	1.7037903785705566	0.11099156930563388	1000
GATA	GATA	+-	9	0.35457801144462575	0.03105134867444136	0.013886585285819772	1.8319303274154664	0.12466589616950206	1000
GATA	GATA	+-	18	0.4020815673164545	0.023454784309170293	0.010489298422580043	1.864857292175293	0.10220311902860123	1000
GATA	GATA	+-	27	0.37424326016837683	0.030088533405800037	0.013456001207728429	1.8455612421035767	0.12165138802233146	1000
GATA	GATA	+-	36	0.39938297034350106	0.014921001547139181	0.006672874750356548	1.8629867076873778	0.11357945606326668	1000
GATA	GATA	-+	0	0.21929138478773996	0.05701520697049643	0.025497975707449973	1.7381567716598512	0.11537802330726532	1000
GATA	GATA	-+	9	0.2331449785752699	0.028404895582265187	0.012703055483145684	1.7477594137191772	0.10760945053694707	1000
GATA	GATA	-+	18	0.3564171036220609	0.015044163739413512	0.006727954557193209	1.8332051038742065	0.1110876226847598	1000
GATA	GATA	-+	27	0.3777062770287527	0.0346840018306237	0.015511157165000348	1.8479615926742554	0.1250542369813316	1000
GATA	GATA	-+	36	0.43839874813905677	0.01989932560114796	0.008899248950113741	1.8900303840637207	0.11226487060706078	1000
GATA	GATA	--	0	0.5571498620530265	0.04420418560898715	0.019768712782342643	1.9723424196243287	0.13377458285023436	1000
GATA	GATA	--	9	0.26634193405762985	0.01785335328731473	0.007984262315351013	1.770769715309143	0.11672352635577517	1000
GATA	GATA	--	18	0.3564727787057115	0.01430374625642995	0.0063968297924571005	1.8332436800003051	0.11386177752121016	1000
GATA	GATA	--	27	0.4513271397584389	0.021119964077715953	0.009445135072025304	1.898991632461548	0.11115274172270083	1000
GATA	GATA	--	36	0.3655449409309175	0.028904432036026002	0.012926454976715358	1.8395319700241088	0.12148995241141035	1000
GATA	Grepeats	++	0	0.5121637151319011	0.03872967834106792	0.01732043870346583	1.941160297393799	0.11229593237242437	1000
GATA	Grepeats	++	9	0.4742617571772606	0.031188001760814568	0.013947698403912901	1.9148887395858765	0.10236593996092641	1000
GATA	Grepeats	++	18	0.5119253385786726	0.02377918650513542	0.01063437549502569	1.9409951210021972	0.10770521815595721	1000
GATA	Grepeats	++	27	0.5008979141949398	0.0401082214663159	0.017936941931059727	1.9333515405654906	0.1186985697925348	1000
GATA	Grepeats	++	36	0.4949674450443702	0.028383283516211354	0.012693390273379568	1.929240846633911	0.11134560760605194	1000
GATA	Grepeats	+-	0	0.3785192691163451	0.025609886372238884	0.011453089364874325	1.8485251426696778	0.11044878013498609	1000
GATA	Grepeats	+-	9	0.45066196245969686	0.0225683046581407	0.01009285267050555	1.898530626296997	0.10452798306475833	1000
GATA	Grepeats	+-	18	0.49297320301802533	0.028543433014478464	0.012765011306317115	1.9278585195541382	0.10995284145532805	1000
GATA	Grepeats	+-	27	0.49174294232334337	0.02666731810525343	0.011925987212191512	1.9270057678222656	0.11112154387955689	1000
GATA	Grepeats	+-	36	0.47638139175434946	0.03232007474629475	0.014453976834117867	1.9163579940795898	0.1133339816531686	1000
GATA	Grepeats	-+	0	0.27750516024205013	0.05064664342355225	0.022649867505451098	1.7785074949264525	0.12401415984587905	1000
GATA	Grepeats	-+	9	0.42180835573225056	0.033011736539021196	0.014763297391313006	1.8785308122634887	0.11990627250448947	1000
GATA	Grepeats	-+	18	0.5094346686306124	0.028188611473147634	0.01260633028905772	1.9392687559127808	0.11193253022760782	1000
GATA	Grepeats	-+	27	0.5212645554641384	0.0311030160503003	0.013909691638747697	1.947468638420105	0.11106840868497089	1000
GATA	Grepeats	-+	36	0.4902345426865534	0.028206826852371494	0.012614476454293816	1.9259602308273316	0.11033368212735002	1000
GATA	Grepeats	--	0	0.262049578158697	0.039311739222406425	0.017580744243009098	1.7677945137023925	0.12173854953771457	1000
GATA	Grepeats	--	9	0.41276550794988404	0.0265744562779828	0.011884458140533117	1.8722628116607667	0.11891028457039729	1000
GATA	Grepeats	--	18	0.4762420256132228	0.02534740443177016	0.0113357038725235	1.91626136302948	0.11262597822762371	1000
GATA	Grepeats	--	27	0.504596882653167	0.021550363691637184	0.009637615630868812	1.935915470123291	0.10825252120745504	1000
GATA	Grepeats	--	36	0.470077823440998	0.030009799543600488	0.01342079035412657	1.9119887113571168	0.10997520499650718	1000
GATA	NFI	++	0	0.16412643392638337	0.017951431127586008	0.008028124058937602	1.6999193191528321	0.11036266760239435	1000
GATA	NFI	++	9	0.22060614485835717	0.009861749928698437	0.004410308643534682	1.7390681266784669	0.10678255027632874	1000
GATA	NFI	++	18	0.20435359947047207	0.006345908623244961	0.002837976612115567	1.7278027296066285	0.10871324795320417	1000
GATA	NFI	++	27	0.18757846759967522	0.007502592191067503	0.003355261229337205	1.7161750793457031	0.10778626265256676	1000
GATA	NFI	++	36	0.20364448920356706	0.007007901370709845	0.0031340287689042333	1.727311134338379	0.105511831196078	1000
GATA	NFI	+-	0	0.16412643392638337	0.017951431127586008	0.008028124058937602	1.6999193191528321	0.11036266760239435	1000
GATA	NFI	+-	9	0.22060614485835717	0.009861749928698437	0.004410308643534682	1.7390681266784669	0.10678255027632874	1000
GATA	NFI	+-	18	0.20435359947047207	0.006345908623244961	0.002837976612115567	1.7278027296066285	0.10871324795320417	1000
GATA	NFI	+-	27	0.18757846759967522	0.007502592191067503	0.003355261229337205	1.7161750793457031	0.10778626265256676	1000
GATA	NFI	+-	36	0.20364448920356706	0.007007901370709845	0.0031340287689042333	1.727311134338379	0.105511831196078	1000
GATA	NFI	-+	0	0.242592127472851	0.01848323342534626	0.008265953276614104	1.7543076276779175	0.11675966717398797	1000
GATA	NFI	-+	9	0.1713241357420043	0.014275715092130688	0.006384293874684778	1.7049084186553956	0.10387755919029913	1000
GATA	NFI	-+	18	0.20976136175027443	0.012120869750544053	0.005420617741727484	1.7315510034561157	0.10991698413879192	1000
GATA	NFI	-+	27	0.20232728267974137	0.00587997389849833	0.0026296042685933427	1.7263981580734253	0.10739667166552984	1000
GATA	NFI	-+	36	0.19855030289108289	0.006372132449711403	0.002849704263837391	1.7237801790237426	0.10535962284122968	1000
GATA	NFI	--	0	0.242592127472851	0.01848323342534626	0.008265953276614104	1.7543076276779175	0.11675966717398797	1000
GATA	NFI	--	9	0.1713241357420043	0.014275715092130688	0.006384293874684778	1.7049084186553956	0.10387755919029913	1000
GATA	NFI	--	18	0.20976136175027443	0.012120869750544053	0.005420617741727484	1.7315510034561157	0.10991698413879192	1000
GATA	NFI	--	27	0.20232728267974137	0.00587997389849833	0.0026296042685933427	1.7263981580734253	0.10739667166552984	1000
GATA	NFI	--	36	0.19855030289108289	0.006372132449711403	0.002849704263837391	1.7237801790237426	0.10535962284122968	1000
GATA	NFY	++	0	0.17459487599871557	0.014064219557551319	0.006289710196233353	1.7071755409240723	0.10213832948633496	1000
GATA	NFY	++	9	0.13760977905365618	0.011066102113432924	0.0049489113143180215	1.6815393924713136	0.10659380362704461	1000
GATA	NFY	++	18	0.14731433868434987	0.007894240680513438	0.003530411758474449	1.6882660627365111	0.1081256803760273	1000
GATA	NFY	++	27	0.1400872837297929	0.010193712478253686	0.0045587668088926175	1.6832566261291504	0.1107468740250223	1000
GATA	NFY	++	36	0.14269542642752503	0.00904067760591536	0.00404311393789736	1.685064435005188	0.1096074472183558	1000
GATA	NFY	+-	0	0.049081583759712	0.005423767893300781	0.0024255827407202745	1.620176410675049	0.10513810805432436	1000
GATA	NFY	+-	9	0.14212966799968046	0.010928676619602088	0.004887452765108576	1.6846723556518555	0.11142344442695588	1000
GATA	NFY	+-	18	0.1357049766048926	0.007701311153123619	0.0034441310508523406	1.6802191019058228	0.10758536711726896	1000
GATA	NFY	+-	27	0.14493370753587786	0.00736290238583238	0.0032927900492833173	1.6866159439086914	0.10863466354834961	1000
GATA	NFY	+-	36	0.13951443101760025	0.008979360198866984	0.004015691959824521	1.6828595876693726	0.10856444740968975	1000
GATA	NFY	-+	0	-0.01090337017376178	0.007474451788005409	0.0033426764585049885	1.5785978794097901	0.10685908231846686	1000
GATA	NFY	-+	9	0.14704988956125065	0.012131980632722585	0.005425586679295722	1.688082766532898	0.11200040821136671	1000
GATA	NFY	-+	18	0.13441487239705974	0.007770190896982833	0.003474935008760736	1.6793248176574707	0.10681265253321462	1000
GATA	NFY	-+	27	0.1425327050424112	0.0077673636102188765	0.0034736706076815174	1.6849516868591308	0.10895095653404381	1000
GATA	NFY	-+	36	0.1337527327418885	0.012799564462007954	0.005724139243888061	1.6788658857345582	0.11108820877382276	1000
GATA	NFY	--	0	0.16368907129632357	0.009650083050039854	0.004315648337681523	1.6996161460876464	0.10878196044610151	1000
GATA	NFY	--	9	0.10151949601722873	0.020576171533602753	0.00920194365316637	1.6565235137939454	0.11667236488423903	1000
GATA	NFY	--	18	0.13489059575739448	0.003959224036217012	0.0017706188166264655	1.6796545743942262	0.10592806040879464	1000
GATA	NFY	--	27	0.13572325406111302	0.011750884386659536	0.005255155256862328	1.680231761932373	0.11018270589078033	1000
GATA	NFY	--	36	0.13916391102709363	0.011690727838044172	0.005228252430463184	1.682616639137268	0.11121096203403681	1000
GATA	NRF1	++	0	0.40798162133521904	0.06236165991183651	0.027888982150517994	1.8689468383789063	0.13924284128298792	1000
GATA	NRF1	++	9	0.26839380747027874	0.012564104166916045	0.005618838198722528	1.7721919298171998	0.1081102363523783	1000
GATA	NRF1	++	18	0.26085299596662026	0.013640225365861446	0.006100094229296626	1.7669650316238403	0.11324030625291996	1000
GATA	NRF1	++	27	0.25625475602442915	0.018968890743563494	0.008483145832074901	1.7637778043746948	0.11238836860734806	1000
GATA	NRF1	++	36	0.22812700207494935	0.00999380714270837	0.004469366425023771	1.7442811727523804	0.11026580706573182	1000
GATA	NRF1	+-	0	0.40798162133521904	0.06236165991183651	0.027888982150517994	1.8689468383789063	0.13924284128298792	1000
GATA	NRF1	+-	9	0.26839380747027874	0.012564104166916045	0.005618838198722528	1.7721919298171998	0.1081102363523783	1000
GATA	NRF1	+-	18	0.26085299596662026	0.013640225365861446	0.006100094229296626	1.7669650316238403	0.11324030625291996	1000
GATA	NRF1	+-	27	0.25625475602442915	0.018968890743563494	0.008483145832074901	1.7637778043746948	0.11238836860734806	1000
GATA	NRF1	+-	36	0.22812700207494935	0.00999380714270837	0.004469366425023771	1.7442811727523804	0.11026580706573182	1000
GATA	NRF1	-+	0	0.24118188263447476	0.02914364323530285	0.013033433477227813	1.753330111503601	0.11888264274834606	1000
GATA	NRF1	-+	9	0.279970221973397	0.014797843105817506	0.006617796620996911	1.780216121673584	0.11221895083931822	1000
GATA	NRF1	-+	18	0.2796289482001574	0.0194976039663928	0.008719593573444765	1.7799795627593995	0.11079639497392021	1000
GATA	NRF1	-+	27	0.25649527806122707	0.012849981308894661	0.0057466863432580366	1.7639445304870605	0.11326605662746546	1000
GATA	NRF1	-+	36	0.25755153100933237	0.008533544805131427	0.0038163172546628135	1.7646766424179077	0.10692700768679074	1000
GATA	NRF1	--	0	0.24118188263447476	0.02914364323530285	0.013033433477227813	1.753330111503601	0.11888264274834606	1000
GATA	NRF1	--	9	0.279970221973397	0.014797843105817506	0.006617796620996911	1.780216121673584	0.11221895083931822	1000
GATA	NRF1	--	18	0.2796289482001574	0.0194976039663928	0.008719593573444765	1.7799795627593995	0.11079639497392021	1000
GATA	NRF1	--	27	0.25649527806122707	0.012849981308894661	0.0057466863432580366	1.7639445304870605	0.11326605662746546	1000
GATA	NRF1	--	36	0.25755153100933237	0.008533544805131427	0.0038163172546628135	1.7646766424179077	0.10692700768679074	1000
GATA	REST	++	0	0.20820141891302094	0.017268963182820486	0.0077229151155455466	1.7304697990417481	0.10704851129167588	1000
GATA	REST	++	9	0.19136638763471173	0.009017156226462094	0.004032594857220946	1.7188006162643432	0.10972986564017613	1000
GATA	REST	++	18	0.19198336034620014	0.014859257787906841	0.00664526210179057	1.71922824382782	0.11250301391303394	1000
GATA	REST	++	27	0.1713483745468603	0.011586696057268916	0.005181728003736418	1.7049252033233642	0.10789235973464902	1000
GATA	REST	++	36	0.1668684823160773	0.012550219925504745	0.005612628977200191	1.7018200159072876	0.10954915286547076	1000
GATA	REST	+-	0	0.18092245523991063	0.014821219279400966	0.0066282507636342015	1.7115614414215088	0.10838260705385232	1000
GATA	REST	+-	9	0.19481675517111668	0.01440874245268678	0.006443785518898937	1.7211923122406005	0.11393313764008568	1000
GATA	REST	+-	18	0.19443483759791189	0.013918141942164916	0.006224382300634339	1.7209275245666504	0.1083564316904153	1000
GATA	REST	+-	27	0.1685818874224788	0.012074585340235762	0.005399918724177917	1.7030076265335083	0.11031148377548351	1000
GATA	REST	+-	36	0.16651896627429508	0.013583418341038135	0.006074689355475738	1.7015777349472045	0.10848040094284607	1000
GATA	REST	-+	0	0.01063610317203182	0.007679139287068702	0.0034342154909149775	1.5935279846191406	0.10108662069349784	1000
GATA	REST	-+	9	0.5598655369032107	0.05068789804964736	0.022668317135118098	1.9742247581481933	0.07153330091840249	1000
GATA	REST	-+	18	0.18243921323353246	0.013193886427897171	0.00590048538803799	1.7126127481460571	0.11250741164073372	1000
GATA	REST	-+	27	0.17044791208303908	0.015717186473638598	0.007028939474019222	1.7043010473251343	0.11083441962328043	1000
GATA	REST	-+	36	0.1650478954718749	0.011165387323733306	0.0049933130101964245	1.7005580425262452	0.10790571776298943	1000
GATA	REST	--	0	0.0022502635460818396	0.010104159657337856	0.004518717569863685	1.5877152919769286	0.10837980938216715	1000
GATA	REST	--	9	0.2119004905608386	0.02879534734867873	0.012877670821472795	1.7330337524414063	0.09042381272064266	1000
GATA	REST	--	18	0.18642097491435644	0.010996339045631779	0.0049177123219335634	1.7153727054595946	0.10895818285214849	1000
GATA	REST	--	27	0.16506759608453128	0.01341095206334189	0.0059975600913247055	1.7005717039108277	0.11043408333022342	1000
GATA	REST	--	36	0.16302134220499936	0.011685930049188381	0.005226106794058536	1.6991533517837525	0.10750959839213613	1000
GATA	RFX_1	++	0	0.20563930522200913	0.03745480344743281	0.016750297318470646	1.7286938667297362	0.12128524447099914	1000
GATA	RFX_1	++	9	0.18422651713522656	0.010267704672948736	0.004591857124321123	1.7138516426086425	0.10959332289025579	1000
GATA	RFX_1	++	18	0.15749426051181148	0.0139412552859527	0.0062347189022137015	1.695322299003601	0.11033722696720488	1000
GATA	RFX_1	++	27	0.15421792866916403	0.011659722674966838	0.005214386500004307	1.6930513620376586	0.11013112406611039	1000
GATA	RFX_1	++	36	0.15538136765463645	0.012078181434416236	0.005401526946386124	1.69385769367218	0.10830454915145087	1000
GATA	RFX_1	+-	0	0.20563930522200913	0.03745480344743281	0.016750297318470646	1.7286938667297362	0.12128524447099914	1000
GATA	RFX_1	+-	9	0.18422651713522656	0.010267704672948736	0.004591857124321123	1.7138516426086425	0.10959332289025579	1000
GATA	RFX_1	+-	18	0.15749426051181148	0.0139412552859527	0.0062347189022137015	1.695322299003601	0.11033722696720488	1000
GATA	RFX_1	+-	27	0.15421792866916403	0.011659722674966838	0.005214386500004307	1.6930513620376586	0.11013112406611039	1000
GATA	RFX_1	+-	36	0.15538136765463645	0.012078181434416236	0.005401526946386124	1.69385769367218	0.10830454915145087	1000
GATA	RFX_1	-+	0	0.1559700384711422	0.034818961893290465	0.015571513139874451	1.6942657709121705	0.12621281057385142	1000
GATA	RFX_1	-+	9	0.1114270768676997	0.015842762862682123	0.007085098942473279	1.6633909225463868	0.11333893074112547	1000
GATA	RFX_1	-+	18	0.16431391221408892	0.00854854889676328	0.0038230272884287046	1.7000492572784425	0.11031891553612667	1000
GATA	RFX_1	-+	27	0.14370159372813282	0.016448099342753205	0.007355813646213155	1.6857618808746337	0.11012960641861087	1000
GATA	RFX_1	-+	36	0.15412746364502708	0.006581602463593742	0.002943382101895138	1.6929885625839234	0.10734383615721071	1000
GATA	RFX_1	--	0	0.1559700384711422	0.034818961893290465	0.015571513139874451	1.6942657709121705	0.12621281057385142	1000
GATA	RFX_1	--	9	0.1114270768676997	0.015842762862682123	0.007085098942473279	1.6633909225463868	0.11333893074112547	1000
GATA	RFX_1	--	18	0.16431391221408892	0.00854854889676328	0.0038230272884287046	1.7000492572784425	0.11031891553612667	1000
GATA	RFX_1	--	27	0.14370159372813282	0.016448099342753205	0.007355813646213155	1.6857618808746337	0.11012960641861087	1000
GATA	RFX_1	--	36	0.15412746364502708	0.006581602463593742	0.002943382101895138	1.6929885625839234	0.10734383615721071	1000
GATA	STAT	++	0	0.34990986055485884	0.0913237186274046	0.04084120856178809	1.8286945819854736	0.07590375152831097	1000
GATA	STAT	++	9	0.43915428512256227	0.059340579444163266	0.02653791389227515	1.890554094314575	0.09709603286418018	1000
GATA	STAT	++	18	0.45617333568751145	0.0635349033025381	0.02841367254567021	1.9023508310317994	0.09320772738196703	1000
GATA	STAT	++	27	0.4433867781602959	0.0556643411562831	0.024893850149637648	1.8934879064559937	0.09416860943022745	1000
GATA	STAT	++	36	0.4178830409072229	0.048345108643392316	0.021620589861247572	1.8758100271224976	0.09159244267213021	1000
GATA	STAT	+-	0	0.34990986055485884	0.0913237186274046	0.04084120856178809	1.8286945819854736	0.07590375152831097	1000
GATA	STAT	+-	9	0.43915428512256227	0.059340579444163266	0.02653791389227515	1.890554094314575	0.09709603286418018	1000
GATA	STAT	+-	18	0.45617333568751145	0.0635349033025381	0.02841367254567021	1.9023508310317994	0.09320772738196703	1000
GATA	STAT	+-	27	0.4433867781602959	0.0556643411562831	0.024893850149637648	1.8934879064559937	0.09416860943022745	1000
GATA	STAT	+-	36	0.4178830409072229	0.048345108643392316	0.021620589861247572	1.8758100271224976	0.09159244267213021	1000
GATA	STAT	-+	0	0.39125534543596613	0.0262895533006816	0.011757045655685605	1.857353115081787	0.11171111578008268	1000
GATA	STAT	-+	9	0.39668529347772974	0.07814403104140315	0.03494707308888622	1.8611168384552002	0.10414703623766076	1000
GATA	STAT	-+	18	0.4620134451533178	0.057591061539288474	0.025755505699644538	1.906398868560791	0.09276632906633002	1000
GATA	STAT	-+	27	0.4602586201752392	0.0529885183737445	0.02369718582213786	1.9051825046539306	0.10103496803269593	1000
GATA	STAT	-+	36	0.4350889592214672	0.06122844314034601	0.027382192203658874	1.8877362489700318	0.08819200169198903	1000
GATA	STAT	--	0	0.39125534543596613	0.0262895533006816	0.011757045655685605	1.857353115081787	0.11171111578008268	1000
GATA	STAT	--	9	0.39668529347772974	0.07814403104140315	0.03494707308888622	1.8611168384552002	0.10414703623766076	1000
GATA	STAT	--	18	0.4620134451533178	0.057591061539288474	0.025755505699644538	1.906398868560791	0.09276632906633002	1000
GATA	STAT	--	27	0.4602586201752392	0.0529885183737445	0.02369718582213786	1.9051825046539306	0.10103496803269593	1000
GATA	STAT	--	36	0.4350889592214672	0.06122844314034601	0.027382192203658874	1.8877362489700318	0.08819200169198903	1000
GATA	TATAbox	++	0	0.07066528713003044	0.018722755823492688	0.00837307094949194	1.6351370096206665	0.11670610753959633	1000
GATA	TATAbox	++	9	0.09900033391837834	0.0066669867639171255	0.0029815671218420066	1.6547773361206055	0.10893566290265734	1000
GATA	TATAbox	++	18	0.1272274379456953	0.010343012662356819	0.004625535881034185	1.6743429183959961	0.10624304951708097	1000
GATA	TATAbox	++	27	0.1241398506130204	0.0031434089499860294	0.0014057752186499995	1.672202754020691	0.10643437149723477	1000
GATA	TATAbox	++	36	0.12486694381585621	0.00559407413018476	0.0025017460052532262	1.6727067470550536	0.10705784755691819	1000
GATA	TATAbox	+-	0	0.0309800878263768	0.007685631856738134	0.0034371190563408783	1.6076292991638184	0.10966214458698047	1000
GATA	TATAbox	+-	9	0.11038741272116166	0.008400899776129078	0.003756996594317476	1.6626702547073364	0.10804280726273505	1000
GATA	TATAbox	+-	18	0.11796521124367139	0.007969423397726017	0.003564034491758543	1.667922854423523	0.1071522999623689	1000
GATA	TATAbox	+-	27	0.1357438339350719	0.007229958817399725	0.003233335878045955	1.6802459955215454	0.10701231672696869	1000
GATA	TATAbox	+-	36	0.12008260144716647	0.0053439071995605245	0.0023898679527335734	1.6693904876708985	0.10848203511374148	1000
GATA	TATAbox	-+	0	0.24592093337205984	0.010997682559581628	0.0049183131596376795	1.7566149234771729	0.11132899293950534	1000
GATA	TATAbox	-+	9	0.028689103978281498	0.00961126590834502	0.004298288784177145	1.6060412883758546	0.10825337391561224	1000
GATA	TATAbox	-+	18	0.09849892494913721	0.005533729314259864	0.0024747589831536705	1.654429817199707	0.10775726442977633	1000
GATA	TATAbox	-+	27	0.11683841316196528	0.008733348759822452	0.003905672299635297	1.667141819000244	0.10897468815215532	1000
GATA	TATAbox	-+	36	0.12604548932742382	0.008908044077938826	0.003983798420967129	1.6735236167907714	0.10838339382763988	1000
GATA	TATAbox	--	0	0.19575454431952455	0.010412324585877453	0.004656533115562866	1.7218422412872314	0.10692338994456142	1000
GATA	TATAbox	--	9	0.01798793780439214	0.011903111403240678	0.005323233248279813	1.5986238479614259	0.10977030404414845	1000
GATA	TATAbox	--	18	0.11146389727835784	0.0071261160919417225	0.0031868959994273663	1.6634164810180665	0.10675018794521861	1000
GATA	TATAbox	--	27	0.1088993478830532	0.007908142592645684	0.0035366288825834356	1.6616388797760009	0.10887883727225339	1000
GATA	TATAbox	--	36	0.13865590652319196	0.010736338299438692	0.004801436453395882	1.682264542579651	0.10869438527729611	1000
Grepeats	Grepeats	++	0	0.3869637720580948	0.023344892585545004	0.01044015334974189	1.8543783903121949	0.10574150890542344	1000
Grepeats	Grepeats	++	9	0.3757170053010178	0.03638929898232738	0.016273789235609588	1.8465827465057374	0.1200771933365688	1000
Grepeats	Grepeats	++	18	0.4067499675810651	0.03800999018384104	0.016998584375033658	1.8680931329727173	0.11163879320500432	1000
Grepeats	Grepeats	++	27	0.4334249410830441	0.03358144466297093	0.015018078609810102	1.886582851409912	0.11339155651113927	1000
Grepeats	Grepeats	++	36	0.5004602269476266	0.04398979772839372	0.019672835607430834	1.9330480575561524	0.11162330897269011	1000
Grepeats	Grepeats	+-	0	0.307706797083923	0.05815593962266676	0.02600812685833127	1.79944167137146	0.100461087260616	1000
Grepeats	Grepeats	+-	9	0.42300456816162796	0.06390599263313311	0.028579628739457283	1.8793600082397461	0.11368854011673674	1000
Grepeats	Grepeats	+-	18	0.42869552997303983	0.04627035730302913	0.020692732854555394	1.8833046436309815	0.1017121046565991	1000
Grepeats	Grepeats	+-	27	0.4648457758355821	0.06640033545191215	0.029695132759852957	1.9083621025085449	0.13188634333190305	1000
Grepeats	Grepeats	+-	36	0.5074295658998655	0.06782755306053972	0.030333403878168144	1.937878966331482	0.12165432239465902	1000
Grepeats	Grepeats	-+	0	0.4817961021332467	0.055433363354300554	0.02479055373633236	1.920111107826233	0.13070026920519082	1000
Grepeats	Grepeats	-+	9	0.4155973957768224	0.04892885535765727	0.021881649328195286	1.8742257595062255	0.12906899767535887	1000
Grepeats	Grepeats	-+	18	0.41315237002430116	0.03948083524912237	0.01765636628510149	1.8725309133529664	0.12111406475972475	1000
Grepeats	Grepeats	-+	27	0.45809484625080643	0.0480184127776607	0.021474487028498763	1.9036827087402344	0.12242038766541714	1000
Grepeats	Grepeats	-+	36	0.5110598530864706	0.05116084359591762	0.022879824813341314	1.9403952598571776	0.11248992799902893	1000
Grepeats	Grepeats	--	0	0.38806174799729937	0.020952297032510565	0.009370152089892149	1.855139422416687	0.10597728247001999	1000
Grepeats	Grepeats	--	9	0.3790363951500919	0.03937762075411265	0.017610207359680483	1.8488835573196412	0.12236892472227943	1000
Grepeats	Grepeats	--	18	0.40150258772232483	0.03726556934734361	0.016665669256178555	1.8644559383392334	0.11133758680716276	1000
Grepeats	Grepeats	--	27	0.4212667651664185	0.03244073389776486	0.014507937247076788	1.8781554222106933	0.11349044280243187	1000
Grepeats	Grepeats	--	36	0.4951615962589292	0.044756399944350204	0.02001567054074697	1.9293754339218139	0.11336560288921993	1000
Grepeats	NFI	++	0	0.30922367976496673	0.04951244167879598	0.022142637065156325	1.800493097305298	0.11765268540832675	1000
Grepeats	NFI	++	9	0.271329568518772	0.03574454277390018	0.015985445493417936	1.7742268800735475	0.1103026342933195	1000
Grepeats	NFI	++	18	0.2684568649092176	0.03036018315319283	0.013577486667976615	1.7722356796264649	0.10785125044193739	1000
Grepeats	NFI	++	27	0.27149083665048607	0.030628005231118416	0.013697260342399986	1.7743386507034302	0.10759943441982904	1000
Grepeats	NFI	++	36	0.2759589588186006	0.032719323679623956	0.014632526385091542	1.7774357080459595	0.10926262077533118	1000
Grepeats	NFI	+-	0	0.30922367976496673	0.04951244167879598	0.022142637065156325	1.800493097305298	0.11765268540832675	1000
Grepeats	NFI	+-	9	0.271329568518772	0.03574454277390018	0.015985445493417936	1.7742268800735475	0.1103026342933195	1000
Grepeats	NFI	+-	18	0.2684568649092176	0.03036018315319283	0.013577486667976615	1.7722356796264649	0.10785125044193739	1000
Grepeats	NFI	+-	27	0.27149083665048607	0.030628005231118416	0.013697260342399986	1.7743386507034302	0.10759943441982904	1000
Grepeats	NFI	+-	36	0.2759589588186006	0.032719323679623956	0.014632526385091542	1.7774357080459595	0.10926262077533118	1000
Grepeats	NFI	-+	0	0.2557025799264364	0.024531672306671054	0.010970897375893109	1.7633950471878053	0.11031541986563201	1000
Grepeats	NFI	-+	9	0.2694327331663096	0.03706927018448768	0.016577881601764124	1.7729120254516602	0.10899476921516285	1000
Grepeats	NFI	-+	18	0.2718661070942349	0.03220912096858119	0.01440435679625228	1.7745987892150878	0.10717712916548798	1000
Grepeats	NFI	-+	27	0.2680290021708348	0.03139825113873012	0.014041724784162145	1.7719391107559204	0.1073945432406013	1000
Grepeats	NFI	-+	36	0.2843779481340948	0.031750720855821576	0.014199354033647468	1.7832713365554809	0.10769510989502717	1000
Grepeats	NFI	--	0	0.2557025799264364	0.024531672306671054	0.010970897375893109	1.7633950471878053	0.11031541986563201	1000
Grepeats	NFI	--	9	0.2694327331663096	0.03706927018448768	0.016577881601764124	1.7729120254516602	0.10899476921516285	1000
Grepeats	NFI	--	18	0.2718661070942349	0.03220912096858119	0.01440435679625228	1.7745987892150878	0.10717712916548798	1000
Grepeats	NFI	--	27	0.2680290021708348	0.03139825113873012	0.014041724784162145	1.7719391107559204	0.1073945432406013	1000
Grepeats	NFI	--	36	0.2843779481340948	0.031750720855821576	0.014199354033647468	1.7832713365554809	0.10769510989502717	1000
Grepeats	NFY	++	0	0.2137928543643785	0.027292305310525667	0.01220548998740278	1.7343454599380492	0.10738334492599105	1000
Grepeats	NFY	++	9	0.22564047690877484	0.03074686007789689	0.013750413845770386	1.742557668685913	0.11063660258636719	1000
Grepeats	NFY	++	18	0.23781470740585844	0.029173171926077074	0.01304663910919936	1.7509961605072022	0.11128722592717762	1000
Grepeats	NFY	++	27	0.23389183043490677	0.028582491588227114	0.01278247883151835	1.7482769966125489	0.11027132051272913	1000
Grepeats	NFY	++	36	0.24274065598970238	0.027848849794074763	0.012454384246946438	1.7544105529785157	0.10984535998062261	1000
Grepeats	NFY	+-	0	0.21842259292907515	0.02272717751748596	0.010163902773160705	1.7375545740127563	0.10711073702981684	1000
Grepeats	NFY	+-	9	0.21765598886198673	0.026020192207017	0.011636583712500058	1.7370231866836547	0.11023483634701178	1000
Grepeats	NFY	+-	18	0.23728002194345849	0.029021653862638795	0.012978878171265938	1.7506255388259888	0.1108294272973158	1000
Grepeats	NFY	+-	27	0.23509556280569321	0.029652198129746354	0.013260866140080995	1.7491114139556885	0.11113501654353414	1000
Grepeats	NFY	+-	36	0.24361274991526377	0.02876888065114908	0.01286583455450955	1.7550150394439696	0.11040128696314244	1000
Grepeats	NFY	-+	0	0.2676159772356553	0.03668789962026038	0.016407327500518185	1.7716527700424194	0.1132675931398862	1000
Grepeats	NFY	-+	9	0.22379875769634774	0.029629260122799775	0.013250607951520811	1.741281008720398	0.1129476510655043	1000
Grepeats	NFY	-+	18	0.2257039557052083	0.033452577359642674	0.01496044739974629	1.7426015615463257	0.11226141749739386	1000
Grepeats	NFY	-+	27	0.234183495812505	0.03040516443282011	0.013597602907768921	1.7484792470932007	0.10966502785567196	1000
Grepeats	NFY	-+	36	0.23419701364886283	0.02812691459880847	0.012578738608053393	1.748488473892212	0.11097024920410598	1000
Grepeats	NFY	--	0	0.20829088858756606	0.031248668732927906	0.013974829498639802	1.7305318117141724	0.11030017049231498	1000
Grepeats	NFY	--	9	0.21501501467620487	0.033542613619430804	0.015000712839211507	1.735192632675171	0.11225582787355119	1000
Grepeats	NFY	--	18	0.22782064507940109	0.030675691035183972	0.01371858608229045	1.7440688133239746	0.11106778742234283	1000
Grepeats	NFY	--	27	0.23751144609802574	0.03016888280587229	0.013491934551831005	1.7507859230041505	0.10983616401256584	1000
Grepeats	NFY	--	36	0.2358867732905538	0.029447663453458506	0.013169395452093885	1.749659776687622	0.11099968585904221	1000
Grepeats	NRF1	++	0	0.3646762436627107	0.06017130247091651	0.026909424523934074	1.8389298915863037	0.11557968907224977	1000
Grepeats	NRF1	++	9	0.3125397847454094	0.04566301828187874	0.020421122587219304	1.8027916193008422	0.11443932602730689	1000
Grepeats	NRF1	++	18	0.30485365650090435	0.042290429898991025	0.0189128552103667	1.7974640130996704	0.11281618675706187	1000
Grepeats	NRF1	++	27	0.3217832072943446	0.04032017234273053	0.018031729244570482	1.8091987371444702	0.11236882716752254	1000
Grepeats	NRF1	++	36	0.3207559162246446	0.04231361026231168	0.018923221783992323	1.8084865808486938	0.11110945502628657	1000
Grepeats	NRF1	+-	0	0.3646762436627107	0.06017130247091651	0.026909424523934074	1.8389298915863037	0.11557968907224977	1000
Grepeats	NRF1	+-	9	0.3125397847454094	0.04566301828187874	0.020421122587219304	1.8027916193008422	0.11443932602730689	1000
Grepeats	NRF1	+-	18	0.30485365650090435	0.042290429898991025	0.0189128552103667	1.7974640130996704	0.11281618675706187	1000
Grepeats	NRF1	+-	27	0.3217832072943446	0.04032017234273053	0.018031729244570482	1.8091987371444702	0.11236882716752254	1000
Grepeats	NRF1	+-	36	0.3207559162246446	0.04231361026231168	0.018923221783992323	1.8084865808486938	0.11110945502628657	1000
Grepeats	NRF1	-+	0	0.36980189850073647	0.03320378067053824	0.014849182137863409	1.8424826860427856	0.11275757300145509	1000
Grepeats	NRF1	-+	9	0.30953387627319545	0.04377219992396759	0.01957552291094053	1.8007081031799317	0.11337281332110549	1000
Grepeats	NRF1	-+	18	0.31184448468536863	0.04133776210038672	0.018486809218835838	1.8023096323013306	0.1107007436812962	1000
Grepeats	NRF1	-+	27	0.31548022802157233	0.03768636004690973	0.01685385257788446	1.80482976436615	0.109877703646244	1000
Grepeats	NRF1	-+	36	0.3270772331475651	0.04342970256698624	0.01942235343647567	1.8128682136535645	0.11231421131961031	1000
Grepeats	NRF1	--	0	0.36980189850073647	0.03320378067053824	0.014849182137863409	1.8424826860427856	0.11275757300145509	1000
Grepeats	NRF1	--	9	0.30953387627319545	0.04377219992396759	0.01957552291094053	1.8007081031799317	0.11337281332110549	1000
Grepeats	NRF1	--	18	0.31184448468536863	0.04133776210038672	0.018486809218835838	1.8023096323013306	0.1107007436812962	1000
Grepeats	NRF1	--	27	0.31548022802157233	0.03768636004690973	0.01685385257788446	1.80482976436615	0.109877703646244	1000
Grepeats	NRF1	--	36	0.3270772331475651	0.04342970256698624	0.01942235343647567	1.8128682136535645	0.11231421131961031	1000
Grepeats	REST	++	0	0.24809839711550125	0.039141879647888816	0.017504780731958984	1.7581241846084594	0.10458970268424053	1000
Grepeats	REST	++	9	0.24689839676823855	0.03058251584765318	0.013676916871663423	1.7572925329208373	0.11060731468422084	1000
Grepeats	REST	++	18	0.24198091832994964	0.02458014536820841	0.01099257518802812	1.7538839340209962	0.10759680915417036	1000
Grepeats	REST	++	27	0.25402002205825036	0.025213893577696614	0.011275996003435	1.7622288703918456	0.10723861642244491	1000
Grepeats	REST	++	36	0.2558417525870809	0.025590564719659	0.011444448459153073	1.7634915351867675	0.10940879494638663	1000
Grepeats	REST	+-	0	0.24268736286576625	0.034768457677049454	0.0155489269677414	1.7543736219406127	0.11177329945917124	1000
Grepeats	REST	+-	9	0.247278203254404	0.028848162957619057	0.01290129067984552	1.7575557708740235	0.11009679627541742	1000
Grepeats	REST	+-	18	0.24357816420417527	0.025181257822734674	0.011261400850116616	1.7549911260604858	0.10576926296903302	1000
Grepeats	REST	+-	27	0.25671922527004803	0.025656066058222148	0.011473741548281959	1.7640998125076295	0.10779051037122403	1000
Grepeats	REST	+-	36	0.2555520951069315	0.02544700879378447	0.0113802482973874	1.7632907390594483	0.10912190716991337	1000
Grepeats	REST	-+	0	0.26957998041241205	0.020281407560101158	0.009070121196752868	1.7730141878128052	0.1068978591268515	1000
Grepeats	REST	-+	9	0.2301464696566094	0.028372638865442546	0.012688629840836407	1.7456809520721435	0.10938642984362913	1000
Grepeats	REST	-+	18	0.24181768529644948	0.027443717354739598	0.01227320351209769	1.7537708759307862	0.10666764559967534	1000
Grepeats	REST	-+	27	0.2466594999674913	0.023662270776724257	0.010582089191752436	1.7571269035339356	0.10703155837498417	1000
Grepeats	REST	-+	36	0.25277558139400463	0.02535308350196313	0.011338243629923596	1.7613662719726562	0.10847540241370844	1000
Grepeats	REST	--	0	0.2694336317756604	0.028936977763017763	0.012941009868301503	1.7729126930236816	0.11048145482691359	1000
Grepeats	REST	--	9	0.23543730093209012	0.027361994655686787	0.012236656010020322	1.74934823513031	0.10956687774591063	1000
Grepeats	REST	--	18	0.23914643356498325	0.02667484515240386	0.011929353410011154	1.7519192695617676	0.10693442599395013	1000
Grepeats	REST	--	27	0.24758537716754375	0.023864197475410652	0.010672393556699416	1.757768702507019	0.10728592194979834	1000
Grepeats	REST	--	36	0.2522766124286227	0.02468297634858785	0.011038562600492394	1.7610203742980957	0.10791859881086399	1000
Grepeats	RFX_1	++	0	0.26241046655326755	0.041902836864053786	0.018739518335621676	1.7680445909500122	0.12121904470341947	1000
Grepeats	RFX_1	++	9	0.25457380189446227	0.03393104983493374	0.015174426795768971	1.7626126050949096	0.11474740283999114	1000
Grepeats	RFX_1	++	18	0.24035380766840167	0.031974326115853734	0.014299353345959153	1.7527560710906982	0.11217609992126312	1000
Grepeats	RFX_1	++	27	0.2523749478088198	0.027222273081548454	0.012174170622481002	1.7610885858535767	0.10992511805921941	1000
Grepeats	RFX_1	++	36	0.24470666706390803	0.030722027615318007	0.013739308430895363	1.7557733058929443	0.11034667257597304	1000
Grepeats	RFX_1	+-	0	0.26241046655326755	0.041902836864053786	0.018739518335621676	1.7680445909500122	0.12121904470341947	1000
Grepeats	RFX_1	+-	9	0.25457380189446227	0.03393104983493374	0.015174426795768971	1.7626126050949096	0.11474740283999114	1000
Grepeats	RFX_1	+-	18	0.24035380766840167	0.031974326115853734	0.014299353345959153	1.7527560710906982	0.11217609992126312	1000
Grepeats	RFX_1	+-	27	0.2523749478088198	0.027222273081548454	0.012174170622481002	1.7610885858535767	0.10992511805921941	1000
Grepeats	RFX_1	+-	36	0.24470666706390803	0.030722027615318007	0.013739308430895363	1.7557733058929443	0.11034667257597304	1000
Grepeats	RFX_1	-+	0	0.21441732336966135	0.038581876166849195	0.01725433956171076	1.7347783327102662	0.10200623555452465	1000
Grepeats	RFX_1	-+	9	0.24805316137875807	0.03271012072959683	0.014628410700720705	1.7580929279327393	0.11371782431908288	1000
Grepeats	RFX_1	-+	18	0.2424738851008165	0.03214355329124566	0.014375034039522477	1.7542256832122802	0.10905133533743487	1000
Grepeats	RFX_1	-+	27	0.24605140801013686	0.02629736367605533	0.011760538561738695	1.756705379486084	0.10846550517918387	1000
Grepeats	RFX_1	-+	36	0.25152528042093086	0.0298181954054165	0.013335102378576639	1.7604995250701905	0.10976718770067882	1000
Grepeats	RFX_1	--	0	0.21441732336966135	0.038581876166849195	0.01725433956171076	1.7347783327102662	0.10200623555452465	1000
Grepeats	RFX_1	--	9	0.24805316137875807	0.03271012072959683	0.014628410700720705	1.7580929279327393	0.11371782431908288	1000
Grepeats	RFX_1	--	18	0.2424738851008165	0.03214355329124566	0.014375034039522477	1.7542256832122802	0.10905133533743487	1000
Grepeats	RFX_1	--	27	0.24605140801013686	0.02629736367605533	0.011760538561738695	1.756705379486084	0.10846550517918387	1000
Grepeats	RFX_1	--	36	0.25152528042093086	0.0298181954054165	0.013335102378576639	1.7604995250701905	0.10976718770067882	1000
Grepeats	STAT	++	0	0.4595143566544978	0.10717834784895046	0.047931614301274315	1.9046666145324707	0.10017738131864248	1000
Grepeats	STAT	++	9	0.5448347949631513	0.07310731409653336	0.03269458479445544	1.9638062715530396	0.0988770787076253	1000
Grepeats	STAT	++	18	0.5015773832519687	0.0729158401215983	0.032608955029680066	1.933822512626648	0.09332220108296838	1000
Grepeats	STAT	++	27	0.5258751007649988	0.07611220159333085	0.03403841133597112	1.9506644487380982	0.08949297858741166	1000
Grepeats	STAT	++	36	0.5151144386710194	0.07465217229359819	0.033385466383302385	1.9432056427001954	0.09709841998627859	1000
Grepeats	STAT	+-	0	0.4595143566544978	0.10717834784895046	0.047931614301274315	1.9046666145324707	0.10017738131864248	1000
Grepeats	STAT	+-	9	0.5448347949631513	0.07310731409653336	0.03269458479445544	1.9638062715530396	0.0988770787076253	1000
Grepeats	STAT	+-	18	0.5015773832519687	0.0729158401215983	0.032608955029680066	1.933822512626648	0.09332220108296838	1000
Grepeats	STAT	+-	27	0.5258751007649988	0.07611220159333085	0.03403841133597112	1.9506644487380982	0.08949297858741166	1000
Grepeats	STAT	+-	36	0.5151144386710194	0.07465217229359819	0.033385466383302385	1.9432056427001954	0.09709841998627859	1000
Grepeats	STAT	-+	0	0.4672401183008942	0.049955264090160253	0.0223406732679105	1.9100217342376709	0.09076875232462653	1000
Grepeats	STAT	-+	9	0.5524239507899675	0.09249613758361948	0.041365530258629254	1.9690666437149047	0.10726068386595417	1000
Grepeats	STAT	-+	18	0.5249121613036853	0.06329958096892731	0.02830843319875469	1.9499969482421875	0.0894037086841541	1000
Grepeats	STAT	-+	27	0.5245672071017172	0.07640873450307746	0.03417102488472296	1.9497577905654908	0.09038159458516325	1000
Grepeats	STAT	-+	36	0.5194854121392277	0.0656037029423277	0.02933886787094954	1.94623544216156	0.08809647646262947	1000
Grepeats	STAT	--	0	0.4672401183008942	0.049955264090160253	0.0223406732679105	1.9100217342376709	0.09076875232462653	1000
Grepeats	STAT	--	9	0.5524239507899675	0.09249613758361948	0.041365530258629254	1.9690666437149047	0.10726068386595417	1000
Grepeats	STAT	--	18	0.5249121613036853	0.06329958096892731	0.02830843319875469	1.9499969482421875	0.0894037086841541	1000
Grepeats	STAT	--	27	0.5245672071017172	0.07640873450307746	0.03417102488472296	1.9497577905654908	0.09038159458516325	1000
Grepeats	STAT	--	36	0.5194854121392277	0.0656037029423277	0.02933886787094954	1.94623544216156	0.08809647646262947	1000
Grepeats	TATAbox	++	0	0.1693830213062942	0.02765604114057737	0.012368157595772361	1.7035629272460937	0.11552710205331168	1000
Grepeats	TATAbox	++	9	0.2219484973955222	0.037813929610904184	0.016910903421274784	1.7399985313415527	0.11293488519613802	1000
Grepeats	TATAbox	++	18	0.22426333658090658	0.037584209731338365	0.016808169567976337	1.7416030406951903	0.11444740069523461	1000
Grepeats	TATAbox	++	27	0.23485802466788774	0.037298624942340555	0.01668045216766853	1.7489466905593871	0.11244932247705884	1000
Grepeats	TATAbox	++	36	0.2321035247342714	0.03440279874983786	0.015385399324176445	1.7470374345779418	0.11039315608681838	1000
Grepeats	TATAbox	+-	0	0.19860539323372048	0.031907385703365175	0.014269416683405894	1.7238183259963988	0.11443771784219062	1000
Grepeats	TATAbox	+-	9	0.21733242285243656	0.03340351883476268	0.014938507760444784	1.736798930168152	0.11245586502158056	1000
Grepeats	TATAbox	+-	18	0.2239888995653585	0.03579156199158008	0.016006473126814164	1.7414128303527832	0.11278816620458595	1000
Grepeats	TATAbox	+-	27	0.23459106029851967	0.03705934086426112	0.01657344107476473	1.7487616777420043	0.11276055301930671	1000
Grepeats	TATAbox	+-	36	0.23180977836659772	0.03389855722549243	0.015159895659073549	1.746833872795105	0.11026129724682228	1000
Grepeats	TATAbox	-+	0	0.15378251159284212	0.05078684759372338	0.02271256871649742	1.6927495002746582	0.12364456603351148	1000
Grepeats	TATAbox	-+	9	0.22452076236250113	0.04228521280073135	0.018910522053095912	1.741781520843506	0.11489195410785755	1000
Grepeats	TATAbox	-+	18	0.2183031423789184	0.03646064400567679	0.016305695700022705	1.7374717235565185	0.11139458969731288	1000
Grepeats	TATAbox	-+	27	0.23035779333885706	0.03641970464021364	0.016287387059196443	1.7458273887634277	0.11225373648878612	1000
Grepeats	TATAbox	-+	36	0.227624227993417	0.03417622406421404	0.015284072044369346	1.7439326286315917	0.11259365573399976	1000
Grepeats	TATAbox	--	0	0.1695260764752819	0.04935547903362152	0.022072441236248668	1.703662061691284	0.12235284793866097	1000
Grepeats	TATAbox	--	9	0.21868616709043803	0.036073944402218915	0.0161327583799819	1.737737226486206	0.11349152339628092	1000
Grepeats	TATAbox	--	18	0.21615176840361278	0.03507788206492707	0.01568730576077952	1.7359805345535277	0.10918010233275102	1000
Grepeats	TATAbox	--	27	0.22973254611207902	0.036975056855545904	0.016535748120184053	1.7453940153121947	0.11238411814662613	1000
Grepeats	TATAbox	--	36	0.22701234811817725	0.0340876754729988	0.015244471910515521	1.7435084581375122	0.11226822295241765	1000
NFI	NFI	++	0	-0.0010049844370216398	0.004551006738455262	0.0020352720866491144	1.5854589223861695	0.10459803822466235	1000
NFI	NFI	++	9	0.00876633454657428	0.005442130804598445	0.0024337948843055493	1.5922319412231445	0.10666217887767965	1000
NFI	NFI	++	18	0.0067960845534947205	0.005355233260222387	0.0023949331210450153	1.5908662796020507	0.10540364379138789	1000
NFI	NFI	++	27	0.024182156189288838	0.006228676187212903	0.0027855486728884512	1.6029173851013183	0.10404996532061775	1000
NFI	NFI	++	36	0.0124741896036582	0.005168414926950365	0.002311385422517125	1.5948020458221435	0.10421484932261113	1000
NFI	NFI	+-	0	-0.0010049844370216398	0.004551006738455262	0.0020352720866491144	1.5854589223861695	0.10459803822466235	1000
NFI	NFI	+-	9	0.00876633454657428	0.005442130804598445	0.0024337948843055493	1.5922319412231445	0.10666217887767965	1000
NFI	NFI	+-	18	0.0067960845534947205	0.005355233260222387	0.0023949331210450153	1.5908662796020507	0.10540364379138789	1000
NFI	NFI	+-	27	0.024182156189288838	0.006228676187212903	0.0027855486728884512	1.6029173851013183	0.10404996532061775	1000
NFI	NFI	+-	36	0.0124741896036582	0.005168414926950365	0.002311385422517125	1.5948020458221435	0.10421484932261113	1000
NFI	NFI	-+	0	-0.0010049844370216398	0.004551006738455262	0.0020352720866491144	1.5854589223861695	0.10459803822466235	1000
NFI	NFI	-+	9	0.00876633454657428	0.005442130804598445	0.0024337948843055493	1.5922319412231445	0.10666217887767965	1000
NFI	NFI	-+	18	0.0067960845534947205	0.005355233260222387	0.0023949331210450153	1.5908662796020507	0.10540364379138789	1000
NFI	NFI	-+	27	0.024182156189288838	0.006228676187212903	0.0027855486728884512	1.6029173851013183	0.10404996532061775	1000
NFI	NFI	-+	36	0.0124741896036582	0.005168414926950365	0.002311385422517125	1.5948020458221435	0.10421484932261113	1000
NFI	NFI	--	0	-0.0010049844370216398	0.004551006738455262	0.0020352720866491144	1.5854589223861695	0.10459803822466235	1000
NFI	NFI	--	9	0.00876633454657428	0.005442130804598445	0.0024337948843055493	1.5922319412231445	0.10666217887767965	1000
NFI	NFI	--	18	0.0067960845534947205	0.005355233260222387	0.0023949331210450153	1.5908662796020507	0.10540364379138789	1000
NFI	NFI	--	27	0.024182156189288838	0.006228676187212903	0.0027855486728884512	1.6029173851013183	0.10404996532061775	1000
NFI	NFI	--	36	0.0124741896036582	0.005168414926950365	0.002311385422517125	1.5948020458221435	0.10421484932261113	1000
NFI	NFY	++	0	-0.007347853485920519	0.003391713377679168	0.0015168203345372075	1.581062340736389	0.10601625355116562	1000
NFI	NFY	++	9	-0.01684956488719862	0.0035309458518652235	0.0015790869899283083	1.5744763374328614	0.10562412251848653	1000
NFI	NFY	++	18	-0.01649083218766752	0.003074584568660454	0.0013749960196193288	1.5747250080108643	0.10488832024100872	1000
NFI	NFY	++	27	-0.0109269664957734	0.0033341511108526045	0.001491077706224572	1.5785815000534058	0.10569339944693565	1000
NFI	NFY	++	36	-0.007067677288387861	0.003944901151502759	0.001764213427855473	1.5812565565109253	0.10497922870597817	1000
NFI	NFY	+-	0	-0.008202316636900981	0.003163628802835397	0.0014148178117432454	1.5804701328277588	0.10416121883592584	1000
NFI	NFY	+-	9	-0.01795993002661478	0.0032035817596698583	0.0014326853172200395	1.5737066745758057	0.10487208400315806	1000
NFI	NFY	+-	18	-0.01222271522795218	0.0039448853685783054	0.0017642063695170807	1.577683401107788	0.10552661219860426	1000
NFI	NFY	+-	27	-0.01027666784611406	0.003432824285102247	0.0015352056912601485	1.5790323257446288	0.10516268745009368	1000
NFI	NFY	+-	36	-0.00736101633933804	0.004174427750609985	0.0018668608435050932	1.5810533046722413	0.10515022454709155	1000
NFI	NFY	-+	0	-0.007347853485920519	0.003391713377679168	0.0015168203345372075	1.581062340736389	0.10601625355116562	1000
NFI	NFY	-+	9	-0.01684956488719862	0.0035309458518652235	0.0015790869899283083	1.5744763374328614	0.10562412251848653	1000
NFI	NFY	-+	18	-0.01649083218766752	0.003074584568660454	0.0013749960196193288	1.5747250080108643	0.10488832024100872	1000
NFI	NFY	-+	27	-0.0109269664957734	0.0033341511108526045	0.001491077706224572	1.5785815000534058	0.10569339944693565	1000
NFI	NFY	-+	36	-0.007067677288387861	0.003944901151502759	0.001764213427855473	1.5812565565109253	0.10497922870597817	1000
NFI	NFY	--	0	-0.008202316636900981	0.003163628802835397	0.0014148178117432454	1.5804701328277588	0.10416121883592584	1000
NFI	NFY	--	9	-0.01795993002661478	0.0032035817596698583	0.0014326853172200395	1.5737066745758057	0.10487208400315806	1000
NFI	NFY	--	18	-0.01222271522795218	0.0039448853685783054	0.0017642063695170807	1.577683401107788	0.10552661219860426	1000
NFI	NFY	--	27	-0.01027666784611406	0.003432824285102247	0.0015352056912601485	1.5790323257446288	0.10516268745009368	1000
NFI	NFY	--	36	-0.00736101633933804	0.004174427750609985	0.0018668608435050932	1.5810533046722413	0.10515022454709155	1000
NFI	NRF1	++	0	0.0566396461981436	0.018723378346808144	0.008373349350382128	1.6254151344299317	0.10917771091937561	1000
NFI	NRF1	++	9	0.03677053461451758	0.006982880050441695	0.0031228388943029583	1.6116429328918458	0.10519042385772019	1000
NFI	NRF1	++	18	0.040115845473751424	0.008062405600813465	0.003605617397118788	1.6139617443084717	0.1064577910124849	1000
NFI	NRF1	++	27	0.058884579810410134	0.008295913745640371	0.003710045414145354	1.626971220970154	0.10690062743129528	1000
NFI	NRF1	++	36	0.04972305701215311	0.008458680883219567	0.003782837090971382	1.6206209421157838	0.10522933283908094	1000
NFI	NRF1	+-	0	0.0566396461981436	0.018723378346808144	0.008373349350382128	1.6254151344299317	0.10917771091937561	1000
NFI	NRF1	+-	9	0.03677053461451758	0.006982880050441695	0.0031228388943029583	1.6116429328918458	0.10519042385772019	1000
NFI	NRF1	+-	18	0.040115845473751424	0.008062405600813465	0.003605617397118788	1.6139617443084717	0.1064577910124849	1000
NFI	NRF1	+-	27	0.058884579810410134	0.008295913745640371	0.003710045414145354	1.626971220970154	0.10690062743129528	1000
NFI	NRF1	+-	36	0.04972305701215311	0.008458680883219567	0.003782837090971382	1.6206209421157838	0.10522933283908094	1000
NFI	NRF1	-+	0	0.0566396461981436	0.018723378346808144	0.008373349350382128	1.6254151344299317	0.10917771091937561	1000
NFI	NRF1	-+	9	0.03677053461451758	0.006982880050441695	0.0031228388943029583	1.6116429328918458	0.10519042385772019	1000
NFI	NRF1	-+	18	0.040115845473751424	0.008062405600813465	0.003605617397118788	1.6139617443084717	0.1064577910124849	1000
NFI	NRF1	-+	27	0.058884579810410134	0.008295913745640371	0.003710045414145354	1.626971220970154	0.10690062743129528	1000
NFI	NRF1	-+	36	0.04972305701215311	0.008458680883219567	0.003782837090971382	1.6206209421157838	0.10522933283908094	1000
NFI	NRF1	--	0	0.0566396461981436	0.018723378346808144	0.008373349350382128	1.6254151344299317	0.10917771091937561	1000
NFI	NRF1	--	9	0.03677053461451758	0.006982880050441695	0.0031228388943029583	1.6116429328918458	0.10519042385772019	1000
NFI	NRF1	--	18	0.040115845473751424	0.008062405600813465	0.003605617397118788	1.6139617443084717	0.1064577910124849	1000
NFI	NRF1	--	27	0.058884579810410134	0.008295913745640371	0.003710045414145354	1.626971220970154	0.10690062743129528	1000
NFI	NRF1	--	36	0.04972305701215311	0.008458680883219567	0.003782837090971382	1.6206209421157838	0.10522933283908094	1000
NFI	REST	++	0	-0.00991669767766544	0.004862860972405957	0.0021747375398860898	1.5792818069458008	0.10600867689767787	1000
NFI	REST	++	9	-0.007334358323056721	0.004086918852248326	0.0018277256744305352	1.5810717582702636	0.1067520893599621	1000
NFI	REST	++	18	0.0036537330909779003	0.004375631367032588	0.00195684183623304	1.588688111305237	0.10518440720636867	1000
NFI	REST	++	27	0.004156851776028781	0.0022824016584788395	0.0010207210520633888	1.5890368461608886	0.10536100086707752	1000
NFI	REST	++	36	0.00517406358749666	0.0032368755570857475	0.0014475747560702464	1.5897419214248658	0.10617668764980427	1000
NFI	REST	+-	0	-0.01305879679259156	0.002718530832794629	0.001215763948211581	1.5771038770675658	0.10527541791758897	1000
NFI	REST	+-	9	-0.0017491097796121797	0.004359801548832914	0.0019497625263198528	1.584943175315857	0.10460582093691934	1000
NFI	REST	+-	18	0.0009276222025370601	0.0059635564509502624	0.0026669835223964355	1.5867984771728516	0.10608838215752572	1000
NFI	REST	+-	27	0.00363935655061876	0.003416581634363284	0.0015279417570227267	1.5886781930923461	0.10414980397697746	1000
NFI	REST	+-	36	0.00524979920452698	0.0030010561295071747	0.0013421131019740909	1.5897944688796997	0.10612022480419946	1000
NFI	REST	-+	0	-0.00991669767766544	0.004862860972405957	0.0021747375398860898	1.5792818069458008	0.10600867689767787	1000
NFI	REST	-+	9	-0.007334358323056721	0.004086918852248326	0.0018277256744305352	1.5810717582702636	0.1067520893599621	1000
NFI	REST	-+	18	0.0036537330909779003	0.004375631367032588	0.00195684183623304	1.588688111305237	0.10518440720636867	1000
NFI	REST	-+	27	0.004156851776028781	0.0022824016584788395	0.0010207210520633888	1.5890368461608886	0.10536100086707752	1000
NFI	REST	-+	36	0.00517406358749666	0.0032368755570857475	0.0014475747560702464	1.5897419214248658	0.10617668764980427	1000
NFI	REST	--	0	-0.01305879679259156	0.002718530832794629	0.001215763948211581	1.5771038770675658	0.10527541791758897	1000
NFI	REST	--	9	-0.0017491097796121797	0.004359801548832914	0.0019497625263198528	1.584943175315857	0.10460582093691934	1000
NFI	REST	--	18	0.0009276222025370601	0.0059635564509502624	0.0026669835223964355	1.5867984771728516	0.10608838215752572	1000
NFI	REST	--	27	0.00363935655061876	0.003416581634363284	0.0015279417570227267	1.5886781930923461	0.10414980397697746	1000
NFI	REST	--	36	0.00524979920452698	0.0030010561295071747	0.0013421131019740909	1.5897944688796997	0.10612022480419946	1000
NFI	RFX_1	++	0	-0.01233879498533274	0.00818058479590721	0.0036584687398699524	1.5776028633117676	0.1038802170485298	1000
NFI	RFX_1	++	9	-0.01705861665175612	0.005870531717583623	0.0026253815969171155	1.5743314027786255	0.1051648581953936	1000
NFI	RFX_1	++	18	-0.01677057755522362	0.004966464486031731	0.002221070439721101	1.5745311021804809	0.1049244938134545	1000
NFI	RFX_1	++	27	-0.011210060520057439	0.005992619629417813	0.0026799809709355657	1.578385305404663	0.10394561290469596	1000
NFI	RFX_1	++	36	-0.012912899140033279	0.007241579779826786	0.0032385329304361306	1.577204990386963	0.10481118866509545	1000
NFI	RFX_1	+-	0	-0.01233879498533274	0.00818058479590721	0.0036584687398699524	1.5776028633117676	0.1038802170485298	1000
NFI	RFX_1	+-	9	-0.01705861665175612	0.005870531717583623	0.0026253815969171155	1.5743314027786255	0.1051648581953936	1000
NFI	RFX_1	+-	18	-0.01677057755522362	0.004966464486031731	0.002221070439721101	1.5745311021804809	0.1049244938134545	1000
NFI	RFX_1	+-	27	-0.011210060520057439	0.005992619629417813	0.0026799809709355657	1.578385305404663	0.10394561290469596	1000
NFI	RFX_1	+-	36	-0.012912899140033279	0.007241579779826786	0.0032385329304361306	1.577204990386963	0.10481118866509545	1000
NFI	RFX_1	-+	0	-0.01233879498533274	0.00818058479590721	0.0036584687398699524	1.5776028633117676	0.1038802170485298	1000
NFI	RFX_1	-+	9	-0.01705861665175612	0.005870531717583623	0.0026253815969171155	1.5743314027786255	0.1051648581953936	1000
NFI	RFX_1	-+	18	-0.01677057755522362	0.004966464486031731	0.002221070439721101	1.5745311021804809	0.1049244938134545	1000
NFI	RFX_1	-+	27	-0.011210060520057439	0.005992619629417813	0.0026799809709355657	1.578385305404663	0.10394561290469596	1000
NFI	RFX_1	-+	36	-0.012912899140033279	0.007241579779826786	0.0032385329304361306	1.577204990386963	0.10481118866509545	1000
NFI	RFX_1	--	0	-0.01233879498533274	0.00818058479590721	0.0036584687398699524	1.5776028633117676	0.1038802170485298	1000
NFI	RFX_1	--	9	-0.01705861665175612	0.005870531717583623	0.0026253815969171155	1.5743314027786255	0.1051648581953936	1000
NFI	RFX_1	--	18	-0.01677057755522362	0.004966464486031731	0.002221070439721101	1.5745311021804809	0.1049244938134545	1000
NFI	RFX_1	--	27	-0.011210060520057439	0.005992619629417813	0.0026799809709355657	1.578385305404663	0.10394561290469596	1000
NFI	RFX_1	--	36	-0.01291289908964774	0.007241579883538566	0.0032385329768174487	1.577204990386963	0.10481118866509545	1000
NFI	STAT	++	0	0.18885377270040135	0.05954271543046711	0.02662831185349002	1.7170589923858643	0.10136601428896332	1000
NFI	STAT	++	9	0.23703868728863528	0.056887331434575916	0.025440788029254476	1.7504582405090332	0.08373060052724557	1000
NFI	STAT	++	18	0.2255470322852117	0.054688314250721834	0.0244573576478969	1.7424928188323974	0.08286516258232797	1000
NFI	STAT	++	27	0.24095978853871677	0.050234772706279754	0.02246567332109852	1.7531761646270752	0.08570452617893208	1000
NFI	STAT	++	36	0.25037448001051377	0.05600138785436553	0.025044582015338483	1.759701943397522	0.0841277466820964	1000
NFI	STAT	+-	0	0.18885377270040135	0.05954271543046711	0.02662831185349002	1.7170589923858643	0.10136601428896332	1000
NFI	STAT	+-	9	0.23703868728863528	0.056887331434575916	0.025440788029254476	1.7504582405090332	0.08373060052724557	1000
NFI	STAT	+-	18	0.2255470322852117	0.054688314250721834	0.0244573576478969	1.7424928188323974	0.08286516258232797	1000
NFI	STAT	+-	27	0.24095978853871677	0.050234772706279754	0.02246567332109852	1.7531761646270752	0.08570452617893208	1000
NFI	STAT	+-	36	0.25037448001051377	0.05600138785436553	0.025044582015338483	1.759701943397522	0.0841277466820964	1000
NFI	STAT	-+	0	0.18885377270040135	0.05954271543046711	0.02662831185349002	1.7170589923858643	0.10136601428896332	1000
NFI	STAT	-+	9	0.23703868728863528	0.056887331434575916	0.025440788029254476	1.7504582405090332	0.08373060052724557	1000
NFI	STAT	-+	18	0.2255470322852117	0.054688314250721834	0.0244573576478969	1.7424928188323974	0.08286516258232797	1000
NFI	STAT	-+	27	0.24095978853871677	0.050234772706279754	0.02246567332109852	1.7531761646270752	0.08570452617893208	1000
NFI	STAT	-+	36	0.25037448001051377	0.05600138785436553	0.025044582015338483	1.759701943397522	0.0841277466820964	1000
NFI	STAT	--	0	0.18885377270040135	0.05954271543046711	0.02662831185349002	1.7170589923858643	0.10136601428896332	1000
NFI	STAT	--	9	0.23703868728863528	0.056887331434575916	0.025440788029254476	1.7504582405090332	0.08373060052724557	1000
NFI	STAT	--	18	0.2255470322852117	0.054688314250721834	0.0244573576478969	1.7424928188323974	0.08286516258232797	1000
NFI	STAT	--	27	0.24095978853871677	0.050234772706279754	0.02246567332109852	1.7531761646270752	0.08570452617893208	1000
NFI	STAT	--	36	0.25037448001051377	0.05600138785436553	0.025044582015338483	1.759701943397522	0.0841277466820964	1000
NFI	TATAbox	++	0	-0.01186429989015646	0.008163424912920022	0.003650794606900894	1.57793185710907	0.10632817085558348	1000
NFI	TATAbox	++	9	-0.01308808772217808	0.006938386034257228	0.003102940565346869	1.5770835638046266	0.10543438432909304	1000
NFI	TATAbox	++	18	-0.01154144552600498	0.0066709332726002405	0.0029833320541798546	1.5781556367874146	0.10526508406110448	1000
NFI	TATAbox	++	27	-0.01039338649217032	0.005168238601512696	0.002311306567384167	1.5789514064788819	0.10534834112701387	1000
NFI	TATAbox	++	36	-0.01284686257193332	0.00514449531602829	0.0023006882473137038	1.5772508382797241	0.10539734738312595	1000
NFI	TATAbox	+-	0	-0.01160143717265002	0.005526687290331889	0.002471609694313244	1.5781140089035035	0.10601703502687412	1000
NFI	TATAbox	+-	9	-0.013653486598793198	0.006962847488233584	0.003113880060130792	1.5766916751861573	0.1052705165363858	1000
NFI	TATAbox	+-	18	-0.0130305984902838	0.0062880321389944625	0.0028120934614990047	1.5771234273910522	0.10509368295271249	1000
NFI	TATAbox	+-	27	-0.00952683202030406	0.005429537227095553	0.002428162865230274	1.5795520544052124	0.10510399417076807	1000
NFI	TATAbox	+-	36	-0.01054536245500282	0.005350119452196908	0.0023926461565712443	1.5788460493087768	0.10539736806173901	1000
NFI	TATAbox	-+	0	-0.01186429989015646	0.008163424912920022	0.003650794606900894	1.57793185710907	0.10632817085558348	1000
NFI	TATAbox	-+	9	-0.01308808772217808	0.006938386034257228	0.003102940565346869	1.5770835638046266	0.10543438432909304	1000
NFI	TATAbox	-+	18	-0.01154144552600498	0.0066709332726002405	0.0029833320541798546	1.5781556367874146	0.10526508406110448	1000
NFI	TATAbox	-+	27	-0.01039338649217032	0.005168238601512696	0.002311306567384167	1.5789514064788819	0.10534834112701387	1000
NFI	TATAbox	-+	36	-0.01284686257193332	0.00514449531602829	0.0023006882473137038	1.5772508382797241	0.10539734738312595	1000
NFI	TATAbox	--	0	-0.01160143717265002	0.005526687290331889	0.002471609694313244	1.5781140089035035	0.10601703502687412	1000
NFI	TATAbox	--	9	-0.013653486598793198	0.006962847488233584	0.003113880060130792	1.5766916751861573	0.1052705165363858	1000
NFI	TATAbox	--	18	-0.0130305984902838	0.0062880321389944625	0.0028120934614990047	1.5771234273910522	0.10509368295271249	1000
NFI	TATAbox	--	27	-0.00952683202030406	0.005429537227095553	0.002428162865230274	1.5795520544052124	0.10510399417076807	1000
NFI	TATAbox	--	36	-0.01054536245500282	0.005350119452196908	0.0023926461565712443	1.5788460493087768	0.10539736806173901	1000
NFY	NFY	++	0	-0.026410699586205278	0.00063303254668831	0.0002831007612729741	1.567849040031433	0.10532057959025422	1000
NFY	NFY	++	9	-0.03286436253342254	0.001638083045427365	0.0007325730084730928	1.56337571144104	0.10498331803048215	1000
NFY	NFY	++	18	-0.032848113397590716	0.0030004646151584585	0.0013418485687154117	1.5633869886398315	0.10551873547098484	1000
NFY	NFY	++	27	-0.03189263314631272	0.003049801329785581	0.0013639126182539627	1.564049196243286	0.10548756612277187	1000
NFY	NFY	++	36	-0.0281846355989153	0.0018097810301097887	0.0008093586815430162	1.5666194677352905	0.10537146856189858	1000
NFY	NFY	+-	0	-0.02964485214628284	0.0040255027529730375	0.001800259559852051	1.5656073093414307	0.10461137860493107	1000
NFY	NFY	+-	9	-0.03592452830730898	0.002692811316649321	0.0012042618309217187	1.5612545967102052	0.10417691603517637	1000
NFY	NFY	+-	18	-0.03282082136323616	0.0030704198321718085	0.0013731334928399317	1.56340594291687	0.10519571899674575	1000
NFY	NFY	+-	27	-0.03381963264339904	0.003032381523029566	0.0013561222438416907	1.5627135515213013	0.10513394706354068	1000
NFY	NFY	+-	36	-0.02814053226043884	0.0015863307827648906	0.0007094286930125494	1.5666499853134155	0.10474939228628877	1000
NFY	NFY	-+	0	-0.0163998247463731	0.004499642268459725	0.0020123011973414606	1.5747880935668945	0.10414034532671411	1000
NFY	NFY	-+	9	-0.03174283357018226	0.002860007344433213	0.0012790341676602638	1.5641531229019165	0.10483272428061327	1000
NFY	NFY	-+	18	-0.03012931276272718	0.0026367644717199866	0.0011791969198844422	1.5652714967727661	0.10435970205459975	1000
NFY	NFY	-+	27	-0.030075577858356677	0.0026937059634147835	0.0012046619291184034	1.5653087615966796	0.10490374298635387	1000
NFY	NFY	-+	36	-0.02963908589046686	0.002451842676673344	0.001096497379035327	1.5656113147735595	0.10554175979377328	1000
NFY	NFY	--	0	-0.0275281557852948	0.002258425332806987	0.0010099985132528016	1.5670745134353639	0.10599661649274798	1000
NFY	NFY	--	9	-0.03102623130904908	0.0023122631732496257	0.0010340755274511073	1.5646498441696166	0.10498116870272153	1000
NFY	NFY	--	18	-0.030476411910818978	0.0027969409400476243	0.0012508300141997302	1.5650309324264526	0.10434212179923787	1000
NFY	NFY	--	27	-0.03092697259699518	0.0024414821167000555	0.0010918639957582796	1.5647186279296874	0.10493694651683734	1000
NFY	NFY	--	36	-0.029804661112693483	0.002203787571528513	0.000985563763581387	1.5654965400695802	0.10484216743510817	1000
NFY	NRF1	++	0	0.00115124756530934	0.007121652792835189	0.003184899951386142	1.5869535684585572	0.10392897056290828	1000
NFY	NRF1	++	9	0.019166542569357382	0.00443725240108646	0.0019843996004306973	1.5994408130645752	0.10510598535041431	1000
NFY	NRF1	++	18	0.02190753407191716	0.007182749419021888	0.0032122231932560125	1.6013406991958619	0.10739318499913429	1000
NFY	NRF1	++	27	0.01549878506577992	0.006296523500467312	0.0028158909137939673	1.5968984603881835	0.1072744179426754	1000
NFY	NRF1	++	36	0.024529080398778	0.004687144061224131	0.0020961545482463184	1.6031578063964844	0.10645596770460998	1000
NFY	NRF1	+-	0	0.00115124756530934	0.007121652792835189	0.003184899951386142	1.5869535684585572	0.10392897056290828	1000
NFY	NRF1	+-	9	0.019166542569357382	0.00443725240108646	0.0019843996004306973	1.5994408130645752	0.10510598535041431	1000
NFY	NRF1	+-	18	0.02190753407191716	0.007182749419021888	0.0032122231932560125	1.6013406991958619	0.10739318499913429	1000
NFY	NRF1	+-	27	0.01549878506577992	0.006296523500467312	0.0028158909137939673	1.5968984603881835	0.1072744179426754	1000
NFY	NRF1	+-	36	0.024529080398778	0.004687144061224131	0.0020961545482463184	1.6031578063964844	0.10645596770460998	1000
NFY	NRF1	-+	0	0.02015952551871624	0.005379759191463893	0.002405901450938514	1.6001290321350097	0.10730009430880877	1000
NFY	NRF1	-+	9	0.01400937547113926	0.005688194490773298	0.0025438379101217785	1.5958661317825318	0.10774267542443838	1000
NFY	NRF1	-+	18	0.01846425033966752	0.006354759994442404	0.00284193506565388	1.5989539861679076	0.10646806004175925	1000
NFY	NRF1	-+	27	0.017431270540705916	0.007075931549913669	0.003164452789948482	1.5982380390167237	0.10710958317651614	1000
NFY	NRF1	-+	36	0.02220267941096642	0.00516602625738314	0.002310317177011505	1.6015452861785888	0.10693664970137798	1000
NFY	NRF1	--	0	0.02015952551871624	0.005379759191463893	0.002405901450938514	1.6001290321350097	0.10730009430880877	1000
NFY	NRF1	--	9	0.01400937547113926	0.005688194490773298	0.0025438379101217785	1.5958661317825318	0.10774267542443838	1000
NFY	NRF1	--	18	0.01846425033966752	0.006354759994442404	0.00284193506565388	1.5989539861679076	0.10646806004175925	1000
NFY	NRF1	--	27	0.017431270540705916	0.007075931549913669	0.003164452789948482	1.5982380390167237	0.10710958317651614	1000
NFY	NRF1	--	36	0.02220267941096642	0.00516602625738314	0.002310317177011505	1.6015452861785888	0.10693664970137798	1000
NFY	REST	++	0	-0.01910084546545068	0.0027607312612141334	0.0012346365535367062	1.5729158878326417	0.10601257711642288	1000
NFY	REST	++	9	-0.01716394003639752	0.0042192854776258	0.0018869218288897912	1.5742583990097045	0.10653467251687146	1000
NFY	REST	++	18	-0.019206550839683	0.0048080596917669145	0.0021502296621335013	1.57284255027771	0.10787636445735206	1000
NFY	REST	++	27	-0.01479470851608738	0.00581618501359331	0.002601077012022036	1.575900626182556	0.10572359041369596	1000
NFY	REST	++	36	-0.018357380857867162	0.0032617990687622217	0.0014587208893395676	1.5734311580657958	0.10593942863658026	1000
NFY	REST	+-	0	-0.0108190571655498	0.014156981640380347	0.006331194660821387	1.5786563396453857	0.10955178019427957	1000
NFY	REST	+-	9	-0.01745804917997536	0.003990149456147954	0.001784449084866128	1.5740545988082886	0.1067294188651709	1000
NFY	REST	+-	18	-0.01575426771214264	0.004654771014556628	0.0020816768816488565	1.5752355337142945	0.1066503898993015	1000
NFY	REST	+-	27	-0.01375661559229872	0.005907519893649878	0.002641923212126691	1.5766201972961427	0.10673578253025046	1000
NFY	REST	+-	36	-0.01784405349092124	0.0038018795214671114	0.0017002522104529664	1.573786973953247	0.10571963507485777	1000
NFY	REST	-+	0	-0.02526443226225284	0.004270729827126821	0.0019099284413982994	1.5686435937881469	0.10718654207356257	1000
NFY	REST	-+	9	-0.01977569168256882	0.0035110596268721596	0.0015701935997482392	1.5724480867385864	0.10555490304176772	1000
NFY	REST	-+	18	-0.01840458875191454	0.004544824791250283	0.0020325074358123847	1.5733984231948852	0.10728262077940616	1000
NFY	REST	-+	27	-0.01667776281811922	0.005120148823149397	0.00228980016469552	1.5745954036712646	0.10581238001012051	1000
NFY	REST	-+	36	-0.01866282419558264	0.0035477486158285733	0.0015866014144146953	1.5732194185256958	0.10530230610088678	1000
NFY	REST	--	0	-0.01641046066407596	0.002769466848291845	0.0012385432268425325	1.5747806787490846	0.10470286811965213	1000
NFY	REST	--	9	-0.01793770771834016	0.003046494856668124	0.0013624339185226806	1.5737220764160156	0.10524007113167967	1000
NFY	REST	--	18	-0.01509063946651136	0.004899327155366557	0.0021910457126820587	1.575695514678955	0.10584557355146025	1000
NFY	REST	--	27	-0.01578885799152032	0.00533987399204466	0.002388064247499006	1.5752115726470948	0.10656113980468047	1000
NFY	REST	--	36	-0.01862738609548078	0.0037302184710525663	0.001668204414439774	1.5732440233230591	0.1048826482053719	1000
NFY	RFX_1	++	0	-0.043477164693105856	0.005719754308885435	0.002557951889853032	1.5560195446014404	0.10695848618546867	1000
NFY	RFX_1	++	9	-0.037293237185718656	0.0027872499146528603	0.0012464960558888564	1.5603058576583861	0.10493530486305452	1000
NFY	RFX_1	++	18	-0.04144179462814458	0.004526284846366354	0.002024216120400472	1.5574301958084107	0.10677820795302262	1000
NFY	RFX_1	++	27	-0.037239558713155464	0.00389774678473452	0.0017431253539495252	1.5603430032730103	0.1054440971036604	1000
NFY	RFX_1	++	36	-0.03428453345798248	0.00561407088806831	0.002510688827244671	1.5623913288116456	0.10645641221555716	1000
NFY	RFX_1	+-	0	-0.043477164693105856	0.005719754308885435	0.002557951889853032	1.5560195446014404	0.10695848618546867	1000
NFY	RFX_1	+-	9	-0.037293237185718656	0.0027872499146528603	0.0012464960558888564	1.5603058576583861	0.10493530486305452	1000
NFY	RFX_1	+-	18	-0.04144179462814458	0.004526284846366354	0.002024216120400472	1.5574301958084107	0.10677820795302262	1000
NFY	RFX_1	+-	27	-0.037239558713155464	0.00389774678473452	0.0017431253539495252	1.5603430032730103	0.1054440971036604	1000
NFY	RFX_1	+-	36	-0.03428453345798248	0.00561407088806831	0.002510688827244671	1.5623913288116456	0.10645641221555716	1000
NFY	RFX_1	-+	0	-0.04305519128562356	0.0032269184312591023	0.001443121794028467	1.5563119411468507	0.10543596405363542	1000
NFY	RFX_1	-+	9	-0.034807575694919005	0.0035901813473762797	0.0016055779088570295	1.5620287895202636	0.10396192253864046	1000
NFY	RFX_1	-+	18	-0.04055800749466186	0.0031893554996070936	0.001426323140306853	1.5580429077148437	0.10616076504693384	1000
NFY	RFX_1	-+	27	-0.0388880188710249	0.004155773744092646	0.0018585185181799941	1.5592004299163817	0.10568086591309875	1000
NFY	RFX_1	-+	36	-0.0368688296862809	0.004180931697301032	0.001869769496889736	1.5606000423431396	0.1054880114258977	1000
NFY	RFX_1	--	0	-0.04305519128562356	0.0032269184312591023	0.001443121794028467	1.5563119411468507	0.10543596405363542	1000
NFY	RFX_1	--	9	-0.034807575694919005	0.0035901813473762797	0.0016055779088570295	1.5620287895202636	0.10396192253864046	1000
NFY	RFX_1	--	18	-0.04055800749466186	0.0031893554996070936	0.001426323140306853	1.5580429077148437	0.10616076504693384	1000
NFY	RFX_1	--	27	-0.0388880188710249	0.004155773744092646	0.0018585185181799941	1.5592004299163817	0.10568086591309875	1000
NFY	RFX_1	--	36	-0.0368688296862809	0.004180931697301032	0.001869769496889736	1.5606000423431396	0.1054880114258977	1000
NFY	STAT	++	0	0.3506468836059989	0.06745857417509636	0.03016839150414545	1.8292054653167724	0.08205614514129907	1000
NFY	STAT	++	9	0.18413782783195978	0.042133376184592924	0.0188426186540641	1.7137901306152343	0.09143246237483528	1000
NFY	STAT	++	18	0.20343399318782668	0.05429592827341833	0.024281877304163233	1.7271652460098266	0.0870639812244809	1000
NFY	STAT	++	27	0.198363151370414	0.05110376144101157	0.022854296897606895	1.7236503601074218	0.08786329425815574	1000
NFY	STAT	++	36	0.1984603000703201	0.0416713086009219	0.018635975748606603	1.7237177610397338	0.09123255178311707	1000
NFY	STAT	+-	0	0.3506468836059989	0.06745857417509636	0.03016839150414545	1.8292054653167724	0.08205614514129907	1000
NFY	STAT	+-	9	0.18413782783195978	0.042133376184592924	0.0188426186540641	1.7137901306152343	0.09143246237483528	1000
NFY	STAT	+-	18	0.20343399318782668	0.05429592827341833	0.024281877304163233	1.7271652460098266	0.0870639812244809	1000
NFY	STAT	+-	27	0.198363151370414	0.05110376144101157	0.022854296897606895	1.7236503601074218	0.08786329425815574	1000
NFY	STAT	+-	36	0.1984603000703201	0.0416713086009219	0.018635975748606603	1.7237177610397338	0.09123255178311707	1000
NFY	STAT	-+	0	0.18959380974749776	0.04132376662363461	0.018480550251356788	1.7175719022750855	0.09640485726493224	1000
NFY	STAT	-+	9	0.18625155695477463	0.051176171666165615	0.022886679734748998	1.7152553081512452	0.09066047826543415	1000
NFY	STAT	-+	18	0.20207683724398873	0.04736574911104255	0.021182606963498274	1.7262244701385498	0.08946954808959141	1000
NFY	STAT	-+	27	0.19917493957945034	0.05353798834066613	0.023942916261664126	1.7242131233215332	0.0885976039354631	1000
NFY	STAT	-+	36	0.19601563763114876	0.0431648974114608	0.01930392897076621	1.7220232248306275	0.09116910242820132	1000
NFY	STAT	--	0	0.18959380974749776	0.04132376662363461	0.018480550251356788	1.7175719022750855	0.09640485726493224	1000
NFY	STAT	--	9	0.18625155695477463	0.051176171666165615	0.022886679734748998	1.7152553081512452	0.09066047826543415	1000
NFY	STAT	--	18	0.20207683724398873	0.04736574911104255	0.021182606963498274	1.7262244701385498	0.08946954808959141	1000
NFY	STAT	--	27	0.19917493957945034	0.05353798834066613	0.023942916261664126	1.7242131233215332	0.0885976039354631	1000
NFY	STAT	--	36	0.19601563763114876	0.0431648974114608	0.01930392897076621	1.7220232248306275	0.09116910242820132	1000
NFY	TATAbox	++	0	-0.018684355617302	0.007504399007769151	0.0033560692623307584	1.573204517364502	0.10244111831341235	1000
NFY	TATAbox	++	9	-0.029836726203055264	0.004550093598926142	0.0020348637182371035	1.5654742956161498	0.10332837827895892	1000
NFY	TATAbox	++	18	-0.03005629967808652	0.006167900722059811	0.0027583690585991547	1.5653220891952515	0.10374121245191642	1000
NFY	TATAbox	++	27	-0.0292500573720947	0.005954465129224261	0.0026629177597195033	1.5658809661865234	0.10392215111799537	1000
NFY	TATAbox	++	36	-0.02799439376498868	0.0040618032279838255	0.001816493625799982	1.5667513608932495	0.10515888261767455	1000
NFY	TATAbox	+-	0	-0.018426459570646442	0.006945763253300044	0.0031062397579997977	1.5733833074569703	0.10301481061922785	1000
NFY	TATAbox	+-	9	-0.0302233915723154	0.005416541409425341	0.0024223509588835166	1.565206265449524	0.10323309259937544	1000
NFY	TATAbox	+-	18	-0.02940312784326622	0.005922001216340815	0.0026483994565148997	1.5657748460769654	0.10420153164527658	1000
NFY	TATAbox	+-	27	-0.029025654409248917	0.00593636724200988	0.002654824138507407	1.5660365104675293	0.10406250970840952	1000
NFY	TATAbox	+-	36	-0.0266579399640254	0.004428243591453661	0.0019803707382836386	1.567677664756775	0.10492337142315127	1000
NFY	TATAbox	-+	0	-0.027650562824709058	0.004818954858117684	0.002155102128650799	1.5669896602630615	0.10474275006804895	1000
NFY	TATAbox	-+	9	-0.02987557385921048	0.006315547863150143	0.0028243988674314514	1.5654473781585694	0.10355210363838958	1000
NFY	TATAbox	-+	18	-0.02790944427820946	0.0058514121241007785	0.002616831054771155	1.566810178756714	0.10422073019477011	1000
NFY	TATAbox	-+	27	-0.027807031028126684	0.005632817158175362	0.0025190724141014587	1.5668812036514281	0.10383740563581997	1000
NFY	TATAbox	-+	36	-0.026832727813157497	0.004300902500150695	0.0019234220709871506	1.5675564765930177	0.1038554437864161	1000
NFY	TATAbox	--	0	-0.02410238123051746	0.0036243530727649415	0.00162085996903253	1.5694490432739259	0.10451252679678263	1000
NFY	TATAbox	--	9	-0.030365715277591143	0.00639269079973479	0.002858898237468897	1.5651076555252075	0.10397324073542263	1000
NFY	TATAbox	--	18	-0.027838125222679776	0.005817828964400021	0.0026018122091731304	1.5668596029281616	0.10447972363935083	1000
NFY	TATAbox	--	27	-0.026698264252472004	0.005964866502308637	0.0026675693951747036	1.5676496982574464	0.10396948046904275	1000
NFY	TATAbox	--	36	-0.02608522134455584	0.004210389390109915	0.00188294337760593	1.5680746555328369	0.10387552282719116	1000
NRF1	NRF1	++	0	0.07261333784102818	0.03215561795732281	0.014380429522217346	1.6364872694015502	0.1188488258402765	1000
NRF1	NRF1	++	9	0.07843029844202842	0.023494731961507694	0.010507163555813635	1.6405193090438843	0.11052084450283439	1000
NRF1	NRF1	++	18	0.08719063354849726	0.02513246145031037	0.011239578448957387	1.6465915441513062	0.10747476632426282	1000
NRF1	NRF1	++	27	0.09463336549615183	0.02337429839149837	0.010453304025950868	1.65175039768219	0.11056241760767446	1000
NRF1	NRF1	++	36	0.09335915785971653	0.023490828718541898	0.01050541797249279	1.6508671522140503	0.10903802364225094	1000
NRF1	NRF1	+-	0	0.07261333784102818	0.03215561795732281	0.014380429522217346	1.6364872694015502	0.1188488258402765	1000
NRF1	NRF1	+-	9	0.07843029844202842	0.023494731961507694	0.010507163555813635	1.6405193090438843	0.11052084450283439	1000
NRF1	NRF1	+-	18	0.08719063354849726	0.02513246145031037	0.011239578448957387	1.6465915441513062	0.10747476632426282	1000
NRF1	NRF1	+-	27	0.09463336549615183	0.02337429839149837	0.010453304025950868	1.65175039768219	0.11056241760767446	1000
NRF1	NRF1	+-	36	0.09335915785971653	0.023490828718541898	0.01050541797249279	1.6508671522140503	0.10903802364225094	1000
NRF1	NRF1	-+	0	0.07261333784102818	0.03215561795732281	0.014380429522217346	1.6364872694015502	0.1188488258402765	1000
NRF1	NRF1	-+	9	0.07843029844202842	0.023494731961507694	0.010507163555813635	1.6405193090438843	0.11052084450283439	1000
NRF1	NRF1	-+	18	0.08719063354849726	0.02513246145031037	0.011239578448957387	1.6465915441513062	0.10747476632426282	1000
NRF1	NRF1	-+	27	0.09463336549615183	0.02337429839149837	0.010453304025950868	1.65175039768219	0.11056241760767446	1000
NRF1	NRF1	-+	36	0.09335915785971653	0.023490828718541898	0.01050541797249279	1.6508671522140503	0.10903802364225094	1000
NRF1	NRF1	--	0	0.07261333784102818	0.03215561795732281	0.014380429522217346	1.6364872694015502	0.1188488258402765	1000
NRF1	NRF1	--	9	0.07843029844202842	0.023494731961507694	0.010507163555813635	1.6405193090438843	0.11052084450283439	1000
NRF1	NRF1	--	18	0.08719063354849726	0.02513246145031037	0.011239578448957387	1.6465915441513062	0.10747476632426282	1000
NRF1	NRF1	--	27	0.09463336549615183	0.02337429839149837	0.010453304025950868	1.65175039768219	0.11056241760767446	1000
NRF1	NRF1	--	36	0.09335915785971653	0.023490828718541898	0.01050541797249279	1.6508671522140503	0.10903802364225094	1000
NRF1	REST	++	0	0.020537567973457342	0.015642616817989778	0.006995590910201319	1.6003910779953003	0.09982132326163395	1000
NRF1	REST	++	9	0.012833959976636661	0.011017563026249828	0.0049272039746165825	1.59505136013031	0.10725715615203216	1000
NRF1	REST	++	18	0.0260692530241461	0.010582058269050449	0.004732440326292112	1.6042253494262695	0.10496239391172106	1000
NRF1	REST	++	27	0.03843910975574279	0.01258365227072715	0.0056275803765130986	1.6127995252609253	0.10722636964864433	1000
NRF1	REST	++	36	0.03872144346219436	0.010184177120368903	0.0045545024672085845	1.612995195388794	0.10577918529854323	1000
NRF1	REST	+-	0	0.013332186460668161	0.013752931857028649	0.006150498104447695	1.5953967094421386	0.11034089372885326	1000
NRF1	REST	+-	9	0.018708588375892902	0.011474900221232147	0.005131731385940491	1.5991233587265015	0.10748607155143465	1000
NRF1	REST	+-	18	0.02631190818326052	0.011107909299744452	0.004967608056426136	1.6043935775756837	0.10480392885059153	1000
NRF1	REST	+-	27	0.03871322591615784	0.011827016532323893	0.005289202587458013	1.612989568710327	0.10811961416835798	1000
NRF1	REST	+-	36	0.03759209842491818	0.010378230160081266	0.004641285624816047	1.6122123718261718	0.10602871433768227	1000
NRF1	REST	-+	0	0.020537567973457342	0.015642616817989778	0.006995590910201319	1.6003910779953003	0.09982132326163395	1000
NRF1	REST	-+	9	0.012833959976636661	0.011017563026249828	0.0049272039746165825	1.59505136013031	0.10725715615203216	1000
NRF1	REST	-+	18	0.0260692530241461	0.010582058269050449	0.004732440326292112	1.6042253494262695	0.10496239391172106	1000
NRF1	REST	-+	27	0.03843910975574279	0.01258365227072715	0.0056275803765130986	1.6127995252609253	0.10722636964864433	1000
NRF1	REST	-+	36	0.03872144346219436	0.010184177120368903	0.0045545024672085845	1.612995195388794	0.10577918529854323	1000
NRF1	REST	--	0	0.013332186460668161	0.013752931857028649	0.006150498104447695	1.5953967094421386	0.11034089372885326	1000
NRF1	REST	--	9	0.018708588375892902	0.011474900221232147	0.005131731385940491	1.5991233587265015	0.10748607155143465	1000
NRF1	REST	--	18	0.02631190818326052	0.011107909299744452	0.004967608056426136	1.6043935775756837	0.10480392885059153	1000
NRF1	REST	--	27	0.03871322591615784	0.011827016532323893	0.005289202587458013	1.612989568710327	0.10811961416835798	1000
NRF1	REST	--	36	0.03759209842491818	0.010378230160081266	0.004641285624816047	1.6122123718261718	0.10602871433768227	1000
NRF1	RFX_1	++	0	0.00699039043487328	0.014854078004140469	0.006642945632068498	1.5910009145736694	0.10923925374634158	1000
NRF1	RFX_1	++	9	0.00980027247700724	0.009312350181898903	0.0041646096074016955	1.592948579788208	0.10710623752749998	1000
NRF1	RFX_1	++	18	0.012809654394142061	0.007207030956038022	0.003223082226729263	1.5950345277786255	0.105857119978675	1000
NRF1	RFX_1	++	27	0.02151268931527112	0.011052799742789778	0.004942962313314027	1.6010669946670533	0.10717780562137214	1000
NRF1	RFX_1	++	36	0.01973353980973394	0.00809582629863763	0.003620563587556851	1.5998337745666504	0.10592583911305453	1000
NRF1	RFX_1	+-	0	0.00699039043487328	0.014854078004140469	0.006642945632068498	1.5910009145736694	0.10923925374634158	1000
NRF1	RFX_1	+-	9	0.00980027247700724	0.009312350181898903	0.0041646096074016955	1.592948579788208	0.10710623752749998	1000
NRF1	RFX_1	+-	18	0.012809654394142061	0.007207030956038022	0.003223082226729263	1.5950345277786255	0.105857119978675	1000
NRF1	RFX_1	+-	27	0.02151268931527112	0.011052799742789778	0.004942962313314027	1.6010669946670533	0.10717780562137214	1000
NRF1	RFX_1	+-	36	0.01973353980973394	0.00809582629863763	0.003620563587556851	1.5998337745666504	0.10592583911305453	1000
NRF1	RFX_1	-+	0	0.00699039043487328	0.014854078004140469	0.006642945632068498	1.5910009145736694	0.10923925374634158	1000
NRF1	RFX_1	-+	9	0.00980027247700724	0.009312350181898903	0.0041646096074016955	1.592948579788208	0.10710623752749998	1000
NRF1	RFX_1	-+	18	0.012809654394142061	0.007207030956038022	0.003223082226729263	1.5950345277786255	0.105857119978675	1000
NRF1	RFX_1	-+	27	0.02151268931527112	0.011052799742789778	0.004942962313314027	1.6010669946670533	0.10717780562137214	1000
NRF1	RFX_1	-+	36	0.01973353980973394	0.00809582629863763	0.003620563587556851	1.5998337745666504	0.10592583911305453	1000
NRF1	RFX_1	--	0	0.00699039043487328	0.014854078004140469	0.006642945632068498	1.5910009145736694	0.10923925374634158	1000
NRF1	RFX_1	--	9	0.00980027247700724	0.009312350181898903	0.0041646096074016955	1.592948579788208	0.10710623752749998	1000
NRF1	RFX_1	--	18	0.012809654394142061	0.007207030956038022	0.003223082226729263	1.5950345277786255	0.105857119978675	1000
NRF1	RFX_1	--	27	0.02151268931527112	0.011052799742789778	0.004942962313314027	1.6010669946670533	0.10717780562137214	1000
NRF1	RFX_1	--	36	0.01973353980973394	0.00809582629863763	0.003620563587556851	1.5998337745666504	0.10592583911305453	1000
NRF1	STAT	++	0	0.2872762470616638	0.053243420322382204	0.023811181439088076	1.7852802515029906	0.08835263915514999	1000
NRF1	STAT	++	9	0.2686076850948918	0.05737970280265227	0.025660983199093133	1.772340226173401	0.08853833746726955	1000
NRF1	STAT	++	18	0.277420106222066	0.05087318194624306	0.022751178612702906	1.7784485578536988	0.09171008462616534	1000
NRF1	STAT	++	27	0.28748200710515615	0.05061421726716144	0.022635366087463322	1.7854228496551514	0.09102991535151181	1000
NRF1	STAT	++	36	0.2874422103197465	0.05686208283578746	0.025429496512608955	1.7853952407836915	0.0871357106274472	1000
NRF1	STAT	+-	0	0.2872762470616638	0.053243420322382204	0.023811181439088076	1.7852802515029906	0.08835263915514999	1000
NRF1	STAT	+-	9	0.2686076850948918	0.05737970280265227	0.025660983199093133	1.772340226173401	0.08853833746726955	1000
NRF1	STAT	+-	18	0.277420106222066	0.05087318194624306	0.022751178612702906	1.7784485578536988	0.09171008462616534	1000
NRF1	STAT	+-	27	0.28748200710515615	0.05061421726716144	0.022635366087463322	1.7854228496551514	0.09102991535151181	1000
NRF1	STAT	+-	36	0.2874422103197465	0.05686208283578746	0.025429496512608955	1.7853952407836915	0.0871357106274472	1000
NRF1	STAT	-+	0	0.2872762470616638	0.053243420322382204	0.023811181439088076	1.7852802515029906	0.08835263915514999	1000
NRF1	STAT	-+	9	0.2686076850948918	0.05737970280265227	0.025660983199093133	1.772340226173401	0.08853833746726955	1000
NRF1	STAT	-+	18	0.277420106222066	0.05087318194624306	0.022751178612702906	1.7784485578536988	0.09171008462616534	1000
NRF1	STAT	-+	27	0.28748200710515615	0.05061421726716144	0.022635366087463322	1.7854228496551514	0.09102991535151181	1000
NRF1	STAT	-+	36	0.2874422103197465	0.05686208283578746	0.025429496512608955	1.7853952407836915	0.0871357106274472	1000
NRF1	STAT	--	0	0.2872762470616638	0.053243420322382204	0.023811181439088076	1.7852802515029906	0.08835263915514999	1000
NRF1	STAT	--	9	0.2686076850948918	0.05737970280265227	0.025660983199093133	1.772340226173401	0.08853833746726955	1000
NRF1	STAT	--	18	0.277420106222066	0.05087318194624306	0.022751178612702906	1.7784485578536988	0.09171008462616534	1000
NRF1	STAT	--	27	0.28748200710515615	0.05061421726716144	0.022635366087463322	1.7854228496551514	0.09102991535151181	1000
NRF1	STAT	--	36	0.2874422103197465	0.05686208283578746	0.025429496512608955	1.7853952407836915	0.0871357106274472	1000
NRF1	TATAbox	++	0	0.0084675665542183	0.011452596210693096	0.0051217567291932525	1.592024803161621	0.10330132065753145	1000
NRF1	TATAbox	++	9	0.02128185527617462	0.014393259153278977	0.006436861176900571	1.600906991958618	0.10552748076973019	1000
NRF1	TATAbox	++	18	0.009821738968557838	0.011244721921047328	0.005028792520708769	1.5929634332656861	0.10675510457073314	1000
NRF1	TATAbox	++	27	0.01508885756501466	0.01065922423901755	0.0047669499971713415	1.5966143369674684	0.10640463356192668	1000
NRF1	TATAbox	++	36	0.01670435859146068	0.010427591944027537	0.004663360885694951	1.5977341175079345	0.10673880922481997	1000
NRF1	TATAbox	+-	0	0.02147747825242264	0.019287743483382802	0.008625741112284506	1.6010426044464112	0.11007977070697984	1000
NRF1	TATAbox	+-	9	0.01152997676887922	0.01235313901614484	0.005524491715120946	1.594147515296936	0.10704220734038668	1000
NRF1	TATAbox	+-	18	0.011295586051357515	0.0110517225765023	0.004942480589905653	1.5939850330352783	0.10596107663007397	1000
NRF1	TATAbox	+-	27	0.01489369447440592	0.01057364664318327	0.00472867853284405	1.5964790344238282	0.10648205367747197	1000
NRF1	TATAbox	+-	36	0.018533977883869478	0.011189286526754477	0.005004001058709105	1.5990023136138916	0.10639391132313723	1000
NRF1	TATAbox	-+	0	0.0084675665542183	0.011452596210693096	0.0051217567291932525	1.592024803161621	0.10330132065753145	1000
NRF1	TATAbox	-+	9	0.02128185527617462	0.014393259153278977	0.006436861176900571	1.600906991958618	0.10552748076973019	1000
NRF1	TATAbox	-+	18	0.009821738968557838	0.011244721921047328	0.005028792520708769	1.5929634332656861	0.10675510457073314	1000
NRF1	TATAbox	-+	27	0.01508885756501466	0.01065922423901755	0.0047669499971713415	1.5966143369674684	0.10640463356192668	1000
NRF1	TATAbox	-+	36	0.01670435859146068	0.010427591944027537	0.004663360885694951	1.5977341175079345	0.10673880922481997	1000
NRF1	TATAbox	--	0	0.02147747825242264	0.019287743483382802	0.008625741112284506	1.6010426044464112	0.11007977070697984	1000
NRF1	TATAbox	--	9	0.01152997676887922	0.01235313901614484	0.005524491715120946	1.594147515296936	0.10704220734038668	1000
NRF1	TATAbox	--	18	0.011295586051357515	0.0110517225765023	0.004942480589905653	1.5939850330352783	0.10596107663007397	1000
NRF1	TATAbox	--	27	0.01489369447440592	0.01057364664318327	0.00472867853284405	1.5964790344238282	0.10648205367747197	1000
NRF1	TATAbox	--	36	0.018533977883869478	0.011189286526754477	0.005004001058709105	1.5990023136138916	0.10639391132313723	1000
REST	REST	++	0	-0.0369970835983787	0.006898746572439849	0.003085213259103836	1.5605111360549926	0.10764868504205105	1000
REST	REST	++	9	-0.020133080633278642	0.009143137305758888	0.00408893530865823	1.572200322151184	0.10752614633801895	1000
REST	REST	++	18	-0.00557710828882982	0.011993377062556607	0.005363601278332664	1.5822898626327515	0.10633870040424437	1000
REST	REST	++	27	-0.0036423332276835003	0.010919419757059942	0.004883312970328054	1.5836308956146241	0.10610785431716005	1000
REST	REST	++	36	-0.00369554324906528	0.009863402795372988	0.00441104782798309	1.5835940361022949	0.10577558191161676	1000
REST	REST	+-	0	-0.01924346530335338	0.006060037385720089	0.002710131108132046	1.572817039489746	0.10607488177017498	1000
REST	REST	+-	9	-0.0207334793229588	0.0082421133307298	0.0036859851371538075	1.5717841863632203	0.10696698356017761	1000
REST	REST	+-	18	-0.0058703974245028195	0.012233163971089782	0.005470837243851605	1.5820865631103516	0.10743503232833762	1000
REST	REST	+-	27	-0.0001646876976951199	0.011606287559451386	0.005190489589868686	1.5860413789749146	0.10694332498058098	1000
REST	REST	+-	36	-0.00597714974312226	0.009735757028966476	0.004353962905838085	1.5820124626159668	0.10624309944149617	1000
REST	REST	-+	0	-0.033748441231243057	0.010917898213641121	0.004882632515425013	1.5627629280090332	0.10409977865207515	1000
REST	REST	-+	9	-0.02387575270468038	0.007074813261970388	0.003163952676376563	1.569606113433838	0.10697965311555625	1000
REST	REST	-+	18	-0.00580613738344168	0.010951247623826483	0.004897546825061812	1.5821310520172118	0.10613983326967635	1000
REST	REST	-+	27	-0.0030745142662936403	0.01044680360888788	0.004671952603412685	1.584024477005005	0.10534916412947498	1000
REST	REST	-+	36	-0.0034806266073904996	0.010687645286766528	0.0047796602761230374	1.5837430238723755	0.106295762008094	1000
REST	REST	--	0	-0.0335424562666902	0.006084713723784035	0.002721166702001396	1.5629056692123413	0.10746258273159087	1000
REST	REST	--	9	-0.01860611083385822	0.011436764472054911	0.005114676560433855	1.5732587814331054	0.10681021668472845	1000
REST	REST	--	18	-0.00752635417847998	0.010610252451695766	0.004745049148085107	1.580938696861267	0.10675329844802914	1000
REST	REST	--	27	-0.0010215160467996602	0.010913163136382057	0.004880514924499017	1.5854475021362304	0.10598338226926544	1000
REST	REST	--	36	-0.0058286566976926595	0.010785170258199674	0.004823274769248685	1.5821154594421387	0.10679994311570064	1000
REST	RFX_1	++	0	-0.04203842071714432	0.008995085212326793	0.004022724399633168	1.557016706466675	0.10983161551830349	1000
REST	RFX_1	++	9	-0.037745563918740885	0.006146126029281354	0.002748631119950794	1.559992289543152	0.10652904324363527	1000
REST	RFX_1	++	18	-0.027715548081674916	0.007190781569626588	0.0032158152802075376	1.566944599151611	0.10658990085052311	1000
REST	RFX_1	++	27	-0.02317276958843524	0.0054432384407059956	0.0024342902342317126	1.5700934410095215	0.10617784336763103	1000
REST	RFX_1	++	36	-0.025585525483751058	0.008377385793746299	0.003746480821711551	1.5684210300445556	0.10605087716599092	1000
REST	RFX_1	+-	0	-0.04203842071714432	0.008995085212326793	0.004022724399633168	1.557016706466675	0.10983161551830349	1000
REST	RFX_1	+-	9	-0.037745563918740885	0.006146126029281354	0.002748631119950794	1.559992289543152	0.10652904324363527	1000
REST	RFX_1	+-	18	-0.027715548081674916	0.007190781569626588	0.0032158152802075376	1.566944599151611	0.10658990085052311	1000
REST	RFX_1	+-	27	-0.02317276958843524	0.0054432384407059956	0.0024342902342317126	1.5700934410095215	0.10617784336763103	1000
REST	RFX_1	+-	36	-0.025585525483751058	0.008377385793746299	0.003746480821711551	1.5684210300445556	0.10605087716599092	1000
REST	RFX_1	-+	0	-0.04415142482559662	0.0059524294767797	0.002662007388270583	1.5555521249771118	0.1086094949848563	1000
REST	RFX_1	-+	9	-0.03720104803550682	0.006986305480260288	0.003124370793088264	1.5603697776794434	0.10702266246526534	1000
REST	RFX_1	-+	18	-0.02925369561132914	0.00833116824667523	0.0037258117063107103	1.5658783912658691	0.10620074290083395	1000
REST	RFX_1	-+	27	-0.022321245056639922	0.00506530428392441	0.002265272941115175	1.5706836462020874	0.1051286020078568	1000
REST	RFX_1	-+	36	-0.02392562122408118	0.006609171759732426	0.0029557114659467224	1.569571566581726	0.10577353397171321	1000
REST	RFX_1	--	0	-0.04415142482559662	0.0059524294767797	0.002662007388270583	1.5555521249771118	0.1086094949848563	1000
REST	RFX_1	--	9	-0.03720104803550682	0.006986305480260288	0.003124370793088264	1.5603697776794434	0.10702266246526534	1000
REST	RFX_1	--	18	-0.02925369561132914	0.00833116824667523	0.0037258117063107103	1.5658783912658691	0.10620074290083395	1000
REST	RFX_1	--	27	-0.022321245056639922	0.00506530428392441	0.002265272941115175	1.5706836462020874	0.1051286020078568	1000
REST	RFX_1	--	36	-0.02392562122408118	0.006609171759732426	0.0029557114659467224	1.569571566581726	0.10577353397171321	1000
REST	STAT	++	0	0.28439203351320047	0.058082657200446634	0.02597535396280326	1.783281135559082	0.08360144938271252	1000
REST	STAT	++	9	0.2250792932194432	0.05512183013067429	0.024651231843276764	1.7421686410903932	0.08385166834267259	1000
REST	STAT	++	18	0.20904208730870347	0.05122889216321296	0.022910257057790085	1.7310524463653565	0.08535510051554239	1000
REST	STAT	++	27	0.23052100917409218	0.04665954896235776	0.020866784655862343	1.7459404945373536	0.0908928227318268	1000
REST	STAT	++	36	0.22669235719798192	0.053287052152721	0.02383069418681213	1.7432867288589478	0.08695457076211785	1000
REST	STAT	+-	0	0.28439203351320047	0.058082657200446634	0.02597535396280326	1.783281135559082	0.08360144938271252	1000
REST	STAT	+-	9	0.2250792932194432	0.05512183013067429	0.024651231843276764	1.7421686410903932	0.08385166834267259	1000
REST	STAT	+-	18	0.20904208730870347	0.05122889216321296	0.022910257057790085	1.7310524463653565	0.08535510051554239	1000
REST	STAT	+-	27	0.23052100917409218	0.04665954896235776	0.020866784655862343	1.7459404945373536	0.0908928227318268	1000
REST	STAT	+-	36	0.22669235719798192	0.053287052152721	0.02383069418681213	1.7432867288589478	0.08695457076211785	1000
REST	STAT	-+	0	0.12997185432151329	0.0348813387643245	0.015599408924645617	1.6762451887130738	0.08399951630734914	1000
REST	STAT	-+	9	0.21828545826284343	0.048597159411721644	0.021733310391600657	1.7374594926834106	0.09406660800853521	1000
REST	STAT	-+	18	0.21600959894527705	0.05218948787467016	0.0233398485197327	1.7358820199966432	0.0853639699159408	1000
REST	STAT	-+	27	0.22459900586951118	0.048305524294986864	0.021602887202471645	1.7418357133865356	0.09078614706800542	1000
REST	STAT	-+	36	0.22937988278778612	0.052712889504574804	0.023573920844532893	1.7451495885849	0.087433524271918	1000
REST	STAT	--	0	0.12997185432151329	0.0348813387643245	0.015599408924645617	1.6762451887130738	0.08399951630734914	1000
REST	STAT	--	9	0.21828545826284343	0.048597159411721644	0.021733310391600657	1.7374594926834106	0.09406660800853521	1000
REST	STAT	--	18	0.21600959894527705	0.05218948787467016	0.0233398485197327	1.7358820199966432	0.0853639699159408	1000
REST	STAT	--	27	0.22459900586951118	0.048305524294986864	0.021602887202471645	1.7418357133865356	0.09078614706800542	1000
REST	STAT	--	36	0.22937988278778612	0.052712889504574804	0.023573920844532893	1.7451495885849	0.087433524271918	1000
REST	TATAbox	++	0	-0.02520335020529288	0.006529653865912411	0.0029201499827448893	1.5686859369277955	0.10498906867902913	1000
REST	TATAbox	++	9	-0.02125058856152488	0.008316350301958651	0.003719184919976089	1.5714258193969726	0.10661264434545116	1000
REST	TATAbox	++	18	-0.0237489034071389	0.005390454975823849	0.0024106847511188223	1.5696940660476684	0.1046674387253023	1000
REST	TATAbox	++	27	-0.01787357834378522	0.005706164573516858	0.002551874375436958	1.5737665176391602	0.10570705971775611	1000
REST	TATAbox	++	36	-0.010164159718281081	0.005289881417081135	0.0023657068883012667	1.579110288619995	0.10511486716434688	1000
REST	TATAbox	+-	0	-0.015998990895452942	0.007100067499245354	0.0031752467146299096	1.5750659227371215	0.10482952068451895	1000
REST	TATAbox	+-	9	-0.01890235061406578	0.008578159012802372	0.0038362693348857183	1.5730534315109252	0.10662509444418788	1000
REST	TATAbox	+-	18	-0.0237669943696723	0.0056042295349687165	0.002506287640340417	1.5696815490722655	0.10496803314271905	1000
REST	TATAbox	+-	27	-0.01780963411930286	0.005644242784843364	0.002524182109684496	1.573810839653015	0.10533066016351764	1000
REST	TATAbox	+-	36	-0.01063799098393826	0.005764910881553944	0.0025781465230765716	1.5787818670272826	0.10550317907199108	1000
REST	TATAbox	-+	0	-0.0214263995730682	0.009302572956094317	0.004160237099095612	1.5713038921356202	0.10406080421955094	1000
REST	TATAbox	-+	9	-0.01572154505686418	0.0074624866327302215	0.003337325478393656	1.5752581834793091	0.1065956921945502	1000
REST	TATAbox	-+	18	-0.022601944390462543	0.005671011791656153	0.0025361535734692063	1.5704890727996825	0.10472436441024519	1000
REST	TATAbox	-+	27	-0.01850782644382988	0.0051420814477494345	0.0022996087326016537	1.5733269453048706	0.10491722327638987	1000
REST	TATAbox	-+	36	-0.01318260878246578	0.0051304882530808504	0.002294424098330585	1.5770180702209473	0.10491238041630031	1000
REST	TATAbox	--	0	-0.014970907832209602	0.011044080278386938	0.004939062850287599	1.5757785320281983	0.1042119349283454	1000
REST	TATAbox	--	9	-0.020357109668220262	0.0069262385557560474	0.0030975080478100976	1.5720450162887574	0.10585056004287698	1000
REST	TATAbox	--	18	-0.02218390024910668	0.005102119011114719	0.0022817369876293033	1.5707788467407227	0.10465007389130243	1000
REST	TATAbox	--	27	-0.0189806466564012	0.005794187335137091	0.002591239351146978	1.572999119758606	0.1047335352284602	1000
REST	TATAbox	--	36	-0.0127312825719511	0.0052557115803021	0.0023504256727376683	1.5773308992385864	0.10493518308772246	1000
RFX_1	RFX_1	++	0	-0.05589468023576264	0.006410985067403613	0.00286707968269011	1.5474123001098632	0.10783495442317981	1000
RFX_1	RFX_1	++	9	-0.054274091478802876	0.005859518352642129	0.0026204562703830768	1.5485356330871582	0.10592142593773493	1000
RFX_1	RFX_1	++	18	-0.03895976627084438	0.005127281540220079	0.0022929900127423835	1.5591506958007812	0.1051083977609311	1000
RFX_1	RFX_1	++	27	-0.04250983644952076	0.007022468455747799	0.0031405433673800105	1.556689977645874	0.10497473805914943	1000
RFX_1	RFX_1	++	36	-0.040702406815555196	0.008244346407470135	0.0036869837994318805	1.557942771911621	0.10551386297811968	1000
RFX_1	RFX_1	+-	0	-0.05589468023576264	0.006410985067403613	0.00286707968269011	1.5474123001098632	0.10783495442317981	1000
RFX_1	RFX_1	+-	9	-0.054274091478802876	0.005859518352642129	0.0026204562703830768	1.5485356330871582	0.10592142593773493	1000
RFX_1	RFX_1	+-	18	-0.03895976627084438	0.005127281540220079	0.0022929900127423835	1.5591506958007812	0.1051083977609311	1000
RFX_1	RFX_1	+-	27	-0.04250983644952076	0.007022468455747799	0.0031405433673800105	1.556689977645874	0.10497473805914943	1000
RFX_1	RFX_1	+-	36	-0.040702406815555196	0.008244346407470135	0.0036869837994318805	1.557942771911621	0.10551386297811968	1000
RFX_1	RFX_1	-+	0	-0.05589468023576264	0.006410985067403613	0.00286707968269011	1.5474123001098632	0.10783495442317981	1000
RFX_1	RFX_1	-+	9	-0.054274091478802876	0.005859518352642129	0.0026204562703830768	1.5485356330871582	0.10592142593773493	1000
RFX_1	RFX_1	-+	18	-0.03895976627084438	0.005127281540220079	0.0022929900127423835	1.5591506958007812	0.1051083977609311	1000
RFX_1	RFX_1	-+	27	-0.04250983644952076	0.007022468455747799	0.0031405433673800105	1.556689977645874	0.10497473805914943	1000
RFX_1	RFX_1	-+	36	-0.040702406815555196	0.008244346407470135	0.0036869837994318805	1.557942771911621	0.10551386297811968	1000
RFX_1	RFX_1	--	0	-0.05589468023576264	0.006410985067403613	0.00286707968269011	1.5474123001098632	0.10783495442317981	1000
RFX_1	RFX_1	--	9	-0.054274091478802876	0.005859518352642129	0.0026204562703830768	1.5485356330871582	0.10592142593773493	1000
RFX_1	RFX_1	--	18	-0.03895976627084438	0.005127281540220079	0.0022929900127423835	1.5591506958007812	0.1051083977609311	1000
RFX_1	RFX_1	--	27	-0.04250983644952076	0.007022468455747799	0.0031405433673800105	1.556689977645874	0.10497473805914943	1000
RFX_1	RFX_1	--	36	-0.040702406815555196	0.008244346407470135	0.0036869837994318805	1.557942771911621	0.10551386297811968	1000
RFX_1	STAT	++	0	0.1877333809724399	0.06213745393357804	0.027788714188848436	1.7162824630737306	0.10018153372531352	1000
RFX_1	STAT	++	9	0.21759197906911876	0.049959696026692625	0.02234265529018217	1.736978816986084	0.07990816593722729	1000
RFX_1	STAT	++	18	0.20929959693184036	0.05641181769752475	0.0252281318211982	1.7312310218811036	0.08660435967811189	1000
RFX_1	STAT	++	27	0.21197248679805605	0.044036220814372355	0.019693596642625547	1.7330836534500123	0.08777250845815014	1000
RFX_1	STAT	++	36	0.20944422144251718	0.04731955520659244	0.021161948421398957	1.7313311576843262	0.086855337773658	1000
RFX_1	STAT	+-	0	0.1877333809724399	0.06213745393357804	0.027788714188848436	1.7162824630737306	0.10018153372531352	1000
RFX_1	STAT	+-	9	0.21759197906911876	0.049959696026692625	0.02234265529018217	1.736978816986084	0.07990816593722729	1000
RFX_1	STAT	+-	18	0.20929959693184036	0.05641181769752475	0.0252281318211982	1.7312310218811036	0.08660435967811189	1000
RFX_1	STAT	+-	27	0.21197248679805605	0.044036220814372355	0.019693596642625547	1.7330836534500123	0.08777250845815014	1000
RFX_1	STAT	+-	36	0.20944422144251718	0.04731955520659244	0.021161948421398957	1.7313311576843262	0.086855337773658	1000
RFX_1	STAT	-+	0	0.1877333809724399	0.06213745393357804	0.027788714188848436	1.7162824630737306	0.10018153372531352	1000
RFX_1	STAT	-+	9	0.21759197906911876	0.049959696026692625	0.02234265529018217	1.736978816986084	0.07990816593722729	1000
RFX_1	STAT	-+	18	0.20929959693184036	0.05641181769752475	0.0252281318211982	1.7312310218811036	0.08660435967811189	1000
RFX_1	STAT	-+	27	0.21197248679805605	0.044036220814372355	0.019693596642625547	1.7330836534500123	0.08777250845815014	1000
RFX_1	STAT	-+	36	0.20944422144251718	0.04731955520659244	0.021161948421398957	1.7313311576843262	0.086855337773658	1000
RFX_1	STAT	--	0	0.1877333809724399	0.06213745393357804	0.027788714188848436	1.7162824630737306	0.10018153372531352	1000
RFX_1	STAT	--	9	0.21759197906911876	0.049959696026692625	0.02234265529018217	1.736978816986084	0.07990816593722729	1000
RFX_1	STAT	--	18	0.20929959693184036	0.05641181769752475	0.0252281318211982	1.7312310218811036	0.08660435967811189	1000
RFX_1	STAT	--	27	0.21197248679805605	0.044036220814372355	0.019693596642625547	1.7330836534500123	0.08777250845815014	1000
RFX_1	STAT	--	36	0.20944422144251718	0.04731955520659244	0.021161948421398957	1.7313311576843262	0.086855337773658	1000
RFX_1	TATAbox	++	0	-0.037177261222555116	0.006132573520276276	0.0027425702536705873	1.5603862524032595	0.10569899719107376	1000
RFX_1	TATAbox	++	9	-0.03981060421565072	0.00565971118286868	0.002531099787582022	1.5585609436035157	0.10500646647873603	1000
RFX_1	TATAbox	++	18	-0.04090201417971284	0.005589741705429046	0.0024998084860009904	1.5578044414520265	0.10462828712159547	1000
RFX_1	TATAbox	++	27	-0.03417138768431718	0.005780603153285901	0.0025851643203393822	1.562469744682312	0.1056318253232924	1000
RFX_1	TATAbox	++	36	-0.03235027360580078	0.005735277302007343	0.002564893983420002	1.5637320518493651	0.10440734290824981	1000
RFX_1	TATAbox	+-	0	-0.03648615162729184	0.008661770734378533	0.003873661633517735	1.5608652830123901	0.10824177238533218	1000
RFX_1	TATAbox	+-	9	-0.03853242700465518	0.006416415918766455	0.0028695084332547123	1.5594469070434571	0.10587802845609856	1000
RFX_1	TATAbox	+-	18	-0.04037816469920884	0.0059958326857229	0.0026814178933983073	1.55816752910614	0.10488130939170126	1000
RFX_1	TATAbox	+-	27	-0.03374299878651194	0.005942640021728128	0.002657629410878984	1.5627667427062988	0.10526863709925255	1000
RFX_1	TATAbox	+-	36	-0.03176514831913174	0.0065442490582973654	0.0029266771512083786	1.564137578010559	0.10472438662645207	1000
RFX_1	TATAbox	-+	0	-0.037177261222555116	0.006132573520276276	0.0027425702536705873	1.5603862524032595	0.10569899719107376	1000
RFX_1	TATAbox	-+	9	-0.03981060421565072	0.00565971118286868	0.002531099787582022	1.5585609436035157	0.10500646647873603	1000
RFX_1	TATAbox	-+	18	-0.04090201417971284	0.005589741705429046	0.0024998084860009904	1.5578044414520265	0.10462828712159547	1000
RFX_1	TATAbox	-+	27	-0.03417138768431718	0.005780603153285901	0.0025851643203393822	1.562469744682312	0.1056318253232924	1000
RFX_1	TATAbox	-+	36	-0.03235027360580078	0.005735277302007343	0.002564893983420002	1.5637320518493651	0.10440734290824981	1000
RFX_1	TATAbox	--	0	-0.03648615162729184	0.008661770734378533	0.003873661633517735	1.5608652830123901	0.10824177238533218	1000
RFX_1	TATAbox	--	9	-0.03853242700465518	0.006416415918766455	0.0028695084332547123	1.5594469070434571	0.10587802845609856	1000
RFX_1	TATAbox	--	18	-0.04037816469920884	0.0059958326857229	0.0026814178933983073	1.55816752910614	0.10488130939170126	1000
RFX_1	TATAbox	--	27	-0.03374299878651194	0.005942640021728128	0.002657629410878984	1.5627667427062988	0.10526863709925255	1000
RFX_1	TATAbox	--	36	-0.03176514831913174	0.0065442490582973654	0.0029266771512083786	1.564137578010559	0.10472438662645207	1000
STAT	STAT	++	0	0.6496334465631766	0.12344436630247839	0.0552059988983452	2.036447215080261	0.1234208855638175	1000
STAT	STAT	++	9	0.4245802560105679	0.11334935701328677	0.05069137349752035	1.8804520606994628	0.08309535003193724	1000
STAT	STAT	++	18	0.45308535279473955	0.10619704717049128	0.047492763296594034	1.9002103805541992	0.09294097967172123	1000
STAT	STAT	++	27	0.48110542840651427	0.11847729669512112	0.0529846578401404	1.919632339477539	0.0762765946119478	1000
STAT	STAT	++	36	0.4518584543608819	0.10330398470592243	0.046198946429808235	1.8993599891662598	0.08927146709746625	1000
STAT	STAT	+-	0	0.6496334465631766	0.12344436630247839	0.0552059988983452	2.036447215080261	0.1234208855638175	1000
STAT	STAT	+-	9	0.4245802560105679	0.11334935701328677	0.05069137349752035	1.8804520606994628	0.08309535003193724	1000
STAT	STAT	+-	18	0.45308535279473955	0.10619704717049128	0.047492763296594034	1.9002103805541992	0.09294097967172123	1000
STAT	STAT	+-	27	0.48110542840651427	0.11847729669512112	0.0529846578401404	1.919632339477539	0.0762765946119478	1000
STAT	STAT	+-	36	0.4518584543608819	0.10330398470592243	0.046198946429808235	1.8993599891662598	0.08927146709746625	1000
STAT	STAT	-+	0	0.6496334465631766	0.12344436630247839	0.0552059988983452	2.036447215080261	0.1234208855638175	1000
STAT	STAT	-+	9	0.4245802560105679	0.11334935701328677	0.05069137349752035	1.8804520606994628	0.08309535003193724	1000
STAT	STAT	-+	18	0.45308535279473955	0.10619704717049128	0.047492763296594034	1.9002103805541992	0.09294097967172123	1000
STAT	STAT	-+	27	0.48110542840651427	0.11847729669512112	0.0529846578401404	1.919632339477539	0.0762765946119478	1000
STAT	STAT	-+	36	0.4518584543608819	0.10330398470592243	0.046198946429808235	1.8993599891662598	0.08927146709746625	1000
STAT	STAT	--	0	0.6496334465631766	0.12344436630247839	0.0552059988983452	2.036447215080261	0.1234208855638175	1000
STAT	STAT	--	9	0.4245802560105679	0.11334935701328677	0.05069137349752035	1.8804520606994628	0.08309535003193724	1000
STAT	STAT	--	18	0.45308535279473955	0.10619704717049128	0.047492763296594034	1.9002103805541992	0.09294097967172123	1000
STAT	STAT	--	27	0.48110542840651427	0.11847729669512112	0.0529846578401404	1.919632339477539	0.0762765946119478	1000
STAT	STAT	--	36	0.4518584543608819	0.10330398470592243	0.046198946429808235	1.8993599891662598	0.08927146709746625	1000
STAT	TATAbox	++	0	0.10334663540042895	0.03196227239074383	0.014293962756213585	1.6577899694442748	0.10340389223302239	1000
STAT	TATAbox	++	9	0.16475430603837019	0.05758021559878223	0.025750655247594165	1.700354528427124	0.09119854440900232	1000
STAT	TATAbox	++	18	0.17928601666933652	0.04411236790778943	0.019727650658059467	1.7104271411895753	0.08996766755177796	1000
STAT	TATAbox	++	27	0.17562082560373887	0.049060319631958026	0.02194044193898512	1.7078865766525269	0.09322019682610708	1000
STAT	TATAbox	++	36	0.1879692143322187	0.0441279320755233	0.019734611165472694	1.7164458990097047	0.09076462945635763	1000
STAT	TATAbox	+-	0	0.20811711516735115	0.06861022855292585	0.030683426999227846	1.7304113149642943	0.10184127859499041	1000
STAT	TATAbox	+-	9	0.16581514447390414	0.046939132127528774	0.02099181804839973	1.7010898351669312	0.08991066155659302	1000
STAT	TATAbox	+-	18	0.1862350552194243	0.04907346557023684	0.02194632098130901	1.7152438640594483	0.08580616100684556	1000
STAT	TATAbox	+-	27	0.181132396611602	0.04709822558254696	0.021062966804438928	1.7117069721221925	0.0894989628228619	1000
STAT	TATAbox	+-	36	0.19248591300006948	0.044489568764910795	0.01989634000959838	1.7195765733718873	0.09005324027050784	1000
STAT	TATAbox	-+	0	0.10334663540042895	0.03196227239074383	0.014293962756213585	1.6577899694442748	0.10340389223302239	1000
STAT	TATAbox	-+	9	0.16475430603837019	0.05758021559878223	0.025750655247594165	1.700354528427124	0.09119854440900232	1000
STAT	TATAbox	-+	18	0.17928601666933652	0.04411236790778943	0.019727650658059467	1.7104271411895753	0.08996766755177796	1000
STAT	TATAbox	-+	27	0.17562082560373887	0.049060319631958026	0.02194044193898512	1.7078865766525269	0.09322019682610708	1000
STAT	TATAbox	-+	36	0.1879692143322187	0.0441279320755233	0.019734611165472694	1.7164458990097047	0.09076462945635763	1000
STAT	TATAbox	--	0	0.20811711516735115	0.06861022855292585	0.030683426999227846	1.7304113149642943	0.10184127859499041	1000
STAT	TATAbox	--	9	0.16581514447390414	0.046939132127528774	0.02099181804839973	1.7010898351669312	0.08991066155659302	1000
STAT	TATAbox	--	18	0.1862350552194243	0.04907346557023684	0.02194632098130901	1.7152438640594483	0.08580616100684556	1000
STAT	TATAbox	--	27	0.181132396611602	0.04709822558254696	0.021062966804438928	1.7117069721221925	0.0894989628228619	1000
STAT	TATAbox	--	36	0.19248591300006948	0.044489568764910795	0.01989634000959838	1.7195765733718873	0.09005324027050784	1000
TATAbox	TATAbox	++	0	-0.004425203301362859	0.013124154869416392	0.0058693004870499855	1.583088207244873	0.10100731338852931	1000
TATAbox	TATAbox	++	9	-0.02259805892616752	0.009325122954874997	0.004170321765128839	1.5704917907714844	0.10159437142390448	1000
TATAbox	TATAbox	++	18	-0.02438475363306548	0.010149678422742473	0.004539074180603004	1.5692533016204835	0.10323166261560021	1000
TATAbox	TATAbox	++	27	-0.02388667575279328	0.009791908685695044	0.004379074690136948	1.5695985555648804	0.10289689396444794	1000
TATAbox	TATAbox	++	36	-0.02341889046668742	0.009286014214109049	0.004152831804555424	1.5699227809906007	0.10330443180671935	1000
TATAbox	TATAbox	+-	0	-0.00769866337804206	0.01189792279481714	0.0053209128320510805	1.5808192253112794	0.10020396116513144	1000
TATAbox	TATAbox	+-	9	-0.0235617389877712	0.009632467897733962	0.004307770602083526	1.5698237419128418	0.10126969625373343	1000
TATAbox	TATAbox	+-	18	-0.022271357189190898	0.010918177437935987	0.004882757388325871	1.5707181453704835	0.10318101947459073	1000
TATAbox	TATAbox	+-	27	-0.02390799783937978	0.010184518657237776	0.004554655207139709	1.5695837497711183	0.10307824002589129	1000
TATAbox	TATAbox	+-	36	-0.02265823968654776	0.009189206893159212	0.0041095382544827285	1.5704500436782838	0.10273876779140573	1000
TATAbox	TATAbox	-+	0	-0.0010648125112026007	0.013896330754797313	0.0062146280411095505	1.5854174613952636	0.1020030056117382	1000
TATAbox	TATAbox	-+	9	-0.02272272646254902	0.009751491950722732	0.004360999776771611	1.5704052925109864	0.10191102743805902	1000
TATAbox	TATAbox	-+	18	-0.0256208990903588	0.010109681436916141	0.004521186984762449	1.5683964729309081	0.10332922422624179	1000
TATAbox	TATAbox	-+	27	-0.02498537348168572	0.010016500852558835	0.004479515360601231	1.5688370227813722	0.10259781659289997	1000
TATAbox	TATAbox	-+	36	-0.0225286152877009	0.008814375746569543	0.003941908669710992	1.570539927482605	0.10359366585949902	1000
TATAbox	TATAbox	--	0	-0.003696647086077527	0.012683607947267321	0.005672281914009259	1.583593201637268	0.10083546040984223	1000
TATAbox	TATAbox	--	9	-0.02334823757520696	0.009491129297610762	0.004244562058539499	1.5699717998504639	0.10160560334281254	1000
TATAbox	TATAbox	--	18	-0.02498499619474542	0.01053513185908176	0.00471145419776611	1.568837332725525	0.10347504525730646	1000
TATAbox	TATAbox	--	27	-0.02405020411275172	0.010017808875711708	0.004480100326338424	1.5694852590560913	0.1028595751575429	1000
TATAbox	TATAbox	--	36	-0.02337104381832582	0.00896723283052819	0.0040102684358257765	1.5699559926986695	0.10306689538470416	1000
