motif_seq	motif_counts	orientation_pattern	spacing	model_fold	log2_fc_vs_baseline	log2_fc_vs_single	mean_prediction	n_sequences
TGAGTCA	2	++	0	0	0.6994026631813755	0.41560772763457304	2.000276803970337	1000
TGAGTCA	2	++	0	1	0.6879593245539286	0.39624106229055117	2.158623218536377	1000
TGAGTCA	2	++	0	2	0.6288340539487444	0.3714114540331976	2.0182225704193115	1000
TGAGTCA	2	++	0	3	0.758449853663068	0.47048274799332196	1.9850783348083496	1000
TGAGTCA	2	++	0	4	0.6722252767614311	0.3706852572899294	2.1706042289733887	1000
TGAGTCA	2	+-	0	0	0.6434338761588018	0.359638919114168	1.9614821672439575	1000
TGAGTCA	2	+-	0	1	0.6485597330764424	0.3568414708130649	2.1313135623931885	1000
TGAGTCA	2	+-	0	2	0.695625967164091	0.4382034532398696	2.0645194053649902	1000
TGAGTCA	2	+-	0	3	0.8170546617710787	0.5290875561013326	2.025700092315674	1000
TGAGTCA	2	+-	0	4	0.652278814905688	0.35073888142551174	2.156778335571289	1000
TGAGTCA	2	-+	0	0	0.7695582130822969	0.4857633635268198	2.04890513420105	1000
TGAGTCA	2	-+	0	1	0.8050899147418785	0.5133716954741637	2.239811897277832	1000
TGAGTCA	2	-+	0	2	0.5824466353840514	0.32502412145983	1.9860693216323853	1000
TGAGTCA	2	-+	0	3	0.7196855660978689	0.4317184174324602	1.9582090377807617	1000
TGAGTCA	2	-+	0	4	0.6348567143993091	0.3333167809191329	2.144702196121216	1000
TGAGTCA	4	++++	0	0	1.8462815681891906	1.562486632642388	2.7952330112457275	1000
TGAGTCA	4	++++	0	1	1.979891793956791	1.688173617684739	3.0541224479675293	1000
TGAGTCA	4	++++	0	2	1.5964769397936118	1.3390543398780652	2.688941478729248	1000
TGAGTCA	4	++++	0	3	1.853232247023811	1.5652650123670768	2.7439236640930176	1000
TGAGTCA	4	++++	0	4	1.0169128626250095	0.7153729291448332	2.4095234870910645	1000
TGAGTCA	4	+-+-	0	0	1.8117238902727704	1.527928954725968	2.7712790966033936	1000
TGAGTCA	4	+-+-	0	1	1.9644420764818324	1.6727239002097805	3.0434138774871826	1000
TGAGTCA	4	+-+-	0	2	1.6106992170893628	1.3532767891564668	2.6987998485565186	1000
TGAGTCA	4	+-+-	0	3	1.9312838213954828	1.6433165867387487	2.798024892807007	1000
TGAGTCA	4	+-+-	0	4	0.9820266118541158	0.6804866353782769	2.3853423595428467	1000
TGAGTCA	4	++--	0	0	1.7023847161081838	1.4185897805613814	2.695491075515747	1000
TGAGTCA	4	++--	0	1	1.9724353141459832	1.6807171378739312	3.0489542484283447	1000
TGAGTCA	4	++--	0	2	1.5360769767758953	1.2786544628516738	2.6470754146575928	1000
TGAGTCA	4	++--	0	3	1.7701257585779795	1.4821585239212451	2.686318874359131	1000
TGAGTCA	4	++--	0	4	1.093397847029972	0.7918578275584703	2.462538480758667	1000
TGAGTCA	4	+--+	0	0	1.912330645339798	1.6285357097929956	2.8410146236419678	1000
TGAGTCA	4	+--+	0	1	2.0477649191024496	1.7560467428303974	3.1011688709259033	1000
TGAGTCA	4	+--+	0	2	1.6353687524944258	1.3779462385702044	2.7158994674682617	1000
TGAGTCA	4	+--+	0	3	1.8234577505931873	1.5354903439538021	2.723285436630249	1000
TGAGTCA	4	+--+	0	4	0.9952362553015864	0.693696364817073	2.394498586654663	1000
TGAGTCA	2	++	6	0	0.6034038822745779	0.31960890373211276	1.9337356090545654	1000
TGAGTCA	2	++	6	1	0.6096069955215604	0.3178887547560143	2.104313611984253	1000
TGAGTCA	2	++	6	2	0.5531343853232842	0.2957118499012314	1.9657517671585083	1000
TGAGTCA	2	++	6	3	0.647592330665339	0.359625224995593	1.9082378149032593	1000
TGAGTCA	2	++	6	4	0.6324798711687224	0.33093989469288343	2.143054723739624	1000
TGAGTCA	2	+-	6	0	0.6132403010036881	0.32944532246122293	1.9405536651611328	1000
TGAGTCA	2	+-	6	1	0.6280236287022162	0.3363053449410073	2.117079019546509	1000
TGAGTCA	2	+-	6	2	0.5591845629979869	0.3017620275759342	1.9699453115463257	1000
TGAGTCA	2	+-	6	3	0.6309818162883819	0.3430147106186358	1.8967243432998657	1000
TGAGTCA	2	+-	6	4	0.6127842030135999	0.31124424803559236	2.1294028759002686	1000
TGAGTCA	2	-+	6	0	0.5882221567653262	0.3044271997206924	1.9232124090194702	1000
TGAGTCA	2	-+	6	1	0.6307973648953316	0.33907903813845996	2.119001626968384	1000
TGAGTCA	2	-+	6	2	0.5651520600132873	0.3077295245912346	1.9740816354751587	1000
TGAGTCA	2	-+	6	3	0.6478086418444617	0.35984153617471576	1.9083877801895142	1000
TGAGTCA	2	-+	6	4	0.6352383868972363	0.3336984104213975	2.1449668407440186	1000
TGAGTCA	4	++++	6	0	1.3532079960961216	1.069412974557994	2.453460216522217	1000
TGAGTCA	4	++++	6	1	1.363310257007803	1.0715919947444257	2.6267409324645996	1000
TGAGTCA	4	++++	6	2	1.270268330821627	1.012845902888731	2.4628310203552246	1000
TGAGTCA	4	++++	6	3	1.531287087966715	1.2433200252926317	2.520768642425537	1000
TGAGTCA	4	++++	6	4	1.4273262412512357	1.125786221779734	2.694000482559204	1000
TGAGTCA	4	+-+-	6	0	1.3601458622232527	1.076350840685125	2.4582693576812744	1000
TGAGTCA	4	+-+-	6	1	1.4242838681574725	1.1325656058940952	2.669004440307617	1000
TGAGTCA	4	+-+-	6	2	1.3185617471145072	1.061139061207635	2.496305227279663	1000
TGAGTCA	4	+-+-	6	3	1.5093952443557375	1.2214281816816541	2.50559401512146	1000
TGAGTCA	4	+-+-	6	4	1.3988024026576864	1.0972623831861847	2.6742289066314697	1000
TGAGTCA	4	++--	6	0	1.3656498229988152	1.0818549734433383	2.4620842933654785	1000
TGAGTCA	4	++--	6	1	1.3817688109596067	1.0900504627049037	2.639535427093506	1000
TGAGTCA	4	++--	6	2	1.2867156336629155	1.0292930337473687	2.474231481552124	1000
TGAGTCA	4	++--	6	3	1.5317044898603591	1.2437374271862758	2.521057605743408	1000
TGAGTCA	4	++--	6	4	1.4121478264080132	1.1106078069365115	2.6834795475006104	1000
TGAGTCA	4	+--+	6	0	1.3503786235154522	1.0665836019773243	2.4514989852905273	1000
TGAGTCA	4	+--+	6	1	1.4014497316024175	1.1097315553303655	2.653177261352539	1000
TGAGTCA	4	+--+	6	2	1.2969540188427549	1.0395315049185334	2.481328010559082	1000
TGAGTCA	4	+--+	6	3	1.5209428474652698	1.2329759567738374	2.5135982036590576	1000
TGAGTCA	4	+--+	6	4	1.4122742336563974	1.1107341281935703	2.6835668087005615	1000
TGAGTCA	2	++	3	0	0.7444644824688808	0.46066954692207823	2.0315113067626953	1000
TGAGTCA	2	++	3	1	0.7526436333786142	0.4609253711152367	2.2034592628479004	1000
TGAGTCA	2	++	3	2	0.6609304451530043	0.4035078882331201	2.0404701232910156	1000
TGAGTCA	2	++	3	3	0.7226900170171168	0.4347229113473708	1.9602916240692139	1000
TGAGTCA	2	++	3	4	0.7082826863890376	0.4067427529088614	2.1955971717834473	1000
TGAGTCA	2	+-	3	0	0.7432107289440908	0.4594157933972884	2.03064227104187	1000
TGAGTCA	2	+-	3	1	0.7694647405115529	0.47774639225685	2.215118408203125	1000
TGAGTCA	2	+-	3	2	0.6990160031865732	0.44159340327102636	2.0668692588806152	1000
TGAGTCA	2	+-	3	3	0.7924594228711884	0.5044923172014424	2.0086522102355957	1000
TGAGTCA	2	+-	3	4	0.7292586363928455	0.4277186599170066	2.2101364135742188	1000
TGAGTCA	2	-+	3	0	0.733562244256711	0.44976730870990855	2.023954391479492	1000
TGAGTCA	2	-+	3	1	0.7370504823728359	0.4453321771137957	2.192650556564331	1000
TGAGTCA	2	-+	3	2	0.5996513928154023	0.3422288143976869	1.9979947805404663	1000
TGAGTCA	2	-+	3	3	0.6736328687674177	0.38566576309767164	1.9262878894805908	1000
TGAGTCA	2	-+	3	4	0.6533915856524329	0.3518516091765941	2.1575498580932617	1000
TGAGTCA	4	++++	3	0	1.729837102786858	1.4460421672400554	2.714519500732422	1000
TGAGTCA	4	++++	3	1	1.5860749131214766	1.2943564788754482	2.7811496257781982	1000
TGAGTCA	4	++++	3	2	1.5393446471422887	1.2819221332180673	2.6493406295776367	1000
TGAGTCA	4	++++	3	3	1.4240227984934628	1.1360555638367287	2.446418523788452	1000
TGAGTCA	4	++++	3	4	1.282711189620226	0.9811712561400496	2.5937607288360596	1000
TGAGTCA	4	+-+-	3	0	1.733348128604222	1.4495533650400705	2.7169530391693115	1000
TGAGTCA	4	+-+-	3	1	1.583919626540864	1.292201450268812	2.779655694961548	1000
TGAGTCA	4	+-+-	3	2	1.5813625884878357	1.3239401605549397	2.6784653663635254	1000
TGAGTCA	4	+-+-	3	3	1.4859438620667356	1.1979767993926522	2.4893388748168945	1000
TGAGTCA	4	+-+-	3	4	1.281106419505025	0.9795664000335234	2.592648506164551	1000
TGAGTCA	4	++--	3	0	1.7306082729933268	1.4468133374465242	2.7150542736053467	1000
TGAGTCA	4	++--	3	1	1.5683250996738787	1.2766068374105013	2.7688465118408203	1000
TGAGTCA	4	++--	3	2	1.67200226100676	1.4145795750998877	2.7412915229797363	1000
TGAGTCA	4	++--	3	3	1.4575509022704929	1.1695837536050842	2.469658136367798	1000
TGAGTCA	4	++--	3	4	1.3165238386931084	1.0149839052129321	2.6171977519989014	1000
TGAGTCA	4	+--+	3	0	1.7174572756298003	1.4336625120656488	2.7059388160705566	1000
TGAGTCA	4	+--+	3	1	1.5696670802985613	1.2779486460525329	2.7697763442993164	1000
TGAGTCA	4	+--+	3	2	1.530510242332768	1.2730875564258957	2.643216848373413	1000
TGAGTCA	4	+--+	3	3	1.437979620567607	1.1500124719021982	2.4560928344726562	1000
TGAGTCA	4	+--+	3	4	1.2696092933035208	0.9680695318059954	2.584679126739502	1000
TGAGTCA	2	++	4	0	0.5991767636946836	0.31538184964571253	1.9308056831359863	1000
TGAGTCA	2	++	4	1	0.6178728686829914	0.3261545634239512	2.1100430488586426	1000
TGAGTCA	2	++	4	2	0.5780682150670605	0.3206456581471765	1.983034372329712	1000
TGAGTCA	2	++	4	3	0.6113853821228072	0.3234182979508926	1.8831411600112915	1000
TGAGTCA	2	++	4	4	0.5808831841007203	0.27934322912271276	2.107290744781494	1000
TGAGTCA	2	+-	4	0	0.6272491048340555	0.34345410479375893	1.9502637386322021	1000
TGAGTCA	2	+-	4	1	0.6040584482437618	0.3123401644825529	2.1004674434661865	1000
TGAGTCA	2	+-	4	2	0.5678726535672861	0.3104500751495707	1.975967526435852	1000
TGAGTCA	2	+-	4	3	0.5966403205640962	0.30867325789001293	1.8729206323623657	1000
TGAGTCA	2	+-	4	4	0.5697976983740562	0.26825772189821734	2.09960675239563	1000
TGAGTCA	2	-+	4	0	0.616144185067844	0.33234924952104145	1.9425663948059082	1000
TGAGTCA	2	-+	4	1	0.6134868811293627	0.3217686403638165	2.1070029735565186	1000
TGAGTCA	2	-+	4	2	0.6142795491671893	0.3568570137451366	2.008134365081787	1000
TGAGTCA	2	-+	4	3	0.6432902706453314	0.3553232294690794	1.905255913734436	1000
TGAGTCA	2	-+	4	4	0.6250862080211421	0.3235462530431345	2.137929916381836	1000
TGAGTCA	4	++++	4	0	1.3946426582812677	1.110847722734465	2.48218035697937	1000
TGAGTCA	4	++++	4	1	1.3890227811990237	1.097304518935646	2.6445634365081787	1000
TGAGTCA	4	++++	4	2	1.3165684681910073	1.0591459542667858	2.4949238300323486	1000
TGAGTCA	4	++++	4	3	1.4058941072660143	1.1179269586006055	2.433852434158325	1000
TGAGTCA	4	++++	4	4	1.2596047185375294	0.9580646990660279	2.577744483947754	1000
TGAGTCA	4	+-+-	4	0	1.4467362892189377	1.1629412676808097	2.51828932762146	1000
TGAGTCA	4	+-+-	4	1	1.342873644597101	1.0511553823337234	2.6125752925872803	1000
TGAGTCA	4	+-+-	4	2	1.3445148750342848	1.0870924471013887	2.5142948627471924	1000
TGAGTCA	4	+-+-	4	3	1.404174280757386	1.1162071320919773	2.4326603412628174	1000
TGAGTCA	4	+-+-	4	4	1.2660996433473635	0.9645596238758618	2.5822465419769287	1000
TGAGTCA	4	++--	4	0	1.4089426717352085	1.1251475642057551	2.4920923709869385	1000
TGAGTCA	4	++--	4	1	1.3592851750470099	1.067566826792307	2.623950958251953	1000
TGAGTCA	4	++--	4	2	1.3138085766012864	1.0563859766857395	2.4930107593536377	1000
TGAGTCA	4	++--	4	3	1.3922692117080353	1.1043020630426266	2.424408435821533	1000
TGAGTCA	4	++--	4	4	1.2319419110855248	0.9304018916140231	2.558570384979248	1000
TGAGTCA	4	+--+	4	0	1.428143330825485	1.144348481270008	2.505401372909546	1000
TGAGTCA	4	+--+	4	1	1.3665957275785607	1.0748773793238577	2.6290180683135986	1000
TGAGTCA	4	+--+	4	2	1.354639235716602	1.0972167217923807	2.5213124752044678	1000
TGAGTCA	4	+--+	4	3	1.4185578777796464	1.1305909010968884	2.4426302909851074	1000
TGAGTCA	4	+--+	4	4	1.2903733606814656	0.9888334272012895	2.599071741104126	1000
TGAGTCA	2	++	2	0	0.40762433597718417	0.123829357434719	1.7980314493179321	1000
TGAGTCA	2	++	2	1	0.4011266594449364	0.10940842942830595	1.959806203842163	1000
TGAGTCA	2	++	2	2	0.31696768017148713	0.059545176996181476	1.8020532131195068	1000
TGAGTCA	2	++	2	3	0.4486955128297315	0.16072841790890113	1.7703731060028076	1000
TGAGTCA	2	++	2	4	0.4568993862455265	0.15535938827185622	2.0213515758514404	1000
TGAGTCA	2	+-	2	0	0.37376396171868725	0.08996900467405343	1.7745612859725952	1000
TGAGTCA	2	+-	2	1	0.38266969633265335	0.09095147706493859	1.9470126628875732	1000
TGAGTCA	2	+-	2	2	0.3325659046654659	0.07514336386895532	1.8128652572631836	1000
TGAGTCA	2	+-	2	3	0.40714833099525866	0.11918122532551258	1.7415748834609985	1000
TGAGTCA	2	+-	2	4	0.45437906648845744	0.15283910076153423	2.0196046829223633	1000
TGAGTCA	2	-+	2	0	0.379824415356779	0.09602947980997659	1.7787622213363647	1000
TGAGTCA	2	-+	2	1	0.36587520351493563	0.07415696274938952	1.9353716373443604	1000
TGAGTCA	2	-+	2	2	0.2967594822189622	0.039336925299078125	1.78804612159729	1000
TGAGTCA	2	-+	2	3	0.4368194228570511	0.1488522956894737	1.762141227722168	1000
TGAGTCA	2	-+	2	4	0.45062739394687346	0.14908741747103452	2.0170042514801025	1000
TGAGTCA	4	++++	2	0	0.8985959361114079	0.6148010005646054	2.1383471488952637	1000
TGAGTCA	4	++++	2	1	0.8542185647786739	0.5625003025152964	2.2738654613494873	1000
TGAGTCA	4	++++	2	2	0.6424463517775476	0.38502383785332617	2.027657985687256	1000
TGAGTCA	4	++++	2	3	0.9633048384551668	0.6753377757810834	2.127073287963867	1000
TGAGTCA	4	++++	2	4	0.8120934782416392	0.5105535447614631	2.2675533294677734	1000
TGAGTCA	4	+-+-	2	0	0.8135175805821088	0.5297226020396436	2.0793752670288086	1000
TGAGTCA	4	+-+-	2	1	0.7578449906799836	0.4661266854209433	2.207064390182495	1000
TGAGTCA	4	+-+-	2	2	0.6522910686695619	0.3948685547453405	2.0344817638397217	1000
TGAGTCA	4	+-+-	2	3	0.9073518308408097	0.6193847251710637	2.088289499282837	1000
TGAGTCA	4	+-+-	2	4	0.7958054313350498	0.4942654548592109	2.256263494491577	1000
TGAGTCA	4	++--	2	0	0.9347676712061754	0.6509726496680476	2.163419485092163	1000
TGAGTCA	4	++--	2	1	0.8181053037851996	0.5263870415218221	2.248833417892456	1000
TGAGTCA	4	++--	2	2	0.6929568824140255	0.43553428249847875	2.062669277191162	1000
TGAGTCA	4	++--	2	3	0.9398433091897641	0.6518762465156808	2.1108109951019287	1000
TGAGTCA	4	++--	2	4	0.7760737758102343	0.4745338853257209	2.242586374282837	1000
TGAGTCA	4	+--+	2	0	0.8555775716857917	0.5717826361389894	2.1085290908813477	1000
TGAGTCA	4	+--+	2	1	0.7730338964649087	0.4813158061841821	2.217592716217041	1000
TGAGTCA	4	+--+	2	2	0.633045694090061	0.3756231371701769	2.021141767501831	1000
TGAGTCA	4	+--+	2	3	0.9357000751478282	0.6477329694780821	2.1079390048980713	1000
TGAGTCA	4	+--+	2	4	0.797276914895832	0.4957369814156558	2.2572832107543945	1000
TGAGTCA	2	++	7	0	0.7087133739424608	0.42491843839565835	2.006730556488037	1000
TGAGTCA	2	++	7	1	0.7003858450006955	0.40866758273731796	2.167236804962158	1000
TGAGTCA	2	++	7	2	0.6279173434239829	0.37049482949976154	2.017587184906006	1000
TGAGTCA	2	++	7	3	0.6341025704752756	0.3461354433076983	1.8988873958587646	1000
TGAGTCA	2	++	7	4	0.5909909484572293	0.2894509934792217	2.1142966747283936	1000
TGAGTCA	2	+-	7	0	0.6843066280279162	0.4005116064897883	1.989812970161438	1000
TGAGTCA	2	+-	7	1	0.6989181020625695	0.40719983979919205	2.1662192344665527	1000
TGAGTCA	2	+-	7	2	0.6274337282097567	0.37001121428553535	2.017251968383789	1000
TGAGTCA	2	+-	7	3	0.604526026075795	0.31655889890821765	1.8783864974975586	1000
TGAGTCA	2	+-	7	4	0.6295492867980201	0.3280093103221812	2.1410233974456787	1000
TGAGTCA	2	-+	7	0	0.7246802002529013	0.44088517871477334	2.0177979469299316	1000
TGAGTCA	2	-+	7	1	0.7076918399919985	0.4159736207242837	2.1723008155822754	1000
TGAGTCA	2	-+	7	2	0.6169838473650189	0.3595613334407975	2.0100088119506836	1000
TGAGTCA	2	-+	7	3	0.6545597778084187	0.36659262914300983	1.91306734085083	1000
TGAGTCA	2	-+	7	4	0.5559607912032263	0.2544208147273873	2.0900156497955322	1000
TGAGTCA	4	++++	7	0	1.5463228432010472	1.2625278216629192	2.5873172283172607	1000
TGAGTCA	4	++++	7	1	1.5079445706957095	1.2162262224410068	2.7269937992095947	1000
TGAGTCA	4	++++	7	2	1.4346033431571938	1.177180743241647	2.5767393112182617	1000
TGAGTCA	4	++++	7	3	1.2992117210919563	1.0112444864352221	2.35990571975708	1000
TGAGTCA	4	++++	7	4	0.9873889449166927	0.6858490544321793	2.389059066772461	1000
TGAGTCA	4	+-+-	7	0	1.5125315199768716	1.2287364984387437	2.563894748687744	1000
TGAGTCA	4	+-+-	7	1	1.5145846488628718	1.2228664725908198	2.7315962314605713	1000
TGAGTCA	4	+-+-	7	2	1.4150170989636828	1.157594499048136	2.5631632804870605	1000
TGAGTCA	4	+-+-	7	3	1.2652638076641702	0.9772968309814123	2.3363749980926514	1000
TGAGTCA	4	+-+-	7	4	1.0140596704471954	0.7125196509756938	2.407545566558838	1000
TGAGTCA	4	++--	7	0	1.5258035931266054	1.242008485597152	2.573094129562378	1000
TGAGTCA	4	++--	7	1	1.5066923650147774	1.2149741027514	2.726125955581665	1000
TGAGTCA	4	++--	7	2	1.4318026916792184	1.1743800917636715	2.5747978687286377	1000
TGAGTCA	4	++--	7	3	1.2831921391033636	0.9952249904379549	2.348802089691162	1000
TGAGTCA	4	++--	7	4	1.01803917700551	0.7164992865209965	2.410304307937622	1000
TGAGTCA	4	+--+	7	0	1.5431857076666586	1.2593906001372053	2.5851426124572754	1000
TGAGTCA	4	+--+	7	1	1.5116781420632903	1.2199599657912383	2.729581832885742	1000
TGAGTCA	4	+--+	7	2	1.424999144002411	1.1675765440868642	2.570082187652588	1000
TGAGTCA	4	+--+	7	3	1.2987876118749286	1.0108206351921707	2.359611988067627	1000
TGAGTCA	4	+--+	7	4	0.9929384810947338	0.691398504618895	2.3929057121276855	1000
TGAGTCA	2	++	1	0	0.4094095588888028	0.12561459109525333	1.7992690801620483	1000
TGAGTCA	2	++	1	1	0.37100084545426265	0.07928259931425868	1.9389244318008423	1000
TGAGTCA	2	++	1	2	0.4089323500283213	0.1515098361040999	1.8657983541488647	1000
TGAGTCA	2	++	1	3	0.3775179990217206	0.0895508664796854	1.721036672592163	1000
TGAGTCA	2	++	1	4	0.3310930882391395	0.02955314132281871	1.9341493844985962	1000
TGAGTCA	2	+-	1	0	0.4670679464691155	0.18327298942448167	1.839234709739685	1000
TGAGTCA	2	+-	1	1	0.3826175425937792	0.09089932332606444	1.9469765424728394	1000
TGAGTCA	2	+-	1	2	0.45049608519293965	0.19307357126871832	1.8946081399917603	1000
TGAGTCA	2	+-	1	3	0.4095332574104359	0.12156610874502714	1.7432278394699097	1000
TGAGTCA	2	+-	1	4	0.3350572023502018	0.03351725543388102	1.9368971586227417	1000
TGAGTCA	2	-+	1	0	0.37253527466526065	0.08874030687171114	1.773709774017334	1000
TGAGTCA	2	-+	1	1	0.38721012430675694	0.09549186204337945	1.9501597881317139	1000
TGAGTCA	2	-+	1	2	0.37792662980017067	0.1205040728802866	1.8443068265914917	1000
TGAGTCA	2	-+	1	3	0.36237608749614364	0.07440900332422896	1.710541009902954	1000
TGAGTCA	2	-+	1	4	0.34132246582763986	0.039782508162403384	1.9412397146224976	1000
TGAGTCA	4	++++	1	0	0.804093963210732	0.5202990276639295	2.072843313217163	1000
TGAGTCA	4	++++	1	1	0.5882921966998901	0.29657395593434394	2.0895392894744873	1000
TGAGTCA	4	++++	1	2	0.6925335471189268	0.4351109901990427	2.062375783920288	1000
TGAGTCA	4	++++	1	3	0.6426836448400756	0.3547164961746668	1.9048354625701904	1000
TGAGTCA	4	++++	1	4	0.4293534840004457	0.1278135182735225	2.00225830078125	1000
TGAGTCA	4	+-+-	1	0	0.8101966815852734	0.5264016600471454	2.077073335647583	1000
TGAGTCA	4	+-+-	1	1	0.6532152174439732	0.3614969981762584	2.134540557861328	1000
TGAGTCA	4	+-+-	1	2	0.746405994614471	0.4889834376945869	2.099717378616333	1000
TGAGTCA	4	+-+-	1	3	0.6967018906278887	0.40873482795380534	1.9422779083251953	1000
TGAGTCA	4	+-+-	1	4	0.44333700638113627	0.14179702990529736	2.011950969696045	1000
TGAGTCA	4	++--	1	0	0.8182715250172585	0.5344766754617815	2.0826704502105713	1000
TGAGTCA	4	++--	1	1	0.5345563894204564	0.24283810565924754	2.052292585372925	1000
TGAGTCA	4	++--	1	2	0.7693968933557875	0.5119743794315662	2.1156532764434814	1000
TGAGTCA	4	++--	1	3	0.6588555174660071	0.3708884117962611	1.9160449504852295	1000
TGAGTCA	4	++--	1	4	0.44920552738086517	0.1476655724028576	2.0160186290740967	1000
TGAGTCA	4	+--+	1	0	0.7800219815260918	0.49622700298362665	2.0561578273773193	1000
TGAGTCA	4	+--+	1	1	0.612498969787144	0.3207807505194292	2.106318473815918	1000
TGAGTCA	4	+--+	1	2	0.7167443188028132	0.45932180487859187	2.0791571140289307	1000
TGAGTCA	4	+--+	1	3	0.6524307185820625	0.36446356991665374	1.9115915298461914	1000
TGAGTCA	4	+--+	1	4	0.43808581710667943	0.13654588362650322	2.0083110332489014	1000
TGAGTCA	2	++	5	0	0.6193751371382781	0.3355801585958129	1.9448059797286987	1000
TGAGTCA	2	++	5	1	0.6159455451060973	0.3242272828427199	2.1087069511413574	1000
TGAGTCA	2	++	5	2	0.6524750041146596	0.3950524901904383	2.034609317779541	1000
TGAGTCA	2	++	5	3	0.7135636716577565	0.4255965229923477	1.9539655447006226	1000
TGAGTCA	2	++	5	4	0.5235959780766323	0.22205604459645611	2.067582368850708	1000
TGAGTCA	2	+-	5	0	0.5976700666861373	0.3138751096415035	1.9297611713409424	1000
TGAGTCA	2	+-	5	1	0.5869961784386507	0.29527791617527316	2.0886409282684326	1000
TGAGTCA	2	+-	5	2	0.6213552163933243	0.3639326164777775	2.0130386352539062	1000
TGAGTCA	2	+-	5	3	0.6511079140229512	0.3631408083532051	1.9106746912002563	1000
TGAGTCA	2	+-	5	4	0.49551671463556324	0.19397673815972435	2.048119068145752	1000
TGAGTCA	2	-+	5	0	0.656563418686633	0.3727684831398306	1.9705829620361328	1000
TGAGTCA	2	-+	5	1	0.653236113336053	0.36151785107267553	2.1345551013946533	1000
TGAGTCA	2	-+	5	2	0.7177751398164222	0.4603525828965381	2.079871892929077	1000
TGAGTCA	2	-+	5	3	0.7766765750015084	0.48870951232742516	1.9977121353149414	1000
TGAGTCA	2	-+	5	4	0.5593888783872119	0.2578489449070357	2.0923917293548584	1000
TGAGTCA	4	++++	5	0	1.061033635842656	0.7772385283132027	2.2509403228759766	1000
TGAGTCA	4	++++	5	1	0.8429659119153712	0.5512475636606683	2.2660655975341797	1000
TGAGTCA	4	++++	5	2	1.1584200157722775	0.900997501848056	2.3853037357330322	1000
TGAGTCA	4	++++	5	3	1.2332286852792802	0.9452613646312206	2.3141698837280273	1000
TGAGTCA	4	++++	5	4	0.7002855361195797	0.3987455596437408	2.190053939819336	1000
TGAGTCA	4	+-+-	5	0	1.0552204502608422	0.7714255147140398	2.246910810470581	1000
TGAGTCA	4	+-+-	5	1	0.822749351306448	0.5310310890430705	2.2520527839660645	1000
TGAGTCA	4	+-+-	5	2	1.1751725018275219	0.917750073894626	2.3969154357910156	1000
TGAGTCA	4	+-+-	5	3	1.1780207924997863	0.890053729825703	2.27590274810791	1000
TGAGTCA	4	+-+-	5	4	0.6916880804072852	0.3901481039314463	2.1840946674346924	1000
TGAGTCA	4	++--	5	0	1.046397310314953	0.7626023747681505	2.240795135498047	1000
TGAGTCA	4	++--	5	1	0.8132107635329695	0.521492501269592	2.24544095993042	1000
TGAGTCA	4	++--	5	2	1.1455963873846684	0.8881739594517725	2.3764150142669678	1000
TGAGTCA	4	++--	5	3	1.1797819808359469	0.8918148321705381	2.27712345123291	1000
TGAGTCA	4	++--	5	4	0.6956611376161924	0.3941212471316789	2.1868486404418945	1000
TGAGTCA	4	+--+	5	0	1.0687670077213531	0.7849719001918998	2.256300687789917	1000
TGAGTCA	4	+--+	5	1	0.8483839673568276	0.5566657480891128	2.2698214054107666	1000
TGAGTCA	4	+--+	5	2	1.1861614192957266	0.9287389053715052	2.4045326709747314	1000
TGAGTCA	4	+--+	5	3	1.2298431208057203	0.9418761441229625	2.3118231296539307	1000
TGAGTCA	4	+--+	5	4	0.7136093330515605	0.41206939957138433	2.199289560317993	1000
TGAGTCA	2	++	9	0	0.6933364051288171	0.4095414695820146	1.9960720539093018	1000
TGAGTCA	2	++	9	1	0.6872446506482682	0.3955264313805535	2.158128023147583	1000
TGAGTCA	2	++	9	2	0.7187782286275796	0.4613556717076954	2.0805671215057373	1000
TGAGTCA	2	++	9	3	0.8308916119375714	0.5429244202764999	2.0352911949157715	1000
TGAGTCA	2	++	9	4	0.7052295643795956	0.40368954490809394	2.193480968475342	1000
TGAGTCA	2	+-	9	0	0.6902070088137174	0.406412073266915	1.9939028024673462	1000
TGAGTCA	2	+-	9	1	0.6640019693060886	0.37228379303403647	2.142017364501953	1000
TGAGTCA	2	+-	9	2	0.718586381980542	0.46116382506065795	2.0804340839385986	1000
TGAGTCA	2	+-	9	3	0.8283131620445108	0.5403460993704274	2.033504009246826	1000
TGAGTCA	2	+-	9	4	0.7068877351078894	0.40534775863205047	2.1946303844451904	1000
TGAGTCA	2	-+	9	0	0.6942266303253457	0.4104316087872178	1.996688961982727	1000
TGAGTCA	2	-+	9	1	0.7147093340864791	0.4229911148187643	2.1771650314331055	1000
TGAGTCA	2	-+	9	2	0.721228465454422	0.4638059515302006	2.082265615463257	1000
TGAGTCA	2	-+	9	3	0.8277954942654137	0.539828474586993	2.0331451892852783	1000
TGAGTCA	2	-+	9	4	0.6947280887395989	0.39318819825508544	2.186201810836792	1000
TGAGTCA	4	++++	9	0	1.3047865387196742	1.0209916031728719	2.4198970794677734	1000
TGAGTCA	4	++++	9	1	1.4078505819022296	1.116132319638852	2.657613754272461	1000
TGAGTCA	4	++++	9	2	1.535706182180635	1.2782838402390646	2.6468186378479004	1000
TGAGTCA	4	++++	9	3	1.740310846224403	1.4523436115676687	2.6656525135040283	1000
TGAGTCA	4	++++	9	4	1.3999527086179822	1.098412775137806	2.6750264167785645	1000
TGAGTCA	4	+-+-	9	0	1.3065287229729146	1.0227337014347866	2.4211044311523438	1000
TGAGTCA	4	+-+-	9	1	1.3969285656852106	1.1052103894131586	2.650043487548828	1000
TGAGTCA	4	+-+-	9	2	1.531861338037946	1.274439082087701	2.6441538333892822	1000
TGAGTCA	4	+-+-	9	3	1.7367729911135041	1.4488059284394208	2.6632001399993896	1000
TGAGTCA	4	+-+-	9	4	1.3935724962362737	1.0920325627560976	2.6706039905548096	1000
TGAGTCA	4	++--	9	0	1.3064611337911254	1.0226661122529974	2.42105770111084	1000
TGAGTCA	4	++--	9	1	1.4087652716308434	1.1170469233761404	2.658247947692871	1000
TGAGTCA	4	++--	9	2	1.5192808071273316	1.2618583791944358	2.6354331970214844	1000
TGAGTCA	4	++--	9	3	1.7294000948710155	1.4414329462056068	2.6580898761749268	1000
TGAGTCA	4	++--	9	4	1.3960321921089136	1.0944920866460865	2.672308921813965	1000
TGAGTCA	4	+--+	9	0	1.3001575396803762	1.0163626041335738	2.4166884422302246	1000
TGAGTCA	4	+--+	9	1	1.4128747970732103	1.1211567067924835	2.6610963344573975	1000
TGAGTCA	4	+--+	9	2	1.5334043663814871	1.275981680474615	2.6452231407165527	1000
TGAGTCA	4	+--+	9	3	1.7290616330141175	1.4410943983573834	2.6578550338745117	1000
TGAGTCA	4	+--+	9	4	1.3883322708558095	1.0867922513843078	2.6669716835021973	1000
TGAGTCA	2	++	8	0	0.5858141416792706	0.3020191846346368	1.9215432405471802	1000
TGAGTCA	2	++	8	1	0.6399819263820089	0.34826366411863147	2.125368118286133	1000
TGAGTCA	2	++	8	2	0.5506428726602346	0.29322031574035057	1.9640246629714966	1000
TGAGTCA	2	++	8	3	0.6330650421382831	0.3450979149707057	1.8981682062149048	1000
TGAGTCA	2	++	8	4	0.6283508256954826	0.3268109137131378	2.1401925086975098	1000
TGAGTCA	2	+-	8	0	0.605648040890024	0.3218530838453902	1.9352911710739136	1000
TGAGTCA	2	+-	8	1	0.639590364881657	0.34787210261827956	2.125096321105957	1000
TGAGTCA	2	+-	8	2	0.5713617515966654	0.3139391946767812	1.9783856868743896	1000
TGAGTCA	2	+-	8	3	0.6501926653507221	0.3622255166853133	1.910040259361267	1000
TGAGTCA	2	+-	8	4	0.6249583389202256	0.323418383942218	2.13784122467041	1000
TGAGTCA	2	-+	8	0	0.5637263238376347	0.2799313237973381	1.9062331914901733	1000
TGAGTCA	2	-+	8	1	0.6189732996745371	0.327255058908991	2.1108057498931885	1000
TGAGTCA	2	-+	8	2	0.5368675352784135	0.2794449568606981	1.9544763565063477	1000
TGAGTCA	2	-+	8	3	0.6160413824382907	0.32807429826637596	1.8863683938980103	1000
TGAGTCA	2	-+	8	4	0.6315506059104479	0.3300106079367776	2.1424107551574707	1000
TGAGTCA	4	++++	8	0	1.3065466951599296	1.0227517596131273	2.421116828918457	1000
TGAGTCA	4	++++	8	1	1.465403114160936	1.173684937888884	2.6975064277648926	1000
TGAGTCA	4	++++	8	2	1.236957269149986	0.9795346692344391	2.439741611480713	1000
TGAGTCA	4	++++	8	3	1.5098666488017523	1.2218995001363435	2.505920886993408	1000
TGAGTCA	4	++++	8	4	1.4220769007902756	1.1205369673100996	2.690361738204956	1000
TGAGTCA	4	+-+-	8	0	1.320276930091562	1.0364820805360848	2.4306342601776123	1000
TGAGTCA	4	+-+-	8	1	1.4402138471849657	1.1484955849215883	2.680046319961548	1000
TGAGTCA	4	+-+-	8	2	1.2689473320803497	1.011524732164803	2.4619152545928955	1000
TGAGTCA	4	+-+-	8	3	1.5293006883492497	1.2413337116664918	2.5193915367126465	1000
TGAGTCA	4	+-+-	8	4	1.4155627999148706	1.1140228664346943	2.6858463287353516	1000
TGAGTCA	4	++--	8	0	1.3276233410058176	1.0438282334763644	2.4357264041900635	1000
TGAGTCA	4	++--	8	1	1.4648906058613649	1.173172429589313	2.6971511840820312	1000
TGAGTCA	4	++--	8	2	1.2697579723051917	1.0123353723896449	2.462476968765259	1000
TGAGTCA	4	++--	8	3	1.5388775422625451	1.250910307605811	2.526029586791992	1000
TGAGTCA	4	++--	8	4	1.4425421483123464	1.1410023008234957	2.704547166824341	1000
TGAGTCA	4	+--+	8	0	1.3006301480049474	1.0168351264668194	2.41701602935791	1000
TGAGTCA	4	+--+	8	1	1.4467364612015885	1.1550181989382111	2.684567451477051	1000
TGAGTCA	4	+--+	8	2	1.2527241226331356	0.9953016087089143	2.4506704807281494	1000
TGAGTCA	4	+--+	8	3	1.5069217898710285	1.2189547271969452	2.5038793087005615	1000
TGAGTCA	4	+--+	8	4	1.423821320817977	1.1222813873378008	2.69157075881958	1000
TGAGTCA	2	++	10	0	0.5562686831439334	0.27247374759713094	1.9010639190673828	1000
TGAGTCA	2	++	10	1	0.5810644538147297	0.2893461915513522	2.0845296382904053	1000
TGAGTCA	2	++	10	2	0.513896887494236	0.25647430907652063	1.9385541677474976	1000
TGAGTCA	2	++	10	3	0.5745523307398094	0.2865852250700634	1.8576103448867798	1000
TGAGTCA	2	++	10	4	0.6128977975544948	0.3113577780829932	2.129481554031372	1000
TGAGTCA	2	+-	10	0	0.5545633891693033	0.2707683891290067	1.8998819589614868	1000
TGAGTCA	2	+-	10	1	0.5891522389411923	0.2974339766778148	2.090135335922241	1000
TGAGTCA	2	+-	10	2	0.5064791037798723	0.24905656835781953	1.9334125518798828	1000
TGAGTCA	2	+-	10	3	0.5880481963139784	0.30008109064423244	1.8669650554656982	1000
TGAGTCA	2	+-	10	4	0.6280610349287787	0.32652107995077123	2.1399917602539062	1000
TGAGTCA	2	-+	10	0	0.5424539617350647	0.2586590046904309	1.8914883136749268	1000
TGAGTCA	2	-+	10	1	0.5737892007222685	0.2820709599567223	2.079486608505249	1000
TGAGTCA	2	-+	10	2	0.5229678974356813	0.2655452975201345	1.944841742515564	1000
TGAGTCA	2	-+	10	3	0.5633982239354511	0.27543111826570504	1.8498789072036743	1000
TGAGTCA	2	-+	10	4	0.600383565955788	0.2988435894799491	2.12080717086792	1000
TGAGTCA	4	++++	10	0	1.2175989879601936	0.9338038804307403	2.3594632148742676	1000
TGAGTCA	4	++++	10	1	1.261060121720456	0.9693418594570785	2.5558667182922363	1000
TGAGTCA	4	++++	10	2	1.1033439476946698	0.8459213477791231	2.347127914428711	1000
TGAGTCA	4	++++	10	3	1.2575954452274993	0.9696283825534159	2.3310599327087402	1000
TGAGTCA	4	++++	10	4	1.3787439800962316	1.07720396062473	2.660325765609741	1000
TGAGTCA	4	+-+-	10	0	1.2062250873280327	0.9224300657899047	2.351579427719116	1000
TGAGTCA	4	+-+-	10	1	1.2703002336033622	0.9785819713399846	2.5622715950012207	1000
TGAGTCA	4	+-+-	10	2	1.1039544861052328	0.8465319721810115	2.347550868988037	1000
TGAGTCA	4	+-+-	10	3	1.2693360128712998	0.9813690361885419	2.3391976356506348	1000
TGAGTCA	4	+-+-	10	4	1.4048608354996304	1.103320816028129	2.6784281730651855	1000
TGAGTCA	4	++--	10	0	1.2173694771126171	0.9335746275571402	2.359304189682007	1000
TGAGTCA	4	++--	10	1	1.2657722743714461	0.9740539261167431	2.5591328144073486	1000
TGAGTCA	4	++--	10	2	1.103433894621071	0.8460113806968498	2.3471899032592773	1000
TGAGTCA	4	++--	10	3	1.2776202451807104	0.9896530965153016	2.344939947128296	1000
TGAGTCA	4	++--	10	4	1.3861793060409833	1.0846393725608072	2.6654791831970215	1000
TGAGTCA	4	+--+	10	0	1.2039441674209646	0.9201491458828367	2.3499984741210938	1000
TGAGTCA	4	+--+	10	1	1.2586956182450686	0.9669773559816912	2.554227590560913	1000
TGAGTCA	4	+--+	10	2	1.110827772746965	0.8534052588227437	2.3523151874542236	1000
TGAGTCA	4	+--+	10	3	1.2609220196518132	0.9729548709864043	2.3333656787872314	1000
TGAGTCA	4	+--+	10	4	1.3830818984989441	1.0815418790274425	2.663332462310791	1000
TGAGTCA	2	++	11	0	0.662102248944658	0.37830722740653006	1.9744220972061157	1000
TGAGTCA	2	++	11	1	0.6522918855871535	0.3605736663194387	2.1339004039764404	1000
TGAGTCA	2	++	11	2	0.5750679347270962	0.31764539930504343	1.980954885482788	1000
TGAGTCA	2	++	11	3	0.6845679126702395	0.39660076400483074	1.9338674545288086	1000
TGAGTCA	2	++	11	4	0.6051674353721879	0.30362745889634896	2.1241233348846436	1000
TGAGTCA	2	+-	11	0	0.659318322779479	0.3755233872326765	1.9724926948547363	1000
TGAGTCA	2	+-	11	1	0.659361576416171	0.36764327115713075	2.138800859451294	1000
TGAGTCA	2	+-	11	2	0.5813607369265036	0.3239382230022822	1.9853166341781616	1000
TGAGTCA	2	+-	11	3	0.687827542847705	0.399860437177959	1.936126708984375	1000
TGAGTCA	2	+-	11	4	0.5996166953155907	0.2980767403375832	2.1202757358551025	1000
TGAGTCA	2	-+	11	0	0.6677657236288956	0.38397078808209323	1.9783477783203125	1000
TGAGTCA	2	-+	11	1	0.644398870812793	0.35268065154507827	2.128429651260376	1000
TGAGTCA	2	-+	11	2	0.5765433308931854	0.3191208169689641	1.9819775819778442	1000
TGAGTCA	2	-+	11	3	0.6800683735713785	0.3921013108972952	1.9307485818862915	1000
TGAGTCA	2	-+	11	4	0.6108565784670669	0.30931660199122796	2.1280665397644043	1000
TGAGTCA	4	++++	11	0	1.4410317106811439	1.157236689143016	2.5143349170684814	1000
TGAGTCA	4	++++	11	1	1.4379123753511196	1.1461941990790676	2.6784510612487793	1000
TGAGTCA	4	++++	11	2	1.2923202902805582	1.0348977763563367	2.478116273880005	1000
TGAGTCA	4	++++	11	3	1.5266330654517166	1.2386660027776333	2.5175423622131348	1000
TGAGTCA	4	++++	11	4	1.141329669799413	0.8397897363192368	2.495762348175049	1000
TGAGTCA	4	+-+-	11	0	1.4420351434576029	1.1582402079108003	2.5150306224823	1000
TGAGTCA	4	+-+-	11	1	1.4372124919534335	1.1454943156813813	2.6779661178588867	1000
TGAGTCA	4	+-+-	11	2	1.3010048982011773	1.043582384276956	2.484135627746582	1000
TGAGTCA	4	+-+-	11	3	1.5293779085594872	1.2414107598940785	2.5194449424743652	1000
TGAGTCA	4	+-+-	11	4	1.1283176344177839	0.8267777009376076	2.486743450164795	1000
TGAGTCA	4	++--	11	0	1.4479252052843523	1.1641301837462243	2.519113302230835	1000
TGAGTCA	4	++--	11	1	1.4474065056093501	1.1556883293372981	2.6850318908691406	1000
TGAGTCA	4	++--	11	2	1.3003971115130282	1.0429746835801323	2.4837148189544678	1000
TGAGTCA	4	++--	11	3	1.5299910267098131	1.2420237920530788	2.5198700428009033	1000
TGAGTCA	4	++--	11	4	1.139421866253392	0.8378819327732157	2.4944400787353516	1000
TGAGTCA	4	+--+	11	0	1.4425997625003855	1.158804826953583	2.5154218673706055	1000
TGAGTCA	4	+--+	11	1	1.4364977320564476	1.14477946979307	2.6774706840515137	1000
TGAGTCA	4	+--+	11	2	1.2956800573564884	1.0382575434322672	2.48044490814209	1000
TGAGTCA	4	+--+	11	3	1.5204688632794918	1.2325016286227577	2.5132696628570557	1000
TGAGTCA	4	+--+	11	4	1.1375739986611964	0.8360340651810202	2.493159294128418	1000
TGAGTCA	2	++	13	0	0.6645477562486016	0.38075277770613647	1.9761171340942383	1000
TGAGTCA	2	++	13	1	0.598887402884607	0.30716916211906087	2.0968832969665527	1000
TGAGTCA	2	++	13	2	0.6214095199153342	0.36398696299545014	2.0130763053894043	1000
TGAGTCA	2	++	13	3	0.7015303895421875	0.4135633268681041	1.945624828338623	1000
TGAGTCA	2	++	13	4	0.6464719066906306	0.34493195171262303	2.1527531147003174	1000
TGAGTCA	2	+-	13	0	0.657977632024678	0.3741826964778755	1.9715632200241089	1000
TGAGTCA	2	+-	13	1	0.5786134000702956	0.2868951593047495	2.0828306674957275	1000
TGAGTCA	2	+-	13	2	0.6262211645298484	0.3687986076099644	2.016411542892456	1000
TGAGTCA	2	+-	13	3	0.6946537922344261	0.40668668656468016	1.9408583641052246	1000
TGAGTCA	2	+-	13	4	0.6415204401809649	0.3399805067007887	2.1493213176727295	1000
TGAGTCA	2	-+	13	0	0.6599393951274073	0.3761444165849421	1.972922921180725	1000
TGAGTCA	2	-+	13	1	0.6159175119340068	0.3241992711684606	2.10868763923645	1000
TGAGTCA	2	-+	13	2	0.6024430152042074	0.34502047978215467	1.999929666519165	1000
TGAGTCA	2	-+	13	3	0.6978533574710779	0.4098862518013318	1.9430761337280273	1000
TGAGTCA	2	-+	13	4	0.6459782734869917	0.34443834000681545	2.1524112224578857	1000
TGAGTCA	4	++++	13	0	1.2187881619995846	0.934993226452782	2.360287666320801	1000
TGAGTCA	4	++++	13	1	1.0880653529573197	0.7963470906939423	2.43595552444458	1000
TGAGTCA	4	++++	13	2	1.2114730519277859	0.954050452012239	2.422077178955078	1000
TGAGTCA	4	++++	13	3	1.3740383627859742	1.086071300111891	2.4117720127105713	1000
TGAGTCA	4	++++	13	4	1.2442563848352544	0.9427165373464036	2.567106008529663	1000
TGAGTCA	4	+-+-	13	0	1.2088502305108026	0.9250552949640001	2.3533990383148193	1000
TGAGTCA	4	+-+-	13	1	1.0595130512350526	0.7677948749630005	2.4161646366119385	1000
TGAGTCA	4	+-+-	13	2	1.2155243612428355	0.9581018473186143	2.4248852729797363	1000
TGAGTCA	4	+-+-	13	3	1.3569497366396184	1.068982673965535	2.3999269008636475	1000
TGAGTCA	4	+-+-	13	4	1.2416566090934869	0.9401165896219851	2.5653040409088135	1000
TGAGTCA	4	++--	13	0	1.2184822048636996	0.9346872693168972	2.3600752353668213	1000
TGAGTCA	4	++--	13	1	1.0724687622985243	0.7807505860264721	2.425144910812378	1000
TGAGTCA	4	++--	13	2	1.2169353929018394	0.9595127069949673	2.425863265991211	1000
TGAGTCA	4	++--	13	3	1.374746501350902	1.0867794386768186	2.4122626781463623	1000
TGAGTCA	4	++--	13	4	1.242808376906315	0.9412684434261388	2.5661022663116455	1000
TGAGTCA	4	+--+	13	0	1.2092686643003518	0.9254736427622239	2.353688955307007	1000
TGAGTCA	4	+--+	13	1	1.0865182830214832	0.7948000207581059	2.4348833560943604	1000
TGAGTCA	4	+--+	13	2	1.201541311814435	0.9441187118988881	2.4151928424835205	1000
TGAGTCA	4	+--+	13	3	1.3677324469094385	1.0797653842353552	2.4074008464813232	1000
TGAGTCA	4	+--+	13	4	1.2460829265787428	0.9445429071072412	2.5683720111846924	1000
TGAGTCA	2	++	12	0	0.5784052150714262	0.29461027952462376	1.916407823562622	1000
TGAGTCA	2	++	12	1	0.588126921372411	0.29640863761120206	2.0894248485565186	1000
TGAGTCA	2	++	12	2	0.5324496879387124	0.2750271310188283	1.9514141082763672	1000
TGAGTCA	2	++	12	3	0.6089561701750328	0.3209890645052868	1.8814573287963867	1000
TGAGTCA	2	++	12	4	0.6193765559951477	0.3178366225149715	2.13397216796875	1000
TGAGTCA	2	+-	12	0	0.5882622287229773	0.30446729317617477	1.9232401847839355	1000
TGAGTCA	2	+-	12	1	0.5911099604516263	0.2993917196860802	2.0914926528930664	1000
TGAGTCA	2	+-	12	2	0.5453093896873399	0.28788683276745586	1.9603277444839478	1000
TGAGTCA	2	+-	12	3	0.602202153501674	0.3142350263340966	1.8767757415771484	1000
TGAGTCA	2	+-	12	4	0.6226302527711585	0.32109027629531955	2.136227607727051	1000
TGAGTCA	2	-+	12	0	0.5648852719261364	0.28109033637933395	1.907036542892456	1000
TGAGTCA	2	-+	12	1	0.5928748034191178	0.30115656265357166	2.0927157402038574	1000
TGAGTCA	2	-+	12	2	0.5206865905676489	0.2632640336477648	1.9432605504989624	1000
TGAGTCA	2	-+	12	3	0.6120255015493187	0.32405839587957264	1.8835848569869995	1000
TGAGTCA	2	-+	12	4	0.6129729969685845	0.3114330204927457	2.1295337677001953	1000
TGAGTCA	4	++++	12	0	1.2902528008432108	1.0064578652964085	2.409823179244995	1000
TGAGTCA	4	++++	12	1	1.3088652792675366	1.017147017004159	2.5890023708343506	1000
TGAGTCA	4	++++	12	2	1.1882670028902398	0.9308444889660186	2.405992031097412	1000
TGAGTCA	4	++++	12	3	1.3976685210405477	1.109701372375139	2.4281508922576904	1000
TGAGTCA	4	++++	12	4	1.4159116667221456	1.114371647250644	2.6860883235931396	1000
TGAGTCA	4	+-+-	12	0	1.2981537698151737	1.0143588342683711	2.415299415588379	1000
TGAGTCA	4	+-+-	12	1	1.3138250009444437	1.0221067386810663	2.592440366744995	1000
TGAGTCA	4	+-+-	12	2	1.1994390818816134	0.942016567957392	2.413735866546631	1000
TGAGTCA	4	+-+-	12	3	1.3923890836156867	1.104421934950278	2.4244914054870605	1000
TGAGTCA	4	+-+-	12	4	1.4027364198048475	1.101196400333346	2.6769559383392334	1000
TGAGTCA	4	++--	12	0	1.2964738432815457	1.0126789077347433	2.414135217666626	1000
TGAGTCA	4	++--	12	1	1.3143168713259112	1.0225986950538593	2.5927813053131104	1000
TGAGTCA	4	++--	12	2	1.2039021176628286	0.9464796037386073	2.4168295860290527	1000
TGAGTCA	4	++--	12	3	1.3935846210131595	1.1056173863564254	2.4253201484680176	1000
TGAGTCA	4	++--	12	4	1.4034485999620705	1.1019085804905688	2.6774494647979736	1000
TGAGTCA	4	+--+	12	0	1.290790246627157	1.0069953110803547	2.4101953506469727	1000
TGAGTCA	4	+--+	12	1	1.31004198456474	1.0183237223013624	2.589818000793457	1000
TGAGTCA	4	+--+	12	2	1.1938622004620851	0.9364396865378637	2.4098703861236572	1000
TGAGTCA	4	+--+	12	3	1.38983032573615	1.1018632630620666	2.422717809677124	1000
TGAGTCA	4	+--+	12	4	1.4112645235131818	1.1097245900330055	2.6828672885894775	1000
TGAGTCA	2	++	14	0	0.5889852867828672	0.30519028674257065	1.923741340637207	1000
TGAGTCA	2	++	14	1	0.5848331096430864	0.29311482588187754	2.087141513824463	1000
TGAGTCA	2	++	14	2	0.5172573425007699	0.25983476408305445	1.9408835172653198	1000
TGAGTCA	2	++	14	3	0.6128763857144625	0.32490928004471636	1.8841745853424072	1000
TGAGTCA	2	++	14	4	0.6234912839127031	0.32195135043252693	2.136824369430542	1000
TGAGTCA	2	+-	14	0	0.5776249297844617	0.2938299297441651	1.9158669710159302	1000
TGAGTCA	2	+-	14	1	0.5802887690636757	0.28857052829812957	2.083991765975952	1000
TGAGTCA	2	+-	14	2	0.51140954541047	0.2539869669927545	1.9368300437927246	1000
TGAGTCA	2	+-	14	3	0.616195435897801	0.3282283517258863	1.8864752054214478	1000
TGAGTCA	2	+-	14	4	0.6224577971680058	0.3209178421899982	2.136107921600342	1000
TGAGTCA	2	-+	14	0	0.5950534796402478	0.3112584795999513	1.9279475212097168	1000
TGAGTCA	2	-+	14	1	0.5919143663053744	0.3001961255398283	2.092050075531006	1000
TGAGTCA	2	-+	14	2	0.5226124092963479	0.26518983087863246	1.944595456123352	1000
TGAGTCA	2	-+	14	3	0.6111259032983181	0.3231587761307406	1.8829611539840698	1000
TGAGTCA	2	-+	14	4	0.6200832757032056	0.31854332072519814	2.1344621181488037	1000
TGAGTCA	4	++++	14	0	1.3027462225411632	1.0189512869943609	2.418483018875122	1000
TGAGTCA	4	++++	14	1	1.2888069426974071	0.9970886804340298	2.575099229812622	1000
TGAGTCA	4	++++	14	2	1.108893053916084	0.8514703680092116	2.3509740829467773	1000
TGAGTCA	4	++++	14	3	1.3655809439471447	1.0776139672643867	2.405909776687622	1000
TGAGTCA	4	++++	14	4	1.3775160239690711	1.0759760904888949	2.6594746112823486	1000
TGAGTCA	4	+-+-	14	0	1.2972080372180792	1.0134129296886258	2.4146440029144287	1000
TGAGTCA	4	+-+-	14	1	1.2771116064907837	0.9853932582360807	2.56699275970459	1000
TGAGTCA	4	+-+-	14	2	1.1155408713025348	0.858118271386988	2.3555819988250732	1000
TGAGTCA	4	+-+-	14	3	1.3742897154302103	1.0863225667648015	2.4119460582733154	1000
TGAGTCA	4	+-+-	14	4	1.3843378877981953	1.082797954318019	2.66420316696167	1000
TGAGTCA	4	++--	14	0	1.2892791210653511	1.0054841855185486	2.4091479778289795	1000
TGAGTCA	4	++--	14	1	1.280371107681261	0.9886527594265581	2.5692520141601562	1000
TGAGTCA	4	++--	14	2	1.1045490301292655	0.8471265162050442	2.3479630947113037	1000
TGAGTCA	4	++--	14	3	1.3809581707347647	1.092991022069356	2.4165682792663574	1000
TGAGTCA	4	++--	14	4	1.3793134146532382	1.0777734811730622	2.660720109939575	1000
TGAGTCA	4	+--+	14	0	1.298330224014959	1.0145352884681564	2.415421962738037	1000
TGAGTCA	4	+--+	14	1	1.2898196625370129	0.9981014002736354	2.575801134109497	1000
TGAGTCA	4	+--+	14	2	1.108289910759508	0.8508673108439612	2.3505561351776123	1000
TGAGTCA	4	+--+	14	3	1.369680408404436	1.0817132597390273	2.4087510108947754	1000
TGAGTCA	4	+--+	14	4	1.3756127779632978	1.0740727584917962	2.6581552028656006	1000
TGAGTCA	2	++	15	0	0.6413772646241216	0.35758224308599373	1.9600566625595093	1000
TGAGTCA	2	++	15	1	0.6394337316823837	0.3477154909168376	2.124987840652466	1000
TGAGTCA	2	++	15	2	0.5851060891056684	0.3276835536836157	1.987912893295288	1000
TGAGTCA	2	++	15	3	0.675212615406918	0.3872455527328347	1.9273828268051147	1000
TGAGTCA	2	++	15	4	0.6920578001109775	0.3905178236351386	2.1843509674072266	1000
TGAGTCA	2	+-	15	0	0.657039208690245	0.37324423014777985	1.9709128141403198	1000
TGAGTCA	2	+-	15	1	0.6490575368593647	0.35733933908948134	2.1316587924957275	1000
TGAGTCA	2	+-	15	2	0.5915812789063158	0.3341587004886004	1.9924010038375854	1000
TGAGTCA	2	+-	15	3	0.68266092604181	0.3946938633677266	1.9325456619262695	1000
TGAGTCA	2	+-	15	4	0.6958841991143614	0.39434417964285984	2.1870033740997314	1000
TGAGTCA	2	-+	15	0	0.6357501212748786	0.35195516423024487	1.9561562538146973	1000
TGAGTCA	2	-+	15	1	0.6404742697157665	0.3487559859545576	2.125709056854248	1000
TGAGTCA	2	-+	15	2	0.589306378392028	0.33188382147214396	1.9908242225646973	1000
TGAGTCA	2	-+	15	3	0.6717813895395541	0.38381428386980804	1.9250043630599976	1000
TGAGTCA	2	-+	15	4	0.6941863433893811	0.39264636691354216	2.185826301574707	1000
TGAGTCA	4	++++	15	0	1.4287212785237093	1.144926342976907	2.5058019161224365	1000
TGAGTCA	4	++++	15	1	1.4262156632832892	1.1344974010199116	2.6703436374664307	1000
TGAGTCA	4	++++	15	2	1.348868271875575	1.0914456719600283	2.5173122882843018	1000
TGAGTCA	4	++++	15	3	1.5151351653282836	1.2271681886455257	2.509572744369507	1000
TGAGTCA	4	++++	15	4	1.3844163978783142	1.082876464398138	2.664257287979126	1000
TGAGTCA	4	+-+-	15	0	1.434944642727831	1.151149621189703	2.510115623474121	1000
TGAGTCA	4	+-+-	15	1	1.4357189946133408	1.1440007323499632	2.6769309043884277	1000
TGAGTCA	4	+-+-	15	2	1.3556479999552378	1.0982254860310163	2.5220117568969727	1000
TGAGTCA	4	+-+-	15	3	1.5164657950980092	1.228498560441275	2.5104949474334717	1000
TGAGTCA	4	+-+-	15	4	1.3861358804216404	1.0845960329327897	2.6654491424560547	1000
TGAGTCA	4	++--	15	0	1.4525407036855575	1.1687456821474296	2.5223124027252197	1000
TGAGTCA	4	++--	15	1	1.4440863805344435	1.1523682042623915	2.6827306747436523	1000
TGAGTCA	4	++--	15	2	1.3613830194222345	1.1039604195066877	2.525986671447754	1000
TGAGTCA	4	++--	15	3	1.5373501643402325	1.2493831016661492	2.5249710083007812	1000
TGAGTCA	4	++--	15	4	1.384560691322388	1.0830206718508864	2.6643574237823486	1000
TGAGTCA	4	+--+	15	0	1.4332307496206578	1.1494359000651806	2.508927822113037	1000
TGAGTCA	4	+--+	15	1	1.4374335756511176	1.14571531338774	2.67811918258667	1000
TGAGTCA	4	+--+	15	2	1.3591944541986798	1.101771854283133	2.5244696140289307	1000
TGAGTCA	4	+--+	15	3	1.518832620339183	1.2308655576650998	2.5121357440948486	1000
TGAGTCA	4	+--+	15	4	1.3943764291377319	1.0928365816488812	2.67116117477417	1000
TGAGTCA	2	++	16	0	0.5654737965573889	0.2816788610105865	1.9074444770812988	1000
TGAGTCA	2	++	16	1	0.5844230600077668	0.2927047977443893	2.086857318878174	1000
TGAGTCA	2	++	16	2	0.5137404692732763	0.2563179338512236	1.938445806503296	1000
TGAGTCA	2	++	16	3	0.6003839529167524	0.31241686874483776	1.8755155801773071	1000
TGAGTCA	2	++	16	4	0.6194744571191514	0.31793450214114377	2.134040117263794	1000
TGAGTCA	2	+-	16	0	0.5862712715652639	0.30247629302279877	1.9218600988388062	1000
TGAGTCA	2	+-	16	1	0.5847967353124289	0.29307853754254554	2.0871164798736572	1000
TGAGTCA	2	+-	16	2	0.5241331228909396	0.2667105874688869	1.94564950466156	1000
TGAGTCA	2	+-	16	3	0.6064620777722204	0.31849497210247435	1.8797285556793213	1000
TGAGTCA	2	+-	16	4	0.620450888619425	0.31891093364141737	2.1347169876098633	1000
TGAGTCA	2	-+	16	0	0.5569833140539311	0.2731883140136345	1.9015592336654663	1000
TGAGTCA	2	-+	16	1	0.5886229193374992	0.2969046570741218	2.089768648147583	1000
TGAGTCA	2	-+	16	2	0.5076086858307391	0.25018619340434917	1.9341955184936523	1000
TGAGTCA	2	-+	16	3	0.6009496898467657	0.3129825841770196	1.8759076595306396	1000
TGAGTCA	2	-+	16	4	0.6190064493304909	0.317466472854652	2.133715867996216	1000
TGAGTCA	4	++++	16	0	1.2756180231593657	0.9918230876125631	2.399678945541382	1000
TGAGTCA	4	++++	16	1	1.280713955095756	0.9889956068410531	2.5694892406463623	1000
TGAGTCA	4	++++	16	2	1.1210004605541748	0.8635779466299534	2.3593661785125732	1000
TGAGTCA	4	++++	16	3	1.380841222532178	1.09287424584942	2.416487216949463	1000
TGAGTCA	4	++++	16	4	1.390690067007813	1.0891500475363114	2.6686060428619385	1000
TGAGTCA	4	+-+-	16	0	1.2847396389958272	1.0009447034490249	2.406001567840576	1000
TGAGTCA	4	+-+-	16	1	1.2728062788004095	0.9810881025283574	2.5640082359313965	1000
TGAGTCA	4	+-+-	16	2	1.126270610915889	0.8688480969916679	2.3630194664001465	1000
TGAGTCA	4	+-+-	16	3	1.3750311326380797	1.087063983972671	2.4124598503112793	1000
TGAGTCA	4	+-+-	16	4	1.39021505092613	1.0886751174459537	2.668276786804199	1000
TGAGTCA	4	++--	16	0	1.293307556687836	1.0095126211410337	2.411940336227417	1000
TGAGTCA	4	++--	16	1	1.2859988099741193	0.9942807196933926	2.573152542114258	1000
TGAGTCA	4	++--	16	2	1.1373107792140509	0.8798881792985042	2.3706719875335693	1000
TGAGTCA	4	++--	16	3	1.3896144015179916	1.101647252852583	2.4225683212280273	1000
TGAGTCA	4	++--	16	4	1.4008039367484277	1.0992640892595769	2.675616502761841	1000
TGAGTCA	4	+--+	16	0	1.2873779388513882	1.0035830033045856	2.407830238342285	1000
TGAGTCA	4	+--+	16	1	1.2848680240446964	0.9931499337639697	2.57236909866333	1000
TGAGTCA	4	+--+	16	2	1.1249855565486422	0.867563042624421	2.362128496170044	1000
TGAGTCA	4	+--+	16	3	1.3898602507174	1.1018931020519913	2.422738790512085	1000
TGAGTCA	4	+--+	16	4	1.3936639910065327	1.0921242295090074	2.6706674098968506	1000
TGAGTCA	2	++	17	0	0.6353991046844677	0.3516041476398339	1.9559129476547241	1000
TGAGTCA	2	++	17	1	0.6089072841065251	0.3171890648388103	2.1038286685943604	1000
TGAGTCA	2	++	17	2	0.577639548309785	0.3202170128877323	1.9827373027801514	1000
TGAGTCA	2	++	17	3	0.6614786398526294	0.37351149118722066	1.9178630113601685	1000
TGAGTCA	2	++	17	4	0.6245368524386236	0.32299691895844734	2.1375491619110107	1000
TGAGTCA	2	+-	17	0	0.6299481575610337	0.34615320051639986	1.952134609222412	1000
TGAGTCA	2	+-	17	1	0.610152266516121	0.3184340042527435	2.104691505432129	1000
TGAGTCA	2	+-	17	2	0.5767383162236012	0.3193157593037171	1.9821125268936157	1000
TGAGTCA	2	+-	17	3	0.6608317701070717	0.37286470743298833	1.9174147844314575	1000
TGAGTCA	2	+-	17	4	0.6248562242212757	0.3233162477454369	2.137770414352417	1000
TGAGTCA	2	-+	17	0	0.6332454089433754	0.3494504304009103	1.9544202089309692	1000
TGAGTCA	2	-+	17	1	0.6084994272500039	0.3167811434887951	2.103545904159546	1000
TGAGTCA	2	-+	17	2	0.5742209631672596	0.3167984492430381	1.980367660522461	1000
TGAGTCA	2	-+	17	3	0.66484442632134	0.37687736364725666	1.9201960563659668	1000
TGAGTCA	2	-+	17	4	0.625991653682272	0.3244516987042645	2.1385576725006104	1000
TGAGTCA	4	++++	17	0	1.1877680812200868	0.9039731456732845	2.3387861251831055	1000
TGAGTCA	4	++++	17	1	1.136443728679726	0.8447254664163486	2.469489097595215	1000
TGAGTCA	4	++++	17	2	1.1320684900417761	0.874645804134904	2.3670380115509033	1000
TGAGTCA	4	++++	17	3	1.2688259123288406	0.9808588496547573	2.338844060897827	1000
TGAGTCA	4	++++	17	4	1.1860415473880752	0.8845016139078989	2.526754379272461	1000
TGAGTCA	4	+-+-	17	0	1.1832384881529876	0.8994435526061852	2.335646390914917	1000
TGAGTCA	4	+-+-	17	1	1.1340897161460413	0.8423714538826639	2.4678571224212646	1000
TGAGTCA	4	+-+-	17	2	1.1258569926405642	0.8684344787163428	2.3627326488494873	1000
TGAGTCA	4	+-+-	17	3	1.2647872437386294	0.976820181064546	2.336045026779175	1000
TGAGTCA	4	+-+-	17	4	1.1893708735348028	0.8878308540633012	2.529062032699585	1000
TGAGTCA	4	++--	17	0	1.1900236336861527	0.9062286121480247	2.3403494358062744	1000
TGAGTCA	4	++--	17	1	1.1382166118361454	0.8464985215554187	2.4707179069519043	1000
TGAGTCA	4	++--	17	2	1.127553085543373	0.8701305716191517	2.363908290863037	1000
TGAGTCA	4	++--	17	3	1.2707006952058961	0.982733460549162	2.3401434421539307	1000
TGAGTCA	4	++--	17	4	1.1837130742780435	0.882173054806542	2.5251402854919434	1000
TGAGTCA	4	+--+	17	0	1.181385805046568	0.8975908694997656	2.334362030029297	1000
TGAGTCA	4	+--+	17	1	1.1376429637041925	0.8459247014408149	2.470320224761963	1000
TGAGTCA	4	+--+	17	2	1.1262254654700377	0.8688030375371418	2.362988233566284	1000
TGAGTCA	4	+--+	17	3	1.2712001328240017	0.983232984158593	2.3404898643493652	1000
TGAGTCA	4	+--+	17	4	1.1859495366698636	0.8844096031896873	2.52669095993042	1000
TGAGTCA	2	++	18	0	0.5799304002149404	0.2961354431703065	1.9174649715423584	1000
TGAGTCA	2	++	18	1	0.6240230972648336	0.3323048135036248	2.1143062114715576	1000
TGAGTCA	2	++	18	2	0.5302576830621405	0.2728351261422564	1.9498947858810425	1000
TGAGTCA	2	++	18	3	0.6152239488987398	0.327256800233331	1.8858017921447754	1000
TGAGTCA	2	++	18	4	0.6013325232275862	0.2997925897474101	2.121464729309082	1000
TGAGTCA	2	+-	18	0	0.5748362311007212	0.2910412740560874	1.9139339923858643	1000
TGAGTCA	2	+-	18	1	0.6270691249899275	0.33535086272655007	2.116417407989502	1000
TGAGTCA	2	+-	18	2	0.5239512082419895	0.26652860832644265	1.9455232620239258	1000
TGAGTCA	2	+-	18	3	0.618260689560687	0.3302936053887724	1.887906789779663	1000
TGAGTCA	2	+-	18	4	0.606487230234909	0.30494729675473287	2.1250381469726562	1000
TGAGTCA	2	-+	18	0	0.5815550773219785	0.2977601417751761	1.918591022491455	1000
TGAGTCA	2	-+	18	1	0.6182478338575351	0.3265295930919889	2.1103029251098633	1000
TGAGTCA	2	-+	18	2	0.5370752473249931	0.279652690405109	1.954620361328125	1000
TGAGTCA	2	-+	18	3	0.617991192746785	0.330024087077039	1.887719988822937	1000
TGAGTCA	2	-+	18	4	0.5990106284539501	0.2974706519781113	2.1198554039001465	1000
TGAGTCA	4	++++	18	0	1.2840320163788521	1.0002370808320498	2.4055111408233643	1000
TGAGTCA	4	++++	18	1	1.3821779576860092	1.0904596094313064	2.6398189067840576	1000
TGAGTCA	4	++++	18	2	1.1527101917636322	0.8952876778394109	2.381345748901367	1000
TGAGTCA	4	++++	18	3	1.3813022220278157	1.0933351593537324	2.416806697845459	1000
TGAGTCA	4	++++	18	4	1.337663172215236	1.0361232387350596	2.631850481033325	1000
TGAGTCA	4	+-+-	18	0	1.2814527065725372	0.9976577710257347	2.4037232398986816	1000
TGAGTCA	4	+-+-	18	1	1.377351780537497	1.0856335182741197	2.6364736557006836	1000
TGAGTCA	4	+-+-	18	2	1.1475749617915196	0.8901525338586237	2.377786636352539	1000
TGAGTCA	4	+-+-	18	3	1.3877106395642658	1.0997434049075316	2.421248435974121	1000
TGAGTCA	4	+-+-	18	4	1.343149762743061	1.0416099152542104	2.635653495788574	1000
TGAGTCA	4	++--	18	0	1.2764696812464382	0.9926747456996358	2.4002692699432373	1000
TGAGTCA	4	++--	18	1	1.3872148995731537	1.0954966373097763	2.643310070037842	1000
TGAGTCA	4	++--	18	2	1.1471272909513237	0.8897048630184278	2.3774759769439697	1000
TGAGTCA	4	++--	18	3	1.390433726866702	1.1024666641926186	2.4231362342834473	1000
TGAGTCA	4	++--	18	4	1.3312250016801865	1.029684982208685	2.6273880004882812	1000
TGAGTCA	4	+--+	18	0	1.2763975345244012	0.9926025129862733	2.400219202041626	1000
TGAGTCA	4	+--+	18	1	1.378092853780065	1.0863745915166874	2.6369872093200684	1000
TGAGTCA	4	+--+	18	2	1.1519430631494587	0.8945205492252373	2.38081431388855	1000
TGAGTCA	4	+--+	18	3	1.3869371475920103	1.0989699989266015	2.42071270942688	1000
TGAGTCA	4	+--+	18	4	1.340522985725108	1.0389831382362573	2.6338329315185547	1000
TGAGTCA	2	++	19	0	0.6575265215314647	0.37373154298899963	1.9712505340576172	1000
TGAGTCA	2	++	19	1	0.641807307242604	0.35008902348139526	2.126633405685425	1000
TGAGTCA	2	++	19	2	0.592209488534255	0.33478697461003365	1.9928364753723145	1000
TGAGTCA	2	++	19	3	0.6816838926022584	0.3937167439368496	1.931868314743042	1000
TGAGTCA	2	++	19	4	0.685566443941149	0.38402651046097275	2.179851531982422	1000
TGAGTCA	2	+-	19	0	0.6552725169092568	0.37147749537112895	1.969688057899475	1000
TGAGTCA	2	+-	19	1	0.6401919171987124	0.34847365493533494	2.1255133152008057	1000
TGAGTCA	2	+-	19	2	0.5933442300646478	0.3359216946425951	1.9936230182647705	1000
TGAGTCA	2	+-	19	3	0.6873071233461941	0.3993400176764481	1.9357661008834839	1000
TGAGTCA	2	+-	19	4	0.6876314826257214	0.3860915491455452	2.1812827587127686	1000
TGAGTCA	2	-+	19	0	0.6536643501367014	0.3698693715942362	1.9685734510421753	1000
TGAGTCA	2	-+	19	1	0.6397005197695347	0.34798223600832584	2.1251728534698486	1000
TGAGTCA	2	-+	19	2	0.5966146091577923	0.3391920952335709	1.9958899021148682	1000
TGAGTCA	2	-+	19	3	0.6838221958960984	0.39585513322201504	1.9333504438400269	1000
TGAGTCA	2	-+	19	4	0.6864746843203554	0.38493470784451655	2.18048095703125	1000
TGAGTCA	4	++++	19	0	1.3983353837692685	1.1145403622311405	2.4847402572631836	1000
TGAGTCA	4	++++	19	1	1.376023644516209	1.084305468244157	2.6355531215667725	1000
TGAGTCA	4	++++	19	2	1.319495612908692	1.0620730989844709	2.496952533721924	1000
TGAGTCA	4	++++	19	3	1.4422082439956962	1.1542410953302875	2.4590234756469727	1000
TGAGTCA	4	++++	19	4	1.3736823586986882	1.0721423392271865	2.6568174362182617	1000
TGAGTCA	4	+-+-	19	0	1.3994023641352211	1.1156074285884188	2.4854798316955566	1000
TGAGTCA	4	+-+-	19	1	1.3830044203147305	1.0912862440426785	2.6403918266296387	1000
TGAGTCA	4	+-+-	19	2	1.328296309118644	1.070873881185748	2.5030529499053955	1000
TGAGTCA	4	+-+-	19	3	1.4610264996617794	1.1730593509963707	2.472067356109619	1000
TGAGTCA	4	+-+-	19	4	1.3857257017993327	1.084185682327831	2.6651647090911865	1000
TGAGTCA	4	++--	19	0	1.4086257077096682	1.1248308581541913	2.491872549057007	1000
TGAGTCA	4	++--	19	1	1.37963467824505	1.087916501972998	2.6380560398101807	1000
TGAGTCA	4	++--	19	2	1.3266093312963305	1.0691868173721093	2.5018835067749023	1000
TGAGTCA	4	++--	19	3	1.4555166914760875	1.1675496288020042	2.4682486057281494	1000
TGAGTCA	4	++--	19	4	1.3830327974521228	1.0814928639719465	2.6632983684539795	1000
TGAGTCA	4	+--+	19	0	1.3927308991342766	1.1089360495787997	2.4808554649353027	1000
TGAGTCA	4	+--+	19	1	1.3742133551332272	1.0824950928698496	2.634298324584961	1000
TGAGTCA	4	+--+	19	2	1.321688993646471	1.0642664797222496	2.4984731674194336	1000
TGAGTCA	4	+--+	19	3	1.4516291956359846	1.1636620469705758	2.4655537605285645	1000
TGAGTCA	4	+--+	19	4	1.3765462997921811	1.0750062803206795	2.6588022708892822	1000
TGAGTCA	2	++	20	0	0.5819579466816247	0.2981629896369909	1.9188703298568726	1000
TGAGTCA	2	++	20	1	0.594717253557811	0.3029989697966022	2.0939929485321045	1000
TGAGTCA	2	++	20	2	0.5181197495035215	0.26069717108580603	1.9414814710617065	1000
TGAGTCA	2	++	20	3	0.6095090943975567	0.3215419887278107	1.8818405866622925	1000
TGAGTCA	2	++	20	4	0.608420616200246	0.3068806612222385	2.126378059387207	1000
TGAGTCA	2	+-	20	0	0.5837614427498975	0.29996648570526374	1.9201205968856812	1000
TGAGTCA	2	+-	20	1	0.593216704929033	0.3014984641634869	2.0929527282714844	1000
TGAGTCA	2	+-	20	2	0.522773600035869	0.26535106461381636	1.9447071552276611	1000
TGAGTCA	2	+-	20	3	0.6097180103226923	0.32175088315511496	1.8819853067398071	1000
TGAGTCA	2	+-	20	4	0.6066568481243225	0.3051168716484836	2.125155448913574	1000
TGAGTCA	2	-+	20	0	0.5726510195388583	0.2888559980007305	1.912419319152832	1000
TGAGTCA	2	-+	20	1	0.591311610109763	0.2995933693442169	2.09163236618042	1000
TGAGTCA	2	-+	20	2	0.5097633274764112	0.25234079205435844	1.9356892108917236	1000
TGAGTCA	2	-+	20	3	0.6110742655073965	0.3231071598376504	1.8829253911972046	1000
TGAGTCA	2	-+	20	4	0.6101885118597903	0.30864851388612	2.127603530883789	1000
TGAGTCA	4	++++	20	0	1.247285085308274	0.9634901497614714	2.380039930343628	1000
TGAGTCA	4	++++	20	1	1.2863128502945949	0.9945946740225428	2.5733706951141357	1000
TGAGTCA	4	++++	20	2	1.114255644952637	0.8568330450370903	2.35469126701355	1000
TGAGTCA	4	++++	20	3	1.351594282883076	1.063627134217667	2.3962149620056152	1000
TGAGTCA	4	++++	20	4	1.3262873797739154	1.0247476182763902	2.6239655017852783	1000
TGAGTCA	4	+-+-	20	0	1.250026488763027	0.9662316392075501	2.3819401264190674	1000
TGAGTCA	4	+-+-	20	1	1.2872437923837152	0.9955255301203376	2.5740156173706055	1000
TGAGTCA	4	+-+-	20	2	1.1160052244598644	0.8585826245443177	2.3559038639068604	1000
TGAGTCA	4	+-+-	20	3	1.350455327777737	1.0624881791123282	2.395425319671631	1000
TGAGTCA	4	+-+-	20	4	1.3210729517910804	1.0195329323195788	2.6203510761260986	1000
TGAGTCA	4	++--	20	0	1.2475337722214215	0.9637387506832936	2.3802123069763184	1000
TGAGTCA	4	++--	20	1	1.2871513517088764	0.9954330894454989	2.5739517211914062	1000
TGAGTCA	4	++--	20	2	1.121762171714846	0.8643395717992993	2.359894275665283	1000
TGAGTCA	4	++--	20	3	1.355764260227221	1.0677971975531377	2.3991053104400635	1000
TGAGTCA	4	++--	20	4	1.3160733301391732	1.0145334826503225	2.6168856620788574	1000
TGAGTCA	4	+--+	20	0	1.2400275894245143	0.9562325678863863	2.375009298324585	1000
TGAGTCA	4	+--+	20	1	1.2814921765909102	0.9897739143275327	2.570028781890869	1000
TGAGTCA	4	+--+	20	2	1.1135680583144876	0.8561454583989407	2.354214668273926	1000
TGAGTCA	4	+--+	20	3	1.3539511331304999	1.0659840704564165	2.39784836769104	1000
TGAGTCA	4	+--+	20	4	1.3249932103261728	1.0234531908546711	2.623068332672119	1000
TGAGTCA	2	++	21	0	0.6270171432337043	0.34322216469123906	1.9501030445098877	1000
TGAGTCA	2	++	21	1	0.5977632812829049	0.30604501901952746	2.0961039066314697	1000
TGAGTCA	2	++	21	2	0.5920628303287317	0.33464031640451036	1.9927347898483276	1000
TGAGTCA	2	++	21	3	0.6518845876742476	0.3639174820045016	1.9112129211425781	1000
TGAGTCA	2	++	21	4	0.6440603229645696	0.34252036798656205	2.1510815620422363	1000
TGAGTCA	2	+-	21	0	0.6238135364047573	0.3400185578622921	1.9478822946548462	1000
TGAGTCA	2	+-	21	1	0.5995512559169375	0.3078330366492227	2.0973434448242188	1000
TGAGTCA	2	+-	21	2	0.5865393495222964	0.329116835598075	1.9889061450958252	1000
TGAGTCA	2	+-	21	3	0.6532223977196467	0.36525529204990065	1.9121403694152832	1000
TGAGTCA	2	+-	21	4	0.6472689172903916	0.34572896231238404	2.153305768966675	1000
TGAGTCA	2	-+	21	0	0.6207739580290708	0.33697904398009965	1.9457756280899048	1000
TGAGTCA	2	-+	21	1	0.5896938983000847	0.29797565753453853	2.090510845184326	1000
TGAGTCA	2	-+	21	2	0.5887478647333511	0.3313254153026238	1.9904370307922363	1000
TGAGTCA	2	-+	21	3	0.6425736619348488	0.35460659926076543	1.9047592878341675	1000
TGAGTCA	2	-+	21	4	0.6413485865170903	0.33980856704558865	2.1492021083831787	1000
TGAGTCA	4	++++	21	0	1.1644660658633594	0.8806711303165571	2.322634220123291	1000
TGAGTCA	4	++++	21	1	1.1493424274944366	0.8576240792397338	2.4784297943115234	1000
TGAGTCA	4	++++	21	2	1.1608221834482038	0.9033994975413315	2.3869688510894775	1000
TGAGTCA	4	++++	21	3	1.269751866921086	0.9817848042470027	2.3394858837127686	1000
TGAGTCA	4	++++	21	4	1.2938816347764162	0.9923417012962399	2.601503610610962	1000
TGAGTCA	4	+-+-	21	0	1.1648300671439107	0.8810351315971082	2.3228864669799805	1000
TGAGTCA	4	+-+-	21	1	1.15295492307581	0.861236746803758	2.480933666229248	1000
TGAGTCA	4	+-+-	21	2	1.1598532331932427	0.9024306332776959	2.3862972259521484	1000
TGAGTCA	4	+-+-	21	3	1.2670182886769472	0.9790512260028638	2.3375914096832275	1000
TGAGTCA	4	+-+-	21	4	1.29522490527098	0.9936849717908038	2.6024346351623535	1000
TGAGTCA	4	++--	21	0	1.1699663290119284	0.886171393465126	2.326446771621704	1000
TGAGTCA	4	++--	21	1	1.151908838601937	0.8601905763385594	2.480208396911621	1000
TGAGTCA	4	++--	21	2	1.1589481744930772	0.9015255745775304	2.385669708251953	1000
TGAGTCA	4	++--	21	3	1.271102704652288	0.9831357279695301	2.3404223918914795	1000
TGAGTCA	4	++--	21	4	1.2927475811766267	0.9912075617051251	2.600717544555664	1000
TGAGTCA	4	+--+	21	0	1.1556698412023303	0.8718748196642024	2.3165371417999268	1000
TGAGTCA	4	+--+	21	1	1.1455327538038491	0.8538145775317971	2.4757890701293945	1000
TGAGTCA	4	+--+	21	2	1.1534383663073853	0.896015852383164	2.381850481033325	1000
TGAGTCA	4	+--+	21	3	1.2632484289700343	0.9752811943133002	2.3349781036376953	1000
TGAGTCA	4	+--+	21	4	1.2945528830627338	0.9930129495825575	2.601968765258789	1000
TGAGTCA	2	++	22	0	0.5491801602146464	0.265385224667844	1.8961505889892578	1000
TGAGTCA	2	++	22	1	0.5759446592855321	0.2842263970221545	2.0809805393218994	1000
TGAGTCA	2	++	22	2	0.4986044481534914	0.241181869735776	1.9279543161392212	1000
TGAGTCA	2	++	22	3	0.5874048522127634	0.2994377680408487	1.8665190935134888	1000
TGAGTCA	2	++	22	4	0.5812568594053824	0.27971688292954355	2.1075499057769775	1000
TGAGTCA	2	+-	22	0	0.5437973182209541	0.2600023396784889	1.892419457435608	1000
TGAGTCA	2	+-	22	1	0.5782702946818243	0.28655203241844684	2.082592725753784	1000
TGAGTCA	2	+-	22	2	0.49231353776324344	0.23489100234119073	1.9235938787460327	1000
TGAGTCA	2	+-	22	3	0.5852000346287022	0.29723292895895614	1.8649908304214478	1000
TGAGTCA	2	+-	22	4	0.5763068977439119	0.2747669642637356	2.104118585586548	1000
TGAGTCA	2	-+	22	0	0.5517473022484128	0.2679523237059477	1.8979299068450928	1000
TGAGTCA	2	-+	22	1	0.5727607014744461	0.28104248220673134	2.0787739753723145	1000
TGAGTCA	2	-+	22	2	0.4983817306206241	0.24095921669640272	1.9278000593185425	1000
TGAGTCA	2	-+	22	3	0.5885401096911088	0.3005730255191941	1.867305874824524	1000
TGAGTCA	2	-+	22	4	0.5926275783585024	0.29108762338049493	2.115431070327759	1000
TGAGTCA	4	++++	22	0	1.2119527115410422	0.9281576040115889	2.3555493354797363	1000
TGAGTCA	4	++++	22	1	1.2942677358276031	1.0025493875729001	2.5788843631744385	1000
TGAGTCA	4	++++	22	2	1.0995465707636192	0.8421238848567468	2.3444955348968506	1000
TGAGTCA	4	++++	22	3	1.3232646127023506	1.0352975500282673	2.3765783309936523	1000
TGAGTCA	4	++++	22	4	1.2958929718782566	0.994352952406755	2.6028976440429688	1000
TGAGTCA	4	+-+-	22	0	1.2094671322794475	0.925672196732645	2.3538267612457275	1000
TGAGTCA	4	+-+-	22	1	1.304845700751571	1.013127524479519	2.5862162113189697	1000
TGAGTCA	4	+-+-	22	2	1.1015022714779055	0.8440796715623587	2.345851182937622	1000
TGAGTCA	4	+-+-	22	3	1.330471029738804	1.0425038810733953	2.38157320022583	1000
TGAGTCA	4	+-+-	22	4	1.2933915702127825	0.9918516367326063	2.6011641025543213	1000
TGAGTCA	4	++--	22	0	1.198193841498041	0.9143988199599133	2.346012592315674	1000
TGAGTCA	4	++--	22	1	1.2969470535453949	1.0052287912820173	2.5807411670684814	1000
TGAGTCA	4	++--	22	2	1.1015929063349101	0.8441703064193634	2.345914125442505	1000
TGAGTCA	4	++--	22	3	1.3285425882746793	1.040575525600596	2.3802363872528076	1000
TGAGTCA	4	++--	22	4	1.285791828853806	0.9842518953736297	2.595896005630493	1000
TGAGTCA	4	+--+	22	0	1.209810925598522	0.9260159900517198	2.35406494140625	1000
TGAGTCA	4	+--+	22	1	1.2928653892924677	1.0011470410377648	2.5779120922088623	1000
TGAGTCA	4	+--+	22	2	1.0953918998754009	0.8379693859511794	2.341615915298462	1000
TGAGTCA	4	+--+	22	3	1.3239896055670628	1.0360225428929795	2.3770806789398193	1000
TGAGTCA	4	+--+	22	4	1.3040124448081407	1.0024725973192898	2.6085259914398193	1000
TGAGTCA	2	++	23	0	0.6362444854047838	0.35244952836015	1.9564989805221558	1000
TGAGTCA	2	++	23	1	0.626941427871662	0.33522318710611576	2.1163291931152344	1000
TGAGTCA	2	++	23	2	0.5682447380324278	0.310822138116881	1.9762253761291504	1000
TGAGTCA	2	++	23	3	0.6534226285209137	0.3654555658468304	1.9122791290283203	1000
TGAGTCA	2	++	23	4	0.6659847142922232	0.36444473781638426	2.16627836227417	1000
TGAGTCA	2	+-	23	0	0.6395385121124219	0.35574353356995675	1.9587821960449219	1000
TGAGTCA	2	+-	23	1	0.6269691600741135	0.3352509623042301	2.1163480281829834	1000
TGAGTCA	2	+-	23	2	0.5700765252467676	0.31265401132254617	1.9774950742721558	1000
TGAGTCA	2	+-	23	3	0.6560316483301653	0.3680645426604192	1.9140876531600952	1000
TGAGTCA	2	+-	23	4	0.6805725407123828	0.37903256423654397	2.1763901710510254	1000
TGAGTCA	2	-+	23	0	0.6361356633824504	0.3523406848399852	1.9564235210418701	1000
TGAGTCA	2	-+	23	1	0.6283487189080096	0.33663047814246344	2.1173043251037598	1000
TGAGTCA	2	-+	23	2	0.5662070445893425	0.3087845091672898	1.9748128652572632	1000
TGAGTCA	2	-+	23	3	0.6562127460615238	0.36824572638310316	1.9142130613327026	1000
TGAGTCA	2	-+	23	4	0.6610217249449496	0.3594817269712794	2.1628384590148926	1000
TGAGTCA	4	++++	23	0	1.3481527380566602	1.064357802509858	2.4499564170837402	1000
TGAGTCA	4	++++	23	1	1.3551999851497403	1.0634816368950373	2.6211190223693848	1000
TGAGTCA	4	++++	23	2	1.249713136373155	0.9922905364576082	2.4485833644866943	1000
TGAGTCA	4	++++	23	3	1.3928929067913893	1.104925844117306	2.4248409271240234	1000
TGAGTCA	4	++++	23	4	1.334198065765652	1.0326581322854758	2.629448652267456	1000
TGAGTCA	4	+-+-	23	0	1.3478362899790728	1.0640412684409448	2.4497368335723877	1000
TGAGTCA	4	+-+-	23	1	1.3519063454030664	1.0601881691310144	2.6188364028930664	1000
TGAGTCA	4	+-+-	23	2	1.2480979613075769	0.9906753613920302	2.4474635124206543	1000
TGAGTCA	4	+-+-	23	3	1.3940870683276552	1.106119833670921	2.425668478012085	1000
TGAGTCA	4	+-+-	23	4	1.3436976994687102	1.0421576799972085	2.636033535003662	1000
TGAGTCA	4	++--	23	0	1.3555758532332007	1.0717807457037476	2.455101251602173	1000
TGAGTCA	4	++--	23	1	1.358606703489356	1.0668884412259787	2.623480796813965	1000
TGAGTCA	4	++--	23	2	1.2534353568857788	0.9960129289528828	2.4511632919311523	1000
TGAGTCA	4	++--	23	3	1.4013759510451973	1.113408888371114	2.4307210445404053	1000
TGAGTCA	4	++--	23	4	1.3402976884524778	1.038757668980976	2.633676767349243	1000
TGAGTCA	4	+--+	23	0	1.351291679408883	1.0674967438620804	2.452131748199463	1000
TGAGTCA	4	+--+	23	1	1.355663994341768	1.0639458180697159	2.621440887451172	1000
TGAGTCA	4	+--+	23	2	1.2490907311596826	0.9916683032267866	2.4481518268585205	1000
TGAGTCA	4	+--+	23	3	1.3966017986485713	1.108634735974488	2.4274115562438965	1000
TGAGTCA	4	+--+	23	4	1.3426995981544279	1.0411596646742516	2.6353416442871094	1000
TGAGTCA	2	++	25	0	0.6665530309619992	0.38275805241953414	1.97750723361969	1000
TGAGTCA	2	++	25	1	0.6797100047226432	0.38799169946360296	2.152905225753784	1000
TGAGTCA	2	++	25	2	0.6392656616368281	0.381843104716944	2.0254530906677246	1000
TGAGTCA	2	++	25	3	0.7103572701107329	0.4223901644409869	1.9517431259155273	1000
TGAGTCA	2	++	25	4	0.7475199262441093	0.4459800357595959	2.222794532775879	1000
TGAGTCA	2	+-	25	0	0.6683747571912636	0.38457977864879844	1.9787698984146118	1000
TGAGTCA	2	+-	25	1	0.6850898370199454	0.3933716177522306	2.1566343307495117	1000
TGAGTCA	2	+-	25	2	0.6392405951654648	0.38181808124124345	2.0254359245300293	1000
TGAGTCA	2	+-	25	3	0.7137566361920246	0.42578953052227847	1.9540995359420776	1000
TGAGTCA	2	+-	25	4	0.7461439790458815	0.4446041315570307	2.2218408584594727	1000
TGAGTCA	2	-+	25	0	0.6621105041118994	0.3783155685650969	1.9744279384613037	1000
TGAGTCA	2	-+	25	1	0.6793910628966181	0.3876728436289033	2.152684211730957	1000
TGAGTCA	2	-+	25	2	0.6446921442281768	0.38726963030395545	2.02921462059021	1000
TGAGTCA	2	-+	25	3	0.7066376293378721	0.41867056666378877	1.949164867401123	1000
TGAGTCA	2	-+	25	4	0.7494633301988591	0.4479233967186829	2.2241415977478027	1000
TGAGTCA	4	++++	25	0	1.213175164223375	0.9293801426852472	2.3563966751098633	1000
TGAGTCA	4	++++	25	1	1.336297200010758	1.0445789377473804	2.6080172061920166	1000
TGAGTCA	4	++++	25	2	1.2177408736471553	0.9603183597229341	2.426421642303467	1000
TGAGTCA	4	++++	25	3	1.292274026947476	1.0043068782820672	2.3550970554351807	1000
TGAGTCA	4	++++	25	4	1.4203468413139213	1.1188068218424196	2.689162492752075	1000
TGAGTCA	4	+-+-	25	0	1.2171323130370775	0.9333372914989495	2.3591396808624268	1000
TGAGTCA	4	+-+-	25	1	1.3516019361110394	1.0598836738476618	2.6186254024505615	1000
TGAGTCA	4	+-+-	25	2	1.2156309904863705	0.9582083905708237	2.424959421157837	1000
TGAGTCA	4	+-+-	25	3	1.2964909555553066	1.0085238068898978	2.358020067214966	1000
TGAGTCA	4	+-+-	25	4	1.4155674434464438	1.114027595957593	2.685849905014038	1000
TGAGTCA	4	++--	25	0	1.2266644514611487	0.9428695159143461	2.3657467365264893	1000
TGAGTCA	4	++--	25	1	1.3470624540415155	1.055344191778138	2.615478515625	1000
TGAGTCA	4	++--	25	2	1.2164355253271066	0.9590130114028853	2.4255170822143555	1000
TGAGTCA	4	++--	25	3	1.299369515174123	1.0114023665087142	2.360015392303467	1000
TGAGTCA	4	++--	25	4	1.4155515350512389	1.1140115155797374	2.6858386993408203	1000
TGAGTCA	4	+--+	25	0	1.2068080225231321	0.9230130869763297	2.3519833087921143	1000
TGAGTCA	4	+--+	25	1	1.3404057795485451	1.0486875172851675	2.6108646392822266	1000
TGAGTCA	4	+--+	25	2	1.220273490163761	0.9628508902482144	2.4281771183013916	1000
TGAGTCA	4	+--+	25	3	1.2909473527787203	1.0029802041133116	2.354177474975586	1000
TGAGTCA	4	+--+	25	4	1.419043556785683	1.1175036233055067	2.6882593631744385	1000
TGAGTCA	2	++	24	0	0.5810353887467339	0.2972403887064373	1.9182308912277222	1000
TGAGTCA	2	++	24	1	0.5964586638891224	0.3047404016257449	2.0951998233795166	1000
TGAGTCA	2	++	24	2	0.526208910491191	0.26878635357130687	1.9470882415771484	1000
TGAGTCA	2	++	24	3	0.6194045461715756	0.3314374619996609	1.8886995315551758	1000
TGAGTCA	2	++	24	4	0.6115338891418273	0.30999389116815707	2.1285362243652344	1000
TGAGTCA	2	+-	24	0	0.5866468386790856	0.3028518601366204	1.922120451927185	1000
TGAGTCA	2	+-	24	1	0.5929686629508262	0.30125042218528003	2.092780828475952	1000
TGAGTCA	2	+-	24	2	0.5310708170354198	0.273648217119873	1.950458288192749	1000
TGAGTCA	2	+-	24	3	0.6221308151530529	0.3341637094833068	1.8905892372131348	1000
TGAGTCA	2	+-	24	4	0.616157943679913	0.3146179887019054	2.1317412853240967	1000
TGAGTCA	2	-+	24	0	0.5805651451836122	0.2967701666411471	1.9179048538208008	1000
TGAGTCA	2	-+	24	1	0.6035139941667929	0.3117957963969094	2.100090265274048	1000
TGAGTCA	2	-+	24	2	0.5258446512366636	0.26842205132111674	1.9468357563018799	1000
TGAGTCA	2	-+	24	3	0.6172140461431987	0.3292469834691154	1.887181282043457	1000
TGAGTCA	2	-+	24	4	0.6148722443777253	0.31333228939971774	2.130850076675415	1000
TGAGTCA	4	++++	24	0	1.2597727455874224	0.9759777240492945	2.38869571685791	1000
TGAGTCA	4	++++	24	1	1.2870159153713219	0.995297567116619	2.5738577842712402	1000
TGAGTCA	4	++++	24	2	1.124019186033444	0.8665967581005483	2.3614587783813477	1000
TGAGTCA	4	++++	24	3	1.3490986426364058	1.061131493970997	2.394484758377075	1000
TGAGTCA	4	++++	24	4	1.3007399589275233	0.999200025447347	2.606257438659668	1000
TGAGTCA	4	+-+-	24	0	1.260940937743408	0.9771460021966056	2.389505386352539	1000
TGAGTCA	4	+-+-	24	1	1.2832552567362303	0.9915370804641782	2.5712509155273438	1000
TGAGTCA	4	+-+-	24	2	1.1282035239289363	0.8707809240133895	2.364359140396118	1000
TGAGTCA	4	+-+-	24	3	1.3457602874005077	1.0577932247264243	2.3921709060668945	1000
TGAGTCA	4	+-+-	24	4	1.3033836762365862	1.0018436567650846	2.6080899238586426	1000
TGAGTCA	4	++--	24	0	1.2596070403033162	0.9758120187651882	2.3885810375213623	1000
TGAGTCA	4	++--	24	1	1.2810293712774383	0.9893111090140609	2.5697081089019775	1000
TGAGTCA	4	++--	24	2	1.12819329096121	0.8707706910456632	2.364351987838745	1000
TGAGTCA	4	++--	24	3	1.354711382438639	1.0667442337732302	2.3983755111694336	1000
TGAGTCA	4	++--	24	4	1.3072124400014196	1.0056725065212433	2.610743761062622	1000
TGAGTCA	4	+--+	24	0	1.2619411028495007	0.9781461673026982	2.3901987075805664	1000
TGAGTCA	4	+--+	24	1	1.291766334162129	1.0000481578900768	2.577150344848633	1000
TGAGTCA	4	+--+	24	2	1.1301210444947312	0.8726984445791844	2.3656885623931885	1000
TGAGTCA	4	+--+	24	3	1.3489435142853274	1.060976451611244	2.3943774700164795	1000
TGAGTCA	4	+--+	24	4	1.307404286648457	1.005864353168281	2.6108767986297607	1000
TGAGTCA	2	++	26	0	0.5841467698791557	0.30035181283452184	1.920387625694275	1000
TGAGTCA	2	++	26	1	0.6099029776636953	0.3181847368981492	2.1045188903808594	1000
TGAGTCA	2	++	26	2	0.5183895042913997	0.2609669473715157	1.9416683912277222	1000
TGAGTCA	2	++	26	3	0.6078820525290691	0.31991498985498584	1.880712866783142	1000
TGAGTCA	2	++	26	4	0.6140718371206098	0.31253183914693955	2.130295515060425	1000
TGAGTCA	2	+-	26	0	0.5813170533331844	0.2975220532928879	1.9184261560440063	1000
TGAGTCA	2	+-	26	1	0.6098197810563404	0.31810151879296295	2.1044609546661377	1000
TGAGTCA	2	+-	26	2	0.5196507390615022	0.26222822513728083	1.9425424337387085	1000
TGAGTCA	2	+-	26	3	0.6124374429937978	0.32447029432838903	1.883870244026184	1000
TGAGTCA	2	+-	26	4	0.6133369982491357	0.3117970002754655	2.1297857761383057	1000
TGAGTCA	2	-+	26	0	0.5843646718977988	0.3005696718575023	1.9205385446548462	1000
TGAGTCA	2	-+	26	1	0.6047402734631073	0.31302203269756124	2.100940465927124	1000
TGAGTCA	2	-+	26	2	0.5220321828279995	0.26460962590811543	1.9441931247711182	1000
TGAGTCA	2	-+	26	3	0.601454759896687	0.3134876112312782	1.8762576580047607	1000
TGAGTCA	2	-+	26	4	0.6142905990525073	0.312750601078837	2.130446672439575	1000
TGAGTCA	4	++++	26	0	1.213657747541696	0.929862897986219	2.356731414794922	1000
TGAGTCA	4	++++	26	1	1.2863383897182479	0.9946202134461958	2.57338809967041	1000
TGAGTCA	4	++++	26	2	1.0861354496406628	0.8287129357164413	2.3351998329162598	1000
TGAGTCA	4	++++	26	3	1.3009716195582355	1.0130045568841521	2.361125946044922	1000
TGAGTCA	4	++++	26	4	1.2770408356299536	0.9755009881411029	2.5898303985595703	1000
TGAGTCA	4	+-+-	26	0	1.2102624660483625	0.9264674445102347	2.3543779850006104	1000
TGAGTCA	4	+-+-	26	1	1.2906284109526953	0.9989102346806431	2.576361894607544	1000
TGAGTCA	4	+-+-	26	2	1.0892707793572172	0.8318482654329957	2.3373730182647705	1000
TGAGTCA	4	+-+-	26	3	1.303564601985294	1.0155975393112107	2.3629231452941895	1000
TGAGTCA	4	+-+-	26	4	1.2743311629742846	0.9727912294941085	2.587952136993408	1000
TGAGTCA	4	++--	26	0	1.2060743445345514	0.922279408987749	2.3514750003814697	1000
TGAGTCA	4	++--	26	1	1.2890763535199838	0.9973581772479317	2.5752859115600586	1000
TGAGTCA	4	++--	26	2	1.0889987028035522	0.8315761888793308	2.3371846675872803	1000
TGAGTCA	4	++--	26	3	1.3104248179455604	1.022457755271477	2.367678165435791	1000
TGAGTCA	4	++--	26	4	1.2644834363858801	0.962943502905704	2.5811262130737305	1000
TGAGTCA	4	+--+	26	0	1.2112307283727202	0.9274357928259177	2.355048894882202	1000
TGAGTCA	4	+--+	26	1	1.2819803493453843	0.9902620870820068	2.5703670978546143	1000
TGAGTCA	4	+--+	26	2	1.0927934140035147	0.8353709860706187	2.3398149013519287	1000
TGAGTCA	4	+--+	26	3	1.301529273303658	1.0135621246382494	2.3615124225616455	1000
TGAGTCA	4	+--+	26	4	1.275400637088675	0.9738606176171734	2.588693380355835	1000
TGAGTCA	2	++	28	0	0.5684653057821594	0.2846703487375255	1.9095181226730347	1000
TGAGTCA	2	++	28	1	0.5893229747178363	0.29760471245445885	2.0902538299560547	1000
TGAGTCA	2	++	28	2	0.5187654153705231	0.26134287994847044	1.9419288635253906	1000
TGAGTCA	2	++	28	3	0.6028410260539666	0.314873941882052	1.8772186040878296	1000
TGAGTCA	2	++	28	4	0.6042366652657184	0.3026967317855422	2.1234779357910156	1000
TGAGTCA	2	+-	28	0	0.5692277478690969	0.2854327693266317	1.9100463390350342	1000
TGAGTCA	2	+-	28	1	0.5847562763938134	0.2930380571260987	2.0870883464813232	1000
TGAGTCA	2	+-	28	2	0.520834624634379	0.2634120462166636	1.943363070487976	1000
TGAGTCA	2	+-	28	3	0.6000960969548708	0.31212901278295613	1.8753159046173096	1000
TGAGTCA	2	+-	28	4	0.6042961282672542	0.30275617328924664	2.1235191822052	1000
TGAGTCA	2	-+	28	0	0.5653838496309876	0.28158891408418524	1.9073821306228638	1000
TGAGTCA	2	-+	28	1	0.5927108609571828	0.30099264168946804	2.092602014541626	1000
TGAGTCA	2	-+	28	2	0.51227113549563	0.25484857857574583	1.9374274015426636	1000
TGAGTCA	2	-+	28	3	0.60369031937959	0.31572321370984385	1.877807378768921	1000
TGAGTCA	2	-+	28	4	0.6034888417041041	0.3019488867260966	2.122959613800049	1000
TGAGTCA	4	++++	28	0	1.2186350974403166	0.9348401618935142	2.3601815700531006	1000
TGAGTCA	4	++++	28	1	1.2754318519398067	0.9837135896764291	2.5658280849456787	1000
TGAGTCA	4	++++	28	2	1.0987094452105444	0.8412870172776484	2.3439154624938965	1000
TGAGTCA	4	++++	28	3	1.3086025757683437	1.020635427102935	2.366415023803711	1000
TGAGTCA	4	++++	28	4	1.273523532445833	0.9719835129743313	2.587392568588257	1000
TGAGTCA	4	+-+-	28	0	1.2209331296211454	0.937138194074343	2.361774206161499	1000
TGAGTCA	4	+-+-	28	1	1.2738429902198105	0.9821248999390839	2.5647270679473877	1000
TGAGTCA	4	+-+-	28	2	1.1030046259245176	0.8455821120002962	2.3468925952911377	1000
TGAGTCA	4	+-+-	28	3	1.30809256121721	1.0201254125518011	2.3660614490509033	1000
TGAGTCA	4	+-+-	28	4	1.2748520124324225	0.9733120789522465	2.588313102722168	1000
TGAGTCA	4	++--	28	0	1.2147448498778	0.930949828339672	2.357484817504883	1000
TGAGTCA	4	++--	28	1	1.27361562915537	0.9818974528833179	2.5645692348480225	1000
TGAGTCA	4	++--	28	2	1.1061799416073976	0.8487572557005254	2.349093437194824	1000
TGAGTCA	4	++--	28	3	1.3102381307780488	1.0222710681039655	2.367548942565918	1000
TGAGTCA	4	++--	28	4	1.2693844259875176	0.967844406516016	2.5845234394073486	1000
TGAGTCA	4	+--+	28	0	1.2155334763233312	0.9317385407765288	2.3580312728881836	1000
TGAGTCA	4	+--+	28	1	1.272552604390387	0.9808343421270094	2.5638325214385986	1000
TGAGTCA	4	+--+	28	2	1.0940061496660738	0.836583549750527	2.3406553268432617	1000
TGAGTCA	4	+--+	28	3	1.304845098812293	1.0168780361382097	2.3638105392456055	1000
TGAGTCA	4	+--+	28	4	1.2733645344851101	0.971824601004934	2.587282180786133	1000
TGAGTCA	2	++	27	0	0.6364653111284917	0.35267031108819513	1.9566519260406494	1000
TGAGTCA	2	++	27	1	0.6168207218206755	0.3251025240507921	2.10931396484375	1000
TGAGTCA	2	++	27	2	0.5675998460873549	0.31017731066530224	1.975778341293335	1000
TGAGTCA	2	++	27	3	0.6449709281052255	0.35700380093764805	1.9064209461212158	1000
TGAGTCA	2	++	27	4	0.6798392496847666	0.3782993162045904	2.175881862640381	1000
TGAGTCA	2	+-	27	0	0.6333823071334622	0.3495873500888284	1.954514980316162	1000
TGAGTCA	2	+-	27	1	0.6133990839860972	0.3216808217227197	2.1069421768188477	1000
TGAGTCA	2	+-	27	2	0.5660919881959153	0.3086694312760312	1.9747331142425537	1000
TGAGTCA	2	+-	27	3	0.6446582636459569	0.3566911579762108	1.9062039852142334	1000
TGAGTCA	2	+-	27	4	0.6726747104237982	0.37113477694362207	2.1709156036376953	1000
TGAGTCA	2	-+	27	0	0.6384852043672127	0.35469026882041016	1.9580520391464233	1000
TGAGTCA	2	-+	27	1	0.6176469264754204	0.325928728705537	2.109886407852173	1000
TGAGTCA	2	-+	27	2	0.570291976512636	0.31286937659708913	1.9776443243026733	1000
TGAGTCA	2	-+	27	3	0.6436556477870894	0.355688520619512	1.9055089950561523	1000
TGAGTCA	2	-+	27	4	0.6865723704660456	0.3850323939902066	2.180548906326294	1000
TGAGTCA	4	++++	27	0	1.3148425362982734	1.0310474287688203	2.4268672466278076	1000
TGAGTCA	4	++++	27	1	1.3184363717620282	1.0267181954899762	2.5956366062164307	1000
TGAGTCA	4	++++	27	2	1.1982383850046148	0.9408157850890678	2.4129037857055664	1000
TGAGTCA	4	++++	27	3	1.335025474298953	1.047058497616195	2.384730339050293	1000
TGAGTCA	4	++++	27	4	1.3206703404054105	1.0191304069252345	2.620072364807129	1000
TGAGTCA	4	+-+-	27	0	1.3128306832484804	1.0290356617103524	2.4254727363586426	1000
TGAGTCA	4	+-+-	27	1	1.312672717183663	1.0209544549202854	2.591641664505005	1000
TGAGTCA	4	+-+-	27	2	1.1982446623713712	0.9408222344384752	2.4129083156585693	1000
TGAGTCA	4	+-+-	27	3	1.3362284929417383	1.048261430267655	2.385563850402832	1000
TGAGTCA	4	+-+-	27	4	1.3171228542660636	1.0155830067772127	2.6176130771636963	1000
TGAGTCA	4	++--	27	0	1.3187919458926871	1.0349970103458845	2.4296047687530518	1000
TGAGTCA	4	++--	27	1	1.3136507825191197	1.0219324342644167	2.5923192501068115	1000
TGAGTCA	4	++--	27	2	1.1950863729709265	0.9376638590467051	2.4107186794281006	1000
TGAGTCA	4	++--	27	3	1.3288461376534522	1.0408789889880434	2.380446672439575	1000
TGAGTCA	4	++--	27	4	1.315743209440842	1.0142033619519912	2.61665678024292	1000
TGAGTCA	4	+--+	27	0	1.3127159708203548	1.0289210352735525	2.4253933429718018	1000
TGAGTCA	4	+--+	27	1	1.314961462301345	1.023243286029293	2.5932281017303467	1000
TGAGTCA	4	+--+	27	2	1.1986131352008447	0.9411907072679488	2.413163423538208	1000
TGAGTCA	4	+--+	27	3	1.33343128111678	1.0454642184426968	2.3836252689361572	1000
TGAGTCA	4	+--+	27	4	1.3192443462557817	1.0177044127756054	2.6190834045410156	1000
TGAGTCA	2	++	29	0	0.652394645221044	0.36859966667857885	1.9676933288574219	1000
TGAGTCA	2	++	29	1	0.6288305283044017	0.3371122875388556	2.117638349533081	1000
TGAGTCA	2	++	29	2	0.6107628479223466	0.35334029100246256	2.0056965351104736	1000
TGAGTCA	2	++	29	3	0.681604995561175	0.39363788989142895	1.9318135976791382	1000
TGAGTCA	2	++	29	4	0.6596407042585213	0.358100706284851	2.161881446838379	1000
TGAGTCA	2	+-	29	0	0.6515731700891978	0.36777819154673264	1.9671239852905273	1000
TGAGTCA	2	+-	29	1	0.6251441231788202	0.3334259039111054	2.1150829792022705	1000
TGAGTCA	2	+-	29	2	0.6093584805910637	0.3519359666668423	2.004723072052002	1000
TGAGTCA	2	+-	29	3	0.6782159484389352	0.3902488427691892	1.9294644594192505	1000
TGAGTCA	2	+-	29	4	0.6564870153939872	0.354947017420317	2.1596953868865967	1000
TGAGTCA	2	-+	29	0	0.649202088277415	0.3654071097349498	1.9654804468154907	1000
TGAGTCA	2	-+	29	1	0.6253443969757498	0.3336261777080351	2.1152219772338867	1000
TGAGTCA	2	-+	29	2	0.6070175387388446	0.34959500331679183	2.003100633621216	1000
TGAGTCA	2	-+	29	3	0.6824642208848856	0.3944971152151396	1.9324091672897339	1000
TGAGTCA	2	-+	29	4	0.6619970385579926	0.3604570620821537	2.1635146141052246	1000
TGAGTCA	4	++++	29	0	1.1968573643181863	0.9130624287713839	2.345086097717285	1000
TGAGTCA	4	++++	29	1	1.2033031020898735	0.9115848398264961	2.5158324241638184	1000
TGAGTCA	4	++++	29	2	1.1609897805414695	0.9035673526085736	2.3870849609375	1000
TGAGTCA	4	++++	29	3	1.300488778265938	1.0125216296005293	2.360790967941284	1000
TGAGTCA	4	++++	29	4	1.2623116394707847	0.9607717059906085	2.579620838165283	1000
TGAGTCA	4	+-+-	29	0	1.1966796202485197	0.9128846847017171	2.3449628353118896	1000
TGAGTCA	4	+-+-	29	1	1.2025431967470361	0.9108249344836588	2.515305757522583	1000
TGAGTCA	4	+-+-	29	2	1.1540138202571724	0.8965913063329509	2.382249593734741	1000
TGAGTCA	4	+-+-	29	3	1.3062529487922558	1.018285800126847	2.3647866249084473	1000
TGAGTCA	4	+-+-	29	4	1.2600747471223375	0.9585348136421613	2.5780704021453857	1000
TGAGTCA	4	++--	29	0	1.2021691344814096	0.9183741129432818	2.3487677574157715	1000
TGAGTCA	4	++--	29	1	1.2012255516674508	0.9095073753953987	2.514392614364624	1000
TGAGTCA	4	++--	29	2	1.155941057842741	0.8985185439185196	2.3835854530334473	1000
TGAGTCA	4	++--	29	3	1.30605843641413	1.0180912877487214	2.364651918411255	1000
TGAGTCA	4	++--	29	4	1.2572012609917218	0.9556613275115455	2.5760786533355713	1000
TGAGTCA	4	+--+	29	0	1.1961114755613944	0.9123165400145918	2.344569206237793	1000
TGAGTCA	4	+--+	29	1	1.1956754135501317	0.9039570652954287	2.510545492172241	1000
TGAGTCA	4	+--+	29	2	1.15437713360712	0.8969545336915732	2.3825013637542725	1000
TGAGTCA	4	+--+	29	3	1.299735924211786	1.0117687755463773	2.360269069671631	1000
TGAGTCA	4	+--+	29	4	1.2626431360303227	0.9611032025501465	2.579850673675537	1000
TGAGTCA	2	++	30	0	0.5680990257314843	0.2843040901846818	1.9092642068862915	1000
TGAGTCA	2	++	30	1	0.5848790290108667	0.293160809743152	2.0871732234954834	1000
TGAGTCA	2	++	30	2	0.5039546564391826	0.24653212101712982	1.9316627979278564	1000
TGAGTCA	2	++	30	3	0.5931918534359834	0.30522470477057456	1.8705302476882935	1000
TGAGTCA	2	++	30	4	0.6021193438552837	0.3005794103751074	2.1220102310180664	1000
TGAGTCA	2	+-	30	0	0.5655765561912794	0.281781620644477	1.9075156450271606	1000
TGAGTCA	2	+-	30	1	0.5874356801029306	0.2957173963417217	2.0889458656311035	1000
TGAGTCA	2	+-	30	2	0.5001368565683417	0.24271432114628902	1.9290165901184082	1000
TGAGTCA	2	+-	30	3	0.5941359951935574	0.3061688895238114	1.8711848258972168	1000
TGAGTCA	2	+-	30	4	0.5996461903402137	0.2981062568600375	2.1202964782714844	1000
TGAGTCA	2	-+	30	0	0.5680536223116565	0.28425866526702265	1.909232497215271	1000
TGAGTCA	2	-+	30	1	0.5804859901685526	0.28876772790517513	2.0841283798217773	1000
TGAGTCA	2	-+	30	2	0.5067977876319211	0.2493752092142056	1.93363356590271	1000
TGAGTCA	2	-+	30	3	0.5883091799866628	0.30034207431691673	1.8671457767486572	1000
TGAGTCA	2	-+	30	4	0.6041688611056157	0.3026289061276081	2.1234309673309326	1000
TGAGTCA	4	++++	30	0	1.2094083142128524	0.9256133786660499	2.3537862300872803	1000
TGAGTCA	4	++++	30	1	1.2652955384632543	0.9735772761998769	2.5588021278381348	1000
TGAGTCA	4	++++	30	2	1.0831125965777726	0.8256900826535511	2.3331046104431152	1000
TGAGTCA	4	++++	30	3	1.285762161846532	0.9977950131811233	2.350583553314209	1000
TGAGTCA	4	++++	30	4	1.2626006563155596	0.961060636844058	2.5798213481903076	1000
TGAGTCA	4	+-+-	30	0	1.2072843284746966	0.9234893929278942	2.35231351852417	1000
TGAGTCA	4	+-+-	30	1	1.272481059607628	0.9807627973442504	2.5637829303741455	1000
TGAGTCA	4	+-+-	30	2	1.0822604225427472	0.824837908618526	2.3325135707855225	1000
TGAGTCA	4	+-+-	30	3	1.2873045022594698	0.9993374395853863	2.3516526222229004	1000
TGAGTCA	4	+-+-	30	4	1.2610869510139906	0.9595470175338143	2.5787720680236816	1000
TGAGTCA	4	++--	30	0	1.2045282205032948	0.9207332849564923	2.350403070449829	1000
TGAGTCA	4	++--	30	1	1.268040811527652	0.9763225492642744	2.5607051849365234	1000
TGAGTCA	4	++--	30	2	1.0823074597977582	0.8248850318648624	2.3325464725494385	1000
TGAGTCA	4	++--	30	3	1.2900987043880379	1.002131555722629	2.3535892963409424	1000
TGAGTCA	4	++--	30	4	1.2546147279140705	0.9530747944338943	2.5742857456207275	1000
TGAGTCA	4	+--+	30	0	1.2055351789240965	0.9217401573859686	2.3511011600494385	1000
TGAGTCA	4	+--+	30	1	1.2614617012102207	0.9697434389468431	2.556144952774048	1000
TGAGTCA	4	+--+	30	2	1.0820788948547617	0.8246562949392149	2.332388162612915	1000
TGAGTCA	4	+--+	30	3	1.2821697882353098	0.994202639569901	2.3480935096740723	1000
TGAGTCA	4	+--+	30	4	1.2611118025070402	0.9595718690268641	2.578788995742798	1000
TGAGTCA	2	++	31	0	0.633485324741329	0.3496903461988639	1.954586386680603	1000
TGAGTCA	2	++	31	1	0.6170870799511993	0.3253688176878218	2.1094985008239746	1000
TGAGTCA	2	++	31	2	0.566215127773933	0.3087926138497117	1.974818468093872	1000
TGAGTCA	2	++	31	3	0.6550830780193314	0.3671159723495854	1.913430094718933	1000
TGAGTCA	2	++	31	4	0.6952873333245421	0.39374739984436585	2.1865897178649902	1000
TGAGTCA	2	+-	31	0	0.6330805635725234	0.34928554203439555	1.95430588722229	1000
TGAGTCA	2	+-	31	1	0.6158053792456442	0.3240871169822667	2.108609914779663	1000
TGAGTCA	2	+-	31	2	0.5710176143122888	0.3135951003880675	1.9781473875045776	1000
TGAGTCA	2	+-	31	3	0.65930108151873	0.3713339758489839	1.916353702545166	1000
TGAGTCA	2	+-	31	4	0.6938631449927471	0.39232321151257094	2.1856024265289307	1000
TGAGTCA	2	-+	31	0	0.6330049342018065	0.3492099771571727	1.9542534351348877	1000
TGAGTCA	2	-+	31	1	0.6150984445592727	0.3233801822958951	2.1081202030181885	1000
TGAGTCA	2	-+	31	2	0.5681068079464358	0.3106842940222144	1.9761296510696411	1000
TGAGTCA	2	-+	31	3	0.651020675823301	0.36305352715789224	1.9106141328811646	1000
TGAGTCA	2	-+	31	4	0.6997463705091248	0.39820648002461134	2.189680337905884	1000
TGAGTCA	4	++++	31	0	1.2545158378898245	0.9707207303603711	2.385051727294922	1000
TGAGTCA	4	++++	31	1	1.2681437431441933	0.9764253948894904	2.560776710510254	1000
TGAGTCA	4	++++	31	2	1.1570065763561614	0.8995840624319401	2.384323835372925	1000
TGAGTCA	4	++++	31	3	1.311206651076383	1.0232395884022996	2.368220329284668	1000
TGAGTCA	4	++++	31	4	1.3323515740346634	1.0308115545631618	2.628169059753418	1000
TGAGTCA	4	+-+-	31	0	1.250648550011198	0.9668536144643953	2.382371664047241	1000
TGAGTCA	4	+-+-	31	1	1.261280001539584	0.9695617392762066	2.556018829345703	1000
TGAGTCA	4	+-+-	31	2	1.1593110578863977	0.9018885439621763	2.3859212398529053	1000
TGAGTCA	4	+-+-	31	3	1.3090530843222787	1.02108593565687	2.366727590560913	1000
TGAGTCA	4	+-+-	31	4	1.3285283997059831	1.0269883802344817	2.625518798828125	1000
TGAGTCA	4	++--	31	0	1.2617495141764394	0.9779545786296371	2.390065908432007	1000
TGAGTCA	4	++--	31	1	1.2710186911273416	0.9793006008466149	2.5627689361572266	1000
TGAGTCA	4	++--	31	2	1.1608454011060703	0.9034228871818488	2.3869845867156982	1000
TGAGTCA	4	++--	31	3	1.3203535483625213	1.0323865716797633	2.374560594558716	1000
TGAGTCA	4	++--	31	4	1.3271104027496194	1.0255703832781178	2.6245360374450684	1000
TGAGTCA	4	+--+	31	0	1.2509899355731604	0.9671948280437072	2.382607936859131	1000
TGAGTCA	4	+--+	31	1	1.264329511913358	0.9726113356413059	2.5581328868865967	1000
TGAGTCA	4	+--+	31	2	1.1614149216544025	0.9039923217388556	2.3873796463012695	1000
TGAGTCA	4	+--+	31	3	1.3092320322705016	1.0212647976137674	2.366851329803467	1000
TGAGTCA	4	+--+	31	4	1.3351569550355376	1.0336169355640359	2.630113363265991	1000
TGAGTCA	2	++	32	0	0.5801461954461105	0.29635121690364524	1.9176145792007446	1000
TGAGTCA	2	++	32	1	0.6045665279900733	0.31284828722452707	2.1008198261260986	1000
TGAGTCA	2	++	32	2	0.5275507621288853	0.27012822670683256	1.9480183124542236	1000
TGAGTCA	2	++	32	3	0.6083875095399549	0.3204203823723775	1.8810631036758423	1000
TGAGTCA	2	++	32	4	0.6058886876142437	0.3043486896405735	2.1246230602264404	1000
TGAGTCA	2	+-	32	0	0.5868573454437417	0.3030623883991079	1.9222663640975952	1000
TGAGTCA	2	+-	32	1	0.5987829664198705	0.30706474715215576	2.096811056137085	1000
TGAGTCA	2	+-	32	2	0.5347590709744982	0.2773365570502768	1.9530147314071655	1000
TGAGTCA	2	+-	32	3	0.6101246203049947	0.32215753613308007	1.8822673559188843	1000
TGAGTCA	2	+-	32	4	0.6056967979715436	0.30415688598919877	2.124490261077881	1000
TGAGTCA	2	-+	32	0	0.5772334542754352	0.2934384972308014	1.9155956506729126	1000
TGAGTCA	2	-+	32	1	0.6069830992130093	0.3152648799452945	2.102494716644287	1000
TGAGTCA	2	-+	32	2	0.5188096149117949	0.2613870794897422	1.9419595003128052	1000
TGAGTCA	2	-+	32	3	0.6092684046776743	0.3213012990079282	1.881673812866211	1000
TGAGTCA	2	-+	32	4	0.6086646595818204	0.3071247046038128	2.126547336578369	1000
TGAGTCA	4	++++	32	0	1.185804125338559	0.9020091897917566	2.3374245166778564	1000
TGAGTCA	4	++++	32	1	1.2398628300449877	0.9481445677816102	2.5411739349365234	1000
TGAGTCA	4	++++	32	2	1.0686314853924732	0.8112088854769264	2.3230669498443604	1000
TGAGTCA	4	++++	32	3	1.259305640707679	0.9713384920422703	2.332245111465454	1000
TGAGTCA	4	++++	32	4	1.2195820339159673	0.918042100435791	2.5500028133392334	1000
TGAGTCA	4	+-+-	32	0	1.1965191604352645	0.9127242248884622	2.3448517322540283	1000
TGAGTCA	4	+-+-	32	1	1.2401353365552799	0.9484169883005769	2.5413625240325928	1000
TGAGTCA	4	+-+-	32	2	1.073735844478756	0.8163132445632091	2.3266050815582275	1000
TGAGTCA	4	+-+-	32	3	1.2671446959253312	0.9791773752772717	2.3376786708831787	1000
TGAGTCA	4	+-+-	32	4	1.2236754789804785	0.9221355455003022	2.552840232849121	1000
TGAGTCA	4	++--	32	0	1.1961600606602631	0.9123651251134606	2.3446028232574463	1000
TGAGTCA	4	++--	32	1	1.2462924014474936	0.9545741391841163	2.54563045501709	1000
TGAGTCA	4	++--	32	2	1.0843063281574112	0.8268838142331899	2.3339321613311768	1000
TGAGTCA	4	++--	32	3	1.2731707960289131	0.9852037333548299	2.341856002807617	1000
TGAGTCA	4	++--	32	4	1.2267963621543603	0.9252565146655096	2.5550036430358887	1000
TGAGTCA	4	+--+	32	0	1.1876955045414228	0.9039004830032948	2.338735818862915	1000
TGAGTCA	4	+--+	32	1	1.2349525533802037	0.943234463099477	2.5377700328826904	1000
TGAGTCA	4	+--+	32	2	1.0683385989380538	0.810915999022507	2.322863817214966	1000
TGAGTCA	4	+--+	32	3	1.2611155001340337	0.9731484374599505	2.3334996700286865	1000
TGAGTCA	4	+--+	32	4	1.2224544881506778	0.9209145546705017	2.5519940853118896	1000
TGAGTCA	2	++	33	0	0.6496385802453047	0.3658436017028396	1.9657829999923706	1000
TGAGTCA	2	++	33	1	0.6545835974055632	0.3628653351421856	2.135488748550415	1000
TGAGTCA	2	++	33	2	0.611428678755162	0.35400610033744656	2.0061581134796143	1000
TGAGTCA	2	++	33	3	0.6927954337005281	0.40482832803078206	1.9395701885223389	1000
TGAGTCA	2	++	33	4	0.6665941778112182	0.3650542013353793	2.166701078414917	1000
TGAGTCA	2	+-	33	0	0.6514249210441541	0.3676299854973516	1.9670212268829346	1000
TGAGTCA	2	+-	33	1	0.6485889271314264	0.35687066486804886	2.131333827972412	1000
TGAGTCA	2	+-	33	2	0.6059146569945241	0.3484921430703027	2.002336263656616	1000
TGAGTCA	2	+-	33	3	0.693570989464594	0.4056038837948479	1.9401079416275024	1000
TGAGTCA	2	+-	33	4	0.6652563247701564	0.36371634829431754	2.165773630142212	1000
TGAGTCA	2	-+	33	0	0.6432378159368182	0.35944288039001576	1.9613462686538696	1000
TGAGTCA	2	-+	33	1	0.6541155036255772	0.3623972413621998	2.135164499282837	1000
TGAGTCA	2	-+	33	2	0.6019988270126915	0.34457631308847014	1.999621868133545	1000
TGAGTCA	2	-+	33	3	0.6885091960843998	0.40054217640597917	1.9365993738174438	1000
TGAGTCA	2	-+	33	4	0.6679699100311326	0.3664299765509563	2.167654514312744	1000
TGAGTCA	4	++++	33	0	1.1336886526042294	0.8498937170574268	2.3013007640838623	1000
TGAGTCA	4	++++	33	1	1.1695003420194157	0.8777820797560382	2.4924023151397705	1000
TGAGTCA	4	++++	33	2	1.105628479237406	0.8482058793218592	2.3487114906311035	1000
TGAGTCA	4	++++	33	3	1.2196307909974868	0.9316637283234035	2.3047449588775635	1000
TGAGTCA	4	++++	33	4	1.1724470067679735	0.870906987296472	2.517331600189209	1000
TGAGTCA	4	+-+-	33	0	1.1368271639998246	0.8530322284530222	2.303476572036743	1000
TGAGTCA	4	+-+-	33	1	1.170251476247059	0.878533299975007	2.492922782897949	1000
TGAGTCA	4	+-+-	33	2	1.0994152620096853	0.841992748085464	2.344404458999634	1000
TGAGTCA	4	+-+-	33	3	1.2243852513805893	0.9364181027151804	2.308040142059326	1000
TGAGTCA	4	+-+-	33	4	1.1770437590602347	0.8755037395887331	2.520517587661743	1000
TGAGTCA	4	++--	33	0	1.1460951370721706	0.8623002015253681	2.3099002838134766	1000
TGAGTCA	4	++--	33	1	1.1677938441662294	0.8760754959115264	2.4912192821502686	1000
TGAGTCA	4	++--	33	2	1.1000991510208413	0.8426767230879454	2.344878911972046	1000
TGAGTCA	4	++--	33	3	1.2241335547710515	0.9361664061056427	2.307865619659424	1000
TGAGTCA	4	++--	33	4	1.17080087482524	0.8692611133277148	2.516190528869629	1000
TGAGTCA	4	+--+	33	0	1.1303080756275445	0.8465131400807421	2.2989578247070312	1000
TGAGTCA	4	+--+	33	1	1.1626639456562935	0.8709455974015906	2.487663507461548	1000
TGAGTCA	4	+--+	33	2	1.091775104727756	0.8343525048122091	2.339108943939209	1000
TGAGTCA	4	+--+	33	3	1.2163308738840568	0.928363725218648	2.302457332611084	1000
TGAGTCA	4	+--+	33	4	1.172661383142274	0.8711214496620978	2.51747989654541	1000
TGAGTCA	2	++	34	0	0.5647649270661952	0.2809699270258986	1.9069530963897705	1000
TGAGTCA	2	++	34	1	0.5959615050411408	0.30424328577342596	2.094855308532715	1000
TGAGTCA	2	++	34	2	0.5145411775000308	0.2571186635758095	1.9390008449554443	1000
TGAGTCA	2	++	34	3	0.5906072551631544	0.3026401064977456	1.8687387704849243	1000
TGAGTCA	2	++	34	4	0.6019215638067914	0.30038165182444654	2.121873617172241	1000
TGAGTCA	2	+-	34	0	0.5625333231842621	0.27873834464179686	1.9054062366485596	1000
TGAGTCA	2	+-	34	1	0.5920854890429829	0.30036724827743677	2.0921688079833984	1000
TGAGTCA	2	+-	34	2	0.5057229820553539	0.24830048962896392	1.9328885078430176	1000
TGAGTCA	2	+-	34	3	0.5912038199833347	0.3032366928157573	1.869152307510376	1000
TGAGTCA	2	+-	34	4	0.6007900469511023	0.2992500704752633	2.121089220046997	1000
TGAGTCA	2	-+	34	0	0.5654286511115374	0.28163367256907224	1.907413125038147	1000
TGAGTCA	2	-+	34	1	0.5985835095405324	0.30686522577932357	2.096672773361206	1000
TGAGTCA	2	-+	34	2	0.5156364920077133	0.25821395658566065	1.9397599697113037	1000
TGAGTCA	2	-+	34	3	0.592059906623667	0.30409277945608965	1.8697457313537598	1000
TGAGTCA	2	-+	34	4	0.5977492217011969	0.29620926672318937	2.11898136138916	1000
TGAGTCA	4	++++	34	0	1.1936725895895088	0.9098776540427064	2.342878580093384	1000
TGAGTCA	4	++++	34	1	1.2471670192184565	0.9554487569550791	2.546236276626587	1000
TGAGTCA	4	++++	34	2	1.0726843425513808	0.8152618286271593	2.325875997543335	1000
TGAGTCA	4	++++	34	3	1.2326582188263684	0.9446910701609595	2.313774585723877	1000
TGAGTCA	4	++++	34	4	1.2040081449670856	0.9024682974782349	2.539207935333252	1000
TGAGTCA	4	+-+-	34	0	1.1942260297599854	0.9104310942131829	2.343262195587158	1000
TGAGTCA	4	+-+-	34	1	1.2583768484016944	0.9666585861383169	2.554006576538086	1000
TGAGTCA	4	+-+-	34	2	1.0709836061169984	0.8135609202101262	2.324697256088257	1000
TGAGTCA	4	+-+-	34	3	1.2428442352890199	0.9548770866236111	2.3208348751068115	1000
TGAGTCA	4	+-+-	34	4	1.2003841265481046	0.8988441070766029	2.536695957183838	1000
TGAGTCA	4	++--	34	0	1.1918679756340054	0.9080730400872029	2.341627836227417	1000
TGAGTCA	4	++--	34	1	1.245048020977176	0.9533297587137984	2.5447676181793213	1000
TGAGTCA	4	++--	34	2	1.0672090168871868	0.8097864169716401	2.3220810890197754	1000
TGAGTCA	4	++--	34	3	1.2388805511345846	0.950913402469176	2.318087339401245	1000
TGAGTCA	4	++--	34	4	1.191632101428347	0.8900920819568454	2.5306293964385986	1000
TGAGTCA	4	+--+	34	0	1.1931090024426314	0.9093140668958289	2.3424880504608154	1000
TGAGTCA	4	+--+	34	1	1.2455072146549797	0.9537888664002767	2.545085906982422	1000
TGAGTCA	4	+--+	34	2	1.0646599760274238	0.8072375480945279	2.3203141689300537	1000
TGAGTCA	4	+--+	34	3	1.2356953464492801	0.9477282837751967	2.3158798217773438	1000
TGAGTCA	4	+--+	34	4	1.1998286225858177	0.898288603114316	2.5363106727600098	1000
TGAGTCA	2	++	36	0	0.5703992076954489	0.2866042506508151	1.910858392715454	1000
TGAGTCA	2	++	36	1	0.5880232588296034	0.29630506105971993	2.089353084564209	1000
TGAGTCA	2	++	36	2	0.5071117849567338	0.24968927103251246	1.9338511228561401	1000
TGAGTCA	2	++	36	3	0.5867845107911013	0.2988174266191866	1.866089105606079	1000
TGAGTCA	2	++	36	4	0.5995919298138664	0.2980519533380276	2.1202585697174072	1000
TGAGTCA	2	+-	36	0	0.5679870220301099	0.2841920864833074	1.9091864824295044	1000
TGAGTCA	2	+-	36	1	0.5864334512050275	0.2947151674438187	2.0882508754730225	1000
TGAGTCA	2	+-	36	2	0.5079152019102394	0.25049270948384944	1.9344080686569214	1000
TGAGTCA	2	+-	36	3	0.584241231350142	0.296274125680396	1.8643261194229126	1000
TGAGTCA	2	+-	36	4	0.5990482926544891	0.2975083376764816	2.1198818683624268	1000
TGAGTCA	2	-+	36	0	0.5598097199338732	0.2760146768979139	1.9035183191299438	1000
TGAGTCA	2	-+	36	1	0.582591874732705	0.2908736554649902	2.085588216781616	1000
TGAGTCA	2	-+	36	2	0.4968963594607847	0.239473824038732	1.9267703294754028	1000
TGAGTCA	2	-+	36	3	0.5852367099289987	0.2972695827614213	1.865016222000122	1000
TGAGTCA	2	-+	36	4	0.594720736206491	0.2931808027263148	2.116882085800171	1000
TGAGTCA	4	++++	36	0	1.2061353123842822	0.9223403768374798	2.3515172004699707	1000
TGAGTCA	4	++++	36	1	1.2587285529227088	0.9670102046680059	2.5542502403259277	1000
TGAGTCA	4	++++	36	2	1.0747653326268207	0.8173428187025993	2.3273186683654785	1000
TGAGTCA	4	++++	36	3	1.2538612719206406	0.9658941232552317	2.3284714221954346	1000
TGAGTCA	4	++++	36	4	1.207236345315106	0.9056963258436044	2.541445732116699	1000
TGAGTCA	4	+-+-	36	0	1.2024008811034472	0.9186059455566448	2.348928689956665	1000
TGAGTCA	4	+-+-	36	1	1.254117526070426	0.9623992638070487	2.5510542392730713	1000
TGAGTCA	4	+-+-	36	2	1.0721164558382317	0.8146939419140103	2.3254826068878174	1000
TGAGTCA	4	+-+-	36	3	1.251867477049188	0.9639002423924538	2.327089309692383	1000
TGAGTCA	4	+-+-	36	4	1.2017535384055995	0.900213518934098	2.537645101547241	1000
TGAGTCA	4	++--	36	0	1.2038743424647143	0.9200794069179119	2.349949598312378	1000
TGAGTCA	4	++--	36	1	1.2563100468949506	0.9645917846315731	2.5525739192962646	1000
TGAGTCA	4	++--	36	2	1.0774888498858841	0.8200663359616628	2.3292064666748047	1000
TGAGTCA	4	++--	36	3	1.2509632782622768	0.962996129596868	2.326462745666504	1000
TGAGTCA	4	++--	36	4	1.2050820906303985	0.9035421571502222	2.5399527549743652	1000
TGAGTCA	4	+--+	36	0	1.192271532924255	0.9084765973774525	2.3419077396392822	1000
TGAGTCA	4	+--+	36	1	1.2513204002367935	0.9596021379734159	2.5491154193878174	1000
TGAGTCA	4	+--+	36	2	1.066106952060458	0.8086844381362367	2.321317195892334	1000
TGAGTCA	4	+--+	36	3	1.250651989664215	0.9626849269901318	2.326246738433838	1000
TGAGTCA	4	+--+	36	4	1.2018974018930464	0.9003575544041956	2.5377447605133057	1000
TGAGTCA	2	++	35	0	0.613077433433321	0.32928241189519314	1.9404406547546387	1000
TGAGTCA	2	++	35	1	0.606013117062143	0.3142948118031028	2.1018226146698	1000
TGAGTCA	2	++	35	2	0.552391549258545	0.29496899233866086	1.9652366638183594	1000
TGAGTCA	2	++	35	3	0.6332991105261073	0.34533194036286724	1.8983304500579834	1000
TGAGTCA	2	++	35	4	0.655621684686171	0.3540817297081635	2.1590957641601562	1000
TGAGTCA	2	+-	35	0	0.6073287413455808	0.32353374130528423	1.9364560842514038	1000
TGAGTCA	2	+-	35	1	0.6041746225244196	0.31245638175887347	2.100548267364502	1000
TGAGTCA	2	+-	35	2	0.5503846407099641	0.29296208379008004	1.9638457298278809	1000
TGAGTCA	2	+-	35	3	0.6346981033995509	0.34673101922763616	1.8993003368377686	1000
TGAGTCA	2	+-	35	4	0.6553247566394564	0.3537847586657861	2.1588895320892334	1000
TGAGTCA	2	-+	35	0	0.6146810856612913	0.33088608562099475	1.9415522813796997	1000
TGAGTCA	2	-+	35	1	0.6126912463908086	0.3209730056252625	2.1064517498016357	1000
TGAGTCA	2	-+	35	2	0.5512415012722254	0.2938189228545099	1.9644397497177124	1000
TGAGTCA	2	-+	35	3	0.6326235196778556	0.34465639251027813	1.897862195968628	1000
TGAGTCA	2	-+	35	4	0.6542856374629433	0.35274572548059846	2.1581695079803467	1000
TGAGTCA	4	++++	35	0	1.211209574506664	0.9274146389598615	2.355034112930298	1000
TGAGTCA	4	++++	35	1	1.2243361503337677	0.9326179740617158	2.5304114818573	1000
TGAGTCA	4	++++	35	2	1.118759096656805	0.8613364967412583	2.3578126430511475	1000
TGAGTCA	4	++++	35	3	1.2465441840483569	0.9585770353829481	2.323399543762207	1000
TGAGTCA	4	++++	35	4	1.2319843908002879	0.9304444573201116	2.5585997104644775	1000
TGAGTCA	4	+-+-	35	0	1.2086070470424826	0.9248121114956801	2.3532304763793945	1000
TGAGTCA	4	+-+-	35	1	1.232137111394254	0.9404188491308765	2.5358188152313232	1000
TGAGTCA	4	+-+-	35	2	1.1199210974373597	0.8624986695044639	2.3586182594299316	1000
TGAGTCA	4	+-+-	35	3	1.2555053400715634	0.9675382773974802	2.329610824584961	1000
TGAGTCA	4	+-+-	35	4	1.2317124862292737	0.930172638740423	2.558411121368408	1000
TGAGTCA	4	++--	35	0	1.2110559939994434	0.9272610584526411	2.3549277782440186	1000
TGAGTCA	4	++--	35	1	1.2244387379850075	0.9327204757216301	2.530482769012451	1000
TGAGTCA	4	++--	35	2	1.1211741630315462	0.8637516491073248	2.3594868183135986	1000
TGAGTCA	4	++--	35	3	1.246053259571469	0.9580861968973857	2.323059320449829	1000
TGAGTCA	4	++--	35	4	1.2326395587087497	0.931099711219899	2.559053659439087	1000
TGAGTCA	4	+--+	35	0	1.2046338178509246	0.920838882304122	2.3504765033721924	1000
TGAGTCA	4	+--+	35	1	1.2286597941764588	0.9369415319130814	2.5334081649780273	1000
TGAGTCA	4	+--+	35	2	1.1150383379967137	0.8576158240724924	2.355233907699585	1000
TGAGTCA	4	+--+	35	3	1.2467258837189934	0.9587588210449102	2.3235256671905518	1000
TGAGTCA	4	+--+	35	4	1.2306805043327715	0.9291404848612698	2.5576958656311035	1000
TGAGTCA	2	++	37	0	0.6403262356490362	0.35653130010223383	1.9593281745910645	1000
TGAGTCA	2	++	37	1	0.6226692928329043	0.3309510950630209	2.1133675575256348	1000
TGAGTCA	2	++	37	2	0.5799430839354415	0.3225205270155574	1.9843339920043945	1000
TGAGTCA	2	++	37	3	0.6715440104857007	0.3835769048159547	1.9248398542404175	1000
TGAGTCA	2	++	37	4	0.6555973061454112	0.3540573296695723	2.159078598022461	1000
TGAGTCA	2	+-	37	0	0.6460400152586514	0.36224507971184894	1.9632885456085205	1000
TGAGTCA	2	+-	37	1	0.6219177716442965	0.3301995093809191	2.112846851348877	1000
TGAGTCA	2	+-	37	2	0.5791591010214834	0.32173654410159924	1.9837905168533325	1000
TGAGTCA	2	+-	37	3	0.6760022737483546	0.38803512508294585	1.9279301166534424	1000
TGAGTCA	2	+-	37	4	0.6548014564285436	0.3532614799527047	2.15852689743042	1000
TGAGTCA	2	-+	37	0	0.6259760462567062	0.34218106771424106	1.9493813514709473	1000
TGAGTCA	2	-+	37	1	0.6143019499074642	0.3225837091419181	2.10756778717041	1000
TGAGTCA	2	-+	37	2	0.5708593902734951	0.313436833353611	1.9780375957489014	1000
TGAGTCA	2	-+	37	3	0.665434842761752	0.377467737092006	1.920605182647705	1000
TGAGTCA	2	-+	37	4	0.6485569383583658	0.3470169833803583	2.15419864654541	1000
TGAGTCA	4	++++	37	0	1.110639795709572	0.8268448601627695	2.285324811935425	1000
TGAGTCA	4	++++	37	1	1.1162219225999517	0.8245035743452487	2.455472230911255	1000
TGAGTCA	4	++++	37	2	1.0488527066213214	0.7914302786884254	2.3093574047088623	1000
TGAGTCA	4	++++	37	3	1.2101380366004633	0.9221709739263799	2.2981650829315186	1000
TGAGTCA	4	++++	37	4	1.1771900303047935	0.8756500108332919	2.5206191539764404	1000
TGAGTCA	4	+-+-	37	0	1.107566379747328	0.8237713582092002	2.2831943035125732	1000
TGAGTCA	4	+-+-	37	1	1.1185227924945196	0.8268044442398167	2.4570670127868652	1000
TGAGTCA	4	+-+-	37	2	1.0445651791353114	0.7871426652110901	2.3063855171203613	1000
TGAGTCA	4	+-+-	37	3	1.2133373438631387	0.9253701951977299	2.300382375717163	1000
TGAGTCA	4	+-+-	37	4	1.1753960792736435	0.8738561457934674	2.519375801086426	1000
TGAGTCA	4	++--	37	0	1.1209228103873101	0.8371277888491823	2.292452096939087	1000
TGAGTCA	4	++--	37	1	1.1169976503466683	0.8252793020919653	2.456010103225708	1000
TGAGTCA	4	++--	37	2	1.0486837336668486	0.7912611337513018	2.3092403411865234	1000
TGAGTCA	4	++--	37	3	1.2181164837566398	0.9301493350912311	2.3036949634552	1000
TGAGTCA	4	++--	37	4	1.1770393735026377	0.8754994400224615	2.520514726638794	1000
TGAGTCA	4	+--+	37	0	1.1054245938048082	0.8216296582580057	2.281709909439087	1000
TGAGTCA	4	+--+	37	1	1.1096953529823588	0.8179770047276559	2.4509482383728027	1000
TGAGTCA	4	+--+	37	2	1.0401948420029112	0.7827723280786899	2.303356409072876	1000
TGAGTCA	4	+--+	37	3	1.2085910526559522	0.920623989981869	2.2970924377441406	1000
TGAGTCA	4	+--+	37	4	1.1703820970703893	0.8688420775988877	2.515900135040283	1000
TGAGTCA	2	++	38	0	0.5784933131843307	0.2946983346418655	1.916468858718872	1000
TGAGTCA	2	++	38	1	0.604591508470111	0.3128732677045649	2.100837230682373	1000
TGAGTCA	2	++	38	2	0.5094750845535652	0.252052527633681	1.935489296913147	1000
TGAGTCA	2	++	38	3	0.6107581613951106	0.32279107722319594	1.8827062845230103	1000
TGAGTCA	2	++	38	4	0.6061180264791693	0.3045780715011618	2.1247823238372803	1000
TGAGTCA	2	+-	38	0	0.5774416822699673	0.2936466822296708	1.9157400131225586	1000
TGAGTCA	2	+-	38	1	0.6044339723619208	0.3127157100985432	2.1007280349731445	1000
TGAGTCA	2	+-	38	2	0.5089249550491177	0.251502419627065	1.935107946395874	1000
TGAGTCA	2	+-	38	3	0.6151210172821984	0.32715391161245233	1.885730504989624	1000
TGAGTCA	2	+-	38	4	0.602473327146422	0.3009333721684144	2.122255802154541	1000
TGAGTCA	2	-+	38	0	0.5794092067915005	0.2956142282490354	1.9171037673950195	1000
TGAGTCA	2	-+	38	1	0.5968805803273516	0.3051623610596368	2.095492362976074	1000
TGAGTCA	2	-+	38	2	0.5104646727266297	0.2530421158067456	1.9361753463745117	1000
TGAGTCA	2	-+	38	3	0.6044948972159888	0.31652779154624283	1.8783650398254395	1000
TGAGTCA	2	-+	38	4	0.6090627994185678	0.3075228444405602	2.1268231868743896	1000
TGAGTCA	4	++++	38	0	1.200422306696596	0.9166273711497935	2.3475570678710938	1000
TGAGTCA	4	++++	38	1	1.2442669617682824	0.952548699504905	2.5442264080047607	1000
TGAGTCA	4	++++	38	2	1.0683766071038945	0.8109540071883478	2.322890043258667	1000
TGAGTCA	4	++++	38	3	1.2635326303005852	0.9755655676265018	2.335175037384033	1000
TGAGTCA	4	++++	38	4	1.1950600596253445	0.8935202981278192	2.533005475997925	1000
TGAGTCA	4	+-+-	38	0	1.193523910587838	0.9097289750410354	2.342775583267212	1000
TGAGTCA	4	+-+-	38	1	1.2424217599071754	0.9507036696264488	2.542947292327881	1000
TGAGTCA	4	+-+-	38	2	1.064795928312931	0.8073735003800349	2.320408344268799	1000
TGAGTCA	4	+-+-	38	3	1.2646040822154605	0.9766370195413772	2.3359177112579346	1000
TGAGTCA	4	+-+-	38	4	1.1989780823859757	0.8974382348971248	2.5357213020324707	1000
TGAGTCA	4	++--	38	0	1.192811730430615	0.9090167088924871	2.3422820568084717	1000
TGAGTCA	4	++--	38	1	1.244742063841291	0.953023715586588	2.5445556640625	1000
TGAGTCA	4	++--	38	2	1.0654279645548517	0.8080053646393048	2.3208467960357666	1000
TGAGTCA	4	++--	38	3	1.272920991228535	0.9849539285544516	2.3416826725006104	1000
TGAGTCA	4	++--	38	4	1.1926960720979098	0.8911560526264082	2.5313668251037598	1000
TGAGTCA	4	+--+	38	0	1.1995431313853853	0.9157481958385829	2.34694766998291	1000
TGAGTCA	4	+--+	38	1	1.2349399126553653	0.9432215644006623	2.5377612113952637	1000
TGAGTCA	4	+--+	38	2	1.0683355892416637	0.8109130753174424	2.322861909866333	1000
TGAGTCA	4	+--+	38	3	1.2609031015602181	0.9729360388861349	2.333352565765381	1000
TGAGTCA	4	+--+	38	4	1.1927629733490954	0.8912231258602447	2.5314135551452637	1000
TGAGTCA	2	++	39	0	0.629232021802841	0.3454370862560385	1.9516383409500122	1000
TGAGTCA	2	++	39	1	0.6219960667461019	0.3302778904740498	2.112901210784912	1000
TGAGTCA	2	++	39	2	0.5530481790195392	0.29562562209965504	1.9656919240951538	1000
TGAGTCA	2	++	39	3	0.6459943108691846	0.3580272266972699	1.9071301221847534	1000
TGAGTCA	2	++	39	4	0.6552406141275218	0.3537007236430083	2.1588313579559326	1000
TGAGTCA	2	+-	39	0	0.6287551999033238	0.34496024285869	1.951307773590088	1000
TGAGTCA	2	+-	39	1	0.6221346847626973	0.33041644399715114	2.112997055053711	1000
TGAGTCA	2	+-	39	2	0.5520301277177567	0.29460759229570405	1.9649862051010132	1000
TGAGTCA	2	+-	39	3	0.6480025522833096	0.3600354681113949	1.9085222482681274	1000
TGAGTCA	2	+-	39	4	0.6581699086283426	0.356629953650335	2.1608617305755615	1000
TGAGTCA	2	-+	39	0	0.6295301537281116	0.3457351966834778	1.9518449306488037	1000
TGAGTCA	2	-+	39	1	0.616220545364827	0.32450226160361817	2.1088976860046387	1000
TGAGTCA	2	-+	39	2	0.5538552936000383	0.2964327581779856	1.9662514925003052	1000
TGAGTCA	2	-+	39	3	0.6413128571213735	0.3533457729494588	1.9038852453231812	1000
TGAGTCA	2	-+	39	4	0.6522902087563076	0.3507502537783	2.1567862033843994	1000
TGAGTCA	4	++++	39	0	1.1987309433166857	0.9149360077698833	2.3463850021362305	1000
TGAGTCA	4	++++	39	1	1.2264693371437447	0.9347512468630181	2.5318901538848877	1000
TGAGTCA	4	++++	39	2	1.0794655324835758	0.8220430185593545	2.3305766582489014	1000
TGAGTCA	4	++++	39	3	1.23017891693153	0.9422117682661213	2.312056064605713	1000
TGAGTCA	4	++++	39	4	1.1947455033569165	0.8932055698767403	2.532787561416626	1000
TGAGTCA	4	+-+-	39	0	1.2005286779661546	0.9167337424193522	2.3476309776306152	1000
TGAGTCA	4	+-+-	39	1	1.2191989425611702	0.9274806802977928	2.526850700378418	1000
TGAGTCA	4	+-+-	39	2	1.0786600517382599	0.821237451822713	2.3300182819366455	1000
TGAGTCA	4	+-+-	39	3	1.2291483108962347	0.9411811622308259	2.3113417625427246	1000
TGAGTCA	4	+-+-	39	4	1.194119314525125	0.8925794670362742	2.532353401184082	1000
TGAGTCA	4	++--	39	0	1.2078922011541713	0.9240972656073688	2.3527348041534424	1000
TGAGTCA	4	++--	39	1	1.2313118526440887	0.9395935043893859	2.5352466106414795	1000
TGAGTCA	4	++--	39	2	1.0788739981559332	0.8214514842317119	2.3301665782928467	1000
TGAGTCA	4	++--	39	3	1.2426418977002798	0.954674749034871	2.320694923400879	1000
TGAGTCA	4	++--	39	4	1.195015688101422	0.8934756686299203	2.5329749584198	1000
TGAGTCA	4	+--+	39	0	1.1958290800486775	0.9120342304932005	2.3443734645843506	1000
TGAGTCA	4	+--+	39	1	1.2196148826022821	0.9278966203389045	2.5271387100219727	1000
TGAGTCA	4	+--+	39	2	1.0771877942555488	0.8197652803313275	2.328997850418091	1000
TGAGTCA	4	+--+	39	3	1.2258305075871148	0.9378634449130314	2.309041976928711	1000
TGAGTCA	4	+--+	39	4	1.194886099173997	0.8933460797024951	2.5328850746154785	1000
TGAGTCA	2	++	40	0	0.5721150356074445	0.2883201215584733	1.9120478630065918	1000
TGAGTCA	2	++	40	1	0.5896427764571157	0.2979245141937382	2.09047532081604	1000
TGAGTCA	2	++	40	2	0.5173702061153986	0.25994769219117725	1.9409618377685547	1000
TGAGTCA	2	++	40	3	0.5910460688968308	0.3030789847249161	1.869042992591858	1000
TGAGTCA	2	++	40	4	0.5958562946544754	0.29431638267213056	2.1176693439483643	1000
TGAGTCA	2	+-	40	0	0.5743430278537094	0.2905480923069069	1.9135922193527222	1000
TGAGTCA	2	+-	40	1	0.589539586866598	0.2978213461010519	2.0904037952423096	1000
TGAGTCA	2	+-	40	2	0.5184899851551664	0.26106744973311363	1.9417378902435303	1000
TGAGTCA	2	+-	40	3	0.5928520157178785	0.3048849100481324	1.8702948093414307	1000
TGAGTCA	2	+-	40	4	0.596827738657874	0.29528771918637237	2.118342638015747	1000
TGAGTCA	2	-+	40	0	0.571042551796664	0.2872475517563674	1.9113043546676636	1000
TGAGTCA	2	-+	40	1	0.5882706988685322	0.2965524581029861	2.089524507522583	1000
TGAGTCA	2	-+	40	2	0.5140112989527226	0.2565887850285012	1.9386335611343384	1000
TGAGTCA	2	-+	40	3	0.5899538500768639	0.30198670141145506	1.868285894393921	1000
TGAGTCA	2	-+	40	4	0.5923637999677417	0.2908238664875655	2.115248203277588	1000
TGAGTCA	4	++++	40	0	1.1513545385182062	0.8675596029714037	2.3135459423065186	1000
TGAGTCA	4	++++	40	1	1.1997123623138344	0.9079941860417823	2.513343572616577	1000
TGAGTCA	4	++++	40	2	1.0256845797582907	0.7682620658340693	2.2932982444763184	1000
TGAGTCA	4	++++	40	3	1.195058339798836	0.9070911911334272	2.2877120971679688	1000
TGAGTCA	4	++++	40	4	1.1248502062024133	0.8233103587135625	2.484339952468872	1000
TGAGTCA	4	+-+-	40	0	1.1544968335321204	0.870701897985318	2.3157241344451904	1000
TGAGTCA	4	+-+-	40	1	1.198278886918893	0.90656053866419	2.5123496055603027	1000
TGAGTCA	4	+-+-	40	2	1.0315135877439838	0.7740911598110879	2.2973389625549316	1000
TGAGTCA	4	+-+-	40	3	1.1939904135283033	0.9060234368455454	2.2869722843170166	1000
TGAGTCA	4	+-+-	40	4	1.1238742046587669	0.8223344431612415	2.483663558959961	1000
TGAGTCA	4	++--	40	0	1.1503284900231585	0.8665334684850308	2.3128349781036377	1000
TGAGTCA	4	++--	40	1	1.2017263651467633	0.9100082748660366	2.514739513397217	1000
TGAGTCA	4	++--	40	2	1.0314722259164513	0.774049540009579	2.2973101139068604	1000
TGAGTCA	4	++--	40	3	1.2005794128481593	0.9126123501740759	2.291539192199707	1000
TGAGTCA	4	++--	40	4	1.1288058931635834	0.8272660456747325	2.487082004547119	1000
TGAGTCA	4	+--+	40	0	1.1520847768537696	0.8682896693243163	2.3140523433685303	1000
TGAGTCA	4	+--+	40	1	1.1983674579840873	0.9066492817120352	2.51241135597229	1000
TGAGTCA	4	+--+	40	2	1.0246288642559693	0.7672063503317479	2.2925667762756348	1000
TGAGTCA	4	+--+	40	3	1.1953369516932337	0.9073698890191503	2.28790545463562	1000
TGAGTCA	4	+--+	40	4	1.1221216154551494	0.8205815959836478	2.4824485778808594	1000
TGAGTCA	2	++	41	0	0.6275625002195903	0.34376747868146235	1.9504810571670532	1000
TGAGTCA	2	++	41	1	0.6367154598941717	0.34499721912862547	2.1231038570404053	1000
TGAGTCA	2	++	41	2	0.5826218857052805	0.32519935028322783	1.986190676689148	1000
TGAGTCA	2	++	41	3	0.6529967564817147	0.36502960781630595	1.911983847618103	1000
TGAGTCA	2	++	41	4	0.6658923596087098	0.3643523831328709	2.16621470451355	1000
TGAGTCA	2	+-	41	0	0.6341895936966122	0.3503946151541471	1.955074667930603	1000
TGAGTCA	2	+-	41	1	0.6425252488186308	0.3508070295509161	2.1271307468414307	1000
TGAGTCA	2	+-	41	2	0.5871884120466526	0.32976587662459983	1.9893559217453003	1000
TGAGTCA	2	+-	41	3	0.6627285237677749	0.3747614180980288	1.918729543685913	1000
TGAGTCA	2	+-	41	4	0.6708088706445876	0.36926889416874875	2.1696224212646484	1000
TGAGTCA	2	-+	41	0	0.6229212044207556	0.3391261828826277	1.9472639560699463	1000
TGAGTCA	2	-+	41	1	0.6367473626759067	0.3450291434081919	2.1231260299682617	1000
TGAGTCA	2	-+	41	2	0.5814554133758035	0.3240328564559195	1.985382318496704	1000
TGAGTCA	2	-+	41	3	0.6468885346623457	0.35892145049043106	1.9077500104904175	1000
TGAGTCA	2	-+	41	4	0.6642397783165691	0.3626998018407302	2.165069103240967	1000
TGAGTCA	4	++++	41	0	1.061731455448532	0.7779365199017294	2.2514240741729736	1000
TGAGTCA	4	++++	41	1	1.1121356148154513	0.8204174385433992	2.4526398181915283	1000
TGAGTCA	4	++++	41	2	1.0223178473850003	0.764895333460779	2.2909648418426514	1000
TGAGTCA	4	++++	41	3	1.090808992186534	0.8028418435211253	2.215452194213867	1000
TGAGTCA	4	++++	41	4	1.126261581826719	0.8247215623552173	2.4853179454803467	1000
TGAGTCA	4	+-+-	41	0	1.0634113819821598	0.7796164464353573	2.2525882720947266	1000
TGAGTCA	4	+-+-	41	1	1.1157571394859949	0.824038791231292	2.4551498889923096	1000
TGAGTCA	4	+-+-	41	2	1.0216857251517542	0.7642631252362072	2.2905266284942627	1000
TGAGTCA	4	+-+-	41	3	1.0927381215812622	0.8047710589071789	2.216789484024048	1000
TGAGTCA	4	+-+-	41	4	1.1214863975341876	0.8199464640540114	2.482008218765259	1000
TGAGTCA	4	++--	41	0	1.0752983068618445	0.7915032853237166	2.2608277797698975	1000
TGAGTCA	4	++--	41	1	1.119804751174051	0.8280864889106736	2.457955837249756	1000
TGAGTCA	4	++--	41	2	1.028685934989823	0.771263507056927	2.2953789234161377	1000
TGAGTCA	4	++--	41	3	1.1042083324979064	0.8162413558151485	2.2247400283813477	1000
TGAGTCA	4	++--	41	4	1.1285823157174617	0.82704229624596	2.486926794052124	1000
TGAGTCA	4	+--+	41	0	1.0662926933233898	0.782497671785262	2.2545855045318604	1000
TGAGTCA	4	+--+	41	1	1.1170215559351382	0.8253032936717607	2.456026554107666	1000
TGAGTCA	4	+--+	41	2	1.0251614085343659	0.7677388946101447	2.292935848236084	1000
TGAGTCA	4	+--+	41	3	1.0942181182832622	0.8062509696178534	2.217815399169922	1000
TGAGTCA	4	+--+	41	4	1.1279507954234933	0.8264108619433173	2.4864890575408936	1000
TGAGTCA	2	++	42	0	0.5472629406184906	0.2634680050716881	1.8948216438293457	1000
TGAGTCA	2	++	42	1	0.5720669664565283	0.2803487471888135	2.0782930850982666	1000
TGAGTCA	2	++	42	2	0.48861836152246785	0.2311958475982465	1.921032428741455	1000
TGAGTCA	2	++	42	3	0.5729527201041344	0.28498557143872566	1.856501579284668	1000
TGAGTCA	2	++	42	4	0.5703939192289349	0.2688539857487587	2.100019931793213	1000
TGAGTCA	2	+-	42	0	0.5509371779715236	0.2671422209268898	1.8973684310913086	1000
TGAGTCA	2	+-	42	1	0.5804555922350126	0.2887373514694665	2.0841073989868164	1000
TGAGTCA	2	+-	42	2	0.49192275018482046	0.23450019326493635	1.9233229160308838	1000
TGAGTCA	2	+-	42	3	0.5798192134311575	0.2918521292592428	1.861261248588562	1000
TGAGTCA	2	+-	42	4	0.5758686859495133	0.27432870947367444	2.1038148403167725	1000
TGAGTCA	2	-+	42	0	0.5502262446885194	0.2664312661460543	1.8968757390975952	1000
TGAGTCA	2	-+	42	1	0.5670517803747179	0.27533356110700313	2.074816942214966	1000
TGAGTCA	2	-+	42	2	0.4916601326769529	0.23423764025056293	1.9231410026550293	1000
TGAGTCA	2	-+	42	3	0.5697362575720355	0.28176913040445806	1.8542722463607788	1000
TGAGTCA	2	-+	42	4	0.5700582950857761	0.2685183616055999	2.0997872352600098	1000
TGAGTCA	4	++++	42	0	1.1321115716958174	0.8483166361490149	2.3002078533172607	1000
TGAGTCA	4	++++	42	1	1.1835385978787432	0.8918205075980167	2.5021328926086426	1000
TGAGTCA	4	++++	42	2	1.0127361779574806	0.7553135780419339	2.284323215484619	1000
TGAGTCA	4	++++	42	3	1.1976390254663578	0.909671876800949	2.289501190185547	1000
TGAGTCA	4	++++	42	4	1.0944780700600412	0.7929380505885396	2.463287591934204	1000
TGAGTCA	4	+-+-	42	0	1.1328505811465748	0.8490555596084469	2.30072021484375	1000
TGAGTCA	4	+-+-	42	1	1.180810523079432	0.889092174824729	2.500241756439209	1000
TGAGTCA	4	+-+-	42	2	1.0128032511913172	0.7553807372670958	2.284369707107544	1000
TGAGTCA	4	+-+-	42	3	1.1981177391750344	0.9101505905096257	2.289832830429077	1000
TGAGTCA	4	+-+-	42	4	1.0930533657802937	0.7915134323001175	2.4622998237609863	1000
TGAGTCA	4	++--	42	0	1.1366337695089295	0.852838833962127	2.303342342376709	1000
TGAGTCA	4	++--	42	1	1.190893607925542	0.8991753456621646	2.507230758666992	1000
TGAGTCA	4	++--	42	2	1.0139016183910525	0.7564790184755057	2.2851309776306152	1000
TGAGTCA	4	++--	42	3	1.2077341490980285	0.919767086423945	2.2964985370635986	1000
TGAGTCA	4	++--	42	4	1.090470530329636	0.7889305108581345	2.460509777069092	1000
TGAGTCA	4	+--+	42	0	1.1386308320507483	0.854835896503946	2.3047266006469727	1000
TGAGTCA	4	+--+	42	1	1.1853559385504107	0.8936376762870331	2.503392219543457	1000
TGAGTCA	4	+--+	42	2	1.0184017164335286	0.7609792025093074	2.288250207901001	1000
TGAGTCA	4	+--+	42	3	1.2009574307147557	0.9129903680406724	2.2918012142181396	1000
TGAGTCA	4	+--+	42	4	1.098743067818788	0.7972031343386119	2.4662437438964844	1000
TGAGTCA	2	++	43	0	0.5969994633347605	0.3132045062901267	1.9292963743209839	1000
TGAGTCA	2	++	43	1	0.5973996669633183	0.3056814476956035	2.0958523750305176	1000
TGAGTCA	2	++	43	2	0.5281424254435161	0.27071989002146335	1.9484286308288574	1000
TGAGTCA	2	++	43	3	0.6175630419374621	0.3295959147698847	1.887423038482666	1000
TGAGTCA	2	++	43	4	0.622998424630993	0.32145840515949137	2.1364827156066895	1000
TGAGTCA	2	+-	43	0	0.5941128205313537	0.31031786348671986	1.927295446395874	1000
TGAGTCA	2	+-	43	1	0.5990419292964072	0.3073236670330297	2.0969905853271484	1000
TGAGTCA	2	+-	43	2	0.5316048231663488	0.2741822662464648	1.9508283138275146	1000
TGAGTCA	2	+-	43	3	0.6197276155812214	0.3317604669158126	1.8889234066009521	1000
TGAGTCA	2	+-	43	4	0.6196298434442059	0.31808988846619835	2.134147882461548	1000
TGAGTCA	2	-+	43	0	0.600133116220469	0.31633813767800384	1.9314684867858887	1000
TGAGTCA	2	-+	43	1	0.5949882982155709	0.30327007894785607	2.0941805839538574	1000
TGAGTCA	2	-+	43	2	0.5320035649423743	0.27458098652465884	1.951104760169983	1000
TGAGTCA	2	-+	43	3	0.6131456675500508	0.3251785188846421	1.8843611478805542	1000
TGAGTCA	2	-+	43	4	0.625669831146845	0.32412985467100613	2.1383345127105713	1000
TGAGTCA	4	++++	43	0	1.1501590011207332	0.8663640655739309	2.3127171993255615	1000
TGAGTCA	4	++++	43	1	1.1645514552495129	0.8728332789774609	2.488971710205078	1000
TGAGTCA	4	++++	43	2	1.0260359403140034	0.768613426389782	2.29354190826416	1000
TGAGTCA	4	++++	43	3	1.183740075554229	0.8957729268888203	2.279867172241211	1000
TGAGTCA	4	++++	43	4	1.1316270105770114	0.8300871630881607	2.489037036895752	1000
TGAGTCA	4	+-+-	43	0	1.1444773822668295	0.8606825327113525	2.308779239654541	1000
TGAGTCA	4	+-+-	43	1	1.1540300726176789	0.8623119823369523	2.4816789627075195	1000
TGAGTCA	4	+-+-	43	2	1.028905212869673	0.7714827849367771	2.2955307960510254	1000
TGAGTCA	4	+-+-	43	3	1.1829492133342363	0.8949820646688277	2.2793190479278564	1000
TGAGTCA	4	+-+-	43	4	1.1246142460054296	0.8230743125252533	2.4841761589050293	1000
TGAGTCA	4	++--	43	0	1.1464854516983036	0.8626905161515013	2.310171127319336	1000
TGAGTCA	4	++--	43	1	1.159511245692002	0.8677929834286245	2.485478162765503	1000
TGAGTCA	4	++--	43	2	1.0301968025776527	0.772774202662106	2.2964260578155518	1000
TGAGTCA	4	++--	43	3	1.1815578736887562	0.8935908970059984	2.2783544063568115	1000
TGAGTCA	4	++--	43	4	1.1276474180273715	0.8261073985558698	2.486278533935547	1000
TGAGTCA	4	+--+	43	0	1.148369779612482	0.8645747580743542	2.311476945877075	1000
TGAGTCA	4	+--+	43	1	1.1609191816632904	0.8692008334085874	2.4864540100097656	1000
TGAGTCA	4	+--+	43	2	1.0328430136351534	0.7754204137196066	2.29826021194458	1000
TGAGTCA	4	+--+	43	3	1.181034186516879	0.8930669518601448	2.277991533279419	1000
TGAGTCA	4	+--+	43	4	1.1302702394443547	0.828730219972853	2.4880967140197754	1000
TGAGTCA	2	++	44	0	0.5688085831532815	0.2850136046108163	1.909755825996399	1000
TGAGTCA	2	++	44	1	0.5843133350765163	0.29259511580880154	2.0867812633514404	1000
TGAGTCA	2	++	44	2	0.5025900600959116	0.24516750317602748	1.9307169914245605	1000
TGAGTCA	2	++	44	3	0.5802119358144028	0.2922448301446567	1.8615331649780273	1000
TGAGTCA	2	++	44	4	0.5930918885201694	0.29155199803565585	2.115753173828125	1000
TGAGTCA	2	+-	44	0	0.5703274049387137	0.28653240489841714	1.9108086824417114	1000
TGAGTCA	2	+-	44	1	0.584889734930883	0.2931714941653369	2.0871808528900146	1000
TGAGTCA	2	+-	44	2	0.5070795382096971	0.24965700278764433	1.9338288307189941	1000
TGAGTCA	2	+-	44	3	0.5795479537950842	0.29158082662750673	1.8610730171203613	1000
TGAGTCA	2	+-	44	4	0.5943981827447978	0.29285822776679027	2.1166586875915527	1000
TGAGTCA	2	-+	44	0	0.5654834275858373	0.2816884920390348	1.9074511528015137	1000
TGAGTCA	2	-+	44	1	0.582517621223195	0.29079933746198616	2.0855369567871094	1000
TGAGTCA	2	-+	44	2	0.4974950310684382	0.24007253864204814	1.9271854162216187	1000
TGAGTCA	2	-+	44	3	0.5782096707973952	0.2902425651276492	1.8601454496383667	1000
TGAGTCA	2	-+	44	4	0.5960033398209631	0.2944633848429556	2.1177711486816406	1000
TGAGTCA	4	++++	44	0	1.1710106076679674	0.8872155861298395	2.3271703720092773	1000
TGAGTCA	4	++++	44	1	1.2071433027009892	0.9154250404376116	2.518494129180908	1000
TGAGTCA	4	++++	44	2	1.0407758853888511	0.7833534574559553	2.3037593364715576	1000
TGAGTCA	4	++++	44	3	1.2010897713645945	0.9131227086905113	2.2918930053710938	1000
TGAGTCA	4	++++	44	4	1.1182273263003373	0.8166873068288357	2.4797492027282715	1000
TGAGTCA	4	+-+-	44	0	1.1686062902089054	0.8848113546621029	2.3255038261413574	1000
TGAGTCA	4	+-+-	44	1	1.205475500944247	0.9137573246721951	2.517338275909424	1000
TGAGTCA	4	+-+-	44	2	1.0441965343231872	0.7867739344076403	2.3061299324035645	1000
TGAGTCA	4	+-+-	44	3	1.2014137866788202	0.9134466380134114	2.2921175956726074	1000
TGAGTCA	4	+-+-	44	4	1.1209202306475472	0.819380297167371	2.4816157817840576	1000
TGAGTCA	4	++--	44	0	1.167782579302598	0.8839876437557954	2.3249330520629883	1000
TGAGTCA	4	++--	44	1	1.2091038189294998	0.9173855566661223	2.519853115081787	1000
TGAGTCA	4	++--	44	2	1.0488294029721295	0.791406889047908	2.3093411922454834	1000
TGAGTCA	4	++--	44	3	1.204392526191764	0.9164255495090061	2.294182300567627	1000
TGAGTCA	4	++--	44	4	1.1168395122991999	0.8152995788190237	2.478787422180176	1000
TGAGTCA	4	+--+	44	0	1.1685398189143468	0.8847448833675444	2.32545804977417	1000
TGAGTCA	4	+--+	44	1	1.206193872476901	0.9144756102135235	2.517835855484009	1000
TGAGTCA	4	+--+	44	2	1.040071788416219	0.782649360483323	2.3032710552215576	1000
TGAGTCA	4	+--+	44	3	1.1984507835784302	0.9104836349130214	2.2900638580322266	1000
TGAGTCA	4	+--+	44	4	1.1217827236416242	0.820242790161448	2.4822137355804443	1000
TGAGTCA	2	++	45	0	0.6100045334190298	0.3262095548765646	1.9383107423782349	1000
TGAGTCA	2	++	45	1	0.6034886697214533	0.3117703859602444	2.1000728607177734	1000
TGAGTCA	2	++	45	2	0.5608321997889153	0.30340966436686256	1.9710874557495117	1000
TGAGTCA	2	++	45	3	0.6320751099999168	0.3441080043301707	1.89748215675354	1000
TGAGTCA	2	++	45	4	0.6314137507160238	0.329873838733679	2.1423158645629883	1000
TGAGTCA	2	+-	45	0	0.6134622876102893	0.32966733056565545	1.9407075643539429	1000
TGAGTCA	2	+-	45	1	0.6041493840704055	0.3124311433048593	2.1005308628082275	1000
TGAGTCA	2	+-	45	2	0.5592634170434074	0.30184088162135475	1.9700000286102295	1000
TGAGTCA	2	+-	45	3	0.6285865279184901	0.34061937925308133	1.8950639963150024	1000
TGAGTCA	2	+-	45	4	0.6322712992088885	0.33073132273304956	2.1429102420806885	1000
TGAGTCA	2	-+	45	0	0.6041636156347644	0.3203686370922992	1.9342621564865112	1000
TGAGTCA	2	-+	45	1	0.6029505360069035	0.3112322737435261	2.0996997356414795	1000
TGAGTCA	2	-+	45	2	0.5582416251189688	0.30081908969691606	1.9692918062210083	1000
TGAGTCA	2	-+	45	3	0.6324692512400316	0.3445021455702855	1.8977552652359009	1000
TGAGTCA	2	-+	45	4	0.6377944790456849	0.3362544810720146	2.1467385292053223	1000
TGAGTCA	4	++++	45	0	1.0480612424620506	0.7642663069152482	2.2419486045837402	1000
TGAGTCA	4	++++	45	1	1.0617507175054286	0.770032455242051	2.4177157878875732	1000
TGAGTCA	4	++++	45	2	0.9814126337905356	0.7239901198663142	2.2626116275787354	1000
TGAGTCA	4	++++	45	3	1.1229302778795063	0.8349632152054229	2.2377171516418457	1000
TGAGTCA	4	++++	45	4	1.0912503856599736	0.7897104521797973	2.461050271987915	1000
TGAGTCA	4	+-+-	45	0	1.052009620160559	0.7682146846137565	2.244685649871826	1000
TGAGTCA	4	+-+-	45	1	1.0624279851845262	0.7707098089124742	2.418184995651245	1000
TGAGTCA	4	+-+-	45	2	0.9783906406408998	0.7209680837210156	2.260516881942749	1000
TGAGTCA	4	+-+-	45	3	1.127497019199192	0.8395299565251085	2.240882396697998	1000
TGAGTCA	4	+-+-	45	4	1.0928129340343875	0.791272914562886	2.4621334075927734	1000
TGAGTCA	4	++--	45	0	1.0597615661655493	0.7759665446274214	2.250058650970459	1000
TGAGTCA	4	++--	45	1	1.0676835170209173	0.7759652547575399	2.421828031539917	1000
TGAGTCA	4	++--	45	2	0.9802305970311554	0.7228080831069341	2.2617921829223633	1000
TGAGTCA	4	++--	45	3	1.1282564085940767	0.8402891739373424	2.241408586502075	1000
TGAGTCA	4	++--	45	4	1.0899464132011316	0.7884063937296301	2.460146427154541	1000
TGAGTCA	4	+--+	45	0	1.047956848992977	0.7641618274548491	2.2418761253356934	1000
TGAGTCA	4	+--+	45	1	1.0626176820484279	0.7708995057763759	2.418316602706909	1000
TGAGTCA	4	+--+	45	2	0.9778562905446689	0.7204337766204476	2.260146379470825	1000
TGAGTCA	4	+--+	45	3	1.1226460765489554	0.8346789278835467	2.2375199794769287	1000
TGAGTCA	4	+--+	45	4	1.0975605151114554	0.7960205816312792	2.465424060821533	1000
TGAGTCA	2	++	46	0	0.5438777631058952	0.2600828060612614	1.8924752473831177	1000
TGAGTCA	2	++	46	1	0.5572359995637113	0.2655177373003338	2.0680127143859863	1000
TGAGTCA	2	++	46	2	0.4862229011699252	0.22880040874353522	1.9193720817565918	1000
TGAGTCA	2	++	46	3	0.5702752511998396	0.2823081025344308	1.8546457290649414	1000
TGAGTCA	2	++	46	4	0.5781410067240382	0.27660105174603067	2.1053898334503174	1000
TGAGTCA	2	+-	46	0	0.5439616046481908	0.26016660460789426	1.892533302307129	1000
TGAGTCA	2	+-	46	1	0.5599062022010072	0.26818793993762974	2.0698635578155518	1000
TGAGTCA	2	+-	46	2	0.4846499048494713	0.22722732643175583	1.9182817935943604	1000
TGAGTCA	2	+-	46	3	0.5696247698186137	0.28165764265103627	1.8541948795318604	1000
TGAGTCA	2	+-	46	4	0.5799856066458673	0.27844565166785973	2.106668472290039	1000
TGAGTCA	2	-+	46	0	0.541044262941605	0.2572492843991398	1.890511155128479	1000
TGAGTCA	2	-+	46	1	0.5510967348758615	0.25937849411031544	2.0637574195861816	1000
TGAGTCA	2	-+	46	2	0.4819784123422938	0.22455587692024112	1.916429877281189	1000
TGAGTCA	2	-+	46	3	0.5674016360822356	0.2794345304124895	1.8526538610458374	1000
TGAGTCA	2	-+	46	4	0.5768387110960423	0.27529873462020343	2.104487419128418	1000
TGAGTCA	4	++++	46	0	1.1245330701942222	0.8407381346474198	2.294954538345337	1000
TGAGTCA	4	++++	46	1	1.1642578808644901	0.872539704592438	2.4887683391571045	1000
TGAGTCA	4	++++	46	2	1.007290175335259	0.7498675754197122	2.280548334121704	1000
TGAGTCA	4	++++	46	3	1.1780427202877712	0.8900755716223626	2.2759180068969727	1000
TGAGTCA	4	++++	46	4	1.0949433691219506	0.7934034356417744	2.4636101722717285	1000
TGAGTCA	4	+-+-	46	0	1.1163396447244671	0.8325445371950139	2.2892754077911377	1000
TGAGTCA	4	+-+-	46	1	1.1603365904334926	0.8686184141614406	2.4860503673553467	1000
TGAGTCA	4	+-+-	46	2	1.0013231512722485	0.7439007233393524	2.2764124870300293	1000
TGAGTCA	4	+-+-	46	3	1.1772792033092658	0.8893121406351826	2.2753889560699463	1000
TGAGTCA	4	+-+-	46	4	1.0912237283490898	0.7896837088775881	2.461031675338745	1000
TGAGTCA	4	++--	46	0	1.1212595524176996	0.8374644448882462	2.2926857471466064	1000
TGAGTCA	4	++--	46	1	1.1678281547050766	0.8761100644243499	2.4912431240081787	1000
TGAGTCA	4	++--	46	2	1.0056653692412325	0.7482429413083366	2.2794220447540283	1000
TGAGTCA	4	++--	46	3	1.1794442069096525	0.891477144235569	2.2768895626068115	1000
TGAGTCA	4	++--	46	4	1.0921465872536196	0.7906065677821179	2.4616713523864746	1000
TGAGTCA	4	+--+	46	0	1.121771716751969	0.837976867196492	2.2930407524108887	1000
TGAGTCA	4	+--+	46	1	1.1604875052096246	0.8687693289375726	2.486154794692993	1000
TGAGTCA	4	+--+	46	2	1.0021474641178338	0.7447249501936124	2.2769839763641357	1000
TGAGTCA	4	+--+	46	3	1.1758314533543028	0.8878642186975686	2.2743852138519287	1000
TGAGTCA	4	+--+	46	4	1.09480672890584	0.7932667094343384	2.463515043258667	1000
TGAGTCA	2	++	47	0	0.6003346368916175	0.31653970134481507	1.9316082000732422	1000
TGAGTCA	2	++	47	1	0.5975679519871875	0.3058497112216414	2.095968723297119	1000
TGAGTCA	2	++	47	2	0.5313736354879265	0.2739510570702111	1.950668215751648	1000
TGAGTCA	2	++	47	3	0.6202581390634705	0.3322910333937244	1.8892911672592163	1000
TGAGTCA	2	++	47	4	0.6435228341849606	0.341982879206953	2.1507091522216797	1000
TGAGTCA	2	+-	47	0	0.5995270923544912	0.3157320923141947	1.9310485124588013	1000
TGAGTCA	2	+-	47	1	0.5974541854636418	0.3057359017024329	2.0958895683288574	1000
TGAGTCA	2	+-	47	2	0.5345387182030802	0.2771161827810275	1.952862024307251	1000
TGAGTCA	2	+-	47	3	0.6245619189099868	0.33659474874674666	1.8922743797302246	1000
TGAGTCA	2	+-	47	4	0.641081841425602	0.3395418864475945	2.149017095565796	1000
TGAGTCA	2	-+	47	0	0.5968903403427881	0.3130954047959856	1.9292206764221191	1000
TGAGTCA	2	-+	47	1	0.5918131545153417	0.3000949137497955	2.09197998046875	1000
TGAGTCA	2	-+	47	2	0.5265275943432397	0.2691050159255243	1.947309136390686	1000
TGAGTCA	2	-+	47	3	0.6159397836872935	0.3279726780175474	1.8862979412078857	1000
TGAGTCA	2	-+	47	4	0.6437892783068098	0.3422493018309709	2.1508936882019043	1000
TGAGTCA	4	++++	47	0	1.0998131438724565	0.816018208325654	2.277820348739624	1000
TGAGTCA	4	++++	47	1	1.1363701201051568	0.8446517718504538	2.469438076019287	1000
TGAGTCA	4	++++	47	2	0.9887948170961708	0.7313723031719495	2.267728567123413	1000
TGAGTCA	4	++++	47	3	1.1278432202753788	0.8398762435926208	2.2411224842071533	1000
TGAGTCA	4	++++	47	4	1.1322094298241583	0.8306694103526566	2.48944091796875	1000
TGAGTCA	4	+-+-	47	0	1.0965589741441557	0.8127640385973534	2.275564432144165	1000
TGAGTCA	4	+-+-	47	1	1.135803093305262	0.8440847450505592	2.4690449237823486	1000
TGAGTCA	4	+-+-	47	2	0.9862437124445973	0.728821198520376	2.265960216522217	1000
TGAGTCA	4	+-+-	47	3	1.128213842887988	0.8402466942225792	2.241379499435425	1000
TGAGTCA	4	+-+-	47	4	1.1267883646863117	0.82524834521481	2.4856834411621094	1000
TGAGTCA	4	++--	47	0	1.103580337848281	0.8197854023014783	2.2804315090179443	1000
TGAGTCA	4	++--	47	1	1.1430365976092265	0.8513183353458489	2.4740586280822754	1000
TGAGTCA	4	++--	47	2	0.9884845603940142	0.7310620464697929	2.2675135135650635	1000
TGAGTCA	4	++--	47	3	1.140124501373492	0.8521574386994085	2.2496352195739746	1000
TGAGTCA	4	++--	47	4	1.1260296632220304	0.8244897297418542	2.4851574897766113	1000
TGAGTCA	4	+--+	47	0	1.0927380355899368	0.8089431000431343	2.272916078567505	1000
TGAGTCA	4	+--+	47	1	1.1297253124150959	0.8380071361430438	2.464832067489624	1000
TGAGTCA	4	+--+	47	2	0.9876322143763382	0.730209528469466	2.26692271232605	1000
TGAGTCA	4	+--+	47	3	1.1251709538462724	0.8372038051808637	2.239269971847534	1000
TGAGTCA	4	+--+	47	4	1.1304356867544847	0.8288957532743085	2.4882113933563232	1000
TGAGTCA	2	++	48	0	0.5769661072446689	0.29317115020003515	1.9154102802276611	1000
TGAGTCA	2	++	48	1	0.5904793000709124	0.29876103780753493	2.091055154800415	1000
TGAGTCA	2	++	48	2	0.5212421375255984	0.26381960210354577	1.9436454772949219	1000
TGAGTCA	2	++	48	3	0.5933964267991847	0.30542934262726995	1.8706721067428589	1000
TGAGTCA	2	++	48	4	0.6110820907180107	0.30954213574000317	2.128222942352295	1000
TGAGTCA	2	+-	48	0	0.5805609746043288	0.296766017559695	1.9179021120071411	1000
TGAGTCA	2	+-	48	1	0.5883673101226544	0.29664911235277097	2.0895912647247314	1000
TGAGTCA	2	+-	48	2	0.5247514435164541	0.26732886509873865	1.9460780620574951	1000
TGAGTCA	2	+-	48	3	0.5968960587659292	0.3089289530961832	1.8730978965759277	1000
TGAGTCA	2	+-	48	4	0.6092610524193499	0.30772109744134235	2.1269607543945312	1000
TGAGTCA	2	-+	48	0	0.5689400638898661	0.2851451068452323	1.9098470211029053	1000
TGAGTCA	2	-+	48	1	0.5884848602645192	0.29676661949897304	2.089672803878784	1000
TGAGTCA	2	-+	48	2	0.5144637853071425	0.2570412283872585	1.938947319984436	1000
TGAGTCA	2	-+	48	3	0.5895131015383651	0.30154599586861913	1.8679804801940918	1000
TGAGTCA	2	-+	48	4	0.6085549346505699	0.3070150011703937	2.1264712810516357	1000
TGAGTCA	4	++++	48	0	1.1411175291995737	0.8573225076614458	2.306450128555298	1000
TGAGTCA	4	++++	48	1	1.1907211093267267	0.8990029330546747	2.5071113109588623	1000
TGAGTCA	4	++++	48	2	1.0316799809586936	0.7742573810431468	2.2974541187286377	1000
TGAGTCA	4	++++	48	3	1.1701618732859593	0.8821948106118761	2.2704555988311768	1000
TGAGTCA	4	++++	48	4	1.0870493654473476	0.7855095179584969	2.4581384658813477	1000
TGAGTCA	4	+-+-	48	0	1.1404407774684286	0.8566457559303007	2.305981159210205	1000
TGAGTCA	4	+-+-	48	1	1.1856200179108103	0.8939017556474329	2.503575086593628	1000
TGAGTCA	4	+-+-	48	2	1.029106690545159	0.771684090629612	2.295670509338379	1000
TGAGTCA	4	+-+-	48	3	1.1686187589510928	0.8806516962770096	2.269385814666748	1000
TGAGTCA	4	+-+-	48	4	1.0815305281724856	0.7799905946923094	2.454313039779663	1000
TGAGTCA	4	++--	48	0	1.1449032113103659	0.8611082757635634	2.3090741634368896	1000
TGAGTCA	4	++--	48	1	1.18803680411206	0.8963186278400079	2.5052504539489746	1000
TGAGTCA	4	++--	48	2	1.034334103218134	0.7769115033025871	2.2992939949035645	1000
TGAGTCA	4	++--	48	3	1.1774668363813572	0.8894996877159485	2.2755188941955566	1000
TGAGTCA	4	++--	48	4	1.0881249449458437	0.786584925474342	2.458883762359619	1000
TGAGTCA	4	+--+	48	0	1.1355395298928148	0.8517445943460124	2.302583932876587	1000
TGAGTCA	4	+--+	48	1	1.187099928621485	0.895381580366782	2.504601001739502	1000
TGAGTCA	4	+--+	48	2	1.0273652802138475	0.7699426802983006	2.2944633960723877	1000
TGAGTCA	4	+--+	48	3	1.170022825312737	0.8820556766473281	2.2703588008880615	1000
TGAGTCA	4	+--+	48	4	1.0824892454597204	0.7809492259882187	2.454977512359619	1000
TGAGTCA	2	++	49	0	0.6293831515572866	0.3455881945126528	1.9517428874969482	1000
TGAGTCA	2	++	49	1	0.6221585473555045	0.3304403065899584	2.113013744354248	1000
TGAGTCA	2	++	49	2	0.5785824431931403	0.32115984327759356	1.9833909273147583	1000
TGAGTCA	2	++	49	3	0.6586540397905214	0.3706868911251126	1.9159051179885864	1000
TGAGTCA	2	++	49	4	0.6553398911127323	0.3537999146368934	2.158900260925293	1000
TGAGTCA	2	+-	49	0	0.6323931919126875	0.34859825636588504	1.9538296461105347	1000
TGAGTCA	2	+-	49	1	0.6240993715704912	0.3323811523027765	2.114358901977539	1000
TGAGTCA	2	+-	49	2	0.5747860981579948	0.31736356273594196	1.9807595014572144	1000
TGAGTCA	2	+-	49	3	0.6602403647664172	0.37227325909667114	1.9170047044754028	1000
TGAGTCA	2	+-	49	4	0.6522504377682955	0.35071050428811934	2.1567587852478027	1000
TGAGTCA	2	-+	49	0	0.6205895926273458	0.3367946140848806	1.9456477165222168	1000
TGAGTCA	2	-+	49	1	0.6187326529503173	0.3270143906869398	2.1106390953063965	1000
TGAGTCA	2	-+	49	2	0.5728735650890748	0.3154510296670221	1.9794337749481201	1000
TGAGTCA	2	-+	49	3	0.6551404772290569	0.36717341455497354	1.913469672203064	1000
TGAGTCA	2	-+	49	4	0.653317031173284	0.35177707619527643	2.1574981212615967	1000
TGAGTCA	4	++++	49	0	1.000476136716749	0.7166812011699466	2.2089650630950928	1000
TGAGTCA	4	++++	49	1	1.04639774027158	0.7546795639995281	2.407073974609375	1000
TGAGTCA	4	++++	49	2	0.9465820194071961	0.6891595054829748	2.238468647003174	1000
TGAGTCA	4	++++	49	3	1.0572574987689867	0.7692905220862288	2.1921963691711426	1000
TGAGTCA	4	++++	49	4	1.013296755407968	0.7117568219277918	2.4070169925689697	1000
TGAGTCA	4	+-+-	49	0	0.9983478514123217	0.7145529158655193	2.2074899673461914	1000
TGAGTCA	4	+-+-	49	1	1.0430321257855204	0.7513138635221429	2.404741048812866	1000
TGAGTCA	4	+-+-	49	2	0.937252218571865	0.6798297046476437	2.232001781463623	1000
TGAGTCA	4	+-+-	49	3	1.0557345923955965	0.7677675297215133	2.191140651702881	1000
TGAGTCA	4	+-+-	49	4	1.0069241962542228	0.7053841767827213	2.402599573135376	1000
TGAGTCA	4	++--	49	0	1.010606602783172	0.7268117532276949	2.215986728668213	1000
TGAGTCA	4	++--	49	1	1.049108186849178	0.757390010577126	2.4089527130126953	1000
TGAGTCA	4	++--	49	2	0.9432204465134316	0.6857978465978849	2.2361385822296143	1000
TGAGTCA	4	++--	49	3	1.0621558226395358	0.774188673974127	2.1955912113189697	1000
TGAGTCA	4	++--	49	4	1.0080008936399496	0.7064609171641106	2.403346300125122	1000
TGAGTCA	4	+--+	49	0	0.9952456283560585	0.7114507358049187	2.2053396701812744	1000
TGAGTCA	4	+--+	49	1	1.045320956894528	0.7536026946311506	2.406327724456787	1000
TGAGTCA	4	+--+	49	2	0.9387053859803304	0.6812827860647835	2.233009099960327	1000
TGAGTCA	4	+--+	49	3	1.0558007197248533	0.7678337430420955	2.1911864280700684	1000
TGAGTCA	4	+--+	49	4	1.008862096764145	0.7073222062796315	2.4039430618286133	1000
TGAGTCA	2	++	50	0	0.5952132515228994	0.3114182299847715	1.9280582666397095	1000
TGAGTCA	2	++	50	1	0.5983156895574763	0.3065974487919302	2.096487045288086	1000
TGAGTCA	2	++	50	2	0.5267666072322763	0.2693440503123922	1.9474748373031616	1000
TGAGTCA	2	++	50	3	0.5962246814926235	0.30825755432504615	1.872632622718811	1000
TGAGTCA	2	++	50	4	0.6104832471277064	0.30894331364753025	2.127807855606079	1000
TGAGTCA	2	+-	50	0	0.5937697581385452	0.3099747580982486	1.9270576238632202	1000
TGAGTCA	2	+-	50	1	0.6029565553996837	0.3112382716384749	2.099703788757324	1000
TGAGTCA	2	+-	50	2	0.5249198575273115	0.26749727910959603	1.9461947679519653	1000
TGAGTCA	2	+-	50	3	0.5978701685004162	0.30990306283067015	1.8737729787826538	1000
TGAGTCA	2	+-	50	4	0.609044010313961	0.3075040338381221	2.126810312271118	1000
TGAGTCA	2	-+	50	0	0.5919975199170666	0.3082024983789387	1.9258291721343994	1000
TGAGTCA	2	-+	50	1	0.5934531810739694	0.30173494030842324	2.0931167602539062	1000
TGAGTCA	2	-+	50	2	0.5238592835151032	0.26643672659521916	1.9454597234725952	1000
TGAGTCA	2	-+	50	3	0.5937860964903771	0.3058189478249683	1.8709421157836914	1000
TGAGTCA	2	-+	50	4	0.6037244149401235	0.3021844169664532	2.1231229305267334	1000
TGAGTCA	4	++++	50	0	1.1320748533998581	0.8482800038443811	2.300182580947876	1000
TGAGTCA	4	++++	50	1	1.1712538771276129	0.8795355288729099	2.493617534637451	1000
TGAGTCA	4	++++	50	2	1.0138078018550067	0.75638520193946	2.2850661277770996	1000
TGAGTCA	4	++++	50	3	1.1541073788192417	0.8661402301538329	2.2593271732330322	1000
TGAGTCA	4	++++	50	4	1.0652210694258637	0.763681049954362	2.4430079460144043	1000
TGAGTCA	4	+-+-	50	0	1.1306694111770073	0.8468744756302048	2.299207925796509	1000
TGAGTCA	4	+-+-	50	1	1.175295899379516	0.8835776371161385	2.4964194297790527	1000
TGAGTCA	4	+-+-	50	2	1.0113376150406643	0.7539150151251175	2.2833540439605713	1000
TGAGTCA	4	+-+-	50	3	1.158491474563711	0.8705243258983022	2.26236629486084	1000
TGAGTCA	4	+-+-	50	4	1.0586725720202859	0.7571325525487843	2.4384689331054688	1000
TGAGTCA	4	++--	50	0	1.1362093163266	0.8524143807797976	2.3030481338500977	1000
TGAGTCA	4	++--	50	1	1.1807983123112207	0.8890801360391687	2.5002331733703613	1000
TGAGTCA	4	++--	50	2	1.0117588865439526	0.7543362866284059	2.2836461067199707	1000
TGAGTCA	4	++--	50	3	1.1605987779847329	0.8726316293193241	2.263826608657837	1000
TGAGTCA	4	++--	50	4	1.053557636000975	0.752017702520799	2.4349236488342285	1000
TGAGTCA	4	+--+	50	0	1.126735050064544	0.8429400285264164	2.296480894088745	1000
TGAGTCA	4	+--+	50	1	1.171400836302775	0.8796825740393976	2.4937195777893066	1000
TGAGTCA	4	+--+	50	2	1.0080732983359628	0.7506507844117414	2.2810912132263184	1000
TGAGTCA	4	+--+	50	3	1.1526480200353453	0.8646808713699365	2.2583158016204834	1000
TGAGTCA	4	+--+	50	4	1.0578133466965753	0.7562733272250738	2.437873601913452	1000
