motif_seq	motif_counts	orientation_pattern	spacing	model_fold	log2_fc_vs_baseline	log2_fc_vs_single	mean_prediction	n_sequences
TGATGCAA	2	++	7	0	0.5087204676772418	0.25148640374270337	1.8546873331069946	1000
TGATGCAA	2	++	7	1	0.5631190960931007	0.29698510195906286	2.075542449951172	1000
TGATGCAA	2	++	7	2	0.4939229084143549	0.27718839399655854	1.9063202142715454	1000
TGATGCAA	2	++	7	3	0.6156674491596522	0.33630917155498896	1.8691216707229614	1000
TGATGCAA	2	++	7	4	0.7597889105826858	0.4040535031929824	2.2170250415802	1000
TGATGCAA	2	+-	7	0	0.4248511071878455	0.16761703250439142	1.7965537309646606	1000
TGATGCAA	2	+-	7	1	0.5381457533352886	0.27201178069908205	2.058232069015503	1000
TGATGCAA	2	+-	7	2	0.3074693793339732	0.09073486491617688	1.7770804166793823	1000
TGATGCAA	2	+-	7	3	0.3972090666409325	0.1178507675384379	1.7176977396011353	1000
TGATGCAA	2	+-	7	4	0.640665643410514	0.28493015002948513	2.1344552040100098	1000
TGATGCAA	2	-+	7	0	0.598193538879701	0.3409594534473312	1.9167054891586304	1000
TGATGCAA	2	-+	7	1	0.6949364027254565	0.4288024515870813	2.1669111251831055	1000
TGATGCAA	2	-+	7	2	0.4616199230507461	0.24488538713511843	1.8839294910430908	1000
TGATGCAA	2	-+	7	3	0.6076193920255389	0.32826115741653844	1.8635432720184326	1000
TGATGCAA	2	-+	7	4	0.8782646630743592	0.5225290837020049	2.2991461753845215	1000
TGATGCAA	4	++++	7	0	1.0796311517763566	0.8223970448461555	2.250412702560425	1000
TGATGCAA	4	++++	7	1	1.2104807980236327	0.9443467608939322	2.524259328842163	1000
TGATGCAA	4	++++	7	2	1.0735368605517077	0.8568022601425859	2.3080780506134033	1000
TGATGCAA	4	++++	7	3	1.4213198331611776	1.1419616200500085	2.4275574684143066	1000
TGATGCAA	4	++++	7	4	1.6299456235647687	1.2742100011967517	2.82017183303833	1000
TGATGCAA	4	+-+-	7	0	0.9955249281810596	0.7382909072421839	2.19211483001709	1000
TGATGCAA	4	+-+-	7	1	1.2871113657425508	1.0209774146041755	2.577375650405884	1000
TGATGCAA	4	+-+-	7	2	0.6736284402141579	0.45689392579636157	2.0308825969696045	1000
TGATGCAA	4	+-+-	7	3	0.9204990445860172	0.6411407454835225	2.0804150104522705	1000
TGATGCAA	4	+-+-	7	4	1.4180185401865406	1.0622830898011744	2.6732754707336426	1000
TGATGCAA	4	++--	7	0	1.007914472357891	0.7506803654276898	2.20070219039917	1000
TGATGCAA	4	++--	7	1	1.1463782205154907	0.8802442693771155	2.4798266887664795	1000
TGATGCAA	4	++--	7	2	0.9154553953754889	0.6987209239533553	2.1985044479370117	1000
TGATGCAA	4	++--	7	3	1.186795605320783	0.9074373062182886	2.2649974822998047	1000
TGATGCAA	4	++--	7	4	1.4972567088578403	1.141521000498498	2.728198766708374	1000
TGATGCAA	4	+--+	7	0	1.0361497240632926	0.7789157031244168	2.220273494720459	1000
TGATGCAA	4	+--+	7	1	1.2796629691163335	1.0135289319866327	2.5722126960754395	1000
TGATGCAA	4	+--+	7	2	0.864696693773816	0.6479621793560195	2.163321018218994	1000
TGATGCAA	4	+--+	7	3	1.0729984688631817	0.7936400837693616	2.186119556427002	1000
TGATGCAA	4	+--+	7	4	1.5567472276177945	1.2010116052497775	2.7694344520568848	1000
TGATGCAA	2	++	5	0	0.5496427505498047	0.29240868661526626	1.8830525875091553	1000
TGATGCAA	2	++	5	1	0.6087639365670309	0.34262992093516165	2.1071810722351074	1000
TGATGCAA	2	++	5	2	0.40434552973414745	0.18761101531635108	1.8442299365997314	1000
TGATGCAA	2	++	5	3	0.561894063671005	0.2825357215728477	1.8318488597869873	1000
TGATGCAA	2	++	5	4	0.7672440145322869	0.4115084351599326	2.2221925258636475	1000
TGATGCAA	2	+-	5	0	1.2373512814031127	0.9801171744729115	2.3597357273101807	1000
TGATGCAA	2	+-	5	1	1.0127417673936336	0.746607730263933	2.3871970176696777	1000
TGATGCAA	2	+-	5	2	0.9400311142445064	0.7232965998267099	2.21553897857666	1000
TGATGCAA	2	+-	5	3	1.333467913421414	1.0541095283275939	2.3666629791259766	1000
TGATGCAA	2	+-	5	4	0.9562140797514186	0.6004785863703896	2.3531768321990967	1000
TGATGCAA	2	-+	5	0	0.6557087509031704	0.39847468696863186	1.9565720558166504	1000
TGATGCAA	2	-+	5	1	0.5515696011744089	0.28543558554253956	2.0675368309020996	1000
TGATGCAA	2	-+	5	2	0.4758447800862599	0.2591102871662949	1.8937894105911255	1000
TGATGCAA	2	-+	5	3	0.6437268486045467	0.3643685065063893	1.88857102394104	1000
TGATGCAA	2	-+	5	4	0.7332109696923237	0.3774754763112948	2.1986026763916016	1000
TGATGCAA	4	++++	5	0	1.1404658869354545	0.8832319519879043	2.2925801277160645	1000
TGATGCAA	4	++++	5	1	1.2959912599632248	1.029857222833524	2.5835306644439697	1000
TGATGCAA	4	++++	5	2	0.7857835723126468	0.5690490148991877	2.1086225509643555	1000
TGATGCAA	4	++++	5	3	1.2194135769094472	0.9400552778069525	2.287606716156006	1000
TGATGCAA	4	++++	5	4	1.5761857387142144	1.2204501163461972	2.7829082012176514	1000
TGATGCAA	4	+-+-	5	0	2.607644463992573	2.3504105290450226	3.3095507621765137	1000
TGATGCAA	4	+-+-	5	1	2.0622441384785892	1.7961102733315395	3.114656686782837	1000
TGATGCAA	4	+-+-	5	2	2.055764520124682	1.8390299197155602	2.988906145095825	1000
TGATGCAA	4	+-+-	5	3	2.8015714131748726	2.522213114072378	3.384274959564209	1000
TGATGCAA	4	+-+-	5	4	1.8718172082239988	1.5160815858559817	2.9878244400024414	1000
TGATGCAA	4	++--	5	0	1.8791467648384699	1.6219126579082688	2.8045947551727295	1000
TGATGCAA	4	++--	5	1	1.7334614651711406	1.467327600024091	2.8867616653442383	1000
TGATGCAA	4	++--	5	2	1.3087764502283659	1.0920419358105695	2.4711337089538574	1000
TGATGCAA	4	++--	5	3	1.9044694903515098	1.6251111912490153	2.762451171875	1000
TGATGCAA	4	++--	5	4	1.7116076297260037	1.355872093349312	2.8767757415771484	1000
TGATGCAA	4	+--+	5	0	1.9168317752781794	1.6595974963653273	2.8307156562805176	1000
TGATGCAA	4	+--+	5	1	1.6381404248957308	1.3720063017747046	2.820690155029297	1000
TGATGCAA	4	+--+	5	2	1.381460704040586	1.1647261896227894	2.521514654159546	1000
TGATGCAA	4	+--+	5	3	1.9524700201899705	1.673111721087476	2.795722723007202	1000
TGATGCAA	4	+--+	5	4	1.7388825303089874	1.3831470799236212	2.895681142807007	1000
TGATGCAA	2	++	2	0	1.3046195435656864	1.0473855226268107	2.406362771987915	1000
TGATGCAA	2	++	2	1	1.1427941880628352	0.8766601509331347	2.4773426055908203	1000
TGATGCAA	2	++	2	2	1.0859227930928708	0.8691883646663999	2.3166632652282715	1000
TGATGCAA	2	++	2	3	1.2258914754368457	0.9465331763343511	2.2920966148376465	1000
TGATGCAA	2	++	2	4	1.3886271351107138	1.0328915987340221	2.652902603149414	1000
TGATGCAA	2	+-	2	0	0.5495657883135435	0.2923316813833424	1.882999300956726	1000
TGATGCAA	2	+-	2	1	0.7169930057159608	0.45085901158192293	2.182199716567993	1000
TGATGCAA	2	+-	2	2	0.6432670099918022	0.4265324525783431	2.0098376274108887	1000
TGATGCAA	2	+-	2	3	0.5556007885193077	0.2762425109146444	1.827486515045166	1000
TGATGCAA	2	+-	2	4	1.0019395370929407	0.6462040867075745	2.384871006011963	1000
TGATGCAA	2	-+	2	0	0.5424898201177696	0.2852557346853998	1.8780944347381592	1000
TGATGCAA	2	-+	2	1	0.46827152405551614	0.2021375299214782	2.009799003601074	1000
TGATGCAA	2	-+	2	2	0.524247835319065	0.30751329940343736	1.927339792251587	1000
TGATGCAA	2	-+	2	3	0.5530963341617807	0.2737380350592861	1.825750708580017	1000
TGATGCAA	2	-+	2	4	0.8029809774856733	0.44724539811331904	2.2469637393951416	1000
TGATGCAA	4	++++	2	0	3.670035128941862	3.412800678046359	4.045943737030029	1000
TGATGCAA	4	++++	2	1	2.9055096441717634	2.639375779024714	3.6991639137268066	1000
TGATGCAA	4	++++	2	2	2.9812535553341584	2.764518954925036	3.630406141281128	1000
TGATGCAA	4	++++	2	3	3.0104558654853615	2.7310973944002157	3.529062509536743	1000
TGATGCAA	4	++++	2	4	3.2522431786456685	2.8965073842950004	3.9446628093719482	1000
TGATGCAA	4	+-+-	2	0	1.4563932870475353	1.1991590941260086	2.511564254760742	1000
TGATGCAA	4	+-+-	2	1	1.5184358563636426	1.2523016472512911	2.737717390060425	1000
TGATGCAA	4	+-+-	2	2	1.6823864014832055	1.4656519730567346	2.730100154876709	1000
TGATGCAA	4	+-+-	2	3	1.2527758034197198	0.9734175043172253	2.3107314109802246	1000
TGATGCAA	4	+-+-	2	4	2.0864021974799862	1.730666919077271	3.136563539505005	1000
TGATGCAA	4	++--	2	0	2.9368686167647864	2.6796345098345853	3.5377514362335205	1000
TGATGCAA	4	++--	2	1	2.6446527227011374	2.378518513588786	3.5183515548706055	1000
TGATGCAA	4	++--	2	2	2.6690723673144965	2.4523377669053747	3.4140188694000244	1000
TGATGCAA	4	++--	2	3	2.586819428764897	2.3074613016450534	3.2354202270507812	1000
TGATGCAA	4	++--	2	4	3.1747068642959815	2.818970725980012	3.890918493270874	1000
TGATGCAA	4	+--+	2	0	2.017103336158675	1.759869573193776	2.9002187252044678	1000
TGATGCAA	4	+--+	2	1	1.9046039807844846	1.6384699436547838	3.0053889751434326	1000
TGATGCAA	4	+--+	2	2	2.203208858345036	1.986474429918565	3.09110689163208	1000
TGATGCAA	4	+--+	2	3	1.9247422892872652	1.6453838182021197	2.776502847671509	1000
TGATGCAA	4	+--+	2	4	2.5386971352096257	2.1829615128416084	3.450070381164551	1000
TGATGCAA	2	++	0	0	0.6251821313446608	0.36794806741012237	1.9354126453399658	1000
TGATGCAA	2	++	0	1	0.7290868257246336	0.46295287458625833	2.190582513809204	1000
TGATGCAA	2	++	0	2	0.7667499943676834	0.5500155229455498	2.0954296588897705	1000
TGATGCAA	2	++	0	3	0.6305281690510685	0.35116989144640526	1.8794223070144653	1000
TGATGCAA	2	++	0	4	0.7068600029054377	0.35112442353308343	2.18033766746521	1000
TGATGCAA	2	+-	0	0	0.5254176183145711	0.26818357587786407	1.8662610054016113	1000
TGATGCAA	2	+-	0	1	0.49628341329310965	0.2301494406569031	2.0292153358459473	1000
TGATGCAA	2	+-	0	2	0.4256507835186949	0.20891626910089853	1.8589975833892822	1000
TGATGCAA	2	+-	0	3	0.43549752120685686	0.1561392436021936	1.7442374229431152	1000
TGATGCAA	2	+-	0	4	0.6846149499252505	0.3288793920507275	2.1649184226989746	1000
TGATGCAA	2	-+	0	0	0.6216030003975549	0.36436893646301644	1.932931661605835	1000
TGATGCAA	2	-+	0	1	0.6131911999568668	0.3470571843249975	2.1102495193481445	1000
TGATGCAA	2	-+	0	2	0.4227271214496899	0.20599262852972486	1.856971025466919	1000
TGATGCAA	2	-+	0	3	0.8133314953538752	0.5339731962513806	2.006132125854492	1000
TGATGCAA	2	-+	0	4	0.9391911509776923	0.5834554856140126	2.3413774967193604	1000
TGATGCAA	4	++++	0	0	1.2576799747003984	1.0004458677701973	2.373826742172241	1000
TGATGCAA	4	++++	0	1	1.129971505579806	0.8638376404327562	2.468454599380493	1000
TGATGCAA	4	++++	0	2	1.578851469802588	1.362117041376117	2.6583354473114014	1000
TGATGCAA	4	++++	0	3	1.0851063914492252	0.8057481783380559	2.194511890411377	1000
TGATGCAA	4	++++	0	4	1.0428991831964034	0.6871636898153746	2.413262128829956	1000
TGATGCAA	4	+-+-	0	0	1.0704586290752396	0.8132245221450385	2.2440547943115234	1000
TGATGCAA	4	+-+-	0	1	0.959689677142705	0.6935556400130044	2.350424289703369	1000
TGATGCAA	4	+-+-	0	2	0.4580171874848093	0.2412826945648443	1.881432294845581	1000
TGATGCAA	4	+-+-	0	3	0.9761240812851788	0.6967657821826841	2.118971109390259	1000
TGATGCAA	4	+-+-	0	4	1.8770828010454652	1.5213473506600992	2.9914743900299072	1000
TGATGCAA	4	++--	0	0	0.7444174452138698	0.487183424274994	2.0180602073669434	1000
TGATGCAA	4	++--	0	1	0.948967762739965	0.6828338116015898	2.3429925441741943	1000
TGATGCAA	4	++--	0	2	0.7962089886252994	0.5794744312118403	2.1158487796783447	1000
TGATGCAA	4	++--	0	3	0.5643062923320068	0.2849479717316808	1.833520770072937	1000
TGATGCAA	4	++--	0	4	1.3847499582296625	1.0290144218529709	2.6502151489257812	1000
TGATGCAA	4	+--+	0	0	1.0166037238100836	0.7593695308885569	2.2067253589630127	1000
TGATGCAA	4	+--+	0	1	1.1311452011806191	0.8650111640509186	2.4692680835723877	1000
TGATGCAA	4	+--+	0	2	0.836031227467281	0.6192966700538219	2.143451452255249	1000
TGATGCAA	4	+--+	0	3	1.1937316656300803	0.9143732805362602	2.2698051929473877	1000
TGATGCAA	4	+--+	0	4	1.7641314752648072	1.4083958528967901	2.913182020187378	1000
TGATGCAA	2	++	1	0	0.4550653202610628	0.19783125632652435	1.8174965381622314	1000
TGATGCAA	2	++	1	1	0.4541379468119478	0.18800393118007852	2.000002384185791	1000
TGATGCAA	2	++	1	2	0.2934124848548584	0.07667796506260416	1.7673369646072388	1000
TGATGCAA	2	++	1	3	0.4297735086295154	0.1504152202759365	1.7402698993682861	1000
TGATGCAA	2	++	1	4	0.6035124463229351	0.24777688844841209	2.1087026596069336	1000
TGATGCAA	2	+-	1	0	0.4653387899016781	0.208104747464971	1.824617624282837	1000
TGATGCAA	2	+-	1	1	0.6028151856606745	0.33668121302446796	2.103057622909546	1000
TGATGCAA	2	+-	1	2	0.337897130366068	0.12116260519935597	1.7981714010238647	1000
TGATGCAA	2	+-	1	3	0.5196767084417825	0.24031838784145654	1.8025860786437988	1000
TGATGCAA	2	+-	1	4	0.6564290572406465	0.3006935208639549	2.1453819274902344	1000
TGATGCAA	2	-+	1	0	0.4938410876682069	0.23660704523149984	1.8443739414215088	1000
TGATGCAA	2	-+	1	1	0.27166684799494534	0.005532890474401448	1.8735231161117554	1000
TGATGCAA	2	-+	1	2	0.26288661772044636	0.046152097928192165	1.7461782693862915	1000
TGATGCAA	2	-+	1	3	0.4529553081132897	0.1735970090107951	1.7563382387161255	1000
TGATGCAA	2	-+	1	4	0.4167015372940605	0.06096602778965809	1.9792152643203735	1000
TGATGCAA	4	++++	1	0	0.9603714163707252	0.7031373524361868	2.167747974395752	1000
TGATGCAA	4	++++	1	1	0.9052036815402078	0.6390697304018326	2.312657356262207	1000
TGATGCAA	4	++++	1	2	0.4249850816728677	0.20825058875290267	1.8585362434387207	1000
TGATGCAA	4	++++	1	3	0.7921332577738271	0.5127748726800071	1.9914385080337524	1000
TGATGCAA	4	++++	1	4	1.1846909676308495	0.8289554312541579	2.511544942855835	1000
TGATGCAA	4	+-+-	1	0	1.1186606365891862	0.8614266156503105	2.2774658203125	1000
TGATGCAA	4	+-+-	1	1	0.9216882186254081	0.6555542674870328	2.3240835666656494	1000
TGATGCAA	4	+-+-	1	2	0.4520755738584637	0.23534110243633005	1.8773139715194702	1000
TGATGCAA	4	+-+-	1	3	1.1326358608069726	0.8532774757131526	2.227457046508789	1000
TGATGCAA	4	+-+-	1	4	1.0550292055530828	0.6992936261807284	2.4216701984405518	1000
TGATGCAA	4	++--	1	0	1.1178916161658532	0.8606575952269774	2.276932716369629	1000
TGATGCAA	4	++--	1	1	1.1123182603906676	0.8461841372696415	2.4562182426452637	1000
TGATGCAA	4	++--	1	2	0.6043048133911227	0.3875703849646518	1.9828312397003174	1000
TGATGCAA	4	++--	1	3	0.8893166981754305	0.6099583990729358	2.05880069732666	1000
TGATGCAA	4	++--	1	4	1.1618676659827987	0.8061321296061071	2.495725154876709	1000
TGATGCAA	4	+--+	1	0	0.918320970304165	0.6610869063696266	2.1386008262634277	1000
TGATGCAA	4	+--+	1	1	0.9105759036052093	0.6444419524668341	2.3163812160491943	1000
TGATGCAA	4	+--+	1	2	0.4229060693979126	0.20617155498011625	1.8570951223373413	1000
TGATGCAA	4	+--+	1	3	0.7859804064565593	0.5066221073540647	1.9871735572814941	1000
TGATGCAA	4	+--+	1	4	0.9431976588121923	0.5874620364441753	2.3441543579101562	1000
TGATGCAA	2	++	4	0	0.5361893646903988	0.27895530075586034	1.873727560043335	1000
TGATGCAA	2	++	4	1	0.4265266481638765	0.16039265402983854	1.9808636903762817	1000
TGATGCAA	2	++	4	2	0.4635492674237878	0.24681475300599148	1.885266900062561	1000
TGATGCAA	2	++	4	3	0.5901389464048549	0.3107806688001917	1.8514267206192017	1000
TGATGCAA	2	++	4	4	0.63054940890845	0.2748138510339271	2.1274430751800537	1000
TGATGCAA	2	+-	4	0	1.0224502740261647	0.7652161670959635	2.210777759552002	1000
TGATGCAA	2	+-	4	1	0.8487858048205686	0.5826518106865307	2.2735512256622314	1000
TGATGCAA	2	+-	4	2	0.7040688534689225	0.4873342960554634	2.0519821643829346	1000
TGATGCAA	2	+-	4	3	0.7397605849851321	0.4604021568956493	1.9551364183425903	1000
TGATGCAA	2	+-	4	4	1.0720960758941045	0.7163605395174129	2.433500051498413	1000
TGATGCAA	2	-+	4	0	0.5017485489852398	0.2445144420550387	1.849854826927185	1000
TGATGCAA	2	-+	4	1	0.5193959467642489	0.25326197412804236	2.0452356338500977	1000
TGATGCAA	2	-+	4	2	0.48583452134861427	0.2691000069308179	1.9007138013839722	1000
TGATGCAA	2	-+	4	3	0.5367862734758808	0.25742797437338627	1.8144453763961792	1000
TGATGCAA	2	-+	4	4	0.719405019398649	0.36366956901328285	2.189033269882202	1000
TGATGCAA	4	++++	4	0	1.0636959272780122	0.8064619063391366	2.2393672466278076	1000
TGATGCAA	4	++++	4	1	0.7299883587804564	0.4638543646464185	2.19120717048645	1000
TGATGCAA	4	++++	4	2	1.0238944123454596	0.8071598979276633	2.2736685276031494	1000
TGATGCAA	4	++++	4	3	1.2087290687332697	0.9293708556221005	2.280200719833374	1000
TGATGCAA	4	++++	4	4	0.9826370642733533	0.6269015708923245	2.3714916706085205	1000
TGATGCAA	4	+-+-	4	0	2.1185326842447796	1.8612985773145785	2.970524311065674	1000
TGATGCAA	4	+-+-	4	1	1.8702012592364918	1.6040673940894419	2.9815425872802734	1000
TGATGCAA	4	+-+-	4	2	1.571685812654389	1.3549511262539418	2.6533687114715576	1000
TGATGCAA	4	+-+-	4	3	1.6619902909867816	1.3826319058929617	2.5943775177001953	1000
TGATGCAA	4	+-+-	4	4	2.11568241577203	1.7599467934040132	3.1568589210510254	1000
TGATGCAA	4	++--	4	0	1.6190838872668774	1.3618498663280014	2.6243324279785156	1000
TGATGCAA	4	++--	4	1	1.0943528666902131	0.8282188295605125	2.443765640258789	1000
TGATGCAA	4	++--	4	2	1.0782070494358873	0.8614726210094162	2.3113155364990234	1000
TGATGCAA	4	++--	4	3	1.3575603610415068	1.0782021479303376	2.3833625316619873	1000
TGATGCAA	4	++--	4	4	1.478968417730391	1.1232330533363504	2.715522527694702	1000
TGATGCAA	4	+--+	4	0	1.6627514861995003	1.4055172932779738	2.6546006202697754	1000
TGATGCAA	4	+--+	4	1	1.3396169811203629	1.073483115973313	2.613769769668579	1000
TGATGCAA	4	+--+	4	2	1.2490854856888312	1.0323509712710348	2.4297590255737305	1000
TGATGCAA	4	+--+	4	3	1.4367917363980975	1.1574335232869284	2.438281774520874	1000
TGATGCAA	4	+--+	4	4	1.747092810078527	1.3913572737018354	2.901371955871582	1000
TGATGCAA	2	++	6	0	0.6080220894025342	0.35078798247233306	1.9235180616378784	1000
TGATGCAA	2	++	6	1	0.559751675789207	0.2936177246508318	2.0732085704803467	1000
TGATGCAA	2	++	6	2	0.4501560754921839	0.23342156107438752	1.8759833574295044	1000
TGATGCAA	2	++	6	3	0.6221829258962643	0.3428246482916011	1.8736377954483032	1000
TGATGCAA	2	++	6	4	0.8343605879967997	0.4786250946157708	2.268714427947998	1000
TGATGCAA	2	+-	6	0	0.3125937743990815	0.05535971046454305	1.718742847442627	1000
TGATGCAA	2	+-	6	1	0.3908090762543748	0.12467508212033686	1.956106185913086	1000
TGATGCAA	2	+-	6	2	0.25677209703648957	0.04003757724423537	1.7419397830963135	1000
TGATGCAA	2	+-	6	3	0.4690882696644636	0.18972999205980037	1.767520785331726	1000
TGATGCAA	2	+-	6	4	0.6702835496375272	0.31454803475866694	2.154984951019287	1000
TGATGCAA	2	-+	6	0	0.5437256444512071	0.2864915590188372	1.8789511919021606	1000
TGATGCAA	2	-+	6	1	0.5972707659664965	0.33113679333029	2.0992143154144287	1000
TGATGCAA	2	-+	6	2	0.44490952974930037	0.22817501533150397	1.8723466396331787	1000
TGATGCAA	2	-+	6	3	0.5464245251955344	0.26706624759087116	1.8211262226104736	1000
TGATGCAA	2	-+	6	4	0.7537736453861082	0.3980380660137539	2.2128560543060303	1000
TGATGCAA	4	++++	6	0	1.3925215962481765	1.1352874893179754	2.4672915935516357	1000
TGATGCAA	4	++++	6	1	1.3186660545922555	1.0525319314712294	2.599247455596924	1000
TGATGCAA	4	++++	6	2	1.1004538652382458	0.8837194368117749	2.326735258102417	1000
TGATGCAA	4	++++	6	3	1.448803004734356	1.1694448776145123	2.4466073513031006	1000
TGATGCAA	4	++++	6	4	1.9649889813115762	1.609253702908861	3.0524063110351562	1000
TGATGCAA	4	+-+-	6	0	0.7643271027823282	0.5070930388477898	2.031860589981079	1000
TGATGCAA	4	+-+-	6	1	1.02282304642191	0.7566890092922092	2.3941848278045654	1000
TGATGCAA	4	+-+-	6	2	0.6331315134328416	0.4163969560193825	2.002812147140503	1000
TGATGCAA	4	+-+-	6	3	1.118440928752709	0.8390826296502144	2.217617988586426	1000
TGATGCAA	4	+-+-	6	4	1.554732106897635	1.198996484529618	2.7680375576019287	1000
TGATGCAA	4	++--	6	0	0.9262658808434234	0.6690318599045477	2.1441078186035156	1000
TGATGCAA	4	++--	6	1	0.92871396788713	0.6625799737530921	2.3289530277252197	1000
TGATGCAA	4	++--	6	2	0.806985421528363	0.590250993101892	2.123318672180176	1000
TGATGCAA	4	++--	6	3	1.1355940483931384	0.8562358352819692	2.2295072078704834	1000
TGATGCAA	4	++--	6	4	1.6387511352889446	1.2830158568862293	2.82627534866333	1000
TGATGCAA	4	+--+	6	0	0.8802961221463507	0.6230620152161496	2.112244129180908	1000
TGATGCAA	4	+--+	6	1	0.9638974046787145	0.6977633675490139	2.3533406257629395	1000
TGATGCAA	4	+--+	6	2	0.8053103965002847	0.5885757960911628	2.122157573699951	1000
TGATGCAA	4	+--+	6	3	1.0879054950833427	0.8085471959808481	2.1964521408081055	1000
TGATGCAA	4	+--+	6	4	1.5465796132987852	1.1908440769220936	2.7623870372772217	1000
TGATGCAA	2	++	3	0	1.0818203189391895	0.8245862120089883	2.251929998397827	1000
TGATGCAA	2	++	3	1	0.963698764716968	0.6975648995699182	2.3532028198242188	1000
TGATGCAA	2	++	3	2	0.8350898804277834	0.6183554090056498	2.1427993774414062	1000
TGATGCAA	2	++	3	3	0.9789944717280791	0.6996363016125726	2.1209609508514404	1000
TGATGCAA	2	++	3	4	1.156024211454433	0.8002885890864161	2.4916749000549316	1000
TGATGCAA	2	+-	3	0	0.5619097570878963	0.30467571465118914	1.8915554285049438	1000
TGATGCAA	2	+-	3	1	0.8328987354644658	0.5667646983347652	2.2625396251678467	1000
TGATGCAA	2	+-	3	2	0.400151259840568	0.18341672392494024	1.841322660446167	1000
TGATGCAA	2	+-	3	3	0.8653954592842715	0.586037160181777	2.042219877243042	1000
TGATGCAA	2	+-	3	4	0.7309959191405362	0.37526042575950724	2.1970674991607666	1000
TGATGCAA	2	-+	3	0	0.5849261092615404	0.3276920023313393	1.907509207725525	1000
TGATGCAA	2	-+	3	1	0.644763345045634	0.3786293509115961	2.132133722305298	1000
TGATGCAA	2	-+	3	2	0.3998127119923445	0.18307819757454816	1.8410879373550415	1000
TGATGCAA	2	-+	3	3	0.6660060401409301	0.3866477410384355	1.9040136337280273	1000
TGATGCAA	2	-+	3	4	0.9004625498125474	0.5447270994271811	2.31453275680542	1000
TGATGCAA	4	++++	3	0	2.8290397942400767	2.5718056873098756	3.463010311126709	1000
TGATGCAA	4	++++	3	1	2.3026937705804853	2.036559905433436	3.2813236713409424	1000
TGATGCAA	4	++++	3	2	2.0088705266618727	1.7921360982354018	2.956401824951172	1000
TGATGCAA	4	++++	3	3	2.4648412495884027	2.185483122468559	3.150871515274048	1000
TGATGCAA	4	++++	3	4	2.744016903115681	2.388281280747664	3.5923871994018555	1000
TGATGCAA	4	+-+-	3	0	1.219070299538325	0.9618363645907747	2.34706449508667	1000
TGATGCAA	4	+-+-	3	1	1.8701230071303492	1.6039891419832994	2.9814887046813965	1000
TGATGCAA	4	+-+-	3	2	0.7768474397651407	0.5601128823516816	2.102428436279297	1000
TGATGCAA	4	+-+-	3	3	1.611399702426327	1.332041317332507	2.5593104362487793	1000
TGATGCAA	4	+-+-	3	4	1.5793283776934304	1.2235930992907151	2.7850868701934814	1000
TGATGCAA	4	++--	3	0	2.4910218245639464	2.2337877176337453	3.2287137508392334	1000
TGATGCAA	4	++--	3	1	2.4593780487010948	2.193244183554045	3.3899290561676025	1000
TGATGCAA	4	++--	3	2	1.6299595541594887	1.4132251257330177	2.693760633468628	1000
TGATGCAA	4	++--	3	3	2.2753603958962083	1.9960024407590156	3.019533157348633	1000
TGATGCAA	4	++--	3	4	2.42226608445406	2.066530462086043	3.3693666458129883	1000
TGATGCAA	4	+--+	3	0	1.824306828940497	1.5670727220102958	2.766582489013672	1000
TGATGCAA	4	+--+	3	1	2.0038371104190706	1.7377030732893701	3.074172019958496	1000
TGATGCAA	4	+--+	3	2	1.169253460924102	0.9525189465063058	2.3744237422943115	1000
TGATGCAA	4	+--+	3	3	1.8837507404020672	1.6043924412995727	2.7480900287628174	1000
TGATGCAA	4	+--+	3	4	2.070707576710199	1.7149721263248328	3.1256847381591797	1000
TGATGCAA	2	++	8	0	0.6261486738425098	0.36891460990797137	1.9360824823379517	1000
TGATGCAA	2	++	8	1	0.6222727008400146	0.35613874970163945	2.116544485092163	1000
TGATGCAA	2	++	8	2	0.493636299326692	0.27690174191323297	1.9061216115951538	1000
TGATGCAA	2	++	8	3	0.7358121212952983	0.456453779197141	1.9523996114730835	1000
TGATGCAA	2	++	8	4	0.871165133255417	0.5154295108874	2.2942254543304443	1000
TGATGCAA	2	+-	8	0	0.4074749260492471	0.15024087286362434	1.7845094203948975	1000
TGATGCAA	2	+-	8	1	0.4293036090316955	0.1631696578933203	1.9827885627746582	1000
TGATGCAA	2	+-	8	2	0.438831619872146	0.2220971054543496	1.868133783340454	1000
TGATGCAA	2	+-	8	3	0.5095398790172777	0.23018157991478308	1.7955596446990967	1000
TGATGCAA	2	+-	8	4	0.7209829602203153	0.3652474238436237	2.190126895904541	1000
TGATGCAA	2	-+	8	0	0.5418647921688714	0.284630728234333	1.8776613473892212	1000
TGATGCAA	2	-+	8	1	0.6338215078281031	0.3676875566897279	2.124549388885498	1000
TGATGCAA	2	-+	8	2	0.5153551713865645	0.29862065696876816	1.9211760759353638	1000
TGATGCAA	2	-+	8	3	0.6680393480264184	0.38868109191958655	1.9054230451583862	1000
TGATGCAA	2	-+	8	4	0.7541473636864331	0.3984118273097415	2.2131147384643555	1000
TGATGCAA	4	++++	8	0	1.2956250229082125	1.0383909159780111	2.40012788772583	1000
TGATGCAA	4	++++	8	1	1.2441304075434974	0.9779962844224713	2.54758358001709	1000
TGATGCAA	4	++++	8	2	1.1257739250201975	0.9090394965937265	2.3442862033843994	1000
TGATGCAA	4	++++	8	3	1.7212618758321874	1.4419035767296928	2.6354613304138184	1000
TGATGCAA	4	++++	8	4	1.7809303966357846	1.425194860259093	2.9248266220092773	1000
TGATGCAA	4	+-+-	8	0	1.0159517375806626	0.7587176306504614	2.2062735557556152	1000
TGATGCAA	4	+-+-	8	1	1.0927206653421997	0.826586628212499	2.442634344100952	1000
TGATGCAA	4	+-+-	8	2	1.070873537220446	0.8541389368113244	2.30623197555542	1000
TGATGCAA	4	+-+-	8	3	1.4507639509194938	1.1714056518169993	2.4479663372039795	1000
TGATGCAA	4	+-+-	8	4	1.7211853435525535	1.3654497211845364	2.8834145069122314	1000
TGATGCAA	4	++--	8	0	1.0980810206042917	0.8408469136740905	2.2632012367248535	1000
TGATGCAA	4	++--	8	1	1.096725625332842	0.8305916741944667	2.4454102516174316	1000
TGATGCAA	4	++--	8	2	1.005635960207935	0.7889014457901387	2.2610127925872803	1000
TGATGCAA	4	++--	8	3	1.4280975834403553	1.1487391983465354	2.432255268096924	1000
TGATGCAA	4	++--	8	4	1.7173769597318473	1.3616415093464813	2.88077449798584	1000
TGATGCAA	4	+--+	8	0	1.0841920456859129	0.8269580247470373	2.2535738945007324	1000
TGATGCAA	4	+--+	8	1	1.194889538827014	0.9287555016973135	2.5134520530700684	1000
TGATGCAA	4	+--+	8	2	1.0831450153074602	0.8664105868809893	2.3147377967834473	1000
TGATGCAA	4	+--+	8	3	1.4586349089188813	1.179276695807712	2.4534223079681396	1000
TGATGCAA	4	+--+	8	4	1.6969498923582682	1.3412145279642274	2.8666160106658936	1000
TGATGCAA	2	++	9	0	0.4625248527639235	0.20529081032721644	1.8226670026779175	1000
TGATGCAA	2	++	9	1	0.4792882167218351	0.21315428708129122	2.017435073852539	1000
TGATGCAA	2	++	9	2	0.399535432963491	0.18280089704786326	1.8408957719802856	1000
TGATGCAA	2	++	9	3	0.486606766446651	0.20724851033981914	1.7796636819839478	1000
TGATGCAA	2	++	9	4	0.6952789061746498	0.3395433268022955	2.1723101139068604	1000
TGATGCAA	2	+-	9	0	0.4942362178085642	0.2370021323761944	1.8446476459503174	1000
TGATGCAA	2	+-	9	1	0.43007121059815895	0.16393725945978374	1.9833205938339233	1000
TGATGCAA	2	+-	9	2	0.4105698398428488	0.19383534692288376	1.8485443592071533	1000
TGATGCAA	2	+-	9	3	0.5449408738622036	0.2655825962575404	1.820097804069519	1000
TGATGCAA	2	+-	9	4	0.6275919522485505	0.2718563513783648	2.1253931522369385	1000
TGATGCAA	2	-+	9	0	0.5917820256555355	0.3345479832188284	1.9122613668441772	1000
TGATGCAA	2	-+	9	1	0.6589636945533999	0.3928296574236992	2.141976833343506	1000
TGATGCAA	2	-+	9	2	0.4624999152795484	0.24576540086175205	1.8845394849777222	1000
TGATGCAA	2	-+	9	3	0.6958573268251641	0.41649902772266956	1.9247050285339355	1000
TGATGCAA	2	-+	9	4	0.741781983072048	0.38604640369969373	2.2045435905456543	1000
TGATGCAA	4	++++	9	0	0.9146540422137938	0.6574199782792552	2.136059045791626	1000
TGATGCAA	4	++++	9	1	0.9454477938247559	0.6793138856820434	2.340552568435669	1000
TGATGCAA	4	++++	9	2	0.7618248412035998	0.5450903267858034	2.0920157432556152	1000
TGATGCAA	4	++++	9	3	0.945057737172599	0.6656993090831164	2.0974373817443848	1000
TGATGCAA	4	++++	9	4	1.4053196852121324	1.0495842348267663	2.664473056793213	1000
TGATGCAA	4	+-+-	9	0	1.1444374822918293	0.8872033753616282	2.295332908630371	1000
TGATGCAA	4	+-+-	9	1	1.1018525141463875	0.8357186489993379	2.4489638805389404	1000
TGATGCAA	4	+-+-	9	2	0.8854947277253062	0.6687602563031726	2.177737236022949	1000
TGATGCAA	4	+-+-	9	3	1.3666251366118582	1.087266923500689	2.389646053314209	1000
TGATGCAA	4	+-+-	9	4	1.2727183956658186	0.916982859289127	2.5725607872009277	1000
TGATGCAA	4	++--	9	0	0.9544651881747946	0.6972311672359189	2.163654327392578	1000
TGATGCAA	4	++--	9	1	0.9581044270583772	0.6919703899286765	2.349325180053711	1000
TGATGCAA	4	++--	9	2	0.8090856736606996	0.5923511592429033	2.12477445602417	1000
TGATGCAA	4	++--	9	3	0.9669001357714537	0.6875418366689592	2.1125776767730713	1000
TGATGCAA	4	++--	9	4	1.3449474973925302	0.9892120470071639	2.622626304626465	1000
TGATGCAA	4	+--+	9	0	1.0008830476686905	0.7436490267298147	2.195828676223755	1000
TGATGCAA	4	+--+	9	1	0.9898636032799577	0.7237295661502571	2.3713388442993164	1000
TGATGCAA	4	+--+	9	2	0.8182486513246937	0.6015140939112347	2.1311256885528564	1000
TGATGCAA	4	+--+	9	3	1.0838188433335407	0.8044604582397207	2.193619728088379	1000
TGATGCAA	4	+--+	9	4	1.3489329373522994	0.9931972289929569	2.6253886222839355	1000
TGATGCAA	2	++	11	0	0.5779541905695385	0.3207201696306628	1.9026767015457153	1000
TGATGCAA	2	++	11	1	0.5742925079500184	0.3081585568116432	2.083287239074707	1000
TGATGCAA	2	++	11	2	0.4884363608821923	0.27170188946005863	1.902517318725586	1000
TGATGCAA	2	++	11	3	0.5785010953992822	0.2991427318032936	1.8433598279953003	1000
TGATGCAA	2	++	11	4	0.7885478494599647	0.43281239907459856	2.236959457397461	1000
TGATGCAA	2	+-	11	0	0.7435134184096094	0.4862793544750709	2.0174334049224854	1000
TGATGCAA	2	+-	11	1	0.9652595932648734	0.6991255991308355	2.3542850017547607	1000
TGATGCAA	2	+-	11	2	0.5706782495464738	0.35394373512867744	1.9595228433609009	1000
TGATGCAA	2	+-	11	3	0.6933055772386499	0.41394727813615534	1.9229363203048706	1000
TGATGCAA	2	+-	11	4	0.8379772971531191	0.4822417607764275	2.271221160888672	1000
TGATGCAA	2	-+	11	0	0.5999022725073484	0.3426681870749786	1.9178898334503174	1000
TGATGCAA	2	-+	11	1	0.5795863489218893	0.3134523977835141	2.08695650100708	1000
TGATGCAA	2	-+	11	2	0.4402410606916294	0.2235065247760017	1.8691108226776123	1000
TGATGCAA	2	-+	11	3	0.6826589052456623	0.4033006061431677	1.9155566692352295	1000
TGATGCAA	2	-+	11	4	0.8399794331831385	0.48424381081512147	2.272609233856201	1000
TGATGCAA	4	++++	11	0	1.2294964897729064	0.9722624688340307	2.3542914390563965	1000
TGATGCAA	4	++++	11	1	1.1934893420750146	0.9273554769279647	2.512481689453125	1000
TGATGCAA	4	++++	11	2	1.0064863284251262	0.7897517280160044	2.2616021633148193	1000
TGATGCAA	4	++++	11	3	1.247111898778855	0.9677535996763604	2.3068056106567383	1000
TGATGCAA	4	++++	11	4	1.6532754141196104	1.297539877742919	2.8363428115844727	1000
TGATGCAA	4	+-+-	11	0	1.5718053405967385	1.3145713196578628	2.5915615558624268	1000
TGATGCAA	4	+-+-	11	1	1.958181048077172	1.6920470109474712	3.042525291442871	1000
TGATGCAA	4	+-+-	11	2	1.080254330911758	0.8635199024852872	2.312734365463257	1000
TGATGCAA	4	+-+-	11	3	1.5271608802072147	1.24780258110472	2.5009210109710693	1000
TGATGCAA	4	+-+-	11	4	1.7715361882977054	1.4158006519210138	2.9183149337768555	1000
TGATGCAA	4	++--	11	0	1.3867400554741216	1.1295059485439203	2.4632842540740967	1000
TGATGCAA	4	++--	11	1	1.6243023568420074	1.3581684057036323	2.811098575592041	1000
TGATGCAA	4	++--	11	2	1.0540335119959126	0.8372989115867908	2.2945592403411865	1000
TGATGCAA	4	++--	11	3	1.3187379433403161	1.0393796442378216	2.3564531803131104	1000
TGATGCAA	4	++--	11	4	1.7472221410319757	1.391486604655284	2.9014618396759033	1000
TGATGCAA	4	+--+	11	0	1.3601637484189426	1.1029296414887413	2.4448628425598145	1000
TGATGCAA	4	+--+	11	1	1.5727431619918935	1.3066091248621927	2.775360345840454	1000
TGATGCAA	4	+--+	11	2	1.0097355106565518	0.7930010822300808	2.2638542652130127	1000
TGATGCAA	4	+--+	11	3	1.366605960546287	1.0872476614437925	2.3896324634552	1000
TGATGCAA	4	+--+	11	4	1.703027415274458	1.3472918788977666	2.870828151702881	1000
TGATGCAA	2	++	12	0	0.6539272256185452	0.39669316168400676	1.9553371667861938	1000
TGATGCAA	2	++	12	1	0.6321491915267758	0.36601519739273797	2.1233901977539062	1000
TGATGCAA	2	++	12	2	0.5227533920743926	0.30601885615876495	1.9263039827346802	1000
TGATGCAA	2	++	12	3	0.6481211773167422	0.36876287821424764	1.891616940498352	1000
TGATGCAA	2	++	12	4	0.8615642877623262	0.5058287513856345	2.2875702381134033	1000
TGATGCAA	2	+-	12	0	0.6140837899148448	0.3568497474781377	1.9277197122573853	1000
TGATGCAA	2	+-	12	1	0.5884870960389803	0.32235310190494243	2.093126058578491	1000
TGATGCAA	2	+-	12	2	0.5787690443693265	0.36203448695586743	1.9651310443878174	1000
TGATGCAA	2	+-	12	3	0.6304322887232124	0.3510740326163806	1.8793559074401855	1000
TGATGCAA	2	+-	12	4	0.7947536714336983	0.4390181780526694	2.2412607669830322	1000
TGATGCAA	2	-+	12	0	0.5471725637354622	0.2899385212987551	1.881340503692627	1000
TGATGCAA	2	-+	12	1	0.5332303601866414	0.2670963445547721	2.0548250675201416	1000
TGATGCAA	2	-+	12	2	0.5426829136390258	0.3259483777233981	1.9401180744171143	1000
TGATGCAA	2	-+	12	3	0.6058069528594212	0.32644869675258936	1.8622868061065674	1000
TGATGCAA	2	-+	12	4	0.7674829844256608	0.4117474050533064	2.222358465194702	1000
TGATGCAA	4	++++	12	0	1.4799867270061497	1.2227526200759486	2.5279176235198975	1000
TGATGCAA	4	++++	12	1	1.4269199322385724	1.1607858951088716	2.674283504486084	1000
TGATGCAA	4	++++	12	2	1.2663246826460175	1.0495902542195465	2.4417083263397217	1000
TGATGCAA	4	++++	12	3	1.523169162880689	1.2438109497695198	2.4981541633605957	1000
TGATGCAA	4	++++	12	4	1.7510117787437378	1.3952761563757208	2.9040884971618652	1000
TGATGCAA	4	+-+-	12	0	1.414967138003607	1.157733031073406	2.482849597930908	1000
TGATGCAA	4	+-+-	12	1	1.3523943461748897	1.086260309045189	2.622626304626465	1000
TGATGCAA	4	+-+-	12	2	1.3920006607987132	1.1752662323722423	2.528820276260376	1000
TGATGCAA	4	+-+-	12	3	1.5483816475145258	1.2690234344033566	2.515629768371582	1000
TGATGCAA	4	+-+-	12	4	1.7509856373808066	1.3952501869954403	2.9040703773498535	1000
TGATGCAA	4	++--	12	0	1.3911625033497332	1.133928568402183	2.4663496017456055	1000
TGATGCAA	4	++--	12	1	1.362445958195892	1.0963119210661914	2.62959361076355	1000
TGATGCAA	4	++--	12	2	1.2879638837428777	1.071229283333756	2.45670747756958	1000
TGATGCAA	4	++--	12	3	1.4121644227338215	1.1328062096226523	2.4212114810943604	1000
TGATGCAA	4	++--	12	4	1.7812838209833075	1.425548284606616	2.9250712394714355	1000
TGATGCAA	4	+--+	12	0	1.3437498102119216	1.0865157032817203	2.433485746383667	1000
TGATGCAA	4	+--+	12	1	1.3190562832270631	1.0529224180800134	2.599518060684204	1000
TGATGCAA	4	+--+	12	2	1.2970017440283692	1.0802672296105729	2.4629721641540527	1000
TGATGCAA	4	+--+	12	3	1.4263058681836667	1.1469476550724975	2.431013584136963	1000
TGATGCAA	4	+--+	12	4	1.7275997804817835	1.3718642441050921	2.8878605365753174	1000
TGATGCAA	2	++	10	0	0.6327494969696126	0.3755154330350741	1.9406578540802002	1000
TGATGCAA	2	++	10	1	0.5922462928215396	0.32611232018533304	2.0957319736480713	1000
TGATGCAA	2	++	10	2	0.4577104564269955	0.24097589901353642	1.8812196254730225	1000
TGATGCAA	2	++	10	3	0.6740166910484807	0.39465847793731157	1.9095664024353027	1000
TGATGCAA	2	++	10	4	0.786199426362433	0.4304638899857415	2.2353315353393555	1000
TGATGCAA	2	+-	10	0	0.6605531152170112	0.4033191372737982	1.9599298238754272	1000
TGATGCAA	2	+-	10	1	0.6503235871436913	0.38418959300965344	2.1359877586364746	1000
TGATGCAA	2	+-	10	2	0.531023607797758	0.31428909337996164	1.9320363998413086	1000
TGATGCAA	2	+-	10	3	0.6522844903331664	0.3729261912306718	1.8945026397705078	1000
TGATGCAA	2	+-	10	4	0.7966009370866157	0.44086540070992414	2.2425413131713867	1000
TGATGCAA	2	-+	10	0	0.5554614825721088	0.298227397139739	1.8870857954025269	1000
TGATGCAA	2	-+	10	1	0.5803233805721618	0.3141893434424612	2.0874671936035156	1000
TGATGCAA	2	-+	10	2	0.4470078900724775	0.23027337565468112	1.8738011121749878	1000
TGATGCAA	2	-+	10	3	0.638384121564168	0.35902575796817937	1.8848676681518555	1000
TGATGCAA	2	-+	10	4	0.7964987793920032	0.4407632860109743	2.2424707412719727	1000
TGATGCAA	4	++++	10	0	1.491500449533462	1.2342664285945864	2.5358986854553223	1000
TGATGCAA	4	++++	10	1	1.416562535064336	1.150428669917286	2.667104482650757	1000
TGATGCAA	4	++++	10	2	1.0705141794714683	0.8537795790623466	2.305982828140259	1000
TGATGCAA	4	++++	10	3	1.5576915843536823	1.2783331132685367	2.522083044052124	1000
TGATGCAA	4	++++	10	4	1.713001377128596	1.3572659267432297	2.877741813659668	1000
TGATGCAA	4	+-+-	10	0	1.5033565895186425	1.2461225685797668	2.544116735458374	1000
TGATGCAA	4	+-+-	10	1	1.530745686581799	1.2646118214347493	2.7462499141693115	1000
TGATGCAA	4	+-+-	10	2	1.2129099669757446	0.9961754525579483	2.404684066772461	1000
TGATGCAA	4	+-+-	10	3	1.5761781714775764	1.2968199583664073	2.5348970890045166	1000
TGATGCAA	4	+-+-	10	4	1.7566142855782445	1.4008790931668547	2.9079720973968506	1000
TGATGCAA	4	++--	10	0	1.354964540900709	1.0977305199618332	2.4412593841552734	1000
TGATGCAA	4	++--	10	1	1.2877985224240731	1.021664399303047	2.5778517723083496	1000
TGATGCAA	4	++--	10	2	1.138492987956082	0.9217584735382854	2.353101968765259	1000
TGATGCAA	4	++--	10	3	1.4131158307583944	1.1337575316558999	2.421870708465576	1000
TGATGCAA	4	++--	10	4	1.6233316867605379	1.2675960643925208	2.815587043762207	1000
TGATGCAA	4	+--+	10	0	1.3097087681786932	1.0524747472398175	2.4098901748657227	1000
TGATGCAA	4	+--+	10	1	1.2904615877813583	1.0243275506516576	2.579697847366333	1000
TGATGCAA	4	+--+	10	2	1.126597463943854	0.9098628635347321	2.3448569774627686	1000
TGATGCAA	4	+--+	10	3	1.405714041430561	1.126355656336741	2.4167401790618896	1000
TGATGCAA	4	+--+	10	4	1.627464601843422	1.271728979475405	2.8184521198272705	1000
TGATGCAA	2	++	13	0	0.5321015950533661	0.27486753111882767	1.870893955230713	1000
TGATGCAA	2	++	13	1	0.5093515150189202	0.24321756388054497	2.038273572921753	1000
TGATGCAA	2	++	13	2	0.45105098721594855	0.23431642980248946	1.876603603363037	1000
TGATGCAA	2	++	13	3	0.563164585504254	0.28380630789959077	1.832729458808899	1000
TGATGCAA	2	++	13	4	0.7668000413190845	0.41106450494239294	2.2218847274780273	1000
TGATGCAA	2	+-	13	0	0.5714930173549364	0.31425895342039795	1.8981980085372925	1000
TGATGCAA	2	+-	13	1	0.5249585966194183	0.25882462398321177	2.0490915775299072	1000
TGATGCAA	2	+-	13	2	0.46250266700196224	0.24576819557982857	1.8845412731170654	1000
TGATGCAA	2	+-	13	3	0.6631136789143821	0.38375537981188756	1.9020088911056519	1000
TGATGCAA	2	+-	13	4	0.8282828071066335	0.4725471847386164	2.2645015716552734	1000
TGATGCAA	2	-+	13	0	0.6116430121337998	0.35440894819926133	1.926027774810791	1000
TGATGCAA	2	-+	13	1	0.5620757633416416	0.2959417692076036	2.074819326400757	1000
TGATGCAA	2	-+	13	2	0.49201046133676046	0.27527596841679547	1.9049946069717407	1000
TGATGCAA	2	-+	13	3	0.6879893355265042	0.4086310364240096	1.9192513227462769	1000
TGATGCAA	2	-+	13	4	0.7902288078894978	0.4344933145084689	2.2381246089935303	1000
TGATGCAA	4	++++	13	0	1.1711279858271813	0.9138938788969801	2.313833475112915	1000
TGATGCAA	4	++++	13	1	1.0942514829175296	0.8281175317791543	2.443695306777954	1000
TGATGCAA	4	++++	13	2	0.9491772376087159	0.7324428091822449	2.2218785285949707	1000
TGATGCAA	4	++++	13	3	1.2359916725567166	0.9566334594455476	2.2990975379943848	1000
TGATGCAA	4	++++	13	4	1.6529145945181003	1.2971790581414087	2.836092472076416	1000
TGATGCAA	4	+-+-	13	0	1.3019763422045758	1.0447422352743747	2.4045305252075195	1000
TGATGCAA	4	+-+-	13	1	1.1631978657958972	0.8970640006488474	2.491485357284546	1000
TGATGCAA	4	+-+-	13	2	1.0302213101054007	0.8134866237049534	2.2780537605285645	1000
TGATGCAA	4	+-+-	13	3	1.4984138081328453	1.2190556810130015	2.4809951782226562	1000
TGATGCAA	4	+-+-	13	4	1.7296394947210165	1.373904130326976	2.8892743587493896	1000
TGATGCAA	4	++--	13	0	1.180488227591715	0.9232541206615139	2.320321559906006	1000
TGATGCAA	4	++--	13	1	1.1296367413499016	0.8635027042202009	2.4682223796844482	1000
TGATGCAA	4	++--	13	2	0.9747030746324248	0.7579685602146284	2.2395718097686768	1000
TGATGCAA	4	++--	13	3	1.2887805433604997	1.0094222442580052	2.3356881141662598	1000
TGATGCAA	4	++--	13	4	1.695755472848026	1.3400197644886835	2.8657877445220947	1000
TGATGCAA	4	+--+	13	0	1.2392905577742417	0.982056536835366	2.3610801696777344	1000
TGATGCAA	4	+--+	13	1	1.1321720235975956	0.8660380724592204	2.469980001449585	1000
TGATGCAA	4	+--+	13	2	0.994501631408426	0.7777671169906295	2.2532949447631836	1000
TGATGCAA	4	+--+	13	3	1.3725232816231983	1.0931649825207037	2.3937344551086426	1000
TGATGCAA	4	+--+	13	4	1.7074556245688737	1.351720260174833	2.8738980293273926	1000
TGATGCAA	2	++	15	0	0.5538053756356254	0.29657129020325557	1.8859378099441528	1000
TGATGCAA	2	++	15	1	0.5566918464563814	0.2905578523223434	2.07108736038208	1000
TGATGCAA	2	++	15	2	0.45756783981376753	0.24083334689380248	1.8811208009719849	1000
TGATGCAA	2	++	15	3	0.600464483793019	0.3211062276861871	1.8585838079452515	1000
TGATGCAA	2	++	15	4	0.7709578078950183	0.41522227151832675	2.224766731262207	1000
TGATGCAA	2	+-	15	0	0.6811831651142712	0.42394910117973283	1.9742294549942017	1000
TGATGCAA	2	+-	15	1	0.6824043279267227	0.41627033379268474	2.158224582672119	1000
TGATGCAA	2	+-	15	2	0.526047977725646	0.3093134633078497	1.9285876750946045	1000
TGATGCAA	2	+-	15	3	0.7023940004234951	0.42303570132100043	1.9292359352111816	1000
TGATGCAA	2	+-	15	4	0.8065155649262058	0.45078002854951416	2.24941349029541	1000
TGATGCAA	2	-+	15	0	0.5820632430596154	0.3248291576272456	1.905524730682373	1000
TGATGCAA	2	-+	15	1	0.6054726615818067	0.3393386674477687	2.1048994064331055	1000
TGATGCAA	2	-+	15	2	0.445510437131415	0.22877592271361863	1.8727631568908691	1000
TGATGCAA	2	-+	15	3	0.6696420113541462	0.39028375524731435	1.90653395652771	1000
TGATGCAA	2	-+	15	4	0.852117280750432	0.49638165838241505	2.281022548675537	1000
TGATGCAA	4	++++	15	0	1.178617916263582	0.9213838953247063	2.3190248012542725	1000
TGATGCAA	4	++++	15	1	1.1757427103064575	0.9096087591680824	2.500180721282959	1000
TGATGCAA	4	++++	15	2	0.9684014583221606	0.7516669439043643	2.235203504562378	1000
TGATGCAA	4	++++	15	3	1.2931839871531912	1.013825774042022	2.338740348815918	1000
TGATGCAA	4	++++	15	4	1.64756455821506	1.2918291938210194	2.8323843479156494	1000
TGATGCAA	4	+-+-	15	0	1.450699801390722	1.1934657804518463	2.507617712020874	1000
TGATGCAA	4	+-+-	15	1	1.4731447412068746	1.2070107900684994	2.7063241004943848	1000
TGATGCAA	4	+-+-	15	2	1.0574656837678562	0.8407312553413853	2.296938419342041	1000
TGATGCAA	4	+-+-	15	3	1.4983169819004096	1.218958682797915	2.4809277057647705	1000
TGATGCAA	4	+-+-	15	4	1.7286530022356674	1.3729174658589758	2.8885905742645264	1000
TGATGCAA	4	++--	15	0	1.282346070452444	1.025111963522243	2.3909237384796143	1000
TGATGCAA	4	++--	15	1	1.2667309916586809	1.0005968685376547	2.563249111175537	1000
TGATGCAA	4	++--	15	2	1.0306954662738295	0.8139608658647076	2.2783825397491455	1000
TGATGCAA	4	++--	15	3	1.3426106831239317	1.0632524700127626	2.373000383377075	1000
TGATGCAA	4	++--	15	4	1.6581542179592867	1.302418681582595	2.83972430229187	1000
TGATGCAA	4	+--+	15	0	1.2764207521822677	1.019186731243392	2.38681697845459	1000
TGATGCAA	4	+--+	15	1	1.3065594218760934	1.0404254707377183	2.5908560752868652	1000
TGATGCAA	4	+--+	15	2	1.0120484193366803	0.7953139909102094	2.2654576301574707	1000
TGATGCAA	4	+--+	15	3	1.3602536093540183	1.0808953102515237	2.3852295875549316	1000
TGATGCAA	4	+--+	15	4	1.7176763815269995	1.3619409311416333	2.8809823989868164	1000
TGATGCAA	2	++	14	0	0.5515019260012943	0.2942678835645873	1.8843413591384888	1000
TGATGCAA	2	++	14	1	0.5426554394105505	0.27652144527651257	2.0613579750061035	1000
TGATGCAA	2	++	14	2	0.4431244358246698	0.22638996440253617	1.8711093664169312	1000
TGATGCAA	2	++	14	3	0.64492350388925	0.36556524778241817	1.8894004821777344	1000
TGATGCAA	2	++	14	4	0.7751542705673964	0.41941877718636744	2.227675437927246	1000
TGATGCAA	2	+-	14	0	0.5719841998058005	0.31475015736909345	1.8985384702682495	1000
TGATGCAA	2	+-	14	1	0.5996105469358224	0.3334765313039531	2.1008362770080566	1000
TGATGCAA	2	+-	14	2	0.4437678659172103	0.22703333000158257	1.8715554475784302	1000
TGATGCAA	2	+-	14	3	0.6236850653645628	0.34432678775989956	1.8746790885925293	1000
TGATGCAA	2	+-	14	4	0.8253861033181512	0.46965065293278496	2.26249361038208	1000
TGATGCAA	2	-+	14	0	0.5485869920518206	0.2913529066194508	1.882320761680603	1000
TGATGCAA	2	-+	14	1	0.5542367941153147	0.28810282147910815	2.0693857669830322	1000
TGATGCAA	2	-+	14	2	0.44773043218441483	0.23099591776661849	1.8743020296096802	1000
TGATGCAA	2	-+	14	3	0.5861764661289758	0.3068181885243126	1.8486801385879517	1000
TGATGCAA	2	-+	14	4	0.7750515969248313	0.4193161465394651	2.227604389190674	1000
TGATGCAA	4	++++	14	0	1.2610714725754129	1.0038374516365371	2.3761775493621826	1000
TGATGCAA	4	++++	14	1	1.2737492596750903	1.0076152225453896	2.5681138038635254	1000
TGATGCAA	4	++++	14	2	1.0278552587861556	0.8111205723857083	2.276413917541504	1000
TGATGCAA	4	++++	14	3	1.4812593986225344	1.2019012715026907	2.469104528427124	1000
TGATGCAA	4	++++	14	4	1.6634364930978869	1.3077009567211955	2.843385934829712	1000
TGATGCAA	4	+-+-	14	0	1.3164436947778062	1.059209759830256	2.4145586490631104	1000
TGATGCAA	4	+-+-	14	1	1.4160745342925127	1.1499405831541376	2.6667661666870117	1000
TGATGCAA	4	+-+-	14	2	1.041797376343651	0.8250628619258545	2.2860777378082275	1000
TGATGCAA	4	+-+-	14	3	1.4021047275282286	1.122746428425734	2.414238214492798	1000
TGATGCAA	4	+-+-	14	4	1.8135905899652354	1.4578549675972183	2.947464942932129	1000
TGATGCAA	4	++--	14	0	1.1429046009246893	0.885670493994488	2.2942705154418945	1000
TGATGCAA	4	++--	14	1	1.1839517861974411	0.9178177490677405	2.505870819091797	1000
TGATGCAA	4	++--	14	2	0.9966318085220127	0.7798972941042163	2.2547714710235596	1000
TGATGCAA	4	++--	14	3	1.32999979727544	1.050641584164271	2.3642592430114746	1000
TGATGCAA	4	++--	14	4	1.6777267035407286	1.321991167164037	2.8532912731170654	1000
TGATGCAA	4	+--+	14	0	1.1667855098842208	0.9095514029540196	2.3108232021331787	1000
TGATGCAA	4	+--+	14	1	1.2058702871193026	0.939736249989602	2.5210635662078857	1000
TGATGCAA	4	+--+	14	2	1.005891526427117	0.7891570120093208	2.2611899375915527	1000
TGATGCAA	4	+--+	14	3	1.3183381696683856	1.038979870565891	2.3561758995056152	1000
TGATGCAA	4	+--+	14	4	1.656136689482015	1.3004012390966488	2.8383262157440186	1000
TGATGCAA	2	++	16	0	0.6334624510487643	0.37622834411856315	1.9411519765853882	1000
TGATGCAA	2	++	16	1	0.6332455809260263	0.36711158679198835	2.124150276184082	1000
TGATGCAA	2	++	16	2	0.5246228434892715	0.30788832907147506	1.9275999069213867	1000
TGATGCAA	2	++	16	3	0.7042270345120536	0.42486886439654714	1.9305065870285034	1000
TGATGCAA	2	++	16	4	0.8065429961590184	0.45080750277798953	2.2494325637817383	1000
TGATGCAA	2	+-	16	0	0.5561297211620362	0.2988956572274978	1.8875490427017212	1000
TGATGCAA	2	+-	16	1	0.528105234195267	0.2619712615590604	2.051272392272949	1000
TGATGCAA	2	+-	16	2	0.47247744577369155	0.2557429098580638	1.8914552927017212	1000
TGATGCAA	2	+-	16	3	0.6253252639058414	0.3459670077990095	1.8758158683776855	1000
TGATGCAA	2	+-	16	4	0.7326686224028278	0.37693304303047354	2.1982266902923584	1000
TGATGCAA	2	-+	16	0	0.5474807566458083	0.2902467142091012	1.881554126739502	1000
TGATGCAA	2	-+	16	1	0.529956197475178	0.26382220334114004	2.052555561065674	1000
TGATGCAA	2	-+	16	2	0.5257283049733549	0.3089938550490525	1.9283660650253296	1000
TGATGCAA	2	-+	16	3	0.5828390567976576	0.3034807791929943	1.8463667631149292	1000
TGATGCAA	2	-+	16	4	0.7395411351226311	0.38380555575027675	2.2029905319213867	1000
TGATGCAA	4	++++	16	0	1.353890595237396	1.096656488307195	2.44051456451416	1000
TGATGCAA	4	++++	16	1	1.338267347267717	1.0721333961293418	2.6128342151641846	1000
TGATGCAA	4	++++	16	2	1.1899613759665402	0.9732267755574184	2.388777256011963	1000
TGATGCAA	4	++++	16	3	1.5590935869235159	1.2797351158383703	2.523054599761963	1000
TGATGCAA	4	++++	16	4	1.5927144753406863	1.2369789389639947	2.794365167617798	1000
TGATGCAA	4	+-+-	16	0	1.2682222532243121	1.010988146294111	2.381134033203125	1000
TGATGCAA	4	+-+-	16	1	1.2127237957561856	0.9465896726351595	2.5258140563964844	1000
TGATGCAA	4	+-+-	16	2	1.0696354341168848	0.8529010056904139	2.3053736686706543	1000
TGATGCAA	4	+-+-	16	3	1.429900649552001	1.1505423504495065	2.433505058288574	1000
TGATGCAA	4	+-+-	16	4	1.6133747511888354	1.2576393867947948	2.808685779571533	1000
TGATGCAA	4	++--	16	0	1.2651456555830274	1.0079116346441517	2.3790013790130615	1000
TGATGCAA	4	++--	16	1	1.2403092970066274	0.9741753458682523	2.5449347496032715	1000
TGATGCAA	4	++--	16	2	1.1081355563303585	0.8914009559212368	2.3320600986480713	1000
TGATGCAA	4	++--	16	3	1.471992113480792	1.1926338143782975	2.4626805782318115	1000
TGATGCAA	4	++--	16	4	1.5997557890323113	1.2440203386469453	2.799246072769165	1000
TGATGCAA	4	+--+	16	0	1.1997200155417977	0.942485994602922	2.3336517810821533	1000
TGATGCAA	4	+--+	16	1	1.1733807865708332	0.9072466634498071	2.4985435009002686	1000
TGATGCAA	4	+--+	16	2	1.1231981408582252	0.9064637124317542	2.3425004482269287	1000
TGATGCAA	4	+--+	16	3	1.3809721013294847	1.1016137162356645	2.399590253829956	1000
TGATGCAA	4	+--+	16	4	1.5304056768810432	1.1746702264956772	2.751176357269287	1000
TGATGCAA	2	++	18	0	0.5699567393304416	0.31272267539590315	1.8971331119537354	1000
TGATGCAA	2	++	18	1	0.5568795225241354	0.29074552839009743	2.0712172985076904	1000
TGATGCAA	2	++	18	2	0.4542888185924172	0.23755428267678946	1.8788479566574097	1000
TGATGCAA	2	++	18	3	0.6375815645239167	0.3582232869192535	1.8843114376068115	1000
TGATGCAA	2	++	18	4	0.7887972243037158	0.43306168792702415	2.2371323108673096	1000
TGATGCAA	2	+-	18	0	0.5467784224953474	0.2895443370629775	1.881067156791687	1000
TGATGCAA	2	+-	18	1	0.5516458754800665	0.28551194583952266	2.06758975982666	1000
TGATGCAA	2	+-	18	2	0.4440038261141941	0.22726935469206042	1.8717190027236938	1000
TGATGCAA	2	+-	18	3	0.5618182193219745	0.28245994171731126	1.8317962884902954	1000
TGATGCAA	2	+-	18	4	0.750227535107968	0.39449204172693914	2.210397958755493	1000
TGATGCAA	2	-+	18	0	0.53632015749638	0.27908611505967285	1.8738181591033936	1000
TGATGCAA	2	-+	18	1	0.524877592790862	0.2587436201546554	2.0490353107452393	1000
TGATGCAA	2	-+	18	2	0.4260221800532331	0.20928768713326812	1.859255075454712	1000
TGATGCAA	2	-+	18	3	0.5909657100032152	0.31160743239855193	1.8519997596740723	1000
TGATGCAA	2	-+	18	4	0.7842860333802589	0.42855053999923	2.2340054512023926	1000
TGATGCAA	4	++++	18	0	1.3119613969396944	1.0547273760008187	2.411451578140259	1000
TGATGCAA	4	++++	18	1	1.3306751731453783	1.0645413079983284	2.607571840286255	1000
TGATGCAA	4	++++	18	2	1.0360929697885077	0.8193584553707115	2.2821240425109863	1000
TGATGCAA	4	++++	18	3	1.4573694605738325	1.1780112474626634	2.452544927597046	1000
TGATGCAA	4	++++	18	4	1.7251103316105445	1.3693747952338529	2.8861351013183594	1000
TGATGCAA	4	+-+-	18	0	1.2616164855959973	1.004382378665796	2.3765552043914795	1000
TGATGCAA	4	+-+-	18	1	1.2682533820841184	1.0021193449544177	2.5643041133880615	1000
TGATGCAA	4	+-+-	18	2	0.977668915446554	0.760934487020083	2.2416274547576904	1000
TGATGCAA	4	+-+-	18	3	1.3222856874536395	1.0429274743424704	2.3589119911193848	1000
TGATGCAA	4	+-+-	18	4	1.6514014911558093	1.2956658687877922	2.8350439071655273	1000
TGATGCAA	4	++--	18	0	1.165928262360995	0.9086943274134448	2.3102293014526367	1000
TGATGCAA	4	++--	18	1	1.1608020614780528	0.8946681103396776	2.4898247718811035	1000
TGATGCAA	4	++--	18	2	1.0316773152276053	0.8149428868011342	2.2790634632110596	1000
TGATGCAA	4	++--	18	3	1.3049218890659033	1.0255635899634086	2.346876382827759	1000
TGATGCAA	4	++--	18	4	1.6036419090112073	1.2479062006518649	2.8019394874572754	1000
TGATGCAA	4	+--+	18	0	1.1542169317678412	0.8969829108289655	2.3021113872528076	1000
TGATGCAA	4	+--+	18	1	1.147447264673254	0.8813133135348787	2.4805679321289062	1000
TGATGCAA	4	+--+	18	2	0.9898401276481149	0.773105699221644	2.250063896179199	1000
TGATGCAA	4	+--+	18	3	1.268317273638914	0.9889589745364193	2.3215041160583496	1000
TGATGCAA	4	+--+	18	4	1.618967626994894	1.2632322626008532	2.8125627040863037	1000
TGATGCAA	2	++	17	0	0.5509434983339428	0.293709412901573	1.8839540481567383	1000
TGATGCAA	2	++	17	1	0.5453321343929165	0.2791981187610472	2.063213348388672	1000
TGATGCAA	2	++	17	2	0.4589968866554493	0.24226239373548428	1.8821114301681519	1000
TGATGCAA	2	++	17	3	0.611711633211494	0.3323533126111681	1.866379737854004	1000
TGATGCAA	2	++	17	4	0.7699800865248633	0.4142445501481717	2.2240891456604004	1000
TGATGCAA	2	+-	17	0	0.5686086963173163	0.31137463238277774	1.8961987495422363	1000
TGATGCAA	2	+-	17	1	0.5583700101678379	0.2922359945359686	2.0722506046295166	1000
TGATGCAA	2	+-	17	2	0.45290289640043924	0.23616840348047424	1.877887487411499	1000
TGATGCAA	2	+-	17	3	0.6181179869561336	0.33875970935147043	1.8708202838897705	1000
TGATGCAA	2	+-	17	4	0.8301847632425252	0.4744493558528218	2.265819787979126	1000
TGATGCAA	2	-+	17	0	0.6367821891627063	0.3795482112194934	1.943453073501587	1000
TGATGCAA	2	-+	17	1	0.6266355997227652	0.3605015625930645	2.1195685863494873	1000
TGATGCAA	2	-+	17	2	0.5106707939336887	0.29393625801806106	1.91792893409729	1000
TGATGCAA	2	-+	17	3	0.7031692552179218	0.42381099911109	1.9297734498977661	1000
TGATGCAA	2	-+	17	4	0.7867367001637284	0.43100116378703685	2.235703945159912	1000
TGATGCAA	4	++++	17	0	1.1532104033036668	0.8959762963734655	2.3014137744903564	1000
TGATGCAA	4	++++	17	1	1.1612178295365136	0.895083792406813	2.490112781524658	1000
TGATGCAA	4	++++	17	2	0.9186492851846622	0.7019146847755404	2.2007181644439697	1000
TGATGCAA	4	++++	17	3	1.301249973478657	1.0218915883848367	2.3443312644958496	1000
TGATGCAA	4	++++	17	4	1.6118373982727727	1.2561018618960813	2.807620048522949	1000
TGATGCAA	4	+-+-	17	0	1.2753257386442243	1.0180917177053486	2.3860578536987305	1000
TGATGCAA	4	+-+-	17	1	1.2761871997423961	1.0100533345953462	2.5698037147521973	1000
TGATGCAA	4	+-+-	17	2	0.961895440631346	0.7451610122048751	2.230694055557251	1000
TGATGCAA	4	+-+-	17	3	1.4069113846458678	1.127553085543373	2.4175703525543213	1000
TGATGCAA	4	+-+-	17	4	1.698343983726162	1.3426086193321214	2.867582082748413	1000
TGATGCAA	4	++--	17	0	1.14904704729158	0.8918129403613787	2.2985284328460693	1000
TGATGCAA	4	++--	17	1	1.16881155150271	0.9026776863556603	2.4953763484954834	1000
TGATGCAA	4	++--	17	2	0.9151708500796365	0.69843633566184	2.1983070373535156	1000
TGATGCAA	4	++--	17	3	1.2507894897935798	0.9714311906910853	2.3093550205230713	1000
TGATGCAA	4	++--	17	4	1.6499449700856523	1.2942094337089607	2.8340342044830322	1000
TGATGCAA	4	+--+	17	0	1.1903524645146022	0.9331184435757266	2.3271586894989014	1000
TGATGCAA	4	+--+	17	1	1.2144144712054925	0.9482803480844664	2.5269858837127686	1000
TGATGCAA	4	+--+	17	2	0.952378866637178	0.7356443522193816	2.224097728729248	1000
TGATGCAA	4	+--+	17	3	1.2950572221863887	1.0156990090752196	2.340038776397705	1000
TGATGCAA	4	+--+	17	4	1.6559258387520572	1.3001902163840402	2.8381800651550293	1000
TGATGCAA	2	++	19	0	0.52499630381562	0.26776223988108155	1.865968942642212	1000
TGATGCAA	2	++	19	1	0.538310082758188	0.27217613161981286	2.0583462715148926	1000
TGATGCAA	2	++	19	2	0.44936207458881305	0.23262758166884803	1.8754329681396484	1000
TGATGCAA	2	++	19	3	0.5583549616858874	0.27899664108556144	1.8293957710266113	1000
TGATGCAA	2	++	19	4	0.7621110203346355	0.4063755269536066	2.218634843826294	1000
TGATGCAA	2	+-	19	0	0.6198732418908395	0.362639177956301	1.9317326545715332	1000
TGATGCAA	2	+-	19	1	0.6010292748184524	0.33489525918658314	2.1018197536468506	1000
TGATGCAA	2	+-	19	2	0.4790448612708642	0.2623103468530678	1.8960075378417969	1000
TGATGCAA	2	+-	19	3	0.6606971936827716	0.3813388945802769	1.9003340005874634	1000
TGATGCAA	2	+-	19	4	0.791198188101086	0.43546273771571986	2.2387964725494385	1000
TGATGCAA	2	-+	19	0	0.5483869762288671	0.29115293379216006	1.8821821212768555	1000
TGATGCAA	2	-+	19	1	0.5513376825697204	0.28520373143134514	2.067376136779785	1000
TGATGCAA	2	-+	19	2	0.42604131312314164	0.20930684170100797	1.859268307685852	1000
TGATGCAA	2	-+	19	3	0.6542717928595488	0.37491345076139154	1.8958802223205566	1000
TGATGCAA	2	-+	19	4	0.8588279577957735	0.5030923354277564	2.2856738567352295	1000
TGATGCAA	4	++++	19	0	1.1358200335963722	0.878585926666171	2.2893598079681396	1000
TGATGCAA	4	++++	19	1	1.116230177767193	0.8500961406374924	2.4589297771453857	1000
TGATGCAA	4	++++	19	2	0.9177298659331496	0.7009954375066787	2.2000808715820312	1000
TGATGCAA	4	++++	19	3	1.2098295857161407	0.9304712006223208	2.28096342086792	1000
TGATGCAA	4	++++	19	4	1.5866949105778372	1.230959460192471	2.7901928424835205	1000
TGATGCAA	4	+-+-	19	0	1.2951245533942015	1.0378905324553258	2.3997812271118164	1000
TGATGCAA	4	+-+-	19	1	1.2256682419560256	0.9595342908176505	2.5347867012023926	1000
TGATGCAA	4	+-+-	19	2	0.9216428152055802	0.7049083437834466	2.2027928829193115	1000
TGATGCAA	4	+-+-	19	3	1.4310926613051311	1.1517343622026366	2.4343316555023193	1000
TGATGCAA	4	+-+-	19	4	1.6868725689309618	1.3311371185455958	2.859630584716797	1000
TGATGCAA	4	++--	19	0	1.1773589172679408	0.9201248963290651	2.31815242767334	1000
TGATGCAA	4	++--	19	1	1.164674250862229	0.8985401277412028	2.492508888244629	1000
TGATGCAA	4	++--	19	2	0.9205936350439917	0.7038591206261953	2.202065944671631	1000
TGATGCAA	4	++--	19	3	1.2463136413048752	0.9669553422023808	2.3062524795532227	1000
TGATGCAA	4	++--	19	4	1.6063563111897752	1.250620860804409	2.803821325302124	1000
TGATGCAA	4	+--+	19	0	1.2048027048140717	0.9475685118925452	2.337174892425537	1000
TGATGCAA	4	+--+	19	1	1.170883770462956	0.9047497333332555	2.496812582015991	1000
TGATGCAA	4	+--+	19	2	0.9075212337519096	0.6907866763384505	2.193004608154297	1000
TGATGCAA	4	+--+	19	3	1.3359349185567155	1.0565767054455464	2.368373155593872	1000
TGATGCAA	4	+--+	19	4	1.6885194747956243	1.3327839384189326	2.860772132873535	1000
TGATGCAA	2	++	20	0	0.6277868515876408	0.37055283064876504	1.9372180700302124	1000
TGATGCAA	2	++	20	1	0.648154627942335	0.38202067680395985	2.1344845294952393	1000
TGATGCAA	2	++	20	2	0.5404869531614841	0.3237524172458563	1.9385958909988403	1000
TGATGCAA	2	++	20	3	0.7137537984782852	0.4343954993757907	1.9371100664138794	1000
TGATGCAA	2	++	20	4	0.8642812696806568	0.508545604316977	2.2894535064697266	1000
TGATGCAA	2	+-	20	0	0.5428932054253683	0.28565911999299853	1.8783740997314453	1000
TGATGCAA	2	+-	20	1	0.5571191803481127	0.29098518621407476	2.071383237838745	1000
TGATGCAA	2	+-	20	2	0.5121494147744817	0.29541487885885404	1.9189538955688477	1000
TGATGCAA	2	+-	20	3	0.6128956477713591	0.3335373701666958	1.867200493812561	1000
TGATGCAA	2	+-	20	4	0.7846595796979329	0.42892412931256674	2.2342641353607178	1000
TGATGCAA	2	-+	20	0	0.5408156120072829	0.28358150507708174	1.8769340515136719	1000
TGATGCAA	2	-+	20	1	0.5478939019688435	0.2817599508304683	2.0649893283843994	1000
TGATGCAA	2	-+	20	2	0.5471059634539155	0.33037140604045645	1.9431840181350708	1000
TGATGCAA	2	-+	20	3	0.6143528137764569	0.3349945146739623	1.8682104349136353	1000
TGATGCAA	2	-+	20	4	0.7732882588055349	0.41755267943318053	2.22638201713562	1000
TGATGCAA	4	++++	20	0	1.3656965162885246	1.108462495349649	2.4486982822418213	1000
TGATGCAA	4	++++	20	1	1.3970932390734117	1.1309591159523857	2.653609037399292	1000
TGATGCAA	4	++++	20	2	1.2636924881745621	1.0469579737567658	2.4398837089538574	1000
TGATGCAA	4	++++	20	3	1.5813505497022753	1.30199207861713	2.538482189178467	1000
TGATGCAA	4	++++	20	4	1.7498488320586034	1.3941132956819118	2.9032821655273438	1000
TGATGCAA	4	+-+-	20	0	1.2162475482897137	0.959013527350838	2.3451077938079834	1000
TGATGCAA	4	+-+-	20	1	1.260755540445778	0.9946216752987281	2.5591068267822266	1000
TGATGCAA	4	+-+-	20	2	1.1922655995228002	0.975530913122353	2.3903744220733643	1000
TGATGCAA	4	+-+-	20	3	1.386725608931449	1.107367223837629	2.403578519821167	1000
TGATGCAA	4	+-+-	20	4	1.6822488153625152	1.3265131929944982	2.8564257621765137	1000
TGATGCAA	4	++--	20	0	1.2746218136542427	1.017387792715367	2.3855698108673096	1000
TGATGCAA	4	++--	20	1	1.3143904799004806	1.0482565287621053	2.5962839126586914	1000
TGATGCAA	4	++--	20	2	1.182491653491616	0.9657571390738195	2.3835995197296143	1000
TGATGCAA	4	++--	20	3	1.4705586380858506	1.1912002529920305	2.4616870880126953	1000
TGATGCAA	4	++--	20	4	1.7639641361455176	1.4082286857601514	2.9130663871765137	1000
TGATGCAA	4	+--+	20	0	1.2151576082398707	0.9579235013096695	2.3443520069122314	1000
TGATGCAA	4	+--+	20	1	1.239071967824995	0.9729379306952944	2.544077157974243	1000
TGATGCAA	4	+--+	20	2	1.207076487441129	0.9903419730233326	2.4006407260894775	1000
TGATGCAA	4	+--+	20	3	1.3846961276599425	1.1053379145487734	2.4021716117858887	1000
TGATGCAA	4	+--+	20	4	1.6801578502933252	1.3244222279253082	2.8549764156341553	1000
TGATGCAA	2	++	22	0	0.6178354624564287	0.3606014200197217	1.9303202629089355	1000
TGATGCAA	2	++	22	1	0.603342312485569	0.33720829685369974	2.1034228801727295	1000
TGATGCAA	2	++	22	2	0.4614911510409126	0.24475659362745353	1.8838400840759277	1000
TGATGCAA	2	++	22	3	0.6705803916929164	0.39122209259042184	1.907184362411499	1000
TGATGCAA	2	++	22	4	0.8220602168244407	0.4663246804477491	2.260188341140747	1000
TGATGCAA	2	+-	22	0	0.5671901404173371	0.30995605498496726	1.895215630531311	1000
TGATGCAA	2	+-	22	1	0.5341525311605678	0.2680185155286985	2.055464267730713	1000
TGATGCAA	2	+-	22	2	0.44594133966315175	0.22920684674318675	1.873062014579773	1000
TGATGCAA	2	+-	22	3	0.595890390215009	0.31653211261034575	1.8554133176803589	1000
TGATGCAA	2	+-	22	4	0.7890509847050639	0.4333154053327095	2.2373080253601074	1000
TGATGCAA	2	-+	22	0	0.5791498999496622	0.3219158575129551	1.9035053253173828	1000
TGATGCAA	2	-+	22	1	0.5755890851548732	0.3094551125186666	2.084185838699341	1000
TGATGCAA	2	-+	22	2	0.45107377491718786	0.23433928199722284	1.8766193389892578	1000
TGATGCAA	2	-+	22	3	0.6137122213976557	0.33435390079732974	1.8677663803100586	1000
TGATGCAA	2	-+	22	4	0.7902514236080863	0.43451588723139467	2.238140106201172	1000
TGATGCAA	4	++++	22	0	1.3040057374847571	1.0467718025372068	2.4059371948242188	1000
TGATGCAA	4	++++	22	1	1.3456028372836428	1.0794688001539423	2.6179184913635254	1000
TGATGCAA	4	++++	22	2	1.0216855531691031	0.8049510387513068	2.272137403488159	1000
TGATGCAA	4	++++	22	3	1.4472001264283147	1.1678418273258202	2.4454963207244873	1000
TGATGCAA	4	++++	22	4	1.7093704794035802	1.3536349430268886	2.8752248287200928	1000
TGATGCAA	4	+-+-	22	0	1.2488325852007374	0.9915985642618617	2.367694139480591	1000
TGATGCAA	4	+-+-	22	1	1.223089792062965	0.9569557549332645	2.532999038696289	1000
TGATGCAA	4	+-+-	22	2	1.006712743584987	0.7899783151585161	2.2617592811584473	1000
TGATGCAA	4	+-+-	22	3	1.342338434587616	1.0629801354851214	2.372811794281006	1000
TGATGCAA	4	+-+-	22	4	1.6801860554480668	1.3244506050627005	2.8549962043762207	1000
TGATGCAA	4	++--	22	0	1.1884913542582904	0.9312572473280892	2.325868606567383	1000
TGATGCAA	4	++--	22	1	1.157684617957188	0.891550494836162	2.487663507461548	1000
TGATGCAA	4	++--	22	2	0.994017672228898	0.7772832438024271	2.2529594898223877	1000
TGATGCAA	4	++--	22	3	1.3229367277784807	1.0435783426846608	2.359363317489624	1000
TGATGCAA	4	++--	22	4	1.654406887979637	1.2986711796202945	2.837127208709717	1000
TGATGCAA	4	+--+	22	0	1.1582338445527185	0.9009997376225173	2.3048956394195557	1000
TGATGCAA	4	+--+	22	1	1.142650410566714	0.8765162874456879	2.4772427082061768	1000
TGATGCAA	4	+--+	22	2	0.9899362659499472	0.7732017515321509	2.2501304149627686	1000
TGATGCAA	4	+--+	22	3	1.2792901967205883	0.9999318976180936	2.3291099071502686	1000
TGATGCAA	4	+--+	22	4	1.6159156228726825	1.2601801724873165	2.8104472160339355	1000
TGATGCAA	2	++	21	0	0.5603022782459443	0.3030682358092372	1.8904411792755127	1000
TGATGCAA	2	++	21	1	0.5587785549549625	0.2926445393230932	2.07253360748291	1000
TGATGCAA	2	++	21	2	0.4620296287207641	0.24529513580079906	1.8842134475708008	1000
TGATGCAA	2	++	21	3	0.5965743652174903	0.3172160446171644	1.8558872938156128	1000
TGATGCAA	2	++	21	4	0.7761858225072714	0.4204503291262426	2.228390693664551	1000
TGATGCAA	2	+-	21	0	0.5833012601718514	0.32606719623731295	1.9063827991485596	1000
TGATGCAA	2	+-	21	1	0.5704723003220656	0.3043382846901963	2.080639123916626	1000
TGATGCAA	2	+-	21	2	0.44346466050373917	0.22673021057943687	1.8713451623916626	1000
TGATGCAA	2	+-	21	3	0.6487647363962709	0.36940643729377626	1.892063021659851	1000
TGATGCAA	2	+-	21	4	0.7751782621471917	0.41944272577050007	2.2276923656463623	1000
TGATGCAA	2	-+	21	0	0.6505702102650286	0.3933361463304902	1.9530102014541626	1000
TGATGCAA	2	-+	21	1	0.6678780712955718	0.4017440771615339	2.148155689239502	1000
TGATGCAA	2	-+	21	2	0.49219246197703603	0.27545790456357694	1.9051207304000854	1000
TGATGCAA	2	-+	21	3	0.7364997939247732	0.45714145182661586	1.9528762102127075	1000
TGATGCAA	2	-+	21	4	0.8132671738424525	0.457531766452749	2.2540934085845947	1000
TGATGCAA	4	++++	21	0	1.1482568730021907	0.8910226800806641	2.297980308532715	1000
TGATGCAA	4	++++	21	1	1.1376235296646449	0.8714895785262697	2.4737584590911865	1000
TGATGCAA	4	++++	21	2	0.9381338016401878	0.7213993732137168	2.214223623275757	1000
TGATGCAA	4	++++	21	3	1.2397563727841037	0.9603979876902835	2.3017070293426514	1000
TGATGCAA	4	++++	21	4	1.5755590339344703	1.2198234975577786	2.7824740409851074	1000
TGATGCAA	4	+-+-	21	0	1.2799126879253861	1.022678580995185	2.38923716545105	1000
TGATGCAA	4	+-+-	21	1	1.2908013395081377	1.0246673883697626	2.5799334049224854	1000
TGATGCAA	4	+-+-	21	2	0.9532502167377743	0.7365156163286526	2.2247016429901123	1000
TGATGCAA	4	+-+-	21	3	1.460228328179125	1.1808702010592813	2.454526901245117	1000
TGATGCAA	4	+-+-	21	4	1.5747870038147471	1.2190516394207063	2.7819390296936035	1000
TGATGCAA	4	++--	21	0	1.1156116421633648	0.8583775352331637	2.2753524780273438	1000
TGATGCAA	4	++--	21	1	1.1250570153400758	0.8589230642017006	2.46504807472229	1000
TGATGCAA	4	++--	21	2	0.90906709980919	0.692332671382719	2.1940760612487793	1000
TGATGCAA	4	++--	21	3	1.2032098015017805	0.9238515023992858	2.2763750553131104	1000
TGATGCAA	4	++--	21	4	1.5269218243225153	1.1711864599284747	2.7487611770629883	1000
TGATGCAA	4	+--+	21	0	1.2113298763709426	0.9540957694407414	2.3416991233825684	1000
TGATGCAA	4	+--+	21	1	1.2407935141601318	0.9746595630217565	2.5452704429626465	1000
TGATGCAA	4	+--+	21	2	0.9519974951088896	0.7352629806910933	2.2238333225250244	1000
TGATGCAA	4	+--+	21	3	1.367946651301088	1.088588438189919	2.390562057495117	1000
TGATGCAA	4	+--+	21	4	1.598412432546422	1.242676810178405	2.7983148097991943	1000
TGATGCAA	2	++	23	0	0.548555777200689	0.29132173476398193	1.8822991847991943	1000
TGATGCAA	2	++	23	1	0.5485812736286794	0.28244730099247284	2.0654656887054443	1000
TGATGCAA	2	++	23	2	0.4613996132749909	0.2446650558615318	1.8837769031524658	1000
TGATGCAA	2	++	23	3	0.5872980509865776	0.3079397088884203	1.8494575023651123	1000
TGATGCAA	2	++	23	4	0.7674987208382147	0.4117632274571858	2.2223691940307617	1000
TGATGCAA	2	+-	23	0	0.6136460940683989	0.3564120086360291	1.9274163246154785	1000
TGATGCAA	2	+-	23	1	0.6265811242181043	0.3604471300840664	2.11953067779541	1000
TGATGCAA	2	+-	23	2	0.4899467555177322	0.2732122410999358	1.903564214706421	1000
TGATGCAA	2	+-	23	3	0.6799454059760116	0.40058710687351706	1.9136757850646973	1000
TGATGCAA	2	+-	23	4	0.7906105233830878	0.4348749870063962	2.238389015197754	1000
TGATGCAA	2	-+	23	0	0.5784097296160113	0.3211756441836416	1.9029923677444458	1000
TGATGCAA	2	-+	23	1	0.5702267950879589	0.30409282245175234	2.0804688930511475	1000
TGATGCAA	2	-+	23	2	0.44829174056116833	0.23155718314770926	1.874691128730774	1000
TGATGCAA	2	-+	23	3	0.6470157588283215	0.3676574597258269	1.89085054397583	1000
TGATGCAA	2	-+	23	4	0.8276005519306607	0.4718650585496318	2.264028787612915	1000
TGATGCAA	4	++++	23	0	1.160873864234788	0.9036397573045869	2.30672550201416	1000
TGATGCAA	4	++++	23	1	1.1454569094548186	0.8793229583164435	2.4791882038116455	1000
TGATGCAA	4	++++	23	2	0.9441799377225952	0.7274454233047989	2.218414545059204	1000
TGATGCAA	4	++++	23	3	1.2692519133550277	0.9898936142525333	2.3221518993377686	1000
TGATGCAA	4	++++	23	4	1.6300061614578725	1.2742707110725062	2.820213794708252	1000
TGATGCAA	4	+-+-	23	0	1.3136104525874923	1.0563763456572912	2.412594795227051	1000
TGATGCAA	4	+-+-	23	1	1.350777451282803	1.0846434141531025	2.6215054988861084	1000
TGATGCAA	4	+-+-	23	2	0.9918826796010871	0.7751481651832907	2.2514796257019043	1000
TGATGCAA	4	+-+-	23	3	1.4786904937665968	1.1993321946641022	2.4673237800598145	1000
TGATGCAA	4	+-+-	23	4	1.688916926701768	1.333181304333751	2.8610475063323975	1000
TGATGCAA	4	++--	23	0	1.1964379846240574	0.9392038776938562	2.3313770294189453	1000
TGATGCAA	4	++--	23	1	1.1887817469642723	0.9226478818172225	2.509218692779541	1000
TGATGCAA	4	++--	23	2	0.9796355370591702	0.7629011086326992	2.242990732192993	1000
TGATGCAA	4	++--	23	3	1.3127369527037602	1.03337856760994	2.3522934913635254	1000
TGATGCAA	4	++--	23	4	1.6154837744363661	1.2597482380596745	2.810147762298584	1000
TGATGCAA	4	+--+	23	0	1.2201799316016917	0.9629458246714906	2.3478333950042725	1000
TGATGCAA	4	+--+	23	1	1.210269775311024	0.9441357381813236	2.5241129398345947	1000
TGATGCAA	4	+--+	23	2	0.9599903028164133	0.7432557024072914	2.2293734550476074	1000
TGATGCAA	4	+--+	23	3	1.3772307907426151	1.097872577631446	2.3969969749450684	1000
TGATGCAA	4	+--+	23	4	1.690874089268587	1.335138724874546	2.8624043464660645	1000
TGATGCAA	2	++	24	0	0.6366360469051358	0.37940193997493454	1.9433518648147583	1000
TGATGCAA	2	++	24	1	0.6519519188820604	0.38581788175235976	2.1371166706085205	1000
TGATGCAA	2	++	24	2	0.5682477477288179	0.3515132333110215	1.9578381776809692	1000
TGATGCAA	2	++	24	3	0.7488212329718629	0.4694628478780428	1.9614168405532837	1000
TGATGCAA	2	++	24	4	0.882060062204925	0.5263245688238962	2.3017773628234863	1000
TGATGCAA	2	+-	24	0	0.5319855067640337	0.27475148582515796	1.8708136081695557	1000
TGATGCAA	2	+-	24	1	0.528359295566254	0.2622253229300475	2.0514488220214844	1000
TGATGCAA	2	+-	24	2	0.5323513138624189	0.3156167564489598	1.9329568147659302	1000
TGATGCAA	2	+-	24	3	0.594600348350887	0.31524204924839244	1.854519009590149	1000
TGATGCAA	2	+-	24	4	0.7388037595070568	0.38306813713903975	2.202479362487793	1000
TGATGCAA	2	-+	24	0	0.5530550583255737	0.2958209513953725	1.8854178190231323	1000
TGATGCAA	2	-+	24	1	0.5499951859970853	0.2838612133608787	2.0664455890655518	1000
TGATGCAA	2	-+	24	2	0.5449370902438847	0.328202618821751	1.941680669784546	1000
TGATGCAA	2	-+	24	3	0.6126997595320263	0.3333415034251944	1.8670647144317627	1000
TGATGCAA	2	-+	24	4	0.7544252876502274	0.39868975127353584	2.2133073806762695	1000
TGATGCAA	4	++++	24	0	1.3215354991305759	1.0643013922003748	2.418087959289551	1000
TGATGCAA	4	++++	24	1	1.3551140798156343	1.0889802146685845	2.62451171875	1000
TGATGCAA	4	++++	24	2	1.2603306573068214	1.043596142889025	2.4375534057617188	1000
TGATGCAA	4	++++	24	3	1.6446320820351983	1.3652736969413783	2.582345724105835	1000
TGATGCAA	4	++++	24	4	1.7432445262828207	1.387508989906129	2.8987045288085938	1000
TGATGCAA	4	+-+-	24	0	1.175797830746059	0.9185638098071833	2.317070245742798	1000
TGATGCAA	4	+-+-	24	1	1.2323042785308926	0.966170241401192	2.53938627243042	1000
TGATGCAA	4	+-+-	24	2	1.2016191339639504	0.9848846195461539	2.396857976913452	1000
TGATGCAA	4	+-+-	24	3	1.3848436887743827	1.1054854756632135	2.4022738933563232	1000
TGATGCAA	4	+-+-	24	4	1.5881976949810763	1.23246224459571	2.7912344932556152	1000
TGATGCAA	4	++--	24	0	1.263230026826392	1.005995919896191	2.377673625946045	1000
TGATGCAA	4	++--	24	1	1.284694923506603	1.0185608003855768	2.575700521469116	1000
TGATGCAA	4	++--	24	2	1.218904680245544	1.0021702518190732	2.408839702606201	1000
TGATGCAA	4	++--	24	3	1.5389385961036015	1.2595803829924324	2.509084463119507	1000
TGATGCAA	4	++--	24	4	1.7745312661624812	1.4187957297857896	2.920391082763672	1000
TGATGCAA	4	+--+	24	0	1.18158453099964	0.9243504240694389	2.3210813999176025	1000
TGATGCAA	4	+--+	24	1	1.1776464722601834	0.9115126071131336	2.5015006065368652	1000
TGATGCAA	4	+--+	24	2	1.1922046316730692	0.975470117255273	2.390331983566284	1000
TGATGCAA	4	+--+	24	3	1.3984149257452925	1.1190567126341233	2.4116809368133545	1000
TGATGCAA	4	+--+	24	4	1.5792372268884731	1.2235017765031069	2.7850234508514404	1000
TGATGCAA	2	++	25	0	0.5372107266582102	0.27997666272367183	1.874435305595398	1000
TGATGCAA	2	++	25	1	0.5331106602616409	0.26697666612760296	2.0547420978546143	1000
TGATGCAA	2	++	25	2	0.4380756701302785	0.22134113421465076	1.8676098585128784	1000
TGATGCAA	2	++	25	3	0.587322042566373	0.3079637864595411	1.8494740724563599	1000
TGATGCAA	2	++	25	4	0.767630545540101	0.41189500916340943	2.2224605083465576	1000
TGATGCAA	2	+-	25	0	0.5899232371650103	0.3326891732304718	1.9109729528427124	1000
TGATGCAA	2	+-	25	1	0.5875004745666431	0.3213665019304366	2.092442274093628	1000
TGATGCAA	2	+-	25	2	0.4365743475795716	0.2198398546596066	1.8665692806243896	1000
TGATGCAA	2	+-	25	3	0.6247124037294918	0.34535414762265987	1.8753912448883057	1000
TGATGCAA	2	+-	25	4	0.8578754318839698	0.5021398525116154	2.2850136756896973	1000
TGATGCAA	2	-+	25	0	0.6333421491844857	0.3761080422542846	1.9410686492919922	1000
TGATGCAA	2	-+	25	1	0.6355653259165266	0.36943137477815136	2.125758409500122	1000
TGATGCAA	2	-+	25	2	0.4733453992169334	0.2566108847991371	1.892056941986084	1000
TGATGCAA	2	-+	25	3	0.7055736156726466	0.4262153595658148	1.931439995765686	1000
TGATGCAA	2	-+	25	4	0.8085379089177015	0.4528025015279981	2.2508153915405273	1000
TGATGCAA	4	++++	25	0	1.1400342964731143	0.8828001035515878	2.292280673980713	1000
TGATGCAA	4	++++	25	1	1.1357355901147985	0.8696017249677487	2.472450017929077	1000
TGATGCAA	4	++++	25	2	0.9059770875211378	0.6892424871120161	2.191934585571289	1000
TGATGCAA	4	++++	25	3	1.250899730672783	0.971541345578963	2.3094310760498047	1000
TGATGCAA	4	++++	25	4	1.5936574562153671	1.237922005830001	2.7950186729431152	1000
TGATGCAA	4	+-+-	25	0	1.295895465626694	1.038661358696493	2.400315523147583	1000
TGATGCAA	4	+-+-	25	1	1.297954269940173	1.0318202328104722	2.5848910808563232	1000
TGATGCAA	4	+-+-	25	2	0.9275250518217154	0.7107905803995818	2.2068703174591064	1000
TGATGCAA	4	+-+-	25	3	1.4283464423361538	1.1489880572423339	2.4324276447296143	1000
TGATGCAA	4	+-+-	25	4	1.770411937709015	1.414676315340998	2.9175355434417725	1000
TGATGCAA	4	++--	25	0	1.1395427700569485	0.8823087491180727	2.291940212249756	1000
TGATGCAA	4	++--	25	1	1.153510255055446	0.8873761319344199	2.4847702980041504	1000
TGATGCAA	4	++--	25	2	0.9090591026159248	0.6923246311937912	2.194070816040039	1000
TGATGCAA	4	++--	25	3	1.225682258542071	0.9463239594395765	2.2919516563415527	1000
TGATGCAA	4	++--	25	4	1.6798314272219876	1.324095890845296	2.854749917984009	1000
TGATGCAA	4	+--+	25	0	1.2512988164141101	0.9940646234925835	2.36940336227417	1000
TGATGCAA	4	+--+	25	1	1.2589443911495417	0.9928103540198411	2.557851552963257	1000
TGATGCAA	4	+--+	25	2	0.9333689363067083	0.7166343788932492	2.210920810699463	1000
TGATGCAA	4	+--+	25	3	1.3492215242404473	1.0698632251379527	2.3775827884674072	1000
TGATGCAA	4	+--+	25	4	1.7060880185292127	1.3503523101698702	2.8729496002197266	1000
TGATGCAA	2	++	26	0	0.5891451016611815	0.33191103772664304	1.9104336500167847	1000
TGATGCAA	2	++	26	1	0.5691540103075394	0.30302010216482694	2.079725503921509	1000
TGATGCAA	2	++	26	2	0.44303435991128043	0.22629984549348406	1.871047019958496	1000
TGATGCAA	2	++	26	3	0.670240167013847	0.3908818679113525	1.9069485664367676	1000
TGATGCAA	2	++	26	4	0.7847583837308536	0.42902284735416196	2.234332799911499	1000
TGATGCAA	2	+-	26	0	0.5537707211314765	0.2965367001926008	1.8859139680862427	1000
TGATGCAA	2	+-	26	1	0.5622892798026877	0.29615530716648114	2.074967384338379	1000
TGATGCAA	2	+-	26	2	0.44385441618625704	0.22711992326629202	1.8716154098510742	1000
TGATGCAA	2	+-	26	3	0.579415355171269	0.30005703457094296	1.8439936637878418	1000
TGATGCAA	2	+-	26	4	0.7857560550885088	0.4300204757161544	2.2350242137908936	1000
TGATGCAA	2	-+	26	0	0.5486239683217561	0.29138992588504903	1.8823463916778564	1000
TGATGCAA	2	-+	26	1	0.5490072746548665	0.28287328052082866	2.065760850906372	1000
TGATGCAA	2	-+	26	2	0.43514641862512043	0.2184118827094927	1.8655794858932495	1000
TGATGCAA	2	-+	26	3	0.6025870936699678	0.3232288160653045	1.8600552082061768	1000
TGATGCAA	2	-+	26	4	0.7818938406980827	0.42615843330837916	2.232347249984741	1000
TGATGCAA	4	++++	26	0	1.2948811119519053	1.037647177004355	2.3996126651763916	1000
TGATGCAA	4	++++	26	1	1.3061121809925247	1.0399781438628242	2.590545892715454	1000
TGATGCAA	4	++++	26	2	0.9972860305258948	0.780551430116773	2.25522518157959	1000
TGATGCAA	4	++++	26	3	1.4727877052236833	1.1934294061211888	2.4632320404052734	1000
TGATGCAA	4	++++	26	4	1.6421747939196705	1.286439085560328	2.828648328781128	1000
TGATGCAA	4	+-+-	26	0	1.2072101179608494	0.9499760970219736	2.338843822479248	1000
TGATGCAA	4	+-+-	26	1	1.2335061792864475	0.9673722281480722	2.540219306945801	1000
TGATGCAA	4	+-+-	26	2	0.974870327760389	0.758135899333918	2.239687442779541	1000
TGATGCAA	4	+-+-	26	3	1.3030029926389015	1.0236447795277324	2.3455464839935303	1000
TGATGCAA	4	+-+-	26	4	1.6358852163949666	1.2801495080356242	2.8242886066436768	1000
TGATGCAA	4	++--	26	0	1.2049126017279732	0.947678494797772	2.3372509479522705	1000
TGATGCAA	4	++--	26	1	1.2032897734344317	0.937155736304731	2.519274950027466	1000
TGATGCAA	4	++--	26	2	0.9897134624257544	0.7729789480079581	2.24997615814209	1000
TGATGCAA	4	++--	26	3	1.3639260408892173	1.0845678277780482	2.38777494430542	1000
TGATGCAA	4	++--	26	4	1.6187112008624576	1.2629755784944405	2.812384843826294	1000
TGATGCAA	4	+--+	26	0	1.174504177246269	0.9172700703160679	2.3161733150482178	1000
TGATGCAA	4	+--+	26	1	1.1945328468091245	0.9283988956707494	2.513205051422119	1000
TGATGCAA	4	+--+	26	2	0.9821457958311637	0.7654112814133673	2.2447304725646973	1000
TGATGCAA	4	+--+	26	3	1.2947844577021204	1.0154262445909512	2.3398499488830566	1000
TGATGCAA	4	+--+	26	4	1.6290736715248944	1.2733381351482027	2.8195674419403076	1000
TGATGCAA	2	++	27	0	0.5626746499276085	0.30544056449523876	1.8920856714248657	1000
TGATGCAA	2	++	27	1	0.5665150225213751	0.30038102838733716	2.0778963565826416	1000
TGATGCAA	2	++	27	2	0.4758805954733021	0.25914608105550574	1.893814206123352	1000
TGATGCAA	2	++	27	3	0.6138269338257811	0.3344686347232866	1.867845892906189	1000
TGATGCAA	2	++	27	4	0.7723996244485267	0.4166640450761724	2.22576642036438	1000
TGATGCAA	2	+-	27	0	0.6400105614933776	0.3827765405545019	1.9456907510757446	1000
TGATGCAA	2	+-	27	1	0.6268716889067371	0.3607377377683618	2.11973237991333	1000
TGATGCAA	2	+-	27	2	0.49039735006299273	0.2736628356451964	1.9038764238357544	1000
TGATGCAA	2	+-	27	3	0.7492361411170694	0.4698778850102375	1.9617044925689697	1000
TGATGCAA	2	+-	27	4	0.7927010584956506	0.43696552211895906	2.2398383617401123	1000
TGATGCAA	2	-+	27	0	0.5885522344679947	0.3313181705334562	1.9100226163864136	1000
TGATGCAA	2	-+	27	1	0.6033047772720183	0.3371707831379803	2.1033968925476074	1000
TGATGCAA	2	-+	27	2	0.4688781068651093	0.2521435494516502	1.8889604806900024	1000
TGATGCAA	2	-+	27	3	0.6837726648926499	0.40441440878581797	1.91632878780365	1000
TGATGCAA	2	-+	27	4	0.8338453279748147	0.4781098345937858	2.268357276916504	1000
TGATGCAA	4	++++	27	0	1.1745003076366247	0.9172662007064235	2.3161709308624268	1000
TGATGCAA	4	++++	27	1	1.1407873225099172	0.8746531993888911	2.4759514331817627	1000
TGATGCAA	4	++++	27	2	0.9737569120787031	0.7570223116695812	2.2389159202575684	1000
TGATGCAA	4	++++	27	3	1.24993043645252	0.9705721373500256	2.3087592124938965	1000
TGATGCAA	4	++++	27	4	1.5697872961715145	1.2140516738034974	2.778473138809204	1000
TGATGCAA	4	+-+-	27	0	1.32215919421393	1.0649251732750542	2.418520212173462	1000
TGATGCAA	4	+-+-	27	1	1.3401834059809794	1.0740494548426043	2.6141624450683594	1000
TGATGCAA	4	+-+-	27	2	0.9983248917284316	0.7815902913193098	2.2559447288513184	1000
TGATGCAA	4	+-+-	27	3	1.57227003771937	1.2929119105995261	2.5321881771087646	1000
TGATGCAA	4	+-+-	27	4	1.6226465078795003	1.2669110574941342	2.815112590789795	1000
TGATGCAA	4	++--	27	0	1.218802608542257	0.9615684156207304	2.346879005432129	1000
TGATGCAA	4	++--	27	1	1.1929119103247425	0.926777873195042	2.5120816230773926	1000
TGATGCAA	4	++--	27	2	0.9816733594892436	0.7649387590801218	2.244403123855591	1000
TGATGCAA	4	++--	27	3	1.3583427101202816	1.078984411017787	2.3839046955108643	1000
TGATGCAA	4	++--	27	4	1.5563509795902066	1.2006155292048404	2.7691597938537598	1000
TGATGCAA	4	+--+	27	0	1.239831615193856	0.9825975082636549	2.361454963684082	1000
TGATGCAA	4	+--+	27	1	1.2133390636896473	0.947205112551272	2.526240825653076	1000
TGATGCAA	4	+--+	27	2	0.9709704491694239	0.7542360207429529	2.2369844913482666	1000
TGATGCAA	4	+--+	27	3	1.4142413712169661	1.1348830721144716	2.4226508140563965	1000
TGATGCAA	4	+--+	27	4	1.6421300784304462	1.2863945420537546	2.8286173343658447	1000
TGATGCAA	2	++	28	0	0.6418592889988274	0.3846251820686262	1.9469722509384155	1000
TGATGCAA	2	++	28	1	0.6751306656737819	0.40899667153974395	2.1531825065612793	1000
TGATGCAA	2	++	28	2	0.5334114149223372	0.31667685750887814	1.933691382408142	1000
TGATGCAA	2	++	28	3	0.7239092020290833	0.4445509459222514	1.944149136543274	1000
TGATGCAA	2	++	28	4	0.8469093021170045	0.4911737657403129	2.2774124145507812	1000
TGATGCAA	2	+-	28	0	0.5486774979218372	0.291443390991636	1.8823835849761963	1000
TGATGCAA	2	+-	28	1	0.5513714771606149	0.285237483026577	2.067399501800537	1000
TGATGCAA	2	+-	28	2	0.5233701648560495	0.3066356504382531	1.9267314672470093	1000
TGATGCAA	2	+-	28	3	0.6130254516770978	0.3336671740724345	1.8672904968261719	1000
TGATGCAA	2	+-	28	4	0.7636805340064095	0.4079450406253806	2.2197227478027344	1000
TGATGCAA	2	-+	28	0	0.5422482704846328	0.2850141635544316	1.8779270648956299	1000
TGATGCAA	2	-+	28	1	0.56020325923471	0.2940692651006721	2.073521137237549	1000
TGATGCAA	2	-+	28	2	0.5192146340545768	0.30248011963678045	1.9238511323928833	1000
TGATGCAA	2	-+	28	3	0.614794852184837	0.3354365745801738	1.8685168027877808	1000
TGATGCAA	2	-+	28	4	0.760096501553754	0.4043609651770624	2.217238187789917	1000
TGATGCAA	4	++++	28	0	1.3258995588962197	1.0686654519660186	2.4211127758026123	1000
TGATGCAA	4	++++	28	1	1.3881661356150758	1.1220320984853753	2.647421360015869	1000
TGATGCAA	4	++++	28	2	1.1641398147746727	0.9474053003568764	2.3708794116973877	1000
TGATGCAA	4	++++	28	3	1.5137894010852821	1.2344311019827876	2.491652250289917	1000
TGATGCAA	4	++++	28	4	1.629565541906362	1.2738300055296703	2.819908380508423	1000
TGATGCAA	4	+-+-	28	0	1.165694623929798	0.9084605169995968	2.3100671768188477	1000
TGATGCAA	4	+-+-	28	1	1.2212641962240565	0.9551301590943557	2.531733751296997	1000
TGATGCAA	4	+-+-	28	2	1.1416182566875608	0.9248837422697644	2.3552684783935547	1000
TGATGCAA	4	+-+-	28	3	1.3345089244070865	1.0551505393132665	2.367384672164917	1000
TGATGCAA	4	+-+-	28	4	1.585316297648521	1.2295808472631546	2.7892372608184814	1000
TGATGCAA	4	++--	28	0	1.2958597792266402	1.0386257582877645	2.4002907276153564	1000
TGATGCAA	4	++--	28	1	1.336249560816469	1.0701156096780937	2.611435651779175	1000
TGATGCAA	4	++--	28	2	1.1222567938187276	0.9055222794009312	2.341848134994507	1000
TGATGCAA	4	++--	28	3	1.480598297312618	1.2012401701927742	2.4686460494995117	1000
TGATGCAA	4	++--	28	4	1.716995158246932	1.3612597078615658	2.880510091781616	1000
TGATGCAA	4	+--+	28	0	1.172046631156765	0.9148125242265638	2.314470052719116	1000
TGATGCAA	4	+--+	28	1	1.1988894253294557	0.932755560182406	2.5162246227264404	1000
TGATGCAA	4	+--+	28	2	1.1041017892456968	0.8873672748279005	2.3292641639709473	1000
TGATGCAA	4	+--+	28	3	1.3243123310114069	1.0449540319089123	2.3603169918060303	1000
TGATGCAA	4	+--+	28	4	1.564522735245953	1.2087873708519121	2.7748241424560547	1000
TGATGCAA	2	++	29	0	0.5139950895878788	0.256761068649003	1.858343482017517	1000
TGATGCAA	2	++	29	1	0.5199627585858301	0.25382874295396074	2.045628547668457	1000
TGATGCAA	2	++	29	2	0.4329609490892813	0.2162263916758222	1.8640645742416382	1000
TGATGCAA	2	++	29	3	0.5578846321314404	0.2785263975224398	1.82906973361969	1000
TGATGCAA	2	++	29	4	0.7333970549205573	0.37766156153952835	2.1987318992614746	1000
TGATGCAA	2	+-	29	0	0.56446339848357	0.3072293775446942	1.8933254480361938	1000
TGATGCAA	2	+-	29	1	0.5517028017375021	0.28556882910129555	2.067629098892212	1000
TGATGCAA	2	+-	29	2	0.42219805981997316	0.20546350240651406	1.8566042184829712	1000
TGATGCAA	2	+-	29	3	0.6306081839793825	0.35124986337905645	1.8794777393341064	1000
TGATGCAA	2	+-	29	4	0.8839262459494375	0.5281907955640712	2.3030707836151123	1000
TGATGCAA	2	-+	29	0	0.5880185723023673	0.3307844653721662	1.9096527099609375	1000
TGATGCAA	2	-+	29	1	0.5907442393445665	0.32461026670836	2.0946905612945557	1000
TGATGCAA	2	-+	29	2	0.44696708718856026	0.23023255127293255	1.8737728595733643	1000
TGATGCAA	2	-+	29	3	0.6773369451103755	0.39797864600788085	1.911867618560791	1000
TGATGCAA	2	-+	29	4	0.7525156782863722	0.39678014190968064	2.2119839191436768	1000
TGATGCAA	4	++++	29	0	1.0968922765215279	0.8396581695913268	2.2623772621154785	1000
TGATGCAA	4	++++	29	1	1.0987740246959434	0.8326401595488936	2.4468300342559814	1000
TGATGCAA	4	++++	29	2	0.9102726122004128	0.6935380547869537	2.1949119567871094	1000
TGATGCAA	4	++++	29	3	1.1745289427479932	0.8951706436454987	2.2564947605133057	1000
TGATGCAA	4	++++	29	4	1.5100178215518607	1.1542821131925183	2.737044095993042	1000
TGATGCAA	4	+-+-	29	0	1.1960715755863942	0.9388375546475184	2.331123113632202	1000
TGATGCAA	4	+-+-	29	1	1.1529163129706912	0.8867822758409907	2.484358310699463	1000
TGATGCAA	4	+-+-	29	2	0.8846672332006799	0.6679327617785462	2.177163600921631	1000
TGATGCAA	4	+-+-	29	3	1.357117075758908	1.0777587766564134	2.3830554485321045	1000
TGATGCAA	4	+-+-	29	4	1.759643587990542	1.4039080516138505	2.910071849822998	1000
TGATGCAA	4	++--	29	0	1.0823030742401614	0.8250690533012855	2.2522647380828857	1000
TGATGCAA	4	++--	29	1	1.0773738794837824	0.8112400143367325	2.4319965839385986	1000
TGATGCAA	4	++--	29	2	0.8815407605906448	0.6648062461728484	2.1749963760375977	1000
TGATGCAA	4	++--	29	3	1.1697702687899447	0.8904120556787757	2.2531967163085938	1000
TGATGCAA	4	++--	29	4	1.6298666835280227	1.2741312331426566	2.820117235183716	1000
TGATGCAA	4	+--+	29	0	1.1910607750621809	0.9338267541233051	2.3276493549346924	1000
TGATGCAA	4	+--+	29	1	1.1758322272762316	0.909698190146531	2.5002427101135254	1000
TGATGCAA	4	+--+	29	2	0.9098264892040747	0.6930920607776038	2.1946024894714355	1000
TGATGCAA	4	+--+	29	3	1.3338061173043356	1.054447818201841	2.3668973445892334	1000
TGATGCAA	4	+--+	29	4	1.6692895786547008	1.3135541282693348	2.847442865371704	1000
TGATGCAA	2	++	30	0	0.541428386192307	0.28419432225776864	1.8773589134216309	1000
TGATGCAA	2	++	30	1	0.5294266198975087	0.26329269025696483	2.0521883964538574	1000
TGATGCAA	2	++	30	2	0.4285192821524357	0.21178478923247065	1.8609858751296997	1000
TGATGCAA	2	++	30	3	0.6074527408368529	0.32809450622785236	1.863427758216858	1000
TGATGCAA	2	++	30	4	0.756232309362843	0.4004967729861514	2.21455979347229	1000
TGATGCAA	2	+-	30	0	0.5189089348926682	0.26167491395379244	1.861749529838562	1000
TGATGCAA	2	+-	30	1	0.5243134467003693	0.2581794525663313	2.0486443042755127	1000
TGATGCAA	2	+-	30	2	0.4166459009065064	0.19991138648871	1.8527559041976929	1000
TGATGCAA	2	+-	30	3	0.5686794671781462	0.28932116807565167	1.8365521430969238	1000
TGATGCAA	2	+-	30	4	0.7521169365103468	0.39638148612498064	2.211707592010498	1000
TGATGCAA	2	-+	30	0	0.5236001916515785	0.26636612771704	1.8650012016296387	1000
TGATGCAA	2	-+	30	1	0.5371145453607152	0.27098059422234	2.0575172901153564	1000
TGATGCAA	2	-+	30	2	0.4232170140306726	0.20648252111070756	1.8573105335235596	1000
TGATGCAA	2	-+	30	3	0.5662046368322304	0.2868463162319045	1.834836721420288	1000
TGATGCAA	2	-+	30	4	0.7363911868807533	0.3806556505040617	2.2008070945739746	1000
TGATGCAA	4	++++	30	0	1.2065945920534114	0.9493605711145356	2.3384170532226562	1000
TGATGCAA	4	++++	30	1	1.2001494562210022	0.9340154190913016	2.5170981884002686	1000
TGATGCAA	4	++++	30	2	0.9552521807851428	0.7385175803760211	2.2260892391204834	1000
TGATGCAA	4	++++	30	3	1.3225268931214746	1.0431685080276547	2.359079360961914	1000
TGATGCAA	4	++++	30	4	1.579075563196662	1.223340112811296	2.784911632537842	1000
TGATGCAA	4	+-+-	30	0	1.1664352672157388	0.9092011602855375	2.3105804920196533	1000
TGATGCAA	4	+-+-	30	1	1.1876577543495583	0.9215237172198577	2.508439540863037	1000
TGATGCAA	4	+-+-	30	2	0.9330043330868791	0.7162698616647455	2.2106685638427734	1000
TGATGCAA	4	+-+-	30	3	1.26072105792428	0.9813628448131108	2.3162388801574707	1000
TGATGCAA	4	+-+-	30	4	1.5749717131817738	1.219236348787733	2.782066822052002	1000
TGATGCAA	4	++--	30	0	1.1703916421075122	0.9131576211686364	2.3133230209350586	1000
TGATGCAA	4	++--	30	1	1.151589896775912	0.8854559456375367	2.4834389686584473	1000
TGATGCAA	4	++--	30	2	0.9413206401606756	0.7245861257428793	2.216432571411133	1000
TGATGCAA	4	++--	30	3	1.2939590269693044	1.0146008138581353	2.339277505874634	1000
TGATGCAA	4	++--	30	4	1.610611161972121	1.2548756255954294	2.8067703247070312	1000
TGATGCAA	4	+--+	30	0	1.1457446364297121	0.8885106154908364	2.296238899230957	1000
TGATGCAA	4	+--+	30	1	1.1592144896279382	0.893080538489563	2.4887242317199707	1000
TGATGCAA	4	+--+	30	2	0.93128132489921	0.714546767485751	2.2094740867614746	1000
TGATGCAA	4	+--+	30	3	1.2354294612710461	0.9560711621685516	2.298707962036133	1000
TGATGCAA	4	+--+	30	4	1.5704391104182844	1.2147034880502674	2.7789249420166016	1000
TGATGCAA	2	++	31	0	0.5427556193046781	0.28552157686797097	1.8782788515090942	1000
TGATGCAA	2	++	31	1	0.5587264442117511	0.29259249307337587	2.072497606277466	1000
TGATGCAA	2	++	31	2	0.4570768293455542	0.2403422719320951	1.8807804584503174	1000
TGATGCAA	2	++	31	3	0.5894733735460158	0.31011511743918396	1.8509653806686401	1000
TGATGCAA	2	++	31	4	0.7633318391817852	0.4075963028050935	2.2194809913635254	1000
TGATGCAA	2	+-	31	0	0.6061280874642448	0.34889404502753774	1.9222053289413452	1000
TGATGCAA	2	+-	31	1	0.6394524777913277	0.37331848365728987	2.1284525394439697	1000
TGATGCAA	2	+-	31	2	0.47979608148983294	0.26306158856986794	1.8965282440185547	1000
TGATGCAA	2	+-	31	3	0.6881992403518823	0.4088409842450504	1.919396996498108	1000
TGATGCAA	2	+-	31	4	0.7687272789046532	0.41299169953229886	2.2232205867767334	1000
TGATGCAA	2	-+	31	0	0.5892290291948025	0.3319949867580954	1.9104918241500854	1000
TGATGCAA	2	-+	31	1	0.5926014369955713	0.3264673998658707	2.095978021621704	1000
TGATGCAA	2	-+	31	2	0.44840051958783905	0.23166602666787406	1.8747665882110596	1000
TGATGCAA	2	-+	31	3	0.6383802519545236	0.35902199584769173	1.8848650455474854	1000
TGATGCAA	2	-+	31	4	0.8211249751690488	0.4653894817880199	2.25954008102417	1000
TGATGCAA	4	++++	31	0	1.117738293632609	0.8605041867024078	2.2768261432647705	1000
TGATGCAA	4	++++	31	1	1.1536009759037762	0.887467024765401	2.484833240509033	1000
TGATGCAA	4	++++	31	2	0.9352235112222873	0.7184890827958165	2.2122066020965576	1000
TGATGCAA	4	++++	31	3	1.227984332315195	0.9486260332127006	2.2935473918914795	1000
TGATGCAA	4	++++	31	4	1.5621877267951887	1.206452190418497	2.773205518722534	1000
TGATGCAA	4	+-+-	31	0	1.2913536617913837	1.034119640852508	2.397167444229126	1000
TGATGCAA	4	+-+-	31	1	1.3743212742466435	1.1081874090995938	2.6378250122070312	1000
TGATGCAA	4	+-+-	31	2	0.9690334945640815	0.7522990661376106	2.2356419563293457	1000
TGATGCAA	4	+-+-	31	3	1.4234682404357557	1.1441099413332612	2.429046392440796	1000
TGATGCAA	4	+-+-	31	4	1.5226201942591349	1.1668845718911178	2.745779275894165	1000
TGATGCAA	4	++--	31	0	1.1511344007251016	0.8939002937949005	2.2999749183654785	1000
TGATGCAA	4	++--	31	1	1.2194882173799215	0.9533542662415464	2.530503034591675	1000
TGATGCAA	4	++--	31	2	0.9555734443769546	0.7388388439678328	2.2263119220733643	1000
TGATGCAA	4	++--	31	3	1.2864339260808022	1.0070756269783077	2.334061622619629	1000
TGATGCAA	4	++--	31	4	1.4611190263279437	1.105383317968601	2.7031497955322266	1000
TGATGCAA	4	+--+	31	0	1.2059354685439796	0.948701447605104	2.3379600048065186	1000
TGATGCAA	4	+--+	31	1	1.247392316491087	0.9812581933700608	2.549844264984131	1000
TGATGCAA	4	+--+	31	2	0.9476231163841942	0.7308885159750723	2.22080135345459	1000
TGATGCAA	4	+--+	31	3	1.3538832859747345	1.07452498687224	2.3808140754699707	1000
TGATGCAA	4	+--+	31	4	1.6172737698665463	1.2615384054725054	2.8113887310028076	1000
TGATGCAA	2	++	32	0	0.6565687071531471	0.3993346432186086	1.9571679830551147	1000
TGATGCAA	2	++	32	1	0.6582664338911393	0.39213252574842683	2.141493320465088	1000
TGATGCAA	2	++	32	2	0.5555472159235639	0.3388126800079362	1.9490349292755127	1000
TGATGCAA	2	++	32	3	0.7455599259635514	0.4662016698567195	1.9591562747955322	1000
TGATGCAA	2	++	32	4	0.8305358658242616	0.47480032944757006	2.2660632133483887	1000
TGATGCAA	2	+-	32	0	0.5543950611497712	0.29716101871306416	1.886346697807312	1000
TGATGCAA	2	+-	32	1	0.5553748893073994	0.28924089517336143	2.0701744556427	1000
TGATGCAA	2	+-	32	2	0.5394991708062535	0.3227646778862885	1.9379113912582397	1000
TGATGCAA	2	+-	32	3	0.6281220887698351	0.3487637896673405	1.8777546882629395	1000
TGATGCAA	2	+-	32	4	0.7542204563130498	0.3984848769406955	2.213165521621704	1000
TGATGCAA	2	-+	32	0	0.5699345535684803	0.31270048963394187	1.8971179723739624	1000
TGATGCAA	2	-+	32	1	0.5704153310689672	0.3042812939392667	2.080599546432495	1000
TGATGCAA	2	-+	32	2	0.5238546829791927	0.3071201255657336	1.9270673990249634	1000
TGATGCAA	2	-+	32	3	0.6165430988265203	0.3371847997240256	1.869728684425354	1000
TGATGCAA	2	-+	32	4	0.7606157171767088	0.4048802237956799	2.2175984382629395	1000
TGATGCAA	4	++++	32	0	1.304032824752268	1.0467987178220668	2.4059560298919678	1000
TGATGCAA	4	++++	32	1	1.3028913758984915	1.0367574247601163	2.588313579559326	1000
TGATGCAA	4	++++	32	2	1.1673754963680056	0.9506409819502093	2.373121976852417	1000
TGATGCAA	4	++++	32	3	1.5132215143721333	1.233863301260964	2.4912588596343994	1000
TGATGCAA	4	++++	32	4	1.514927754251343	1.159192131883326	2.740447759628296	1000
TGATGCAA	4	+-+-	32	0	1.150670821489701	0.8934367145594999	2.2996532917022705	1000
TGATGCAA	4	+-+-	32	1	1.1599498874430276	0.8938158503133269	2.48923397064209	1000
TGATGCAA	4	+-+-	32	2	1.1124757964988579	0.8957411960897361	2.335068464279175	1000
TGATGCAA	4	+-+-	32	3	1.2809929109554554	1.0016346118529609	2.3302900791168213	1000
TGATGCAA	4	+-+-	32	4	1.4804299262974232	1.1246945619033824	2.7165353298187256	1000
TGATGCAA	4	++--	32	0	1.2795250390303414	1.0222910180914657	2.3889682292938232	1000
TGATGCAA	4	++--	32	1	1.279919825205397	1.0137858740670218	2.572390556335449	1000
TGATGCAA	4	++--	32	2	1.1486211322567181	0.9318866178389217	2.3601224422454834	1000
TGATGCAA	4	++--	32	3	1.4817548806396703	1.2023966675285012	2.4694478511810303	1000
TGATGCAA	4	++--	32	4	1.6519456442631393	1.2962102798690984	2.835421085357666	1000
TGATGCAA	4	+--+	32	0	1.1707063703585912	0.9134721774370645	2.3135409355163574	1000
TGATGCAA	4	+--+	32	1	1.1633343340293567	0.8972003828909816	2.49157977104187	1000
TGATGCAA	4	+--+	32	2	1.1171732446331992	0.900438558232752	2.338324546813965	1000
TGATGCAA	4	+--+	32	3	1.3341341742108566	1.0547758751083618	2.3671250343322754	1000
TGATGCAA	4	+--+	32	4	1.5064553729218886	1.1507199225365223	2.734575033187866	1000
TGATGCAA	2	++	35	0	0.5577853551462297	0.3005513127095227	1.8886966705322266	1000
TGATGCAA	2	++	35	1	0.5587995368383678	0.2926655427043298	2.0725483894348145	1000
TGATGCAA	2	++	35	2	0.4610924522605499	0.24435791634492218	1.8835639953613281	1000
TGATGCAA	2	++	35	3	0.5961205889931889	0.3167623113885256	1.8555727005004883	1000
TGATGCAA	2	++	35	4	0.768698127845332	0.41296263446430304	2.223200798034668	1000
TGATGCAA	2	+-	35	0	0.6130911060540646	0.3558571066130203	1.9270317554473877	1000
TGATGCAA	2	+-	35	1	0.6494646197939571	0.3833306256599191	2.135392665863037	1000
TGATGCAA	2	+-	35	2	0.4753907028923194	0.258656188474523	1.8934746980667114	1000
TGATGCAA	2	+-	35	3	0.6839578902076291	0.40459963410079725	1.9164570569992065	1000
TGATGCAA	2	+-	35	4	0.7985455449199215	0.44281005153889264	2.243889093399048	1000
TGATGCAA	2	-+	35	0	0.5679515076127067	0.3107174436781682	1.8957431316375732	1000
TGATGCAA	2	-+	35	1	0.5696865545859361	0.3035525604518982	2.080094575881958	1000
TGATGCAA	2	-+	35	2	0.43356465118947246	0.2168301367716761	1.864483118057251	1000
TGATGCAA	2	-+	35	3	0.6403718540471777	0.36101355494468307	1.8862454891204834	1000
TGATGCAA	2	-+	35	4	0.819674301509021	0.4639387651323294	2.2585346698760986	1000
TGATGCAA	4	++++	35	0	1.1060164720977526	0.8487824511588767	2.2687015533447266	1000
TGATGCAA	4	++++	35	1	1.1067762914492645	0.8406423403108892	2.4523766040802	1000
TGATGCAA	4	++++	35	2	0.9030790938627741	0.6863446224406404	2.1899256706237793	1000
TGATGCAA	4	++++	35	3	1.1798426907117014	0.9004843916092069	2.260178327560425	1000
TGATGCAA	4	++++	35	4	1.5179346989190283	1.162199162542337	2.7425317764282227	1000
TGATGCAA	4	+-+-	35	0	1.2392414567274204	0.9820074357885445	2.3610458374023438	1000
TGATGCAA	4	+-+-	35	1	1.3261606285602294	1.0600266774218543	2.604442596435547	1000
TGATGCAA	4	+-+-	35	2	0.9284774917421937	0.7117429773243973	2.2075302600860596	1000
TGATGCAA	4	+-+-	35	3	1.3873477561709453	1.1079894570684508	2.4040098190307617	1000
TGATGCAA	4	+-+-	35	4	1.5237258707215318	1.1679903343448401	2.7465457916259766	1000
TGATGCAA	4	++--	35	0	1.148052041665013	0.8908180207261374	2.2978384494781494	1000
TGATGCAA	4	++--	35	1	1.1997264648912052	0.9335925997441553	2.5168051719665527	1000
TGATGCAA	4	++--	35	2	0.934434884776756	0.7177003703589596	2.2116599082946777	1000
TGATGCAA	4	++--	35	3	1.2555673398171996	0.976209040714705	2.312666416168213	1000
TGATGCAA	4	++--	35	4	1.4955420418287382	1.1398064194607211	2.7270102500915527	1000
TGATGCAA	4	+--+	35	0	1.1583341964294969	0.9011001754906212	2.3049652576446533	1000
TGATGCAA	4	+--+	35	1	1.2051142513861097	0.9389803002477346	2.5205395221710205	1000
TGATGCAA	4	+--+	35	2	0.8848755901822001	0.6681409467774156	2.1773078441619873	1000
TGATGCAA	4	+--+	35	3	1.2932468468120815	1.013888547709587	2.3387842178344727	1000
TGATGCAA	4	+--+	35	4	1.6044665658220945	1.248730857462752	2.802511215209961	1000
TGATGCAA	2	++	33	0	0.5396437222243037	0.2824096582897653	1.8761218786239624	1000
TGATGCAA	2	++	33	1	0.5601991316510893	0.2940651805127141	2.0735185146331787	1000
TGATGCAA	2	++	33	2	0.448015794397859	0.23128130147789394	1.874499797821045	1000
TGATGCAA	2	++	33	3	0.6016384373678084	0.3222800952696512	1.859397530555725	1000
TGATGCAA	2	++	33	4	0.7645378675209605	0.408802331144269	2.2203168869018555	1000
TGATGCAA	2	+-	33	0	0.5918376190474269	0.33460359810855117	1.9122997522354126	1000
TGATGCAA	2	+-	33	1	0.5797402733944115	0.3136063222560363	2.0870635509490967	1000
TGATGCAA	2	+-	33	2	0.44177106134936767	0.22503652543373995	1.870171308517456	1000
TGATGCAA	2	+-	33	3	0.6470584105257355	0.36770011142324094	1.8908802270889282	1000
TGATGCAA	2	+-	33	4	0.8367948304371119	0.48105929406042025	2.2704017162323	1000
TGATGCAA	2	-+	33	0	0.6119925668716785	0.35475848143930866	1.9262702465057373	1000
TGATGCAA	2	-+	33	1	0.6368618601257185	0.37072790898734337	2.126657009124756	1000
TGATGCAA	2	-+	33	2	0.48627694671795885	0.2695424323001625	1.9010204076766968	1000
TGATGCAA	2	-+	33	3	0.6707232662801207	0.3913649671776261	1.9072834253311157	1000
TGATGCAA	2	-+	33	4	0.7951877556444761	0.43945226226344714	2.2415616512298584	1000
TGATGCAA	4	++++	33	0	1.1292753198091132	0.8720412988702376	2.284823179244995	1000
TGATGCAA	4	++++	33	1	1.1609380137635599	0.8948040626251846	2.4899189472198486	1000
TGATGCAA	4	++++	33	2	0.9165835155738236	0.6998490441516899	2.1992862224578857	1000
TGATGCAA	4	++++	33	3	1.2565767919864388	0.9772184068926189	2.313366174697876	1000
TGATGCAA	4	++++	33	4	1.5586842682144624	1.2029487318377707	2.7707772254943848	1000
TGATGCAA	4	+-+-	33	0	1.2391642365171829	0.9819302155783072	2.360992431640625	1000
TGATGCAA	4	+-+-	33	1	1.2133667528964363	0.947232801758061	2.526259660720825	1000
TGATGCAA	4	+-+-	33	2	0.9199331356733531	0.7031986642512194	2.201608180999756	1000
TGATGCAA	4	+-+-	33	3	1.3196746468482403	1.0403163477457458	2.357102394104004	1000
TGATGCAA	4	+-+-	33	4	1.6822916390425802	1.3265560166745631	2.856455087661743	1000
TGATGCAA	4	++--	33	0	1.1240901288769252	0.866856021946724	2.281229257583618	1000
TGATGCAA	4	++--	33	1	1.113518527311039	0.8473844901813384	2.457050323486328	1000
TGATGCAA	4	++--	33	2	0.9032940721763526	0.6865595577585563	2.1900746822357178	1000
TGATGCAA	4	++--	33	3	1.233551754688926	0.9541934555864314	2.2974064350128174	1000
TGATGCAA	4	++--	33	4	1.6107891640157639	1.2550534556564215	2.8068935871124268	1000
TGATGCAA	4	+--+	33	0	1.2357986220311232	0.978564515100922	2.3586597442626953	1000
TGATGCAA	4	+--+	33	1	1.2400601801368527	0.9739261430071521	2.544762134552002	1000
TGATGCAA	4	+--+	33	2	0.9436820479483474	0.7269474475392257	2.218069314956665	1000
TGATGCAA	4	+--+	33	3	1.3397540512931005	1.0603958381819314	2.3710203170776367	1000
TGATGCAA	4	+--+	33	4	1.6548389083986044	1.299103200039262	2.8374264240264893	1000
TGATGCAA	2	++	34	0	0.5796234111831502	0.3223893472486118	1.9038336277008057	1000
TGATGCAA	2	++	34	1	0.5719716450722876	0.30583765093824966	2.0816783905029297	1000
TGATGCAA	2	++	34	2	0.4423959603112777	0.2256614028978186	1.8706045150756836	1000
TGATGCAA	2	++	34	3	0.6315469512791171	0.35218863067879114	1.8801286220550537	1000
TGATGCAA	2	++	34	4	0.7983700366247161	0.4426345002480244	2.243767499923706	1000
TGATGCAA	2	+-	34	0	0.5557109434071853	0.29847687947264684	1.887258768081665	1000
TGATGCAA	2	+-	34	1	0.5643853613557409	0.29825141021736573	2.0764198303222656	1000
TGATGCAA	2	+-	34	2	0.4528924054587366	0.23615789104094026	1.8778799772262573	1000
TGATGCAA	2	+-	34	3	0.5929768751224048	0.3136185975177416	1.853393793106079	1000
TGATGCAA	2	+-	34	4	0.7792553688598709	0.42351983248317926	2.230518102645874	1000
TGATGCAA	2	-+	34	0	0.5335179581745467	0.27628391573783967	1.8718757629394531	1000
TGATGCAA	2	-+	34	1	0.5515498661652224	0.28541591502684716	2.0675230026245117	1000
TGATGCAA	2	-+	34	2	0.4163095028414187	0.19957498842362234	1.8525227308273315	1000
TGATGCAA	2	-+	34	3	0.5810331959679353	0.3016748968654408	1.8451149463653564	1000
TGATGCAA	2	-+	34	4	0.7782173675705883	0.42248183119389676	2.2297987937927246	1000
TGATGCAA	4	++++	34	0	1.1870882338012263	0.9298541268710251	2.3248960971832275	1000
TGATGCAA	4	++++	34	1	1.1728484142750875	0.9067144631367121	2.4981744289398193	1000
TGATGCAA	4	++++	34	2	0.9219368195472302	0.7052022621337711	2.2029967308044434	1000
TGATGCAA	4	++++	34	3	1.2838074070368253	1.0044491079343307	2.3322412967681885	1000
TGATGCAA	4	++++	34	4	1.582163167727602	1.2264278033335614	2.7870514392852783	1000
TGATGCAA	4	+-+-	34	0	1.1205593250547117	0.8633252181245105	2.2787816524505615	1000
TGATGCAA	4	+-+-	34	1	1.1670862215492543	0.9009522704108792	2.494180679321289	1000
TGATGCAA	4	+-+-	34	2	0.9034733640898771	0.686738806676418	2.1901988983154297	1000
TGATGCAA	4	+-+-	34	3	1.2002930617344727	0.9209348486233034	2.274353504180908	1000
TGATGCAA	4	+-+-	34	4	1.548282241542327	1.19254661917431	2.7635672092437744	1000
TGATGCAA	4	++--	34	0	1.1686113636971058	0.91137734275823	2.312088966369629	1000
TGATGCAA	4	++--	34	1	1.1602424299321452	0.8941083928024446	2.489436626434326	1000
TGATGCAA	4	++--	34	2	0.9371277031326404	0.7203932747061694	2.2135262489318848	1000
TGATGCAA	4	++--	34	3	1.2899968046674015	1.010638505564907	2.336531162261963	1000
TGATGCAA	4	++--	34	4	1.6047554966755442	1.2490201322815033	2.8027114868164062	1000
TGATGCAA	4	+--+	34	0	1.1073858839552477	0.8501518630163719	2.269650936126709	1000
TGATGCAA	4	+--+	34	1	1.1220228114222286	0.8558887742925281	2.462944746017456	1000
TGATGCAA	4	+--+	34	2	0.9018454623081352	0.6851109478903388	2.189070701599121	1000
TGATGCAA	4	+--+	34	3	1.2065991495936592	0.9272408504911647	2.278724431991577	1000
TGATGCAA	4	+--+	34	4	1.5767166491574278	1.2209811987720616	2.783276319503784	1000
TGATGCAA	2	++	38	0	0.5664519478841712	0.30921788394963273	1.8947038650512695	1000
TGATGCAA	2	++	38	1	0.5565488428821889	0.2904148917438137	2.070988178253174	1000
TGATGCAA	2	++	38	2	0.4378428916123357	0.22110837719453932	1.8674484491348267	1000
TGATGCAA	2	++	38	3	0.6256341017511282	0.346275824146465	1.8760300874710083	1000
TGATGCAA	2	++	38	4	0.7646579114112628	0.40892237503457124	2.220400094985962	1000
TGATGCAA	2	+-	38	0	0.5429553341579925	0.2857212917212854	1.8784172534942627	1000
TGATGCAA	2	+-	38	1	0.5522666468583558	0.2861326742221493	2.0680201053619385	1000
TGATGCAA	2	+-	38	2	0.4532524941339806	0.23651797971618427	1.8781296014785767	1000
TGATGCAA	2	+-	38	3	0.5975790878638308	0.31822085325483035	1.8565837144851685	1000
TGATGCAA	2	+-	38	4	0.7677775907065888	0.41204214032122255	2.222562551498413	1000
TGATGCAA	2	-+	38	0	0.561366549885146	0.30413250744843895	1.8911789655685425	1000
TGATGCAA	2	-+	38	1	0.5775510632359161	0.31141706910187816	2.0855460166931152	1000
TGATGCAA	2	-+	38	2	0.4471092308494984	0.23037473792953336	1.8738713264465332	1000
TGATGCAA	2	-+	38	3	0.6100056083105977	0.33064735220376584	1.8651973009109497	1000
TGATGCAA	2	-+	38	4	0.7713741778927572	0.4156386415160656	2.225055694580078	1000
TGATGCAA	4	++++	38	0	1.1719773221484673	0.9147432152182661	2.314422130584717	1000
TGATGCAA	4	++++	38	1	1.1686268421356834	0.9024927190146573	2.495248317718506	1000
TGATGCAA	4	++++	38	2	0.9179726194448424	0.7012381050270461	2.200248956680298	1000
TGATGCAA	4	++++	38	3	1.2985241344538068	1.0191659213426376	2.3424417972564697	1000
TGATGCAA	4	++++	38	4	1.4995141531330656	1.143778788739025	2.7297637462615967	1000
TGATGCAA	4	+-+-	38	0	1.1282190883588394	0.8709850674199636	2.284090995788574	1000
TGATGCAA	4	+-+-	38	1	1.136821660554997	0.8706877954079473	2.473202705383301	1000
TGATGCAA	4	+-+-	38	2	0.9055461849894011	0.6888115845802792	2.191635847091675	1000
TGATGCAA	4	+-+-	38	3	1.234429812112906	0.9550715130104115	2.2980151176452637	1000
TGATGCAA	4	+-+-	38	4	1.510136661563607	1.15440103919559	2.737126350402832	1000
TGATGCAA	4	++--	38	0	1.1648054736248372	0.9075714526859615	2.30945086479187	1000
TGATGCAA	4	++--	38	1	1.1528840662236546	0.8867502010766047	2.4843363761901855	1000
TGATGCAA	4	++--	38	2	0.9225672219539678	0.7058326645405087	2.2034335136413574	1000
TGATGCAA	4	++--	38	3	1.3020616455994038	1.022703260505584	2.34489369392395	1000
TGATGCAA	4	++--	38	4	1.5824010197337453	1.2266654833570538	2.7872164249420166	1000
TGATGCAA	4	+--+	38	0	1.167568116936972	0.9103340959980962	2.3113656044006348	1000
TGATGCAA	4	+--+	38	1	1.1929860348472645	0.9268521697002147	2.5121331214904785	1000
TGATGCAA	4	+--+	38	2	0.9389789243865276	0.7222443239774058	2.2148096561431885	1000
TGATGCAA	4	+--+	38	3	1.2921102994638547	1.0127519143700345	2.337996006011963	1000
TGATGCAA	4	+--+	38	4	1.5863205043469089	1.2305849679702172	2.789933204650879	1000
TGATGCAA	2	++	36	0	0.6437493353361469	0.38651531439727116	1.9482823610305786	1000
TGATGCAA	2	++	36	1	0.6699493013555753	0.4038153502172001	2.1495912075042725	1000
TGATGCAA	2	++	36	2	0.5343552557102723	0.31762074129247597	1.9343458414077759	1000
TGATGCAA	2	++	36	3	0.7053967315162343	0.4260384754094024	1.9313173294067383	1000
TGATGCAA	2	++	36	4	0.8362096594675512	0.48047416608652227	2.269996166229248	1000
TGATGCAA	2	+-	36	0	0.5467549898591673	0.2895209259246288	1.881050944328308	1000
TGATGCAA	2	+-	36	1	0.573058661417066	0.3069246457851967	2.0824317932128906	1000
TGATGCAA	2	+-	36	2	0.5133511865430483	0.296616672125252	1.919786810874939	1000
TGATGCAA	2	+-	36	3	0.6158127744996312	0.33645445389930534	1.8692225217819214	1000
TGATGCAA	2	+-	36	4	0.7954170085180762	0.43968155813271	2.241720676422119	1000
TGATGCAA	2	-+	36	0	0.5769985259743566	0.3197644835376495	1.902014136314392	1000
TGATGCAA	2	-+	36	1	0.5778202160845164	0.3116862004526471	2.0857324600219727	1000
TGATGCAA	2	-+	36	2	0.5281179609114308	0.3113834464936345	1.9300224781036377	1000
TGATGCAA	2	-+	36	3	0.6232136609185478	0.34385540481171595	1.8743524551391602	1000
TGATGCAA	2	-+	36	4	0.7795531568198398	0.42381766343881094	2.230724573135376	1000
TGATGCAA	4	++++	36	0	1.2244455312997167	0.9672115103608409	2.350790023803711	1000
TGATGCAA	4	++++	36	1	1.2613069168244442	0.9951729656860689	2.5594892501831055	1000
TGATGCAA	4	++++	36	2	1.0487654254260084	0.832030911008212	2.290907621383667	1000
TGATGCAA	4	++++	36	3	1.3572519961485097	1.0778936110546897	2.3831489086151123	1000
TGATGCAA	4	++++	36	4	1.4943782352303496	1.1386427848449834	2.726203680038452	1000
TGATGCAA	4	+-+-	36	0	1.1088439528692626	0.8516099319303868	2.2706611156463623	1000
TGATGCAA	4	+-+-	36	1	1.1329253935997001	0.8667913564699995	2.4705018997192383	1000
TGATGCAA	4	+-+-	36	2	1.031749031993015	0.8150146035665441	2.2791128158569336	1000
TGATGCAA	4	+-+-	36	3	1.2264718308921823	0.9471135317896876	2.29249906539917	1000
TGATGCAA	4	+-+-	36	4	1.4992136994420082	1.1434780770739912	2.729555368423462	1000
TGATGCAA	4	++--	36	0	1.2358397258846794	0.9786056189544783	2.3586878776550293	1000
TGATGCAA	4	++--	36	1	1.2893308878432608	1.0231969367048857	2.578914165496826	1000
TGATGCAA	4	++--	36	2	1.0380379215871154	0.8213034931606444	2.2834720611572266	1000
TGATGCAA	4	++--	36	3	1.3821426152512568	1.1027843161487623	2.4004018306732178	1000
TGATGCAA	4	++--	36	4	1.6746557813269223	1.318920330941556	2.8511626720428467	1000
TGATGCAA	4	+--+	36	0	1.125998276388248	0.8687641694580468	2.2825517654418945	1000
TGATGCAA	4	+--+	36	1	1.1489186622427108	0.8827847111043355	2.4815878868103027	1000
TGATGCAA	4	+--+	36	2	1.0112754433123774	0.7945408429032556	2.2649216651916504	1000
TGATGCAA	4	+--+	36	3	1.253570965205984	0.9742126661034896	2.3112826347351074	1000
TGATGCAA	4	+--+	36	4	1.528797467112825	1.173061844744808	2.750061273574829	1000
TGATGCAA	2	++	37	0	0.556841772332271	0.29960766540206984	1.8880425691604614	1000
TGATGCAA	2	++	37	1	0.573002380094571	0.3068683429648704	2.082393169403076	1000
TGATGCAA	2	++	37	2	0.4662975501845755	0.2495630142689478	1.8871718645095825	1000
TGATGCAA	2	++	37	3	0.605455979264673	0.3260977231578411	1.8620437383651733	1000
TGATGCAA	2	++	37	4	0.7750378383127622	0.4193023019360706	2.227595329284668	1000
TGATGCAA	2	+-	37	0	0.5956829791380684	0.33844889370569864	1.9149651527404785	1000
TGATGCAA	2	+-	37	1	0.6084068145925143	0.34227284195630775	2.10693359375	1000
TGATGCAA	2	+-	37	2	0.473056296380833	0.256321803460868	1.8918565511703491	1000
TGATGCAA	2	+-	37	3	0.675573907960718	0.3962156088582235	1.910645604133606	1000
TGATGCAA	2	+-	37	4	0.8307756956308898	0.4750402882411864	2.2662293910980225	1000
TGATGCAA	2	-+	37	0	0.6392200862343494	0.381986022299811	1.9451428651809692	1000
TGATGCAA	2	-+	37	1	0.6341267340377219	0.36799278289934667	2.1247613430023193	1000
TGATGCAA	2	-+	37	2	0.49459174894356034	0.27785725602359534	1.9067838191986084	1000
TGATGCAA	2	-+	37	3	0.7053376124800002	0.42597931337750555	1.9312763214111328	1000
TGATGCAA	2	-+	37	4	0.7957728406227113	0.4400373472416824	2.24196720123291	1000
TGATGCAA	4	++++	37	0	1.139265018075805	0.8820309111456038	2.291747570037842	1000
TGATGCAA	4	++++	37	1	1.1519699784343187	0.8858359413046181	2.4837026596069336	1000
TGATGCAA	4	++++	37	2	0.9577180680332138	0.7409834676240921	2.2277987003326416	1000
TGATGCAA	4	++++	37	3	1.2241010500500384	0.9447427509475438	2.290855646133423	1000
TGATGCAA	4	++++	37	4	1.560789507843674	1.2050537994843316	2.7722363471984863	1000
TGATGCAA	4	+-+-	37	0	1.229957231294568	0.9727230383730413	2.3546106815338135	1000
TGATGCAA	4	+-+-	37	1	1.2176271931149352	0.9514932419765599	2.529212713241577	1000
TGATGCAA	4	+-+-	37	2	0.9435357767037886	0.7268012622859923	2.217968225479126	1000
TGATGCAA	4	+-+-	37	3	1.3689545556264695	1.089596256523975	2.3912603855133057	1000
TGATGCAA	4	+-+-	37	4	1.6308997833117556	1.2751641609437385	2.8208329677581787	1000
TGATGCAA	4	++--	37	0	1.126110495067936	0.8688763881377347	2.2826294898986816	1000
TGATGCAA	4	++--	37	1	1.1507796865076971	0.8846456493779965	2.482877492904663	1000
TGATGCAA	4	++--	37	2	0.9550461455694093	0.7383116311516129	2.2259466648101807	1000
TGATGCAA	4	++--	37	3	1.242371884938425	0.9630135858359306	2.3035199642181396	1000
TGATGCAA	4	++--	37	4	1.597731553231656	1.241995930863639	2.7978427410125732	1000
TGATGCAA	4	+--+	37	0	1.2503638327326945	0.9931298117938188	2.368755340576172	1000
TGATGCAA	4	+--+	37	1	1.2438525695710285	0.9777186184326533	2.547390937805176	1000
TGATGCAA	4	+--+	37	2	0.9878680025906711	0.7711333161902238	2.248696804046631	1000
TGATGCAA	4	+--+	37	3	1.3830760510888147	1.1037178379776456	2.4010488986968994	1000
TGATGCAA	4	+--+	37	4	1.6503707991291885	1.294635090769846	2.834329605102539	1000
TGATGCAA	2	++	39	0	0.5198922027033136	0.2626581172709438	1.8624311685562134	1000
TGATGCAA	2	++	39	1	0.5510272108892503	0.28489321675521234	2.0671608448028564	1000
TGATGCAA	2	++	39	2	0.45627990473711866	0.23954543331498498	1.880228042602539	1000
TGATGCAA	2	++	39	3	0.5837335815604577	0.30437530395579454	1.8469867706298828	1000
TGATGCAA	2	++	39	4	0.7563318013263671	0.4005962649496755	2.2146289348602295	1000
TGATGCAA	2	+-	39	0	0.6140874875418383	0.35685340210946853	1.9277223348617554	1000
TGATGCAA	2	+-	39	1	0.6524931482843257	0.38635915415028776	2.1374917030334473	1000
TGATGCAA	2	+-	39	2	0.4971640504568527	0.2804294930433936	1.9085667133331299	1000
TGATGCAA	2	+-	39	3	0.6801452068206515	0.4007869077181569	1.9138143062591553	1000
TGATGCAA	2	+-	39	4	0.7838865176823046	0.42815093830995027	2.2337284088134766	1000
TGATGCAA	2	-+	39	0	0.5754205421570276	0.31818649972032054	1.9009203910827637	1000
TGATGCAA	2	-+	39	1	0.5975416816372682	0.33140766600539895	2.09940242767334	1000
TGATGCAA	2	-+	39	2	0.46396593839116573	0.247231402475538	1.885555624961853	1000
TGATGCAA	2	-+	39	3	0.642302918246728	0.36294461914423337	1.8875839710235596	1000
TGATGCAA	2	-+	39	4	0.8294246859170371	0.47368906354902	2.2652928829193115	1000
TGATGCAA	4	++++	39	0	1.0924003476549677	0.835166154733441	2.259263515472412	1000
TGATGCAA	4	++++	39	1	1.1340977993306318	0.8679638481922567	2.4713146686553955	1000
TGATGCAA	4	++++	39	2	0.9248335233357124	0.7080990949092416	2.2050046920776367	1000
TGATGCAA	4	++++	39	3	1.2057739768348195	0.9264156777323249	2.2781522274017334	1000
TGATGCAA	4	++++	39	4	1.537347240635168	1.1816117042584764	2.7559876441955566	1000
TGATGCAA	4	+-+-	39	0	1.2598853942237376	1.0026512872935365	2.3753552436828613	1000
TGATGCAA	4	+-+-	39	1	1.3739086018758981	1.107774650737523	2.6375386714935303	1000
TGATGCAA	4	+-+-	39	2	1.0021861602142779	0.7854516457964815	2.2586216926574707	1000
TGATGCAA	4	+-+-	39	3	1.3654204841338897	1.0860620990400698	2.3888111114501953	1000
TGATGCAA	4	+-+-	39	4	1.5415688987658973	1.1858337063545075	2.75891375541687	1000
TGATGCAA	4	++--	39	0	1.1783562446602942	0.9211221377300931	2.3188438415527344	1000
TGATGCAA	4	++--	39	1	1.2201688387207112	0.9540348875823359	2.5309746265411377	1000
TGATGCAA	4	++--	39	2	0.9938922108850936	0.7771575244846464	2.2528724670410156	1000
TGATGCAA	4	++--	39	3	1.2815190918757702	1.002160878764601	2.330655097961426	1000
TGATGCAA	4	++--	39	4	1.4728049034887696	1.1170694531034036	2.711250066757202	1000
TGATGCAA	4	+--+	39	0	1.2390341316418052	0.9818001107029295	2.3609020709991455	1000
TGATGCAA	4	+--+	39	1	1.2762854878273642	1.0101514506976634	2.569871664047241	1000
TGATGCAA	4	+--+	39	2	0.9743920440083395	0.7576575295905431	2.23935604095459	1000
TGATGCAA	4	+--+	39	3	1.3678990980981245	1.08854079899563	2.390529155731201	1000
TGATGCAA	4	+--+	39	4	1.6419341901911135	1.2861987398057473	2.828481912612915	1000
TGATGCAA	2	++	40	0	0.6101710556207277	0.35293699168618925	1.9250075817108154	1000
TGATGCAA	2	++	40	1	0.642693404855512	0.37655941072147403	2.1306989192962646	1000
TGATGCAA	2	++	40	2	0.5232542485493679	0.3065197341315715	1.926651120185852	1000
TGATGCAA	2	++	40	3	0.6851975411550483	0.4058392420525537	1.9173163175582886	1000
TGATGCAA	2	++	40	4	0.8304393835571277	0.4747038041847733	2.265995979309082	1000
TGATGCAA	2	+-	40	0	0.5636393436119608	0.3064052796774223	1.892754316329956	1000
TGATGCAA	2	+-	40	1	0.5548536958839596	0.2887197232477531	2.0698132514953613	1000
TGATGCAA	2	+-	40	2	0.5224913335101404	0.30575679759451274	1.9261223077774048	1000
TGATGCAA	2	+-	40	3	0.6136626473985445	0.3343043482960499	1.8677321672439575	1000
TGATGCAA	2	+-	40	4	0.7548584259564254	0.3991228465840711	2.2136073112487793	1000
TGATGCAA	2	-+	40	0	0.5545071078468083	0.2972730439122699	1.8864243030548096	1000
TGATGCAA	2	-+	40	1	0.5664281282870266	0.30029415565082007	2.077836036682129	1000
TGATGCAA	2	-+	40	2	0.5182759097505049	0.30154137383487717	1.9232004880905151	1000
TGATGCAA	2	-+	40	3	0.6216620334424635	0.3423037558378003	1.8732768297195435	1000
TGATGCAA	2	-+	40	4	0.7719243503928673	0.41618881401617575	2.2254366874694824	1000
TGATGCAA	4	++++	40	0	1.1736741889732052	0.9164401680343294	2.315598249435425	1000
TGATGCAA	4	++++	40	1	1.2226676606464224	0.9565337954993726	2.5327064990997314	1000
TGATGCAA	4	++++	40	2	1.0247053105442778	0.8079708821178069	2.274230718612671	1000
TGATGCAA	4	++++	40	3	1.3161667167185918	1.0368083316247716	2.354671001434326	1000
TGATGCAA	4	++++	40	4	1.45005159877962	1.0943160624029284	2.695478916168213	1000
TGATGCAA	4	+-+-	40	0	1.072587344336294	0.8153532374060929	2.245530366897583	1000
TGATGCAA	4	+-+-	40	1	1.0947889287014758	0.8286549775631006	2.44406795501709	1000
TGATGCAA	4	+-+-	40	2	0.9878582855708974	0.7711237711531009	2.248690128326416	1000
TGATGCAA	4	+-+-	40	3	1.1853680633272963	0.9060097642248018	2.264008045196533	1000
TGATGCAA	4	+-+-	40	4	1.4019908750133574	1.0462552526453404	2.662165641784668	1000
TGATGCAA	4	++--	40	0	1.275297361506832	1.0180633405679562	2.386038064956665	1000
TGATGCAA	4	++--	40	1	1.3068710544394568	1.0407371033010817	2.5910720825195312	1000
TGATGCAA	4	++--	40	2	1.0557592719059954	0.839024757488199	2.295755386352539	1000
TGATGCAA	4	++--	40	3	1.4070253231520644	1.1276671100408953	2.417649269104004	1000
TGATGCAA	4	++--	40	4	1.6929877560476907	1.3372521336796737	2.8638694286346436	1000
TGATGCAA	4	+--+	40	0	1.1514653813366873	0.8942313603978115	2.300204277038574	1000
TGATGCAA	4	+--+	40	1	1.1436890997865998	0.8775550626568992	2.4779629707336426	1000
TGATGCAA	4	+--+	40	2	1.042135666217898	0.825401237791427	2.2863123416900635	1000
TGATGCAA	4	+--+	40	3	1.2681608554179542	0.9888025563154595	2.3213953971862793	1000
TGATGCAA	4	+--+	40	4	1.4613800959919534	1.1056446456065872	2.7033309936523438	1000
TGATGCAA	2	++	41	0	0.5567111945046034	0.299477130570065	1.8879520893096924	1000
TGATGCAA	2	++	41	1	0.5672545909157479	0.3011206397773727	2.078408718109131	1000
TGATGCAA	2	++	41	2	0.46038947317514817	0.24365498025518317	1.8830766677856445	1000
TGATGCAA	2	++	41	3	0.5971849896193787	0.3178267120147155	1.8563107252120972	1000
TGATGCAA	2	++	41	4	0.7733601475535955	0.4176246541725666	2.2264320850372314	1000
TGATGCAA	2	+-	41	0	0.5998778509709259	0.3426438300320502	1.9178730249404907	1000
TGATGCAA	2	+-	41	1	0.5935677645151067	0.3274337703810688	2.0966477394104004	1000
TGATGCAA	2	+-	41	2	0.4456884821707207	0.22895396775292434	1.8728865385055542	1000
TGATGCAA	2	+-	41	3	0.6350657163157701	0.35570741721327553	1.8825676441192627	1000
TGATGCAA	2	+-	41	4	0.8387267115542538	0.48299121817322493	2.271740674972534	1000
TGATGCAA	2	-+	41	0	0.6414322130810723	0.38419810615087113	1.946676254272461	1000
TGATGCAA	2	-+	41	1	0.6509506358887371	0.3848166417546992	2.136422634124756	1000
TGATGCAA	2	-+	41	2	0.5116047457191992	0.29487025279923423	1.9185763597488403	1000
TGATGCAA	2	-+	41	3	0.6993891195476201	0.42003082044512546	1.9271531105041504	1000
TGATGCAA	2	-+	41	4	0.821161693465008	0.46542607109699097	2.2595653533935547	1000
TGATGCAA	4	++++	41	0	1.0962335829687233	0.8389995620298476	2.26192045211792	1000
TGATGCAA	4	++++	41	1	1.1321048643724336	0.865970827242733	2.469933032989502	1000
TGATGCAA	4	++++	41	2	0.9194465107627368	0.7027120393406031	2.201270580291748	1000
TGATGCAA	4	++++	41	3	1.1935763652963511	0.9142180661938565	2.269697666168213	1000
TGATGCAA	4	++++	41	4	1.5212310903881159	1.1654955540114242	2.744816303253174	1000
TGATGCAA	4	+-+-	41	0	1.2190879277600384	0.9618539068211627	2.347076654434204	1000
TGATGCAA	4	+-+-	41	1	1.1971384699610215	0.931004432831321	2.5150110721588135	1000
TGATGCAA	4	+-+-	41	2	0.9443103865632747	0.7275759581368038	2.2185051441192627	1000
TGATGCAA	4	+-+-	41	3	1.3040660174038845	1.0247078042927154	2.346283197402954	1000
TGATGCAA	4	+-+-	41	4	1.6658698756249448	1.3101344252395786	2.8450727462768555	1000
TGATGCAA	4	++--	41	0	1.1029710033162738	0.8457368963860727	2.2665903568267822	1000
TGATGCAA	4	++--	41	1	1.1005304835092051	0.8343964463795046	2.448047637939453	1000
TGATGCAA	4	++--	41	2	0.9107621608160937	0.6940276463982974	2.19525146484375	1000
TGATGCAA	4	++--	41	3	1.1975366097977689	0.9181783966865998	2.272442579269409	1000
TGATGCAA	4	++--	41	4	1.604300430581361	1.2485650661873204	2.802396059036255	1000
TGATGCAA	4	+--+	41	0	1.2127127888665303	0.9554786819363292	2.3426578044891357	1000
TGATGCAA	4	+--+	41	1	1.2296130940101915	0.9634792288631416	2.5375208854675293	1000
TGATGCAA	4	+--+	41	2	0.9493364935434149	0.7326019791256185	2.2219886779785156	1000
TGATGCAA	4	+--+	41	3	1.331688924880889	1.0523307117697198	2.3654298782348633	1000
TGATGCAA	4	+--+	41	4	1.6443405714419859	1.2886049490739688	2.8301496505737305	1000
TGATGCAA	2	++	45	0	0.5195810860879028	0.26234704365119565	1.8622153997421265	1000
TGATGCAA	2	++	45	1	0.5284838110054788	0.26234983836927217	2.051535129547119	1000
TGATGCAA	2	++	45	2	0.42741902314354085	0.21068450872574448	1.8602232933044434	1000
TGATGCAA	2	++	45	3	0.5672379515942769	0.287879630993951	1.8355529308319092	1000
TGATGCAA	2	++	45	4	0.7440070946089111	0.3882716442235449	2.2060859203338623	1000
TGATGCAA	2	+-	45	0	0.5572555195945842	0.30002141266438304	1.8883293867111206	1000
TGATGCAA	2	+-	45	1	0.5531145213271095	0.28698057018873424	2.068607807159424	1000
TGATGCAA	2	+-	45	2	0.42531971691578396	0.20858522399581897	1.858768105506897	1000
TGATGCAA	2	+-	45	3	0.6128118922203889	0.33345359311789424	1.8671423196792603	1000
TGATGCAA	2	+-	45	4	0.8043607942935457	0.44862525791685404	2.247920036315918	1000
TGATGCAA	2	-+	45	0	0.5843369396953472	0.32710283276514607	1.907100796699524	1000
TGATGCAA	2	-+	45	1	0.5835554935254893	0.31742152088928277	2.089707851409912	1000
TGATGCAA	2	-+	45	2	0.45653190231629537	0.23979732340500493	1.8804025650024414	1000
TGATGCAA	2	-+	45	3	0.6387697496630651	0.35941145056057056	1.8851350545883179	1000
TGATGCAA	2	-+	45	4	0.7680799362068056	0.4123444858214394	2.2227718830108643	1000
TGATGCAA	4	++++	45	0	1.061302100760653	0.8040679078391263	2.2377078533172607	1000
TGATGCAA	4	++++	45	1	1.0745066707199231	0.8083726335902224	2.430009365081787	1000
TGATGCAA	4	++++	45	2	0.8670522541513583	0.650317739733562	2.1649539470672607	1000
TGATGCAA	4	++++	45	3	1.128202062076404	0.8488437629739094	2.22438383102417	1000
TGATGCAA	4	++++	45	4	1.4810148392930076	1.125279302916316	2.7169408798217773	1000
TGATGCAA	4	+-+-	45	0	1.118010972125552	0.8607767792040254	2.277015447616577	1000
TGATGCAA	4	+-+-	45	1	1.088895427221709	0.8227613900920084	2.4399826526641846	1000
TGATGCAA	4	+-+-	45	2	0.8591186084757316	0.642384137053598	2.159454584121704	1000
TGATGCAA	4	+-+-	45	3	1.2352134510615624	0.9558550659677425	2.298558235168457	1000
TGATGCAA	4	+-+-	45	4	1.5821586961786795	1.2264230738106625	2.78704833984375	1000
TGATGCAA	4	++--	45	0	1.0322613683099353	0.7750273473710596	2.217578172683716	1000
TGATGCAA	4	++--	45	1	1.020790297480037	0.7546563463416617	2.392775774002075	1000
TGATGCAA	4	++--	45	2	0.8535190253462894	0.6367845539241558	2.1555731296539307	1000
TGATGCAA	4	++--	45	3	1.1507666158262315	0.8714084027150625	2.2400243282318115	1000
TGATGCAA	4	++--	45	4	1.5235246510200222	1.1677892006346562	2.7464065551757812	1000
TGATGCAA	4	+--+	45	0	1.1692764206079922	0.9120423136777911	2.3125498294830322	1000
TGATGCAA	4	+--+	45	1	1.1601076815251943	0.8939736443954935	2.4893431663513184	1000
TGATGCAA	4	+--+	45	2	0.8980056056623212	0.6812711772358503	2.1864092350006104	1000
TGATGCAA	4	+--+	45	3	1.263675117926825	0.9843167328330049	2.318286657333374	1000
TGATGCAA	4	+--+	45	4	1.5781838331519384	1.2224482107839214	2.7842934131622314	1000
TGATGCAA	2	++	42	0	0.5930370260545441	0.33580291912434296	1.9131312370300293	1000
TGATGCAA	2	++	42	1	0.5988574779033569	0.3327235267649816	2.1003143787384033	1000
TGATGCAA	2	++	42	2	0.4546428448792183	0.2379082874657592	1.8790934085845947	1000
TGATGCAA	2	++	42	3	0.6502546650963581	0.3708963659938635	1.8930957317352295	1000
TGATGCAA	2	++	42	4	0.7898950755554985	0.4341595391788069	2.2378931045532227	1000
TGATGCAA	2	+-	42	0	0.5654535026045872	0.3082194386700487	1.8940117359161377	1000
TGATGCAA	2	+-	42	1	0.5893471382802825	0.32321314414624464	2.093722105026245	1000
TGATGCAA	2	+-	42	2	0.4471576009700535	0.23042310805008853	1.873905062675476	1000
TGATGCAA	2	+-	42	3	0.6015981934275065	0.3222399373206747	1.8593696355819702	1000
TGATGCAA	2	+-	42	4	0.7868989657948176	0.43116351540945136	2.235816478729248	1000
TGATGCAA	2	-+	42	0	0.560183137264559	0.30294905183218923	1.8903586864471436	1000
TGATGCAA	2	-+	42	1	0.5662201152708081	0.30008614263460154	2.0776917934417725	1000
TGATGCAA	2	-+	42	2	0.4521596733747356	0.23542515895693925	1.8773720264434814	1000
TGATGCAA	2	-+	42	3	0.6024237961429735	0.323065561533973	1.8599419593811035	1000
TGATGCAA	2	-+	42	4	0.7793599343115954	0.4236243549392411	2.2305908203125	1000
TGATGCAA	4	++++	42	0	1.18263500103111	0.9254009800922344	2.3218092918395996	1000
TGATGCAA	4	++++	42	1	1.20961916494281	0.943485041821784	2.5236620903015137	1000
TGATGCAA	4	++++	42	2	0.9054333643704351	0.6886988929483014	2.1915576457977295	1000
TGATGCAA	4	++++	42	3	1.2950380461208175	1.0156796610269976	2.3400254249572754	1000
TGATGCAA	4	++++	42	4	1.4878747112879724	1.1321392609026062	2.721695899963379	1000
TGATGCAA	4	+-+-	42	0	1.144057658607399	0.8868237236598486	2.295069932937622	1000
TGATGCAA	4	+-+-	42	1	1.1534862634756506	0.8873523123372754	2.4847538471221924	1000
TGATGCAA	4	+-+-	42	2	0.9140404941068406	0.6973059796890443	2.197523355484009	1000
TGATGCAA	4	+-+-	42	3	1.2074177870117662	0.9280594879092716	2.2792916297912598	1000
TGATGCAA	4	+-+-	42	4	1.4963489844265865	1.1406134480498948	2.727569818496704	1000
TGATGCAA	4	++--	42	0	1.216933329110029	0.959699222179828	2.345583200454712	1000
TGATGCAA	4	++--	42	1	1.2207792051486233	0.9546453400015734	2.531397819519043	1000
TGATGCAA	4	++--	42	2	0.9291370452082526	0.7124025307904562	2.2079877853393555	1000
TGATGCAA	4	++--	42	3	1.3351094878238994	1.0557511027300794	2.367800712585449	1000
TGATGCAA	4	++--	42	4	1.5999451419309114	1.2442094335715688	2.799376964569092	1000
TGATGCAA	4	+--+	42	0	1.15827898999857	0.9010448830683688	2.304927110671997	1000
TGATGCAA	4	+--+	42	1	1.1908175915938608	0.9246835544641602	2.510629892349243	1000
TGATGCAA	4	+--+	42	2	0.8974156191785364	0.6806810617650773	2.186000108718872	1000
TGATGCAA	4	+--+	42	3	1.2490338908935723	0.9696755917910778	2.3081376552581787	1000
TGATGCAA	4	+--+	42	4	1.5643266750239693	1.2085911386472776	2.774688243865967	1000
TGATGCAA	2	++	44	0	0.5834039338144165	0.32616984838204666	1.906454086303711	1000
TGATGCAA	2	++	44	1	0.6017059405582721	0.33557192492640286	2.1022887229919434	1000
TGATGCAA	2	++	44	2	0.4829537689509995	0.2662192760310345	1.8987170457839966	1000
TGATGCAA	2	++	44	3	0.6375547782260448	0.35819647912355024	1.8842929601669312	1000
TGATGCAA	2	++	44	4	0.7869401556396992	0.4312045332716821	2.235844612121582	1000
TGATGCAA	2	+-	44	0	0.5394902707040714	0.2822562067695329	1.876015543937683	1000
TGATGCAA	2	+-	44	1	0.556453994450238	0.29032004331186284	2.070922374725342	1000
TGATGCAA	2	+-	44	2	0.5080824550382035	0.29134798361606984	1.9161349534988403	1000
TGATGCAA	2	+-	44	3	0.6000821663601509	0.32072386725765634	1.85831880569458	1000
TGATGCAA	2	+-	44	4	0.7522423978541513	0.3965068614774596	2.211794376373291	1000
TGATGCAA	2	-+	44	0	0.5317148060715756	0.2744807206392058	1.8706259727478027	1000
TGATGCAA	2	-+	44	1	0.5239111362843384	0.25777709915463776	2.048365592956543	1000
TGATGCAA	2	-+	44	2	0.48912407650733	0.2723895620895336	1.90299391746521	1000
TGATGCAA	2	-+	44	3	0.582823406376429	0.3034651502695972	1.8463560342788696	1000
TGATGCAA	2	-+	44	4	0.7459332143072491	0.3901976779305575	2.20742130279541	1000
TGATGCAA	4	++++	44	0	1.1090548895905457	0.8518207826603446	2.2708075046539307	1000
TGATGCAA	4	++++	44	1	1.1367974110012253	0.8706634598628502	2.4731860160827637	1000
TGATGCAA	4	++++	44	2	0.9425574533943555	0.7258229389765591	2.217289924621582	1000
TGATGCAA	4	++++	44	3	1.2162307799812546	0.93687248087876	2.285400390625	1000
TGATGCAA	4	++++	44	4	1.3879251019298917	1.0321896515445255	2.6524159908294678	1000
TGATGCAA	4	+-+-	44	0	1.018820752162356	0.7615867312234802	2.2082622051239014	1000
TGATGCAA	4	+-+-	44	1	1.003616539921504	0.7374825887831287	2.3808717727661133	1000
TGATGCAA	4	+-+-	44	2	0.9684439380369237	0.7517094236191274	2.2352330684661865	1000
TGATGCAA	4	+-+-	44	3	1.1304531429935474	0.8510950158737035	2.2259438037872314	1000
TGATGCAA	4	+-+-	44	4	1.373362212994107	1.0176266766174156	2.642321825027466	1000
TGATGCAA	4	++--	44	0	1.1938650381758242	0.9366310172369485	2.3295934200286865	1000
TGATGCAA	4	++--	44	1	1.232036243569523	0.9659022064398223	2.5392003059387207	1000
TGATGCAA	4	++--	44	2	0.978804688872852	0.7620700884637301	2.2424144744873047	1000
TGATGCAA	4	++--	44	3	1.3093682425299848	1.0300099434274903	2.3499584197998047	1000
TGATGCAA	4	++--	44	4	1.593213912958792	1.237478548564751	2.7947113513946533	1000
TGATGCAA	4	+--+	44	0	1.0921890669683827	0.8349549600381816	2.2591171264648438	1000
TGATGCAA	4	+--+	44	1	1.0983963507946486	0.8322624856475989	2.446568250656128	1000
TGATGCAA	4	+--+	44	2	0.9688234177560525	0.7520888173469308	2.2354962825775146	1000
TGATGCAA	4	+--+	44	3	1.1992493850177117	0.9198909999238917	2.273629903793335	1000
TGATGCAA	4	+--+	44	4	1.4524268511706864	1.0966912288026693	2.697125196456909	1000
TGATGCAA	2	++	43	0	0.5362497306008516	0.2790156236706504	1.8737692832946777	1000
TGATGCAA	2	++	43	1	0.5478182296024638	0.2816842354684259	2.064936637878418	1000
TGATGCAA	2	++	43	2	0.44092077912350197	0.22418622171004285	1.869581937789917	1000
TGATGCAA	2	++	43	3	0.5747309777183932	0.29537274310939265	1.8407467603683472	1000
TGATGCAA	2	++	43	4	0.7504435453174517	0.39470809493208553	2.21054744720459	1000
TGATGCAA	2	+-	43	0	0.6308451330766086	0.3736110691420702	1.9393378496170044	1000
TGATGCAA	2	+-	43	1	0.6819674919935311	0.4158334978594932	2.15792179107666	1000
TGATGCAA	2	+-	43	2	0.4878887681218451	0.27115423220621737	1.9021376371383667	1000
TGATGCAA	2	+-	43	3	0.6832219764445872	0.40386367734209255	1.9159468412399292	1000
TGATGCAA	2	+-	43	4	0.7862855036791899	0.4305499673024983	2.235391139984131	1000
TGATGCAA	2	-+	43	0	0.5567427533210367	0.2995086463908356	1.8879739046096802	1000
TGATGCAA	2	-+	43	1	0.5516472513412735	0.28551325720723547	2.0675907135009766	1000
TGATGCAA	2	-+	43	2	0.44063365408788646	0.22389916116792147	1.8693829774856567	1000
TGATGCAA	2	-+	43	3	0.6163036559808565	0.3369453783761932	1.8695627450942993	1000
TGATGCAA	2	-+	43	4	0.7784294221791023	0.42269388580241063	2.2299458980560303	1000
TGATGCAA	4	++++	43	0	1.0980733673763283	0.8408393464374525	2.263195753097534	1000
TGATGCAA	4	++++	43	1	1.1137893139948225	0.847655276865122	2.457237720489502	1000
TGATGCAA	4	++++	43	2	0.9012044829683695	0.6844699255549104	2.188626527786255	1000
TGATGCAA	4	++++	43	3	1.1481861021413606	0.868827803038866	2.2382352352142334	1000
TGATGCAA	4	++++	43	4	1.4970305516719558	1.1412949293039387	2.728041887283325	1000
TGATGCAA	4	+-+-	43	0	1.2157061469047976	0.9584720399745964	2.3447325229644775	1000
TGATGCAA	4	+-+-	43	1	1.273171741933493	1.0070377907951178	2.5677132606506348	1000
TGATGCAA	4	+-+-	43	2	0.9487143463039186	0.7319799178774478	2.2215576171875	1000
TGATGCAA	4	+-+-	43	3	1.315975643993483	1.036617430882314	2.354538679122925	1000
TGATGCAA	4	+-+-	43	4	1.4750743865495552	1.1193388501728636	2.7128231525421143	1000
TGATGCAA	4	++--	43	0	1.1669853537245234	0.9097513327856477	2.310961961746216	1000
TGATGCAA	4	++--	43	1	1.2190716753995319	0.9529377242611566	2.5302140712738037	1000
TGATGCAA	4	++--	43	2	0.9548160327825548	0.7380815183647584	2.2257869243621826	1000
TGATGCAA	4	++--	43	3	1.2446525468715168	0.9652943337603477	2.305101156234741	1000
TGATGCAA	4	++--	43	4	1.4597481526179161	1.104012530249899	2.702199935913086	1000
TGATGCAA	4	+--+	43	0	1.2084808977680748	0.951246876829199	2.33972430229187	1000
TGATGCAA	4	+--+	43	1	1.2453584496619832	0.9792244125322827	2.5484344959259033	1000
TGATGCAA	4	+--+	43	2	0.9463142424198028	0.7295797280020063	2.2198939323425293	1000
TGATGCAA	4	+--+	43	3	1.2984004789278365	1.0190421798253417	2.3423562049865723	1000
TGATGCAA	4	+--+	43	4	1.5718994151067605	1.2161638787300688	2.779937267303467	1000
TGATGCAA	2	++	46	0	0.5630216249257243	0.30578760398684857	1.8923259973526	1000
TGATGCAA	2	++	46	1	0.5597063153650419	0.2935723642266667	2.073176860809326	1000
TGATGCAA	2	++	46	2	0.43955067933540337	0.22281614341977565	1.8686323165893555	1000
TGATGCAA	2	++	46	3	0.6209603012312805	0.34160198063095465	1.8727904558181763	1000
TGATGCAA	2	++	46	4	0.7678381285996925	0.412102721209989	2.222604513168335	1000
TGATGCAA	2	+-	46	0	0.5431086996868995	0.28587459275669824	1.878523588180542	1000
TGATGCAA	2	+-	46	1	0.5503882523456323	0.28425423671376293	2.066718101501465	1000
TGATGCAA	2	+-	46	2	0.44230867911596483	0.22557416469816843	1.8705439567565918	1000
TGATGCAA	2	+-	46	3	0.5980976585518449	0.3187394024450131	1.8569432497024536	1000
TGATGCAA	2	+-	46	4	0.758819014423145	0.40308347804645345	2.216352939605713	1000
TGATGCAA	2	-+	46	0	0.5504758345105841	0.29324177057604567	1.8836301565170288	1000
TGATGCAA	2	-+	46	1	0.5642446795473351	0.2981107284089599	2.0763227939605713	1000
TGATGCAA	2	-+	46	2	0.4426185918528196	0.22588409893285458	1.8707587718963623	1000
TGATGCAA	2	-+	46	3	0.591484022717253	0.312125702116927	1.8523589372634888	1000
TGATGCAA	2	-+	46	4	0.7702824320250801	0.4145468096570631	2.2242987155914307	1000
TGATGCAA	4	++++	46	0	1.0793497021682197	0.8221155952380186	2.2502171993255615	1000
TGATGCAA	4	++++	46	1	1.0862226448446501	0.8200886077149495	2.4381299018859863	1000
TGATGCAA	4	++++	46	2	0.8588344071451808	0.6420998497317217	2.159257650375366	1000
TGATGCAA	4	++++	46	3	1.1812236254068045	0.9018652403129844	2.2611353397369385	1000
TGATGCAA	4	++++	46	4	1.4043192621320635	1.0485837257553718	2.6637794971466064	1000
TGATGCAA	4	+-+-	46	0	1.0621867795166913	0.8049526725864901	2.23832106590271	1000
TGATGCAA	4	+-+-	46	1	1.0899342884242458	0.8238003372858707	2.4407026767730713	1000
TGATGCAA	4	+-+-	46	2	0.8654100778095949	0.6486756063874612	2.163815498352051	1000
TGATGCAA	4	+-+-	46	3	1.1580989241631165	0.8787407970432729	2.2451064586639404	1000
TGATGCAA	4	+-+-	46	4	1.4405441398659478	1.0848086034892561	2.6888887882232666	1000
TGATGCAA	4	++--	46	0	1.1391882278221948	0.8819540349006681	2.291694402694702	1000
TGATGCAA	4	++--	46	1	1.1342267003274535	0.8680926631977529	2.4714040756225586	1000
TGATGCAA	4	++--	46	2	0.8800349664910155	0.6633004950688819	2.173952579498291	1000
TGATGCAA	4	++--	46	3	1.2541686909090577	0.9748103918065633	2.311697006225586	1000
TGATGCAA	4	++--	46	4	1.5331013329506669	1.1773659685566262	2.753044366836548	1000
TGATGCAA	4	+--+	46	0	1.0942632637291136	0.8370292427902378	2.260554790496826	1000
TGATGCAA	4	+--+	46	1	1.1278922353308747	0.8617583701838248	2.467013359069824	1000
TGATGCAA	4	+--+	46	2	0.8608858162046724	0.6441512157955506	2.160679578781128	1000
TGATGCAA	4	+--+	46	3	1.1891712876684766	0.9098129025746565	2.266644239425659	1000
TGATGCAA	4	+--+	46	4	1.5133164487954094	1.1575809984100434	2.739330768585205	1000
TGATGCAA	2	++	47	0	0.5415523426879164	0.28431830025120935	1.8774447441101074	1000
TGATGCAA	2	++	47	1	0.5720287003167113	0.3058947061826734	2.0817179679870605	1000
TGATGCAA	2	++	47	2	0.4599425762568812	0.24320804034125343	1.882766842842102	1000
TGATGCAA	2	++	47	3	0.6106482214855465	0.33128994388088334	1.8656425476074219	1000
TGATGCAA	2	++	47	4	0.7661850313595991	0.4104494949829075	2.2214584350585938	1000
TGATGCAA	2	+-	47	0	0.6257172983584831	0.3684832344239447	1.9357835054397583	1000
TGATGCAA	2	+-	47	1	0.6572627861363667	0.39112874900666605	2.1407978534698486	1000
TGATGCAA	2	+-	47	2	0.5110553901366808	0.2943208757188844	1.9181956052780151	1000
TGATGCAA	2	+-	47	3	0.6998547625748311	0.4204964634723365	1.927475929260254	1000
TGATGCAA	2	+-	47	4	0.801302770778554	0.44556732039318786	2.245800495147705	1000
TGATGCAA	2	-+	47	0	0.5761258860038787	0.3188918005715089	1.901409387588501	1000
TGATGCAA	2	-+	47	1	0.5958001423189687	0.32966621267842483	2.0981950759887695	1000
TGATGCAA	2	-+	47	2	0.46320336731724004	0.246468874397275	1.8850269317626953	1000
TGATGCAA	2	-+	47	3	0.64066732024136	0.36130902113886537	1.8864502906799316	1000
TGATGCAA	2	-+	47	4	0.7973772667726104	0.44164173039591886	2.243079423904419	1000
TGATGCAA	4	++++	47	0	1.0703514838837522	0.8131175489362018	2.2439804077148438	1000
TGATGCAA	4	++++	47	1	1.1205416108416728	0.8544075737119721	2.461918354034424	1000
TGATGCAA	4	++++	47	2	0.9111735433169577	0.6944390288991612	2.1955361366271973	1000
TGATGCAA	4	++++	47	3	1.1781957848470392	0.8988373997532192	2.2590365409851074	1000
TGATGCAA	4	++++	47	4	1.4865858733024064	1.1308505089083658	2.7208027839660645	1000
TGATGCAA	4	+-+-	47	0	1.196756238519479	0.9395220455979524	2.3315975666046143	1000
TGATGCAA	4	+-+-	47	1	1.2846644825774	1.0185304454476996	2.5756797790527344	1000
TGATGCAA	4	+-+-	47	2	0.964331832854794	0.7475974044283231	2.2323827743530273	1000
TGATGCAA	4	+-+-	47	3	1.2850566890126929	1.0056984759015237	2.3331069946289062	1000
TGATGCAA	4	+-+-	47	4	1.3807901436848717	1.0250546932995055	2.647470235824585	1000
TGATGCAA	4	++--	47	0	1.147899149088396	0.8906651281495203	2.297732353210449	1000
TGATGCAA	4	++--	47	1	1.2146082956530149	0.9484742585233141	2.5271201133728027	1000
TGATGCAA	4	++--	47	2	0.9784182438563632	0.7616836434472414	2.2421467304229736	1000
TGATGCAA	4	++--	47	3	1.2653601179486533	0.9860019048374842	2.3194544315338135	1000
TGATGCAA	4	++--	47	4	1.3852094958727679	1.0294739594960762	2.650533676147461	1000
TGATGCAA	4	+--+	47	0	1.1947983880220567	0.937564367083181	2.330240488052368	1000
TGATGCAA	4	+--+	47	1	1.229893081765796	0.9637591306274209	2.537714958190918	1000
TGATGCAA	4	+--+	47	2	0.9672054909680606	0.7504710625415898	2.234374761581421	1000
TGATGCAA	4	+--+	47	3	1.3203624054690408	1.0410041923578717	2.357578992843628	1000
TGATGCAA	4	+--+	47	4	1.5718416289360706	1.2161060065680536	2.7798972129821777	1000
TGATGCAA	2	++	48	0	0.6009786259277733	0.3437445404954035	1.9186359643936157	1000
TGATGCAA	2	++	48	1	0.6284805866055586	0.36234663546718343	2.120847702026367	1000
TGATGCAA	2	++	48	2	0.5078228472267261	0.291088289813267	1.915954828262329	1000
TGATGCAA	2	++	48	3	0.670086070558674	0.3907277284605167	1.90684175491333	1000
TGATGCAA	2	++	48	4	0.8101514501480964	0.45441591377140483	2.2519338130950928	1000
TGATGCAA	2	+-	48	0	0.5673429899982914	0.3101089475615843	1.8953214883804321	1000
TGATGCAA	2	+-	48	1	0.5767695740703955	0.3106355584385262	2.0850038528442383	1000
TGATGCAA	2	+-	48	2	0.5207520729619649	0.3040175585441685	1.9249167442321777	1000
TGATGCAA	2	+-	48	3	0.6334795633225252	0.3541212642200306	1.8814680576324463	1000
TGATGCAA	2	+-	48	4	0.785425418442225	0.42968996805685883	2.234794855117798	1000
TGATGCAA	2	-+	48	0	0.5764129250481688	0.319178904109293	1.9016083478927612	1000
TGATGCAA	2	-+	48	1	0.5862129264509587	0.32007899681041485	2.091549873352051	1000
TGATGCAA	2	-+	48	2	0.5226293495874579	0.30589483516966154	1.926218032836914	1000
TGATGCAA	2	-+	48	3	0.6445519353720609	0.36519363626956636	1.8891428709030151	1000
TGATGCAA	2	-+	48	4	0.7904243521635288	0.4346888587824999	2.238260269165039	1000
TGATGCAA	4	++++	48	0	1.0879846071027397	0.8307505861638639	2.2562029361724854	1000
TGATGCAA	4	++++	48	1	1.1191737468280354	0.8530397956896602	2.460970163345337	1000
TGATGCAA	4	++++	48	2	0.9731964206195411	0.7564619921930702	2.238527297973633	1000
TGATGCAA	4	++++	48	3	1.1988216641650158	0.9194634510538467	2.2733335494995117	1000
TGATGCAA	4	++++	48	4	1.3097670702973356	0.9540314479293187	2.598240852355957	1000
TGATGCAA	4	+-+-	48	0	1.0342708136026164	0.7770367066724152	2.2189712524414062	1000
TGATGCAA	4	+-+-	48	1	1.0451619589338055	0.7790279218041049	2.4096689224243164	1000
TGATGCAA	4	+-+-	48	2	0.958469374243508	0.7417349458170371	2.2283194065093994	1000
TGATGCAA	4	+-+-	48	3	1.1324827962477046	0.8531244971452101	2.2273507118225098	1000
TGATGCAA	4	+-+-	48	4	1.319538436588757	0.9638029862033909	2.605013847351074	1000
TGATGCAA	4	++--	48	0	1.2249940699646436	0.9677599630344423	2.351170301437378	1000
TGATGCAA	4	++--	48	1	1.2633736323398626	0.9972395092188364	2.5609216690063477	1000
TGATGCAA	4	++--	48	2	1.0088601189636601	0.7921256905371892	2.263247489929199	1000
TGATGCAA	4	++--	48	3	1.350782438779678	1.0714241396771835	2.378664493560791	1000
TGATGCAA	4	++--	48	4	1.6341782885851535	1.2784426662171364	2.823106050491333	1000
TGATGCAA	4	+--+	48	0	1.1242450852453525	0.8670111502978022	2.281336784362793	1000
TGATGCAA	4	+--+	48	1	1.138999734836849	0.8728656977071485	2.474712371826172	1000
TGATGCAA	4	+--+	48	2	1.0210716610968484	0.8043369746964012	2.271711826324463	1000
TGATGCAA	4	+--+	48	3	1.2590253089867727	0.979667009884278	2.315063238143921	1000
TGATGCAA	4	+--+	48	4	1.480320889296776	1.1245853529200844	2.7164599895477295	1000
TGATGCAA	2	++	49	0	0.5415056493982072	0.28427156396583736	1.8774123191833496	1000
TGATGCAA	2	++	49	1	0.5490828180342581	0.28294882390022014	2.0658130645751953	1000
TGATGCAA	2	++	49	2	0.45048645416449135	0.2337519827423577	1.8762123584747314	1000
TGATGCAA	2	++	49	3	0.5972068744117011	0.3178485968070378	1.8563258647918701	1000
TGATGCAA	2	++	49	4	0.7666746659666056	0.41093912958991397	2.2217981815338135	1000
TGATGCAA	2	+-	49	0	0.5895438864328696	0.33230984399616253	1.9107099771499634	1000
TGATGCAA	2	+-	49	1	0.5873909646137062	0.3212569919774997	2.0923662185668945	1000
TGATGCAA	2	+-	49	2	0.4386768784820322	0.22194234256640444	1.868026614189148	1000
TGATGCAA	2	+-	49	3	0.6275583296403068	0.3482000520356436	1.877363920211792	1000
TGATGCAA	2	+-	49	4	0.8291011865507641	0.47336569316973526	2.265068769454956	1000
TGATGCAA	2	-+	49	0	0.6201834555973332	0.36294939166279483	1.9319475889205933	1000
TGATGCAA	2	-+	49	1	0.630344190610308	0.36421019647627006	2.1221392154693604	1000
TGATGCAA	2	-+	49	2	0.49682662049585985	0.28009210607806345	1.9083327054977417	1000
TGATGCAA	2	-+	49	3	0.6853248083166867	0.40596650921419214	1.9174045324325562	1000
TGATGCAA	2	-+	49	4	0.8147847487536659	0.459049255372637	2.255145311355591	1000
TGATGCAA	4	++++	49	0	1.065247210788795	0.8080131038585937	2.2404422760009766	1000
TGATGCAA	4	++++	49	1	1.093926865664026	0.8277927425429998	2.4434702396392822	1000
TGATGCAA	4	++++	49	2	0.8919102825417671	0.6751758111196333	2.1821839809417725	1000
TGATGCAA	4	++++	49	3	1.1717645796093499	0.8924061945155299	2.2545788288116455	1000
TGATGCAA	4	++++	49	4	1.483950239177934	1.128214616809917	2.71897554397583	1000
TGATGCAA	4	+-+-	49	0	1.146495254709403	0.8892612337705271	2.2967593669891357	1000
TGATGCAA	4	+-+-	49	1	1.1154725941901422	0.8493386430517671	2.458404779434204	1000
TGATGCAA	4	+-+-	49	2	0.9192285227527681	0.7024939653393091	2.2011196613311768	1000
TGATGCAA	4	+-+-	49	3	1.2283774846550675	0.949019185552573	2.2938201427459717	1000
TGATGCAA	4	+-+-	49	4	1.6039299799514026	1.2481945295660364	2.8021390438079834	1000
TGATGCAA	4	++--	49	0	1.0552856316855193	0.7980516107466435	2.2335376739501953	1000
TGATGCAA	4	++--	49	1	1.0505902473429882	0.7844562962046131	2.4134316444396973	1000
TGATGCAA	4	++--	49	2	0.886517422558662	0.6697828651452028	2.178446054458618	1000
TGATGCAA	4	++--	49	3	1.16075167056135	0.8813934574501808	2.246945381164551	1000
TGATGCAA	4	++--	49	4	1.5508881226682003	1.1951525862915087	2.7653732299804688	1000
TGATGCAA	4	+--+	49	0	1.1991439596527327	0.9419097667312062	2.333252429962158	1000
TGATGCAA	4	+--+	49	1	1.2116722938288105	0.9455383426904351	2.525084972381592	1000
TGATGCAA	4	+--+	49	2	0.9290930176496317	0.7123585032318354	2.2079570293426514	1000
TGATGCAA	4	+--+	49	3	1.3126632581378654	1.033304959035371	2.3522424697875977	1000
TGATGCAA	4	+--+	49	4	1.620073303457291	1.2643379390632503	2.8133292198181152	1000
TGATGCAA	2	++	50	0	0.5805630813918019	0.32332901745726345	1.9044849872589111	1000
TGATGCAA	2	++	50	1	0.5579069898760525	0.29177306023550864	2.071929454803467	1000
TGATGCAA	2	++	50	2	0.4504822405895452	0.23374772617174885	1.8762094974517822	1000
TGATGCAA	2	++	50	3	0.6267280833932666	0.34736978429077203	1.8767883777618408	1000
TGATGCAA	2	++	50	4	0.7857302576908793	0.42999480730551315	2.235006332397461	1000
TGATGCAA	2	+-	50	0	0.5683821951661299	0.31114813123159146	1.8960418701171875	1000
TGATGCAA	2	+-	50	1	0.5737140013081786	0.30758000717414075	2.082886219024658	1000
TGATGCAA	2	+-	50	2	0.44822703208878123	0.2314925391688162	1.8746461868286133	1000
TGATGCAA	2	+-	50	3	0.5922351139492336	0.31287687934023306	1.8528796434402466	1000
TGATGCAA	2	+-	50	4	0.7839170446028327	0.4281814652304784	2.2337496280670166	1000
TGATGCAA	2	-+	50	0	0.5465419033547483	0.28930786091804117	1.8809033632278442	1000
TGATGCAA	2	-+	50	1	0.5555307485847438	0.2893967974463686	2.070282459259033	1000
TGATGCAA	2	-+	50	2	0.44847352622313036	0.2317389903075026	1.874817132949829	1000
TGATGCAA	2	-+	50	3	0.59586966630558	0.3165113887009168	1.8553988933563232	1000
TGATGCAA	2	-+	50	4	0.7665447330738787	0.4108091107058617	2.221708059310913	1000
TGATGCAA	4	++++	50	0	1.1064975075722159	0.8492634866333401	2.2690348625183105	1000
TGATGCAA	4	++++	50	1	1.0908642846087866	0.8247304194617368	2.441347599029541	1000
TGATGCAA	4	++++	50	2	0.8799850055309398	0.6632505341088062	2.1739180088043213	1000
TGATGCAA	4	++++	50	3	1.1840501602737348	0.9046918611712401	2.263094186782837	1000
TGATGCAA	4	++++	50	4	1.4366704886292392	1.0809349522525478	2.686203956604004	1000
TGATGCAA	4	+-+-	50	0	1.0568274561505042	0.7995934352116286	2.2346065044403076	1000
TGATGCAA	4	+-+-	50	1	1.0854461431760045	0.8193121920376294	2.437591791152954	1000
TGATGCAA	4	+-+-	50	2	0.8848732684164134	0.6681387969942798	2.1773064136505127	1000
TGATGCAA	4	+-+-	50	3	1.1472033932743304	0.867845094171836	2.2375545501708984	1000
TGATGCAA	4	+-+-	50	4	1.4280098722884154	1.0722743359117237	2.6802005767822266	1000
TGATGCAA	4	++--	50	0	1.1766119106239181	0.9193778896850425	2.3176345825195312	1000
TGATGCAA	4	++--	50	1	1.1762964944422358	0.9101625433038606	2.5005643367767334	1000
TGATGCAA	4	++--	50	2	0.8856143416589813	0.6688797842455222	2.1778199672698975	1000
TGATGCAA	4	++--	50	3	1.2782267419989781	0.998868528887809	2.3283727169036865	1000
TGATGCAA	4	++--	50	4	1.5867404859803158	1.231005121586275	2.790224313735962	1000
TGATGCAA	4	+--+	50	0	1.126234494559208	0.8690003876290069	2.282715320587158	1000
TGATGCAA	4	+--+	50	1	1.1652342263734383	0.899100275235063	2.492896795272827	1000
TGATGCAA	4	+--+	50	2	0.8819923010404851	0.6652578296183514	2.175309419631958	1000
TGATGCAA	4	+--+	50	3	1.1946133346897283	0.9152549495959084	2.270416259765625	1000
TGATGCAA	4	+--+	50	4	1.5444396331740993	1.1887040967974076	2.7609033584594727	1000
