motif_seq	motif_counts	orientation_pattern	spacing	model_fold	log2_fc_vs_baseline	log2_fc_vs_single	mean_prediction	n_sequences
GATAA	2	++	50	0	0.3649232365467473	0.186604336367357	1.5973528623580933	1000
GATAA	2	++	50	1	0.3569487879872033	0.18450825481430377	1.7491592168807983	1000
GATAA	2	++	50	2	0.405091332499614	0.20893583212743416	1.6746842861175537	1000
GATAA	2	++	50	3	0.4150970251528359	0.21572759899265734	1.7887680530548096	1000
GATAA	2	++	50	4	0.35478565469814494	0.18299596836960438	1.5283219814300537	1000
GATAA	2	+-	50	0	0.3701230889999216	0.19180416732269992	1.6009570360183716	1000
GATAA	2	+-	50	1	0.34816935313246455	0.17572881995956505	1.7430737018585205	1000
GATAA	2	+-	50	2	0.4000995790539837	0.20394405718397252	1.6712243556976318	1000
GATAA	2	+-	50	3	0.3948172609197207	0.19544779176387939	1.7747111320495605	1000
GATAA	2	+-	50	4	0.34897625273465016	0.1771865986528566	1.5242953300476074	1000
GATAA	2	-+	50	0	0.40810395259477783	0.22978507391321887	1.6272834539413452	1000
GATAA	2	-+	50	1	0.3855718605703005	0.213131327397401	1.7689990997314453	1000
GATAA	2	-+	50	2	0.44528032434456055	0.24912482397238073	1.7025412321090698	1000
GATAA	2	-+	50	3	0.446659969169782	0.24729056450743478	1.8106458187103271	1000
GATAA	2	-+	50	4	0.3863496521088276	0.21456005177161244	1.5502007007598877	1000
GATAA	3	+++	50	0	0.5402438556844895	0.3619249340072678	1.718875765800476	1000
GATAA	3	+++	50	1	0.5281217445297498	0.355681189859019	1.8678072690963745	1000
GATAA	3	+++	50	2	0.5972051545851924	0.4010496972086753	1.8078476190567017	1000
GATAA	3	+++	50	3	0.5964222895584649	0.3970528633982863	1.914453148841858	1000
GATAA	3	+++	50	4	0.5300099850492354	0.3582202987206948	1.6497783660888672	1000
GATAA	3	+-+	50	0	0.5913574864818806	0.41303856480465895	1.7543050050735474	1000
GATAA	3	+-+	50	1	0.5519610766834353	0.37952060800402987	1.8843315839767456	1000
GATAA	3	+-+	50	2	0.6267385313393065	0.4305830309671267	1.8283185958862305	1000
GATAA	3	+-+	50	3	0.6140069996612345	0.4146375305053932	1.9266420602798462	1000
GATAA	3	+-+	50	4	0.5534584436331724	0.38166880030029454	1.6660314798355103	1000
GATAA	3	++-	50	0	0.5514208361814126	0.37310187150852814	1.7266230583190918	1000
GATAA	3	++-	50	1	0.5220784031654189	0.349637848494688	1.86361825466156	1000
GATAA	3	++-	50	2	0.6078609416586758	0.41170548428215864	1.815233588218689	1000
GATAA	3	++-	50	3	0.5993812510665595	0.40001178191071823	1.916504144668579	1000
GATAA	3	++-	50	4	0.5227100524463753	0.35092043061132877	1.6447182893753052	1000
GATAA	4	++++	50	0	0.7037275968939479	0.5254086752167263	1.8321940898895264	1000
GATAA	4	++++	50	1	0.6691449814931527	0.49670442682242183	1.9655570983886719	1000
GATAA	4	++++	50	2	0.7594373780443223	0.5632818776721424	1.9202983379364014	1000
GATAA	4	++++	50	3	0.7672366192782998	0.5678672791094467	2.0328528881073	1000
GATAA	4	++++	50	4	0.6821999695418349	0.5104103262089571	1.7552683353424072	1000
GATAA	4	+-+-	50	0	0.7543361146457551	0.5760172359641961	1.8672733306884766	1000
GATAA	4	+-+-	50	1	0.6895663304435907	0.5171257757728599	1.9797120094299316	1000
GATAA	4	+-+-	50	2	0.7709667509928633	0.5748112076250207	1.9282898902893066	1000
GATAA	4	+-+-	50	3	0.7494217963886758	0.5500524132241599	2.0205044746398926	1000
GATAA	4	+-+-	50	4	0.7185442032354179	0.5467545599025401	1.7804603576660156	1000
GATAA	4	++--	50	0	0.7009426818285265	0.5226236741599795	1.8302638530731201	1000
GATAA	4	++--	50	1	0.6646578681408166	0.492217270474423	1.9624468088150024	1000
GATAA	4	++--	50	2	0.7653155730681622	0.5691601586873078	1.9243727922439575	1000
GATAA	4	++--	50	3	0.7462100203838128	0.5468405942236342	2.018278121948242	1000
GATAA	4	++--	50	4	0.6727644423718859	0.5009747990390081	1.7487281560897827	1000
GATAA	4	+--+	50	0	0.756883521670335	0.5785645140017879	1.8690389394760132	1000
GATAA	4	+--+	50	1	0.6945855581176964	0.5221450464426283	1.9831911325454712	1000
GATAA	4	+--+	50	2	0.8325263930253478	0.6363708926531679	1.9709597826004028	1000
GATAA	4	+--+	50	3	0.8156382126585726	0.6162687435027313	2.0664021968841553	1000
GATAA	4	+--+	50	4	0.699592532027928	0.5278029316907129	1.7673239707946777	1000
GATAA	2	++	30	0	0.3824467208258097	0.2041277776507567	1.609499216079712	1000
GATAA	2	++	30	1	0.3856706646032212	0.2132301314303217	1.769067645072937	1000
GATAA	2	++	30	2	0.42972234379088375	0.23356690791219797	1.6917574405670166	1000
GATAA	2	++	30	3	0.43239340634143403	0.2330240016790868	1.8007570505142212	1000
GATAA	2	++	30	4	0.3657274274221818	0.1939377410936412	1.535906195640564	1000
GATAA	2	++	31	0	0.42085878792204173	0.24253984474698873	1.6361244916915894	1000
GATAA	2	++	31	1	0.4052174817740219	0.23277699159678508	1.7826164960861206	1000
GATAA	2	++	31	2	0.4440249799802502	0.24786947960807038	1.7016711235046387	1000
GATAA	2	++	31	3	0.44129376649756064	0.24192436183521343	1.8069263696670532	1000
GATAA	2	++	31	4	0.3954977532735221	0.2237080884428129	1.5565415620803833	1000
GATAA	2	++	32	0	0.37620392258214064	0.1978849794070876	1.605172038078308	1000
GATAA	2	++	32	1	0.38033038831561744	0.20788985514271793	1.7653660774230957	1000
GATAA	2	++	32	2	0.42115842469550746	0.2250029243233276	1.685821294784546	1000
GATAA	2	++	32	3	0.41906036534196933	0.21969096067962213	1.7915152311325073	1000
GATAA	2	++	32	4	0.3634221719700167	0.1916324856414761	1.5343083143234253	1000
GATAA	2	++	33	0	0.3986197973302974	0.22030083265741301	1.6207094192504883	1000
GATAA	2	++	33	1	0.38994740017788937	0.21750693149848396	1.7720321416854858	1000
GATAA	2	++	33	2	0.4380067480829452	0.24185131220425946	1.6974997520446777	1000
GATAA	2	++	33	3	0.4359335402224568	0.23656409256444685	1.803210973739624	1000
GATAA	2	++	33	4	0.3632866926367995	0.19149700630825894	1.5342146158218384	1000
GATAA	2	++	34	0	0.369995391881656	0.19167644870660294	1.6008687019348145	1000
GATAA	2	++	34	1	0.36914248692036455	0.19670195374746507	1.7576112747192383	1000
GATAA	2	++	34	2	0.4159548316196769	0.2197993527453284	1.682214617729187	1000
GATAA	2	++	34	3	0.4186883668681531	0.21931891921014315	1.7912575006484985	1000
GATAA	2	++	34	4	0.34651339668080067	0.17472373185009143	1.5225881338119507	1000
GATAA	2	++	35	0	0.41959110380253195	0.24127216062747894	1.635245680809021	1000
GATAA	2	++	35	1	0.39141131650203365	0.21897080482696546	1.773046612739563	1000
GATAA	2	++	35	2	0.4282359837308019	0.23208052635428478	1.6907269954681396	1000
GATAA	2	++	35	3	0.43247256135649365	0.23310313519631504	1.8008118867874146	1000
GATAA	2	++	35	4	0.3811276568893547	0.20933797056081413	1.5465809106826782	1000
GATAA	2	++	36	0	0.3885835347608846	0.21026459158583158	1.6137529611587524	1000
GATAA	2	++	36	1	0.38248545991791655	0.21004496974067977	1.7668598890304565	1000
GATAA	2	++	36	2	0.42512245281524436	0.22896697394089585	1.6885688304901123	1000
GATAA	2	++	36	3	0.43158955943130123	0.23222013327112268	1.8001999855041504	1000
GATAA	2	++	36	4	0.3689747608401106	0.19718507451157005	1.5381572246551514	1000
GATAA	2	++	37	0	0.4098815652740958	0.23156260060121145	1.6285154819488525	1000
GATAA	2	++	37	1	0.39492763078591187	0.22248705461734966	1.7754840850830078	1000
GATAA	2	++	37	2	0.44368707706696753	0.24753159819261902	1.701436996459961	1000
GATAA	2	++	37	3	0.4454422030146852	0.24607275535667525	1.8098018169403076	1000
GATAA	2	++	37	4	0.37891669092552516	0.20712706909047865	1.545048475265503	1000
GATAA	2	++	38	0	0.36587722431108327	0.18755828113603026	1.598013997077942	1000
GATAA	2	++	38	1	0.367754543932239	0.19531398926150811	1.756649136543274	1000
GATAA	2	++	38	2	0.4120258449650533	0.21587036609070484	1.6794910430908203	1000
GATAA	2	++	38	3	0.41724517445343784	0.21787570529759653	1.7902570962905884	1000
GATAA	2	++	38	4	0.3505442615582291	0.17875459672751987	1.5253820419311523	1000
GATAA	2	++	39	0	0.4060583479497529	0.22773940477469984	1.6258654594421387	1000
GATAA	2	++	39	1	0.3899573751716394	0.21751684199873994	1.7720389366149902	1000
GATAA	2	++	39	2	0.429430575223695	0.23327511784717786	1.6915550231933594	1000
GATAA	2	++	39	3	0.4341892921774062	0.23481988751505894	1.802001953125	1000
GATAA	2	++	39	4	0.38020320714530437	0.20841356381242654	1.5459401607513428	1000
GATAA	2	+-	30	0	0.40750209930808345	0.2291831131373677	1.6268662214279175	1000
GATAA	2	+-	30	1	0.3796708778452213	0.2072302801788277	1.7649089097976685	1000
GATAA	2	+-	30	2	0.4304574406363341	0.23430196176198562	1.692266821861267	1000
GATAA	2	+-	30	3	0.4247409093043052	0.22537144014846391	1.7954527139663696	1000
GATAA	2	+-	30	4	0.37757797797120907	0.20578833463833118	1.54412043094635	1000
GATAA	2	+-	31	0	0.3764955191666785	0.1981765759916255	1.6053742170333862	1000
GATAA	2	+-	31	1	0.3835064349247636	0.21106594474752685	1.7675676345825195	1000
GATAA	2	+-	31	2	0.4196843183992996	0.22352883952495112	1.6847995519638062	1000
GATAA	2	+-	31	3	0.4221020935007917	0.22273268883844446	1.793623685836792	1000
GATAA	2	+-	31	4	0.3577736167807413	0.18598397344786347	1.5303932428359985	1000
GATAA	2	+-	32	0	0.38809764077653447	0.20977867610365009	1.6134161949157715	1000
GATAA	2	+-	32	1	0.3789792926104392	0.20653873793970834	1.7644295692443848	1000
GATAA	2	+-	32	2	0.4351350247745008	0.23897952440232093	1.6955091953277588	1000
GATAA	2	+-	32	3	0.42193161569812393	0.22256223253360807	1.7935055494308472	1000
GATAA	2	+-	32	4	0.36190476904145413	0.19011510421074493	1.5332567691802979	1000
GATAA	2	+-	33	0	0.38876742721031965	0.210448505533098	1.6138803958892822	1000
GATAA	2	+-	33	1	0.38706088636147074	0.21462033169073985	1.770031213760376	1000
GATAA	2	+-	33	2	0.4241868671945507	0.22803136682237082	1.6879204511642456	1000
GATAA	2	+-	33	3	0.4280834351194866	0.22871398746147667	1.7977696657180786	1000
GATAA	2	+-	33	4	0.3689152978385748	0.19712561151003424	1.5381159782409668	1000
GATAA	2	+-	34	0	0.4048519756452757	0.22653303247022266	1.6250293254852295	1000
GATAA	2	+-	34	1	0.37931560468420145	0.20687511450696464	1.764662742614746	1000
GATAA	2	+-	34	2	0.43465768692703105	0.23850216505701985	1.6951782703399658	1000
GATAA	2	+-	34	3	0.43106127172351344	0.2316918670611662	1.7998337745666504	1000
GATAA	2	+-	34	4	0.3723602823180077	0.20057066048296124	1.5405038595199585	1000
GATAA	2	+-	35	0	0.37932411782541914	0.20100515315253475	1.6073347330093384	1000
GATAA	2	+-	35	1	0.38684431720837176	0.21440378403547222	1.7698811292648315	1000
GATAA	2	+-	35	2	0.42199645315749923	0.22584099578098207	1.6864020824432373	1000
GATAA	2	+-	35	3	0.43262050943189834	0.23325108327171978	1.8009145259857178	1000
GATAA	2	+-	35	4	0.3605372059974558	0.18874756266457793	1.5323086977005005	1000
GATAA	2	+-	36	0	0.40904267689884977	0.23072373372379673	1.6279340982437134	1000
GATAA	2	+-	36	1	0.4012617088215264	0.22882117564862692	1.7798746824264526	1000
GATAA	2	+-	36	2	0.45128952715269527	0.25513406977617814	1.7067065238952637	1000
GATAA	2	+-	36	3	0.44581390051886244	0.24644445286085248	1.8100594282150269	1000
GATAA	2	+-	36	4	0.38606910540960765	0.21427946207672977	1.5500061511993408	1000
GATAA	2	+-	37	0	0.40449863728907803	0.2261796511183623	1.6247844696044922	1000
GATAA	2	+-	37	1	0.4002381540749164	0.22779759940418554	1.7791650295257568	1000
GATAA	2	+-	37	2	0.43636710848528193	0.24021162961093345	1.6963632106781006	1000
GATAA	2	+-	37	3	0.44661168504055226	0.247242215884711	1.8106123208999634	1000
GATAA	2	+-	37	4	0.3896196872366703	0.21783004390379246	1.5524671077728271	1000
GATAA	2	+-	38	0	0.4013109818509986	0.22299206017377696	1.6225749254226685	1000
GATAA	2	+-	38	1	0.37927660761811827	0.20683603144955606	1.7646358013153076	1000
GATAA	2	+-	38	2	0.4293665546819113	0.2332110758075628	1.691510796546936	1000
GATAA	2	+-	38	3	0.42860940106148776	0.22923993190564648	1.7981343269348145	1000
GATAA	2	+-	38	4	0.3755466478862057	0.20375698305549647	1.5427124500274658	1000
GATAA	2	+-	39	0	0.3855344543437379	0.2072154896708535	1.611639380455017	1000
GATAA	2	+-	39	1	0.3865446374392433	0.21410408276851242	1.769673466682434	1000
GATAA	2	+-	39	2	0.4231377730242875	0.22698229414993903	1.6871932744979858	1000
GATAA	2	+-	39	3	0.431475104977152	0.23210567881697347	1.8001205921173096	1000
GATAA	2	+-	39	4	0.3683889449356092	0.19659925860706862	1.5377511978149414	1000
GATAA	2	-+	30	0	0.43839263415581864	0.26007362648727156	1.6482778787612915	1000
GATAA	2	-+	30	1	0.4087697404319305	0.2363291427655369	1.7850786447525024	1000
GATAA	2	-+	30	2	0.4748721322043053	0.27871667482778817	1.7230528593063354	1000
GATAA	2	-+	30	3	0.48071756453315584	0.28134811687514594	1.834252953529358	1000
GATAA	2	-+	30	4	0.3856380738908827	0.21384843055800487	1.549707293510437	1000
GATAA	2	-+	31	0	0.39983429581502783	0.22151537413780614	1.6215513944625854	1000
GATAA	2	-+	31	1	0.40653469689698013	0.23409418522191197	1.78352952003479	1000
GATAA	2	-+	31	2	0.43125569811031383	0.23510026223162805	1.6928201913833618	1000
GATAA	2	-+	31	3	0.4445907599059261	0.2452213552435789	1.8092116117477417	1000
GATAA	2	-+	31	4	0.3723405473088212	0.20055086098028063	1.5404902696609497	1000
GATAA	2	-+	32	0	0.42526102783617703	0.24694212765678675	1.6391758918762207	1000
GATAA	2	-+	32	1	0.3986677804898881	0.22622729031265132	1.7780766487121582	1000
GATAA	2	-+	32	2	0.45095192520905153	0.25479640333904036	1.7064725160598755	1000
GATAA	2	-+	32	3	0.4521700353294501	0.25280060916927155	1.814465045928955	1000
GATAA	2	-+	32	4	0.4014256942791241	0.2296360724440776	1.5606504678726196	1000
GATAA	2	-+	33	0	0.38067525652626005	0.20235633484903842	1.6082712411880493	1000
GATAA	2	-+	33	1	0.3876656633532298	0.21522515167816164	1.770450472831726	1000
GATAA	2	-+	33	2	0.42291174482539107	0.2267562659510426	1.6870366334915161	1000
GATAA	2	-+	33	3	0.43003733001593897	0.2306679038557604	1.799124002456665	1000
GATAA	2	-+	33	4	0.36994917154423657	0.19815954970919009	1.538832664489746	1000
GATAA	2	-+	34	0	0.40862970355846545	0.23031078188124376	1.6276479959487915	1000
GATAA	2	-+	34	1	0.3844786528500911	0.21203811967719158	1.7682414054870605	1000
GATAA	2	-+	34	2	0.44684519448476123	0.2506897371082441	1.7036259174346924	1000
GATAA	2	-+	34	3	0.4456781202160062	0.24630865106016495	1.8099653720855713	1000
GATAA	2	-+	34	4	0.36270685312941553	0.19091718829870635	1.5338126420974731	1000
GATAA	2	-+	35	0	0.37633321053992674	0.19801428886270508	1.6052616834640503	1000
GATAA	2	-+	35	1	0.37515388250729775	0.20271334933439825	1.7617781162261963	1000
GATAA	2	-+	35	2	0.41178330643167405	0.21562784905515692	1.6793229579925537	1000
GATAA	2	-+	35	3	0.425454766292374	0.22608534013219542	1.795947551727295	1000
GATAA	2	-+	35	4	0.34997104338290336	0.17818138930110983	1.5249848365783691	1000
GATAA	2	-+	36	0	0.41461130315113665	0.23629240297174633	1.6317939758300781	1000
GATAA	2	-+	36	1	0.3902888287355148	0.2178482740647839	1.7722687721252441	1000
GATAA	2	-+	36	2	0.43697889377006366	0.2408233933978838	1.6967872381210327	1000
GATAA	2	-+	36	3	0.44126904399149913	0.2418995963334892	1.806909203529358	1000
GATAA	2	-+	36	4	0.38771970890126345	0.21593004407055422	1.5511502027511597	1000
GATAA	2	-+	37	0	0.38771037884245413	0.20939150016089517	1.6131478548049927	1000
GATAA	2	-+	37	1	0.3908354325956195	0.21839489942272	1.772647738456726	1000
GATAA	2	-+	37	2	0.4198429293990578	0.22368745052470934	1.684909462928772	1000
GATAA	2	-+	37	3	0.4321268762282594	0.23275742857024945	1.8005722761154175	1000
GATAA	2	-+	37	4	0.37131157510870905	0.19952188878016847	1.5397768020629883	1000
GATAA	2	-+	38	0	0.4072935703439123	0.2289746486666906	1.6267216205596924	1000
GATAA	2	-+	38	1	0.38840015825940216	0.21595964658433398	1.7709596157073975	1000
GATAA	2	-+	38	2	0.44286491400451783	0.24670947812583208	1.7008671760559082	1000
GATAA	2	-+	38	3	0.4447700088237879	0.2454005826636093	1.8093358278274536	1000
GATAA	2	-+	38	4	0.371344853751651	0.19955521041877314	1.5398000478744507	1000
GATAA	2	-+	39	0	0.3922111648155338	0.21389224313831215	1.616267442703247	1000
GATAA	2	-+	39	1	0.39882935819037374	0.22638878202181148	1.7781885862350464	1000
GATAA	2	-+	39	2	0.42398943111136017	0.22783397373484304	1.6877837181091309	1000
GATAA	2	-+	39	3	0.4415411205451641	0.2421716943849855	1.8070977926254272	1000
GATAA	2	-+	39	4	0.371492758831393	0.19970311549851513	1.5399025678634644	1000
GATAA	3	+++	30	0	0.5775239759684052	0.39920501129552083	1.7447164058685303	1000
GATAA	3	+++	30	1	0.5756319518306007	0.40319139715986985	1.9007387161254883	1000
GATAA	3	+++	30	2	0.6348444606354351	0.43868900325891796	1.8339372873306274	1000
GATAA	3	+++	30	3	0.6381080464138705	0.43873857725802917	1.943347692489624	1000
GATAA	3	+++	30	4	0.5513062957359379	0.3795166953987228	1.6645398139953613	1000
GATAA	3	+++	31	0	0.6580308176594573	0.4797118529865729	1.800519585609436	1000
GATAA	3	+++	31	1	0.6117817591373833	0.4393412044666525	1.9257959127426147	1000
GATAA	3	+++	31	2	0.6658403348568238	0.4696848774803067	1.8554219007492065	1000
GATAA	3	+++	31	3	0.6631805801655678	0.4638111540053892	1.9607266187667847	1000
GATAA	3	+++	31	4	0.5956817322638497	0.4238920459353091	1.695298433303833	1000
GATAA	3	+++	32	0	0.5831141430477126	0.40479517837482826	1.7485913038253784	1000
GATAA	3	+++	32	1	0.5731756096196526	0.4007350549489218	1.899036169052124	1000
GATAA	3	+++	32	2	0.6444224754316239	0.4482669320637814	1.8405760526657104	1000
GATAA	3	+++	32	3	0.64513280677535	0.44576333761950876	1.9482167959213257	1000
GATAA	3	+++	32	4	0.558639635968728	0.38684999263585024	1.669622778892517	1000
GATAA	3	+++	33	0	0.6031198099310153	0.4248008882537936	1.7624579668045044	1000
GATAA	3	+++	33	1	0.5736084899518743	0.4011679352811435	1.8993362188339233	1000
GATAA	3	+++	33	2	0.645274520479661	0.44911902010748117	1.8411667346954346	1000
GATAA	3	+++	33	3	0.6467636752578193	0.44739420610197805	1.9493471384048462	1000
GATAA	3	+++	33	4	0.5445909751590232	0.3728013318261454	1.659885048866272	1000
GATAA	3	+++	34	0	0.5681685927137583	0.38984962804087386	1.7382317781448364	1000
GATAA	3	+++	34	1	0.5542365791370012	0.3817960244662703	1.8859087228775024	1000
GATAA	3	+++	34	2	0.6213730595933513	0.4252175592211715	1.8245995044708252	1000
GATAA	3	+++	34	3	0.6296990836869216	0.430329657526743	1.9375189542770386	1000
GATAA	3	+++	34	4	0.5372283978755864	0.3654387545427086	1.654781699180603	1000
GATAA	3	+++	35	0	0.6410688997311246	0.46275002104956564	1.7887624502182007	1000
GATAA	3	+++	35	1	0.58668807151963	0.4142475598445618	1.9084023237228394	1000
GATAA	3	+++	35	2	0.6383912158485161	0.44223580146766167	1.8363957405090332	1000
GATAA	3	+++	35	3	0.6340534694284543	0.43468400027261306	1.9405372142791748	1000
GATAA	3	+++	35	4	0.5731154586875133	0.4013258153546355	1.679656744003296	1000
GATAA	3	+++	36	0	0.5555064560353095	0.3771874483667623	1.7294551134109497	1000
GATAA	3	+++	36	1	0.542703164596165	0.37026256692977133	1.877914309501648	1000
GATAA	3	+++	36	2	0.6118444468136228	0.41568903243276845	1.8179947137832642	1000
GATAA	3	+++	36	3	0.6129263036788754	0.4135569205143595	1.9258930683135986	1000
GATAA	3	+++	36	4	0.527533864833438	0.3557442215005602	1.648061990737915	1000
GATAA	3	+++	37	0	0.5880765304557081	0.4097576517741492	1.7520309686660767	1000
GATAA	3	+++	37	1	0.5560334538732158	0.3835929421981476	1.887154221534729	1000
GATAA	3	+++	37	2	0.6227572619588206	0.4266018045823035	1.8255589008331299	1000
GATAA	3	+++	37	3	0.6257783092038768	0.4264088830436982	1.9348012208938599	1000
GATAA	3	+++	37	4	0.5373158940492129	0.3655262077206723	1.6548423767089844	1000
GATAA	3	+++	38	0	0.554414452193656	0.37609548752077165	1.7286981344223022	1000
GATAA	3	+++	38	1	0.548724707159499	0.3762841524887681	1.8820881843566895	1000
GATAA	3	+++	38	2	0.6064355064526621	0.41028004907614496	1.814245581626892	1000
GATAA	3	+++	38	3	0.6079214795517794	0.4085520533916009	1.9224238395690918	1000
GATAA	3	+++	38	4	0.5366913820482673	0.364901652724064	1.654409408569336	1000
GATAA	3	+++	39	0	0.6151561877342998	0.4368372660570781	1.770801067352295	1000
GATAA	3	+++	39	1	0.5709465854774824	0.3985060738024144	1.897491216659546	1000
GATAA	3	+++	39	2	0.6300524220431193	0.4338969646666021	1.8306156396865845	1000
GATAA	3	+++	39	3	0.627530167481228	0.4281607413210494	1.9360156059265137	1000
GATAA	3	+++	39	4	0.5564845213707662	0.3846948780378884	1.6681290864944458	1000
GATAA	3	+-+	30	0	0.6648556911849716	0.4865367695077499	1.8052502870559692	1000
GATAA	3	+-+	30	1	0.6074183443066803	0.43497778963594946	1.9227714538574219	1000
GATAA	3	+-+	30	2	0.6899964590533986	0.4938410016768815	1.8721657991409302	1000
GATAA	3	+-+	30	3	0.6896353814779121	0.4902659553177336	1.9790637493133545	1000
GATAA	3	+-+	30	4	0.5956625561982785	0.4238729558610633	1.6952853202819824	1000
GATAA	3	+-+	31	0	0.6108747656323956	0.43255580095951124	1.7678333520889282	1000
GATAA	3	+-+	31	1	0.6096195072594107	0.43717895258867984	1.9242970943450928	1000
GATAA	3	+-+	31	2	0.6426375534896442	0.4464820531174644	1.839339017868042	1000
GATAA	3	+-+	31	3	0.6605251250405832	0.461155655884742	1.958885908126831	1000
GATAA	3	+-+	31	4	0.5599536694126453	0.3881640260797675	1.6705336570739746	1000
GATAA	3	+-+	32	0	0.6641187885216872	0.4857998238488027	1.8047394752502441	1000
GATAA	3	+-+	32	1	0.6085914379682156	0.4361509262931474	1.9235845804214478	1000
GATAA	3	+-+	32	2	0.6955941073780186	0.49943865000150145	1.8760457038879395	1000
GATAA	3	+-+	32	3	0.6904743558444837	0.49110488668864233	1.9796452522277832	1000
GATAA	3	+-+	32	4	0.6103969118369733	0.4386073114997582	1.7054983377456665	1000
GATAA	3	+-+	33	0	0.5885567060169171	0.41023778433969543	1.7523638010025024	1000
GATAA	3	+-+	33	1	0.5796991265451925	0.4072585718744617	1.9035580158233643	1000
GATAA	3	+-+	33	2	0.6287715812508184	0.4326161238743014	1.8297277688980103	1000
GATAA	3	+-+	33	3	0.6414174225730981	0.4420479534172568	1.9456416368484497	1000
GATAA	3	+-+	33	4	0.5577588268223342	0.38596918348945636	1.6690123081207275	1000
GATAA	3	+-+	34	0	0.6439718808863634	0.465652916213479	1.7907747030258179	1000
GATAA	3	+-+	34	1	0.5890018831086754	0.4165613284379446	1.910006046295166	1000
GATAA	3	+-+	34	2	0.672742041631611	0.4765865412594312	1.8602057695388794	1000
GATAA	3	+-+	34	3	0.6703127866881738	0.4709433605279953	1.965670108795166	1000
GATAA	3	+-+	34	4	0.579915781689617	0.4081260953610764	1.6843703985214233	1000
GATAA	3	+-+	35	0	0.5703368209888484	0.39201785631596403	1.7397347688674927	1000
GATAA	3	+-+	35	1	0.5713340193942137	0.3988934647234828	1.8977597951889038	1000
GATAA	3	+-+	35	2	0.6196965297170779	0.4235410723405608	1.8234374523162842	1000
GATAA	3	+-+	35	3	0.6309695195288452	0.43160005037300386	1.9383995532989502	1000
GATAA	3	+-+	35	4	0.5305792476235912	0.35878958279288203	1.6501728296279907	1000
GATAA	3	+-+	36	0	0.6164000952523278	0.4380811735751061	1.7716634273529053	1000
GATAA	3	+-+	36	1	0.5740262788064828	0.40158576713141464	1.8996258974075317	1000
GATAA	3	+-+	36	2	0.6569309456115269	0.46077548823500974	1.8492463827133179	1000
GATAA	3	+-+	36	3	0.6459275386049871	0.44655811244480853	1.9487676620483398	1000
GATAA	3	+-+	36	4	0.5721446596190556	0.4003550162861777	1.6789838075637817	1000
GATAA	3	+-+	37	0	0.5787256187499836	0.40040669707276194	1.7455493211746216	1000
GATAA	3	+-+	37	1	0.5671898394476981	0.3947493277726299	1.8948872089385986	1000
GATAA	3	+-+	37	2	0.6109421828315338	0.41478668245935396	1.8173693418502808	1000
GATAA	3	+-+	37	3	0.6277509502092732	0.4283815240490946	1.9361686706542969	1000
GATAA	3	+-+	37	4	0.5516508629769415	0.37986117664840097	1.6647785902023315	1000
GATAA	3	+-+	38	0	0.6259490449805207	0.4476300803076364	1.7782820463180542	1000
GATAA	3	+-+	38	1	0.5759795717636572	0.40353906008858903	1.90097975730896	1000
GATAA	3	+-+	38	2	0.6492587135652116	0.45310329918435716	1.8439284563064575	1000
GATAA	3	+-+	38	3	0.6415597382166871	0.44219026906084574	1.945739984512329	1000
GATAA	3	+-+	38	4	0.5713642023494401	0.39957447302523685	1.6784428358078003	1000
GATAA	3	+-+	39	0	0.5786061767989594	0.40028721212607504	1.7454665899276733	1000
GATAA	3	+-+	39	1	0.570671112266463	0.39823060059139487	1.8973002433776855	1000
GATAA	3	+-+	39	2	0.6149256019951554	0.4187701446186384	1.820130467414856	1000
GATAA	3	+-+	39	3	0.6326221438166486	0.4332526746608073	1.9395451545715332	1000
GATAA	3	+-+	39	4	0.5301673491747748	0.3583776843440656	1.6498873233795166	1000
GATAA	3	++-	30	0	0.6028442507286703	0.42452524306012324	1.7622671127319336	1000
GATAA	3	++-	30	1	0.5729343179604921	0.40049380628542397	1.8988690376281738	1000
GATAA	3	++-	30	2	0.650601769081462	0.4544463117049448	1.84485924243927	1000
GATAA	3	++-	30	3	0.646885309987642	0.4475158408318008	1.9494316577911377	1000
GATAA	3	++-	30	4	0.563651855349811	0.39186216902127047	1.6730968952178955	1000
GATAA	3	++-	31	0	0.611113649534444	0.4327947278572224	1.7679990530014038	1000
GATAA	3	++-	31	1	0.588183331681894	0.4157428200068258	1.9094387292861938	1000
GATAA	3	++-	31	2	0.6471146918482303	0.4509592344717132	1.842442274093628	1000
GATAA	3	++-	31	3	0.6494573105312954	0.4500878413754541	1.95121431350708	1000
GATAA	3	++-	31	4	0.5636884876544448	0.39189880132590427	1.6731224060058594	1000
GATAA	3	++-	32	0	0.5681526413228908	0.3898337196456691	1.7382208108901978	1000
GATAA	3	++-	32	1	0.5517737875766457	0.37933323290591486	1.8842016458511353	1000
GATAA	3	++-	32	2	0.6334810251750574	0.43732556779854037	1.8329921960830688	1000
GATAA	3	++-	32	3	0.6289085654322307	0.4295390962763894	1.9369709491729736	1000
GATAA	3	++-	32	4	0.5366699702082348	0.3648802838796943	1.6543947458267212	1000
GATAA	3	++-	33	0	0.5809827190599072	0.4026637973826855	1.7471139430999756	1000
GATAA	3	++-	33	1	0.5636349580543638	0.3911943603879702	1.8924232721328735	1000
GATAA	3	++-	33	2	0.6372314508424227	0.4410759504702429	1.8355916738510132	1000
GATAA	3	++-	33	3	0.6396482370436724	0.4402787678878311	1.9444152116775513	1000
GATAA	3	++-	33	4	0.5398589585118585	0.36806931517898067	1.6566051244735718	1000
GATAA	3	++-	34	0	0.5717230441504654	0.3934041224732437	1.740695595741272	1000
GATAA	3	++-	34	1	0.538566422899299	0.3661258682285682	1.8750468492507935	1000
GATAA	3	++-	34	2	0.6244159056394043	0.4282604052672244	1.8267087936401367	1000
GATAA	3	++-	34	3	0.6214817526286966	0.42211228347285534	1.9318231344223022	1000
GATAA	3	++-	34	4	0.5370703028237808	0.36528065949090294	1.6546721458435059	1000
GATAA	3	++-	35	0	0.6110109328962162	0.4326920112189946	1.767927885055542	1000
GATAA	3	++-	35	1	0.5831647059470663	0.41072410828067274	1.9059600830078125	1000
GATAA	3	++-	35	2	0.6442973580531213	0.4481418576809414	1.840489387512207	1000
GATAA	3	++-	35	3	0.6456885257159505	0.4463191425514346	1.9486020803451538	1000
GATAA	3	++-	35	4	0.5607479712856552	0.38895828495711465	1.6710842847824097	1000
GATAA	3	++-	36	0	0.5557722552222178	0.3774533335449962	1.7296394109725952	1000
GATAA	3	++-	36	1	0.542880392717879	0.3704398810428109	1.8780372142791748	1000
GATAA	3	++-	36	2	0.6285223783897183	0.4323669210132011	1.8295549154281616	1000
GATAA	3	++-	36	3	0.6255397692671301	0.42617038610261415	1.9346359968185425	1000
GATAA	3	++-	36	4	0.524859577608184	0.3530699342753062	1.64620840549469	1000
GATAA	3	++-	37	0	0.5829685597337573	0.4046496380565356	1.748490333557129	1000
GATAA	3	++-	37	1	0.5670796415641577	0.3946390868934268	1.8948107957839966	1000
GATAA	3	++-	37	2	0.6362447863744228	0.4400893289979057	1.8349077701568604	1000
GATAA	3	++-	37	3	0.6435149659786836	0.444145539818505	1.947095513343811	1000
GATAA	3	++-	37	4	0.5548315101219983	0.38304182379345775	1.6669831275939941	1000
GATAA	3	++-	38	0	0.5835755295043148	0.40525660782709316	1.7489111423492432	1000
GATAA	3	++-	38	1	0.553967555275389	0.38152700060465816	1.8857221603393555	1000
GATAA	3	++-	38	2	0.6332357779149271	0.43708027754274725	1.8328220844268799	1000
GATAA	3	++-	38	3	0.6316823016253461	0.4323128754651675	1.9388937950134277	1000
GATAA	3	++-	38	4	0.5488194696001244	0.37702982626724657	1.6628159284591675	1000
GATAA	3	++-	39	0	0.6126394796128989	0.4343205149400145	1.7690566778182983	1000
GATAA	3	++-	39	1	0.5922122402566687	0.4197716855859379	1.9122313261032104	1000
GATAA	3	++-	39	2	0.650735442596845	0.45457998522032794	1.844951868057251	1000
GATAA	3	++-	39	3	0.6527117382335723	0.4533423120733937	1.9534701108932495	1000
GATAA	3	++-	39	4	0.5760098837058717	0.40422024037299387	1.681662917137146	1000
GATAA	4	++++	30	0	0.7638944804240828	0.5855756017425239	1.8738986253738403	1000
GATAA	4	++++	30	1	0.7625438146755318	0.590103388991789	2.0302963256835938	1000
GATAA	4	++++	30	2	0.845956002283272	0.6498005019110921	1.9802685976028442	1000
GATAA	4	++++	30	3	0.8419365097586319	0.6425670835984533	2.0846309661865234	1000
GATAA	4	++++	30	4	0.7162178799085221	0.5444281935799816	1.7788479328155518	1000
GATAA	4	++++	31	0	0.8519651620957439	0.6736461544271968	1.9349446296691895	1000
GATAA	4	++++	31	1	0.7730971860804263	0.6006567174010209	2.037611246109009	1000
GATAA	4	++++	31	2	0.8403074900896593	0.6441520327131421	1.9763532876968384	1000
GATAA	4	++++	31	3	0.8244234304299466	0.6250539612741053	2.0724916458129883	1000
GATAA	4	++++	31	4	0.7571161282056269	0.5853264848727491	1.8071962594985962	1000
GATAA	4	++++	32	0	0.7669488063120808	0.5886298846348592	1.8760157823562622	1000
GATAA	4	++++	32	1	0.7577105862383342	0.5852700315676034	2.0269460678100586	1000
GATAA	4	++++	32	2	0.8469070663425433	0.6507516089660261	1.98092782497406	1000
GATAA	4	++++	32	3	0.8343590401529419	0.6349896139927633	2.079378366470337	1000
GATAA	4	++++	32	4	0.7246425360523623	0.5528528927194845	1.7846873998641968	1000
GATAA	4	++++	33	0	0.823911438078328	0.6455926453880945	1.915499210357666	1000
GATAA	4	++++	33	1	0.7680916310270642	0.5956512053433215	2.034141778945923	1000
GATAA	4	++++	33	2	0.8502810219871699	0.6541254356236647	1.9832663536071777	1000
GATAA	4	++++	33	3	0.8379957852880868	0.6386263591279083	2.0818991661071777	1000
GATAA	4	++++	33	4	0.7265390747347519	0.5547493454105487	1.7860018014907837	1000
GATAA	4	++++	34	0	0.7652752431365348	0.5869564074506386	1.8748557567596436	1000
GATAA	4	++++	34	1	0.7438343380361194	0.571393869356714	2.0173277854919434	1000
GATAA	4	++++	34	2	0.8327328581977086	0.636577314829866	1.9711029529571533	1000
GATAA	4	++++	34	3	0.8320058875325115	0.6326363753810075	2.077747344970703	1000
GATAA	4	++++	34	4	0.7159947754146904	0.5442050890861498	1.7786930799484253	1000
GATAA	4	++++	35	0	0.8250991502651865	0.6467802285879649	1.9163225889205933	1000
GATAA	4	++++	35	1	0.7392213333833517	0.5667807787126209	2.0141303539276123	1000
GATAA	4	++++	35	2	0.8060243824753416	0.6098689680944872	1.9525901079177856	1000
GATAA	4	++++	35	3	0.7904366489230655	0.5910670937758988	2.048933506011963	1000
GATAA	4	++++	35	4	0.7209860559080308	0.549196412575153	1.7821528911590576	1000
GATAA	4	++++	36	0	0.7587332810716899	0.5804144453857937	1.870321273803711	1000
GATAA	4	++++	36	1	0.7329091401400595	0.5604685854693287	2.0097551345825195	1000
GATAA	4	++++	36	2	0.8200874898277188	0.6239320324512018	1.962337851524353	1000
GATAA	4	++++	36	3	0.8171906140565858	0.6178211878964072	2.0674779415130615	1000
GATAA	4	++++	36	4	0.7153938250369131	0.5436041387083724	1.7782765626907349	1000
GATAA	4	++++	37	0	0.801413785579686	0.6230947779111389	1.8999050855636597	1000
GATAA	4	++++	37	1	0.7454441816395208	0.5730035409774644	2.0184435844421387	1000
GATAA	4	++++	37	2	0.8295743108232877	0.6334188534467706	1.9689135551452637	1000
GATAA	4	++++	37	3	0.8196985510627927	0.6203292108939396	2.06921648979187	1000
GATAA	4	++++	37	4	0.716654371876412	0.5448647285435341	1.779150366783142	1000
GATAA	4	++++	38	0	0.7237852885291366	0.5454664098475777	1.8460971117019653	1000
GATAA	4	++++	38	1	0.718138281183719	0.5456977265129881	1.9995166063308716	1000
GATAA	4	++++	38	2	0.8000245097260162	0.6038690953451619	1.9484312534332275	1000
GATAA	4	++++	38	3	0.7994521514639448	0.6000827253037663	2.055182695388794	1000
GATAA	4	++++	38	4	0.6967870220400657	0.5249973787071879	1.7653794288635254	1000
GATAA	4	++++	39	0	0.7750641516583442	0.596745315972448	1.881640911102295	1000
GATAA	4	++++	39	1	0.7071242542484885	0.5346836995777575	1.99188232421875	1000
GATAA	4	++++	39	2	0.7800574099521695	0.5839019525756525	1.9345910549163818	1000
GATAA	4	++++	39	3	0.7678130191326665	0.5684435929724879	2.033252239227295	1000
GATAA	4	++++	39	4	0.6985133408937639	0.5267236545652233	1.7665759325027466	1000
GATAA	4	+-+-	30	0	0.8855064225455649	0.7071874578726806	1.9581936597824097	1000
GATAA	4	+-+-	30	1	0.7957503108954482	0.6233097992203801	2.0533132553100586	1000
GATAA	4	+-+-	30	2	0.890559014853938	0.6944036434687463	2.0111851692199707	1000
GATAA	4	+-+-	30	3	0.8776326268324384	0.6782631146809344	2.1093733310699463	1000
GATAA	4	+-+-	30	4	0.7823168320278797	0.6105271456993392	1.8246641159057617	1000
GATAA	4	+-+-	31	0	0.7788351292524875	0.6005161645796032	1.8842546939849854	1000
GATAA	4	+-+-	31	1	0.7600934918573639	0.5876530661736211	2.028597831726074	1000
GATAA	4	+-+-	31	2	0.8233320285275713	0.6271764851597287	1.9645867347717285	1000
GATAA	4	+-+-	31	3	0.828342313103832	0.6289729299393161	2.0752079486846924	1000
GATAA	4	+-+-	31	4	0.7147590800682411	0.5429694367353632	1.7778366804122925	1000
GATAA	4	+-+-	32	0	0.8071950683797647	0.6288761037068804	1.9039123058319092	1000
GATAA	4	+-+-	32	1	0.7555119600297041	0.5830714053589733	2.0254220962524414	1000
GATAA	4	+-+-	32	2	0.843398620264942	0.6472431628884249	1.9784959554672241	1000
GATAA	4	+-+-	32	3	0.8282684465552864	0.6288989773994451	2.0751566886901855	1000
GATAA	4	+-+-	32	4	0.7366853632050542	0.5648956768765135	1.7930347919464111	1000
GATAA	4	+-+-	33	0	0.7743675359310244	0.59604857125814	1.8811579942703247	1000
GATAA	4	+-+-	33	1	0.74293650260729	0.5704959909322219	2.0167055130004883	1000
GATAA	4	+-+-	33	2	0.8212266169157088	0.6250710305522035	1.9631273746490479	1000
GATAA	4	+-+-	33	3	0.8240528078173373	0.6246833816571586	2.072234869003296	1000
GATAA	4	+-+-	33	4	0.7168500021417684	0.5450604018045533	1.7792859077453613	1000
GATAA	4	+-+-	34	0	0.8303083327771702	0.6519893251086231	1.9199331998825073	1000
GATAA	4	+-+-	34	1	0.7404885875462343	0.5680479898798407	2.0150086879730225	1000
GATAA	4	+-+-	34	2	0.8377491621667496	0.6415937047902325	1.9745798110961914	1000
GATAA	4	+-+-	34	3	0.8089714771805266	0.6096020510203481	2.061781167984009	1000
GATAA	4	+-+-	34	4	0.735077153436836	0.5632874671082955	1.7919200658798218	1000
GATAA	4	+-+-	35	0	0.7335717892938338	0.5552528676166122	1.852880597114563	1000
GATAA	4	+-+-	35	1	0.7140731272652748	0.5416325725945439	1.9966989755630493	1000
GATAA	4	+-+-	35	2	0.7901828885217175	0.5940273881495376	1.9416096210479736	1000
GATAA	4	+-+-	35	3	0.788583793833995	0.589214281682491	2.047649383544922	1000
GATAA	4	+-+-	35	4	0.6700334008718473	0.4982437575389694	1.7468351125717163	1000
GATAA	4	+-+-	36	0	0.7769462437980613	0.598627279125177	1.8829454183578491	1000
GATAA	4	+-+-	36	1	0.731358458568555	0.5589179898891495	2.0086801052093506	1000
GATAA	4	+-+-	36	2	0.8154927153359427	0.6193372149637628	1.9591528177261353	1000
GATAA	4	+-+-	36	3	0.802367171404744	0.6029977452445654	2.0572030544281006	1000
GATAA	4	+-+-	36	4	0.7173374009743136	0.545547714645773	1.7796237468719482	1000
GATAA	4	+-+-	37	0	0.7485298083699757	0.5702108007014287	1.863248586654663	1000
GATAA	4	+-+-	37	1	0.727275418454421	0.5548348637836902	2.005850076675415	1000
GATAA	4	+-+-	37	2	0.795113803104605	0.5989583887237506	1.945027470588684	1000
GATAA	4	+-+-	37	3	0.8002276212366852	0.6008581950765066	2.055720329284668	1000
GATAA	4	+-+-	37	4	0.7017113152908951	0.5299216289623545	1.7687926292419434	1000
GATAA	4	+-+-	38	0	0.7861917731344696	0.6078727654659226	1.8893539905548096	1000
GATAA	4	+-+-	38	1	0.7102726116508458	0.5378320999757776	1.9940645694732666	1000
GATAA	4	+-+-	38	2	0.8016407166874995	0.6054852593109823	1.9495514631271362	1000
GATAA	4	+-+-	38	3	0.7712954098386621	0.5719259836784835	2.035665988922119	1000
GATAA	4	+-+-	38	4	0.7193005829339125	0.5475109825966974	1.78098464012146	1000
GATAA	4	+-+-	39	0	0.7348631210278372	0.5565441993506156	1.8537756204605103	1000
GATAA	4	+-+-	39	1	0.7174291537185489	0.544988599047818	1.9990251064300537	1000
GATAA	4	+-+-	39	2	0.7916007134954304	0.595445299114576	1.9425922632217407	1000
GATAA	4	+-+-	39	3	0.7962572297588664	0.5968877606030251	2.0529682636260986	1000
GATAA	4	+-+-	39	4	0.6770593221162201	0.5052696357876796	1.7517050504684448	1000
GATAA	4	++--	30	0	0.7843812257775115	0.6060623470959525	1.888098955154419	1000
GATAA	4	++--	30	1	0.7588632139644168	0.5864226592936859	2.027745008468628	1000
GATAA	4	++--	30	2	0.8413108368747929	0.6451553794982758	1.9770488739013672	1000
GATAA	4	++--	30	3	0.8341124170316047	0.6347430338670887	2.079207420349121	1000
GATAA	4	++--	30	4	0.7330223047243272	0.561232575400124	1.7904958724975586	1000
GATAA	4	++--	31	0	0.8349108464882352	0.6565919678066763	1.9231234788894653	1000
GATAA	4	++--	31	1	0.7843319527480392	0.6118913120859829	2.045398473739624	1000
GATAA	4	++--	31	2	0.8795436120575004	0.683388197676646	2.003549575805664	1000
GATAA	4	++--	31	3	0.873254894446051	0.6738855542771979	2.1063389778137207	1000
GATAA	4	++--	31	4	0.7778713384770524	0.6060816091528491	1.8215826749801636	1000
GATAA	4	++--	32	0	0.7429316011017405	0.5646126794245189	1.8593683242797852	1000
GATAA	4	++--	32	1	0.7285068142345987	0.5560663025595306	2.0067036151885986	1000
GATAA	4	++--	32	2	0.8194187352898389	0.6232632779133217	1.96187424659729	1000
GATAA	4	++--	32	3	0.8118306887511209	0.612461305586605	2.06376314163208	1000
GATAA	4	++--	32	4	0.686993340999695	0.5152036976668171	1.758590817451477	1000
GATAA	4	++--	33	0	0.8211553301069261	0.6428364514253672	1.9135888814926147	1000
GATAA	4	++--	33	1	0.7723790725217486	0.5999384318596923	2.0371134281158447	1000
GATAA	4	++--	33	2	0.8908764948274307	0.6947210374509135	2.0114049911499023	1000
GATAA	4	++--	33	3	0.8848966580569309	0.6855273178880776	2.114408254623413	1000
GATAA	4	++--	33	4	0.7439769976450101	0.5721873543121322	1.7980889081954956	1000
GATAA	4	++--	34	0	0.7723122572618885	0.5939933785803295	1.8797334432601929	1000
GATAA	4	++--	34	1	0.7273785220536133	0.5549380533742079	2.0059216022491455	1000
GATAA	4	++--	34	2	0.8270274197466604	0.6308719623701432	1.9671481847763062	1000
GATAA	4	++--	34	3	0.8121129982725122	0.6127435291166708	2.0639584064483643	1000
GATAA	4	++--	34	4	0.711616140119386	0.5398264537908454	1.775658130645752	1000
GATAA	4	++--	35	0	0.8488725700679289	0.6705536483907072	1.9328008890151978	1000
GATAA	4	++--	35	1	0.7901948413159524	0.6177543296408843	2.04946231842041	1000
GATAA	4	++--	35	2	0.874783734220896	0.6786283198400416	2.0002505779266357	1000
GATAA	4	++--	35	3	0.8650659405252183	0.6656965573607025	2.10066294670105	1000
GATAA	4	++--	35	4	0.7741742274314546	0.6023846270942395	1.81902015209198	1000
GATAA	4	++--	36	0	0.7547204958704334	0.5764016171888745	1.8675397634506226	1000
GATAA	4	++--	36	1	0.7395046748006482	0.5670641201299174	2.014326572418213	1000
GATAA	4	++--	36	2	0.8322624856475989	0.636106985275419	1.9707767963409424	1000
GATAA	4	++--	36	3	0.8311633445259347	0.6317939613614187	2.0771634578704834	1000
GATAA	4	++--	36	4	0.7070905886445821	0.5353009883073669	1.7725212574005127	1000
GATAA	4	++--	37	0	0.8201727072312214	0.6418538285496624	1.9129077196121216	1000
GATAA	4	++--	37	1	0.7755002136696069	0.6030597019945387	2.0392768383026123	1000
GATAA	4	++--	37	2	0.8909132131233899	0.6947577987425355	2.011430501937866	1000
GATAA	4	++--	37	3	0.8818145569708185	0.6824451308106398	2.112272024154663	1000
GATAA	4	++--	37	4	0.7600677804510599	0.5882781801138448	1.8092421293258667	1000
GATAA	4	++--	38	0	0.7311018604534677	0.5527828957805833	1.8511686325073242	1000
GATAA	4	++--	38	1	0.6970277117599483	0.5245871570892174	1.9848840236663818	1000
GATAA	4	++--	38	2	0.7951356449012646	0.5989802305204102	1.945042610168457	1000
GATAA	4	++--	38	3	0.7775952203310922	0.5782257941709136	2.0400326251983643	1000
GATAA	4	++--	38	4	0.6930568903255023	0.5212672469926244	1.762793779373169	1000
GATAA	4	++--	39	0	0.8230277912181949	0.6447087405539851	1.914886713027954	1000
GATAA	4	++--	39	1	0.7654508374230659	0.5930101967610095	2.032311201095581	1000
GATAA	4	++--	39	2	0.8699583309943127	0.6738028736177956	1.99690580368042	1000
GATAA	4	++--	39	3	0.8603475964987972	0.6609782563299441	2.0973923206329346	1000
GATAA	4	++--	39	4	0.7634935888649216	0.5917040315233691	1.8116168975830078	1000
GATAA	4	+--+	30	0	0.8282059308616978	0.6498869661888134	1.918475866317749	1000
GATAA	4	+--+	30	1	0.7761955395270452	0.6037550708476398	2.0397589206695557	1000
GATAA	4	+--+	30	2	0.8927342514220508	0.6965786650585455	2.01269268989563	1000
GATAA	4	+--+	30	3	0.8921311942568003	0.6927617680966217	2.1194229125976562	1000
GATAA	4	+--+	30	4	0.7423983688927404	0.5706087255598625	1.7969948053359985	1000
GATAA	4	+--+	31	0	0.7987303402782736	0.6204113326097265	1.8980449438095093	1000
GATAA	4	+--+	31	1	0.7718120457218539	0.5993715340467858	2.0367205142974854	1000
GATAA	4	+--+	31	2	0.8340069056753003	0.6378514482987832	1.9719860553741455	1000
GATAA	4	+--+	31	3	0.8481703649044561	0.6488009817399402	2.088951587677002	1000
GATAA	4	+--+	31	4	0.7234225771184669	0.5516328907899264	1.7838417291641235	1000
GATAA	4	+--+	32	0	0.8194650846142464	0.6411461199413621	1.9124172925949097	1000
GATAA	4	+--+	32	1	0.7749121189949815	0.602471650315576	2.0388693809509277	1000
GATAA	4	+--+	32	2	0.8958140307423765	0.6996585303701967	2.0148274898529053	1000
GATAA	4	+--+	32	3	0.8843741747636096	0.6850047486034311	2.114046096801758	1000
GATAA	4	+--+	32	4	0.7562302455710326	0.5844404302555039	1.8065822124481201	1000
GATAA	4	+--+	33	0	0.810584502462969	0.6322655807857473	1.9062615633010864	1000
GATAA	4	+--+	33	1	0.7843481191172204	0.6119076074421522	2.045409679412842	1000
GATAA	4	+--+	33	2	0.8665689829024339	0.6704135685215795	1.9945564270019531	1000
GATAA	4	+--+	33	3	0.8729361246026768	0.6735666984424982	2.1061179637908936	1000
GATAA	4	+--+	33	4	0.7645481004886869	0.5927584141601464	1.812347650527954	1000
GATAA	4	+--+	34	0	0.8340221261399017	0.6557031184713545	1.9225072860717773	1000
GATAA	4	+--+	34	1	0.7692730658471663	0.5968325541720981	2.0349607467651367	1000
GATAA	4	+--+	34	2	0.8932373006758244	0.6970817573079819	2.0130414962768555	1000
GATAA	4	+--+	34	3	0.8900079824405734	0.690638384297744	2.1179513931274414	1000
GATAA	4	+--+	34	4	0.750036376391534	0.5782467760543188	1.8022890090942383	1000
GATAA	4	+--+	35	0	0.7763651144207959	0.5980461927435743	1.8825427293777466	1000
GATAA	4	+--+	35	1	0.7485900882891032	0.5761495766140351	2.0206241607666016	1000
GATAA	4	+--+	35	2	0.8226307692686781	0.6264753548878237	1.9641008377075195	1000
GATAA	4	+--+	35	3	0.828013826240684	0.6286444000805055	2.0749804973602295	1000
GATAA	4	+--+	35	4	0.7080009358112616	0.5362112924783837	1.773152232170105	1000
GATAA	4	+--+	36	0	0.8056250387600382	0.627306203074142	1.9028240442276	1000
GATAA	4	+--+	36	1	0.764722920853289	0.5922823231868953	2.031806707382202	1000
GATAA	4	+--+	36	2	0.8793059320340081	0.6831504316618282	2.003385066986084	1000
GATAA	4	+--+	36	3	0.870205556054928	0.6708361298947494	2.1042253971099854	1000
GATAA	4	+--+	36	4	0.7488949275377575	0.5771052842048797	1.8014978170394897	1000
GATAA	4	+--+	37	0	0.7984813093998242	0.6201624307182653	1.8978724479675293	1000
GATAA	4	+--+	37	1	0.7728550345080114	0.6004144798372806	2.0374433994293213	1000
GATAA	4	+--+	37	2	0.8474908614508971	0.6513353180830546	1.9813324213027954	1000
GATAA	4	+--+	37	3	0.8529267170967179	0.6535572909365394	2.0922484397888184	1000
GATAA	4	+--+	37	4	0.7566791202897846	0.5848893909655812	1.8068933486938477	1000
GATAA	4	+--+	38	0	0.8019773727265634	0.6236584510493417	1.900295615196228	1000
GATAA	4	+--+	38	1	0.7530477926081418	0.5806072809330736	2.023714065551758	1000
GATAA	4	+--+	38	2	0.8705410082154359	0.6743854218519306	1.9973095655441284	1000
GATAA	4	+--+	38	3	0.8613370126892109	0.6619676295246951	2.0980780124664307	1000
GATAA	4	+--+	38	4	0.7371204793117371	0.5653307499875337	1.793336272239685	1000
GATAA	4	+--+	39	0	0.7727235537714269	0.5944046320942051	1.8800185918807983	1000
GATAA	4	+--+	39	1	0.7398413308397122	0.5674006901776558	2.0145599842071533	1000
GATAA	4	+--+	39	2	0.8056991632825601	0.6095435769190548	1.952364444732666	1000
GATAA	4	+--+	39	3	0.8096657711420598	0.6102963019862185	2.0622622966766357	1000
GATAA	4	+--+	39	4	0.7148169952259191	0.5430273518930413	1.777876853942871	1000
GATAA	2	++	20	0	0.3931894021336415	0.21487045895858847	1.616945505142212	1000
GATAA	2	++	20	1	0.3895870965243318	0.21714656335143231	1.771782398223877	1000
GATAA	2	++	20	2	0.43190605050455155	0.23575057163020305	1.6932710409164429	1000
GATAA	2	++	20	3	0.4413653112803196	0.241995885120141	1.8069759607315063	1000
GATAA	2	++	20	4	0.37432978464002586	0.20254016280497938	1.541869044303894	1000
GATAA	2	++	21	0	0.42317621114675535	0.244857246473871	1.6377307176589966	1000
GATAA	2	++	21	1	0.405573313878657	0.23313278070575752	1.7828631401062012	1000
GATAA	2	++	21	2	0.4563188588075391	0.2601633799331906	1.7101926803588867	1000
GATAA	2	++	21	3	0.4653792918159563	0.26600988715360907	1.8236212730407715	1000
GATAA	2	++	21	4	0.38296520552249835	0.21117556218962052	1.5478547811508179	1000
GATAA	2	++	22	0	0.3692530287692066	0.19093406409632227	1.6003539562225342	1000
GATAA	2	++	22	1	0.3719287348513302	0.1994882016784307	1.759542465209961	1000
GATAA	2	++	22	2	0.4102760074838497	0.21412055010733255	1.6782782077789307	1000
GATAA	2	++	22	3	0.4187285248171296	0.21935912015478234	1.7912852764129639	1000
GATAA	2	++	22	4	0.35110752623763614	0.17931786140692693	1.5257725715637207	1000
GATAA	2	++	23	0	0.4186316555890311	0.24031271241397806	1.6345807313919067	1000
GATAA	2	++	23	1	0.3960023503711536	0.2235618601939168	1.7762291431427002	1000
GATAA	2	++	23	2	0.4302597465791673	0.23410426770481882	1.6921298503875732	1000
GATAA	2	++	23	3	0.44509492704693043	0.24572545789108916	1.809561014175415	1000
GATAA	2	++	23	4	0.3757174696541752	0.20392780482346598	1.5428309440612793	1000
GATAA	2	++	24	0	0.3522150085178672	0.17389606534281418	1.5885441303253174	1000
GATAA	2	++	24	1	0.3577817214631632	0.18534116679243237	1.7497365474700928	1000
GATAA	2	++	24	2	0.3989813478580737	0.20282584748589388	1.6704492568969727	1000
GATAA	2	++	24	3	0.40580394261346403	0.20643447345762275	1.7823266983032227	1000
GATAA	2	++	24	4	0.33926540283850115	0.16747574875670762	1.5175641775131226	1000
GATAA	2	++	25	0	0.4093533635576334	0.23103444188041175	1.628149390220642	1000
GATAA	2	++	25	1	0.39388507195638156	0.22144449578781933	1.774761438369751	1000
GATAA	2	++	25	2	0.4490930507272009	0.25293757185285237	1.7051841020584106	1000
GATAA	2	++	25	3	0.45396953280109037	0.25460008514308047	1.815712571144104	1000
GATAA	2	++	25	4	0.371084429022582	0.19929478568970413	1.5396196842193604	1000
GATAA	2	++	26	0	0.38666287551171147	0.2083439538344898	1.6124216318130493	1000
GATAA	2	++	26	1	0.38382881640380595	0.21138828323090647	1.7677911520004272	1000
GATAA	2	++	26	2	0.42866112484373475	0.23250562447155493	1.6910216808319092	1000
GATAA	2	++	26	3	0.4364751995813492	0.23710579491900197	1.803586483001709	1000
GATAA	2	++	26	4	0.36882836060856367	0.1970387172756858	1.5380557775497437	1000
GATAA	2	++	27	0	0.43903971887968996	0.260720775704637	1.6487265825271606	1000
GATAA	2	++	27	1	0.4114256685092048	0.23898511383847396	1.7869197130203247	1000
GATAA	2	++	27	2	0.44414240113512676	0.24798694375860966	1.7017526626586914	1000
GATAA	2	++	27	3	0.4606747923929296	0.26130532323708827	1.8203600645065308	1000
GATAA	2	++	27	4	0.40613457925974783	0.23434495742470132	1.56391441822052	1000
GATAA	2	++	28	0	0.3776649581968829	0.1993460150218299	1.606184720993042	1000
GATAA	2	++	28	1	0.37771186646490573	0.20527131179417488	1.7635509967803955	1000
GATAA	2	++	28	2	0.42532973490519677	0.22917423453301689	1.6887125968933105	1000
GATAA	2	++	28	3	0.43700705592914246	0.2376376082711325	1.8039549589157104	1000
GATAA	2	++	28	4	0.37386663536125236	0.20207694903271178	1.5415480136871338	1000
GATAA	2	++	29	0	0.42365122722843845	0.24533226255555407	1.6380600929260254	1000
GATAA	2	++	29	1	0.4027815625028638	0.23034105082779563	1.7809280157089233	1000
GATAA	2	++	29	2	0.46476342194321657	0.26860790007320534	1.7160459756851196	1000
GATAA	2	++	29	3	0.4696669482889542	0.27029745763528157	1.8265931606292725	1000
GATAA	2	++	29	4	0.3835923402588696	0.21180271842382312	1.5482892990112305	1000
GATAA	2	+-	20	0	0.41369970911023835	0.23538078743301666	1.631162166595459	1000
GATAA	2	+-	20	1	0.39566655424534397	0.22322602107244444	1.775996208190918	1000
GATAA	2	+-	20	2	0.45424221129403336	0.2580867324196849	1.708753228187561	1000
GATAA	2	+-	20	3	0.4505086399264527	0.2511392352641054	1.8133137226104736	1000
GATAA	2	+-	20	4	0.37893780179591857	0.207148115467378	1.5450630187988281	1000
GATAA	2	+-	21	0	0.3902345252135049	0.2119156035362832	1.61489737033844	1000
GATAA	2	+-	21	1	0.39026922271331643	0.21782862504692285	1.7722551822662354	1000
GATAA	2	+-	21	2	0.42386758140322384	0.22771212402670674	1.6876991987228394	1000
GATAA	2	+-	21	3	0.43046522285128563	0.2310957751932757	1.7994205951690674	1000
GATAA	2	+-	21	4	0.37244171610319127	0.2006520297746507	1.540560245513916	1000
GATAA	2	+-	22	0	0.4022293262109433	0.22391040453372163	1.62321138381958	1000
GATAA	2	+-	22	1	0.3711009393570648	0.1986604061841653	1.758968710899353	1000
GATAA	2	+-	22	2	0.4255927823696914	0.2294373249931743	1.6888948678970337	1000
GATAA	2	+-	22	3	0.4251434346986496	0.22577400853847102	1.7957316637039185	1000
GATAA	2	+-	22	4	0.3683635774946069	0.19657395565956043	1.5377336740493774	1000
GATAA	2	+-	23	0	0.38686486913514984	0.20854590446226545	1.6125614643096924	1000
GATAA	2	+-	23	1	0.3865542254720289	0.21411367080129803	1.769680142402649	1000
GATAA	2	+-	23	2	0.41687661563263884	0.22072120125178443	1.6828532218933105	1000
GATAA	2	+-	23	3	0.4288794138233424	0.22950998766316383	1.79832124710083	1000
GATAA	2	+-	23	4	0.3546431885697365	0.18285352373902727	1.5282233953475952	1000
GATAA	2	+-	24	0	0.3929173255799765	0.2145983824049235	1.616756796836853	1000
GATAA	2	+-	24	1	0.37646026272325167	0.20401972955035214	1.762683629989624	1000
GATAA	2	+-	24	2	0.4387311390083794	0.2425756601340309	1.6980018615722656	1000
GATAA	2	+-	24	3	0.4343271362720727	0.2349577316097255	1.8020975589752197	1000
GATAA	2	+-	24	4	0.3621798122958465	0.19039016896296862	1.533447265625	1000
GATAA	2	+-	25	0	0.367351803559581	0.18903288188235934	1.5990360975265503	1000
GATAA	2	+-	25	1	0.3705494769870732	0.19810900830766778	1.7585864067077637	1000
GATAA	2	+-	25	2	0.4022096341974195	0.20605413382523965	1.6726869344711304	1000
GATAA	2	+-	25	3	0.41502268565200046	0.21565328098965325	1.7887166738510132	1000
GATAA	2	+-	25	4	0.3559610916232982	0.18417142679258897	1.5291367769241333	1000
GATAA	2	+-	26	0	0.40102875832093277	0.22270983664371108	1.6223794221878052	1000
GATAA	2	+-	26	1	0.3780992573859742	0.2056587242130747	1.7638195753097534	1000
GATAA	2	+-	26	2	0.43042403300640397	0.23426853263422415	1.6922436952590942	1000
GATAA	2	+-	26	3	0.43463326539060854	0.23526383923042993	1.802309513092041	1000
GATAA	2	+-	26	4	0.38016889660645725	0.20837927477141077	1.5459164381027222	1000
GATAA	2	+-	27	0	0.3706589869400101	0.1923400222671257	1.6013286113739014	1000
GATAA	2	+-	27	1	0.37679038342158283	0.20434989324434602	1.762912392616272	1000
GATAA	2	+-	27	2	0.41503678822937123	0.2188813308528541	1.6815781593322754	1000
GATAA	2	+-	27	3	0.4279265009505743	0.22855709628822707	1.7976609468460083	1000
GATAA	2	+-	27	4	0.3538809184654498	0.18209127513257195	1.5276950597763062	1000
GATAA	2	+-	28	0	0.390602912051653	0.21228396887659998	1.6151525974273682	1000
GATAA	2	+-	28	1	0.3779129141837644	0.20547233801520212	1.76369047164917	1000
GATAA	2	+-	28	2	0.44269559708474343	0.2465400752147322	1.7007497549057007	1000
GATAA	2	+-	28	3	0.4379634084549278	0.23859396079691786	1.8046178817749023	1000
GATAA	2	+-	28	4	0.3656959545970739	0.19390631126419602	1.5358844995498657	1000
GATAA	2	+-	29	0	0.3917999972929836	0.21348105411793056	1.6159824132919312	1000
GATAA	2	+-	29	1	0.3853833675849549	0.21294276991856131	1.7688684463500977	1000
GATAA	2	+-	29	2	0.4245533192278766	0.2283977973578654	1.6881744861602783	1000
GATAA	2	+-	29	3	0.43359784384108896	0.2342284176809104	1.8015918731689453	1000
GATAA	2	+-	29	4	0.37063903695251	0.19884937212180082	1.5393108129501343	1000
GATAA	2	-+	20	0	0.4482423815403707	0.2699234383653177	1.6551052331924438	1000
GATAA	2	-+	20	1	0.41786925649775625	0.24542876632051946	1.7913861274719238	1000
GATAA	2	-+	20	2	0.4537785030716445	0.25762298120163335	1.7084318399429321	1000
GATAA	2	-+	20	3	0.479620186233663	0.2802507815713158	1.8334921598434448	1000
GATAA	2	-+	20	4	0.4128797818222499	0.24109015998720337	1.5685899257659912	1000
GATAA	2	-+	21	0	0.4002530305742161	0.22193406590133166	1.621841549873352	1000
GATAA	2	-+	21	1	0.40514262632523385	0.23270209315233434	1.7825645208358765	1000
GATAA	2	-+	21	2	0.42960406272275287	0.23344858384840436	1.6916754245758057	1000
GATAA	2	-+	21	3	0.44707590921089374	0.24770646155288378	1.810934066772461	1000
GATAA	2	-+	21	4	0.3843310487399881	0.21254140540711022	1.5488014221191406	1000
GATAA	2	-+	22	0	0.4307356655697674	0.25241667939905166	1.6429704427719116	1000
GATAA	2	-+	22	1	0.4105775790621376	0.23813708888490082	1.7863320112228394	1000
GATAA	2	-+	22	2	0.458519634799305	0.2623641774227879	1.711717963218689	1000
GATAA	2	-+	22	3	0.4775665843953729	0.27819713673736296	1.832068681716919	1000
GATAA	2	-+	22	4	0.3897333677688906	0.21794374593384414	1.5525460243225098	1000
GATAA	2	-+	23	0	0.3907682733704576	0.2124493086975732	1.615267276763916	1000
GATAA	2	-+	23	1	0.40095901935600786	0.22851848618310835	1.7796647548675537	1000
GATAA	2	-+	23	2	0.4171806809593643	0.2210252020850158	1.6830642223358154	1000
GATAA	2	-+	23	3	0.43889998297586397	0.2395305783135167	1.805267095565796	1000
GATAA	2	-+	23	4	0.361922483254493	0.1901328184237838	1.533268928527832	1000
GATAA	2	-+	24	0	0.4212046020372641	0.24288568036004246	1.6363641023635864	1000
GATAA	2	-+	24	1	0.389267509763366	0.21682695509263514	1.771560788154602	1000
GATAA	2	-+	24	2	0.4360829931460566	0.23992751427170808	1.6961662769317627	1000
GATAA	2	-+	24	3	0.4562824844768816	0.2569130153210403	1.817315697669983	1000
GATAA	2	-+	24	4	0.3861117571070216	0.21432211377414376	1.5500355958938599	1000
GATAA	2	-+	25	0	0.39694868490752616	0.21862974173247315	1.619551181793213	1000
GATAA	2	-+	25	1	0.398173717329622	0.22573320565455382	1.7777341604232788	1000
GATAA	2	-+	25	2	0.4305402932783873	0.23438481440403877	1.6923243999481201	1000
GATAA	2	-+	25	3	0.44548790740415195	0.24611845974614205	1.8098335266113281	1000
GATAA	2	-+	25	4	0.37986285347924686	0.20807323164420038	1.5457043647766113	1000
GATAA	2	-+	26	0	0.4224896994001738	0.24417075622512072	1.6372548341751099	1000
GATAA	2	-+	26	1	0.4050184548513109	0.23257792167841138	1.7824785709381104	1000
GATAA	2	-+	26	2	0.4602441048395064	0.26408864746298927	1.7129133939743042	1000
GATAA	2	-+	26	3	0.4698738864136049	0.2705044817512577	1.826736569404602	1000
GATAA	2	-+	26	4	0.38285371776907656	0.2110640744361987	1.5477772951126099	1000
GATAA	2	-+	27	0	0.3712997513014622	0.1929808511220719	1.601772665977478	1000
GATAA	2	-+	27	1	0.3883356647653286	0.21589513159242907	1.770914912223816	1000
GATAA	2	-+	27	2	0.41121731152768454	0.2150618541511674	1.678930640220642	1000
GATAA	2	-+	27	3	0.43474802081439673	0.23537855165855542	1.802389144897461	1000
GATAA	2	-+	27	4	0.36086973445289905	0.1890800911200212	1.5325392484664917	1000
GATAA	2	-+	28	0	0.4430630380183118	0.2647440948432588	1.651515245437622	1000
GATAA	2	-+	28	1	0.41374111393343355	0.24130053776487131	1.7885246276855469	1000
GATAA	2	-+	28	2	0.4657544289731508	0.26959897159663365	1.7167328596115112	1000
GATAA	2	-+	28	3	0.47681777193351627	0.2774483242755063	1.8315497636795044	1000
GATAA	2	-+	28	4	0.42090371838957963	0.24911403206103908	1.574151635169983	1000
GATAA	2	-+	29	0	0.4220920325157162	0.24377306784283184	1.6369792222976685	1000
GATAA	2	-+	29	1	0.41904144725037445	0.2466009355753063	1.7921985387802124	1000
GATAA	2	-+	29	2	0.45185474813475585	0.255699247762576	1.707098364830017	1000
GATAA	2	-+	29	3	0.46662405924723854	0.26725461158922864	1.824483871459961	1000
GATAA	2	-+	29	4	0.4034434377347093	0.2316538158996628	1.5620490312576294	1000
GATAA	3	+++	20	0	0.5909231013014639	0.41260417962424223	1.754003882408142	1000
GATAA	3	+++	20	1	0.577355991914175	0.4049154372434441	1.9019337892532349	1000
GATAA	3	+++	20	2	0.6451030537767508	0.4489475964002337	1.8410478830337524	1000
GATAA	3	+++	20	3	0.6604648881171186	0.46109546195694	1.9588440656661987	1000
GATAA	3	+++	20	4	0.5447686332373646	0.37297894690882394	1.6600083112716675	1000
GATAA	3	+++	21	0	0.6566946414492414	0.4783757197720197	1.799593448638916	1000
GATAA	3	+++	21	1	0.6142359945608583	0.44179539689446473	1.9274970293045044	1000
GATAA	3	+++	21	2	0.6710650817987105	0.47490958142653067	1.8590434789657593	1000
GATAA	3	+++	21	3	0.6935214154654827	0.4941519893053042	1.9817571640014648	1000
GATAA	3	+++	21	4	0.5812652005639493	0.40947551423540873	1.6853057146072388	1000
GATAA	3	+++	22	0	0.5781897638055579	0.3998707991326734	1.745177984237671	1000
GATAA	3	+++	22	1	0.5709457685598909	0.39850521388916005	1.8974906206130981	1000
GATAA	3	+++	22	2	0.62835030974753	0.4321948523710129	1.8294358253479004	1000
GATAA	3	+++	22	3	0.6398804996136626	0.4405110304578213	1.9445761442184448	1000
GATAA	3	+++	22	4	0.5431153640146203	0.3713257206817425	1.6588623523712158	1000
GATAA	3	+++	23	0	0.6844109785013271	0.5060920568241055	1.8188049793243408	1000
GATAA	3	+++	23	1	0.6191869451225714	0.44674639045184056	1.9309289455413818	1000
GATAA	3	+++	23	2	0.6627195376742673	0.46656408029775015	1.8532586097717285	1000
GATAA	3	+++	23	3	0.6790891473530284	0.4797198071841753	1.9717535972595215	1000
GATAA	3	+++	23	4	0.5948673084206888	0.4230776220921483	1.6947338581085205	1000
GATAA	3	+++	24	0	0.593666482556702	0.41534751788381763	1.7559056282043457	1000
GATAA	3	+++	24	1	0.5813095720878719	0.40886901741714105	1.9046741724014282	1000
GATAA	3	+++	24	2	0.6500828114324834	0.4539273110603036	1.8444995880126953	1000
GATAA	3	+++	24	3	0.6547229893440875	0.45535352018824615	1.9548641443252563	1000
GATAA	3	+++	24	4	0.5536840418754416	0.38189444153822655	1.6661880016326904	1000
GATAA	3	+++	25	0	0.6475529466382915	0.46923402496106986	1.7932568788528442	1000
GATAA	3	+++	25	1	0.6123855042332372	0.4399450355538318	1.9262144565582275	1000
GATAA	3	+++	25	2	0.6771034356661665	0.4809479782896493	1.8632287979125977	1000
GATAA	3	+++	25	3	0.6866645961625707	0.4872951270067294	1.9770044088363647	1000
GATAA	3	+++	25	4	0.5747636974177198	0.402974054084842	1.6807992458343506	1000
GATAA	3	+++	26	0	0.5727097516141281	0.39439078694124363	1.7413793802261353	1000
GATAA	3	+++	26	1	0.5654763333014892	0.3930357786307583	1.8936994075775146	1000
GATAA	3	+++	26	2	0.632033318215757	0.43587786083923996	1.8319886922836304	1000
GATAA	3	+++	26	3	0.6339957692490898	0.4346263430889113	1.9404970407485962	1000
GATAA	3	+++	26	4	0.5367456855702772	0.36495604223739936	1.654447317123413	1000
GATAA	3	+++	27	0	0.6851471072426827	0.506828185565461	1.8193150758743286	1000
GATAA	3	+++	27	1	0.6095848097595992	0.4371442550888682	1.9242730140686035	1000
GATAA	3	+++	27	2	0.665660483999684	0.4695049836275042	1.8552970886230469	1000
GATAA	3	+++	27	3	0.6652027521744127	0.4658333260142341	1.9621281623840332	1000
GATAA	3	+++	27	4	0.5840064750317143	0.41221683169883644	1.6872057914733887	1000
GATAA	3	+++	28	0	0.562959367206112	0.3846403165419021	1.7346210479736328	1000
GATAA	3	+++	28	1	0.551733672623332	0.3792931609482638	1.88417387008667	1000
GATAA	3	+++	28	2	0.623876181085334	0.4277206807131542	1.8263344764709473	1000
GATAA	3	+++	28	3	0.63176579920234	0.4323963300464987	1.9389514923095703	1000
GATAA	3	+++	28	4	0.5295961517955967	0.35780646546705613	1.6494914293289185	1000
GATAA	3	+++	29	0	0.6257684631971149	0.4474495415198932	1.7781569957733154	1000
GATAA	3	+++	29	1	0.584474138855073	0.4120335411886794	1.9068676233291626	1000
GATAA	3	+++	29	2	0.6536394126523263	0.4574839982714719	1.846964955329895	1000
GATAA	3	+++	29	3	0.6599903449877254	0.4606209618232095	1.9585152864456177	1000
GATAA	3	+++	29	4	0.5532899436309895	0.38150021430678627	1.66591477394104	1000
GATAA	3	+-+	20	0	0.6849275713888563	0.5066086497116347	1.8191629648208618	1000
GATAA	3	+-+	20	1	0.6265234240387398	0.4540829123636717	1.936014175415039	1000
GATAA	3	+-+	20	2	0.6929335357691709	0.4967780783926538	1.8742014169692993	1000
GATAA	3	+-+	20	3	0.7195237304234071	0.5201543042632285	1.9997807741165161	1000
GATAA	3	+-+	20	4	0.6071159558108008	0.4353262694822602	1.7032240629196167	1000
GATAA	3	+-+	21	0	0.634855682503404	0.4565367178305195	1.7844557762145996	1000
GATAA	3	+-+	21	1	0.6229072738260357	0.45046671915530484	1.9335075616836548	1000
GATAA	3	+-+	21	2	0.6504649138870379	0.45430945651052074	1.8447643518447876	1000
GATAA	3	+-+	21	3	0.6754716642747801	0.47610232410592696	1.9692461490631104	1000
GATAA	3	+-+	21	4	0.5975590088893427	0.4257692795651394	1.6965996026992798	1000
GATAA	3	+-+	22	0	0.6774255591712325	0.4991065944983481	1.8139629364013672	1000
GATAA	3	+-+	22	1	0.610394547075524	0.43795399240479305	1.9248343706130981	1000
GATAA	3	+-+	22	2	0.6834896674406551	0.48733416706847527	1.8676553964614868	1000
GATAA	3	+-+	22	3	0.7016746399905986	0.5023051708347573	1.9874085187911987	1000
GATAA	3	+-+	22	4	0.593379744482051	0.4215901011491731	1.6937029361724854	1000
GATAA	3	+-+	23	0	0.6174219731680919	0.4391030514908702	1.772371530532837	1000
GATAA	3	+-+	23	1	0.605171949916773	0.43273139524604215	1.9212143421173096	1000
GATAA	3	+-+	23	2	0.6321219322766142	0.4359664319044343	1.832050085067749	1000
GATAA	3	+-+	23	3	0.6531575602602714	0.45378809110443014	1.9537792205810547	1000
GATAA	3	+-+	23	4	0.5511981616442079	0.37940851831133005	1.6644648313522339	1000
GATAA	3	+-+	24	0	0.6923706795485597	0.514051757871338	1.8243221044540405	1000
GATAA	3	+-+	24	1	0.6240200445727808	0.45157948990204994	1.9342788457870483	1000
GATAA	3	+-+	24	2	0.702080648033623	0.5059251476614431	1.8805418014526367	1000
GATAA	3	+-+	24	3	0.7128815024731091	0.5135120763129305	1.9951767921447754	1000
GATAA	3	+-+	24	4	0.6094911652062043	0.43770147887766375	1.704870343208313	1000
GATAA	3	+-+	25	0	0.6266275165381746	0.4483085948609529	1.7787524461746216	1000
GATAA	3	+-+	25	1	0.6152231319811482	0.44278262030608	1.9281812906265259	1000
GATAA	3	+-+	25	2	0.6546695027396691	0.458514045363152	1.8476788997650146	1000
GATAA	3	+-+	25	3	0.6709315372703155	0.47156211111013696	1.9660991430282593	1000
GATAA	3	+-+	25	4	0.584194366077782	0.4124047227449041	1.6873360872268677	1000
GATAA	3	+-+	26	0	0.6610094711810757	0.482690549503854	1.802584171295166	1000
GATAA	3	+-+	26	1	0.6056606386191997	0.43322008394846884	1.921553134918213	1000
GATAA	3	+-+	26	2	0.6887083089984362	0.49255285162191903	1.8712726831436157	1000
GATAA	3	+-+	26	3	0.6850351895326338	0.48566572037679245	1.9758750200271606	1000
GATAA	3	+-+	26	4	0.5848988930070415	0.41310924967416357	1.6878244876861572	1000
GATAA	3	+-+	27	0	0.5868206701434452	0.4085017484662235	1.7511603832244873	1000
GATAA	3	+-+	27	1	0.5828492037740585	0.41040869209899034	1.9057414531707764	1000
GATAA	3	+-+	27	2	0.6365175938543539	0.4403620934821741	1.8350969552993774	1000
GATAA	3	+-+	27	3	0.6472969504624823	0.4479274813066409	1.9497168064117432	1000
GATAA	3	+-+	27	4	0.5387029771240841	0.3669133337912063	1.6558037996292114	1000
GATAA	3	+-+	28	0	0.6412855548755491	0.4629665902026647	1.7889126539230347	1000
GATAA	3	+-+	28	1	0.5903179803444031	0.41787742567367225	1.9109184741973877	1000
GATAA	3	+-+	28	2	0.675907382320741	0.4797519249442239	1.8623998165130615	1000
GATAA	3	+-+	28	3	0.676858360388687	0.47748889123284566	1.9702073335647583	1000
GATAA	3	+-+	28	4	0.5790599100275983	0.40727022369905763	1.683777093887329	1000
GATAA	3	+-+	29	0	0.6118431999394041	0.4335242782621824	1.7685046195983887	1000
GATAA	3	+-+	29	1	0.5956983285896579	0.42325777391892705	1.9146476984024048	1000
GATAA	3	+-+	29	2	0.6345648168451322	0.43840931647295234	1.8337434530258179	1000
GATAA	3	+-+	29	3	0.655799557742826	0.45643017457831003	1.9556103944778442	1000
GATAA	3	+-+	29	4	0.569521580228096	0.39773193689521813	1.6771656274795532	1000
GATAA	3	++-	20	0	0.5832319941592163	0.4049130724819947	1.7486730813980103	1000
GATAA	3	++-	20	1	0.5720422869461295	0.3996017322753986	1.8982505798339844	1000
GATAA	3	++-	20	2	0.6428183932470265	0.4466628928748467	1.8394643068313599	1000
GATAA	3	++-	20	3	0.6567365622203892	0.4573671360602106	1.9562597274780273	1000
GATAA	3	++-	20	4	0.5396534392440775	0.36786375291553686	1.6564626693725586	1000
GATAA	3	++-	21	0	0.5967985016072274	0.4184795369343429	1.7580764293670654	1000
GATAA	3	++-	21	1	0.5811625269213841	0.4087220152463161	1.9045722484588623	1000
GATAA	3	++-	21	2	0.635397384857959	0.4392419274814419	1.834320306777954	1000
GATAA	3	++-	21	3	0.6550749948347409	0.4557055686745623	1.9551081657409668	1000
GATAA	3	++-	21	4	0.5464128303752757	0.37462318704239783	1.661147952079773	1000
GATAA	3	++-	22	0	0.6005317290095062	0.4222128073322846	1.7606642246246338	1000
GATAA	3	++-	22	1	0.563703579132058	0.39126306745698985	1.8924707174301147	1000
GATAA	3	++-	22	2	0.6377075848113365	0.4415521274348193	1.8359217643737793	1000
GATAA	3	++-	22	3	0.6385391209282582	0.43916969476807954	1.9436463117599487	1000
GATAA	3	++-	22	4	0.5519216066650623	0.38013196333218446	1.664966344833374	1000
GATAA	3	++-	23	0	0.6239431683278451	0.44562424665062345	1.776891827583313	1000
GATAA	3	++-	23	1	0.5977115145049953	0.4252710028299271	1.9160431623458862	1000
GATAA	3	++-	23	2	0.6433205395918832	0.4471651252110288	1.8398123979568481	1000
GATAA	3	++-	23	3	0.6633931937176969	0.46402376755751834	1.960874080657959	1000
GATAA	3	++-	23	4	0.5570917061196373	0.3853020627867595	1.66854989528656	1000
GATAA	3	++-	24	0	0.5957871576288286	0.41746823595160687	1.7573755979537964	1000
GATAA	3	++-	24	1	0.5844002723065275	0.4119597176357966	1.9068164825439453	1000
GATAA	3	++-	24	2	0.662194044684556	0.4660385873080389	1.8528945446014404	1000
GATAA	3	++-	24	3	0.6599215949230429	0.46055212576720167	1.9584674835205078	1000
GATAA	3	++-	24	4	0.5530471901192967	0.3812575897820816	1.6657465696334839	1000
GATAA	3	++-	25	0	0.6226626715008461	0.4443437498236244	1.7760041952133179	1000
GATAA	3	++-	25	1	0.598524433499961	0.42608392182489285	1.9166065454483032	1000
GATAA	3	++-	25	2	0.6660307626469917	0.46987530527047455	1.8555539846420288	1000
GATAA	3	++-	25	3	0.6783028426732837	0.47893341651310506	1.9712084531784058	1000
GATAA	3	++-	25	4	0.564732293358194	0.39294260702965333	1.6738461256027222	1000
GATAA	3	++-	26	0	0.6016234748771834	0.42330455319996174	1.7614208459854126	1000
GATAA	3	++-	26	1	0.5714706166146615	0.3990300619439306	1.8978543281555176	1000
GATAA	3	++-	26	2	0.6472952736316363	0.4511398162551192	1.8425673246383667	1000
GATAA	3	++-	26	3	0.6468699605360526	0.44750049138021125	1.9494209289550781	1000
GATAA	3	++-	26	4	0.5506118297917539	0.3788221434632133	1.6640584468841553	1000
GATAA	3	++-	27	0	0.6340944872906852	0.45577556561346344	1.7839282751083374	1000
GATAA	3	++-	27	1	0.6063021769025807	0.4338616652275125	1.9219977855682373	1000
GATAA	3	++-	27	2	0.6637839383004572	0.4676284809239401	1.8539966344833374	1000
GATAA	3	++-	27	3	0.6740062001067781	0.47463677394659953	1.9682302474975586	1000
GATAA	3	++-	27	4	0.5698896660966051	0.39810002276372725	1.6774208545684814	1000
GATAA	3	++-	28	0	0.5715317994427059	0.39321283476982155	1.7405630350112915	1000
GATAA	3	++-	28	1	0.5599217666309103	0.38748116896451673	1.8898494243621826	1000
GATAA	3	++-	28	2	0.6422779807623529	0.44612248039017305	1.8390897512435913	1000
GATAA	3	++-	28	3	0.643877419415377	0.4445079932551984	1.9473466873168945	1000
GATAA	3	++-	28	4	0.5316716814218718	0.35988203808899394	1.6509300470352173	1000
GATAA	3	++-	29	0	0.6006157855301155	0.42229682085723114	1.7607223987579346	1000
GATAA	3	++-	29	1	0.5773176827786952	0.4048771711036271	1.9019073247909546	1000
GATAA	3	++-	29	2	0.647552860646966	0.4513974032704489	1.8427461385726929	1000
GATAA	3	++-	29	3	0.6554470792998826	0.4560776961353667	1.9553661346435547	1000
GATAA	3	++-	29	4	0.5520404896724712	0.3802508033439307	1.665048599243164	1000
GATAA	4	++++	20	0	0.8267654901693964	0.6484466114878373	1.9174774885177612	1000
GATAA	4	++++	20	1	0.8121226293009605	0.6396821176258923	2.0646615028381348	1000
GATAA	4	++++	20	2	0.8939665071154828	0.6978110067433029	2.013546943664551	1000
GATAA	4	++++	20	3	0.9106191572419013	0.7112497310817227	2.1322381496429443	1000
GATAA	4	++++	20	4	0.768561401637896	0.5967718872920063	1.8151296377182007	1000
GATAA	4	++++	21	0	0.9185976043980779	0.7402786827208563	1.981130599975586	1000
GATAA	4	++++	21	1	0.8334783169978734	0.6610378053228053	2.0794644355773926	1000
GATAA	4	++++	21	2	0.8979258917036463	0.7017703053401411	2.0162911415100098	1000
GATAA	4	++++	21	3	0.9235839833858688	0.7242144712343648	2.1412243843078613	1000
GATAA	4	++++	21	4	0.787692579737224	0.6159029794000088	1.8283902406692505	1000
GATAA	4	++++	22	0	0.7835663719777235	0.6052474073048391	1.8875341415405273	1000
GATAA	4	++++	22	1	0.7806392272600384	0.6081986725893076	2.0428390502929688	1000
GATAA	4	++++	22	2	0.8466933778988462	0.6505379205223292	1.9807796478271484	1000
GATAA	4	++++	22	3	0.8586972509811177	0.6593277818252764	2.0962483882904053	1000
GATAA	4	++++	22	4	0.7220671818470171	0.550277581509802	1.7829021215438843	1000
GATAA	4	++++	23	0	0.9015505980532309	0.7232315903846838	1.969314455986023	1000
GATAA	4	++++	23	1	0.8112028660841462	0.638762354409078	2.064023971557617	1000
GATAA	4	++++	23	2	0.8509088446541445	0.6547534302732901	1.9837017059326172	1000
GATAA	4	++++	23	3	0.8673479783195169	0.6679786381506638	2.1022446155548096	1000
GATAA	4	++++	23	4	0.7671388471412842	0.5953492038084064	1.8141435384750366	1000
GATAA	4	++++	24	0	0.7629530473932598	0.5846340397247127	1.8732460737228394	1000
GATAA	4	++++	24	1	0.7612800001656664	0.5888394884905983	2.0294203758239746	1000
GATAA	4	++++	24	2	0.8364446737599552	0.6402892593791008	1.9736757278442383	1000
GATAA	4	++++	24	3	0.8434460014852547	0.6440766183207388	2.085676908493042	1000
GATAA	4	++++	24	4	0.7114026666540025	0.5396130663167874	1.7755100727081299	1000
GATAA	4	++++	25	0	0.8827904725231395	0.704471507850255	1.9563109874725342	1000
GATAA	4	++++	25	1	0.8153789488123969	0.6429383941416661	2.0669188499450684	1000
GATAA	4	++++	25	2	0.8936053435486708	0.6974498001808282	2.013296365737915	1000
GATAA	4	++++	25	3	0.8935883172662354	0.6942189341017195	2.1204330921173096	1000
GATAA	4	++++	25	4	0.7725436599186243	0.6007540165857465	1.817889928817749	1000
GATAA	4	++++	26	0	0.7978941606297786	0.6195752819482196	1.897465467453003	1000
GATAA	4	++++	26	1	0.782332224475132	0.6098915838130756	2.0440125465393066	1000
GATAA	4	++++	26	2	0.8650427228673518	0.6688872654908348	1.9934985637664795	1000
GATAA	4	++++	26	3	0.8731427617576885	0.6737732926018472	2.1062612533569336	1000
GATAA	4	++++	26	4	0.7473566287171152	0.5755670283799	1.8004316091537476	1000
GATAA	4	++++	27	0	0.9076471250523411	0.7293282033751195	1.9735404253005981	1000
GATAA	4	++++	27	1	0.8081587731638745	0.6357181325018182	2.0619139671325684	1000
GATAA	4	++++	27	2	0.8629901959206298	0.6668347385441126	1.9920759201049805	1000
GATAA	4	++++	27	3	0.8652658703568464	0.6658964012010051	2.1008012294769287	1000
GATAA	4	++++	27	4	0.7835210545492212	0.6117313252250178	1.8254988193511963	1000
GATAA	4	++++	28	0	0.7761501361072174	0.5978312144299958	1.8823935985565186	1000
GATAA	4	++++	28	1	0.755359841375016	0.5829192437086224	2.0253167152404785	1000
GATAA	4	++++	28	2	0.8514021768881446	0.6552467195116274	1.9840435981750488	1000
GATAA	4	++++	28	3	0.8540796887881021	0.6547101336409354	2.093047857284546	1000
GATAA	4	++++	28	4	0.7353859482864602	0.5635963479492451	1.7921340465545654	1000
GATAA	4	++++	29	0	0.8672512380784066	0.688932316401185	1.945540189743042	1000
GATAA	4	++++	29	1	0.7887329887836185	0.6162924771085504	2.0484492778778076	1000
GATAA	4	++++	29	2	0.8798735607731808	0.6837181463923263	2.0037782192230225	1000
GATAA	4	++++	29	3	0.880688844529596	0.681319332378092	2.1114916801452637	1000
GATAA	4	++++	29	4	0.7593226656161968	0.5875330222833189	1.8087257146835327	1000
GATAA	4	+-+-	20	0	0.871448560664039	0.6931295959911545	1.9484494924545288	1000
GATAA	4	+-+-	20	1	0.8081451865344563	0.6357046318637255	2.0619046688079834	1000
GATAA	4	+-+-	20	2	0.8761674206384127	0.6800119202662328	2.0012094974517822	1000
GATAA	4	+-+-	20	3	0.8992704520680918	0.699901068903576	2.1243715286254883	1000
GATAA	4	+-+-	20	4	0.7702418441194765	0.5984522437822614	1.8162944316864014	1000
GATAA	4	+-+-	21	0	0.8372219493505296	0.6589030706689707	1.9247252941131592	1000
GATAA	4	+-+-	21	1	0.8078004473108018	0.6353599356357337	2.0616657733917236	1000
GATAA	4	+-+-	21	2	0.8517571490795254	0.6556016057116828	1.9842896461486816	1000
GATAA	4	+-+-	21	3	0.8728316451422776	0.673462218982099	2.106045722961426	1000
GATAA	4	+-+-	21	4	0.7662294028835217	0.5944397165549812	1.813513159751892	1000
GATAA	4	+-+-	22	0	0.9069909252479741	0.7286720895620779	1.973085641860962	1000
GATAA	4	+-+-	22	1	0.8124754517092055	0.6400348970384747	2.064906358718872	1000
GATAA	4	+-+-	22	2	0.8904082720604567	0.6942527716882768	2.011080503463745	1000
GATAA	4	+-+-	22	3	0.8926340715279232	0.69326473135907	2.1197714805603027	1000
GATAA	4	+-+-	22	4	0.7864945485913136	0.6147048622627731	1.8275598287582397	1000
GATAA	4	+-+-	23	0	0.8179053739535715	0.6395864522763499	1.9113361835479736	1000
GATAA	4	+-+-	23	1	0.8005608376227319	0.6281202399563384	2.056647539138794	1000
GATAA	4	+-+-	23	2	0.8376299781897016	0.6414745638088473	1.9744973182678223	1000
GATAA	4	+-+-	23	3	0.8562076301272277	0.6568382039670491	2.094522714614868	1000
GATAA	4	+-+-	23	4	0.7342175841478237	0.5624279408149458	1.791324257850647	1000
GATAA	4	+-+-	24	0	0.8519947431116923	0.6736756924474825	1.9349651336669922	1000
GATAA	4	+-+-	24	1	0.7862369185803212	0.6137963639095902	2.0467190742492676	1000
GATAA	4	+-+-	24	2	0.8665529025245782	0.6703973161610729	1.9945452213287354	1000
GATAA	4	+-+-	24	3	0.8820266115793323	0.682657142423491	2.1124188899993896	1000
GATAA	4	+-+-	24	4	0.7473284235623736	0.5755388232251585	1.8004119396209717	1000
GATAA	4	+-+-	25	0	0.8356908738012235	0.6573719091283391	1.9236640930175781	1000
GATAA	4	+-+-	25	1	0.8003602198605004	0.6279197081854323	2.0565085411071777	1000
GATAA	4	+-+-	25	2	0.8609686258510628	0.6648131254788829	1.990674614906311	1000
GATAA	4	+-+-	25	3	0.8711349503001906	0.6717654811443493	2.1048696041107178	1000
GATAA	4	+-+-	25	4	0.7605242224064498	0.588734579073572	1.809558629989624	1000
GATAA	4	+-+-	26	0	0.8811102880155353	0.7027913663383135	1.9551464319229126	1000
GATAA	4	+-+-	26	1	0.792059477216607	0.6196190085372015	2.0507547855377197	1000
GATAA	4	+-+-	26	2	0.8861759510053738	0.690020450633194	2.0081467628479004	1000
GATAA	4	+-+-	26	3	0.8703820962460387	0.6710127130815228	2.1043477058410645	1000
GATAA	4	+-+-	26	4	0.783316137220718	0.6115264078965148	1.8253567218780518	1000
GATAA	4	+-+-	27	0	0.7816525490389221	0.6033336273617005	1.8862074613571167	1000
GATAA	4	+-+-	27	1	0.7759981894351802	0.6035576347644492	2.0396220684051514	1000
GATAA	4	+-+-	27	2	0.836958901886035	0.6408033585181925	1.9740322828292847	1000
GATAA	4	+-+-	27	3	0.8496285198097964	0.6502590506539551	2.0899624824523926	1000
GATAA	4	+-+-	27	4	0.7248210540439579	0.55303141071108	1.784811019897461	1000
GATAA	4	+-+-	28	0	0.8331639327120962	0.6548450540305373	1.921912431716919	1000
GATAA	4	+-+-	28	1	0.7755603216060835	0.6031198099310153	2.039318561553955	1000
GATAA	4	+-+-	28	2	0.8631322535902424	0.666976839209388	1.9921742677688599	1000
GATAA	4	+-+-	28	3	0.8653213347617497	0.6659519515972337	2.100839853286743	1000
GATAA	4	+-+-	28	4	0.7620377557253679	0.5902480693968274	1.810607671737671	1000
GATAA	4	+-+-	29	0	0.8287307359208056	0.6504118572392467	1.9188398122787476	1000
GATAA	4	+-+-	29	1	0.7958225436088107	0.6233819029467543	2.05336332321167	1000
GATAA	4	+-+-	29	2	0.8616472693913675	0.6654916830278622	1.9911448955535889	1000
GATAA	4	+-+-	29	3	0.8727937229677624	0.6734242538119211	2.1060192584991455	1000
GATAA	4	+-+-	29	4	0.763541915989814	0.5917523156525989	1.8116503953933716	1000
GATAA	4	++--	20	0	0.7893841150997851	0.6110651934225635	1.8915667533874512	1000
GATAA	4	++--	20	1	0.7668044268766815	0.594363958197276	2.033249616622925	1000
GATAA	4	++--	20	2	0.8496689357327492	0.6535134353605693	1.9828420877456665	1000
GATAA	4	++--	20	3	0.8653517756909523	0.6659823495307737	2.100860834121704	1000
GATAA	4	++--	20	4	0.7288298836442445	0.5570402403113667	1.7875897884368896	1000
GATAA	4	++--	21	0	0.8355861363668481	0.6572672146896263	1.9235914945602417	1000
GATAA	4	++--	21	1	0.7999682713991841	0.6275277167284532	2.056236743927002	1000
GATAA	4	++--	21	2	0.8908764948274307	0.6947210804465762	2.0114052295684814	1000
GATAA	4	++--	21	3	0.9135710674613106	0.7142016842967948	2.134284019470215	1000
GATAA	4	++--	21	4	0.7511846185600195	0.579394932231479	1.8030848503112793	1000
GATAA	4	++--	22	0	0.7857859800697589	0.6074670583925372	1.8890727758407593	1000
GATAA	4	++--	22	1	0.7586762688229289	0.5862357571478608	2.027615547180176	1000
GATAA	4	++--	22	2	0.836087035837486	0.6399315354653061	1.9734278917312622	1000
GATAA	4	++--	22	3	0.8367985280641054	0.6374290589082642	2.081069231033325	1000
GATAA	4	++--	22	4	0.723068980788293	0.5512793804510778	1.7835966348648071	1000
GATAA	4	++--	23	0	0.8799162984619202	0.7015973337890358	1.954318881034851	1000
GATAA	4	++--	23	1	0.8276836195510274	0.6552430218846338	2.0754477977752686	1000
GATAA	4	++--	23	2	0.886555516715828	0.6903999303523227	2.0084099769592285	1000
GATAA	4	++--	23	3	0.9128626709224067	0.7134932447622281	2.1337928771972656	1000
GATAA	4	++--	23	4	0.7803154699197892	0.6085258265869113	1.8232768774032593	1000
GATAA	4	++--	24	0	0.7757293805518816	0.5974104588746599	1.8821020126342773	1000
GATAA	4	++--	24	1	0.7597675847339789	0.587327030063248	2.028372049331665	1000
GATAA	4	++--	24	2	0.8418638470886423	0.6457083467164625	1.9774320125579834	1000
GATAA	4	++--	24	3	0.856655386958749	0.6572859607985704	2.0948328971862793	1000
GATAA	4	++--	24	4	0.7138957701565726	0.5421060838280319	1.7772382497787476	1000
GATAA	4	++--	25	0	0.8188001996860108	0.6404812350131264	1.9119563102722168	1000
GATAA	4	++--	25	1	0.7910696310695661	0.6186291193944979	2.0500688552856445	1000
GATAA	4	++--	25	2	0.8858134975686804	0.6896579971965006	2.0078957080841064	1000
GATAA	4	++--	25	3	0.9030045393836251	0.7036349842364583	2.126959800720215	1000
GATAA	4	++--	25	4	0.7421352354369203	0.570345506112717	1.7968122959136963	1000
GATAA	4	++--	26	0	0.7808524857471083	0.602533521074224	1.885653018951416	1000
GATAA	4	++--	26	1	0.7494131112648071	0.5769725565940763	2.0211949348449707	1000
GATAA	4	++--	26	2	0.8374632410096902	0.6413078266288358	1.9743818044662476	1000
GATAA	4	++--	26	3	0.836770150926713	0.6374006817708717	2.081049919128418	1000
GATAA	4	++--	26	4	0.7369941580546784	0.5652044717261377	1.7932487726211548	1000
GATAA	4	++--	27	0	0.8871596917683091	0.7088407270954247	1.9593396186828613	1000
GATAA	4	++--	27	1	0.8235400415437898	0.651099486873059	2.072575569152832	1000
GATAA	4	++--	27	2	0.9054282048909092	0.7092727905100548	2.021491527557373	1000
GATAA	4	++--	27	3	0.9151583813374489	0.7157890411685958	2.1353843212127686	1000
GATAA	4	++--	27	4	0.7917477586619182	0.6199580723333775	1.831201195716858	1000
GATAA	4	++--	28	0	0.7474093413996046	0.569090419722383	1.8624720573425293	1000
GATAA	4	++--	28	1	0.729898583836706	0.5574579861703124	2.0076682567596436	1000
GATAA	4	++--	28	2	0.8281120283343267	0.6319566139534722	1.967900037765503	1000
GATAA	4	++--	28	3	0.8369306107399681	0.6375612275754522	2.0811610221862793	1000
GATAA	4	++--	28	4	0.697726305287753	0.5259365759635497	1.7660304307937622	1000
GATAA	4	++--	29	0	0.831893152904871	0.6535742312276493	1.9210317134857178	1000
GATAA	4	++--	29	1	0.7843298029649035	0.6118893342854981	2.0453972816467285	1000
GATAA	4	++--	29	2	0.9002722510093676	0.7041167936328505	2.0179176330566406	1000
GATAA	4	++--	29	3	0.9063287920421523	0.706959322886311	2.1292638778686523	1000
GATAA	4	++--	29	4	0.7523639035969858	0.580574260264108	1.803902268409729	1000
GATAA	4	+--+	20	0	0.8789529376431121	0.7006340589615532	1.9536510705947876	1000
GATAA	4	+--+	20	1	0.8422121119566395	0.6697716002815713	2.0855181217193604	1000
GATAA	4	+--+	20	2	0.9189361522463013	0.7227806518741215	2.0308544635772705	1000
GATAA	4	+--+	20	3	0.9591063119909784	0.7597368858307999	2.165846586227417	1000
GATAA	4	+--+	20	4	0.8081555914848335	0.6363658621606303	1.842574119567871	1000
GATAA	4	+--+	21	0	0.8442457208117667	0.6659267991345451	1.9295939207077026	1000
GATAA	4	+--+	21	1	0.8228999221172784	0.6504594104422102	2.072132110595703	1000
GATAA	4	+--+	21	2	0.8746830383788158	0.6785275380066359	2.000180721282959	1000
GATAA	4	+--+	21	3	0.9120122167138901	0.7126427475580488	2.1332032680511475	1000
GATAA	4	+--+	21	4	0.7685646693082624	0.5967750689710473	1.8151317834854126	1000
GATAA	4	+--+	22	0	0.8539592149411728	0.6756402932639511	1.9363267421722412	1000
GATAA	4	+--+	22	1	0.8085282778892532	0.6360877662141851	2.0621705055236816	1000
GATAA	4	+--+	22	2	0.8943375596847193	0.6981820163168767	2.0138039588928223	1000
GATAA	4	+--+	22	3	0.9201330655049811	0.7207636393448025	2.1388323307037354	1000
GATAA	4	+--+	22	4	0.7674246823070182	0.5956349099871523	1.8143415451049805	1000
GATAA	4	+--+	23	0	0.848021857885436	0.6697028932125516	1.9322112798690796	1000
GATAA	4	+--+	23	1	0.8196952833924263	0.6472547717173581	2.0699105262756348	1000
GATAA	4	+--+	23	2	0.8567893614437712	0.6606337750802659	1.987777590751648	1000
GATAA	4	+--+	23	3	0.890543278441384	0.6911738522812054	2.1183226108551025	1000
GATAA	4	+--+	23	4	0.7528687586685936	0.5810791583313785	1.8042521476745605	1000
GATAA	4	+--+	24	0	0.8596063512735785	0.6812873866006941	1.9402409791946411	1000
GATAA	4	+--+	24	1	0.8082145815340794	0.6357740698590113	2.061952829360962	1000
GATAA	4	+--+	24	2	0.8966904543311733	0.7005349969546563	2.015434980392456	1000
GATAA	4	+--+	24	3	0.9172826250495809	0.7179131988894023	2.1368567943573	1000
GATAA	4	+--+	24	4	0.7740425747122192	0.602252974375004	1.818928837776184	1000
GATAA	4	+--+	25	0	0.81326270229353	0.6349437806163084	1.9081180095672607	1000
GATAA	4	+--+	25	1	0.8000098912006929	0.627569336529962	2.0562655925750732	1000
GATAA	4	+--+	25	2	0.863807715451506	0.6676522150793263	1.9926422834396362	1000
GATAA	4	+--+	25	3	0.8875889604648627	0.6882194913090214	2.11627459526062	1000
GATAA	4	+--+	25	4	0.7615078771780597	0.5897182338451817	1.8102405071258545	1000
GATAA	4	+--+	26	0	0.8270897634575981	0.6487707987847138	1.917702317237854	1000
GATAA	4	+--+	26	1	0.7866027256787064	0.6141621710079754	2.0469727516174316	1000
GATAA	4	+--+	26	2	0.8826743842338071	0.6865188838616272	2.0057196617126465	1000
GATAA	4	+--+	26	3	0.9024692433828145	0.7030997742269733	2.126588821411133	1000
GATAA	4	+--+	26	4	0.7596844311222867	0.5878947877894088	1.8089765310287476	1000
GATAA	4	+--+	27	0	0.7817933168386534	0.6034743091701062	1.8863052129745483	1000
GATAA	4	+--+	27	1	0.7666351099569071	0.5941946412775017	2.0331320762634277	1000
GATAA	4	+--+	27	2	0.8309475922904273	0.6347921779095729	1.9698654413223267	1000
GATAA	4	+--+	27	3	0.8470010548612398	0.6476315857053985	2.0881412029266357	1000
GATAA	4	+--+	27	4	0.710655058070702	0.538865414737824	1.7749919891357422	1000
GATAA	4	+--+	28	0	0.8432974944662347	0.6649786157846758	1.9289366006851196	1000
GATAA	4	+--+	28	1	0.7898031508286123	0.6173627251448697	2.0491909980773926	1000
GATAA	4	+--+	28	2	0.9054278609256075	0.7092724465447531	2.021491289138794	1000
GATAA	4	+--+	28	3	0.9045189326157975	0.7051494204642935	2.12800931930542	1000
GATAA	4	+--+	28	4	0.7716623348242778	0.5998726484957373	1.8172789812088013	1000
GATAA	4	+--+	29	0	0.8380601067995096	0.6597410991309625	1.9253063201904297	1000
GATAA	4	+--+	29	1	0.8026894668924609	0.6302488692260673	2.0581231117248535	1000
GATAA	4	+--+	29	2	0.8721646104309062	0.6760091100587264	1.9984349012374878	1000
GATAA	4	+--+	29	3	0.8951537033543887	0.6957842341985474	2.121518135070801	1000
GATAA	4	+--+	29	4	0.7817983903268538	0.6100087469939759	1.8243046998977661	1000
GATAA	2	++	40	0	0.37531374038127474	0.19699481870405305	1.6045550107955933	1000
GATAA	2	++	40	1	0.3753670120073795	0.20292647883447998	1.7619258165359497	1000
GATAA	2	++	40	2	0.41847033586252175	0.22231483549034192	1.6839581727981567	1000
GATAA	2	++	40	3	0.42780641406460934	0.22843694490876804	1.7975776195526123	1000
GATAA	2	++	40	4	0.3670091711233996	0.19521946329702766	1.536794662475586	1000
GATAA	2	++	41	0	0.392993169929007	0.214674226753954	1.6168094873428345	1000
GATAA	2	++	41	1	0.38268005828736784	0.21023952511446833	1.7669947147369385	1000
GATAA	2	++	41	2	0.43397831246046026	0.23782287658177445	1.6947075128555298	1000
GATAA	2	++	41	3	0.43212046987451475	0.2327509792208421	1.800567865371704	1000
GATAA	2	++	41	4	0.3762658363364512	0.20447621450140474	1.5432109832763672	1000
GATAA	2	++	42	0	0.3646258785434055	0.1863069783640152	1.59714674949646	1000
GATAA	2	++	42	1	0.3662134503935201	0.19377291722062057	1.755581021308899	1000
GATAA	2	++	42	2	0.4121326461912391	0.21597714581905927	1.6795650720596313	1000
GATAA	2	++	42	3	0.4169575334698698	0.2175881073096912	1.7900577783584595	1000
GATAA	2	++	42	4	0.3557988044943778	0.1840091611614999	1.529024362564087	1000
GATAA	2	++	43	0	0.39562459047853343	0.21730566880131175	1.6186333894729614	1000
GATAA	2	++	43	1	0.3804882683891095	0.20804769222054725	1.7654756307601929	1000
GATAA	2	++	43	2	0.41492431157570697	0.21876887569702116	1.6815001964569092	1000
GATAA	2	++	43	3	0.42345267325801733	0.22408318260434468	1.7945598363876343	1000
GATAA	2	++	43	4	0.3730065071286247	0.20121686379574688	1.5409518480300903	1000
GATAA	2	++	44	0	0.3662331854027066	0.18791419923199085	1.598260760307312	1000
GATAA	2	++	44	1	0.3642475167115073	0.1918069835386078	1.7542182207107544	1000
GATAA	2	++	44	2	0.41086685388088884	0.214711353508709	1.6786876916885376	1000
GATAA	2	++	44	3	0.4192066365865282	0.21983723192418095	1.791616678237915	1000
GATAA	2	++	44	4	0.3535934494645326	0.18180380613165475	1.5274956226348877	1000
GATAA	2	++	45	0	0.4012389211202871	0.22292002094089677	1.6225248575210571	1000
GATAA	2	++	45	1	0.38411116892086	0.21167063574796047	1.76798677444458	1000
GATAA	2	++	45	2	0.43675462839333856	0.24059910652332736	1.6966317892074585	1000
GATAA	2	++	45	3	0.4408124730491211	0.2414430468889425	1.8065928220748901	1000
GATAA	2	++	45	4	0.366787098525473	0.19499743369476377	1.5366407632827759	1000
GATAA	2	++	46	0	0.38357273423667126	0.20525376956378685	1.6102796792984009	1000
GATAA	2	++	46	1	0.37791592388015444	0.2054754122050863	1.7636924982070923	1000
GATAA	2	++	46	2	0.42750389658174165	0.2313483962095618	1.690219759941101	1000
GATAA	2	++	46	3	0.43275358100800343	0.23338415484782488	1.80100679397583	1000
GATAA	2	++	46	4	0.3657946296430064	0.19400500780795993	1.5359529256820679	1000
GATAA	2	++	47	0	0.39792318160297757	0.2196042599257559	1.6202267408370972	1000
GATAA	2	++	47	1	0.38247888158152105	0.21003834840862157	1.766855239868164	1000
GATAA	2	++	47	2	0.4210546761613745	0.2248992402826887	1.6857495307922363	1000
GATAA	2	++	47	3	0.4222230832956737	0.2228536571354951	1.7937074899673462	1000
GATAA	2	++	47	4	0.37898896663455023	0.20719928030600968	1.5450984239578247	1000
GATAA	2	++	48	0	0.3712795003443231	0.1929606001649328	1.6017587184906006	1000
GATAA	2	++	48	1	0.36536007247993885	0.19291951780920796	1.7549893856048584	1000
GATAA	2	++	48	2	0.4078270605268887	0.2116715816525402	1.6765806674957275	1000
GATAA	2	++	48	3	0.41422528809127507	0.2148558404332651	1.7881637811660767	1000
GATAA	2	++	48	4	0.36065101551666423	0.18886139368161775	1.5323877334594727	1000
GATAA	2	++	49	0	0.38885036584369825	0.21053146566430794	1.6139379739761353	1000
GATAA	2	++	49	1	0.36986029950940325	0.19741970184300964	1.7581086158752441	1000
GATAA	2	++	49	2	0.42067953900418	0.22452403863200013	1.685489296913147	1000
GATAA	2	++	49	3	0.42307861099239075	0.2237091633343808	1.7943005561828613	1000
GATAA	2	++	49	4	0.3670552624738308	0.19526561914095295	1.536826729774475	1000
GATAA	2	+-	40	0	0.3978238186264416	0.21950489694921993	1.6201578378677368	1000
GATAA	2	+-	40	1	0.38606179614694597	0.2136212844718778	1.7693387269973755	1000
GATAA	2	+-	40	2	0.43657856115451776	0.24042310377800064	1.6965097188949585	1000
GATAA	2	+-	40	3	0.4313130973200393	0.2319436711598607	1.8000082969665527	1000
GATAA	2	+-	40	4	0.3817262855013454	0.20993664216846755	1.5469958782196045	1000
GATAA	2	+-	41	0	0.3934500848366868	0.21513114166163377	1.6171261072158813	1000
GATAA	2	+-	41	1	0.38860094800428446	0.2161604363292163	1.7710988521575928	1000
GATAA	2	+-	41	2	0.42730095705372356	0.23114552117503775	1.6900790929794312	1000
GATAA	2	+-	41	3	0.4340093123332783	0.23463986467526832	1.8018770217895508	1000
GATAA	2	+-	41	4	0.3754386857771266	0.20364904244424872	1.5426377058029175	1000
GATAA	2	+-	42	0	0.3967557633689208	0.2184368846873619	1.619417428970337	1000
GATAA	2	+-	42	1	0.3789988986326376	0.20655836545973805	1.7644431591033936	1000
GATAA	2	+-	42	2	0.42509648343496403	0.22894102605844693	1.6885510683059692	1000
GATAA	2	+-	42	3	0.42536911893224433	0.22599969277206575	1.7958881855010986	1000
GATAA	2	+-	42	4	0.36927027002995566	0.19748062669707778	1.5383620262145996	1000
GATAA	2	+-	43	0	0.36304217630293534	0.1847232331278823	1.5960490703582764	1000
GATAA	2	+-	43	1	0.3699470217611008	0.19750648858820127	1.7581689357757568	1000
GATAA	2	+-	43	2	0.4065171116709294	0.21036161129874956	1.6756726503372192	1000
GATAA	2	+-	43	3	0.41732673722560953	0.21795731106543093	1.790313720703125	1000
GATAA	2	+-	43	4	0.355144303018688	0.18335465968581013	1.5285707712173462	1000
GATAA	2	+-	44	0	0.3743275918612274	0.196008627188343	1.6038713455200195	1000
GATAA	2	+-	44	1	0.36734754698897215	0.194907035313904	1.7563670873641968	1000
GATAA	2	+-	44	2	0.42151429979580535	0.2253587994236255	1.6860679388046265	1000
GATAA	2	+-	44	3	0.4155582396267873	0.21618877047094595	1.7890877723693848	1000
GATAA	2	+-	44	4	0.3595418564055873	0.18775221307270942	1.5316188335418701	1000
GATAA	2	+-	45	0	0.37552463410689524	0.19720571242967358	1.604701280593872	1000
GATAA	2	+-	45	1	0.37044396563076887	0.198003410960038	1.758513331413269	1000
GATAA	2	+-	45	2	0.41117926036618113	0.215023802989664	1.6789042949676514	1000
GATAA	2	+-	45	3	0.4227646996589034	0.22339525200089344	1.7940829992294312	1000
GATAA	2	+-	45	4	0.3584182722496692	0.18662862891679136	1.5308399200439453	1000
GATAA	2	+-	46	0	0.3855873820045409	0.20726846032731924	1.6116759777069092	1000
GATAA	2	+-	46	1	0.3658298430907706	0.19338930991787107	1.7553149461746216	1000
GATAA	2	+-	46	2	0.4119921793611469	0.21583670048679843	1.679467797279358	1000
GATAA	2	+-	46	3	0.41387749617556774	0.21450800552189508	1.7879228591918945	1000
GATAA	2	+-	46	4	0.3632682904931572	0.19147862566244797	1.5342016220092773	1000
GATAA	2	+-	47	0	0.3583360000490627	0.18001707837184103	1.5927869081497192	1000
GATAA	2	+-	47	1	0.35639302605094014	0.1839524928780406	1.7487739324569702	1000
GATAA	2	+-	47	2	0.39738870251975866	0.2012332236454102	1.669345498085022	1000
GATAA	2	+-	47	3	0.3985058588241008	0.19913638966825947	1.7772680521011353	1000
GATAA	2	+-	47	4	0.3461804167708989	0.17439077343802104	1.5223573446273804	1000
GATAA	2	+-	48	0	0.36012199688261026	0.1818030752053886	1.594024896621704	1000
GATAA	2	+-	48	1	0.34709648236071966	0.17465593843890445	1.7423300743103027	1000
GATAA	2	+-	48	2	0.397381995196375	0.20122647332636384	1.66934072971344	1000
GATAA	2	+-	48	3	0.3855166541393736	0.18614720648136363	1.768264651298523	1000
GATAA	2	+-	48	4	0.34475906615284324	0.17296942281996536	1.5213721990585327	1000
GATAA	2	+-	49	0	0.3686353100829701	0.19031636690791712	1.5999257564544678	1000
GATAA	2	+-	49	1	0.3574273512110604	0.18498681803816092	1.7494909763336182	1000
GATAA	2	+-	49	2	0.4061567650217091	0.21000128614736063	1.6754230260849	1000
GATAA	2	+-	49	3	0.404877343086278	0.20550789542826803	1.781684398651123	1000
GATAA	2	+-	49	4	0.35428808739136747	0.18249844405848964	1.5279772281646729	1000
GATAA	2	-+	40	0	0.40114209488785135	0.22282315171279832	1.6224578619003296	1000
GATAA	2	-+	40	1	0.3814550258652721	0.2090144711945412	1.7661457061767578	1000
GATAA	2	-+	40	2	0.42330360729538197	0.22714817141669622	1.6873081922531128	1000
GATAA	2	-+	40	3	0.43082668738773655	0.23145728272538932	1.7996711730957031	1000
GATAA	2	-+	40	4	0.3803787154405099	0.20858905060980068	1.5460617542266846	1000
GATAA	2	-+	41	0	0.3672322326215686	0.18891326794868427	1.598953366279602	1000
GATAA	2	-+	41	1	0.3729844503536516	0.20054387418508934	1.7602741718292236	1000
GATAA	2	-+	41	2	0.40800841623222356	0.21185289436221233	1.676706314086914	1000
GATAA	2	-+	41	3	0.4135142688169455	0.21414482115893554	1.7876709699630737	1000
GATAA	2	-+	41	4	0.3642690575385279	0.19247941420565	1.5348955392837524	1000
GATAA	2	-+	42	0	0.40271117860299815	0.22439223542794515	1.6235454082489014	1000
GATAA	2	-+	42	1	0.38531861611690504	0.21287810444183689	1.7688237428665161	1000
GATAA	2	-+	42	2	0.43889938103658593	0.24274394515790015	1.6981184482574463	1000
GATAA	2	-+	42	3	0.4347666379363526	0.23539716878051134	1.802402138710022	1000
GATAA	2	-+	42	4	0.37561909557788165	0.2038294522450038	1.5427626371383667	1000
GATAA	2	-+	43	0	0.37017412485156515	0.1918551816765121	1.6009924411773682	1000
GATAA	2	-+	43	1	0.3748117660190689	0.20237121134833805	1.7615407705307007	1000
GATAA	2	-+	43	2	0.40781007724011603	0.21165457686793615	1.676568865776062	1000
GATAA	2	-+	43	3	0.4202667376464465	0.22089726849060523	1.7923516035079956	1000
GATAA	2	-+	43	4	0.35525295305837057	0.18346328822766136	1.5286459922790527	1000
GATAA	2	-+	44	0	0.3893991194869388	0.21108017631188575	1.6143182516098022	1000
GATAA	2	-+	44	1	0.37444793672116866	0.20200742504610048	1.7612886428833008	1000
GATAA	2	-+	44	2	0.4247335140503181	0.22857801367813826	1.688299298286438	1000
GATAA	2	-+	44	3	0.42465143533019384	0.22528198767218388	1.7953907251358032	1000
GATAA	2	-+	44	4	0.3814354628387364	0.20964579800802718	1.5467942953109741	1000
GATAA	2	-+	45	0	0.3892326832765663	0.2109137615993446	1.614202857017517	1000
GATAA	2	-+	45	1	0.3868693406840723	0.21442876451551005	1.769898533821106	1000
GATAA	2	-+	45	2	0.4253522646324598	0.22919678575811128	1.6887282133102417	1000
GATAA	2	-+	45	3	0.43496777164653666	0.23559836698418946	1.8025414943695068	1000
GATAA	2	-+	45	4	0.376471097630256	0.2046814327995468	1.5433533191680908	1000
GATAA	2	-+	46	0	0.41205989752992417	0.23374099735053386	1.6300253868103027	1000
GATAA	2	-+	46	1	0.3856814135189001	0.21324088034600064	1.7690751552581787	1000
GATAA	2	-+	46	2	0.4459350622963953	0.24977960491987813	1.7029950618743896	1000
GATAA	2	-+	46	3	0.4515993968938873	0.25222992773804603	1.8140696287155151	1000
GATAA	2	-+	46	4	0.37065524631735386	0.19886562448230735	1.539322018623352	1000
GATAA	2	-+	47	0	0.38353257628769477	0.20521363311264176	1.610251784324646	1000
GATAA	2	-+	47	1	0.38154230706058495	0.20910179538551676	1.76620614528656	1000
GATAA	2	-+	47	2	0.4129079869769914	0.21675246510698018	1.6801025867462158	1000
GATAA	2	-+	47	3	0.4311777469738103	0.23180832081363167	1.7999143600463867	1000
GATAA	2	-+	47	4	0.36034060832968823	0.1885509649968104	1.532172441482544	1000
GATAA	2	-+	48	0	0.40873792364152084	0.23041902346213056	1.627722978591919	1000
GATAA	2	-+	48	1	0.3854301468659896	0.21298965668875278	1.7689008712768555	1000
GATAA	2	-+	48	2	0.430191426471112	0.23403596909459493	1.6920825242996216	1000
GATAA	2	-+	48	3	0.4366791710052725	0.23730965885376848	1.8037277460098267	1000
GATAA	2	-+	48	4	0.38651578734956105	0.21472614401668322	1.5503156185150146	1000
GATAA	2	-+	49	0	0.38610109418266814	0.20778212950978373	1.612032175064087	1000
GATAA	2	-+	49	1	0.37897151039548765	0.20653099872041952	1.764424204826355	1000
GATAA	2	-+	49	2	0.4224460158068546	0.2262904939368434	1.686713695526123	1000
GATAA	2	-+	49	3	0.43336093773952544	0.2339915115793469	1.8014277219772339	1000
GATAA	2	-+	49	4	0.37290172669858657	0.2011120833657087	1.5408791303634644	1000
GATAA	3	+++	40	0	0.560340587381424	0.38202162270853957	1.7328059673309326	1000
GATAA	3	+++	40	1	0.5555703475901049	0.3831298359150368	1.8868333101272583	1000
GATAA	3	+++	40	2	0.6206671568028849	0.4245116994263678	1.8241102695465088	1000
GATAA	3	+++	40	3	0.6201382241601564	0.4207687979999778	1.9308918714523315	1000
GATAA	3	+++	40	4	0.5482874412696803	0.37649779793680244	1.662447214126587	1000
GATAA	3	+++	41	0	0.5765238968536379	0.3982049751764163	1.744023323059082	1000
GATAA	3	+++	41	1	0.5533564579212107	0.38091594624614256	1.8852986097335815	1000
GATAA	3	+++	41	2	0.6186950747411039	0.4225395313732612	1.8227431774139404	1000
GATAA	3	+++	41	3	0.6178055374751786	0.41843606831933733	1.9292750358581543	1000
GATAA	3	+++	41	4	0.5348319916184641	0.3630423052899235	1.6531206369400024	1000
GATAA	3	+++	42	0	0.5465562639060952	0.3682373422288736	1.7232513427734375	1000
GATAA	3	+++	42	1	0.5363152559908303	0.36387470132009947	1.8734865188598633	1000
GATAA	3	+++	42	2	0.6011896486403819	0.4050341482682021	1.8106093406677246	1000
GATAA	3	+++	42	3	0.607721463728826	0.4083519945729847	1.9222851991653442	1000
GATAA	3	+++	42	4	0.528362649227946	0.3565730058950681	1.6486364603042603	1000
GATAA	3	+++	43	0	0.5894809407826538	0.41116206210109485	1.7530044317245483	1000
GATAA	3	+++	43	1	0.5488527052474036	0.37641215057667277	1.8821767568588257	1000
GATAA	3	+++	43	2	0.6077639864392519	0.4116085290627347	1.8151664733886719	1000
GATAA	3	+++	43	3	0.6014327461173765	0.40206336295286066	1.91792631149292	1000
GATAA	3	+++	43	4	0.5469369045081174	0.37514730417090225	1.6615111827850342	1000
GATAA	3	+++	44	0	0.552068350861911	0.37374942918468934	1.7270718812942505	1000
GATAA	3	+++	44	1	0.5315852171441505	0.359144683971251	1.8702080249786377	1000
GATAA	3	+++	44	2	0.6092698235345438	0.41311436615802677	1.816210150718689	1000
GATAA	3	+++	44	3	0.6040017369646398	0.40463231080446116	1.91970694065094	1000
GATAA	3	+++	44	4	0.5296445219161519	0.35785487858327397	1.6495251655578613	1000
GATAA	3	+++	45	0	0.5543689627825028	0.3760500411052811	1.7286665439605713	1000
GATAA	3	+++	45	1	0.5293826353345505	0.356942102161651	1.8686811923980713	1000
GATAA	3	+++	45	2	0.5957522021550407	0.3995967447785236	1.8068405389785767	1000
GATAA	3	+++	45	3	0.5992882084524428	0.3999187822922642	1.9164396524429321	1000
GATAA	3	+++	45	4	0.5165390139637787	0.34474937063090083	1.6404409408569336	1000
GATAA	3	+++	46	0	0.5484340564795408	0.37011513480231917	1.724552869796753	1000
GATAA	3	+++	46	1	0.5350147231850058	0.3625741685142749	1.8725850582122803	1000
GATAA	3	+++	46	2	0.5999401086905383	0.4037846513140211	1.8097432851791382	1000
GATAA	3	+++	46	3	0.6077635564826247	0.40839417331810884	1.9223144054412842	1000
GATAA	3	+++	46	4	0.5376138969874954	0.3658242536546175	1.6550488471984863	1000
GATAA	3	+++	47	0	0.5529400879234718	0.3746211232505875	1.7276761531829834	1000
GATAA	3	+++	47	1	0.5194533459739744	0.34701285579673763	1.861798882484436	1000
GATAA	3	+++	47	2	0.5782403267049115	0.38208482633273166	1.794702172279358	1000
GATAA	3	+++	47	3	0.5729653608289729	0.37359593466879426	1.8981940746307373	1000
GATAA	3	+++	47	4	0.513314941199379	0.34152525487083846	1.6382060050964355	1000
GATAA	3	+++	48	0	0.5392625226786663	0.3609436010014446	1.7181955575942993	1000
GATAA	3	+++	48	1	0.530610290492072	0.3581697358213411	1.8695321083068848	1000
GATAA	3	+++	48	2	0.5977757070294298	0.40162024965291265	1.8082431554794312	1000
GATAA	3	+++	48	3	0.6002958118081853	0.40092638564800664	1.9171382188796997	1000
GATAA	3	+++	48	4	0.5236719084169882	0.351882243586279	1.6453851461410522	1000
GATAA	3	+++	49	0	0.5520685658402246	0.37374964416300294	1.72707200050354	1000
GATAA	3	+++	49	1	0.5272948519444014	0.35485429727367057	1.8672341108322144	1000
GATAA	3	+++	49	2	0.5955506384882295	0.39939522410737505	1.8067008256912231	1000
GATAA	3	+++	49	3	0.5930021565720817	0.39363268741624036	1.912082552909851	1000
GATAA	3	+++	49	4	0.5169957138931449	0.34520607056026703	1.6407575607299805	1000
GATAA	3	+-+	40	0	0.62679304983963	0.44847412816240834	1.778867244720459	1000
GATAA	3	+-+	40	1	0.5859307459165556	0.4134901912458247	1.9078774452209473	1000
GATAA	3	+-+	40	2	0.6607736829667428	0.46461826858588834	1.8519099950790405	1000
GATAA	3	+-+	40	3	0.6505374045743766	0.4511680214098607	1.951962947845459	1000
GATAA	3	+-+	40	4	0.5897113545391472	0.4179217542019321	1.6911602020263672	1000
GATAA	3	+-+	41	0	0.5671283986456773	0.3888094339727929	1.7375108003616333	1000
GATAA	3	+-+	41	1	0.5594814910447015	0.38704093637397063	1.8895442485809326	1000
GATAA	3	+-+	41	2	0.6123138734591529	0.416158373086973	1.8183200359344482	1000
GATAA	3	+-+	41	3	0.6219484275518129	0.422579044387297	1.9321465492248535	1000
GATAA	3	+-+	41	4	0.5453598235997055	0.37357013727116484	1.660417914390564	1000
GATAA	3	+-+	42	0	0.6075404089931302	0.4292214443202458	1.7655222415924072	1000
GATAA	3	+-+	42	1	0.5653017709108634	0.39286125923579523	1.8935785293579102	1000
GATAA	3	+-+	42	2	0.6406174452726098	0.4444619878960926	1.837938666343689	1000
GATAA	3	+-+	42	3	0.6343998854829548	0.4350304163271135	1.9407771825790405	1000
GATAA	3	+-+	42	4	0.56149042038943	0.38970077705655215	1.67159903049469	1000
GATAA	3	+-+	43	0	0.537578726535394	0.3592597833603409	1.7170286178588867	1000
GATAA	3	+-+	43	1	0.5436079223266914	0.3711673676559606	1.8785414695739746	1000
GATAA	3	+-+	43	2	0.6025707983137985	0.4064153409372813	1.8115668296813965	1000
GATAA	3	+-+	43	3	0.6109158694859518	0.4115464433257732	1.92449951171875	1000
GATAA	3	+-+	43	4	0.5202906435097	0.34850097867899077	1.6430413722991943	1000
GATAA	3	+-+	44	0	0.6041749664897214	0.4258560018168369	1.763189435005188	1000
GATAA	3	+-+	44	1	0.5584649445911142	0.3860243899203833	1.888839602470398	1000
GATAA	3	+-+	44	2	0.6437529039761524	0.4475974036039725	1.8401120901107788	1000
GATAA	3	+-+	44	3	0.6266958366462299	0.4273263674903885	1.9354372024536133	1000
GATAA	3	+-+	44	4	0.5683228611515823	0.3965332178187044	1.6763348579406738	1000
GATAA	3	+-+	45	0	0.5532045542448362	0.3748856755632772	1.727859616279602	1000
GATAA	3	+-+	45	1	0.5424836717380013	0.3700431170672704	1.8777621984481812	1000
GATAA	3	+-+	45	2	0.596054031707305	0.3998985313351251	1.8070496320724487	1000
GATAA	3	+-+	45	3	0.6104344470505241	0.4110649778946828	1.9241657257080078	1000
GATAA	3	+-+	45	4	0.5331495283407359	0.36135984201219534	1.6519544124603271	1000
GATAA	3	+-+	46	0	0.6062336848118746	0.4279146771433275	1.7646164894104004	1000
GATAA	3	+-+	46	1	0.5576556802274792	0.38521516855241106	1.888278603553772	1000
GATAA	3	+-+	46	2	0.6327467452471988	0.4365912878706816	1.832483172416687	1000
GATAA	3	+-+	46	3	0.6299720631495036	0.43060263698932505	1.9377081394195557	1000
GATAA	3	+-+	46	4	0.564939016504531	0.39314937317165316	1.6739892959594727	1000
GATAA	3	+-+	47	0	0.5321681093435873	0.3538491876663656	1.7132781744003296	1000
GATAA	3	+-+	47	1	0.5273823481180279	0.3549417719494657	1.8672946691513062	1000
GATAA	3	+-+	47	2	0.5795184157747985	0.38336291540261863	1.7955880165100098	1000
GATAA	3	+-+	47	3	0.5908439462864042	0.391474477130563	1.9105865955352783	1000
GATAA	3	+-+	47	4	0.5008803805636843	0.32909078022646926	1.629587173461914	1000
GATAA	3	+-+	48	0	0.5896571370084628	0.4113382153312411	1.7531265020370483	1000
GATAA	3	+-+	48	1	0.5550094691699786	0.38256891449924774	1.886444330215454	1000
GATAA	3	+-+	48	2	0.6297747560533012	0.4336193416724468	1.83042311668396	1000
GATAA	3	+-+	48	3	0.619762313081033	0.42039284392519166	1.9306312799453735	1000
GATAA	3	+-+	48	4	0.5567106785566508	0.38492107821943566	1.668285846710205	1000
GATAA	3	+-+	49	0	0.5475640822401513	0.36924511756726697	1.723949909210205	1000
GATAA	3	+-+	49	1	0.5352261328585789	0.3627856211835107	1.8727316856384277	1000
GATAA	3	+-+	49	2	0.5969281335303152	0.4007726331581353	1.8076555728912354	1000
GATAA	3	+-+	49	3	0.6049151368233722	0.4055456676675308	1.9203399419784546	1000
GATAA	3	+-+	49	4	0.5275563515650383	0.35576672972999185	1.6480776071548462	1000
GATAA	3	++-	40	0	0.564390047882977	0.3860711262057553	1.7356126308441162	1000
GATAA	3	++-	40	1	0.5527813479367255	0.3803408362616573	1.8848999738693237	1000
GATAA	3	++-	40	2	0.6328035425176461	0.4366480421454663	1.8325225114822388	1000
GATAA	3	++-	40	3	0.6268811049568718	0.4275116787966932	1.935565710067749	1000
GATAA	3	++-	40	4	0.5382068501720076	0.3664172068391298	1.655460000038147	1000
GATAA	3	++-	41	0	0.5735581850264969	0.3952392203536126	1.7419675588607788	1000
GATAA	3	++-	41	1	0.5525570395643377	0.38011648489360683	1.8847445249557495	1000
GATAA	3	++-	41	2	0.6344706563437849	0.43831519896726767	1.833678126335144	1000
GATAA	3	++-	41	3	0.6276817271923009	0.42831225803645956	1.936120629310608	1000
GATAA	3	++-	41	4	0.5451939463329483	0.37340434599573313	1.6603031158447266	1000
GATAA	3	++-	42	0	0.5793429504752556	0.4010239858023713	1.7459772825241089	1000
GATAA	3	++-	42	1	0.5502832139416177	0.3778426592708869	1.883168339729309	1000
GATAA	3	++-	42	2	0.6338721567187823	0.4377166563466024	1.8332631587982178	1000
GATAA	3	++-	42	3	0.6328024676260783	0.433432998470237	1.9396700859069824	1000
GATAA	3	++-	42	4	0.5487039402544073	0.37691429692152945	1.662735939025879	1000
GATAA	3	++-	43	0	0.5937526458647843	0.4154337241875626	1.7559653520584106	1000
GATAA	3	++-	43	1	0.5694224322298735	0.3969818775591427	1.8964345455169678	1000
GATAA	3	++-	43	2	0.6385121196520727	0.44235666227555553	1.8364794254302979	1000
GATAA	3	++-	43	3	0.6394504569951801	0.44008098783933886	1.9442780017852783	1000
GATAA	3	++-	43	4	0.5621348823778757	0.3903451960493351	1.6720457077026367	1000
GATAA	3	++-	44	0	0.553083134493327	0.37476416982044264	1.7277753353118896	1000
GATAA	3	++-	44	1	0.5354958876464572	0.36305537597138904	1.872918725013733	1000
GATAA	3	++-	44	2	0.6235855734010386	0.42743007302885877	1.826133131980896	1000
GATAA	3	++-	44	3	0.6169942093197334	0.41762474016389206	1.9287124872207642	1000
GATAA	3	++-	44	4	0.5264744517041231	0.3546848728647394	1.6473276615142822	1000
GATAA	3	++-	45	0	0.5595076324076327	0.3811886677347483	1.7322285175323486	1000
GATAA	3	++-	45	1	0.5408561569172238	0.36841564524215564	1.8766340017318726	1000
GATAA	3	++-	45	2	0.6128879945433956	0.4167325371668785	1.8187180757522583	1000
GATAA	3	++-	45	3	0.6196269627348039	0.42025749357896264	1.9305375814437866	1000
GATAA	3	++-	45	4	0.5333012600344597	0.361511573705919	1.652059555053711	1000
GATAA	3	++-	46	0	0.5623855040958454	0.3840665824186238	1.7342232465744019	1000
GATAA	3	++-	46	1	0.5339457650185679	0.3615052103478371	1.8718442916870117	1000
GATAA	3	++-	46	2	0.618474549987035	0.42231909261051787	1.8225903511047363	1000
GATAA	3	++-	46	3	0.6161103474812867	0.41674092132110807	1.9280998706817627	1000
GATAA	3	++-	46	4	0.53179989448809	0.3600102296573808	1.6510190963745117	1000
GATAA	3	++-	47	0	0.5809648758598801	0.40264595418265847	1.7471015453338623	1000
GATAA	3	++-	47	1	0.5562006640055172	0.3837601953261117	1.8872699737548828	1000
GATAA	3	++-	47	2	0.6208755567800679	0.4247201423992135	1.8242546319961548	1000
GATAA	3	++-	47	3	0.6241207834105237	0.4247514002460078	1.9336525201797485	1000
GATAA	3	++-	47	4	0.5475016955335509	0.375712052200673	1.6619025468826294	1000
GATAA	3	++-	48	0	0.5426814517864935	0.3643624871136091	1.7205654382705688	1000
GATAA	3	++-	48	1	0.5353589464607077	0.3629184347856395	1.872823715209961	1000
GATAA	3	++-	48	2	0.6190091150615793	0.42285361468939947	1.8229609727859497	1000
GATAA	3	++-	48	3	0.6126852269980284	0.41331584383351255	1.9257258176803589	1000
GATAA	3	++-	48	4	0.5248410894732163	0.3530514246425071	1.6461955308914185	1000
GATAA	3	++-	49	0	0.5588358251776998	0.3805168175091527	1.7317627668380737	1000
GATAA	3	++-	49	1	0.5381150544321096	0.3656744997613787	1.8747341632843018	1000
GATAA	3	++-	49	2	0.6191786039640046	0.42302314658748746	1.8230785131454468	1000
GATAA	3	++-	49	3	0.6169187089360045	0.417549282775826	1.928660273551941	1000
GATAA	3	++-	49	4	0.5410947398496332	0.36930505352109266	1.6574615240097046	1000
GATAA	4	++++	40	0	0.7413359460670353	0.563016981394151	1.858262300491333	1000
GATAA	4	++++	40	1	0.7273182421344858	0.5548777304594177	2.0058798789978027	1000
GATAA	4	++++	40	2	0.8133474897404054	0.6171920323638883	1.957666039466858	1000
GATAA	4	++++	40	3	0.8132244361537131	0.6138549240022091	2.0647289752960205	1000
GATAA	4	++++	40	4	0.7136862522921589	0.5418965659636183	1.7770929336547852	1000
GATAA	4	++++	41	0	0.7551382417293793	0.5768193200521575	1.8678293228149414	1000
GATAA	4	++++	41	1	0.7068288310499689	0.534388276379238	1.9916775226593018	1000
GATAA	4	++++	41	2	0.7910243136410637	0.5948688132688839	1.942192792892456	1000
GATAA	4	++++	41	3	0.7764176551206345	0.5770482719561186	2.0392165184020996	1000
GATAA	4	++++	41	4	0.6971355448820392	0.5253459015491614	1.7656209468841553	1000
GATAA	4	++++	42	0	0.7298016716129448	0.5514827499357231	1.8502672910690308	1000
GATAA	4	++++	42	1	0.71329378788289	0.5408532762078219	1.9961587190628052	1000
GATAA	4	++++	42	2	0.8002099930149718	0.6040545786341174	1.9485597610473633	1000
GATAA	4	++++	42	3	0.7994802706273608	0.6001107584758568	2.0552022457122803	1000
GATAA	4	++++	42	4	0.7116676919189822	0.5398780485861042	1.7756938934326172	1000
GATAA	4	++++	43	0	0.7469636483598936	0.5686446406913466	1.8621630668640137	1000
GATAA	4	++++	43	1	0.6812746598845303	0.5088340622181367	1.9739646911621094	1000
GATAA	4	++++	43	2	0.749026580256993	0.5528712088718013	1.913082242012024	1000
GATAA	4	++++	43	3	0.7370588235314027	0.5376893973712241	2.011934995651245	1000
GATAA	4	++++	43	4	0.6778022871679474	0.5060126438350696	1.7522200345993042	1000
GATAA	4	++++	44	0	0.7000521986580216	0.5217332769808	1.8296464681625366	1000
GATAA	4	++++	44	1	0.6771501719515384	0.5047096172808075	1.971105933189392	1000
GATAA	4	++++	44	2	0.7698635682789038	0.5737081538980493	1.9275254011154175	1000
GATAA	4	++++	44	3	0.77122223122072	0.5718528050605414	2.0356154441833496	1000
GATAA	4	++++	44	4	0.6771162913693184	0.5053266480364406	1.7517446279525757	1000
GATAA	4	++++	45	0	0.7550305805899391	0.5767116159170547	1.8677546977996826	1000
GATAA	4	++++	45	1	0.6978043854112447	0.5253638737361765	1.9854223728179932	1000
GATAA	4	++++	45	2	0.7767505275413795	0.5805950271691996	1.9322987794876099	1000
GATAA	4	++++	45	3	0.7766646222072735	0.5772951530514322	2.0393877029418945	1000
GATAA	4	++++	45	4	0.6789441229826884	0.5071544796498105	1.7530115842819214	1000
GATAA	4	++++	46	0	0.7346891605764896	0.5563702818949305	1.8536549806594849	1000
GATAA	4	++++	46	1	0.7079800829148445	0.535539614235439	1.9924756288528442	1000
GATAA	4	++++	46	2	0.7951824241822992	0.5990269668057822	1.9450750350952148	1000
GATAA	4	++++	46	3	0.7931791702650492	0.5938096581135452	2.0508346557617188	1000
GATAA	4	++++	46	4	0.7010541265862856	0.529264440257745	1.7683371305465698	1000
GATAA	4	++++	47	0	0.7286690798656877	0.5503501151928034	1.8494821786880493	1000
GATAA	4	++++	47	1	0.6717058461601626	0.499265248493769	1.967332124710083	1000
GATAA	4	++++	47	2	0.7409605079402019	0.544805007568022	1.9074912071228027	1000
GATAA	4	++++	47	3	0.7303026570749082	0.5309331879190669	2.0072519779205322	1000
GATAA	4	++++	47	4	0.669918946417698	0.4981292600891575	1.7467557191848755	1000
GATAA	4	++++	48	0	0.719808060740946	0.541489182059387	1.843340277671814	1000
GATAA	4	++++	48	1	0.6926431430631891	0.520202631388121	1.9818449020385742	1000
GATAA	4	++++	48	2	0.7746286055950341	0.5784731052228543	1.9308280944824219	1000
GATAA	4	++++	48	3	0.7735083965986392	0.5741390134341234	2.0371999740600586	1000
GATAA	4	++++	48	4	0.6894564765253521	0.5176667901968115	1.7602981328964233	1000
GATAA	4	++++	49	0	0.7202574514076505	0.5419385727260916	1.8436517715454102	1000
GATAA	4	++++	49	1	0.6674024962702734	0.49496194159954254	1.964349389076233	1000
GATAA	4	++++	49	2	0.7526793197786682	0.5565238194064883	1.9156140089035034	1000
GATAA	4	++++	49	3	0.738965251216217	0.5395957820603757	2.013256549835205	1000
GATAA	4	++++	49	4	0.6663148349905543	0.49452510566635105	1.7442575693130493	1000
GATAA	4	+-+-	40	0	0.7468599428214233	0.5685408921572135	1.8620911836624146	1000
GATAA	4	+-+-	40	1	0.706856778230734	0.5344161805643405	1.991697072982788	1000
GATAA	4	+-+-	40	2	0.7827907302223321	0.5866351868544897	1.936485767364502	1000
GATAA	4	+-+-	40	3	0.7731850692150172	0.5738156430548386	2.036975860595703	1000
GATAA	4	+-+-	40	4	0.6967923964979053	0.5250027531650273	1.765383005142212	1000
GATAA	4	+-+-	41	0	0.7098812651288074	0.5315623434515857	1.8364596366882324	1000
GATAA	4	+-+-	41	1	0.6833725472554175	0.5109320785760121	1.9754189252853394	1000
GATAA	4	+-+-	41	2	0.7658047777185415	0.5696492343506989	1.9247119426727295	1000
GATAA	4	+-+-	41	3	0.7636653995331335	0.564295973372955	2.030377149581909	1000
GATAA	4	+-+-	41	4	0.6675347509287869	0.49574510759590906	1.7451032400131226	1000
GATAA	4	+-+-	42	0	0.795172019231922	0.6168531835460258	1.8955786228179932	1000
GATAA	4	+-+-	42	1	0.7314244999064863	0.5589839022400926	2.008726119995117	1000
GATAA	4	+-+-	42	2	0.8106056563290251	0.6144502419481707	1.9557656049728394	1000
GATAA	4	+-+-	42	3	0.7805373275394022	0.5811679013792237	2.042072057723999	1000
GATAA	4	+-+-	42	4	0.7500084292107688	0.5782188718692164	1.802269697189331	1000
GATAA	4	+-+-	43	0	0.6811595174997777	0.5028405958225559	1.8165513277053833	1000
GATAA	4	+-+-	43	1	0.6647477720715551	0.49230717440516153	1.9625091552734375	1000
GATAA	4	+-+-	43	2	0.7468093799220696	0.5506538795498899	1.9115453958511353	1000
GATAA	4	+-+-	43	3	0.744669055832082	0.5452996726675662	2.017210006713867	1000
GATAA	4	+-+-	43	4	0.6405524358305836	0.468762749502043	1.726400375366211	1000
GATAA	4	+-+-	44	0	0.7026731282658454	0.5243541635929609	1.8314632177352905	1000
GATAA	4	+-+-	44	1	0.6737050584851173	0.5012645468100492	1.9687180519104004	1000
GATAA	4	+-+-	44	2	0.7535190250715059	0.5573633957123378	1.9161959886550903	1000
GATAA	4	+-+-	44	3	0.7474139849311778	0.5480444727796738	2.0191125869750977	1000
GATAA	4	+-+-	44	4	0.6799977746931993	0.5082080883646588	1.753741979598999	1000
GATAA	4	+-+-	45	0	0.7219160950882342	0.5435971734110125	1.8448015451431274	1000
GATAA	4	+-+-	45	1	0.6866707875380018	0.5142302758629336	1.9777051210403442	1000
GATAA	4	+-+-	45	2	0.7706117788014823	0.574456364420628	1.9280439615249634	1000
GATAA	4	+-+-	45	3	0.7741121416944932	0.5747427155343146	2.037618398666382	1000
GATAA	4	+-+-	45	4	0.6782231287146088	0.5064335283773936	1.7525118589401245	1000
GATAA	4	+-+-	46	0	0.7737864925450845	0.5954674848765373	1.8807553052902222	1000
GATAA	4	+-+-	46	1	0.6957942091922975	0.5233536545215666	1.984028935432434	1000
GATAA	4	+-+-	46	2	0.7830308180029367	0.5868752746350941	1.9366520643234253	1000
GATAA	4	+-+-	46	3	0.766304387319298	0.5669350471504447	2.0322065353393555	1000
GATAA	4	+-+-	46	4	0.7056024657623289	0.533812822429451	1.7714897394180298	1000
GATAA	4	+-+-	47	0	0.6936288186309466	0.5153098539580622	1.825194239616394	1000
GATAA	4	+-+-	47	1	0.6690298391084001	0.49658928443766914	1.9654773473739624	1000
GATAA	4	+-+-	47	2	0.7453439157540677	0.5491885013732133	1.910529613494873	1000
GATAA	4	+-+-	47	3	0.755161717361222	0.5557923341967062	2.0244832038879395	1000
GATAA	4	+-+-	47	4	0.6476430225516809	0.47585337921880305	1.7313152551651	1000
GATAA	4	+-+-	48	0	0.7278510443868589	0.5495320797139744	1.8489153385162354	1000
GATAA	4	+-+-	48	1	0.6940248946758836	0.5215843400051527	1.9828025102615356	1000
GATAA	4	+-+-	48	2	0.760286456391632	0.5641309990151149	1.9208869934082031	1000
GATAA	4	+-+-	48	3	0.7540962848391269	0.554726901674611	2.023744583129883	1000
GATAA	4	+-+-	48	4	0.6929073084149143	0.5211176650820365	1.7626901865005493	1000
GATAA	4	+-+-	49	0	0.7067529437052756	0.5284339790323913	1.8342911005020142	1000
GATAA	4	+-+-	49	1	0.6719861348854063	0.49954562321033813	1.9675263166427612	1000
GATAA	4	+-+-	49	2	0.761649074934418	0.5654935745622381	1.9218313694000244	1000
GATAA	4	+-+-	49	3	0.7645433709657882	0.5651740307969351	2.0309860706329346	1000
GATAA	4	+-+-	49	4	0.6619280305193339	0.4901383871864561	1.741217017173767	1000
GATAA	4	++--	40	0	0.7323726402606929	0.5540536755878086	1.852049469947815	1000
GATAA	4	++--	40	1	0.7131786454981374	0.5407380908274064	1.9960788488388062	1000
GATAA	4	++--	40	2	0.8044661336671991	0.6083105473036938	1.951509714126587	1000
GATAA	4	++--	40	3	0.8035883342171953	0.6042189080570167	2.0580499172210693	1000
GATAA	4	++--	40	4	0.6902024512734696	0.5184128939319171	1.7608152627944946	1000
GATAA	4	++--	41	0	0.789766002576026	0.6114470808988043	1.8918315172195435	1000
GATAA	4	++--	41	1	0.7414292466551284	0.5689887349800603	2.0156610012054443	1000
GATAA	4	++--	41	2	0.8617109029721867	0.6655553596043442	1.9911890029907227	1000
GATAA	4	++--	41	3	0.8481155884301562	0.6487462482613031	2.088913679122925	1000
GATAA	4	++--	41	4	0.729755666253839	0.5579660229209612	1.7882314920425415	1000
GATAA	4	++--	42	0	0.7577549577622569	0.5794359930893724	1.8696430921554565	1000
GATAA	4	++--	42	1	0.7298036494134298	0.5573630947426989	2.0076024532318115	1000
GATAA	4	++--	42	2	0.8218533216954528	0.6256978213232729	1.963561773300171	1000
GATAA	4	++--	42	3	0.8072509627412952	0.6078815365811165	2.0605883598327637	1000
GATAA	4	++--	42	4	0.72652273638292	0.5547330500543793	1.7859904766082764	1000
GATAA	4	++--	43	0	0.7889331765892228	0.6106141689206758	1.891254186630249	1000
GATAA	4	++--	43	1	0.7323679107377942	0.5599273560670633	2.0093798637390137	1000
GATAA	4	++--	43	2	0.8272216741508099	0.6310661307829674	1.9672828912734985	1000
GATAA	4	++--	43	3	0.8120691426965422	0.6126997165363636	2.0639281272888184	1000
GATAA	4	++--	43	4	0.7333504476221734	0.5615608902806211	1.7907233238220215	1000
GATAA	4	++--	44	0	0.6836323700452085	0.5053134483679869	1.8182650804519653	1000
GATAA	4	++--	44	1	0.667800163154731	0.49535960848400007	1.9646248817443848	1000
GATAA	4	++--	44	2	0.7670058185608419	0.570850318188662	1.9255443811416626	1000
GATAA	4	++--	44	3	0.7719046583793435	0.5725351892235022	2.036088466644287	1000
GATAA	4	++--	44	4	0.6487523966410714	0.4769627963038563	1.7320843935012817	1000
GATAA	4	++--	45	0	0.7683876991605245	0.5900687774833029	1.877013087272644	1000
GATAA	4	++--	45	1	0.717837784496999	0.5453972728219308	1.9993083477020264	1000
GATAA	4	++--	45	2	0.8396451849011867	0.6434897275246695	1.9758943319320679	1000
GATAA	4	++--	45	3	0.8315367188609578	0.6321672927007792	2.0774221420288086	1000
GATAA	4	++--	45	4	0.7102707198416862	0.5384810765088084	1.7747255563735962	1000
GATAA	4	++--	46	0	0.7216949253992246	0.5433759607263402	1.8446482419967651	1000
GATAA	4	++--	46	1	0.6830899797600499	0.5106494680849818	1.9752230644226074	1000
GATAA	4	++--	46	2	0.7825539101120941	0.5863985387269024	1.936321496963501	1000
GATAA	4	++--	46	3	0.7704491692050917	0.5710797860405757	2.0350794792175293	1000
GATAA	4	++--	46	4	0.6812541079577522	0.5094644216292116	1.754612684249878	1000
GATAA	4	++--	47	0	0.7678303893804036	0.5895114247075193	1.8766268491744995	1000
GATAA	4	++--	47	1	0.7105563830247694	0.5381158283540385	1.994261384010315	1000
GATAA	4	++--	47	2	0.8102305621674933	0.6140749758039881	1.95550537109375	1000
GATAA	4	++--	47	3	0.7942853626753988	0.5949158075282321	2.0516016483306885	1000
GATAA	4	++--	47	4	0.7231433632847912	0.5513536769562506	1.7836482524871826	1000
GATAA	4	++--	48	0	0.6815441137027696	0.5032251920255479	1.8168176412582397	1000
GATAA	4	++--	48	1	0.6641864636948016	0.4917459090240707	1.9621201753616333	1000
GATAA	4	++--	48	2	0.7537501697542655	0.5575946693820857	1.9163562059402466	1000
GATAA	4	++--	48	3	0.7506261049013425	0.5512566357455013	2.021339178085327	1000
GATAA	4	++--	48	4	0.6452223667407868	0.4734326804122463	1.7296375036239624	1000
GATAA	4	++--	49	0	0.7583441703241128	0.5800252486468912	1.8700515031814575	1000
GATAA	4	++--	49	1	0.7044720237982076	0.5320313831361514	1.9900439977645874	1000
GATAA	4	++--	49	2	0.8407972966793166	0.6446418393027995	1.976692795753479	1000
GATAA	4	++--	49	3	0.813470973283725	0.6141014611322209	2.0648999214172363	1000
GATAA	4	++--	49	4	0.7090267693279956	0.5372370829994549	1.7738633155822754	1000
GATAA	4	+--+	40	0	0.7958473951018603	0.6175285164203014	1.896046757698059	1000
GATAA	4	+--+	40	1	0.7504875728760726	0.5780470612010045	2.021939516067505	1000
GATAA	4	+--+	40	2	0.8658224922063639	0.669666991834184	1.9940388202667236	1000
GATAA	4	+--+	40	3	0.8540156252506558	0.6546461130991518	2.093003511428833	1000
GATAA	4	+--+	40	4	0.7391654390218213	0.5673758386846062	1.794753909111023	1000
GATAA	4	+--+	41	0	0.7603938595570958	0.5820749808755369	1.8714721202850342	1000
GATAA	4	+--+	41	1	0.730298443499962	0.5578579318248938	2.0079455375671387	1000
GATAA	4	+--+	41	2	0.8101507622174929	0.6139952188496504	1.955450177192688	1000
GATAA	4	+--+	41	3	0.8080940216958247	0.6087245955356461	2.0611729621887207	1000
GATAA	4	+--+	41	4	0.727161995896177	0.5553723525632991	1.7864335775375366	1000
GATAA	4	+--+	42	0	0.802359604168106	0.6240407254865471	1.9005606174468994	1000
GATAA	4	+--+	42	1	0.746693635598039	0.5742531669186336	2.0193097591400146	1000
GATAA	4	+--+	42	2	0.8661143467648781	0.6699588893883609	1.9942412376403809	1000
GATAA	4	+--+	42	3	0.851214113859426	0.6518446876992474	2.091061592102051	1000
GATAA	4	+--+	42	4	0.7316798081516921	0.5598902508101397	1.7895652055740356	1000
GATAA	4	+--+	43	0	0.7223329810339256	0.5440140163610412	1.845090389251709	1000
GATAA	4	+--+	43	1	0.699491965172836	0.5270514534977678	1.9865920543670654	1000
GATAA	4	+--+	43	2	0.7753300368365781	0.579174579460061	1.931314468383789	1000
GATAA	4	+--+	43	3	0.7745015104160465	0.5751320842558679	2.037888288497925	1000
GATAA	4	+--+	43	4	0.6806627886084231	0.5088731452755453	1.7542028427124023	1000
GATAA	4	+--+	44	0	0.739293136140087	0.5609741284715398	1.8568462133407593	1000
GATAA	4	+--+	44	1	0.7010165053814094	0.5285760367020039	1.987648844718933	1000
GATAA	4	+--+	44	2	0.8264514498489208	0.6302960784637291	1.9667490720748901	1000
GATAA	4	+--+	44	3	0.8066806682710341	0.60731115611953	2.0601930618286133	1000
GATAA	4	+--+	44	4	0.7081085969507017	0.5363189106221612	1.7732268571853638	1000
GATAA	4	+--+	45	0	0.7604001369238522	0.5820811722509679	1.8714765310287476	1000
GATAA	4	+--+	45	1	0.7272714628534511	0.5548309081827203	2.005847215652466	1000
GATAA	4	+--+	45	2	0.8045088713559385	0.6083533279880959	1.9515395164489746	1000
GATAA	4	+--+	45	3	0.8145629771253783	0.615193507969537	2.0656566619873047	1000
GATAA	4	+--+	45	4	0.733871211088986	0.5620816107517709	1.7910841703414917	1000
GATAA	4	+--+	46	0	0.7691984253766918	0.5908794177081448	1.8775750398635864	1000
GATAA	4	+--+	46	1	0.7090394530484967	0.5365988983777659	1.993209958076477	1000
GATAA	4	+--+	46	2	0.8335857201633373	0.6374302627868201	1.9716941118240356	1000
GATAA	4	+--+	46	3	0.8280405695428932	0.6286711863783773	2.0749990940093994	1000
GATAA	4	+--+	46	4	0.6952545706295526	0.5234650132880003	1.7643171548843384	1000
GATAA	4	+--+	47	0	0.7183137894789245	0.5399948248060401	1.8423045873641968	1000
GATAA	4	+--+	47	1	0.6832006935915429	0.5107600959251493	1.9752998352050781	1000
GATAA	4	+--+	47	2	0.756267393823619	0.5601118504557764	1.9181010723114014	1000
GATAA	4	+--+	47	3	0.7629576049335076	0.5635881357776664	2.0298867225646973	1000
GATAA	4	+--+	47	4	0.6631069715909985	0.49131737125378333	1.7420341968536377	1000
GATAA	4	+--+	48	0	0.7562716073985651	0.577952599730018	1.8686147928237915	1000
GATAA	4	+--+	48	1	0.7058910526504767	0.5334504979797458	1.9910274744033813	1000
GATAA	4	+--+	48	2	0.8257760739789826	0.62962053061114	1.9662809371948242	1000
GATAA	4	+--+	48	3	0.8067149788098812	0.6073455096540399	2.0602171421051025	1000
GATAA	4	+--+	48	4	0.6957736572655193	0.5239840139326415	1.7646769285202026	1000
GATAA	4	+--+	49	0	0.744519344934506	0.5662003802616216	1.8604687452316284	1000
GATAA	4	+--+	49	1	0.7038787266483937	0.5314382149733256	1.9896327257156372	1000
GATAA	4	+--+	49	2	0.8054638910161797	0.609308519630988	1.9522016048431396	1000
GATAA	4	+--+	49	3	0.7900184731074926	0.5906490039516513	2.0486438274383545	1000
GATAA	4	+--+	49	4	0.7204072053008893	0.5486176049636742	1.7817516326904297	1000
GATAA	2	++	0	0	0.5780353663807457	0.3997164447035241	1.7450709342956543	1000
GATAA	2	++	0	1	0.5959863565341904	0.4235458448591223	1.9148472547531128	1000
GATAA	2	++	0	2	0.621004242798576	0.4248487854220589	1.8243438005447388	1000
GATAA	2	++	0	3	0.6205915704278308	0.42122214426765214	1.9312061071395874	1000
GATAA	2	++	0	4	0.6099838525052635	0.43819416617672297	1.705211877822876	1000
GATAA	2	++	1	0	0.3838122630736604	0.20549334139643877	1.6104458570480347	1000
GATAA	2	++	1	1	0.3767961448403867	0.20435563316531857	1.7629163265228271	1000
GATAA	2	++	1	2	0.4807716100811895	0.28461610970900963	1.7271418571472168	1000
GATAA	2	++	1	3	0.4535369534385077	0.25416752727832914	1.8154127597808838	1000
GATAA	2	++	1	4	0.40135311760046	0.22956347426758214	1.5606000423431396	1000
GATAA	2	++	2	0	0.35130375844227063	0.1729848152672176	1.5879124402999878	1000
GATAA	2	++	2	1	0.326334951726875	0.15389440780505978	1.7279393672943115	1000
GATAA	2	++	2	2	0.3946515986312771	0.19849609825909723	1.6674482822418213	1000
GATAA	2	++	2	3	0.4046896240228612	0.20532019786268263	1.7815543413162231	1000
GATAA	2	++	2	4	0.3065325683368922	0.13474289275726728	1.494875431060791	1000
GATAA	2	++	3	0	0.3698876447508904	0.19156870157583739	1.6007939577102661	1000
GATAA	2	++	3	1	0.33901568402944837	0.16657515085654886	1.7367290258407593	1000
GATAA	2	++	3	2	0.3821169440927803	0.18596148671626317	1.6587598323822021	1000
GATAA	2	++	3	3	0.38720002032601875	0.18783057266800882	1.7694313526153564	1000
GATAA	2	++	3	4	0.3626440794618506	0.19085443612897277	1.533769130706787	1000
GATAA	2	++	4	0	0.3043285461725912	0.1260095922486225	1.5553518533706665	1000
GATAA	2	++	4	1	0.33240929296402394	0.1599687705400401	1.7321498394012451	1000
GATAA	2	++	4	2	0.37615310170881067	0.17999763358337786	1.6546260118484497	1000
GATAA	2	++	4	3	0.37593777942993045	0.1765683317719205	1.761625051498413	1000
GATAA	2	++	4	4	0.30483378820516344	0.13304410187662286	1.493698000907898	1000
GATAA	2	++	5	0	0.3051479575126271	0.12682901433757404	1.5559197664260864	1000
GATAA	2	++	5	1	0.3000817140813418	0.12764120240627364	1.7097419500350952	1000
GATAA	2	++	5	2	0.38374931742344465	0.18759383854909614	1.6598913669586182	1000
GATAA	2	++	5	3	0.38678769192057516	0.18741822276473386	1.7691454887390137	1000
GATAA	2	++	5	4	0.30899675725628584	0.13720712467232368	1.4965834617614746	1000
GATAA	2	++	6	0	0.3064008511241626	0.12808194019585664	1.5567883253097534	1000
GATAA	2	++	6	1	0.27988389958136267	0.10744334491063182	1.695741891860962	1000
GATAA	2	++	6	2	0.30564877099193954	0.10949330286650674	1.6057560443878174	1000
GATAA	2	++	6	3	0.31240586185518254	0.11303639269934122	1.7175880670547485	1000
GATAA	2	++	6	4	0.27457073205910115	0.10278107797730762	1.4727213382720947	1000
GATAA	2	++	7	0	0.2794803852867758	0.10116143136280711	1.53812837600708	1000
GATAA	2	++	7	1	0.3031378887828366	0.13069734486102144	1.7118602991104126	1000
GATAA	2	++	7	2	0.33085579517661157	0.13470031630226306	1.6232283115386963	1000
GATAA	2	++	7	3	0.3263396812497737	0.1269702658385108	1.7272461652755737	1000
GATAA	2	++	7	4	0.2707783856205881	0.09898869929204751	1.4700926542282104	1000
GATAA	2	++	8	0	0.37058434646953564	0.19226542479231398	1.6012768745422363	1000
GATAA	2	++	8	1	0.3777920963715332	0.20535156319863374	1.7636066675186157	1000
GATAA	2	++	8	2	0.4087467377523776	0.21259128037586045	1.6772183179855347	1000
GATAA	2	++	8	3	0.43577428428775783	0.2364048796254106	1.8031005859375	1000
GATAA	2	++	8	4	0.387187422596843	0.21539773626830247	1.55078125	1000
GATAA	2	++	9	0	0.3374016698467636	0.15908274816954196	1.5782763957977295	1000
GATAA	2	++	9	1	0.3328031762301625	0.16036264305726297	1.7324225902557373	1000
GATAA	2	++	9	2	0.3531815080200535	0.157026029145705	1.6387032270431519	1000
GATAA	2	++	9	3	0.3815405872340763	0.18217113957606637	1.7655085325241089	1000
GATAA	2	++	9	4	0.2896306508558793	0.11784099677408576	1.4831600189208984	1000
GATAA	2	+-	0	0	0.13229826686440924	-0.04602067631064378	1.4361095428466797	1000
GATAA	2	+-	0	1	0.12748441872218083	-0.04495612519963435	1.590106725692749	1000
GATAA	2	+-	0	2	0.14598662402055648	-0.05016884410487633	1.495086669921875	1000
GATAA	2	+-	0	3	0.18615862182981466	-0.01321080836120731	1.6300801038742065	1000
GATAA	2	+-	0	4	0.163812109834534	-0.007977550293524595	1.3959492444992065	1000
GATAA	2	+-	1	0	0.22636055536923863	0.04804161756864345	1.501308560371399	1000
GATAA	2	+-	1	1	0.19520366239097964	0.022763118469164442	1.637045979499817	1000
GATAA	2	+-	1	2	0.242542145014944	0.046386676889511196	1.562013864517212	1000
GATAA	2	+-	1	3	0.23439700367441868	0.03502756676532441	1.6635164022445679	1000
GATAA	2	+-	1	4	0.19270808663780348	0.020918444648540094	1.4159785509109497	1000
GATAA	2	+-	2	0	0.4173855982878673	0.239066698108477	1.6337170600891113	1000
GATAA	2	+-	2	1	0.40650404098946386	0.23406350781656432	1.78350830078125	1000
GATAA	2	+-	2	2	0.4667164999220773	0.27056106404339153	1.7173998355865479	1000
GATAA	2	+-	2	3	0.43860507572529694	0.2392356710629497	1.8050627708435059	1000
GATAA	2	+-	2	4	0.37650080763319255	0.20471109980682062	1.543373942375183	1000
GATAA	2	+-	3	0	0.3918701662145356	0.21355122303948257	1.6160310506820679	1000
GATAA	2	+-	3	1	0.42909972359909765	0.25665923342186087	1.7991703748703003	1000
GATAA	2	+-	3	2	0.44799386660987395	0.25183843073118817	1.704422116279602	1000
GATAA	2	+-	3	3	0.44333674840716	0.24396727925131867	1.8083423376083374	1000
GATAA	2	+-	3	4	0.3714201391570662	0.19963049582418832	1.539852261543274	1000
GATAA	2	+-	4	0	0.469078681631678	0.29075975995445635	1.6695479154586792	1000
GATAA	2	+-	4	1	0.40449928222401876	0.23205874905111928	1.7821186780929565	1000
GATAA	2	+-	4	2	0.5144401806883117	0.3182847233117945	1.7504792213439941	1000
GATAA	2	+-	4	3	0.495517058600865	0.296147610942855	1.8445110321044922	1000
GATAA	2	+-	4	4	0.4434608768854202	0.2716712550503737	1.5897871255874634	1000
GATAA	2	+-	5	0	0.4156564417204299	0.2373374985453769	1.6325184106826782	1000
GATAA	2	+-	5	1	0.3947460171066008	0.2223055054315326	1.7753582000732422	1000
GATAA	2	+-	5	2	0.4022829847980125	0.20612754891932672	1.672737956047058	1000
GATAA	2	+-	5	3	0.4077286434549325	0.20835921729475387	1.7836607694625854	1000
GATAA	2	+-	5	4	0.35304783450467037	0.18125814817612979	1.5271174907684326	1000
GATAA	2	+-	6	0	0.391232798510438	0.21291383383755363	1.6155893802642822	1000
GATAA	2	+-	6	1	0.37350469787251156	0.20106420769527478	1.7606350183486938	1000
GATAA	2	+-	6	2	0.43354543212823854	0.23738999624955276	1.6944074630737305	1000
GATAA	2	+-	6	3	0.4330072554180261	0.2336378292578475	1.8011826276779175	1000
GATAA	2	+-	6	4	0.36845842592655775	0.19666876109584855	1.53779935836792	1000
GATAA	2	+-	7	0	0.38061463264183093	0.20229568946677792	1.608229398727417	1000
GATAA	2	+-	7	1	0.3803177905864417	0.2078772789113736	1.7653573751449585	1000
GATAA	2	+-	7	2	0.41217568484961753	0.21602024897093178	1.6795949935913086	1000
GATAA	2	+-	7	3	0.40417561087509496	0.20480620621274775	1.7811980247497559	1000
GATAA	2	+-	7	4	0.3389922298954369	0.16720257581364342	1.517374873161316	1000
GATAA	2	+-	8	0	0.3690903331814904	0.19077141150426877	1.6002411842346191	1000
GATAA	2	+-	8	1	0.34861268141072616	0.17617211599107963	1.7433810234069824	1000
GATAA	2	+-	8	2	0.3722735600663101	0.17611809194087735	1.6519368886947632	1000
GATAA	2	+-	8	3	0.41779281020944775	0.21842340554710052	1.7906367778778076	1000
GATAA	2	+-	8	4	0.31088805046782414	0.13909842863277766	1.497894525527954	1000
GATAA	2	+-	9	0	0.37037706437958323	0.19205812120453022	1.6011332273483276	1000
GATAA	2	+-	9	1	0.36375341055557847	0.1913128988805103	1.753875732421875	1000
GATAA	2	+-	9	2	0.4039711664988818	0.2078157091223647	1.673907995223999	1000
GATAA	2	+-	9	3	0.42018457293499684	0.2208152112683123	1.7922945022583008	1000
GATAA	2	+-	9	4	0.3484459442307147	0.17665630089783682	1.5239276885986328	1000
GATAA	2	-+	0	0	0.42565086951002035	0.24733194783279866	1.6394460201263428	1000
GATAA	2	-+	0	1	0.30617830557394615	0.13373777240104665	1.7139678001403809	1000
GATAA	2	-+	0	2	0.42734614549523775	0.23119068811872062	1.6901103258132935	1000
GATAA	2	-+	0	3	0.2999710862411743	0.10060166008099572	1.708968997001648	1000
GATAA	2	-+	0	4	0.3170947968483061	0.1453051427665126	1.5021967887878418	1000
GATAA	2	-+	1	0	0.3288997504970234	0.15058080732197038	1.5723832845687866	1000
GATAA	2	-+	1	1	0.34112191255890245	0.16868136863708727	1.7381887435913086	1000
GATAA	2	-+	1	2	0.38093473535074934	0.18477925647640087	1.6579402685165405	1000
GATAA	2	-+	1	3	0.37277570641116686	0.1734062587531569	1.7594332695007324	1000
GATAA	2	-+	1	4	0.32483859517521174	0.15304895184233389	1.5075644254684448	1000
GATAA	2	-+	2	0	0.21974373785560564	0.0414248188656129	1.4967222213745117	1000
GATAA	2	-+	2	1	0.30397260657879926	0.13153206265698408	1.712438941001892	1000
GATAA	2	-+	2	2	0.3909827787317462	0.19482727835956637	1.664905071258545	1000
GATAA	2	-+	2	3	0.3303080304336135	0.13093860427343493	1.7299968004226685	1000
GATAA	2	-+	2	4	0.30038603738204356	0.12859636180241865	1.4906152486801147	1000
GATAA	2	-+	3	0	0.20473986390517743	0.02642091535566657	1.486322283744812	1000
GATAA	2	-+	3	1	0.22268423272656387	0.050243715677037885	1.656093955039978	1000
GATAA	2	-+	3	2	0.2630700802132543	0.06691460133890578	1.5762428045272827	1000
GATAA	2	-+	3	3	0.24605443920435835	0.046685013044179775	1.671596646308899	1000
GATAA	2	-+	3	4	0.19159172575322164	0.019802089138416086	1.415204644203186	1000
GATAA	2	-+	4	0	0.29637054345403596	0.11805160027898294	1.5498356819152832	1000
GATAA	2	-+	4	1	0.23457491972673625	0.06213438655383673	1.6643362045288086	1000
GATAA	2	-+	4	2	0.3413417923780306	0.14518633500151343	1.630496621131897	1000
GATAA	2	-+	4	3	0.2763168289176485	0.07694740275746995	1.6925729513168335	1000
GATAA	2	-+	4	4	0.2973480928415402	0.12555842801083095	1.4885092973709106	1000
GATAA	2	-+	5	0	0.2928853795277952	0.11456645785057355	1.5474200248718262	1000
GATAA	2	-+	5	1	0.2773489612989703	0.1049084281260708	1.693984866142273	1000
GATAA	2	-+	5	2	0.3694721346664059	0.17331666654097305	1.6499950885772705	1000
GATAA	2	-+	5	3	0.3114978364542896	0.1121284210430267	1.7169586420059204	1000
GATAA	2	-+	5	4	0.22169930958290393	0.04990967162448392	1.436073660850525	1000
GATAA	2	-+	6	0	0.29163551711048114	0.11331658468434377	1.5465537309646606	1000
GATAA	2	-+	6	1	0.3460918672035359	0.17365135552846775	1.7416337728500366	1000
GATAA	2	-+	6	2	0.4501108870506697	0.25395540817632123	1.7058897018432617	1000
GATAA	2	-+	6	3	0.41157525041979276	0.21220584575744553	1.7863271236419678	1000
GATAA	2	-+	6	4	0.30100558338394545	0.12921592930215192	1.4910444021224976	1000
GATAA	2	-+	7	0	0.41568929040674474	0.2373703472316917	1.6325411796569824	1000
GATAA	2	-+	7	1	0.37789305018758973	0.20545253851252154	1.7636767625808716	1000
GATAA	2	-+	7	2	0.3771687022578183	0.18101320188563844	1.6553298234939575	1000
GATAA	2	-+	7	3	0.4316358657600461	0.23226641810203613	1.8002320528030396	1000
GATAA	2	-+	7	4	0.2555562011927209	0.08376656323430087	1.4595415592193604	1000
GATAA	2	-+	8	0	0.28741259060770163	0.10909364743264861	1.5436265468597412	1000
GATAA	2	-+	8	1	0.3093704970544421	0.13692993163479555	1.716180443763733	1000
GATAA	2	-+	8	2	0.34409562157930856	0.1479401427049601	1.632405400276184	1000
GATAA	2	-+	8	3	0.28665195433859814	0.08728252817841957	1.6997368335723877	1000
GATAA	2	-+	8	4	0.3002500850965365	0.12846043101474294	1.49052095413208	1000
GATAA	2	-+	9	0	0.3809073041179367	0.2025883609428837	1.6084321737289429	1000
GATAA	2	-+	9	1	0.4345967620729629	0.26215625039789475	1.802980661392212	1000
GATAA	2	-+	9	2	0.4436470051093165	0.24749150473713663	1.7014092206954956	1000
GATAA	2	-+	9	3	0.45197595290795145	0.2526065052499415	1.8143306970596313	1000
GATAA	2	-+	9	4	0.38635236083557867	0.2145627175027008	1.5502023696899414	1000
GATAA	3	+++	0	0	0.796986694172501	0.6186677724952794	1.8968364000320435	1000
GATAA	3	+++	0	1	0.8182323989641872	0.6457918012977937	2.068896532058716	1000
GATAA	3	+++	0	2	0.8910211322368063	0.6948656318646265	2.011505126953125	1000
GATAA	3	+++	0	3	0.8938327906044369	0.6944634074399211	2.120602607727051	1000
GATAA	3	+++	0	4	0.8099428351925998	0.6381531488640593	1.8438129425048828	1000
GATAA	3	+++	1	0	0.3807160594101773	0.20239713773295562	1.608299732208252	1000
GATAA	3	+++	1	1	0.4457648424677038	0.27332435229046703	1.8107218742370605	1000
GATAA	3	+++	1	2	0.5885663800410281	0.39241083667318555	1.8018596172332764	1000
GATAA	3	+++	1	3	0.518268643483506	0.31889919582549603	1.860281229019165	1000
GATAA	3	+++	1	4	0.44456100690732686	0.2727713850722804	1.5905495882034302	1000
GATAA	3	+++	2	0	0.4293019322008496	0.25098296752796523	1.6419768333435059	1000
GATAA	3	+++	2	1	0.3691245147333494	0.19668396006261854	1.7575987577438354	1000
GATAA	3	+++	2	2	0.4523622259417893	0.25620672556960944	1.707450032234192	1000
GATAA	3	+++	2	3	0.5230520829432787	0.32368263528526875	1.8635969161987305	1000
GATAA	3	+++	2	4	0.35723423619197286	0.18544457136126363	1.5300191640853882	1000
GATAA	3	+++	3	0	0.5000803172718706	0.3217613740968176	1.691036581993103	1000
GATAA	3	+++	3	1	0.48198701147483697	0.30954647830193743	1.8358291387557983	1000
GATAA	3	+++	3	2	0.5154887589106222	0.3193333015341051	1.7512060403823853	1000
GATAA	3	+++	3	3	0.5318257778770449	0.33245635171686627	1.8696783781051636	1000
GATAA	3	+++	3	4	0.5099205196192997	0.33813085478859056	1.6358532905578613	1000
GATAA	3	+++	4	0	0.4231784039255539	0.24485943925266948	1.6377321481704712	1000
GATAA	3	+++	4	1	0.44180468395761135	0.2693640862912178	1.8079768419265747	1000
GATAA	3	+++	4	2	0.5121727184236737	0.3160172395493252	1.7489076852798462	1000
GATAA	3	+++	4	3	0.5527564964436759	0.3533870917813286	1.8841863870620728	1000
GATAA	3	+++	4	4	0.38667603218450247	0.214886410349456	1.550426721572876	1000
GATAA	3	+++	5	0	0.4214321780800183	0.24311321340713396	1.636521816253662	1000
GATAA	3	+++	5	1	0.3959712215113474	0.2235306883384479	1.7762075662612915	1000
GATAA	3	+++	5	2	0.5078913393174322	0.31173590343874646	1.745940089225769	1000
GATAA	3	+++	5	3	0.5317378947424539	0.332368447084444	1.8696174621582031	1000
GATAA	3	+++	5	4	0.3933382101223005	0.22154852379375997	1.5550446510314941	1000
GATAA	3	+++	6	0	0.4282373165963461	0.24991839491912443	1.6412389278411865	1000
GATAA	3	+++	6	1	0.3714601681190545	0.199019634946155	1.7592177391052246	1000
GATAA	3	+++	6	2	0.4220399647681675	0.22588448589381901	1.6864323616027832	1000
GATAA	3	+++	6	3	0.4413593778788648	0.24198988722519216	1.806971788406372	1000
GATAA	3	+++	6	4	0.3582871999718804	0.1864975781368339	1.5307493209838867	1000
GATAA	3	+++	7	0	0.39579665912072165	0.21747771594566864	1.6187527179718018	1000
GATAA	3	+++	7	1	0.4282570516055326	0.2558165184326331	1.7985862493515015	1000
GATAA	3	+++	7	2	0.47483743470449374	0.27868193433231386	1.7230286598205566	1000
GATAA	3	+++	7	3	0.462118715733911	0.2627492895737324	1.8213610649108887	1000
GATAA	3	+++	7	4	0.37146859526894677	0.19967893043823756	1.5398857593536377	1000
GATAA	3	+++	8	0	0.6284075369746046	0.450088615297383	1.7799862623214722	1000
GATAA	3	+++	8	1	0.6191765401721943	0.44673602849712607	1.9309215545654297	1000
GATAA	3	+++	8	2	0.6541420749451355	0.45798661756861847	1.8473132848739624	1000
GATAA	3	+++	8	3	0.7173715395305099	0.5180021133703313	1.998288869857788	1000
GATAA	3	+++	8	4	0.6319640092074593	0.4601743228789188	1.7204475402832031	1000
GATAA	3	+++	9	0	0.5041130094649645	0.3257940232942487	1.6938318014144897	1000
GATAA	3	+++	9	1	0.48326462759243405	0.31082409441953457	1.8367146253585815	1000
GATAA	3	+++	9	2	0.4941223222980303	0.2979668219258505	1.7363959550857544	1000
GATAA	3	+++	9	3	0.5525008442331683	0.35313143957082105	1.8840091228485107	1000
GATAA	3	+++	9	4	0.4178343440196311	0.2460446791889219	1.5720242261886597	1000
GATAA	3	+-+	0	0	0.25840053626401543	0.08008160921233594	1.5235170125961304	1000
GATAA	3	+-+	0	1	0.17772500109029832	0.0052844746354711045	1.624930739402771	1000
GATAA	3	+-+	0	2	0.3388659946297036	0.14271052650427082	1.628780484199524	1000
GATAA	3	+-+	0	3	0.22369613564857793	0.024326701426712588	1.6560990810394287	1000
GATAA	3	+-+	0	4	0.250761819336787	0.07897216525499347	1.4562182426452637	1000
GATAA	3	+-+	1	0	0.2580472838991432	0.07972836222192156	1.5232720375061035	1000
GATAA	3	+-+	1	1	0.25332638163079046	0.08088585383234882	1.6773335933685303	1000
GATAA	3	+-+	1	2	0.31912262278679815	0.12296713316353398	1.6150954961776733	1000
GATAA	3	+-+	1	3	0.31600838244280577	0.11663893478479583	1.7200850248336792	1000
GATAA	3	+-+	1	4	0.20625193537156325	0.03446226785362512	1.4253662824630737	1000
GATAA	3	+-+	2	0	0.37919603374618904	0.2008770690733047	1.6072458028793335	1000
GATAA	3	+-+	2	1	0.46933261401567694	0.2968921453362715	1.8270577192306519	1000
GATAA	3	+-+	2	2	0.535420903210681	0.3392654243363325	1.7650219202041626	1000
GATAA	3	+-+	2	3	0.45545705374406553	0.2560875845882242	1.8167434930801392	1000
GATAA	3	+-+	2	4	0.38748701637464605	0.2156973730417682	1.550989031791687	1000
GATAA	3	+-+	3	0	0.39704245844790914	0.2187235152728561	1.6196162700653076	1000
GATAA	3	+-+	3	1	0.44674940014823067	0.2743088669753312	1.8114043474197388	1000
GATAA	3	+-+	3	2	0.48189005625541304	0.28573453438540186	1.727917194366455	1000
GATAA	3	+-+	3	3	0.4610068478960829	0.2616373787402416	1.8205904960632324	1000
GATAA	3	+-+	3	4	0.3549901205721895	0.1832004342436489	1.5284637212753296	1000
GATAA	3	+-+	4	0	0.5434602752209257	0.36514135354370403	1.7211054563522339	1000
GATAA	3	+-+	4	1	0.4399635666844623	0.2675230120137314	1.8067007064819336	1000
GATAA	3	+-+	4	2	0.6008905278148688	0.40473502744268897	1.8104021549224854	1000
GATAA	3	+-+	4	3	0.5069680934519379	0.307598645793928	1.8524482250213623	1000
GATAA	3	+-+	4	4	0.5285470576253336	0.3567573927946243	1.6487642526626587	1000
GATAA	3	+-+	5	0	0.5634147772655966	0.385095855588375	1.7349365949630737	1000
GATAA	3	+-+	5	1	0.5012039659212828	0.32876347574404596	1.8491493463516235	1000
GATAA	3	+-+	5	2	0.5555798926272278	0.35942441375287937	1.778995156288147	1000
GATAA	3	+-+	5	3	0.5178091918317259	0.318439744173716	1.859962821006775	1000
GATAA	3	+-+	5	4	0.4036769041832556	0.2318872608503777	1.5622109174728394	1000
GATAA	3	+-+	6	0	0.4968564164901218	0.3185374518172374	1.6888020038604736	1000
GATAA	3	+-+	6	1	0.5344074524448091	0.3619668977740783	1.872164011001587	1000
GATAA	3	+-+	6	2	0.6621575843625731	0.4660020839903932	1.8528691530227661	1000
GATAA	3	+-+	6	3	0.6352647862341438	0.43589536007396523	1.9413766860961914	1000
GATAA	3	+-+	6	4	0.45979462818147643	0.28800496335076725	1.6011087894439697	1000
GATAA	3	+-+	7	0	0.7068363982866068	0.5285174766093852	1.8343490362167358	1000
GATAA	3	+-+	7	1	0.6211720548701554	0.44873145720376184	1.932304859161377	1000
GATAA	3	+-+	7	2	0.6217303105548561	0.425574853178339	1.8248472213745117	1000
GATAA	3	+-+	7	3	0.6817205249068922	0.4823510557510508	1.9735773801803589	1000
GATAA	3	+-+	7	4	0.47304378464298275	0.301254205803599	1.6102923154830933	1000
GATAA	3	+-+	8	0	0.5112806014179856	0.3329616797407639	1.6988000869750977	1000
GATAA	3	+-+	8	1	0.5004753614209024	0.32803482824800295	1.8486441373825073	1000
GATAA	3	+-+	8	2	0.5315334503662408	0.33537799298972365	1.7623274326324463	1000
GATAA	3	+-+	8	3	0.5193876056056821	0.32001817944550354	1.861056923866272	1000
GATAA	3	+-+	8	4	0.45103813151279654	0.27924844518425596	1.5950391292572021	1000
GATAA	3	+-+	9	0	0.6101468490626187	0.4318278843897344	1.7673288583755493	1000
GATAA	3	+-+	9	1	0.6426547947503933	0.4702142400796624	1.9471955299377441	1000
GATAA	3	+-+	9	2	0.6668274722771136	0.47067197190493376	1.8561060428619385	1000
GATAA	3	+-+	9	3	0.6925555608982372	0.4931860917423959	1.9810876846313477	1000
GATAA	3	+-+	9	4	0.5790460654242038	0.4072563790956632	1.6837674379348755	1000
GATAA	3	++-	0	0	0.5198550544507272	0.34153613277350553	1.7047433853149414	1000
GATAA	3	++-	0	1	0.48536367584621465	0.3129231426733151	1.8381696939468384	1000
GATAA	3	++-	0	2	0.4565018483480571	0.26034634797587725	1.7103193998336792	1000
GATAA	3	++-	0	3	0.5004893780069478	0.30111997334460056	1.8479576110839844	1000
GATAA	3	++-	0	4	0.44852017651717685	0.27673055468213037	1.5932939052581787	1000
GATAA	3	++-	1	0	0.3827350067443185	0.20441608506709683	1.6096991300582886	1000
GATAA	3	++-	1	1	0.37066019081856616	0.19821961465000393	1.7586631774902344	1000
GATAA	3	++-	1	2	0.4744130675134897	0.278257631634804	1.7227345705032349	1000
GATAA	3	++-	1	3	0.4037429885168496	0.20437351936100828	1.7808982133865356	1000
GATAA	3	++-	1	4	0.3248506124629408	0.15306094763223158	1.5075726509094238	1000
GATAA	3	++-	2	0	0.5321030569058984	0.35378413522867674	1.7132329940795898	1000
GATAA	3	++-	2	1	0.4781101355634248	0.3056696023905253	1.833141803741455	1000
GATAA	3	++-	2	2	0.5854235260834985	0.3892680257113186	1.7996811866760254	1000
GATAA	3	++-	2	3	0.6025115072949135	0.40314203813907223	1.918674111366272	1000
GATAA	3	++-	2	4	0.42149817642228693	0.24970849009374638	1.57456374168396	1000
GATAA	3	++-	3	0	0.5251613211691228	0.34684237799406986	1.7084213495254517	1000
GATAA	3	++-	3	1	0.5352625501848991	0.3628219955141682	1.872756838798523	1000
GATAA	3	++-	3	2	0.5567129573267747	0.36055747845242625	1.7797805070877075	1000
GATAA	3	++-	3	3	0.5620269202687965	0.3626574941086179	1.8906121253967285	1000
GATAA	3	++-	3	4	0.4867367853307033	0.3149471419978255	1.6197835206985474	1000
GATAA	3	++-	4	0	0.5490437349768496	0.3707247703039651	1.7249754667282104	1000
GATAA	3	++-	4	1	0.5336921336042081	0.3612515789334772	1.8716683387756348	1000
GATAA	3	++-	4	2	0.6214213007269184	0.4252658003547385	1.8246328830718994	1000
GATAA	3	++-	4	3	0.6229225802819625	0.4235531111261212	1.9328217506408691	1000
GATAA	3	++-	4	4	0.530954642754762	0.3591649994218842	1.65043306350708	1000
GATAA	3	++-	5	0	0.5078728511824645	0.32955390800741147	1.696437954902649	1000
GATAA	3	++-	5	1	0.4910371685198651	0.31859661384913424	1.8421021699905396	1000
GATAA	3	++-	5	2	0.5512056858851831	0.355050228508666	1.775963306427002	1000
GATAA	3	++-	5	3	0.5626424891718972	0.36327302001605594	1.8910387754440308	1000
GATAA	3	++-	5	4	0.4507759009658935	0.2789862576330156	1.5948574542999268	1000
GATAA	3	++-	6	0	0.522382511487807	0.34406356831275403	1.7064954042434692	1000
GATAA	3	++-	6	1	0.46439813079278397	0.2919575761220531	1.8236374855041504	1000
GATAA	3	++-	6	2	0.5345415129211567	0.33838605554463963	1.764412522315979	1000
GATAA	3	++-	6	3	0.5419258890055905	0.34255641984974916	1.8766791820526123	1000
GATAA	3	++-	6	4	0.46167392560311704	0.28988426077240786	1.6024113893508911	1000
GATAA	3	++-	7	0	0.49392720798062645	0.3156082863034048	1.6867716312408447	1000
GATAA	3	++-	7	1	0.5119931255405102	0.3395525923676107	1.8566277027130127	1000
GATAA	3	++-	7	2	0.5581062317770771	0.36195077440055995	1.780746340751648	1000
GATAA	3	++-	7	3	0.5493579902756386	0.3499885856132913	1.8818308115005493	1000
GATAA	3	++-	7	4	0.43681602619969656	0.2650264043646501	1.5851811170578003	1000
GATAA	3	++-	8	0	0.5874812125097465	0.4091622908325248	1.7516182661056519	1000
GATAA	3	++-	8	1	0.5642051235376367	0.3917645258712431	1.8928183317184448	1000
GATAA	3	++-	8	2	0.5885973799138461	0.392441922537329	1.8018810749053955	1000
GATAA	3	++-	8	3	0.6602005077870797	0.4608310816269012	1.9586608409881592	1000
GATAA	3	++-	8	4	0.5411962096136422	0.3694065662807644	1.657531976699829	1000
GATAA	3	++-	9	0	0.5364160808198987	0.35809713764484563	1.7162226438522339	1000
GATAA	3	++-	9	1	0.515373401547556	0.3429328898724878	1.8589708805084229	1000
GATAA	3	++-	9	2	0.5651356356701299	0.36898009230228734	1.7856186628341675	1000
GATAA	3	++-	9	3	0.6043106608012521	0.40494119164541076	1.9199211597442627	1000
GATAA	3	++-	9	4	0.4621693216289274	0.2903796997938809	1.6027547121047974	1000
GATAA	4	++++	0	0	0.9153784331392278	0.7370595114620062	1.978899359703064	1000
GATAA	4	++++	0	1	0.9540446905934351	0.7816041359227043	2.163034677505493	1000
GATAA	4	++++	0	2	1.0482924731361358	0.8521370587552813	2.1205174922943115	1000
GATAA	4	++++	0	3	1.0970105145939961	0.8976410884338175	2.261434555053711	1000
GATAA	4	++++	0	4	0.8772563287923505	0.7054666854594727	1.8904712200164795	1000
GATAA	4	++++	1	0	0.4017865138806343	0.22346761370124396	1.6229045391082764	1000
GATAA	4	++++	1	1	0.5246182859490236	0.35217775277612406	1.865378737449646	1000
GATAA	4	++++	1	2	0.6947050430643833	0.4985495426922035	1.8754292726516724	1000
GATAA	4	++++	1	3	0.5911165817836845	0.3917471986191687	1.9107756614685059	1000
GATAA	4	++++	1	4	0.4894366549752731	0.3176470116423952	1.621654987335205	1000
GATAA	4	++++	2	0	0.545177951946418	0.36685903026919636	1.722295880317688	1000
GATAA	4	++++	2	1	0.45214638771495647	0.27970587603988833	1.8151451349258423	1000
GATAA	4	++++	2	2	0.5602190386429267	0.36406353827074683	1.7822108268737793	1000
GATAA	4	++++	2	3	0.6613888219132164	0.46201939575303774	1.959484577178955	1000
GATAA	4	++++	2	4	0.4562624484980561	0.2844728051651782	1.5986603498458862	1000
GATAA	4	++++	3	0	0.6572910342867709	0.4789721126095492	1.8000068664550781	1000
GATAA	4	++++	3	1	0.6551349737842292	0.4826944621091611	1.9558460712432861	1000
GATAA	4	++++	3	2	0.6590390229544778	0.4628835655779606	1.8507075309753418	1000
GATAA	4	++++	3	3	0.6881227080722483	0.48875323891640704	1.9780151844024658	1000
GATAA	4	++++	3	4	0.6811707823634091	0.5093810960348686	1.7545549869537354	1000
GATAA	4	++++	4	0	0.55454481504301	0.3762258503701256	1.7287886142730713	1000
GATAA	4	++++	4	1	0.5851742372310728	0.4127337255560046	1.9073530435562134	1000
GATAA	4	++++	4	2	0.672203649943085	0.4760481495709052	1.859832525253296	1000
GATAA	4	++++	4	3	0.7433528726050289	0.5439834894405131	2.0162978172302246	1000
GATAA	4	++++	4	4	0.4871096437177739	0.31531997888706464	1.6200419664382935	1000
GATAA	4	++++	5	0	0.5486909985599299	0.3703720338870455	1.7247309684753418	1000
GATAA	4	++++	5	1	0.5077387477104542	0.33529817154189195	1.853678822517395	1000
GATAA	4	++++	5	2	0.6475182061428172	0.45136270577063736	1.842721939086914	1000
GATAA	4	++++	5	3	0.6803186943197094	0.48094922516386807	1.9726057052612305	1000
GATAA	4	++++	5	4	0.502191189332898	0.33040154600002014	1.6304959058761597	1000
GATAA	4	++++	6	0	0.5588449402581955	0.38052597558531115	1.7317692041397095	1000
GATAA	4	++++	6	1	0.4770537321305	0.30461319895760053	1.8324096202850342	1000
GATAA	4	++++	6	2	0.5326090728603995	0.336453593986051	1.7630729675292969	1000
GATAA	4	++++	6	3	0.570237973960265	0.37086850480442374	1.8963035345077515	1000
GATAA	4	++++	6	4	0.4455191652509463	0.2737295434158998	1.591213583946228	1000
GATAA	4	++++	7	0	0.4894867449223369	0.31116780174728387	1.6836936473846436	1000
GATAA	4	++++	7	1	0.5396161190088402	0.3671756073337721	1.8757745027542114	1000
GATAA	4	++++	7	2	0.5976486548461049	0.4014931974695878	1.8081550598144531	1000
GATAA	4	++++	7	3	0.5660343740078763	0.36666494784769765	1.8933899402618408	1000
GATAA	4	++++	7	4	0.4567487724390334	0.2849591291061555	1.5989975929260254	1000
GATAA	4	++++	8	0	0.8475930191455096	0.6692740114769625	1.9319140911102295	1000
GATAA	4	++++	8	1	0.8320481952646238	0.6596077265852184	2.078472852706909	1000
GATAA	4	++++	8	2	0.8597024035840853	0.6635468172205801	1.989796757698059	1000
GATAA	4	++++	8	3	0.9591428583042868	0.7597733461527828	2.1658718585968018	1000
GATAA	4	++++	8	4	0.8306832549560511	0.6588935686275106	1.8581891059875488	1000
GATAA	4	++++	9	0	0.717957871382964	0.5396389067100795	1.8420578241348267	1000
GATAA	4	++++	9	1	0.6693440944071891	0.49690358273212093	1.9656950235366821	1000
GATAA	4	++++	9	2	0.6615149281919614	0.4653595138111071	1.8524236679077148	1000
GATAA	4	++++	9	3	0.7389162361607211	0.5395468100005425	2.0132226943969727	1000
GATAA	4	++++	9	4	0.5654976591501961	0.393708058812981	1.6743764877319336	1000
GATAA	4	+-+-	0	0	0.1436341378328982	-0.03468478921878131	1.4439668655395508	1000
GATAA	4	+-+-	0	1	0.06416614659546724	-0.10827438657743227	1.5462177991867065	1000
GATAA	4	+-+-	0	2	0.17641254773698584	-0.01974292845013374	1.5161763429641724	1000
GATAA	4	+-+-	0	3	0.10194816599917904	-0.09742126016099954	1.5717098712921143	1000
GATAA	4	+-+-	0	4	0.10224106320251408	-0.06954858013036377	1.353271484375	1000
GATAA	4	+-+-	1	0	0.2378150083754975	0.05949605982598662	1.5092480182647705	1000
GATAA	4	+-+-	1	1	0.21518654157304296	0.04274599765122775	1.6508970260620117	1000
GATAA	4	+-+-	1	2	0.30987816834195775	0.11372270021652493	1.6086877584457397	1000
GATAA	4	+-+-	1	3	0.3264465684672849	0.127077120809275	1.7273203134536743	1000
GATAA	4	+-+-	1	4	0.16799464191219207	-0.003795013177312296	1.3988484144210815	1000
GATAA	4	+-+-	2	0	0.5453027683552817	0.3669838036823973	1.7223824262619019	1000
GATAA	4	+-+-	2	1	0.6414634279322039	0.4690229162571357	1.9463697671890259	1000
GATAA	4	+-+-	2	2	0.7212952807142822	0.525139823337765	1.8938603401184082	1000
GATAA	4	+-+-	2	3	0.6122915587102035	0.4129220895543621	1.9254528284072876	1000
GATAA	4	+-+-	2	4	0.4906134462638019	0.318823802930924	1.622470736503601	1000
GATAA	4	+-+-	3	0	0.5922640070345785	0.4139450423616941	1.754933476448059	1000
GATAA	4	+-+-	3	1	0.6791848986938963	0.5067443440231655	1.9725161790847778	1000
GATAA	4	+-+-	3	2	0.6960544619387156	0.4998989615665358	1.8763647079467773	1000
GATAA	4	+-+-	3	3	0.6677459026283837	0.4683765194638679	1.9638910293579102	1000
GATAA	4	+-+-	3	4	0.499767050873324	0.32797736454478343	1.6288154125213623	1000
GATAA	4	+-+-	4	0	0.7941083065363356	0.6157894278547766	1.8948413133621216	1000
GATAA	4	+-+-	4	1	0.644505500056328	0.4720649883812598	1.9484782218933105	1000
GATAA	4	+-+-	4	2	0.832173828591079	0.6360183282188993	1.9707154035568237	1000
GATAA	4	+-+-	4	3	0.7100021259367012	0.5106326997765227	1.993180751800537	1000
GATAA	4	+-+-	4	4	0.7682119328913428	0.5964222465628022	1.8148874044418335	1000
GATAA	4	+-+-	5	0	0.796910161892867	0.6185912402156454	1.8967833518981934	1000
GATAA	4	+-+-	5	1	0.7069430275301417	0.5345024728594109	1.9917566776275635	1000
GATAA	4	+-+-	5	2	0.7310809645613878	0.5349254641892079	1.9006433486938477	1000
GATAA	4	+-+-	5	3	0.700480134489031	0.5011107513245151	1.986580729484558	1000
GATAA	4	+-+-	5	4	0.5641539157033423	0.39236427237046445	1.6734451055526733	1000
GATAA	4	+-+-	6	0	0.7249289731573743	0.5466099654888272	1.846889853477478	1000
GATAA	4	+-+-	6	1	0.743135400543013	0.5706948888679447	2.016843318939209	1000
GATAA	4	+-+-	6	2	0.8831012451732485	0.6869457877967314	2.0060155391693115	1000
GATAA	4	+-+-	6	3	0.8677075940424711	0.6683381678822925	2.10249400138855	1000
GATAA	4	+-+-	6	4	0.6317157952466016	0.45992615191372377	1.7202754020690918	1000
GATAA	4	+-+-	7	0	0.9492056147461083	0.7708866930688866	2.0023465156555176	1000
GATAA	4	+-+-	7	1	0.8400649945519427	0.6676243968855492	2.0840296745300293	1000
GATAA	4	+-+-	7	2	0.843028857565587	0.6468733571934071	1.9782395362854004	1000
GATAA	4	+-+-	7	3	0.8974224984845709	0.6980530723243923	2.1230907440185547	1000
GATAA	4	+-+-	7	4	0.6573399633509414	0.4855503200180635	1.7380367517471313	1000
GATAA	4	+-+-	8	0	0.7024246563310114	0.5241056916581269	1.8312909603118896	1000
GATAA	4	+-+-	8	1	0.6671372130313176	0.4946966583605867	1.964165449142456	1000
GATAA	4	+-+-	8	2	0.6828880291322743	0.48673252876009443	1.8672385215759277	1000
GATAA	4	+-+-	8	3	0.7163676767974236	0.5169982936329078	1.9975930452346802	1000
GATAA	4	+-+-	8	4	0.5770581609585432	0.4052684746300027	1.6823896169662476	1000
GATAA	4	+-+-	9	0	0.8856121058845201	0.7072932272029612	1.9582669734954834	1000
GATAA	4	+-+-	9	1	0.8766254104376603	0.7041848557669295	2.1093716621398926	1000
GATAA	4	+-+-	9	2	0.9168277309380487	0.7206722305658689	2.029392957687378	1000
GATAA	4	+-+-	9	3	0.9565897758522284	0.7572202637007244	2.164102077484131	1000
GATAA	4	+-+-	9	4	0.7934895129585312	0.6216998696256534	1.8324084281921387	1000
GATAA	4	++--	0	0	0.9994929119017664	0.8211739902245447	2.037203311920166	1000
GATAA	4	++--	0	1	0.8610131693576363	0.6885726146869054	2.0985498428344727	1000
GATAA	4	++--	0	2	0.8927443983984517	0.6965889410219345	2.012699604034424	1000
GATAA	4	++--	0	3	0.8730890171792939	0.6737196770104407	2.1062240600585938	1000
GATAA	4	++--	0	4	0.844832181651209	0.6730424953226684	1.8679964542388916	1000
GATAA	4	++--	1	0	0.5797213123071538	0.4014024336255949	1.7462395429611206	1000
GATAA	4	++--	1	1	0.5799202102428767	0.4074796985678085	1.903711199760437	1000
GATAA	4	++--	1	2	0.7119460028437409	0.515790502471561	1.8873798847198486	1000
GATAA	4	++--	1	3	0.5909758139839534	0.39160638782377477	1.9106780290603638	1000
GATAA	4	++--	1	4	0.5214814943799367	0.3496918510470589	1.643866777420044	1000
GATAA	4	++--	2	0	0.7193124927324849	0.5409935710552631	1.8429968357086182	1000
GATAA	4	++--	2	1	0.6207673796926753	0.44832686801760707	1.932024359703064	1000
GATAA	4	++--	2	2	0.7805233109533569	0.5843678535768398	1.9349141120910645	1000
GATAA	4	++--	2	3	0.8201828542076223	0.6208134710431065	2.069552183151245	1000
GATAA	4	++--	2	4	0.5455016232953418	0.3737119369668013	1.660516381263733	1000
GATAA	4	++--	3	0	0.7125085580947131	0.5341896364174914	1.8382806777954102	1000
GATAA	4	++--	3	1	0.6951613560327851	0.5227208013620542	1.9835902452468872	1000
GATAA	4	++--	3	2	0.7172339534098197	0.5210784530376398	1.891045331954956	1000
GATAA	4	++--	3	3	0.7216202849287502	0.5222508587685716	2.0012338161468506	1000
GATAA	4	++--	3	4	0.6460537738707204	0.47426417353350525	1.7302136421203613	1000
GATAA	4	++--	4	0	0.6624526635957909	0.48413369892290653	1.8035844564437866	1000
GATAA	4	++--	4	1	0.6652578296183514	0.4928172749476206	1.9628628492355347	1000
GATAA	4	++--	4	2	0.7709971059307406	0.5748416915498861	1.9283109903335571	1000
GATAA	4	++--	4	3	0.7726824499178706	0.5733129377663666	2.0366275310516357	1000
GATAA	4	++--	4	4	0.652324476299492	0.4805347899709514	1.734560251235962	1000
GATAA	4	++--	5	0	0.5894862292491678	0.4111673075719462	1.7530080080032349	1000
GATAA	4	++--	5	1	0.5857401461437368	0.413299591473006	1.9077452421188354	1000
GATAA	4	++--	5	2	0.7026964749107	0.5065410175341829	1.8809688091278076	1000
GATAA	4	++--	5	3	0.7101528257345198	0.5107833565786785	1.9932852983474731	1000
GATAA	4	++--	5	4	0.5501259788030665	0.3783363354701886	1.6637216806411743	1000
GATAA	4	++--	6	0	0.6555862132644306	0.47726729158720893	1.7988250255584717	1000
GATAA	4	++--	6	1	0.5531955681513285	0.38075509947192315	1.885187029838562	1000
GATAA	4	++--	6	2	0.6338707378619126	0.4377152804853955	1.8332622051239014	1000
GATAA	4	++--	6	3	0.638134273768127	0.4387648046122858	1.9433656930923462	1000
GATAA	4	++--	6	4	0.5333107620759198	0.3615210757473792	1.6520661115646362	1000
GATAA	4	++--	7	0	0.5761610134603175	0.3978420057917703	1.7437716722488403	1000
GATAA	4	++--	7	1	0.6236749183881619	0.4512344067130937	1.9340397119522095	1000
GATAA	4	++--	7	2	0.6723678503789963	0.47621239300247914	1.8599462509155273	1000
GATAA	4	++--	7	3	0.6593998855516506	0.4600304163958093	1.9581059217453003	1000
GATAA	4	++--	7	4	0.5105228028626213	0.3387331595297435	1.6362707614898682	1000
GATAA	4	++--	8	0	0.8154754310795309	0.6371565094023093	1.9096518754959106	1000
GATAA	4	++--	8	1	0.7823323104664573	0.6098917557957265	2.0440125465393066	1000
GATAA	4	++--	8	2	0.8015538654488138	0.6053984510679593	1.9494913816452026	1000
GATAA	4	++--	8	3	0.9046562607625115	0.7052867916066702	2.1281046867370605	1000
GATAA	4	++--	8	4	0.7593119167005179	0.5875222303719773	1.808718204498291	1000
GATAA	4	++--	9	0	0.7108765287293505	0.5325576070521288	1.8371493816375732	1000
GATAA	4	++--	9	1	0.6901971628069555	0.5177566511318874	1.9801493883132935	1000
GATAA	4	++--	9	2	0.7299563700073959	0.5338009126308788	1.8998637199401855	1000
GATAA	4	++--	9	3	0.7940819071994282	0.5947124810392496	2.0514605045318604	1000
GATAA	4	++--	9	4	0.6012856149595635	0.42949592863102287	1.6991828680038452	1000
GATAA	4	+--+	0	0	0.6189426437670208	0.44062367909413647	1.773425817489624	1000
GATAA	4	+--+	0	1	0.4513682952067904	0.2789277620338909	1.814605951309204	1000
GATAA	4	+--+	0	2	0.5279254693294526	0.33177001195293554	1.7598265409469604	1000
GATAA	4	+--+	0	3	0.4518934012355373	0.2525239750753587	1.814273476600647	1000
GATAA	4	+--+	0	4	0.4580009781199655	0.286211356284919	1.599865436553955	1000
GATAA	4	+--+	1	0	0.583655200467327	0.40533627879010536	1.7489663362503052	1000
GATAA	4	+--+	1	1	0.5419236962267919	0.3694831845517238	1.8773740530014038	1000
GATAA	4	+--+	1	2	0.5702396937867736	0.3740842364102565	1.789156436920166	1000
GATAA	4	+--+	1	3	0.5621256383103918	0.3627562121502132	1.8906806707382202	1000
GATAA	4	+--+	1	4	0.385131541988429	0.21334192015338252	1.5493563413619995	1000
GATAA	4	+--+	2	0	0.525307076465729	0.3469881117928447	1.7085224390029907	1000
GATAA	4	+--+	2	1	0.6015607442052812	0.42912018953455033	1.9187113046646118	1000
GATAA	4	+--+	2	2	0.7042488763087131	0.5080934189321961	1.8820446729660034	1000
GATAA	4	+--+	2	3	0.7176002334604947	0.5182308073003161	1.9984474182128906	1000
GATAA	4	+--+	2	4	0.517930482596247	0.34614081776553773	1.6414053440093994	1000
GATAA	4	+--+	3	0	0.5447911199689648	0.36647211230041776	1.7220276594161987	1000
GATAA	4	+--+	3	1	0.5760380458649506	0.4035974481985569	1.9010204076766968	1000
GATAA	4	+--+	3	2	0.5702077050137132	0.3740522046415333	1.7891342639923096	1000
GATAA	4	+--+	3	3	0.5712475121208297	0.37187808596065114	1.897003412246704	1000
GATAA	4	+--+	3	4	0.4659015171353012	0.2941118738024233	1.6053416728973389	1000
GATAA	4	+--+	4	0	0.5688075082617136	0.3904885865844919	1.7386746406555176	1000
GATAA	4	+--+	4	1	0.5130280741377399	0.340587519467009	1.8573451042175293	1000
GATAA	4	+--+	4	2	0.665585929520535	0.46943042914835514	1.8552453517913818	1000
GATAA	4	+--+	4	3	0.6102439762646935	0.41087455010451496	1.924033761024475	1000
GATAA	4	+--+	4	4	0.5534243050769762	0.38163466174409827	1.6660078763961792	1000
GATAA	4	+--+	5	0	0.6030329156966668	0.42471395102378245	1.7623978853225708	1000
GATAA	4	+--+	5	1	0.5800445107037878	0.40760395603305694	1.9037973880767822	1000
GATAA	4	+--+	5	2	0.7178940658194938	0.5217386514386394	1.8915029764175415	1000
GATAA	4	+--+	5	3	0.6488843933256087	0.4495150101610928	1.9508171081542969	1000
GATAA	4	+--+	5	4	0.46679109739688907	0.29500145406401124	1.6059582233428955	1000
GATAA	4	+--+	6	0	0.6259947063743249	0.4476757417014405	1.7783137559890747	1000
GATAA	4	+--+	6	1	0.634672220010596	0.4622317943268533	1.9416624307632446	1000
GATAA	4	+--+	6	2	0.7626417587951981	0.566486301418681	1.922519564628601	1000
GATAA	4	+--+	6	3	0.7573807235139793	0.5580113403494635	2.0260210037231445	1000
GATAA	4	+--+	6	4	0.5890035599395214	0.41721391660664353	1.6906694173812866	1000
GATAA	4	+--+	7	0	0.7695713697550879	0.5912524050822034	1.8778334856033325	1000
GATAA	4	+--+	7	1	0.7219674319095167	0.5495269202344486	2.0021708011627197	1000
GATAA	4	+--+	7	2	0.7463846687657639	0.5502292113892469	1.9112509489059448	1000
GATAA	4	+--+	7	3	0.7813165809304616	0.5819471977659457	2.042612314224243	1000
GATAA	4	+--+	7	4	0.5303585938825343	0.35856899354531907	1.6500200033187866	1000
GATAA	4	+--+	8	0	0.685371802576035	0.5070528379031506	1.8194708824157715	1000
GATAA	4	+--+	8	1	0.7072779207470343	0.5348374520676289	1.9919888973236084	1000
GATAA	4	+--+	8	2	0.7143376365823018	0.5181821792057847	1.8890376091003418	1000
GATAA	4	+--+	8	3	0.7509369635427771	0.5515674943869358	2.021554470062256	1000
GATAA	4	+--+	8	4	0.65317622037789	0.4813865770450122	1.7351505756378174	1000
GATAA	4	+--+	9	0	0.7572466630376318	0.5789276983647474	1.869290828704834	1000
GATAA	4	+--+	9	1	0.7917168017847628	0.619276247114032	2.0505173206329346	1000
GATAA	4	+--+	9	2	0.8215397113316044	0.6253841679637618	1.9633444547653198	1000
GATAA	4	+--+	9	3	0.8610927113336604	0.6617231991821563	2.0979087352752686	1000
GATAA	4	+--+	9	4	0.673105011016257	0.5013153676833791	1.7489643096923828	1000
GATAA	2	++	10	0	0.3452232043318592	0.16690428265463755	1.58369779586792	1000
GATAA	2	++	10	1	0.3608647039603613	0.1884241707874618	1.75187349319458	1000
GATAA	2	++	10	2	0.38947165316994015	0.1933161527977603	1.6638576984405518	1000
GATAA	2	++	10	3	0.4018037121457206	0.20243428598554197	1.779554009437561	1000
GATAA	2	++	10	4	0.3233330590495587	0.1515434049677652	1.5065207481384277	1000
GATAA	2	++	11	0	0.422874553577142	0.24455558890425763	1.6375216245651245	1000
GATAA	2	++	11	1	0.43244715091982866	0.2600065962490978	1.8014905452728271	1000
GATAA	2	++	11	2	0.450466547172654	0.2543110682983055	1.7061362266540527	1000
GATAA	2	++	11	3	0.45802991420097316	0.25866048804079456	1.8185268640518188	1000
GATAA	2	++	11	4	0.381752512855602	0.2099628480248928	1.5470139980316162	1000
GATAA	2	++	12	0	0.3692499330814911	0.1909309899064381	1.6003519296646118	1000
GATAA	2	++	12	1	0.3902942891846797	0.21785375601178017	1.7722724676132202	1000
GATAA	2	++	12	2	0.41070910279438494	0.2145536454178678	1.6785783767700195	1000
GATAA	2	++	12	3	0.41214812462981676	0.2127786984696382	1.7867240905761719	1000
GATAA	2	++	12	4	0.3476084532145069	0.1758188206305447	1.5233471393585205	1000
GATAA	2	++	13	0	0.4092283321704562	0.23090938899540314	1.6280627250671387	1000
GATAA	2	++	13	1	0.3969604657191103	0.22451988955054805	1.776893138885498	1000
GATAA	2	++	13	2	0.43203237176161025	0.2358768283937677	1.6933585405349731	1000
GATAA	2	++	13	3	0.45033412053148963	0.250964694371311	1.81319260597229	1000
GATAA	2	++	13	4	0.34935960206342337	0.17756996947946116	1.5245610475540161	1000
GATAA	2	++	14	0	0.3827407251674597	0.20442180349023803	1.6097028255462646	1000
GATAA	2	++	14	1	0.36935677730333966	0.19691626562827147	1.7577598094940186	1000
GATAA	2	++	14	2	0.4149682961386651	0.21881281726431662	1.6815305948257446	1000
GATAA	2	++	14	3	0.41746518325955406	0.21809573560154413	1.7904096841812134	1000
GATAA	2	++	14	4	0.3616621015210867	0.18987245818820886	1.5330883264541626	1000
GATAA	2	++	15	0	0.44469919496729515	0.2663802517922421	1.6526494026184082	1000
GATAA	2	++	15	1	0.4123708851583468	0.23993033048761597	1.7875748872756958	1000
GATAA	2	++	15	2	0.43492572188840073	0.23877030750754633	1.6953641176223755	1000
GATAA	2	++	15	3	0.451066637637177	0.2516971899791671	1.8137004375457764	1000
GATAA	2	++	15	4	0.38126876865438764	0.20947908232584705	1.5466786623001099	1000
GATAA	2	++	16	0	0.36266497535393044	0.18434605367670878	1.5957876443862915	1000
GATAA	2	++	16	1	0.3739105769285478	0.20147004375564828	1.7609162330627441	1000
GATAA	2	++	16	2	0.4194828407238138	0.22332731885380264	1.6846599578857422	1000
GATAA	2	++	16	3	0.4135274254897365	0.21415799932955792	1.7876801490783691	1000
GATAA	2	++	16	4	0.34861132704735065	0.17682169446338844	1.5240423679351807	1000
GATAA	2	++	17	0	0.4094926695048323	0.2311737048319479	1.6282460689544678	1000
GATAA	2	++	17	1	0.4099556897966177	0.23751517812154954	1.7859008312225342	1000
GATAA	2	++	17	2	0.45059764094827415	0.254442183571757	1.7062270641326904	1000
GATAA	2	++	17	3	0.4701249380882019	0.27075551192802333	1.8269106149673462	1000
GATAA	2	++	17	4	0.3782996601698921	0.20651005983267695	1.5446207523345947	1000
GATAA	2	++	18	0	0.3805378423882207	0.20221892071099903	1.6081759929656982	1000
GATAA	2	++	18	1	0.3862040257992095	0.2137635356219727	1.7694374322891235	1000
GATAA	2	++	18	2	0.4265133625040973	0.23035786213191747	1.689532995223999	1000
GATAA	2	++	18	3	0.4349777466402867	0.23560832048010816	1.8025484085083008	1000
GATAA	2	++	18	4	0.3623982302624422	0.19060854393390167	1.5335986614227295	1000
GATAA	2	++	19	0	0.4635591994218752	0.2852402347489908	1.6657220125198364	1000
GATAA	2	++	19	1	0.4340671844952936	0.2616266298245627	1.8026134967803955	1000
GATAA	2	++	19	2	0.45088313214870646	0.2547276962700207	1.7064249515533447	1000
GATAA	2	++	19	3	0.4765574761914354	0.2771880070355941	1.831369400024414	1000
GATAA	2	++	19	4	0.41305825681818276	0.24126859198747355	1.568713665008545	1000
GATAA	2	+-	10	0	0.4037232965033258	0.22540431033261005	1.6242469549179077	1000
GATAA	2	+-	10	1	0.3919744306966212	0.21953394051938438	1.7734371423721313	1000
GATAA	2	+-	10	2	0.41386335060253426	0.21770789322601716	1.6807647943496704	1000
GATAA	2	+-	10	3	0.4452579236042857	0.2458884974441071	1.8096740245819092	1000
GATAA	2	+-	10	4	0.3831044684740345	0.21131480364332533	1.5479512214660645	1000
GATAA	2	+-	11	0	0.37201777886881443	0.19369885719159277	1.602270245552063	1000
GATAA	2	+-	11	1	0.3842448854319058	0.21180433076117494	1.768079400062561	1000
GATAA	2	+-	11	2	0.41401658714445305	0.21786112976793592	1.6808710098266602	1000
GATAA	2	+-	11	3	0.43003199855376223	0.23066255089575227	1.7991201877593994	1000
GATAA	2	+-	11	4	0.3532301361145849	0.18144047128387572	1.5272438526153564	1000
GATAA	2	+-	12	0	0.3841503809652567	0.2058315237815291	1.6106802225112915	1000
GATAA	2	+-	12	1	0.38012938359242154	0.20768882892169066	1.7652268409729004	1000
GATAA	2	+-	12	2	0.4238004221780619	0.22764498629937616	1.687652587890625	1000
GATAA	2	+-	12	3	0.4483466460224563	0.248977176866615	1.8118149042129517	1000
GATAA	2	+-	12	4	0.3634000292037181	0.19161038587084026	1.5342930555343628	1000
GATAA	2	+-	13	0	0.40147802000064914	0.22315909832342745	1.6226906776428223	1000
GATAA	2	+-	13	1	0.4125220149127925	0.24008148173989302	1.787679672241211	1000
GATAA	2	+-	13	2	0.42578321015985926	0.22962775278334213	1.689026951789856	1000
GATAA	2	+-	13	3	0.44087094715041447	0.2415014564967418	1.8066333532333374	1000
GATAA	2	+-	13	4	0.3886621738279916	0.21687253049511376	1.551803469657898	1000
GATAA	2	+-	14	0	0.45883294419351434	0.28051402251629265	1.6624460220336914	1000
GATAA	2	+-	14	1	0.40909891522568187	0.2366583820527824	1.7853069305419922	1000
GATAA	2	+-	14	2	0.44557785433055325	0.2494223969540361	1.7027475833892822	1000
GATAA	2	+-	14	3	0.4595722976095735	0.26020282845373227	1.8195959329605103	1000
GATAA	2	+-	14	4	0.39670674831342495	0.22491712647837844	1.5573796033859253	1000
GATAA	2	+-	15	0	0.39976047226214495	0.22144150758926057	1.6215002536773682	1000
GATAA	2	+-	15	1	0.39827037157940687	0.2258298599043387	1.7778011560440063	1000
GATAA	2	+-	15	2	0.42226797076754885	0.22611251339103175	1.686590313911438	1000
GATAA	2	+-	15	3	0.4436188429502377	0.2442494167900591	1.8085379600524902	1000
GATAA	2	+-	15	4	0.36501602118688775	0.19322635635617857	1.5354132652282715	1000
GATAA	2	+-	16	0	0.4002685520084564	0.22194958733557202	1.6218522787094116	1000
GATAA	2	+-	16	1	0.3878394948175894	0.21539898314252123	1.770570993423462	1000
GATAA	2	+-	16	2	0.44200216303646456	0.24584674865561015	1.7002689838409424	1000
GATAA	2	+-	16	3	0.44815677717590374	0.24878737251355654	1.8116832971572876	1000
GATAA	2	+-	16	4	0.37268511454982484	0.200895471216947	1.54072904586792	1000
GATAA	2	+-	17	0	0.39757087514268513	0.2192519319676321	1.6199824810028076	1000
GATAA	2	+-	17	1	0.39483927469903113	0.22239876302396297	1.7754229307174683	1000
GATAA	2	+-	17	2	0.4275935425385039	0.23143808516198677	1.690281867980957	1000
GATAA	2	+-	17	3	0.43492030443489854	0.2355508567768886	1.8025085926055908	1000
GATAA	2	+-	17	4	0.3743957829822945	0.20260609665375393	1.5419148206710815	1000
GATAA	2	+-	18	0	0.4266035244088121	0.24828460273159048	1.640106439590454	1000
GATAA	2	+-	18	1	0.3949383797015908	0.22249782503085996	1.77549147605896	1000
GATAA	2	+-	18	2	0.43882560047936575	0.24267007860935458	1.6980671882629395	1000
GATAA	2	+-	18	3	0.44506259430856826	0.24569321114405238	1.8095388412475586	1000
GATAA	2	+-	18	4	0.38342706493139045	0.21163740010068124	1.5481748580932617	1000
GATAA	2	+-	19	0	0.3932101690387332	0.2148912043658488	1.6169599294662476	1000
GATAA	2	+-	19	1	0.39877901026933366	0.22633841260294005	1.778153657913208	1000
GATAA	2	+-	19	2	0.42649590626503475	0.23034042739068625	1.6895209550857544	1000
GATAA	2	+-	19	3	0.4412669801996888	0.2418975540395102	1.8069077730178833	1000
GATAA	2	+-	19	4	0.36504818194259914	0.19325853860972125	1.5354355573654175	1000
GATAA	2	-+	10	0	0.32281470333985823	0.1444957601648052	1.5681655406951904	1000
GATAA	2	-+	10	1	0.37905517995513244	0.2066146467822329	1.7644821405410767	1000
GATAA	2	-+	10	2	0.3904955948775146	0.1943401160031661	1.6645673513412476	1000
GATAA	2	-+	10	3	0.35820662609995113	0.1588371891908569	1.749334692955017	1000
GATAA	2	-+	10	4	0.32235484322928243	0.1505651783985732	1.5058428049087524	1000
GATAA	2	-+	11	0	0.35719164898805295	0.1788727058129999	1.5919936895370483	1000
GATAA	2	-+	11	1	0.3838307942042909	0.21139021803572866	1.7677922248840332	1000
GATAA	2	-+	11	2	0.3991412487277134	0.20298574835553357	1.6705601215362549	1000
GATAA	2	-+	11	3	0.39899480550050376	0.19962537934032515	1.7776069641113281	1000
GATAA	2	-+	11	4	0.3296184444971477	0.15782879041535416	1.5108774900436401	1000
GATAA	2	-+	12	0	0.3752396158587529	0.1969206511858685	1.6045036315917969	1000
GATAA	2	-+	12	1	0.3408036801613122	0.168363136239497	1.7379682064056396	1000
GATAA	2	-+	12	2	0.4168288904470244	0.22067343307050727	1.6828203201293945	1000
GATAA	2	-+	12	3	0.3840634867309083	0.18469403907289833	1.7672573328018188	1000
GATAA	2	-+	12	4	0.3487982721888385	0.17700861810704496	1.5241718292236328	1000
GATAA	2	-+	13	0	0.3377456566463206	0.15942673496909893	1.5785149335861206	1000
GATAA	2	-+	13	1	0.3342963726006161	0.16185580718096956	1.7334578037261963	1000
GATAA	2	-+	13	2	0.3821897787454207	0.18603425687540948	1.6588102579116821	1000
GATAA	2	-+	13	3	0.37560103739954104	0.17623160049044678	1.7613916397094727	1000
GATAA	2	-+	13	4	0.33734448561535174	0.16555482078464254	1.5162327289581299	1000
GATAA	2	-+	14	0	0.3767548260085169	0.19843586133563254	1.6055539846420288	1000
GATAA	2	-+	14	1	0.3873947906781209	0.21495427900305272	1.7702627182006836	1000
GATAA	2	-+	14	2	0.4340858446129122	0.23793034424073237	1.694782018661499	1000
GATAA	2	-+	14	3	0.4452519472071682	0.2458824780513269	1.8096699714660645	1000
GATAA	2	-+	14	4	0.3412318524684665	0.16944220913558866	1.5189272165298462	1000
GATAA	2	-+	15	0	0.39635822547145144	0.21803926079856706	1.6191418170928955	1000
GATAA	2	-+	15	1	0.414323447189255	0.24188293551418685	1.7889282703399658	1000
GATAA	2	-+	15	2	0.4318046667318679	0.23564923085318215	1.693200707435608	1000
GATAA	2	-+	15	3	0.4482975879712977	0.24892818330895045	1.8117810487747192	1000
GATAA	2	-+	15	4	0.36722178467552874	0.19543214134265088	1.5369421243667603	1000
GATAA	2	-+	16	0	0.4407318131858664	0.2624128700108134	1.6498992443084717	1000
GATAA	2	-+	16	1	0.4115044365633	0.23906392488823183	1.786974310874939	1000
GATAA	2	-+	16	2	0.4385668955768054	0.24241141670245692	1.697887897491455	1000
GATAA	2	-+	16	3	0.4779835993280525	0.2786141731678739	1.8323577642440796	1000
GATAA	2	-+	16	4	0.4003093118967109	0.22851966856383304	1.5598766803741455	1000
GATAA	2	-+	17	0	0.38261956338992686	0.20430062021487383	1.6096190214157104	1000
GATAA	2	-+	17	1	0.393811506377475	0.22137095170674412	1.7747104167938232	1000
GATAA	2	-+	17	2	0.42745759025299684	0.231302089880817	1.6901874542236328	1000
GATAA	2	-+	17	3	0.43877925115495825	0.23940982499477967	1.8051835298538208	1000
GATAA	2	-+	17	4	0.37790388509459405	0.20611424176171622	1.5443464517593384	1000
GATAA	2	-+	18	0	0.41981309040913317	0.2414941042384174	1.6353996992111206	1000
GATAA	2	-+	18	1	0.42029197610046065	0.24785139993189842	1.7930653095245361	1000
GATAA	2	-+	18	2	0.4556002722965715	0.2594448149200544	1.7096946239471436	1000
GATAA	2	-+	18	3	0.48126541526747935	0.28189598910730074	1.8346325159072876	1000
GATAA	2	-+	18	4	0.39954867562760743	0.22775905379256092	1.559349536895752	1000
GATAA	2	-+	19	0	0.40133656427031444	0.22301764259309279	1.6225926876068115	1000
GATAA	2	-+	19	1	0.413686896402749	0.24124636322984952	1.7884870767593384	1000
GATAA	2	-+	19	2	0.4298385610672043	0.2336830821928558	1.6918379068374634	1000
GATAA	2	-+	19	3	0.4536596200642356	0.25429019390405705	1.815497636795044	1000
GATAA	2	-+	19	4	0.37601843929318507	0.2042287744624759	1.5430395603179932	1000
GATAA	3	+++	10	0	0.5030419445110536	0.3247230228338319	1.693089485168457	1000
GATAA	3	+++	10	1	0.528121873516738	0.3556813618416698	1.867807388305664	1000
GATAA	3	+++	10	2	0.5571454936936947	0.3609900363171776	1.7800803184509277	1000
GATAA	3	+++	10	3	0.5823251296412167	0.3829556604853755	1.904681921005249	1000
GATAA	3	+++	10	4	0.46438858575566105	0.2925989209249519	1.6042929887771606	1000
GATAA	3	+++	11	0	0.6343472587917908	0.4560282941189064	1.784103274345398	1000
GATAA	3	+++	11	1	0.6522578330222827	0.4798173643428772	1.9538518190383911	1000
GATAA	3	+++	11	2	0.6448917300945031	0.44873618672666055	1.8409013748168945	1000
GATAA	3	+++	11	3	0.6635049824407577	0.4641355992762419	1.9609514474868774	1000
GATAA	3	+++	11	4	0.5588583549049628	0.387068711572085	1.6697744131088257	1000
GATAA	3	+++	12	0	0.5516884841818178	0.37336956250459613	1.7268085479736328	1000
GATAA	3	+++	12	1	0.5854109283543227	0.4129704166792546	1.9075170755386353	1000
GATAA	3	+++	12	2	0.6041283161956748	0.4079728158234949	1.812646508216858	1000
GATAA	3	+++	12	3	0.6086993140859692	0.4093298449301279	1.9229629039764404	1000
GATAA	3	+++	12	4	0.4974414154770317	0.3256517291484911	1.6272034645080566	1000
GATAA	3	+++	13	0	0.6363189538926074	0.457999989219723	1.7854700088500977	1000
GATAA	3	+++	13	1	0.5979731001169576	0.4255325884418894	1.9162245988845825	1000
GATAA	3	+++	13	2	0.6303066983924199	0.4341512410159028	1.8307918310165405	1000
GATAA	3	+++	13	3	0.6631729269376043	0.4638035437730885	1.9607212543487549	1000
GATAA	3	+++	13	4	0.5237790536084758	0.3519893672799352	1.6454594135284424	1000
GATAA	3	+++	14	0	0.5612566529712447	0.38293768829836033	1.7334407567977905	1000
GATAA	3	+++	14	1	0.5433916541432314	0.3709510994725006	1.8783916234970093	1000
GATAA	3	+++	14	2	0.6116607693425014	0.4155053119659842	1.817867398262024	1000
GATAA	3	+++	14	3	0.6132513078933434	0.41388188173316476	1.92611825466156	1000
GATAA	3	+++	14	4	0.5152774782240372	0.34348781339332807	1.6395665407180786	1000
GATAA	3	+++	15	0	0.6721708442524329	0.49385192257521127	1.8103207349777222	1000
GATAA	3	+++	15	1	0.6008488650176973	0.42840831034696647	1.9182177782058716	1000
GATAA	3	+++	15	2	0.6200920898140624	0.42393663243754526	1.823711633682251	1000
GATAA	3	+++	15	3	0.6535298597037267	0.4541603905478854	1.954037070274353	1000
GATAA	3	+++	15	4	0.5512208203584591	0.3794311770255812	1.664480447769165	1000
GATAA	3	+++	16	0	0.5608076492655046	0.38248872758828295	1.7331295013427734	1000
GATAA	3	+++	16	1	0.5702744342822479	0.39783387961151706	1.897025227546692	1000
GATAA	3	+++	16	2	0.6316599438807339	0.4355044865042168	1.8317298889160156	1000
GATAA	3	+++	16	3	0.6279395291859442	0.42857010302576565	1.9362993240356445	1000
GATAA	3	+++	16	4	0.5217380065036986	0.3499483201751581	1.6440445184707642	1000
GATAA	3	+++	17	0	0.642239241670246	0.46392031999302435	1.7895735502243042	1000
GATAA	3	+++	17	1	0.619324488247599	0.4468839335768681	1.931024193763733	1000
GATAA	3	+++	17	2	0.6545933574209996	0.4584379430401452	1.8476260900497437	1000
GATAA	3	+++	17	3	0.6994086825741557	0.5000392564139771	1.9858380556106567	1000
GATAA	3	+++	17	4	0.5599572380526507	0.3881675947197729	1.6705361604690552	1000
GATAA	3	+++	18	0	0.5817235343284987	0.40340461265127703	1.7476274967193604	1000
GATAA	3	+++	18	1	0.5781434144811504	0.4057029028060822	1.9024797677993774	1000
GATAA	3	+++	18	2	0.6359451066052944	0.4397896062331145	1.834700107574463	1000
GATAA	3	+++	18	3	0.6464366072515411	0.44706718109136245	1.9491206407546997	1000
GATAA	3	+++	18	4	0.540723644284734	0.36893395795619344	1.657204508781433	1000
GATAA	3	+++	19	0	0.7001656212162656	0.521846699539044	1.8297252655029297	1000
GATAA	3	+++	19	1	0.6424190495317231	0.4699784518653295	1.9470319747924805	1000
GATAA	3	+++	19	2	0.6553037317603884	0.4591482743838713	1.8481184244155884	1000
GATAA	3	+++	19	3	0.6993516703253947	0.4999822441652161	1.9857983589172363	1000
GATAA	3	+++	19	4	0.6129939358563271	0.4412042925234493	1.7072985172271729	1000
GATAA	3	+-+	10	0	0.5411622860357596	0.36284332136287517	1.7195123434066772	1000
GATAA	3	+-+	10	1	0.5951644514457171	0.4227238967749862	1.9142776727676392	1000
GATAA	3	+-+	10	2	0.5962264443147949	0.40007094394261505	1.8071691989898682	1000
GATAA	3	+-+	10	3	0.5900491284654418	0.3906797023052632	1.9100356101989746	1000
GATAA	3	+-+	10	4	0.5205317201905469	0.34874203386200636	1.6432085037231445	1000
GATAA	3	+-+	11	0	0.5742315830959503	0.3959126184230659	1.7424343824386597	1000
GATAA	3	+-+	11	1	0.5945322002254827	0.4220916885504145	1.9138394594192505	1000
GATAA	3	+-+	11	2	0.6039814000161752	0.4078259426396581	1.8125447034835815	1000
GATAA	3	+-+	11	3	0.6220172206121579	0.42264779445197936	1.9321943521499634	1000
GATAA	3	+-+	11	4	0.5139011870605076	0.3421115222297984	1.6386125087738037	1000
GATAA	3	+-+	12	0	0.5872481330221647	0.4089291253536176	1.7514567375183105	1000
GATAA	3	+-+	12	1	0.5414466163532985	0.36900610467823036	1.8770432472229004	1000
GATAA	3	+-+	12	2	0.6408116996767593	0.4446561563089167	1.8380732536315918	1000
GATAA	3	+-+	12	3	0.6288387404759804	0.4294693143158018	1.936922550201416	1000
GATAA	3	+-+	12	4	0.5293277728689253	0.35753806504255337	1.6493054628372192	1000
GATAA	3	+-+	13	0	0.5668920944833918	0.3885731298105074	1.737346887588501	1000
GATAA	3	+-+	13	1	0.5635242872185335	0.3910837755434654	1.8923463821411133	1000
GATAA	3	+-+	13	2	0.6010096258005914	0.4048541684240742	1.8104846477508545	1000
GATAA	3	+-+	13	3	0.607487352345339	0.4081179261851604	1.9221230745315552	1000
GATAA	3	+-+	13	4	0.5492997741483215	0.37751008781978096	1.6631488800048828	1000
GATAA	3	+-+	14	0	0.6254615601566501	0.4471426384794285	1.7779443264007568	1000
GATAA	3	+-+	14	1	0.5997055243547613	0.4272650126796932	1.9174253940582275	1000
GATAA	3	+-+	14	2	0.6500026245215186	0.4538471671450015	1.844443917274475	1000
GATAA	3	+-+	14	3	0.6736847645323155	0.47431533837213696	1.9680075645446777	1000
GATAA	3	+-+	14	4	0.5255718867523951	0.35378224341951725	1.6467021703720093	1000
GATAA	3	+-+	15	0	0.6275465488287227	0.44922762715150105	1.779389500617981	1000
GATAA	3	+-+	15	1	0.6178484901422316	0.44540797846716346	1.9300010204315186	1000
GATAA	3	+-+	15	2	0.6377912113753185	0.44163575399880134	1.835979700088501	1000
GATAA	3	+-+	15	3	0.6728453172134542	0.4734758910532756	1.96742582321167	1000
GATAA	3	+-+	15	4	0.5494706819076164	0.37768103857473856	1.6632674932479858	1000
GATAA	3	+-+	16	0	0.688786518108916	0.5104675964316944	1.8218376636505127	1000
GATAA	3	+-+	16	1	0.6371898740365767	0.4647492763701831	1.943407416343689	1000
GATAA	3	+-+	16	2	0.6807725565353363	0.4846170561631565	1.8657721281051636	1000
GATAA	3	+-+	16	3	0.7305005231147258	0.53113113995021	2.0073890686035156	1000
GATAA	3	+-+	16	4	0.6067743982661873	0.43498471193764665	1.7029873132705688	1000
GATAA	3	+-+	17	0	0.6248695958723803	0.4465506741951587	1.7775338888168335	1000
GATAA	3	+-+	17	1	0.6161960378370791	0.44375548316634816	1.9288556575775146	1000
GATAA	3	+-+	17	2	0.6533195679173842	0.4571641105408671	1.846743106842041	1000
GATAA	3	+-+	17	3	0.6749369702132476	0.47556750105740636	1.968875527381897	1000
GATAA	3	+-+	17	4	0.583802976560081	0.4120132902315403	1.68706476688385	1000
GATAA	3	+-+	18	0	0.6582166449137146	0.4798977232364929	1.8006484508514404	1000
GATAA	3	+-+	18	1	0.6237205367863032	0.45128002511123505	1.9340713024139404	1000
GATAA	3	+-+	18	2	0.6799927442006616	0.48383724382848176	1.8652316331863403	1000
GATAA	3	+-+	18	3	0.7087019370961785	0.5093324679403372	1.9922795295715332	1000
GATAA	3	+-+	18	4	0.5960795711309581	0.42428988480241747	1.695574164390564	1000
GATAA	3	+-+	19	0	0.5987159361816967	0.4203970145044751	1.759405493736267	1000
GATAA	3	+-+	19	1	0.6083598633288287	0.4359193086580979	1.9234240055084229	1000
GATAA	3	+-+	19	2	0.6341702456483902	0.43801478827187307	1.8334697484970093	1000
GATAA	3	+-+	19	3	0.6693993868294414	0.4700299176736002	1.9650371074676514	1000
GATAA	3	+-+	19	4	0.5496753412621431	0.3778856979292653	1.6634094715118408	1000
GATAA	3	++-	10	0	0.5297473245457051	0.3514284028684834	1.7116001844406128	1000
GATAA	3	++-	10	1	0.538773318028287	0.36633280635321885	1.875190258026123	1000
GATAA	3	++-	10	2	0.5535945679013303	0.35743906752915044	1.7776191234588623	1000
GATAA	3	++-	10	3	0.602469242558464	0.4030998163982854	1.918644666671753	1000
GATAA	3	++-	10	4	0.5042816384541354	0.3324919306277635	1.6319447755813599	1000
GATAA	3	++-	11	0	0.5718722820957516	0.3935533174228672	1.740799069404602	1000
GATAA	3	++-	11	1	0.601057307990543	0.4286167533198122	1.9183622598648071	1000
GATAA	3	++-	11	2	0.6158900377055314	0.41973453733335153	1.8207989931106567	1000
GATAA	3	++-	11	3	0.6400584156659802	0.4406889895058016	1.9446994066238403	1000
GATAA	3	++-	11	4	0.5205724800788014	0.34878279375026083	1.6432366371154785	1000
GATAA	3	++-	12	0	0.5476198476146936	0.36930088294180924	1.7239885330200195	1000
GATAA	3	++-	12	1	0.5656086309556654	0.3931680332892718	1.8937913179397583	1000
GATAA	3	++-	12	2	0.5979355649034067	0.40178010752688964	1.8083539009094238	1000
GATAA	3	++-	12	3	0.6260170211232743	0.42664755196743304	1.9349666833877563	1000
GATAA	3	++-	12	4	0.5123068648913467	0.3405172430563002	1.637507438659668	1000
GATAA	3	++-	13	0	0.5869857734882735	0.40866689480671453	1.7512749433517456	1000
GATAA	3	++-	13	1	0.5905566062724752	0.4181160945974071	1.911083698272705	1000
GATAA	3	++-	13	2	0.6177940576332336	0.4216385572610537	1.8221186399459839	1000
GATAA	3	++-	13	3	0.6496394401585591	0.4502700139983805	1.9513405561447144	1000
GATAA	3	++-	13	4	0.5298075614691697	0.3580179396341233	1.6496379375457764	1000
GATAA	3	++-	14	0	0.618804842668017	0.4404858779951326	1.7733302116394043	1000
GATAA	3	++-	14	1	0.5737520094740194	0.4013114548032885	1.8994356393814087	1000
GATAA	3	++-	14	2	0.6269310659169475	0.4307755655447676	1.8284521102905273	1000
GATAA	3	++-	14	3	0.6461303061503544	0.4467608799901758	1.9489082098007202	1000
GATAA	3	++-	14	4	0.5507166102217921	0.3789269238932515	1.6641310453414917	1000
GATAA	3	++-	15	0	0.6221324059925734	0.44381348431535167	1.7756366729736328	1000
GATAA	3	++-	15	1	0.6040598671006314	0.43161931242990054	1.9204435348510742	1000
GATAA	3	++-	15	2	0.6264858458295264	0.4303303884530092	1.8281434774398804	1000
GATAA	3	++-	15	3	0.6693506297479219	0.4699811605920806	1.965003252029419	1000
GATAA	3	++-	15	4	0.5377826979593172	0.3659930546264394	1.6551660299301147	1000
GATAA	3	++-	16	0	0.5932278408056764	0.41490891912845473	1.7556015253067017	1000
GATAA	3	++-	16	1	0.5907427344963715	0.41830217982564066	1.9112128019332886	1000
GATAA	3	++-	16	2	0.6489387398432813	0.4527832824667642	1.8437066078186035	1000
GATAA	3	++-	16	3	0.6645826257310641	0.4652131995708855	1.9616984128952026	1000
GATAA	3	++-	16	4	0.5552295639674203	0.3834398776388797	1.6672590970993042	1000
GATAA	3	++-	17	0	0.6151650878364819	0.4368461661592603	1.7708073854446411	1000
GATAA	3	++-	17	1	0.6073200132260494	0.4348795015509814	1.9227032661437988	1000
GATAA	3	++-	17	2	0.6477450512593053	0.45158955088712543	1.8428791761398315	1000
GATAA	3	++-	17	3	0.6812904392927469	0.48192101313256835	1.9732792377471924	1000
GATAA	3	++-	17	4	0.5534775767030808	0.3816878903745403	1.6660447120666504	1000
GATAA	3	++-	18	0	0.6221898481979615	0.44387092652073984	1.7756763696670532	1000
GATAA	3	++-	18	1	0.5921888936118141	0.4197483389410833	1.912215232849121	1000
GATAA	3	++-	18	2	0.6488070441283831	0.45265158675186595	1.8436152935028076	1000
GATAA	3	++-	18	3	0.6660250012281878	0.4666555750680092	1.9626981019973755	1000
GATAA	3	++-	18	4	0.5615484645340961	0.38975886419688105	1.6716392040252686	1000
GATAA	3	++-	19	0	0.6216448351773772	0.4433259135001556	1.7752987146377563	1000
GATAA	3	++-	19	1	0.6115433051919621	0.4391027935168939	1.9256305694580078	1000
GATAA	3	++-	19	2	0.6382807169953367	0.4421252596188196	1.836319088935852	1000
GATAA	3	++-	19	3	0.6758809829838336	0.47651159981931773	1.9695297479629517	1000
GATAA	3	++-	19	4	0.565915233026491	0.39412558969361317	1.6746660470962524	1000
GATAA	4	++++	10	0	0.706178349668743	0.5278594279915213	1.833892822265625	1000
GATAA	4	++++	10	1	0.7428696013561045	0.5704290466853736	2.0166590213775635	1000
GATAA	4	++++	10	2	0.7664974378448914	0.5703419374727116	1.9251919984817505	1000
GATAA	4	++++	10	3	0.8081989311128509	0.6088295049526724	2.0612456798553467	1000
GATAA	4	++++	10	4	0.6401475026791271	0.46835785934624924	1.726119875907898	1000
GATAA	4	++++	11	0	0.879730299225012	0.7014113345521277	1.9541897773742676	1000
GATAA	4	++++	11	1	0.9031858090976345	0.730745340418229	2.127781867980957	1000
GATAA	4	++++	11	2	0.8761930460533912	0.6800375886768741	2.001227378845215	1000
GATAA	4	++++	11	3	0.881740518439622	0.6823710492837807	2.1122207641601562	1000
GATAA	4	++++	11	4	0.7439027871311628	0.5721131437982849	1.7980376482009888	1000
GATAA	4	++++	12	0	0.7720669240104326	0.593748002333211	1.879563331604004	1000
GATAA	4	++++	12	1	0.8271848698635252	0.6547443151927944	2.0751020908355713	1000
GATAA	4	++++	12	2	0.8241449905181997	0.6279894471503571	1.9651501178741455	1000
GATAA	4	++++	12	3	0.8346395438564992	0.6352701176963206	2.0795726776123047	1000
GATAA	4	++++	12	4	0.6841112127408733	0.5123215694079954	1.7565932273864746	1000
GATAA	4	++++	13	0	0.8957129909349946	0.7173941122534356	1.9652682542800903	1000
GATAA	4	++++	13	1	0.8125034848812962	0.6400629732062281	2.0649256706237793	1000
GATAA	4	++++	13	2	0.8446077442918329	0.6484523729066413	1.9793339967727661	1000
GATAA	4	++++	13	3	0.8891909788576497	0.6898215097018084	2.117384910583496	1000
GATAA	4	++++	13	4	0.710621177488482	0.538831534155604	1.7749685049057007	1000
GATAA	4	++++	14	0	0.8203838159351555	0.6420648512622711	1.91305410861969	1000
GATAA	4	++++	14	1	0.7717493580456144	0.599308889366209	2.036677122116089	1000
GATAA	4	++++	14	2	0.8692528581604735	0.6730973577882936	1.9964168071746826	1000
GATAA	4	++++	14	3	0.8691071888551927	0.6697377196993514	2.103463888168335	1000
GATAA	4	++++	14	4	0.7374093241738612	0.5656196808409834	1.79353666305542	1000
GATAA	4	++++	15	0	0.9609895220179262	0.7826706003407046	2.010514497756958	1000
GATAA	4	++++	15	1	0.8503870492914268	0.6779464946206959	2.091184616088867	1000
GATAA	4	++++	15	2	0.8515660763544168	0.6554106189778997	1.9841572046279907	1000
GATAA	4	++++	15	3	0.8901454825699383	0.690776013414097	2.118046283721924	1000
GATAA	4	++++	15	4	0.7695101439313807	0.5977205005985028	1.8157870769500732	1000
GATAA	4	++++	16	0	0.7519635279857771	0.5736445203172301	1.865628719329834	1000
GATAA	4	++++	16	1	0.7646983273342156	0.5922578586548102	2.031789779663086	1000
GATAA	4	++++	16	2	0.8565816923928543	0.6604261920206744	1.9876338243484497	1000
GATAA	4	++++	16	3	0.835600066961568	0.6362306408013894	2.0802388191223145	1000
GATAA	4	++++	16	4	0.6896438516234672	0.5178541652949266	1.7604279518127441	1000
GATAA	4	++++	17	0	0.89285171557259	0.7145327508997057	1.963284969329834	1000
GATAA	4	++++	17	1	0.8436231436156434	0.6711825889449126	2.086496114730835	1000
GATAA	4	++++	17	2	0.8783837610600816	0.6822284326705527	2.0027458667755127	1000
GATAA	4	++++	17	3	0.9284891005711269	0.7291196744109484	2.1446244716644287	1000
GATAA	4	++++	17	4	0.7661099609324975	0.5943203605952824	1.8134303092956543	1000
GATAA	4	++++	18	0	0.814525828872792	0.6362069071955703	1.9089936017990112	1000
GATAA	4	++++	18	1	0.812504430785876	0.6400639191108077	2.0649263858795166	1000
GATAA	4	++++	18	2	0.8774873874837847	0.6813318441159422	2.002124547958374	1000
GATAA	4	++++	18	3	0.8932324851616003	0.6938631879884098	2.1201865673065186	1000
GATAA	4	++++	18	4	0.737578125145683	0.5657884818128052	1.7936536073684692	1000
GATAA	4	++++	19	0	1.0068320995446858	0.8285130918761388	2.042290210723877	1000
GATAA	4	++++	19	1	0.9042775549653116	0.7318370002945808	2.1285386085510254	1000
GATAA	4	++++	19	2	0.896914633716573	0.7007591763400559	2.0155904293060303	1000
GATAA	4	++++	19	3	0.939783889183891	0.7404144630237124	2.1524534225463867	1000
GATAA	4	++++	19	4	0.8533655308303943	0.6815759304931792	1.8739112615585327	1000
GATAA	4	+-+-	10	0	0.800755607974834	0.6224366862976124	1.8994488716125488	1000
GATAA	4	+-+-	10	1	0.8294612322303454	0.6570207205552773	2.0766797065734863	1000
GATAA	4	+-+-	10	2	0.8018630042637397	0.6057074608958971	1.9497056007385254	1000
GATAA	4	+-+-	10	3	0.8191248169395143	0.619755347783673	2.0688188076019287	1000
GATAA	4	+-+-	10	4	0.7492336473686318	0.5774439180444285	1.8017325401306152	1000
GATAA	4	+-+-	11	0	0.8197652803313275	0.641446315658443	1.9126251935958862	1000
GATAA	4	+-+-	11	1	0.8117687749968103	0.6393282203260794	2.0644161701202393	1000
GATAA	4	+-+-	11	2	0.8282638030237132	0.6321083026515333	1.9680051803588867	1000
GATAA	4	+-+-	11	3	0.8439134503302999	0.6445440241701212	2.086000919342041	1000
GATAA	4	+-+-	11	4	0.7066808829745641	0.5348911966460236	1.7722371816635132	1000
GATAA	4	+-+-	12	0	0.802166467651187	0.6238474169869772	1.9004267454147339	1000
GATAA	4	+-+-	12	1	0.7354897398162559	0.5630490991541997	2.0115437507629395	1000
GATAA	4	+-+-	12	2	0.8251559045399713	0.6290003611721288	1.9658509492874146	1000
GATAA	4	+-+-	12	3	0.8354392631830112	0.6360698800184953	2.080127239227295	1000
GATAA	4	+-+-	12	4	0.715231559405824	0.5434419160729461	1.778164029121399	1000
GATAA	4	+-+-	13	0	0.7963175096779939	0.6179985020094467	1.8963725566864014	1000
GATAA	4	+-+-	13	1	0.7668531839582011	0.5944126292874703	2.033283233642578	1000
GATAA	4	+-+-	13	2	0.8138576762741899	0.6177022618933355	1.958019733428955	1000
GATAA	4	+-+-	13	3	0.8243059662794073	0.624936497123566	2.0724101066589355	1000
GATAA	4	+-+-	13	4	0.749554996951769	0.5777653536188911	1.8019553422927856	1000
GATAA	4	+-+-	14	0	0.9090275437994915	0.7307086221222698	1.9744973182678223	1000
GATAA	4	+-+-	14	1	0.8283173756194568	0.655876820948726	2.0758869647979736	1000
GATAA	4	+-+-	14	2	0.8821133768266926	0.6859578764545127	2.005330801010132	1000
GATAA	4	+-+-	14	3	0.9025279754580843	0.7031585492979057	2.126629590988159	1000
GATAA	4	+-+-	14	4	0.7536812907025949	0.5818916043740544	1.804815411567688	1000
GATAA	4	+-+-	15	0	0.897156613306337	0.7188376916291154	1.9662688970565796	1000
GATAA	4	+-+-	15	1	0.8556133440771713	0.6831727894064404	2.0948071479797363	1000
GATAA	4	+-+-	15	2	0.8935196961885412	0.6973641958163613	2.0132369995117188	1000
GATAA	4	+-+-	15	3	0.924869295727092	0.7254999555582388	2.1421151161193848	1000
GATAA	4	+-+-	15	4	0.7734996254834452	0.6017099391549047	1.8185524940490723	1000
GATAA	4	+-+-	16	0	0.8965346380494916	0.7182157593679327	1.9658377170562744	1000
GATAA	4	+-+-	16	1	0.8230274472528932	0.6505868495864996	2.0722203254699707	1000
GATAA	4	+-+-	16	2	0.8730119689517073	0.6768564685795274	1.999022364616394	1000
GATAA	4	+-+-	16	3	0.9242271985000957	0.7248577723399171	2.1416704654693604	1000
GATAA	4	+-+-	16	4	0.7713453707987377	0.5995557704615225	1.8170592784881592	1000
GATAA	4	+-+-	17	0	0.8515161153943411	0.6731972367127822	1.9346333742141724	1000
GATAA	4	+-+-	17	1	0.8196733556044412	0.6472328439293731	2.0698955059051514	1000
GATAA	4	+-+-	17	2	0.8731351945210505	0.6769796081575452	1.9991077184677124	1000
GATAA	4	+-+-	17	3	0.8902520258221478	0.6908825996619692	2.1181206703186035	1000
GATAA	4	+-+-	17	4	0.7666216093188144	0.5948319659859366	1.8137849569320679	1000
GATAA	4	+-+-	18	0	0.9058171436558354	0.7274982219786138	1.9722719192504883	1000
GATAA	4	+-+-	18	1	0.8418200775039977	0.6693795228332668	2.0852463245391846	1000
GATAA	4	+-+-	18	2	0.8901392911945073	0.6939838768136528	2.0108940601348877	1000
GATAA	4	+-+-	18	3	0.9113871457693292	0.7120177196091506	2.132770299911499	1000
GATAA	4	+-+-	18	4	0.8053008514631618	0.6335112081302839	1.8405954837799072	1000
GATAA	4	+-+-	19	0	0.8526309929285593	0.6743119852600122	1.9354060888290405	1000
GATAA	4	+-+-	19	1	0.836717524235549	0.6642770555561436	2.081709384918213	1000
GATAA	4	+-+-	19	2	0.8705471135995415	0.6743916992186871	1.9973137378692627	1000
GATAA	4	+-+-	19	3	0.8923578673906375	0.6929883982347962	2.119580030441284	1000
GATAA	4	+-+-	19	4	0.7640019695808721	0.5922123692436569	1.81196928024292	1000
GATAA	4	++--	10	0	0.7392606314190738	0.5609417097418522	1.8568238019943237	1000
GATAA	4	++--	10	1	0.7639447853494602	0.5915043596657175	2.0312674045562744	1000
GATAA	4	++--	10	2	0.7714693702900098	0.5753139129134927	1.9286383390426636	1000
GATAA	4	++--	10	3	0.8139327467012916	0.6145633635367757	2.0652198791503906	1000
GATAA	4	++--	10	4	0.687292633807859	0.5155029474793184	1.758798360824585	1000
GATAA	4	++--	11	0	0.7926509255529242	0.614331917884377	1.8938310146331787	1000
GATAA	4	++--	11	1	0.8495543092959491	0.677113797620881	2.0906074047088623	1000
GATAA	4	++--	11	2	0.8474926672687312	0.6513370809052259	1.9813334941864014	1000
GATAA	4	++--	11	3	0.8785292583827117	0.6791597892268704	2.109994888305664	1000
GATAA	4	++--	11	4	0.7155645178178943	0.5437748314893538	1.7783949375152588	1000
GATAA	4	++--	12	0	0.7433097909509878	0.5649908692737662	1.8596303462982178	1000
GATAA	4	++--	12	1	0.7788592928149338	0.6064187811398657	2.041605234146118	1000
GATAA	4	++--	12	2	0.786512348795678	0.5903568484234981	1.9390653371810913	1000
GATAA	4	++--	12	3	0.8205326669194772	0.6211632837549614	2.0697946548461914	1000
GATAA	4	++--	12	4	0.6848119990474766	0.513022312718936	1.7570788860321045	1000
GATAA	4	++--	13	0	0.8261892622976805	0.6478704266117843	1.9170781373977661	1000
GATAA	4	++--	13	1	0.8039514755844922	0.6315109209137613	2.058997869491577	1000
GATAA	4	++--	13	2	0.8380554632679362	0.6418999628957565	1.974792242050171	1000
GATAA	4	++--	13	3	0.8836442803933479	0.6842748542331692	2.1135401725769043	1000
GATAA	4	++--	13	4	0.7034323026824165	0.531642616353876	1.7699854373931885	1000
GATAA	4	++--	14	0	0.851069992398003	0.6727509847294559	1.934324026107788	1000
GATAA	4	++--	14	1	0.7862436259037048	0.6138031142286366	2.0467236042022705	1000
GATAA	4	++--	14	2	0.8583489861131205	0.6621934857409407	1.988858699798584	1000
GATAA	4	++--	14	3	0.8669202574668212	0.6675508743023053	2.1019482612609863	1000
GATAA	4	++--	14	4	0.7486081464674438	0.5768184601389033	1.8012990951538086	1000
GATAA	4	++--	15	0	0.8889238038095344	0.71060483913665	1.9605622291564941	1000
GATAA	4	++--	15	1	0.8315787686190937	0.6591382569440256	2.0781476497650146	1000
GATAA	4	++--	15	2	0.8561040965714083	0.6599486391948911	1.9873026609420776	1000
GATAA	4	++--	15	3	0.9165665752827136	0.7171971921181978	2.1363604068756104	1000
GATAA	4	++--	15	4	0.7505459609860405	0.5787563606488254	1.8026423454284668	1000
GATAA	4	++--	16	0	0.7610912492063445	0.5827723275291228	1.8719555139541626	1000
GATAA	4	++--	16	1	0.758967693424816	0.586527138754085	2.027817487716675	1000
GATAA	4	++--	16	2	0.8343934366831145	0.63823802230226	1.9722540378570557	1000
GATAA	4	++--	16	3	0.8396933400434282	0.6403239138832496	2.083076000213623	1000
GATAA	4	++--	16	4	0.7028784755509756	0.5310888752137605	1.769601583480835	1000
GATAA	4	++--	17	0	0.8369279450088797	0.6586089803359954	1.924521565437317	1000
GATAA	4	++--	17	1	0.8220863581873719	0.6496458465123037	2.071568012237549	1000
GATAA	4	++--	17	2	0.8791898437446757	0.6830343863681585	2.0033044815063477	1000
GATAA	4	++--	17	3	0.9264799132524222	0.7271104870922436	2.1432316303253174	1000
GATAA	4	++--	17	4	0.731812148801531	0.5600225484643159	1.7896569967269897	1000
GATAA	4	++--	18	0	0.8203213002415669	0.6420023785643452	1.9130107164382935	1000
GATAA	4	++--	18	1	0.792207984235627	0.6197674725605589	2.0508580207824707	1000
GATAA	4	++--	18	2	0.8515456104189641	0.6553901100467843	1.9841430187225342	1000
GATAA	4	++--	18	3	0.8593628238399568	0.659993440675441	2.096709966659546	1000
GATAA	4	++--	18	4	0.7379234663086155	0.5661338229757377	1.7938930988311768	1000
GATAA	4	++--	19	0	0.9203565569597772	0.7420376352825556	1.9823499917984009	1000
GATAA	4	++--	19	1	0.8689541242959248	0.696513698612182	2.1040542125701904	1000
GATAA	4	++--	19	2	0.8968299322610231	0.7006743888931806	2.015531539916992	1000
GATAA	4	++--	19	3	0.9414559045155793	0.7420864783554006	2.1536123752593994	1000
GATAA	4	++--	19	4	0.810440982940824	0.6386512536166207	1.8441581726074219	1000
GATAA	4	+--+	10	0	0.6991891467203293	0.5208701390517823	1.8290482759475708	1000
GATAA	4	+--+	10	1	0.7782425630289398	0.6058020943495344	2.041177749633789	1000
GATAA	4	+--+	10	2	0.7533657885295871	0.5572102881574073	1.9160900115966797	1000
GATAA	4	+--+	10	3	0.7718769691725547	0.5725075000167134	2.03606915473938	1000
GATAA	4	+--+	10	4	0.6784530695188123	0.5066634261859345	1.7526711225509644	1000
GATAA	4	+--+	11	0	0.757689002415651	0.5793700807384293	1.8695974349975586	1000
GATAA	4	+--+	11	1	0.8036658983927345	0.6312253867176664	2.058799982070923	1000
GATAA	4	+--+	11	2	0.7958912506778304	0.5997357933013132	1.9455664157867432	1000
GATAA	4	+--+	11	3	0.8190290226029837	0.6196595534471424	2.0687525272369385	1000
GATAA	4	+--+	11	4	0.6652219712356466	0.49343232790276875	1.7435001134872437	1000
GATAA	4	+--+	12	0	0.7499087652645938	0.5715898435873721	1.8642045259475708	1000
GATAA	4	+--+	12	1	0.7405024321496287	0.5680618774788979	2.0150182247161865	1000
GATAA	4	+--+	12	2	0.8030514043812017	0.6068959470046845	1.9505293369293213	1000
GATAA	4	+--+	12	3	0.8117311967875968	0.6123617706274181	2.0636937618255615	1000
GATAA	4	+--+	12	4	0.6875702138063515	0.5157805704734737	1.75899076461792	1000
GATAA	4	+--+	13	0	0.7682118469000173	0.5898929252227957	1.8768912553787231	1000
GATAA	4	+--+	13	1	0.7577600312504573	0.5853195195753892	2.026980400085449	1000
GATAA	4	+--+	13	2	0.7942947357298709	0.5981392783533538	1.9444596767425537	1000
GATAA	4	+--+	13	3	0.8293380066610022	0.6299685805008236	2.0758979320526123	1000
GATAA	4	+--+	13	4	0.6910976639668732	0.5193080206339953	1.7614357471466064	1000
GATAA	4	+--+	14	0	0.8461733883539626	0.6678544666767409	1.9309300184249878	1000
GATAA	4	+--+	14	1	0.8118797897979422	0.6394392351272113	2.064493179321289	1000
GATAA	4	+--+	14	2	0.8763870424835645	0.6802315421113846	2.001361608505249	1000
GATAA	4	+--+	14	3	0.906165064558531	0.706795681394015	2.129150390625	1000
GATAA	4	+--+	14	4	0.7398131256849706	0.5680233963607674	1.795202612876892	1000
GATAA	4	+--+	15	0	0.8539764991975844	0.6756575775203628	1.9363386631011963	1000
GATAA	4	+--+	15	1	0.8419152699012503	0.6694746722348567	2.085312604904175	1000
GATAA	4	+--+	15	2	0.8575619075114469	0.6614064931305924	1.9883131980895996	1000
GATAA	4	+--+	15	3	0.9062339436102015	0.7068644744543602	2.1291983127593994	1000
GATAA	4	+--+	15	4	0.7410270652260857	0.5692373788975452	1.7960442304611206	1000
GATAA	4	+--+	16	0	0.8341137928928115	0.6557949142112526	1.922571063041687	1000
GATAA	4	+--+	16	1	0.8070141426310571	0.6345735879603261	2.0611207485198975	1000
GATAA	4	+--+	16	2	0.86168166592154	0.6655262085450229	1.991168737411499	1000
GATAA	4	+--+	16	3	0.9128443547700898	0.713474799622923	2.1337802410125732	1000
GATAA	4	+--+	16	4	0.7598523721808542	0.5880627288479764	1.8090928792953491	1000
GATAA	4	+--+	17	0	0.8204732469136041	0.6421543252363825	1.913116216659546	1000
GATAA	4	+--+	17	1	0.8082721097307931	0.635831598055725	2.061992645263672	1000
GATAA	4	+--+	17	2	0.8558386413498016	0.6596831409776217	1.9871186017990112	1000
GATAA	4	+--+	17	3	0.8981238437347895	0.6987544175746109	2.1235766410827637	1000
GATAA	4	+--+	17	4	0.7370752478745601	0.5652855615460196	1.7933050394058228	1000
GATAA	4	+--+	18	0	0.86307696116799	0.6847579964951056	1.9426467418670654	1000
GATAA	4	+--+	18	1	0.8347539983106483	0.6623134436399175	2.0803487300872803	1000
GATAA	4	+--+	18	2	0.8860403426851685	0.6898848853086513	2.0080530643463135	1000
GATAA	4	+--+	18	3	0.9333544037727104	0.7339848916212064	2.1479969024658203	1000
GATAA	4	+--+	18	4	0.7838540129612915	0.6120642836370882	1.825729489326477	1000
GATAA	4	+--+	19	0	0.8774408661767263	0.6991219874951674	1.9526029825210571	1000
GATAA	4	+--+	19	1	0.8623572137741291	0.6899166591033983	2.0994813442230225	1000
GATAA	4	+--+	19	2	0.8769940552497848	0.6808385978732676	2.0017824172973633	1000
GATAA	4	+--+	19	3	0.9247017846251516	0.7253322724736476	2.1419990062713623	1000
GATAA	4	+--+	19	4	0.7814399784824557	0.6096502491582524	1.8240561485290527	1000
