motif_seq	motif_counts	orientation_pattern	spacing	model_fold	log2_fc_vs_baseline	log2_fc_vs_single	mean_prediction	n_sequences	log2_fc_vs_single_E2F	log2_fc_vs_single_AP1_1
['TTTCCCGCCAAA', 'TGAGTCA']	2	++	50	0	0.29962901274860815	0.15525186686831993	1.7317830324172974	1000	0.29344550552382404	0.017058217463900145
['TTTCCCGCCAAA', 'TGAGTCA']	2	++	50	1	0.29857308226797324	0.15362326640705887	1.904768705368042	1000	0.28957935703025944	0.01766716369132817
['TTTCCCGCCAAA', 'TGAGTCA']	2	++	50	2	0.27365539739554656	0.1426537184849077	1.7751624584197998	1000	0.26366728996837535	0.021640136252524374
['TTTCCCGCCAAA', 'TGAGTCA']	2	++	50	3	0.30799108870536557	0.1610633756192878	1.6709991693496704	1000	0.2984576604114129	0.023669085452704842
['TTTCCCGCCAAA', 'TGAGTCA']	2	++	50	4	0.32089963352683815	0.1653577609135008	1.9221713542938232	1000	0.3085043709268656	0.022211168367123914
['TTTCCCGCCAAA', 'TGAGTCA']	2	+-	50	0	0.2978747897098075	0.1534976330806036	1.7305670976638794	1000	0.29169130398285475	0.015303978301725977
['TTTCCCGCCAAA', 'TGAGTCA']	2	+-	50	1	0.29811664031258334	0.15316683520058466	1.9044523239135742	1000	0.28912291507486954	0.01721073248485396
['TTTCCCGCCAAA', 'TGAGTCA']	2	+-	50	2	0.27482993141178275	0.1438282632500596	1.775976538658142	1000	0.26484184548244294	0.022814683704905168
['TTTCCCGCCAAA', 'TGAGTCA']	2	+-	50	3	0.30229265854734	0.15536493471234655	1.6670492887496948	1000	0.29275923025338735	0.017970653951064796
['TTTCCCGCCAAA', 'TGAGTCA']	2	+-	50	4	0.32320862960165947	0.16766674623940644	1.923771858215332	1000	0.31081334550385564	0.02452015772387297
['TTTCCCGCCAAA', 'TGAGTCA']	2	-+	50	0	0.2973434708077982	0.1529663141785943	1.7301989793777466	1000	0.2911599635830141	0.014772660743331147
['TTTCCCGCCAAA', 'TGAGTCA']	2	-+	50	1	0.29866023447629797	0.15371044011321497	1.9048291444778442	1000	0.2896665522342469	0.0177543427719421
['TTTCCCGCCAAA', 'TGAGTCA']	2	-+	50	2	0.2798770632709909	0.14887538436035203	1.7794749736785889	1000	0.2698889558438197	0.027861799440739778
['TTTCCCGCCAAA', 'TGAGTCA']	2	-+	50	3	0.3054189161790614	0.1584911708462366	1.6692161560058594	1000	0.2958854663872774	0.021096895459412696
['TTTCCCGCCAAA', 'TGAGTCA']	2	-+	50	4	0.32923174150668266	0.17368985814442967	1.9279468059539795	1000	0.3168364359110475	0.03054327500335402
['TTTCCCGCCAAA', 'TGAGTCA']	2	--	50	0	0.2960063271951712	0.15162917056596734	1.7292720079421997	1000	0.2898228199703871	0.013435518474318628
['TTTCCCGCCAAA', 'TGAGTCA']	2	--	50	1	0.29943781103651146	0.15448801667342843	1.9053679704666138	1000	0.29044412879446035	0.018531924706613412
['TTTCCCGCCAAA', 'TGAGTCA']	2	--	50	2	0.2826820143152379	0.15168035690243037	1.7814191579818726	1000	0.272693928385898	0.030666777357275955
['TTTCCCGCCAAA', 'TGAGTCA']	2	--	50	3	0.30134318532758914	0.1544154614925957	1.666391134262085	1000	0.29180973553580514	0.017021164607940426
['TTTCCCGCCAAA', 'TGAGTCA']	2	--	50	4	0.33081673361703434	0.17527483950586564	1.9290454387664795	1000	0.3184214280213991	0.0321282590520189
['TTTCCCGCCAAA', 'TGAGTCA']	2	++	30	0	0.30456151817101623	0.16018436154181231	1.7352020740509033	1000	0.2983780109462321	0.02199071213739253
['TTTCCCGCCAAA', 'TGAGTCA']	2	++	30	1	0.3121108256176274	0.16716104200346005	1.9141522645950317	1000	0.30311714337557627	0.031204946005801638
['TTTCCCGCCAAA', 'TGAGTCA']	2	++	30	2	0.28388806415224466	0.15288637449269013	1.7822551727294922	1000	0.2738999567250735	0.03187280300922248
['TTTCCCGCCAAA', 'TGAGTCA']	2	++	30	3	0.3097225240429269	0.16279475721227074	1.6721992492675781	1000	0.30018905275331154	0.02540047510737453
['TTTCCCGCCAAA', 'TGAGTCA']	2	++	30	4	0.3114647727896612	0.1559228894274082	1.9156315326690674	1000	0.299069467194026	0.012776307629947022
['TTTCCCGCCAAA', 'TGAGTCA']	2	++	31	0	0.30118528375626574	0.1568081271270618	1.7328617572784424	1000	0.2950017765314816	0.0186144750354131
['TTTCCCGCCAAA', 'TGAGTCA']	2	++	31	1	0.31352905905013617	0.16857925393813747	1.9151352643966675	1000	0.30453533381242237	0.032623149878792314
['TTTCCCGCCAAA', 'TGAGTCA']	2	++	31	2	0.28071777896190236	0.14971608930234784	1.7800577878952026	1000	0.27072969303256256	0.0287025205061091
['TTTCCCGCCAAA', 'TGAGTCA']	2	++	31	3	0.3056691079404041	0.1587413626075793	1.6693896055221558	1000	0.29613567964645143	0.021347085877140907
['TTTCCCGCCAAA', 'TGAGTCA']	2	++	31	4	0.32613753714151583	0.17059563228143146	1.9258019924163818	1000	0.3137422315458806	0.02744904376589796
['TTTCCCGCCAAA', 'TGAGTCA']	2	++	32	0	0.28113887848253993	0.13676171110442037	1.7189667224884033	1000	0.2749553712577558	-0.0014319364525295414
['TTTCCCGCCAAA', 'TGAGTCA']	2	++	32	1	0.2816124112138593	0.13666261685077635	1.8930124044418335	1000	0.27261870747397693	0.0007065284949251768
['TTTCCCGCCAAA', 'TGAGTCA']	2	++	32	2	0.2534265615249181	0.12242488261427922	1.7611408233642578	1000	0.2434384540977469	0.0014112965190043146
['TTTCCCGCCAAA', 'TGAGTCA']	2	++	32	3	0.3054171318590587	0.15848939727514957	1.6692148447036743	1000	0.2958836820672747	0.021095108452181075
['TTTCCCGCCAAA', 'TGAGTCA']	2	++	32	4	0.2998075307402038	0.1442656688757821	1.9075515270233154	1000	0.2874122466423999	0.0011190804442245206
['TTTCCCGCCAAA', 'TGAGTCA']	2	++	33	0	0.27833046628744434	0.13395332040715613	1.717020034790039	1000	0.2721469805604916	-0.0042403293331672726
['TTTCCCGCCAAA', 'TGAGTCA']	2	++	33	1	0.3038152424532598	0.1588654480901768	1.9084022045135498	1000	0.2948215602112087	0.022909349405289464
['TTTCCCGCCAAA', 'TGAGTCA']	2	++	33	2	0.2741267588458988	0.14312506918634427	1.7754892110824585	1000	0.26413867291655896	0.022111509795406756
['TTTCCCGCCAAA', 'TGAGTCA']	2	++	33	3	0.29369414944130895	0.14676643635523118	1.6610891819000244	1000	0.2841607211473563	0.0093721529067205
['TTTCCCGCCAAA', 'TGAGTCA']	2	++	33	4	0.31619369374911044	0.16065179963794174	1.9189094305038452	1000	0.30379838815347526	0.017505207091564882
['TTTCCCGCCAAA', 'TGAGTCA']	2	++	34	0	0.2789685649178081	0.1345914082886042	1.717462420463562	1000	0.27278505769302397	-0.003602234397743301
['TTTCCCGCCAAA', 'TGAGTCA']	2	++	34	1	0.2761219510763896	0.1311721674622223	1.8892066478729248	1000	0.2671282473365072	-0.004783940292062643
['TTTCCCGCCAAA', 'TGAGTCA']	2	++	34	2	0.2620014660121182	0.13099978710147936	1.7670844793319702	1000	0.252013358584947	0.00998620285367433
['TTTCCCGCCAAA', 'TGAGTCA']	2	++	34	3	0.29649972392266527	0.14957197858984048	1.6630339622497559	1000	0.28696627413088127	0.01217769514132982
['TTTCCCGCCAAA', 'TGAGTCA']	2	++	34	4	0.2980498895462172	0.14250801693287987	1.906333088874817	1000	0.285654583950582	-0.000638568811448785
['TTTCCCGCCAAA', 'TGAGTCA']	2	++	35	0	0.26871162710950697	0.12433445973138739	1.7103527784347534	1000	0.26252811988472285	-0.013859185642189019
['TTTCCCGCCAAA', 'TGAGTCA']	2	++	35	1	0.2745528028677487	0.12960297625791867	1.8881189823150635	1000	0.2655590776300349	-0.006353118396125283
['TTTCCCGCCAAA', 'TGAGTCA']	2	++	35	2	0.2498237399676558	0.11882208255484832	1.7586435079574585	1000	0.23983563254048462	-0.0021915020288603227
['TTTCCCGCCAAA', 'TGAGTCA']	2	++	35	3	0.2885578015819657	0.14163009924480363	1.6575288772583008	1000	0.27902439478584445	0.004235806726895364
['TTTCCCGCCAAA', 'TGAGTCA']	2	++	35	4	0.30950118237126645	0.1539593312557605	1.9142705202102661	1000	0.2971059412691253	0.01081274206841977
['TTTCCCGCCAAA', 'TGAGTCA']	2	++	36	0	0.28934819084966845	0.1449710234715489	1.7246569395065308	1000	0.28316468362488434	0.0067773780979724745
['TTTCCCGCCAAA', 'TGAGTCA']	2	++	36	1	0.2844373122456064	0.13948751788252342	1.894970417022705	1000	0.27544360850572397	0.0035314124795637804
['TTTCCCGCCAAA', 'TGAGTCA']	2	++	36	2	0.2589785054600713	0.12797681580051673	1.7649892568588257	1000	0.24899039803290007	0.006963249691506915
['TTTCCCGCCAAA', 'TGAGTCA']	2	++	36	3	0.3166635288534363	0.16973579426952715	1.677010416984558	1000	0.3071300790616523	0.03234149872848635
['TTTCCCGCCAAA', 'TGAGTCA']	2	++	36	4	0.3075218770381491	0.15198000442481177	1.9128986597061157	1000	0.29512659294034527	0.008833423970965051
['TTTCCCGCCAAA', 'TGAGTCA']	2	++	37	0	0.28857431191644856	0.1441971660361603	1.7241206169128418	1000	0.2823908261894958	0.006003515288126069
['TTTCCCGCCAAA', 'TGAGTCA']	2	++	37	1	0.30969042778070965	0.1647406011708796	1.9124746322631836	1000	0.3006966810451645	0.028784513234907945
['TTTCCCGCCAAA', 'TGAGTCA']	2	++	37	2	0.27471758374510663	0.14371591558338345	1.775898814201355	1000	0.2647294763179354	0.022702336038229038
['TTTCCCGCCAAA', 'TGAGTCA']	2	++	37	3	0.302828406002609	0.15590069291653122	1.6674206256866455	1000	0.2932949992064877	0.01850640946802056
['TTTCCCGCCAAA', 'TGAGTCA']	2	++	37	4	0.322531619896538	0.16698974728320068	1.9233025312423706	1000	0.3101363572965655	0.02384317489104072
['TTTCCCGCCAAA', 'TGAGTCA']	2	++	38	0	0.30086924413747396	0.15649208750827004	1.7326427698135376	1000	0.29468573691268984	0.018298436760235792
['TTTCCCGCCAAA', 'TGAGTCA']	2	++	38	1	0.29681873024218447	0.15186890363235442	1.903552532196045	1000	0.28782500500447067	0.015912808978310457
['TTTCCCGCCAAA', 'TGAGTCA']	2	++	38	2	0.27585320668658514	0.1448515492737776	1.7766859531402588	1000	0.2658651207572453	0.0238379697286232
['TTTCCCGCCAAA', 'TGAGTCA']	2	++	38	3	0.29829045027911155	0.15136270494628676	1.6642751693725586	1000	0.2887569789894962	0.013968417466932719
['TTTCCCGCCAAA', 'TGAGTCA']	2	++	38	4	0.3016107903323317	0.14606890697007865	1.9088014364242554	1000	0.28921548473669645	0.0029223197981596252
['TTTCCCGCCAAA', 'TGAGTCA']	2	++	39	0	0.30289590919307263	0.15851876331278442	1.7340476512908936	1000	0.2967124019682885	0.020325101815834485
['TTTCCCGCCAAA', 'TGAGTCA']	2	++	39	1	0.3012163051269151	0.15626648926600076	1.9066007137298584	1000	0.2922225798892013	0.020310383863041116
['TTTCCCGCCAAA', 'TGAGTCA']	2	++	39	2	0.27955638012062584	0.14855466896323993	1.7792526483535767	1000	0.2695682726934546	0.027541102854230115
['TTTCCCGCCAAA', 'TGAGTCA']	2	++	39	3	0.30584584161199696	0.15891811777700351	1.669512152671814	1000	0.2963124348158757	0.02152383567210732
['TTTCCCGCCAAA', 'TGAGTCA']	2	++	39	4	0.31699790612237627	0.16145603350903895	1.9194669723510742	1000	0.30460262202457244	0.01830943693181871
['TTTCCCGCCAAA', 'TGAGTCA']	2	+-	30	0	0.30664257273995027	0.162265394612915	1.7366445064544678	1000	0.3004590440173348	0.024071747895724152
['TTTCCCGCCAAA', 'TGAGTCA']	2	+-	30	1	0.31225256081976965	0.16730274495885533	1.9142504930496216	1000	0.3032588355820559	0.031346654335654756
['TTTCCCGCCAAA', 'TGAGTCA']	2	+-	30	2	0.2869746152894481	0.1559729363788093	1.7843947410583496	1000	0.27698650786227696	0.03495935145919703
['TTTCCCGCCAAA', 'TGAGTCA']	2	+-	30	3	0.3111062749539377	0.16417855111894425	1.6731584072113037	1000	0.30157284665998507	0.02678425289067453
['TTTCCCGCCAAA', 'TGAGTCA']	2	+-	30	4	0.31141268354428114	0.15587081093094382	1.9155954122543335	1000	0.2990173994464773	0.012724234507940467
['TTTCCCGCCAAA', 'TGAGTCA']	2	+-	31	0	0.30001793001570304	0.15564076263758345	1.7320525646209717	1000	0.2938344227909189	0.01744711860762151
['TTTCCCGCCAAA', 'TGAGTCA']	2	+-	31	1	0.3113520166641893	0.16640221155219062	1.9136264324188232	1000	0.30235831292430687	0.03044612361621897
['TTTCCCGCCAAA', 'TGAGTCA']	2	+-	31	2	0.28165790062501256	0.15065620021654236	1.7807095050811768	1000	0.27166977170001	0.029642617984159007
['TTTCCCGCCAAA', 'TGAGTCA']	2	+-	31	3	0.30733869401714886	0.16041094868432407	1.6705468893051147	1000	0.29780524422536486	0.0230166719538857
['TTTCCCGCCAAA', 'TGAGTCA']	2	+-	31	4	0.3260929936349424	0.1705511317705207	1.9257711172103882	1000	0.3136977095371385	0.027404540567758286
['TTTCCCGCCAAA', 'TGAGTCA']	2	+-	32	0	0.27887305005308516	0.1344958719260499	1.7173962593078613	1000	0.2726895213304697	-0.003697773447526511
['TTTCCCGCCAAA', 'TGAGTCA']	2	+-	32	1	0.2780407185164033	0.1330909026554889	1.8905366659164429	1000	0.2690469932786895	-0.002865193006265901
['TTTCCCGCCAAA', 'TGAGTCA']	2	+-	32	2	0.25202802010593306	0.12102634119529422	1.7601715326309204	1000	0.24203991267876188	1.2770055602919484e-05
['TTTCCCGCCAAA', 'TGAGTCA']	2	+-	32	3	0.3055675521850696	0.15863981760116047	1.6693193912506104	1000	0.2960341023932856	0.02124553146542088
['TTTCCCGCCAAA', 'TGAGTCA']	2	+-	32	4	0.2979096806901013	0.1423677973278483	1.906235933303833	1000	0.2855143750944661	-0.0007787911037092884
['TTTCCCGCCAAA', 'TGAGTCA']	2	+-	33	0	0.27797338730859045	0.13359621993047086	1.7167725563049316	1000	0.271789858585975	-0.004597422755876622
['TTTCCCGCCAAA', 'TGAGTCA']	2	+-	33	1	0.29881299806592687	0.15386317145609682	1.9049350023269653	1000	0.2898192943260444	0.01790708217651071
['TTTCCCGCCAAA', 'TGAGTCA']	2	+-	33	2	0.2746198761015852	0.14361818644203067	1.7758311033248901	1000	0.26463174717658267	0.022604609584105168
['TTTCCCGCCAAA', 'TGAGTCA']	2	+-	33	3	0.2940116724104644	0.1470839270776396	1.6613093614578247	1000	0.28447824411651174	0.009689645644550614
['TTTCCCGCCAAA', 'TGAGTCA']	2	+-	33	4	0.31549920630709505	0.1599573014470107	1.9184280633926392	1000	0.3031039007114599	0.016810712931477203
['TTTCCCGCCAAA', 'TGAGTCA']	2	+-	34	0	0.27740977866388167	0.13303263278359342	1.7163817882537842	1000	0.2712262929369289	-0.0051610176285371906
['TTTCCCGCCAAA', 'TGAGTCA']	2	+-	34	1	0.27129945005703965	0.1263496341961253	1.8858639001846313	1000	0.2623057248193259	-0.00960646650418371
['TTTCCCGCCAAA', 'TGAGTCA']	2	+-	34	2	0.26265792379046154	0.13165623413090702	1.7675395011901855	1000	0.252669794865459	0.010642651226716452
['TTTCCCGCCAAA', 'TGAGTCA']	2	+-	34	3	0.2942944763819769	0.14736675254698348	1.6615053415298462	1000	0.28476104808802427	0.009972470442087274
['TTTCCCGCCAAA', 'TGAGTCA']	2	+-	34	4	0.2969326472505497	0.14139078538612804	1.905558705329895	1000	0.28453736315274586	-0.0017558056486825623
['TTTCCCGCCAAA', 'TGAGTCA']	2	+-	35	0	0.2677725803379647	0.12339541295984509	1.7097018957138062	1000	0.2615890731131806	-0.014798239131803611
['TTTCCCGCCAAA', 'TGAGTCA']	2	+-	35	1	0.27238891715459285	0.12743911204259417	1.8866190910339355	1000	0.26339519191687905	-0.008516991344943773
['TTTCCCGCCAAA', 'TGAGTCA']	2	+-	35	2	0.25042036928133027	0.11941867962177573	1.7590572834014893	1000	0.24043226185415906	-0.0015949004272341166
['TTTCCCGCCAAA', 'TGAGTCA']	2	+-	35	3	0.2861943515003149	0.1392666276653215	1.6558908224105835	1000	0.2766609232063623	0.0018723416975337086
['TTTCCCGCCAAA', 'TGAGTCA']	2	+-	35	4	0.307730749967622	0.15218887735428466	1.91304349899292	1000	0.2953354443719868	0.009042280777064414
['TTTCCCGCCAAA', 'TGAGTCA']	2	+-	36	0	0.28712740037690837	0.1427502222498731	1.723117709159851	1000	0.2809438716542929	0.004556581243043699
['TTTCCCGCCAAA', 'TGAGTCA']	2	+-	36	1	0.2859841887009606	0.1410343943378776	1.8960427045822144	1000	0.27699048496107814	0.00507829262985772
['TTTCCCGCCAAA', 'TGAGTCA']	2	+-	36	2	0.2570762268567091	0.12607454794607026	1.7636706829071045	1000	0.2470881194295379	0.005060964370072447
['TTTCCCGCCAAA', 'TGAGTCA']	2	+-	36	3	0.31667475072140505	0.16974702688641163	1.677018165588379	1000	0.30714132242745246	0.03235273403259974
['TTTCCCGCCAAA', 'TGAGTCA']	2	+-	36	4	0.3065232167802515	0.15098134416691417	1.9122062921524048	1000	0.29412793268244763	0.00783475497957345
['TTTCCCGCCAAA', 'TGAGTCA']	2	+-	37	0	0.29059631194264257	0.14621915531343868	1.7255221605300903	1000	0.28441280471785846	0.008025512627091192
['TTTCCCGCCAAA', 'TGAGTCA']	2	+-	37	1	0.3128222748485841	0.1678724804855011	1.9146453142166138	1000	0.303828592606533	0.0319163871750716
['TTTCCCGCCAAA', 'TGAGTCA']	2	+-	37	2	0.2746791026269761	0.1436774452141686	1.7758721113204956	1000	0.2646910166976362	0.022663854920098484
['TTTCCCGCCAAA', 'TGAGTCA']	2	+-	37	3	0.3027913437413481	0.15586360915743894	1.667394995689392	1000	0.2932578939495641	0.018469327052542728
['TTTCCCGCCAAA', 'TGAGTCA']	2	+-	37	4	0.3211898542501691	0.16564800313466313	1.922372579574585	1000	0.3087945916501966	0.02250140655744288
['TTTCCCGCCAAA', 'TGAGTCA']	2	+-	38	0	0.29997284906334565	0.1555957031830574	1.732021450996399	1000	0.2937893418385615	0.017402047060565314
['TTTCCCGCCAAA', 'TGAGTCA']	2	+-	38	1	0.2980895745429038	0.15313975868198945	1.9044334888458252	1000	0.2890958708030214	0.017183658653487664
['TTTCCCGCCAAA', 'TGAGTCA']	2	+-	38	2	0.2727057736909762	0.14170410552925303	1.7745041847229004	1000	0.2627176877616364	0.020690531358556457
['TTTCCCGCCAAA', 'TGAGTCA']	2	+-	38	3	0.29759000793781004	0.15066227335390095	1.6637895107269287	1000	0.28805655814602604	0.013267988561775813
['TTTCCCGCCAAA', 'TGAGTCA']	2	+-	38	4	0.30140540005153876	0.14586353818711711	1.9086589813232422	1000	0.28901011595373494	0.002716935059776363
['TTTCCCGCCAAA', 'TGAGTCA']	2	+-	39	0	0.2981528856562527	0.15377573977596443	1.730759859085083	1000	0.29196937843146853	0.015582079622628978
['TTTCCCGCCAAA', 'TGAGTCA']	2	+-	39	1	0.3007539727657332	0.15580414615590313	1.906280279159546	1000	0.2917602475280194	0.01984804478378687
['TTTCCCGCCAAA', 'TGAGTCA']	2	+-	39	2	0.27493208910639527	0.14393039944684075	1.7760474681854248	1000	0.26494398167922406	0.022916819901686317
['TTTCCCGCCAAA', 'TGAGTCA']	2	+-	39	3	0.30599845471680637	0.15907069863506587	1.6696178913116455	1000	0.296464983427191	0.02167640712486845
['TTTCCCGCCAAA', 'TGAGTCA']	2	+-	39	4	0.3152347184878994	0.15969286737239344	1.9182448387145996	1000	0.30283941289226424	0.01654626676432982
['TTTCCCGCCAAA', 'TGAGTCA']	2	-+	30	0	0.2977056017770212	0.15332843439890162	1.730449914932251	1000	0.2915220945522371	0.01513478768171077
['TTTCCCGCCAAA', 'TGAGTCA']	2	-+	30	1	0.30370003557501307	0.1587502304630144	1.9083222150802612	1000	0.294706353332962	0.02279413446535598
['TTTCCCGCCAAA', 'TGAGTCA']	2	-+	30	2	0.2863688923931093	0.15536722423138616	1.7839748859405518	1000	0.2763808064637695	0.034353644686231734
['TTTCCCGCCAAA', 'TGAGTCA']	2	-+	30	3	0.3039881925065337	0.15706045792262457	1.6682244539260864	1000	0.2944547427147497	0.01966617716134283
['TTTCCCGCCAAA', 'TGAGTCA']	2	-+	30	4	0.3227197474187506	0.1671778533075819	1.9234329462051392	1000	0.3103244633209467	0.02403127285373516
['TTTCCCGCCAAA', 'TGAGTCA']	2	-+	31	0	0.3035373399872969	0.15916017260917725	1.7344921827316284	1000	0.2973538327625127	0.020966532610058687
['TTTCCCGCCAAA', 'TGAGTCA']	2	-+	31	1	0.3073490774696947	0.16239926160878035	1.9108517169952393	1000	0.2983553522319809	0.026443162923893024
['TTTCCCGCCAAA', 'TGAGTCA']	2	-+	31	2	0.28406735606576916	0.15306565565729893	1.782379388809204	1000	0.2740792271407666	0.03205208417383128
['TTTCCCGCCAAA', 'TGAGTCA']	2	-+	31	3	0.31202483429219596	0.16509709970828684	1.6737949848175049	1000	0.30249138450041196	0.02770281760339063
['TTTCCCGCCAAA', 'TGAGTCA']	2	-+	31	4	0.3046581509229698	0.14911625681180107	1.9109135866165161	1000	0.29226286682516595	0.005969674342532662
['TTTCCCGCCAAA', 'TGAGTCA']	2	-+	32	0	0.27907727945098476	0.13470012282178084	1.717537760734558	1000	0.2728937722262006	-0.003493522215891953
['TTTCCCGCCAAA', 'TGAGTCA']	2	-+	32	1	0.3058029964341008	0.16085318057318643	1.9097800254821777	1000	0.296809271196387	0.02489708994998585
['TTTCCCGCCAAA', 'TGAGTCA']	2	-+	32	2	0.27376899193644144	0.1427673237747183	1.7752412557601929	1000	0.26378090600710163	0.021753754978479537
['TTTCCCGCCAAA', 'TGAGTCA']	2	-+	32	3	0.28772168642696483	0.1407939518430557	1.656949520111084	1000	0.2781882581330122	0.003399664699605265
['TTTCCCGCCAAA', 'TGAGTCA']	2	-+	32	4	0.3145742191172608	0.15903236800175483	1.9177868366241455	1000	0.302178935019457	0.01588577276814904
['TTTCCCGCCAAA', 'TGAGTCA']	2	-+	33	0	0.27989331563149744	0.13551616975120917	1.7181034088134766	1000	0.2737098084067133	-0.0026774895623672412
['TTTCCCGCCAAA', 'TGAGTCA']	2	-+	33	1	0.28150982356261967	0.13656000770170532	1.8929412364959717	1000	0.27251609832490586	0.0006039119139866724
['TTTCCCGCCAAA', 'TGAGTCA']	2	-+	33	2	0.25463312730987747	0.12363140540357591	1.761977195739746	1000	0.24464497688704356	0.0026178470203492253
['TTTCCCGCCAAA', 'TGAGTCA']	2	-+	33	3	0.3082066259625594	0.16127889137865026	1.671148419380188	1000	0.2986731761707754	0.023884611960982977
['TTTCCCGCCAAA', 'TGAGTCA']	2	-+	33	4	0.2973195652193283	0.14177769260599096	1.9058269262313843	1000	0.2849242596236931	-0.0013689014519521724
['TTTCCCGCCAAA', 'TGAGTCA']	2	-+	34	0	0.2718508479335372	0.12747369130433328	1.7125288248062134	1000	0.26566736220658443	-0.010719946679363606
['TTTCCCGCCAAA', 'TGAGTCA']	2	-+	34	1	0.2718734206564629	0.1269235940466329	1.8862617015838623	1000	0.26287969541874917	-0.009032491873917064
['TTTCCCGCCAAA', 'TGAGTCA']	2	-+	34	2	0.26085083758435196	0.1298491586737131	1.7662869691848755	1000	0.25086273015718075	0.008835590549281586
['TTTCCCGCCAAA', 'TGAGTCA']	2	-+	34	3	0.29233533601467326	0.14540759068184844	1.6601473093032837	1000	0.28280186472505786	0.008013297156229322
['TTTCCCGCCAAA', 'TGAGTCA']	2	-+	34	4	0.3077567838413964	0.15221490047914335	1.9130613803863525	1000	0.29536147824576114	0.009068318681682152
['TTTCCCGCCAAA', 'TGAGTCA']	2	-+	35	0	0.2746801990163753	0.1303030423871714	1.7144899368286133	1000	0.26849667029375984	-0.007890611719898986
['TTTCCCGCCAAA', 'TGAGTCA']	2	-+	35	1	0.2668648559067108	0.12191505079471211	1.8827900886535645	1000	0.2578711521668284	-0.014041045202946299
['TTTCCCGCCAAA', 'TGAGTCA']	2	-+	35	2	0.25706203828801294	0.12606034862845839	1.7636607885360718	1000	0.24707390936301038	0.00504677479366542
['TTTCCCGCCAAA', 'TGAGTCA']	2	-+	35	3	0.29117436713002387	0.1442466540439461	1.6593425273895264	1000	0.2816409388360712	0.006852366564592038
['TTTCCCGCCAAA', 'TGAGTCA']	2	-+	35	4	0.2927526304191605	0.13721072555907612	1.9026613235473633	1000	0.28035732482352527	-0.005935854894770613
['TTTCCCGCCAAA', 'TGAGTCA']	2	-+	36	0	0.28761675551210714	0.1432396203807346	1.723456859588623	1000	0.28143326978515437	0.00504597467125457
['TTTCCCGCCAAA', 'TGAGTCA']	2	-+	36	1	0.3022243169414534	0.15727450108053903	1.9072993993759155	1000	0.2932305917037396	0.021318399708422777
['TTTCCCGCCAAA', 'TGAGTCA']	2	-+	36	2	0.28115394846232183	0.15015226955168295	1.7803601026535034	1000	0.27116586253298197	0.02913870344267314
['TTTCCCGCCAAA', 'TGAGTCA']	2	-+	36	3	0.297220546208094	0.15029280087526922	1.6635334491729736	1000	0.28768709641631	0.012898522801216405
['TTTCCCGCCAAA', 'TGAGTCA']	2	-+	36	4	0.31927803060968407	0.16373617949417807	1.921047329902649	1000	0.30688276800971154	0.020589584260572287
['TTTCCCGCCAAA', 'TGAGTCA']	2	-+	37	0	0.29248238118116093	0.14810521380304134	1.7268294095993042	1000	0.2862988739563768	0.009911569773079401
['TTTCCCGCCAAA', 'TGAGTCA']	2	-+	37	1	0.2848646246395064	0.13991481952750773	1.8952666521072388	1000	0.275870920899624	0.003958721514427637
['TTTCCCGCCAAA', 'TGAGTCA']	2	-+	37	2	0.25828040638238775	0.12727870597391755	1.764505386352539	1000	0.24829229895521657	0.006265132475028208
['TTTCCCGCCAAA', 'TGAGTCA']	2	-+	37	3	0.3128183192476143	0.16589060616153647	1.6743451356887817	1000	0.3032848694558303	0.028496310620495673
['TTTCCCGCCAAA', 'TGAGTCA']	2	-+	37	4	0.3078184181238993	0.15227652401273062	1.9131041765213013	1000	0.2954231125282641	0.009129934825389903
['TTTCCCGCCAAA', 'TGAGTCA']	2	-+	38	0	0.2981845519618428	0.1538073845837232	1.73078191280365	1000	0.2920010232392273	0.015613732492074494
['TTTCCCGCCAAA', 'TGAGTCA']	2	-+	38	1	0.29456375821756536	0.1496139531055667	1.9019895792007446	1000	0.28557005447768297	0.013657861138751662
['TTTCCCGCCAAA', 'TGAGTCA']	2	-+	38	2	0.2777168321891659	0.14671514252961135	1.777977705001831	1000	0.26772872476199466	0.025701571046143675
['TTTCCCGCCAAA', 'TGAGTCA']	2	-+	38	3	0.29803939860451456	0.15111167476952114	1.6641011238098145	1000	0.28850597031056197	0.013717388633781552
['TTTCCCGCCAAA', 'TGAGTCA']	2	-+	38	4	0.3156330733029604	0.16009120068962307	1.9185210466384888	1000	0.30323778920515654	0.0169446148613185
['TTTCCCGCCAAA', 'TGAGTCA']	2	-+	39	0	0.3061473701946222	0.16177021356541826	1.736301302909851	1000	0.29996386296983807	0.02357656684822741
['TTTCCCGCCAAA', 'TGAGTCA']	2	-+	39	1	0.29691059047557655	0.1519607638657465	1.903616189956665	1000	0.2879168867356941	0.016004673242545935
['TTTCCCGCCAAA', 'TGAGTCA']	2	-+	39	2	0.2850720142186156	0.15407033530797676	1.7830759286880493	1000	0.27508392828927575	0.03305676113728017
['TTTCCCGCCAAA', 'TGAGTCA']	2	-+	39	3	0.3034055797789046	0.15647786669282682	1.6678208112716675	1000	0.2938721299871206	0.01908356040287033
['TTTCCCGCCAAA', 'TGAGTCA']	2	-+	39	4	0.3030390632520846	0.14749719063874725	1.909791350364685	1000	0.2906437576564494	0.004350599435984834
['TTTCCCGCCAAA', 'TGAGTCA']	2	--	30	0	0.30143569049592195	0.15705852311780238	1.7330354452133179	1000	0.29525218327113784	0.01886486430808137
['TTTCCCGCCAAA', 'TGAGTCA']	2	--	30	1	0.3006830944157463	0.15573328930374764	1.906231164932251	1000	0.2916893906758639	0.019777190618860314
['TTTCCCGCCAAA', 'TGAGTCA']	2	--	30	2	0.29138429345323325	0.1603826252915101	1.787451148033142	1000	0.28139620752389344	0.03936904574635568
['TTTCCCGCCAAA', 'TGAGTCA']	2	--	30	3	0.30464591865692714	0.1577182055708494	1.6686804294586182	1000	0.29511249036297454	0.020323915404266424
['TTTCCCGCCAAA', 'TGAGTCA']	2	--	30	4	0.3232516252643752	0.16770975265103782	1.9238017797470093	1000	0.3108563626644027	0.02456316144827543
['TTTCCCGCCAAA', 'TGAGTCA']	2	--	31	0	0.3045706117536806	0.16019343362664532	1.7352083921432495	1000	0.2983870830310651	0.021999786909454463
['TTTCCCGCCAAA', 'TGAGTCA']	2	--	31	1	0.30157409353420384	0.15662427767328946	1.9068487882614136	1000	0.2925803897943214	0.020668181675631052
['TTTCCCGCCAAA', 'TGAGTCA']	2	--	31	2	0.2863604437453857	0.1553587433369155	1.7839689254760742	1000	0.2763723363182145	0.034345177227905664
['TTTCCCGCCAAA', 'TGAGTCA']	2	--	31	3	0.3132054091990437	0.16627768536405027	1.6746132373809814	1000	0.30367198090509107	0.02888340057192514
['TTTCCCGCCAAA', 'TGAGTCA']	2	--	31	4	0.3057809826547903	0.15023913153928437	1.9116919040679932	1000	0.2933857415526492	0.007092545039172561
['TTTCCCGCCAAA', 'TGAGTCA']	2	--	32	0	0.27497738503706626	0.130600206910031	1.714695930480957	1000	0.2687938348166194	-0.00759345324330448
['TTTCCCGCCAAA', 'TGAGTCA']	2	--	32	1	0.29967850075639396	0.1547286741465639	1.9055347442626953	1000	0.29068477551868016	0.018772583523363334
['TTTCCCGCCAAA', 'TGAGTCA']	2	--	32	2	0.2719429876387369	0.1409413087280981	1.7739756107330322	1000	0.26195488021156577	0.01992772918294367
['TTTCCCGCCAAA', 'TGAGTCA']	2	--	32	3	0.28733930450060274	0.14041159141452494	1.6566842794418335	1000	0.2778058762066501	0.0030172985607130713
['TTTCCCGCCAAA', 'TGAGTCA']	2	--	32	4	0.31182580736948495	0.15628392400723196	1.915881872177124	1000	0.2994305232716811	0.013137339522541853
['TTTCCCGCCAAA', 'TGAGTCA']	2	--	33	0	0.2796761875347831	0.1352990309055792	1.717952847480774	1000	0.273492680309999	-0.0028946144679971946
['TTTCCCGCCAAA', 'TGAGTCA']	2	--	33	1	0.2781916977860294	0.13324189267403075	1.8906413316726685	1000	0.269197994046147	-0.0027142033236276487
['TTTCCCGCCAAA', 'TGAGTCA']	2	--	33	2	0.25466511608293796	0.12366341567446774	1.7619993686676025	1000	0.2446769871579354	0.00264984167172297
['TTTCCCGCCAAA', 'TGAGTCA']	2	--	33	3	0.31061257725680463	0.1636848641707269	1.6728161573410034	1000	0.30107914896285204	0.026290571316915
['TTTCCCGCCAAA', 'TGAGTCA']	2	--	33	4	0.2953711307720408	0.1398292474097878	1.904476284980774	1000	0.282975846674237	-0.0033173353953842247
['TTTCCCGCCAAA', 'TGAGTCA']	2	--	34	0	0.2707808148755315	0.1264036582463276	1.7117871046066284	1000	0.26459730765074735	-0.011789988470863275
['TTTCCCGCCAAA', 'TGAGTCA']	2	--	34	1	0.26743162473262916	0.12248180887171482	1.8831830024719238	1000	0.25843792099274676	-0.013474284438714672
['TTTCCCGCCAAA', 'TGAGTCA']	2	--	34	2	0.26278003147257417	0.13177833106410394	1.7676242589950562	1000	0.25279188104974026	0.010764748159913367
['TTTCCCGCCAAA', 'TGAGTCA']	2	--	34	3	0.2910573974296058	0.14412968434352802	1.6592615842819214	1000	0.28152396913565314	0.00673540291043904
['TTTCCCGCCAAA', 'TGAGTCA']	2	--	34	4	0.3062628780425079	0.15072100542917058	1.9120259284973145	1000	0.2938675939447041	0.007574418257251562
['TTTCCCGCCAAA', 'TGAGTCA']	2	--	35	0	0.27456626051017874	0.1301891038809748	1.7144109010696411	1000	0.26838275328539457	-0.008004546867059446
['TTTCCCGCCAAA', 'TGAGTCA']	2	--	35	1	0.2637035998055388	0.11875377319570875	1.8805989027023315	1000	0.25470985306999366	-0.01720231608387736
['TTTCCCGCCAAA', 'TGAGTCA']	2	--	35	2	0.2587586471387745	0.12775696822813568	1.7648369073867798	1000	0.24877053971160334	0.006743387339366792
['TTTCCCGCCAAA', 'TGAGTCA']	2	--	35	3	0.2899062100582242	0.14297849697214646	1.6584635972976685	1000	0.28037278176427155	0.005584206469659869
['TTTCCCGCCAAA', 'TGAGTCA']	2	--	35	4	0.2915977024251227	0.136055840560701	1.9018608331680298	1000	0.27920243982515014	-0.00709074526760357
['TTTCCCGCCAAA', 'TGAGTCA']	2	--	36	0	0.28598072755011195	0.14160357092090806	1.722322702407837	1000	0.2797971988274965	0.0034099178215485
['TTTCCCGCCAAA', 'TGAGTCA']	2	--	36	1	0.3076554430643754	0.1627056272034611	1.9110639095306396	1000	0.298661739324493	0.02674953658026052
['TTTCCCGCCAAA', 'TGAGTCA']	2	--	36	2	0.27917694339715976	0.14817527523543658	1.7789897918701172	1000	0.2691888574678199	0.02716170106474
['TTTCCCGCCAAA', 'TGAGTCA']	2	--	36	3	0.2975722937247712	0.15064455914086208	1.6637773513793945	1000	0.2880388654308186	0.013250282410423704
['TTTCCCGCCAAA', 'TGAGTCA']	2	--	36	4	0.317703464947541	0.16216158158528796	1.9199559688568115	1000	0.3053081808497371	0.019014995756983386
['TTTCCCGCCAAA', 'TGAGTCA']	2	--	37	0	0.29317226808726576	0.1487951222069775	1.7273075580596924	1000	0.2869887608624816	0.01060146541267819
['TTTCCCGCCAAA', 'TGAGTCA']	2	--	37	1	0.2873016617978951	0.14235184593698078	1.8969558477401733	1000	0.27830795805801267	0.006395755313780201
['TTTCCCGCCAAA', 'TGAGTCA']	2	--	37	2	0.25760445007100286	0.12660278190927968	1.764036774635315	1000	0.24761636414166302	0.005589213113040943
['TTTCCCGCCAAA', 'TGAGTCA']	2	--	37	3	0.3129381051639402	0.16601039207786242	1.674428105354309	1000	0.3034046553721562	0.028616099224050538
['TTTCCCGCCAAA', 'TGAGTCA']	2	--	37	4	0.30593103751766815	0.15038917565324647	1.9117958545684814	1000	0.29353575341986426	0.007242588481327452
['TTTCCCGCCAAA', 'TGAGTCA']	2	--	38	0	0.29841148306965626	0.15403432644045234	1.7309391498565674	1000	0.2922279543470408	0.015840668974345808
['TTTCCCGCCAAA', 'TGAGTCA']	2	--	38	1	0.2939194037182765	0.14896957710844647	1.9015430212020874	1000	0.28492565698273137	0.013013478423559134
['TTTCCCGCCAAA', 'TGAGTCA']	2	--	38	2	0.2759996069181321	0.14499791725857755	1.7767874002456665	1000	0.26601149949096087	0.023984337713423128
['TTTCCCGCCAAA', 'TGAGTCA']	2	--	38	3	0.2986774112435529	0.1517496551618124	1.6645433902740479	1000	0.28914393995393756	0.01435537843137404
['TTTCCCGCCAAA', 'TGAGTCA']	2	--	38	4	0.31606935029253663	0.1605274776791993	1.9188232421875	1000	0.3036740446969014	0.01738087707113567
['TTTCCCGCCAAA', 'TGAGTCA']	2	--	39	0	0.303374364927773	0.15899720829856906	1.7343791723251343	1000	0.29719083620515746	0.020803553519691438
['TTTCCCGCCAAA', 'TGAGTCA']	2	--	39	1	0.293776636620229	0.14882682075931467	1.9014440774917603	1000	0.28478293288034656	0.012870727448885164
['TTTCCCGCCAAA', 'TGAGTCA']	2	--	39	2	0.28155707579594424	0.15055541838313674	1.780639410018921	1000	0.2715689898666044	0.029541841525211242
['TTTCCCGCCAAA', 'TGAGTCA']	2	--	39	3	0.303383737982245	0.15645600339833587	1.6678054332733154	1000	0.29385030968829234	0.019061723980668594
['TTTCCCGCCAAA', 'TGAGTCA']	2	--	39	4	0.3022828770340722	0.14674099367181914	1.9092671871185303	1000	0.28988757143843696	0.0035944101948398883
['TTTCCCGCCAAA', 'TGAGTCA']	2	++	20	0	0.29468410307750664	0.15030692495047135	1.7283555269241333	1000	0.2885005743548911	0.012113276889666019
['TTTCCCGCCAAA', 'TGAGTCA']	2	++	20	1	0.2861356839185394	0.141185868057625	1.896147608757019	1000	0.2771419586808256	0.005229776426713587
['TTTCCCGCCAAA', 'TGAGTCA']	2	++	20	2	0.25824108684883423	0.1272394079381954	1.7644782066345215	1000	0.24825300091949443	0.006225837798342206
['TTTCCCGCCAAA', 'TGAGTCA']	2	++	20	3	0.3255224196928736	0.17859469585788018	1.6831508874893188	1000	0.31598901289675235	0.04120041644021289
['TTTCCCGCCAAA', 'TGAGTCA']	2	++	20	4	0.3113036680414655	0.15576179542812815	1.9155200719833374	1000	0.29890838394366165	0.012615210943438045
['TTTCCCGCCAAA', 'TGAGTCA']	2	++	21	0	0.29055890571607995	0.146181749086876	1.7254961729049683	1000	0.28437541998912713	0.007988097667034542
['TTTCCCGCCAAA', 'TGAGTCA']	2	++	21	1	0.31727011166302943	0.17232029580211505	1.9177284240722656	1000	0.30827638642531563	0.03636419980445664
['TTTCCCGCCAAA', 'TGAGTCA']	2	++	21	2	0.28083569456690016	0.1498340371540927	1.7801395654678345	1000	0.270847587139729	0.02882044686002259
['TTTCCCGCCAAA', 'TGAGTCA']	2	++	21	3	0.29917196885394026	0.15224423427003114	1.6648861169815063	1000	0.28963851906215626	0.014849945447062621
['TTTCCCGCCAAA', 'TGAGTCA']	2	++	21	4	0.33223326872086584	0.17669138535861284	1.9300272464752197	1000	0.319837984623062	0.03354480221753719
['TTTCCCGCCAAA', 'TGAGTCA']	2	++	22	0	0.3140895935049608	0.16971242612684118	1.7418063879013062	1000	0.3079060647823453	0.03151877940965031
['TTTCCCGCCAAA', 'TGAGTCA']	2	++	22	1	0.31283545301920646	0.16788566940503913	1.9146544933319092	1000	0.303841749279324	0.031929568032922885
['TTTCCCGCCAAA', 'TGAGTCA']	2	++	22	2	0.2925909882251808	0.16158932006345764	1.78828763961792	1000	0.28260290229584095	0.04057573783107429
['TTTCCCGCCAAA', 'TGAGTCA']	2	++	22	3	0.32129022762477893	0.17436251453870114	1.6802172660827637	1000	0.31175677783299494	0.0369682270593471
['TTTCCCGCCAAA', 'TGAGTCA']	2	++	22	4	0.3159964511464022	0.16045457853306483	1.9187726974487305	1000	0.30360114555076695	0.017307981955844577
['TTTCCCGCCAAA', 'TGAGTCA']	2	++	23	0	0.3153371556543196	0.1709599882762	1.7426711320877075	1000	0.30915362693170406	0.032766333497322365
['TTTCCCGCCAAA', 'TGAGTCA']	2	++	23	1	0.3182547553348817	0.17330492872505165	1.9184108972549438	1000	0.30926100859933653	0.037348835414622174
['TTTCCCGCCAAA', 'TGAGTCA']	2	++	23	2	0.28990676900183954	0.15890505784445363	1.7864270210266113	1000	0.279918640076837	0.037891480986528135
['TTTCCCGCCAAA', 'TGAGTCA']	2	++	23	3	0.3281285157970605	0.18120079196206704	1.6849572658538818	1000	0.3185951090009392	0.04380651791885758
['TTTCCCGCCAAA', 'TGAGTCA']	2	++	23	4	0.3376599662905282	0.1821180829282752	1.933788776397705	1000	0.32526468219272436	0.038971499787199534
['TTTCCCGCCAAA', 'TGAGTCA']	2	++	24	0	0.28832798976475027	0.14395081163771503	1.723949670791626	1000	0.28214443954430346	0.005757162905102465
['TTTCCCGCCAAA', 'TGAGTCA']	2	++	24	1	0.2783071841360838	0.13335736827516945	1.8907214403152466	1000	0.2693134803962014	-0.0025987171415250802
['TTTCCCGCCAAA', 'TGAGTCA']	2	++	24	2	0.26093444265050264	0.1299327529909481	1.7663450241088867	1000	0.25094633522333143	0.00891917478940814
['TTTCCCGCCAAA', 'TGAGTCA']	2	++	24	3	0.30676592729628166	0.1598382142102039	1.6701499223709106	1000	0.29723252050016036	0.02244392538723537
['TTTCCCGCCAAA', 'TGAGTCA']	2	++	24	4	0.31191932293589164	0.15637743957363862	1.91594660282135	1000	0.29952403883808776	0.013230853745334045
['TTTCCCGCCAAA', 'TGAGTCA']	2	++	25	0	0.2783108817630774	0.1339337036360421	1.7170065641403198	1000	0.2721273530404619	-0.004259941065727087
['TTTCCCGCCAAA', 'TGAGTCA']	2	++	25	1	0.2996514779823771	0.15470168361929412	1.9055161476135254	1000	0.2906577957403261	0.018745590308864635
['TTTCCCGCCAAA', 'TGAGTCA']	2	++	25	2	0.2731234550564279	0.14212178689470473	1.7747938632965088	1000	0.26313536912708807	0.021108208693164765
['TTTCCCGCCAAA', 'TGAGTCA']	2	++	25	3	0.28824543809233616	0.1413177250062584	1.6573125123977661	1000	0.2787120097983835	0.00392343047292842
['TTTCCCGCCAAA', 'TGAGTCA']	2	++	25	4	0.3222521050932233	0.16671022173097022	1.9231089353561401	1000	0.30985679949758804	0.0235636412771235
['TTTCCCGCCAAA', 'TGAGTCA']	2	++	26	0	0.30703475767741156	0.16265760104820765	1.7369165420532227	1000	0.30085125045262745	0.024463951643787868
['TTTCCCGCCAAA', 'TGAGTCA']	2	++	26	1	0.30377947006188033	0.158829686447713	1.9083774089813232	1000	0.2947857663219979	0.02287358776282568
['TTTCCCGCCAAA', 'TGAGTCA']	2	++	26	2	0.2866933591617934	0.1556916802511545	1.7841997146606445	1000	0.2767052517346222	0.034678108767686865
['TTTCCCGCCAAA', 'TGAGTCA']	2	++	26	3	0.308355046990254	0.16142732315526054	1.6712514162063599	1000	0.29882159719847	0.02403303030144866
['TTTCCCGCCAAA', 'TGAGTCA']	2	++	26	4	0.31730820582019553	0.16176631170902683	1.9196819067001343	1000	0.3049129002245603	0.018619728567951174
['TTTCCCGCCAAA', 'TGAGTCA']	2	++	27	0	0.29731193348919627	0.15293477685999235	1.7301770448684692	1000	0.2911284477622435	0.0147411261119581
['TTTCCCGCCAAA', 'TGAGTCA']	2	++	27	1	0.3144182523507596	0.16946844723876092	1.9157516956329346	1000	0.30542454861087714	0.03351235124110251
['TTTCCCGCCAAA', 'TGAGTCA']	2	++	27	2	0.28669439105769856	0.15569269064922833	1.7842004299163818	1000	0.27670624063486465	0.03467911647853176
['TTTCCCGCCAAA', 'TGAGTCA']	2	++	27	3	0.306729724948275	0.1598019903643659	1.6701247692108154	1000	0.297196275156491	0.02240769347971063
['TTTCCCGCCAAA', 'TGAGTCA']	2	++	27	4	0.3210107773149582	0.16546891545053655	1.9222482442855835	1000	0.3086155147149857	0.022322328278617524
['TTTCCCGCCAAA', 'TGAGTCA']	2	++	28	0	0.28399099576878606	0.13961384988849782	1.720943570137024	1000	0.27780748854400195	0.001420191414680433
['TTTCCCGCCAAA', 'TGAGTCA']	2	++	28	1	0.2833748464242387	0.13842503056332434	1.89423406124115	1000	0.27438109968869356	0.002468936077232193
['TTTCCCGCCAAA', 'TGAGTCA']	2	++	28	2	0.26075416183673567	0.1297524614282655	1.766219973564148	1000	0.2507660544095645	0.008738888601183362
['TTTCCCGCCAAA', 'TGAGTCA']	2	++	28	3	0.3151722457899735	0.16824451120606437	1.6759766340255737	1000	0.30563877450035815	0.030850215665023578
['TTTCCCGCCAAA', 'TGAGTCA']	2	++	28	4	0.29910949615601434	0.14356761279376132	1.9070676565170288	1000	0.2867141905603791	0.00042103192003507497
['TTTCCCGCCAAA', 'TGAGTCA']	2	++	29	0	0.27787866786362775	0.13350150048550816	1.7167067527770996	1000	0.27169516063884364	-0.004692148247104384
['TTTCCCGCCAAA', 'TGAGTCA']	2	++	29	1	0.30770940262108365	0.1627595867601693	1.9111014604568481	1000	0.2987156988812012	0.026803493449739806
['TTTCCCGCCAAA', 'TGAGTCA']	2	++	29	2	0.2739799286577247	0.1429782175003388	1.7753874063491821	1000	0.2639918212305535	0.021964655422172356
['TTTCCCGCCAAA', 'TGAGTCA']	2	++	29	3	0.29646672475153096	0.14953899016762187	1.6630109548568726	1000	0.2869332534619156	0.012144691939352139
['TTTCCCGCCAAA', 'TGAGTCA']	2	++	29	4	0.3190298166488263	0.1634879332865733	1.9208751916885376	1000	0.3066345110531911	0.02034134074019642
['TTTCCCGCCAAA', 'TGAGTCA']	2	+-	20	0	0.29411374411375146	0.14973659823346322	1.727960228919983	1000	0.28793023688896735	0.01154293808012777
['TTTCCCGCCAAA', 'TGAGTCA']	2	+-	20	1	0.2905629043127125	0.1456131099496295	1.8992162942886353	1000	0.2815692005728301	0.009657017311007236
['TTTCCCGCCAAA', 'TGAGTCA']	2	+-	20	2	0.26431031160212004	0.1333086434403969	1.7686851024627686	1000	0.2543222471706116	0.012295059864399088
['TTTCCCGCCAAA', 'TGAGTCA']	2	+-	20	3	0.3288660418974543	0.18193831806246083	1.6854685544967651	1000	0.3193325921056703	0.044544025208648946
['TTTCCCGCCAAA', 'TGAGTCA']	2	+-	20	4	0.3079856712518634	0.15244378788961038	1.9132200479507446	1000	0.2955903656562282	0.009297202061305814
['TTTCCCGCCAAA', 'TGAGTCA']	2	+-	21	0	0.29533669124620554	0.15095952386808595	1.728807806968689	1000	0.2891531625235901	0.012765873120051705
['TTTCCCGCCAAA', 'TGAGTCA']	2	+-	21	1	0.3224131883435876	0.1774634047294203	1.9212933778762817	1000	0.31341950610153657	0.041507308731761894
['TTTCCCGCCAAA', 'TGAGTCA']	2	+-	21	2	0.288860534043147	0.15785887663033948	1.785701870918274	1000	0.2788724266159758	0.03684529171072723
['TTTCCCGCCAAA', 'TGAGTCA']	2	+-	21	3	0.30183987122328093	0.15491214738828749	1.6667354106903076	1000	0.29230642143149693	0.017517857221704517
['TTTCCCGCCAAA', 'TGAGTCA']	2	+-	21	4	0.32931218639162374	0.1737702815315394	1.9280024766921997	1000	0.3169168592981572	0.0306236930160059
['TTTCCCGCCAAA', 'TGAGTCA']	2	+-	22	0	0.31287045148865705	0.16849327336162176	1.7409613132476807	1000	0.3066869012682102	0.030299605146599535
['TTTCCCGCCAAA', 'TGAGTCA']	2	+-	22	1	0.31571317422259976	0.17076334761276973	1.916649341583252	1000	0.30671944898488596	0.03480726505125591
['TTTCCCGCCAAA', 'TGAGTCA']	2	+-	22	2	0.2927159981145267	0.1617142977060565	1.7883743047714233	1000	0.28272786918952414	0.040700723535359924
['TTTCCCGCCAAA', 'TGAGTCA']	2	+-	22	3	0.3110372239196163	0.16410948933570715	1.6731106042861938	1000	0.30150379562566365	0.02671520991803987
['TTTCCCGCCAAA', 'TGAGTCA']	2	+-	22	4	0.3141651583821836	0.15862328576884627	1.9175034761428833	1000	0.3017698527865484	0.015476698596927251
['TTTCCCGCCAAA', 'TGAGTCA']	2	+-	23	0	0.31013007992980907	0.16575292330060512	1.7390620708465576	1000	0.3039465297093622	0.027559271208956418
['TTTCCCGCCAAA', 'TGAGTCA']	2	+-	23	1	0.31797812124096886	0.17302832687788589	1.9182192087173462	1000	0.30898441750108646	0.037072230880227465
['TTTCCCGCCAAA', 'TGAGTCA']	2	+-	23	2	0.2877410344751869	0.15673934481563237	1.784925937652588	1000	0.2777529270480157	0.03572576527047794
['TTTCCCGCCAAA', 'TGAGTCA']	2	+-	23	3	0.3201612260153586	0.17323349143144953	1.6794347763061523	1000	0.3106278192192374	0.035839225449926834
['TTTCCCGCCAAA', 'TGAGTCA']	2	+-	23	4	0.33518992996100516	0.17964804659875216	1.9320766925811768	1000	0.32279462436537	0.03650146345767652
['TTTCCCGCCAAA', 'TGAGTCA']	2	+-	24	0	0.2830946866859832	0.13871751930786358	1.7203222513198853	1000	0.27691117946119903	0.0005238687697690936
['TTTCCCGCCAAA', 'TGAGTCA']	2	+-	24	1	0.2730954218843373	0.1281456060234229	1.8871089220046997	1000	0.2641017181444548	-0.007810482584355976
['TTTCCCGCCAAA', 'TGAGTCA']	2	+-	24	2	0.25682953924187774	0.12582787108015459	1.7634997367858887	1000	0.24684143181470658	0.004814290191385704
['TTTCCCGCCAAA', 'TGAGTCA']	2	+-	24	3	0.3005754332763062	0.1536476879434814	1.6658588647842407	1000	0.2910419834845222	0.01625340315135627
['TTTCCCGCCAAA', 'TGAGTCA']	2	+-	24	4	0.30642714297191326	0.15088527035857593	1.912139892578125	1000	0.29403185887410943	0.007738684530271362
['TTTCCCGCCAAA', 'TGAGTCA']	2	+-	25	0	0.2765500373922185	0.1321728700140989	1.7157858610153198	1000	0.270366508669603	-0.006020784764778723
['TTTCCCGCCAAA', 'TGAGTCA']	2	+-	25	1	0.29446987718802564	0.1495200505781956	1.9019246101379395	1000	0.2854761734481432	0.013563966673067328
['TTTCCCGCCAAA', 'TGAGTCA']	2	+-	25	2	0.2714895123840744	0.1404878227245199	1.7736611366271973	1000	0.2615014264547346	0.019474251241052235
['TTTCCCGCCAAA', 'TGAGTCA']	2	+-	25	3	0.2844205009414846	0.1374927341108284	1.6546611785888672	1000	0.27488702965186923	9.845490310087784e-05
['TTTCCCGCCAAA', 'TGAGTCA']	2	+-	25	4	0.317559107009973	0.16201723439663565	1.9198559522628784	1000	0.30516382291216915	0.018870649911945554
['TTTCCCGCCAAA', 'TGAGTCA']	2	+-	26	0	0.3039040499945991	0.15952689336539516	1.7347463369369507	1000	0.2977205427698149	0.021333245304589833
['TTTCCCGCCAAA', 'TGAGTCA']	2	+-	26	1	0.30019849030127765	0.15524869593819465	1.9058952331542969	1000	0.29120480805922655	0.019292613376680832
['TTTCCCGCCAAA', 'TGAGTCA']	2	+-	26	2	0.28000076179262395	0.1489990936309008	1.7795608043670654	1000	0.27001267586328415	0.027985511398517453
['TTTCCCGCCAAA', 'TGAGTCA']	2	+-	26	3	0.3028450668219113	0.15591732148908652	1.6674320697784424	1000	0.29331159553229597	0.01852303266611802
['TTTCCCGCCAAA', 'TGAGTCA']	2	+-	26	4	0.3157452919826484	0.1602033978714797	1.9185986518859863	1000	0.3033499648891818	0.017056803981488365
['TTTCCCGCCAAA', 'TGAGTCA']	2	+-	27	0	0.29503724795322206	0.15066009132401811	1.7286003828048706	1000	0.2888537407284379	0.012466443263212796
['TTTCCCGCCAAA', 'TGAGTCA']	2	+-	27	1	0.3131745168153825	0.16822470095446812	1.9148896932601929	1000	0.30418081307550004	0.03226861301849648
['TTTCCCGCCAAA', 'TGAGTCA']	2	+-	27	2	0.27922572197651074	0.14822404306587186	1.7790234088897705	1000	0.2692376360471709	0.027210474269633127
['TTTCCCGCCAAA', 'TGAGTCA']	2	+-	27	3	0.3012694477660317	0.15434173467995393	1.6663401126861572	1000	0.29173601947207906	0.016947440482527595
['TTTCCCGCCAAA', 'TGAGTCA']	2	+-	27	4	0.31960847377548557	0.16406659041323257	1.921276330947876	1000	0.3072131681798504	0.02092000055408462
['TTTCCCGCCAAA', 'TGAGTCA']	2	+-	28	0	0.2831588792104177	0.13878173333012947	1.7203668355941772	1000	0.27697539348346495	0.0005880886703482566
['TTTCCCGCCAAA', 'TGAGTCA']	2	+-	28	1	0.28543027557819417	0.14048047046619552	1.8956587314605713	1000	0.2764365718383118	0.004524372453115415
['TTTCCCGCCAAA', 'TGAGTCA']	2	+-	28	2	0.26183113869426994	0.13082943828579974	1.7669665813446045	1000	0.2518430312670988	0.009815868817753778
['TTTCCCGCCAAA', 'TGAGTCA']	2	+-	28	3	0.3163022362996362	0.1693745017157271	1.6767598390579224	1000	0.3067687865078522	0.03198021423637306
['TTTCCCGCCAAA', 'TGAGTCA']	2	+-	28	4	0.30287608819256073	0.14733421557922338	1.9096784591674805	1000	0.29048080409475685	0.004187625720075426
['TTTCCCGCCAAA', 'TGAGTCA']	2	+-	29	0	0.2809906939309903	0.13661352655287068	1.7188639640808105	1000	0.2748071652083748	-0.0015801097513081074
['TTTCCCGCCAAA', 'TGAGTCA']	2	+-	29	1	0.3116578878087488	0.16670807194783444	1.9138383865356445	1000	0.30266414107320366	0.030751973262947117
['TTTCCCGCCAAA', 'TGAGTCA']	2	+-	29	2	0.2765030001372075	0.14550132122656867	1.777136206626892	1000	0.2665148927100363	0.02448773630695641
['TTTCCCGCCAAA', 'TGAGTCA']	2	+-	29	3	0.2977765231226708	0.150848810036593	1.6639189720153809	1000	0.2882430948287181	0.013454515839166669
['TTTCCCGCCAAA', 'TGAGTCA']	2	+-	29	4	0.323452866463716	0.167910983101463	1.9239411354064941	1000	0.3110575608680808	0.024764399960387356
['TTTCCCGCCAAA', 'TGAGTCA']	2	-+	20	0	0.28896122988522716	0.1445840840049389	1.724388837814331	1000	0.28277772266044304	0.006390421836181765
['TTTCCCGCCAAA', 'TGAGTCA']	2	-+	20	1	0.30280804755631313	0.15785823169539875	1.9077041149139404	1000	0.2938143438164307	0.021902147790270485
['TTTCCCGCCAAA', 'TGAGTCA']	2	-+	20	2	0.2828857277651849	0.15188407035237736	1.7815604209899902	1000	0.27289764183584503	0.03087050693059647
['TTTCCCGCCAAA', 'TGAGTCA']	2	-+	20	3	0.2951752425327081	0.14824750794879896	1.6621156930923462	1000	0.2856417927409241	0.010853219125830454
['TTTCCCGCCAAA', 'TGAGTCA']	2	-+	20	4	0.3259180872790149	0.17037621466567754	1.925649881362915	1000	0.313522803181211	0.02722963421183081
['TTTCCCGCCAAA', 'TGAGTCA']	2	-+	21	0	0.2933763040046831	0.1489991366265635	1.7274490594863892	1000	0.2871927752820676	0.010805480504071426
['TTTCCCGCCAAA', 'TGAGTCA']	2	-+	21	1	0.27627284435469035	0.13132300699594465	1.8893113136291504	1000	0.2672791191169766	-0.004633081275930613
['TTTCCCGCCAAA', 'TGAGTCA']	2	-+	21	2	0.25488927397050626	0.12388758431095173	1.7621548175811768	1000	0.24490116654333507	0.0028740067812190045
['TTTCCCGCCAAA', 'TGAGTCA']	2	-+	21	3	0.3109645397517954	0.1640367944189706	1.6730601787567139	1000	0.30143111145784274	0.0266425150013033
['TTTCCCGCCAAA', 'TGAGTCA']	2	-+	21	4	0.30506620125997314	0.14952435014446716	1.9111965894699097	1000	0.29267093866000066	0.00637776364435537
['TTTCCCGCCAAA', 'TGAGTCA']	2	-+	22	0	0.31005464403957433	0.16567748741037042	1.7390096187591553	1000	0.3038711153169589	0.027483840693179558
['TTTCCCGCCAAA', 'TGAGTCA']	2	-+	22	1	0.3028234400035653	0.15787363489156667	1.90771484375	1000	0.29382975776151427	0.021917537550293787
['TTTCCCGCCAAA', 'TGAGTCA']	2	-+	22	2	0.2911495371348055	0.16014784747525102	1.7872885465621948	1000	0.2811614512054657	0.0391342706173255
['TTTCCCGCCAAA', 'TGAGTCA']	2	-+	22	3	0.31786624652658263	0.17093851194267348	1.6778440475463867	1000	0.3083328397304613	0.033544221776090524
['TTTCCCGCCAAA', 'TGAGTCA']	2	-+	22	4	0.33125780462300336	0.17571592126075034	1.9293510913848877	1000	0.31886252052519953	0.0325693381196747
['TTTCCCGCCAAA', 'TGAGTCA']	2	-+	23	0	0.3186878936410797	0.1743107155140444	1.7449936866760254	1000	0.3125043649184642	0.03611707148408246
['TTTCCCGCCAAA', 'TGAGTCA']	2	-+	23	1	0.3073630080644146	0.16241319220350023	1.9108613729476929	1000	0.29836928282670083	0.02645709889307075
['TTTCCCGCCAAA', 'TGAGTCA']	2	-+	23	2	0.28970797855527347	0.15870629964463462	1.7862893342971802	1000	0.27971989262593366	0.03769272547393804
['TTTCCCGCCAAA', 'TGAGTCA']	2	-+	23	3	0.3196332177793785	0.17270547244655365	1.6790688037872314	1000	0.31009974648976313	0.03531117959274178
['TTTCCCGCCAAA', 'TGAGTCA']	2	-+	23	4	0.3082598330951701	0.15271794973291705	1.9134101867675781	1000	0.29586452749953485	0.009571361889190798
['TTTCCCGCCAAA', 'TGAGTCA']	2	-+	24	0	0.289596748775828	0.14521958139770835	1.7248293161392212	1000	0.2834132415510438	0.007025936024131948
['TTTCCCGCCAAA', 'TGAGTCA']	2	-+	24	1	0.3077230967396586	0.16277327012982856	1.9111108779907227	1000	0.29872937150194484	0.02681717413217016
['TTTCCCGCCAAA', 'TGAGTCA']	2	-+	24	2	0.28551540699037126	0.15451374957756378	1.7833831310272217	1000	0.27552732106103145	0.03350017003240937
['TTTCCCGCCAAA', 'TGAGTCA']	2	-+	24	3	0.2879494344523699	0.14102169986846078	1.6571073532104492	1000	0.2784159846605859	0.003627424145733248
['TTTCCCGCCAAA', 'TGAGTCA']	2	-+	24	4	0.33003225625295496	0.17449038363961764	1.9285017251968384	1000	0.3176369506573198	0.03134379243685524
['TTTCCCGCCAAA', 'TGAGTCA']	2	-+	25	0	0.2821295200493411	0.13775236342013716	1.7196533679962158	1000	0.2759460343223883	-0.00044128409482477494
['TTTCCCGCCAAA', 'TGAGTCA']	2	-+	25	1	0.2736496359767427	0.1286998201158283	1.8874928951263428	1000	0.2646559107390289	-0.007256277225444563
['TTTCCCGCCAAA', 'TGAGTCA']	2	-+	25	2	0.25011817426593297	0.11911649535529409	1.758847713470459	1000	0.24013006683876176	-0.001897083182149483
['TTTCCCGCCAAA', 'TGAGTCA']	2	-+	25	3	0.3098910885386038	0.16296336470361036	1.672316074371338	1000	0.3003576387468198	0.025569077224256317
['TTTCCCGCCAAA', 'TGAGTCA']	2	-+	25	4	0.3046596987668275	0.14911781540457453	1.910914659500122	1000	0.29226439317119235	0.005971240325185635
['TTTCCCGCCAAA', 'TGAGTCA']	2	-+	26	0	0.29747376916365814	0.15309661253445425	1.730289101600647	1000	0.2912902404410427	0.014902955068347703
['TTTCCCGCCAAA', 'TGAGTCA']	2	-+	26	1	0.295867838165564	0.15091804380248097	1.9028934240341187	1000	0.2868741559235129	0.014961939743135807
['TTTCCCGCCAAA', 'TGAGTCA']	2	-+	26	2	0.2839295549667653	0.15292786530721078	1.782283902168274	1000	0.27394144753959415	0.031914288449285295
['TTTCCCGCCAAA', 'TGAGTCA']	2	-+	26	3	0.3073431225704086	0.16041537723758378	1.6705498695373535	1000	0.2978096727786246	0.023021092445458656
['TTTCCCGCCAAA', 'TGAGTCA']	2	-+	26	4	0.3280376659617422	0.17249580409732054	1.9271191358566284	1000	0.3156424033617697	0.029349220956244895
['TTTCCCGCCAAA', 'TGAGTCA']	2	-+	27	0	0.3001114240842783	0.15573425670615876	1.7321174144744873	1000	0.29392789536166286	0.017540601927281123
['TTTCCCGCCAAA', 'TGAGTCA']	2	-+	27	1	0.288906732882735	0.14395692777073632	1.8980683088302612	1000	0.2799130291428526	0.008000828414041768
['TTTCCCGCCAAA', 'TGAGTCA']	2	-+	27	2	0.2847120760281911	0.15371038636863657	1.7828264236450195	1000	0.2747239686010199	0.03269681219793999
['TTTCCCGCCAAA', 'TGAGTCA']	2	-+	27	3	0.3061063093367287	0.15917857475281957	1.6696926355361938	1000	0.2965729025406074	0.021784299365995664
['TTTCCCGCCAAA', 'TGAGTCA']	2	-+	27	4	0.3034352037905157	0.1478933204282627	1.91006600856781	1000	0.2910398981948805	0.004746733592247272
['TTTCCCGCCAAA', 'TGAGTCA']	2	-+	28	0	0.2821453854488832	0.13776823956859494	1.7196643352508545	1000	0.27596187822409907	-0.0004254145804633975
['TTTCCCGCCAAA', 'TGAGTCA']	2	-+	28	1	0.2997937506303034	0.15484394551830472	1.9056147336959839	1000	0.29080004689042094	0.018887844146188455
['TTTCCCGCCAAA', 'TGAGTCA']	2	-+	28	2	0.2828583180302036	0.15185662837064906	1.7815414667129517	1000	0.2728702106030324	0.030843048825494653
['TTTCCCGCCAAA', 'TGAGTCA']	2	-+	28	3	0.29441187603902214	0.14748414145511302	1.6615866422653198	1000	0.28487842624723814	0.010089855991180669
['TTTCCCGCCAAA', 'TGAGTCA']	2	-+	28	4	0.3158686465389797	0.1603267739256424	1.9186841249465942	1000	0.3034733624411759	0.01718018406649445
['TTTCCCGCCAAA', 'TGAGTCA']	2	-+	29	0	0.2833317432723662	0.1389545866431623	1.7204866409301758	1000	0.27714823604758204	0.0007609427811521437
['TTTCCCGCCAAA', 'TGAGTCA']	2	-+	29	1	0.28057518384650576	0.13562537873450706	1.8922934532165527	1000	0.2715814801066233	-0.00033070905450675083
['TTTCCCGCCAAA', 'TGAGTCA']	2	-+	29	2	0.25694149994758947	0.1259398210369506	1.7635773420333862	1000	0.24695339252041826	0.004926244514928708
['TTTCCCGCCAAA', 'TGAGTCA']	2	-+	29	3	0.32136289029476844	0.174435166459775	1.6802678108215332	1000	0.3118294620008158	0.03704088972933664
['TTTCCCGCCAAA', 'TGAGTCA']	2	-+	29	4	0.29468775770883743	0.1391458850955001	1.9040026664733887	1000	0.2822924736110336	-0.0040007050995514454
['TTTCCCGCCAAA', 'TGAGTCA']	2	--	20	0	0.2888081438281279	0.14443099794783965	1.7242827415466309	1000	0.2826246581011751	0.0062373512306487956
['TTTCCCGCCAAA', 'TGAGTCA']	2	--	20	1	0.30867478423603933	0.1637249468772936	1.9117705821990967	1000	0.29968105899832553	0.02776886431577979
['TTTCCCGCCAAA', 'TGAGTCA']	2	--	20	2	0.28918055076073995	0.1581788718501011	1.7859236001968384	1000	0.27919244333356874	0.037165297679404526
['TTTCCCGCCAAA', 'TGAGTCA']	2	--	20	3	0.2993813577313657	0.1524536338963723	1.6650313138961792	1000	0.2898479294374131	0.01505935044786161
['TTTCCCGCCAAA', 'TGAGTCA']	2	--	20	4	0.3224615584641428	0.16691967510188976	1.9232538938522339	1000	0.31006627436633893	0.023773089273585204
['TTTCCCGCCAAA', 'TGAGTCA']	2	--	21	0	0.29495237451502127	0.15057519638798597	1.7285414934158325	1000	0.28876884579240575	0.012381551014409561
['TTTCCCGCCAAA', 'TGAGTCA']	2	--	21	1	0.28154329568604386	0.13659347982512948	1.8929646015167236	1000	0.27254957044833006	0.0006373849191578358
['TTTCCCGCCAAA', 'TGAGTCA']	2	--	21	2	0.26327063348199164	0.13226893307352144	1.7679643630981445	1000	0.2532825260548205	0.011255354871981496
['TTTCCCGCCAAA', 'TGAGTCA']	2	--	21	3	0.31463933604844374	0.16771160146453462	1.675607442855835	1000	0.3051058647588284	0.030317324734096245
['TTTCCCGCCAAA', 'TGAGTCA']	2	--	21	4	0.30221264361902606	0.14667079250352008	1.9092185497283936	1000	0.2898173810190536	0.003524197605817917
['TTTCCCGCCAAA', 'TGAGTCA']	2	--	22	0	0.30961518537095717	0.16523800724392188	1.738705039024353	1000	0.3034316351505103	0.02704435783950209
['TTTCCCGCCAAA', 'TGAGTCA']	2	--	22	1	0.299770597465931	0.15482077085610094	1.9055986404418945	1000	0.29077689372604854	0.01886468023290037
['TTTCCCGCCAAA', 'TGAGTCA']	2	--	22	2	0.293229473816509	0.16222779490587014	1.788730263710022	1000	0.2832413878871691	0.04121422073517355
['TTTCCCGCCAAA', 'TGAGTCA']	2	--	22	3	0.3104077674174584	0.16348004358246496	1.672674298286438	1000	0.30087433912350575	0.02608576416479767
['TTTCCCGCCAAA', 'TGAGTCA']	2	--	22	4	0.33117864960794374	0.1756367877435221	1.9292961359024048	1000	0.3187833655101399	0.03249019385353077
['TTTCCCGCCAAA', 'TGAGTCA']	2	--	23	0	0.31630204281915403	0.17192488618995008	1.7433401346206665	1000	0.31011853559436986	0.03373123947275923
['TTTCCCGCCAAA', 'TGAGTCA']	2	--	23	1	0.30389803060181886	0.1589482254898202	1.9084596633911133	1000	0.29490432686193646	0.022992126804932872
['TTTCCCGCCAAA', 'TGAGTCA']	2	--	23	2	0.28986830938154035	0.1588666197219858	1.7864004373550415	1000	0.27988020195436913	0.037853048238518136
['TTTCCCGCCAAA', 'TGAGTCA']	2	--	23	3	0.3123011029229757	0.16537336833906657	1.673986554145813	1000	0.3027676531311917	0.027979078172483615
['TTTCCCGCCAAA', 'TGAGTCA']	2	--	23	4	0.3079221236623696	0.15238024030011657	1.9131760597229004	1000	0.29552681806673436	0.009233649097354166
['TTTCCCGCCAAA', 'TGAGTCA']	2	--	24	0	0.2824870719804849	0.13810990460236527	1.719901204109192	1000	0.2763035647557007	-8.37356014445552e-05
['TTTCCCGCCAAA', 'TGAGTCA']	2	--	24	1	0.3030071819681809	0.1580573768561822	1.9078421592712402	1000	0.29401347822829843	0.02210128488936718
['TTTCCCGCCAAA', 'TGAGTCA']	2	--	24	2	0.2805728835785505	0.14957119391899593	1.7799572944641113	1000	0.2705847976492106	0.028557622435528264
['TTTCCCGCCAAA', 'TGAGTCA']	2	--	24	3	0.2832103020230257	0.13628257818803224	1.6538223028182983	1000	0.2736768952269044	-0.001111707527827815
['TTTCCCGCCAAA', 'TGAGTCA']	2	--	24	4	0.3232785405492352	0.16773666793589787	1.9238202571868896	1000	0.31088325645143133	0.02459007942036438
['TTTCCCGCCAAA', 'TGAGTCA']	2	--	25	0	0.28008501179371537	0.13570786591342715	1.7182362079620361	1000	0.2739015260667626	-0.0024857981027998923
['TTTCCCGCCAAA', 'TGAGTCA']	2	--	25	1	0.269540239521364	0.12459041291153396	1.8846445083618164	1000	0.26054653578148157	-0.01136566964997985
['TTTCCCGCCAAA', 'TGAGTCA']	2	--	25	2	0.24801342908684254	0.117011739427288	1.757388710975647	1000	0.23802530016183998	-0.0040018404537700315
['TTTCCCGCCAAA', 'TGAGTCA']	2	--	25	3	0.30576384888319813	0.158836114299289	1.6694552898406982	1000	0.29623039909141413	0.02144182950716388
['TTTCCCGCCAAA', 'TGAGTCA']	2	--	25	4	0.2986440036136228	0.14310213100028546	1.9067448377609253	1000	0.2862487410136503	-4.445373108387368e-05
['TTTCCCGCCAAA', 'TGAGTCA']	2	--	26	0	0.2954235639827226	0.1510464073535187	1.7288681268692017	1000	0.2892400567579385	0.012852756605484461
['TTTCCCGCCAAA', 'TGAGTCA']	2	--	26	1	0.29299428754145407	0.14804448242945542	1.9009016752243042	1000	0.2840005623037403	0.012088387775411467
['TTTCCCGCCAAA', 'TGAGTCA']	2	--	26	2	0.2788150274062503	0.14781335924452715	1.7787387371063232	1000	0.2688269414769105	0.02679977969937274
['TTTCCCGCCAAA', 'TGAGTCA']	2	--	26	3	0.3022328300826711	0.15530509549876195	1.6670078039169312	1000	0.29269940178871845	0.01791080264495008
['TTTCCCGCCAAA', 'TGAGTCA']	2	--	26	4	0.32709060049910343	0.17154872788576608	1.9264626502990723	1000	0.3146953164012996	0.028402128621316927
['TTTCCCGCCAAA', 'TGAGTCA']	2	--	27	0	0.2996092132459276	0.1552320351188923	1.731769323348999	1000	0.2934256845233121	0.017038389745315904
['TTTCCCGCCAAA', 'TGAGTCA']	2	--	27	1	0.28796237614684733	0.14301258178376433	1.897413969039917	1000	0.2789686939047962	0.007056489816949295
['TTTCCCGCCAAA', 'TGAGTCA']	2	--	27	2	0.27834424639734473	0.14734254598887453	1.7784125804901123	1000	0.2683561174723422	0.02632897450540688
['TTTCCCGCCAAA', 'TGAGTCA']	2	--	27	3	0.3032464958268565	0.15631877199186303	1.6677104234695435	1000	0.2937130675329038	0.018924484512508992
['TTTCCCGCCAAA', 'TGAGTCA']	2	--	27	4	0.3015453939293411	0.14600351056708807	1.9087560176849365	1000	0.2891501098315372	0.002856928097819652
['TTTCCCGCCAAA', 'TGAGTCA']	2	--	28	0	0.2819136173290142	0.13753643920197892	1.71950364112854	1000	0.27573006710856734	-0.0006572172564167796
['TTTCCCGCCAAA', 'TGAGTCA']	2	--	28	1	0.3072645264989643	0.1623147321358813	1.9107930660247803	1000	0.29827082275908184	0.026358633450993953
['TTTCCCGCCAAA', 'TGAGTCA']	2	--	28	2	0.2842767449431946	0.1532750445347244	1.7825247049331665	1000	0.27428861601819204	0.03226146767679891
['TTTCCCGCCAAA', 'TGAGTCA']	2	--	28	3	0.2966510901532559	0.1497233555693468	1.663138747215271	1000	0.2871176403614719	0.01232905868469153
['TTTCCCGCCAAA', 'TGAGTCA']	2	--	28	4	0.31801836518127075	0.16247650331684912	1.9201743602752686	1000	0.30562305958563557	0.019329909426857785
['TTTCCCGCCAAA', 'TGAGTCA']	2	--	29	0	0.2848644311590242	0.14048727452982027	1.7215490341186523	1000	0.27868092393424004	0.002293630163954714
['TTTCCCGCCAAA', 'TGAGTCA']	2	--	29	1	0.2834609237409955	0.1385110971311655	1.8942936658859253	1000	0.27446717700545037	0.0025550080195311893
['TTTCCCGCCAAA', 'TGAGTCA']	2	--	29	2	0.2595340309201895	0.12853235200955065	1.7653743028640747	1000	0.24954594499084967	0.007518777167046834
['TTTCCCGCCAAA', 'TGAGTCA']	2	--	29	3	0.3239817991064446	0.1770540967692825	1.682083010673523	1000	0.3144483923103233	0.039659809289928454
['TTTCCCGCCAAA', 'TGAGTCA']	2	--	29	4	0.29832381491337895	0.14278192080221025	1.9065229892730713	1000	0.2859285308155751	-0.0003646586019376719
['TTTCCCGCCAAA', 'TGAGTCA']	2	++	40	0	0.27688993960381747	0.13251273997895086	1.7160216569900513	1000	0.2707063893833706	-0.005680905394625558
['TTTCCCGCCAAA', 'TGAGTCA']	2	++	40	1	0.2792472198078686	0.13429739319803854	1.8913729190826416	1000	0.2702534945701548	-0.0016586928904632349
['TTTCCCGCCAAA', 'TGAGTCA']	2	++	40	2	0.2568640432612071	0.12586237509948395	1.7635236978530884	1000	0.24687595733186726	0.004848792195293365
['TTTCCCGCCAAA', 'TGAGTCA']	2	++	40	3	0.3023645257975693	0.15543680196257584	1.667099118232727	1000	0.29283109750361663	0.018042515826836254
['TTTCCCGCCAAA', 'TGAGTCA']	2	++	40	4	0.30331552536334655	0.14777364200109352	1.9099829196929932	1000	0.2909202412655427	0.0046270591959214945
['TTTCCCGCCAAA', 'TGAGTCA']	2	++	41	0	0.2697509612643337	0.12537379388621406	1.7110732793807983	1000	0.2635674110438868	-0.012819863579892489
['TTTCCCGCCAAA', 'TGAGTCA']	2	++	41	1	0.295117026405391	0.1501672427912237	1.9023730754852295	1000	0.2861233226655086	0.014211142762721916
['TTTCCCGCCAAA', 'TGAGTCA']	2	++	41	2	0.2690738870657181	0.13807220815507928	1.771986961364746	1000	0.25908577963854695	0.01705863264076824
['TTTCCCGCCAAA', 'TGAGTCA']	2	++	41	3	0.28795313207936346	0.1410253974954543	1.6571098566055298	1000	0.27841968228757946	0.00363110968019666
['TTTCCCGCCAAA', 'TGAGTCA']	2	++	41	4	0.3092844842311793	0.1537426008689263	1.9141203165054321	1000	0.29688917863554415	0.010596017727850664
['TTTCCCGCCAAA', 'TGAGTCA']	2	++	42	0	0.2741857918908075	0.12980862451268788	1.7141472101211548	1000	0.2680022846660233	-0.008385023548117454
['TTTCCCGCCAAA', 'TGAGTCA']	2	++	42	1	0.26761732299989827	0.12266751788789962	1.8833117485046387	1000	0.25862361926001587	-0.013288575422529876
['TTTCCCGCCAAA', 'TGAGTCA']	2	++	42	2	0.2588259138530932	0.1278242241935387	1.7648833990097046	1000	0.2488377849280907	0.006810641289348139
['TTTCCCGCCAAA', 'TGAGTCA']	2	++	42	3	0.28735938347509093	0.1404316703890132	1.656698226928711	1000	0.27782593368330694	0.00303737249664708
['TTTCCCGCCAAA', 'TGAGTCA']	2	++	42	4	0.2948552473129465	0.1393133424528621	1.9041187763214111	1000	0.28245994171731126	-0.0038332326265267907
['TTTCCCGCCAAA', 'TGAGTCA']	2	++	43	0	0.2666397091189	0.12226253099186474	1.7089167833328247	1000	0.26045615889845314	-0.015931126474241806
['TTTCCCGCCAAA', 'TGAGTCA']	2	++	43	1	0.27094630518132423	0.12599650006932556	1.8856191635131836	1000	0.2619525799436105	-0.00995959928736899
['TTTCCCGCCAAA', 'TGAGTCA']	2	++	43	2	0.2540580388232236	0.12305635991258475	1.7615785598754883	1000	0.2440699313960524	0.002042777512249597
['TTTCCCGCCAAA', 'TGAGTCA']	2	++	43	3	0.28451926197874255	0.13759154889266476	1.6547296047210693	1000	0.2749858336847899	0.0001972572145155347
['TTTCCCGCCAAA', 'TGAGTCA']	2	++	43	4	0.3004708678245816	0.14492900596015995	1.9080111980438232	1000	0.2880756052246091	0.0017824117342650153
['TTTCCCGCCAAA', 'TGAGTCA']	2	++	44	0	0.2852877449562916	0.14091058832708772	1.7218425273895264	1000	0.27910425922933885	0.00271694127399324
['TTTCCCGCCAAA', 'TGAGTCA']	2	++	44	1	0.28037607093246936	0.1354262335737236	1.892155408859253	1000	0.27138234569475556	-0.0005298496595974263
['TTTCCCGCCAAA', 'TGAGTCA']	2	++	44	2	0.2597359600501338	0.12873429188841062	1.7655142545700073	1000	0.24974787412079397	0.007720713686870659
['TTTCCCGCCAAA', 'TGAGTCA']	2	++	44	3	0.2980587896483994	0.1511310658134059	1.6641144752502441	1000	0.28852536135444673	0.013736774303208493
['TTTCCCGCCAAA', 'TGAGTCA']	2	++	44	4	0.2943597652958107	0.1388178819335577	1.9037753343582153	1000	0.28196445970017553	-0.004328709605108318
['TTTCCCGCCAAA', 'TGAGTCA']	2	++	45	0	0.2807540243055717	0.1363768569274521	1.7186999320983887	1000	0.27457051708078756	-0.0018167872704616416
['TTTCCCGCCAAA', 'TGAGTCA']	2	++	45	1	0.2966272490582801	0.15167744394628138	1.9034199714660645	1000	0.28763354531839763	0.015721343917779598
['TTTCCCGCCAAA', 'TGAGTCA']	2	++	45	2	0.264233112889714	0.13323143397907516	1.7686313390731812	1000	0.2542450269603742	0.012217851746691825
['TTTCCCGCCAAA', 'TGAGTCA']	2	++	45	3	0.2874690869085101	0.14054139532026366	1.6567744016647339	1000	0.27793570161022013	0.003147106497295156
['TTTCCCGCCAAA', 'TGAGTCA']	2	++	45	4	0.3034192953953109	0.14787741203305788	1.9100549221038818	1000	0.29102396830184435	0.004730812096801478
['TTTCCCGCCAAA', 'TGAGTCA']	2	++	46	0	0.29108790285230257	0.1467107247252673	1.725862741470337	1000	0.28490437412968705	0.008517074649040285
['TTTCCCGCCAAA', 'TGAGTCA']	2	++	46	1	0.28349798600225645	0.13854815939242643	1.8943192958831787	1000	0.27450426076454265	0.002592058692117408
['TTTCCCGCCAAA', 'TGAGTCA']	2	++	46	2	0.26293997533787655	0.1319382964272377	1.7677351236343384	1000	0.25295188940853675	0.010924718225697747
['TTTCCCGCCAAA', 'TGAGTCA']	2	++	46	3	0.2965238014937861	0.14959606690987695	1.6630505323410034	1000	0.28699037319983345	0.01220179152305305
['TTTCCCGCCAAA', 'TGAGTCA']	2	++	46	4	0.3055682616135044	0.1500263675023357	1.9115444421768188	1000	0.2931729560178692	0.006879790407525128
['TTTCCCGCCAAA', 'TGAGTCA']	2	++	47	0	0.28779357517502546	0.14341642929473725	1.7235795259475708	1000	0.2816100894480727	0.005222776867184917
['TTTCCCGCCAAA', 'TGAGTCA']	2	++	47	1	0.2868358037923705	0.1418860094292875	1.8966329097747803	1000	0.27784210005248805	0.005929908057171247
['TTTCCCGCCAAA', 'TGAGTCA']	2	++	47	2	0.2597378303614619	0.1287361407019074	1.7655155658721924	1000	0.24974972293429074	0.007722573921090343
['TTTCCCGCCAAA', 'TGAGTCA']	2	++	47	3	0.2881237388690194	0.14119599353619455	1.6572281122207642	1000	0.27859026757940397	0.0038017094158766516
['TTTCCCGCCAAA', 'TGAGTCA']	2	++	47	4	0.3184656060648395	0.16292373345150216	1.920484185218811	1000	0.30607032196703565	0.019777143592354218
['TTTCCCGCCAAA', 'TGAGTCA']	2	++	48	0	0.28186606412605064	0.13748889674793102	1.719470739364624	1000	0.2756825569012665	-0.0007047501372116408
['TTTCCCGCCAAA', 'TGAGTCA']	2	++	48	1	0.28056262911299273	0.1356128025031627	1.892284631729126	1000	0.271568903875279	-0.00034328923271856955
['TTTCCCGCCAAA', 'TGAGTCA']	2	++	48	2	0.25054101511091054	0.11953933620027167	1.7591407299041748	1000	0.24055288618590798	-0.0014742428410273324
['TTTCCCGCCAAA', 'TGAGTCA']	2	++	48	3	0.2985097066611303	0.15158197207722116	1.6644270420074463	1000	0.28897627836717765	0.014187691315939421
['TTTCCCGCCAAA', 'TGAGTCA']	2	++	48	4	0.30091613090766545	0.14537423679649672	1.9083199501037598	1000	0.2885208253120302	0.002227645593734325
['TTTCCCGCCAAA', 'TGAGTCA']	2	++	49	0	0.2767782798677448	0.1324011232385409	1.7159441709518433	1000	0.27059472964729797	-0.005792534227565659
['TTTCCCGCCAAA', 'TGAGTCA']	2	++	49	1	0.2963404679879663	0.15139065212705197	1.9032210111618042	1000	0.2873467427502525	0.015434550754935725
['TTTCCCGCCAAA', 'TGAGTCA']	2	++	49	2	0.2573911055926075	0.12638940518413733	1.763888955116272	1000	0.247402976667605	0.005375821944043149
['TTTCCCGCCAAA', 'TGAGTCA']	2	++	49	3	0.28714195440873763	0.14021421982482854	1.6565474271774292	1000	0.27760850461695363	0.00281993436089617
['TTTCCCGCCAAA', 'TGAGTCA']	2	++	49	4	0.3087414705089114	0.15319959789557402	1.9137438535690308	1000	0.29634616491327614	0.010053013410883922
['TTTCCCGCCAAA', 'TGAGTCA']	2	+-	40	0	0.2761807906408161	0.13180363401161213	1.7155300378799438	1000	0.26999726191820056	-0.006390022110879954
['TTTCCCGCCAAA', 'TGAGTCA']	2	+-	40	1	0.2829394508457481	0.13798963498483377	1.8939321041107178	1000	0.2739457256080343	0.0020335386512717528
['TTTCCCGCCAAA', 'TGAGTCA']	2	+-	40	2	0.25769738519596286	0.12669572778315535	1.7641011476516724	1000	0.24770929926662302	0.005682146894386474
['TTTCCCGCCAAA', 'TGAGTCA']	2	+-	40	3	0.3005904172647626	0.15366265043410646	1.6658693552017212	1000	0.29105694597514725	0.016268372360053636
['TTTCCCGCCAAA', 'TGAGTCA']	2	+-	40	4	0.3038267007973735	0.1482848174351205	1.9103373289108276	1000	0.29143139520173833	0.005138226568261719
['TTTCCCGCCAAA', 'TGAGTCA']	2	+-	41	0	0.2718950044791462	0.12751785859885797	1.7125593423843384	1000	0.26571149725436205	-0.010675798195441339
['TTTCCCGCCAAA', 'TGAGTCA']	2	+-	41	1	0.29694109589827333	0.15199128003735898	1.903637409210205	1000	0.28794737066055953	0.016035188070543945
['TTTCCCGCCAAA', 'TGAGTCA']	2	+-	41	2	0.2713030186970451	0.14030131828857487	1.7735320329666138	1000	0.2613149112698739	0.01928774949233612
['TTTCCCGCCAAA', 'TGAGTCA']	2	+-	41	3	0.28740891447853945	0.14048117989463033	1.6567326784133911	1000	0.2778754861845868	0.0030868930870835047
['TTTCCCGCCAAA', 'TGAGTCA']	2	+-	41	4	0.3103767245489777	0.154834862684556	1.9148774147033691	1000	0.2979814404511738	0.011688262076492383
['TTTCCCGCCAAA', 'TGAGTCA']	2	+-	42	0	0.2731528855875568	0.1287757182094372	1.7134312391281128	1000	0.2669693783627727	-0.009417923133295826
['TTTCCCGCCAAA', 'TGAGTCA']	2	+-	42	1	0.2680954347692969	0.12314560815946686	1.8836431503295898	1000	0.2591017095315831	-0.012810478432890326
['TTTCCCGCCAAA', 'TGAGTCA']	2	+-	42	2	0.2614264635167898	0.13042478460615092	1.7666860818862915	1000	0.25143835608961856	0.009411207076418187
['TTTCCCGCCAAA', 'TGAGTCA']	2	+-	42	3	0.2865618569273774	0.13963414384129963	1.656145453453064	1000	0.2770284501312561	0.002239854514475702
['TTTCCCGCCAAA', 'TGAGTCA']	2	+-	42	4	0.2950949266347552	0.13955305402141782	1.904284954071045	1000	0.2826996425369513	-0.0035935438994168897
['TTTCCCGCCAAA', 'TGAGTCA']	2	+-	43	0	0.2650859748553427	0.12070882897505444	1.7078396081924438	1000	0.25890244613272717	-0.01748482714743764
['TTTCCCGCCAAA', 'TGAGTCA']	2	+-	43	1	0.27301514898204704	0.12806534387004836	1.8870532512664795	1000	0.2640214452421646	-0.007890743394116053
['TTTCCCGCCAAA', 'TGAGTCA']	2	+-	43	2	0.25641288977233123	0.1254112108616924	1.7632107734680176	1000	0.24642480384299142	0.004397635683284968
['TTTCCCGCCAAA', 'TGAGTCA']	2	+-	43	3	0.283777909264367	0.13685019617828928	1.6542158126831055	1000	0.2742445024682458	-0.0005440918888960989
['TTTCCCGCCAAA', 'TGAGTCA']	2	+-	43	4	0.30093698380408257	0.14539511119074522	1.9083342552185059	1000	0.2885416997062787	0.0022485287214767872
['TTTCCCGCCAAA', 'TGAGTCA']	2	+-	44	0	0.2848811134761579	0.14050396759586964	1.7215605974197388	1000	0.27869760625137374	0.002310317855546246
['TTTCCCGCCAAA', 'TGAGTCA']	2	+-	44	1	0.28237154263476777	0.1374217375227691	1.8935385942459106	1000	0.2733778603927167	0.0014656463957131117
['TTTCCCGCCAAA', 'TGAGTCA']	2	+-	44	2	0.2610775322160205	0.130075874803213	1.7664440870285034	1000	0.251089467784512	0.009062292570829654
['TTTCCCGCCAAA', 'TGAGTCA']	2	+-	44	3	0.3075209526314007	0.16059322879640728	1.6706732511520386	1000	0.2979875243374481	0.023198944004282157
['TTTCCCGCCAAA', 'TGAGTCA']	2	+-	44	4	0.2959884839951442	0.1404466113818069	1.9049042463302612	1000	0.2835931998973404	-0.0026999727669795963
['TTTCCCGCCAAA', 'TGAGTCA']	2	+-	45	0	0.28338348855244455	0.1390063426721563	1.720522403717041	1000	0.2771999813276604	0.0008126785719533685
['TTTCCCGCCAAA', 'TGAGTCA']	2	+-	45	1	0.3012732743800134	0.15632348001693042	1.9066404104232788	1000	0.29227959213796234	0.02036738939372984
['TTTCCCGCCAAA', 'TGAGTCA']	2	+-	45	2	0.26623329261707984	0.13523162445535666	1.7700178623199463	1000	0.25624518518990863	0.014218042222973326
['TTTCCCGCCAAA', 'TGAGTCA']	2	+-	45	3	0.2979388102515912	0.1510110649187664	1.6640315055847168	1000	0.28840533896197584	0.013616780126641269
['TTTCCCGCCAAA', 'TGAGTCA']	2	+-	45	4	0.3055187306100559	0.1499768364988872	1.9115101099014282	1000	0.2931234250144207	0.006830252686004339
['TTTCCCGCCAAA', 'TGAGTCA']	2	+-	46	0	0.2909597327817471	0.14658257615254314	1.7257740497589111	1000	0.28477624705479426	0.008388930107159513
['TTTCCCGCCAAA', 'TGAGTCA']	2	+-	46	1	0.2893608100766755	0.14441099421576117	1.8983830213546753	1000	0.2803671063367931	0.00845490359256061
['TTTCCCGCCAAA', 'TGAGTCA']	2	+-	46	2	0.2674544984251939	0.13645281951455507	1.7708642482757568	1000	0.25746639099802276	0.015439238625786196
['TTTCCCGCCAAA', 'TGAGTCA']	2	+-	46	3	0.29912512507941147	0.152197368997671	1.6648536920547485	1000	0.2895916537897961	0.014803076143859126
['TTTCCCGCCAAA', 'TGAGTCA']	2	+-	46	4	0.30571234007926473	0.15017044596809603	1.9116443395614624	1000	0.2933170344836295	0.007023854093526387
['TTTCCCGCCAAA', 'TGAGTCA']	2	+-	47	0	0.285046625279782	0.14066947939949373	1.7216753959655762	1000	0.2788631395528292	0.0024758247885679242
['TTTCCCGCCAAA', 'TGAGTCA']	2	+-	47	1	0.28992160250547644	0.1449717866445621	1.89877188205719	1000	0.28092787726776264	0.009015692662325363
['TTTCCCGCCAAA', 'TGAGTCA']	2	+-	47	2	0.26244696557134695	0.13144526516287675	1.7673933506011963	1000	0.2524588581441758	0.01043170174109585
['TTTCCCGCCAAA', 'TGAGTCA']	2	+-	47	3	0.2907406053867165	0.14381288155172303	1.6590420007705688	1000	0.2812071770927638	0.006418590713332849
['TTTCCCGCCAAA', 'TGAGTCA']	2	+-	47	4	0.3189395472549547	0.16339767464161736	1.920812726020813	1000	0.30654426315715083	0.020251086126083864
['TTTCCCGCCAAA', 'TGAGTCA']	2	+-	48	0	0.28344985235784625	0.13907270647755798	1.7205686569213867	1000	0.2772663451330621	0.0008790525384394075
['TTTCCCGCCAAA', 'TGAGTCA']	2	+-	48	1	0.2817597788478174	0.13680996298690307	1.893114447593689	1000	0.27276605361010364	0.0008538575839434285
['TTTCCCGCCAAA', 'TGAGTCA']	2	+-	48	2	0.2522340553216667	0.1212323656621122	1.7603143453598022	1000	0.2422459693923269	0.0002187942626204331
['TTTCCCGCCAAA', 'TGAGTCA']	2	+-	48	3	0.30195402470779115	0.15502632237062902	1.6668145656585693	1000	0.29242061791166984	0.017632024142359305
['TTTCCCGCCAAA', 'TGAGTCA']	2	+-	48	4	0.300524956368278	0.14498306225710927	1.9080487489700317	1000	0.28812967227047415	0.0018364848263950802
['TTTCCCGCCAAA', 'TGAGTCA']	2	+-	49	0	0.2802970449043979	0.13591989902410961	1.7183830738067627	1000	0.27411355917744507	-0.0022737570983824558
['TTTCCCGCCAAA', 'TGAGTCA']	2	+-	49	1	0.29611643908738616	0.1511666232264718	1.9030659198760986	1000	0.2871227353475037	0.015210537977729076
['TTTCCCGCCAAA', 'TGAGTCA']	2	+-	49	2	0.25984686736210894	0.1288451777025544	1.765591025352478	1000	0.2498587814327691	0.007831607562701213
['TTTCCCGCCAAA', 'TGAGTCA']	2	+-	49	3	0.2900108829991056	0.14308316991302783	1.6585360765457153	1000	0.2804774762029843	0.00568888444909547
['TTTCCCGCCAAA', 'TGAGTCA']	2	+-	49	4	0.30855194562766053	0.1530100730143232	1.913612723350525	1000	0.2961566615298567	0.009863495247705406
['TTTCCCGCCAAA', 'TGAGTCA']	2	-+	40	0	0.2783473420850603	0.13397018545585637	1.717031717300415	1000	0.2721638348602761	-0.004223478392418867
['TTTCCCGCCAAA', 'TGAGTCA']	2	-+	40	1	0.3017059827295842	0.15675613462192284	1.906940221786499	1000	0.29271223599403906	0.02080004802956565
['TTTCCCGCCAAA', 'TGAGTCA']	2	-+	40	2	0.2775425062746851	0.14654081661513052	1.7778568267822266	1000	0.26755439884751386	0.02552723975720502
['TTTCCCGCCAAA', 'TGAGTCA']	2	-+	40	3	0.28920198409860376	0.14227423876577894	1.6579755544662476	1000	0.27966853430681976	0.0048799616994369445
['TTTCCCGCCAAA', 'TGAGTCA']	2	-+	40	4	0.3177811796078996	0.16223931774347794	1.920009732246399	1000	0.3053859170079271	0.019092731915173373
['TTTCCCGCCAAA', 'TGAGTCA']	2	-+	41	0	0.2722350786733961	0.12785792204419213	1.7127951383590698	1000	0.26605154995078056	-0.010335732062878251
['TTTCCCGCCAAA', 'TGAGTCA']	2	-+	41	1	0.27449069563295586	0.1295408797720415	1.8880759477615356	1000	0.26549697039524206	-0.006415223615496425
['TTTCCCGCCAAA', 'TGAGTCA']	2	-+	41	2	0.25050107214024764	0.11949939322960877	1.759113073348999	1000	0.24051296471307643	-0.0015141898425335993
['TTTCCCGCCAAA', 'TGAGTCA']	2	-+	41	3	0.29910592751600895	0.1521781929320998	1.6648404598236084	1000	0.2895724992220563	0.014783906796360222
['TTTCCCGCCAAA', 'TGAGTCA']	2	-+	41	4	0.29860107244440115	0.14305918908214815	1.9067151546478271	1000	0.286205766848766	-8.740708568957201e-05
['TTTCCCGCCAAA', 'TGAGTCA']	2	-+	42	0	0.26748947539681317	0.12311231876760922	1.709505558013916	1000	0.261305968172029	-0.015081336011268391
['TTTCCCGCCAAA', 'TGAGTCA']	2	-+	42	1	0.2631339287723871	0.11818412366038841	1.8802040815353394	1000	0.25414022503250466	-0.017771968306426616
['TTTCCCGCCAAA', 'TGAGTCA']	2	-+	42	2	0.25602650924933656	0.12502484108761341	1.762943148612976	1000	0.24603842331999676	0.00401125583209754
['TTTCCCGCCAAA', 'TGAGTCA']	2	-+	42	3	0.2817460632314111	0.13481832864750198	1.652807354927063	1000	0.2722126134396271	-0.002575947914984581
['TTTCCCGCCAAA', 'TGAGTCA']	2	-+	42	4	0.3061942354669823	0.15065233060689792	1.9119783639907837	1000	0.2937989298713471	0.007505752840280126
['TTTCCCGCCAAA', 'TGAGTCA']	2	-+	43	0	0.270741194372339	0.1263640269942194	1.7117595672607422	1000	0.26455768714755484	-0.011829614348513633
['TTTCCCGCCAAA', 'TGAGTCA']	2	-+	43	1	0.26617215278469813	0.12122233692378376	1.8823100328445435	1000	0.2571784490448157	-0.014733756386645735
['TTTCCCGCCAAA', 'TGAGTCA']	2	-+	43	2	0.2584998777427201	0.12749822032991256	1.7646574974060059	1000	0.24851179181338023	0.006484644143794306
['TTTCCCGCCAAA', 'TGAGTCA']	2	-+	43	3	0.28609911610739963	0.13917138152349054	1.6558246612548828	1000	0.27656566631561563	0.0017770843029316478
['TTTCCCGCCAAA', 'TGAGTCA']	2	-+	43	4	0.290574706622128	0.13503283400879063	1.9011517763137817	1000	0.27817940102649275	-0.00811375920939348
['TTTCCCGCCAAA', 'TGAGTCA']	2	-+	44	0	0.2848244881883613	0.1404473208102417	1.7215213775634766	1000	0.2786409594657458	0.0022536665352195064
['TTTCCCGCCAAA', 'TGAGTCA']	2	-+	44	1	0.29602008580724026	0.15107030219307296	1.9029990434646606	1000	0.2870264035651892	0.015114196790113327
['TTTCCCGCCAAA', 'TGAGTCA']	2	-+	44	2	0.27663761955717037	0.1456359083997845	1.7772295475006104	1000	0.2666495121299992	0.024622336916316837
['TTTCCCGCCAAA', 'TGAGTCA']	2	-+	44	3	0.28500904707056846	0.138081323235575	1.65506911277771	1000	0.2754756187766158	0.0006870335308595149
['TTTCCCGCCAAA', 'TGAGTCA']	2	-+	44	4	0.3094572193061397	0.15391534669280232	1.9142400026321411	1000	0.2970619352083358	0.010768756161847146
['TTTCCCGCCAAA', 'TGAGTCA']	2	-+	45	0	0.28294052573731604	0.1385633691081121	1.7202155590057373	1000	0.27675701851253187	0.00036972075339111965
['TTTCCCGCCAAA', 'TGAGTCA']	2	-+	45	1	0.27604283905699273	0.13109302319607835	1.8891518115997314	1000	0.2670491138192789	-0.0048630660835077485
['TTTCCCGCCAAA', 'TGAGTCA']	2	-+	45	2	0.25297508556857184	0.12197342815576435	1.7608281373977661	1000	0.242986999639232	0.0009598448316942653
['TTTCCCGCCAAA', 'TGAGTCA']	2	-+	45	3	0.29845146903598185	0.15152371295424139	1.6643867492675781	1000	0.2889179977463665	0.014129429505730724
['TTTCCCGCCAAA', 'TGAGTCA']	2	-+	45	4	0.2892278889853899	0.13368599487422125	1.90021812915802	1000	0.27683258338975475	-0.009460588938661632
['TTTCCCGCCAAA', 'TGAGTCA']	2	-+	46	0	0.28576856545244134	0.1413914195721531	1.7221758365631104	1000	0.27958507972548857	0.0031977681523116214
['TTTCCCGCCAAA', 'TGAGTCA']	2	-+	46	1	0.28111480091141916	0.13616497430158914	1.8926674127578735	1000	0.2721210971715367	0.00020888531591868297
['TTTCCCGCCAAA', 'TGAGTCA']	2	-+	46	2	0.26760853038687293	0.13660682997840273	1.7709710597991943	1000	0.2576204229597017	0.01559325177686276
['TTTCCCGCCAAA', 'TGAGTCA']	2	-+	46	3	0.2919698943794211	0.1450421705444277	1.6598939895629883	1000	0.28243648758329987	0.007647888439531478
['TTTCCCGCCAAA', 'TGAGTCA']	2	-+	46	4	0.3151103320356629	0.1595684379244942	1.9181585311889648	1000	0.302715047937859	0.016421856127033015
['TTTCCCGCCAAA', 'TGAGTCA']	2	-+	47	0	0.29085131921820945	0.14647415184008983	1.7256989479064941	1000	0.28466779049559393	0.008280503107477272
['TTTCCCGCCAAA', 'TGAGTCA']	2	-+	47	1	0.2856891954590681	0.1407393795981538	1.8958381414413452	1000	0.2766954702213544	0.004783277554230314
['TTTCCCGCCAAA', 'TGAGTCA']	2	-+	47	2	0.2631468274712018	0.13214513781164727	1.7678784132003784	1000	0.2531587200440306	0.011131558938300081
['TTTCCCGCCAAA', 'TGAGTCA']	2	-+	47	3	0.2929075222940938	0.14597979845910036	1.6605439186096191	1000	0.2833740940001412	0.008585515010589692
['TTTCCCGCCAAA', 'TGAGTCA']	2	-+	47	4	0.3058103486924252	0.1502684868280035	1.9117121696472168	1000	0.2934150645946213	0.007121893609819407
['TTTCCCGCCAAA', 'TGAGTCA']	2	-+	48	0	0.2823523020757025	0.13797512394866723	1.719807744026184	1000	0.27616875185525563	-0.0002185208160838745
['TTTCCCGCCAAA', 'TGAGTCA']	2	-+	48	1	0.29747346819401915	0.15252366308202048	1.9040063619613647	1000	0.28847974295630535	0.01656755902267531
['TTTCCCGCCAAA', 'TGAGTCA']	2	-+	48	2	0.26528179860118134	0.1342801196905425	1.7693583965301514	1000	0.25529371267184153	0.013266544176231458
['TTTCCCGCCAAA', 'TGAGTCA']	2	-+	48	3	0.28512825254544777	0.13820053945936997	1.6551518440246582	1000	0.27559484574932647	0.0008062441702568792
['TTTCCCGCCAAA', 'TGAGTCA']	2	-+	48	4	0.3137453487314275	0.1582035083648372	1.9172123670578003	1000	0.3013501076292864	0.015056926567376012
['TTTCCCGCCAAA', 'TGAGTCA']	2	-+	49	0	0.2800458857406441	0.13566872911144018	1.7182092666625977	1000	0.27386237851586	-0.002524917101895267
['TTTCCCGCCAAA', 'TGAGTCA']	2	-+	49	1	0.27899965078195155	0.1340498349210372	1.8912012577056885	1000	0.27000592554423775	-0.001906260572765788
['TTTCCCGCCAAA', 'TGAGTCA']	2	-+	49	2	0.2497554413574319	0.11875377319570875	1.7585963010787964	1000	0.23976735542809208	-0.0022598083648673597
['TTTCCCGCCAAA', 'TGAGTCA']	2	-+	49	3	0.2961251457090861	0.14919743262300833	1.6627742052078247	1000	0.2865917389129648	0.011803147830883199
['TTTCCCGCCAAA', 'TGAGTCA']	2	-+	49	4	0.2961527274267182	0.14061086556229657	1.9050182104110718	1000	0.28375746482674574	-0.0025357184185381275
['TTTCCCGCCAAA', 'TGAGTCA']	2	--	40	0	0.27584131838584425	0.1314641617566403	1.7152947187423706	1000	0.2696578326588914	-0.006729483616936102
['TTTCCCGCCAAA', 'TGAGTCA']	2	--	40	1	0.303887045209995	0.15893722934908067	1.9084519147872925	1000	0.29489331997228124	0.02298113872588009
['TTTCCCGCCAAA', 'TGAGTCA']	2	--	40	2	0.2776953773534707	0.1466936876939162	1.7779626846313477	1000	0.26770724842846816	0.02568010277430394
['TTTCCCGCCAAA', 'TGAGTCA']	2	--	40	3	0.28661502106432535	0.13968731872716328	1.6561824083328247	1000	0.2770815927703727	0.0022930282246766943
['TTTCCCGCCAAA', 'TGAGTCA']	2	--	40	4	0.318386214573635	0.16284433121138195	1.9204292297363281	1000	0.3059909304758311	0.019697745383077378
['TTTCCCGCCAAA', 'TGAGTCA']	2	--	41	0	0.2735644830667342	0.12918732643753028	1.7137165069580078	1000	0.26738099733978143	-0.00900632162327503
['TTTCCCGCCAAA', 'TGAGTCA']	2	--	41	1	0.27840388138153144	0.13345407626953276	1.8907884359359741	1000	0.269410177641649	-0.0025020203999328882
['TTTCCCGCCAAA', 'TGAGTCA']	2	--	41	2	0.2520476261281314	0.12104595796640827	1.7601850032806396	1000	0.24205951870096024	3.2374015143144014e-05
['TTTCCCGCCAAA', 'TGAGTCA']	2	--	41	3	0.29799472611095296	0.1510670022759595	1.6640700101852417	1000	0.2884612978170003	0.013672722858292236
['TTTCCCGCCAAA', 'TGAGTCA']	2	--	41	4	0.29897698352352453	0.14343510016127153	1.9069758653640747	1000	0.28658167792788936	0.0002885112258585217
['TTTCCCGCCAAA', 'TGAGTCA']	2	--	42	0	0.26640899439276755	0.12203182701464796	1.7087568044662476	1000	0.26022548716798344	-0.016161831795073047
['TTTCCCGCCAAA', 'TGAGTCA']	2	--	42	1	0.263972989130284	0.11902319476720102	1.8807857036590576	1000	0.2549792853904016	-0.01693289316877063
['TTTCCCGCCAAA', 'TGAGTCA']	2	--	42	2	0.25956470832553713	0.12856304016381398	1.7653955221176147	1000	0.24957660089836595	0.0075494626340812465
['TTTCCCGCCAAA', 'TGAGTCA']	2	--	42	3	0.2808424018902838	0.13391466730637472	1.6521811485290527	1000	0.2713089520984998	-0.0034796245397263324
['TTTCCCGCCAAA', 'TGAGTCA']	2	--	42	4	0.3066139161307503	0.1510720220195816	1.912269115447998	1000	0.29421861053511505	0.007925443581156544
['TTTCCCGCCAAA', 'TGAGTCA']	2	--	43	0	0.2706731537360914	0.12629597560905612	1.71171236038208	1000	0.26448964651130724	-0.011897660359219072
['TTTCCCGCCAAA', 'TGAGTCA']	2	--	43	1	0.268395394010233	0.12344556740040295	1.8838510513305664	1000	0.25940164727468784	-0.012510527253640989
['TTTCCCGCCAAA', 'TGAGTCA']	2	--	43	2	0.2615139166947535	0.13051223778411467	1.7667467594146729	1000	0.2515258307654137	0.009498663613418074
['TTTCCCGCCAAA', 'TGAGTCA']	2	--	43	3	0.2867050754798834	0.13977735164488997	1.6562448740005493	1000	0.27717164718593074	0.0023830720592708608
['TTTCCCGCCAAA', 'TGAGTCA']	2	--	43	4	0.29092694858892637	0.13538506522667332	1.9013957977294922	1000	0.2785316644911225	-0.007761527319703539
['TTTCCCGCCAAA', 'TGAGTCA']	2	--	44	0	0.28485082303177467	0.14047365565365508	1.7215394973754883	1000	0.27866729430915915	0.002280007760801558
['TTTCCCGCCAAA', 'TGAGTCA']	2	--	44	1	0.30078125351372625	0.15583142690389623	1.9062992334365845	1000	0.2917875282760125	0.019875341655153502
['TTTCCCGCCAAA', 'TGAGTCA']	2	--	44	2	0.27706265318094647	0.14606096352139192	1.7775241136550903	1000	0.26707454575377526	0.025047383976237507
['TTTCCCGCCAAA', 'TGAGTCA']	2	--	44	3	0.29545426288590165	0.14852653905090818	1.6623092889785767	1000	0.28592081309411765	0.011132255602397521
['TTTCCCGCCAAA', 'TGAGTCA']	2	--	44	4	0.3102141579482496	0.15467229608382793	1.9147648811340332	1000	0.29781887385044575	0.011525699506607692
['TTTCCCGCCAAA', 'TGAGTCA']	2	--	45	0	0.2846396283365151	0.14026246095839554	1.721393346786499	1000	0.27845609961389967	0.002068806851325152
['TTTCCCGCCAAA', 'TGAGTCA']	2	--	45	1	0.2787718812587151	0.13382207614671646	1.8910434246063232	1000	0.2697781775188327	-0.0021340154841949692
['TTTCCCGCCAAA', 'TGAGTCA']	2	--	45	2	0.2550498842685808	0.1240482161068576	1.7622661590576172	1000	0.24506179833924094	0.003034647646522472
['TTTCCCGCCAAA', 'TGAGTCA']	2	--	45	3	0.3088940836137207	0.16196634902981163	1.671625018119812	1000	0.29936063382193673	0.02457205886322866
['TTTCCCGCCAAA', 'TGAGTCA']	2	--	45	4	0.2910920304359233	0.13555015782258595	1.9015103578567505	1000	0.27869672484028807	-0.007596440770055991
['TTTCCCGCCAAA', 'TGAGTCA']	2	--	46	0	0.28676094834358246	0.1423838024632942	1.722863793373108	1000	0.28057744111879834	0.004190147348512979
['TTTCCCGCCAAA', 'TGAGTCA']	2	--	46	1	0.28525824993166865	0.1403084340707543	1.895539402961731	1000	0.2762645246939549	0.004352334042252521
['TTTCCCGCCAAA', 'TGAGTCA']	2	--	46	2	0.2738724609987668	0.14287079283704363	1.7753130197525024	1000	0.26388437506942697	0.021857217322732575
['TTTCCCGCCAAA', 'TGAGTCA']	2	--	46	3	0.2936654068407835	0.14673769375470572	1.661069393157959	1000	0.28413197854683087	0.009343408962580594
['TTTCCCGCCAAA', 'TGAGTCA']	2	--	46	4	0.3156528513078096	0.1601109786944723	1.9185346364974976	1000	0.3032575672100058	0.016964399584240022
['TTTCCCGCCAAA', 'TGAGTCA']	2	--	47	0	0.28983451479064576	0.14545735816144187	1.7249940633773804	1000	0.28365100756586165	0.007263705397985931
['TTTCCCGCCAAA', 'TGAGTCA']	2	--	47	1	0.28751857491629584	0.1425687590553815	1.8971061706542969	1000	0.27852484967858204	0.006612677165674908
['TTTCCCGCCAAA', 'TGAGTCA']	2	--	47	2	0.2673689800520524	0.1363672796435822	1.77080500125885	1000	0.25738085112704984	0.015353694723969927
['TTTCCCGCCAAA', 'TGAGTCA']	2	--	47	3	0.29526871510345204	0.14834096977062722	1.6621805429458618	1000	0.2857352868094994	0.01094669505561054
['TTTCCCGCCAAA', 'TGAGTCA']	2	--	47	4	0.30684310451085633	0.15130124264643466	1.9124281406402588	1000	0.29444784191088386	0.008154656818130102
['TTTCCCGCCAAA', 'TGAGTCA']	2	--	48	0	0.2830467895177179	0.1386696221395983	1.7202892303466797	1000	0.2768632607951024	0.0004759647574676464
['TTTCCCGCCAAA', 'TGAGTCA']	2	--	48	1	0.2966868195489727	0.15173699293914264	1.903461217880249	1000	0.2876930943112589	0.015780899628713145
['TTTCCCGCCAAA', 'TGAGTCA']	2	--	48	2	0.2662494804840923	0.1352477693267064	1.770029067993164	1000	0.2562613730569211	0.014234204561311052
['TTTCCCGCCAAA', 'TGAGTCA']	2	--	48	3	0.28795528186249925	0.14102755802750577	1.6571112871170044	1000	0.27842183207071525	0.003633268196826434
['TTTCCCGCCAAA', 'TGAGTCA']	2	--	48	4	0.31227042551762807	0.1567285636532064	1.9161901473999023	1000	0.29987516291765554	0.013581980512130748
['TTTCCCGCCAAA', 'TGAGTCA']	2	--	49	0	0.28374531855202856	0.1393681619228246	1.720773458480835	1000	0.27756178982941304	0.0011745025252722907
['TTTCCCGCCAAA', 'TGAGTCA']	2	--	49	1	0.2797667364004624	0.1348169420373794	1.8917330503463745	1000	0.27077305415841135	-0.0011391538763031066
['TTTCCCGCCAAA', 'TGAGTCA']	2	--	49	2	0.25200349108035375	0.1210018229186306	1.7601544857025146	1000	0.24201540515101394	-1.1758109223375248e-05
['TTTCCCGCCAAA', 'TGAGTCA']	2	--	49	3	0.2997219263757368	0.152794181042912	1.6652673482894897	1000	0.2901884765839528	0.015399901625244707
['TTTCCCGCCAAA', 'TGAGTCA']	2	--	49	4	0.29522746076507633	0.1396855666539076	1.904376745223999	1000	0.2828321551694411	-0.0034610215257222616
['TTTCCCGCCAAA', 'TGAGTCA']	2	++	10	0	0.30912868944732896	0.16475155431595642	1.7383677959442139	1000	0.3029452037203762	0.026557899537078797
['TTTCCCGCCAAA', 'TGAGTCA']	2	++	10	1	0.30886989855344316	0.16392010419036018	1.9119058847427368	1000	0.2998762163113921	0.027964002818243922
['TTTCCCGCCAAA', 'TGAGTCA']	2	++	10	2	0.29607049822177445	0.1650688193111356	1.7906994819641113	1000	0.28608239079460324	0.044055237078752245
['TTTCCCGCCAAA', 'TGAGTCA']	2	++	10	3	0.3263309961259051	0.17940324004416464	1.6837114095687866	1000	0.3167975463341211	0.04200895525203951
['TTTCCCGCCAAA', 'TGAGTCA']	2	++	10	4	0.3296498313309302	0.17410795871759283	1.9282366037368774	1000	0.31725454723312635	0.030961372889288265
['TTTCCCGCCAAA', 'TGAGTCA']	2	++	11	0	0.3088213564502371	0.1644442105699489	1.7381547689437866	1000	0.30263787072328435	0.02625055579107128
['TTTCCCGCCAAA', 'TGAGTCA']	2	++	11	1	0.31220285783367036	0.16725304197275598	1.914216160774231	1000	0.3032091540937879	0.03129695941124216
['TTTCCCGCCAAA', 'TGAGTCA']	2	++	11	2	0.2849391361229927	0.15393744646343818	1.7829837799072266	1000	0.27495102869582155	0.0329238696055127
['TTTCCCGCCAAA', 'TGAGTCA']	2	++	11	3	0.34422948857517394	0.19730176474018046	1.696117639541626	1000	0.33469603878338994	0.05990746382468182
['TTTCCCGCCAAA', 'TGAGTCA']	2	++	11	4	0.34136376316167827	0.18582187979942527	1.9363559484481812	1000	0.3289684575660431	0.04267530203280746
['TTTCCCGCCAAA', 'TGAGTCA']	2	++	12	0	0.2815168533534737	0.1371396967242698	1.719228744506836	1000	0.27533334612868954	-0.0010539557872584456
['TTTCCCGCCAAA', 'TGAGTCA']	2	++	12	1	0.27003413069897925	0.12508433633589627	1.8849869966506958	1000	0.26104042695909685	-0.010871753615497071
['TTTCCCGCCAAA', 'TGAGTCA']	2	++	12	2	0.26067823149637975	0.12967657408357228	1.766167402267456	1000	0.25069014556703995	0.008662997225646767
['TTTCCCGCCAAA', 'TGAGTCA']	2	++	12	3	0.3195992297080017	0.17267150587300825	1.6790452003479004	1000	0.31006580141404905	0.035277226455340975
['TTTCCCGCCAAA', 'TGAGTCA']	2	++	12	4	0.2965227481000495	0.14098088623562788	1.905274510383606	1000	0.2841274640022457	-0.0021657073184598212
['TTTCCCGCCAAA', 'TGAGTCA']	2	++	13	0	0.2745100651790093	0.13013291929872106	1.714371919631958	1000	0.26832655795422516	-0.008060734136542111
['TTTCCCGCCAAA', 'TGAGTCA']	2	++	13	1	0.3009731431564264	0.1560233272955121	1.9064322710037231	1000	0.29197943941654403	0.02006723801592598
['TTTCCCGCCAAA', 'TGAGTCA']	2	++	13	2	0.2830857005924756	0.1520840431796681	1.7816989421844482	1000	0.27309761466313576	0.031070460947284762
['TTTCCCGCCAAA', 'TGAGTCA']	2	++	13	3	0.3039959962193166	0.15706827238432317	1.6682298183441162	1000	0.29446256792536396	0.01967399565388479
['TTTCCCGCCAAA', 'TGAGTCA']	2	++	13	4	0.3274179264793581	0.17187604311710505	1.9266895055770874	1000	0.3150226423815542	0.028729457288800487
['TTTCCCGCCAAA', 'TGAGTCA']	2	++	14	0	0.3022916696470975	0.15791452376680928	1.7336286306381226	1000	0.29610818392014476	0.019720875706003962
['TTTCCCGCCAAA', 'TGAGTCA']	2	++	14	1	0.31078419444453437	0.16583436783470434	1.913232684135437	1000	0.30179046920682057	0.029878274524274853
['TTTCCCGCCAAA', 'TGAGTCA']	2	++	14	2	0.28113606226663207	0.15013438335599322	1.7803477048873901	1000	0.2711479548394609	0.029120801123609888
['TTTCCCGCCAAA', 'TGAGTCA']	2	++	14	3	0.3169476226948303	0.17001989885983684	1.6772072315216064	1000	0.30741419440087764	0.032625606006024946
['TTTCCCGCCAAA', 'TGAGTCA']	2	++	14	4	0.30500080485698255	0.14945892149472956	1.9111511707305908	1000	0.2926055207591787	0.00631233230738883
['TTTCCCGCCAAA', 'TGAGTCA']	2	++	15	0	0.2870410650861753	0.14266390845697133	1.7230578660964966	1000	0.2808575578613911	0.004470269801467233
['TTTCCCGCCAAA', 'TGAGTCA']	2	++	15	1	0.30164980889624615	0.15669996078858478	1.906901240348816	1000	0.292656062160701	0.020743870165384207
['TTTCCCGCCAAA', 'TGAGTCA']	2	++	15	2	0.273520133040643	0.1425184541300041	1.7750686407089233	1000	0.2635320471113031	0.021504875928464156
['TTTCCCGCCAAA', 'TGAGTCA']	2	++	15	3	0.30506547033370696	0.15813774649871354	1.6689711809158325	1000	0.29553204203975436	0.020743468424660707
['TTTCCCGCCAAA', 'TGAGTCA']	2	++	15	4	0.3196794811124606	0.16413759775020756	1.92132568359375	1000	0.30728417551682535	0.020991015952746363
['TTTCCCGCCAAA', 'TGAGTCA']	2	++	16	0	0.28247630156697456	0.138099134188855	1.7198938131332397	1000	0.27629279434219045	-9.451168857683512e-05
['TTTCCCGCCAAA', 'TGAGTCA']	2	++	16	1	0.29252969790797956	0.1475798820470652	1.900579571723938	1000	0.2835359726702658	0.011623786049406807
['TTTCCCGCCAAA', 'TGAGTCA']	2	++	16	2	0.2502290815779081	0.11922740266726925	1.7589246034622192	1000	0.24024099564856827	-0.0017861807407767462
['TTTCCCGCCAAA', 'TGAGTCA']	2	++	16	3	0.3221129711286752	0.1751852472936818	1.6807875633239746	1000	0.3125795428347226	0.03779097325047234
['TTTCCCGCCAAA', 'TGAGTCA']	2	++	16	4	0.3043536341417858	0.14881177227736417	1.9107025861740112	1000	0.2919583715418133	0.005665187120866819
['TTTCCCGCCAAA', 'TGAGTCA']	2	++	17	0	0.2753480721431697	0.1309708940161344	1.714952826499939	1000	0.26916452192272283	-0.007222761434550444
['TTTCCCGCCAAA', 'TGAGTCA']	2	++	17	1	0.31840676650041305	0.17345697213733008	1.9185163974761963	1000	0.309413084258362	0.03750087882690058
['TTTCCCGCCAAA', 'TGAGTCA']	2	++	17	2	0.2758603009709332	0.14485863280921002	1.7766908407211304	1000	0.26587221504159336	0.02384506132574237
['TTTCCCGCCAAA', 'TGAGTCA']	2	++	17	3	0.29941884994925383	0.15249113686317606	1.6650573015213013	1000	0.2898854216553012	0.015096838634906322
['TTTCCCGCCAAA', 'TGAGTCA']	2	++	17	4	0.32899232015885027	0.17345043679659727	1.9277807474136353	1000	0.3165970145632151	0.03030385096829271
['TTTCCCGCCAAA', 'TGAGTCA']	2	++	18	0	0.31768392341883667	0.1733067452918014	1.7442978620529175	1000	0.3115003946962212	0.03511310126183946
['TTTCCCGCCAAA', 'TGAGTCA']	2	++	18	1	0.3095452099298873	0.164595394068973	1.9123739004135132	1000	0.3005514846921736	0.02863930613300134
['TTTCCCGCCAAA', 'TGAGTCA']	2	++	18	2	0.2929876232137332	0.16198594430309432	1.788562536239624	1000	0.2829995372843933	0.04097236475793989
['TTTCCCGCCAAA', 'TGAGTCA']	2	++	18	3	0.32168677662200584	0.17475906353592807	1.6804922819137573	1000	0.31215336982588454	0.037364762620429426
['TTTCCCGCCAAA', 'TGAGTCA']	2	++	18	4	0.319543980281412	0.164002096919159	1.921231746673584	1000	0.3071486961836082	0.020855509747239986
['TTTCCCGCCAAA', 'TGAGTCA']	2	++	19	0	0.30541762630917996	0.161040469679976	1.7357953786849976	1000	0.2992341190843958	0.022846822962785156
['TTTCCCGCCAAA', 'TGAGTCA']	2	++	19	1	0.3064153836581605	0.16146556779724616	1.9102046489715576	1000	0.2974216584204467	0.025509474486816678
['TTTCCCGCCAAA', 'TGAGTCA']	2	++	19	2	0.2887802396430254	0.15777857148130223	1.7856462001800537	1000	0.2787921537136856	0.036764991936147816
['TTTCCCGCCAAA', 'TGAGTCA']	2	++	19	3	0.30838716475030264	0.1614594301663935	1.6712735891342163	1000	0.29885371495851865	0.02406514268703945
['TTTCCCGCCAAA', 'TGAGTCA']	2	++	19	4	0.354679562900394	0.19913767953814096	1.9455859661102295	1000	0.3422842788025901	0.05599110177152314
['TTTCCCGCCAAA', 'TGAGTCA']	2	+-	10	0	0.30469106410277863	0.16031391822249041	1.735291838645935	1000	0.29850757837582587	0.02212026747445616
['TTTCCCGCCAAA', 'TGAGTCA']	2	+-	10	1	0.30555680326939066	0.16060700890630766	1.909609317779541	1000	0.2965630995295082	0.02465091559587818
['TTTCCCGCCAAA', 'TGAGTCA']	2	+-	10	2	0.288477679164495	0.1574759895049405	1.7854365110397339	1000	0.27848955023949246	0.036462407272557146
['TTTCCCGCCAAA', 'TGAGTCA']	2	+-	10	3	0.32787712015716175	0.18094937482433696	1.6847829818725586	1000	0.31834369186320916	0.043555087344982917
['TTTCCCGCCAAA', 'TGAGTCA']	2	+-	10	4	0.3212954300999675	0.16575355748663018	1.9224457740783691	1000	0.30890014600216364	0.02260696897109669
['TTTCCCGCCAAA', 'TGAGTCA']	2	+-	11	0	0.3097810196420516	0.16540387376176338	1.7388200759887695	1000	0.30359753391509886	0.02721022973180143
['TTTCCCGCCAAA', 'TGAGTCA']	2	+-	11	1	0.30692408684158135	0.16197426023175132	1.9105571508407593	1000	0.2979303401060362	0.02601816960855075
['TTTCCCGCCAAA', 'TGAGTCA']	2	+-	11	2	0.2813013590919426	0.15029968018130374	1.7804621458053589	1000	0.2713132731626028	0.029286108697836086
['TTTCCCGCCAAA', 'TGAGTCA']	2	+-	11	3	0.34298383973280594	0.19605613739564387	1.6952542066574097	1000	0.33345038994102194	0.05866183648014521
['TTTCCCGCCAAA', 'TGAGTCA']	2	+-	11	4	0.33665799536660146	0.18111611200434846	1.9330942630767822	1000	0.32426271126879763	0.037969534237730654
['TTTCCCGCCAAA', 'TGAGTCA']	2	+-	12	0	0.29163661349988035	0.14725943537284508	1.7262431383132935	1000	0.2854530847772649	0.009065797389148214
['TTTCCCGCCAAA', 'TGAGTCA']	2	+-	12	1	0.27154749203524653	0.12659768692324788	1.8860359191894531	1000	0.26255378829536413	-0.009358407058988844
['TTTCCCGCCAAA', 'TGAGTCA']	2	+-	12	2	0.269829621829272	0.13882795366754885	1.7725106477737427	1000	0.2598415358999322	0.0178143754660089
['TTTCCCGCCAAA', 'TGAGTCA']	2	+-	12	3	0.3256030150626342	0.1786752697298094	1.6832067966461182	1000	0.31606956527085023	0.04128099299937104
['TTTCCCGCCAAA', 'TGAGTCA']	2	+-	12	4	0.29710624223876436	0.141564369625427	1.9056791067123413	1000	0.2847109581409605	-0.0015822115002269523
['TTTCCCGCCAAA', 'TGAGTCA']	2	+-	13	0	0.28899874360094663	0.14462156547391133	1.7244148254394531	1000	0.2828152578739938	0.006427928833828915
['TTTCCCGCCAAA', 'TGAGTCA']	2	+-	13	1	0.31237703326333166	0.16742721740241728	1.9143368005752563	1000	0.30338330802561786	0.03147111871752995
['TTTCCCGCCAAA', 'TGAGTCA']	2	+-	13	2	0.2916825543654921	0.16068086470593756	1.7876579761505127	1000	0.2816944469383209	0.0396672932224699
['TTTCCCGCCAAA', 'TGAGTCA']	2	+-	13	3	0.3096724340958631	0.16274469951195397	1.6721645593643188	1000	0.3001389843040791	0.025350412032599936
['TTTCCCGCCAAA', 'TGAGTCA']	2	+-	13	4	0.3305558574335068	0.1750139740712538	1.9288644790649414	1000	0.3181605518378716	0.0318673855557203
['TTTCCCGCCAAA', 'TGAGTCA']	2	+-	14	0	0.3010021867265909	0.1566250193484713	1.7327349185943604	1000	0.2948186795018068	0.01843138203658166
['TTTCCCGCCAAA', 'TGAGTCA']	2	+-	14	1	0.30979634759580976	0.16484652098597974	1.9125479459762573	1000	0.30080262235809596	0.028890422301092396
['TTTCCCGCCAAA', 'TGAGTCA']	2	+-	14	2	0.2794271136606711	0.14842541325220085	1.779163122177124	1000	0.2694389847356685	0.027411836394275357
['TTTCCCGCCAAA', 'TGAGTCA']	2	+-	14	3	0.31491096114765016	0.16798322656374107	1.6757956743240356	1000	0.30537753285369756	0.03058894983330269
['TTTCCCGCCAAA', 'TGAGTCA']	2	+-	14	4	0.30411808240359783	0.14857617754351346	1.9105392694473267	1000	0.29172277680796266	0.005429598433281198
['TTTCCCGCCAAA', 'TGAGTCA']	2	+-	15	0	0.28391547388722593	0.13953830650910634	1.7208913564682007	1000	0.2777319666624418	0.0013446570207106445
['TTTCCCGCCAAA', 'TGAGTCA']	2	+-	15	1	0.2989349767610513	0.15398517164905262	1.9050195217132568	1000	0.28994129451900025	0.018029082369466515
['TTTCCCGCCAAA', 'TGAGTCA']	2	+-	15	2	0.2689906474627005	0.1379889685520617	1.771929144859314	1000	0.25900254003552936	0.016975389006907263
['TTTCCCGCCAAA', 'TGAGTCA']	2	+-	15	3	0.3041582618504057	0.15723055951324358	1.6683423519134521	1000	0.2946248550542844	0.01983626934666061
['TTTCCCGCCAAA', 'TGAGTCA']	2	+-	15	4	0.31939177563539844	0.1638499030220611	1.9211262464523315	1000	0.30699651303542597	0.02070332659905776
['TTTCCCGCCAAA', 'TGAGTCA']	2	+-	16	0	0.2869513761337503	0.14257419800671503	1.722995638847351	1000	0.28076782591330346	0.004380556999885615
['TTTCCCGCCAAA', 'TGAGTCA']	2	+-	16	1	0.29146340547263017	0.1465136003606315	1.8998405933380127	1000	0.2824697017327477	0.010557507050201993
['TTTCCCGCCAAA', 'TGAGTCA']	2	+-	16	2	0.2536371972765623	0.12263550761700777	1.7612868547439575	1000	0.24364908984939113	0.001621935965588304
['TTTCCCGCCAAA', 'TGAGTCA']	2	+-	16	3	0.3239689649011239	0.17704123031721483	1.6820740699768066	1000	0.3144355151093399	0.03964694283786078
['TTTCCCGCCAAA', 'TGAGTCA']	2	+-	16	4	0.30275410949743625	0.14721221538626758	1.9095937013626099	1000	0.2903588253996324	0.0040656416504931394
['TTTCCCGCCAAA', 'TGAGTCA']	2	+-	17	0	0.28219710923113017	0.13781992035517923	1.7197002172470093	1000	0.2760135590106833	-0.0003737231289393483
['TTTCCCGCCAAA', 'TGAGTCA']	2	+-	17	1	0.31606326640626237	0.17111347204317937	1.9168918132781982	1000	0.3070695626663799	0.03515737873274987
['TTTCCCGCCAAA', 'TGAGTCA']	2	+-	17	2	0.2804100590038461	0.14940838009320723	1.7798445224761963	1000	0.2704219300788435	0.028394803235281738
['TTTCCCGCCAAA', 'TGAGTCA']	2	+-	17	3	0.30447830006583	0.15755059772866792	1.6685642004013062	1000	0.2949449147675401	0.02015631428015724
['TTTCCCGCCAAA', 'TGAGTCA']	2	+-	17	4	0.33066564685825134	0.17512377424491402	1.9289406538009644	1000	0.31827038425827886	0.031977185729380526
['TTTCCCGCCAAA', 'TGAGTCA']	2	+-	18	0	0.31460551995971786	0.1702283740794296	1.7421640157699585	1000	0.30842203423276504	0.032034721987780894
['TTTCCCGCCAAA', 'TGAGTCA']	2	+-	18	1	0.3095814552735567	0.16463162866372666	1.9123990535736084	1000	0.30058775153367423	0.028675543414983917
['TTTCCCGCCAAA', 'TGAGTCA']	2	+-	18	2	0.2952396930311189	0.16423801412048009	1.7901235818862915	1000	0.2852516071017791	0.04322443994978349
['TTTCCCGCCAAA', 'TGAGTCA']	2	+-	18	3	0.3255540645006324	0.17862631916780758	1.6831728219985962	1000	0.3160206147088484	0.04123203437568245
['TTTCCCGCCAAA', 'TGAGTCA']	2	+-	18	4	0.3171355137408979	0.16159366262539193	1.9195622205734253	1000	0.3047402511409254	0.018447076797087354
['TTTCCCGCCAAA', 'TGAGTCA']	2	+-	19	0	0.30377914759440994	0.15940196946737467	1.7346596717834473	1000	0.2975956188717945	0.02120832275018382
['TTTCCCGCCAAA', 'TGAGTCA']	2	+-	19	1	0.3085927700094091	0.16364294339957908	1.911713719367981	1000	0.2995990447716953	0.027686847401920667
['TTTCCCGCCAAA', 'TGAGTCA']	2	+-	19	2	0.29151813895126727	0.16051643854279704	1.7875438928604126	1000	0.2815300100262647	0.039502872433787216
['TTTCCCGCCAAA', 'TGAGTCA']	2	+-	19	3	0.3132770614709594	0.16634932688705031	1.6746630668640137	1000	0.3037436116791754	0.02895503672046734
['TTTCCCGCCAAA', 'TGAGTCA']	2	+-	19	4	0.35001790865526344	0.19447602529301045	1.9423545598983765	1000	0.33762260305962827	0.051329442151934794
['TTTCCCGCCAAA', 'TGAGTCA']	2	-+	10	0	0.3076240992262557	0.16324694259705178	1.7373249530792236	1000	0.3014405705036402	0.02505328513094524
['TTTCCCGCCAAA', 'TGAGTCA']	2	-+	10	1	0.31895771292245206	0.17400789706153771	1.9188982248306274	1000	0.30996400918256967	0.03805180912556606
['TTTCCCGCCAAA', 'TGAGTCA']	2	-+	10	2	0.28461729208973435	0.1536156024301798	1.7827606201171875	1000	0.2746291631647318	0.032602014823338625
['TTTCCCGCCAAA', 'TGAGTCA']	2	-+	10	3	0.32094140381316644	0.17401365848034162	1.6799755096435547	1000	0.3114079325235511	0.03661936293930081
['TTTCCCGCCAAA', 'TGAGTCA']	2	-+	10	4	0.36672767851959986	0.2111857736595155	1.95393705368042	1000	0.3543323729239647	0.0680391958928977
['TTTCCCGCCAAA', 'TGAGTCA']	2	-+	11	0	0.3200934648509187	0.17571631897063048	1.745967984199524	1000	0.3139099791239659	0.03752267494066852
['TTTCCCGCCAAA', 'TGAGTCA']	2	-+	11	1	0.32597471256681143	0.1810248967058971	1.9237619638442993	1000	0.3169809873290977	0.04506881145715437
['TTTCCCGCCAAA', 'TGAGTCA']	2	-+	11	2	0.29478634676344456	0.16378464635497436	1.7898093461990356	1000	0.28479819634061065	0.04277106949704885
['TTTCCCGCCAAA', 'TGAGTCA']	2	-+	11	3	0.34342385734503844	0.196496133510045	1.6955593824386597	1000	0.3338904290510858	0.05910184871791987
['TTTCCCGCCAAA', 'TGAGTCA']	2	-+	11	4	0.3118624611719501	0.1563205778096971	1.9159072637557983	1000	0.2994671770741463	0.01317398795054915
['TTTCCCGCCAAA', 'TGAGTCA']	2	-+	12	0	0.28534445623541366	0.14096727810837836	1.7218818664550781	1000	0.27916092751279814	0.0027736261846814762
['TTTCCCGCCAAA', 'TGAGTCA']	2	-+	12	1	0.29433964332565976	0.14938983821366109	1.90183424949646	1000	0.2853459610836087	0.013433746246846064
['TTTCCCGCCAAA', 'TGAGTCA']	2	-+	12	2	0.28854361301326953	0.15754194485154638	1.7854821681976318	1000	0.2785555270839297	0.03652836530639195
['TTTCCCGCCAAA', 'TGAGTCA']	2	-+	12	3	0.2917071048889028	0.14477935955607796	1.6597119569778442	1000	0.2821736550971188	0.007385069389494989
['TTTCCCGCCAAA', 'TGAGTCA']	2	-+	12	4	0.3091978049751445	0.15365592161289146	1.914060354232788	1000	0.29680249937950925	0.010509339815430268
['TTTCCCGCCAAA', 'TGAGTCA']	2	-+	13	0	0.2761516395814948	0.13177448295229088	1.7155097723007202	1000	0.2699681323567107	-0.00641917249839397
['TTTCCCGCCAAA', 'TGAGTCA']	2	-+	13	1	0.2623716156724377	0.11742181056043902	1.8796756267547607	1000	0.2533778904347239	-0.018534284093604934
['TTTCCCGCCAAA', 'TGAGTCA']	2	-+	13	2	0.25430339357251075	0.1233017146618719	1.7617486715316772	1000	0.24431530764317091	0.0022881369641873607
['TTTCCCGCCAAA', 'TGAGTCA']	2	-+	13	3	0.32797295748935507	0.18104523365436162	1.684849500656128	1000	0.3184395291954024	0.043650943487778655
['TTTCCCGCCAAA', 'TGAGTCA']	2	-+	13	4	0.3014988081287886	0.1459569247665356	1.9087235927581787	1000	0.28910352403098477	0.0028103475037732206
['TTTCCCGCCAAA', 'TGAGTCA']	2	-+	14	0	0.2965682160133714	0.1521910593841675	1.729661464691162	1000	0.29038470878858724	0.01399741804143446
['TTTCCCGCCAAA', 'TGAGTCA']	2	-+	14	1	0.2988840269007332	0.15393421103981883	1.9049841165542603	1000	0.28989030166301943	0.01797812444746165
['TTTCCCGCCAAA', 'TGAGTCA']	2	-+	14	2	0.2700594766421502	0.13905778698259563	1.7726699113845825	1000	0.260071369214979	0.018044212811899062
['TTTCCCGCCAAA', 'TGAGTCA']	2	-+	14	3	0.3065457250096832	0.15961799042577404	1.6699973344802856	1000	0.29701229671573054	0.02222371235172122
['TTTCCCGCCAAA', 'TGAGTCA']	2	-+	14	4	0.32325429099546354	0.16771241838212622	1.923803448677063	1000	0.31085902839549107	0.024565832553821644
['TTTCCCGCCAAA', 'TGAGTCA']	2	-+	15	0	0.2976721296535971	0.15329496227547745	1.7304267883300781	1000	0.2914886224288129	0.015101318245515515
['TTTCCCGCCAAA', 'TGAGTCA']	2	-+	15	1	0.3083380422056499	0.16338823709365125	1.9115370512008667	1000	0.2993443384657675	0.027432151844908527
['TTTCCCGCCAAA', 'TGAGTCA']	2	-+	15	2	0.27657078279947883	0.1455690823910086	1.7771832942962646	1000	0.26658265387447627	0.024555516281998795
['TTTCCCGCCAAA', 'TGAGTCA']	2	-+	15	3	0.3050693399433514	0.1581415946105266	1.6689739227294922	1000	0.2955358901515674	0.020747303100329163
['TTTCCCGCCAAA', 'TGAGTCA']	2	-+	15	4	0.2937796033209564	0.13823771995870338	1.9033732414245605	1000	0.28138431922315255	-0.00490887124405903
['TTTCCCGCCAAA', 'TGAGTCA']	2	-+	16	0	0.2803885826703196	0.1360114045432843	1.7184464931488037	1000	0.2742050539477041	-0.002182245532942693
['TTTCCCGCCAAA', 'TGAGTCA']	2	-+	16	1	0.31270227395394457	0.16775245809303022	1.9145622253417969	1000	0.3037085702140621	0.03179637821874532
['TTTCCCGCCAAA', 'TGAGTCA']	2	-+	16	2	0.2701504554644566	0.13914876580490207	1.772733211517334	1000	0.2601623480372854	0.018135199695892248
['TTTCCCGCCAAA', 'TGAGTCA']	2	-+	16	3	0.2851812446997448	0.13825351011583573	1.6551885604858398	1000	0.2756477949079608	0.0008592332174455437
['TTTCCCGCCAAA', 'TGAGTCA']	2	-+	16	4	0.32684326794933133	0.17130141683382538	1.9262912273406982	1000	0.3144479838515275	0.028154820256605127
['TTTCCCGCCAAA', 'TGAGTCA']	2	-+	17	0	0.2783354537843194	0.13395828640619978	1.7170236110687256	1000	0.27215194655953523	-0.004235365685448913
['TTTCCCGCCAAA', 'TGAGTCA']	2	-+	17	1	0.2820040587055367	0.13705425359353798	1.8932839632034302	1000	0.27301035496565423	0.0010981615427470641
['TTTCCCGCCAAA', 'TGAGTCA']	2	-+	17	2	0.24637544482219378	0.11537376591155493	1.7562533617019653	1000	0.23638735889285395	-0.005639809602756105
['TTTCCCGCCAAA', 'TGAGTCA']	2	-+	17	3	0.31318479277877154	0.16625709044160944	1.6745991706848145	1000	0.30365138598265023	0.028862802962255397
['TTTCCCGCCAAA', 'TGAGTCA']	2	-+	17	4	0.30035613389862476	0.1448142720342031	1.9079316854476929	1000	0.2879608283029896	0.0016676776403563567
['TTTCCCGCCAAA', 'TGAGTCA']	2	-+	18	0	0.3141492069913161	0.1697720288642808	1.7418476343154907	1000	0.3079656782687006	0.03157838752154779
['TTTCCCGCCAAA', 'TGAGTCA']	2	-+	18	1	0.31102454019911513	0.16607473508711648	1.913399338722229	1000	0.3020308149614014	0.030118636402229147
['TTTCCCGCCAAA', 'TGAGTCA']	2	-+	18	2	0.28938746738755927	0.1583857992258361	1.7860671281814575	1000	0.27939938145821946	0.03737221430622384
['TTTCCCGCCAAA', 'TGAGTCA']	2	-+	18	3	0.31312649066012904	0.16619874532730425	1.6745586395263672	1000	0.3035930623661764	0.02880447128409479
['TTTCCCGCCAAA', 'TGAGTCA']	2	-+	18	4	0.33336052900594615	0.1778186563926088	1.9308085441589355	1000	0.32096524490814227	0.03467207056430423
['TTTCCCGCCAAA', 'TGAGTCA']	2	-+	19	0	0.31515713281452895	0.170779976185325	1.7425464391708374	1000	0.30897360409191343	0.032586326780905235
['TTTCCCGCCAAA', 'TGAGTCA']	2	-+	19	1	0.3008032672930367	0.15585344068320667	1.906314492225647	1000	0.29180954205532295	0.019897348716391643
['TTTCCCGCCAAA', 'TGAGTCA']	2	-+	19	2	0.29288716384779795	0.16188550643499042	1.7884929180145264	1000	0.2828990779184581	0.04087192151537817
['TTTCCCGCCAAA', 'TGAGTCA']	2	-+	19	3	0.3087532083248328	0.16182546299200795	1.67152738571167	1000	0.2992197585330488	0.024431178199882823
['TTTCCCGCCAAA', 'TGAGTCA']	2	-+	19	4	0.3229997996678493	0.1674579055566806	1.9236270189285278	1000	0.3106044940722141	0.024311319728376045
['TTTCCCGCCAAA', 'TGAGTCA']	2	--	10	0	0.3023650632433532	0.157987917363065	1.7336795330047607	1000	0.29618157751640045	0.019794278707560887
['TTTCCCGCCAAA', 'TGAGTCA']	2	--	10	1	0.3127111955539581	0.1677613904419594	1.914568305015564	1000	0.3037174703162443	0.03180529444430099
['TTTCCCGCCAAA', 'TGAGTCA']	2	--	10	2	0.27091816452007683	0.13991649635835365	1.7732652425765991	1000	0.26093007859073697	0.018902920844042607
['TTTCCCGCCAAA', 'TGAGTCA']	2	--	10	3	0.3156873123314763	0.16875956699865147	1.6763337850570679	1000	0.3061538625396923	0.03136528758098417
['TTTCCCGCCAAA', 'TGAGTCA']	2	--	10	4	0.3613759653857137	0.2058340820234607	1.9502273797988892	1000	0.34898065979007853	0.06268747738455369
['TTTCCCGCCAAA', 'TGAGTCA']	2	--	11	0	0.32338056925685954	0.17900339112982427	1.7482463121414185	1000	0.3171970620320754	0.040809749787091266
['TTTCCCGCCAAA', 'TGAGTCA']	2	--	11	1	0.31743502152737546	0.1724852271642925	1.9178427457809448	1000	0.30844131778749306	0.03652912579217624
['TTTCCCGCCAAA', 'TGAGTCA']	2	--	11	2	0.2896350149156449	0.15863331450717472	1.786238670349121	1000	0.27964688599064236	0.037619743023707054
['TTTCCCGCCAAA', 'TGAGTCA']	2	--	11	3	0.34358371521901543	0.19665601288185333	1.6956698894500732	1000	0.3340502439294001	0.05926170659189685
['TTTCCCGCCAAA', 'TGAGTCA']	2	--	11	4	0.3073939649415699	0.1518520815793169	1.91280996799469	1000	0.29499868084376607	0.00870550112547016
['TTTCCCGCCAAA', 'TGAGTCA']	2	--	12	0	0.29371530330736506	0.14933814667816114	1.7276841402053833	1000	0.28753179608258095	0.011144495930126898
['TTTCCCGCCAAA', 'TGAGTCA']	2	--	12	1	0.30131224994826517	0.15636241258951947	1.9066672325134277	1000	0.29231850321272007	0.020406316591861068
['TTTCCCGCCAAA', 'TGAGTCA']	2	--	12	2	0.2991997440520546	0.16819806514141575	1.7928683757781982	1000	0.2892116366248834	0.047184482909032405
['TTTCCCGCCAAA', 'TGAGTCA']	2	--	12	3	0.3027650948892601	0.15583738180318235	1.6673767566680908	1000	0.2932316880931388	0.01844310507274399
['TTTCCCGCCAAA', 'TGAGTCA']	2	--	12	4	0.3079991503921248	0.1524572885277031	1.9132294654846191	1000	0.2956038662943209	0.009310693294097325
['TTTCCCGCCAAA', 'TGAGTCA']	2	--	13	0	0.2869098208257356	0.14253263194978463	1.7229667901992798	1000	0.2807262706052887	0.004338976499099766
['TTTCCCGCCAAA', 'TGAGTCA']	2	--	13	1	0.27337798937970487	0.1284281842677062	1.887304663658142	1000	0.2643842856398224	-0.007527913073566691
['TTTCCCGCCAAA', 'TGAGTCA']	2	--	13	2	0.2639378616738453	0.13293619351212213	1.768426775932312	1000	0.25394977574450545	0.011922619341425536
['TTTCCCGCCAAA', 'TGAGTCA']	2	--	13	3	0.3363305189015273	0.18940281656436525	1.6906424760818481	1000	0.3267971121054061	0.052008521023324435
['TTTCCCGCCAAA', 'TGAGTCA']	2	--	13	4	0.3060339261385468	0.15049207502304082	1.9118671417236328	1000	0.29363868503640567	0.007345487179314577
['TTTCCCGCCAAA', 'TGAGTCA']	2	--	14	0	0.29465821968855177	0.15028106305934785	1.7283376455307007	1000	0.28847471246376766	0.012087413654928063
['TTTCCCGCCAAA', 'TGAGTCA']	2	--	14	1	0.2969769112853155	0.15202709542440115	1.9036623239517212	1000	0.2879832075454331	0.016071007488429503
['TTTCCCGCCAAA', 'TGAGTCA']	2	--	14	2	0.27129792371101324	0.14029623405145872	1.7735283374786377	1000	0.2613098162838421	0.019282661224376607
['TTTCCCGCCAAA', 'TGAGTCA']	2	--	14	3	0.3036869433957161	0.1567592195607227	1.6680155992507935	1000	0.2941535151017635	0.019364940143055405
['TTTCCCGCCAAA', 'TGAGTCA']	2	--	14	4	0.325815005177654	0.1702731003175696	1.9255783557891846	1000	0.3134196780841874	0.027126527925409635
['TTTCCCGCCAAA', 'TGAGTCA']	2	--	15	0	0.29583806366913334	0.15146089629101375	1.7291555404663086	1000	0.28965455644434923	0.013267254948280727
['TTTCCCGCCAAA', 'TGAGTCA']	2	--	15	1	0.30760131152501635	0.16265149566410203	1.9110264778137207	1000	0.29860760778513395	0.02669539966644361
['TTTCCCGCCAAA', 'TGAGTCA']	2	--	15	2	0.2741681206734313	0.14316645251170815	1.7755178213119507	1000	0.2641800132462601	0.022152871622939264
['TTTCCCGCCAAA', 'TGAGTCA']	2	--	15	3	0.30491603890793856	0.1579883150729451	1.6688677072525024	1000	0.2953826106139859	0.020594024906362144
['TTTCCCGCCAAA', 'TGAGTCA']	2	--	15	4	0.2955640523106462	0.14002216894839317	1.9046101570129395	1000	0.28316874671501097	-0.0031244309878632323
['TTTCCCGCCAAA', 'TGAGTCA']	2	--	16	0	0.28213917257562077	0.13776201594641685	1.7196600437164307	1000	0.27595566535083665	-0.0004316345077017308
['TTTCCCGCCAAA', 'TGAGTCA']	2	--	16	1	0.3085408957423426	0.16359109063034394	1.9116777181625366	1000	0.2995471705046288	0.02763498657099877
['TTTCCCGCCAAA', 'TGAGTCA']	2	--	16	2	0.272679567834551	0.14167793191957487	1.7744860649108887	1000	0.26269150340304254	0.020664342969119214
['TTTCCCGCCAAA', 'TGAGTCA']	2	--	16	3	0.28853733564651307	0.14160960106260392	1.6575148105621338	1000	0.27900386435689767	0.004215315934575183
['TTTCCCGCCAAA', 'TGAGTCA']	2	--	16	4	0.32517262847885003	0.169630745116597	1.925133228302002	1000	0.3127773228832148	0.026484156601063527
['TTTCCCGCCAAA', 'TGAGTCA']	2	--	17	0	0.2855773637403446	0.14120020711114067	1.7220431566238403	1000	0.2793938135198978	0.0030065526681666804
['TTTCCCGCCAAA', 'TGAGTCA']	2	--	17	1	0.28061095623788523	0.1356611618748022	1.8923182487487793	1000	0.2716172524980028	-0.00029493544547668237
['TTTCCCGCCAAA', 'TGAGTCA']	2	--	17	2	0.25015979406744177	0.11915812590571857	1.7588765621185303	1000	0.24017172963593328	-0.0018554568305201914
['TTTCCCGCCAAA', 'TGAGTCA']	2	--	17	3	0.3185655064871594	0.17163779340108168	1.6783287525177002	1000	0.3090320996910382	0.034243516670643306
['TTTCCCGCCAAA', 'TGAGTCA']	2	--	17	4	0.29950099316287215	0.1439591312984505	1.9073388576507568	1000	0.2871057090650683	0.0008125413553266548
['TTTCCCGCCAAA', 'TGAGTCA']	2	--	18	0	0.31411990544717533	0.16974273806905574	1.741827368736267	1000	0.30793637672455987	0.0315490806029492
['TTTCCCGCCAAA', 'TGAGTCA']	2	--	18	1	0.31053282030246704	0.16558300444155266	1.9130586385726929	1000	0.3015391165625846	0.02962690575666534
['TTTCCCGCCAAA', 'TGAGTCA']	2	--	18	2	0.2938948746926972	0.16289320653097403	1.7891913652420044	1000	0.28390678876335734	0.04187962429859068
['TTTCCCGCCAAA', 'TGAGTCA']	2	--	18	3	0.31834242349115904	0.17141472115399692	1.6781740188598633	1000	0.30880901669503774	0.03402042561295612
['TTTCCCGCCAAA', 'TGAGTCA']	2	--	18	4	0.33180086134093406	0.176258977978681	1.929727554321289	1000	0.31940555574529883	0.03311239483760537
['TTTCCCGCCAAA', 'TGAGTCA']	2	--	19	0	0.3150352831063926	0.17065810497935735	1.742461919784546	1000	0.3088517328859458	0.03246445557493758
['TTTCCCGCCAAA', 'TGAGTCA']	2	--	19	1	0.30135393424326806	0.1564041183823537	1.9066962003707886	1000	0.2923602305033856	0.020448015666623
['TTTCCCGCCAAA', 'TGAGTCA']	2	--	19	2	0.29686789578249984	0.16586622762077669	1.7912522554397583	1000	0.2868797883553287	0.044852645388393335
['TTTCCCGCCAAA', 'TGAGTCA']	2	--	19	3	0.3135212768351846	0.16659354225127548	1.6748322248458862	1000	0.30398787003906336	0.029199265520837125
['TTTCCCGCCAAA', 'TGAGTCA']	2	--	19	4	0.32095456048595744	0.16541267712370442	1.92220938205719	1000	0.3085592548903222	0.022266087264556464
['TTTCCCGCCAAA', 'TGAGTCA']	2	++	0	0	0.46533565121829984	0.3209584300956018	1.846642255783081	1000	0.459152100997853	0.18276480218901342
['TTTCCCGCCAAA', 'TGAGTCA']	2	++	0	1	0.38164089611519203	0.23669114474777175	1.9623469114303589	1000	0.37264723537097233	0.10073503262673981
['TTTCCCGCCAAA', 'TGAGTCA']	2	++	0	2	0.30691067219481405	0.1759089932841752	1.7982133626937866	1000	0.29692256476764284	0.05489542180070754
['TTTCCCGCCAAA', 'TGAGTCA']	2	++	0	3	0.3622587093369298	0.2153310069997677	1.708614468574524	1000	0.3527252810429772	0.07793671683318473
['TTTCCCGCCAAA', 'TGAGTCA']	2	++	0	4	0.35014670216292837	0.1946048402985067	1.94244384765625	1000	0.3377514180651245	0.05145825715743104
['TTTCCCGCCAAA', 'TGAGTCA']	2	++	1	0	0.21741094368147115	0.0730337816778094	1.6747939586639404	1000	0.21122745795451836	-0.0651598569776947
['TTTCCCGCCAAA', 'TGAGTCA']	2	++	1	1	0.312902827222682	0.1679530113617676	1.9147013425827026	1000	0.3039091234827995	0.03199692342579595
['TTTCCCGCCAAA', 'TGAGTCA']	2	++	1	2	0.18237184332962325	0.05137014829561089	1.7118895053863525	1000	0.17238373590245207	-0.06964341781339893
['TTTCCCGCCAAA', 'TGAGTCA']	2	++	1	3	0.20253474535147722	0.05560701614202593	1.5979022979736328	1000	0.19300129555969323	-0.08178727402455703
['TTTCCCGCCAAA', 'TGAGTCA']	2	++	1	4	0.2616200729859986	0.10607817887482988	1.8810820579528809	1000	0.24922476739036337	-0.037068406953474686
['TTTCCCGCCAAA', 'TGAGTCA']	2	++	2	0	0.26029163599507155	0.1159144793658676	1.7045166492462158	1000	0.2541081287702874	-0.0222791660077088
['TTTCCCGCCAAA', 'TGAGTCA']	2	++	2	1	0.2514884890323451	0.1065386839203464	1.8721320629119873	1000	0.24249478529246266	-0.02941740670285416
['TTTCCCGCCAAA', 'TGAGTCA']	2	++	2	2	0.22348846659766108	0.09248677693810656	1.740389347076416	1000	0.2135003591704899	-0.028526794545361105
['TTTCCCGCCAAA', 'TGAGTCA']	2	++	2	3	0.23044340200289035	0.08351568891681259	1.617247223854065	1000	0.22090999520676907	-0.0538785905008547
['TTTCCCGCCAAA', 'TGAGTCA']	2	++	2	4	0.23354315280854754	0.07800126944629453	1.861620306968689	1000	0.22114786871074368	-0.06514531369478112
['TTTCCCGCCAAA', 'TGAGTCA']	2	++	3	0	0.32299440371217847	0.17861724708297458	1.7479788064956665	1000	0.3168109179852257	0.040423600365783706
['TTTCCCGCCAAA', 'TGAGTCA']	2	++	3	1	0.3434825464246454	0.19853273056373102	1.9358974695205688	1000	0.3344887996891002	0.06257663994053045
['TTTCCCGCCAAA', 'TGAGTCA']	2	++	3	2	0.3030852190960099	0.17208354018537103	1.795561671257019	1000	0.2930971116688387	0.05106995257852986
['TTTCCCGCCAAA', 'TGAGTCA']	2	++	3	3	0.3195829128540011	0.1726551675211763	1.6790339946746826	1000	0.3100494630622171	0.035260885416280086
['TTTCCCGCCAAA', 'TGAGTCA']	2	++	3	4	0.37477074815683814	0.21922888629241646	1.9595119953155518	1000	0.36237548555686566	0.07608229240242514
['TTTCCCGCCAAA', 'TGAGTCA']	2	++	4	0	0.3773568082821995	0.2329796731508269	1.785659909248352	1000	0.3711733010574153	0.09478601299749144
['TTTCCCGCCAAA', 'TGAGTCA']	2	++	4	1	0.3760752365636325	0.23112537770705546	1.9584890604019165	1000	0.3670814898280874	0.09516928708385489
['TTTCCCGCCAAA', 'TGAGTCA']	2	++	4	2	0.35238937742801074	0.22138772001520324	1.8297367095947266	1000	0.3424012914986709	0.1003741377828199
['TTTCCCGCCAAA', 'TGAGTCA']	2	++	4	3	0.36577364775960114	0.21884590242677635	1.7110509872436523	1000	0.3562401764699858	0.08145161226019339
['TTTCCCGCCAAA', 'TGAGTCA']	2	++	4	4	0.36308831064902924	0.2075464487846076	1.9514143466949463	1000	0.35069304804905677	0.06439986564353196
['TTTCCCGCCAAA', 'TGAGTCA']	2	++	5	0	0.3294932411273196	0.1851160630002843	1.7524833679199219	1000	0.3233097339025354	0.0469224243447802
['TTTCCCGCCAAA', 'TGAGTCA']	2	++	5	1	0.3895610411527261	0.24461126828747445	1.967836618423462	1000	0.38056733741284365	0.10865514541752684
['TTTCCCGCCAAA', 'TGAGTCA']	2	++	5	2	0.3588343197799377	0.22783259787363613	1.8342039585113525	1000	0.3488461908549351	0.10681902639016846
['TTTCCCGCCAAA', 'TGAGTCA']	2	++	5	3	0.3391344165520378	0.19220671421487567	1.6925859451293945	1000	0.3296010097559165	0.05481242942275056
['TTTCCCGCCAAA', 'TGAGTCA']	2	++	5	4	0.4079204471063072	0.2523785637440542	1.9824894666671753	1000	0.39552514151067203	0.10923196447960502
['TTTCCCGCCAAA', 'TGAGTCA']	2	++	6	0	0.31693534743312496	0.17255820155283672	1.7437788248062134	1000	0.3107518402083408	0.03436454677395909
['TTTCCCGCCAAA', 'TGAGTCA']	2	++	6	1	0.34377904451473285	0.1988292286538185	1.9361029863357544	1000	0.33478534077485045	0.06287312728170225
['TTTCCCGCCAAA', 'TGAGTCA']	2	++	6	2	0.3153885569690962	0.1843868995562887	1.8040895462036133	1000	0.30540047103975637	0.06337331194944754
['TTTCCCGCCAAA', 'TGAGTCA']	2	++	6	3	0.316257284334267	0.16932954975035786	1.6767287254333496	1000	0.306723834542483	0.031935262271003795
['TTTCCCGCCAAA', 'TGAGTCA']	2	++	6	4	0.36648509699055787	0.21094321362830487	1.9537688493728638	1000	0.35408981289275404	0.06779663048722921
['TTTCCCGCCAAA', 'TGAGTCA']	2	++	7	0	0.31556999866575647	0.17119283128763688	1.7428325414657593	1000	0.30938646994314095	0.03299917919598817
['TTTCCCGCCAAA', 'TGAGTCA']	2	++	7	1	0.3131517291141432	0.1682019132532288	1.9148738384246826	1000	0.3041580038764294	0.03224581994279931
['TTTCCCGCCAAA', 'TGAGTCA']	2	++	7	2	0.30046463345348784	0.16946296529176466	1.7937452793121338	1000	0.29047652602631663	0.04844938843383917
['TTTCCCGCCAAA', 'TGAGTCA']	2	++	7	3	0.33400675381656314	0.1870790299815697	1.689031720161438	1000	0.3244733255226105	0.04968473981498672
['TTTCCCGCCAAA', 'TGAGTCA']	2	++	7	4	0.39596722291471487	0.2404253610502932	1.9742040634155273	1000	0.3835719603147424	0.09727878328367538
['TTTCCCGCCAAA', 'TGAGTCA']	2	++	8	0	0.31124371058980843	0.16686656470952022	1.7398337125778198	1000	0.3050602033650243	0.02867290724341366
['TTTCCCGCCAAA', 'TGAGTCA']	2	++	8	1	0.2800888384076971	0.13513904404461408	1.8919563293457031	1000	0.271095156165646	-0.0008170585871407231
['TTTCCCGCCAAA', 'TGAGTCA']	2	++	8	2	0.26932081115669443	0.13831912149713987	1.772157907485962	1000	0.2593327037295232	0.01730554867005776
['TTTCCCGCCAAA', 'TGAGTCA']	2	++	8	3	0.3228682544377706	0.17594053060277717	1.6813111305236816	1000	0.31333482614381797	0.038546235061736364
['TTTCCCGCCAAA', 'TGAGTCA']	2	++	8	4	0.33229142035468884	0.1767495369924358	1.9300676584243774	1000	0.319896136256885	0.033602951164131256
['TTTCCCGCCAAA', 'TGAGTCA']	2	++	9	0	0.2991147846225284	0.15473763874224014	1.7314265966415405	1000	0.2929312773977442	0.016543978588904665
['TTTCCCGCCAAA', 'TGAGTCA']	2	++	9	1	0.3356269808725103	0.19067716501159593	1.9304523468017578	1000	0.32663327713262785	0.05472108513731105
['TTTCCCGCCAAA', 'TGAGTCA']	2	++	9	2	0.2993362337833456	0.1683345871194538	1.7929631471633911	1000	0.28934814785400575	0.0473209995126126
['TTTCCCGCCAAA', 'TGAGTCA']	2	++	9	3	0.3164748423876084	0.16954711855261498	1.6768795251846313	1000	0.3069414355914871	0.03215283376048985
['TTTCCCGCCAAA', 'TGAGTCA']	2	++	9	4	0.340884469011555	0.18534258564930198	1.9360238313674927	1000	0.3284892064115825	0.04219602131882877
['TTTCCCGCCAAA', 'TGAGTCA']	2	+-	0	0	0.4818837788886566	0.33750662225945266	1.8581124544143677	1000	0.4757002286682097	0.19931297285503285
['TTTCCCGCCAAA', 'TGAGTCA']	2	+-	0	1	0.40315936539114666	0.2582096140237264	1.9772624969482422	1000	0.3941657046469269	0.1222535234005258
['TTTCCCGCCAAA', 'TGAGTCA']	2	+-	0	2	0.33282132039982854	0.20181964148918966	1.8161731958389282	1000	0.3228332129726573	0.08080605925680631
['TTTCCCGCCAAA', 'TGAGTCA']	2	+-	0	3	0.4315449299334024	0.2846171631027462	1.7566399574279785	1000	0.422011458643787	0.1472229105573681
['TTTCCCGCCAAA', 'TGAGTCA']	2	+-	0	4	0.4029531581927621	0.2474112963283405	1.9790465831756592	1000	0.39055789559278964	0.10426471856172267
['TTTCCCGCCAAA', 'TGAGTCA']	2	+-	1	0	0.23480640837479758	0.09042925174559366	1.6868513822555542	1000	0.2286229226478448	-0.04776439765882612
['TTTCCCGCCAAA', 'TGAGTCA']	2	+-	1	1	0.34984764583090927	0.20489782996999492	1.9403094053268433	1000	0.3408539420910269	0.06894175009571003
['TTTCCCGCCAAA', 'TGAGTCA']	2	+-	1	2	0.20277522009304613	0.0717735143101181	1.726032018661499	1000	0.19278711266587495	-0.049240057173349575
['TTTCCCGCCAAA', 'TGAGTCA']	2	+-	1	3	0.26075800994854875	0.1138302861135553	1.6382596492767334	1000	0.2512245816545961	-0.023563995991340906
['TTTCCCGCCAAA', 'TGAGTCA']	2	+-	1	4	0.30260166837527774	0.14705977426410904	1.9094882011413574	1000	0.2902063627796425	0.003913190787129783
['TTTCCCGCCAAA', 'TGAGTCA']	2	+-	2	0	0.2680955852541164	0.12371842862491249	1.7099257707595825	1000	0.26191207802933225	-0.014475219435892838
['TTTCCCGCCAAA', 'TGAGTCA']	2	+-	2	1	0.28892212532998723	0.1439723417158199	1.8980791568756104	1000	0.27992840009227343	0.008016247061775957
['TTTCCCGCCAAA', 'TGAGTCA']	2	+-	2	2	0.21730863550203913	0.0863069297191111	1.7361057996749878	1000	0.2073205065770366	-0.034706644451585486
['TTTCCCGCCAAA', 'TGAGTCA']	2	+-	2	3	0.27991090085754816	0.1329831877714704	1.6515353918075562	1000	0.2703774725635955	-0.004411102059208972
['TTTCCCGCCAAA', 'TGAGTCA']	2	+-	2	4	0.2665763550098884	0.11103448239655109	1.8845173120498657	1000	0.2541810709120846	-0.03211210074452456
['TTTCCCGCCAAA', 'TGAGTCA']	2	+-	3	0	0.3128386776939101	0.16846152106470622	1.7409394979476929	1000	0.306655170469126	0.030267874347515347
['TTTCCCGCCAAA', 'TGAGTCA']	2	+-	3	1	0.3330948588060258	0.1881450644429428	1.9286972284317017	1000	0.32410117656397475	0.05218896307082656
['TTTCCCGCCAAA', 'TGAGTCA']	2	+-	3	2	0.298494249720384	0.16749257080974514	1.7923794984817505	1000	0.28850612079538146	0.04647897782844613
['TTTCCCGCCAAA', 'TGAGTCA']	2	+-	3	3	0.31317974078840244	0.16625200620449332	1.674595594406128	1000	0.3036463124944498	0.028857724099597106
['TTTCCCGCCAAA', 'TGAGTCA']	2	+-	3	4	0.3680939946893795	0.21255215432278915	1.9548840522766113	1000	0.35569873208940694	0.06940553893496647
['TTTCCCGCCAAA', 'TGAGTCA']	2	+-	4	0	0.3320494622627562	0.18767228413572096	1.7542552947998047	1000	0.3258659550379721	0.04947864548021684
['TTTCCCGCCAAA', 'TGAGTCA']	2	+-	4	1	0.3500995144230979	0.20514972006001486	1.9404841661453247	1000	0.3411057891853841	0.06919361868789861
['TTTCCCGCCAAA', 'TGAGTCA']	2	+-	4	2	0.32052729108772016	0.18952561217708128	1.8076516389846802	1000	0.31053918366054895	0.06851202457024011
['TTTCCCGCCAAA', 'TGAGTCA']	2	+-	4	3	0.3341122866706988	0.18718451984004267	1.6891050338745117	1000	0.32457881538108346	0.04979026192020673
['TTTCCCGCCAAA', 'TGAGTCA']	2	+-	4	4	0.35967697027567136	0.20413508691341836	1.9490498304367065	1000	0.34728168617786753	0.0609885145212584
['TTTCCCGCCAAA', 'TGAGTCA']	2	+-	5	0	0.3178898081497508	0.1735126515205469	1.7444405555725098	1000	0.3117063009249667	0.035319007490584954
['TTTCCCGCCAAA', 'TGAGTCA']	2	+-	5	1	0.36084509793816294	0.2158952820772486	1.9479323625564575	1000	0.3518513941982805	0.07993918607959018
['TTTCCCGCCAAA', 'TGAGTCA']	2	+-	5	2	0.3301069182212608	0.19910523931062196	1.8142917156219482	1000	0.3201188107940896	0.07809166245269644
['TTTCCCGCCAAA', 'TGAGTCA']	2	+-	5	3	0.33485011374073165	0.18792238990573817	1.689616322517395	1000	0.325316685446779	0.05052810511361306
['TTTCCCGCCAAA', 'TGAGTCA']	2	+-	5	4	0.4091333977471799	0.25359149288709554	1.9833303689956665	1000	0.39673804915588196	0.1104449151204777
['TTTCCCGCCAAA', 'TGAGTCA']	2	+-	6	0	0.30717015101930334	0.1627929943900994	1.7370102405548096	1000	0.3009866652923505	0.02459935573459529
['TTTCCCGCCAAA', 'TGAGTCA']	2	+-	6	1	0.34276905489970966	0.19781926053662666	1.9354029893875122	1000	0.3337753511598272	0.06186315379005257
['TTTCCCGCCAAA', 'TGAGTCA']	2	+-	6	2	0.30044264117200875	0.1694409622613699	1.7937300205230713	1000	0.29045455524266894	0.048427385403444406
['TTTCCCGCCAAA', 'TGAGTCA']	2	+-	6	3	0.3115363175724202	0.16460860448634237	1.6734564304351807	1000	0.3020028892784675	0.0272143250686751
['TTTCCCGCCAAA', 'TGAGTCA']	2	+-	6	4	0.34215492635130995	0.1866130429890569	1.9369044303894043	1000	0.3297596637513374	0.04346647597135478
['TTTCCCGCCAAA', 'TGAGTCA']	2	+-	7	0	0.3117438576363489	0.16736670100714493	1.7401803731918335	1000	0.3055603504115647	0.029173048915496227
['TTTCCCGCCAAA', 'TGAGTCA']	2	+-	7	1	0.3103098447956234	0.16536003968362473	1.9129040241241455	1000	0.30131614105574095	0.029403949060424147
['TTTCCCGCCAAA', 'TGAGTCA']	2	+-	7	2	0.2930987455040219	0.1620970880912144	1.7886395454406738	1000	0.2831106810725134	0.04108350048437322
['TTTCCCGCCAAA', 'TGAGTCA']	2	+-	7	3	0.3281999100949999	0.18127218626000646	1.685006856918335	1000	0.3186664818010473	0.04387790415511025
['TTTCCCGCCAAA', 'TGAGTCA']	2	+-	7	4	0.3802267687684726	0.22468482091272549	1.9632936716079712	1000	0.3678314201771747	0.08153825389502337
['TTTCCCGCCAAA', 'TGAGTCA']	2	+-	8	0	0.3010965407084205	0.15671939482813227	1.7328002452850342	1000	0.2949130334836364	0.01852573736202573
['TTTCCCGCCAAA', 'TGAGTCA']	2	+-	8	1	0.27138428049957775	0.1264344646386634	1.885922908782959	1000	0.2623905767596953	-0.00952162128188657
['TTTCCCGCCAAA', 'TGAGTCA']	2	+-	8	2	0.24620051696843495	0.1151988380577961	1.7561322450637817	1000	0.23621243103909512	-0.00581473947193663
['TTTCCCGCCAAA', 'TGAGTCA']	2	+-	8	3	0.32071161349378235	0.1737838896587889	1.6798162460327148	1000	0.31117816370199836	0.0363895941177481
['TTTCCCGCCAAA', 'TGAGTCA']	2	+-	8	4	0.32726956994515755	0.17172768658290452	1.926586627960205	1000	0.3148742643495223	0.028581106129057798
['TTTCCCGCCAAA', 'TGAGTCA']	2	+-	9	0	0.2912855324159753	0.14690838653568705	1.7259999513626099	1000	0.2851020466890225	0.008714731085002207
['TTTCCCGCCAAA', 'TGAGTCA']	2	+-	9	1	0.309610971796011	0.16466116668401234	1.9124195575714111	1000	0.3006172680561286	0.028705065311896087
['TTTCCCGCCAAA', 'TGAGTCA']	2	+-	9	2	0.27797123752545466	0.14696953711698446	1.778153896331787	1000	0.2679831086004521	0.025955962946287887
['TTTCCCGCCAAA', 'TGAGTCA']	2	+-	9	3	0.3049253259710851	0.15799758063826033	1.6688740253448486	1000	0.2953918761793011	0.020603297189749677
['TTTCCCGCCAAA', 'TGAGTCA']	2	+-	9	4	0.3336409682160093	0.1780990741048406	1.9310029745101929	1000	0.3212456411225427	0.03495247752762035
['TTTCCCGCCAAA', 'TGAGTCA']	2	-+	0	0	0.4114700830287901	0.2670928834039235	1.8093054294586182	1000	0.4052865328083433	0.1288992447484194
['TTTCCCGCCAAA', 'TGAGTCA']	2	-+	0	1	0.535830909850338	0.39088105099376086	2.069223165512085	1000	0.5268372061104555	0.25492498186839163
['TTTCCCGCCAAA', 'TGAGTCA']	2	-+	0	2	0.534229321414178	0.4032276425035392	1.9557785987854004	1000	0.5242412139870068	0.28221404952224016
['TTTCCCGCCAAA', 'TGAGTCA']	2	-+	0	3	0.45102475986169194	0.30409701452886717	1.7701424360275269	1000	0.4414912885720766	0.16670270823891067
['TTTCCCGCCAAA', 'TGAGTCA']	2	-+	0	4	0.65971968729093	0.5041777609330143	2.1570234298706055	1000	0.6473243386996321	0.3610311831663965
['TTTCCCGCCAAA', 'TGAGTCA']	2	-+	1	0	0.19251897021534847	0.04814181358614455	1.6575400829315186	1000	0.18633546299056433	-0.09005184119273307
['TTTCCCGCCAAA', 'TGAGTCA']	2	-+	1	1	0.22589044079310514	0.08094061418327511	1.8543888330459595	1000	0.21689669405755999	-0.05501547643992546
['TTTCCCGCCAAA', 'TGAGTCA']	2	-+	1	2	0.15236102123888265	0.021359339641014885	1.6910874843597412	1000	0.14237291381171147	-0.09965423990413953
['TTTCCCGCCAAA', 'TGAGTCA']	2	-+	1	3	0.2354381436470794	0.08851040368871244	1.6207091808319092	1000	0.2259046938552954	-0.048883875728954855
['TTTCCCGCCAAA', 'TGAGTCA']	2	-+	1	4	0.25807929417003506	0.10253741080778206	1.8786276578903198	1000	0.24568398857439985	-0.04060917770775143
['TTTCCCGCCAAA', 'TGAGTCA']	2	-+	2	0	0.27199082031350813	0.1276136314375572	1.7126257419586182	1000	0.2658072700930613	-0.010580011248790284
['TTTCCCGCCAAA', 'TGAGTCA']	2	-+	2	1	0.23033838509670726	0.08538857461025073	1.8574719429016113	1000	0.2213446813568248	-0.05056752138740768
['TTTCCCGCCAAA', 'TGAGTCA']	2	-+	2	2	0.21751871231006806	0.08651700652714002	1.7362514734268188	1000	0.20753058338506553	-0.03449656226909873
['TTTCCCGCCAAA', 'TGAGTCA']	2	-+	2	3	0.23000996272705335	0.08308223889205991	1.616946816444397	1000	0.22047653443310072	-0.05431204590006521
['TTTCCCGCCAAA', 'TGAGTCA']	2	-+	2	4	0.2680373046333053	0.11249542127105225	1.8855299949645996	1000	0.25564202053550145	-0.030651167244481234
['TTTCCCGCCAAA', 'TGAGTCA']	2	-+	3	0	0.2708696869103649	0.12649254103007662	1.7118486166000366	1000	0.2646862011834121	-0.01170110299988532
['TTTCCCGCCAAA', 'TGAGTCA']	2	-+	3	1	0.33725425921714286	0.19230444335622848	1.9315803050994873	1000	0.32826053397942906	0.056348341984112225
['TTTCCCGCCAAA', 'TGAGTCA']	2	-+	3	2	0.3033830285538102	0.172381360392087	1.7957680225372314	1000	0.29339494262447036	0.051367788908619365
['TTTCCCGCCAAA', 'TGAGTCA']	2	-+	3	3	0.3213369424123195	0.17440921857732608	1.680249810218811	1000	0.3118034926205355	0.03701493378520095
['TTTCCCGCCAAA', 'TGAGTCA']	2	-+	3	4	0.33177162429028734	0.17622975167695	1.9297071695327759	1000	0.3193763401924835	0.03308316316141653
['TTTCCCGCCAAA', 'TGAGTCA']	2	-+	4	0	0.36765500897305214	0.22327783084601685	1.778935194015503	1000	0.361471501748268	0.08508418144159707
['TTTCCCGCCAAA', 'TGAGTCA']	2	-+	4	1	0.36494331552123555	0.21999352115815252	1.950773000717163	1000	0.3559496117813531	0.08403741441157843
['TTTCCCGCCAAA', 'TGAGTCA']	2	-+	4	2	0.3369240740253176	0.2059224166125101	1.819016933441162	1000	0.3269359880959778	0.08490883438012677
['TTTCCCGCCAAA', 'TGAGTCA']	2	-+	4	3	0.298087123790129	0.15115938920621988	1.66413414478302	1000	0.28855367399834503	0.013765099039636923
['TTTCCCGCCAAA', 'TGAGTCA']	2	-+	4	4	0.35242125871191443	0.1968793753496614	1.9440205097198486	1000	0.34002597461411055	0.0537327975830436
['TTTCCCGCCAAA', 'TGAGTCA']	2	-+	5	0	0.3001190988100731	0.15574192068303783	1.732122778892517	1000	0.2939355700874576	0.017548279340304798
['TTTCCCGCCAAA', 'TGAGTCA']	2	-+	5	1	0.30439779068739486	0.15944799632431184	1.9088060855865479	1000	0.2954040869475124	0.023491894952195592
['TTTCCCGCCAAA', 'TGAGTCA']	2	-+	5	2	0.26802429844533376	0.13702260878577924	1.7712593078613281	1000	0.25803619101816255	0.016009038645926038
['TTTCCCGCCAAA', 'TGAGTCA']	2	-+	5	3	0.3430859544317557	0.1961582305967623	1.6953248977661133	1000	0.3335525261378031	0.058763935055721486
['TTTCCCGCCAAA', 'TGAGTCA']	2	-+	5	4	0.3426439805168697	0.18710211865244802	1.9372434616088867	1000	0.3302487179168972	0.04395553282414345
['TTTCCCGCCAAA', 'TGAGTCA']	2	-+	6	0	0.31497880830341557	0.17060166242312733	1.7424228191375732	1000	0.3087953225764628	0.03240799958256294
['TTTCCCGCCAAA', 'TGAGTCA']	2	-+	6	1	0.291014939212674	0.14606514484959102	1.8995298147201538	1000	0.28202125697062297	0.01010905624181215
['TTTCCCGCCAAA', 'TGAGTCA']	2	-+	6	2	0.28748374842949614	0.15648209101668864	1.78474760055542	1000	0.2774956625001563	0.035468514158763134
['TTTCCCGCCAAA', 'TGAGTCA']	2	-+	6	3	0.3228540443712431	0.17592630978733395	1.6813013553619385	1000	0.31332061607729045	0.03853202768243774
['TTTCCCGCCAAA', 'TGAGTCA']	2	-+	6	4	0.36452638657988135	0.20898450321762835	1.9524112939834595	1000	0.35213112397990887	0.06583793619992621
['TTTCCCGCCAAA', 'TGAGTCA']	2	-+	7	0	0.2928344941609712	0.14845731603393592	1.7270734310150146	1000	0.28665096543835566	0.010263667301323356
['TTTCCCGCCAAA', 'TGAGTCA']	2	-+	7	1	0.29545823998470283	0.15050840262595713	1.9026095867156982	1000	0.28646451474698903	0.014552316033599933
['TTTCCCGCCAAA', 'TGAGTCA']	2	-+	7	2	0.2999815556850456	0.16897986602549103	1.7934104204177856	1000	0.2899934052622117	0.04796627841864986
['TTTCCCGCCAAA', 'TGAGTCA']	2	-+	7	3	0.29411890359327736	0.14719116900936824	1.6613835096359253	1000	0.2845854752993247	0.009796889591700945
['TTTCCCGCCAAA', 'TGAGTCA']	2	-+	7	4	0.3088833991915359	0.15334153732711425	1.9138424396514893	1000	0.2964881150937321	0.010194943437122916
['TTTCCCGCCAAA', 'TGAGTCA']	2	-+	8	0	0.2973973013775183	0.15302013399939868	1.7302361726760864	1000	0.29121381565056553	0.014826496687509046
['TTTCCCGCCAAA', 'TGAGTCA']	2	-+	8	1	0.3155574439322435	0.1706076388202448	1.9165412187576294	1000	0.3065637616901924	0.03465154819704424
['TTTCCCGCCAAA', 'TGAGTCA']	2	-+	8	2	0.29939541731307373	0.16839374915135058	1.7930041551589966	1000	0.2894073098859026	0.047380166918967244
['TTTCCCGCCAAA', 'TGAGTCA']	2	-+	8	3	0.29087825600090084	0.1439505214169917	1.659137487411499	1000	0.2813448277069482	0.00655623595305933
['TTTCCCGCCAAA', 'TGAGTCA']	2	-+	8	4	0.33692929799833754	0.18138741463608454	1.9332822561264038	1000	0.32453399240270236	0.03824083418223781
['TTTCCCGCCAAA', 'TGAGTCA']	2	-+	9	0	0.3048589621656835	0.16048181628539523	1.7354081869125366	1000	0.29867547643873066	0.022288166880975437
['TTTCCCGCCAAA', 'TGAGTCA']	2	-+	9	1	0.2911521598702312	0.1462023547582325	1.8996248245239258	1000	0.2821584561303488	0.010246258088766875
['TTTCCCGCCAAA', 'TGAGTCA']	2	-+	9	2	0.25546788810150284	0.12446621993977966	1.7625559568405151	1000	0.245479802172163	0.003452646104986689
['TTTCCCGCCAAA', 'TGAGTCA']	2	-+	9	3	0.3477429006518189	0.20081515531899408	1.6985529661178589	1000	0.3382094508600349	0.06342088127578462
['TTTCCCGCCAAA', 'TGAGTCA']	2	-+	9	4	0.3140845415145917	0.15854266890125435	1.917447566986084	1000	0.3016892574167878	0.01539608844740761
['TTTCCCGCCAAA', 'TGAGTCA']	2	--	0	0	0.5218248147467217	0.37744765811751774	1.8857976198196411	1000	0.5156413075219375	0.23925403021092934
['TTTCCCGCCAAA', 'TGAGTCA']	2	--	0	1	0.6402993203641762	0.4953495904945873	2.1416351795196533	1000	0.6313056166242939	0.3593934353778927
['TTTCCCGCCAAA', 'TGAGTCA']	2	--	0	2	0.6323260756831883	0.5013243537768868	2.0237741470336914	1000	0.6223380112516799	0.3803108252890818
['TTTCCCGCCAAA', 'TGAGTCA']	2	--	0	3	0.6182748351337205	0.47134704680523304	1.8860713243484497	1000	0.6087414068397679	0.3339527942598549
['TTTCCCGCCAAA', 'TGAGTCA']	2	--	0	4	0.6984012512010641	0.5428594108344738	2.183835506439209	1000	0.6860059886010916	0.399712833067856
['TTTCCCGCCAAA', 'TGAGTCA']	2	--	1	0	0.22045140346824338	0.07607424683903947	1.6769013404846191	1000	0.21426789624345927	-0.062119402565380316
['TTTCCCGCCAAA', 'TGAGTCA']	2	--	1	1	0.306172952613938	0.16122314750193936	1.910036325454712	1000	0.2971792488740556	0.02526705150428095
['TTTCCCGCCAAA', 'TGAGTCA']	2	--	1	2	0.1917175740579905	0.06071589514735165	1.7183674573898315	1000	0.18172946663081932	-0.06029767633611601
['TTTCCCGCCAAA', 'TGAGTCA']	2	--	1	3	0.325782263980496	0.17885451864767116	1.68333101272583	1000	0.316248814188712	0.041460231168317124
['TTTCCCGCCAAA', 'TGAGTCA']	2	--	1	4	0.2786276093124726	0.12308574744805093	1.8928706645965576	1000	0.26623230371683737	-0.020060843754711483
['TTTCCCGCCAAA', 'TGAGTCA']	2	--	2	0	0.2440013318161895	0.09962417518698558	1.6932250261306763	1000	0.237817803093574	-0.03856948227912096
['TTTCCCGCCAAA', 'TGAGTCA']	2	--	2	1	0.21717100638568618	0.0722212012736875	1.8483449220657349	1000	0.20817730264580375	-0.06373490009842875
['TTTCCCGCCAAA', 'TGAGTCA']	2	--	2	2	0.20651648768425296	0.07551480339915627	1.7286254167556763	1000	0.19652835875925043	-0.04549877883322707
['TTTCCCGCCAAA', 'TGAGTCA']	2	--	2	3	0.23409633500504776	0.08716860042113864	1.619779109954834	1000	0.2245628637154324	-0.05022568974544433
['TTTCCCGCCAAA', 'TGAGTCA']	2	--	2	4	0.27255178472495994	0.11700991211162258	1.8886592388153076	1000	0.2601564791293247	-0.026136676403910902
['TTTCCCGCCAAA', 'TGAGTCA']	2	--	3	0	0.259794606134078	0.11541741725812706	1.7041720151901245	1000	0.25361105591363114	-0.02277622677183489
['TTTCCCGCCAAA', 'TGAGTCA']	2	--	3	1	0.29792780336193597	0.1529779982499373	1.904321312904358	1000	0.2889341211198849	0.017021903595893353
['TTTCCCGCCAAA', 'TGAGTCA']	2	--	3	2	0.3055634031036175	0.17456173494189436	1.7972794771194458	1000	0.2955753171742777	0.053548152709511014
['TTTCCCGCCAAA', 'TGAGTCA']	2	--	3	3	0.29329785841805833	0.1463701130852335	1.6608144044876099	1000	0.28376438712844293	0.008975824934072228
['TTTCCCGCCAAA', 'TGAGTCA']	2	--	3	4	0.32615333804756386	0.1706114654342265	1.9258129596710205	1000	0.3137580324519286	0.027464874231464095
['TTTCCCGCCAAA', 'TGAGTCA']	2	--	4	0	0.3542280224505537	0.2098508443235184	1.7696281671524048	1000	0.34804449372793816	0.07165718954464076
['TTTCCCGCCAAA', 'TGAGTCA']	2	--	4	1	0.36235854526575567	0.21740875090267264	1.9489812850952148	1000	0.35336486302370457	0.08145265490501424
['TTTCCCGCCAAA', 'TGAGTCA']	2	--	4	2	0.32242142201299767	0.1914197646001902	1.808964490890503	1000	0.31243333608365786	0.07040618236780685
['TTTCCCGCCAAA', 'TGAGTCA']	2	--	4	3	0.27817613335612634	0.1312484095211329	1.650333046913147	1000	0.26864268356434234	-0.006145877958221139
['TTTCCCGCCAAA', 'TGAGTCA']	2	--	4	4	0.3529621656467093	0.1974202822844563	1.9443955421447754	1000	0.3405668600510741	0.05427368302000713
['TTTCCCGCCAAA', 'TGAGTCA']	2	--	5	0	0.29598169068043517	0.15160452330231555	1.7292548418045044	1000	0.28979820495348235	0.01341088464681145
['TTTCCCGCCAAA', 'TGAGTCA']	2	--	5	1	0.3138522574467701	0.16890244158585574	1.915359377861023	1000	0.3048585322090563	0.03294634021373949
['TTTCCCGCCAAA', 'TGAGTCA']	2	--	5	2	0.26351385994597437	0.13251215953750417	1.7681328058242798	1000	0.25352573102097187	0.011498597459337742
['TTTCCCGCCAAA', 'TGAGTCA']	2	--	5	3	0.34012632649088903	0.1931985811580642	1.6932734251022339	1000	0.3305928981969364	0.05580430174039693
['TTTCCCGCCAAA', 'TGAGTCA']	2	--	5	4	0.34866083655296776	0.19311895319071473	1.9414141178131104	1000	0.3362655739529953	0.04997238079855477
['TTTCCCGCCAAA', 'TGAGTCA']	2	--	6	0	0.3039063717603857	0.1595292151311818	1.7347478866577148	1000	0.29772284303777025	0.02133555094700296
['TTTCCCGCCAAA', 'TGAGTCA']	2	--	6	1	0.2941077247209713	0.14915793035788827	1.9016735553741455	1000	0.28511402098108884	0.013201828985772027
['TTTCCCGCCAAA', 'TGAGTCA']	2	--	6	2	0.28276914502573125	0.1517674661150924	1.7814797163009644	1000	0.2727810590963914	0.030753900006082566
['TTTCCCGCCAAA', 'TGAGTCA']	2	--	6	3	0.3119496563759376	0.16502190029419708	1.6737428903579712	1000	0.3024161850863222	0.02762762087652979
['TTTCCCGCCAAA', 'TGAGTCA']	2	--	6	4	0.35020055423047974	0.19465867086822675	1.9424811601638794	1000	0.3378052701326759	0.05151208235269326
['TTTCCCGCCAAA', 'TGAGTCA']	2	--	7	0	0.2873238690576878	0.14294672317739954	1.7232539653778076	1000	0.28114036183290364	0.00475305798550986
['TTTCCCGCCAAA', 'TGAGTCA']	2	--	7	1	0.28455757111422225	0.13960775525330787	1.895053744316101	1000	0.27556384587650845	0.0036516602633603055
['TTTCCCGCCAAA', 'TGAGTCA']	2	--	7	2	0.29295165734187145	0.16194995693340128	1.788537621498108	1000	0.28296352841686895	0.04093638813716252
['TTTCCCGCCAAA', 'TGAGTCA']	2	--	7	3	0.2776271647345723	0.13069944089957883	1.6499524116516113	1000	0.26809375793845097	-0.006694847923389684
['TTTCCCGCCAAA', 'TGAGTCA']	2	--	7	4	0.2931887569239172	0.1376468735616642	1.902963638305664	1000	0.280793451328282	-0.005499713946158445
['TTTCCCGCCAAA', 'TGAGTCA']	2	--	8	0	0.29052769086494834	0.14615053423574442	1.7254745960235596	1000	0.2843442051379956	0.007956882815902941
['TTTCCCGCCAAA', 'TGAGTCA']	2	--	8	1	0.30295975775220546	0.1580099418912911	1.9078093767166138	1000	0.2939660110166603	0.02205384992447608
['TTTCCCGCCAAA', 'TGAGTCA']	2	--	8	2	0.2824288558531678	0.15142717694252897	1.7812438011169434	1000	0.272440769923828	0.03041360277183238
['TTTCCCGCCAAA', 'TGAGTCA']	2	--	8	3	0.2883884846621913	0.14146075007828215	1.6574114561080933	1000	0.2788550348704073	0.004066467973385957
['TTTCCCGCCAAA', 'TGAGTCA']	2	--	8	4	0.3312822261594259	0.17574034279717285	1.929368019104004	1000	0.31888694206162205	0.03259375965609721
['TTTCCCGCCAAA', 'TGAGTCA']	2	--	9	0	0.2986394675712063	0.15426230019308668	1.7310972213745117	1000	0.29245596034642213	0.01606864675782352
['TTTCCCGCCAAA', 'TGAGTCA']	2	--	9	1	0.2704064086446032	0.12545661428152016	1.8852449655532837	1000	0.26141270490472074	-0.010499481716138234
['TTTCCCGCCAAA', 'TGAGTCA']	2	--	9	2	0.2362464191104719	0.10524474019983303	1.749232530593872	1000	0.22625833318113206	-0.01576883665809247
['TTTCCCGCCAAA', 'TGAGTCA']	2	--	9	3	0.3318796293950292	0.1849518840622044	1.687557339668274	1000	0.3223461796032452	0.04755760464453711
['TTTCCCGCCAAA', 'TGAGTCA']	2	--	9	4	0.30619558983035783	0.15065369571918916	1.9119793176651	1000	0.29380028423472265	0.007507103172812291
