motif_seq	motif_counts	orientation_pattern	spacing	model_fold	log2_fc_vs_baseline	log2_fc_vs_single	mean_prediction	n_sequences	log2_fc_vs_single_GATA	log2_fc_vs_single_AP1_2
['GATAA', 'TGAGTCA']	2	++	50	0	0.48777418468070777	0.27567176498992485	1.864063024520874	1000	0.3301742064334109	0.22116932354643884
['GATAA', 'TGAGTCA']	2	++	50	1	0.4957515139496537	0.27639536049559876	2.0428266525268555	1000	0.3290570501290688	0.2237336923599601
['GATAA', 'TGAGTCA']	2	++	50	2	0.45778896650711437	0.2586715594239439	1.9050365686416626	1000	0.3005536989688034	0.21678941987908432
['GATAA', 'TGAGTCA']	2	++	50	3	0.49754920560345994	0.27913732289396725	1.8159496784210205	1000	0.337745742637646	0.2205289246481198
['GATAA', 'TGAGTCA']	2	++	50	4	0.5230731508180093	0.2920656672181204	2.0687904357910156	1000	0.35230435350499045	0.2318269809312503
['GATAA', 'TGAGTCA']	2	+-	50	0	0.4831234728317384	0.27102098864746144	1.8608393669128418	1000	0.3255234300909474	0.2165185472039754
['GATAA', 'TGAGTCA']	2	+-	50	1	0.4963134242656852	0.27695729230946164	2.0432159900665283	1000	0.3296189604451003	0.22429562417382296
['GATAA', 'TGAGTCA']	2	+-	50	2	0.45764076045773333	0.25852335337456284	1.9049339294433594	1000	0.30040549291942237	0.2166412138297033
['GATAA', 'TGAGTCA']	2	+-	50	3	0.4955195093536398	0.2771076696398098	1.8145430088043213	1000	0.3357160678856572	0.21849927139396236
['GATAA', 'TGAGTCA']	2	+-	50	4	0.5217530979813119	0.2907455498879288	2.067875385284424	1000	0.3509842791704616	0.23050688509889009
['GATAA', 'TGAGTCA']	2	-+	50	0	0.5068901423154344	0.2947877441224828	1.877313256263733	1000	0.3492901640681375	0.24028528118116543
['GATAA', 'TGAGTCA']	2	-+	50	1	0.5146252770163028	0.2952691450600792	2.0559089183807373	1000	0.3479308346935492	0.2426074769244405
['GATAA', 'TGAGTCA']	2	-+	50	2	0.4801103797842847	0.2809929512032829	1.9205087423324585	1000	0.3228750907481424	0.23911083315625467
['GATAA', 'TGAGTCA']	2	-+	50	3	0.5207985512733606	0.3023866900616992	1.8320649862289429	1000	0.360995109805378	0.24377827031802043
['GATAA', 'TGAGTCA']	2	-+	50	4	0.5565168971047911	0.32550934901140804	2.0919718742370605	1000	0.38574805679610946	0.2652706197288753
['GATAA', 'TGAGTCA']	2	--	50	0	0.5114332790162891	0.2993307948320121	1.8804621696472168	1000	0.35383323627549806	0.24482835338852604
['GATAA', 'TGAGTCA']	2	--	50	1	0.5136886165040412	0.294332506045649	2.0552597045898438	1000	0.34699417418128764	0.2416708379100103
['GATAA', 'TGAGTCA']	2	--	50	2	0.4780788777166305	0.27896147063346	1.9191006422042847	1000	0.32084363167615093	0.23707933108860046
['GATAA', 'TGAGTCA']	2	--	50	3	0.518152039246221	0.29974022103022235	1.830230474472046	1000	0.3583485977782384	0.24113180128654355
['GATAA', 'TGAGTCA']	2	--	50	4	0.5559887383839914	0.32498119029060835	2.0916059017181396	1000	0.38521985507964707	0.2647425040037383
['GATAA', 'TGAGTCA']	2	++	40	0	0.4849545721154747	0.27285213092686045	1.862108588218689	1000	0.32735455087251514	0.21834971098120579
['GATAA', 'TGAGTCA']	2	++	40	1	0.49525551598456535	0.2758993840283418	2.042482852935791	1000	0.3285610736618118	0.22323773739053446
['GATAA', 'TGAGTCA']	2	++	40	2	0.44774634057961965	0.24862895499428053	1.8980756998062134	1000	0.2905110945391401	0.20674681544942097
['GATAA', 'TGAGTCA']	2	++	40	3	0.4762220670265902	0.2578101843170975	1.8011667728424072	1000	0.31641856106511357	0.1992017645734187
['GATAA', 'TGAGTCA']	2	++	40	4	0.5177750532755296	0.28676756967564065	2.0651180744171143	1000	0.3470062559625107	0.2265288403931079
['GATAA', 'TGAGTCA']	2	++	41	0	0.46954183091045154	0.2574393897218373	1.8514254093170166	1000	0.3119418311653233	0.2029369267805199
['GATAA', 'TGAGTCA']	2	++	41	1	0.4728549046966727	0.2534987942382805	2.0269558429718018	1000	0.30616046237391914	0.2008371261026418
['GATAA', 'TGAGTCA']	2	++	41	2	0.4422502480103342	0.24313286242499504	1.894266128540039	1000	0.2850149804720232	0.20125070138230414
['GATAA', 'TGAGTCA']	2	++	41	3	0.4697955913117996	0.2513837086023069	1.7967123985290527	1000	0.30999210684815437	0.19277531035645948
['GATAA', 'TGAGTCA']	2	++	41	4	0.48951206936767644	0.2585045427721247	2.045527696609497	1000	0.31874322905899477	0.19826583498742328
['GATAA', 'TGAGTCA']	2	++	42	0	0.5009885146554144	0.2888860734668001	1.8732225894927979	1000	0.34338851491028616	0.23438365352114546
['GATAA', 'TGAGTCA']	2	++	42	1	0.5029393998554766	0.2835832464014217	2.047808885574341	1000	0.33624493603489175	0.2309215997636144
['GATAA', 'TGAGTCA']	2	++	42	2	0.47895439839651033	0.27983701281117124	1.9197074174880981	1000	0.32171915235603077	0.23795487326631168
['GATAA', 'TGAGTCA']	2	++	42	3	0.5071848345876878	0.2887729733760265	1.8226286172866821	1000	0.34738135012404253	0.23016453213451632
['GATAA', 'TGAGTCA']	2	++	42	4	0.5398603773687282	0.308852829275345	2.0804264545440674	1000	0.3690915800557092	0.24861416448630633
['GATAA', 'TGAGTCA']	2	++	43	0	0.4886981614724682	0.27659567728819123	1.86470365524292	1000	0.3310981187316772	0.22209325734253654
['GATAA', 'TGAGTCA']	2	++	43	1	0.5140090631782613	0.2946529097242064	2.0554816722869873	1000	0.3473145563620137	0.24199122009073634
['GATAA', 'TGAGTCA']	2	++	43	2	0.46197425030718625	0.2628568647218471	1.90793776512146	1000	0.304739025764538	0.22097474667481892
['GATAA', 'TGAGTCA']	2	++	43	3	0.4956735198174874	0.2772616156101634	1.8146497011184692	1000	0.3358700138560108	0.21865319586648457
['GATAA', 'TGAGTCA']	2	++	43	4	0.5163936026324741	0.2853860975347538	2.0641605854034424	1000	0.34562478382162387	0.22514738975005238
['GATAA', 'TGAGTCA']	2	++	44	0	0.49437234207672215	0.2822698793902765	1.8686364889144897	1000	0.3367723208337625	0.22776743794679047
['GATAA', 'TGAGTCA']	2	++	44	1	0.5005711987530957	0.28121504529904084	2.0461671352386475	1000	0.33387669193684816	0.22855337716340215
['GATAA', 'TGAGTCA']	2	++	44	2	0.4618939344092333	0.2627765488238942	1.9078819751739502	1000	0.3046586883687537	0.22089440927903461
['GATAA', 'TGAGTCA']	2	++	44	3	0.4930666497913717	0.2746548100775417	1.812842607498169	1000	0.3332631868255578	0.21604639033386291
['GATAA', 'TGAGTCA']	2	++	44	4	0.542866935075449	0.31185938698206594	2.082510471343994	1000	0.37209809476676736	0.2516206791973645
['GATAA', 'TGAGTCA']	2	++	45	0	0.48842036649566206	0.2763179683027105	1.8645110130310059	1000	0.33082040974619653	0.22181552685922448
['GATAA', 'TGAGTCA']	2	++	45	1	0.48914789610447446	0.26979176414825085	2.0382492542266846	1000	0.3224534322838895	0.21713009601261218
['GATAA', 'TGAGTCA']	2	++	45	2	0.443381205922408	0.2442638418349002	1.895050048828125	1000	0.2861459813797598	0.20238170229004068
['GATAA', 'TGAGTCA']	2	++	45	3	0.49031492737756677	0.2719030661659054	1.8109352588653564	1000	0.3305114429139215	0.21329462492439527
['GATAA', 'TGAGTCA']	2	++	45	4	0.5209013109072511	0.2898938273073621	2.0672850608825684	1000	0.35013253509206355	0.2296550980248293
['GATAA', 'TGAGTCA']	2	++	46	0	0.5013635658212835	0.2892611461305005	1.8734824657440186	1000	0.3437635660761552	0.23475872618484586
['GATAA', 'TGAGTCA']	2	++	46	1	0.48398863155690375	0.2646324781028488	2.0346734523773193	1000	0.3172941462384875	0.21197080996721016
['GATAA', 'TGAGTCA']	2	++	46	2	0.46469467187853414	0.265577286293195	1.9098234176635742	1000	0.3074594258380546	0.2236951252505041
['GATAA', 'TGAGTCA']	2	++	46	3	0.498288129062892	0.27987626785123065	1.8164619207382202	1000	0.33848466609707806	0.22126786960538322
['GATAA', 'TGAGTCA']	2	++	46	4	0.5359245973993955	0.3049170708038437	2.0776984691619873	1000	0.3651557570907138	0.2446783630191423
['GATAA', 'TGAGTCA']	2	++	47	0	0.48058423498307445	0.26848172930096614	1.859079360961914	1000	0.32298419224228353	0.21397930935531145
['GATAA', 'TGAGTCA']	2	++	47	1	0.49026234368206545	0.2709062332236732	2.0390217304229736	1000	0.3235679013593119	0.2182445865858659
['GATAA', 'TGAGTCA']	2	++	47	2	0.4532951028357319	0.2541776957525614	1.9019218683242798	1000	0.2960598352974209	0.21229555620770185
['GATAA', 'TGAGTCA']	2	++	47	3	0.48161436806608	0.2632024638587559	1.804904580116272	1000	0.3218108836024347	0.20459408711073984
['GATAA', 'TGAGTCA']	2	++	47	4	0.5018745262769968	0.2708669996814451	2.0540969371795654	1000	0.33110572896397794	0.21062833489240643
['GATAA', 'TGAGTCA']	2	++	48	0	0.46952351475813464	0.2574210735695204	1.8514126539230347	1000	0.31192353651083776	0.2029186536238657
['GATAA', 'TGAGTCA']	2	++	48	1	0.4709041484835986	0.25154801652737496	2.025603771209717	1000	0.3042096846630136	0.1988863483917363
['GATAA', 'TGAGTCA']	2	++	48	2	0.44493141454162266	0.2458139859606208	1.8961244821548462	1000	0.28769612550548035	0.20393184641576123
['GATAA', 'TGAGTCA']	2	++	48	3	0.4706134548079777	0.252201572098485	1.7972792387008667	1000	0.31080997034433244	0.19359317385263758
['GATAA', 'TGAGTCA']	2	++	48	4	0.5115885363543554	0.2805810312566351	2.0608298778533936	1000	0.34081976053916785	0.220342344969765
['GATAA', 'TGAGTCA']	2	++	49	0	0.48142295137566965	0.2693205101870554	1.8596606254577637	1000	0.3238229516305414	0.21481809024140072
['GATAA', 'TGAGTCA']	2	++	49	1	0.49113717643134186	0.2717810659729496	2.039628267288208	1000	0.32444273410858826	0.21911939783731094
['GATAA', 'TGAGTCA']	2	++	49	2	0.44367301748525945	0.24455561040208898	1.8952522277832031	1000	0.2864377714447799	0.20267347085722942
['GATAA', 'TGAGTCA']	2	++	49	3	0.4903097249023782	0.2718978851885482	1.81093168258667	1000	0.3305062834343956	0.21328948694270072
['GATAA', 'TGAGTCA']	2	++	49	4	0.5066545260837523	0.27564704248386335	2.0574100017547607	1000	0.335885707272902	0.2154083346991619
['GATAA', 'TGAGTCA']	2	+-	40	0	0.4831989302198045	0.2710964675333588	1.8608916997909546	1000	0.3255989519725076	0.21659406908553552
['GATAA', 'TGAGTCA']	2	+-	40	1	0.49244824317453173	0.2730921327161395	2.040537118911743	1000	0.3257538008517782	0.22043044308266949
['GATAA', 'TGAGTCA']	2	+-	40	2	0.4479688431341734	0.24885141455317156	1.898229956626892	1000	0.29073355409803114	0.20696927500831203
['GATAA', 'TGAGTCA']	2	+-	40	3	0.47544629628421076	0.25703441357471807	1.8006291389465332	1000	0.3156428118205655	0.1984259938310393
['GATAA', 'TGAGTCA']	2	+-	40	4	0.5189051082786865	0.28789760318096613	2.065901279449463	1000	0.3481362894678362	0.2276588953962647
['GATAA', 'TGAGTCA']	2	+-	41	0	0.47574008564754716	0.2636376444589329	1.8557217121124268	1000	0.3181400644045876	0.20913522451327823
['GATAA', 'TGAGTCA']	2	+-	41	1	0.4744927384765019	0.2551366280181097	2.0280911922454834	1000	0.3077982961537484	0.20247495988247102
['GATAA', 'TGAGTCA']	2	+-	41	2	0.4383316233104251	0.2392142592229173	1.891549825668335	1000	0.2810964202656082	0.19733211967805775
['GATAA', 'TGAGTCA']	2	+-	41	3	0.47763559243403164	0.25922368822670755	1.8021466732025146	1000	0.31783210797038636	0.2006153114786915
['GATAA', 'TGAGTCA']	2	+-	41	4	0.4884560528957161	0.25744852630016435	2.0447957515716553	1000	0.31768723408486577	0.19720981851546293
['GATAA', 'TGAGTCA']	2	+-	42	0	0.49505098561702676	0.28294852293058115	1.8691068887710571	1000	0.33745098587189853	0.22844610298492649
['GATAA', 'TGAGTCA']	2	+-	42	1	0.5044709913527354	0.2851149023921745	2.04887056350708	1000	0.3377765705278132	0.23245323425653586
['GATAA', 'TGAGTCA']	2	+-	42	2	0.47635290282823406	0.27723549574506356	1.917904257774353	1000	0.31911763528992315	0.23535335620020403
['GATAA', 'TGAGTCA']	2	+-	42	3	0.5124903273841546	0.2940784661724932	1.8263061046600342	1000	0.35268684292050934	0.2354700679266458
['GATAA', 'TGAGTCA']	2	+-	42	4	0.5370018107330746	0.30599432713318564	2.0784451961517334	1000	0.3662330134200557	0.24575561934848422
['GATAA', 'TGAGTCA']	2	+-	43	0	0.49498305246993596	0.28288058978349034	1.8690598011016846	1000	0.33738305272480773	0.22837816983783568
['GATAA', 'TGAGTCA']	2	+-	43	1	0.5159759427648538	0.2966198323064616	2.056845188140869	1000	0.34928150044210027	0.24395816417082294
['GATAA', 'TGAGTCA']	2	+-	43	2	0.4601371316306697	0.2610197675431619	1.906664252281189	1000	0.30290188559019016	0.2191376279983024
['GATAA', 'TGAGTCA']	2	+-	43	3	0.4986078018151832	0.2801959621013533	1.8166835308074951	1000	0.33880433884936934	0.22158754235767447
['GATAA', 'TGAGTCA']	2	+-	43	4	0.5142292869626911	0.28322180336280217	2.0626602172851562	1000	0.34346048964967224	0.22298307408026938
['GATAA', 'TGAGTCA']	2	+-	44	0	0.49074423906978304	0.2786418193790001	1.866121768951416	1000	0.33314426082248616	0.2241393779355141
['GATAA', 'TGAGTCA']	2	+-	44	1	0.5013417240246238	0.2819855920684003	2.046701431274414	1000	0.33464726020403895	0.2293239239327616
['GATAA', 'TGAGTCA']	2	+-	44	2	0.46523224664946855	0.2661148825619608	1.91019606590271	1000	0.30799702210682034	0.22423274301710125
['GATAA', 'TGAGTCA']	2	+-	44	3	0.49444741250382374	0.2760355512921624	1.8137997388839722	1000	0.3346439710358412	0.21742715304631496
['GATAA', 'TGAGTCA']	2	+-	44	4	0.5405191999085208	0.30951169481080043	2.080883264541626	1000	0.3697504025955019	0.24927298702609904
['GATAA', 'TGAGTCA']	2	+-	45	0	0.493695590345577	0.2815931491569627	1.868167519569397	1000	0.3360955691026174	0.2270907077134767
['GATAA', 'TGAGTCA']	2	+-	45	1	0.4921645147962708	0.2728084043378786	2.0403404235839844	1000	0.3254700724735173	0.22014673620223993
['GATAA', 'TGAGTCA']	2	+-	45	2	0.44497496914795365	0.2458575405669518	1.8961546421051025	1000	0.28773968011181134	0.20397540102209225
['GATAA', 'TGAGTCA']	2	+-	45	3	0.49071229329238525	0.2723003890850612	1.8112107515335083	1000	0.33090876583307727	0.21369199083921378
['GATAA', 'TGAGTCA']	2	+-	45	4	0.5143239634119912	0.2833164368164394	2.0627260208129883	1000	0.3435551231033095	0.22307770753390663
['GATAA', 'TGAGTCA']	2	+-	46	0	0.4992922927656172	0.2871898300791716	1.872046709060669	1000	0.34169227152265763	0.23268741013351693
['GATAA', 'TGAGTCA']	2	+-	46	1	0.4876954166266126	0.2683393061682204	2.0372426509857178	1000	0.32100097430385904	0.21567761653475034
['GATAA', 'TGAGTCA']	2	+-	46	2	0.4690907634129011	0.26997331333406793	1.9128704071044922	1000	0.3118554743767588	0.22809119528703972
['GATAA', 'TGAGTCA']	2	+-	46	3	0.4976093565355992	0.27919749532393784	1.8159914016723633	1000	0.3378058935697853	0.22058907558025906
['GATAA', 'TGAGTCA']	2	+-	46	4	0.5276297881569567	0.2966222400635737	2.071948766708374	1000	0.3568609478482751	0.23638355377670361
['GATAA', 'TGAGTCA']	2	+-	47	0	0.4776341305814993	0.26553166789505367	1.85703444480896	1000	0.3200340878407083	0.21102920495373628
['GATAA', 'TGAGTCA']	2	+-	47	1	0.4911975853374574	0.2718414748790652	2.03967022895813	1000	0.32450314301470384	0.2191798067434265
['GATAA', 'TGAGTCA']	2	+-	47	2	0.45255265373195713	0.25343524664878664	1.901407241821289	1000	0.29531738619364617	0.21155312860175846
['GATAA', 'TGAGTCA']	2	+-	47	3	0.4839927591405245	0.2655808764310318	1.8065531253814697	1000	0.32418929617471054	0.2069724996830157
['GATAA', 'TGAGTCA']	2	+-	47	4	0.5011440299674571	0.2701365248697367	2.0535902976989746	1000	0.3303752111566068	0.20989779558720392
['GATAA', 'TGAGTCA']	2	+-	48	0	0.4620879308394066	0.2499854896507923	1.8462586402893066	1000	0.30448790959644695	0.19548306970513762
['GATAA', 'TGAGTCA']	2	+-	48	1	0.46966282070533355	0.2503067102469413	2.0247433185577393	1000	0.3029683568847486	0.19764504211130263
['GATAA', 'TGAGTCA']	2	+-	48	2	0.4480578011603322	0.2489403940771617	1.8982914686203003	1000	0.29082253362202126	0.20705825453230217
['GATAA', 'TGAGTCA']	2	+-	48	3	0.4690337941598028	0.25062195444597285	1.7961843013763428	1000	0.3092303311939889	0.19201353470229404
['GATAA', 'TGAGTCA']	2	+-	48	4	0.5094011320136941	0.2783936054181424	2.0593137741088867	1000	0.33863229170501247	0.2181548761356096
['GATAA', 'TGAGTCA']	2	+-	49	0	0.48605100451038785	0.27394854182394224	1.8628686666488647	1000	0.3284509832674282	0.2194461003804562
['GATAA', 'TGAGTCA']	2	+-	49	1	0.49315289909077936	0.2737967671345558	2.041025400161743	1000	0.3264584567680258	0.22113509899891712
['GATAA', 'TGAGTCA']	2	+-	49	2	0.44290318014433483	0.24378581605682706	1.8947187662124634	1000	0.28566797709951797	0.20190365501413615
['GATAA', 'TGAGTCA']	2	+-	49	3	0.48986132313591607	0.2714494404264234	1.810620903968811	1000	0.33005783867227084	0.21284104218057595
['GATAA', 'TGAGTCA']	2	+-	49	4	0.5056495884590982	0.2746420618635465	2.056713342666626	1000	0.3348807696482479	0.21440337557667644
['GATAA', 'TGAGTCA']	2	-+	40	0	0.4991122269301639	0.2870097642437182	1.8719218969345093	1000	0.34151220568720425	0.23250734429806355
['GATAA', 'TGAGTCA']	2	-+	40	1	0.5111584507402103	0.29180231878398666	2.0535058975219727	1000	0.3444640084174567	0.23914065064834802
['GATAA', 'TGAGTCA']	2	-+	40	2	0.45929523355903357	0.26017782647586307	1.9060808420181274	1000	0.3020599660207226	0.2182956869310035
['GATAA', 'TGAGTCA']	2	-+	40	3	0.5015757924124482	0.2831639312007868	1.818740725517273	1000	0.34177232944663427	0.22455551145710803
['GATAA', 'TGAGTCA']	2	-+	40	4	0.5542439313953256	0.32323640479977384	2.0903964042663574	1000	0.3834750910866439	0.26299771851290377
['GATAA', 'TGAGTCA']	2	-+	41	0	0.4967145737988227	0.2846121541080398	1.8702600002288818	1000	0.3391145740536945	0.2301097126645538
['GATAA', 'TGAGTCA']	2	-+	41	1	0.505062224710739	0.2857060927545154	2.0492801666259766	1000	0.3383677608901541	0.23304442461887676
['GATAA', 'TGAGTCA']	2	-+	41	2	0.45789972333427004	0.25878235924676224	1.9051134586334229	1000	0.30066449879162177	0.21690021970190268
['GATAA', 'TGAGTCA']	2	-+	41	3	0.5027653964084662	0.28435353519680484	1.8195651769638062	1000	0.34296191194482095	0.2257450939552947
['GATAA', 'TGAGTCA']	2	-+	41	4	0.5072307539554681	0.27622322735991645	2.057809352874756	1000	0.3364619136467865	0.21598451957521503
['GATAA', 'TGAGTCA']	2	-+	42	0	0.4889663684164888	0.2768639057300431	1.86488938331604	1000	0.33136634717352914	0.22236148578438847
['GATAA', 'TGAGTCA']	2	-+	42	1	0.4859455361497462	0.266589425691354	2.036029815673828	1000	0.3192510938269927	0.21392775755571533
['GATAA', 'TGAGTCA']	2	-+	42	2	0.46759051575376215	0.26847310867059165	1.9118305444717407	1000	0.31035522671761984	0.22659094762790072
['GATAA', 'TGAGTCA']	2	-+	42	3	0.49059100252786425	0.27217911981837156	1.811126708984375	1000	0.3307874965663877	0.21357070007469278
['GATAA', 'TGAGTCA']	2	-+	42	4	0.5317541041072977	0.30074662050740875	2.074807643890381	1000	0.36098534978994157	0.2405079342205387
['GATAA', 'TGAGTCA']	2	-+	43	0	0.49880936548199445	0.2867069242933802	1.8717122077941895	1000	0.3412093442390348	0.2322044613520628
['GATAA', 'TGAGTCA']	2	-+	43	1	0.4996570249724345	0.28030087151837957	2.0455336570739746	1000	0.3329625611518496	0.2276392033827409
['GATAA', 'TGAGTCA']	2	-+	43	2	0.4556231459891363	0.2565057389059658	1.9035353660583496	1000	0.2983878784508254	0.21462359936110625
['GATAA', 'TGAGTCA']	2	-+	43	3	0.49787893934082667	0.2794670781291653	1.8161782026290894	1000	0.33807547637501273	0.22085867988331787
['GATAA', 'TGAGTCA']	2	-+	43	4	0.5053416105270656	0.2743341054293453	2.05649995803833	1000	0.3345728132140467	0.21409539764464386
['GATAA', 'TGAGTCA']	2	-+	44	0	0.4830928169242221	0.27099041873127055	1.8608181476593018	1000	0.32549283867692524	0.21648797728778454
['GATAA', 'TGAGTCA']	2	-+	44	1	0.5025483113074146	0.283192179351191	2.0475378036499023	1000	0.3358538689846611	0.23053053271338372
['GATAA', 'TGAGTCA']	2	-+	44	2	0.4603254526333645	0.26120806704802535	1.906794786453247	1000	0.30309018509505353	0.21932590600533444
['GATAA', 'TGAGTCA']	2	-+	44	3	0.4878752244880897	0.26946336327642834	1.809244155883789	1000	0.32807176152227574	0.21085498652841225
['GATAA', 'TGAGTCA']	2	-+	44	4	0.5496853162558932	0.31867776816251014	2.0872368812561035	1000	0.37891647594721156	0.2584390603778087
['GATAA', 'TGAGTCA']	2	-+	45	0	0.48373254938976906	0.2716301082011548	1.8612616062164307	1000	0.3261325496446408	0.21712766675766876
['GATAA', 'TGAGTCA']	2	-+	45	1	0.4883062990024773	0.26895018854408503	2.037666082382202	1000	0.32161185667972375	0.21628849891061502
['GATAA', 'TGAGTCA']	2	-+	45	2	0.4455399751517007	0.24642250357503612	1.8965462446212769	1000	0.2883046431198957	0.20454036403017659
['GATAA', 'TGAGTCA']	2	-+	45	3	0.49745581902404146	0.2790439363145487	1.815885066986084	1000	0.3376523130625648	0.2204355380687013
['GATAA', 'TGAGTCA']	2	-+	45	4	0.5292240243347923	0.29821651923707193	2.0730538368225098	1000	0.3584552485196047	0.2379778544480332
['GATAA', 'TGAGTCA']	2	-+	46	0	0.5001976524354218	0.2880952542424702	1.8726744651794434	1000	0.34259767418812487	0.23359281279898417
['GATAA', 'TGAGTCA']	2	-+	46	1	0.48885217193631586	0.2694960614779236	2.0380444526672363	1000	0.3221577081157309	0.2168343718444536
['GATAA', 'TGAGTCA']	2	-+	46	2	0.4670954206975908	0.2679780136144203	1.9114874601364136	1000	0.30986015315927984	0.22609587406956078
['GATAA', 'TGAGTCA']	2	-+	46	3	0.5021301784875044	0.2837182957780117	1.8191250562667847	1000	0.3423266940238592	0.2251098975321643
['GATAA', 'TGAGTCA']	2	-+	46	4	0.5435964424847464	0.312588937387026	2.0830161571502686	1000	0.3728276021760647	0.2523502081044932
['GATAA', 'TGAGTCA']	2	-+	47	0	0.49500192756586814	0.2828994863772539	1.8690730333328247	1000	0.33740190632290856	0.22839704493376786
['GATAA', 'TGAGTCA']	2	-+	47	1	0.495382912133192	0.2760267801769684	2.0425710678100586	1000	0.3286884698104384	0.22336509054349837
['GATAA', 'TGAGTCA']	2	-+	47	2	0.4581008570444541	0.2589834499612836	1.9052529335021973	1000	0.3008655895061431	0.21710131041642403
['GATAA', 'TGAGTCA']	2	-+	47	3	0.5143585749204773	0.2959466922109846	1.8276010751724243	1000	0.354555090456832	0.23733825096947442
['GATAA', 'TGAGTCA']	2	-+	47	4	0.5100096066324468	0.2790021015347264	2.0597355365753174	1000	0.33924083081725914	0.21876343674568763
['GATAA', 'TGAGTCA']	2	-+	48	0	0.4938548462802759	0.28175240509166166	1.8682777881622314	1000	0.3362548465351477	0.22724996364817565
['GATAA', 'TGAGTCA']	2	-+	48	1	0.48796839608919457	0.26861224263513966	2.0374317169189453	1000	0.3212739107707783	0.21595057449950097
['GATAA', 'TGAGTCA']	2	-+	48	2	0.4590732469524324	0.25995586136709325	1.9059268236160278	1000	0.30183802240978413	0.2180737218222337
['GATAA', 'TGAGTCA']	2	-+	48	3	0.4864745117881375	0.2680626290786448	1.8082733154296875	1000	0.32667102732449227	0.20945425233062875
['GATAA', 'TGAGTCA']	2	-+	48	4	0.5381042195251052	0.3070967144273849	2.079209327697754	1000	0.3673354222120863	0.24685802814051483
['GATAA', 'TGAGTCA']	2	-+	49	0	0.5115770995080731	0.2994747013151215	1.8805620670318604	1000	0.3539771212607762	0.24497223837380414
['GATAA', 'TGAGTCA']	2	-+	49	1	0.5109652282319659	0.2916090532800796	2.0533719062805176	1000	0.344270764411381	0.23894742814010364
['GATAA', 'TGAGTCA']	2	-+	49	2	0.46195537521125407	0.2628380111237463	1.9079246520996094	1000	0.3047201506686058	0.22095587157888671
['GATAA', 'TGAGTCA']	2	-+	49	3	0.5125242939576999	0.2941124112482073	1.8263297080993652	1000	0.35272078799622336	0.23550401300235985
['GATAA', 'TGAGTCA']	2	-+	49	4	0.5139216529959603	0.2829141264004086	2.0624473094940186	1000	0.34315285568294135	0.22267546161136986
['GATAA', 'TGAGTCA']	2	--	40	0	0.5056976146143517	0.2935951734257374	1.8764866590499878	1000	0.34809759337139207	0.23909271048442002
['GATAA', 'TGAGTCA']	2	--	40	1	0.5110711695448974	0.29171501609084244	2.053445339202881	1000	0.34437672722214385	0.23905334795520378
['GATAA', 'TGAGTCA']	2	--	40	2	0.4530289596835217	0.2539115526003512	1.9017373323440552	1000	0.29579369214521073	0.21202941305549164
['GATAA', 'TGAGTCA']	2	--	40	3	0.5038256694510355	0.2854137867415427	1.8203002214431763	1000	0.3440222064852215	0.22680536699786394
['GATAA', 'TGAGTCA']	2	--	40	4	0.5548858136440082	0.3238783085462879	2.090841293334961	1000	0.3841170163309893	0.2636396007615865
['GATAA', 'TGAGTCA']	2	--	41	0	0.488011133777934	0.27590873558498247	1.864227294921875	1000	0.3304111555306371	0.22140627264366505
['GATAA', 'TGAGTCA']	2	--	41	1	0.5064484048766933	0.2870922729204697	2.050241231918335	1000	0.33975394105610834	0.23443058328699964
['GATAA', 'TGAGTCA']	2	--	41	2	0.4609775248541108	0.2618601177709403	1.9072468280792236	1000	0.3037422573157999	0.21997797822608078
['GATAA', 'TGAGTCA']	2	--	41	3	0.5073311488279093	0.2889192661184166	1.8227300643920898	1000	0.3475277073599268	0.23031088937040056
['GATAA', 'TGAGTCA']	2	--	41	4	0.5044881896178217	0.27348066302227	2.055908441543579	1000	0.33371934930914005	0.21324197673539988
['GATAA', 'TGAGTCA']	2	--	42	0	0.49621569512433245	0.28411327543354953	1.8699142932891846	1000	0.33861571687703557	0.22961085548789487
['GATAA', 'TGAGTCA']	2	--	42	1	0.4887404692045805	0.2693843157505255	2.037966728210449	1000	0.3220460053839955	0.21672264761488683
['GATAA', 'TGAGTCA']	2	--	42	2	0.46401061088472734	0.2648932252993882	1.9093490839004517	1000	0.3067753648442477	0.22301108575452863
['GATAA', 'TGAGTCA']	2	--	42	3	0.4980706999965387	0.279658817287046	1.8163111209869385	1000	0.33826723703072475	0.22105041904119854
['GATAA', 'TGAGTCA']	2	--	42	4	0.532237418351885	0.30122991325416465	2.0751428604125977	1000	0.3614685780432033	0.24099118397163183
['GATAA', 'TGAGTCA']	2	--	43	0	0.4922995211771981	0.2801970584907525	1.8671996593475342	1000	0.33469949993423853	0.22569463854509783
['GATAA', 'TGAGTCA']	2	--	43	1	0.504223336335493	0.284867182881438	2.048698663711548	1000	0.33752887251490804	0.2322055362436307
['GATAA', 'TGAGTCA']	2	--	43	2	0.45786042529854787	0.2587430397132087	1.9050861597061157	1000	0.30062517925806825	0.21686085717268647
['GATAA', 'TGAGTCA']	2	--	43	3	0.4986428432802965	0.2802309605708038	1.816707730293274	1000	0.3388393588166513	0.2216225623249564
['GATAA', 'TGAGTCA']	2	--	43	4	0.5037189542161751	0.2727114491184547	2.055375337600708	1000	0.33295013540532475	0.21247274133375327
['GATAA', 'TGAGTCA']	2	--	44	0	0.48638783253210266	0.2742853913434884	1.8631020784378052	1000	0.3287878542848058	0.21978297139783373
['GATAA', 'TGAGTCA']	2	--	44	1	0.5064170610385735	0.2870609075845186	2.0502192974090576	1000	0.3397225542223259	0.2343992394488799
['GATAA', 'TGAGTCA']	2	--	44	2	0.4571071842834315	0.25798979869809235	1.9045642614364624	1000	0.29987195974078323	0.21610763765540142
['GATAA', 'TGAGTCA']	2	--	44	3	0.4923554155387285	0.2739435113314045	1.812349557876587	1000	0.33255195257291464	0.2153351345833884
['GATAA', 'TGAGTCA']	2	--	44	4	0.547223255621804	0.3162157075284209	2.0855300426483154	1000	0.3764543723174596	0.2559769782458881
['GATAA', 'TGAGTCA']	2	--	45	0	0.48058720168380187	0.2684847604951876	1.8590813875198364	1000	0.3229872019386736	0.21398231905170156
['GATAA', 'TGAGTCA']	2	--	45	1	0.490666502911593	0.2713103709553695	2.039302110671997	1000	0.32397203909100813	0.21864870281973078
['GATAA', 'TGAGTCA']	2	--	45	2	0.4536915658416334	0.25457418025629425	1.9021965265274048	1000	0.2964563412989851	0.2126920407114347
['GATAA', 'TGAGTCA']	2	--	45	3	0.49682967318791266	0.2784178119762513	1.8154510259628296	1000	0.3370262317199301	0.21980943522823523
['GATAA', 'TGAGTCA']	2	--	45	4	0.5225480017935997	0.2915404537002167	2.0684266090393066	1000	0.35177918298274946	0.23130176741334663
['GATAA', 'TGAGTCA']	2	--	46	0	0.5069152517824603	0.29481281059384606	1.8773305416107178	1000	0.3493152520373321	0.2403103906481914
['GATAA', 'TGAGTCA']	2	--	46	1	0.49195151428317724	0.272595403824785	2.0401926040649414	1000	0.3252570504625923	0.21993373568914634
['GATAA', 'TGAGTCA']	2	--	46	2	0.4697549604105333	0.2706375103317001	1.9133309125900269	1000	0.31251967137439096	0.22875539228467187
['GATAA', 'TGAGTCA']	2	--	46	3	0.5045488135022508	0.2861369522905895	1.8208014965057373	1000	0.34474532903860555	0.22752857554257339
['GATAA', 'TGAGTCA']	2	--	46	4	0.5381855673189634	0.307178062221243	2.079265594482422	1000	0.3674167700059444	0.24693935443654158
['GATAA', 'TGAGTCA']	2	--	47	0	0.48732917957160027	0.2752266738894919	1.8637545108795166	1000	0.32972911533297794	0.2207242324460059
['GATAA', 'TGAGTCA']	2	--	47	1	0.4940234752694469	0.27466734331322334	2.041628837585449	1000	0.327329011448862	0.2220056536797533
['GATAA', 'TGAGTCA']	2	--	47	2	0.45935237479478275	0.26023494621378085	1.9061204195022583	1000	0.30211708575864044	0.2183528281667527
['GATAA', 'TGAGTCA']	2	--	47	3	0.513330677611933	0.2949188164002716	1.8268885612487793	1000	0.3535272146461191	0.23631039665659284
['GATAA', 'TGAGTCA']	2	--	47	4	0.5089051340486057	0.27789760745305403	2.0589699745178223	1000	0.33813631523775545	0.2176588996683526
['GATAA', 'TGAGTCA']	2	--	48	0	0.49228696644368514	0.2801845467529022	1.867191195487976	1000	0.33468698819638826	0.2256821053094162
['GATAA', 'TGAGTCA']	2	--	48	1	0.48766630856295407	0.2683102196023932	2.037222385406494	1000	0.32097188773803187	0.21564855146675452
['GATAA', 'TGAGTCA']	2	--	48	2	0.4575247151640637	0.2584073080808932	1.9048534631729126	1000	0.30028946912358406	0.21652514703820225
['GATAA', 'TGAGTCA']	2	--	48	3	0.4908736560145573	0.27246179480289595	1.8113224506378174	1000	0.3310701930487434	0.21385339655704852
['GATAA', 'TGAGTCA']	2	--	48	4	0.5361047492261742	0.3050972441284539	2.0778231620788574	1000	0.3653359519131553	0.2448585148459211
['GATAA', 'TGAGTCA']	2	--	49	0	0.5032534831716149	0.2911509774895065	1.874792456626892	1000	0.3456534404308239	0.23664855754385183
['GATAA', 'TGAGTCA']	2	--	49	1	0.5096701128796435	0.2903139809234199	2.052474021911621	1000	0.3429756490590586	0.23765231278778126
['GATAA', 'TGAGTCA']	2	--	49	2	0.4666547151547549	0.2675373295694157	1.9111820459365845	1000	0.30941946911427526	0.22565521152238754
['GATAA', 'TGAGTCA']	2	--	49	3	0.5075292728417032	0.28911736863437926	1.8228673934936523	1000	0.34772580987588936	0.2305089703885318
['GATAA', 'TGAGTCA']	2	--	49	4	0.5113731280841498	0.28036560148859807	2.060680627822876	1000	0.34060433077113084	0.22012691520172797
['GATAA', 'TGAGTCA']	2	++	10	0	0.4920016472259037	0.27989916304162676	1.8669934272766113	1000	0.33440158298728145	0.2253967430959721
['GATAA', 'TGAGTCA']	2	++	10	1	0.485244448873504	0.2658883169172804	2.03554368019104	1000	0.31855000655075044	0.21322664878164174
['GATAA', 'TGAGTCA']	2	++	10	2	0.47289867428131727	0.2737812886959781	1.9155100584030151	1000	0.3156634282408377	0.2318991491511186
['GATAA', 'TGAGTCA']	2	++	10	3	0.4996920664375478	0.28128018372805513	1.8174349069595337	1000	0.33988858197390254	0.22267180698003905
['GATAA', 'TGAGTCA']	2	++	10	4	0.5291959051713763	0.2981884000736558	2.0730345249176025	1000	0.3584271078583573	0.23794971378678578
['GATAA', 'TGAGTCA']	2	++	11	0	0.472577195711192	0.26047473302474633	1.8535293340682983	1000	0.31497717446823237	0.20597229158126032
['GATAA', 'TGAGTCA']	2	++	11	1	0.4715537699515701	0.25219761649751515	2.0260539054870605	1000	0.30485930613098516	0.19953596985970784
['GATAA', 'TGAGTCA']	2	++	11	2	0.42929088231553164	0.23017345373452983	1.885283350944519	1000	0.2720555932793894	0.18829131418967027
['GATAA', 'TGAGTCA']	2	++	11	3	0.4756466560724659	0.257234816358636	1.8007680177688599	1000	0.3158432146044834	0.19862641811278853
['GATAA', 'TGAGTCA']	2	++	11	4	0.484905987016606	0.25389848191888564	2.042335033416748	1000	0.3141372112014184	0.19365975263635285
['GATAA', 'TGAGTCA']	2	++	12	0	0.47649061793591246	0.2643881767472982	1.8562419414520264	1000	0.3188905966929529	0.2098857138059808
['GATAA', 'TGAGTCA']	2	++	12	1	0.4889416029147645	0.26958549245637226	2.0381064414978027	1000	0.3222471820898423	0.2169238243207336
['GATAA', 'TGAGTCA']	2	++	12	2	0.4546245287269014	0.2555071646393936	1.9028432369232178	1000	0.2973892826864218	0.21362500359670272
['GATAA', 'TGAGTCA']	2	++	12	3	0.4819582903721429	0.2635464076626502	1.805142879486084	1000	0.3221548059084976	0.20493800941680274
['GATAA', 'TGAGTCA']	2	++	12	4	0.4994307387995618	0.26842325519967275	2.0524027347564697	1000	0.3286619629843742	0.20818452591713998
['GATAA', 'TGAGTCA']	2	++	13	0	0.49972826878555443	0.28762582759694016	1.8723490238189697	1000	0.34212824754259485	0.2331234076512855
['GATAA', 'TGAGTCA']	2	++	13	1	0.5090224692121569	0.2896663372559333	2.052025318145752	1000	0.342328005391572	0.23700466912029464
['GATAA', 'TGAGTCA']	2	++	13	2	0.4787875322295107	0.27967014664417156	1.9195917844772339	1000	0.3215523076868625	0.23778800709931203
['GATAA', 'TGAGTCA']	2	++	13	3	0.5095066433699984	0.2910947606605057	1.8242380619049072	1000	0.3497031589063532	0.23248634091682693
['GATAA', 'TGAGTCA']	2	++	13	4	0.5121104607040613	0.28110295560634097	2.0611917972564697	1000	0.3413416848888738	0.22086426931947092
['GATAA', 'TGAGTCA']	2	++	14	0	0.4888335118186972	0.27673107063008295	1.8647973537445068	1000	0.33123349057573764	0.22222862918659694
['GATAA', 'TGAGTCA']	2	++	14	1	0.46894926468690373	0.24959313273068015	2.0242486000061035	1000	0.30225480086631884	0.1969314645950415
['GATAA', 'TGAGTCA']	2	++	14	2	0.4636475125130932	0.2645301699234168	1.909097671508789	1000	0.30641230946827636	0.22264803037855727
['GATAA', 'TGAGTCA']	2	++	14	3	0.5021898564673538	0.2837779952556925	1.8191664218902588	1000	0.3423864149993713	0.22516959700984504
['GATAA', 'TGAGTCA']	2	++	14	4	0.5220489081407959	0.2910413600474128	2.0680806636810303	1000	0.35128006783211424	0.23080267376054275
['GATAA', 'TGAGTCA']	2	++	15	0	0.5074162802400864	0.29531379605580943	1.8776780366897583	1000	0.34981623749929547	0.24081137611015477
['GATAA', 'TGAGTCA']	2	++	15	1	0.5255447134935588	0.30618860303516654	2.0634775161743164	1000	0.3588502711708052	0.2535269348995279
['GATAA', 'TGAGTCA']	2	++	15	2	0.4669738289634308	0.26785640038242897	1.9114031791687012	1000	0.3097385399272885	0.2259742608375694
['GATAA', 'TGAGTCA']	2	++	15	3	0.5269634843718515	0.3085515801645275	1.8363381624221802	1000	0.36715999990820625	0.24994318191868004
['GATAA', 'TGAGTCA']	2	++	15	4	0.5246838973303277	0.29367639223260733	2.0699069499969482	1000	0.35391512151514015	0.2334377059457373
['GATAA', 'TGAGTCA']	2	++	16	0	0.5066432612201208	0.2945407985336752	1.877142071723938	1000	0.3490432399771612	0.24003837858802052
['GATAA', 'TGAGTCA']	2	++	16	1	0.5142661342456385	0.2949100237872463	2.0556602478027344	1000	0.34757169192288495	0.2422483556516076
['GATAA', 'TGAGTCA']	2	++	16	2	0.47190697932077963	0.27278957223760913	1.9148224592208862	1000	0.31467171178246867	0.23090743269274958
['GATAA', 'TGAGTCA']	2	++	16	3	0.5147138050858344	0.2963019438741731	1.8278472423553467	1000	0.3549103421200205	0.23769354562832562
['GATAA', 'TGAGTCA']	2	++	16	4	0.5191866008824861	0.28817913878042856	2.066096544265747	1000	0.34841784656513	0.22794045249355846
['GATAA', 'TGAGTCA']	2	++	17	0	0.4598364199656361	0.24773400027485318	1.8446980714797974	1000	0.30223642022050784	0.19323155883136717
['GATAA', 'TGAGTCA']	2	++	17	1	0.5085627165907379	0.289206627630177	2.051706552505493	1000	0.3418682957658157	0.23654495949453835
['GATAA', 'TGAGTCA']	2	++	17	2	0.43971298796215513	0.24059560237681601	1.8925074338912964	1000	0.2824777204238442	0.19871346283195648
['GATAA', 'TGAGTCA']	2	++	17	3	0.499857642734666	0.28144573852734195	1.8175498247146606	1000	0.340054115275358	0.22283731878366314
['GATAA', 'TGAGTCA']	2	++	17	4	0.4973215005737176	0.2663140384716599	2.050940990447998	1000	0.32655272475853	0.20607530918912714
['GATAA', 'TGAGTCA']	2	++	18	0	0.4915242233871086	0.27942178219849434	1.8666623830795288	1000	0.3339242236419803	0.22491936225283965
['GATAA', 'TGAGTCA']	2	++	18	1	0.49648768568667195	0.27713155373044834	2.0433366298675537	1000	0.32979322186608706	0.2244698855948097
['GATAA', 'TGAGTCA']	2	++	18	2	0.4665357461560205	0.26741831757501866	1.9110994338989258	1000	0.30930043562204684	0.22553615653232775
['GATAA', 'TGAGTCA']	2	++	18	3	0.49724784900348556	0.27883594479616153	1.815740704536438	1000	0.33744434304200893	0.2202275465503141
['GATAA', 'TGAGTCA']	2	++	18	4	0.524438392096221	0.2934309514919948	2.0697367191314697	1000	0.35366963777886484	0.23319224370729333
['GATAA', 'TGAGTCA']	2	++	19	0	0.4508306774401933	0.23872821475374764	1.8384556770324707	1000	0.293230677695065	0.18422579480809298
['GATAA', 'TGAGTCA']	2	++	19	1	0.5064216185788214	0.28706544362693504	2.050222635269165	1000	0.33972711176257375	0.2344037754912964
['GATAA', 'TGAGTCA']	2	++	19	2	0.44500596902077166	0.24588851894193847	1.8961760997772217	1000	0.287770658486798	0.20400640089491026
['GATAA', 'TGAGTCA']	2	++	19	3	0.48072547573509555	0.26231359302560286	1.804288387298584	1000	0.32092199127145027	0.2037051947797554
['GATAA', 'TGAGTCA']	2	++	19	4	0.49268626716332586	0.26167876206560553	2.0477278232574463	1000	0.32191746985030695	0.20144005428090409
['GATAA', 'TGAGTCA']	2	+-	10	0	0.48384782076150984	0.2717453580750642	1.8613415956497192	1000	0.32624779951855026	0.21724293812940954
['GATAA', 'TGAGTCA']	2	+-	10	1	0.5041228124760636	0.28476668051984005	2.0486292839050293	1000	0.3374283486554787	0.23210503388203274
['GATAA', 'TGAGTCA']	2	+-	10	2	0.4738682694712191	0.27475084089021723	1.916182041168213	1000	0.3166329589372454	0.23286867984752632
['GATAA', 'TGAGTCA']	2	+-	10	3	0.5069557107010758	0.2885438279915831	1.822469711303711	1000	0.3471522047395992	0.22993540824790434
['GATAA', 'TGAGTCA']	2	+-	10	4	0.543397458557698	0.31238993196214637	2.0828781127929688	1000	0.37262866124467914	0.2521512456752763
['GATAA', 'TGAGTCA']	2	+-	11	0	0.4716038169029712	0.25950137571435694	1.852854609489441	1000	0.3140037956600116	0.2049989342708709
['GATAA', 'TGAGTCA']	2	+-	11	1	0.4651367102869143	0.2457805783306907	2.021605968475342	1000	0.29844226796416073	0.19311891019505203
['GATAA', 'TGAGTCA']	2	+-	11	2	0.41899170126861235	0.21987431568327323	1.8781445026397705	1000	0.2617564552281328	0.17799219763624505
['GATAA', 'TGAGTCA']	2	+-	11	3	0.4805749479199279	0.2621630652104352	1.804184079170227	1000	0.32077144195845125	0.20355466696458774
['GATAA', 'TGAGTCA']	2	+-	11	4	0.48399873553764194	0.25299118744425886	2.041706085205078	1000	0.3132298737311289	0.19275247965955744
['GATAA', 'TGAGTCA']	2	+-	12	0	0.48329498253031133	0.27119254134169707	1.8609583377838135	1000	0.32569496128735176	0.21669007840037968
['GATAA', 'TGAGTCA']	2	+-	12	1	0.49129049896458604	0.27193436700836243	2.0397346019744873	1000	0.3245960351440011	0.21927269887272377
['GATAA', 'TGAGTCA']	2	+-	12	2	0.45996527796679504	0.2608478493857932	1.9065451622009277	1000	0.30273001042848413	0.218965731338765
['GATAA', 'TGAGTCA']	2	+-	12	3	0.48515123427673634	0.26673935156724365	1.8073562383651733	1000	0.32534777131092246	0.20813095332139622
['GATAA', 'TGAGTCA']	2	+-	12	4	0.5060137617223002	0.27500625662457984	2.0569658279418945	1000	0.33524498590711266	0.2147675703377098
['GATAA', 'TGAGTCA']	2	+-	13	0	0.5059967784355275	0.2938943587447446	1.8766940832138062	1000	0.3483968001882306	0.23939191730125858
['GATAA', 'TGAGTCA']	2	+-	13	1	0.5177525235482666	0.29839639159204306	2.0580766201019287	1000	0.3510580597276817	0.24573470195857303
['GATAA', 'TGAGTCA']	2	+-	13	2	0.4915336394372433	0.2924162968475669	1.928426742553711	1000	0.33429843639242646	0.25053415730270734
['GATAA', 'TGAGTCA']	2	+-	13	3	0.5126904291984334	0.2942785679867721	1.8264448642730713	1000	0.35288696623261956	0.2356701697409247
['GATAA', 'TGAGTCA']	2	+-	13	4	0.5201079979344837	0.2891004498411006	2.06673526763916	1000	0.3493391791236334	0.22886174205639917
['GATAA', 'TGAGTCA']	2	+-	14	0	0.4938062181857445	0.2817038199927929	1.8682441711425781	1000	0.3362062399384476	0.22720135705147554
['GATAA', 'TGAGTCA']	2	+-	14	1	0.4850645120250388	0.2657083800688152	2.03541898727417	1000	0.31837004820445386	0.21304669043534516
['GATAA', 'TGAGTCA']	2	+-	14	2	0.48001746615715607	0.2809000590739856	1.920444369316101	1000	0.32278217712101376	0.23901791952912604
['GATAA', 'TGAGTCA']	2	+-	14	3	0.5051943503822643	0.286782489170603	1.821249008178711	1000	0.3453909089142818	0.2281740909247556
['GATAA', 'TGAGTCA']	2	+-	14	4	0.526406862522334	0.29539942191810775	2.071101188659668	1000	0.3556381082049778	0.23516069263557496
['GATAA', 'TGAGTCA']	2	+-	15	0	0.5190638912610955	0.3069614500724813	1.885751485824585	1000	0.3614638915159673	0.25245898713116394
['GATAA', 'TGAGTCA']	2	+-	15	1	0.5253961204832133	0.30604001002482106	2.0633747577667236	1000	0.35870169965829113	0.2533783418891824
['GATAA', 'TGAGTCA']	2	+-	15	2	0.47085616532400787	0.27173880123650007	1.9140942096710205	1000	0.3136209407813596	0.22985664019380916
['GATAA', 'TGAGTCA']	2	+-	15	3	0.532189478187957	0.31377765997195833	1.8399605751037598	1000	0.37238607971563714	0.2551692402282796
['GATAA', 'TGAGTCA']	2	+-	15	4	0.527010306648549	0.2960027800529972	2.071519613265991	1000	0.35624148783769866	0.23576407226829577
['GATAA', 'TGAGTCA']	2	+-	16	0	0.507796705863795	0.2956942431773493	1.877941608428955	1000	0.350196663123004	0.24119180173386331
['GATAA', 'TGAGTCA']	2	+-	16	1	0.5177499438085037	0.29839381185228014	2.058074712753296	1000	0.3510554799879188	0.2457321652144728
['GATAA', 'TGAGTCA']	2	+-	16	2	0.4780999455913612	0.27898251701035937	1.9191150665283203	1000	0.3208646565552189	0.2371003774654998
['GATAA', 'TGAGTCA']	2	+-	16	3	0.5143148913271581	0.29590294412417134	1.8275707960128784	1000	0.35451136386785015	0.2372945458783239
['GATAA', 'TGAGTCA']	2	+-	16	4	0.5243803479515549	0.2933727998581718	2.0696964263916016	1000	0.35361152914070454	0.2331341135713017
['GATAA', 'TGAGTCA']	2	+-	17	0	0.46343421103036064	0.251331748343915	1.8471918106079102	1000	0.30583416828956966	0.19682928540259761
['GATAA', 'TGAGTCA']	2	+-	17	1	0.5134712304333506	0.294115098477127	2.0551087856292725	1000	0.3467767666127657	0.24145343034148836
['GATAA', 'TGAGTCA']	2	+-	17	2	0.4423469882514445	0.24322962416393673	1.8943332433700562	1000	0.28511176370879626	0.20134748461907717
['GATAA', 'TGAGTCA']	2	+-	17	3	0.5013946946810897	0.2829828119715969	1.818615198135376	1000	0.3415912102174444	0.22437441372574948
['GATAA', 'TGAGTCA']	2	+-	17	4	0.4985307535875967	0.26752324848987635	2.05177903175354	1000	0.3277619347767464	0.20728451920734356
['GATAA', 'TGAGTCA']	2	+-	18	0	0.4833409018980917	0.2712384822073088	1.860990285873413	1000	0.3257409236507948	0.21673604076382277
['GATAA', 'TGAGTCA']	2	+-	18	1	0.5004595390170231	0.2811034070607995	2.0460898876190186	1000	0.3337650536986068	0.22844171742732947
['GATAA', 'TGAGTCA']	2	+-	18	2	0.46387736732597135	0.2647598957493068	1.9092568159103394	1000	0.3066420567919977	0.22287777770227862
['GATAA', 'TGAGTCA']	2	+-	18	3	0.49623822485159547	0.2778263421421028	1.8150410652160645	1000	0.3364347403879502	0.21921792239842397
['GATAA', 'TGAGTCA']	2	+-	18	4	0.5252323929995919	0.2942249093997029	2.0702872276306152	1000	0.3544636386822357	0.23398622311283285
['GATAA', 'TGAGTCA']	2	+-	19	0	0.46534635713831607	0.25324393744753315	1.8485172986984253	1000	0.30774637889101913	0.1987414960040471
['GATAA', 'TGAGTCA']	2	+-	19	1	0.5154323056054765	0.2960761306535902	2.0564682483673096	1000	0.34873782028706024	0.2434144625179515
['GATAA', 'TGAGTCA']	2	+-	19	2	0.4469376351596	0.24782020657859816	1.8975151777267456	1000	0.28970234612345774	0.20593806703373863
['GATAA', 'TGAGTCA']	2	+-	19	3	0.48572096980338214	0.2673090870938894	1.807750940322876	1000	0.32591748533973686	0.20870071034587334
['GATAA', 'TGAGTCA']	2	+-	19	4	0.4985676438662068	0.2675600957728237	2.051804542541504	1000	0.32779878205969376	0.2073213664902909
['GATAA', 'TGAGTCA']	2	-+	10	0	0.41432099643648024	0.20221851225220322	1.8131492137908936	1000	0.25672095369568926	0.1477160708087172
['GATAA', 'TGAGTCA']	2	-+	10	1	0.40515079550114985	0.18579466354492624	1.9800268411636353	1000	0.2384563316805649	0.13313299540928755
['GATAA', 'TGAGTCA']	2	-+	10	2	0.41056068176669036	0.21144331767918256	1.8723005056381226	1000	0.2533254572240421	0.16956115663649166
['GATAA', 'TGAGTCA']	2	-+	10	3	0.4575880907709066	0.23917618656358255	1.7882506847381592	1000	0.29778460630726133	0.18056780981556647
['GATAA', 'TGAGTCA']	2	-+	10	4	0.42593154519622844	0.1949240186006767	2.0014569759368896	1000	0.2551627478832095	0.13468532156489096
['GATAA', 'TGAGTCA']	2	-+	11	0	0.4408349167850587	0.22873245409861306	1.8315273523330688	1000	0.2832349170399304	0.1742300341529584
['GATAA', 'TGAGTCA']	2	-+	11	1	0.4331588581247617	0.213802661675044	1.9994405508041382	1000	0.26646435130851404	0.16114101503723668
['GATAA', 'TGAGTCA']	2	-+	11	2	0.4135901561616387	0.21447277057629957	1.8744003772735596	1000	0.25635491012115913	0.17259063103144004
['GATAA', 'TGAGTCA']	2	-+	11	3	0.39396285111023427	0.17555100064748858	1.7441492080688477	1000	0.2341594096422517	0.11694259165272547
['GATAA', 'TGAGTCA']	2	-+	11	4	0.46749695719169276	0.23648943059614103	2.0302679538726807	1000	0.2967281598786738	0.17625074430927096
['GATAA', 'TGAGTCA']	2	-+	12	0	0.46237127225670305	0.25026885256592013	1.8464550971984863	1000	0.30477127251157476	0.1957664111224341
['GATAA', 'TGAGTCA']	2	-+	12	1	0.4727371825721571	0.25338107211376487	2.026874303817749	1000	0.30604274024940353	0.2007194039781262
['GATAA', 'TGAGTCA']	2	-+	12	2	0.4387201321187242	0.23960272503555366	1.8918191194534302	1000	0.2814848645804132	0.19772058549069413
['GATAA', 'TGAGTCA']	2	-+	12	3	0.45378052386779216	0.23536859816263675	1.785611629486084	1000	0.2939769964084842	0.17676019991678932
['GATAA', 'TGAGTCA']	2	-+	12	4	0.47888801309327733	0.24788055099121967	2.038163661956787	1000	0.30811925877592106	0.18764184320651822
['GATAA', 'TGAGTCA']	2	-+	13	0	0.44590178365345334	0.2337993209670077	1.8350392580032349	1000	0.28830174091266236	0.17929687952352166
['GATAA', 'TGAGTCA']	2	-+	13	1	0.46726942414460126	0.24791329218837765	2.0230844020843506	1000	0.3005749603240163	0.19525160255490764
['GATAA', 'TGAGTCA']	2	-+	13	2	0.4371999774677478	0.23808263487807138	1.89076566696167	1000	0.27996477442293094	0.19620049533321182
['GATAA', 'TGAGTCA']	2	-+	13	3	0.4786972843334705	0.26028542312180913	1.8028825521469116	1000	0.3188937998698252	0.20167700337813033
['GATAA', 'TGAGTCA']	2	-+	13	4	0.4711431183769724	0.24013563477708344	2.0327951908111572	1000	0.3003743640596162	0.17989695923912905
['GATAA', 'TGAGTCA']	2	-+	14	0	0.47618719754412775	0.2640847563555135	1.8560316562652588	1000	0.3185871977989995	0.20958231491202747
['GATAA', 'TGAGTCA']	2	-+	14	1	0.4639161924094036	0.24456006045318004	2.0207600593566895	1000	0.29722172858881873	0.19189839231754138
['GATAA', 'TGAGTCA']	2	-+	14	2	0.47116259541218264	0.27204518832901214	1.914306640625	1000	0.31392732787387173	0.2301630487841526
['GATAA', 'TGAGTCA']	2	-+	14	3	0.49748544303565256	0.27907353882832847	1.8159055709838867	1000	0.3376819585720073	0.22046516208031242
['GATAA', 'TGAGTCA']	2	-+	14	4	0.5128399681133586	0.28183239852214426	2.061697244644165	1000	0.342071127804677	0.2215936907374428
['GATAA', 'TGAGTCA']	2	-+	15	0	0.4911940596931147	0.27909168299799453	1.8664336204528809	1000	0.33359410294364916	0.2245892415545085
['GATAA', 'TGAGTCA']	2	-+	15	1	0.47131462807554536	0.2519584746214904	2.025888204574585	1000	0.3046201212592977	0.19929680648585177
['GATAA', 'TGAGTCA']	2	-+	15	2	0.41767947364252916	0.2185620450615273	1.8772348165512085	1000	0.26044418460638685	0.17667990551666773
['GATAA', 'TGAGTCA']	2	-+	15	3	0.445212047232168	0.2268001860205067	1.779672384262085	1000	0.2854085627685228	0.16819178777465926
['GATAA', 'TGAGTCA']	2	-+	15	4	0.5020974157925151	0.27108986769913196	2.054251194000244	1000	0.33132855398600203	0.2108511384165992
['GATAA', 'TGAGTCA']	2	-+	16	0	0.48733021146750544	0.2752277487810598	1.8637553453445435	1000	0.32973016872671446	0.22072530733757378
['GATAA', 'TGAGTCA']	2	-+	16	1	0.5059676273762063	0.2866114739221513	2.049907922744751	1000	0.33927314205778997	0.23394980578651264
['GATAA', 'TGAGTCA']	2	-+	16	2	0.45441565579742854	0.25529824871425805	1.9026985168457031	1000	0.2971803882591176	0.2134161091693985
['GATAA', 'TGAGTCA']	2	-+	16	3	0.4769967628774017	0.2585849016657404	1.8017038106918335	1000	0.31719327841375644	0.19997650341989293
['GATAA', 'TGAGTCA']	2	-+	16	4	0.5308425960577249	0.29983509096000455	2.0741758346557617	1000	0.36007379874470596	0.2395963831753031
['GATAA', 'TGAGTCA']	2	-+	17	0	0.4589757757850559	0.24687331309861027	1.8441015481948853	1000	0.30137577603992766	0.1923708931529556
['GATAA', 'TGAGTCA']	2	-+	17	1	0.47573582907693834	0.256379654125052	2.0289528369903564	1000	0.3090413222606907	0.20371798598941335
['GATAA', 'TGAGTCA']	2	-+	17	2	0.42945018124589335	0.23033281715838558	1.8853938579559326	1000	0.27221495670324514	0.18845067761352602
['GATAA', 'TGAGTCA']	2	-+	17	3	0.4811658373126298	0.26275395460313705	1.8045936822891235	1000	0.3213623958446472	0.204145577855121
['GATAA', 'TGAGTCA']	2	-+	17	4	0.44978076635233855	0.21877328275244953	2.0179879665374756	1000	0.27901196903931963	0.1585345857166638
['GATAA', 'TGAGTCA']	2	-+	18	0	0.450472437578446	0.23837003938549448	1.838207483291626	1000	0.2928724808289805	0.18386759794200846
['GATAA', 'TGAGTCA']	2	-+	18	1	0.47766121784901017	0.25830510739061796	2.030287265777588	1000	0.3109667755262566	0.20564343925497927
['GATAA', 'TGAGTCA']	2	-+	18	2	0.44318088912981557	0.2440634605488137	1.8949111700057983	1000	0.28594560009367326	0.20218132100395414
['GATAA', 'TGAGTCA']	2	-+	18	3	0.47783397442180187	0.2594221132101405	1.8022841215133667	1000	0.3180304899581566	0.20081369346646175
['GATAA', 'TGAGTCA']	2	-+	18	4	0.513179289883511	0.28217182778145333	2.0619325637817383	1000	0.3424105140683234	0.22193309849892057
['GATAA', 'TGAGTCA']	2	-+	19	0	0.4654886297862423	0.25338616709979667	1.8486160039901733	1000	0.3078886085432827	0.198883747154142
['GATAA', 'TGAGTCA']	2	-+	19	1	0.4403494957529984	0.2209933852946062	2.004424810409546	1000	0.2736550534302448	0.1683317171589675
['GATAA', 'TGAGTCA']	2	-+	19	2	0.40909392772880687	0.20997654214346773	1.8712838888168335	1000	0.2518586601904959	0.16809439184969252
['GATAA', 'TGAGTCA']	2	-+	19	3	0.45012696742852537	0.23171510621686403	1.7830791473388672	1000	0.2903234829648801	0.17310669722210092
['GATAA', 'TGAGTCA']	2	-+	19	4	0.483353413635942	0.252345930036053	2.0412588119506836	1000	0.3125846378207544	0.19210722225135154
['GATAA', 'TGAGTCA']	2	--	10	0	0.4278878908454556	0.21578549265250405	1.822553277015686	1000	0.27028793409599006	0.161283051209018
['GATAA', 'TGAGTCA']	2	--	10	1	0.43007585412973226	0.21071972217350865	1.9973037242889404	1000	0.26338136881131596	0.15805805403787
['GATAA', 'TGAGTCA']	2	--	10	2	0.4104546544624334	0.21133722588143156	1.8722270727157593	1000	0.2532193869241225	0.16945510783440337
['GATAA', 'TGAGTCA']	2	--	10	3	0.4718838046585758	0.2534719434469145	1.7981598377227783	1000	0.31208034169276194	0.1948635237032357
['GATAA', 'TGAGTCA']	2	--	10	4	0.428442104937861	0.19743457834230926	2.003197193145752	1000	0.25767326462917933	0.13719588130652352
['GATAA', 'TGAGTCA']	2	--	11	0	0.43520510770472737	0.22310264501828173	1.8276249170303345	1000	0.27760508646176774	0.1686002143237114
['GATAA', 'TGAGTCA']	2	--	11	1	0.4454041088575191	0.22604795540346412	2.0079283714294434	1000	0.27870964503693413	0.17338629801674113
['GATAA', 'TGAGTCA']	2	--	11	2	0.4154444301075788	0.216327066020071	1.875685691833496	1000	0.25820920556493054	0.17444491572629578
['GATAA', 'TGAGTCA']	2	--	11	3	0.401991775174439	0.18357989246494635	1.7497143745422363	1000	0.24218829071079379	0.12497147272126755
['GATAA', 'TGAGTCA']	2	--	11	4	0.4852879174885096	0.25428039089295784	2.04259991645813	1000	0.31451909867765926	0.19404168310825642
['GATAA', 'TGAGTCA']	2	--	12	0	0.45987760981051773	0.24777519011973484	1.8447265625	1000	0.30227763156322085	0.1932727486762488
['GATAA', 'TGAGTCA']	2	--	12	1	0.4695073913846163	0.2501512379305613	2.0246355533599854	1000	0.30281292756403133	0.19748956979492266
['GATAA', 'TGAGTCA']	2	--	12	2	0.44338262477927765	0.24426519619827577	1.8950510025024414	1000	0.28614733574313533	0.20238307815124756
['GATAA', 'TGAGTCA']	2	--	12	3	0.45848055174189645	0.24006866903240373	1.7888693809509277	1000	0.29867711027391386	0.18146029228438765
['GATAA', 'TGAGTCA']	2	--	12	4	0.4860283887917994	0.2550208621962477	2.0431129932403564	1000	0.31525959147878047	0.19478219740720895
['GATAA', 'TGAGTCA']	2	--	13	0	0.4650858894135843	0.2529834697228014	1.8483366966247559	1000	0.30748591116628743	0.19848102827931538
['GATAA', 'TGAGTCA']	2	--	13	1	0.4900008440614285	0.2706446906073736	2.0388405323028564	1000	0.3233063802408436	0.21798304396956628
['GATAA', 'TGAGTCA']	2	--	13	2	0.4562706606696348	0.2571532535864643	1.9039843082427979	1000	0.2990353931313238	0.21527111404160473
['GATAA', 'TGAGTCA']	2	--	13	3	0.47659901000161875	0.2581871487899574	1.801428198814392	1000	0.31679554703580487	0.19957875054410998
['GATAA', 'TGAGTCA']	2	--	13	4	0.48616494301658447	0.2551573949232014	2.0432076454162598	1000	0.3153961027079028	0.19491868713849997
['GATAA', 'TGAGTCA']	2	--	14	0	0.4847943272805333	0.2726918645940877	1.8619976043701172	1000	0.3271943060375737	0.218189444648433
['GATAA', 'TGAGTCA']	2	--	14	1	0.46803758465468	0.24868149569411913	2.0236167907714844	1000	0.30134318532758914	0.19601982755848044
['GATAA', 'TGAGTCA']	2	--	14	2	0.4840500723589245	0.284932665275754	1.9232394695281982	1000	0.32681480482061354	0.24305054722872582
['GATAA', 'TGAGTCA']	2	--	14	3	0.499749207673297	0.28133732496380426	1.817474603652954	1000	0.3399457662053144	0.2227289482157882
['GATAA', 'TGAGTCA']	2	--	14	4	0.5142524616248949	0.2832449350293432	2.062676429748535	1000	0.34348364281404464	0.22300624874247313
['GATAA', 'TGAGTCA']	2	--	15	0	0.48644501676351454	0.2743425540770689	1.8631418943405151	1000	0.32884499552055496	0.21984011263358288
['GATAA', 'TGAGTCA']	2	--	15	1	0.4745367230394601	0.2551806125810679	2.0281214714050293	1000	0.30784225921887515	0.20251892294759785
['GATAA', 'TGAGTCA']	2	--	15	2	0.42635135484698455	0.22723392626598268	1.8832457065582275	1000	0.2691160443130109	0.18535176522329178
['GATAA', 'TGAGTCA']	2	--	15	3	0.4491177732332624	0.23070591202160107	1.7823796272277832	1000	0.2893142887696171	0.1720974922779223
['GATAA', 'TGAGTCA']	2	--	15	4	0.5040354022937626	0.2730278756982109	2.0555946826934814	1000	0.3332666049807437	0.2127891894113408
['GATAA', 'TGAGTCA']	2	--	16	0	0.49668563771781504	0.2845831535335381	1.8702399730682373	1000	0.3390855949770241	0.2300807335878834
['GATAA', 'TGAGTCA']	2	--	16	1	0.5057529500322667	0.2863967535825491	2.0497591495513916	1000	0.33905844321601913	0.23373510694474178
['GATAA', 'TGAGTCA']	2	--	16	2	0.4612778925538427	0.26216050696850357	1.9074550867080688	1000	0.30404264651336316	0.22027836742364404
['GATAA', 'TGAGTCA']	2	--	16	3	0.4906889036518679	0.2722770209423752	1.8111944198608398	1000	0.3308854191882227	0.21366860119869643
['GATAA', 'TGAGTCA']	2	--	16	4	0.5321455796163242	0.30113807451860386	2.0750792026519775	1000	0.3613767393076426	0.2408993452360711
['GATAA', 'TGAGTCA']	2	--	17	0	0.4530230262820669	0.240920606591284	1.839975357055664	1000	0.2954230265369387	0.186418165147798
['GATAA', 'TGAGTCA']	2	--	17	1	0.47478949454056574	0.2554334055800048	2.028296947479248	1000	0.3080950737156435	0.20277173744436616
['GATAA', 'TGAGTCA']	2	--	17	2	0.42709088024569464	0.22797347316252412	1.883758306503296	1000	0.2698556127073837	0.18609133361766458
['GATAA', 'TGAGTCA']	2	--	17	3	0.46940820039073117	0.2509963176812384	1.7964438199996948	1000	0.30960469442925453	0.19238791943539102
['GATAA', 'TGAGTCA']	2	--	17	4	0.45341716752218175	0.22240964092663004	2.0205087661743164	1000	0.2826483487113315	0.16217093314192862
['GATAA', 'TGAGTCA']	2	--	18	0	0.46017630067940374	0.24807388098862082	1.8449336290359497	1000	0.30257632243210686	0.19357143954513478
['GATAA', 'TGAGTCA']	2	--	18	1	0.47026441601805163	0.2509082625639967	2.025160074234009	1000	0.3035699521974667	0.19824659442835801
['GATAA', 'TGAGTCA']	2	--	18	2	0.4402295378540216	0.2411121307708511	1.8928653001785278	1000	0.282994291813542	0.19923001272382293
['GATAA', 'TGAGTCA']	2	--	18	3	0.4705978043867492	0.25218594317508786	1.7972683906555176	1000	0.31079434142093526	0.19357754492924042
['GATAA', 'TGAGTCA']	2	--	18	4	0.5128063025094522	0.28179877591390057	2.061674118041992	1000	0.342037483698602	0.2215600896270305
['GATAA', 'TGAGTCA']	2	--	19	0	0.4604664354114093	0.24836401572062636	1.8451347351074219	1000	0.30286645716411237	0.19386157427714035
['GATAA', 'TGAGTCA']	2	--	19	1	0.44327105103453035	0.22391491907830677	2.0064499378204346	1000	0.27657658721394546	0.1712532509426681
['GATAA', 'TGAGTCA']	2	--	19	2	0.4156031700943252	0.2164857415133233	1.875795602798462	1000	0.25836788105818287	0.17460362346629513
['GATAA', 'TGAGTCA']	2	--	19	3	0.4356827035261734	0.21727084231451205	1.7730671167373657	1000	0.27587924056035945	0.15866242257083324
['GATAA', 'TGAGTCA']	2	--	19	4	0.48444623439518697	0.25343866480397254	2.0420162677764893	1000	0.3136773510908426	0.19319997851710247
['GATAA', 'TGAGTCA']	2	++	30	0	0.4919243410243409	0.279821921333558	1.866939663887024	1000	0.334324362777044	0.22531947989007198
['GATAA', 'TGAGTCA']	2	++	30	1	0.4792971168240172	0.25994102786345635	2.031421184539795	1000	0.312602695999095	0.20727935972781766
['GATAA', 'TGAGTCA']	2	++	30	2	0.47114797688685933	0.27203056980368884	1.9142963886260986	1000	0.31391270934854837	0.23014843025882928
['GATAA', 'TGAGTCA']	2	++	30	3	0.4996501026707373	0.28123819846341325	1.8174060583114624	1000	0.339846618207092	0.2226298002175658
['GATAA', 'TGAGTCA']	2	++	30	4	0.5432396644755314	0.3122321808756424	2.0827689170837402	1000	0.3724708671625125	0.25199345159310965
['GATAA', 'TGAGTCA']	2	++	31	0	0.4843372403902027	0.2722347562059257	1.8616807460784912	1000	0.3267371976494117	0.21773235775810237
['GATAA', 'TGAGTCA']	2	++	31	1	0.5006277810452296	0.2812716275911747	2.046206474304199	1000	0.3339333172246447	0.22860995945553603
['GATAA', 'TGAGTCA']	2	++	31	2	0.45727963988658415	0.2581622113055823	1.9046837091445923	1000	0.30004435085044184	0.21628007176072275
['GATAA', 'TGAGTCA']	2	++	31	3	0.4969081402723688	0.27849627906070745	1.8155053853988647	1000	0.3371046773065549	0.2198879023126914
['GATAA', 'TGAGTCA']	2	++	31	4	0.5194315901686403	0.2884241065687512	2.0662662982940674	1000	0.34866277135778995	0.22818537728621846
['GATAA', 'TGAGTCA']	2	++	32	0	0.5019522624351869	0.2898497997487412	1.8738906383514404	1000	0.3443522626900586	0.23534737980308654
['GATAA', 'TGAGTCA']	2	++	32	1	0.5122076309017989	0.2928514989455753	2.0542333126068115	1000	0.345513231574708	0.24018985230776793
['GATAA', 'TGAGTCA']	2	++	32	2	0.48015574020844976	0.281038376120942	1.9205402135849	1000	0.32292051566580154	0.23915623657608245
['GATAA', 'TGAGTCA']	2	++	32	3	0.5102730840535685	0.29186120134407584	1.8247692584991455	1000	0.3504695995899233	0.2332528030982284
['GATAA', 'TGAGTCA']	2	++	32	4	0.5631276952256439	0.3321201686300922	2.0965542793273926	1000	0.39235885491696226	0.2718814823432221
['GATAA', 'TGAGTCA']	2	++	33	0	0.5012005692639282	0.28909812807531393	1.8733694553375244	1000	0.3436005480209686	0.23459568663182792
['GATAA', 'TGAGTCA']	2	++	33	1	0.5091527890658482	0.2897966571096246	2.0521156787872314	1000	0.34245832524526326	0.23713498897398594
['GATAA', 'TGAGTCA']	2	++	33	2	0.4643172559512157	0.2651999133615393	1.9095617532730103	1000	0.30708205290639884	0.2233177953145111
['GATAA', 'TGAGTCA']	2	++	33	3	0.5132847152484898	0.29487285403682856	1.8268567323684692	1000	0.35348125228267596	0.23626445579098113
['GATAA', 'TGAGTCA']	2	++	33	4	0.524353260684044	0.2933457555863236	2.0696778297424316	1000	0.353584463371025	0.23310706929945355
['GATAA', 'TGAGTCA']	2	++	34	0	0.5120069701439046	0.2999045289552904	1.8808599710464478	1000	0.3544069703987764	0.24540208751180437
['GATAA', 'TGAGTCA']	2	++	34	1	0.5076190047897909	0.2882628728335674	2.0510525703430176	1000	0.34092454096920605	0.2356012046979287
['GATAA', 'TGAGTCA']	2	++	34	2	0.48959943655431476	0.29048207246680696	1.9270861148834229	1000	0.33236419051383514	0.24859991142411608
['GATAA', 'TGAGTCA']	2	++	34	3	0.5312993819784165	0.31288747777109244	1.839343547821045	1000	0.37149589751477124	0.2542791010230764
['GATAA', 'TGAGTCA']	2	++	34	4	0.5539642446093599	0.32295671801380815	2.090202569961548	1000	0.383195447296341	0.26271801022910674
['GATAA', 'TGAGTCA']	2	++	35	0	0.47374469993657414	0.2616422802457912	1.8543386459350586	1000	0.31614472168927726	0.20713983880230522
['GATAA', 'TGAGTCA']	2	++	35	1	0.5011524141216867	0.28179628216546304	2.046570301055908	1000	0.3344579503011017	0.22913461402982438
['GATAA', 'TGAGTCA']	2	++	35	2	0.4624710651898662	0.2633536581066957	1.9082821607589722	1000	0.30523579765155523	0.2214715400596675
['GATAA', 'TGAGTCA']	2	++	35	3	0.49248926103676255	0.2740773998251012	1.812442421913147	1000	0.3326858410666113	0.2154690230770851
['GATAA', 'TGAGTCA']	2	++	35	4	0.5026450945441877	0.27163756794863597	2.054630756378174	1000	0.33187629723116874	0.21139890315959722
['GATAA', 'TGAGTCA']	2	++	36	0	0.4766564522070069	0.2645539895205613	1.8563568592071533	1000	0.319056409466216	0.21005154807707527
['GATAA', 'TGAGTCA']	2	++	36	1	0.4922991772118964	0.27294302375784146	2.040433645248413	1000	0.3256046918934801	0.22028131262654008
['GATAA', 'TGAGTCA']	2	++	36	2	0.45399868386041164	0.25488127677724115	1.9024094343185425	1000	0.29676343781993203	0.2129991372323816
['GATAA', 'TGAGTCA']	2	++	36	3	0.48430946519208834	0.26589766847392104	1.8067727088928223	1000	0.32450604522193716	0.20728922723241092
['GATAA', 'TGAGTCA']	2	++	36	4	0.5288236487235837	0.2978161006302006	2.0727763175964355	1000	0.35805482991273335	0.23757741434333052
['GATAA', 'TGAGTCA']	2	++	37	0	0.45868619999666566	0.24658373731022	1.8439007997512817	1000	0.301086178753706	0.19208131736456535
['GATAA', 'TGAGTCA']	2	++	37	1	0.4663531005808042	0.24699696862458062	2.022449254989624	1000	0.2996586367602193	0.19433527899111058
['GATAA', 'TGAGTCA']	2	++	37	2	0.42590858551233823	0.22679119992699912	1.8829389810562134	1000	0.2686733394718587	0.18490906038213956
['GATAA', 'TGAGTCA']	2	++	37	3	0.4598068389496877	0.24139493474236365	1.7897887229919434	1000	0.30000335448604243	0.18278653649651622
['GATAA', 'TGAGTCA']	2	++	37	4	0.4906447041105962	0.2596371990128758	2.0463128089904785	1000	0.3198758852997459	0.19939846973034303
['GATAA', 'TGAGTCA']	2	++	38	0	0.4753600899804658	0.2632576057961888	1.8554582595825195	1000	0.3177600472396748	0.20875516435270278
['GATAA', 'TGAGTCA']	2	++	38	1	0.4784019471262763	0.25904583666788406	2.0308008193969727	1000	0.3117075048035227	0.20638414703441402
['GATAA', 'TGAGTCA']	2	++	38	2	0.4586170199753561	0.2594996128921856	1.9056106805801392	1000	0.3013817524370451	0.21761747334732603
['GATAA', 'TGAGTCA']	2	++	38	3	0.48332482152023604	0.26491293881074335	1.8060901165008545	1000	0.3235213155587594	0.20630451906706454
['GATAA', 'TGAGTCA']	2	++	38	4	0.5273269267087873	0.2963193786154043	2.0717389583587646	1000	0.3565580864001057	0.2360806923285342
['GATAA', 'TGAGTCA']	2	++	39	0	0.4770100485371809	0.2649076073485666	1.8566020727157593	1000	0.3194100487920526	0.21040516590508057
['GATAA', 'TGAGTCA']	2	++	39	1	0.49515748587357356	0.2758013324195186	2.042414903640747	1000	0.32846302205298866	0.22313966428387996
['GATAA', 'TGAGTCA']	2	++	39	2	0.43787070980611276	0.23875328122511089	1.8912303447723389	1000	0.2806354422678018	0.1968711631780827
['GATAA', 'TGAGTCA']	2	++	39	3	0.48242406238634206	0.2640122011746807	1.805465817451477	1000	0.3226205994205282	0.20540378143100194
['GATAA', 'TGAGTCA']	2	++	39	4	0.5139599191357773	0.2829523925402256	2.0624735355377197	1000	0.34319112182275835	0.2227137062533555
['GATAA', 'TGAGTCA']	2	+-	30	0	0.4856392780442223	0.27353683685560803	1.8625832796096802	1000	0.32803925680126267	0.21903441690995334
['GATAA', 'TGAGTCA']	2	+-	30	1	0.4786804300336859	0.2593242980774623	2.030993700027466	1000	0.311985966213101	0.20666262994182363
['GATAA', 'TGAGTCA']	2	+-	30	2	0.4683850756007483	0.26926766851757783	1.9123812913894653	1000	0.31114980806243736	0.22738552897271824
['GATAA', 'TGAGTCA']	2	+-	30	3	0.5001106292140852	0.2816987035089298	1.8177250623703003	1000	0.3403071017547772	0.22309028376525097
['GATAA', 'TGAGTCA']	2	+-	30	4	0.5395571289595943	0.3085495808662112	2.080216407775879	1000	0.3687882886509126	0.24831087308150976
['GATAA', 'TGAGTCA']	2	+-	31	0	0.4789962331763327	0.26689379198771845	1.8579785823822021	1000	0.32139625492903584	0.2123913720420638
['GATAA', 'TGAGTCA']	2	+-	31	1	0.5001388773644894	0.28078272391043446	2.045867681503296	1000	0.3334443920460731	0.22812107727262712
['GATAA', 'TGAGTCA']	2	+-	31	2	0.45266353954610095	0.25354613246293045	1.9014838933944702	1000	0.29542827200779	0.2116639929180709
['GATAA', 'TGAGTCA']	2	+-	31	3	0.4939110416114454	0.2754992018976154	1.8134279251098633	1000	0.3341076001434628	0.21689080365176794
['GATAA', 'TGAGTCA']	2	+-	31	4	0.5172121540592557	0.286204627463704	2.064728021621704	1000	0.3464433567462368	0.22596591967900256
['GATAA', 'TGAGTCA']	2	+-	32	0	0.4920505762900742	0.27994817809712264	1.8670271635055542	1000	0.3344506195406087	0.225445758151468
['GATAA', 'TGAGTCA']	2	+-	32	1	0.5080874425350785	0.2887313320766863	2.051377296447754	1000	0.3413930432079877	0.236069685438879
['GATAA', 'TGAGTCA']	2	+-	32	2	0.4815111784755623	0.2823937713923918	1.9214797019958496	1000	0.32427591093725133	0.24051165334536362
['GATAA', 'TGAGTCA']	2	+-	32	3	0.5026615618830078	0.28424967917351507	1.819493293762207	1000	0.3428580989171939	0.22564128092766766
['GATAA', 'TGAGTCA']	2	+-	32	4	0.5573284832342127	0.3263209996343237	2.0925345420837402	1000	0.3865596859211938	0.26608227035179094
['GATAA', 'TGAGTCA']	2	+-	33	0	0.5077213774627171	0.29561889327844004	1.8778893947601318	1000	0.3501213777175888	0.24111649483061676
['GATAA', 'TGAGTCA']	2	+-	33	1	0.5145719623945353	0.29521580894048033	2.0558719635009766	1000	0.34787747707611905	0.24255416230267304
['GATAA', 'TGAGTCA']	2	+-	33	2	0.46479171308928346	0.26567430600611297	1.9098906517028809	1000	0.30755644555097256	0.22379216646125344
['GATAA', 'TGAGTCA']	2	+-	33	3	0.5167949671439253	0.2983831059322639	1.8292897939682007	1000	0.35699148268027997	0.23977470768641648
['GATAA', 'TGAGTCA']	2	+-	33	4	0.5210237625546654	0.29001625745694504	2.0673701763153076	1000	0.35025498673947786	0.22977759266790634
['GATAA', 'TGAGTCA']	2	+-	34	0	0.5064673229682881	0.2943648817796739	1.8770201206207275	1000	0.3488673232231599	0.23986244033618787
['GATAA', 'TGAGTCA']	2	+-	34	1	0.5156226903999817	0.29626655844375804	2.0566000938415527	1000	0.3489282265793967	0.243604868810288
['GATAA', 'TGAGTCA']	2	+-	34	2	0.49195731869764386	0.292839890116642	1.9287203550338745	1000	0.33472202966150155	0.25095775057178243
['GATAA', 'TGAGTCA']	2	+-	34	3	0.5346635346119439	0.3162516519024512	1.8416754007339478	1000	0.37486005014829865	0.25764323215877244
['GATAA', 'TGAGTCA']	2	+-	34	4	0.5519561751778858	0.32094867008016537	2.088810443878174	1000	0.3811873348692041	0.26070996229546395
['GATAA', 'TGAGTCA']	2	+-	35	0	0.4826909364648184	0.2705885382718669	1.8605396747589111	1000	0.32509095821752154	0.21608609682838087
['GATAA', 'TGAGTCA']	2	+-	35	1	0.5046040629288405	0.28524795247044826	2.0489625930786133	1000	0.3379096206060869	0.2325862843348096
['GATAA', 'TGAGTCA']	2	+-	35	2	0.4585352422248708	0.2594177921460376	1.905553936958313	1000	0.30129993169089714	0.21753565260117805
['GATAA', 'TGAGTCA']	2	+-	35	3	0.4962971719051787	0.27788531069351735	1.8150818347930908	1000	0.3364936874415334	0.21927689094983854
['GATAA', 'TGAGTCA']	2	+-	35	4	0.5071988941693958	0.27619134607601276	2.0577874183654785	1000	0.3364300753585455	0.2159526597891427
['GATAA', 'TGAGTCA']	2	+-	36	0	0.47254017644559376	0.26043775675481085	1.853503704071045	1000	0.3149401981982969	0.2059353153113248
['GATAA', 'TGAGTCA']	2	+-	36	1	0.49596537437600163	0.276609242419778	2.0429749488830566	1000	0.3292709105554167	0.22394753128847664
['GATAA', 'TGAGTCA']	2	+-	36	2	0.45741683904631	0.2582994319631395	1.9047788381576538	1000	0.300181571507999	0.21641729241827992
['GATAA', 'TGAGTCA']	2	+-	36	3	0.4828193215136875	0.26440746030202616	1.8057397603988647	1000	0.3230158585478736	0.20579906205617876
['GATAA', 'TGAGTCA']	2	+-	36	4	0.5324092720157596	0.3014017884158706	2.0752618312835693	1000	0.3616404747027407	0.24116305913333785
['GATAA', 'TGAGTCA']	2	+-	37	0	0.46678825968314985	0.2546858184945356	1.8495168685913086	1000	0.3091882384401902	0.2001833985488809
['GATAA', 'TGAGTCA']	2	+-	37	1	0.4723292827199732	0.252973172261581	2.0265915393829346	1000	0.305634861895051	0.20031148262811097
['GATAA', 'TGAGTCA']	2	+-	37	2	0.42931328305580657	0.23019591896829877	1.8852988481521606	1000	0.2720780585131583	0.18831375792560787
['GATAA', 'TGAGTCA']	2	+-	37	3	0.4587533592218276	0.24034149801016622	1.7890585660934448	1000	0.29894989625601365	0.18173307826648744
['GATAA', 'TGAGTCA']	2	+-	37	4	0.49461746034986437	0.26360993375431263	2.0490663051605225	1000	0.32384864153901405	0.20337124746744256
['GATAA', 'TGAGTCA']	2	+-	38	0	0.4779363900903907	0.2658339489017764	1.8572441339492798	1000	0.3203364118430938	0.21133152895612173
['GATAA', 'TGAGTCA']	2	+-	38	1	0.4851082816096834	0.26575212815562843	2.035449266433716	1000	0.31841381778909844	0.21309048151782112
['GATAA', 'TGAGTCA']	2	+-	38	2	0.46451778772212177	0.26540038063895127	1.9097007513046265	1000	0.3072825201838108	0.2235182410940917
['GATAA', 'TGAGTCA']	2	+-	38	3	0.4813910055982719	0.2629790798931165	1.8047497272491455	1000	0.3215874996367953	0.20437068164726907
['GATAA', 'TGAGTCA']	2	+-	38	4	0.5293228283677129	0.2983152802743299	2.073122501373291	1000	0.3585540095568627	0.23807657248962846
['GATAA', 'TGAGTCA']	2	+-	39	0	0.48215701632521485	0.2700546181322633	1.860169529914856	1000	0.32455703807791797	0.21555215519094592
['GATAA', 'TGAGTCA']	2	+-	39	1	0.49638213133470493	0.2770260208763127	2.0432639122009277	1000	0.32968768901195133	0.224364352740674
['GATAA', 'TGAGTCA']	2	+-	39	2	0.434244971560623	0.23512758597528388	1.8887172937393188	1000	0.2770097255201434	0.19324544643042432
['GATAA', 'TGAGTCA']	2	+-	39	3	0.4852250148339565	0.26681315362229513	1.807407259941101	1000	0.3254215518681426	0.20820473387861638
['GATAA', 'TGAGTCA']	2	+-	39	4	0.5148279585703446	0.2838204749704556	2.063075542449951	1000	0.34405916125732566	0.22358176718575415
['GATAA', 'TGAGTCA']	2	-+	30	0	0.5134180447985713	0.3013155391164629	1.8818379640579224	1000	0.3558180020577803	0.24681311917080828
['GATAA', 'TGAGTCA']	2	-+	30	1	0.5239138450110895	0.30455773455269725	2.062347173690796	1000	0.35721942418616726	0.2518960664170586
['GATAA', 'TGAGTCA']	2	-+	30	2	0.4966514561659561	0.2975340920784483	1.931974172592163	1000	0.33941623162330786	0.25565195253358874
['GATAA', 'TGAGTCA']	2	-+	30	3	0.5393860492176485	0.32097418800598715	1.8449487686157227	1000	0.3795825647540032	0.2623657897601397
['GATAA', 'TGAGTCA']	2	-+	30	4	0.5841425133085468	0.3531349867129951	2.1111207008361816	1000	0.41337367299986516	0.292896300426125
['GATAA', 'TGAGTCA']	2	-+	31	0	0.5234026265813998	0.3113002068906169	1.888758897781372	1000	0.3658026268362715	0.2567977869449622
['GATAA', 'TGAGTCA']	2	-+	31	1	0.5400519660417893	0.320695855583397	2.073533296585083	1000	0.37335752371903574	0.2680342089455897
['GATAA', 'TGAGTCA']	2	-+	31	2	0.48123837099563116	0.28212096391246066	1.9212905168533325	1000	0.3240031249551516	0.24023882436760113
['GATAA', 'TGAGTCA']	2	-+	31	3	0.5574161943861528	0.3390042901788287	1.857446312904358	1000	0.39761270992250747	0.28039589193298126
['GATAA', 'TGAGTCA']	2	-+	31	4	0.545214111298762	0.3142065847032102	2.084137201309204	1000	0.374445313985743	0.2539678554206774
['GATAA', 'TGAGTCA']	2	-+	32	0	0.5010158598969016	0.2889134187082873	1.8732414245605469	1000	0.34341586015177333	0.23441099876263263
['GATAA', 'TGAGTCA']	2	-+	32	1	0.5035029440066914	0.28414676905480507	2.048199415206909	1000	0.33680843719044373	0.23148510091916638
['GATAA', 'TGAGTCA']	2	-+	32	2	0.47751081902083065	0.2783934334354915	1.9187067747116089	1000	0.3202755729803511	0.23651129389063197
['GATAA', 'TGAGTCA']	2	-+	32	3	0.5098018085945417	0.2913899043872177	1.8244426250457764	1000	0.3499983026330651	0.2327815276392016
['GATAA', 'TGAGTCA']	2	-+	32	4	0.5690474670553299	0.3380399404597782	2.1006577014923096	1000	0.39827862674664827	0.2778012326750768
['GATAA', 'TGAGTCA']	2	-+	33	0	0.5070797531880106	0.2949773334972277	1.8774447441101074	1000	0.34947977494071375	0.24047489205374167
['GATAA', 'TGAGTCA']	2	-+	33	1	0.5199472801472523	0.3005911481910288	2.0595977306365967	1000	0.35325283782449884	0.24792948005539012
['GATAA', 'TGAGTCA']	2	-+	33	2	0.46984026380536126	0.27072285672219076	1.913390040397644	1000	0.31260497476921895	0.2288407171773312
['GATAA', 'TGAGTCA']	2	-+	33	3	0.5263356187092141	0.30792377899538415	1.8359029293060303	1000	0.3665321772412316	0.2493153807495367
['GATAA', 'TGAGTCA']	2	-+	33	4	0.5102696014048885	0.2792620963071682	2.0599160194396973	1000	0.3395008040918696	0.21902338852246678
['GATAA', 'TGAGTCA']	2	-+	34	0	0.5269276689848094	0.3148252277961951	1.8912020921707153	1000	0.3693276692396811	0.26032278635270906
['GATAA', 'TGAGTCA']	2	-+	34	1	0.5341775546362684	0.3148214441778761	2.0694613456726074	1000	0.36748311231351477	0.26215975454440604
['GATAA', 'TGAGTCA']	2	-+	34	2	0.49299936157922164	0.2938820189895452	1.9294426441192627	1000	0.3357641370365734	0.2519998579468543
['GATAA', 'TGAGTCA']	2	-+	34	3	0.5500595505041707	0.3316476462968466	1.8523471355438232	1000	0.39025606604052543	0.2730392480509992
['GATAA', 'TGAGTCA']	2	-+	34	4	0.5785611173444334	0.34755359074888165	2.1072518825531006	1000	0.4077923200314144	0.2873148614663488
['GATAA', 'TGAGTCA']	2	-+	35	0	0.5188037675016656	0.3067013263130513	1.885571002960205	1000	0.36120376775653734	0.25219888486956527
['GATAA', 'TGAGTCA']	2	-+	35	1	0.5512042670283135	0.3318480705785959	2.081263780593872	1000	0.38450973871423455	0.2791864454386199
['GATAA', 'TGAGTCA']	2	-+	35	2	0.4818238859304936	0.2827064358516604	1.921696424484253	1000	0.32458859689435127	0.24082429630680083
['GATAA', 'TGAGTCA']	2	-+	35	3	0.5568308084382785	0.33841888273312304	1.857040524482727	1000	0.3970273239746332	0.279810505985107
['GATAA', 'TGAGTCA']	2	-+	35	4	0.5276591111989288	0.2966516061012085	2.0719692707061768	1000	0.3568903353837413	0.2364129413121698
['GATAA', 'TGAGTCA']	2	-+	36	0	0.4846430685390995	0.2725406488483166	1.861892819404602	1000	0.32704309029180256	0.21803820740483054
['GATAA', 'TGAGTCA']	2	-+	36	1	0.5005928255714418	0.28123671511304954	2.046182155609131	1000	0.33389840474651955	0.22857506847524223
['GATAA', 'TGAGTCA']	2	-+	36	2	0.4690769618051694	0.2699595547219989	1.9128608703613281	1000	0.3118416942668584	0.22807741517713934
['GATAA', 'TGAGTCA']	2	-+	36	3	0.494836652238389	0.276424812524559	1.8140696287155151	1000	0.33503321077040643	0.21781639278088022
['GATAA', 'TGAGTCA']	2	-+	36	4	0.5541163202683853	0.3231087936728336	2.09030818939209	1000	0.3833475229553664	0.2628700858881322
['GATAA', 'TGAGTCA']	2	-+	37	0	0.47360014851852394	0.2614977073299097	1.8542383909225464	1000	0.3160001487733957	0.20699526588642367
['GATAA', 'TGAGTCA']	2	-+	37	1	0.4902098029822269	0.2708536925238346	2.038985252380371	1000	0.3235153606594733	0.21819202438819596
['GATAA', 'TGAGTCA']	2	-+	37	2	0.4468012529174658	0.2476838673321267	1.8974205255508423	1000	0.28956598537915484	0.20580170628943578
['GATAA', 'TGAGTCA']	2	-+	37	3	0.48639183112873524	0.2679799484192425	1.8082159757614136	1000	0.3265883251672586	0.20937152867556375
['GATAA', 'TGAGTCA']	2	-+	37	4	0.5242447826270122	0.2932372560314605	2.0696024894714355	1000	0.35347594231833057	0.23299852674892774
['GATAA', 'TGAGTCA']	2	-+	38	0	0.4764384212013756	0.26433600151059267	1.8562058210372925	1000	0.31883842145624736	0.2098335385692753
['GATAA', 'TGAGTCA']	2	-+	38	1	0.4735755549994506	0.254219423043227	2.0274553298950195	1000	0.306881112676697	0.20155775490758832
['GATAA', 'TGAGTCA']	2	-+	38	2	0.4630897297806824	0.26397234419534327	1.9087109565734863	1000	0.30585448374020285	0.22209020465048374
['GATAA', 'TGAGTCA']	2	-+	38	3	0.48009055878377277	0.2616786760742801	1.803848385810852	1000	0.3202870958179589	0.203070299326264
['GATAA', 'TGAGTCA']	2	-+	38	4	0.5279756882635046	0.29696820466361556	2.07218861579895	1000	0.357206912448317	0.23672951837674552
['GATAA', 'TGAGTCA']	2	-+	39	0	0.5044974766809682	0.29239505699018536	1.8756548166275024	1000	0.3468974984336714	0.23789261554669933
['GATAA', 'TGAGTCA']	2	-+	39	1	0.5002238367940156	0.2808676618421293	2.045926570892334	1000	0.3335293084799366	0.22820599370649064
['GATAA', 'TGAGTCA']	2	-+	39	2	0.45882120637759294	0.25970379929442244	1.905752182006836	1000	0.301585938839282	0.2178216597495629
['GATAA', 'TGAGTCA']	2	-+	39	3	0.5007752131726818	0.2823633519610204	1.818185806274414	1000	0.3409717287090365	0.22375491071951029
['GATAA', 'TGAGTCA']	2	-+	39	4	0.5131878890160542	0.2821804054161651	2.061938524246216	1000	0.3424190917030352	0.2219416976314637
['GATAA', 'TGAGTCA']	2	--	30	0	0.5177151173217039	0.30561267613308973	1.8848166465759277	1000	0.3601151390744071	0.25111025618743504
['GATAA', 'TGAGTCA']	2	--	30	1	0.5232223887632955	0.3038662783049033	2.0618677139282227	1000	0.3565279679383734	0.25120461016926465
['GATAA', 'TGAGTCA']	2	--	30	2	0.4925557753269837	0.2934383682438132	1.9291352033615112	1000	0.33532048629084144	0.25155622869895367
['GATAA', 'TGAGTCA']	2	--	30	3	0.5421092225114102	0.32369736129974885	1.8468364477157593	1000	0.3823057380477649	0.26508896305390145
['GATAA', 'TGAGTCA']	2	--	30	4	0.5835068224352952	0.35249929583974343	2.110679864883423	1000	0.4127380251222762	0.29226060955287336
['GATAA', 'TGAGTCA']	2	--	31	0	0.5151082042999255	0.3030057631113113	1.8830095529556274	1000	0.3575082045547973	0.24850334316565661
['GATAA', 'TGAGTCA']	2	--	31	1	0.5401318949787778	0.3207757415247228	2.0735888481140137	1000	0.3734374526560242	0.2681140948869155
['GATAA', 'TGAGTCA']	2	--	31	2	0.47851046817897075	0.2793930825936316	1.919399619102478	1000	0.32127522213849113	0.23751094304877204
['GATAA', 'TGAGTCA']	2	--	31	3	0.554461790418306	0.33604992920664467	1.855398416519165	1000	0.3946583059546607	0.2774415309607972
['GATAA', 'TGAGTCA']	2	--	31	4	0.5417339563672275	0.3107264297716758	2.0817253589630127	1000	0.3709651590542086	0.25048774348480574
['GATAA', 'TGAGTCA']	2	--	32	0	0.4993497349710054	0.2872472937823911	1.8720866441726685	1000	0.34174969223021445	0.2327448523389051
['GATAA', 'TGAGTCA']	2	--	32	1	0.5035851087181411	0.28422899825974884	2.0482563972473145	1000	0.3368906663953875	0.23156733012411015
['GATAA', 'TGAGTCA']	2	--	32	2	0.47379711164942456	0.2746796830684227	1.9161325693130493	1000	0.31656184411111365	0.23279756502139454
['GATAA', 'TGAGTCA']	2	--	32	3	0.5110538852884857	0.2926420240768243	1.825310468673706	1000	0.35125040082484044	0.23403360433314555
['GATAA', 'TGAGTCA']	2	--	32	4	0.5645799597251921	0.3335724116318091	2.0975608825683594	1000	0.39381116241217323	0.2733337468427704
['GATAA', 'TGAGTCA']	2	--	33	0	0.4996540582717071	0.2875515955852615	1.8722976446151733	1000	0.34205403702874754	0.2330491326439441
['GATAA', 'TGAGTCA']	2	--	33	1	0.5216419541931918	0.30228577924130545	2.06077241897583	1000	0.3549474688747755	0.24962413260349817
['GATAA', 'TGAGTCA']	2	--	33	2	0.4765043765479815	0.27738699096264235	1.9180092811584473	1000	0.3192691305075019	0.23550485141778282
['GATAA', 'TGAGTCA']	2	--	33	3	0.5197251215580003	0.301313260346339	1.831320881843567	1000	0.35992165859218644	0.24270486210049158
['GATAA', 'TGAGTCA']	2	--	33	4	0.5059361545510984	0.2749286709512094	2.0569121837615967	1000	0.3351673787359108	0.21468996316650793
['GATAA', 'TGAGTCA']	2	--	34	0	0.5332166015745724	0.32111420338162083	1.8955614566802979	1000	0.37561664482510687	0.26661174044030345
['GATAA', 'TGAGTCA']	2	--	34	1	0.537356395963491	0.31800026400726744	2.071665048599243	1000	0.3706619536407375	0.2653385958716288
['GATAA', 'TGAGTCA']	2	--	34	2	0.49398804684336917	0.2948707042536928	1.9301279783248901	1000	0.3367528008028896	0.25298854321100184
['GATAA', 'TGAGTCA']	2	--	34	3	0.5539265804088209	0.33551465470366554	1.8550275564193726	1000	0.39412305294951294	0.27690623495998673
['GATAA', 'TGAGTCA']	2	--	34	4	0.5767049085936711	0.3456974034959507	2.1059653759002686	1000	0.4059361112806521	0.2854587172090806
['GATAA', 'TGAGTCA']	2	--	35	0	0.5138747877236002	0.3017723895306486	1.8821547031402588	1000	0.3562748094763033	0.2472699480871626
['GATAA', 'TGAGTCA']	2	--	35	1	0.5539065874256581	0.33455045546943457	2.083136796951294	1000	0.38721210210724183	0.28188878733379585
['GATAA', 'TGAGTCA']	2	--	35	2	0.48270043850627864	0.2835830959166022	1.9223039150238037	1000	0.3254652139636304	0.24170093487391128
['GATAA', 'TGAGTCA']	2	--	35	3	0.5518245224586502	0.3334126397491576	1.853570580482483	1000	0.392021037995005	0.2748042415033101
['GATAA', 'TGAGTCA']	2	--	35	4	0.5319076846145183	0.3009001580189665	2.07491397857666	1000	0.36113893029716204	0.2406614502342651
['GATAA', 'TGAGTCA']	2	--	36	0	0.4904283929314735	0.2783259302450279	1.8659027814865112	1000	0.33282837168851387	0.2238235102993732
['GATAA', 'TGAGTCA']	2	--	36	1	0.5049749435154262	0.2856188330570339	2.0492196083068848	1000	0.3382804796948412	0.23295714342356388
['GATAA', 'TGAGTCA']	2	--	36	2	0.4673232117186586	0.2682058476311508	1.9116454124450684	1000	0.3100879871760104	0.22632370808629126
['GATAA', 'TGAGTCA']	2	--	36	3	0.500340527022626	0.28192862281530195	1.8178845643997192	1000	0.34053704255898076	0.2233202460672859
['GATAA', 'TGAGTCA']	2	--	36	4	0.5583323889629617	0.32732486236740993	2.0932302474975586	1000	0.3875635916499427	0.26708613308487716
['GATAA', 'TGAGTCA']	2	--	37	0	0.4735365579333674	0.2614340952469218	1.8541942834854126	1000	0.31593653669040783	0.20693167530126713
['GATAA', 'TGAGTCA']	2	--	37	1	0.4962327644024306	0.2768765894505443	2.0431602001190186	1000	0.32953825758618294	0.22421492131490559
['GATAA', 'TGAGTCA']	2	--	37	2	0.45621360542521106	0.25709617684420916	1.903944730758667	1000	0.2989783378869001	0.21521403729934963
['GATAA', 'TGAGTCA']	2	--	37	3	0.48339034691021476	0.2649784642007221	1.8061355352401733	1000	0.3235868839444009	0.20637006595487464
['GATAA', 'TGAGTCA']	2	--	37	4	0.5257607237030425	0.29475324010315346	2.0706534385681152	1000	0.3549919478878549	0.2345145108206207
['GATAA', 'TGAGTCA']	2	--	38	0	0.48650770443975405	0.27440524175330844	1.8631852865219116	1000	0.3289076831967944	0.21990282180765375
['GATAA', 'TGAGTCA']	2	--	38	1	0.47807096651469083	0.2587148345584672	2.030571222305298	1000	0.3113765026941059	0.20605316642282856
['GATAA', 'TGAGTCA']	2	--	38	2	0.46704713656836105	0.2679297079873592	1.9114539623260498	1000	0.3098118475322188	0.22604756844249968
['GATAA', 'TGAGTCA']	2	--	38	3	0.4810154384844503	0.2626035772727889	1.8044893741607666	1000	0.32121197551863634	0.20399517902694148
['GATAA', 'TGAGTCA']	2	--	38	4	0.532893016216974	0.30188544662575956	2.075596809387207	1000	0.3621241759082924	0.24164678183672086
['GATAA', 'TGAGTCA']	2	--	39	0	0.5040473980836603	0.29194493539721467	1.8753427267074585	1000	0.3464473768407007	0.23744251545156
['GATAA', 'TGAGTCA']	2	--	39	1	0.4985758990334482	0.2792197455793932	2.0447843074798584	1000	0.3318814137150319	0.22655809894158593
['GATAA', 'TGAGTCA']	2	--	39	2	0.4570500430476823	0.2579326574623432	1.904524564743042	1000	0.29981481850503405	0.21605051791748361
['GATAA', 'TGAGTCA']	2	--	39	3	0.5026286702010303	0.2842168304872003	1.8194704055786133	1000	0.3428252287330477	0.2256084107435215
['GATAA', 'TGAGTCA']	2	--	39	4	0.5144363110786673	0.2834287629852842	2.0628037452697754	1000	0.34366749226781695	0.22319009819624547
['GATAA', 'TGAGTCA']	2	++	0	0	0.492850940551527	0.28074845636725004	1.8675819635391235	1000	0.335250897810736	0.22624603642159535
['GATAA', 'TGAGTCA']	2	++	0	1	0.430419647448807	0.2110635154925834	1.9975420236587524	1000	0.26372518362822206	0.15840184735694474
['GATAA', 'TGAGTCA']	2	++	0	2	0.4331534406712595	0.234036033588089	1.88796067237854	1000	0.27591817313294853	0.19215389404322944
['GATAA', 'TGAGTCA']	2	++	0	3	0.5164738325391016	0.298061949829609	1.8290671110153198	1000	0.35667032657762504	0.23945353008593018
['GATAA', 'TGAGTCA']	2	++	0	4	0.4393510934690771	0.2083436098691881	2.010758876800537	1000	0.2685822746582268	0.1481048805866553
['GATAA', 'TGAGTCA']	2	++	1	0	0.3222067016733955	0.11010427123369687	1.7493003606796265	1000	0.1646067126771829	0.05560183516466869
['GATAA', 'TGAGTCA']	2	++	1	1	0.2908769876288507	0.07152086642154279	1.9008183479309082	1000	0.12418253455718145	0.0188591955986752
['GATAA', 'TGAGTCA']	2	++	1	2	0.31574327118650075	0.1166258426054989	1.8065781593322754	1000	0.1585079928992741	0.07474370843509719
['GATAA', 'TGAGTCA']	2	++	1	3	0.3198148314586896	0.10140294874919689	1.6927536725997925	1000	0.16001134699504432	0.04279454781612054
['GATAA', 'TGAGTCA']	2	++	1	4	0.3040851047302949	0.07307758888365885	1.9169994592666626	1000	0.13331630741727596	0.012838894535102025
['GATAA', 'TGAGTCA']	2	++	2	0	0.3391121018030883	0.1270096391166427	1.7610182762145996	1000	0.1815120805601287	0.07250720304761452
['GATAA', 'TGAGTCA']	2	++	2	1	0.3428682888892575	0.12351214618411822	1.9368559122085571	1000	0.17617382506867257	0.07085048879739524
['GATAA', 'TGAGTCA']	2	++	2	2	0.28973027180639155	0.09061287547213676	1.7885472774505615	1000	0.1324950150169963	0.04873073055281937
['GATAA', 'TGAGTCA']	2	++	2	3	0.35089983568888794	0.1324879744772266	1.7143000364303589	1000	0.19109635122524268	0.07387957085692133
['GATAA', 'TGAGTCA']	2	++	2	4	0.3615610187180421	0.13055350287140605	1.956838846206665	1000	0.19079222140502317	0.07031479508670463
['GATAA', 'TGAGTCA']	2	++	3	0	0.49695870317172247	0.2848562619831082	1.8704291582107544	1000	0.33935870342659424	0.2303538205396222
['GATAA', 'TGAGTCA']	2	++	3	1	0.5094356575308548	0.29007956857029393	2.052311420440674	1000	0.34274125820376394	0.2374178789368239
['GATAA', 'TGAGTCA']	2	++	3	2	0.48221368460867414	0.283096299023335	1.921966552734375	1000	0.3249784385681946	0.24121413798064412
['GATAA', 'TGAGTCA']	2	++	3	3	0.4662279832023015	0.24781612199064018	1.7942395210266113	1000	0.306424541734319	0.18920772374479275
['GATAA', 'TGAGTCA']	2	++	3	4	0.4510605752487341	0.2200530486531824	2.0188753604888916	1000	0.28029175643788384	0.15981434086848098
['GATAA', 'TGAGTCA']	2	++	4	0	0.5421038480535707	0.3300014068649565	1.901721715927124	1000	0.3845038483084425	0.27549896542147045
['GATAA', 'TGAGTCA']	2	++	4	1	0.597393647570538	0.3780375586099772	2.1132798194885254	1000	0.4306992482434472	0.32537586897650717
['GATAA', 'TGAGTCA']	2	++	4	2	0.4832559424685655	0.284138535385395	1.9226889610290527	1000	0.3260206534324232	0.24225637434270408
['GATAA', 'TGAGTCA']	2	++	4	3	0.5097191279351394	0.2913072452256467	1.8243852853775024	1000	0.3499156219736628	0.2326988039841366
['GATAA', 'TGAGTCA']	2	++	4	4	0.4993864532669646	0.2683789266714129	2.0523719787597656	1000	0.3286176344561143	0.20814021888671144
['GATAA', 'TGAGTCA']	2	++	5	0	0.5071804920257535	0.2950780293393079	1.8775144815444946	1000	0.3495804707827939	0.2405755663979905
['GATAA', 'TGAGTCA']	2	++	5	1	0.5423690453012012	0.3230129133449776	2.0751397609710693	1000	0.37567455998278493	0.27035124520933895
['GATAA', 'TGAGTCA']	2	++	5	2	0.4397950666822794	0.24067765959910895	1.8925641775131226	1000	0.2825597991439685	0.19879552005424939
['GATAA', 'TGAGTCA']	2	++	5	3	0.4942683785642756	0.27585651735261424	1.8136755228042603	1000	0.33446491559846164	0.21724814060459816
['GATAA', 'TGAGTCA']	2	++	5	4	0.5223075700476936	0.2913000219543105	2.0682597160339355	1000	0.3515387297390119	0.23106133566744042
['GATAA', 'TGAGTCA']	2	++	6	0	0.5751286446028507	0.36302618191640507	1.9246125221252441	1000	0.41752864485772245	0.3085237834685818
['GATAA', 'TGAGTCA']	2	++	6	1	0.551381753124004	0.3320256211677804	2.0813868045806885	1000	0.38468726780558765	0.2793639530321417
['GATAA', 'TGAGTCA']	2	++	6	2	0.5109782559177688	0.31186084883459825	1.9419047832489014	1000	0.35374298837945783	0.2699787092897387
['GATAA', 'TGAGTCA']	2	++	6	3	0.5839832573738478	0.3655713961621865	1.8758612871170044	1000	0.4241798159058653	0.3069629979163391
['GATAA', 'TGAGTCA']	2	++	6	4	0.537017031197676	0.3060095046021243	2.078455924987793	1000	0.3662482338846571	0.2457708183152542
['GATAA', 'TGAGTCA']	2	++	7	0	0.46908246524999697	0.25697998106572	1.851106882095337	1000	0.31148242250920605	0.20247753962223397
['GATAA', 'TGAGTCA']	2	++	7	1	0.5320016301375521	0.31264554117699117	2.067953109741211	1000	0.3653071878147985	0.2599838730413525
['GATAA', 'TGAGTCA']	2	++	7	2	0.46549972266722295	0.2663823370818838	1.9103813171386719	1000	0.308264455128912	0.22450017603919292
['GATAA', 'TGAGTCA']	2	++	7	3	0.4799411918514984	0.2615293306398371	1.8037447929382324	1000	0.32013772888568454	0.20292093239398964
['GATAA', 'TGAGTCA']	2	++	7	4	0.4952802814862896	0.2642727333929065	2.0495259761810303	1000	0.32451146267543934	0.20403404710603645
['GATAA', 'TGAGTCA']	2	++	8	0	0.49489890995800134	0.2827964687693871	1.8690016269683838	1000	0.3372989102128731	0.22829402732590104
['GATAA', 'TGAGTCA']	2	++	8	1	0.5202285577727385	0.30087240431868356	2.059792995452881	1000	0.3535340724543222	0.2482107361830449
['GATAA', 'TGAGTCA']	2	++	8	2	0.4682182954250741	0.2691009313375663	1.912265658378601	1000	0.3109830708824259	0.22721879179270676
['GATAA', 'TGAGTCA']	2	++	8	3	0.5206002552769158	0.30218839406525444	1.8319275379180908	1000	0.3607968138089332	0.24357999581940698
['GATAA', 'TGAGTCA']	2	++	8	4	0.530435298144819	0.2994277715492673	2.0738935470581055	1000	0.3596664578361374	0.23918904226673454
['GATAA', 'TGAGTCA']	2	++	9	0	0.5161796992104636	0.30407721502618656	1.8837523460388184	1000	0.3585796564696726	0.24957477358270055
['GATAA', 'TGAGTCA']	2	++	9	1	0.49024230770323995	0.270886154249185	2.0390079021453857	1000	0.3235478008869923	0.21822446461571496
['GATAA', 'TGAGTCA']	2	++	9	2	0.446998731996319	0.2478813464109799	1.8975574970245361	1000	0.28976348595583945	0.20599920686612036
['GATAA', 'TGAGTCA']	2	++	9	3	0.5288891311178997	0.31047726990623836	1.8376728296279907	1000	0.3690856466542544	0.25186885016255955
['GATAA', 'TGAGTCA']	2	++	9	4	0.4455902370814153	0.21458271048586364	2.0150833129882812	1000	0.27482141827056505	0.1543440027011622
['GATAA', 'TGAGTCA']	2	+-	0	0	0.5626822171642465	0.3505797759756323	1.915985345840454	1000	0.40508221741911826	0.2960773560299776
['GATAA', 'TGAGTCA']	2	+-	0	1	0.44921950097124774	0.22986336901502416	2.010573148727417	1000	0.28252503715066285	0.1772017008793855
['GATAA', 'TGAGTCA']	2	+-	0	2	0.4578668746479552	0.2587494890626161	1.9050906896591187	1000	0.30063165010530696	0.21686732801992517
['GATAA', 'TGAGTCA']	2	+-	0	3	0.5537004232229363	0.335288562011275	1.8548707962036133	1000	0.3938969387592911	0.27668018526325894
['GATAA', 'TGAGTCA']	2	+-	0	4	0.461610721978925	0.23060319538337326	2.0261878967285156	1000	0.29084188167024333	0.17036448759867184
['GATAA', 'TGAGTCA']	2	+-	1	0	0.3142675310551097	0.10216506836866407	1.7437974214553833	1000	0.15666749906323443	0.04766263767409373
['GATAA', 'TGAGTCA']	2	+-	1	1	0.3012810780927963	0.08192491388982567	1.9080299139022827	1000	0.13458659277438004	0.02926324037972917
['GATAA', 'TGAGTCA']	2	+-	1	2	0.3190855605255372	0.1199681641912824	1.8088947534561157	1000	0.16185030373614195	0.07808603002088069
['GATAA', 'TGAGTCA']	2	+-	1	3	0.3124617562167129	0.0940498842561359	1.6876568794250488	1000	0.15265828250198335	0.035441483323059554
['GATAA', 'TGAGTCA']	2	+-	1	4	0.3111061674647809	0.08009865699260271	1.9218661785125732	1000	0.1403373594028463	0.01985994920790128
['GATAA', 'TGAGTCA']	2	+-	2	0	0.31474910397535694	0.1026466412889113	1.7441312074661255	1000	0.15714908273239733	0.048144205219883114
['GATAA', 'TGAGTCA']	2	+-	2	1	0.3530207472371595	0.13366461528093587	1.9438930749893188	1000	0.18632630491440588	0.08100294177083936
['GATAA', 'TGAGTCA']	2	+-	2	2	0.31019515386532925	0.11107772528432741	1.8027324676513672	1000	0.15295988632701832	0.0691955911139257
['GATAA', 'TGAGTCA']	2	+-	2	3	0.3281377813623757	0.10972590940179869	1.6985225677490234	1000	0.1683343183965618	0.05111751115595126
['GATAA', 'TGAGTCA']	2	+-	2	4	0.3738412679202501	0.14283374132469837	1.965350866317749	1000	0.20307244910939978	0.08259503891445477
['GATAA', 'TGAGTCA']	2	+-	3	0	0.4749920041119567	0.2628895629233424	1.8552031517028809	1000	0.31739198286899706	0.20838714297768773
['GATAA', 'TGAGTCA']	2	+-	3	1	0.4396568356266484	0.22030074666608757	2.0039448738098145	1000	0.2729623933038949	0.16763905703261756
['GATAA', 'TGAGTCA']	2	+-	3	2	0.45614188865980126	0.257024438580968	1.9038950204849243	1000	0.29890659962365895	0.2151422990361085
['GATAA', 'TGAGTCA']	2	+-	3	3	0.46265173296459755	0.2442398287572735	1.7917604446411133	1000	0.3028482270031209	0.1856314090135947
['GATAA', 'TGAGTCA']	2	+-	3	4	0.46693143523999314	0.23592393014227275	2.0298759937286377	1000	0.29616263792697417	0.175685233106487
['GATAA', 'TGAGTCA']	2	+-	4	0	0.4801102507972966	0.26800783110651366	1.8587507009506226	1000	0.3225102725499997	0.213505411160859
['GATAA', 'TGAGTCA']	2	+-	4	1	0.5644117606926483	0.34505562873642476	2.0904181003570557	1000	0.39771731836989477	0.29239393910295475
['GATAA', 'TGAGTCA']	2	+-	4	2	0.4884879126817884	0.28937050559861793	1.9263155460357666	1000	0.3312526666413088	0.24748836605375837
['GATAA', 'TGAGTCA']	2	+-	4	3	0.4719816627869168	0.25356986606874954	1.7982276678085327	1000	0.3121782428167656	0.19496144632507073
['GATAA', 'TGAGTCA']	2	+-	4	4	0.49573048907058576	0.26472298397286537	2.049837827682495	1000	0.3249616917575668	0.20448427618816395
['GATAA', 'TGAGTCA']	2	+-	5	0	0.5209627087136092	0.3088602460271635	1.8870676755905151	1000	0.3633626659728182	0.2543578260815088
['GATAA', 'TGAGTCA']	2	+-	5	1	0.5373278038477851	0.31797169338939285	2.0716452598571777	1000	0.37063336152503157	0.2653100252537542
['GATAA', 'TGAGTCA']	2	+-	5	2	0.43368267428362706	0.23456526720045656	1.8883273601531982	1000	0.2764474067453161	0.19268310615776565
['GATAA', 'TGAGTCA']	2	+-	5	3	0.5015045056036656	0.28309260139634146	1.8186911344528198	1000	0.3417009996421889	0.2244842246483254
['GATAA', 'TGAGTCA']	2	+-	5	4	0.5080648268164901	0.27705732171876973	2.0583877563476562	1000	0.3372960510013025	0.21681863543189964
['GATAA', 'TGAGTCA']	2	+-	6	0	0.5265539076888217	0.31445148799803885	1.890943169593811	1000	0.36895395093935623	0.2599490465545528
['GATAA', 'TGAGTCA']	2	+-	6	1	0.5216609582761121	0.3023048048220572	2.0607855319976807	1000	0.3549664944555272	0.24964315818424987
['GATAA', 'TGAGTCA']	2	+-	6	2	0.5015489201232508	0.30243155603574307	1.9353687763214111	1000	0.3443136955806026	0.26054941649088353
['GATAA', 'TGAGTCA']	2	+-	6	3	0.5490485074954109	0.33063666778158096	1.8516463041305542	1000	0.3892451090230911	0.2720282265400708
['GATAA', 'TGAGTCA']	2	+-	6	4	0.5313673151255073	0.3003597885299556	2.0745396614074707	1000	0.36059853931031977	0.24012110224308553
['GATAA', 'TGAGTCA']	2	+-	7	0	0.447201542537349	0.23509914434439744	1.8359403610229492	1000	0.2896015642900521	0.18059668140308005
['GATAA', 'TGAGTCA']	2	+-	7	1	0.5256183220681281	0.3062621901119045	2.0635287761688232	1000	0.3589238367497118	0.2536005219762658
['GATAA', 'TGAGTCA']	2	+-	7	2	0.4742243595498305	0.27510695246666	1.9164286851882935	1000	0.3169890920115196	0.23322479142396912
['GATAA', 'TGAGTCA']	2	+-	7	3	0.4810351734936368	0.2626232692863127	1.8045029640197754	1000	0.32123166753216015	0.2040148495426339
['GATAA', 'TGAGTCA']	2	+-	7	4	0.5005414027588337	0.2695338546654507	2.0531725883483887	1000	0.32977256245015213	0.20929516837858064
['GATAA', 'TGAGTCA']	2	+-	8	0	0.4881340153819755	0.2760316171890239	1.8643125295639038	1000	0.3305340371346786	0.22152915424770653
['GATAA', 'TGAGTCA']	2	+-	8	1	0.49929620537092434	0.27994007341470073	2.045283555984497	1000	0.3326017630481708	0.22727842677689344
['GATAA', 'TGAGTCA']	2	+-	8	2	0.46560781376329025	0.266490363684457	1.9104562997817993	1000	0.3083725032293166	0.22460824563742884
['GATAA', 'TGAGTCA']	2	+-	8	3	0.4979627808831223	0.27955089817362955	1.8162363767623901	1000	0.338159296419477	0.2209424784299508
['GATAA', 'TGAGTCA']	2	+-	8	4	0.5138727669274525	0.28286521883406945	2.062413215637207	1000	0.3431039481166023	0.2226265325471994
['GATAA', 'TGAGTCA']	2	+-	9	0	0.5108391649488835	0.2987367667559319	1.880050539970398	1000	0.35323920819941795	0.2442343253124459
['GATAA', 'TGAGTCA']	2	+-	9	1	0.481510017592669	0.2621539071342767	2.0329551696777344	1000	0.3148155752699154	0.20949223899863806
['GATAA', 'TGAGTCA']	2	+-	9	2	0.4436519926061915	0.2445345425273583	1.895237684249878	1000	0.2864166605743865	0.20265240298249873
['GATAA', 'TGAGTCA']	2	+-	9	3	0.5301139915573446	0.31170215184351463	1.838521957397461	1000	0.37031050709369934	0.2530937320998358
['GATAA', 'TGAGTCA']	2	+-	9	4	0.430740266105678	0.19973273951012627	2.0047903060913086	1000	0.25997146879265903	0.1394940532232562
['GATAA', 'TGAGTCA']	2	-+	0	0	0.51937522285482	0.3072728246618684	1.8859672546386719	1000	0.36177522310969173	0.2527703832183824
['GATAA', 'TGAGTCA']	2	-+	0	1	0.4351563936188705	0.21580024016481553	2.0008254051208496	1000	0.26846192979828554	0.1631385935270082
['GATAA', 'TGAGTCA']	2	-+	0	2	0.3254235511664589	0.12630616558111973	1.8132879734039307	1000	0.1681883051259793	0.08442401528734451
['GATAA', 'TGAGTCA']	2	-+	0	3	0.4581570953712862	0.23974525565745622	1.7886451482772827	1000	0.2983536324054723	0.18113683591377744
['GATAA', 'TGAGTCA']	2	-+	0	4	0.49379761905320135	0.26279007095981827	2.0484981536865234	1000	0.323028735748857	0.2025513846729482
['GATAA', 'TGAGTCA']	2	-+	1	0	0.4261322489497853	0.2140298292590024	1.8213361501693726	1000	0.26853224920465707	0.1595273878155164
['GATAA', 'TGAGTCA']	2	-+	1	1	0.2974016654372839	0.07804552273214466	1.9053410291671753	1000	0.13070719086778332	0.025383854596505995
['GATAA', 'TGAGTCA']	2	-+	1	2	0.36405842178688363	0.16494102545262884	1.8400676250457764	1000	0.2068231542485727	0.1230588859077693
['GATAA', 'TGAGTCA']	2	-+	1	3	0.29105756941225663	0.07264570282613747	1.6728206872940063	1000	0.13125409569752705	0.014037295174988813
['GATAA', 'TGAGTCA']	2	-+	1	4	0.3779806753482043	0.14697317025048395	1.9682201147079468	1000	0.20721187803518537	0.08673447858915603
['GATAA', 'TGAGTCA']	2	-+	2	0	0.4682173065248316	0.25611486533621736	1.850507378578186	1000	0.31061728528187205	0.20161242389273132
['GATAA', 'TGAGTCA']	2	-+	2	1	0.46531965683176957	0.24596350337771464	2.021732807159424	1000	0.2986251715133533	0.19330185673990732
['GATAA', 'TGAGTCA']	2	-+	2	2	0.4679005144819423	0.2687831073987718	1.9120454788208008	1000	0.31066522544580005	0.22690098935174366
['GATAA', 'TGAGTCA']	2	-+	2	3	0.4955482734519966	0.2771363907425039	1.8145627975463867	1000	0.3357447889883513	0.21852799249665644
['GATAA', 'TGAGTCA']	2	-+	2	4	0.4993930316033601	0.26838548350997704	2.0523769855499268	1000	0.3286242127925098	0.20814679722310694
['GATAA', 'TGAGTCA']	2	-+	3	0	0.40052583805414715	0.18842337536770154	1.8035871982574463	1000	0.24292581681118758	0.13392093392421553
['GATAA', 'TGAGTCA']	2	-+	3	1	0.4393796425891203	0.2200235106328967	2.0037527084350586	1000	0.2726852217641981	0.16736185324617373
['GATAA', 'TGAGTCA']	2	-+	3	2	0.3758638698857221	0.17674649504929868	1.8482505083084106	1000	0.2186286453430739	0.13486435550443915
['GATAA', 'TGAGTCA']	2	-+	3	3	0.3861298152853622	0.16771797557153223	1.7387197017669678	1000	0.226326395315211	0.10910957732568478
['GATAA', 'TGAGTCA']	2	-+	3	4	0.41840674527736527	0.18739926167747623	1.9962412118911743	1000	0.24763792646651495	0.12716054314385913
['GATAA', 'TGAGTCA']	2	-+	4	0	0.49264469035747976	0.2805422491688655	1.8674389123916626	1000	0.33504464761668884	0.2260398077253795
['GATAA', 'TGAGTCA']	2	-+	4	1	0.5014246626580025	0.28206855219961025	2.0467591285705566	1000	0.33473024183308026	0.2294068625661402
['GATAA', 'TGAGTCA']	2	-+	4	2	0.49941771111375893	0.3003003255284198	1.9338916540145874	1000	0.3421824650732793	0.25841816448572885
['GATAA', 'TGAGTCA']	2	-+	4	3	0.5822611090994331	0.36384920489210903	1.8746675252914429	1000	0.42245762463578784	0.30524084964192433
['GATAA', 'TGAGTCA']	2	-+	4	4	0.45923306183074664	0.22822557823085765	2.0245399475097656	1000	0.28846424301989637	0.16798685969724053
['GATAA', 'TGAGTCA']	2	-+	5	0	0.4247620201746986	0.21265962198174707	1.820386528968811	1000	0.2671620634252331	0.15815718053826103
['GATAA', 'TGAGTCA']	2	-+	5	1	0.47121401822479064	0.2518578647707357	2.0258185863494873	1000	0.3045195544042057	0.19919619663509702
['GATAA', 'TGAGTCA']	2	-+	5	2	0.40663031925085985	0.207512890669858	1.8695762157440186	1000	0.24939503021471754	0.16563074037608277
['GATAA', 'TGAGTCA']	2	-+	5	3	0.3555480537894198	0.13713616033101142	1.7175220251083374	1000	0.19574454782794318	0.07852776208516397
['GATAA', 'TGAGTCA']	2	-+	5	4	0.4673815138373011	0.236373965743918	2.0301880836486816	1000	0.2966126950264508	0.17613529020596363
['GATAA', 'TGAGTCA']	2	-+	6	0	0.3329973446429866	0.12089492495220368	1.7567799091339111	1000	0.17539735564677403	0.06639248888317549
['GATAA', 'TGAGTCA']	2	-+	6	1	0.3491405606597182	0.12978443945241028	1.9412035942077637	1000	0.18244609683913326	0.07712276594231378
['GATAA', 'TGAGTCA']	2	-+	6	2	0.32825414912351575	0.12913676353817663	1.815250039100647	1000	0.1710189030830362	0.08725461861885925
['GATAA', 'TGAGTCA']	2	-+	6	3	0.3055569322563788	0.08714506567025963	1.682870864868164	1000	0.14575348003948058	0.02853666473718328
['GATAA', 'TGAGTCA']	2	-+	6	4	0.3826559377205843	0.15164843262286395	1.9714607000350952	1000	0.21188716190539675	0.0914097463359939
['GATAA', 'TGAGTCA']	2	-+	7	0	0.451974964007709	0.23987252281909469	1.8392490148544312	1000	0.29437494276474935	0.18537008137560868
['GATAA', 'TGAGTCA']	2	-+	7	1	0.4183803889361205	0.19902423548206558	1.989197015762329	1000	0.2516859251155356	0.1463625780953426
['GATAA', 'TGAGTCA']	2	-+	7	2	0.4026967750559884	0.20357938947064927	1.8668497800827026	1000	0.24546155051334018	0.1616972606747054
['GATAA', 'TGAGTCA']	2	-+	7	3	0.450515390245499	0.23210350753600634	1.7833484411239624	1000	0.29071192727968515	0.17349513078799025
['GATAA', 'TGAGTCA']	2	-+	7	4	0.42428511228385607	0.19327756419047296	2.0003159046173096	1000	0.2535162719751744	0.1330388779036029
['GATAA', 'TGAGTCA']	2	-+	8	0	0.42783956372056314	0.21573714402978023	1.8225195407867432	1000	0.2702395639754349	0.1612347133352099
['GATAA', 'TGAGTCA']	2	-+	8	1	0.44365766803366996	0.22430153607744638	2.0067179203033447	1000	0.276963204213085	0.1716398786907234
['GATAA', 'TGAGTCA']	2	-+	8	2	0.41381162682028727	0.2146942197371168	1.874553918838501	1000	0.25657635928197636	0.17281210169008862
['GATAA', 'TGAGTCA']	2	-+	8	3	0.39858634670470455	0.18017442099954914	1.7473539113998413	1000	0.23878281924539657	0.1215660335026174
['GATAA', 'TGAGTCA']	2	-+	8	4	0.38705435102073793	0.15604684592301757	1.9745094776153564	1000	0.216285553707719	0.09580813813831615
['GATAA', 'TGAGTCA']	2	-+	9	0	0.41118411887606804	0.1990816561896224	1.8109748363494873	1000	0.25358407613527706	0.14457921474613636
['GATAA', 'TGAGTCA']	2	-+	9	1	0.45292804886312793	0.23357191690690435	2.013143539428711	1000	0.28623358504254304	0.18091024877126569
['GATAA', 'TGAGTCA']	2	-+	9	2	0.3893943469683773	0.19027698288086953	1.8576291799545288	1000	0.2321591224257291	0.14839484333601
['GATAA', 'TGAGTCA']	2	-+	9	3	0.4000106640234876	0.18159882430965765	1.7483412027359009	1000	0.24020724405333643	0.1229904368127259
['GATAA', 'TGAGTCA']	2	-+	9	4	0.41279710116284757	0.1817895960651272	1.9923529624938965	1000	0.24202832534766	0.12155089902934146
['GATAA', 'TGAGTCA']	2	--	0	0	0.477382519963287	0.26528012177033544	1.8568601608276367	1000	0.31978254171599013	0.21077765882901806
['GATAA', 'TGAGTCA']	2	--	0	1	0.44198191207932547	0.22262578012310189	2.005556106567383	1000	0.2752874482587406	0.1699641227363789
['GATAA', 'TGAGTCA']	2	--	0	2	0.3475950170699082	0.14847760998673773	1.8286559581756592	1000	0.19035974953159726	0.10659547044187817
['GATAA', 'TGAGTCA']	2	--	0	3	0.4433059205169928	0.22489401630966874	1.7783511877059937	1000	0.2835024360533475	0.16628563956165268
['GATAA', 'TGAGTCA']	2	--	0	4	0.47279320592067564	0.24178565782729258	2.0339391231536865	1000	0.3020243441141626	0.18154695004259117
['GATAA', 'TGAGTCA']	2	--	1	0	0.36553024931296757	0.15342784037110033	1.7793301343917847	1000	0.2079302710656707	0.09892539892761432
['GATAA', 'TGAGTCA']	2	--	1	1	0.2649828927539818	0.04562678229558955	1.8828699588775635	1000	0.0982884611801439	-0.0070348831528201945
['GATAA', 'TGAGTCA']	2	--	1	2	0.3261678920793931	0.12705047424730692	1.8138039112091064	1000	0.16893262454108215	0.08516834007690523
['GATAA', 'TGAGTCA']	2	--	1	3	0.26425534164733805	0.04584344818892966	1.6542426347732544	1000	0.10445184643477709	-0.012764954087761156
['GATAA', 'TGAGTCA']	2	--	1	4	0.3588693827428823	0.127861877645162	1.9549731016159058	1000	0.18810056393203206	0.06762316986046056
['GATAA', 'TGAGTCA']	2	--	2	0	0.4559822457641378	0.2438797830776922	1.8420265913009644	1000	0.2983822030233469	0.1893773416342062
['GATAA', 'TGAGTCA']	2	--	2	1	0.41891147136198487	0.19955533940576128	1.989565134048462	1000	0.2522170290392313	0.14689366052120692
['GATAA', 'TGAGTCA']	2	--	2	2	0.4640191670216077	0.26490175993843723	1.9093550443649292	1000	0.3067838994832968	0.2230196203935777
['GATAA', 'TGAGTCA']	2	--	2	3	0.4856489090726706	0.2672370263631779	1.8077009916305542	1000	0.325845403111194	0.20862858512166776
['GATAA', 'TGAGTCA']	2	--	2	4	0.4719089571212645	0.24090140902788146	2.0333261489868164	1000	0.3011400953147515	0.18066270124318
['GATAA', 'TGAGTCA']	2	--	3	0	0.38542791109152835	0.17332548065182976	1.7931220531463623	1000	0.22782791134640012	0.11882303920834375
['GATAA', 'TGAGTCA']	2	--	3	1	0.4468893510303703	0.22753319757631532	2.008957862854004	1000	0.280194865711954	0.17487151869176099
['GATAA', 'TGAGTCA']	2	--	3	2	0.3232072752382839	0.12408987890402912	1.8117517232894897	1000	0.16597202919780435	0.08220773935916957
['GATAA', 'TGAGTCA']	2	--	3	3	0.3661796558026255	0.14776778384204853	1.7248913049697876	1000	0.20637619283681163	0.08915938559620108
['GATAA', 'TGAGTCA']	2	--	3	4	0.43738816948345444	0.20638068588356542	2.0093982219696045	1000	0.2666193506726041	0.1461419673499483
['GATAA', 'TGAGTCA']	2	--	4	0	0.5471691670781076	0.3350667258894933	1.905232548713684	1000	0.38956916733297936	0.2805643059438387
['GATAA', 'TGAGTCA']	2	--	4	1	0.4855916388499333	0.2662355498893724	2.0357844829559326	1000	0.31889719652717974	0.2135739032515651
['GATAA', 'TGAGTCA']	2	--	4	2	0.509218615425466	0.31010116534663273	1.9406849145889282	1000	0.35198330489149227	0.2682190258017732
['GATAA', 'TGAGTCA']	2	--	4	3	0.6407628136082515	0.42235090940092745	1.9152177572250366	1000	0.48095928614894357	0.3637425326529114
['GATAA', 'TGAGTCA']	2	--	4	4	0.46641131670812125	0.23540381161040091	2.029515266418457	1000	0.29564251939510233	0.17516511457461517
['GATAA', 'TGAGTCA']	2	--	5	0	0.4621817043797895	0.2500792846890066	1.8463237285614014	1000	0.3045817261324926	0.19557684324552058
['GATAA', 'TGAGTCA']	2	--	5	1	0.5613932071960298	0.3420370752398062	2.0883262157440186	1000	0.3946987648732762	0.28937540710416754
['GATAA', 'TGAGTCA']	2	--	5	2	0.46796169730998677	0.2688442902268163	1.9120879173278809	1000	0.3107264297716758	0.22696215068195674
['GATAA', 'TGAGTCA']	2	--	5	3	0.36090546384861577	0.14249358113912308	1.7212356328964233	1000	0.20110200088280186	0.08388517214435998
['GATAA', 'TGAGTCA']	2	--	5	4	0.50820684149044	0.27719935789055106	2.058485984802246	1000	0.3374380871730838	0.21696067160368096
['GATAA', 'TGAGTCA']	2	--	6	0	0.39178348695850074	0.17968102427205512	1.7975274324417114	1000	0.23418348721337248	0.12517860432640043
['GATAA', 'TGAGTCA']	2	--	6	1	0.4108530092774944	0.1914968773212708	1.9839794635772705	1000	0.24415856695474084	0.13883520918563214
['GATAA', 'TGAGTCA']	2	--	6	2	0.36965396332403055	0.17053656698977576	1.8439462184906006	1000	0.21241869578571962	0.1286544274449162
['GATAA', 'TGAGTCA']	2	--	6	3	0.3649237094990372	0.14651184828737582	1.7240207195281982	1000	0.20512024653322325	0.08790345541598622
['GATAA', 'TGAGTCA']	2	--	6	4	0.4196927025535292	0.18868521895364018	1.9971325397491455	1000	0.24892390524051025	0.1284464896711074
['GATAA', 'TGAGTCA']	2	--	7	0	0.42699349506964357	0.21489107537886065	1.8219331502914429	1000	0.26939353832017804	0.1603886339353746
['GATAA', 'TGAGTCA']	2	--	7	1	0.4236167877026032	0.20426065574637958	1.9928267002105713	1000	0.25692232388201824	0.15159898761074092
['GATAA', 'TGAGTCA']	2	--	7	2	0.40714837399092135	0.2080309884055822	1.8699352741241455	1000	0.24991312795044177	0.16614884886072268
['GATAA', 'TGAGTCA']	2	--	7	3	0.4102922168486935	0.1918803341392008	1.7554677724838257	1000	0.2504887323850482	0.13327194664226905
['GATAA', 'TGAGTCA']	2	--	7	4	0.4094151913206186	0.1784076539761512	1.99000883102417	1000	0.2386463725097683	0.11816895694036544
['GATAA', 'TGAGTCA']	2	--	8	0	0.39890270879096673	0.18680031059801513	1.8024619817733765	1000	0.24130275204150117	0.13229785840561345
['GATAA', 'TGAGTCA']	2	--	8	1	0.4331494420746269	0.21379335311406605	1.9994343519210815	1000	0.26645499975187337	0.1611316849784274
['GATAA', 'TGAGTCA']	2	--	8	2	0.3928044189696851	0.1936870118865146	1.8599926233291626	1000	0.23556915143137414	0.15180484009490802
['GATAA', 'TGAGTCA']	2	--	8	3	0.38403803329858055	0.1656261828358349	1.7372697591781616	1000	0.22423459183059802	0.10701778458998748
['GATAA', 'TGAGTCA']	2	--	8	4	0.38001940068719475	0.14901187409164304	1.9696333408355713	1000	0.20925062487200718	0.08877317705585729
['GATAA', 'TGAGTCA']	2	--	9	0	0.4253055283470878	0.21320304416281083	1.820763111114502	1000	0.2677054856062968	0.15870059197040912
['GATAA', 'TGAGTCA']	2	--	9	1	0.4643776648573313	0.24502155439893905	2.0210800170898438	1000	0.2976832225345777	0.19235988626330036
['GATAA', 'TGAGTCA']	2	--	9	2	0.38202562130517215	0.18290825721766435	1.8525216579437256	1000	0.2247903967625239	0.14102613917063617
['GATAA', 'TGAGTCA']	2	--	9	3	0.39136221545521227	0.17295031124788823	1.7423464059829712	1000	0.23155868799590432	0.11434189150420944
['GATAA', 'TGAGTCA']	2	--	9	4	0.40715357646610995	0.17614607136838958	1.9884411096572876	1000	0.23638480065092238	0.11590737433260384
['GATAA', 'TGAGTCA']	2	++	20	0	0.4667476717775462	0.25464527358459466	1.849488615989685	1000	0.30914769353024935	0.20014283214110865
['GATAA', 'TGAGTCA']	2	++	20	1	0.4821893490635771	0.2628331956095221	2.03342604637146	1000	0.3154948637451608	0.21017152747388346
['GATAA', 'TGAGTCA']	2	++	20	2	0.4395910522626934	0.2404736666773543	1.8924227952957153	1000	0.2823557847243825	0.19859152713249473
['GATAA', 'TGAGTCA']	2	++	20	3	0.4746056020911307	0.2561936978838066	1.800046443939209	1000	0.3148021176274854	0.19758529963795915
['GATAA', 'TGAGTCA']	2	++	20	4	0.5251745638332393	0.2941670372376876	2.070247173309326	1000	0.3544057235245577	0.23392832945298617
['GATAA', 'TGAGTCA']	2	++	21	0	0.45631331236704875	0.24421087117843449	1.8422560691833496	1000	0.2987132911240891	0.18970842973494845
['GATAA', 'TGAGTCA']	2	++	21	1	0.4584053953234694	0.2390492633672458	2.0169403553009033	1000	0.29171093150288446	0.1863875952316071
['GATAA', 'TGAGTCA']	2	++	21	2	0.41966578726866915	0.22054844467899273	1.8786115646362305	1000	0.2624305842238523	0.17866627288738615
['GATAA', 'TGAGTCA']	2	++	21	3	0.4739323760043282	0.2555204932948355	1.7995798587799072	1000	0.3141288915406829	0.19691209504898805
['GATAA', 'TGAGTCA']	2	++	21	4	0.48605900170365296	0.2550514966059326	2.0431342124938965	1000	0.31529020439063404	0.19481278882123118
['GATAA', 'TGAGTCA']	2	++	22	0	0.49306217824244924	0.28095971555600363	1.867728352546692	1000	0.3354621355016583	0.2264572741125176
['GATAA', 'TGAGTCA']	2	++	22	1	0.49669544072891425	0.27733930877269064	2.04348087310791	1000	0.33000095541049795	0.22467761913922063
['GATAA', 'TGAGTCA']	2	++	22	2	0.4701766188747862	0.27105927628510973	1.9136232137680054	1000	0.3129414158299693	0.2291771367402502
['GATAA', 'TGAGTCA']	2	++	22	3	0.49923949409180235	0.28082765437797236	1.8171213865280151	1000	0.33943605262381976	0.22221923463429355
['GATAA', 'TGAGTCA']	2	++	22	4	0.5395346852236567	0.30852718012593633	2.080200672149658	1000	0.36876588791063775	0.24828849383906623
['GATAA', 'TGAGTCA']	2	++	23	0	0.46499757632236627	0.2528951781294147	1.8482756614685059	1000	0.3073975980750694	0.19839275818376004
['GATAA', 'TGAGTCA']	2	++	23	1	0.4847502997219124	0.26539416776568886	2.035201072692871	1000	0.31805585739915887	0.21273249963005017
['GATAA', 'TGAGTCA']	2	++	23	2	0.45247023104653117	0.2533528884568547	1.9013501405715942	1000	0.29523502800171425	0.2114707489119952
['GATAA', 'TGAGTCA']	2	++	23	3	0.4875719760789558	0.2691600933694631	1.8090341091156006	1000	0.3277684916153106	0.21055167362578434
['GATAA', 'TGAGTCA']	2	++	23	4	0.5321755045975743	0.3011679565041913	2.0750997066497803	1000	0.36140666428889273	0.24092927021732122
['GATAA', 'TGAGTCA']	2	++	24	0	0.4904303707319584	0.2783279080455128	1.8659042119979858	1000	0.33283032799116746	0.22382546660202676
['GATAA', 'TGAGTCA']	2	++	24	1	0.5052289188950878	0.28587280843669555	2.04939603805542	1000	0.3385344765723342	0.23321111880322554
['GATAA', 'TGAGTCA']	2	++	24	2	0.4574867929895484	0.2583693859063779	1.9048272371292114	1000	0.30025152545123746	0.21648724636151837
['GATAA', 'TGAGTCA']	2	++	24	3	0.4929642341227829	0.27455237291112156	1.8127716779708862	1000	0.33316077115696896	0.21594399616310547
['GATAA', 'TGAGTCA']	2	++	24	4	0.5621998918199018	0.33119238672218143	2.0959110260009766	1000	0.39143105151122015	0.2709536574396486
['GATAA', 'TGAGTCA']	2	++	25	0	0.4770149930383932	0.2649125948454416	1.8566054105758667	1000	0.3194150147910963	0.21041017489978694
['GATAA', 'TGAGTCA']	2	++	25	1	0.486332282135874	0.266976128681819	2.036297559738159	1000	0.3196378398131204	0.2143144820440117
['GATAA', 'TGAGTCA']	2	++	25	2	0.43959027834076453	0.2404728927554254	1.8924223184585571	1000	0.28235503230028497	0.1985907317127345
['GATAA', 'TGAGTCA']	2	++	25	3	0.4970782741097349	0.27866639140024213	1.8156232833862305	1000	0.3372748326417523	0.22005799315439473
['GATAA', 'TGAGTCA']	2	++	25	4	0.5100504525120266	0.2790429259164749	2.0597639083862305	1000	0.3392816337011763	0.21880419663394213
['GATAA', 'TGAGTCA']	2	++	26	0	0.4805112283477832	0.2684087656613376	1.8590288162231445	1000	0.322911228602655	0.2139063457156829
['GATAA', 'TGAGTCA']	2	++	26	1	0.4937085320400544	0.2743524000838308	2.041410446166992	1000	0.3270140682194695	0.2216907104503608
['GATAA', 'TGAGTCA']	2	++	26	2	0.47063985414488513	0.2715224255638833	1.9139442443847656	1000	0.31340456510874287	0.22964028601902375
['GATAA', 'TGAGTCA']	2	++	26	3	0.5027465643081968	0.284334681598704	1.8195523023605347	1000	0.34294307984455147	0.2257262833528566
['GATAA', 'TGAGTCA']	2	++	26	4	0.5391965243363976	0.3081890192386773	2.0799663066864014	1000	0.3684277270233787	0.2479503114539759
['GATAA', 'TGAGTCA']	2	++	27	0	0.470765702449654	0.2586632612610397	1.85227370262146	1000	0.31316570270452576	0.20416086281321644
['GATAA', 'TGAGTCA']	2	++	27	1	0.5128330028159988	0.29347691385543784	2.054666519165039	1000	0.3461385819910765	0.24081524571979918
['GATAA', 'TGAGTCA']	2	++	27	2	0.46032205597600995	0.2612046273950081	1.9067925214767456	1000	0.30308676693986764	0.21932248785014855
['GATAA', 'TGAGTCA']	2	++	27	3	0.4858405407413945	0.26742867952973315	1.8078339099884033	1000	0.3260370562777492	0.20882025978605437
['GATAA', 'TGAGTCA']	2	++	27	4	0.5073421557175646	0.2763345861263501	2.0578863620758057	1000	0.3365733154088829	0.21609589983948005
['GATAA', 'TGAGTCA']	2	++	28	0	0.5014983572238971	0.2893959160352829	1.8735759258270264	1000	0.34389835747876896	0.23489349608962823
['GATAA', 'TGAGTCA']	2	++	28	1	0.510651703859443	0.2912955719032194	2.053154706954956	1000	0.3439572400388581	0.23863390376758076
['GATAA', 'TGAGTCA']	2	++	28	2	0.4733083369556725	0.2741908868768393	1.9157938957214355	1000	0.3160730264216988	0.23230874733197973
['GATAA', 'TGAGTCA']	2	++	28	3	0.5163618288377273	0.2979499676260659	1.8289897441864014	1000	0.35655836587191336	0.23934154788238712
['GATAA', 'TGAGTCA']	2	++	28	4	0.56238193545584	0.33137440886028835	2.0960371494293213	1000	0.3916130951471584	0.27113570107558693
['GATAA', 'TGAGTCA']	2	++	29	0	0.48693817701486364	0.27483573582624937	1.8634836673736572	1000	0.3293381772697354	0.22033329438276336
['GATAA', 'TGAGTCA']	2	++	29	1	0.5012266246355339	0.281870471181479	2.046621561050415	1000	0.33453213931711767	0.22920878154800897
['GATAA', 'TGAGTCA']	2	++	29	2	0.4370472568737816	0.23792984979061113	1.8906596899032593	1000	0.27981201083330204	0.19604771024575157
['GATAA', 'TGAGTCA']	2	++	29	3	0.5045274876535438	0.28611560494405114	1.8207865953445435	1000	0.34472400318989854	0.2275072066982037
['GATAA', 'TGAGTCA']	2	++	29	4	0.5371592178542769	0.30615166976089375	2.078554153442383	1000	0.36639037754559517	0.24591298347402368
['GATAA', 'TGAGTCA']	2	+-	20	0	0.46628121183274357	0.25417879214196065	1.8491653203964233	1000	0.3086812335854467	0.199676372196306
['GATAA', 'TGAGTCA']	2	+-	20	1	0.4889191591788269	0.2695630487204347	2.038090705871582	1000	0.32222471685607335	0.21690138058479602
['GATAA', 'TGAGTCA']	2	+-	20	2	0.44851983255187516	0.24940242546870464	1.8986117839813232	1000	0.29128454351573285	0.2075202859238451
['GATAA', 'TGAGTCA']	2	+-	20	3	0.46987999179771056	0.2514681305860492	1.7967708110809326	1000	0.310076550329728	0.19285973234020176
['GATAA', 'TGAGTCA']	2	+-	20	4	0.5300722427688477	0.29906471617329594	2.073641777038574	1000	0.35930342395799736	0.23882602988642587
['GATAA', 'TGAGTCA']	2	+-	21	0	0.4606103418945187	0.24850785771024175	1.8452345132827759	1000	0.3030102991537278	0.19400541626675571
['GATAA', 'TGAGTCA']	2	+-	21	1	0.4649549246249523	0.24559881416656007	2.021480083465576	1000	0.29826046080436736	0.19293712453309003
['GATAA', 'TGAGTCA']	2	+-	21	2	0.418880299506516	0.21976289242334549	1.8780672550201416	1000	0.26164503196820504	0.17788076362740163
['GATAA', 'TGAGTCA']	2	+-	21	3	0.4776295300455887	0.259217647336096	1.80214262008667	1000	0.31782604558194344	0.20060924909024858
['GATAA', 'TGAGTCA']	2	+-	21	4	0.48643160211674724	0.25542411851685826	2.0433926582336426	1000	0.3156628263015597	0.1951854107321568
['GATAA', 'TGAGTCA']	2	+-	22	0	0.4919809233164748	0.2798784821278605	1.8669788837432861	1000	0.3343809235713465	0.22537604068437447
['GATAA', 'TGAGTCA']	2	+-	22	1	0.5070023609951223	0.28764618604323605	2.0506250858306885	1000	0.3403078971745374	0.23498453940542874
['GATAA', 'TGAGTCA']	2	+-	22	2	0.47715404101161574	0.2780366124306139	1.918459415435791	1000	0.31991877347330483	0.2361544943835857
['GATAA', 'TGAGTCA']	2	+-	22	3	0.505685317854815	0.2872734351453223	1.8215891122817993	1000	0.34588181189333833	0.22866503689947484
['GATAA', 'TGAGTCA']	2	+-	22	4	0.5419682397333654	0.31096077763130775	2.081887722015381	1000	0.37119948541600917	0.25072206984660633
['GATAA', 'TGAGTCA']	2	+-	23	0	0.4657871056768147	0.2536846429903691	1.8488227128982544	1000	0.3081870844338551	0.19918222304471442
['GATAA', 'TGAGTCA']	2	+-	23	1	0.4924338826231847	0.27307777216479245	2.040526866912842	1000	0.3257394403004311	0.22041608253132244
['GATAA', 'TGAGTCA']	2	+-	23	2	0.4538267012095488	0.2547092941263783	1.9022901058197021	1000	0.29659143367123786	0.2128271545815188
['GATAA', 'TGAGTCA']	2	+-	23	3	0.49560575865304746	0.2771938974413861	1.8146027326583862	1000	0.33580227418940223	0.2185854991955387
['GATAA', 'TGAGTCA']	2	+-	23	4	0.5340661528741719	0.3030586907721143	2.0764100551605225	1000	0.3632973985568157	0.24282000448524424
['GATAA', 'TGAGTCA']	2	+-	24	0	0.4883347621311951	0.2762323209425808	1.8644516468048096	1000	0.33073476238606686	0.22172987949909478
['GATAA', 'TGAGTCA']	2	+-	24	1	0.5100948240359492	0.29073869207972564	2.0527684688568115	1000	0.34340033871753295	0.23807700244625563
['GATAA', 'TGAGTCA']	2	+-	24	2	0.46253465577502273	0.26341722719402083	1.9083261489868164	1000	0.3052993667388804	0.2215350876491613
['GATAA', 'TGAGTCA']	2	+-	24	3	0.4914448533937354	0.27303294918641136	1.811718463897705	1000	0.33164136893009016	0.21442455094056392
['GATAA', 'TGAGTCA']	2	+-	24	4	0.563289659887094	0.3322821547893736	2.0966665744781494	1000	0.39252081957841234	0.27204346850250355
['GATAA', 'TGAGTCA']	2	+-	25	0	0.48297131118138753	0.2708688484949419	1.8607338666915894	1000	0.32537126844059655	0.21636642854928725
['GATAA', 'TGAGTCA']	2	+-	25	1	0.4862812032885677	0.2669250928301755	2.036262273788452	1000	0.3195867609658142	0.21426342469453682
['GATAA', 'TGAGTCA']	2	+-	25	2	0.44132308953953275	0.24220572545202498	1.8936235904693604	1000	0.28408786499688454	0.20032358590716545
['GATAA', 'TGAGTCA']	2	+-	25	3	0.5004829286575404	0.2820710674458791	1.8179831504821777	1000	0.3406794871895579	0.22346266920003166
['GATAA', 'TGAGTCA']	2	+-	25	4	0.5107251834470241	0.27971765685147243	2.0602314472198486	1000	0.3399563861340052	0.21947897056460236
['GATAA', 'TGAGTCA']	2	+-	26	0	0.472669292420729	0.26056682973428336	1.853593111038208	1000	0.3150692711777694	0.20606438829079735
['GATAA', 'TGAGTCA']	2	+-	26	1	0.4974012575280552	0.2780451255718316	2.0439701080322266	1000	0.3307067937074703	0.2253834789340243
['GATAA', 'TGAGTCA']	2	+-	26	2	0.4730894030411241	0.273972017455785	1.9156421422958374	1000	0.3158541784984759	0.23208987791092545
['GATAA', 'TGAGTCA']	2	+-	26	3	0.5002912969888166	0.28187943577715524	1.8178503513336182	1000	0.34048783402300264	0.22327103753130778
['GATAA', 'TGAGTCA']	2	+-	26	4	0.5385388626794982	0.3075313575817779	2.079510450363159	1000	0.3677700653664794	0.24729267129490787
['GATAA', 'TGAGTCA']	2	+-	27	0	0.47405190394667784	0.26194944126023223	1.8545515537261963	1000	0.31645186120588686	0.2074469998167462
['GATAA', 'TGAGTCA']	2	+-	27	1	0.5016837115258646	0.2823276225653037	2.046938419342041	1000	0.3349893121987737	0.22966597592749638
['GATAA', 'TGAGTCA']	2	+-	27	2	0.4527543893814192	0.2536370467917428	1.9015469551086426	1000	0.29551918633660235	0.21175490724688326
['GATAA', 'TGAGTCA']	2	+-	27	3	0.48513403601165006	0.2667222177956515	1.8073441982269287	1000	0.32533059454366753	0.2081137765541413
['GATAA', 'TGAGTCA']	2	+-	27	4	0.504880740018416	0.27387325641852706	2.056180715560913	1000	0.3341119857010598	0.21363457013165696
['GATAA', 'TGAGTCA']	2	+-	28	0	0.48946314030350596	0.27736067761706035	1.8652338981628418	1000	0.33186309756271504	0.22285825767140569
['GATAA', 'TGAGTCA']	2	+-	28	1	0.49859993360890625	0.2792437801548513	2.0448009967803955	1000	0.33190546978832136	0.226582133517044
['GATAA', 'TGAGTCA']	2	+-	28	2	0.47428244669015945	0.2751650181091576	1.9164690971374512	1000	0.31704715765401714	0.23328287856429802
['GATAA', 'TGAGTCA']	2	+-	28	3	0.5087555951336805	0.29034377691768193	1.823717474937439	1000	0.34895217516352933	0.23173535717400312
['GATAA', 'TGAGTCA']	2	+-	28	4	0.5575993559093216	0.3265918508116013	2.092722177505493	1000	0.38683051560064	0.26635316452473123
['GATAA', 'TGAGTCA']	2	+-	29	0	0.49004495761137484	0.27794249492492923	1.865636944770813	1000	0.3324449578662466	0.22344007497927457
['GATAA', 'TGAGTCA']	2	+-	29	1	0.5004989660397334	0.2811428340835098	2.0461173057556152	1000	0.3338045022191485	0.22848114445003978
['GATAA', 'TGAGTCA']	2	+-	29	2	0.4330140487327352	0.23389666314739604	1.8878639936447144	1000	0.2757788026922556	0.19201452360253649
['GATAA', 'TGAGTCA']	2	+-	29	3	0.5051384990163966	0.2867265948090726	1.8212101459503174	1000	0.34533499305492005	0.22811819656322518
['GATAA', 'TGAGTCA']	2	+-	29	4	0.5375653548842894	0.306557849786569	2.078835964202881	1000	0.36679655757127044	0.24631918499753028
['GATAA', 'TGAGTCA']	2	-+	20	0	0.46796100937938334	0.25585854669293767	1.8503296375274658	1000	0.3103609881364237	0.20135612674728304
['GATAA', 'TGAGTCA']	2	-+	20	1	0.5022663027556623	0.28291017079943875	2.047342300415039	1000	0.33557186043290876	0.23024850266380006
['GATAA', 'TGAGTCA']	2	-+	20	2	0.4599883236420107	0.2608708520653461	1.906561017036438	1000	0.30275299161020564	0.21898873401831792
['GATAA', 'TGAGTCA']	2	-+	20	3	0.48010827299681164	0.26169643328298164	1.8038605451583862	1000	0.3203048315288291	0.20308803503713424
['GATAA', 'TGAGTCA']	2	-+	20	4	0.5266265273631485	0.29561906526109094	2.071253776550293	1000	0.3558577300501296	0.2353803574763895
['GATAA', 'TGAGTCA']	2	-+	21	0	0.4739577434453304	0.26185532375454756	1.8544862270355225	1000	0.31635776519803355	0.20735290380889287
['GATAA', 'TGAGTCA']	2	-+	21	1	0.48988389585884184	0.27052776390261823	2.038759708404541	1000	0.3231894320382569	0.21786609576697957
['GATAA', 'TGAGTCA']	2	-+	21	2	0.4460800866667353	0.24696263658790213	1.8969206809997559	1000	0.2888448191284244	0.20508051854087395
['GATAA', 'TGAGTCA']	2	-+	21	3	0.47933280322407124	0.2609208990167472	1.8033230304718018	1000	0.3195292972625946	0.2023124792730684
['GATAA', 'TGAGTCA']	2	-+	21	4	0.5059920489126288	0.2749845008192457	2.056950569152832	1000	0.3352232301017785	0.214745836030207
['GATAA', 'TGAGTCA']	2	-+	22	0	0.46357622570431056	0.2514738060135277	1.847290277481079	1000	0.3059762474570137	0.19697136457004166
['GATAA', 'TGAGTCA']	2	-+	22	1	0.45953433243939557	0.24017822198100333	2.0177228450775146	1000	0.292839890116642	0.18751653234753332
['GATAA', 'TGAGTCA']	2	-+	22	2	0.4557479194023373	0.2566305123191668	1.9036219120025635	1000	0.2985126518640263	0.21474835127647587
['GATAA', 'TGAGTCA']	2	-+	22	3	0.47242567899578186	0.25401383928195187	1.7985353469848633	1000	0.3126222160299679	0.19540541953827306
['GATAA', 'TGAGTCA']	2	-+	22	4	0.5191512584477339	0.28814377484784487	2.0660719871520996	1000	0.34838250413037763	0.2279050885609748
['GATAA', 'TGAGTCA']	2	-+	23	0	0.48749643269956433	0.27539399151095006	1.863870620727539	1000	0.3298964329544361	0.22089155006746403
['GATAA', 'TGAGTCA']	2	-+	23	1	0.5046452527737222	0.2852891208174985	2.0489912033081055	1000	0.3379507889531372	0.2326274526818599
['GATAA', 'TGAGTCA']	2	-+	23	2	0.4479897390262533	0.24887237493874548	1.8982443809509277	1000	0.29075449298577366	0.20699021389605457
['GATAA', 'TGAGTCA']	2	-+	23	3	0.5053853371160475	0.28697349740221756	1.8213813304901123	1000	0.34558189564806496	0.2283650991563701
['GATAA', 'TGAGTCA']	2	-+	23	4	0.5067932300916732	0.27578570349612147	2.0575060844421387	1000	0.33602443277865424	0.2155470172092514
['GATAA', 'TGAGTCA']	2	-+	24	0	0.46298494935064427	0.25088252965986135	1.8468804359436035	1000	0.305384949605516	0.19638008821637531
['GATAA', 'TGAGTCA']	2	-+	24	1	0.4879908398251322	0.26863472936673993	2.037447214126587	1000	0.32129641900021	0.21597303973326992
['GATAA', 'TGAGTCA']	2	-+	24	2	0.4566080046393022	0.2574905975561317	1.9042179584503174	1000	0.2993727371009912	0.21560845801127212
['GATAA', 'TGAGTCA']	2	-+	24	3	0.48848528994636276	0.27007340723687007	1.8096669912338257	1000	0.3286818269805489	0.21146500899102263
['GATAA', 'TGAGTCA']	2	-+	24	4	0.551559454198008	0.32055197059811896	2.0885355472564697	1000	0.38079065688498903	0.26031326281341755
['GATAA', 'TGAGTCA']	2	-+	25	0	0.47053933028545586	0.2584368890968416	1.8521167039871216	1000	0.3129393520381589	0.2039344691511869
['GATAA', 'TGAGTCA']	2	-+	25	1	0.4863690004318332	0.26701286847560957	2.036323308944702	1000	0.31967455810907963	0.21435120033997093
['GATAA', 'TGAGTCA']	2	-+	25	2	0.4383729851379576	0.23925553505912436	1.8915784358978271	1000	0.2811376746039839	0.19737341701209618
['GATAA', 'TGAGTCA']	2	-+	25	3	0.48865168316107255	0.27023984344724256	1.8097825050354004	1000	0.3288482201952586	0.21163142370356375
['GATAA', 'TGAGTCA']	2	-+	25	4	0.4898602482443482	0.25885272164879647	2.045768976211548	1000	0.3190914294334979	0.1986140353619264
['GATAA', 'TGAGTCA']	2	-+	26	0	0.4924701709625168	0.2803677082760711	1.8673181533813477	1000	0.33487014971955714	0.22586528833041647
['GATAA', 'TGAGTCA']	2	-+	26	1	0.5126789063608257	0.2933228174002648	2.0545597076416016	1000	0.34598448553590344	0.24066114926462612
['GATAA', 'TGAGTCA']	2	-+	26	2	0.4791170939842266	0.27999970839888744	1.9198203086853027	1000	0.32188184794374697	0.23811759035185925
['GATAA', 'TGAGTCA']	2	-+	26	3	0.5154475260700778	0.2970356218627538	1.8283559083938599	1000	0.35564402010860124	0.23842724511473773
['GATAA', 'TGAGTCA']	2	-+	26	4	0.5480774934486395	0.3170699668530878	2.0861220359802246	1000	0.3773086961356206	0.2568312590683864
['GATAA', 'TGAGTCA']	2	-+	27	0	0.507877623701026	0.2957751610145803	1.877997636795044	1000	0.35027760245806633	0.2412727410689256
['GATAA', 'TGAGTCA']	2	-+	27	1	0.5228659547193824	0.30350984426099015	2.0616209506988525	1000	0.3561715123966288	0.25084819762318283
['GATAA', 'TGAGTCA']	2	-+	27	2	0.47345852080553846	0.274341178215862	1.9158979654312134	1000	0.31622331776072155	0.23245903867100245
['GATAA', 'TGAGTCA']	2	-+	27	3	0.5163728787230452	0.2979610390092152	1.8289973735809326	1000	0.3565694157572313	0.2393526407633678
['GATAA', 'TGAGTCA']	2	-+	27	4	0.5301659303179052	0.29915840372235347	2.073706865310669	1000	0.35939713300488624	0.23891973893331475
['GATAA', 'TGAGTCA']	2	-+	28	0	0.48959861963672313	0.27749617844810887	1.8653275966644287	1000	0.3319986198915949	0.22299373700462286
['GATAA', 'TGAGTCA']	2	-+	28	1	0.5116725068836392	0.29231637492741563	2.0538623332977295	1000	0.34497806456088564	0.23965472828960832
['GATAA', 'TGAGTCA']	2	-+	28	2	0.4805087345993457	0.2813913275161752	1.920784831047058	1000	0.3232734885588661	0.23950920946914703
['GATAA', 'TGAGTCA']	2	-+	28	3	0.48942990465622677	0.271018021946734	1.8103218078613281	1000	0.32962639869475013	0.21240960220305524
['GATAA', 'TGAGTCA']	2	-+	28	4	0.5666160193330942	0.3356085142353739	2.0989720821380615	1000	0.39584722202007533	0.27536982794850384
['GATAA', 'TGAGTCA']	2	-+	29	0	0.48410377394165643	0.27200133275304217	1.8615190982818604	1000	0.3265037526986968	0.21749889130955613
['GATAA', 'TGAGTCA']	2	-+	29	1	0.5038844875176305	0.2845283125657442	2.048464059829712	1000	0.33718998070138284	0.2318666659279369
['GATAA', 'TGAGTCA']	2	-+	29	2	0.4632829522889268	0.2641655452057563	1.9088448286056519	1000	0.3060476632527845	0.2222833841630654
['GATAA', 'TGAGTCA']	2	-+	29	3	0.4990330289194415	0.2806211892056115	1.8169782161712646	1000	0.33922956595362763	0.22201276946193277
['GATAA', 'TGAGTCA']	2	-+	29	4	0.5301933615507178	0.29918583495516604	2.073726177215576	1000	0.35942456423769886	0.238947148668296
['GATAA', 'TGAGTCA']	2	--	20	0	0.47741820636334104	0.2653157866725581	1.8568848371505737	1000	0.31981820661821275	0.21081334522907208
['GATAA', 'TGAGTCA']	2	--	20	1	0.5093703901148524	0.2900142581586288	2.0522663593292236	1000	0.3426759477920988	0.23735261152082146
['GATAA', 'TGAGTCA']	2	--	20	2	0.4645821952248699	0.26546480963953073	1.9097453355789185	1000	0.30734694918439026	0.2235826700946712
['GATAA', 'TGAGTCA']	2	--	20	3	0.4849540991631849	0.26654221645369214	1.8072195053100586	1000	0.3251506146995396	0.20793379671001336
['GATAA', 'TGAGTCA']	2	--	20	4	0.5336957452398762	0.30268821864432444	2.076153516769409	1000	0.3629269049311945	0.24244951085962302
['GATAA', 'TGAGTCA']	2	--	21	0	0.4753527807178041	0.2632503180313585	1.8554531335830688	1000	0.31775275947484455	0.20874789808570382
['GATAA', 'TGAGTCA']	2	--	21	1	0.4968354776023793	0.2774793456461557	2.0435779094696045	1000	0.330140992283963	0.224817677510517
['GATAA', 'TGAGTCA']	2	--	21	2	0.45473795128514544	0.25562054420197494	1.9029219150543213	1000	0.2975026837468345	0.21373840465711538
['GATAA', 'TGAGTCA']	2	--	21	3	0.47935692379085476	0.2609450410813621	1.8033398389816284	1000	0.3195534608250408	0.20233662133768326
['GATAA', 'TGAGTCA']	2	--	21	4	0.507584522268293	0.2765770171705726	2.0580546855926514	1000	0.33681570345744266	0.21633830938587117
['GATAA', 'TGAGTCA']	2	--	22	0	0.4739732218839081	0.2618707591974625	1.854496955871582	1000	0.3163732006409485	0.2073683392518078
['GATAA', 'TGAGTCA']	2	--	22	1	0.46656184452328897	0.24720571256706536	2.0225939750671387	1000	0.299867380702704	0.1945440444314267
['GATAA', 'TGAGTCA']	2	--	22	2	0.45891730168376255	0.2597999160984234	1.9058188199996948	1000	0.30168205564328293	0.21791779805139522
['GATAA', 'TGAGTCA']	2	--	22	3	0.47543098982828397	0.2570191071187913	1.8006186485290527	1000	0.31562750536463874	0.19841073037077522
['GATAA', 'TGAGTCA']	2	--	22	4	0.5214411214526468	0.290433594857095	2.067659378051758	1000	0.35067230264179644	0.23019490857022495
['GATAA', 'TGAGTCA']	2	--	23	0	0.48023373434061606	0.26813127165417044	1.8588364124298096	1000	0.3226337130976565	0.21362885170851578
['GATAA', 'TGAGTCA']	2	--	23	1	0.5128803410406487	0.2935242090844251	2.054699420928955	1000	0.3461858557222324	0.24086254094878645
['GATAA', 'TGAGTCA']	2	--	23	2	0.4499066146571074	0.25078918607610556	1.8995729684829712	1000	0.2926713256209651	0.20890706802907735
['GATAA', 'TGAGTCA']	2	--	23	3	0.5065230883428304	0.2881112271311691	1.8221698999404907	1000	0.34671964687484785	0.22950285038315302
['GATAA', 'TGAGTCA']	2	--	23	4	0.5085121536913842	0.27750460559800116	2.058697462081909	1000	0.33774329188487123	0.21726587631546837
['GATAA', 'TGAGTCA']	2	--	24	0	0.46783877271028257	0.2557363315216683	1.8502448797225952	1000	0.31023877296515434	0.2012338900781823
['GATAA', 'TGAGTCA']	2	--	24	1	0.49141041386790013	0.2720542604138452	2.0398175716400146	1000	0.32471592854948383	0.2193925922782065
['GATAA', 'TGAGTCA']	2	--	24	2	0.45677005529207765	0.2576526697067385	1.9043304920196533	1000	0.2995348092515981	0.21577053016187897
['GATAA', 'TGAGTCA']	2	--	24	3	0.49079763968287593	0.27238575697338324	1.8112698793411255	1000	0.33099417671706205	0.2137773587275358
['GATAA', 'TGAGTCA']	2	--	24	4	0.5541729455561819	0.3231654404584616	2.0903475284576416	1000	0.3834042342344884	0.26292677566942285
['GATAA', 'TGAGTCA']	2	--	25	0	0.45813228687389923	0.24602982418745362	1.8435168266296387	1000	0.3005322441331083	0.19152738274396758
['GATAA', 'TGAGTCA']	2	--	25	1	0.4889505890082721	0.26959447854987983	2.0381126403808594	1000	0.3222561466855185	0.2169328104142412
['GATAA', 'TGAGTCA']	2	--	25	2	0.44133198964171494	0.24221458255854442	1.8936296701431274	1000	0.2840967650990667	0.20033246451151623
['GATAA', 'TGAGTCA']	2	--	25	3	0.4825463850467683	0.26413452383510694	1.8055505752563477	1000	0.3227429435787857	0.20552614708709083
['GATAA', 'TGAGTCA']	2	--	25	4	0.4835634904439709	0.25255596384841916	2.0414044857025146	1000	0.31279467163312064	0.19231725606371775
['GATAA', 'TGAGTCA']	2	--	26	0	0.49497815096438635	0.28287573127360344	1.8690564632415771	1000	0.3373781512192581	0.22837328983011743
['GATAA', 'TGAGTCA']	2	--	26	1	0.5151579932773503	0.2958018828189581	2.0562779903411865	1000	0.34846355095459675	0.24314021468331942
['GATAA', 'TGAGTCA']	2	--	26	2	0.4788850893882126	0.27976766080721077	1.9196593761444092	1000	0.32164980035207036	0.23788552126235124
['GATAA', 'TGAGTCA']	2	--	26	3	0.5127469684949046	0.2943350857854119	1.8264838457107544	1000	0.35294348403125936	0.23572666604173312
['GATAA', 'TGAGTCA']	2	--	26	4	0.5496558212312702	0.3186482731378872	2.087216377258301	1000	0.3788869809225886	0.2584095868510171
['GATAA', 'TGAGTCA']	2	--	27	0	0.4937080160921018	0.28160557490348753	1.868175983428955	1000	0.33610801634697357	0.22710315495783287
['GATAA', 'TGAGTCA']	2	--	27	1	0.5188761721976788	0.2995200617392866	2.0588555335998535	1000	0.3521817083770939	0.24685837210581654
['GATAA', 'TGAGTCA']	2	--	27	2	0.4693725139906771	0.270255128405338	1.9130656719207764	1000	0.31213726795019753	0.22837301035830979
['GATAA', 'TGAGTCA']	2	--	27	3	0.5079760407729822	0.2895641795613208	1.8231769800186157	1000	0.34817257780716826	0.23095578131547337
['GATAA', 'TGAGTCA']	2	--	27	4	0.5261465667802532	0.2951390831803642	2.070920944213867	1000	0.3553777909650656	0.23490039689349412
['GATAA', 'TGAGTCA']	2	--	28	0	0.487555766714112	0.2754533040276664	1.8639116287231445	1000	0.3299557454711524	0.2209508840820117
['GATAA', 'TGAGTCA']	2	--	28	1	0.5033083886329028	0.2839522566766792	2.0480644702911377	1000	0.3366139248123179	0.2312906100388719
['GATAA', 'TGAGTCA']	2	--	28	2	0.47477896060320035	0.27566155352002986	1.9168132543563843	1000	0.31754369306488944	0.23377941397517032
['GATAA', 'TGAGTCA']	2	--	28	3	0.48912411950299267	0.27071230128699403	1.8101098537445068	1000	0.32932067803501014	0.2121038600454839
['GATAA', 'TGAGTCA']	2	--	28	4	0.5628590583249962	0.3318514887337818	2.096367835998535	1000	0.39209026101197725	0.27161278094908037
['GATAA', 'TGAGTCA']	2	--	29	0	0.4766533565192914	0.26455089383284575	1.8563545942306519	1000	0.3190533352763318	0.2100484738871911
['GATAA', 'TGAGTCA']	2	--	29	1	0.4988070867118705	0.27945097625347826	2.0449445247650146	1000	0.332112644389117	0.22678930811783962
['GATAA', 'TGAGTCA']	2	--	29	2	0.46476230405598595	0.26564489697281546	1.9098702669143677	1000	0.307527036517675	0.2237627574279559
['GATAA', 'TGAGTCA']	2	--	29	3	0.4943010122722768	0.2758891725584468	1.8136982917785645	1000	0.3344975708042942	0.217280752814768
['GATAA', 'TGAGTCA']	2	--	29	4	0.5313624136199577	0.30035490852223734	2.074536085128784	1000	0.36059363780477016	0.2401162222353673
